cash,cost,daily_return,date,dividend_entitlement,drawdown,execution_basis_pnl,holdings,market_pnl,market_value,nav,opening_nav,receivable,stale_holdings,total_return
1000000.0,0.0,0.0,2019-01-02,0.0,0.0,0.0,0,0.0,0.0,1000000.0,1000000.0,0.0,0,0.0
1000000.0,0.0,0.0,2019-01-03,0.0,0.0,0.0,0,0.0,0.0,1000000.0,1000000.0,0.0,0,0.0
1000000.0,0.0,0.0,2019-01-04,0.0,0.0,0.0,0,0.0,0.0,1000000.0,1000000.0,0.0,0,0.0
1000000.0,0.0,0.0,2019-01-07,0.0,0.0,0.0,0,0.0,0.0,1000000.0,1000000.0,0.0,0,0.0
1000000.0,0.0,0.0,2019-01-08,0.0,0.0,0.0,0,0.0,0.0,1000000.0,1000000.0,0.0,0,0.0
1000000.0,0.0,0.0,2019-01-09,0.0,0.0,0.0,0,0.0,0.0,1000000.0,1000000.0,0.0,0,0.0
1000000.0,0.0,0.0,2019-01-10,0.0,0.0,0.0,0,0.0,0.0,1000000.0,1000000.0,0.0,0,0.0
1000000.0,0.0,0.0,2019-01-11,0.0,0.0,0.0,0,0.0,0.0,1000000.0,1000000.0,0.0,0,0.0
1000000.0,0.0,0.0,2019-01-14,0.0,0.0,0.0,0,0.0,0.0,1000000.0,1000000.0,0.0,0,0.0
1000000.0,0.0,0.0,2019-01-15,0.0,0.0,0.0,0,0.0,0.0,1000000.0,1000000.0,0.0,0,0.0
1000000.0,0.0,0.0,2019-01-16,0.0,0.0,0.0,0,0.0,0.0,1000000.0,1000000.0,0.0,0,0.0
1000000.0,0.0,0.0,2019-01-17,0.0,0.0,0.0,0,0.0,0.0,1000000.0,1000000.0,0.0,0,0.0
1000000.0,0.0,0.0,2019-01-18,0.0,0.0,0.0,0,0.0,0.0,1000000.0,1000000.0,0.0,0,0.0
1000000.0,0.0,0.0,2019-01-21,0.0,0.0,0.0,0,0.0,0.0,1000000.0,1000000.0,0.0,0,0.0
1000000.0,0.0,0.0,2019-01-22,0.0,0.0,0.0,0,0.0,0.0,1000000.0,1000000.0,0.0,0,0.0
1000000.0,0.0,0.0,2019-01-23,0.0,0.0,0.0,0,0.0,0.0,1000000.0,1000000.0,0.0,0,0.0
1000000.0,0.0,0.0,2019-01-24,0.0,0.0,0.0,0,0.0,0.0,1000000.0,1000000.0,0.0,0,0.0
1000000.0,0.0,0.0,2019-01-25,0.0,0.0,0.0,0,0.0,0.0,1000000.0,1000000.0,0.0,0,0.0
1000000.0,0.0,0.0,2019-01-28,0.0,0.0,0.0,0,0.0,0.0,1000000.0,1000000.0,0.0,0,0.0
1000000.0,0.0,0.0,2019-01-29,0.0,0.0,0.0,0,0.0,0.0,1000000.0,1000000.0,0.0,0,0.0
1000000.0,0.0,0.0,2019-01-30,0.0,0.0,0.0,0,0.0,0.0,1000000.0,1000000.0,0.0,0,0.0
1000000.0,0.0,0.0,2019-02-11,0.0,0.0,0.0,0,0.0,0.0,1000000.0,1000000.0,0.0,0,0.0
1000000.0,0.0,0.0,2019-02-12,0.0,0.0,0.0,0,0.0,0.0,1000000.0,1000000.0,0.0,0,0.0
1000000.0,0.0,0.0,2019-02-13,0.0,0.0,0.0,0,0.0,0.0,1000000.0,1000000.0,0.0,0,0.0
1000000.0,0.0,0.0,2019-02-14,0.0,0.0,0.0,0,0.0,0.0,1000000.0,1000000.0,0.0,0,0.0
1000000.0,0.0,0.0,2019-02-15,0.0,0.0,0.0,0,0.0,0.0,1000000.0,1000000.0,0.0,0,0.0
1000000.0,0.0,0.0,2019-02-18,0.0,0.0,0.0,0,0.0,0.0,1000000.0,1000000.0,0.0,0,0.0
1000000.0,0.0,0.0,2019-02-19,0.0,0.0,0.0,0,0.0,0.0,1000000.0,1000000.0,0.0,0,0.0
1000000.0,0.0,0.0,2019-02-20,0.0,0.0,0.0,0,0.0,0.0,1000000.0,1000000.0,0.0,0,0.0
1000000.0,0.0,0.0,2019-02-21,0.0,0.0,0.0,0,0.0,0.0,1000000.0,1000000.0,0.0,0,0.0
166986.5,5004.0,-0.0025583000000000133,2019-02-22,0.0,-0.0025583000000000133,2445.7000000000176,5,0.0,830455.2,997441.7,1000000.0,0.0,0,-0.0025583000000000133
166986.5,0.0,0.015518701494032339,2019-02-25,0.0,0.0,0.0,5,15479.000000000116,845934.2000000001,1012920.7000000001,997441.7,0.0,0,0.012920700000000007
166986.5,0.0,-0.02245249800897553,2019-02-26,0.0,-0.02245249800897553,0.0,5,-22742.600000000093,823191.6,990178.1,1012920.7000000001,0.0,0,-0.00982190000000005
166986.5,0.0,0.025904127752371053,2019-02-27,0.0,0.0,0.0,5,25649.70000000007,848841.3,1015827.8,990178.1,0.0,0,0.01582780000000006
166986.5,0.0,0.000897100866898759,2019-03-04,0.0,0.0,0.0,5,911.2999999999302,849752.6,1016739.1,1015827.8,0.0,0,0.016739099999999896
166986.5,0.0,-0.0282471678329278,2019-03-05,0.0,-0.0282471678329278,0.0,5,-28720.0,821032.6,988019.1,1016739.1,0.0,0,-0.011980900000000072
166986.5,0.0,0.00772555915163986,2019-03-06,0.0,-0.020739833847247535,0.0,5,7633.0,828665.6,995652.1,988019.1,0.0,0,-0.004347900000000071
166986.5,0.0,-0.006686170802030156,2019-03-07,0.0,-0.027287334577769218,0.0,5,-6657.099999999977,822008.5,988995.0,995652.1,0.0,0,-0.011005000000000043
166986.5,0.0,0.01949898634472369,2019-03-08,0.0,-0.008320423597361404,0.0,5,19284.400000000023,841292.9,1008279.4,988995.0,0.0,0,0.008279399999999937
166986.5,0.0,0.009582958850493206,2019-03-11,0.0,0.0,0.0,5,9662.29999999993,850955.2,1017941.7,1008279.4,0.0,0,0.01794169999999995
166986.5,0.0,0.014852717007270755,2019-03-12,0.0,0.0,0.0,5,15119.20000000007,866074.4,1033060.9,1017941.7,0.0,0,0.03306089999999995
166986.5,0.0,-0.0020633827105449587,2019-03-13,0.0,-0.0020633827105449587,0.0,5,-2131.5999999999767,863942.8,1030929.3,1033060.9,0.0,0,0.030929299999999937
166986.5,0.0,-0.01562687179421529,2019-03-14,0.0,-0.017658010287680104,0.0,5,-16110.20000000007,847832.6,1014819.1,1030929.3,0.0,0,0.014819099999999974
166986.5,0.0,-0.014502486206654952,2019-03-15,0.0,-0.03190441144370104,0.0,5,-14717.400000000023,833115.2,1000101.7,1014819.1,0.0,0,0.00010169999999987134
166986.5,0.0,-0.004046088512798196,2019-03-18,0.0,-0.03582141188384935,0.0,5,-4046.5,829068.7,996055.2,1000101.7,0.0,0,-0.003944800000000082
166986.5,0.0,-0.020173781533392887,2019-03-19,0.0,-0.055272540079679744,0.0,5,-20094.199999999953,808974.5,975961.0,996055.2,0.0,0,-0.024039000000000033
166986.5,0.0,0.011079131235776973,2019-03-20,0.0,-0.04480578056918039,0.0,5,10812.800000000047,819787.3,986773.8,975961.0,0.0,0,-0.013226199999999966
166986.5,0.0,0.002519827745730563,2019-03-21,0.0,-0.04239885567249713,0.0,5,2486.5,822273.8,989260.3,986773.8,0.0,0,-0.010739699999999908
166986.5,0.0,-0.004607988413160902,2019-03-22,0.0,-0.04681147064998792,0.0,5,-4558.500000000116,817715.2999999999,984701.7999999999,989260.3,0.0,0,-0.01529820000000004
166986.5,0.0,-0.01746406881758511,2019-03-25,0.0,-0.06345802072268925,0.0,5,-17196.899999999907,800518.4,967504.9,984701.7999999999,0.0,0,-0.0324951
567251.85,3663.0,0.006379657612070044,2019-03-26,0.0,-0.057483203555569684,1750.95,4,8084.399999999907,406425.4,973677.25,967504.9,0.0,0,-0.02632274999999995
436606.9,3972.0,-0.0023419464714821148,2019-03-27,0.0,-0.05969052744131542,3873.9499999999953,6,-2182.25,534790.05,971396.9500000001,973677.25,0.0,0,-0.028603049999999963
146320.5,1816.0,0.018362163891908256,2019-03-28,0.0,-0.042424410797078926,-4850.400000000021,7,24503.34999999986,842913.3999999999,989233.8999999999,971396.9500000001,0.0,0,-0.010766100000000112
146434.1,21.0,0.041600575960852204,2019-03-29,0.0,-0.0025887147601850735,-0.5999999999999943,6,41174.30000000016,883952.5,1030386.6,989233.8999999999,0.0,0,0.03038659999999993
349098.6,1863.0,0.018378053441300723,2019-04-01,0.0,0.0,-8541.999999999993,5,29341.5,700224.5,1049323.1,1030386.6,0.0,0,0.049323100000000064
213406.1,837.0,-0.0034594682991351267,2019-04-02,0.0,-0.0034594682991351267,620.9999999999945,5,-3414.100000000093,832286.8999999999,1045692.9999999999,1049323.1,0.0,0,0.045692999999999984
213406.1,0.0,0.021596539328464504,2019-04-03,0.0,0.0,0.0,5,22583.349999999977,854870.2499999999,1068276.3499999999,1045692.9999999999,0.0,0,0.06827634999999987
213406.1,0.0,0.00909128054739794,2019-04-08,0.0,0.0,0.0,5,9712.000000000116,864582.25,1077988.35,1068276.3499999999,0.0,0,0.07798835000000004
213406.1,0.0,-0.02467095307662648,2019-04-09,0.0,-0.02467095307662648,0.0,5,-26595.0,837987.25,1051393.35,1077988.35,0.0,0,0.051393350000000115
213406.1,0.0,0.004718643122481048,2019-04-10,0.0,-0.020068723377205444,0.0,5,4961.150000000023,842948.4,1056354.5,1051393.35,0.0,0,0.056354500000000085
213406.1,0.0,-0.015312946553453388,2019-04-11,0.0,-0.035074358642187664,0.0,5,-16175.900000000023,826772.5,1040178.6,1056354.5,0.0,0,0.04017859999999995
213406.1,0.0,-0.010085960237982139,2019-04-12,0.0,-0.04480656029353203,0.0,5,-10491.199999999953,816281.3,1029687.4,1040178.6,0.0,0,0.02968740000000003
213406.1,0.0,0.029826333700888386,2019-04-15,0.0,-0.01631664201194749,0.0,5,30711.800000000047,846993.1000000001,1060399.2000000002,1029687.4,0.0,0,0.06039920000000021
213406.1,0.0,0.019769064329735242,2019-04-16,0.0,0.0,0.0,5,20963.09999999986,867956.2,1081362.3,1060399.2000000002,0.0,0,0.08136230000000011
213406.1,0.0,-0.0001767215298703606,2019-04-17,0.0,-0.0001767215298703606,0.0,5,-191.09999999997672,867765.1,1081171.2,1081362.3,0.0,0,0.0811712
213406.1,0.0,-0.01730299512232636,2019-04-18,0.0,-0.017476658840427373,0.0,5,-18707.499999999884,849057.6000000001,1062463.7000000002,1081171.2,0.0,0,0.06246370000000012
213406.1,0.0,-0.007761818121409858,2019-04-19,0.0,-0.025102826314547855,0.0,5,-8246.650000000023,840810.9500000001,1054217.05,1062463.7000000002,0.0,0,0.0542170500000001
213406.1,0.0,-0.023405379376097102,2019-04-22,0.0,-0.04792066451734078,0.0,5,-24674.349999999977,816136.6000000001,1029542.7000000001,1054217.05,0.0,0,0.029542700000000144
213406.1,0.0,-0.03274342093824778,2019-04-23,0.0,-0.07909499896565664,0.0,5,-33710.75000000012,782425.85,995831.95,1029542.7000000001,0.0,0,-0.00416805000000009
213406.1,0.0,-0.004094817403679452,2019-04-24,0.0,-0.0828659367910275,0.0,5,-4077.75,778348.1,991754.2,995831.95,0.0,0,-0.00824580000000008
213406.1,0.0,-0.019949802077974588,2019-04-25,0.0,-0.10116257983101518,0.0,5,-19785.300000000047,758562.7999999999,971968.8999999999,991754.2,0.0,0,-0.028031100000000087
530603.2,2898.0,-0.009533021066826408,2019-04-26,0.0,-0.10973121589313795,1749.75,5,-8117.54999999993,432099.89999999997,962703.0999999999,971968.8999999999,0.0,0,-0.03729690000000019
474961.15,4402.0,-0.015450817598904432,2019-04-29,0.0,-0.12348659649037141,5594.849999999968,6,-16067.399999999965,472867.4,947828.55,962703.0999999999,0.0,0,-0.05217145000000001
288246.85,1194.0,-0.002791380360931406,2019-04-30,0.0,-0.12593327879102134,-779.3499999999915,8,-672.4000000000233,656935.95,945182.7999999999,947828.55,0.0,0,-0.05481720000000012
290438.85,77.0,-0.0036848956625108453,2019-05-02,0.0,-0.1291541234607495,-0.6999999999999673,8,-3405.1999999999534,651261.05,941699.9,945182.7999999999,0.0,0,-0.058300099999999966
291107.05,66.0,0.002049856859918986,2019-05-03,0.0,-0.12736901406679335,0.9000000000000341,7,1995.449999999837,652523.2,943630.25,941699.9,0.0,0,-0.056369749999999996
292422.85,51.0,-0.014212240440575119,2019-05-06,0.0,-0.1397710554547722,4.20000000000006,7,-13364.29999999993,637796.3,930219.15,943630.25,0.0,0,-0.06978085
427487.95,1274.0,0.003561633836499656,2019-05-07,0.0,-0.13670723493874348,-1293.4999999999825,7,5880.599999999977,506044.30000000005,933532.25,930219.15,0.0,0,-0.06646775000000005
281112.65,959.0,-3.406416864548678e-05,2019-05-08,0.0,-0.136736642289083,3511.0,8,-2583.8000000000466,652387.7999999999,933500.45,933532.25,0.0,0,-0.06649955000000007
283391.15,57.0,-0.01775130370853062,2019-05-09,0.0,-0.1520606923322554,9.5,8,-16523.349999999977,633538.45,916929.6,933500.45,0.0,0,-0.08307039999999999
283887.45,65.0,0.0016628866600010284,2019-05-10,0.0,-0.15065066536904415,0.0,6,1589.75,634566.9,918454.3500000001,916929.6,0.0,0,-0.08154564999999991
283887.45,0.0,-0.007560582624492995,2019-05-13,0.0,-0.15707224119057972,0.0,6,-6944.050000000047,627622.85,911510.3,918454.3500000001,0.0,0,-0.0884897
428592.9,1345.0,-0.004400498820474108,2019-05-14,0.0,-0.16078154379896537,-3499.9999999999964,6,833.9000000000233,478906.30000000005,907499.2000000001,911510.3,0.0,0,-0.09250079999999994
285522.3,893.0,-0.0021102497941597465,2019-05-15,0.0,-0.16255250437341873,798.7,7,-1820.75,620061.85,905584.1499999999,907499.2000000001,0.0,0,-0.09441585000000008
285894.3,43.0,-0.022713129420385614,2019-05-16,0.0,-0.18157355772436312,0.600000000000005,7,-20526.25,599121.2000000001,885015.5,905584.1499999999,0.0,0,-0.11498450000000005
407345.65,1154.0,-0.019515816389656382,2019-05-17,0.0,-0.19754581790025416,-1917.9499999999746,6,-14199.850000000093,460398.05000000005,867743.7000000001,885015.5,0.0,0,-0.13225629999999988
297574.95,720.0,-0.010524997185228924,2019-05-20,0.0,-0.20599164590812913,-1244.9,7,-7168.100000000035,561035.75,858610.7,867743.7000000001,0.0,0,-0.14138930000000005
424667.35,1203.0,0.01795167472289827,2019-05-21,0.0,-0.19173786620820799,-2298.9000000000115,7,18915.399999999907,449356.85,874024.2,858610.7,0.0,0,-0.12597580000000008
310927.25,751.0,-0.0007910536115589561,2019-05-22,0.0,-0.19237724488823038,3912.0499999999915,8,-3852.4499999999534,562405.55,873332.8,874024.2,0.0,0,-0.12666719999999998
311770.65,68.0,0.021104669376897256,2019-05-23,0.0,-0.17533263366033747,0.4499999999999531,8,18498.949999999953,579993.55,891764.2000000001,873332.8,0.0,0,-0.10823579999999988
312302.25,65.0,-0.0017174383093647716,2019-05-24,0.0,-0.17674894898777216,4.400000000000034,8,-1470.9500000000698,577930.4,890232.65,891764.2000000001,0.0,0,-0.10976734999999993
313091.25,67.0,0.0062155100691936305,2019-05-27,0.0,-0.1716320237907315,1.4999999999999858,8,5598.749999999884,582674.6499999999,895765.8999999999,890232.65,0.0,0,-0.10423410000000011
313367.65,63.0,-0.019457594891700847,2019-05-28,0.0,-0.1877500722930695,2.6500000000000057,7,-17369.09999999986,564968.8,878336.4500000001,895765.8999999999,0.0,0,-0.12166354999999995
313414.55,21.0,0.013990367814064708,2019-05-29,0.0,-0.17638639704750214,7.300000000000004,7,12301.949999999953,577210.15,890624.7,878336.4500000001,0.0,0,-0.10937530000000006
313460.15,21.0,0.004608282254018103,2019-05-30,0.0,-0.17259095309684824,3.799999999999997,6,4121.449999999953,581268.8,894728.9500000001,890624.7,0.0,0,-0.10527104999999992
313602.15,21.0,0.005423541956477429,2019-05-31,0.0,-0.1681034654158,1.999999999999993,5,4871.599999999977,585979.4,899581.55,894728.9500000001,0.0,0,-0.10041844999999994
313602.15,0.0,-0.010496324652278677,2019-06-03,0.0,-0.17683532151990133,0.0,5,-9442.300000000047,576537.1,890139.25,899581.55,0.0,0,-0.10986074999999995
313602.15,0.0,-0.004208892035712397,2019-06-04,0.0,-0.18029993277923595,0.0,5,-3746.5,572790.6,886392.75,890139.25,0.0,0,-0.11360725000000005
313602.15,0.0,0.003428277137871527,2019-06-05,0.0,-0.17748977377887132,0.0,5,3038.8000000000466,575829.4,889431.55,886392.75,0.0,0,-0.11056844999999993
426767.65,1037.0,0.011610449393210764,2019-06-06,0.0,-0.16794006042193266,-1000.0,5,12363.70000000007,472990.60000000003,899758.25,889431.55,0.0,0,-0.10024175000000002
277337.45,930.0,0.014378751181220117,2019-06-10,0.0,-0.15597607758287846,1264.2,6,12603.200000000012,635358.2000000001,912695.6500000001,899758.25,0.0,0,-0.08730434999999981
278362.45,28.0,-0.00511408156705917,2019-06-11,0.0,-0.1602924847666688,18.0,6,-4657.600000000093,629665.6,908028.05,912695.6500000001,0.0,0,-0.09197194999999991
279387.45,28.0,0.0044946849384222,2019-06-12,0.0,-0.1565182640452697,-9.0,6,4118.29999999993,632721.8999999999,912109.3499999999,908028.05,0.0,0,-0.08789065000000018
282202.45,41.0,0.012806578509473976,2019-06-13,0.0,-0.1457161489724581,0.0,6,11722.000000000116,641587.9,923790.3500000001,912109.3499999999,0.0,0,-0.0762096499999999
283363.45,29.0,0.0008563631347737743,2019-06-14,0.0,-0.14498457177580548,15.0,6,805.0999999999767,641218.0,924581.45,923790.3500000001,0.0,0,-0.07541855000000008
284392.95,28.0,0.004907517882821288,2019-06-17,0.0,-0.14078856827170705,0.0,6,4565.399999999907,644725.8999999999,929118.8499999999,924581.45,0.0,0,-0.07088115000000017
286405.45,36.0,-0.015065349282279428,2019-06-18,0.0,-0.15373288859802114,0.0,5,-13961.499999999884,628715.9,915121.3500000001,929118.8499999999,0.0,0,-0.08487864999999994
286405.45,0.0,0.010138655381605854,2019-06-19,0.0,-0.14515287799472953,0.0,5,9278.099999999977,637994.0,924399.45,915121.3500000001,0.0,0,-0.0756005500000001
403552.45,1075.0,-0.007188126301892472,2019-06-20,0.0,-0.15129762707651273,-752.0,5,-4817.699999999953,514202.30000000005,917754.75,924399.45,0.0,0,-0.08224525000000005
310532.65,591.0,0.004553939927851136,2019-06-21,0.0,-0.1474326874535944,-1524.800000000011,5,6295.199999999953,611401.5,921934.15,917754.75,0.0,0,-0.07806584999999999
310532.65,0.0,0.019488702094395682,2019-06-24,0.0,-0.13081725708395797,0.0,5,17967.29999999993,629368.7999999999,939901.45,921934.15,0.0,0,-0.060098550000000084
310532.65,0.0,0.005973179422161801,2019-06-25,0.0,-0.12562547260987367,0.0,5,5614.20000000007,634983.0,945515.65,939901.45,0.0,0,-0.05448434999999996
315982.65,61.0,0.00039354187315665534,2019-06-26,0.0,-0.12528136962052405,-33.0,5,466.0999999999767,629905.1,945887.75,945515.65,0.0,0,-0.05411224999999997
188192.45,822.0,-0.0023220514273495363,2019-06-27,0.0,-0.12731251126472598,4101.799999999995,6,-5476.199999999953,755498.9,943691.3500000001,945887.75,0.0,0,-0.05630864999999996
190180.45,36.0,-0.01666201560499636,2019-06-28,0.0,-0.14185324382031816,-8.0,6,-15679.800000000047,737787.1,927967.55,943691.3500000001,0.0,0,-0.07203244999999991
201528.45,106.0,-0.022396257282919052,2019-07-01,0.0,-0.16107251935822064,0.0,6,-20677.0,705656.1,907184.55,927967.55,0.0,0,-0.09281544999999991
335052.45,1235.0,-0.00435016226852647,2019-07-02,0.0,-0.16472199003053845,-3411.9999999999773,5,700.6000000000931,568185.7,903238.1499999999,907184.55,0.0,0,-0.09676185000000004
326094.65,82.0,-0.002938981264243412,2019-07-03,0.0,-0.1671768564522732,-23.699999999999974,6,-2548.899999999907,574488.9,900583.55,903238.1499999999,0.0,0,-0.09941644999999999
327405.65,31.0,0.002735115470408056,2019-07-04,0.0,-0.16489898898824196,-6.000000000000227,5,2500.1999999999534,575641.1,903046.75,900583.55,0.0,0,-0.09695324999999999
327405.65,0.0,0.005566788208916096,2019-07-05,1612.87,-0.16025015852688773,0.0,5,3414.2000000000653,579055.3,908073.8200000001,903046.75,1612.87,0,-0.09192617999999997
463258.75,1244.0,-0.01295401292375109,2019-07-08,0.0,-0.17112828882604847,3250.0000000000105,5,-13769.199999999953,431439.00000000006,896310.62,908073.8200000001,1612.87,0,-0.10368938000000005
351314.75,701.0,0.013531915977967657,2019-07-09,0.0,-0.1599120664739283,3195.0000000000027,6,9634.79999999993,555511.8,908439.42,896310.62,1612.87,0,-0.09156058
351435.1,21.0,0.009215914474517195,2019-07-10,0.0,-0.1521698879274782,0.0,6,8393.099999999977,563763.55,916811.52,908439.42,1612.87,0,-0.08318848000000001
351477.1,21.0,0.01763454063055403,2019-07-11,5.0,-0.1372187933683282,0.0,6,16183.54999999993,579884.1,932979.07,916811.52,1617.87,0,-0.06702093000000009
351652.9,21.0,0.0018369115182830242,2019-07-12,0.0,-0.1356339406321082,3.200000000000017,6,1731.5999999999767,581422.1,934692.87,932979.07,1617.87,0,-0.06530712999999999
351681.1,21.0,-0.003384106267976583,2019-07-15,0.0,-0.1385590472314413,-0.3999999999999986,5,-3141.70000000007,578230.8,931529.77,934692.87,1617.87,0,-0.06847022999999997
355958.1,52.0,-0.005745817441776491,2019-07-16,0.0,-0.1435087296829195,-26.0,5,-5274.400000000023,568601.4,926177.37,931529.77,1617.87,0,-0.07382263
382004.6,2776.0,0.0033941662815621942,2019-07-17,0.0,-0.14060165589275686,543.1999999999741,5,5376.400000000023,545698.5,929320.97,926177.37,1617.87,0,-0.07067902999999998
209580.3,1048.0,0.00722613630466129,2019-07-18,1608.0,-0.1343915263182377,-4738.499999999989,5,10893.900000000023,723230.2000000001,936036.37,929320.97,3225.87,0,-0.06396363000000005
209580.3,0.0,0.026066829005800374,2019-07-19,0.0,-0.11182785824880348,0.0,5,24399.499999999884,747629.7,960435.87,936036.37,3225.87,0,-0.03956413000000003
209580.3,0.0,0.018179485528794448,2019-07-22,5555.63,-0.09568134565075914,0.0,5,11904.600000000097,759534.3,977896.1000000001,960435.87,8781.5,0,-0.022103899999999954
209580.3,0.0,-0.004003799585661549,2019-07-23,0.0,-0.09930205630434874,0.0,5,-3915.3000000000466,755619.0,973980.8,977896.1000000001,8781.5,0,-0.02601919999999991
209580.3,0.0,-0.00037937092805118144,2019-07-24,0.0,-0.09964375491914224,0.0,5,-369.5,755249.5,973611.3,973980.8,8781.5,0,-0.02638869999999993
209580.3,0.0,-0.02015881491925997,2019-07-25,0.0,-0.11779386982512718,0.0,5,-19626.850000000093,735622.6499999999,953984.45,973611.3,8781.5,0,-0.046015550000000016
209580.3,0.0,0.007882675655772164,2019-07-26,0.0,-0.11083972503942474,0.0,5,7519.950000000186,743142.6000000001,961504.4000000001,953984.45,8781.5,0,-0.03849559999999985
209580.3,0.0,0.007688888371181646,2019-07-29,0.0,-0.10400307094116379,0.0,5,7392.899999999907,750535.5,968897.3,961504.4000000001,8781.5,0,-0.031102699999999928
209580.3,0.0,0.0035671479319840937,2019-07-30,0.0,-0.10080691734860747,0.0,5,3456.1999999999534,753991.7,972353.5,968897.3,8781.5,0,-0.02764650000000002
209585.3,0.0,0.0251921754793909,2019-07-31,0.0,-0.07815428742059904,0.0,5,24495.70000000007,778487.4,996849.2,972353.5,8776.5,0,-0.003150800000000009
209585.3,0.0,0.016631903802500903,2019-08-01,0.0,-0.06282223820823052,0.0,5,16579.5,795066.9,1013428.7,996849.2,8776.5,0,0.01342869999999996
211198.17,0.0,-0.022167469699644338,2019-08-02,0.0,-0.08359709784593006,0.0,5,-22465.15000000002,772601.75,990963.55,1013428.7,7163.63,0,-0.009036449999999974
211198.17,0.0,-0.04139763768304083,2019-08-05,0.0,-0.12153401316099144,0.0,5,-41023.54999999993,731578.2000000001,949940.0000000001,990963.55,7163.63,0,-0.05005999999999988
343685.47,1211.0,0.010141272080341768,2019-08-06,0.0,-0.11262525057513106,-10286.400000000012,5,21130.999999999884,608724.5,959573.6,949940.0000000001,7163.63,0,-0.04042639999999997
192856.97,937.0,0.003487799164128891,2019-08-07,0.0,-0.10953026566581803,-3808.700000000011,6,8092.5,762899.8,962920.4,959573.6,7163.63,0,-0.03707959999999999
194234.47,31.0,0.04291060818734338,2019-08-08,0.0,-0.07131966779311616,-4.499999999999957,6,41355.0,802841.8,1004239.9,962920.4,7163.63,0,0.004239899999999963
195739.62,31.0,-0.012574136916886136,2019-08-12,0.0,-0.08299702144230481,-1.6500000000001407,6,-12594.800000000047,788709.2,991612.45,1004239.9,7163.63,0,-0.008387550000000021
197525.82,34.0,0.02322005940929861,2019-08-13,0.0,-0.06170415780169136,-5.699999999999946,6,23065.0,809948.3,1014637.7500000001,991612.45,7163.63,0,0.014637750000000116
198442.02,27.0,0.021647233212050088,2019-08-14,0.0,-0.04139264888372751,-7.199999999999974,5,21998.300000000047,830996.2,1036601.85,1014637.7500000001,7163.63,0,0.03660185000000005
198442.02,0.0,-0.0028217198338976734,2019-08-15,0.0,-0.044097570259292396,0.0,5,-2925.0,828071.2,1033676.85,1036601.85,7163.63,0,0.03367684999999998
205605.65,0.0,0.02221158382331967,2019-08-16,0.0,-0.022865463314191814,0.0,5,22959.60000000009,851030.8,1056636.45,1033676.85,0.0,0,0.05663645000000006
205605.65,0.0,0.009894510074869967,2019-08-19,0.0,-0.013197195796450623,0.0,5,10454.899999999907,861485.7,1067091.3499999999,1056636.45,0.0,0,0.06709134999999988
205605.65,0.0,-0.00804439095115883,2019-08-20,0.0,-0.02113542334516383,0.0,5,-8584.099999999977,852901.6,1058507.25,1067091.3499999999,0.0,0,0.0585072499999999
346827.65,1292.0,0.020358670193331374,2019-08-21,0.0,-0.0012070422651131452,-1000.0,5,23841.800000000047,733229.4,1080057.05,1058507.25,0.0,0,0.08005704999999996
198099.45,919.0,-0.014476364929056351,2019-08-22,0.0,-0.01566593360985491,998.8,6,-15715.099999999977,866322.3,1064421.75,1080057.05,0.0,0,0.06442174999999994
198562.65,24.0,-0.03218367155688051,2019-08-23,0.0,-0.047345417904803955,0.6999999999999602,6,-34233.70000000007,831602.1,1030164.75,1064421.75,0.0,0,0.030164749999999962
198939.25,23.0,-0.041942320390986,2019-08-26,0.0,-0.08730196160898163,3.599999999999966,6,-43188.09999999998,788018.0,986957.25,1030164.75,0.0,0,-0.013042749999999992
329570.25,1216.0,0.009775398073219588,2019-08-27,0.0,-0.07837997496306282,2503.0,5,8360.900000000023,667034.9,996605.15,986957.25,0.0,0,-0.0033948499999999493
330074.25,24.0,0.012619140087726688,2019-08-28,0.0,-0.06674992275946745,0.7999999999999545,5,12599.499999999884,679107.2,1009181.45,996605.15,0.0,0,0.009181450000000035
182241.25,912.0,-0.013462296596910228,2019-08-29,0.0,-0.07931361209836885,5009.0,6,-17682.899999999907,813354.3,995595.55,1009181.45,0.0,0,-0.004404450000000004
370836.05,1736.0,-0.00026777942107125696,2019-08-30,0.0,-0.07956015296630936,1877.4,6,-408.0,624492.9,995328.95,995595.55,0.0,0,-0.00467105000000001
201821.95,1062.0,0.020903842895356295,2019-09-02,0.0,-0.06031942300929127,6300.000000000011,6,15568.199999999953,814313.2,1016135.1499999999,995328.95,0.0,0,0.016135149999999987
203500.15,33.0,-0.007631858813268999,2019-09-03,0.0,-0.06749093250245553,0.0,6,-7722.0,804880.0,1008380.15,1016135.1499999999,0.0,0,0.00838015000000003
204570.15,28.0,-0.004772505686471473,2019-09-04,0.0,-0.07194133732977381,-1.4999999999999147,6,-4783.0,798997.5,1003567.65,1008380.15,0.0,0,0.0035676499999999223
488554.55,2610.0,-0.01085038960751672,2019-09-05,0.0,-0.08201113539837668,2688.900000000018,5,-10968.0,504124.0,992678.55,1003567.65,0.0,0,-0.007321449999999952
156552.75,2029.0,-0.010509998427990608,2019-09-06,0.0,-0.09165919692225266,2370.6499999999655,7,-10774.700000000012,825692.75,982245.5,992678.55,0.0,0,-0.017754500000000006
158474.25,55.0,-0.01784894916800328,2019-09-09,0.0,-0.1078721257436106,-6.39999999999992,6,-17470.650000000023,806239.2000000001,964713.4500000001,982245.5,0.0,0,-0.03528654999999992
160650.75,36.0,-0.004394631379919134,2019-09-10,0.0,-0.11179269889471832,-8.849999999999916,6,-4194.710000000079,799823.14,960473.89,964713.4500000001,0.0,0,-0.03952610999999995
310248.75,1379.0,0.014782182158017854,2019-09-11,0.0,-0.09866305677569853,2769.0,6,12807.900000000023,664423.04,974671.79,960473.89,0.0,0,-0.025328209999999962
182953.95,931.0,0.007092931252273171,2019-09-12,0.0,-0.0922699358022746,5699.999999999989,6,2144.280000000028,798631.12,981585.0700000001,974671.79,0.0,0,-0.01841492999999994
185781.95,41.0,-0.004350351416816056,2019-09-16,0.0,-0.09621888057314365,0.0,5,-4229.239999999991,791532.88,977314.8300000001,981585.0700000001,0.0,0,-0.02268516999999992
339000.15,1397.0,-0.007543198745894486,2019-09-17,0.0,-0.10303628117976749,794.3999999999985,4,-6769.479999999981,630942.6,969942.75,977314.8300000001,0.0,0,-0.030057250000000035
217602.15,736.0,-0.01577124010669695,2019-09-18,0.0,-0.11718251135627722,-4603.9999999999945,5,-9957.199999999953,737043.4,954645.55,969942.75,0.0,0,-0.045354449999999935
375520.55,1442.0,0.012482329174424933,2019-09-19,0.0,-0.10616289286208702,-2000.8,5,15359.0,591041.2,966561.75,954645.55,0.0,0,-0.03343825
213840.15,992.0,0.0066572052949540605,2019-09-20,0.0,-0.10021243573962224,6278.0,6,1148.6000000000931,759156.2,972996.35,966561.75,0.0,0,-0.027003650000000046
213896.55,21.0,-0.00868276638447818,2019-09-23,0.0,-0.1080250809557537,0.20000000000000284,6,-8427.5,750651.5,964548.05,972996.35,0.0,0,-0.0354519499999999
214096.85,22.0,0.009418504345117817,2019-09-24,0.0,-0.09962401130499932,0.0,5,9106.600000000093,759535.8,973632.65,964548.05,0.0,0,-0.02636735000000001
214096.85,0.0,-0.00837584894056298,2019-09-25,0.0,-0.10716542457601863,0.0,5,-8155.0,751380.8,965477.65,973632.65,0.0,0,-0.034522349999999924
214096.85,0.0,-0.013054574593208024,2019-09-26,0.0,-0.11882100014028618,0.0,5,-12603.90000000014,738776.8999999999,952873.7499999999,965477.65,0.0,0,-0.04712625000000015
214096.85,0.0,0.0027225012757463585,2019-09-27,0.0,-0.11642198918900726,0.0,5,2594.2000000001863,741371.1000000001,955467.9500000001,952873.7499999999,0.0,0,-0.044532049999999934
214096.85,0.0,0.004316314325352177,2019-10-01,0.0,-0.11260818876337753,0.0,5,4124.09999999986,745495.2,959592.0499999999,955467.9500000001,0.0,0,-0.04040795000000008
214096.85,0.0,-0.0032327279076561632,2019-10-02,0.0,-0.1154768850365877,0.0,5,-3102.0999999999767,742393.1,956489.95,959592.0499999999,0.0,0,-0.04351005000000008
387138.85,1558.0,-0.002430448955579756,2019-10-03,0.0,-0.11762667331753673,199.99999999998863,4,-966.7000000000698,567026.3999999999,954165.2499999999,956489.95,0.0,0,-0.045834750000000146
295888.85,555.0,0.008106981468881003,2019-10-04,0.0,-0.11047328910948717,-905.0000000000058,5,9195.40000000014,666011.8,961900.65,954165.2499999999,0.0,0,-0.038099349999999976
295888.85,0.0,0.0065054535517778955,2019-10-07,0.0,-0.10468651440872334,0.0,5,6257.59999999986,672269.3999999999,968158.2499999999,961900.65,0.0,0,-0.03184175000000011
439637.85,1310.0,0.0026213689755782976,2019-10-08,0.0,-0.10233956741417749,1295.5000000000116,5,2552.4000000001397,531058.3,970696.15,968158.2499999999,0.0,0,-0.02930385000000002
322409.25,765.0,0.009843657049633858,2019-10-09,0.0,-0.09350330596877665,-1525.5,6,11845.699999999953,657842.1,980251.35,970696.15,0.0,0,-0.019748650000000034
329813.25,76.0,0.02284097848985378,2019-10-14,0.0,-0.07279803447928601,-20.000000000000284,5,22485.900000000023,672828.0,1002641.25,980251.35,0.0,0,0.0026412499999999284
329813.25,0.0,-0.008398716889016944,2019-10-15,0.0,-0.08058534128663453,0.0,5,-8420.900000000023,664407.1,994220.35,1002641.25,0.0,0,-0.005779650000000025
455158.25,1147.0,-0.017409621519012375,2019-10-16,0.0,-0.09659200251386613,492.0,5,-16654.0,521753.1,976911.35,994220.35,0.0,0,-0.023088650000000044
280030.75,1075.0,0.011520287895109504,2019-10-17,0.0,-0.08618448229608155,-203.49999999998863,6,12532.800000000047,708134.9,988165.65,976911.35,0.0,0,-0.011834349999999993
280389.95,23.0,0.007353524178866033,2019-10-18,0.0,-0.07946471779162279,-2.399999999999949,6,7291.899999999907,715042.2,995432.1499999999,988165.65,0.0,0,-0.00456785000000004
390805.75,1035.0,-0.0023578703982987115,2019-10-21,0.0,-0.08163522068413154,3297.0000000000114,5,-4609.09999999986,602279.3,993085.05,995432.1499999999,0.0,0,-0.006914949999999975
211645.05,1100.0,0.024257741066588512,2019-10-22,0.0,-0.05935776566281259,-3902.8000000000056,6,29092.79999999993,805530.0,1017175.05,993085.05,0.0,0,0.01717505000000008
211811.55,21.0,-0.0076602842352455625,2019-10-23,0.0,-0.0665633525415118,0.0,6,-7770.849999999977,797571.65,1009383.2,1017175.05,0.0,0,0.009383200000000036
212102.55,22.0,0.019333341391059466,2019-10-24,0.0,-0.04851690316927093,-0.9999999999999787,5,19537.75,816795.4,1028897.95,1009383.2,0.0,0,0.02889794999999995
212102.55,0.0,-0.012409831315146391,2019-10-25,0.0,-0.06032464790015335,0.0,5,-12768.45000000007,804026.95,1016129.5,1028897.95,0.0,0,0.016129499999999908
212102.55,0.0,0.001110193139752358,2019-10-28,0.0,-0.05928142677065762,0.0,5,1128.1000000000931,805155.05,1017257.6000000001,1016129.5,0.0,0,0.017257599999999984
212102.55,0.0,-0.041702318075579115,2019-10-29,0.0,-0.09851157193107263,0.0,5,-42422.00000000012,762733.0499999999,974835.5999999999,1017257.6000000001,0.0,0,-0.025164400000000087
212102.55,0.0,0.017903993247682104,2019-10-30,0.0,-0.08237132920206303,0.0,5,17453.45000000007,780186.5,992289.05,974835.5999999999,0.0,0,-0.007710949999999994
212102.55,0.0,-0.0014602599917836745,2019-10-31,0.0,-0.08371130563734286,0.0,5,-1449.0,778737.5,990840.05,992289.05,0.0,0,-0.009159949999999917
212102.55,0.0,0.041390081073125806,2019-11-01,0.0,-0.04578604229128391,0.0,5,41010.95000000007,819748.4500000001,1031851.0,990840.05,0.0,0,0.031851000000000074
212102.55,0.0,-0.015785854740655525,2019-11-04,0.0,-0.060849125219179734,0.0,5,-16288.65000000014,803459.7999999999,1015562.3499999999,1031851.0,0.0,0,0.015562349999999947
212102.55,0.0,0.014751236100865706,2019-11-05,0.0,-0.04699548893095329,0.0,5,14980.800000000047,818440.6,1030543.1499999999,1015562.3499999999,0.0,0,0.030543149999999963
212102.55,0.0,0.005739594698193962,2019-11-06,0.0,-0.04152562929186643,0.0,5,5914.900000000023,824355.5,1036458.05,1030543.1499999999,0.0,0,0.03645805000000002
212102.55,0.0,-0.01047394055167028,2019-11-07,0.0,-0.05156463287096291,0.0,5,-10855.79999999993,813499.7000000001,1025602.25,1036458.05,0.0,0,0.025602249999999938
212102.55,0.0,0.008276015385106694,2019-11-08,0.0,-0.04371536718082358,0.0,5,8487.900000000023,821987.6000000001,1034090.1500000001,1025602.25,0.0,0,0.03409015000000015
212102.55,0.0,-0.01862913015852652,2019-11-11,0.0,-0.061530118074210716,0.0,5,-19264.200000000186,802723.3999999999,1014825.95,1034090.1500000001,0.0,0,0.014825949999999866
312849.95,924.0,0.017671848064192863,2019-11-12,0.0,-0.04494562090799725,1413.200000000006,5,17444.65000000014,719909.8500000001,1032759.8,1014825.95,0.0,0,0.032759800000000006
124125.7,1156.0,0.014333100494422713,2019-11-13,0.0,-0.03125673051483313,3007.3,5,12951.34999999986,923436.75,1047562.45,1032759.8,0.0,0,0.047562450000000034
124125.7,0.0,-0.028832934972039204,2019-11-14,0.0,-0.0591884422084995,0.0,5,-30204.300000000047,893232.45,1017358.1499999999,1047562.45,0.0,0,0.01735814999999996
124125.7,0.0,0.01718863705962348,2019-11-15,0.0,-0.04301717380012249,0.0,5,17487.0,910719.45,1034845.1499999999,1017358.1499999999,0.0,0,0.03484514999999999
124125.7,0.0,-0.010952604841410363,2019-11-18,0.0,-0.0534986285355058,0.0,5,-11334.25,899385.2,1023510.8999999999,1034845.1499999999,0.0,0,0.0235109
410620.7,2593.0,-0.03079849955677083,2019-11-19,0.0,-0.08264945060503792,662.9999999999886,5,-29592.600000000093,581367.5999999999,991988.2999999998,1023510.8999999999,0.0,0,-0.008011700000000177
287157.8,3496.0,-0.023876692900510754,2019-11-20,0.0,-0.1045527479550562,-3001.850000000013,6,-17187.549999999814,681145.1000000001,968302.9000000001,991988.2999999998,0.0,0,-0.03169709999999981
328178.5,2227.0,0.00265991148017819,2019-11-21,0.0,-0.10217093752944784,-4553.000000000004,7,9355.59999999986,642700.0,970878.5,968302.9000000001,0.0,0,-0.029121500000000022
165996.3,1018.0,-0.022762889486171556,2019-11-22,0.0,-0.12260812125593801,-450.04999999999575,8,-20631.949999999953,782782.2,948778.5,970878.5,0.0,0,-0.05122150000000003
166200.1,42.0,0.011195763816317594,2019-11-25,0.0,-0.11278504900716435,-1.40000000000002,7,10665.70000000007,793200.7000000001,959400.8,948778.5,0.0,0,-0.040599199999999946
166336.35,42.0,0.014288658087422856,2019-11-26,0.0,-0.10010793792237815,0.0,7,13750.54999999993,806773.0,973109.35,959400.8,0.0,0,-0.026890650000000016
166357.05,21.0,-0.0034728882216578105,2019-11-27,0.0,-0.10323316246553094,-0.29999999999999893,7,-3358.20000000007,803372.7999999999,969729.8499999999,973109.35,0.0,0,-0.030270150000000107
166501.6,21.0,-0.0035951765329280683,2019-11-28,0.0,-0.106457197555343,0.0,7,-3465.3499999998603,799741.9,966243.5,969729.8499999999,0.0,0,-0.03375649999999997
166575.4,42.0,-0.002177918920023836,2019-11-29,0.0,-0.10840326133063827,-0.09999999999999964,7,-2062.3000000000466,797563.7,964139.1,966243.5,0.0,0,-0.03586089999999997
166568.85,21.0,-0.01116732015121047,2019-12-02,0.0,-0.11836000755713427,0.0,6,-10745.84999999986,786803.4,953372.25,964139.1,0.0,0,-0.04662774999999997
166568.85,0.0,0.008296392096581506,2019-12-03,0.0,-0.11104557649180113,0.0,6,7909.550000000047,794712.9500000001,961281.8,953372.25,0.0,0,-0.038718199999999925
166568.85,0.0,-0.00264553016607616,2019-12-04,0.0,-0.11339733223545889,0.0,6,-2543.0999999999767,792169.8500000001,958738.7000000001,961281.8,0.0,0,-0.041261299999999945
166587.75,21.0,0.005632556607968242,2019-12-05,0.0,-0.10840349252049941,0.0,6,5421.149999999907,797551.1,964138.85,958738.7000000001,0.0,0,-0.03586115000000001
166847.85,22.0,0.019053375973802966,2019-12-06,0.0,-0.0914155690465629,-1.40000000000002,6,18393.5,815661.1,982508.95,964138.85,0.0,0,-0.017491050000000063
166847.85,0.0,-0.003692230996979573,2019-12-09,0.0,-0.09477027264590232,0.0,6,-3627.649999999907,812033.4500000001,978881.3,982508.95,0.0,0,-0.021118699999999935
166847.85,0.0,0.013980040276589056,2019-12-10,0.0,-0.08211512459792625,0.0,6,13684.79999999993,825718.25,992566.1,978881.3,0.0,0,-0.007433899999999993
166866.75,21.0,-0.002982824015448471,2019-12-11,0.0,-0.08485301364769249,0.0,5,-2939.6500000000233,822738.7,989605.45,992566.1,0.0,0,-0.010394550000000002
166866.75,0.0,-0.014392200447157943,2019-12-12,0.0,-0.09802399251388738,0.0,5,-14242.599999999977,808496.1,975362.85,989605.45,0.0,0,-0.024637149999999997
166866.75,0.0,-0.017743755567479313,2019-12-13,0.0,-0.11402843431845189,0.0,5,-17306.599999999977,791189.5,958056.25,975362.85,0.0,0,-0.041943749999999946
402292.25,2136.0,0.003506683454129078,2019-12-16,0.0,-0.1109216124882475,-3026.0,5,8521.59999999986,559123.6,961415.85,958056.25,0.0,0,-0.03858415000000004
233473.25,1054.0,0.0006543994463998892,2019-12-17,0.0,-0.11033980008365374,-186.65000000001706,6,1869.8000000000466,728571.75,962045.0,961415.85,0.0,0,-0.03795499999999996
517049.05,2610.0,0.007786382133891934,2019-12-18,0.0,-0.10341256579779046,1201.3999999999955,5,8899.449999999953,452486.8,969535.85,962045.0,0.0,0,-0.030464150000000023
357499.05,2680.0,-0.006515746684354062,2019-12-19,0.0,-0.10925450239942702,-2440.349999999996,6,-1196.899999999965,605719.55,963218.6000000001,969535.85,0.0,0,-0.03678139999999985
347237.75,2432.0,-0.018250010952861606,2019-12-20,0.0,-0.12551061748684966,1167.4000000000044,6,-16314.150000000023,598402.1000000001,945639.8500000001,963218.6000000001,0.0,0,-0.05436014999999994
207961.35,838.0,-0.0016837276897755382,2019-12-23,0.0,-0.12698301947460178,-2300.0000000000114,7,1545.7999999998137,736086.2999999999,944047.6499999999,945639.8500000001,0.0,0,-0.055952350000000095
208415.6,44.0,-0.0028285648505135264,2019-12-24,0.0,-0.12945240461961738,3.0,5,-2629.29999999993,732961.75,941377.35,944047.6499999999,0.0,0,-0.05862265
208415.6,0.0,-0.002534849600959732,2019-12-25,0.0,-0.13165911184438372,0.0,5,-2386.25,730575.5,938991.1,941377.35,0.0,0,-0.06100890000000003
208415.6,0.0,0.002868131550980646,2019-12-26,0.0,-0.12916859594605812,0.0,5,2693.1500000000233,733268.65,941684.25,938991.1,0.0,0,-0.05831575
208415.6,0.0,0.004420005962720408,2019-12-27,0.0,-0.12531951594761548,0.0,5,4162.249999999884,737430.8999999999,945846.4999999999,941684.25,0.0,0,-0.05415350000000008
208415.6,0.0,-0.006512367493033855,2019-12-30,0.0,-0.13101575669874932,0.0,5,-6159.699999999837,731271.2000000001,939686.8,945846.4999999999,0.0,0,-0.060313199999999956
208415.6,0.0,-0.0054728873492744246,2019-12-31,0.0,-0.1357716095706316,0.0,5,-5142.800000000163,726128.3999999999,934543.9999999999,939686.8,0.0,0,-0.06545600000000007
208415.6,0.0,0.0188771208204217,2020-01-02,0.0,-0.11945746582805783,0.0,5,17641.500000000116,743769.9,952185.5,934543.9999999999,0.0,0,-0.04781449999999998
208415.6,0.0,-0.018426976676288342,2020-01-03,0.0,-0.13568320256772404,0.0,5,-17545.899999999907,726224.0000000001,934639.6000000001,952185.5,0.0,0,-0.06536039999999987
208415.6,0.0,-0.031309822524104636,2020-01-06,0.0,-0.16274480809993108,0.0,5,-29263.40000000014,696960.6,905376.2,934639.6000000001,0.0,0,-0.09462380000000004
208415.6,0.0,-0.012746966399160842,2020-01-07,0.0,-0.17341727189860423,0.0,5,-11540.79999999993,685419.8,893835.4,905376.2,0.0,0,-0.10616459999999994
350933.6,1301.0,-0.0080697743678535,2020-01-08,0.0,-0.1800876080107472,3144.8500000000126,5,-9056.90000000014,535688.75,886622.35,893835.4,0.0,0,-0.11337765
205080.6,908.0,0.003925064600503125,2020-01-09,0.0,-0.1768693989054363,1543.8000000000006,6,2844.25,685021.7999999999,890102.3999999999,886622.35,0.0,0,-0.10989760000000004
206252.8,29.0,0.009796400953418383,2020-01-10,0.0,-0.16880568150008568,-7.799999999999926,6,8756.599999999977,692569.3999999999,898822.2,890102.3999999999,0.0,0,-0.1011778000000001
207333.6,28.0,0.03747265031949598,2020-01-13,0.0,-0.1376586274553867,2.400000000000034,6,33706.85000000009,725169.85,932503.45,898822.2,0.0,0,-0.0674965500000001
207892.1,24.0,0.0029814366906633083,2020-01-14,0.0,-0.1350876112474052,-2.4999999999999467,5,2806.70000000007,727391.55,935283.65,932503.45,0.0,0,-0.06471634999999998
361211.1,1381.0,-0.007396472717127067,2020-01-15,0.0,-0.141484912133519,899.9999999999773,5,-6436.800000000047,567154.75,928365.85,935283.65,0.0,0,-0.07163415000000006
215583.8,894.0,-0.004506251495571267,2020-01-16,0.0,-0.14535359703218786,-1100.2999999999943,6,-2189.149999999907,708598.6000000001,924182.4000000001,928365.85,0.0,0,-0.07581759999999982
302677.6,820.0,0.00493041200524913,2020-01-17,0.0,-0.14113983814675257,149.25000000000568,6,5227.34999999986,626061.4,928739.0,924182.4000000001,0.0,0,-0.07126100000000002
317692.3,2439.0,0.01875704584388105,2020-01-20,0.0,-0.1250301587173881,-1073.5999999999958,5,20933.0,628467.1000000001,946159.4000000001,928739.0,0.0,0,-0.053840599999999905
205195.5,710.0,-0.05933270863239337,2020-01-30,0.0,-0.17694448937234086,-1996.5,6,-53431.70000000007,684825.7,890021.2,946159.4000000001,0.0,0,-0.10997880000000004
205574.0,23.0,0.001076603568544332,2020-01-31,0.0,-0.17605838487248915,0.4999999999999716,5,980.7000000000698,685405.4,890979.4,890021.2,0.0,0,-0.10902060000000002
205574.0,0.0,-0.0025271066873150394,2020-02-03,0.0,-0.178140573238035,0.0,5,-2251.5999999999767,683153.8,888727.8,890979.4,0.0,0,-0.11127219999999993
333271.3,1167.0,0.011783022878321336,2020-02-04,0.0,-0.1684565848097348,-1299.9999999999973,5,12938.899999999907,565928.4000000001,899199.7000000002,888727.8,0.0,0,-0.10080029999999984
168913.05,1009.0,0.008216361726988808,2020-02-05,0.0,-0.1616243233188358,1372.6499999999999,6,7024.499999999884,737674.8,906587.8500000001,899199.7000000002,0.0,0,-0.09341214999999992
169021.65,21.0,-0.007642116536196841,2020-02-06,0.0,-0.1680312879411462,0.19999999999998863,5,-6907.449999999953,730637.95,899659.6,906587.8500000001,0.0,0,-0.1003404
169021.65,0.0,-0.016485123929094958,2020-02-07,0.0,-0.18174639526456582,0.0,5,-14831.0,715806.95,884828.6,899659.6,0.0,0,-0.11517140000000003
169021.65,0.0,-0.036449488635426186,2020-02-10,0.0,-0.2115713207312666,0.0,5,-32251.550000000047,683555.3999999999,852577.0499999999,884828.6,0.0,0,-0.14742295000000005
169021.65,0.0,-0.00023311676053183739,2020-02-11,0.0,-0.2117551166708881,0.0,5,-198.74999999976717,683356.6500000001,852378.3000000002,852577.0499999999,0.0,0,-0.14762169999999986
300718.65,1205.0,0.002591865607090016,2020-02-12,0.0,-0.2097120918678228,3750.0,5,-335.75000000023283,553868.8999999999,854587.5499999999,852378.3000000002,0.0,0,-0.14541245000000003
156798.4,908.0,-0.023136892176816803,2020-02-13,0.0,-0.22799689798691902,-3830.399999999996,6,-15034.099999999977,678016.6499999999,834815.0499999999,854587.5499999999,0.0,0,-0.1651849500000001
289952.4,1237.0,0.030169137463441853,2020-02-14,0.0,-0.20470623028008283,-2855.0000000000086,5,29277.65000000014,570048.3,860000.7000000001,834815.0499999999,0.0,0,-0.13999929999999994
167585.5,775.0,0.0052243562127332055,2020-02-17,0.0,-0.20055133233329847,1234.3999999999999,6,4033.5500000000466,696908.15,864493.65,860000.7000000001,0.0,0,-0.13550635
168181.35,24.0,-0.01897873975129849,2020-02-18,0.0,-0.21572386054146708,-5.75,6,-16377.250000000116,679905.2999999999,848086.6499999999,864493.65,0.0,0,-0.15191335000000006
168635.25,24.0,0.007886104562546903,2020-02-19,0.0,-0.2095389768997865,-6.299999999999962,6,6718.400000000023,686139.5,854774.75,848086.6499999999,0.0,0,-0.14522524999999997
425272.85,2366.0,0.022916914660850773,2020-02-20,0.0,-0.19142404909067012,-549.8499999999827,6,22504.650000000023,449090.70000000007,874363.55,854774.75,0.0,0,-0.1256364499999999
119919.25,1914.0,0.00977436673795462,2020-02-21,0.0,-0.18352073121099188,3599.6,5,6860.749999999884,762990.65,882909.9,874363.55,0.0,0,-0.11709009999999997
119919.25,0.0,-0.017324304552480463,2020-02-24,0.0,-0.1976656667242792,0.0,5,-15295.800000000047,747694.85,867614.1,882909.9,0.0,0,-0.13238590000000006
119919.25,0.0,0.006198435456500784,2020-02-25,0.0,-0.1926924491449351,0.0,5,5377.849999999977,753072.7,872991.95,867614.1,0.0,0,-0.12700805000000004
119919.25,0.0,-0.01223172790997662,2020-02-26,0.0,-0.2025672154466639,0.0,5,-10678.199999999953,742394.5,862313.75,872991.95,0.0,0,-0.13768625
265293.25,1329.0,-0.024750040226077852,2020-02-27,0.0,-0.22230370894195228,5600.9999999999945,5,-25614.300000000047,575678.2,840971.45,862313.75,0.0,0,-0.15902855000000005
265910.95,24.0,0.03274986326824769,2020-03-02,0.0,-0.19683426174557794,1.8000000000000256,5,27563.900000000023,602602.2,868513.1499999999,840971.45,0.0,0,-0.13148685000000004
266033.35,21.0,0.021772439484652573,2020-03-03,0.0,-0.17934738431328712,1.0,5,18929.650000000023,621389.45,887422.7999999999,868513.1499999999,0.0,0,-0.11257720000000004
115388.95,915.0,-0.009214491671838965,2020-03-04,0.0,-0.18690928100600523,5779.899999999991,6,-13042.04999999993,763856.7,879245.6499999999,887422.7999999999,0.0,0,-0.12075435000000012
115726.95,23.0,0.029738105613601906,2020-03-05,0.0,-0.16272950333112224,0.0,6,26170.100000000093,789665.8,905392.75,879245.6499999999,0.0,0,-0.09460725000000003
115779.95,21.0,0.00608106261067376,2020-03-06,0.0,-0.15763800901880898,3.4000000000000057,6,5523.349999999977,795118.55,910898.5,905392.75,0.0,0,-0.08910149999999994
116013.95,22.0,-0.02850745719748138,2020-03-09,0.0,-0.18165160742149056,1.5999999999999943,6,-25947.0,768917.15,884931.1,910898.5,0.0,0,-0.11506890000000003
116677.95,26.0,-0.0032952282951747014,2020-03-10,0.0,-0.18434825220002593,37.99999999999997,6,-2928.0500000000466,765337.1,882015.0499999999,884931.1,0.0,0,-0.11798495000000009
118045.35,31.0,-0.03865977116830377,2020-03-11,0.0,-0.2158811621229999,2.2999999999998693,6,-34069.79999999993,729871.2,847916.5499999999,882015.0499999999,0.0,0,-0.15208345000000012
118136.35,21.0,-0.04445313633753223,2020-03-12,0.0,-0.25073770372797355,1.0,5,-37672.54999999993,692087.65,810224.0,847916.5499999999,0.0,0,-0.18977599999999994
118136.35,0.0,-0.04723959053298843,2020-03-13,0.0,-0.28613254780567077,0.0,5,-38274.65000000002,653813.0,771949.35,810224.0,0.0,0,-0.22805065000000002
243309.35,1127.0,-0.003103895352719821,2020-03-16,0.0,-0.2883483176729946,-4500.0,4,3230.9499999999534,526243.95,769553.2999999999,771949.35,0.0,0,-0.23044670000000012
331542.75,815.0,-0.0069466923213765686,2020-03-17,0.0,-0.2932919429501103,5699.100000000003,3,-10229.949999999953,432664.7,764207.45,769553.2999999999,0.0,0,-0.2357925500000001
331542.75,0.0,-0.027677170642604887,2020-03-18,0.0,-0.31285162243958387,0.0,3,-21151.100000000035,411513.6,743056.35,764207.45,0.0,0,-0.25694364999999997
452948.75,1094.0,-0.0407594928702244,2020-03-19,0.0,-0.34085944183554395,5500.0,3,-34692.59999999998,259821.0,712769.75,743056.35,0.0,0,-0.28723025
725017.3,2497.0,0.02245823423342541,2020-03-20,0.0,-0.3260563087875359,-5550.450000000015,2,24055.0,3760.0,728777.3,712769.75,0.0,0,-0.2712226999999999
725421.0,43.0,-0.00036129006762430915,2020-03-23,0.0,-0.32629979794930897,-0.29999999999999005,2,-220.0,3093.0,728514.0,728777.3,0.0,0,-0.271486
725673.2,42.0,0.0002630011228335061,2020-03-24,0.0,-0.32612261403971643,0.0,2,233.5999999999999,3032.4,728705.6,728514.0,0.0,0,-0.27129440000000005
725983.0,42.0,0.000220116326812958,2020-03-25,0.0,-0.32597428262479655,0.0,2,202.4000000000001,2883.0,728866.0,728705.6,0.0,0,-0.271134
726885.2,47.0,0.00022500706577055496,2020-03-26,0.0,-0.325822622075876,0.0,2,211.0,2144.8,729030.0,728866.0,0.0,0,-0.27097000000000004
728583.0,53.0,-8.477017406693932e-05,2020-03-27,0.0,-0.32587977220955466,11.199999999999974,2,-20.0,385.2,728968.2,729030.0,0.0,0,-0.27103180000000004
728929.5,43.0,-2.0988569871649432e-05,2020-03-30,0.0,-0.32589392102905756,6.300000000000004,1,21.400000000000034,23.4,728952.9,728968.2,0.0,0,-0.2710471
728931.5,21.0,-2.9357177946609525e-05,2020-03-31,0.0,-0.3259137108811728,0.10000000000000142,0,-0.5,0.0,728931.5,728952.9,0.0,0,-0.27106850000000005
728931.5,0.0,0.0,2020-04-01,0.0,-0.3259137108811728,0.0,0,0.0,0.0,728931.5,728931.5,0.0,0,-0.27106850000000005
728931.5,0.0,0.0,2020-04-06,0.0,-0.3259137108811728,0.0,0,0.0,0.0,728931.5,728931.5,0.0,0,-0.27106850000000005
728931.5,0.0,0.0,2020-04-07,0.0,-0.3259137108811728,0.0,0,0.0,0.0,728931.5,728931.5,0.0,0,-0.27106850000000005
728931.5,0.0,0.0,2020-04-08,0.0,-0.3259137108811728,0.0,0,0.0,0.0,728931.5,728931.5,0.0,0,-0.27106850000000005
728931.5,0.0,0.0,2020-04-09,0.0,-0.3259137108811728,0.0,0,0.0,0.0,728931.5,728931.5,0.0,0,-0.27106850000000005
728931.5,0.0,0.0,2020-04-10,0.0,-0.3259137108811728,0.0,0,0.0,0.0,728931.5,728931.5,0.0,0,-0.27106850000000005
728931.5,0.0,0.0,2020-04-13,0.0,-0.3259137108811728,0.0,0,0.0,0.0,728931.5,728931.5,0.0,0,-0.27106850000000005
728931.5,0.0,0.0,2020-04-14,0.0,-0.3259137108811728,0.0,0,0.0,0.0,728931.5,728931.5,0.0,0,-0.27106850000000005
728931.5,0.0,0.0,2020-04-15,0.0,-0.3259137108811728,0.0,0,0.0,0.0,728931.5,728931.5,0.0,0,-0.27106850000000005
728931.5,0.0,0.0,2020-04-16,0.0,-0.3259137108811728,0.0,0,0.0,0.0,728931.5,728931.5,0.0,0,-0.27106850000000005
728931.5,0.0,0.0,2020-04-17,0.0,-0.3259137108811728,0.0,0,0.0,0.0,728931.5,728931.5,0.0,0,-0.27106850000000005
728931.5,0.0,0.0,2020-04-20,0.0,-0.3259137108811728,0.0,0,0.0,0.0,728931.5,728931.5,0.0,0,-0.27106850000000005
728931.5,0.0,0.0,2020-04-21,0.0,-0.3259137108811728,0.0,0,0.0,0.0,728931.5,728931.5,0.0,0,-0.27106850000000005
728931.5,0.0,0.0,2020-04-22,0.0,-0.3259137108811728,0.0,0,0.0,0.0,728931.5,728931.5,0.0,0,-0.27106850000000005
728931.5,0.0,0.0,2020-04-23,0.0,-0.3259137108811728,0.0,0,0.0,0.0,728931.5,728931.5,0.0,0,-0.27106850000000005
728931.5,0.0,0.0,2020-04-24,0.0,-0.3259137108811728,0.0,0,0.0,0.0,728931.5,728931.5,0.0,0,-0.27106850000000005
728931.5,0.0,0.0,2020-04-27,0.0,-0.3259137108811728,0.0,0,0.0,0.0,728931.5,728931.5,0.0,0,-0.27106850000000005
728931.5,0.0,0.0,2020-04-28,0.0,-0.3259137108811728,0.0,0,0.0,0.0,728931.5,728931.5,0.0,0,-0.27106850000000005
728931.5,0.0,0.0,2020-04-29,0.0,-0.3259137108811728,0.0,0,0.0,0.0,728931.5,728931.5,0.0,0,-0.27106850000000005
728931.5,0.0,0.0,2020-04-30,0.0,-0.3259137108811728,0.0,0,0.0,0.0,728931.5,728931.5,0.0,0,-0.27106850000000005
728931.5,0.0,0.0,2020-05-04,0.0,-0.3259137108811728,0.0,0,0.0,0.0,728931.5,728931.5,0.0,0,-0.27106850000000005
728931.5,0.0,0.0,2020-05-05,0.0,-0.3259137108811728,0.0,0,0.0,0.0,728931.5,728931.5,0.0,0,-0.27106850000000005
728931.5,0.0,0.0,2020-05-06,0.0,-0.3259137108811728,0.0,0,0.0,0.0,728931.5,728931.5,0.0,0,-0.27106850000000005
728931.5,0.0,0.0,2020-05-07,0.0,-0.3259137108811728,0.0,0,0.0,0.0,728931.5,728931.5,0.0,0,-0.27106850000000005
728931.5,0.0,0.0,2020-05-08,0.0,-0.3259137108811728,0.0,0,0.0,0.0,728931.5,728931.5,0.0,0,-0.27106850000000005
728931.5,0.0,0.0,2020-05-11,0.0,-0.3259137108811728,0.0,0,0.0,0.0,728931.5,728931.5,0.0,0,-0.27106850000000005
728931.5,0.0,0.0,2020-05-12,0.0,-0.3259137108811728,0.0,0,0.0,0.0,728931.5,728931.5,0.0,0,-0.27106850000000005
728931.5,0.0,0.0,2020-05-13,0.0,-0.3259137108811728,0.0,0,0.0,0.0,728931.5,728931.5,0.0,0,-0.27106850000000005
728931.5,0.0,0.0,2020-05-14,0.0,-0.3259137108811728,0.0,0,0.0,0.0,728931.5,728931.5,0.0,0,-0.27106850000000005
728931.5,0.0,0.0,2020-05-15,0.0,-0.3259137108811728,0.0,0,0.0,0.0,728931.5,728931.5,0.0,0,-0.27106850000000005
728931.5,0.0,0.0,2020-05-18,0.0,-0.3259137108811728,0.0,0,0.0,0.0,728931.5,728931.5,0.0,0,-0.27106850000000005
728931.5,0.0,0.0,2020-05-19,0.0,-0.3259137108811728,0.0,0,0.0,0.0,728931.5,728931.5,0.0,0,-0.27106850000000005
728931.5,0.0,0.0,2020-05-20,0.0,-0.3259137108811728,0.0,0,0.0,0.0,728931.5,728931.5,0.0,0,-0.27106850000000005
728931.5,0.0,0.0,2020-05-21,0.0,-0.3259137108811728,0.0,0,0.0,0.0,728931.5,728931.5,0.0,0,-0.27106850000000005
728931.5,0.0,0.0,2020-05-22,0.0,-0.3259137108811728,0.0,0,0.0,0.0,728931.5,728931.5,0.0,0,-0.27106850000000005
728931.5,0.0,0.0,2020-05-25,0.0,-0.3259137108811728,0.0,0,0.0,0.0,728931.5,728931.5,0.0,0,-0.27106850000000005
728931.5,0.0,0.0,2020-05-26,0.0,-0.3259137108811728,0.0,0,0.0,0.0,728931.5,728931.5,0.0,0,-0.27106850000000005
728931.5,0.0,0.0,2020-05-27,0.0,-0.3259137108811728,0.0,0,0.0,0.0,728931.5,728931.5,0.0,0,-0.27106850000000005
728931.5,0.0,0.0,2020-05-28,0.0,-0.3259137108811728,0.0,0,0.0,0.0,728931.5,728931.5,0.0,0,-0.27106850000000005
728931.5,0.0,0.0,2020-05-29,0.0,-0.3259137108811728,0.0,0,0.0,0.0,728931.5,728931.5,0.0,0,-0.27106850000000005
728931.5,0.0,0.0,2020-06-01,0.0,-0.3259137108811728,0.0,0,0.0,0.0,728931.5,728931.5,0.0,0,-0.27106850000000005
728931.5,0.0,0.0,2020-06-02,0.0,-0.3259137108811728,0.0,0,0.0,0.0,728931.5,728931.5,0.0,0,-0.27106850000000005
728931.5,0.0,0.0,2020-06-03,0.0,-0.3259137108811728,0.0,0,0.0,0.0,728931.5,728931.5,0.0,0,-0.27106850000000005
358462.9,2258.0,-0.008696564766373704,2020-06-04,0.0,-0.33177594595261917,-4081.1999999999966,5,0.0,364129.4,722592.3,728931.5,0.0,0,-0.2774076999999999
358462.9,0.0,0.013865218325741724,2020-06-05,0.0,-0.32251087355274,0.0,5,10018.899999999965,374148.3,732611.2,722592.3,0.0,0,-0.2673888000000001
358462.9,0.0,-0.02134147007307563,2020-06-08,0.0,-0.3369694874696483,0.0,5,-15635.0,358513.3,716976.2,732611.2,0.0,0,-0.28302380000000005
358462.9,0.0,-0.015689990825357714,2020-06-09,0.0,-0.34737243012818175,0.0,5,-11249.349999999977,347263.95,705726.8500000001,716976.2,0.0,0,-0.2942731499999999
358462.9,0.0,0.009677611104069506,2020-06-10,0.0,-0.3410565543111683,0.0,5,6829.750000000058,354093.70000000007,712556.6000000001,705726.8500000001,0.0,0,-0.2874433999999999
420670.9,578.0,-0.018103263656529256,2020-06-11,0.0,-0.3529855812432152,59.00000000000439,5,-12380.600000000093,278986.1,699657.0,712556.6000000001,0.0,0,-0.300343
293444.9,786.0,0.01653074292117429,2020-06-12,0.0,-0.34228995222045366,9454.000000000016,6,2897.850000000035,417777.95,711222.8500000001,699657.0,0.0,0,-0.2887771499999999
295330.9,34.0,0.001703474515758252,2020-06-15,0.0,-0.3411695599153032,22.40000000000009,5,1223.149999999965,417103.5,712434.4,711222.8500000001,0.0,0,-0.2875656
369497.9,687.0,0.007067738447216865,2020-06-16,0.0,-0.3365131186837197,-1552.3999999999974,4,7274.699999999953,347971.8,717469.7,712434.4,0.0,0,-0.2825303
241768.1,772.0,0.006937575203524338,2020-06-17,0.0,-0.33191012854803614,121.75000000001066,5,5627.75,480679.1,722447.2,717469.7,0.0,0,-0.27755280000000004
241768.1,0.0,-0.0005997670141152378,2020-06-18,0.0,-0.3323108268153976,0.0,5,-433.29999999998836,480245.8,722013.9,722447.2,0.0,0,-0.2779861
241768.1,0.0,-0.00809672777767867,2020-06-19,0.0,-0.3377169242907766,0.0,5,-5845.950000000012,474399.85,716167.95,722013.9,0.0,0,-0.28383205
353354.1,1025.0,-0.0011472169342400251,2020-06-22,0.0,-0.3384767066504908,-1002.4999999999965,5,1205.9000000000233,361992.25,715346.35,716167.95,0.0,0,-0.28465365
278027.6,464.0,-0.020560180393735195,2020-06-23,0.0,-0.3520777448964145,-2402.0000000000055,6,-11841.650000000023,422611.1,700638.7,715346.35,0.0,0,-0.29936130000000005
278088.2,21.0,0.008845500541149187,2020-06-24,0.0,-0.34634654823827327,-3.6000000000000085,6,6222.100000000035,428748.0,706836.2,700638.7,0.0,0,-0.2931638000000001
278088.2,0.0,0.02165720997311693,2020-06-29,0.0,-0.3321902381838169,0.0,6,15308.100000000035,444056.10000000003,722144.3,706836.2,0.0,0,-0.2778556999999999
278090.15,21.0,0.019580158702353412,2020-06-30,0.0,-0.3191144170644751,-0.5,6,14161.199999999953,458193.85,736284.0,722144.3,0.0,0,-0.26371599999999995
278141.15,21.0,0.003556711812289892,2020-07-01,0.0,-0.3166927032688305,0.0,5,2639.75,460761.6,738902.75,736284.0,0.0,0,-0.26109724999999995
278141.15,0.0,0.019240082676644565,2020-07-02,0.0,-0.30354581438616823,0.0,5,14216.550000000047,474978.15,753119.3,738902.75,0.0,0,-0.24688069999999995
278141.15,0.0,0.01558976114408428,2020-07-03,0.0,-0.29268825998465087,0.0,5,11740.949999999953,486719.1,764860.25,753119.3,0.0,0,-0.23513974999999998
476149.45,1821.0,0.037570248944169826,2020-07-06,609.49,-0.2661143818311402,-4.199999999999989,5,29951.7,316837.3,793596.24,764860.25,609.49,0,-0.20640376000000005
207892.45,1641.0,0.031077894219861735,2020-07-07,0.0,-0.24330676222021053,-1467.3000000000109,6,27771.600000000035,609757.6000000001,818259.54,793596.24,609.49,0,-0.18174046
208506.85,24.0,0.03067156418365724,2020-07-08,0.0,-0.2200977970103083,1.6000000000000227,6,25119.699999999953,634240.5,843356.84,818259.54,609.49,0,-0.15664316
208565.55,21.0,-0.0026275947438807457,2020-07-09,0.0,-0.22214706393962502,0.0,5,-2195.0,631965.8,841140.8400000001,843356.84,609.49,0,-0.1588591599999999
208565.55,0.0,-0.0369752585072437,2020-07-10,0.0,-0.25090837733107585,0.0,5,-31101.400000000023,600864.4,810039.44,841140.8400000001,609.49,0,-0.18996056000000006
332957.05,1124.0,0.0032442864757300516,2020-07-13,0.0,-0.24847810951056837,-5020.5,5,8772.5,479100.9,812667.44,810039.44,609.49,0,-0.1873325600000001
231264.9,652.0,-0.01654994323385217,2020-07-14,0.0,-0.2609157541371657,-3456.3000000000025,5,-9341.300000000047,567343.45,799217.84,812667.44,609.49,0,-0.20078216000000004
231264.9,0.0,-0.036293546700609136,2020-07-15,0.0,-0.28773974273007297,0.0,5,-29006.449999999953,538337.0,770211.39,799217.84,609.49,0,-0.22978860999999995
231264.9,0.0,0.004954289237400156,2020-07-16,0.0,-0.2842109994032527,0.0,5,3815.850000000093,542152.8500000001,774027.2400000001,770211.39,609.49,0,-0.22597275999999988
231264.9,0.0,-0.029070746915832113,2020-07-17,0.0,-0.3050195202847371,0.0,5,-22501.550000000047,519651.30000000005,751525.6900000001,774027.2400000001,609.49,0,-0.24847430999999998
231264.9,0.0,-0.0509570737362286,2020-07-20,0.0,-0.3404336918348273,0.0,5,-38295.55000000005,481355.75,713230.14,751525.6900000001,609.49,0,-0.28676985999999993
317090.5,790.0,0.0001179142541565259,2020-07-21,0.0,-0.34035591956553324,2246.0,5,-1371.9000000000233,395614.25,713314.24,713230.14,609.49,0,-0.28668576
192701.45,791.0,0.033615479203107146,2020-07-22,0.0,-0.31818166769823575,1798.2500000000111,5,22971.150000000023,543981.7000000001,737292.6400000001,713314.24,609.49,0,-0.26270735999999983
266847.45,688.0,-5.0183601455477955e-06,2020-07-23,0.0,-0.318185089308181,966.5000000000028,4,-282.20000000006985,469832.0,737288.94,737292.6400000001,609.49,0,-0.2627110600000001
182566.45,649.0,0.0015981522793493408,2020-07-24,0.0,-0.31709544525456457,1700.0000000000027,5,127.29999999998836,555291.3,738467.24,737288.94,609.49,0,-0.26153276000000003
174379.45,102.0,-0.03761873038538577,2020-07-27,0.0,-0.34278544757848506,-87.5,6,-27590.70000000007,535698.1,710687.04,738467.24,609.49,0,-0.28931295999999995
265954.7,855.0,-0.026451164777114844,2020-07-28,0.0,-0.36016953799850426,-186.8000000000174,5,-17756.70000000001,425324.35,691888.54,710687.04,609.49,0,-0.30811146
147678.45,787.0,0.0343153537418035,2020-07-29,0.0,-0.3382135293601415,2078.6999999999925,6,22450.70000000007,567343.0,715630.94,691888.54,609.49,0,-0.28436906000000006
150040.05,38.0,0.011792391200972974,2020-07-30,0.0,-0.33040948440684503,0.0,5,8477.0,573420.4,724069.94,715630.94,609.49,0,-0.2759300600000001
150040.05,0.0,-0.004291367212399422,2020-07-31,0.0,-0.3332829431911951,0.0,5,-3107.25,570313.15,720962.69,724069.94,609.49,0,-0.2790373100000001
150040.05,0.0,0.016930487762133684,2020-08-03,0.0,-0.32199509822008787,0.0,5,12206.249999999884,582519.3999999999,733168.94,720962.69,609.49,0,-0.26683106
150040.05,0.0,0.055082052439373586,2020-08-04,0.0,-0.28464919666609434,0.0,5,40384.45000000007,622903.85,773553.3899999999,733168.94,609.49,0,-0.2264466100000001
150040.05,0.0,0.0009950832223746264,2020-08-05,0.0,-0.28393736308358464,0.0,5,769.75,623673.6,774323.1399999999,773553.3899999999,609.49,0,-0.2256768600000001
150040.05,0.0,0.034374666886488825,2020-08-06,0.0,-0.25932294846972204,0.0,5,26617.099999999977,650290.7,800940.24,774323.1399999999,609.49,0,-0.19905976000000003
150649.54,0.0,-0.005068792648000753,2020-08-07,0.0,-0.26307728686306153,0.0,5,-4059.799999999921,646230.9,796880.4400000001,800940.24,0.0,0,-0.20311955999999998
153109.04,39.0,0.006743295142242367,2020-08-10,0.0,-0.2581079995113571,28.5,5,5384.099999999977,649145.0,802254.04,796880.4400000001,0.0,0,-0.19774596
38743.94,725.0,0.008344613633855857,2020-08-11,0.0,-0.2519171974092309,-5536.000000000005,6,12955.5,770204.6,808948.54,802254.04,0.0,0,-0.19105145999999995
42391.94,48.0,-0.007350282132903008,2020-08-12,0.0,-0.25741581706704586,28.0,6,-5925.999999999884,760610.6000000001,803002.54,808948.54,0.0,0,-0.19699745999999996
43796.44,31.0,0.005278937224781455,2020-08-13,0.0,-0.25349576178122724,5.5,5,4264.499999999884,763445.1,807241.54,803002.54,0.0,0,-0.19275845999999996
43796.44,0.0,0.02711127824269277,2020-08-14,0.0,-0.23325707766952863,0.0,5,21885.349999999977,785330.45,829126.8899999999,807241.54,0.0,0,-0.17087311000000005
43796.44,0.0,0.04435262013996466,2020-08-17,0.0,-0.19925002009039894,0.0,5,36773.95000000007,822104.4,865900.8400000001,829126.8899999999,0.0,0,-0.13409915999999988
43796.44,0.0,0.04613057079376426,2020-08-18,0.0,-0.16231096645407372,0.0,5,39944.5,862048.9,905845.3400000001,865900.8400000001,0.0,0,-0.09415465999999995
43796.44,0.0,-0.04098359660380879,2020-08-19,0.0,-0.19664247588435435,0.0,5,-37124.80000000005,824924.1,868720.54,905845.3400000001,0.0,0,-0.13127946000000001
43796.44,0.0,-0.03751344477246954,2020-08-20,0.0,-0.2267791839978146,0.0,5,-32588.699999999953,792335.4,836131.8400000001,868720.54,0.0,0,-0.16386815999999993
141643.74,902.0,0.04273381097411599,2020-08-21,0.0,-0.19373651180552542,-943.7000000000028,5,37576.79999999993,730219.2,871862.94,836131.8400000001,0.0,0,-0.12813706000000002
21711.24,746.0,0.02881542367198242,2020-08-24,0.0,-0.17050368780195135,6504.0,5,19365.100000000093,875274.8,896986.04,871862.94,0.0,0,-0.10301395999999996
21711.24,0.0,0.01590331327787431,2020-08-25,0.0,-0.15731194808622428,0.0,5,14265.04999999993,889539.85,911251.09,896986.04,0.0,0,-0.08874891000000007
141065.24,1080.0,0.0067441894637405575,2020-08-26,0.0,-0.1516287002052874,-1820.500000000008,5,9046.150000000023,776331.5,917396.74,911251.09,0.0,0,-0.08260325999999996
137871.99,80.0,0.003377655342442054,2020-08-27,0.0,-0.14876319435216123,-92.5,5,3271.1500000000233,782623.4,920495.39,917396.74,0.0,0,-0.07950460999999998
137871.99,0.0,0.05090639291523247,2020-08-28,0.0,-0.10542979905994498,0.0,5,46859.10000000009,829482.5000000001,967354.4900000001,920495.39,0.0,0,-0.03264550999999993
137871.99,0.0,0.0354957260807256,2020-08-31,0.0,-0.0736763802473972,0.0,5,34336.94999999995,863819.4500000001,1001691.4400000001,967354.4900000001,0.0,0,0.0016914400000000995
137871.99,0.0,-0.0004460954563014763,2020-09-01,0.0,-0.07408960900523354,0.0,5,-446.85000000009313,863372.6,1001244.59,1001691.4400000001,0.0,0,0.0012445899999999899
137871.99,0.0,0.0706078721484027,2020-09-02,0.0,-0.008713046496997556,0.0,5,70695.75,934068.35,1071940.3399999999,1001244.59,0.0,0,0.07194033999999982
137871.99,0.0,0.02298416159988914,2020-09-03,0.0,0.0,0.0,5,24637.650000000023,958706.0,1096577.99,1071940.3399999999,0.0,0,0.09657798999999989
137871.99,0.0,0.0003812314343460965,2020-09-04,0.0,0.0,0.0,5,418.04999999993015,959124.0499999999,1096996.04,1096577.99,0.0,0,0.09699604000000006
137871.99,0.0,-0.08413804301426653,2020-09-07,0.0,-0.08413804301426653,0.0,5,-92299.09999999998,866824.95,1004696.94,1096996.04,0.0,0,0.004696939999999872
137871.99,0.0,-0.041794244939175274,2020-09-08,0.0,-0.1224158019750008,0.0,5,-41990.54999999993,824834.4,962706.39,1004696.94,0.0,0,-0.03729360999999998
137871.99,0.0,0.021411980032665978,2020-09-09,0.0,-0.10362498664990627,0.0,5,20613.449999999953,845447.85,983319.84,962706.39,0.0,0,-0.016680160000000055
137871.99,0.0,-0.026467125894663046,2020-09-10,0.0,-0.12734945697707345,0.0,5,-26025.649999999907,819422.2000000001,957294.1900000001,983319.84,0.0,0,-0.042705809999999955
507961.49,3348.0,-0.034508670735795555,2020-09-11,0.0,-0.15746346723366478,21012.5,4,-50699.45000000007,416297.75,924259.24,957294.1900000001,0.0,0,-0.07574075999999996
337314.99,3073.0,0.01117570650416222,2020-09-14,0.0,-0.14804752622443385,-9016.899999999994,5,22419.150000000023,597273.5,934588.49,924259.24,0.0,0,-0.06541151
176274.89,1001.0,0.0012984324255909119,2020-09-15,0.0,-0.14694132350742128,-1607.5999999999945,5,3822.0999999999767,759527.1,935801.99,934588.49,0.0,0,-0.06419801000000003
176274.89,0.0,-0.017608319041937492,2020-09-16,0.0,-0.16196225284459553,0.0,5,-16477.900000000023,743049.2,919324.09,935801.99,0.0,0,-0.08067591000000007
176274.89,0.0,0.0037274667739861655,2020-09-17,0.0,-0.15883849498672753,0.0,5,3426.7500000001164,746475.9500000001,922750.8400000001,919324.09,0.0,0,-0.07724915999999993
176274.89,0.0,0.011618629358278287,2020-09-18,0.0,-0.1490653512295268,0.0,5,10721.09999999986,757197.0499999999,933471.94,922750.8400000001,0.0,0,-0.06652806000000011
176274.89,0.0,-0.01756931226020564,2020-09-21,0.0,-0.16401568778680375,0.0,5,-16400.459999999963,740796.59,917071.48,933471.94,0.0,0,-0.08292852000000006
176274.89,0.0,-0.018679503586786828,2020-09-22,0.0,-0.1796314597452877,0.0,5,-17130.439999999944,723666.15,899941.04,917071.48,0.0,0,-0.10005895999999992
176274.89,0.0,0.03623278476109948,2020-09-23,0.0,-0.1499072230014613,0.0,5,32607.369999999995,756273.52,932548.41,899941.04,0.0,0,-0.06745159
176274.89,0.0,-0.01033921659895376,2020-09-24,0.0,-0.15869651635205528,0.0,5,-9641.819999999949,746631.7000000001,922906.5900000001,932548.41,0.0,0,-0.07709340999999992
176274.89,0.0,-0.02152200473506216,2020-09-25,0.0,-0.17680305391075068,0.0,5,-19862.800000000047,726768.9,903043.79,922906.5900000001,0.0,0,-0.09695620999999999
297730.89,1113.0,-0.004374173261298853,2020-09-28,0.0,-0.18040385998111708,-599.3999999999943,5,-2237.670000000042,601362.8300000001,899093.7200000001,903043.79,0.0,0,-0.1009062799999999
132115.09,1017.0,-0.01941354901244341,2020-09-29,0.0,-0.19631512981578314,7503.099999999999,6,-23940.70000000007,749524.03,881639.12,899093.7200000001,0.0,0,-0.11836088
266186.39,1227.0,0.02393657395783433,2020-09-30,0.0,-0.17707766748182618,-6299.999999999994,5,28630.419999999925,636556.1499999999,902742.5399999999,881639.12,0.0,0,-0.09725746000000013
99620.69,1005.0,-0.012041716788930734,2020-10-05,0.0,-0.1869870651492963,-2123.2000000000035,6,-7742.369999999879,792251.28,891871.97,902742.5399999999,0.0,0,-0.10812803000000004
100330.29,26.0,0.03577939555606835,2020-10-06,0.0,-0.15789795376107285,1.1999999999999318,6,31935.44000000006,823452.32,923782.61,891871.97,0.0,0,-0.07621739000000005
240622.39,1303.0,0.03300406358591235,2020-10-07,0.0,-0.13010516428117647,-1999.9,6,33791.4800000001,713648.8,954271.1900000001,923782.61,0.0,0,-0.04572880999999995
74412.79,1039.0,0.025049587843053223,2020-10-08,0.0,-0.1083146571796193,3401.200000000034,7,21541.899999999907,903762.5,978175.29,954271.1900000001,0.0,0,-0.02182470999999997
75080.79,46.0,0.01831874121457311,2020-10-12,0.0,-0.09198010413966495,-0.20000000000000284,7,17965.14000000013,921013.44,996094.23,978175.29,0.0,0,-0.0039057700000000306
75829.59,46.0,0.017900856628795037,2020-10-13,0.0,-0.0757257701677756,5.0,7,17871.940000000177,938095.5800000001,1013925.17,996094.23,0.0,0,0.013925170000000042
76128.19,43.0,0.015126708019290946,2020-10-14,0.0,-0.06174454376334848,0.20000000000000284,5,15380.149999999907,953134.3300000001,1029262.52,1013925.17,0.0,0,0.02926252000000007
214461.99,1263.0,-0.017130838495897027,2020-10-15,0.0,-0.07781764645203282,486.68000000000205,5,-16855.80999999994,797168.4,1011630.39,1029262.52,0.0,0,0.011630390000000101
47492.19,1032.0,-0.03790336903579983,2020-10-16,0.0,-0.11277146451686382,-3059.799999999991,6,-34252.40000000002,925794.0,973286.19,1011630.39,0.0,0,-0.02671381000000006
49896.34,38.0,0.0244507219402752,2020-10-19,0.0,-0.09107808629828795,-24.299999999999912,6,23859.850000000093,947187.3999999999,997083.7399999999,973286.19,0.0,0,-0.002916260000000115
51464.34,32.0,-0.00944444244973841,2020-10-20,0.0,-0.09966234700354981,-15.999999999999943,6,-9368.899999999907,936202.5,987666.84,997083.7399999999,0.0,0,-0.012333160000000065
52327.34,27.0,-0.018760779697736818,2020-10-21,0.0,-0.11655338336499366,0.0,5,-18502.399999999907,916810.1000000001,969137.4400000001,987666.84,0.0,0,-0.030862559999999983
52327.34,0.0,-0.0013764301583478744,2020-10-22,0.0,-0.1177693859314205,0.0,5,-1333.9500000000698,915476.15,967803.49,969137.4400000001,0.0,0,-0.03219651000000001
52327.34,0.0,0.005162979935110501,2020-10-23,0.0,-0.11321444697284433,0.0,5,4996.749999999884,920472.8999999999,972800.2399999999,967803.49,0.0,0,-0.02719976000000013
52327.34,0.0,0.016288544501181557,2020-10-26,0.0,-0.09877000102935662,0.0,5,15845.5,936318.3999999999,988645.7399999999,972800.2399999999,0.0,0,-0.011354260000000171
52327.34,0.0,0.01305467618765066,2020-10-27,0.0,-0.0870047352221982,0.0,5,12906.450000000186,949224.8500000001,1001552.1900000001,988645.7399999999,0.0,0,0.0015521899999999533
52327.34,0.0,-0.010184242121221931,2020-10-28,0.0,-0.09630290005422448,0.0,5,-10200.050000000047,939024.8,991352.14,1001552.1900000001,0.0,0,-0.008647859999999952
52327.34,0.0,0.009203440061167134,2020-10-29,0.0,-0.08798577796142282,0.0,5,9123.84999999986,948148.6499999999,1000475.9899999999,991352.14,0.0,0,0.0004759899999999817
52327.34,0.0,-0.04625273416106668,2020-10-30,0.0,-0.1301689293244852,0.0,5,-46274.75,901873.8999999999,954201.2399999999,1000475.9899999999,0.0,0,-0.04579876000000016
221305.34,1522.0,-0.030465848063664036,2020-11-02,0.0,-0.15666907056473967,-750.0000000000284,5,-26798.549999999814,703825.3500000001,925130.6900000001,954201.2399999999,0.0,0,-0.07486930999999997
44437.34,1043.0,0.009628369371250445,2020-11-03,0.0,-0.148549168873937,5525.000000000009,6,4425.499999999884,889600.85,934038.19,925130.6900000001,0.0,0,-0.06596181000000001
44691.94,22.0,0.002592988194626056,2020-11-04,0.0,-0.14634136692052246,-3.7999999999999545,6,2447.75,891768.2,936460.1399999999,934038.19,0.0,0,-0.06353986000000011
44705.14,21.0,0.02525686784703951,2020-11-05,0.0,-0.12478062363834963,-0.14999999999999858,6,23673.20000000007,915407.05,960112.1900000001,936460.1399999999,0.0,0,-0.03988780999999997
45122.84,23.0,0.0040156244657199025,2020-11-06,0.0,-0.12126607129775968,-2.099999999999966,5,3880.54999999993,918844.8,963967.64,960112.1900000001,0.0,0,-0.036032359999999986
392557.65,3148.0,0.04255185371160386,2020-11-09,0.0,-0.083874313712199,-7266.800000000001,4,51433.39999999991,612428.6,1004986.25,963967.64,0.0,0,0.00498624999999997
275439.42,4054.0,-0.022803376663113606,2020-11-10,0.0,-0.10476507280737324,-3039.4750000000245,6,-15823.599999999977,706629.75,982069.1699999999,1004986.25,0.0,0,-0.017930830000000064
122654.6,974.0,-0.010668464421910273,2020-11-11,0.0,-0.11431585477737916,3494.575000000006,6,-12997.75,848937.4,971592.0,982069.1699999999,0.0,0,-0.02840799999999999
123500.1,26.0,-0.03636603636094171,2020-11-12,0.0,-0.14652467660685453,20.500000000000114,5,-35327.45000000007,812758.95,936259.0499999999,971592.0,0.0,0,-0.06374095000000002
255627.5,1208.0,0.02708144716999006,2020-11-13,0.0,-0.12341132972549285,922.1999999999915,5,25641.050000000047,705986.8,961614.3,936259.0499999999,0.0,0,-0.03838569999999997
84134.55,1077.0,0.013788220495473125,2020-11-16,0.0,-0.1113247318559144,-1570.0499999999913,6,15906.0,890738.7000000001,974873.2500000001,961614.3,0.0,0,-0.025126749999999864
87485.45,46.0,0.028503602904274894,2020-11-17,0.0,-0.08599428490188532,-120.90000000000033,6,27954.29999999993,915175.2000000001,1002660.65,974873.2500000001,0.0,0,0.002660649999999931
89746.2,37.0,0.03723353459617673,2020-11-18,0.0,-0.0519626214876765,70.69999999999993,5,37298.90000000002,950247.05,1039993.25,1002660.65,0.0,0,0.03999324999999998
89746.2,0.0,0.007991686484503546,2020-11-19,0.0,-0.044386203983015404,0.0,5,8311.29999999993,958558.35,1048304.5499999999,1039993.25,0.0,0,0.04830454999999989
89746.2,0.0,-0.031156833193178413,2020-11-20,0.0,-0.0741601036226166,0.0,5,-32661.849999999977,925896.5,1015642.7,1048304.5499999999,0.0,0,0.0156426999999999
89746.2,0.0,0.008004685112195542,2020-11-23,0.0,-0.06674904678780802,0.0,5,8129.900000000023,934026.4,1023772.6,1015642.7,0.0,0,0.023772600000000033
89746.2,0.0,-0.008826276460221716,2020-11-24,0.0,-0.07498617770762417,0.0,5,-9036.099999999977,924990.3,1014736.5,1023772.6,0.0,0,0.01473649999999993
89746.2,0.0,0.0006533223156948154,2020-11-25,0.0,-0.07438184553519456,0.0,5,662.9499999999534,925653.25,1015399.45,1014736.5,0.0,0,0.01539944999999987
89746.2,0.0,0.012699484916995019,2020-11-26,0.0,-0.06262697174367193,0.0,5,12895.050000000047,938548.3,1028294.5,1015399.45,0.0,0,0.02829449999999989
89746.2,0.0,-0.024808116740875352,2020-11-27,0.0,-0.08588143125840275,0.0,5,-25510.050000000047,913038.25,1002784.45,1028294.5,0.0,0,0.0027844500000000494
89746.2,0.0,0.007804768013704333,2020-11-30,0.0,-0.07874694789235526,0.0,5,7826.5,920864.75,1010610.95,1002784.45,0.0,0,0.010610950000000008
89746.2,0.0,0.0026457263301966627,2020-12-01,0.0,-0.07630956443562009,0.0,5,2673.8000000000466,923538.55,1013284.75,1010610.95,0.0,0,0.013284749999999956
89746.2,0.0,-0.030171528783000112,2020-12-02,0.0,-0.10417871699883263,0.0,5,-30572.350000000093,892966.2,982712.3999999999,1013284.75,0.0,0,-0.01728760000000007
281394.2,1727.0,0.008079474727295644,2020-12-03,0.0,-0.09694095158265115,1625.0,4,8041.800000000047,709258.0,990652.2,982712.3999999999,0.0,0,-0.009347800000000017
102633.7,1053.0,0.021890225449456402,2020-12-04,0.0,-0.07717278541862382,-5425.0,5,28163.599999999977,909704.1,1012337.7999999999,990652.2,0.0,0,0.012337799999999843
102633.7,0.0,0.004398186060028619,2020-12-07,0.0,-0.07311401962763697,0.0,5,4452.45000000007,914156.55,1016790.25,1012337.7999999999,0.0,0,0.016790249999999896
267892.45,1503.0,0.03304998253081193,2020-12-08,0.0,-0.04248045416827584,-5842.500000000017,4,40950.39999999991,782502.7,1050395.15,1016790.25,0.0,0,0.050395149999999944
81221.07,1100.0,-0.0292996687960716,2020-12-09,0.0,-0.07053545972691033,805.1249999999754,5,-30481.349999999977,938397.85,1019618.9199999999,1050395.15,0.0,0,0.019618919999999873
81221.07,0.0,-0.02004719567188884,2020-12-10,0.0,-0.08916861723584724,0.0,5,-20440.5,917957.35,999178.4199999999,1019618.9199999999,0.0,0,-0.0008215800000000995
241206.67,1460.0,-0.03131978170625416,2020-12-11,0.0,-0.11769565731522602,1253.6,5,-31087.650000000023,726677.7,967884.37,999178.4199999999,0.0,0,-0.03211562999999995
243858.22,2519.0,0.042628129225808165,2020-12-14,0.0,-0.08008467377876771,7918.750000000005,4,35859.35000000009,765285.25,1009143.47,967884.37,0.0,0,0.009143469999999931
56852.77,1121.0,-0.03918749035754043,2020-12-15,0.0,-0.11613384675481597,-8332.45,5,-30092.349999999977,912744.9,969597.67,1009143.47,0.0,0,-0.030402329999999922
56852.77,0.0,0.026067822543344166,2020-12-16,0.0,-0.09309338071995232,0.0,5,25275.29999999993,938020.2,994872.97,969597.67,0.0,0,-0.005127030000000032
56852.77,0.0,0.011962482004109543,2020-12-17,0.0,-0.08224452660740689,0.0,5,11901.150000000023,949921.35,1006774.12,994872.97,0.0,0,0.006774119999999995
56852.77,0.0,0.016613210121054767,2020-12-18,0.0,-0.06699766208818769,0.0,5,16725.75,966647.1,1023499.87,1006774.12,0.0,0,0.02349986999999998
56852.77,0.0,0.029544410201048477,2020-12-21,0.0,-0.03943265829838383,0.0,5,30238.699999999953,996885.7999999999,1053738.5699999998,1023499.87,0.0,0,0.05373856999999993
56852.77,0.0,-0.021115484080648006,2020-12-22,0.0,-0.059715502710474766,0.0,5,-22250.199999999953,974635.6,1031488.37,1053738.5699999998,0.0,0,0.03148836999999993
56852.77,0.0,0.05673229258028378,2020-12-23,0.0,-0.006371007501540293,0.0,5,58518.70000000007,1033154.3,1090007.07,1031488.37,0.0,0,0.09000706999999997
56852.77,0.0,0.024079064000933403,2020-12-24,0.0,0.0,0.0,5,26246.34999999986,1059400.65,1116253.42,1090007.07,0.0,0,0.11625341999999983
56852.77,0.0,0.004252932098519402,2020-12-25,0.0,0.0,0.0,5,4747.350000000093,1064148.0,1121000.77,1116253.42,0.0,0,0.12100076999999998
56852.77,0.0,0.014748384160342631,2020-12-28,0.0,0.0,0.0,5,16532.949999999953,1080680.95,1137533.72,1121000.77,0.0,0,0.13753371999999997
56852.77,0.0,0.005847958511506768,2020-12-29,0.0,0.0,0.0,5,6652.25,1087333.2,1144185.97,1137533.72,0.0,0,0.14418596999999989
56852.77,0.0,-0.011122361516109014,2020-12-30,0.0,-0.011122361516109014,0.0,5,-12726.049999999814,1074607.1500000001,1131459.9200000002,1144185.97,0.0,0,0.13145992000000017
56852.77,0.0,-0.02297164887643588,2020-12-31,0.0,-0.033838511409119976,0.0,5,-25991.500000000233,1048615.65,1105468.42,1131459.9200000002,0.0,0,0.10546842000000001
190971.77,1213.0,0.0331845300474527,2021-01-04,0.0,-0.0017768964602844495,1164.0,5,36733.44999999995,951181.1,1142152.8699999999,1105468.42,0.0,0,0.14215286999999988
27902.32,1074.0,-0.029256591545403055,2021-01-05,0.0,-0.03098150207173045,-2797.6500000000065,6,-29543.849999999977,1080835.05,1108737.37,1142152.8699999999,0.0,0,0.10873737000000006
273886.82,2238.0,-0.04296463823529284,2021-01-06,0.0,-0.07261503127852531,12247.0,6,-57645.5,787214.05,1061100.87,1108737.37,0.0,0,0.061100870000000196
273782.4,2751.0,-0.021733013940512746,2021-01-07,0.0,-0.09276990173197108,-3.5749999999846196,4,-20306.350000000093,764257.5499999999,1038039.95,1061100.87,0.0,0,0.038039949999999934
166521.2,646.0,-0.013898790696832086,2021-01-08,0.0,-0.10537930298166476,1852.799999999997,5,-15634.29999999993,857091.25,1023612.45,1038039.95,0.0,0,0.023612449999999896
166521.2,0.0,0.041847429659535695,2021-01-11,0.0,-0.06794172629122519,0.0,5,42835.55000000005,899926.8,1066448.0,1023612.45,0.0,0,0.06644800000000006
166521.2,0.0,-0.05276652026165363,2021-01-12,0.0,-0.1171231980759212,0.0,5,-56272.75,843654.05,1010175.25,1066448.0,0.0,0,0.01017525000000008
350456.45,1675.0,0.01454217968614846,2021-01-13,0.0,-0.10428424498160915,3215.7500000000173,5,13149.399999999907,674408.95,1024865.3999999999,1010175.25,0.0,0,0.024865399999999926
399151.08,1926.0,0.016466679429318454,2021-01-14,0.0,-0.0895347807839314,-800.3750000000191,6,19602.500000000116,642590.45,1041741.53,1024865.3999999999,0.0,0,0.04174153000000014
201583.38,1232.0,-0.021297701359760612,2021-01-15,0.0,-0.10892559712124417,-4987.849999999978,7,-15966.849999999977,817971.45,1019554.83,1041741.53,0.0,0,0.019554829999999912
202571.23,48.0,0.01454752560978001,2021-01-18,0.0,-0.09596266942514597,-25.949999999999925,7,14905.95000000007,831815.6,1034386.83,1019554.83,0.0,0,0.03438682999999987
203056.81,44.0,-0.015063726207728112,2021-01-19,0.0,-0.109580840254491,8.77500000000001,5,-15546.5,815748.3,1018805.1100000001,1034386.83,0.0,0,0.01880511000000018
388912.81,1693.0,-0.039491655082099064,2021-01-20,0.0,-0.1447449665896532,2480.199999999976,5,-41021.5,589658.0,978570.81,1018805.1100000001,0.0,0,-0.021429189999999987
211279.66,1072.0,0.030034208766149373,2021-01-21,0.0,-0.11905805836790673,6079.45,6,24383.150000000023,796681.75,1007961.41,978570.81,0.0,0,0.007961410000000058
211550.06,22.0,0.03763259150962939,2021-01-22,0.0,-0.08590593013476633,-10.199999999999964,6,37964.40000000002,834343.55,1045893.6100000001,1007961.41,0.0,0,0.04589361000000003
211828.96,22.0,-0.01849002595971505,2021-01-25,0.0,-0.10280755321619606,4.25,6,-19320.850000000093,814726.05,1026555.01,1045893.6100000001,0.0,0,0.026555010000000046
212094.26,22.0,-0.021929852546333506,2021-01-26,0.0,-0.12248285127984915,5.949999999999964,6,-22496.150000000023,791948.55,1004042.81,1026555.01,0.0,0,0.004042810000000063
387683.91,1618.0,0.051086168327822534,2021-01-27,0.0,-0.07765386250978057,-919.0500000000343,4,53829.75,667651.6,1055335.51,1004042.81,0.0,0,0.05533550999999992
211887.91,1036.0,-0.022559745004695264,2021-01-28,0.0,-0.09846175617762554,-14392.0,5,-8380.099999999977,819639.5,1031527.41,1055335.51,0.0,0,0.03152741000000003
211887.91,0.0,-0.028595604648062656,2021-01-29,0.0,-0.1242417873730789,0.0,5,-29497.150000000023,790142.35,1002030.26,1031527.41,0.0,0,0.0020302599999999504
211887.91,0.0,-0.014668469193734768,2021-02-01,0.0,-0.13708781973615702,0.0,5,-14698.25,775444.1,987332.01,1002030.26,0.0,0,-0.012667989999999962
211887.91,0.0,0.030076356989580333,2021-02-02,0.0,-0.11113456495188456,0.0,5,29695.349999999977,805139.45,1017027.36,987332.01,0.0,0,0.017027359999999936
211887.91,0.0,-0.01630782086334437,2021-02-03,0.0,-0.12563002323826777,0.0,5,-16585.5,788553.95,1000441.86,1017027.36,0.0,0,0.00044186000000001613
211887.91,0.0,-0.009203833194264655,2021-02-04,0.0,-0.13367757865445584,0.0,5,-9207.899999999907,779346.05,991233.9600000001,1000441.86,0.0,0,-0.00876603999999992
211887.91,0.0,0.007744185842865958,2021-02-05,0.0,-0.1269686168237144,0.0,5,7676.29999999993,787022.35,998910.26,991233.9600000001,0.0,0,-0.0010897399999999502
211887.91,0.0,0.024250827096319982,2021-02-17,0.0,-0.10579688370064522,0.0,5,24224.400000000023,811246.75,1023134.66,998910.26,0.0,0,0.023134659999999974
211887.91,0.0,0.01903126808351896,2021-02-18,0.0,-0.08877906447323414,0.0,5,19471.550000000047,830718.3,1042606.2100000001,1023134.66,0.0,0,0.04260620999999998
211887.91,0.0,-0.01355861864663177,2021-02-19,0.0,-0.10113396164086852,0.0,5,-14136.300000000047,816582.0,1028469.91,1042606.2100000001,0.0,0,0.028469910000000098
211887.91,0.0,0.030966243825256923,2021-02-22,0.0,-0.07329945673079696,0.0,5,31847.849999999977,848429.85,1060317.76,1028469.91,0.0,0,0.06031776
211887.91,0.0,-0.021840669725271766,2021-02-23,0.0,-0.09353921723056957,0.0,5,-23158.04999999993,825271.8,1037159.7100000001,1060317.76,0.0,0,0.03715971000000007
211887.91,0.0,-0.03248559472099044,2021-02-24,0.0,-0.12298613485008902,0.0,5,-33692.75,791579.05,1003466.9600000001,1037159.7100000001,0.0,0,0.00346696000000013
440020.31,2056.0,0.007371792290998824,2021-02-25,0.0,-0.11652097079987789,5956.1,4,3497.25,570844.0,1010864.31,1003466.9600000001,0.0,0,0.0108643100000001
258131.31,1091.0,-0.00178372110100522,2021-02-26,0.0,-0.11809685098655776,5003.9,5,-5716.0,750929.9,1009061.21,1010864.31,0.0,0,0.009061210000000042
258131.31,0.0,-0.006463631676020931,2021-03-02,0.0,-0.12379714811570353,0.0,5,-6522.20000000007,744407.7,1002539.01,1009061.21,0.0,0,0.002539010000000008
527321.31,2444.0,-0.003686938825452679,2021-03-03,0.0,-0.1270276544292882,-4877.5,5,3625.20000000007,471521.4,998842.7100000001,1002539.01,0.0,0,-0.0011572899999998665
640378.81,1038.0,-0.011139291390533379,2021-03-04,0.0,-0.1367519477624778,2099.0,3,-12187.400000000023,347337.5,987716.31,998842.7100000001,0.0,0,-0.012283689999999958
338557.06,1823.0,-0.029594732519907407,2021-03-05,0.0,-0.1622995429667783,-9169.700000000004,6,-18238.5,619928.05,958485.1100000001,987716.31,0.0,0,-0.04151488999999986
339248.56,26.0,-0.014759071218122588,2021-03-08,0.0,-0.1746632236715855,14.0,6,-14134.350000000093,605090.2,944338.76,958485.1100000001,0.0,0,-0.055661239999999945
368112.81,277.0,-0.0010338451002477322,2021-03-09,0.0,-0.17551649405384684,-558.75,6,-140.54999999993015,575249.65,943362.46,944338.76,0.0,0,-0.056637539999999986
393093.31,245.0,0.010410579619629878,2021-03-10,0.0,-0.16693314287012284,185.5,6,9880.449999999953,560090.1,953183.4099999999,943362.46,0.0,0,-0.04681659000000005
409788.81,169.0,0.022560401046006318,2021-03-11,0.0,-0.1481388204751367,-0.5,5,21673.699999999953,564898.7999999999,974687.6099999999,953183.4099999999,0.0,0,-0.025312390000000184
429175.31,175.0,0.019741402068299774,2021-03-12,0.0,-0.1313218864237602,241.5,5,19175.20000000007,564754.0,993929.31,974687.6099999999,0.0,0,-0.006070689999999934
437444.31,83.0,0.028889428766317504,2021-03-15,0.0,-0.10622627194074041,-290.0,5,29087.050000000047,585199.05,1022643.3600000001,993929.31,0.0,0,0.02264336
276888.81,1189.0,-0.01633932283098194,2021-03-16,0.0,-0.12082992942135085,-8782.0,6,-6738.300000000047,729045.25,1005934.06,1022643.3600000001,0.0,0,0.005934059999999963
289157.81,113.0,0.001116773001999638,2021-03-17,0.0,-0.11984809602236257,-123.0,6,1359.3999999999069,717899.6499999999,1007057.46,1005934.06,0.0,0,0.00705745999999996
311546.81,201.0,0.019507873959843325,2021-03-18,0.0,-0.10267820361405056,-594.0,5,20440.550000000047,715156.2,1026703.01,1007057.46,0.0,0,0.026703010000000083
311546.81,0.0,0.04052866271425448,2021-03-19,0.0,-0.06631095118217545,0.0,5,41610.90000000002,756767.1,1068313.91,1026703.01,0.0,0,0.06831390999999987
311546.81,0.0,0.007809549161444496,2021-03-22,0.0,-0.05901926065393026,0.0,5,8343.050000000047,765110.15,1076656.96,1068313.91,0.0,0,0.07665696
311546.81,0.0,-0.03329909277696019,2021-03-23,0.0,-0.09035306559474765,0.0,5,-35851.69999999995,729258.4500000001,1040805.26,1076656.96,0.0,0,0.040805259999999954
311546.81,0.0,0.03321010310804917,2021-03-24,0.0,-0.0601435971112283,0.0,5,34565.24999999988,763823.7,1075370.51,1040805.26,0.0,0,0.07537050999999995
311546.81,0.0,0.018230460866924814,2021-03-25,0.0,-0.04300958173783587,0.0,5,19604.5,783428.2,1094975.01,1075370.51,0.0,0,0.09497500999999997
311546.81,0.0,-0.0010124431972197145,2021-03-26,0.0,-0.04397848017660977,0.0,5,-1108.5999999999767,782319.6,1093866.41,1094975.01,0.0,0,0.09386640999999996
311546.81,0.0,0.0012002836799789307,2021-03-29,0.0,-0.042830983148657076,0.0,5,1312.9500000000698,783632.55,1095179.36,1093866.41,0.0,0,0.09517936000000016
311546.81,0.0,0.017851916055101613,2021-03-30,0.0,-0.025743682209282914,0.0,5,19551.04999999993,803183.6,1114730.41,1095179.36,0.0,0,0.11473040999999995
500490.36,1721.0,0.024331847195233403,2021-03-31,0.0,-0.0020382263558083036,2806.6000000000113,5,26037.849999999977,641363.5,1141853.8599999999,1114730.41,0.0,0,0.1418538599999999
291411.76,1272.0,0.017192743036311242,2021-04-01,0.0,0.0,252.2000000000235,6,20651.399999999907,870073.7,1161485.46,1141853.8599999999,0.0,0,0.16148545999999997
292263.43,46.0,0.04272181762826377,2021-04-06,0.0,0.0,18.224999999999977,5,49648.55000000005,918842.7999999999,1211106.23,1161485.46,0.0,0,0.21110622999999995
139438.93,923.0,0.029907533379627704,2021-04-07,0.0,0.0,-2368.0,6,39512.20000000007,1107888.5,1247327.43,1211106.23,0.0,0,0.2473274299999999
140645.93,29.0,-0.01221227051825513,2021-04-08,0.0,-0.01221227051825513,12.0,6,-15215.699999999953,1091448.8,1232094.73,1247327.43,0.0,0,0.23209473000000003
143666.68,43.0,-0.030117935818133157,2021-04-09,0.0,-0.04196239795672585,-128.25,6,-36936.90000000014,1051319.9,1194986.5799999998,1232094.73,0.0,0,0.1949865799999999
146576.68,42.0,-0.0004491263826577052,2021-04-12,0.0,-0.042392677919381616,198.0,6,-692.6999999999534,1047873.2,1194449.88,1194986.5799999998,0.0,0,0.19444987999999985
148078.18,31.0,0.0003733099290865738,2021-04-13,0.0,-0.04203519359788299,42.5,5,434.4000000000233,1046817.6,1194895.78,1194449.88,0.0,0,0.19489577999999996
148078.18,0.0,-0.03130867195798459,2021-04-14,0.0,-0.0720277994688211,0.0,5,-37410.59999999998,1009407.0,1157485.18,1194895.78,0.0,0,0.1574851799999999
265051.38,1053.0,0.006385135747483117,2021-04-15,0.0,-0.06610257099853889,-6146.800000000003,4,14590.5,899824.5,1164875.88,1157485.18,0.0,0,0.16487587999999986
49657.98,1276.0,-0.0008197869115462719,2021-04-16,0.0,-0.066868167887561,6465.550000000035,5,-6144.5,1114262.95,1163920.93,1164875.88,0.0,0,0.16392092999999996
49657.98,0.0,-0.004629996644187839,2021-04-19,0.0,-0.07118856513882643,0.0,5,-5388.949999999953,1108874.0,1158531.98,1163920.93,0.0,0,0.15853198000000002
49657.98,0.0,-0.0048441908353706875,2021-04-20,0.0,-0.0756879049793685,0.0,5,-5612.149999999907,1103261.85,1152919.83,1158531.98,0.0,0,0.1529198300000001
225697.98,1585.0,0.01130239038390024,2021-04-21,0.0,-0.0652409688448845,4375.0,5,10240.75,940252.6000000001,1165950.58,1152919.83,0.0,0,0.16595058000000007
19034.83,1405.0,-0.046118206828286046,2021-04-22,0.0,-0.10835037917830437,-6705.15,5,-45661.40000000014,1093144.2,1112179.03,1165950.58,0.0,0,0.11217903000000007
19034.83,0.0,-0.011846114379624684,2021-04-23,0.0,-0.11891296257310713,0.0,5,-13175.0,1079969.2,1099004.03,1112179.03,0.0,0,0.09900403000000013
20020.08,28.0,0.030987238509034398,2021-04-26,0.0,-0.09161050839714147,29.75000000000005,5,34053.35000000009,1113039.05,1133059.1300000001,1099004.03,0.0,0,0.13305913000000014
173199.93,1400.0,0.0023327997012827506,2021-04-27,0.0,-0.08949141766248181,-15401.049999999983,4,19444.25,962502.3999999999,1135702.3299999998,1133059.1300000001,0.0,0,0.13570232999999976
16833.0,923.0,-0.010063931100678158,2021-04-28,0.0,-0.09865471330170283,-3815.1750000000056,5,-6691.449999999837,1107439.7000000002,1124272.7000000002,1135702.3299999998,0.0,0,0.12427270000000012
16833.0,0.0,-0.0004620765051043252,2021-04-29,0.0,-0.09907120378167267,0.0,5,-519.5000000002328,1106920.2,1123753.2,1124272.7000000002,0.0,0,0.1237531999999999
16833.0,0.0,-0.03529778602632683,2021-05-03,0.0,-0.1308719956555433,0.0,5,-39666.0,1067254.2,1084087.2,1123753.2,0.0,0,0.08408719999999992
272082.6,2315.0,-0.07242438615639035,2021-05-04,0.0,-0.19381805786151918,5102.350000000008,4,-81301.69999999995,733490.25,1005572.85,1084087.2,0.0,0,0.005572850000000074
290238.9,2724.0,0.03267366456841003,2021-05-05,0.0,-0.16747713950297716,-14224.7,5,49804.44999999995,748189.7,1038428.6,1005572.85,0.0,0,0.038428600000000035
129127.95,1019.0,-0.001377128865672539,2021-05-06,0.0,-0.1686236307654999,1376.6500000000092,5,-1787.699999999837,907870.6000000001,1036998.55,1038428.6,0.0,0,0.036998550000000074
129127.95,0.0,0.026316960616772134,2021-05-07,0.0,-0.14674433159864042,0.0,5,27290.64999999979,935161.2499999999,1064289.2,1036998.55,0.0,0,0.06428919999999994
129127.95,0.0,0.06926594763904403,2021-05-10,0.0,-0.08764276914843439,0.0,5,73719.00000000012,1008880.25,1138008.2,1064289.2,0.0,0,0.13800820000000003
129127.95,0.0,-0.000944237484404642,2021-05-11,0.0,-0.08850425104497206,0.0,5,-1074.5499999999302,1007805.7000000001,1136933.6500000001,1138008.2,0.0,0,0.13693365000000024
129127.95,0.0,-0.07562253083106485,2021-05-12,0.0,-0.15743386642270818,0.0,5,-85977.80000000005,921827.9,1050955.85,1136933.6500000001,0.0,0,0.050955850000000025
250927.65,1104.0,-0.07104894082848501,2021-05-13,0.0,-0.21729729779132656,3245.6999999999994,5,-76811.00000000012,725358.8999999999,976286.5499999999,1050955.85,0.0,0,-0.023713450000000025
256489.65,62.0,-0.05229038544062692,2021-05-14,0.0,-0.2582251237752383,296.0000000000002,4,-51284.39999999991,668746.5,925236.15,976286.5499999999,0.0,0,-0.07476384999999997
256489.65,0.0,-0.03400876630252725,2021-05-17,0.0,-0.2834519721898523,0.0,4,-31466.140000000014,637280.36,893770.01,925236.15,0.0,0,-0.10622999
390973.95,1231.0,0.05589708699221174,2021-05-18,0.0,-0.24339902474525077,-4774.699999999998,4,55964.83999999997,552755.2,943729.1499999999,893770.01,0.0,0,-0.056270850000000094
59554.43,1997.0,0.00730996811956075,2021-05-19,0.0,-0.23786829573691004,-7913.124999999973,6,16808.75,891073.35,950627.78,943729.1499999999,0.0,0,-0.04937221999999997
280340.33,2021.0,-0.019338904655195388,2021-05-20,0.0,-0.2526070881003555,6458.049999999999,6,-22821.149999999907,651903.35,932243.6799999999,950627.78,0.0,0,-0.06775632000000009
147390.91,899.0,-0.003998868621989393,2021-05-21,0.0,-0.2555958141640483,-7986.725,6,5157.79999999993,781124.85,928515.76,932243.6799999999,0.0,0,-0.07148423999999998
274843.71,1180.0,0.0315613382803539,2021-05-24,0.0,-0.23210142183756832,3903.2999999999824,5,26581.900000000023,682977.25,957820.96,928515.76,0.0,0,-0.042179040000000056
109074.81,1066.0,-0.032755338743056917,2021-05-25,0.0,-0.2572541998855906,-9636.8,6,-20670.949999999953,817372.4,926447.21,957820.96,0.0,0,-0.07355279000000003
110767.71,33.0,0.023234243427642243,2021-05-26,0.0,-0.23999706316087344,-20.900000000000063,5,21579.20000000007,837204.8,947972.51,926447.21,0.0,0,-0.052027489999999954
110767.71,0.0,0.02927099647646947,2021-05-27,0.0,-0.21775101987454892,0.0,5,27748.099999999977,864952.9,975720.61,947972.51,0.0,0,-0.024279390000000012
110767.71,0.0,0.03245006785292759,2021-05-28,0.0,-0.19236698739159452,0.0,5,31662.199999999953,896615.1,1007382.8099999999,975720.61,0.0,0,0.007382809999999962
110767.71,0.0,-0.02568298738391217,2021-05-31,0.0,-0.21310941586524712,0.0,5,-25872.599999999977,870742.5,981510.21,1007382.8099999999,0.0,0,-0.01848979000000006
110767.71,0.0,0.037658701482076395,2021-06-01,0.0,-0.18347613825825992,0.0,5,36962.40000000002,907704.9,1018472.61,981510.21,0.0,0,0.01847260999999989
110767.71,0.0,0.003908597993617091,2021-06-02,0.0,-0.18028467473051568,0.0,5,3980.79999999993,911685.7,1022453.4099999999,1018472.61,0.0,0,0.022453410000000007
110767.71,0.0,0.015945078612432884,2021-06-03,0.0,-0.16721424942927776,0.0,5,16303.100000000093,927988.8,1038756.51,1022453.4099999999,0.0,0,0.03875651000000002
110767.71,0.0,-0.03403150753779638,2021-06-04,0.0,-0.19555520397719472,0.0,5,-35350.45000000007,892638.35,1003406.0599999999,1038756.51,0.0,0,0.0034060599999998775
476782.04,3296.0,0.01467300287183848,2021-06-07,0.0,-0.18375158317491658,2696.7249999999876,4,15322.25,541347.0,1018129.04,1003406.0599999999,0.0,0,0.01812904000000004
171673.54,2096.0,-0.0044105411235495495,2021-06-08,0.0,-0.1873516803843558,-9132.5,6,6738.0,841965.0,1013638.54,1018129.04,0.0,0,0.013638540000000088
184199.54,114.0,0.01723839348097389,2021-06-09,0.0,-0.17334292888916902,0.0,5,17587.5,846912.5,1031112.04,1013638.54,0.0,0,0.031112040000000007
184199.54,0.0,-0.0008854517885369395,2021-06-10,0.0,-0.17407489387129083,0.0,5,-913.0,845999.5,1030199.04,1031112.04,0.0,0,0.030199040000000066
184199.54,0.0,0.033992945673876784,2021-06-11,0.0,-0.1459992666079667,0.0,5,35019.5,881019.0,1065218.54,1030199.04,0.0,0,0.06521854000000005
184199.54,0.0,0.002869364252710005,2021-06-15,0.0,-0.14354882743178343,0.0,5,3056.5,884075.5,1068275.04,1065218.54,0.0,0,0.06827504000000006
321683.29,1256.0,0.02216446992901755,2021-06-16,0.0,-0.12456604117172343,4038.25,4,20895.5,770269.5,1091952.79,1068275.04,0.0,0,0.09195279000000012
110320.89,1257.0,0.018524060916589535,2021-06-17,0.0,-0.10834944918993727,6955.400000000011,5,14529.0,1001859.3,1112180.19,1091952.79,0.0,0,0.1121801899999999
110320.89,0.0,0.044965465533062465,2021-06-18,3536.0,-0.06825596707995107,0.0,5,46473.69999999995,1048333.0,1162189.89,1112180.19,3536.0,0,0.16218988999999984
237079.89,1141.0,0.02542252368070419,2021-06-21,0.0,-0.04456868233868627,6157.5,5,24529.300000000047,951119.8,1191735.69,1162189.89,3536.0,0,0.19173569000000001
28929.39,1401.0,0.0020391266456070145,2021-06-22,0.0,-0.04262043688079575,-13022.5,5,16853.599999999977,1161700.4,1194165.7899999998,1191735.69,3536.0,0,0.19416578999999978
28929.39,0.0,-0.03895924702381548,2021-06-23,0.0,-0.07991922377590943,0.0,5,-46523.799999999814,1115176.6,1147641.99,1194165.7899999998,3536.0,0,0.1476419899999999
28929.39,0.0,0.01820977289267689,2021-06-24,0.0,-0.06316476179795083,0.0,5,20898.299999999814,1136074.9,1168540.2899999998,1147641.99,3536.0,0,0.1685402899999997
28929.39,0.0,0.03615536439911704,2021-06-25,0.0,-0.029293142378821968,0.0,5,42249.0,1178323.9,1210789.2899999998,1168540.2899999998,3536.0,0,0.2107892899999999
28929.39,0.0,0.05859384501162879,2021-06-28,0.0,0.0,0.0,5,70944.80000000005,1249268.7,1281734.0899999999,1210789.2899999998,3536.0,0,0.2817340899999998
28929.39,0.0,-0.02652710906674871,2021-06-29,0.0,-0.02652710906674871,0.0,5,-34000.69999999995,1215268.0,1247733.39,1281734.0899999999,3536.0,0,0.24773338999999983
28929.39,0.0,0.07190270030362811,2021-06-30,0.0,0.0,0.0,5,89715.3999999999,1304983.4,1337448.7899999998,1247733.39,3536.0,0,0.33744878999999983
28929.39,0.0,0.05693047881108049,2021-07-01,0.0,0.0,0.0,5,76141.6000000001,1381125.0,1413590.39,1337448.7899999998,3536.0,0,0.41359039
28929.39,0.0,0.025281015103675086,2021-07-02,0.0,0.0,0.0,5,35737.0,1416862.0,1449327.39,1413590.39,3536.0,0,0.4493273899999999
28929.39,0.0,-0.030106379208082124,2021-07-05,0.0,-0.030106379208082124,0.0,5,-43634.0,1373228.0,1405693.39,1449327.39,3536.0,0,0.40569338999999993
28929.39,0.0,0.003026833611275759,2021-07-06,0.0,-0.02717067259730732,0.0,5,4254.800000000047,1377482.8,1409948.19,1405693.39,3536.0,0,0.40994818999999993
28929.39,0.0,0.010128244499537198,2021-07-07,0.0,-0.017317619313052424,0.0,5,14280.300000000047,1391763.1,1424228.49,1409948.19,3536.0,0,0.42422848999999996
28929.39,0.0,0.02246879642184374,2021-07-08,0.0,0.0,0.0,5,32000.699999999953,1423763.8,1456229.19,1424228.49,3536.0,0,0.45622918999999995
32465.39,0.0,-0.0471434032990371,2021-07-09,0.0,-0.0471434032990371,0.0,5,-68651.6000000001,1355112.2,1387577.5899999999,1456229.19,0.0,0,0.3875775899999998
32465.39,0.0,0.00974446409155405,2021-07-12,0.0,-0.037858326408084286,0.0,5,13521.199999999953,1368633.4,1401098.7899999998,1387577.5899999999,0.0,0,0.4010987899999998
32465.39,0.0,-0.07214873121116605,2021-07-13,0.0,-0.1072756274031289,0.0,5,-101087.5,1267545.9,1300011.2899999998,1401098.7899999998,0.0,0,0.3000112899999998
32465.39,0.0,-0.033988935588397884,2021-07-14,0.0,-0.13761837860151682,0.0,5,-44186.0,1223359.9,1255825.2899999998,1300011.2899999998,0.0,0,0.25582528999999976
32465.39,0.0,0.07853520771189437,2021-07-15,0.0,-0.06989105883806668,0.0,5,98626.5,1321986.4,1354451.7899999998,1255825.2899999998,0.0,0,0.3544517899999997
32465.39,0.0,0.006205167331943207,2021-07-16,0.0,-0.0641195772212203,0.0,5,8404.600000000093,1330391.0,1362856.39,1354451.7899999998,0.0,0,0.3628563899999999
258991.54,2051.0,-0.015207655151398547,2021-07-19,0.0,-0.07835212395378499,2061.0499999999997,4,-20735.899999999907,1083139.0,1342130.54,1362856.39,0.0,0,0.3421305400000001
15545.84,1453.0,-0.035301335144344415,2021-07-20,0.0,-0.11088752451116568,15449.000000000024,5,-61375.0,1279205.7,1294751.54,1342130.54,0.0,0,0.29475154000000003
15545.84,0.0,-0.020019902814712998,2021-07-21,0.0,-0.12868746986180102,0.0,5,-25920.800000000047,1253284.9,1268830.74,1294751.54,0.0,0,0.26883074000000007
15545.84,0.0,0.004411778359026952,2021-07-22,0.0,-0.12484343209738835,0.0,5,5597.800000000047,1258882.7,1274428.54,1268830.74,0.0,0,0.27442853999999994
348831.34,3001.0,0.010157893984389377,2021-07-23,2995.81,-0.11595368446089171,6526.5,4,6424.20000000001,935546.9,1287374.05,1274428.54,2995.81,0,0.28737404999999994
344451.24,3253.0,-0.025361432444595322,2021-07-26,0.0,-0.1383743653703302,1631.2999999999895,4,-31027.95000000007,907277.35,1254724.4,1287374.05,2995.81,0,0.25472439999999996
155087.24,1117.0,-0.025453438221174185,2021-07-27,0.0,-0.16030570023115653,0.0,5,-30820.04999999993,1064704.3,1222787.35,1254724.4,2995.81,0,0.22278735000000016
155087.24,0.0,-0.03257663730328908,2021-07-28,0.0,-0.18766011688036544,0.0,5,-39834.30000000005,1024870.0,1182953.05,1222787.35,2995.81,0,0.18295305000000006
155087.24,0.0,0.052028607559699847,2021-07-29,0.0,-0.14539520389644156,0.0,5,61547.39999999991,1086417.4,1244500.45,1182953.05,2995.81,0,0.24450044999999987
155087.24,0.0,-0.024834141281346978,2021-07-30,0.0,-0.16661858014259412,0.0,5,-30906.09999999986,1055511.3,1213594.35,1244500.45,2995.81,0,0.21359435000000015
155087.24,0.0,0.04038754794796118,2021-08-02,0.0,-0.13296034808916313,0.0,5,49014.09999999986,1104525.4,1262608.45,1213594.35,2995.81,0,0.2626084499999999
155087.24,0.0,0.012526686321479907,2021-08-03,0.0,-0.12209921434139082,0.0,5,15816.300000000047,1120341.7,1278424.75,1262608.45,2995.81,0,0.2784247500000001
155087.24,0.0,-0.026210850501759975,2021-08-04,0.0,-0.1451097405896663,0.0,5,-33508.59999999986,1086833.1,1244916.1500000001,1278424.75,2995.81,0,0.2449161500000001
547457.24,3540.0,-0.023642074207166575,2021-08-05,0.0,-0.1653211195416293,5600.0,4,-31492.40000000014,665030.7,1215483.75,1244916.1500000001,2995.81,0,0.21548374999999997
120108.26,2680.0,-0.024159582553037073,2021-08-06,0.0,-0.18548661285933987,423.87500000001774,5,-27109.449999999953,1063014.0999999999,1186118.17,1215483.75,2995.81,0,0.18611816999999986
120108.26,0.0,-0.03647296795057109,2021-08-09,0.0,-0.21519433352383222,0.0,5,-43261.24999999988,1019752.85,1142856.92,1186118.17,2995.81,0,0.14285691999999983
251176.26,1180.0,-0.03399498162902137,2021-08-10,0.0,-0.24187378773804136,-808.0,5,-36863.39999999991,849833.4500000001,1104005.52,1142856.92,2995.81,0,0.10400552000000007
297667.83,3198.0,-0.013050595978904123,2021-08-11,0.0,-0.2517677866352891,6635.524999999992,5,-17845.45000000007,788933.9500000001,1089597.59,1104005.52,2995.81,0,0.08959759000000012
463561.26,1905.0,0.005898443663040709,2021-08-12,0.0,-0.2473543810778851,-4426.325,4,12758.249999999884,629467.45,1096024.52,1089597.59,2995.81,0,0.09602452000000006
271062.56,1146.0,-0.017025303412007475,2021-08-13,0.0,-0.2601684011017523,-8777.2,5,-8736.949999999953,803306.0,1077364.37,1096024.52,2995.81,0,0.07736437000000018
271062.56,0.0,-0.007165356693576319,2021-08-16,6111.6,-0.26546955840103714,0.0,5,-13831.30000000007,789474.7,1069644.67,1077364.37,9107.41,0,0.06964466999999996
271062.56,0.0,-0.03575785592424807,2021-08-17,0.0,-0.2917347921037071,0.0,5,-38248.19999999995,751226.5,1031396.4700000001,1069644.67,9107.41,0,0.03139647000000001
445310.29,1589.0,0.03135596343470115,2021-08-18,0.0,-0.26952645414284004,-6071.175000000015,5,40000.59999999998,609319.2,1063736.9,1031396.4700000001,9107.41,0,0.06373689999999987
445773.49,24.0,-0.0010668991552329476,2021-08-19,0.0,-0.270305795751835,5.59999999999998,5,-1116.4999999998836,607721.1,1062601.9999999998,1063736.9,9107.41,0,0.06260199999999982
627845.34,1675.0,0.011277599703369834,2021-08-20,0.0,-0.26207659661045535,2987.9000000000306,4,10670.70000000007,437632.85,1074585.5999999999,1062601.9999999998,9107.41,0,0.07458559999999981
632555.22,56.0,0.018597801794477897,2021-08-23,0.0,-0.24835284341470998,85.02500000000026,4,19955.900000000023,452907.9,1094570.53,1074585.5999999999,9107.41,0,0.09457052999999993
634078.22,31.0,0.01373068211511197,2021-08-24,0.0,-0.23803221524490947,-24.000000000000128,3,15084.199999999953,466414.1,1109599.7299999997,1094570.53,9107.41,0,0.10959972999999978
634078.22,0.0,0.0181350981402999,2021-08-25,0.0,-0.2242138546886291,0.0,3,20122.70000000001,486536.8,1129722.43,1109599.7299999997,9107.41,0,0.12972242999999994
547316.53,544.0,-0.012447216791118931,2021-08-26,0.0,-0.23387023302286625,2501.0,5,-16018.899999999963,562232.4,1115660.5300000003,1129722.43,6111.6,0,0.1156605300000002
547316.53,0.0,-0.0229957046163497,2021-08-27,0.0,-0.2514879268420652,0.0,5,-25655.400000000023,536577.0,1090005.1300000001,1115660.5300000003,6111.6,0,0.09000513000000021
547316.53,0.0,0.027176294115239585,2021-08-30,0.0,-0.2311461425931174,0.0,5,29622.300000000047,545018.3,1119627.4300000002,1090005.1300000001,27292.6,0,0.1196274300000002
547316.53,0.0,0.016129294009883166,2021-08-31,2200.0,-0.218745072676369,0.0,5,15858.79999999993,560126.6,1137686.23,1119627.4300000002,30243.1,0,0.1376862299999999
547316.53,0.0,0.00845364894677525,2021-09-01,0.0,-0.21214061778283666,0.0,5,9617.599999999977,570573.7,1147303.83,1137686.23,29413.6,0,0.14730383000000002
547316.53,0.0,-0.007405013195153187,2021-09-02,0.0,-0.21797472690408004,0.0,5,-8495.79999999993,562275.4,1138808.0300000003,1147303.83,29216.1,0,0.1388080300000003
547316.53,0.0,0.010869522934431552,2021-09-03,0.0,-0.20947448526285883,0.0,5,12378.29999999993,574693.2,1151186.33,1138808.0300000003,29176.6,0,0.15118633000000004
547316.53,0.0,-0.02262049098515606,2021-09-06,0.0,-0.2273565605425062,0.0,5,-26040.399999999907,548889.8,1125145.9300000002,1151186.33,28939.6,0,0.12514593000000018
547316.53,0.0,-0.006985138363341026,2021-09-07,0.0,-0.2327535818726445,0.0,5,-7859.300000000047,540161.5,1117286.6300000001,1125145.9300000002,29808.6,0,0.11728663000000017
547316.53,0.0,-0.01798356792294209,2021-09-08,0.0,-0.2465514099466718,0.0,5,-20092.79999999993,521648.7,1097193.83,1117286.6300000001,28228.6,0,0.09719383000000015
568017.03,186.0,0.020320201764167933,2021-09-09,0.0,-0.2312411825778603,166.5,4,22314.699999999953,523361.9,1119489.0300000003,1097193.83,28110.1,0,0.11948903000000022
544175.33,2691.0,-0.033217386685781336,2021-09-10,0.0,-0.25677734148427556,-8400.099999999997,5,-26095.4,516997.7,1082302.53,1119489.0300000003,21129.5,0,0.08230252999999998
378451.88,1010.0,0.009685600568632102,2021-09-13,0.0,-0.24957878368033537,-2174.4500000000085,6,13667.199999999953,693203.9,1092785.28,1082302.53,21129.5,0,0.09278527999999997
378514.23,21.0,0.010560949356857918,2021-09-14,0.0,-0.2416536232184716,0.44999999999998863,6,11561.400000000023,705235.4,1104326.13,1092785.28,20576.5,0,0.1043261299999998
378514.23,0.0,0.004107572823618844,2021-09-15,0.0,-0.238538660250314,0.0,6,4536.099999999977,709771.5,1108862.23,1104326.13,20576.5,0,0.10886222999999995
378823.43,22.0,0.002324995775174088,2021-09-16,0.0,-0.2367682658524376,4.800000000000068,6,2595.3000000000466,713225.4,1111440.33,1108862.23,19391.5,0,0.11144032999999998
417971.83,373.0,-0.03941651100603849,2021-09-17,0.0,-0.26685219790162285,46.0,6,-43482.09999999998,630386.4,1067631.23,1111440.33,19273.0,0,0.06763122999999993
475451.43,3150.0,-0.016507010571431224,2021-09-22,0.0,-0.27895427642128234,-2766.6000000000004,5,-11706.800000000047,556270.8999999999,1050007.8299999998,1067631.23,18285.499999999996,0,0.05000782999999975
301392.73,1064.0,0.012503002001423402,2021-09-23,0.0,-0.2699390402962599,7761.899999999995,6,6430.350000000093,743023.35,1063136.08,1050007.8299999998,18720.0,0,0.06313608000000004
301392.73,0.0,0.012585924089792755,2021-09-24,0.0,-0.26075054847650736,0.0,6,13380.550000000047,754863.4,1076516.63,1063136.08,20260.5,0,0.07651662999999997
301621.83,22.0,0.010685482861514162,2021-09-27,0.0,-0.2528513111318693,-6.900000000000034,6,11532.0,767322.4,1088019.73,1076516.63,19075.5,0,0.08801973000000007
302733.58,29.0,-0.008915693100528532,2021-09-28,0.0,-0.25951265954227987,13.649999999999963,6,-9685.099999999977,756470.7,1078319.28,1088019.73,19115.0,0,0.0783192800000001
440377.83,1257.0,0.010162528115049474,2021-09-29,0.0,-0.25198743612604,-992.1500000000087,6,13207.600000000093,632300.9,1089277.73,1078319.28,16599.0,0,0.08927773000000006
442773.88,38.0,0.029755496791438185,2021-09-30,0.0,-0.22972995068173296,39.15000000000008,6,32410.849999999977,662632.85,1121689.73,1089277.73,16283.0,0,0.12168972999999994
443346.38,44.0,-0.04470028445388374,2021-10-01,0.0,-0.26416124099256666,17.00000000000003,5,-50112.84999999998,612552.5,1071549.88,1121689.73,15651.0,0,0.07154987999999984
443404.58,21.0,-0.050113019470451436,2021-10-04,0.0,-0.30103634304981897,1.2000000000000028,5,-53678.80000000005,524334.5,1017851.28,1071549.88,50112.200000000004,0,0.017851280000000136
443697.78,22.0,0.0239779626744685,2021-10-05,0.0,-0.2842766185726575,0.0,5,24428.0,548835.3,1042257.28,1017851.28,49724.200000000004,0,0.042257280000000064
448732.88,78.0,0.012557072280656056,2021-10-06,0.0,-0.27528922833911873,-14.799999999999983,4,13180.5,557323.8,1055344.98,1042257.28,49288.299999999996,0,0.05534497999999988
449186.78,24.0,0.013054499013204213,2021-10-07,0.0,-0.26582849228561334,-2.099999999999966,4,13803.09999999986,569827.2,1069121.98,1055344.98,50108.0,0,0.06912198000000003
464853.78,142.0,0.018380690293169577,2021-10-08,0.0,-0.2523339131802459,0.0,4,19793.20000000007,589391.8,1088773.1800000002,1069121.98,34527.6,0,0.08877318000000023
464853.78,0.0,0.011277647379227096,2021-10-12,0.0,-0.24390199869568607,0.0,4,12278.79999999993,602661.2,1101051.98,1088773.1800000002,33537.0,0,0.10105198000000004
574566.98,1007.0,0.023794153660211537,2021-10-13,0.0,-0.22591128667047244,872.000000000005,3,26333.600000000093,519984.8,1127250.58,1101051.98,32698.8,0,0.1272505800000001
574623.48,21.0,-0.019907552409509588,2021-10-14,0.0,-0.24132149830068983,0.4000000000000057,3,-22420.199999999953,496954.1,1104809.78,1127250.58,33232.200000000004,0,0.10480978000000007
574680.48,21.0,0.03560956891601719,2021-10-15,0.0,-0.21430528390932757,0.5,2,39362.30000000005,536048.4,1144151.5799999998,1104809.78,33422.700000000004,0,0.14415157999999995
574680.48,0.0,0.0038522867747996514,2021-10-18,0.0,-0.21127856254550148,0.0,2,4407.599999999977,539960.7,1148559.18,1144151.5799999998,33918.0,0,0.1485591799999999
574680.48,0.0,0.0080369389411874,2021-10-19,0.0,-0.20493965651107426,0.0,2,9230.900000000023,549382.1,1157790.08,1148559.18,33727.5,0,0.15779008000000005
223886.73,2068.0,0.030941662585328045,2021-10-20,0.0,-0.18033916762786495,6530.75,5,31361.20000000007,935885.5,1193614.03,1157790.08,33841.799999999996,0,0.19361403
223886.73,0.0,0.006042321737789846,2021-10-21,0.0,-0.17538651316280784,0.0,5,7212.199999999953,942716.7,1200826.23,1193614.03,34222.799999999996,0,0.20082622999999988
223886.73,0.0,0.02044500643527747,2021-10-22,0.0,-0.1585272851178049,0.0,5,24550.900000000023,965705.5,1225377.13,1200826.23,35784.9,0,0.22537712999999981
223886.73,0.0,0.04097603812795181,2021-10-25,0.0,-0.12404706706916102,0.0,5,50211.09999999998,1016183.3,1275588.23,1225377.13,35518.200000000004,0,0.2755882299999999
223886.73,0.0,-0.04732483303016988,2021-10-26,0.0,-0.16550139336240055,0.0,5,-60367.0,953682.7,1215221.23,1275588.23,37651.799999999996,0,0.21522123000000004
223886.73,0.0,0.019330142874478984,2021-10-27,0.0,-0.1493704160675421,0.0,5,23490.400000000023,975191.9,1238711.6300000001,1215221.23,39633.0,0,0.23871163000000006
223886.73,0.0,0.02245857657766548,2021-10-28,0.0,-0.13026648641756722,0.0,5,27819.699999999953,1002821.1,1266531.33,1238711.6300000001,39823.5,0,0.26653133000000007
223886.73,0.0,0.0011198301742760819,2021-10-29,0.0,-0.12929253258547846,0.0,5,1418.3000000000466,1002715.4,1267949.6300000001,1266531.33,41347.5,0,0.26794963000000016
470514.73,2236.0,0.013440675872905095,2021-11-01,0.0,-0.1175896357358418,960.0,5,18318.099999999977,772558.0,1284991.73,1267949.6300000001,41919.0,0,0.28499173
471630.73,29.0,-0.02037686265887495,2021-11-02,0.0,-0.1355703905372203,5.0,4,-26160.099999999977,747543.9,1258807.63,1284991.73,39633.0,0,0.25880762999999996
471630.73,0.0,-0.02145014008216639,2021-11-03,0.0,-0.15411252675136933,0.0,4,-27001.599999999977,719780.3,1231806.03,1258807.63,40395.0,0,0.23180603
471630.73,0.0,0.019002180075380792,2021-11-04,0.0,-0.13803882066119,0.0,4,23407.0,743758.8,1255213.03,1231806.03,39823.5,0,0.25521302999999995
471630.73,0.0,0.03406919700315725,2021-11-05,0.0,-0.10867249543322233,0.0,4,42764.09999999998,787475.4,1297977.13,1255213.03,38871.0,0,0.2979771299999998
235128.98,1402.0,-0.03080843959091939,2021-11-08,0.0,-0.1361329050133928,5883.349999999984,5,-44470.0,983798.0,1257988.48,1297977.13,39061.5,0,0.2579884800000001
235128.98,0.0,0.04945856101957302,2021-11-09,0.0,-0.09340728158319633,0.0,5,62218.30000000005,1045635.3,1320206.78,1257988.48,39442.5,0,0.32020678000000014
235128.98,0.0,0.051623049534709864,2021-11-10,0.0,-0.04660620077255839,0.0,5,68153.09999999986,1113978.9,1388359.88,1320206.78,39252.0,0,0.3883598799999999
235128.98,0.0,-0.0064005738915473565,2021-11-11,0.0,-0.05270846823225672,0.0,5,-8886.299999999814,1104711.6,1379473.58,1388359.88,39633.0,0,0.37947358
235128.98,0.0,-0.011627913888716979,2021-11-12,0.0,-0.06372349259116283,0.0,5,-16040.40000000014,1088290.2,1363433.18,1379473.58,40014.0,0,0.3634331799999999
235128.98,0.0,0.006101509132996119,2021-11-15,0.0,-0.05801079293019806,0.0,5,8319.0,1094513.7,1371752.18,1363433.18,42109.5,0,0.3717521799999999
235128.98,0.0,-0.027053210150539075,2021-11-16,0.0,-0.08349462490859705,0.0,5,-37110.30000000005,1057974.9,1334641.88,1371752.18,41538.0,0,0.33464187999999995
235128.98,0.0,0.019847271689091617,2021-11-17,0.0,-0.06530449372464509,0.0,5,26489.0,1084082.9,1361130.88,1334641.88,41919.0,0,0.36113087999999993
348679.98,1022.0,-0.011388471327606564,2021-11-18,0.0,-0.0759492466979047,-4642.0,4,-9837.199999999953,954840.2,1345629.68,1361130.88,42109.5,0,0.34562967999999983
128382.38,1315.0,0.004571242810280429,2021-11-19,0.0,-0.07172518633553837,3437.399999999977,5,4028.8000000000466,1182432.0,1351780.88,1345629.68,40966.5,0,0.35178087999999996
168323.13,359.0,0.006439616160275996,2021-11-22,0.0,-0.0657474528442874,-285.75,5,9349.699999999953,1192162.7,1360485.83,1351780.88,0.0,0,0.36048583
168323.13,0.0,0.01509857695467498,2021-11-23,0.0,-0.05164156886595572,0.0,5,20541.40000000014,1212704.1,1381027.23,1360485.83,0.0,0,0.38102722999999994
168323.13,0.0,-0.0025180531740854883,2021-11-24,0.0,-0.05402958582364359,0.0,5,-3477.500000000233,1209226.5999999999,1377549.73,1381027.23,0.0,0,0.3775497299999999
391198.38,2007.0,0.0031633340743348892,2021-11-25,0.0,-0.051037165379166805,4433.75,5,1930.9000000001397,990709.0,1381907.38,1377549.73,0.0,0,0.3819073799999999
200906.38,1462.0,-0.030760961707867684,2021-11-26,0.0,-0.08022817479712785,3180.0,5,-44226.79999999993,1138492.2000000002,1339398.58,1381907.38,0.0,0,0.3393985800000001
200906.38,0.0,0.013533536820682368,2021-11-29,0.0,-0.06778040893411841,0.0,5,18126.799999999814,1156619.0,1357525.38,1339398.58,0.0,0,0.3575253799999998
200906.38,0.0,0.05383604688112742,2021-11-30,0.0,-0.01759339132599025,0.0,5,73083.80000000005,1229702.8,1430609.1800000002,1357525.38,0.0,0,0.43060918000000026
200906.38,0.0,0.025993751836542733,2021-12-01,0.0,0.0,0.0,5,37186.89999999991,1266889.7,1467796.08,1430609.1800000002,0.0,0,0.46779608000000006
200906.38,0.0,-0.030307002863776522,2021-12-02,0.0,-0.030307002863776522,0.0,5,-44484.49999999977,1222405.2000000002,1423311.58,1467796.08,0.0,0,0.42331158
200906.38,0.0,-0.0008630576869190776,2021-12-03,0.0,-0.03114390385890653,0.0,5,-1228.4000000001397,1221176.8,1422083.1800000002,1423311.58,0.0,0,0.4220831800000002
566988.88,3311.0,0.015094405377890752,2021-12-06,0.0,-0.016519597190912227,1046.4999999999898,5,23730.0,876559.8,1443548.6800000002,1422083.1800000002,0.0,0,0.44354868000000014
318529.18,1553.0,0.023584933761984228,2021-12-07,0.0,0.0,931.0999999999997,6,34667.89999999991,1159065.5,1477594.68,1443548.6800000002,0.0,0,0.47759467999999994
319639.78,29.0,0.010741172944667143,2021-12-08,0.0,0.0,17.599999999999937,5,15882.5,1173826.0,1493465.78,1477594.68,0.0,0,0.49346577999999996
319639.78,0.0,0.045013820135872296,2021-12-09,0.0,0.0,0.0,5,67226.6000000001,1241052.6,1560692.3800000001,1493465.78,0.0,0,0.5606923800000001
319639.78,0.0,0.047232754477855465,2021-12-10,0.0,0.0,0.0,5,73715.79999999981,1314768.4,1634408.18,1560692.3800000001,0.0,0,0.6344081799999999
319639.78,0.0,0.028095001335590508,2021-12-13,0.0,0.0,0.0,5,45918.700000000186,1360687.1,1680326.8800000001,1634408.18,0.0,0,0.6803268800000002
319639.78,0.0,-0.049044921545265074,2021-12-14,0.0,-0.049044921545265074,0.0,5,-82411.5,1278275.6,1597915.3800000001,1680326.8800000001,0.0,0,0.5979153800000001
319639.78,0.0,0.02472521417248008,2021-12-15,0.0,-0.02553235356206418,0.0,5,39508.799999999814,1317784.4,1637424.18,1597915.3800000001,0.0,0,0.63742418
319639.78,0.0,-0.02256318213158426,2021-12-16,0.0,-0.047519444549979584,0.0,5,-36945.5,1280838.9,1600478.68,1637424.18,0.0,0,0.6004786799999999
526045.18,1876.0,-0.05540448686264288,2021-12-17,0.0,-0.10029114097133296,2846.2000000000116,4,-89643.8999999999,985759.8,1511804.98,1600478.68,0.0,0,0.51180498
287126.18,1407.0,-0.018245210437129233,2021-12-20,0.0,-0.1167065184364604,778.0,5,-26954.20000000007,1197095.6,1484221.78,1511804.98,0.0,0,0.48422177999999994
287126.18,0.0,0.005671861249738397,2021-12-21,0.0,-0.11169660036623363,0.0,5,8418.299999999814,1205513.9,1492640.0799999998,1484221.78,0.0,0,0.4926400799999999
287126.18,0.0,0.025825448824876807,2021-12-22,0.0,-0.08875576637802773,0.0,5,38548.10000000009,1244062.0,1531188.18,1492640.0799999998,0.0,0,0.53118818
287126.18,0.0,-0.0018742960777035078,2021-12-23,0.0,-0.09046370787093527,0.0,5,-2869.899999999907,1241192.1,1528318.28,1531188.18,0.0,0,0.5283182799999999
287126.18,0.0,0.0044516250895068055,2021-12-24,0.0,-0.08641479329307644,0.0,5,6803.5,1247995.6,1535121.78,1528318.28,0.0,0,0.5351217800000001
287126.18,0.0,-0.002584029522400555,2021-12-27,0.0,-0.0887755244384355,0.0,5,-3966.8000000000466,1244028.8,1531154.98,1535121.78,0.0,0,0.5311549799999999
287126.18,0.0,0.017467598217915103,2021-12-28,0.0,-0.0728586214129957,0.0,5,26745.59999999986,1270774.4,1557900.5799999998,1531154.98,0.0,0,0.5579005799999999
601938.33,2851.0,0.0072243698631913045,2021-12-29,0.0,-0.06616060917861422,2769.0499999999997,5,11336.800000000047,967217.1,1569155.43,1557900.5799999998,0.0,0,0.5691554299999999
392690.03,1283.0,-0.009745624753055848,2021-12-30,0.0,-0.07526145746118162,-8236.349999999999,6,-5773.04999999993,1161173.0,1553863.03,1569155.43,0.0,0,0.55386303
395554.83,42.0,-0.029468427471371128,2022-01-03,0.0,-0.10251204813196824,15.600000000000222,6,-45763.5,1112518.3,1508073.1300000001,1553863.03,0.0,0,0.5080731300000001
397550.06,36.0,0.005098844245039924,2022-01-04,0.0,-0.09793589685359316,23.725000000000207,6,7701.699999999953,1118212.5,1515762.56,1508073.1300000001,0.0,0,0.51576256
397881.96,23.0,-0.020793560173435144,2022-01-05,0.0,-0.11669302106266377,1.3000000000000185,5,-31496.399999999907,1086362.5,1484244.46,1515762.56,0.0,0,0.48424446
687169.96,2605.0,-0.02263609594338656,2022-01-06,0.0,-0.13668764258535226,2121.0,4,-33113.5,763477.0,1450646.96,1484244.46,0.0,0,0.45064696000000004
465453.61,1308.0,-0.007978957195760361,2022-01-07,0.0,-0.14357597493173468,-8977.650000000043,5,-1289.0,973618.7,1439072.31,1450646.96,0.0,0,0.43907231
728905.61,2373.0,-0.01780688838353084,2022-01-10,0.0,-0.15882622195509954,875.0,4,-24127.399999999907,684541.3,1413446.9100000001,1439072.31,0.0,0,0.4134469100000002
478514.38,1476.0,-0.05331405054329208,2022-01-11,0.0,-0.20367260327347736,-20016.97499999998,5,-53863.60000000009,859575.95,1338090.33,1413446.9100000001,0.0,0,0.33809033
809073.78,2991.0,-0.02890683022871865,2022-01-12,0.0,-0.22669190413712847,9362.450000000013,5,-45051.40000000002,490336.6,1299410.38,1338090.33,0.0,0,0.29941037999999986
550565.78,4537.0,0.001844759774814353,2022-01-13,0.0,-0.22526533646834246,3207.1,6,3727.0,751241.7,1301807.48,1299410.38,0.0,0,0.3018074799999999
337661.03,1584.0,-0.042262163065770686,2022-01-14,0.0,-0.25800729915122234,-6879.8500000000195,5,-46553.34999999998,909129.25,1246790.28,1301807.48,0.0,0,0.24679027999999992
388484.03,457.0,-0.011252253265881973,2022-01-17,0.0,-0.2663563889426086,80.0,5,-13652.199999999953,844277.05,1232761.08,1246790.28,0.0,0,0.23276108000000018
445770.78,2473.0,-0.009009612795368382,2022-01-18,0.0,-0.27296623380803153,10221.100000000039,5,-18854.800000000047,775883.6,1221654.38,1232761.08,0.0,0,0.22165437999999993
245221.43,1210.0,-0.02299504709343403,2022-01-19,0.0,-0.28968440950013263,-4275.849999999989,6,-22606.150000000023,948340.95,1193562.38,1221654.38,0.0,0,0.19356237999999992
424592.98,1650.0,-0.013132451443384041,2022-01-20,0.0,-0.2990125945018508,276.54999999998313,5,-14300.949999999953,753295.0,1177887.98,1193562.38,0.0,0,0.17788797999999995
411974.73,1812.0,-0.009899370906221616,2022-01-21,0.0,-0.30595192882946687,-2916.0499999999997,6,-6932.29999999993,754252.9,1166227.63,1177887.98,0.0,0,0.16622762999999985
408200.73,3071.0,-0.007460979122917877,2022-01-24,0.0,-0.3111302069987717,-7566.2,5,1935.9999999998836,749325.7,1157526.43,1166227.63,0.0,0,0.15752642999999988
210359.18,1242.0,-0.022739307991438196,2022-01-25,0.0,-0.3267946293878248,5420.250000000011,6,-30499.599999999977,920845.9,1131205.08,1157526.43,0.0,0,0.13120507999999997
212390.18,36.0,-0.015436546660487216,2022-01-26,0.0,-0.33718659550337027,0.0,6,-17425.900000000023,901353.0,1113743.18,1131205.08,0.0,0,0.11374317999999994
212687.08,22.0,0.00919763207887847,2022-02-07,0.0,-0.3310902816718614,-1.5,5,10267.300000000047,911299.9,1123986.98,1113743.18,0.0,0,0.12398697999999997
374719.48,1470.0,0.013275687588480745,2022-02-08,0.0,-0.32221004522643837,533.5999999999992,5,15858.099999999977,764189.2,1138908.68,1123986.98,0.0,0,0.1389086799999999
161894.65,1360.0,0.020873684095550127,2022-02-09,0.0,-0.3080620718273579,4971.4250000000175,6,20161.800000000047,1000787.25,1162681.9,1138908.68,0.0,0,0.16268189999999993
167544.85,63.0,0.011133268695418863,2022-02-10,0.0,-0.3003585409524604,10.799999999999386,6,12996.649999999907,1008081.5,1175626.35,1162681.9,0.0,0,0.17562635000000015
182686.5,136.0,0.01046701615696155,2022-02-11,0.0,-0.2930353824965296,313.25,5,12128.050000000047,1005245.1499999999,1187931.65,1175626.35,0.0,0,0.1879316499999999
182686.5,0.0,-0.0015302648094273064,2022-02-14,0.0,-0.2941172255722053,0.0,5,-1817.8499999998603,1003427.3,1186113.8,1187931.65,0.0,0,0.1861138
182686.5,0.0,-0.011986834652796596,2022-02-15,0.0,-0.3025785256735286,0.0,5,-14217.750000000116,989209.5499999999,1171896.0499999998,1186113.8,0.0,0,0.17189604999999974
182686.5,0.0,-0.008560870223941586,2022-02-16,0.0,-0.30854906040662755,0.0,5,-10032.449999999953,979177.1,1161863.6,1171896.0499999998,0.0,0,0.1618636
182686.5,0.0,-0.0014654043727680977,2022-02-17,0.0,-0.30956231563706227,0.0,5,-1702.5999999999767,977474.5,1160161.0,1161863.6,0.0,0,0.160161
182686.5,0.0,0.00841590089651345,2022-02-18,0.0,-0.3037516605102455,0.0,5,9763.800000000047,987238.3,1169924.8,1160161.0,0.0,0,0.1699248
182686.5,0.0,-0.012574910797685468,2022-02-21,0.0,-0.3125069212723658,0.0,5,-14711.70000000007,972526.6,1155213.1,1169924.8,0.0,0,0.1552131000000001
182686.5,0.0,-0.012024361565844632,2022-02-22,0.0,-0.32077358662500255,0.0,5,-13890.699999999953,958635.9,1141322.4,1155213.1,0.0,0,0.14132239999999996
348624.35,1515.0,0.020531709532731535,2022-02-23,0.0,-0.30682790719862796,103.14999999999439,5,24845.149999999907,816131.35,1164755.7,1141322.4,0.0,0,0.16475569999999995
126817.87,1361.0,-0.014717618467117166,2022-02-24,0.0,-0.3170297495925317,6297.825000000003,6,-22079.250000000116,1020795.4,1147613.27,1164755.7,0.0,0,0.1476132699999999
128333.47,31.0,-0.02774414590029972,2022-02-25,0.0,-0.3359781758654007,17.100000000000108,6,-31825.650000000023,987440.25,1115773.72,1147613.27,0.0,0,0.11577371999999997
128968.67,24.0,0.004736354607814075,2022-03-01,0.0,-0.33283313303897166,-6.399999999999977,6,5315.100000000093,992089.75,1121058.42,1115773.72,0.0,0,0.12105842
593775.8,4235.0,-0.0023800900581075757,2022-03-02,0.0,-0.33442105026612434,-1025.52500000002,6,2592.3000000000466,524614.4,1118390.2000000002,1121058.42,0.0,0,0.11839020000000011
96201.92,3225.0,0.00806164968183709,2022-03-03,0.0,-0.32905538593776484,4954.224999999976,8,7286.849999999977,1031204.3499999999,1127406.2699999998,1118390.2000000002,0.0,0,0.12740626999999982
108218.45,151.0,-0.005861214520298641,2022-03-04,0.0,-0.3329879362520226,190.9749999999997,8,-6647.949999999837,1012579.85,1120798.3,1127406.2699999998,0.0,0,0.12079830000000014
118851.6,140.0,-0.007986494983084791,2022-03-07,0.0,-0.33831502475280284,32.600000000000634,7,-8843.84999999986,992995.4500000001,1111847.05,1120798.3,0.0,0,0.11184704999999995
123651.65,76.0,-0.021312553736595574,2022-03-08,0.0,-0.35241722134445663,79.1499999999997,7,-23699.45000000007,964499.0999999999,1088150.7499999998,1111847.05,0.0,0,0.08815074999999983
126430.4,62.0,0.04852236696064405,2022-03-09,0.0,-0.3209949721211388,-9.150000000000105,7,52870.80000000005,1014520.0,1140950.4,1088150.7499999998,0.0,0,0.14095039999999992
284737.51,1482.0,0.051298733056231116,2022-03-10,0.0,-0.2861628744521424,-5489.69999999999,6,65501.0,914742.2000000001,1199479.71,1140950.4,0.0,0,0.19947970999999987
286689.06,55.0,0.024331632921077206,2022-03-11,8721.9,-0.26879405154787506,-41.54999999999992,5,20559.949999999975,933254.05,1228665.01,1199479.71,8721.9,0,0.22866501000000006
288081.96,31.0,-0.035307467574094975,2022-03-14,0.0,-0.2946110818628338,-26.100000000000165,5,-43323.95000000007,888480.1,1185283.96,1228665.01,8721.9,0,0.18528396000000003
289971.71,34.0,-0.05805853476663925,2022-03-15,0.0,-0.3355649288905025,89.10000000000011,5,-68870.94999999995,817774.5000000001,1116468.11,1185283.96,8721.9,0,0.11646811000000001
394697.19,982.0,0.021853763472025944,2022-03-16,0.0,-0.32104452200395683,-6.47499999999987,4,25387.499999999884,737448.05,1140867.14,1116468.11,8721.9,0,0.1408671399999999
395645.12,27.0,0.034645208556011164,2022-03-17,0.0,-0.2975219678685377,-23.624999999999886,4,39576.19999999995,776025.7000000001,1180392.72,1140867.14,8721.9,0,0.18039271999999995
396170.62,24.0,0.03785684987958926,2022-03-18,0.0,-0.2709283624624277,5.24999999999995,4,44704.69999999984,820186.1499999999,1225078.67,1180392.72,8721.9,0,0.22507867000000004
397182.62,28.0,0.03712108545649562,2022-03-21,0.0,-0.2438644319014882,16.25,4,45488.0,864650.3999999999,1270554.92,1225078.67,8721.9,0,0.2705549199999999
397489.8,22.0,0.03854337914019479,2022-03-22,0.0,-0.2147204120188806,5.7750000000000075,4,48987.70000000007,913314.7,1319526.4,1270554.92,8721.9,0,0.3195264
397516.28,21.0,-0.015483676567592641,2022-03-23,0.0,-0.22687942717431264,1.7249999999999979,3,-20411.84999999986,892857.1000000001,1299095.28,1319526.4,8721.9,0,0.29909527999999996
397516.28,0.0,0.012498698324883373,2022-03-24,0.0,-0.2172164263658033,0.0,3,16237.0,909094.1000000001,1315332.28,1299095.28,8721.9,0,0.31533228
397516.28,0.0,-0.03292019868926199,2022-03-25,0.0,-0.2429858171405317,0.0,3,-43301.0,865793.1000000001,1272031.28,1315332.28,8721.9,0,0.27203128
397516.28,0.0,-0.029989199636663022,2022-03-28,0.0,-0.2656880665980895,0.0,3,-38147.20000000007,827645.9,1233884.08,1272031.28,8721.9,0,0.23388408000000016
397516.28,0.0,0.004667618371411164,2022-03-29,0.0,-0.2622605787273963,0.0,3,5759.29999999993,833405.2,1239643.38,1233884.08,8721.9,0,0.23964337999999996
397516.28,0.0,-0.002797417431455229,2022-03-30,0.0,-0.264324343844336,0.0,3,-3467.8000000000466,829937.3999999999,1236175.5799999998,1239643.38,8721.9,0,0.23617557999999983
174938.08,1320.0,0.005367684095490821,2022-03-31,0.0,-0.2603754693253494,-482.20000000000596,5,8437.600000000093,1059151.0,1242810.98,1236175.5799999998,8721.9,0,0.24281098
353795.08,1626.0,0.01548996614111009,2022-04-01,0.0,-0.24891871038806468,-10017.000000000007,5,30894.100000000093,899545.1,1262062.0799999998,1242810.98,8721.9,0,0.26206207999999975
361799.58,81.0,0.018198391635378286,2022-04-06,0.0,-0.23525023892970154,-350.2000000000006,4,23398.70000000007,914508.1000000001,1285029.58,1262062.0799999998,8721.9,0,0.28502958
370521.48,0.0,-0.01674630711613656,2022-04-07,0.0,-0.24805697329557685,0.0,4,-21519.50000000014,892988.6,1263510.08,1285029.58,0.0,0,0.2635100800000001
370521.48,0.0,0.029250103014611284,2022-04-08,0.0,-0.22606256230335386,0.0,4,36957.80000000005,929946.4,1300467.88,1263510.08,0.0,0,0.3004678799999998
594662.48,2024.0,-0.014456181724380457,2022-04-11,0.0,-0.23725074254599798,3047.5,3,-19823.300000000047,687005.6,1281668.08,1300467.88,0.0,0,0.28166808
594662.48,0.0,0.010961418341634888,2022-04-12,0.0,-0.22888992884527326,0.0,3,14048.900000000023,701054.5,1295716.98,1281668.08,0.0,0,0.2957169799999999
594662.48,0.0,-0.002697116773139774,2022-04-13,0.0,-0.2309697027521217,0.0,3,-3494.6999999999534,697559.8,1292222.28,1295716.98,0.0,0,0.29222228000000006
594662.48,0.0,0.03038045435960135,2022-04-14,0.0,-0.2076062129054318,0.0,3,39258.29999999993,736818.1,1331480.58,1292222.28,0.0,0,0.33148058
594662.48,0.0,0.03407154462590789,2022-04-15,0.0,-0.18060813262714703,0.0,3,45365.59999999998,782183.7,1376846.18,1331480.58,0.0,0,0.37684618000000003
594662.48,0.0,0.029844147150845934,2022-04-18,0.0,-0.15615408116306517,0.0,3,41090.80000000005,823274.5,1417936.98,1376846.18,0.0,0,0.4179369799999999
594662.48,0.0,-0.04099328871442498,2022-04-19,0.0,-0.19074610054443697,0.0,3,-58125.89999999991,765148.6000000001,1359811.08,1417936.98,0.0,0,0.35981108000000006
594662.48,0.0,0.0074193394570662985,2022-04-20,0.0,-0.18474197115742153,0.0,3,10088.899999999907,775237.5,1369899.98,1359811.08,0.0,0,0.36989998
594662.48,0.0,-0.01123111192395232,2022-04-21,0.0,-0.19389822532625323,0.0,3,-15385.5,759852.0,1354514.48,1369899.98,0.0,0,0.35451447999999997
594662.48,0.0,-0.0292701928147715,2022-04-22,0.0,-0.21749297969928327,0.0,3,-39646.89999999991,720205.1000000001,1314867.58,1354514.48,0.0,0,0.31486758000000004
594662.48,0.0,-0.016979656613025584,2022-04-25,0.0,-0.23077968020127138,0.0,3,-22326.0,697879.1000000001,1292541.58,1314867.58,0.0,0,0.29254157999999997
594662.48,0.0,0.03530810977856502,2022-04-26,0.0,-0.20361996470591492,0.0,3,45637.19999999995,743516.3,1338178.78,1292541.58,0.0,0,0.33817878
594662.48,0.0,0.008411656325920891,2022-04-27,0.0,-0.1969210895441963,0.0,3,11256.29999999993,754772.6,1349435.08,1338178.78,0.0,0,0.3494350800000001
594662.48,0.0,-0.017779143550944343,2022-04-28,0.0,-0.21119914477592605,0.0,3,-23991.79999999993,730780.8,1325443.28,1349435.08,0.0,0,0.32544328
594662.48,0.0,0.007583123436259109,2022-04-29,0.0,-0.20521757052413525,0.0,3,10051.0,740831.8,1335494.28,1325443.28,0.0,0,0.33549428000000003
594662.48,0.0,-0.012862803126345024,2022-05-03,0.0,-0.21544070044276153,0.0,3,-17178.20000000007,723653.6,1318316.08,1335494.28,0.0,0,0.31831608
594662.48,0.0,-0.01845801653272716,2022-05-04,0.0,-0.22992210896489385,0.0,3,-24333.5,699320.1,1293982.58,1318316.08,0.0,0,0.29398258
594662.48,0.0,0.006508201988314255,2022-05-05,0.0,-0.22491028650330225,0.0,3,8421.5,707741.6,1302404.08,1293982.58,0.0,0,0.3024040800000001
797845.28,1848.0,-0.02588490048341996,2022-05-06,0.0,-0.2449734066028868,-1202.8000000000172,3,-30661.79999999993,470846.2,1268691.48,1302404.08,0.0,0,0.26869148
802509.03,56.0,-0.01176818811772895,2022-05-09,0.0,-0.25385870158787205,93.0,3,-14967.200000000012,451252.25,1253761.28,1268691.48,0.0,0,0.25376128
820167.68,174.0,0.0007601925623352823,2022-05-10,0.0,-0.253291490522368,-745.0500000000003,1,1872.149999999965,434546.69999999995,1254714.38,1253761.28,0.0,0,0.2547143799999998
820167.68,0.0,-0.031222643674491124,2022-05-11,0.0,-0.2766057042424984,0.0,1,-39175.5,395371.19999999995,1215538.88,1254714.38,0.0,0,0.21553888
1206014.48,3492.0,-0.00783553710762419,2022-05-12,0.0,-0.28227388709035006,13856.699999999984,0,-19889.099999999977,0.0,1206014.48,1215538.88,0.0,0,0.2060144799999999
1206014.48,0.0,0.0,2022-05-13,0.0,-0.28227388709035006,0.0,0,0.0,0.0,1206014.48,1206014.48,0.0,0,0.2060144799999999
1206014.48,0.0,0.0,2022-05-16,0.0,-0.28227388709035006,0.0,0,0.0,0.0,1206014.48,1206014.48,0.0,0,0.2060144799999999
1206014.48,0.0,0.0,2022-05-17,0.0,-0.28227388709035006,0.0,0,0.0,0.0,1206014.48,1206014.48,0.0,0,0.2060144799999999
1206014.48,0.0,0.0,2022-05-18,0.0,-0.28227388709035006,0.0,0,0.0,0.0,1206014.48,1206014.48,0.0,0,0.2060144799999999
1206014.48,0.0,0.0,2022-05-19,0.0,-0.28227388709035006,0.0,0,0.0,0.0,1206014.48,1206014.48,0.0,0,0.2060144799999999
1206014.48,0.0,0.0,2022-05-20,0.0,-0.28227388709035006,0.0,0,0.0,0.0,1206014.48,1206014.48,0.0,0,0.2060144799999999
1206014.48,0.0,0.0,2022-05-23,0.0,-0.28227388709035006,0.0,0,0.0,0.0,1206014.48,1206014.48,0.0,0,0.2060144799999999
1206014.48,0.0,0.0,2022-05-24,0.0,-0.28227388709035006,0.0,0,0.0,0.0,1206014.48,1206014.48,0.0,0,0.2060144799999999
1206014.48,0.0,0.0,2022-05-25,0.0,-0.28227388709035006,0.0,0,0.0,0.0,1206014.48,1206014.48,0.0,0,0.2060144799999999
1206014.48,0.0,0.0,2022-05-26,0.0,-0.28227388709035006,0.0,0,0.0,0.0,1206014.48,1206014.48,0.0,0,0.2060144799999999
1206014.48,0.0,0.0,2022-05-27,0.0,-0.28227388709035006,0.0,0,0.0,0.0,1206014.48,1206014.48,0.0,0,0.2060144799999999
1206014.48,0.0,0.0,2022-05-30,0.0,-0.28227388709035006,0.0,0,0.0,0.0,1206014.48,1206014.48,0.0,0,0.2060144799999999
1206014.48,0.0,0.0,2022-05-31,0.0,-0.28227388709035006,0.0,0,0.0,0.0,1206014.48,1206014.48,0.0,0,0.2060144799999999
1206014.48,0.0,0.0,2022-06-01,0.0,-0.28227388709035006,0.0,0,0.0,0.0,1206014.48,1206014.48,0.0,0,0.2060144799999999
1206014.48,0.0,0.0,2022-06-02,0.0,-0.28227388709035006,0.0,0,0.0,0.0,1206014.48,1206014.48,0.0,0,0.2060144799999999
1206014.48,0.0,0.0,2022-06-06,0.0,-0.28227388709035006,0.0,0,0.0,0.0,1206014.48,1206014.48,0.0,0,0.2060144799999999
1206014.48,0.0,0.0,2022-06-07,0.0,-0.28227388709035006,0.0,0,0.0,0.0,1206014.48,1206014.48,0.0,0,0.2060144799999999
1206014.48,0.0,0.0,2022-06-08,0.0,-0.28227388709035006,0.0,0,0.0,0.0,1206014.48,1206014.48,0.0,0,0.2060144799999999
1206014.48,0.0,0.0,2022-06-09,0.0,-0.28227388709035006,0.0,0,0.0,0.0,1206014.48,1206014.48,0.0,0,0.2060144799999999
1206014.48,0.0,0.0,2022-06-10,0.0,-0.28227388709035006,0.0,0,0.0,0.0,1206014.48,1206014.48,0.0,0,0.2060144799999999
1206014.48,0.0,0.0,2022-06-13,0.0,-0.28227388709035006,0.0,0,0.0,0.0,1206014.48,1206014.48,0.0,0,0.2060144799999999
1206014.48,0.0,0.0,2022-06-14,0.0,-0.28227388709035006,0.0,0,0.0,0.0,1206014.48,1206014.48,0.0,0,0.2060144799999999
1206014.48,0.0,0.0,2022-06-15,0.0,-0.28227388709035006,0.0,0,0.0,0.0,1206014.48,1206014.48,0.0,0,0.2060144799999999
1206014.48,0.0,0.0,2022-06-16,0.0,-0.28227388709035006,0.0,0,0.0,0.0,1206014.48,1206014.48,0.0,0,0.2060144799999999
1206014.48,0.0,0.0,2022-06-17,0.0,-0.28227388709035006,0.0,0,0.0,0.0,1206014.48,1206014.48,0.0,0,0.2060144799999999
1206014.48,0.0,0.0,2022-06-20,0.0,-0.28227388709035006,0.0,0,0.0,0.0,1206014.48,1206014.48,0.0,0,0.2060144799999999
1206014.48,0.0,0.0,2022-06-21,0.0,-0.28227388709035006,0.0,0,0.0,0.0,1206014.48,1206014.48,0.0,0,0.2060144799999999
1206014.48,0.0,0.0,2022-06-22,0.0,-0.28227388709035006,0.0,0,0.0,0.0,1206014.48,1206014.48,0.0,0,0.2060144799999999
1206014.48,0.0,0.0,2022-06-23,0.0,-0.28227388709035006,0.0,0,0.0,0.0,1206014.48,1206014.48,0.0,0,0.2060144799999999
1206014.48,0.0,0.0,2022-06-24,0.0,-0.28227388709035006,0.0,0,0.0,0.0,1206014.48,1206014.48,0.0,0,0.2060144799999999
1206014.48,0.0,0.0,2022-06-27,0.0,-0.28227388709035006,0.0,0,0.0,0.0,1206014.48,1206014.48,0.0,0,0.2060144799999999
1206014.48,0.0,0.0,2022-06-28,0.0,-0.28227388709035006,0.0,0,0.0,0.0,1206014.48,1206014.48,0.0,0,0.2060144799999999
1206014.48,0.0,0.0,2022-06-29,0.0,-0.28227388709035006,0.0,0,0.0,0.0,1206014.48,1206014.48,0.0,0,0.2060144799999999
1206014.48,0.0,0.0,2022-06-30,0.0,-0.28227388709035006,0.0,0,0.0,0.0,1206014.48,1206014.48,0.0,0,0.2060144799999999
1206014.48,0.0,0.0,2022-07-01,0.0,-0.28227388709035006,0.0,0,0.0,0.0,1206014.48,1206014.48,0.0,0,0.2060144799999999
1206014.48,0.0,0.0,2022-07-04,0.0,-0.28227388709035006,0.0,0,0.0,0.0,1206014.48,1206014.48,0.0,0,0.2060144799999999
1206014.48,0.0,0.0,2022-07-05,0.0,-0.28227388709035006,0.0,0,0.0,0.0,1206014.48,1206014.48,0.0,0,0.2060144799999999
1206014.48,0.0,0.0,2022-07-06,0.0,-0.28227388709035006,0.0,0,0.0,0.0,1206014.48,1206014.48,0.0,0,0.2060144799999999
1206014.48,0.0,0.0,2022-07-07,0.0,-0.28227388709035006,0.0,0,0.0,0.0,1206014.48,1206014.48,0.0,0,0.2060144799999999
1206014.48,0.0,0.0,2022-07-08,0.0,-0.28227388709035006,0.0,0,0.0,0.0,1206014.48,1206014.48,0.0,0,0.2060144799999999
1206014.48,0.0,0.0,2022-07-11,0.0,-0.28227388709035006,0.0,0,0.0,0.0,1206014.48,1206014.48,0.0,0,0.2060144799999999
1206014.48,0.0,0.0,2022-07-12,0.0,-0.28227388709035006,0.0,0,0.0,0.0,1206014.48,1206014.48,0.0,0,0.2060144799999999
1206014.48,0.0,0.0,2022-07-13,0.0,-0.28227388709035006,0.0,0,0.0,0.0,1206014.48,1206014.48,0.0,0,0.2060144799999999
1206014.48,0.0,0.0,2022-07-14,0.0,-0.28227388709035006,0.0,0,0.0,0.0,1206014.48,1206014.48,0.0,0,0.2060144799999999
1206014.48,0.0,0.0,2022-07-15,0.0,-0.28227388709035006,0.0,0,0.0,0.0,1206014.48,1206014.48,0.0,0,0.2060144799999999
1206014.48,0.0,0.0,2022-07-18,0.0,-0.28227388709035006,0.0,0,0.0,0.0,1206014.48,1206014.48,0.0,0,0.2060144799999999
1206014.48,0.0,0.0,2022-07-19,0.0,-0.28227388709035006,0.0,0,0.0,0.0,1206014.48,1206014.48,0.0,0,0.2060144799999999
1206014.48,0.0,0.0,2022-07-20,0.0,-0.28227388709035006,0.0,0,0.0,0.0,1206014.48,1206014.48,0.0,0,0.2060144799999999
1206014.48,0.0,0.0,2022-07-21,0.0,-0.28227388709035006,0.0,0,0.0,0.0,1206014.48,1206014.48,0.0,0,0.2060144799999999
1206014.48,0.0,0.0,2022-07-22,0.0,-0.28227388709035006,0.0,0,0.0,0.0,1206014.48,1206014.48,0.0,0,0.2060144799999999
1206014.48,0.0,0.0,2022-07-25,0.0,-0.28227388709035006,0.0,0,0.0,0.0,1206014.48,1206014.48,0.0,0,0.2060144799999999
1206014.48,0.0,0.0,2022-07-26,0.0,-0.28227388709035006,0.0,0,0.0,0.0,1206014.48,1206014.48,0.0,0,0.2060144799999999
1206014.48,0.0,0.0,2022-07-27,0.0,-0.28227388709035006,0.0,0,0.0,0.0,1206014.48,1206014.48,0.0,0,0.2060144799999999
1206014.48,0.0,0.0,2022-07-28,0.0,-0.28227388709035006,0.0,0,0.0,0.0,1206014.48,1206014.48,0.0,0,0.2060144799999999
1206014.48,0.0,0.0,2022-07-29,0.0,-0.28227388709035006,0.0,0,0.0,0.0,1206014.48,1206014.48,0.0,0,0.2060144799999999
1206014.48,0.0,0.0,2022-08-01,0.0,-0.28227388709035006,0.0,0,0.0,0.0,1206014.48,1206014.48,0.0,0,0.2060144799999999
1206014.48,0.0,0.0,2022-08-02,0.0,-0.28227388709035006,0.0,0,0.0,0.0,1206014.48,1206014.48,0.0,0,0.2060144799999999
1206014.48,0.0,0.0,2022-08-03,0.0,-0.28227388709035006,0.0,0,0.0,0.0,1206014.48,1206014.48,0.0,0,0.2060144799999999
1206014.48,0.0,0.0,2022-08-04,0.0,-0.28227388709035006,0.0,0,0.0,0.0,1206014.48,1206014.48,0.0,0,0.2060144799999999
1206014.48,0.0,0.0,2022-08-05,0.0,-0.28227388709035006,0.0,0,0.0,0.0,1206014.48,1206014.48,0.0,0,0.2060144799999999
1206014.48,0.0,0.0,2022-08-08,0.0,-0.28227388709035006,0.0,0,0.0,0.0,1206014.48,1206014.48,0.0,0,0.2060144799999999
1206014.48,0.0,0.0,2022-08-09,0.0,-0.28227388709035006,0.0,0,0.0,0.0,1206014.48,1206014.48,0.0,0,0.2060144799999999
1206014.48,0.0,0.0,2022-08-10,0.0,-0.28227388709035006,0.0,0,0.0,0.0,1206014.48,1206014.48,0.0,0,0.2060144799999999
1206014.48,0.0,0.0,2022-08-11,0.0,-0.28227388709035006,0.0,0,0.0,0.0,1206014.48,1206014.48,0.0,0,0.2060144799999999
1206014.48,0.0,0.0,2022-08-12,0.0,-0.28227388709035006,0.0,0,0.0,0.0,1206014.48,1206014.48,0.0,0,0.2060144799999999
1206014.48,0.0,0.0,2022-08-15,0.0,-0.28227388709035006,0.0,0,0.0,0.0,1206014.48,1206014.48,0.0,0,0.2060144799999999
1206014.48,0.0,0.0,2022-08-16,0.0,-0.28227388709035006,0.0,0,0.0,0.0,1206014.48,1206014.48,0.0,0,0.2060144799999999
1206014.48,0.0,0.0,2022-08-17,0.0,-0.28227388709035006,0.0,0,0.0,0.0,1206014.48,1206014.48,0.0,0,0.2060144799999999
1206014.48,0.0,0.0,2022-08-18,0.0,-0.28227388709035006,0.0,0,0.0,0.0,1206014.48,1206014.48,0.0,0,0.2060144799999999
1206014.48,0.0,0.0,2022-08-19,0.0,-0.28227388709035006,0.0,0,0.0,0.0,1206014.48,1206014.48,0.0,0,0.2060144799999999
1206014.48,0.0,0.0,2022-08-22,0.0,-0.28227388709035006,0.0,0,0.0,0.0,1206014.48,1206014.48,0.0,0,0.2060144799999999
1206014.48,0.0,0.0,2022-08-23,0.0,-0.28227388709035006,0.0,0,0.0,0.0,1206014.48,1206014.48,0.0,0,0.2060144799999999
1206014.48,0.0,0.0,2022-08-24,0.0,-0.28227388709035006,0.0,0,0.0,0.0,1206014.48,1206014.48,0.0,0,0.2060144799999999
1206014.48,0.0,0.0,2022-08-25,0.0,-0.28227388709035006,0.0,0,0.0,0.0,1206014.48,1206014.48,0.0,0,0.2060144799999999
1206014.48,0.0,0.0,2022-08-26,0.0,-0.28227388709035006,0.0,0,0.0,0.0,1206014.48,1206014.48,0.0,0,0.2060144799999999
1206014.48,0.0,0.0,2022-08-29,0.0,-0.28227388709035006,0.0,0,0.0,0.0,1206014.48,1206014.48,0.0,0,0.2060144799999999
1206014.48,0.0,0.0,2022-08-30,0.0,-0.28227388709035006,0.0,0,0.0,0.0,1206014.48,1206014.48,0.0,0,0.2060144799999999
1206014.48,0.0,0.0,2022-08-31,0.0,-0.28227388709035006,0.0,0,0.0,0.0,1206014.48,1206014.48,0.0,0,0.2060144799999999
1206014.48,0.0,0.0,2022-09-01,0.0,-0.28227388709035006,0.0,0,0.0,0.0,1206014.48,1206014.48,0.0,0,0.2060144799999999
1206014.48,0.0,0.0,2022-09-02,0.0,-0.28227388709035006,0.0,0,0.0,0.0,1206014.48,1206014.48,0.0,0,0.2060144799999999
1206014.48,0.0,0.0,2022-09-05,0.0,-0.28227388709035006,0.0,0,0.0,0.0,1206014.48,1206014.48,0.0,0,0.2060144799999999
1206014.48,0.0,0.0,2022-09-06,0.0,-0.28227388709035006,0.0,0,0.0,0.0,1206014.48,1206014.48,0.0,0,0.2060144799999999
1206014.48,0.0,0.0,2022-09-07,0.0,-0.28227388709035006,0.0,0,0.0,0.0,1206014.48,1206014.48,0.0,0,0.2060144799999999
1206014.48,0.0,0.0,2022-09-08,0.0,-0.28227388709035006,0.0,0,0.0,0.0,1206014.48,1206014.48,0.0,0,0.2060144799999999
1206014.48,0.0,0.0,2022-09-12,0.0,-0.28227388709035006,0.0,0,0.0,0.0,1206014.48,1206014.48,0.0,0,0.2060144799999999
1206014.48,0.0,0.0,2022-09-13,0.0,-0.28227388709035006,0.0,0,0.0,0.0,1206014.48,1206014.48,0.0,0,0.2060144799999999
1206014.48,0.0,0.0,2022-09-14,0.0,-0.28227388709035006,0.0,0,0.0,0.0,1206014.48,1206014.48,0.0,0,0.2060144799999999
1206014.48,0.0,0.0,2022-09-15,0.0,-0.28227388709035006,0.0,0,0.0,0.0,1206014.48,1206014.48,0.0,0,0.2060144799999999
1206014.48,0.0,0.0,2022-09-16,0.0,-0.28227388709035006,0.0,0,0.0,0.0,1206014.48,1206014.48,0.0,0,0.2060144799999999
1206014.48,0.0,0.0,2022-09-19,0.0,-0.28227388709035006,0.0,0,0.0,0.0,1206014.48,1206014.48,0.0,0,0.2060144799999999
1206014.48,0.0,0.0,2022-09-20,0.0,-0.28227388709035006,0.0,0,0.0,0.0,1206014.48,1206014.48,0.0,0,0.2060144799999999
1206014.48,0.0,0.0,2022-09-21,0.0,-0.28227388709035006,0.0,0,0.0,0.0,1206014.48,1206014.48,0.0,0,0.2060144799999999
1206014.48,0.0,0.0,2022-09-22,0.0,-0.28227388709035006,0.0,0,0.0,0.0,1206014.48,1206014.48,0.0,0,0.2060144799999999
1206014.48,0.0,0.0,2022-09-23,0.0,-0.28227388709035006,0.0,0,0.0,0.0,1206014.48,1206014.48,0.0,0,0.2060144799999999
1206014.48,0.0,0.0,2022-09-26,0.0,-0.28227388709035006,0.0,0,0.0,0.0,1206014.48,1206014.48,0.0,0,0.2060144799999999
1206014.48,0.0,0.0,2022-09-27,0.0,-0.28227388709035006,0.0,0,0.0,0.0,1206014.48,1206014.48,0.0,0,0.2060144799999999
1206014.48,0.0,0.0,2022-09-28,0.0,-0.28227388709035006,0.0,0,0.0,0.0,1206014.48,1206014.48,0.0,0,0.2060144799999999
1206014.48,0.0,0.0,2022-09-29,0.0,-0.28227388709035006,0.0,0,0.0,0.0,1206014.48,1206014.48,0.0,0,0.2060144799999999
1206014.48,0.0,0.0,2022-09-30,0.0,-0.28227388709035006,0.0,0,0.0,0.0,1206014.48,1206014.48,0.0,0,0.2060144799999999
1206014.48,0.0,0.0,2022-10-03,0.0,-0.28227388709035006,0.0,0,0.0,0.0,1206014.48,1206014.48,0.0,0,0.2060144799999999
1206014.48,0.0,0.0,2022-10-04,0.0,-0.28227388709035006,0.0,0,0.0,0.0,1206014.48,1206014.48,0.0,0,0.2060144799999999
1206014.48,0.0,0.0,2022-10-05,0.0,-0.28227388709035006,0.0,0,0.0,0.0,1206014.48,1206014.48,0.0,0,0.2060144799999999
1206014.48,0.0,0.0,2022-10-06,0.0,-0.28227388709035006,0.0,0,0.0,0.0,1206014.48,1206014.48,0.0,0,0.2060144799999999
1206014.48,0.0,0.0,2022-10-07,0.0,-0.28227388709035006,0.0,0,0.0,0.0,1206014.48,1206014.48,0.0,0,0.2060144799999999
1206014.48,0.0,0.0,2022-10-11,0.0,-0.28227388709035006,0.0,0,0.0,0.0,1206014.48,1206014.48,0.0,0,0.2060144799999999
1206014.48,0.0,0.0,2022-10-12,0.0,-0.28227388709035006,0.0,0,0.0,0.0,1206014.48,1206014.48,0.0,0,0.2060144799999999
1206014.48,0.0,0.0,2022-10-13,0.0,-0.28227388709035006,0.0,0,0.0,0.0,1206014.48,1206014.48,0.0,0,0.2060144799999999
1206014.48,0.0,0.0,2022-10-14,0.0,-0.28227388709035006,0.0,0,0.0,0.0,1206014.48,1206014.48,0.0,0,0.2060144799999999
1206014.48,0.0,0.0,2022-10-17,0.0,-0.28227388709035006,0.0,0,0.0,0.0,1206014.48,1206014.48,0.0,0,0.2060144799999999
1206014.48,0.0,0.0,2022-10-18,0.0,-0.28227388709035006,0.0,0,0.0,0.0,1206014.48,1206014.48,0.0,0,0.2060144799999999
1206014.48,0.0,0.0,2022-10-19,0.0,-0.28227388709035006,0.0,0,0.0,0.0,1206014.48,1206014.48,0.0,0,0.2060144799999999
1206014.48,0.0,0.0,2022-10-20,0.0,-0.28227388709035006,0.0,0,0.0,0.0,1206014.48,1206014.48,0.0,0,0.2060144799999999
1206014.48,0.0,0.0,2022-10-21,0.0,-0.28227388709035006,0.0,0,0.0,0.0,1206014.48,1206014.48,0.0,0,0.2060144799999999
1206014.48,0.0,0.0,2022-10-24,0.0,-0.28227388709035006,0.0,0,0.0,0.0,1206014.48,1206014.48,0.0,0,0.2060144799999999
1206014.48,0.0,0.0,2022-10-25,0.0,-0.28227388709035006,0.0,0,0.0,0.0,1206014.48,1206014.48,0.0,0,0.2060144799999999
1206014.48,0.0,0.0,2022-10-26,0.0,-0.28227388709035006,0.0,0,0.0,0.0,1206014.48,1206014.48,0.0,0,0.2060144799999999
1206014.48,0.0,0.0,2022-10-27,0.0,-0.28227388709035006,0.0,0,0.0,0.0,1206014.48,1206014.48,0.0,0,0.2060144799999999
1206014.48,0.0,0.0,2022-10-28,0.0,-0.28227388709035006,0.0,0,0.0,0.0,1206014.48,1206014.48,0.0,0,0.2060144799999999
1206014.48,0.0,0.0,2022-10-31,0.0,-0.28227388709035006,0.0,0,0.0,0.0,1206014.48,1206014.48,0.0,0,0.2060144799999999
1206014.48,0.0,0.0,2022-11-01,0.0,-0.28227388709035006,0.0,0,0.0,0.0,1206014.48,1206014.48,0.0,0,0.2060144799999999
1206014.48,0.0,0.0,2022-11-02,0.0,-0.28227388709035006,0.0,0,0.0,0.0,1206014.48,1206014.48,0.0,0,0.2060144799999999
1206014.48,0.0,0.0,2022-11-03,0.0,-0.28227388709035006,0.0,0,0.0,0.0,1206014.48,1206014.48,0.0,0,0.2060144799999999
1206014.48,0.0,0.0,2022-11-04,0.0,-0.28227388709035006,0.0,0,0.0,0.0,1206014.48,1206014.48,0.0,0,0.2060144799999999
1206014.48,0.0,0.0,2022-11-07,0.0,-0.28227388709035006,0.0,0,0.0,0.0,1206014.48,1206014.48,0.0,0,0.2060144799999999
1206014.48,0.0,0.0,2022-11-08,0.0,-0.28227388709035006,0.0,0,0.0,0.0,1206014.48,1206014.48,0.0,0,0.2060144799999999
1206014.48,0.0,0.0,2022-11-09,0.0,-0.28227388709035006,0.0,0,0.0,0.0,1206014.48,1206014.48,0.0,0,0.2060144799999999
1206014.48,0.0,0.0,2022-11-10,0.0,-0.28227388709035006,0.0,0,0.0,0.0,1206014.48,1206014.48,0.0,0,0.2060144799999999
1206014.48,0.0,0.0,2022-11-11,0.0,-0.28227388709035006,0.0,0,0.0,0.0,1206014.48,1206014.48,0.0,0,0.2060144799999999
1206014.48,0.0,0.0,2022-11-14,0.0,-0.28227388709035006,0.0,0,0.0,0.0,1206014.48,1206014.48,0.0,0,0.2060144799999999
1206014.48,0.0,0.0,2022-11-15,0.0,-0.28227388709035006,0.0,0,0.0,0.0,1206014.48,1206014.48,0.0,0,0.2060144799999999
116098.53,6436.0,-0.004735556740579017,2022-11-16,0.0,-0.28567271982222886,724.8500000000358,5,0.0,1084204.8,1200303.33,1206014.48,0.0,0,0.2003033300000001
116098.53,0.0,-0.007206303426651295,2022-11-17,0.0,-0.2908203789491245,0.0,5,-8649.75,1075555.05,1191653.58,1200303.33,0.0,0,0.1916535800000001
116098.53,0.0,-0.015516044520253902,2022-11-18,0.0,-0.30182404152220665,0.0,5,-18489.75,1057065.3,1173163.83,1191653.58,0.0,0,0.17316383000000002
116098.53,0.0,-0.010362235596711233,2022-11-21,0.0,-0.30905870529191326,0.0,5,-12156.599999999977,1044908.7000000001,1161007.23,1173163.83,0.0,0,0.16100723000000006
116098.53,0.0,-0.0030074748113325667,2022-11-22,0.0,-0.31113669383185727,0.0,5,-3491.70000000007,1041417.0,1157515.53,1161007.23,0.0,0,0.15751552999999996
116098.53,0.0,0.01754620087041081,2022-11-23,0.0,-0.29904975988957583,0.0,5,20310.0,1061727.0,1177825.53,1157515.53,0.0,0,0.17782553
116098.53,0.0,0.009383647848081544,2022-11-24,0.0,-0.2924722896773514,0.0,5,11052.300000000047,1072779.3,1188877.83,1177825.53,0.0,0,0.18887783000000002
116098.53,0.0,-0.016552541820045508,2022-11-25,0.0,-0.304183671691308,0.0,5,-19678.949999999953,1053100.35,1169198.8800000001,1188877.83,0.0,0,0.16919888000000016
116098.53,0.0,0.005575612593812673,2022-11-28,0.0,-0.30030406940820953,0.0,5,6518.999999999767,1059619.3499999999,1175717.88,1169198.8800000001,0.0,0,0.17571787999999988
116098.53,0.0,-0.000690471765216194,2022-11-29,0.0,-0.30078718969251983,0.0,5,-811.7999999998137,1058807.55,1174906.08,1175717.88,0.0,0,0.17490607999999996
116098.53,0.0,0.01253704466317851,2022-11-30,0.0,-0.29202112746062847,0.0,5,14729.84999999986,1073537.4,1189635.93,1174906.08,0.0,0,0.1896359299999999
116098.53,0.0,0.007815248149070309,2022-12-01,0.0,-0.28648809688743426,0.0,5,9297.300000000047,1082834.7,1198933.23,1189635.93,0.0,0,0.19893322999999996
116098.53,0.0,0.0214480667951793,2022-12-02,0.0,-0.27118464593032043,0.0,5,25714.800000000047,1108549.5,1224648.03,1198933.23,0.0,0,0.22464803
116098.53,0.0,0.009866712479013273,2022-12-05,0.0,-0.26399363438142465,0.0,5,12083.25,1120632.75,1236731.28,1224648.03,0.0,0,0.2367312800000001
116098.53,0.0,-0.03321517832071008,2022-12-06,0.0,-0.2884402170606234,0.0,5,-41078.25,1079554.5,1195653.03,1236731.28,0.0,0,0.19565303000000012
116098.53,0.0,-0.013676793843779178,2022-12-07,0.0,-0.29817207351940955,0.0,5,-16352.699999999953,1063201.8,1179300.33,1195653.03,0.0,0,0.17930033
116098.53,0.0,-0.007774355494329477,2022-12-08,0.0,-0.3036283333157177,0.0,5,-9168.300000000047,1054033.5,1170132.03,1179300.33,0.0,0,0.17013203
116098.53,0.0,0.003363851171564125,2022-12-09,0.0,-0.3012858426688978,0.0,5,3936.1500000001397,1057969.6500000001,1174068.1800000002,1170132.03,0.0,0,0.17406818000000013
116098.53,0.0,-0.0092256141376732,2022-12-12,0.0,-0.3077319098769641,0.0,5,-10831.500000000116,1047138.15,1163236.68,1174068.1800000002,0.0,0,0.16323668000000002
116098.53,0.0,0.010958603884465123,2022-12-13,0.0,-0.3001456180954506,0.0,5,12747.45000000007,1059885.6,1175984.1300000001,1163236.68,0.0,0,0.17598413000000002
688808.18,5180.0,0.0032203665877701404,2022-12-14,0.0,-0.29789183042766065,-1164.3499999999779,5,10131.449999999953,490963.04999999993,1179771.23,1175984.1300000001,0.0,0,0.17977123000000006
272395.01,3774.0,-0.0029607180707398317,2022-12-15,0.0,-0.29997057477292755,5491.825,7,-5210.79999999993,903883.25,1176278.26,1179771.23,0.0,0,0.1762782599999999
383372.66,1017.0,0.00529377292070321,2022-12-16,0.0,-0.296264777957965,1273.0500000000018,7,5970.899999999907,799132.55,1182505.21,1176278.26,0.0,0,0.18250520999999997
447765.36,604.0,-0.004551058172504674,2022-12-19,0.0,-0.2994675178915188,267.30000000000035,4,-5044.949999999953,729358.2,1177123.56,1182505.21,0.0,0,0.17712356000000007
279262.46,1003.0,-0.03723687256756647,2022-12-20,0.0,-0.3255531566572334,-1662.8999999999915,5,-41166.5,854028.7,1133291.16,1177123.56,0.0,0,0.13329115999999996
451948.96,1573.0,0.02747996375441608,2022-12-21,0.0,-0.3070193818478939,3535.7000000000144,5,29180.099999999977,712485.0,1164433.96,1133291.16,0.0,0,0.16443396
453119.59,29.0,0.002449456214760559,2022-12-22,0.0,-0.3053219561660526,-7.874999999999801,5,2889.100000000093,714166.6000000001,1167286.1900000002,1164433.96,0.0,0,0.16728619000000022
325200.29,792.0,0.007155571676899397,2022-12-23,0.0,-0.3003511376310305,-1601.5,5,10746.099999999977,850438.5000000001,1175638.79,1167286.1900000002,0.0,0,0.17563879000000004
325200.29,0.0,0.010501694997661515,2022-12-26,0.0,-0.29300363867297063,0.0,5,12346.199999999837,862784.7,1187984.99,1175638.79,0.0,0,0.1879849899999999
325200.29,0.0,-0.01370286673403176,2022-12-27,0.0,-0.30269151559368024,0.0,5,-16278.800000000047,846505.8999999999,1171706.19,1187984.99,0.0,0,0.17170618999999987
325200.29,0.0,-0.026713096053542107,2022-12-28,0.0,-0.3213187841165762,0.0,5,-31299.899999999907,815206.0,1140406.29,1171706.19,0.0,0,0.14040629000000004
325200.29,0.0,0.005141939369695869,2022-12-29,0.0,-0.31782904645315213,0.0,5,5863.900000000023,821069.9,1146270.19,1140406.29,0.0,0,0.14627018999999986
325200.29,0.0,-0.004511850735645528,2022-12-30,0.0,-0.3209068999717485,0.0,5,-5171.800000000047,815898.1,1141098.39,1146270.19,0.0,0,0.1410983899999998
325200.29,0.0,-0.014696015827346698,2023-01-03,0.0,-0.3308868629180056,0.0,5,-16769.599999999977,799128.5,1124328.79,1141098.39,0.0,0,0.12432879000000008
678099.69,3201.0,0.00991827310585891,2023-01-04,0.0,-0.32425041608570837,4356.599999999986,5,9995.800000000047,457380.5,1135480.19,1124328.79,0.0,0,0.13548019
686953.37,107.0,-0.01552560771667888,2023-01-05,0.0,-0.33474183904027066,113.97500000000112,4,-17636.0,430897.8,1117851.17,1135480.19,0.0,0,0.11785117
688487.52,32.0,-0.008555924309673557,2023-01-06,0.0,-0.3404337375118347,29.150000000000038,4,-9561.399999999965,419799.4,1108286.92,1117851.17,0.0,0,0.10828691999999984
567447.72,2353.0,0.0033941571736677556,2023-01-09,0.0,-0.3381950659505012,3668.5,6,2446.1999999999534,544600.9,1112048.62,1108286.92,0.0,0,0.11204862000000015
364262.92,1257.0,-0.0037327504619359964,2023-01-10,0.0,-0.34066541862378596,639.6,5,-3533.5999999999767,743634.7,1107897.6199999999,1112048.62,0.0,0,0.10789761999999992
364262.92,0.0,-0.0012553506523461655,2023-01-11,0.0,-0.34149311472063104,0.0,5,-1390.7999999999302,742243.9,1106506.82,1107897.6199999999,0.0,0,0.10650682000000011
364262.92,0.0,-0.00717239140017234,2023-01-12,0.0,-0.34621618384156305,0.0,5,-7936.300000000047,734307.6,1098570.52,1106506.82,0.0,0,0.09857052
364262.92,0.0,-0.002490145102382768,2023-01-13,0.0,-0.3478442004093871,0.0,5,-2735.5999999999767,731572.0,1095834.92,1098570.52,0.0,0,0.09583491999999993
364262.92,0.0,0.006579184390291148,2023-01-16,0.0,-0.3435535471526827,0.0,5,7209.699999999953,738781.7,1103044.6199999999,1095834.92,0.0,0,0.10304461999999992
364262.92,0.0,-0.002949019415007803,2023-01-17,0.0,-0.34548942048704245,0.0,5,-3252.899999999907,735528.8,1099791.72,1103044.6199999999,0.0,0,0.09979172000000003
530380.02,1514.0,0.014269429124271094,2023-01-30,0.0,-0.3361499281615967,-1959.1999999999957,5,19166.599999999977,585105.1,1115485.12,1099791.72,0.0,0,0.11548512000000022
334579.97,1231.0,0.0013167813480110535,2023-01-31,0.0,-0.3352757827691242,728.9499999999998,6,1970.9000000000233,782374.0,1116953.97,1115485.12,0.0,0,0.11695396999999996
337241.47,41.0,0.0034276255806673372,2023-02-01,0.0,-0.33299735703805444,32.900000000000134,5,3836.5999999999767,783541.0,1120782.47,1116953.97,0.0,0,0.12078246999999998
450567.97,1033.0,-0.00436034657108797,2023-02-02,0.0,-0.3359057197252002,-1302.5,5,-2551.5,665327.5,1115895.47,1120782.47,0.0,0,0.11589546999999989
285404.77,1104.0,-0.016802828315092944,2023-02-03,0.0,-0.34706438190169286,-10941.699999999984,5,-6704.5,811740.5,1097145.27,1115895.47,0.0,0,0.09714526999999995
285404.77,0.0,-0.0023470000467668006,2023-02-06,0.0,-0.3485968218279053,0.0,5,-2575.0,809165.5,1094570.27,1097145.27,0.0,0,0.09457026999999996
285404.77,0.0,0.011695731512970875,2023-02-07,0.0,-0.34097818514930855,0.0,5,12801.800000000047,821967.3,1107372.07,1094570.27,0.0,0,0.10737207000000004
285404.77,0.0,-0.00021429111897330877,2023-02-08,0.0,-0.3411194076714408,0.0,5,-237.30000000004657,821730.0,1107134.77,1107372.07,0.0,0,0.10713477000000005
285404.77,0.0,-0.007451306041088457,2023-02-09,0.0,-0.3460289286094145,0.0,5,-8249.599999999977,813480.4,1098885.17,1107134.77,0.0,0,0.09888516999999997
285404.77,0.0,-0.007824748422075811,2023-02-10,0.0,-0.3511460877183612,0.0,5,-8598.5,804881.9,1090286.67,1098885.17,0.0,0,0.09028667000000001
285404.77,0.0,0.000469417827515084,2023-02-13,0.0,-0.35084150412448323,0.0,5,511.79999999993015,805393.7,1090798.47,1090286.67,0.0,0,0.09079846999999996
285404.77,0.0,0.005316655788855318,2023-02-14,0.0,-0.34739015184950206,0.0,5,5799.400000000023,811193.1,1096597.87,1090798.47,0.0,0,0.09659787000000009
285404.77,0.0,0.011556560838477559,2023-02-15,0.0,-0.33984822643556123,0.0,5,12672.900000000023,823866.0,1109270.77,1096597.87,0.0,0,0.10927076999999996
285404.77,0.0,0.0014657377116318315,2023-02-16,0.0,-0.3388806170856471,0.0,5,1625.9000000000233,825491.9,1110896.67,1109270.77,0.0,0,0.11089667000000003
285404.77,0.0,0.00879892816673955,2023-02-17,0.0,-0.3330634751257445,0.0,5,9774.699999999953,835266.6,1120671.37,1110896.67,0.0,0,0.12067137000000017
285404.77,0.0,0.019467348398487294,2023-02-20,0.0,-0.3200799894363411,0.0,5,21816.5,857083.1,1142487.87,1120671.37,0.0,0,0.14248787000000007
285404.77,0.0,0.0137830785021813,2023-02-21,0.0,-0.31070859855553823,0.0,5,15747.0,872830.1,1158234.87,1142487.87,0.0,0,0.15823487000000003
285404.77,0.0,-0.005704456126416013,2023-02-22,0.0,-0.3146406311133939,0.0,5,-6607.099999999977,866223.0,1151627.77,1158234.87,0.0,0,0.15162776999999994
285404.77,0.0,0.03152650617308406,2023-02-23,0.0,-0.2930336447394093,0.0,5,36306.80000000005,902529.8,1187934.57,1151627.77,0.0,0,0.18793457000000013
285404.77,0.0,-0.01667229871086262,2023-02-24,0.0,-0.30482039899284363,0.0,5,-19805.600000000093,882724.2,1168128.97,1187934.57,0.0,0,0.16812896999999993
285404.77,0.0,0.007341740698375121,2023-03-01,0.0,-0.29971657062344914,0.0,5,8576.100000000093,891300.3,1176705.07,1168128.97,0.0,0,0.17670507000000013
456208.52,1550.0,0.01514436408436648,2023-03-02,0.0,-0.2891112234067219,-491.25,4,19861.699999999953,738317.0,1194525.52,1176705.07,0.0,0,0.19452552
390118.02,390.0,0.005604066123258589,2023-03-03,0.0,-0.2851273556964108,555.5,5,6528.699999999953,811101.7,1201219.72,1194525.52,0.0,0,0.20121971999999988
390118.02,0.0,0.020642102012777386,2023-03-06,0.0,-0.2703708816465521,0.0,5,24795.70000000007,835897.4,1226015.42,1201219.72,0.0,0,0.22601541999999997
390118.02,0.0,-0.0016866835165906258,2023-03-07,0.0,-0.27160153505370344,0.0,5,-2067.9000000000233,833829.5,1223947.52,1226015.42,0.0,0,0.22394752000000007
390118.02,0.0,0.00412435984183368,2023-03-08,0.0,-0.26859735767602555,0.0,5,5048.0,838877.5,1228995.52,1223947.52,0.0,0,0.22899552
390118.02,0.0,-0.005107178909814047,2023-03-09,0.0,-0.2723327618254848,0.0,5,-6276.699999999953,832600.8,1222718.82,1228995.52,0.0,0,0.2227188200000001
390118.02,0.0,-0.016596865663685456,2023-03-10,0.0,-0.28440975722533224,0.0,5,-20293.300000000047,812307.5,1202425.52,1222718.82,0.0,0,0.20242552000000003
390118.02,0.0,0.003423496866566733,2023-03-13,0.0,-0.28195993627144744,0.0,5,4116.5,816424.0,1206542.02,1202425.52,0.0,0,0.2065420200000001
571540.12,1646.0,-0.015202288603259673,2023-03-14,0.0,-0.2928757885489519,980.9999999999915,5,-17677.199999999953,616659.7000000001,1188199.82,1206542.02,0.0,0,0.18819982000000013
355455.52,1319.0,-0.004383016991199473,2023-03-15,0.0,-0.2959751259826303,-427.2999999999802,5,-3461.600000000093,827536.3999999999,1182991.92,1188199.82,0.0,0,0.18299191999999986
355455.52,0.0,-0.012421217551511265,2023-03-16,0.0,-0.3047199721044753,0.0,5,-14694.199999999953,812842.2,1168297.72,1182991.92,0.0,0,0.16829771999999998
355455.52,0.0,0.016280952769470503,2023-03-17,0.0,-0.29340015080875226,0.0,5,19021.0,831863.2,1187318.72,1168297.72,0.0,0,0.18731871999999994
395267.52,358.0,0.006605218858168005,2023-03-20,0.0,-0.28873290415969544,520.0,5,7680.5,799893.7,1195161.22,1187318.72,0.0,0,0.1951612199999999
207075.52,1609.0,-0.004644478006071928,2023-03-21,0.0,-0.2920363685427685,-7.00000000000739,5,-3934.9000000000233,982534.7999999999,1189610.3199999998,1195161.22,0.0,0,0.1896103199999999
207075.52,0.0,0.004020812462353307,2023-03-22,0.0,-0.2891897795505123,0.0,5,4783.20000000007,987318.0,1194393.52,1189610.3199999998,0.0,0,0.19439352
207075.52,0.0,-0.0021671249522520197,2023-03-23,0.0,-0.2907301941155641,0.0,5,-2588.4000000000233,984729.6,1191805.1199999999,1194393.52,0.0,0,0.19180511999999994
207075.52,0.0,-0.00012762153597722925,2023-03-24,0.0,-0.2908207122176133,0.0,5,-152.09999999997672,984577.5,1191653.02,1191805.1199999999,0.0,0,0.19165301999999995
207075.52,0.0,-0.004626094934916503,2023-03-27,0.0,-0.29410144292877116,0.0,5,-5512.699999999953,979064.8,1186140.32,1191653.02,0.0,0,0.18614032000000003
207075.52,0.0,-0.01902919883880183,2023-03-28,0.0,-0.3075341269313029,0.0,5,-22571.300000000047,956493.5,1163569.02,1186140.32,0.0,0,0.16356901999999995
207075.52,0.0,0.013141033954307213,2023-03-29,0.0,-0.2984344093811081,0.0,5,15290.5,971784.0,1178859.52,1163569.02,0.0,0,0.17885952000000005
434671.02,2069.0,0.004926201893844073,2023-03-30,0.0,-0.29497835563994546,-2105.5000000000086,5,9981.800000000047,749995.8,1184666.82,1178859.52,0.0,0,0.18466682000000012
314665.52,743.0,-0.0013110859304727995,2023-03-31,0.0,-0.29590269959854476,-2969.5,6,2159.29999999993,868448.1,1183113.62,1184666.82,0.0,0,0.1831136200000001
315650.22,28.0,-0.004802412806303669,2023-04-06,0.0,-0.2992840654908765,-1.299999999999926,6,-5652.5,861781.6,1177431.8199999998,1183113.62,0.0,0,0.1774318199999998
521446.62,1872.0,-0.004289590203192972,2023-04-07,0.0,-0.30228984969876815,1815.6000000000001,5,-4994.29999999993,650934.5,1172381.12,1177431.8199999998,0.0,0,0.17238112000000005
608764.87,786.0,0.012604561561004868,2023-04-10,0.0,-0.2934955191575582,-210.75,4,15774.099999999977,578393.6,1187158.47,1172381.12,0.0,0,0.18715846999999997
327751.07,1773.0,-0.0025146600689289755,2023-04-11,0.0,-0.29527213776405214,-1474.9999999999923,5,262.70000000006985,856422.1000000001,1184173.1700000002,1187158.47,0.0,0,0.18417317000000022
327751.07,0.0,0.006522187966815585,2023-04-12,0.0,-0.29067577018109714,0.0,5,7723.399999999907,864145.5,1191896.57,1184173.1700000002,0.0,0,0.19189657000000016
327751.07,0.0,-0.004134922546173536,2023-04-13,0.0,-0.2936087709315225,0.0,5,-4928.399999999907,859217.1000000001,1186968.1700000002,1191896.57,0.0,0,0.1869681700000001
327751.07,0.0,0.015183979196341735,2023-04-14,0.0,-0.28288294120486845,0.0,5,18022.899999999907,877240.0,1204991.07,1186968.1700000002,0.0,0,0.20499107000000016
327751.07,0.0,0.05568132550559057,2023-04-17,0.0,-0.24295291282848486,0.0,5,67095.5,944335.5,1272086.57,1204991.07,0.0,0,0.27208657000000014
327751.07,0.0,-0.012208681678008704,2023-04-18,0.0,-0.25219545973102564,0.0,5,-15530.5,928805.0,1256556.07,1272086.57,0.0,0,0.25655607
327751.07,0.0,0.0006353874841413809,2023-04-19,0.0,-0.2517203140855546,0.0,5,798.4000000000233,929603.4,1257354.47,1256556.07,0.0,0,0.2573544699999999
327751.07,0.0,-0.031154619428839236,2023-04-20,0.0,-0.2750326829265506,0.0,5,-39172.40000000002,890431.0,1218182.07,1257354.47,0.0,0,0.21818207000000012
327751.07,0.0,-0.0314035979859727,2023-04-21,0.0,-0.2977992651048944,0.0,5,-38255.30000000005,852175.7,1179926.77,1218182.07,0.0,0,0.17992677
327751.07,0.0,0.015764537658553124,2023-04-24,0.0,-0.2867293951757768,0.0,5,18601.000000000116,870776.7000000001,1198527.77,1179926.77,0.0,0,0.1985277700000001
327751.07,0.0,-0.02048930414019523,2023-04-25,0.0,-0.30134381353228135,0.0,5,-24557.000000000116,846219.7,1173970.77,1198527.77,0.0,0,0.17397076999999994
327751.07,0.0,0.000761177384339895,2023-04-26,0.0,-0.3008120122437129,0.0,5,893.6000000000931,847113.3,1174864.37,1173970.77,0.0,0,0.1748643700000001
327751.07,0.0,0.005625840878977328,2023-04-27,0.0,-0.29687849188010373,0.0,5,6609.599999999977,853722.9,1181473.97,1174864.37,0.0,0,0.18147396999999987
327751.07,0.0,0.030844522118417927,2023-04-28,0.0,-0.27519104497096425,0.0,5,36442.0,890164.9,1217915.97,1181473.97,0.0,0,0.21791596999999996
327751.07,0.0,0.0037593726601681254,2023-05-02,0.0,-0.2724662180015831,0.0,5,4578.599999999977,894743.5,1222494.57,1217915.97,0.0,0,0.22249457000000006
327751.07,0.0,-0.017766541081650766,2023-05-03,0.0,-0.28539197682774675,0.0,5,-21719.5,873024.0,1200775.07,1222494.57,0.0,0,0.20077507000000017
342929.07,136.0,-0.005770606146911383,2023-05-04,0.0,-0.2895156982788968,52.0,5,-6845.199999999953,850916.8,1193845.87,1200775.07,0.0,0,0.1938458700000001
358557.07,140.0,-0.015657130011263676,2023-05-05,0.0,-0.30063984336190597,189.0,5,-18741.20000000007,816596.6,1175153.67,1193845.87,0.0,0,0.17515366999999982
394174.07,320.0,0.020458260577954857,2023-05-08,0.0,-0.28633215103956444,484.0,5,23877.600000000093,805021.2000000001,1199195.27,1175153.67,0.0,0,0.19919526999999992
252695.47,1428.0,-0.030903640905788454,2023-05-09,0.0,-0.3083870859698442,-1133.500000000014,6,-34498.00000000012,909440.2999999999,1162135.77,1199195.27,0.0,0,0.16213577000000012
628934.37,3433.0,-0.006909949945005156,2023-05-10,0.0,-0.3131660965871117,-4135.800000000004,4,-461.4999999998836,525171.1,1154105.47,1162135.77,0.0,0,0.15410546999999997
422860.87,1345.0,-0.007095278735660071,2023-05-11,0.0,-0.31803937457692755,-8912.300000000001,5,2068.5999999999767,723055.9,1145916.77,1154105.47,0.0,0,0.14591676999999992
454651.37,287.0,0.0002708748210396017,2023-05-12,0.0,-0.31785464861456014,-227.5,5,824.9000000000233,691575.8,1146227.17,1145916.77,0.0,0,0.14622716999999996
301428.87,1525.0,-0.0187165341753327,2023-05-15,0.0,-0.33062204539631,-2936.0999999999867,5,-16992.300000000047,823344.9,1124773.77,1146227.17,0.0,0,0.12477377
310309.87,87.0,0.01588737262249662,2023-05-16,0.0,-0.31998738840623664,304.0,5,17652.70000000007,832333.6000000001,1142643.4700000002,1124773.77,0.0,0,0.1426434700000001
359609.62,3780.0,0.021157124365310365,2023-05-17,0.0,-0.30560027701276793,8209.250000000007,5,19745.79999999993,807208.9,1166818.52,1142643.4700000002,0.0,0,0.16681852000000008
148814.72,1357.0,0.019165105469872046,2023-05-18,0.0,-0.29229203308346774,-3082.7000000000003,5,26801.900000000023,1040366.0,1189180.72,1166818.52,0.0,0,0.18918071999999997
281603.22,1196.0,-0.018329678267908767,2023-05-19,0.0,-0.30526409242468355,3229.5,5,-23830.800000000047,885780.2,1167383.42,1189180.72,0.0,0,0.16738341999999995
78689.32,1384.0,0.039652696112473684,2023-05-22,0.0,-0.27771594060317595,10940.600000000008,6,36733.29999999993,1134984.0,1213673.32,1167383.42,0.0,0,0.21367332000000006
86878.82,82.0,0.01607269409201484,2023-05-23,0.0,-0.26610688986895215,35.5,6,19553.5,1146301.5,1233180.32,1213673.32,0.0,0,0.23318032
90047.82,44.0,-0.026335888980128952,2023-05-24,0.0,-0.285434617340645,63.0,5,-32495.899999999907,1110655.6,1200703.4200000002,1233180.32,0.0,0,0.2007034200000002
90047.82,0.0,0.01320251090814728,2023-05-25,0.0,-0.2760005600815004,0.0,5,15852.299999999814,1126507.9,1216555.72,1200703.4200000002,0.0,0,0.2165557199999999
90047.82,0.0,-0.018344412535415966,2023-05-26,0.0,-0.28928190448277546,0.0,5,-22317.0,1104190.9,1194238.72,1216555.72,0.0,0,0.19423871999999998
90047.82,0.0,0.017739501864417972,2023-05-29,0.0,-0.27667411950227205,0.0,5,21185.200000000186,1125376.1,1215423.9200000002,1194238.72,0.0,0,0.2154239200000001
90047.82,0.0,-0.004871962697591159,2023-05-30,0.0,-0.28019813621025924,0.0,5,-5921.5,1119454.6,1209502.4200000002,1215423.9200000002,0.0,0,0.2095024200000002
90047.82,0.0,0.027383161416080437,2023-05-31,0.0,-0.26048768558650914,0.0,5,33120.0,1152574.6,1242622.4200000002,1209502.4200000002,0.0,0,0.24262242000000023
90047.82,0.0,0.03718522960498327,2023-06-01,0.0,-0.23298875037933098,0.0,5,46207.19999999995,1198781.8,1288829.62,1242622.4200000002,0.0,0,0.28882962
90047.82,0.0,0.020979731983503003,2023-06-02,0.0,-0.21689705993395758,0.0,5,27039.300000000047,1225821.1,1315868.9200000002,1288829.62,0.0,0,0.3158689200000002
90047.82,0.0,0.01189632170961219,2023-06-05,0.0,-0.20758101542718876,0.0,5,15654.0,1241475.1,1331522.9200000002,1315868.9200000002,0.0,0,0.33152292000000005
90047.82,0.0,-0.006782309087101646,2023-06-06,0.0,-0.21295544590704873,0.0,5,-9030.800000000047,1232444.3,1322492.12,1331522.9200000002,0.0,0,0.32249212000000016
90047.82,0.0,0.04787892422376028,2023-06-07,0.0,-0.17527259934090922,0.0,5,63319.5,1295763.8,1385811.62,1322492.12,0.0,0,0.38581162000000013
90047.82,0.0,0.034891394546107124,2023-06-08,0.0,-0.14649671021152744,0.0,5,48352.89999999991,1344116.7,1434164.52,1385811.62,0.0,0,0.43416451999999994
292832.32,1840.0,-0.02493437782159047,2023-06-09,0.0,-0.16777828371108372,-1886.8000000000002,4,-32033.199999999953,1105572.2,1398404.52,1434164.52,0.0,0,0.39840451999999993
30726.32,1554.0,-0.05389670794256296,2023-06-12,0.0,-0.21263229449736587,-17178.199999999993,5,-56637.19999999995,1292308.8,1323035.12,1398404.52,0.0,0,0.3230351200000001
30726.32,0.0,0.043313211519283135,2023-06-13,0.0,-0.1785288705254776,0.0,5,57304.90000000014,1349613.7000000002,1380340.0200000003,1323035.12,0.0,0,0.3803400200000002
30726.32,0.0,-0.0024437457083944514,2023-06-14,0.0,-0.180536337072701,0.0,5,-3373.2000000001863,1346240.5,1376966.82,1380340.0200000003,0.0,0,0.37696682000000004
240983.52,1901.0,-0.010051658325361812,2023-06-15,0.0,-0.18877330582249574,-1698.799999999992,4,-10241.0,1122142.5,1363126.02,1376966.82,0.0,0,0.36312601999999994
29431.32,1256.0,-0.01728537908769423,2023-06-16,0.0,-0.2027956667574109,-1475.7500000000057,5,-20830.399999999907,1310132.55,1339563.87,1363126.02,0.0,0,0.3395638700000001
29431.32,0.0,0.026709178114814547,2023-06-19,0.0,-0.18150299422693272,0.0,5,35778.65000000014,1345911.2000000002,1375342.5200000003,1339563.87,0.0,0,0.37534252000000023
29431.32,0.0,0.0008962131120615613,2023-06-20,0.0,-0.18076944647817572,0.0,5,1232.5999999998603,1347143.8,1376575.12,1375342.5200000003,0.0,0,0.37657512000000004
29431.32,0.0,0.007847265175038087,2023-06-21,0.0,-0.17434072708519677,0.0,5,10802.34999999986,1357946.15,1387377.47,1376575.12,0.0,0,0.3873774699999999
29431.32,0.0,0.03275615395426601,2023-06-26,0.0,-0.14729530482783204,0.0,5,45445.15000000014,1403391.3,1432822.62,1387377.47,0.0,0,0.43282262000000005
29431.32,0.0,-0.040990349524213876,2023-06-27,0.0,-0.18224796832387746,0.0,5,-58731.89999999991,1344659.4000000001,1374090.7200000002,1432822.62,0.0,0,0.3740907200000001
29431.32,0.0,0.042361977380940274,2023-06-28,0.0,-0.14760637525479559,0.0,5,58209.19999999995,1402868.6,1432299.9200000002,1374090.7200000002,0.0,0,0.43229992000000017
29431.32,0.0,0.01430636119842843,2023-06-29,0.0,-0.13541172417595315,0.0,5,20491.0,1423359.6,1452790.9200000002,1432299.9200000002,0.0,0,0.4527909200000002
29431.32,0.0,0.017118361395044968,2023-06-30,0.0,-0.1206113896124783,0.0,5,24869.399999999907,1448229.0,1477660.32,1452790.9200000002,0.0,0,0.47766032
29431.32,0.0,0.017764231498075267,2023-07-03,0.0,-0.10498972676078366,0.0,5,26249.5,1474478.5,1503909.82,1477660.32,0.0,0,0.5039098200000001
29431.32,0.0,-0.027461221045820383,2023-07-04,0.0,-0.12956780171248583,0.0,5,-41299.19999999995,1433179.3,1462610.62,1503909.82,0.0,0,0.4626106200000002
29431.32,0.0,-0.012882410220705243,2023-07-05,0.0,-0.14078106636013576,0.0,5,-18841.949999999953,1414337.35,1443768.6700000002,1462610.62,0.0,0,0.4437686700000001
29431.32,0.0,-0.029328417273384866,2023-07-06,0.0,-0.16598059777511853,0.0,5,-42343.44999999995,1371993.9000000001,1401425.2200000002,1443768.6700000002,0.0,0,0.40142522000000014
272954.82,2199.0,0.03818444911388119,2023-07-07,0.0,-0.1341340263508729,-6804.5,4,62516.14999999991,1181983.05,1454937.87,1401425.2200000002,0.0,0,0.4549378700000002
16827.07,1509.0,0.0003197387390843076,2023-07-10,0.0,-0.1338571754562422,-14377.25,5,16351.449999999953,1438576.0,1455403.07,1454937.87,0.0,0,0.45540307
361279.07,3103.0,-0.03883477447934747,2023-07-11,0.0,-0.16749363671430406,15164.0,5,-68581.25,1037603.75,1398882.82,1455403.07,0.0,0,0.3988828200000001
320745.17,3548.0,-0.010429358193133176,2023-07-12,0.0,-0.17617614377507318,10040.599999999984,5,-21082.050000000047,1063548.2,1384293.3699999999,1398882.82,0.0,0,0.38429336999999997
55251.42,1588.0,-0.01100247269117538,2023-07-13,105.15,-0.1852402432555268,-3833.75,5,-9914.05000000014,1313706.15,1369062.7199999997,1384293.3699999999,105.15,0,0.36906271999999984
55251.42,0.0,0.03157733343290525,2023-07-14,0.0,-0.15951230274909378,0.0,5,43231.35000000009,1356937.5,1412294.0699999998,1369062.7199999997,105.15,0,0.41229406999999973
55251.42,0.0,0.004858478234635699,2023-07-17,0.0,-0.15542881156552124,0.0,5,6861.600000000093,1363799.1,1419155.67,1412294.0699999998,105.15,0,0.41915566999999987
55251.42,0.0,-0.055215683280186,2023-07-18,3193.4,-0.2020623868136897,0.0,5,-81553.05000000013,1282246.0499999998,1340796.0199999998,1419155.67,3298.55,0,0.34079601999999976
55251.42,0.0,0.008081430611645457,2023-07-19,0.0,-0.19561390936030254,0.0,5,10835.55000000028,1293081.6,1351631.57,1340796.0199999998,3298.55,0,0.3516315700000001
55251.42,0.0,0.03340895625869389,2023-07-20,2164.25,-0.16874020964301906,0.0,5,42992.34999999986,1336073.95,1396788.17,1351631.57,5462.8,0,0.39678817
55251.42,0.0,0.01651639131508409,2023-07-21,0.0,-0.15501079766098846,0.0,5,23069.90000000014,1359143.85,1419858.07,1396788.17,5462.8,0,0.4198580700000001
55251.42,0.0,0.014921033621339452,2023-07-24,0.0,-0.14240268536321932,0.0,5,21185.75,1380329.6,1441043.82,1419858.07,5462.8,0,0.44104382
294315.22,2172.0,0.007818638020320678,2023-07-25,0.0,-0.1356974423928754,1357.7999999999872,5,12081.199999999953,1152532.8,1452310.82,1441043.82,5462.8,0,0.4523108200000001
33112.72,1585.0,0.006286326504129525,2023-07-26,0.0,-0.1302641543174029,-12467.7,5,23182.399999999907,1422865.0,1461440.52,1452310.82,5462.8,0,0.46144052
273213.52,2179.0,0.010348761918822502,2023-07-27,0.0,-0.12126346511816799,-687.4000000000099,4,17990.5,1197888.3,1476564.62,1461440.52,5462.8,0,0.4765646200000002
8970.27,1558.0,0.027086758993317916,2023-07-28,0.0,-0.0974613403792004,8873.550000000016,5,32679.800000000047,1502126.9000000001,1516559.9700000002,1476564.62,5462.8,0,0.5165599700000003
256839.5,2247.0,-0.07618879060878814,2023-07-31,0.0,-0.16622466933338587,1449.7250000000056,5,-114747.6000000001,1138712.8,1401015.1,1516559.9700000002,5462.8,0,0.4010151000000002
33441.05,1377.0,-0.023239257021569593,2023-08-01,0.0,-0.1856009885409915,-15550.15,6,-15631.40000000014,1329552.7,1368456.55,1401015.1,5462.8,0,0.3684565500000001
34972.95,32.0,-0.08238906818049874,2023-08-02,16.64,-0.2526985642222186,42.89999999999996,5,-112773.40000000001,1215258.3,1255710.69,1368456.55,5479.4400000000005,0,0.2557106899999999
34972.95,0.0,0.02549209802458563,2023-08-04,0.0,-0.23364828276745786,0.0,5,32010.699999999953,1247269.0,1287721.39,1255710.69,5479.4400000000005,0,0.28772138999999997
34972.95,0.0,0.08146645758520799,2023-08-07,0.0,-0.17121632310018164,0.0,5,104906.1000000001,1352175.1,1392627.49,1287721.39,5479.4400000000005,0,0.39262748999999997
34972.95,0.0,0.005001193822477212,2023-08-08,0.0,-0.1670714152951004,0.0,5,6964.799999999814,1359139.9,1399592.2899999998,1392627.49,5479.4400000000005,0,0.39959228999999974
35078.1,0.0,-0.034244972869920454,2023-08-09,0.0,-0.1955950320809009,0.0,5,-47928.999999999905,1311210.9,1351663.29,1399592.2899999998,5374.29,0,0.3516632900000001
35078.1,0.0,-0.0774798729645162,2023-08-10,0.0,-0.2579202268072983,0.0,5,-104726.69999999995,1206484.2,1246936.59,1351663.29,5374.29,0,0.24693659
194064.5,1403.0,0.023855583546553705,2023-08-11,0.0,-0.24021748077969218,-1852.0,5,33001.4,1080437.6,1276682.99,1246936.59,2180.89,0,0.2766829900000001
205509.75,91.0,0.021224846114695994,2023-08-14,0.0,-0.22409121372860508,-297.0,5,27485.399999999907,1098254.0,1303780.39,1276682.99,16.64,0,0.3037803899999998
230282.0,223.0,0.02467973153055314,2023-08-15,0.0,-0.20494199319122974,-523.25,5,32923.19999999995,1105658.7,1335957.3399999999,1303780.39,16.64,0,0.33595733999999977
32343.75,1430.0,0.038421997816187936,2023-08-16,0.0,-0.17439427618988046,-9952.250000000016,6,62712.40000000014,1354927.1,1387287.49,1335957.3399999999,16.64,0,0.38728749000000007
48924.75,150.0,0.013677842651057093,2023-08-17,0.0,-0.16310177100779355,-445.5,6,19570.59999999986,1357321.2,1406262.5899999999,1387287.49,16.64,0,0.40626258999999987
66967.75,162.0,-0.03597166017194542,2023-08-18,0.0,-0.19320638969960424,715.0,6,-51138.59999999986,1288692.6,1355676.99,1406262.5899999999,16.64,0,0.3556769900000001
83923.75,152.0,0.005532069995523026,2023-08-21,0.0,-0.18874315097548167,-260.0,5,7911.699999999953,1279236.3,1363176.69,1355676.99,16.64,0,0.36317668999999997
83923.75,0.0,0.02651989303015445,2023-08-22,0.0,-0.16722870611937135,0.0,5,36151.30000000005,1315387.6,1399327.99,1363176.69,16.64,0,0.39932798999999997
83923.75,0.0,0.022715689407456274,2023-08-23,0.0,-0.14831173206013348,0.0,5,31786.699999999953,1347174.3,1431114.69,1399327.99,16.64,0,0.43111469
302952.25,1972.0,-0.010594468847217375,2023-08-24,0.0,-0.157334916882363,6897.5,5,-20087.40000000014,1112983.9,1415952.7899999998,1431114.69,16.64,0,0.41595278999999974
89885.25,1718.0,-0.018220946476612432,2023-08-25,0.0,-0.17268907225955954,13181.999999999993,5,-37264.0,1300250.9,1390152.7899999998,1415952.7899999998,16.64,0,0.3901527899999997
89901.89,0.0,-0.015178187715610747,2023-08-28,0.0,-0.18524615281998003,0.0,5,-21099.999999999898,1279150.9,1369052.7899999998,1390152.7899999998,0.0,0,0.3690527899999998
650491.64,5048.0,-0.0008172803913570892,2023-08-29,0.0,-0.18591203516306298,943.9999999999881,4,2985.100000000093,717442.25,1367933.8900000001,1369052.7899999998,0.0,0,0.3679338900000002
316650.57,3601.0,-0.005809725205360716,2023-08-30,0.0,-0.19064166253175696,-233.1749999999738,5,-4113.150000000023,1043336.0,1359986.57,1367933.8900000001,0.0,0,0.35998657
384870.07,614.0,0.006623374229349999,2023-08-31,0.0,-0.18528097937706034,-327.0,5,9948.699999999953,984124.2000000001,1368994.27,1359986.57,0.0,0,0.36899426999999996
166681.37,1780.0,-0.0012420431825475031,2023-09-01,0.0,-0.18629289558231676,-3455.9000000000106,5,3535.54999999993,1200612.55,1367293.92,1368994.27,0.0,0,0.36729391999999983
166681.37,0.0,-0.01646164710510789,2023-09-04,2033.79,-0.1996878547821599,0.0,5,-24541.699999999917,1158119.85,1344786.0100000002,1367293.92,19984.79,0,0.3447860100000002
166681.37,0.0,-0.005931203879790625,2023-09-05,0.0,-0.20443466928291953,0.0,5,-7976.199999999953,1150085.6500000001,1336809.81,1344786.0100000002,20042.79,0,0.3368098100000001
166681.37,0.0,0.00037982216782195266,2023-09-06,0.0,-0.20413249593436256,0.0,5,507.74999999976717,1150100.4,1337317.56,1336809.81,20535.79,0,0.33731756
166681.37,0.0,-0.008921964652883196,2023-09-07,0.0,-0.2112331976740145,0.0,5,-11931.5,1138806.9,1325386.06,1337317.56,19897.79,0,0.32538606000000003
166681.37,0.0,-0.022781400009594166,2023-09-08,0.0,-0.22920240971209127,0.0,5,-30194.149999999907,1109134.75,1295191.9100000001,1325386.06,19375.79,0,0.2951919100000002
365656.12,1807.0,-0.024247063124413826,2023-09-11,0.0,-0.24789198753994823,4120.200000000025,4,-33717.80000000005,878726.4,1263787.31,1295191.9100000001,19404.79,0,0.2637873100000001
154417.02,1251.0,-0.011943979719182263,2023-09-12,0.0,-0.2568751503874055,-7995.750000000013,5,-5847.900000000023,1074725.85,1248692.6600000001,1263787.31,19549.79,0,0.24869266000000012
154417.02,0.0,-0.0164110038093761,2023-09-13,0.0,-0.2690705751252399,0.0,5,-20492.300000000047,1054349.55,1228200.36,1248692.6600000001,19433.79,0,0.2282003600000002
154417.02,0.0,0.023690190092437335,2023-09-14,0.0,-0.25175471810580086,0.0,5,29096.300000000047,1083503.85,1257296.6600000001,1228200.36,19375.79,0,0.2572966600000002
154417.02,0.0,-0.01313456921137457,2023-09-15,0.0,-0.2615825975479247,0.0,5,-16514.050000000047,1066873.8,1240782.61,1257296.6600000001,19491.79,0,0.24078261000000012
154417.02,0.0,-0.00555858854275848,2023-09-18,0.0,-0.26568715606096827,0.0,5,-6897.0,1060295.8,1233885.61,1240782.61,19172.79,0,0.2338856100000002
154417.02,0.0,-0.02030342180585132,2023-09-19,0.0,-0.28059621946891666,0.0,5,-25052.100000000093,1035504.7000000001,1208833.51,1233885.61,18911.79,0,0.20883351000000006
378520.12,2036.0,-0.0090766014585415,2023-09-20,0.0,-0.2871259608725655,2015.4999999999714,5,-10951.59999999986,800313.5,1197861.4100000001,1208833.51,19027.79,0,0.19786141000000024
399182.37,2992.0,-0.007773436828556024,2023-09-21,0.0,-0.2926674421824401,1968.350000000028,6,-8287.849999999977,770658.75,1188549.9100000001,1197861.4100000001,18708.79,0,0.1885499100000001
608778.02,1943.0,-0.0022779438854193534,2023-09-22,0.0,-0.29427870605747863,-946.1500000000001,5,181.69999999995343,558326.6499999999,1185842.46,1188549.9100000001,18737.79,0,0.18584245999999993
612702.72,70.0,-0.004400964020128018,2023-09-25,0.0,-0.29738456008035785,-42.30000000000042,5,-5106.54999999993,549038.1,1180623.6099999999,1185842.46,18882.79,0,0.18062360999999982
617104.02,74.0,0.0004107151473957682,2023-09-26,0.0,-0.2970959852763887,44.79999999999977,4,514.0999999999767,545150.7,1181108.51,1180623.6099999999,18853.79,0,0.18110851000000006
619805.52,41.0,-0.010579129600886472,2023-09-27,0.0,-0.30453209794513314,-27.499999999999858,4,-12426.59999999986,529867.1000000001,1168613.4100000001,1181108.51,18940.79,0,0.16861341000000007
625803.91,51.0,0.019344635109056263,2023-09-28,0.0,-0.2910785251498209,72.0,4,22585.39999999987,548303.9,1191219.81,1168613.4100000001,17112.0,0,0.19121981
626445.91,24.0,2.0483205362298307e-05,2023-10-02,0.0,-0.2910640041656657,6.0,3,42.39999999990687,547396.2999999999,1191244.21,1191219.81,17402.0,0,0.19124421000000003
226176.81,2360.0,-0.014024244449423184,2023-10-03,0.0,-0.30100629587024175,5402.499999999995,5,-19748.79999999993,930988.1,1174537.91,1191244.21,17373.0,0,0.17453790999999996
552352.34,2975.0,-0.0108851914366902,2023-10-04,0.0,-0.30861497615273537,6096.875000000019,5,-15906.95000000007,592694.5,1161752.8399999999,1174537.91,16706.0,0,0.1617528399999999
553343.49,48.0,-0.008986291783026679,2023-10-05,0.0,-0.3148279637114417,16.15000000000004,5,-10408.0,581031.5,1151312.99,1161752.8399999999,16938.0,0,0.1513129900000001
553580.14,22.0,-0.0022802661159934123,2023-10-06,0.0,-0.31639033828941676,1.75,4,-2605.0500000000466,578053.55,1148687.69,1151312.99,17054.0,0,0.14868769000000004
554915.34,31.0,-0.023030237226621453,2023-10-11,0.0,-0.33213403096902194,2.3000000000000327,4,-26425.850000000093,550118.8,1122233.1400000001,1148687.69,17199.0,0,0.12223314000000007
489150.12,5210.0,-0.000680001305254696,2023-10-12,0.0,-0.3325881806996982,1998.1749999999874,6,2448.6999999999534,615178.9,1121470.02,1122233.1400000001,17141.0,0,0.12147002000000007
160155.95,2185.0,-0.010006393215932885,2023-10-13,0.0,-0.3392665658005781,-5037.174999999999,8,-3999.70000000007,933096.2,1110248.15,1121470.02,16996.0,0,0.11024814999999988
169047.55,127.0,-0.009295174236498394,2023-10-16,0.0,-0.34540819819534163,135.20000000000016,7,-10328.149999999907,914087.65,1099928.2,1110248.15,16793.0,0,0.09992819999999991
172444.03,67.0,0.0019718832556523402,2023-10-17,0.0,-0.34411741958207576,-120.62500000000013,6,2356.54999999993,912889.1,1102097.13,1099928.2,16764.0,0,0.10209712999999998
174311.18,34.0,-0.03867975774512711,2023-10-18,0.0,-0.36948679890188985,2.3500000000002004,5,-42597.19999999995,868625.1,1059468.28,1102097.13,16532.0,0,0.05946827999999993
310301.68,1234.0,-0.01882840701941535,2023-10-19,0.0,-0.38135835808327956,3313.949999999996,5,-22028.04999999993,712570.5000000001,1039520.1800000002,1059468.28,16648.0,0,0.03952018000000024
308996.11,2699.0,0.007675974121060136,2023-10-20,0.0,-0.3766096808497166,2154.9250000000093,6,8523.399999999907,722000.4,1047499.51,1039520.1800000002,16503.0,0,0.04749950999999997
162120.11,1054.0,-0.03215972864751038,2023-10-23,0.0,-0.3966577443550746,-2167.5000000000296,7,-30465.79999999993,834696.1,1013812.21,1047499.51,16996.0,0,0.013812209999999991
172466.31,118.0,0.01243247997575403,2023-10-24,0.0,-0.38915670384324275,-44.200000000000074,6,12766.400000000023,837012.1,1026416.4099999999,1013812.21,16938.0,0,0.026416409999999946
179982.61,77.0,-0.0031300162085287075,2023-10-25,0.0,-0.39106865326108453,-71.5,5,-3064.1999999999534,826486.1000000001,1023203.7100000001,1026416.4099999999,16735.0,0,0.02320370999999999
179982.61,0.0,-0.008100342013029005,2023-10-26,0.0,-0.39600120543212414,0.0,5,-8288.300000000163,818313.7999999999,1014915.4099999999,1023203.7100000001,16619.0,0,0.014915409999999962
179982.61,0.0,0.010634186744686414,2023-10-27,0.0,-0.38957816945712376,0.0,5,10792.800000000047,828787.6,1025708.21,1014915.4099999999,16938.0,0,0.025708209999999898
196638.11,150.0,-0.020537517195070465,2023-10-30,0.0,-0.4021147182981445,-159.49999999999918,5,-20756.0,808002.6,1004642.71,1025708.21,2.0,0,0.004642709999999939
196638.11,0.0,-0.0380427784122378,2023-10-31,0.0,-0.42485993558586654,0.0,5,-38219.40000000002,769783.2,966423.3099999999,1004642.71,2.0,0,-0.033576690000000076
478524.99,2571.0,0.006807348220936538,2023-11-01,0.0,-0.4209447568915877,-3632.625000000016,5,12782.400000000023,494475.1,973002.09,966423.3099999999,2.0,0,-0.02699791000000007
482300.24,68.0,0.008389139225795539,2023-11-02,0.0,-0.4160869818377244,-24.949999999999655,4,8255.599999999977,498862.49999999994,981164.74,973002.09,2.0,0,-0.01883526000000002
483828.24,32.0,-0.010519538237788728,2023-11-03,0.0,-0.42222947715982506,19.199999999999932,4,-10308.599999999919,487013.1,970843.34,981164.74,2.0,0,-0.029156660000000056
150321.67,2001.0,0.02005372978095532,2023-11-06,0.0,-0.41064302321938695,8437.775000000009,5,13032.25,839988.7,990312.37,970843.34,2.0,0,-0.009687630000000058
150321.67,0.0,-0.0015832378222236931,2023-11-07,0.0,-0.4115761154758175,0.0,5,-1567.9000000000233,838420.7999999999,988744.47,990312.37,2.0,0,-0.011255530000000014
150321.67,0.0,0.0025122770092460556,2023-11-08,0.0,-0.41009783167903613,0.0,5,2484.0000000001164,840904.8,991228.4700000001,988744.47,2.0,0,-0.00877152999999986
333274.67,1647.0,-0.0035748569651152806,2023-11-09,0.0,-0.412206647554195,0.0,4,-1896.5000000001164,654408.3,987684.97,991228.4700000001,2.0,0,-0.012315030000000005
449555.27,3863.0,-0.013815336280757595,2023-11-10,0.0,-0.42032721038182763,6262.399999999998,5,-16044.600000000093,524482.5,974039.77,987684.97,2.0,0,-0.02596023000000003
110527.27,2173.0,0.007292207380813709,2023-11-13,0.0,-0.4161001161869172,6767.199999999976,6,2508.6999999999534,870613.4,981142.67,974039.77,2.0,0,-0.018857330000000005
275865.37,1518.0,0.04521799057011755,2023-11-14,0.0,-0.38969733674676443,1047.6000000000047,6,44835.69999999995,749640.6,1025507.97,981142.67,2.0,0,0.025507970000000046
103610.57,1125.0,0.01249995160934736,2023-11-15,0.0,-0.3820685829890432,-1662.8000000000227,5,15606.600000000093,934714.2000000001,1038326.77,1025507.97,2.0,0,0.038326770000000066
103610.57,0.0,0.03727005902005209,2023-11-16,0.0,-0.3590382426067005,0.0,5,38698.5,973412.7000000001,1077025.27,1038326.77,2.0,0,0.07702527000000003
103610.57,0.0,0.044785671556248685,2023-11-17,0.0,-0.33033233985996824,0.0,5,48235.29999999993,1021648.0,1125260.57,1077025.27,2.0,0,0.12526057000000002
103610.57,0.0,0.043492148667397146,2023-11-20,0.0,-0.30120705442741,0.0,5,48940.0,1070588.0,1174200.57,1125260.57,2.0,0,0.17420057
103610.57,0.0,-0.014778820964122086,2023-11-21,0.0,-0.3115343902610188,0.0,5,-17353.300000000047,1053234.7,1156847.27,1174200.57,2.0,0,0.1568472700000001
103610.57,0.0,0.05354233147820797,2023-11-22,0.0,-0.27467233637302757,0.0,5,61940.30000000005,1115175.0,1218787.57,1156847.27,2.0,0,0.21878757000000015
103610.57,0.0,-0.03909713322724495,2023-11-23,0.0,-0.30303056867125766,0.0,5,-47651.10000000009,1067523.9,1171136.47,1218787.57,2.0,0,0.17113646999999998
103610.57,0.0,-0.005528561500607987,2023-11-24,0.0,-0.3068838070364024,0.0,5,-6474.699999999953,1061049.2,1164661.77,1171136.47,2.0,0,0.16466176999999993
103610.57,0.0,0.002990739534620479,2023-11-27,0.0,-0.3048108770360206,0.0,5,3483.1999999999534,1064532.4,1168144.97,1164661.77,2.0,0,0.16814496999999995
103610.57,0.0,0.027802713562170345,2023-11-28,0.0,-0.2854827329787166,0.0,5,32477.600000000093,1097010.0,1200622.57,1168144.97,2.0,0,0.20062257000000017
103610.57,0.0,0.01763276863935692,2023-11-29,0.0,-0.27288381532050476,0.0,5,21170.300000000047,1118180.3,1221792.87,1200622.57,2.0,0,0.22179287000000003
103610.57,0.0,0.007155550023794088,2023-11-30,0.0,-0.26768089908792037,0.0,5,8742.59999999986,1126922.9,1230535.47,1221792.87,2.0,0,0.23053546999999996
103610.57,0.0,0.03919935765849991,2023-12-01,0.0,-0.23897446073111672,0.0,5,48236.200000000186,1175159.1,1278771.6700000002,1230535.47,2.0,0,0.27877167000000025
103610.57,0.0,-0.04760357257523551,2023-12-04,0.0,-0.2752019952213107,0.0,5,-60874.10000000009,1114285.0,1217897.57,1278771.6700000002,2.0,0,0.2178975700000001
103610.57,0.0,-0.03500959444397289,2023-12-05,0.0,-0.3005768794224134,0.0,5,-42638.10000000009,1071646.9,1175259.47,1217897.57,2.0,0,0.17525946999999986
103610.57,0.0,0.008556578574091533,2023-12-06,0.0,-0.294592210534655,0.0,5,10056.200000000186,1081703.1,1185315.6700000002,1175259.47,2.0,0,0.18531567000000027
103610.57,0.0,-0.022243357332819347,2023-12-07,0.0,-0.31028284806108686,0.0,5,-26365.40000000014,1055337.7,1158950.27,1185315.6700000002,2.0,0,0.15895027000000006
103610.57,0.0,0.02101712267602296,2023-12-08,0.0,-0.29578697806702947,0.0,5,24357.800000000047,1079695.5,1183308.07,1158950.27,2.0,0,0.18330807000000005
103610.57,0.0,-0.0003308521338826198,2023-12-11,0.0,-0.2960199684480439,0.0,5,-391.5,1079304.0,1182916.57,1183308.07,2.0,0,0.18291657000000017
255047.47,1364.0,-0.022346377310447307,2023-12-12,0.0,-0.31175137185212454,1539.099999999999,4,-26609.0,901433.2,1156482.67,1182916.57,2.0,0,0.15648266999999993
80040.97,1032.0,0.004599809524167053,2023-12-13,0.0,-0.30858555925737496,-1984.5,5,8336.100000000093,1081759.3,1161802.27,1156482.67,2.0,0,0.16180226999999991
80040.97,0.0,-0.022525691914855872,2023-12-14,0.0,-0.3241601479350257,0.0,5,-26170.40000000014,1055588.9,1135631.8699999999,1161802.27,2.0,0,0.13563186999999988
488217.82,3711.0,-0.024099490973249926,2023-12-15,0.0,-0.3404475443492281,8665.349999999993,5,-32322.5,620043.9,1108263.72,1135631.8699999999,2.0,0,0.10826372000000006
107825.65,2304.0,0.008356070701294849,2023-12-18,0.0,-0.33493627739859766,7905.924999999993,6,3658.79999999993,1009696.8,1117524.45,1108263.72,2.0,0,0.11752444999999989
242417.15,1233.0,-0.01412899735661266,2023-12-19,0.0,-0.3443329609772119,808.3000000000001,5,-15364.800000000047,859315.8,1101734.95,1117524.45,2.0,0,0.10173494999999999
68309.2,1195.0,-0.0007083827194552805,2023-12-20,0.0,-0.344797424177372,-6114.5499999999865,5,6529.099999999977,1032643.3,1100954.5,1101734.95,2.0,0,0.10095450000000006
68309.2,0.0,-0.02280339469069792,2023-12-21,0.0,-0.35973826711621737,0.0,5,-25105.5,1007537.8,1075849.0,1100954.5,2.0,0,0.07584900000000006
68309.2,0.0,-0.009121540290505381,2023-12-22,0.0,-0.3655784403091855,0.0,5,-9813.400000000023,997724.4,1066035.6,1075849.0,2.0,0,0.0660356000000002
226930.0,1443.0,-0.0156867181546283,2023-12-25,0.0,-0.375530432507275,-1846.1999999999828,5,-13433.400000000023,822381.0,1049313.0,1066035.6,2.0,0,0.04931299999999994
136935.95,578.0,0.01011428429839345,2023-12-26,0.0,-0.3692143697659589,2688.0499999999997,5,8503.0,922988.1,1059926.05,1049313.0,2.0,0,0.059926050000000064
136935.95,0.0,-0.014431289805548309,2023-12-27,0.0,-0.37831742000104174,0.0,5,-15296.099999999977,907692.0,1044629.95,1059926.05,2.0,0,0.04462995000000003
440550.95,2734.0,-0.0015117314987952435,2023-12-28,0.0,-0.37925723713947856,-9505.0,4,10659.800000000047,602497.8,1043050.75,1044629.95,2.0,0,0.043050749999999915
257704.92,1095.0,-0.015313952844576373,2023-12-29,0.0,-0.38876326253853655,-3322.4250000000256,5,-11555.800000000047,769370.6,1027077.52,1043050.75,2.0,0,0.027077519999999966
257704.92,0.0,0.017158977445052015,2024-01-02,0.0,-0.37827506514684817,0.0,5,17623.599999999977,786994.2,1044701.12,1027077.52,2.0,0,0.04470112000000004
257704.92,0.0,-0.005788114786360987,2024-01-03,0.0,-0.381873680435321,0.0,5,-6046.84999999986,780947.3500000001,1038654.2700000001,1044701.12,2.0,0,0.0386542700000001
257704.92,0.0,-0.003552722119940843,2024-01-04,0.0,-0.384069711483756,0.0,5,-3690.0500000000466,777257.3,1034964.2200000001,1038654.2700000001,2.0,0,0.03496421999999999
416247.12,1437.0,0.025459720723485457,2024-01-05,0.0,-0.3683882983529966,-5185.599999999995,5,32972.5,645065.0,1061314.12,1034964.2200000001,2.0,0,0.06131412000000003
233698.79,1136.0,-0.020965121994231173,2024-01-08,0.0,-0.38163011473100994,-3660.524999999996,5,-17454.050000000047,805362.75,1039063.54,1061314.12,2.0,0,0.03906354000000012
393046.04,1434.0,-0.006429876271089263,2024-01-09,0.0,-0.3856061565830573,1531.25,5,-6778.300000000047,639334.45,1032382.49,1039063.54,2.0,0,0.03238249000000004
216609.79,1226.0,0.016226931551309276,2024-01-10,0.0,-0.3756364297403848,-526.25,5,18504.65000000014,832523.1000000001,1049134.8900000001,1032382.49,2.0,0,0.04913489000000015
216609.79,0.0,-0.021600797205400424,2024-01-11,0.0,-0.3891231806040025,0.0,5,-22662.15000000014,809860.95,1026472.74,1049134.8900000001,2.0,0,0.026472739999999995
216609.79,0.0,-0.009658999809386004,2024-01-12,0.0,-0.39502363968610676,0.0,5,-9914.699999999953,799946.25,1016558.04,1026472.74,2.0,0,0.01655804000000005
216609.79,0.0,0.034024225512987005,2024-01-15,0.0,-0.37443978757276086,0.0,5,34587.60000000009,834533.8500000001,1051145.6400000001,1016558.04,2.0,1,0.0511456400000001
216609.79,0.0,-0.004869544052906072,2024-01-16,0.0,-0.37748598058492044,0.0,5,-5118.600000000093,829415.25,1046027.04,1051145.6400000001,2.0,0,0.04602704000000002
216609.79,0.0,0.010398058161096735,2024-01-17,0.0,-0.37101304360494436,0.0,5,10876.650000000023,840291.9,1056903.69,1046027.04,2.0,0,0.05690368999999995
216609.79,0.0,-0.002163489466102453,2024-01-18,0.0,-0.37237385025942094,0.0,5,-2286.5999999999767,838005.3,1054617.09,1056903.69,2.0,0,0.054617090000000035
216609.79,0.0,-0.005263142473824423,2024-01-19,0.0,-0.37567713610580344,0.0,5,-5550.600000000093,832454.7,1049066.49,1054617.09,2.0,0,0.04906648999999996
216609.79,0.0,0.00545842427966603,2024-01-22,0.0,-0.3722693170271728,0.0,5,5726.25,838180.95,1054792.74,1049066.49,2.0,0,0.054792739999999895
217538.29,27.0,0.028525935815599146,2024-01-23,0.0,-0.35436271185520773,7.5,5,30108.449999999953,867341.3999999999,1084881.69,1054792.74,2.0,0,0.08488169000000001
445970.79,2070.0,0.03345604440978267,2024-01-24,0.0,-0.3327622420704238,-7354.0,4,45719.85000000009,675204.75,1121177.54,1084881.69,2.0,0,0.12117754000000014
101135.89,2454.0,-0.015254854284719399,2024-01-25,0.0,-0.34294085684090236,-10461.299999999976,5,-4188.100000000093,1002936.25,1104074.14,1121177.54,2.0,0,0.10407413999999982
101135.89,0.0,0.007340222641207594,2024-01-26,0.0,-0.33811789644167345,0.0,5,8104.149999999907,1011040.3999999999,1112178.2899999998,1104074.14,2.0,0,0.1121782899999999
260763.97,1457.0,0.05115234716548933,2024-01-29,0.0,-0.3042610732978336,-739.875,5,59087.39999999991,908302.85,1169068.82,1112178.2899999998,2.0,0,0.16906882000000012
52213.69,1282.0,0.047116789925164326,2024-01-30,0.0,-0.2714800884456483,-4095.5750000000203,5,60460.34999999998,1171935.9,1224151.5899999999,1169068.82,2.0,0,0.22415158999999996
52213.69,0.0,0.0338972724775044,2024-01-31,0.0,-0.24678525049840305,0.0,5,41495.40000000014,1213431.3,1265646.99,1224151.5899999999,2.0,0,0.26564699
52213.69,0.0,-0.0060442999196798075,2024-02-01,0.0,-0.2513379063483172,0.0,5,-7649.949999999953,1205781.35,1257997.04,1265646.99,2.0,0,0.25799704
52213.69,0.0,-0.006898863609408945,2024-02-02,0.0,-0.2565028240219548,0.0,5,-8678.750000000233,1197102.5999999999,1249318.2899999998,1257997.04,2.0,0,0.24931828999999972
52213.69,0.0,-0.04463050004654934,2024-02-05,0.0,-0.28968547476905226,0.0,5,-55757.69999999995,1141344.9,1193560.5899999999,1249318.2899999998,2.0,0,0.19356058999999992
52213.69,0.0,0.03706045622702736,2024-02-15,0.0,-0.263360894399309,0.0,5,44233.89999999991,1185578.7999999998,1237794.4899999998,1193560.5899999999,2.0,0,0.23779448999999975
225807.09,1583.0,0.060587076938757756,2024-02-16,0.0,-0.2187300842321822,-524.299999999995,5,77101.65000000014,1086979.75,1312788.84,1237794.4899999998,2.0,0,0.31278884000000007
15267.44,1265.0,0.004641835620723178,2024-02-19,0.0,-0.2151035577077719,10738.849999999999,6,-3380.100000000093,1303613.15,1318882.5899999999,1312788.84,2.0,0,0.31888258999999985
15568.84,22.0,0.005184729900787,2024-02-20,0.0,-0.21103408165439808,0.0,6,6860.050000000047,1310149.8,1325720.6400000001,1318882.5899999999,2.0,0,0.3257206400000001
16360.64,26.0,0.023788797615762913,2024-02-21,0.0,-0.19226553109714006,29.0,5,31534.299999999814,1340895.2999999998,1357257.9399999997,1325720.6400000001,2.0,0,0.3572579399999998
16360.64,0.0,0.00776963588807611,2024-02-22,0.0,-0.18598972837951644,0.0,5,10545.40000000014,1351440.7,1367803.3399999999,1357257.9399999997,2.0,0,0.3678033399999998
16360.64,0.0,0.017975354556452494,2024-02-23,0.0,-0.171357605134544,0.0,5,24586.75,1376027.45,1392390.0899999999,1367803.3399999999,2.0,0,0.3923900899999999
16360.64,0.0,0.07191680745156703,2024-02-26,0.0,-0.11176428957679962,0.0,5,100136.25,1476163.7,1492526.3399999999,1392390.0899999999,2.0,0,0.49252633999999995
16360.64,0.0,-0.022462886651635205,2024-02-27,0.0,-0.13171662765997072,0.0,5,-33526.44999999995,1442637.25,1458999.89,1492526.3399999999,2.0,0,0.45899988999999985
16360.64,0.0,0.051598290387808055,2024-02-29,0.0,-0.08691469007506447,0.0,5,75281.90000000014,1517919.1500000001,1534281.79,1458999.89,2.0,0,0.5342817900000001
16360.64,0.0,-0.0086826944612306,2024-03-01,0.0,-0.09484273083818073,0.0,5,-13321.699999999953,1504597.4500000002,1520960.09,1534281.79,2.0,0,0.52096009
16360.64,0.0,-0.014922153545790962,2024-03-04,0.0,-0.10834962659170222,0.0,5,-22696.0,1481901.4500000002,1498264.09,1520960.09,2.0,0,0.49826409000000016
16360.64,0.0,-0.021668075886408178,2024-03-05,0.0,-0.12766997454685736,0.0,5,-32464.500000000233,1449436.95,1465799.5899999999,1498264.09,2.0,0,0.4657995899999998
16360.64,0.0,-0.0023683660601923062,2024-03-06,0.0,-0.12973597137242732,0.0,5,-3471.5499999998137,1445965.4000000001,1462328.04,1465799.5899999999,2.0,0,0.46232804000000005
16360.64,0.0,-0.06830810000743748,2024-03-07,0.0,-0.18918205367279495,0.0,5,-99888.8500000001,1346076.55,1362439.19,1462328.04,2.0,0,0.3624391899999999
236182.02,1994.0,-0.035485378250166066,2024-03-08,0.0,-0.2179542351902387,5016.875000000017,5,-51369.55000000005,1077908.5,1314092.52,1362439.19,2.0,0,0.31409252
30879.62,1269.0,-0.004375871494953665,2024-03-11,0.0,-0.221376366960219,4268.0,6,-8749.300000000047,1277460.6,1308342.2200000002,1314092.52,2.0,0,0.3083422200000001
363483.22,3016.0,0.030033541224405047,2024-03-12,0.0,-0.1979915419790227,-4298.7,4,46608.84999999986,984151.1499999999,1347636.3699999999,1308342.2200000002,2.0,0,0.3476363699999998
160730.97,1202.0,-0.006844353718355012,2024-03-13,0.0,-0.20348077155083077,-10258.249999999984,5,2236.5500000000466,1177679.7,1338412.67,1347636.3699999999,2.0,0,0.33841266999999986
160730.97,0.0,-0.042667744620200065,2024-03-14,0.0,-0.23746645057537863,0.0,5,-57107.05000000005,1120572.65,1281305.6199999999,1338412.67,2.0,0,0.2813056199999999
329489.97,1533.0,-0.005524716265585261,2024-03-15,0.0,-0.24167923207893938,-8037.600000000006,5,2491.75,944734.8,1274226.77,1281305.6199999999,2.0,0,0.27422677000000006
326217.1,3370.0,0.035240454099076945,2024-03-18,0.0,-0.21495566386464038,-3235.9749999999653,6,51510.29999999993,992912.0,1319131.1,1274226.77,2.0,0,0.3191311000000001
113204.73,1489.0,-0.0012882116114162345,2024-03-19,0.0,-0.2159669670939266,-7285.575,7,7075.25,1204225.0499999998,1317431.7799999998,1319131.1,2.0,0,0.3174317799999997
122720.03,112.0,-0.013221633381274467,2024-03-20,0.0,-0.22633316441381934,95.70000000000039,6,-17402.299999999814,1177291.15,1300013.18,1317431.7799999998,2.0,0,0.3000131799999999
126111.73,46.0,0.006705970473314782,2024-03-21,0.0,-0.2211449774581955,-2.1000000000004775,6,8765.949999999953,1182617.3,1308731.03,1300013.18,2.0,0,0.30873103000000013
129560.88,46.0,-0.02246546412214301,2024-03-22,0.0,-0.23864231702345928,-149.8500000000001,5,-29205.40000000014,1149766.9,1279329.7799999998,1308731.03,2.0,0,0.27932977999999986
129560.88,0.0,0.012618560321483452,2024-03-25,0.0,-0.22903507917459487,0.0,5,16143.30000000028,1165910.2000000002,1295473.08,1279329.7799999998,2.0,0,0.29547308000000005
129560.88,0.0,-0.025500491295427086,2024-03-26,0.0,-0.24869506342718284,0.0,5,-33035.200000000186,1132875.0,1262437.88,1295473.08,2.0,0,0.2624378799999998
129560.88,0.0,0.03236412709669345,2024-03-27,0.0,-0.22437973497156694,0.0,5,40857.69999999995,1173732.7,1303295.58,1262437.88,2.0,0,0.3032955800000001
129560.88,0.0,-0.018252728210741087,2024-03-28,0.0,-0.2385369208638739,0.0,5,-23788.699999999953,1149944.0,1279506.88,1303295.58,2.0,0,0.2795068799999998
129560.88,0.0,0.015366466806337131,2024-03-29,0.0,-0.22683592373407735,0.0,5,19661.5,1169605.5,1299168.38,1279506.88,2.0,0,0.2991683799999998
129560.88,0.0,0.03767175275617474,2024-04-01,0.0,-0.19770947781303128,0.0,5,48941.94999999995,1218547.45,1348110.33,1299168.38,2.0,0,0.34811033000000013
129560.88,0.0,0.0003175927002947443,2024-04-02,0.0,-0.19745467619966905,0.0,5,428.1500000001397,1218975.6,1348538.48,1348110.33,2.0,0,0.34853848
129560.88,0.0,-0.0074908874680387205,2024-04-03,0.0,-0.20346645290825804,0.0,5,-10101.750000000233,1208873.8499999999,1338436.73,1348538.48,2.0,0,0.33843672999999996
129560.88,0.0,-0.0002176046080265559,2024-04-08,0.0,-0.20363978227855295,0.0,5,-291.25,1208582.5999999999,1338145.48,1338436.73,2.0,0,0.3381454799999999
129560.88,0.0,0.0020417062575288636,2024-04-09,0.0,-0.2020138486387839,0.0,5,2732.100000000093,1211314.7,1340877.58,1338145.48,2.0,0,0.3408775800000001
347347.88,1961.0,-0.013070991909641783,2024-04-10,0.0,-0.2124443191672326,-1918.0,4,-13647.59999999986,976001.1,1323350.98,1340877.58,2.0,0,0.32335098000000007
113402.28,1378.0,-0.0001374540864433893,2024-04-11,0.0,-0.21255257191386479,-4350.799999999984,5,5546.900000000023,1209764.8,1323169.08,1323350.98,2.0,0,0.32316908
294356.41,1638.0,0.016300736108494807,2024-04-12,0.0,-0.19971659918931972,-8909.625000000016,4,32116.25,1050379.3,1344737.71,1323169.08,2.0,0,0.34473771
72361.36,1309.0,-0.024528723895160143,2024-04-15,0.0,-0.2193465297656847,-16698.800000000007,5,-14976.90000000014,1239389.65,1311753.01,1344737.71,2.0,0,0.3117530100000001
259580.36,1690.0,-0.027312153832984243,2024-04-16,0.0,-0.2406678574349772,-8750.0,4,-25386.799999999814,1016343.85,1275926.21,1311753.01,2.0,0,0.27592620999999995
238413.26,3431.0,0.01620775546259856,2024-04-17,0.0,-0.2283607877533924,-7945.899999999962,4,32056.800000000047,1058190.85,1296606.11,1275926.21,2.0,0,0.29660611000000014
15772.86,1312.0,-0.008556569272992198,2024-04-18,0.0,-0.23496337212673757,-9174.399999999998,5,-608.1000000000931,1269736.75,1285511.61,1296606.11,2.0,0,0.28551161000000014
15772.86,0.0,-0.01668639149824558,2024-04-19,0.0,-0.2477290728099285,0.0,5,-21450.550000000047,1248286.2,1264061.06,1285511.61,2.0,0,0.26406105999999996
206872.26,1739.0,-0.06325117712272543,2024-04-22,0.0,-0.29531109446990467,6067.2,5,-84281.55000000005,977233.45,1184107.71,1264061.06,2.0,0,0.18410770999999992
41087.96,1008.0,-0.04986881641029073,2024-04-23,0.0,-0.3304530961261537,2014.6,6,-60056.64999999991,1083967.7000000002,1125057.6600000001,1184107.71,2.0,0,0.12505766000000018
208794.79,1543.0,0.008592608489061737,2024-04-24,0.0,-0.3246999417161023,-235.0250000000207,5,11445.199999999953,925928.05,1134724.84,1125057.6600000001,2.0,0,0.13472484000000007
328049.86,4089.0,-0.034336236086979444,2024-04-25,0.0,-0.3478872039468891,-9407.425000000001,5,-25465.75,767710.8,1095762.6600000001,1134724.84,2.0,0,0.09576266000000011
340169.86,3060.0,0.014318246617383235,2024-04-26,0.0,-0.33855009211064935,-11941.850000000024,6,30691.25,771280.2000000001,1111452.06,1095762.6600000001,2.0,0,0.11145205999999996
141380.76,1278.0,0.0027848254651667848,2024-04-29,0.0,-0.33670806956322674,-1518.9500000000094,6,5892.150000000023,973164.5000000001,1114547.2600000002,1111452.06,2.0,0,0.11454726000000015
143674.76,37.0,-0.01519594602027019,2024-04-30,0.0,-0.34678741793382484,-12.599999999999795,6,-16887.000000000116,953933.9,1097610.6600000001,1114547.2600000002,2.0,0,0.09761066000000018
145965.26,37.0,0.01019705839956031,2024-05-02,0.0,-0.3401265710871685,42.0000000000001,6,11187.399999999907,962835.7999999999,1108803.06,1097610.6600000001,2.0,0,0.10880306000000006
145976.51,21.0,0.025217192311860925,2024-05-03,0.0,-0.32348641592878646,0.20000000000000284,5,27981.70000000007,990785.45,1136763.96,1108803.06,2.0,0,0.1367639599999999
145976.51,0.0,0.031889425839995766,2024-05-06,0.0,-0.3019127861597978,0.0,5,36250.75000000012,1027036.2000000001,1173014.71,1136763.96,2.0,0,0.1730147099999999
145976.51,0.0,-0.02479717411216431,2024-05-07,0.0,-0.3192233763468689,0.0,5,-29087.45000000007,997948.75,1143927.26,1173014.71,2.0,0,0.1439272600000001
145976.51,0.0,0.0014820435348308347,2024-05-08,0.0,-0.3182144357531198,0.0,5,1695.3499999999767,999644.1,1145622.6099999999,1143927.26,2.0,0,0.14562260999999976
145976.51,0.0,-0.009771236969563613,2024-05-09,0.0,-0.3248763240638036,0.0,5,-11194.150000000023,988449.95,1134428.46,1145622.6099999999,2.0,0,0.13442845999999986
145976.51,0.0,-0.016102117184189746,2024-05-10,0.0,-0.33574724460754923,0.0,5,-18266.699999999953,970183.25,1116161.76,1134428.46,2.0,0,0.11616176
145976.51,0.0,-0.011843220645724295,2024-05-13,0.0,-0.3436141365541924,0.0,5,-13218.949999999953,956964.3,1102942.81,1116161.76,2.0,0,0.10294281000000005
341662.91,1778.0,-0.019280600777478285,2024-05-14,0.0,-0.3562696503432714,790.999999999993,5,-20278.400000000023,740012.5,1081677.41,1102942.81,2.0,0,0.08167740999999995
150696.21,1179.0,0.036540006876911724,2024-05-15,0.0,-0.3327477389399378,1851.900000000002,6,38851.59999999986,970503.7,1121201.91,1081677.41,2.0,0,0.12120190999999991
154136.79,46.0,0.03392371138575756,2024-05-16,0.0,-0.3101120658142421,-77.875,6,38159.19999999995,1005098.45,1159237.24,1121201.91,2.0,0,0.15923723999999995
157249.84,44.0,-0.0035775679532172866,2024-05-17,0.0,-0.3125801867788963,-29.25,6,-4073.9999999998836,997838.15,1155089.99,1159237.24,2.0,0,0.15508999
158040.34,26.0,-0.005454813092095168,2024-05-20,0.0,-0.3163299333758204,13.500000000000085,5,-6288.300000000047,990746.85,1148789.19,1155089.99,2.0,0,0.14878919000000002
158040.34,0.0,0.023630575771695694,2024-05-21,0.0,-0.3001744160636174,0.0,5,27146.54999999993,1017893.3999999999,1175935.74,1148789.19,2.0,0,0.1759357399999999
325279.34,1506.0,0.008949170981060739,2024-05-22,0.0,-0.29391155725605,4490.0,4,7539.65000000014,861178.05,1186459.3900000001,1175935.74,2.0,0,0.18645939000000022
103358.34,1307.0,-0.023388537554580813,2024-05-23,0.0,-0.3104259333160224,-10507.0,5,-15935.54999999993,1055349.5,1158709.84,1186459.3900000001,2.0,0,0.15870984
103358.34,0.0,0.009505615314356897,2024-05-24,0.0,-0.3038711075073679,0.0,5,11014.25,1066363.75,1169724.09,1158709.84,2.0,0,0.1697240900000001
277820.84,1571.0,0.018951734164934564,2024-05-27,0.0,-0.29067825779231715,-746.899999999986,5,24486.199999999953,914069.55,1191892.3900000001,1169724.09,2.0,0,0.19189239000000002
113511.94,1457.0,0.010355045559104381,2024-05-28,0.0,-0.2833331988356933,353.500000000006,5,13445.599999999977,1090720.55,1204234.49,1191892.3900000001,2.0,0,0.20423448999999994
113511.94,0.0,-0.01152283887833172,2024-05-29,0.0,-0.291591234914959,0.0,5,-13876.199999999953,1076844.35,1190358.29,1204234.49,2.0,0,0.19035829000000004
113511.94,0.0,-0.009214830603649804,2024-05-30,0.0,-0.2981191016833583,0.0,5,-10968.950000000186,1065875.4,1179389.3399999999,1190358.29,2.0,0,0.17938933999999995
113511.94,0.0,-0.03735861305987376,2024-05-31,1604.85,-0.3243403985776864,0.0,5,-45665.199999999975,1020210.2,1135328.99,1179389.3399999999,1606.85,0,0.1353289900000001
317928.44,1851.0,0.030513093830185856,2024-06-03,0.0,-0.3037239337622213,4221.100000000026,5,32272.300000000163,850436.1000000001,1169971.3900000001,1135328.99,1606.85,0,0.16997139000000017
108252.74,1325.0,-0.023369716758629533,2024-06-04,0.0,-0.319995708216011,-4756.899999999992,5,-21260.000000000116,1032769.8999999999,1142629.49,1169971.3900000001,1606.85,0,0.14262949000000003
108252.74,0.0,-0.01517696694490167,2024-06-05,0.0,-0.33031611087480783,0.0,5,-17341.649999999907,1015428.25,1125287.84,1142629.49,1606.85,0,0.12528784000000015
108252.74,0.0,-0.005507079859673802,2024-06-06,0.0,-0.3340041135329572,0.0,5,-6197.04999999993,1009231.2000000001,1119090.7900000003,1125287.84,1606.85,0,0.11909079000000022
271171.14,1472.0,-0.0047915683409387455,2024-06-07,0.0,-0.3371952783377482,-2758.4000000000233,5,-1131.800000000163,840950.6,1113728.59,1119090.7900000003,1606.85,0,0.11372859000000002
75830.61,1256.0,-0.03584394829982762,2024-06-11,0.0,-0.36095281651389155,2648.8750000000105,5,-41313.30000000005,996370.7,1073808.1600000001,1113728.59,1606.85,0,0.07380816000000023
75830.61,0.0,0.008617088549597307,2024-06-12,0.0,-0.35544609034642105,0.0,5,9253.100000000093,1005623.8,1083061.2600000002,1073808.1600000001,1606.85,0,0.08306126000000025
272743.41,1773.0,0.013643965069898067,2024-06-13,0.0,-0.3466518193174414,1902.599999999969,4,14647.649999999907,823488.25,1097838.51,1083061.2600000002,1606.85,0,0.0978385100000001
64716.91,1227.0,0.026954966263663005,2024-06-14,0.0,-0.32904084114871757,4957.5,5,25861.699999999953,1061106.95,1127430.71,1097838.51,1606.85,0,0.12743071000000006
64716.91,0.0,-0.040787384618962474,2024-06-17,0.0,-0.35640751042440033,0.0,5,-45984.95000000007,1015122.0,1081445.76,1127430.71,1606.85,0,0.08144576000000003
64716.91,0.0,-0.03404553548760503,2024-06-18,0.0,-0.3783189613678025,0.0,5,-36818.40000000002,978303.6,1044627.36,1081445.76,1606.85,0,0.044627360000000005
235599.16,1540.0,-0.026706700463981603,2024-06-19,0.0,-0.39492201065068955,6210.75,4,-32569.29999999993,779522.8,1016728.81,1044627.36,1606.85,0,0.01672881000000004
295349.76,2513.0,0.011737348133176173,2024-06-20,0.0,-0.38781999964197444,-647.2999999999746,4,15094.0,731705.9,1028662.51,1016728.81,1606.85,0,0.028662509999999974
334581.66,2830.0,-0.003868421334807026,2024-06-21,0.0,-0.3901881698161016,3480.3000000000034,4,-4629.599999999977,688494.7,1024683.2099999998,1028662.51,1606.85,0,0.024683209999999844
167794.41,992.0,-0.004321481953432071,2024-06-24,0.0,-0.39282346063523066,12992.750000000004,5,-16428.899999999907,850853.8,1020255.06,1024683.2099999998,1606.85,0,0.02025505999999999
167794.41,0.0,0.005898966087950486,2024-06-25,0.0,-0.3892417468201188,0.0,5,6018.449999999953,856872.25,1026273.51,1020255.06,1606.85,0,0.02627351
167794.41,0.0,-0.012111586120935769,2024-06-26,0.0,-0.3966389980025792,0.0,5,-12429.800000000047,844442.45,1013843.71,1026273.51,1606.85,0,0.013843709999999954
346689.41,1611.0,-0.023254077297574893,2024-06-27,2124.0,-0.41066960138136943,5429.399999999994,5,-29518.399999999907,639847.45,990267.7099999998,1013843.71,3730.85,0,-0.009732290000000199
225410.26,834.0,0.018234412591318527,2024-06-28,0.0,-0.3999235077403511,-2141.999999999989,6,21032.95000000009,780788.4,1008324.66,990267.7099999998,2126.0,0,0.008324659999999984
226774.11,31.0,0.021780484868831662,2024-07-01,0.0,-0.38685355078054817,9.349999999999952,5,21983.449999999953,801386.35,1030286.46,1008324.66,2126.0,0,0.030286459999999904
391234.31,1495.0,0.023494048441634385,2024-07-02,0.0,-0.3724482584007702,1822.000000000012,5,23878.599999999977,661131.75,1054492.06,1030286.46,2126.0,0,0.054492060000000064
194461.84,1229.0,0.03890013168994377,2024-07-03,0.0,-0.34803641301030663,-5789.0249999999905,6,48037.90000000002,898924.1000000001,1095511.9400000002,1054492.06,2126.0,0,0.09551194000000018
197905.09,46.0,0.012906705517057082,2024-07-04,0.0,-0.33962171098518634,46.74999999999976,6,14138.699999999953,909620.3,1109651.3900000001,1095511.9400000002,2126.0,0,0.10965139000000024
200462.84,39.0,0.02893228476017118,2024-07-05,0.0,-0.3205154582779751,9.75000000000037,5,32133.999999999884,939167.2999999999,1141756.14,1109651.3900000001,2126.0,0,0.1417561399999998
200462.84,0.0,-0.0307138265093978,2024-07-08,0.0,-0.34138502860824316,0.0,5,-35067.69999999984,904099.6000000001,1106688.4400000002,1141756.14,2126.0,0,0.1066884400000001
200462.84,0.0,-0.03819548345512691,2024-07-09,0.0,-0.3665411458513359,0.0,5,-42270.50000000012,861829.1,1064417.94,1106688.4400000002,2126.0,0,0.06441794
200462.84,0.0,-0.004156637946181041,2024-07-10,0.0,-0.3691742049618346,0.0,5,-4424.400000000023,857404.7,1059993.54,1064417.94,2126.0,0,0.05999354000000001
200462.84,0.0,0.00988072059382561,2024-07-11,0.0,-0.36294119153768467,0.0,5,10473.500000000116,867878.2000000001,1070467.04,1059993.54,2126.0,0,0.07046704000000004
200462.84,0.0,-0.01513862584690151,2024-07-12,0.0,-0.37258538648146855,0.0,5,-16205.40000000014,851672.7999999999,1054261.64,1070467.04,2126.0,0,0.05426164
304002.44,951.0,-0.023215015202488032,2024-07-15,0.0,-0.38715082627256436,-814.4999999999972,5,-22709.199999999953,723658.4999999999,1029786.94,1054261.64,2126.0,0,0.02978693999999993
118501.19,1137.0,-0.040508622103908265,2024-07-16,0.0,-0.41197650185778145,5222.649999999975,6,-45800.89999999991,867444.5,988071.69,1029786.94,2126.0,0,-0.011928310000000053
286943.19,1528.0,0.020733920632823866,2024-07-17,0.0,-0.39978446931706524,-1751.6999999999823,5,23766.29999999993,721613.1,1008558.29,988071.69,2.0,0,0.00855829000000008
221031.19,428.0,-0.020157585537272316,2024-07-18,0.0,-0.4118833652176058,4181.6,6,-24083.699999999953,767195.0,988228.19,1008558.29,2.0,0,-0.01177181000000005
225425.19,54.0,-0.016636744596407294,2024-07-19,0.0,-0.4216677114633791,0.0,5,-16386.900000000023,746360.1,971787.29,988228.19,2.0,0,-0.02821270999999992
374096.39,1339.0,-0.016684618297487686,2024-07-22,0.0,-0.4313169649467251,1625.4000000000026,5,-16500.29999999993,581475.0,955573.39,971787.29,2.0,0,-0.04442661000000003
398715.74,2245.0,-0.010122979669829446,2024-07-23,0.0,-0.4370737317491463,-4987.549999999997,6,-2440.6999999999534,547182.4,945900.14,955573.39,2.0,0,-0.05409986
283792.44,1630.0,0.005626069576435411,2024-07-26,0.0,-0.43390666939756384,6811.9,5,139.79999999993015,667427.4,951221.8400000001,945900.14,2.0,0,-0.048778159999999904
108292.84,1142.0,-0.028822508953326942,2024-07-29,0.0,-0.45022289948727123,7834.400000000017,6,-34109.0,815510.4,923805.24,951221.8400000001,2.0,0,-0.07619476000000003
319113.34,1941.0,0.010434775191359602,2024-07-30,0.0,-0.44448609903806346,-10114.500000000004,5,21695.199999999953,614329.6,933444.94,923805.24,2.0,0,-0.06655506000000011
33288.79,1805.0,-0.0044432722512802725,2024-07-31,0.0,-0.446954398539408,-16923.45,6,14580.900000000023,895900.0,929297.39,933444.94,108.6,0,-0.07070261
38968.39,63.0,0.05423699726521347,2024-08-01,0.0,-0.4169588657654516,-193.80000000000058,6,50659.09999999998,940612.1,979699.69,929297.39,119.2,0,-0.0203003100000001
43105.39,51.0,-0.02328550292794307,2024-08-02,0.0,-0.4305352718037815,-50.399999999999864,6,-22711.399999999907,913650.7,956886.89,979699.69,130.8,0,-0.043113109999999955
222276.64,1649.0,-0.08085203257409035,2024-08-05,0.0,-0.4765776525576976,3204.7499999999914,5,-78922.0,657110.0,879520.64,956886.89,134.0,0,-0.12047936000000004
225436.39,44.0,-0.060078806109655325,2024-08-06,0.0,-0.5080242422831442,-2.7499999999998437,5,-52793.79999999993,601100.3,826680.0900000001,879520.64,143.4,0,-0.1733199099999999
263722.79,2657.0,0.050740668013426804,2024-08-07,0.0,-0.4830610636901792,-3433.4999999999977,6,48036.79999999993,604763.6,868626.3899999999,826680.0900000001,140.0,0,-0.13137361000000014
311342.19,452.0,0.010819726533982,2024-08-08,0.0,-0.47746792576453945,-480.4,4,10330.70000000007,566537.5,878024.69,868626.3899999999,145.0,0,-0.12197531000000006
184064.24,781.0,-0.009408448411627135,2024-08-09,0.0,-0.4823841418284043,-3651.649999999999,4,-3828.1999999999534,685555.2000000001,869763.8400000001,878024.69,144.4,0,-0.13023615999999993
151185.74,195.0,0.00018338311236276716,2024-08-12,0.0,-0.48228921982132433,-607.5,5,961.9999999998836,718592.0,869923.34,869763.8400000001,145.6,0,-0.13007666000000007
151185.74,0.0,-0.0028271456655020177,2024-08-13,0.0,-0.4837528636094901,0.0,5,-2459.4000000000233,716138.0,867463.94,869923.34,140.2,0,-0.13253606000000007
151185.74,0.0,0.020301477891980113,2024-08-14,0.0,-0.47327228378326014,0.0,5,17610.800000000047,733741.0,885074.74,867463.94,148.0,0,-0.11492526000000003
270856.17,1090.0,0.03428719477408193,2024-08-15,0.0,-0.4552122679844295,783.5249999999788,5,30653.199999999953,644402.7,915421.4699999999,885074.74,162.6,0,-0.08457853000000015
125805.95,956.0,-0.0008528530579471338,2024-08-16,0.0,-0.45567689186761096,-5018.974999999984,6,5194.25,788656.2,914640.7499999999,915421.4699999999,178.6,0,-0.08535925000000011
131485.35,63.0,0.02152735923913296,2024-08-19,0.0,-0.4439590527766837,-37.0,6,19789.800000000163,802665.2,934330.5499999999,914640.7499999999,180.0,0,-0.06566945000000002
134791.2,46.0,-0.04013852485076075,2024-08-20,0.0,-0.46627771615484725,40.85000000000012,5,-37497.49999999988,761862.1000000001,896827.9,934330.5499999999,174.6,0,-0.10317209999999999
134791.2,0.0,-0.02605839983345748,2024-08-21,0.0,-0.4801856648273103,0.0,5,-23369.900000000023,738501.8,873458.0,896827.9,165.0,0,-0.12654200000000004
134791.2,0.0,0.023969441003459657,2024-08-22,0.0,-0.4677260057876359,0.0,5,20936.299999999814,759446.8999999999,894394.2999999998,873458.0,156.2,0,-0.10560570000000014
134791.2,0.0,-0.01922004646049269,2024-08-23,0.0,-0.4779563366861096,0.0,5,-17190.299999999814,742261.6000000001,877204.0,894394.2999999998,151.2,0,-0.12279600000000002
134791.2,0.0,-0.0014437918659739868,2024-08-26,434.2,-0.4787100590808855,0.0,5,-1700.7,735746.9,875937.5000000001,877204.0,5399.4,0,-0.12406249999999985
253939.5,1087.0,0.03887172315376364,2024-08-27,0.0,-0.45844662081463583,-3553.9,5,38690.09999999986,650321.6,909986.7,875937.5000000001,5725.6,0,-0.09001330000000007
110594.95,931.0,0.0016946950982910103,2024-08-28,0.0,-0.4575288529574675,901.9500000000011,6,1571.2000000000698,794983.9,911528.85,909986.7,5950.0,0,-0.08847115000000005
111454.45,26.0,0.008741687111713414,2024-08-29,0.0,-0.4527867399228894,-2.09999999999998,5,7996.399999999907,801994.7,919497.1499999999,911528.85,6047.999999999999,0,-0.08050285000000013
318368.45,1878.0,-0.0010815694208513582,2024-08-30,0.0,-0.45337858905167316,3560.0,4,-2676.5,594124.0,918502.6499999999,919497.1499999999,6010.2,0,-0.08149735000000013
151685.95,982.0,-0.011277920646173167,2024-09-02,0.0,-0.45954334194784763,-1956.5,5,-7420.29999999993,750949.9,908143.8500000001,918502.6499999999,5508.0,0,-0.09185614999999991
151685.95,0.0,0.02600788410338284,2024-09-03,0.0,-0.44548720782232565,0.0,5,23618.900000000023,774721.8,931762.75,908143.8500000001,5354.999999999999,0,-0.06823725000000003
151685.95,0.0,-0.034753804012877754,2024-09-04,0.0,-0.4647586367243022,0.0,5,-32382.300000000047,742522.5,899380.45,931762.75,5171.999999999999,0,-0.10061955
151804.45,21.0,-0.0167417470548753,2024-09-05,0.0,-0.4737195122415706,3.6999999999999886,5,-15039.899999999907,727516.0,884323.25,899380.45,5002.8,0,-0.11567675
250223.45,894.0,0.0101164364953652,2024-09-06,0.0,-0.4683954291084126,942.9999999999943,5,8897.199999999953,638026.0,893269.45,884323.25,5020.0,0,-0.10673055000000009
129281.92,1039.0,-0.013534135752655496,2024-09-09,0.0,-0.47559023753759144,-3354.425000000012,6,-7696.199999999953,746981.1,881179.8200000001,893269.45,4916.8,0,-0.11882017999999994
147541.82,179.0,-0.05497027837065083,2024-09-10,0.0,-0.5044171881604369,1081.5,6,-49341.19999999995,680476.0,832741.1200000001,881179.8200000001,4723.3,0,-0.1672588799999999
159347.92,130.0,0.03196623699812018,2024-09-11,0.0,-0.48857527054497873,41.10000000000045,5,26708.5,695676.5,859360.7200000001,832741.1200000001,4336.3,0,-0.14063927999999992
163157.72,49.0,0.03335584153764892,2024-09-12,0.0,-0.47151626831084203,-39.599999999999625,5,28753.29999999993,720608.7999999999,888025.4199999999,859360.7200000001,4258.900000000001,0,-0.11197458000000005
259451.97,3034.0,0.01866382383513332,2024-09-13,0.0,-0.4616527410428618,-5076.24999999999,5,24684.200000000186,640897.1000000001,904599.3700000001,888025.4199999999,4250.3,0,-0.09540062999999988
86692.57,1083.0,0.03342761558633378,2024-09-16,0.0,-0.4436570758184861,3518.8000000000043,5,27802.79999999993,843933.7999999999,934837.9699999999,904599.3700000001,4211.6,0,-0.06516203000000009
86692.57,0.0,-0.014763895394620863,2024-09-18,0.0,-0.45187086455463954,0.0,5,-13801.84999999986,829985.75,921036.1200000001,934837.9699999999,4357.8,0,-0.07896387999999988
86692.57,0.0,0.014253241230104852,2024-09-19,0.0,-0.44405824776188785,0.0,5,13127.75,843018.9,934163.87,921036.1200000001,4452.400000000001,0,-0.06583612999999999
86692.57,0.0,-0.0077337073633557685,2024-09-20,0.0,-0.4483577385847687,0.0,5,-7224.550000000047,836194.25,926939.3200000001,934163.87,4052.4999999999995,0,-0.07306067999999999
86692.57,0.0,0.01614771288372996,2024-09-23,0.0,-0.43944997773290395,0.0,5,14967.949999999953,851523.3999999999,941907.27,926939.3200000001,3691.2999999999997,0,-0.05809273000000004
86692.57,0.0,-0.03097826179853147,2024-09-24,0.0,-0.45681484307386677,0.0,5,-29178.650000000023,822336.1499999999,912728.62,941907.27,3699.9,0,-0.08727138000000001
86692.57,0.0,0.01840004754096558,2024-09-25,0.0,-0.446820210362879,0.0,5,16794.249999999884,839147.5999999999,929522.8699999999,912728.62,3682.7,0,-0.07047713000000011
238570.57,1373.0,-0.015295804394785728,2024-09-26,0.0,-0.4552815402203171,1512.6000000000176,4,-14357.39999999979,673026.0,915305.0700000001,929522.8699999999,3708.4999999999995,0,-0.08469492999999995
99862.32,817.0,0.006219183293718622,2024-09-27,0.0,-0.4518938362754752,-1261.75,5,7771.20000000007,817443.9,920997.52,915305.0700000001,3691.2999999999997,0,-0.07900247999999999
103483.97,44.0,0.005484216721886481,2024-09-30,0.0,-0.4488879032870081,2.150000000000489,5,5092.7999999999765,822562.5,926048.47,920997.52,2.0,0,-0.07395152999999999
103483.97,0.0,-0.00867832544445546,2024-10-01,0.0,-0.45367063341865965,0.0,5,-8036.550000000047,814525.95,918011.9199999999,926048.47,2.0,0,-0.08198808000000013
103483.97,0.0,-0.03205355982741476,2024-10-04,0.0,-0.4711824344558483,0.0,5,-29425.54999999993,785100.4,888586.37,918011.9199999999,2.0,0,-0.11141363000000004
103483.97,0.0,0.021815999720995016,2024-10-07,0.0,-0.4596457505934798,0.0,5,19385.400000000023,804485.8,907971.77,888586.37,2.0,0,-0.09202822999999993
261887.97,1430.0,-0.01623855552249176,2024-10-08,0.0,-0.46842032307428194,1627.5999999999995,4,-14941.75,631337.6499999999,893227.6199999999,907971.77,2.0,0,-0.10677238000000011
212447.19,2003.0,-0.0008915756545906373,2024-10-09,0.0,-0.46889426657270405,-3425.5749999999916,5,4632.200000000186,679982.05,892431.24,893227.6199999999,2.0,0,-0.10756876000000004
191199.24,1783.0,-0.023680591907562554,2024-10-11,0.0,-0.48147116470576257,883.3499999999885,5,-20233.650000000023,680096.7,871297.94,892431.24,2.0,0,-0.12870206000000006
50144.54,859.0,0.020103685772515423,2024-10-14,0.0,-0.4710468239370188,-697.9000000000071,6,19073.20000000007,838667.7,888814.24,871297.94,2.0,0,-0.11118576000000002
50288.84,21.0,-0.043706545475689085,2024-10-15,0.0,-0.49416553998112567,2.6999999999999744,5,-38828.69999999995,799676.4,849967.24,888814.24,2.0,0,-0.15003276
50288.84,0.0,0.060018666131179454,2024-10-16,0.0,-0.4638060304076074,0.0,5,51013.90000000002,850690.3,900981.14,849967.24,2.0,0,-0.09901885999999993
50288.84,0.0,0.01751557196857645,2024-10-17,0.0,-0.4544142863440952,0.0,5,15781.199999999953,866471.5,916762.34,900981.14,2.0,0,-0.08323765999999999
50288.84,0.0,0.015532324331734682,2024-10-18,0.0,-0.4459400720888308,0.0,5,14239.449999999953,880710.95,931001.7899999999,916762.34,2.0,0,-0.06899821000000006
50288.84,0.0,0.01441259312723786,2024-10-21,0.0,-0.43795463177974037,0.0,5,13418.15000000014,894129.1000000001,944419.9400000001,931001.7899999999,2.0,0,-0.05558005999999993
50288.84,0.0,0.013287097686649707,2024-10-22,0.0,-0.43048668006786883,0.0,5,12548.59999999986,906677.7,956968.5399999999,944419.9400000001,2.0,0,-0.04303146000000013
50288.84,0.0,-6.67733549526428e-05,2024-10-23,0.0,-0.4305247083829309,0.0,5,-63.89999999990687,906613.8,956904.64,956968.5399999999,2.0,0,-0.04309536000000003
50288.84,0.0,-0.04011852215493483,2024-10-24,0.0,-0.4533712154863583,0.0,5,-38389.59999999998,868224.2000000001,918515.04,956904.64,2.0,0,-0.08148495999999994
50288.84,0.0,-0.00044354200231710994,2024-10-25,0.0,-0.4536136683119656,0.0,5,-407.4000000000233,867816.8,918107.64,918515.04,2.0,0,-0.08189236
50288.84,0.0,-0.0679755262683579,2024-10-28,0.0,-0.4907545667542973,0.0,5,-62408.85000000009,805407.95,855698.7899999999,918107.64,2.0,0,-0.14430121000000007
147479.62,882.0,0.007873366281142102,2024-10-29,0.0,-0.486745090931355,-140.3249999999874,5,7759.550000000047,714954.4,862436.02,855698.7899999999,2.0,0,-0.13756398000000003
29139.92,807.0,-0.0028544726135162346,2024-10-30,0.0,-0.4882101630130442,-7617.7,5,5962.900000000023,830832.3,859974.2200000001,862436.02,2.0,0,-0.14002577999999988
29139.92,0.0,-0.028289452676848792,2024-11-01,0.0,-0.5026884173869788,0.0,5,-24328.199999999953,806504.1000000001,835646.0200000001,859974.2200000001,2.0,0,-0.1643539799999999
29139.92,0.0,0.016528589461839216,2024-11-04,0.0,-0.4944685584033507,0.0,5,13812.04999999993,820316.15,849458.0700000001,835646.0200000001,2.0,0,-0.15054192999999993
29139.92,0.0,0.003913671689527831,2024-11-05,0.0,-0.4924900743122076,0.0,5,3324.5,823640.65,852782.5700000001,849458.0700000001,2.0,0,-0.14721742999999998
29139.92,0.0,0.01681536478870571,2024-11-06,0.0,-0.4839561097778785,0.0,5,14339.849999999977,837980.5,867122.42,852782.5700000001,2.0,0,-0.13287757999999994
204373.92,1581.0,0.00022903340453361842,2024-11-07,0.0,-0.4838379184888122,4383.9999999999945,5,-2604.4000000000233,662945.1,867321.02,867122.42,2.0,0,-0.13267898
204093.02,2297.0,-0.022019759189048527,2024-11-08,0.0,-0.49520368322620656,4119.649999999989,4,-20920.849999999977,644127.8,848222.8200000001,867321.02,2.0,0,-0.15177717999999996
51906.62,898.0,-0.027013185049654886,2024-11-11,0.0,-0.5088398395436012,795.5999999999854,5,-22810.800000000047,773401.0,825309.62,848222.8200000001,2.0,0,-0.17469038000000003
176343.72,1127.0,-0.015859381355569302,2024-11-12,0.0,-0.5166293358349419,4856.4999999999945,5,-16818.400000000023,635875.0,812220.72,825309.62,2.0,0,-0.18777928
38683.52,912.0,-0.02138051833989163,2024-11-13,0.0,-0.5269640511850885,-5900.799999999988,5,-10552.900000000023,756169.5,794855.02,812220.72,2.0,0,-0.20514498000000003
38683.52,0.0,-0.024670159345536957,2024-11-14,0.0,-0.5386339234185196,0.0,5,-19609.199999999953,736560.3,775245.8200000001,794855.02,2.0,0,-0.22475417999999991
257506.67,1990.0,0.01635848871781076,2024-11-15,0.0,-0.5310866716599809,-4442.350000000017,5,19114.199999999953,530419.0,787927.67,775245.8200000001,2.0,0,-0.21207232999999992
379301.52,2280.0,-0.03317100159713893,2024-11-18,0.0,-0.5466409964232674,6275.0,6,-30131.349999999977,382487.80000000005,761791.3200000001,787927.67,2.0,0,-0.23820867999999995
421881.17,402.0,0.02646886289016792,2024-11-19,0.0,-0.5346410991175716,-408.45000000000016,4,20974.199999999953,360071.9,781955.0700000001,761791.3200000001,2.0,0,-0.21804492999999991
278477.37,846.0,-0.03412843144555622,2024-11-20,0.0,-0.5505230684639171,-2174.099999999986,5,-23666.800000000047,476788.8,755268.1699999999,781955.0700000001,2.0,0,-0.2447318300000001
407073.17,1159.0,0.02087907398507216,2024-11-21,0.0,-0.541138406355792,2256.3999999999837,4,14671.900000000081,363962.30000000005,771037.47,755268.1699999999,2.0,0,-0.22896253
282753.72,733.0,0.010761863492833923,2024-11-22,0.0,-0.5362002005228887,-2229.899999999986,5,11260.699999999953,496579.55,779335.27,771037.47,2.0,0,-0.22066472999999998
282753.72,0.0,0.03270068862660369,2024-11-25,0.0,-0.5210336276951066,0.0,5,25484.800000000105,522064.3500000001,804820.0700000001,779335.27,2.0,0,-0.1951799299999999
282753.72,0.0,-0.001746353069947859,2024-11-26,0.0,-0.521870072089783,0.0,5,-1405.5000000001164,520658.85,803414.57,804820.0700000001,2.0,0,-0.19658543000000006
282753.72,0.0,-0.01110703033428917,2024-11-27,0.0,-0.5271806757028132,0.0,5,-8923.54999999993,511735.30000000005,794491.02,803414.57,2.0,0,-0.20550897999999995
282753.72,0.0,-0.006919776135418165,2024-11-28,0.0,-0.5304524795794495,0.0,5,-5497.70000000007,506237.6,788993.32,794491.02,2.0,0,-0.21100668
282753.72,0.0,0.01316475024148489,2024-11-29,0.0,-0.5242710037466044,0.0,5,10386.900000000023,516624.5,799380.22,788993.32,2.0,0,-0.20061978000000003
282753.72,0.0,0.008839348063928831,2024-12-02,0.0,-0.5200658695646172,0.0,5,7066.0,523690.5,806446.22,799380.22,2.0,0,-0.19355378
282753.72,0.0,0.02256604290364206,2024-12-03,0.0,-0.5092356553862901,0.0,5,18198.300000000047,541888.8,824644.52,806446.22,2.0,0,-0.17535548
282753.72,0.0,0.013359089562615445,2024-12-04,0.0,-0.5026794905524573,0.0,5,11016.5,552905.3,835661.02,824644.52,2.0,0,-0.16433898000000002
282753.72,0.0,-0.0005319142443667157,2024-12-05,0.0,-0.5029440224154482,0.0,5,-444.5,552460.8,835216.52,835661.02,2.0,0,-0.16478347999999998
282753.72,0.0,-0.00657212814708219,2024-12-06,0.0,-0.506210737996407,0.0,5,-5489.150000000023,546971.65,829727.37,835216.52,2.0,0,-0.17027263000000004
282753.72,0.0,-0.0024976276243606765,2024-12-09,0.0,-0.5074440396977998,0.0,5,-2072.350000000093,544899.2999999999,827655.0199999999,829727.37,2.0,0,-0.1723449800000001
282753.72,0.0,-0.03270523267049108,2024-12-10,0.0,-0.5235531969827205,0.0,5,-27068.649999999907,517830.65,800586.37,827655.0199999999,2.0,0,-0.19941363
409723.09,1154.0,-0.020320393413642557,2024-12-11,0.0,-0.5332347834607039,2660.1249999999995,5,-17774.350000000035,374593.05,784318.14,800586.37,2.0,0,-0.21568186
275969.97,819.0,-0.008826928317633986,2024-12-12,0.0,-0.5373548865682611,-6200.925,5,96.79999999998836,501423.05,777395.02,784318.14,2.0,0,-0.22260497999999995
275969.97,0.0,-0.013766038789391866,2024-12-13,0.0,-0.543723677145485,0.0,5,-10701.649999999965,490721.4,766693.37,777395.02,2.0,0,-0.23330662999999996
287165.47,104.0,-0.019697835654950424,2024-12-16,0.0,-0.5527113331663183,449.5,4,-15447.70000000007,464423.69999999995,751591.1699999999,766693.37,2.0,0,-0.24840883000000002
153839.47,786.0,-0.016968067892548566,2024-12-17,0.0,-0.5603009576327198,-564.0,5,-11403.049999999988,584996.6499999999,738838.1199999999,751591.1699999999,2.0,0,-0.26116188000000007
295786.22,1280.0,0.022529156995851896,2024-12-18,0.0,-0.5503949088763015,1684.4499999999998,4,16240.95000000007,459695.3,755483.52,738838.1199999999,2.0,0,-0.24451648000000004
163713.22,779.0,-0.0017992450715537123,2024-12-19,0.0,-0.5512038586206514,4220.499999999995,5,-4800.799999999988,590409.0,754124.22,755483.52,2.0,0,-0.24587578
275232.17,1017.0,-0.015609563633959489,2024-12-20,0.0,-0.5582093705481876,1514.650000000005,5,-12269.199999999953,467118.5,742352.6699999999,754124.22,2.0,0,-0.25764733000000006
145919.92,830.0,0.004656479513975631,2024-12-23,0.0,-0.5561521815326789,479.7499999999969,6,3807.0,599887.5,745809.42,742352.6699999999,2.0,0,-0.25419057999999994
150039.87,51.0,-0.008243660961000043,2024-12-24,0.0,-0.559811112466403,83.2999999999995,6,-6180.5,589619.35,739661.22,745809.42,2.0,0,-0.26033878
244343.92,866.0,0.03207279137873442,2024-12-25,0.0,-0.5456930261093008,-1165.95,5,25754.95000000007,519038.30000000005,763384.2200000001,739661.22,2.0,0,-0.23661577999999994
162145.42,798.0,-0.007155767511149325,2024-12-26,0.0,-0.5489439411931565,-1114.5,5,-3550.100000000093,595774.2,757921.62,763384.2200000001,2.0,0,-0.24207838000000004
162145.42,0.0,0.03167530700602006,2024-12-27,0.0,-0.5346566020535243,0.0,5,24007.400000000023,619781.6,781929.02,757921.62,2.0,0,-0.21807098000000003
162145.42,0.0,0.012196759240372002,2024-12-30,0.0,-0.5289809206646745,0.0,5,9537.0,629318.6,791466.02,781929.02,2.0,0,-0.20853398
162145.42,0.0,0.009837440652221474,2024-12-31,0.0,-0.5243472984256492,0.0,5,7786.0,637104.6,799252.02,791466.02,2.0,0,-0.20074797999999994
162145.42,0.0,-0.007388032625804342,2025-01-02,0.0,-0.5278614361034325,0.0,5,-5904.900000000023,631199.7,793347.12,799252.02,2.0,0,-0.20665288000000004
162145.42,0.0,-0.022059322532109182,2025-01-03,0.0,-0.5382764929642737,0.0,5,-17500.699999999953,613699.0,775846.42,793347.12,2.0,0,-0.22415357999999996
162145.42,0.0,0.007143810755741997,2025-01-06,0.0,-0.534978027608533,0.0,5,5542.5,619241.5,781388.92,775846.42,2.0,0,-0.21861107999999996
162145.42,0.0,-0.0017052967682213982,2025-01-07,0.0,-0.535771028075204,0.0,5,-1332.5,617909.0,780056.42,781388.92,2.0,0,-0.21994357999999992
162145.42,0.0,-0.00883051510556132,2025-01-08,0.0,-0.5398704090242251,0.0,5,-6888.300000000047,611020.7,773168.12,780056.42,2.0,0,-0.22683187999999999
162145.42,0.0,-0.022932528568301525,2025-01-09,0.0,-0.550422344014398,0.0,5,-17730.699999999953,593290.0,755437.42,773168.12,2.0,0,-0.24456257999999997
162145.42,0.0,0.004667626869741204,2025-01-10,0.0,-0.5483238832672843,0.0,5,3526.0999999999767,596816.1,758963.52,755437.42,2.0,0,-0.24103648
243869.92,737.0,-0.030159881729229898,2025-01-13,0.0,-0.5619463815278609,-302.5,4,-21850.75,492201.35,736073.27,758963.52,2.0,0,-0.26392673
237881.12,1755.0,-0.005989824898817386,2025-01-14,0.0,-0.5645702459988023,-7736.599999999991,4,5082.650000000023,493781.2,731664.3200000001,736073.27,2.0,0,-0.26833567999999997
209921.87,1711.0,-0.0035115146792998875,2025-01-15,0.0,-0.5660992639717815,-484.6999999999998,5,-373.55000000004657,519171.2,729095.0700000001,731664.3200000001,2.0,0,-0.27090492999999993
99458.97,863.0,0.012020243121380503,2025-01-16,0.0,-0.5608836716341763,3935.3000000000047,5,5691.600000000035,638398.0,737858.97,729095.0700000001,2.0,0,-0.26214103
218223.47,1070.0,0.017600788942092827,2025-01-17,0.0,-0.5531548778175828,3680.6999999999975,5,10376.199999999953,532620.4,750845.87,737858.97,2.0,0,-0.24915412999999997
82149.62,880.0,-0.02621077212557621,2025-01-20,0.0,-0.5648670334905314,-2497.049999999999,5,-16303.20000000007,649014.0,731165.62,750845.87,2.0,0,-0.26883438000000004
82149.62,0.0,-0.03367362923874895,2025-01-21,0.0,-0.5795195396743282,0.0,5,-24621.0,624393.0,706544.62,731165.62,2.0,0,-0.29345538000000004
178817.72,890.0,-0.003420873829596327,2025-01-22,0.0,-0.5809579502769129,-882.9000000000057,5,-644.1000000000931,525307.8999999999,704127.6199999999,706544.62,2.0,0,-0.29587238000000016
54508.55,781.0,-0.01981880784622514,2025-02-03,0.0,-0.5892628641398631,1639.3250000000025,6,-14813.29999999993,635662.1,690172.65,704127.6199999999,2.0,0,-0.30982734999999995
54868.8,23.0,-0.00210635701081463,2025-02-04,0.0,-0.590128023185584,7.5,6,-1438.25,633848.1,688718.9,690172.65,2.0,0,-0.3112811
169264.05,1050.0,0.017793979517623182,2025-02-05,0.0,-0.5828347696253006,389.75,4,12915.300000000047,531707.9,700973.95,688718.9,2.0,0,-0.29902605000000004
39168.05,767.0,0.010102229904549453,2025-02-06,0.0,-0.578620470559871,1819.5000000000023,5,6028.900000000023,668885.3,708055.3500000001,700973.95,2.0,0,-0.2919446499999999
39168.05,0.0,0.019062069088242817,2025-02-07,0.0,-0.570588104857312,0.0,5,13497.0,682382.3,721552.3500000001,708055.3500000001,2.0,0,-0.27844764999999994
39168.05,0.0,-0.026762160777385136,2025-02-10,0.0,-0.5820800950348423,0.0,5,-19310.300000000047,663072.0,702242.05,721552.3500000001,2.0,0,-0.29775794999999994
170230.55,1180.0,-0.012036875319556883,2025-02-11,0.0,-0.5871105448244689,-1267.5,4,-6005.300000000047,523556.7,693789.25,702242.05,2.0,0,-0.30621075
36251.55,802.0,0.0016938861477027167,2025-02-12,0.0,-0.5864111570958146,2401.9999999999973,5,-424.79999999998836,658710.9,694964.4500000001,693789.25,2.0,0,-0.30503554999999993
36251.55,0.0,0.004760099599339096,2025-02-13,0.0,-0.5844424330104152,0.0,5,3308.0999999999767,662019.0,698272.55,694964.4500000001,2.0,0,-0.30172745
36251.55,0.0,-0.0042599411934494125,2025-02-14,0.0,-0.5862126838082837,0.0,5,-2974.5999999999767,659044.4,695297.9500000001,698272.55,2.0,0,-0.30470204999999995
36251.55,0.0,0.03540065090081157,2025-02-17,0.0,-0.571564343480597,0.0,5,24614.0,683658.4,719911.9500000001,695297.9500000001,2.0,0,-0.2800880499999999
36251.55,0.0,0.05331985390713401,2025-02-18,0.0,-0.5487202168663754,0.0,5,38385.59999999998,722044.0,758297.55,719911.9500000001,2.0,0,-0.2417024499999999
36251.55,0.0,0.0029708654603988194,2025-02-19,0.0,-0.5473795253456875,0.0,5,2252.8000000000466,724296.8,760550.3500000001,758297.55,2.0,0,-0.23944964999999996
36251.55,0.0,-0.04002233382707687,2025-02-20,0.0,-0.5654944530792723,0.0,5,-30439.000000000116,693857.7999999999,730111.35,760550.3500000001,2.0,0,-0.26988865000000006
36251.55,0.0,0.006523936383128648,2025-02-21,0.0,-0.5626597665330451,0.0,5,4763.200000000186,698621.0000000001,734874.5500000002,730111.35,2.0,0,-0.2651254499999999
36251.55,0.0,0.05276764585193461,2025-02-24,0.0,-0.5395823519766583,0.0,5,38777.59999999986,737398.6,773652.15,734874.5500000002,2.0,0,-0.22634785000000002
36251.55,0.0,-0.014917169169632594,2025-02-25,0.0,-0.5464504799209068,0.0,5,-11540.699999999953,725857.9,762111.4500000001,773652.15,2.0,0,-0.23788854999999998
160307.88,1127.0,-0.012710371954128385,2025-02-26,0.0,-0.5522152630207284,1508.475000000004,5,-10068.20000000007,592114.85,752424.73,762111.4500000001,2.0,0,-0.24757527000000001
35823.23,821.0,-0.02862565402389161,2025-02-27,0.0,-0.5650333939786765,2125.649999999998,6,-22843.29999999993,695060.85,730886.08,752424.73,2.0,0,-0.26911392
116073.18,738.0,-0.039175735841076476,2025-03-03,0.0,-0.5820735308358573,2070.149999999998,5,-29965.150000000023,586177.9,702253.0800000001,730886.08,2.0,0,-0.2977469199999999
132077.13,144.0,0.048444002552469945,2025-03-04,0.0,-0.5618274998969248,122.84999999999883,5,34041.09999999998,604193.9,736273.03,702253.0800000001,2.0,0,-0.26372697
140781.13,86.0,-0.005502714122232577,2025-03-05,0.0,-0.564238637901216,15.000000000000213,5,-3980.5,591438.4,732221.53,736273.03,2.0,0,-0.26777847
147992.13,74.0,-0.0097822854239209,2025-03-06,0.0,-0.5685013799219829,105.40000000000018,4,-7194.20000000007,577064.6,725058.73,732221.53,2.0,0,-0.27494127
147992.13,0.0,-0.017064272848628548,2025-03-07,0.0,-0.5758645901088009,0.0,4,-12372.600000000093,564691.9999999999,712686.1299999999,725058.73,2.0,0,-0.2873138700000001
147992.13,0.0,-0.007276765720135359,2025-03-10,0.0,-0.5789509241201927,0.0,4,-5186.04999999993,559505.95,707500.08,712686.1299999999,2.0,0,-0.29249992
147992.13,0.0,-0.017970174646481873,2025-03-11,0.0,-0.5865172495484926,0.0,4,-12713.899999999907,546792.05,694786.18,707500.08,2.0,0,-0.30521381999999997
252057.0,938.0,-0.0061850395469871255,2025-03-12,0.0,-0.5890746567120322,692.6250000000073,4,-4051.9000000000233,438429.89999999997,690488.8999999999,694786.18,2.0,0,-0.30951110000000004
261127.6,89.0,-0.009762068586475214,2025-03-13,0.0,-0.5930861380971302,265.1999999999994,3,-6916.79999999993,422618.7,683748.3,690488.8999999999,2.0,0,-0.3162516999999999
261127.6,0.0,0.011948548903156109,2025-03-14,0.0,-0.5882241079188116,0.0,3,8169.799999999988,430788.5,691918.1,683748.3,2.0,0,-0.3080819
261127.6,0.0,0.025264117241621475,2025-03-17,0.0,-0.5778209535039993,0.0,3,17480.699999999953,448269.19999999995,709398.7999999999,691918.1,2.0,0,-0.2906012000000001
261127.6,0.0,0.015912488151939463,2025-03-18,0.0,-0.5711030344286345,0.0,3,11288.300000000047,459557.5,720687.1,709398.7999999999,2.0,0,-0.2793129
261127.6,0.0,-0.008584724216653794,2025-03-19,0.0,-0.5747849965954244,0.0,3,-6186.900000000023,453370.6,714500.2,720687.1,2.0,0,-0.2854998000000001
261127.6,0.0,0.0061309989836253465,2025-03-20,0.0,-0.5721780038417287,0.0,3,4380.600000000035,457751.2,718880.8,714500.2,2.0,0,-0.2811191999999999
409980.8,1350.0,-0.00538809772079063,2025-03-21,0.0,-0.5744831505641332,4324.399999999993,2,-6847.799999999988,305024.6,715007.3999999999,718880.8,2.0,0,-0.28499260000000004
409980.8,0.0,-0.015998156102999483,2025-03-24,0.0,-0.5812906355458647,0.0,2,-11438.79999999993,293585.80000000005,703568.6000000001,715007.3999999999,2.0,0,-0.2964313999999999
409980.8,0.0,-0.020567859338805228,2025-03-25,0.0,-0.589902590857798,0.0,2,-14470.900000000023,279114.9,689097.7,703568.6000000001,2.0,0,-0.3109023000000001
667920.45,2337.0,-0.00579954047154696,2025-03-26,0.0,-0.5922809673793947,3533.750000000012,1,-5193.200000000012,17178.8,685101.25,689097.7,2.0,0,-0.31489875
676461.4,84.0,-0.0009716082111951296,2025-03-27,0.0,-0.5926771105393493,34.75,1,-616.4000000000015,7972.2,684435.6,685101.25,2.0,0,-0.3155644000000001
682702.0,67.0,-0.00035299157437163053,2025-03-28,0.0,-0.5928208920873776,109.1999999999997,1,-283.7999999999993,1490.0,684194.0,684435.6,2.0,0,-0.31580600000000003
684073.5,31.0,-0.0001731964910537398,2025-03-31,0.0,-0.5928914140800985,7.500000000000107,0,-95.0,0.0,684075.5,684194.0,2.0,0,-0.31592450000000005
684073.5,0.0,0.0,2025-04-01,0.0,-0.5928914140800985,0.0,0,0.0,0.0,684075.5,684075.5,2.0,0,-0.31592450000000005
684073.5,0.0,0.0,2025-04-02,0.0,-0.5928914140800985,0.0,0,0.0,0.0,684075.5,684075.5,2.0,0,-0.31592450000000005
684073.5,0.0,0.0,2025-04-07,0.0,-0.5928914140800985,0.0,0,0.0,0.0,684075.5,684075.5,2.0,0,-0.31592450000000005
684073.5,0.0,0.0,2025-04-08,0.0,-0.5928914140800985,0.0,0,0.0,0.0,684075.5,684075.5,2.0,0,-0.31592450000000005
684073.5,0.0,0.0,2025-04-09,0.0,-0.5928914140800985,0.0,0,0.0,0.0,684075.5,684075.5,2.0,0,-0.31592450000000005
684073.5,0.0,0.0,2025-04-10,0.0,-0.5928914140800985,0.0,0,0.0,0.0,684075.5,684075.5,2.0,0,-0.31592450000000005
684073.5,0.0,0.0,2025-04-11,0.0,-0.5928914140800985,0.0,0,0.0,0.0,684075.5,684075.5,2.0,0,-0.31592450000000005
684073.5,0.0,0.0,2025-04-14,0.0,-0.5928914140800985,0.0,0,0.0,0.0,684075.5,684075.5,2.0,0,-0.31592450000000005
684073.5,0.0,0.0,2025-04-15,0.0,-0.5928914140800985,0.0,0,0.0,0.0,684075.5,684075.5,2.0,0,-0.31592450000000005
684073.5,0.0,0.0,2025-04-16,0.0,-0.5928914140800985,0.0,0,0.0,0.0,684075.5,684075.5,2.0,0,-0.31592450000000005
684073.5,0.0,0.0,2025-04-17,0.0,-0.5928914140800985,0.0,0,0.0,0.0,684075.5,684075.5,2.0,0,-0.31592450000000005
684073.5,0.0,0.0,2025-04-18,0.0,-0.5928914140800985,0.0,0,0.0,0.0,684075.5,684075.5,2.0,0,-0.31592450000000005
684073.5,0.0,0.0,2025-04-21,0.0,-0.5928914140800985,0.0,0,0.0,0.0,684075.5,684075.5,2.0,0,-0.31592450000000005
684073.5,0.0,0.0,2025-04-22,0.0,-0.5928914140800985,0.0,0,0.0,0.0,684075.5,684075.5,2.0,0,-0.31592450000000005
684073.5,0.0,0.0,2025-04-23,0.0,-0.5928914140800985,0.0,0,0.0,0.0,684075.5,684075.5,2.0,0,-0.31592450000000005
684073.5,0.0,0.0,2025-04-24,0.0,-0.5928914140800985,0.0,0,0.0,0.0,684075.5,684075.5,2.0,0,-0.31592450000000005
684073.5,0.0,0.0,2025-04-25,0.0,-0.5928914140800985,0.0,0,0.0,0.0,684075.5,684075.5,2.0,0,-0.31592450000000005
684073.5,0.0,0.0,2025-04-28,0.0,-0.5928914140800985,0.0,0,0.0,0.0,684075.5,684075.5,2.0,0,-0.31592450000000005
684073.5,0.0,0.0,2025-04-29,0.0,-0.5928914140800985,0.0,0,0.0,0.0,684075.5,684075.5,2.0,0,-0.31592450000000005
684073.5,0.0,0.0,2025-04-30,0.0,-0.5928914140800985,0.0,0,0.0,0.0,684075.5,684075.5,2.0,0,-0.31592450000000005
684073.5,0.0,0.0,2025-05-02,0.0,-0.5928914140800985,0.0,0,0.0,0.0,684075.5,684075.5,2.0,0,-0.31592450000000005
684073.5,0.0,0.0,2025-05-05,0.0,-0.5928914140800985,0.0,0,0.0,0.0,684075.5,684075.5,2.0,0,-0.31592450000000005
684073.5,0.0,0.0,2025-05-06,0.0,-0.5928914140800985,0.0,0,0.0,0.0,684075.5,684075.5,2.0,0,-0.31592450000000005
684073.5,0.0,0.0,2025-05-07,0.0,-0.5928914140800985,0.0,0,0.0,0.0,684075.5,684075.5,2.0,0,-0.31592450000000005
684073.5,0.0,0.0,2025-05-08,0.0,-0.5928914140800985,0.0,0,0.0,0.0,684075.5,684075.5,2.0,0,-0.31592450000000005
684073.5,0.0,0.0,2025-05-09,0.0,-0.5928914140800985,0.0,0,0.0,0.0,684075.5,684075.5,2.0,0,-0.31592450000000005
684073.5,0.0,0.0,2025-05-12,0.0,-0.5928914140800985,0.0,0,0.0,0.0,684075.5,684075.5,2.0,0,-0.31592450000000005
684073.5,0.0,0.0,2025-05-13,0.0,-0.5928914140800985,0.0,0,0.0,0.0,684075.5,684075.5,2.0,0,-0.31592450000000005
684073.5,0.0,0.0,2025-05-14,0.0,-0.5928914140800985,0.0,0,0.0,0.0,684075.5,684075.5,2.0,0,-0.31592450000000005
684073.5,0.0,0.0,2025-05-15,0.0,-0.5928914140800985,0.0,0,0.0,0.0,684075.5,684075.5,2.0,0,-0.31592450000000005
684073.5,0.0,0.0,2025-05-16,0.0,-0.5928914140800985,0.0,0,0.0,0.0,684075.5,684075.5,2.0,0,-0.31592450000000005
684073.5,0.0,0.0,2025-05-19,0.0,-0.5928914140800985,0.0,0,0.0,0.0,684075.5,684075.5,2.0,0,-0.31592450000000005
684073.5,0.0,0.0,2025-05-20,0.0,-0.5928914140800985,0.0,0,0.0,0.0,684075.5,684075.5,2.0,0,-0.31592450000000005
684073.5,0.0,0.0,2025-05-21,0.0,-0.5928914140800985,0.0,0,0.0,0.0,684075.5,684075.5,2.0,0,-0.31592450000000005
684073.5,0.0,0.0,2025-05-22,0.0,-0.5928914140800985,0.0,0,0.0,0.0,684075.5,684075.5,2.0,0,-0.31592450000000005
684073.5,0.0,0.0,2025-05-23,0.0,-0.5928914140800985,0.0,0,0.0,0.0,684075.5,684075.5,2.0,0,-0.31592450000000005
684073.5,0.0,0.0,2025-05-26,0.0,-0.5928914140800985,0.0,0,0.0,0.0,684075.5,684075.5,2.0,0,-0.31592450000000005
684073.5,0.0,0.0,2025-05-27,0.0,-0.5928914140800985,0.0,0,0.0,0.0,684075.5,684075.5,2.0,0,-0.31592450000000005
684073.5,0.0,0.0,2025-05-28,0.0,-0.5928914140800985,0.0,0,0.0,0.0,684075.5,684075.5,2.0,0,-0.31592450000000005
684073.5,0.0,0.0,2025-05-29,0.0,-0.5928914140800985,0.0,0,0.0,0.0,684075.5,684075.5,2.0,0,-0.31592450000000005
684073.5,0.0,0.0,2025-06-02,0.0,-0.5928914140800985,0.0,0,0.0,0.0,684075.5,684075.5,2.0,0,-0.31592450000000005
684073.5,0.0,0.0,2025-06-03,0.0,-0.5928914140800985,0.0,0,0.0,0.0,684075.5,684075.5,2.0,0,-0.31592450000000005
684073.5,0.0,0.0,2025-06-04,0.0,-0.5928914140800985,0.0,0,0.0,0.0,684075.5,684075.5,2.0,0,-0.31592450000000005
684073.5,0.0,0.0,2025-06-05,0.0,-0.5928914140800985,0.0,0,0.0,0.0,684075.5,684075.5,2.0,0,-0.31592450000000005
684073.5,0.0,0.0,2025-06-06,0.0,-0.5928914140800985,0.0,0,0.0,0.0,684075.5,684075.5,2.0,0,-0.31592450000000005
684073.5,0.0,0.0,2025-06-09,0.0,-0.5928914140800985,0.0,0,0.0,0.0,684075.5,684075.5,2.0,0,-0.31592450000000005
684073.5,0.0,0.0,2025-06-10,0.0,-0.5928914140800985,0.0,0,0.0,0.0,684075.5,684075.5,2.0,0,-0.31592450000000005
215911.05,2779.0,-0.006749108833747242,2025-06-11,0.0,-0.5956390342336249,-1837.8999999999987,5,0.0,463545.55,679458.6,684075.5,2.0,0,-0.3205414
215911.05,0.0,0.013212946307545437,2025-06-12,0.0,-0.5902962345040865,0.0,5,8977.650000000023,472523.2,688436.25,679458.6,2.0,0,-0.31156375000000003
215911.05,0.0,-0.01576747302310133,2025-06-13,0.0,-0.5967562275740064,0.0,5,-10854.900000000023,461668.3,677581.35,688436.25,2.0,0,-0.32241865000000003
215911.05,0.0,0.015054871271176662,2025-06-16,0.0,-0.5906854444892293,0.0,5,10200.900000000023,471869.2,687782.25,677581.35,2.0,0,-0.31221774999999996
215911.05,0.0,-0.00522243777009368,2025-06-17,0.0,-0.592823064283778,0.0,5,-3591.9000000000233,468277.3,684190.35,687782.25,2.0,0,-0.31580965000000005
215911.05,0.0,0.005004820661384635,2025-06-18,0.0,-0.590785216743066,0.0,5,3424.25,471701.55,687614.6,684190.35,2.0,0,-0.31238540000000004
215911.05,0.0,-0.01525825658733826,2025-06-19,0.0,-0.5970291209053324,0.0,5,-10491.799999999988,461209.75,677122.8,687614.6,2.0,0,-0.3228772
215911.05,0.0,0.0051736553546859465,2025-06-20,0.0,-0.5949442884589218,0.0,5,3503.2000000000116,464712.95,680626.0,677122.8,2.0,0,-0.31937400000000005
215911.05,0.0,0.0062461616218012495,2025-06-23,0.0,-0.5924142450188026,0.0,5,4251.299999999988,468964.25,684877.3,680626.0,2.0,0,-0.3151227
215911.05,0.0,0.011038181583766793,2025-06-24,0.0,-0.5879152394443634,0.0,5,7559.799999999988,476524.05,692437.1,684877.3,2.0,0,-0.3075629
215911.05,0.0,-0.0018425500308980602,2025-06-25,0.0,-0.5886745262326578,0.0,5,-1275.8499999999767,475248.2,691161.25,692437.1,2.0,0,-0.30883875000000005
215911.05,0.0,-0.008245398595479791,2025-06-26,0.0,-0.5920660687163442,0.0,5,-5698.900000000023,469549.3,685462.35,691161.25,2.0,0,-0.31453765
215911.05,0.0,0.004342908111583332,2025-06-27,0.0,-0.5902944491371822,0.0,5,2976.9000000000233,472526.2,688439.25,685462.35,2.0,0,-0.31156075000000005
215911.05,0.0,-0.011039027771876708,2025-06-30,0.0,-0.5948172000914489,0.0,5,-7599.700000000012,464926.5,680839.55,688439.25,2.0,0,-0.31916044999999993
215911.05,0.0,0.0010194766153051038,2025-07-01,0.0,-0.5944041257020183,0.0,5,694.0999999999767,465620.6,681533.6499999999,680839.55,2.0,0,-0.3184663500000001
285802.05,643.0,-0.019022758450738086,2025-07-02,0.0,-0.6021196780474047,998.0000000000035,5,-13319.649999999965,382764.95,668569.0,681533.6499999999,2.0,0,-0.33143100000000003
166352.25,758.0,0.0004883564747990565,2025-07-03,0.0,-0.601925370615984,-102.19999999999261,6,1186.7000000000116,502541.25,668895.5,668569.0,2.0,0,-0.3311045
169171.25,41.0,0.0017389861346053248,2025-07-04,0.0,-0.6012331243549469,39.60000000000025,6,1164.5999999999767,500885.44999999995,670058.7,668895.5,2.0,0,-0.3299413
237152.65,641.0,-0.01386818796621847,2025-07-07,0.0,-0.6067632983410942,1037.8000000000015,6,-9689.29999999993,423611.55,660766.2,670058.7,2.0,0,-0.33923380000000003
151650.3,672.0,0.008543263865494533,2025-07-08,0.0,-0.6034037734372255,1019.9500000000011,7,5297.150000000023,514759.0,666411.3,660766.2,2.0,0,-0.33358869999999996
259401.9,1017.0,0.02266145547051801,2025-07-09,0.0,-0.5944163257091977,1358.7000000000132,7,14760.150000000023,422109.25,681513.15,666411.3,2.0,0,-0.31848685
268693.45,131.0,0.011345562444392998,2025-07-10,0.0,-0.5898147508061051,118.05000000000027,7,7745.099999999977,420549.85,689245.3,681513.15,2.0,0,-0.31075469999999994
276297.55,119.0,-0.007207521037865594,2025-07-11,0.0,-0.5927711696190923,-121.85000000000053,6,-4726.899999999965,407978.0,684277.55,689245.3,2.0,0,-0.31572245
277433.85,50.0,-0.008264482738035261,2025-07-14,0.0,-0.5961367052582055,3.3000000000000327,5,-5608.5,401186.5,678622.35,684277.55,2.0,0,-0.32137765000000007
277707.05,22.0,0.01089236156162543,2025-07-15,0.0,-0.5917376802304086,4.049999999999962,5,7409.75,408305.1,686014.1499999999,678622.35,2.0,0,-0.3139858500000001
278544.9,26.0,-0.013237700709234468,2025-07-16,0.0,-0.5971421346303762,5.849999999999852,4,-9061.099999999977,398386.0,676932.9,686014.1499999999,2.0,0,-0.32306709999999994
220905.4,621.0,-0.007174270891546319,2025-07-17,0.0,-0.600032346087328,2432.5,5,-6668.0,451169.0,672076.4,676932.9,2.0,0,-0.3279236
99108.65,838.0,0.025839696201205742,2025-07-18,0.0,-0.5896973034199156,3433.25,5,14771.0,590332.0,689442.65,672076.4,2.0,0,-0.31055734999999995
99108.65,0.0,-0.00466463744301282,2025-07-21,0.0,-0.5916112167413521,0.0,5,-3216.0,587116.0,686226.65,689442.65,2.0,0,-0.31377334999999995
99108.65,0.0,-0.039657451368290686,2025-07-22,0.0,-0.6078068750527874,0.0,5,-27214.0,559902.0,659012.65,686226.65,2.0,0,-0.34098735
99108.65,0.0,-0.0020333448834404244,2025-07-23,0.0,-0.6086043389367193,0.0,5,-1340.0,558562.0,657672.65,659012.65,2.0,0,-0.34232735000000003
170342.9,644.0,0.015075509069747639,2025-07-24,0.0,-0.6027038500984999,1867.7499999999968,5,8691.0,497242.5,667587.4,657672.65,2.0,0,-0.33241259999999995
60144.4,786.0,0.00015743256987765797,2025-07-25,0.0,-0.6026413027446185,1033.600000000007,6,-142.5,607546.1,667692.5,667587.4,2.0,0,-0.3323075
62751.5,39.0,0.04650793591361291,2025-07-28,0.0,-0.5841609699179484,18.799999999999933,5,31073.20000000007,635992.0,698745.5,667692.5,2.0,0,-0.3012545
62751.5,0.0,-0.020128931062883382,2025-07-29,0.0,-0.5925313650877263,0.0,5,-14065.0,621927.0,684680.5,698745.5,2.0,0,-0.3153195
62751.5,0.0,0.00936495197394982,2025-07-30,0.0,-0.5887154408908819,0.0,5,6412.0,628339.0,691092.5,684680.5,2.0,0,-0.3089075
145404.5,745.0,0.04157981746293005,2025-07-31,0.0,-0.5716143039978031,1078.0,5,28402.5,574421.5,719828.0,691092.5,2.0,0,-0.280172
56142.75,1045.0,0.005981915124168458,2025-08-01,0.0,-0.5690517371239101,689.4500000000089,5,4661.5,667989.2,724133.95,719828.0,2.0,0,-0.2758660500000001
56142.75,0.0,-0.029152617412841808,2025-08-04,0.0,-0.5816150069562656,0.0,5,-21110.399999999907,646878.8,703023.55,724133.95,2.0,0,-0.29697644999999995
56142.75,0.0,0.0020204159590384574,2025-08-05,0.0,-0.5807696952392978,0.0,5,1420.3999999999069,648299.2,704443.95,703023.55,2.0,0,-0.29555605000000007
56142.75,0.0,0.0011332342338947754,2025-08-06,0.0,-0.5802946091060568,0.0,5,798.3000000000466,649097.5,705242.25,704443.95,2.0,0,-0.29475775000000004
202031.25,1314.0,0.030044427996195555,2025-08-07,0.0,-0.5676848007097286,-1852.5,4,24355.099999999977,524397.6,726430.85,705242.25,2.0,0,-0.27356915000000004
151988.75,295.0,0.03159089402659587,2025-08-08,0.0,-0.554027577062863,-1809.0,5,25052.599999999977,597388.7,749379.45,726430.85,2.0,0,-0.25062055000000005
151988.75,0.0,0.009335324047116789,2025-08-11,0.0,-0.549864279978667,0.0,5,6995.70000000007,604384.4,756375.15,749379.45,2.0,0,-0.24362485
151988.75,0.0,0.023839625085514626,2025-08-12,0.0,-0.5391332131757602,0.0,5,18031.699999999953,622416.1,774406.85,756375.15,2.0,0,-0.22559315000000002
183422.75,283.0,-0.0009976667949153084,2025-08-13,0.0,-0.5395930046658541,322.0,5,-811.5999999999767,590209.5,773634.25,774406.85,2.0,0,-0.22636575000000003
193793.75,279.0,0.0348393313765516,2025-08-14,0.0,-0.5235527327873253,1050.0,5,26181.900000000023,606791.4,800587.15,773634.25,2.0,0,-0.19941284999999997
209496.5,142.0,0.021811554182452175,2025-08-15,0.0,-0.5131606774034347,-289.75,5,17893.79999999993,608550.7,818049.2,800587.15,2.0,0,-0.18195080000000008
255455.0,414.0,0.049644813539332366,2025-08-18,0.0,-0.4889916300095134,-283.5,4,41309.40000000002,603204.1,858661.1,818049.2,2.0,0,-0.14133890000000005
210342.7,1884.0,-0.04695729199797227,2025-08-19,0.0,-0.5129871992525645,-163.5,4,-38272.90000000002,607996.0,818340.7,858661.1,2.0,0,-0.18165930000000008
68349.3,837.0,-0.03208370303468944,2025-08-20,0.0,-0.5286123733258377,1933.599999999995,5,-27352.0,723734.0,792085.3,818340.7,2.0,0,-0.2079147
68349.3,0.0,0.04631130005821338,2025-08-21,0.0,-0.5067817995032015,0.0,5,36682.5,760416.5,828767.8,792085.3,2.0,0,-0.17123219999999995
68349.3,0.0,-0.009408546036658305,2025-08-22,0.0,-0.5114222656486933,0.0,5,-7797.5,752619.0,820970.3,828767.8,2.0,0,-0.17902969999999996
68349.3,0.0,0.04936353970417695,2025-08-25,0.0,-0.4873043392604658,0.0,5,40526.0,793145.0,861496.3,820970.3,2.0,0,-0.1385037
68349.3,0.0,0.007999453973278836,2025-08-26,0.0,-0.4832030539200801,0.0,5,6891.5,800036.5,868387.8,861496.3,2.0,0,-0.13161219999999996
68349.3,0.0,0.026198548620788964,2025-08-27,0.0,-0.4696637240011301,0.0,5,22750.5,822787.0,891138.3,868387.8,2.0,0,-0.10886169999999995
68349.3,0.0,-0.022909463099049843,2025-08-28,0.0,-0.4818134433462137,0.0,5,-20415.5,802371.5,870722.8,891138.3,2.0,0,-0.12927719999999998
68349.3,0.0,0.02958978448709515,2025-08-29,0.0,-0.4664804148107182,0.0,5,25764.5,828136.0,896487.3,870722.8,2.0,0,-0.1035126999999999
68349.3,0.0,-0.07181696829391782,2025-09-01,0.0,-0.5047961739444411,0.0,5,-64383.0,763753.0,832104.3,896487.3,2.0,0,-0.16789569999999998
68349.3,0.0,0.020638037803674347,2025-09-02,0.0,-0.4945761386617823,0.0,5,17173.0,780926.0,849277.3,832104.3,2.0,0,-0.1507227
185247.8,1064.0,0.0246786297008057,2025-09-03,0.0,-0.48210297034586513,-500.0,5,22523.0,684986.5,870236.3,849277.3,2.0,0,-0.12976369999999993
77198.05,753.0,-0.03541710452666702,2025-09-04,0.0,-0.500445383579176,-8910.75,6,-21157.5,762215.0,839415.05,870236.3,2.0,0,-0.16058494999999995
83475.05,68.0,0.03818671109125327,2025-09-05,0.0,-0.48136903576761203,-135.0,5,32257.5,787992.5,871469.55,839415.05,2.0,0,-0.12853044999999996
293415.05,1890.0,0.008836797567970178,2025-09-08,0.0,-0.47678599892420936,-6904.999999999986,5,16496.0,585753.5,879170.55,871469.55,2.0,0,-0.12082945
154712.8,1039.0,0.032375117660617736,2025-09-09,0.0,-0.459846884077698,-2937.25,5,32439.5,752919.0,907633.8,879170.55,2.0,0,-0.09236619999999995
154712.8,0.0,0.047740068736972896,2025-09-10,0.0,-0.4340599371950772,0.0,5,43330.5,796249.5,950964.3,907633.8,2.0,0,-0.049035699999999904
154712.8,0.0,-0.03861711738285023,2025-09-11,0.0,-0.4559149110320725,0.0,5,-36723.5,759526.0,914240.8,950964.3,2.0,0,-0.08575919999999992
154712.8,0.0,-0.03656695260154652,2025-09-12,0.0,-0.47581044469157097,0.0,5,-33431.0,726095.0,880809.8,914240.8,2.0,0,-0.11919019999999991
154712.8,0.0,-0.061784621379099125,2025-09-15,0.0,-0.5081972978971806,0.0,5,-54420.5,671674.5,826389.3,880809.8,2.0,0,-0.1736107
167998.05,121.0,0.02236929979611313,2025-09-16,0.0,-0.4971960158133042,-56.25,4,18663.0,676875.0,844875.05,826389.3,2.0,0,-0.15512494999999993
11952.55,920.0,-0.022964697560899694,2025-09-17,0.0,-0.508742757242567,5694.699999999989,5,-24177.0,813518.2,825472.75,844875.05,2.0,0,-0.17452725000000002
11952.55,0.0,0.02770085384405485,2025-09-18,0.0,-0.49513451216111004,0.0,5,22866.300000000047,836384.5,848339.05,825472.75,2.0,0,-0.1516609499999999
166661.55,1393.0,0.019563876023389604,2025-09-19,0.0,-0.4852573863485419,-948.0,4,18937.800000000047,698272.3,864935.8500000001,848339.05,2.0,0,-0.13506414999999994
11369.95,916.0,0.04572339093124622,2025-09-22,0.0,-0.46172160859558475,-387.59999999997797,5,40851.39999999991,893111.7,904483.6499999999,864935.8500000001,2.0,0,-0.09551635000000014
11369.95,0.0,-0.006278720461116105,2025-09-23,0.0,-0.46510130814547235,0.0,5,-5679.0,887432.7,898804.6499999999,904483.6499999999,2.0,0,-0.10119535000000013
11369.95,0.0,-0.04159190765201315,2025-09-24,0.0,-0.4873487651402685,0.0,5,-37383.0,850049.7,861421.6499999999,898804.6499999999,2.0,0,-0.13857835000000007
11369.95,0.0,-0.014756884738153397,2025-09-25,0.0,-0.49491390032396554,0.0,5,-12711.899999999907,837337.8,848709.75,861421.6499999999,2.0,0,-0.15129024999999996
139669.95,1156.0,-0.05343511135579615,2025-09-26,0.0,-0.5219032323044193,0.0,4,-44194.90000000002,663686.9,803358.8500000001,848709.75,2.0,0,-0.19664114999999993
285234.45,3268.0,0.03499046534434758,2025-09-30,0.0,-0.5051744039231224,-340.5,4,31718.400000000023,546232.3,831468.75,803358.8500000001,2.0,0,-0.16853125000000002
172592.95,664.0,0.010816161160596804,2025-10-01,0.0,-0.4998222905295665,5472.500000000004,5,4184.800000000047,667867.1000000001,840462.05,831468.75,2.0,0,-0.15953794999999993
172592.95,0.0,0.01984467948314861,2025-10-02,0.0,-0.4898964242005104,0.0,5,16678.699999999953,684545.8,857140.75,840462.05,2.0,0,-0.14285925
184941.7,114.0,0.015642413454266313,2025-10-03,0.0,-0.48191717316335503,152.25,5,13369.5,685604.8,870548.5,857140.75,2.0,0,-0.12945150000000005
201068.7,145.0,0.02871626336729105,2025-10-07,0.0,-0.4670397702618433,395.5,5,24748.400000000023,694476.7000000001,895547.4000000001,870548.5,2.0,0,-0.1044525999999999
223247.7,200.0,-0.00023281849737966098,2025-10-08,0.0,-0.4671638532616941,161.0,5,-169.50000000011642,672089.2,895338.8999999999,895547.4000000001,2.0,0,-0.10466110000000006
95160.65,1160.0,0.02870650431920252,2025-10-09,0.0,-0.45186799011392365,-3309.9500000000007,6,30172.0,825878.2999999999,921040.95,895338.8999999999,2.0,0,-0.07895905000000003
109212.15,126.0,-0.01611372436806413,2025-10-13,0.0,-0.4607004382385408,-53.5,5,-14661.899999999907,796985.4,906199.55,921040.95,2.0,0,-0.09380044999999992
109212.15,0.0,-0.04776232784489909,2025-10-14,0.0,-0.48645864071400213,0.0,5,-43282.20000000007,753703.2,862917.35,906199.55,2.0,0,-0.13708264999999997
109212.15,0.0,0.014839891676763584,2025-10-15,0.0,-0.4788377425706599,0.0,5,12805.599999999977,766508.7999999999,875722.95,862917.35,2.0,0,-0.12427705
109212.15,0.0,0.04359186886674604,2025-10-16,0.0,-0.4561193057865027,0.0,5,38174.40000000002,804683.2,913897.35,875722.95,2.0,0,-0.08610265000000006
109212.15,0.0,0.024445852698883552,2025-10-17,0.0,-0.44282367844999304,0.0,5,22341.0,827024.2,936238.35,913897.35,2.0,0,-0.06376165
109212.15,0.0,0.023087069654858627,2025-10-20,0.0,-0.4299601099043301,0.0,5,21615.0,848639.2,957853.35,936238.35,2.0,0,-0.04214665000000006
109212.15,0.0,-0.0005848494448549291,2025-10-21,0.0,-0.4302934974175977,0.0,5,-560.1999999999534,848079.0,957293.15,957853.35,2.0,0,-0.04270684999999996
109212.15,0.0,-0.0007623579046815987,2025-10-22,0.0,-0.4307278176731899,0.0,5,-729.8000000000466,847349.2,956563.35,957293.15,2.0,0,-0.04343665000000008
109212.15,0.0,0.005296460501021949,2025-10-23,0.0,-0.42771269004516543,0.0,5,5066.40000000014,852415.6000000001,961629.7500000001,956563.35,2.0,0,-0.03837024999999983
109212.15,0.0,0.06007904809517384,2025-10-27,0.0,-0.3933302132261314,0.0,5,57773.79999999993,910189.4,1019403.55,961629.7500000001,2.0,0,0.019403550000000047
109212.15,0.0,0.024651670086885513,2025-10-28,0.0,-0.37837478979090067,0.0,5,25130.0,935319.4,1044533.55,1019403.55,2.0,0,0.044533550000000144
109212.15,0.0,0.020031525076432244,2025-10-29,0.0,-0.36592268880445467,0.0,5,20923.599999999977,956243.0,1065457.15,1044533.55,2.0,0,0.06545714999999985
109212.15,0.0,0.004180177494702564,2025-10-30,0.0,-0.3632721330982934,0.0,5,4453.79999999993,960696.7999999999,1069910.95,1065457.15,2.0,0,0.06991094999999992
184461.15,691.0,-0.011007084281173252,2025-10-31,0.0,-0.37028065039345215,1210.0000000000057,5,-12295.599999999977,873671.2,1058134.3499999999,1069910.95,2.0,0,0.05813434999999978
19998.95,1021.0,0.0014250553344197225,2025-11-03,0.0,-0.369383265475108,36.29999999999981,6,2492.600000000093,1039641.3,1059642.25,1058134.3499999999,2.0,0,0.05964225000000001
26929.15,73.0,-0.035507549835805396,2025-11-04,0.0,-0.3917749206035436,148.79999999999836,6,-37701.09999999998,995085.8,1022016.9500000001,1059642.25,2.0,0,0.022016950000000035
31257.8,53.0,0.026729938285269927,2025-11-05,0.0,-0.3755171017677228,9.449999999999463,6,27362.0,1018075.6,1049335.4,1022016.9500000001,2.0,0,0.04933539999999992
34348.05,44.0,0.04411520854056783,2025-11-06,0.0,-0.3479679084821877,-15.749999999999744,6,46351.40000000002,1061277.0,1095627.05,1049335.4,2.0,0,0.09562705000000005
36845.4,39.0,-0.019045942686428008,2025-11-07,0.0,-0.3603864743269478,31.44999999999979,6,-20859.70000000007,1037912.3999999999,1074759.7999999998,1095627.05,2.0,0,0.07475979999999982
192208.6,1415.0,0.05364286978355559,2025-11-10,0.0,-0.3260757692574674,-2486.0000000000036,5,61554.19999999995,940202.3999999999,1132413.0,1074759.7999999998,2.0,0,0.1324129999999999
151135.0,2288.0,-0.0014650132063125376,2025-11-11,0.0,-0.32706307715555916,1127.4000000000108,4,-498.39999999990687,979617.0,1130754.0,1132413.0,2.0,0,0.13075400000000004
12780.0,815.0,-0.0017892485898789445,2025-11-12,0.0,-0.32826712859583607,-780.0,5,-428.19999999995343,1115948.8,1128730.8,1130754.0,2.0,0,0.12873080000000003
12780.0,0.0,-0.0006694244544404038,2025-11-13,0.0,-0.3287168030068055,0.0,5,-755.6000000000931,1115193.2,1127975.2,1128730.8,2.0,0,0.12797519999999984
12780.0,0.0,-0.04250838138994539,2025-11-14,0.0,-0.35725196516525404,0.0,5,-47948.39999999991,1067244.8,1080026.8,1127975.2,2.0,0,0.08002679999999995
12780.0,0.0,0.0399125280965249,2025-11-17,0.0,-0.33159826616592614,0.0,5,43106.59999999986,1110351.4,1123133.4,1080026.8,2.0,0,0.12313339999999995
12780.0,0.0,-0.0481876863425128,2025-11-18,0.0,-0.3638069992667142,0.0,5,-54121.19999999995,1056230.2,1069012.2,1123133.4,2.0,0,0.06901219999999997
152555.5,1259.0,-0.024402621410681835,2025-11-19,0.0,-0.3793317762077342,-168.5,4,-24659.20000000007,890367.9999999999,1042925.4999999999,1069012.2,2.0,0,0.04292549999999995
269027.5,1048.0,-0.019915324728372097,2025-11-20,0.0,-0.3916925854331391,-5200.0,3,-14522.199999999837,753125.8,1022155.3,1042925.4999999999,2.0,0,0.0221553000000001
174161.55,2753.0,-0.06813666181645783,2025-11-21,0.0,-0.4331406220199251,-4840.250000000023,4,-62053.00000000012,778345.5,952509.05,1022155.3,2.0,0,-0.04749094999999992
3921.15,1003.0,0.017587969374149193,2025-11-24,0.0,-0.42317071664056227,-4151.0,5,21906.699999999953,965338.6,969261.75,952509.05,2.0,0,-0.030738249999999967
3921.15,0.0,0.001125289427752696,2025-11-25,0.0,-0.4225216167463798,0.0,5,1090.7000000000698,966429.3,970352.4500000001,969261.75,2.0,0,-0.029647549999999967
3921.15,0.0,-0.028832822548137016,2025-11-26,0.0,-0.4391719484961164,0.0,5,-27978.0,938451.3,942374.4500000001,970352.4500000001,2.0,0,-0.057625549999999914
3921.15,0.0,0.03832606030437269,2025-11-27,0.0,-0.4176776187737947,0.0,5,36117.5,974568.8,978491.9500000001,942374.4500000001,2.0,0,-0.02150804999999989
3921.15,0.0,0.02918450172226761,2025-11-28,0.0,-0.4006828302359836,0.0,5,28556.79999999993,1003125.6,1007048.75,978491.9500000001,2.0,0,0.007048750000000048
3921.15,0.0,0.02752031617138706,2025-12-01,0.0,-0.3841894322371371,0.0,5,27714.300000000047,1030839.9,1034763.05,1007048.75,2.0,0,0.03476305000000002
3921.15,0.0,0.011807147539719232,2025-12-02,0.0,-0.3769184660070427,0.0,5,12217.599999999977,1043057.5,1046980.65,1034763.05,2.0,0,0.04698065000000007
3921.15,0.0,0.0290117109614203,2025-12-03,0.0,-0.35884180463744064,0.0,5,30374.699999999953,1073432.2,1077355.3499999999,1046980.65,2.0,0,0.07735534999999993
3921.15,0.0,-0.007470794107069634,2025-12-04,0.0,-0.3636317655050547,0.0,5,-8048.699999999953,1065383.5,1069306.65,1077355.3499999999,2.0,0,0.06930664999999991
269392.55,2391.0,0.011236814060774813,2025-12-05,0.0,-0.35648101397985144,-9990.40000000001,4,24397.0,811927.7,1081322.25,1069306.65,2.0,0,0.08132224999999993
81234.3,1110.0,0.02703306068103184,2025-12-08,0.0,-0.33908472618137264,-2343.2500000000114,5,32684.70000000007,1029317.4,1110553.7,1081322.25,2.0,0,0.11055369999999987
81234.3,0.0,0.017270303993404346,2025-12-09,0.0,-0.3276705184886407,0.0,5,19179.599999999977,1048497.0,1129733.3,1110553.7,2.0,0,0.12973330000000005
426423.8,3108.0,0.004455564866504114,2025-12-10,0.0,-0.32467491087210376,6033.5,4,2108.0999999998603,708341.1,1134766.9,1129733.3,2.0,0,0.1347668999999998
217870.3,1228.0,-0.008444906174122635,2025-12-11,0.0,-0.33037796788681983,-4672.5,5,-3682.5,907311.6,1125183.9,1134766.9,2.0,0,0.1251838999999999
217870.3,0.0,0.0016269340505139507,2025-12-12,0.0,-0.3292885370018006,0.0,5,1830.5999999999767,909142.2,1127014.5,1125183.9,2.0,0,0.12701450000000003
217870.3,0.0,-0.002818952196267266,2025-12-15,0.0,-0.3311792405534809,0.0,5,-3177.0,905965.2,1123837.5,1127014.5,2.0,0,0.12383750000000004
217870.3,0.0,-0.04257795277342136,2025-12-16,0.0,-0.35965625926307865,0.0,5,-47850.69999999995,858114.5,1075986.8,1123837.5,2.0,0,0.07598680000000013
217870.3,0.0,0.02043008334302976,2025-12-17,0.0,-0.3465739832716358,0.0,5,21982.5,880097.0,1097969.3,1075986.8,2.0,0,0.09796930000000015
217870.3,0.0,-0.02980566032219656,2025-12-18,0.0,-0.36604977717192744,0.0,5,-32725.699999999953,847371.3,1065243.6,1097969.3,2.0,0,0.06524360000000007
217870.3,0.0,0.019519760550544607,2025-12-19,0.0,-0.35367522062135903,0.0,5,20793.300000000047,868164.6000000001,1086036.9000000001,1065243.6,2.0,0,0.08603690000000008
327427.3,986.0,0.04599493810937716,2025-12-22,0.0,-0.3239475523952816,-1885.0000000000057,5,52823.19999999995,808559.8,1135989.1,1086036.9000000001,2.0,0,0.1359891000000002
237028.2,1239.0,0.03339855989815388,2025-12-23,0.0,-0.3013683742296619,-1169.2999999999968,5,40348.69999999995,936899.3,1173929.5,1135989.1,2.0,0,0.17392950000000007
237028.2,0.0,-0.0017456755282153624,2025-12-24,0.0,-0.30258795836200636,0.0,5,-2049.3000000000466,934850.0,1171880.2,1173929.5,2.0,0,0.17188019999999993
301107.5,586.0,0.017470898475799856,2025-12-26,0.0,-0.2904035433867487,-828.5999999999965,5,21888.400000000023,891244.5,1192354.0,1171880.2,2.0,0,0.19235399999999991
75890.35,1431.0,-0.02810947923183882,2025-12-29,0.0,-0.31034993024690527,5736.349999999994,5,-37821.80000000005,1082945.2,1158837.55,1192354.0,2.0,0,0.1588375500000001
75890.35,0.0,0.01598351727556646,2025-12-30,0.0,-0.2993268964429111,0.0,5,18522.300000000047,1101467.5,1177359.85,1158837.55,2.0,0,0.17735984999999999
75890.35,0.0,-0.014372666096945652,2025-12-31,0.0,-0.3093974370034478,0.0,5,-16921.800000000047,1084545.7,1160438.05,1177359.85,2.0,0,0.16043805
75890.35,0.0,0.023025615197640237,2026-01-02,0.0,-0.2934958881333851,0.0,5,26719.800000000047,1111265.5,1187157.85,1160438.05,2.0,0,0.18715785000000018
75890.35,0.0,-0.03132843707346922,2026-01-05,0.0,-0.3156295577441456,0.0,5,-37191.80000000005,1074073.7,1149966.05,1187157.85,2.0,0,0.14996604999999996
75890.35,0.0,-0.0037928076224511553,2026-01-06,0.0,-0.31822524317411394,0.0,5,-4361.600000000093,1069712.0999999999,1145604.45,1149966.05,2.0,0,0.14560445
242849.6,1505.0,-0.019848779393271232,2026-01-07,0.0,-0.33175763991825213,4185.450000000035,4,-25419.299999999814,880014.0,1122865.6,1145604.45,2.0,0,0.12286560000000013
34703.7,1227.0,-0.011744148186568437,2026-01-08,0.0,-0.3396055772195944,-1712.2999999999874,5,-10247.800000000047,1074972.8,1109678.5,1122865.6,2.0,0,0.10967850000000001
34703.7,0.0,0.03253771249961135,2026-01-09,0.0,-0.3181178533548188,0.0,5,36106.39999999991,1111079.2,1145784.9,1109678.5,2.0,0,0.1457849
210495.7,1584.0,0.03851997002229668,2026-01-12,0.0,-0.2918517735073072,4579.0,5,41140.60000000009,979422.7999999999,1189920.5,1145784.9,2.0,0,0.18992049999999994
26845.7,1350.0,0.001159237108697475,2026-01-13,0.0,-0.2910308618046985,2468.0,5,261.4000000000233,1164452.2,1191299.9,1189920.5,2.0,0,0.19129989999999997
26845.7,0.0,0.04528439899978176,2026-01-14,0.0,-0.2589256204721311,0.0,5,53947.30000000005,1218399.5,1245247.2,1191299.9,2.0,0,0.2452471999999999
26845.7,0.0,0.03243155254635388,2026-01-15,0.0,-0.23489142779171635,0.0,5,40385.30000000005,1258784.8,1285632.5,1245247.2,2.0,0,0.28563249999999996
26845.7,0.0,0.017615842785555058,2026-01-16,0.0,-0.22141339546981487,0.0,5,22647.5,1281432.3,1308280.0,1285632.5,2.0,0,0.3082800000000001
26845.7,0.0,-0.002897774176781831,2026-01-19,0.0,-0.22366956362681067,0.0,5,-3791.100000000093,1277641.2,1304488.9,1308280.0,2.0,0,0.30448889999999995
26845.7,0.0,-0.0010667012958102129,2026-01-20,0.0,-0.22449767630926676,0.0,5,-1391.5,1276249.7,1303097.4,1304488.9,2.0,0,0.30309739999999996
26845.7,0.0,-0.03014701740637349,2026-01-21,0.0,-0.24787675836025436,0.0,5,-39284.5,1236965.2,1263812.9,1303097.4,2.0,0,0.2638129
158195.2,1183.0,0.007843882587367235,2026-01-22,0.0,-0.24197719196160228,3792.5,4,7303.699999999953,1115528.9,1273726.0999999999,1263812.9,2.0,0,0.27372609999999975
19974.7,815.0,-0.009324610683568268,2026-01-23,0.0,-0.24904545953582558,-8518.699999999995,5,-2543.2999999998137,1241872.4000000001,1261849.1,1273726.0999999999,2.0,0,0.26184910000000006
19974.7,0.0,-0.00527051927207467,2026-01-26,0.0,-0.25300337991379396,0.0,5,-6650.600000000093,1235221.8,1255198.5,1261849.1,2.0,0,0.2551985000000001
19974.7,0.0,-0.007614731853169077,2026-01-27,0.0,-0.25869155887097406,0.0,5,-9558.0,1225663.8,1245640.5,1255198.5,2.0,0,0.24564049999999993
195166.45,1588.0,0.015445347192869718,2026-01-28,0.0,-0.2472417926207312,1051.7499999999789,5,19775.59999999986,1069711.4,1264879.8499999999,1245640.5,2.0,0,0.2648798499999998
28825.9,1074.0,-0.022113681390370732,2026-01-29,0.0,-0.2638880477827029,-4801.349999999993,5,-22095.799999999814,1208080.8,1236908.7,1264879.8499999999,2.0,0,0.23690869999999986
28825.9,0.0,-0.05632905646148345,2026-01-30,0.0,-0.30535253950112384,0.0,5,-69673.90000000014,1138406.9,1167234.7999999998,1236908.7,2.0,0,0.1672347999999999
28825.9,0.0,-0.031929822517286044,2026-02-02,0.0,-0.3275325096269365,0.0,5,-37269.59999999986,1101137.3,1129965.2,1167234.7999999998,2.0,0,0.1299652
139500.9,996.0,0.025587071177059162,2026-02-03,0.0,-0.31032603608650244,8722.000000000004,4,21186.5,1019374.8,1158877.7,1129965.2,2.0,0,0.1588776999999999
10623.15,760.0,0.025307113943084714,2026-02-04,0.0,-0.2928723784981647,5304.75,5,24783.09999999986,1177580.4,1188205.5499999998,1158877.7,2.0,0,0.18820554999999972
10623.15,0.0,-0.05735278715033765,2026-02-05,0.0,-0.33342811846228404,0.0,5,-68146.8999999999,1109433.5,1120058.65,1188205.5499999998,2.0,0,0.12005864999999982
425550.25,3744.0,-0.048937526619699745,2026-02-06,0.0,-0.3660484976589794,1422.1000000000129,5,-52491.0,639693.5,1065245.75,1120058.65,2.0,0,0.0652457500000001
179285.52,3373.0,-0.02166418406269155,2026-02-09,0.0,-0.3797825396925151,-12137.975000000011,4,-7566.699999999953,862880.55,1042168.0700000001,1065245.75,2.0,0,0.04216807
257761.12,3224.0,0.0034347147096915887,2026-02-10,0.0,-0.3776522696583894,12673.200000000012,4,-5869.65000000014,787984.5,1045747.62,1042168.0700000001,2.0,0,0.04574761999999999
70956.87,1101.0,0.03658177103955529,2026-02-11,0.0,-0.3548856874800457,4303.550000000003,5,35052.75,1013044.05,1084002.92,1045747.62,2.0,0,0.08400291999999987
70956.87,0.0,0.06697837123907369,2026-02-23,0.0,-0.31167698156444423,0.0,5,72604.74999999977,1085648.7999999998,1156607.67,1084002.92,2.0,0,0.15660766999999987
70956.87,0.0,0.07704795006244436,2026-02-24,0.0,-0.2586431040131907,0.0,5,89114.25000000023,1174763.05,1245721.92,1156607.67,2.0,0,0.24572191999999982
70956.87,0.0,0.04324689092731071,2026-02-25,0.0,-0.22658172319423953,0.0,5,53873.59999999986,1228636.65,1299595.52,1245721.92,2.0,0,0.29959552
70956.87,0.0,0.033285741089658316,2026-02-26,0.0,-0.20083792267847322,0.0,5,43258.0,1271894.65,1342853.52,1299595.52,2.0,0,0.34285352
70956.87,0.0,0.06320972372325451,2026-03-02,0.0,-0.15032310856087727,0.0,5,84881.3999999999,1356776.0499999998,1427734.92,1342853.52,2.0,0,0.42773492
70956.87,0.0,0.01741394684105657,2026-03-03,0.0,-0.13552688034128224,0.0,5,24862.5,1381638.5499999998,1452597.42,1427734.92,2.0,0,0.45259742000000003
70956.87,0.0,-0.056443202274171766,2026-03-04,0.0,-0.18432051149476358,0.0,5,-81989.25,1299649.2999999998,1370608.17,1452597.42,2.0,0,0.3706081699999999
70956.87,0.0,-0.005095694125331063,2026-03-05,0.0,-0.18847696467249275,0.0,5,-6984.199999999721,1292665.1,1363623.9700000002,1370608.17,2.0,0,0.36362397000000013
70956.87,0.0,0.014937475761737762,2026-03-06,0.0,-0.17635485900219616,0.0,5,20369.09999999986,1313034.2,1383993.0699999998,1363623.9700000002,2.0,0,0.3839930699999998
70956.87,0.0,-0.04891624926994753,2026-03-09,0.0,-0.21664449002922592,0.0,5,-67699.75,1245334.45,1316293.3199999998,1383993.0699999998,2.0,0,0.31629331999999977
70956.87,0.0,0.03280507417602041,2026-03-10,0.0,-0.19094645441844038,0.0,5,43181.10000000009,1288515.55,1359474.42,1316293.3199999998,2.0,0,0.35947441999999996
70956.87,0.0,0.057669492596999605,2026-03-11,0.0,-0.1442887469609484,0.0,5,78400.19999999995,1366915.75,1437874.62,1359474.42,2.0,0,0.4378746200000001
70956.87,0.0,-0.002221403699301794,2026-03-12,0.0,-0.14618962710398353,0.0,5,-3194.100000000093,1363721.65,1434680.52,1437874.62,2.0,0,0.4346805200000001
70956.87,0.0,0.036290135172393656,2026-03-13,0.0,-0.11520473325999525,0.0,5,52064.75,1415786.4,1486745.27,1434680.52,2.0,0,0.4867452700000001
70956.87,0.0,0.042305801315917435,2026-03-16,0.0,-0.07777276050002835,0.0,5,62897.950000000186,1478684.35,1549643.2200000002,1486745.27,2.0,0,0.5496432200000001
70956.87,0.0,0.045256675275228586,2026-03-17,0.0,-0.036035821792007594,0.0,5,70131.69999999995,1548816.05,1619774.92,1549643.2200000002,2.0,0,0.61977492
70956.87,0.0,0.018226205156948616,2026-03-18,0.0,-0.018466412916039343,0.0,5,29522.34999999986,1578338.4,1649297.27,1619774.92,2.0,0,0.6492972699999999
70956.87,0.0,0.02375393491071498,2026-03-19,0.0,0.0,0.0,5,39177.30000000005,1617515.7,1688474.5699999998,1649297.27,2.0,0,0.6884745699999999
70956.87,0.0,-0.042907634670505956,2026-03-20,0.0,-0.042907634670505956,0.0,5,-72448.44999999995,1545067.25,1616026.12,1688474.5699999998,2.0,0,0.6160261200000001
70956.87,0.0,-0.060321982914483985,2026-03-23,0.0,-0.10064134397949487,0.0,5,-97481.8999999999,1447585.35,1518544.2200000002,1616026.12,2.0,0,0.5185442200000001
70956.87,0.0,-0.04860191032171579,2026-03-24,0.0,-0.14435189272646232,0.0,5,-73804.1499999999,1373781.2000000002,1444740.0700000003,1518544.2200000002,2.0,0,0.4447400700000004
70956.87,0.0,0.05380123498616585,2026-03-25,0.0,-0.09831696784157062,0.0,5,77728.79999999981,1451510.0,1522468.87,1444740.0700000003,2.0,0,0.5224688700000002
70956.87,0.0,0.00497317229218619,2026-03-26,0.0,-0.09383274276970588,0.0,5,7571.5,1459081.5,1530040.37,1522468.87,2.0,0,0.53004037
70956.87,0.0,-0.01729892264215238,2026-03-27,0.0,-0.10950846005338422,0.0,5,-26468.050000000047,1432613.45,1503572.3199999998,1530040.37,2.0,0,0.5035723199999997
70956.87,0.0,-0.014963098017127696,2026-03-30,0.0,-0.12283297224902834,0.0,5,-22498.100000000093,1410115.3499999999,1481074.2199999997,1503572.3199999998,2.0,0,0.4810742199999998
721128.75,5871.0,-0.04783249147365465,2026-03-31,0.0,-0.16479005662489776,21009.324999999983,2,-85981.80000000005,689100.0,1410230.75,1481074.2199999997,2.0,0,0.41023075
82653.35,3780.0,0.03158256193179754,2026-04-01,0.0,-0.13841198686220046,-8277.300000000003,5,56596.0,1372114.1,1454769.4500000002,1410230.75,2.0,0,0.45476945000000013
82653.35,0.0,-0.0453327501481422,2026-04-02,0.0,-0.17747014099241065,0.0,5,-65948.70000000019,1306165.4,1388820.75,1454769.4500000002,2.0,0,0.38882075000000005
82653.35,0.0,0.031570452846416686,2026-04-07,0.0,-0.15150250086384165,0.0,5,43845.700000000186,1350011.1,1432666.4500000002,1388820.75,2.0,0,0.43266645000000015
269381.15,1692.0,0.008970894795505169,2026-04-08,0.0,-0.14389071906484197,-2381.399999999987,5,16925.699999999953,1176135.6,1445518.75,1432666.4500000002,2.0,0,0.44551874999999996
25712.65,1496.0,-0.02266314428643701,2026-04-09,0.0,-0.16329284722363324,-4285.9,5,-26978.100000000093,1387044.1,1412758.75,1445518.75,2.0,0,0.41275875000000006
643493.45,5581.0,0.020783732537490884,2026-04-10,0.0,-0.14590294954812377,6627.600000000026,4,28315.799999999814,798625.7,1442121.15,1412758.75,2.0,0,0.44212114999999996
103234.15,3229.0,-0.0002631540352903139,2026-04-13,0.0,-0.14612770863347968,11339.7,6,-8490.199999999953,1338505.5,1441741.65,1442121.15,2.0,0,0.44174165
103495.35,22.0,-0.04188808723116222,2026-04-14,0.0,-0.18189478565851291,4.399999999999977,5,-60374.19999999995,1277852.5,1381349.85,1441741.65,2.0,0,0.3813498500000001
103495.35,0.0,-0.0069333630434027516,2026-04-15,0.0,-0.1875670061172433,0.0,5,-9577.399999999907,1268275.1,1371772.4500000002,1381349.85,2.0,0,0.37177245000000014
103495.35,0.0,0.008978092540056437,2026-04-16,0.0,-0.1802729075155688,0.0,5,12315.899999999907,1280591.0,1384088.35,1371772.4500000002,2.0,0,0.3840883500000001
103495.35,0.0,0.02080018952547369,2026-04-17,0.0,-0.16322242863272718,0.0,5,28789.300000000047,1309380.3,1412877.6500000001,1384088.35,2.0,0,0.4128776500000002
212898.58,997.0,0.01350625087742019,2026-04-20,0.0,-0.15192070082524234,1294.4750000000054,5,18785.199999999953,1219059.75,1431960.33,1412877.6500000001,2.0,0,0.4319603300000001
21727.18,1216.0,-0.00045064097550806537,2026-04-21,0.0,-0.1523028801079307,-170.5,6,741.1999999999534,1409585.85,1431315.03,1431960.33,2.0,0,0.43131502999999993
22099.73,23.0,0.029364045733523803,2026-04-22,0.0,-0.12741106311124362,8.10000000000002,5,42044.09999999986,1451242.5,1473344.23,1431315.03,2.0,0,0.4733442299999999
22099.73,0.0,-0.05648272705422008,2026-04-23,0.0,-0.1766972658640632,0.0,5,-83218.5,1368024.0,1390125.73,1473344.23,2.0,0,0.39012573000000006
341225.73,2874.0,-0.00032874724216491735,2026-04-24,0.0,-0.1769679243673773,250.0,4,2167.0,1048441.0,1389668.73,1390125.73,2.0,0,0.3896687299999999
296580.98,3613.0,-0.0037233693817086966,2026-04-27,0.0,-0.18003237679795192,6720.75,4,-8282.0,1087911.5,1384494.48,1389668.73,2.0,0,0.3844944800000001
26959.98,1589.0,0.013232988837918569,2026-04-28,0.0,-0.16918175439266459,6980.0,5,12930.0,1375853.5,1402815.48,1384494.48,2.0,0,0.4028154799999999
26959.98,0.0,-0.04426776071789573,2026-04-29,0.0,-0.20596021768927197,0.0,5,-62099.5,1313754.0,1340715.98,1402815.48,2.0,0,0.3407159799999999
26959.98,0.0,0.012639142258899616,2026-04-30,0.0,-0.19592423592142105,0.0,5,16945.5,1330699.5,1357661.48,1340715.98,2.0,0,0.35766148
26959.98,0.0,0.03721804053835265,2026-05-04,0.0,-0.16599811153803745,0.0,5,50529.5,1381229.0,1408190.98,1357661.48,2.0,0,0.4081909800000001
26959.98,0.0,0.02539144228860213,2026-05-05,0.0,-0.14482160071857042,0.0,5,35756.0,1416985.0,1443946.98,1408190.98,2.0,0,0.44394698
26959.98,0.0,-0.039266677229381375,2026-05-06,0.0,-0.17840161489669337,0.0,5,-56699.0,1360286.0,1387247.98,1443946.98,2.0,0,0.38724797999999994
26959.98,0.0,-0.0053890869605014435,2026-05-07,0.0,-0.1828292800406226,0.0,5,-7476.0,1352810.0,1379771.98,1387247.98,2.0,0,0.3797719799999999
26959.98,0.0,-0.0620120579633745,2026-05-08,0.0,-0.23350371809271597,0.0,5,-85562.5,1267247.5,1294209.48,1379771.98,2.0,0,0.2942094799999999
256992.98,2072.0,0.018860547984859366,2026-05-11,0.0,-0.21904717818758734,18605.0,4,7876.5,1061624.0,1318618.98,1294209.48,2.0,0,0.3186189799999999
23097.48,1379.0,0.027266026460501802,2026-05-12,0.0,-0.1977536978836465,-1500.0,5,38832.5,1331473.0,1354572.48,1318618.98,2.0,0,0.3545724800000001
23097.48,0.0,0.03563818157593168,2026-05-13,0.0,-0.16916309850020417,0.0,5,48274.5,1379747.5,1402846.98,1354572.48,2.0,0,0.4028469800000001
23097.48,0.0,-0.005082877962926502,2026-05-14,0.0,-0.17338614107762362,0.0,5,-7130.5,1372617.0,1395716.48,1402846.98,2.0,0,0.3957164799999999
23097.48,0.0,-0.06866616635493195,2026-05-15,0.0,-0.23014654582567973,0.0,5,-95838.5,1276778.5,1299877.98,1395716.48,2.0,0,0.29987798
23097.48,0.0,-0.04018454101361113,2026-05-18,0.0,-0.2610827535294179,0.0,5,-52235.0,1224543.5,1247642.98,1299877.98,2.0,0,0.24764297999999996
412478.98,3515.0,-0.02053472059771455,2026-05-19,0.0,-0.2762562127305239,9561.5,3,-31666.5,809542.0,1222022.98,1247642.98,2.0,0,0.22202297999999998
42119.98,2183.0,-0.03385942873185577,2026-05-20,0.0,-0.3007617639156981,-17844.000000000004,5,-21350.0,1138524.0,1180645.98,1222022.98,2.0,0,0.18064597999999998
296364.48,2291.0,0.03767132633611303,2026-05-21,0.0,-0.2744205321374783,-15962.0,4,62729.5,928756.0,1225122.48,1180645.98,2.0,0,0.22512248
67003.48,1351.0,0.05911164082141407,2026-05-22,0.0,-0.23153033924579625,14940.0,5,58830.0,1230536.0,1297541.48,1225122.48,2.0,0,0.29754148
67003.48,0.0,0.02312450157662793,2026-05-25,0.0,-0.21375986136409497,0.0,5,30005.0,1260541.0,1327546.48,1297541.48,2.0,0,0.3275464800000001
67003.48,0.0,0.009565390132328933,2026-05-26,0.0,-0.20623916770034612,0.0,5,12698.5,1273239.5,1340244.98,1327546.48,2.0,0,0.34024498000000003
67003.48,0.0,-0.021887789499498767,2026-05-27,0.0,-0.22361283771066798,0.0,5,-29335.0,1243904.5,1310909.98,1340244.98,2.0,0,0.3109099799999999
67003.48,0.0,-0.05646154284369698,2026-05-28,0.0,-0.2674488547375634,0.0,5,-74016.0,1169888.5,1236893.98,1310909.98,2.0,0,0.23689398000000006
67003.48,0.0,0.05089886523661469,2026-05-29,0.0,-0.23016283271592297,0.0,5,62956.5,1232845.0,1299850.48,1236893.98,2.0,0,0.2998504799999999
67003.48,0.0,0.024516665947609706,2026-06-01,0.0,-0.21128899205156515,0.0,5,31868.0,1264713.0,1331718.48,1299850.48,2.0,0,0.3317184799999999
67003.48,0.0,-0.027201319606227847,2026-06-02,0.0,-0.23274297225572071,0.0,5,-36224.5,1228488.5,1295493.98,1331718.48,2.0,0,0.29549398000000004
67003.48,0.0,-0.0262853402066755,2026-06-03,0.0,-0.2529105842559417,0.0,5,-34052.5,1194436.0,1261441.48,1295493.98,2.0,0,0.26144148
67003.48,0.0,-0.011828531276773968,2026-06-04,0.0,-0.26174755477661704,0.0,5,-14921.0,1179515.0,1246520.48,1261441.48,2.0,0,0.24652048000000004
67003.48,0.0,0.0019851258280167983,2026-06-05,0.0,-0.26028203078000745,0.0,5,2474.5,1181989.5,1248994.98,1246520.48,2.0,0,0.24899497999999998
67003.48,0.0,-0.03129047804499574,2026-06-08,2388.35,-0.2834281596553745,0.0,5,-41469.999999999905,1140519.5,1209913.33,1248994.98,2390.35,0,0.20991333
417400.98,3156.0,0.04314259435425849,2026-06-09,0.0,-0.2525133914217018,-2905.999999999992,4,58260.80000000005,842320.8,1262112.1300000001,1209913.33,2390.35,0,0.2621121300000002
53042.13,2365.0,-0.05001572245407404,2026-06-10,0.0,-0.28989947417449113,-11142.649999999976,5,-49617.80000000005,1143554.2,1198986.68,1262112.1300000001,2390.35,0,0.19898667999999997
53042.13,0.0,0.03909217740433957,2026-06-11,0.0,-0.26214009844400554,0.0,5,46871.0,1190425.2,1245857.68,1198986.68,2390.35,0,0.24585767999999986
53042.13,0.0,0.03779340189161884,2026-06-12,0.0,-0.23425386264478953,0.0,5,47085.19999999995,1237510.4,1292942.88,1245857.68,2390.35,0,0.2929428799999998
53042.13,0.0,0.08566751224153091,2026-06-15,0.0,-0.16865429604900695,0.0,5,110763.20000000019,1348273.6,1403706.08,1292942.88,2390.35,0,0.4037060800000001
53042.13,0.0,0.050109635487223914,2026-06-16,0.0,-0.1269958658601532,0.0,5,70339.19999999995,1418612.8,1474045.28,1403706.08,2390.35,0,0.4740452800000001
53042.13,0.0,0.050817299180931474,2026-06-17,0.0,-0.08263215358937848,0.0,5,74907.0,1493519.8,1548952.28,1474045.28,2390.35,0,0.54895228
53042.13,0.0,0.04614641840354161,2026-06-18,0.0,-0.040298913118957946,0.0,5,71478.59999999986,1564998.4,1620430.88,1548952.28,2390.35,0,0.6204308799999998
53042.13,0.0,0.01568471714140629,2026-06-22,0.0,-0.025246273030928745,0.0,5,25416.0,1590414.4,1645846.88,1620430.88,2390.35,0,0.6458468799999999
53042.13,0.0,-0.07177423455090792,2026-06-23,0.0,-0.09520847565977841,0.0,5,-118129.3999999999,1472285.0,1527717.48,1645846.88,2390.35,0,0.52771748
53042.13,0.0,-0.0017953581312691869,2026-06-24,0.0,-0.09683290048010607,0.0,5,-2742.8000000000466,1469542.2,1524974.68,1527717.48,2390.35,0,0.5249746799999999
53042.13,0.0,0.02299251289864035,2026-06-25,0.0,-0.07606681929476733,0.0,5,35063.0,1504605.2,1560037.68,1524974.68,2390.35,0,0.56003768
53042.13,0.0,-0.05639120203814563,2026-06-26,0.0,-0.1281685219576626,0.0,5,-87972.3999999999,1416632.8,1472065.28,1560037.68,2390.35,0,0.47206528000000003
53042.13,0.0,-0.023938612287628946,2026-06-29,0.0,-0.14903895769066855,0.0,5,-35239.19999999995,1381393.6,1436826.08,1472065.28,2390.35,0,0.4368260800000001
53042.13,0.0,0.07779591528572483,2026-06-30,0.0,-0.08283766453171981,0.0,5,111779.19999999995,1493172.8,1548605.28,1436826.08,2390.35,0,0.5486052800000001
53042.13,0.0,-0.006476408242647946,2026-07-01,0.0,-0.08877758224099275,0.0,5,-10029.40000000014,1483143.4,1538575.88,1548605.28,2390.35,0,0.5385758799999998
53042.13,0.0,-0.005470513420501422,2026-07-02,5424.0,-0.09376243670640527,0.0,5,-13840.799999999814,1469302.6,1530159.08,1538575.88,7814.35,0,0.53015908
53042.13,0.0,0.019880547321916353,2026-07-03,0.0,-0.07574593794444884,0.0,5,30420.399999999907,1499723.0,1560579.48,1530159.08,7814.35,0,0.5605794799999999
53042.13,0.0,-0.027586034900317857,2026-07-06,0.0,-0.10124244275707384,0.0,5,-43050.19999999995,1456672.8,1517529.28,1560579.48,7814.35,0,0.51752928
53042.13,0.0,-0.07754960747775497,2026-07-07,0.0,-0.17094073853892855,0.0,5,-117683.80000000005,1338989.0,1399845.48,1517529.28,7814.35,0,0.39984548
53042.13,0.0,0.0018274874166825938,2026-07-08,1837.0,-0.16942564317092434,0.0,5,721.1999999999534,1339710.2,1402403.68,1399845.48,9651.35,0,0.40240367999999993
174973.33,1115.0,-0.0025176417106946847,2026-07-09,2704.0,-0.17151673181551064,820.2499999999972,5,-5940.0,1211544.25,1398872.9300000002,1402403.68,12355.35,0,0.39887293000000024
3166.46,1054.0,-0.020716406314332025,2026-07-13,0.0,-0.18867992782384624,1396.125,5,-29321.75,1354371.5,1369893.31,1398872.9300000002,12355.35,0,0.36989331000000014
217016.81,1904.0,-0.05394361696678407,2026-07-14,0.0,-0.2324454670347803,426.0,4,-72419.00000000009,1069012.5,1295996.31,1369893.31,9967.0,0,0.29599631000000004
483453.81,5025.0,-0.021244813575125088,2026-07-15,0.0,-0.24875201999636853,5908.799999999999,3,-28417.0,775042.3,1268463.11,1295996.31,9967.0,0,0.2684631100000001
49617.31,2593.0,-0.02513979298932878,2026-07-16,0.0,-0.2676382386973112,-6774.0,5,-22521.900000000023,1176989.9,1236574.21,1268463.11,9967.0,0,0.2365742099999999
554730.06,4550.0,-0.09078407837730984,2026-07-17,0.0,-0.3341250262359592,8913.25,3,-116624.5,559615.9,1124312.96,1236574.21,9967.0,0,0.12431295999999992
197376.21,2112.0,-0.03761145829004764,2026-07-20,0.0,-0.359169555038072,-11515.749999999982,5,-28659.300000000047,874682.7,1082025.91,1124312.96,9967.0,0,0.08202590999999981
390168.21,1754.0,0.04519771619886637,2026-07-21,0.0,-0.3302054824550895,-2518.0,4,53177.10000000009,730795.8,1130931.01,1082025.91,9967.0,0,0.13093101000000007
266284.31,1880.0,-0.028799369468169522,2026-07-22,0.0,-0.34949514223361977,-13712.499999999965,5,-16977.599999999977,822109.6,1098360.91,1130931.01,9967.0,0,0.09836091000000002
342598.51,700.0,-0.0024161457093370142,2026-07-23,0.0,-0.3510668567546149,2430.899999999999,5,-4384.699999999953,743141.6,1095707.1099999999,1098360.91,9967.0,0,0.09570710999999976
331455.51,2784.0,0.00025463008996995384,2026-07-24,0.0,-0.35090161884996585,-520.1999999999998,4,3583.20000000007,754563.6,1095986.1099999999,1095707.1099999999,9967.0,0,0.0959861099999999
170701.36,961.0,-0.05324533720596136,2026-07-27,0.0,-0.38546308103414306,808.8500000000117,5,-58204.0,856961.6,1037629.96,1095986.1099999999,9967.0,0,0.03762996000000007
170701.36,0.0,-0.036873838916524626,2026-07-28,0.0,-0.4081234163923475,0.0,5,-38261.39999999991,818700.2000000001,999368.56,1037629.96,9967.0,0,-0.0006314399999999276
170701.36,0.0,-0.017613421819073438,2026-07-29,0.0,-0.4185483883242611,0.0,5,-17602.300000000047,801097.9,981766.26,999368.56,9967.0,0,-0.01823374
431951.74,2371.0,-0.042823197040810945,2026-07-30,0.0,-0.44344800526074835,2797.624999999989,4,-42469.0,497805.15,939723.89,981766.26,9967.0,0,-0.060276109999999994
129538.79,1854.0,0.017812040513304428,2026-07-31,0.0,-0.43353467858269246,-3806.1,6,22398.49999999994,825084.5,956462.29,939723.89,1839.0,0,-0.04353770999999995
130049.24,24.0,-0.03176471285658322,2026-08-03,0.0,-0.4515282868607253,19.94999999999996,6,-30377.699999999953,794192.3,926080.54,956462.29,1839.0,0,-0.07391945999999994
297499.09,1525.0,0.0065210850883445914,2026-08-04,0.0,-0.447951656150794,-2353.1500000000215,5,9917.199999999953,632781.5,932119.5900000001,926080.54,1839.0,0,-0.06788040999999989
128845.72,1029.0,-0.000334688813910744,2026-08-05,0.0,-0.4481364205562184,-2332.525,6,3049.5500000000466,801122.9,931807.62,932119.5900000001,1839.0,0,-0.06819238000000005
129044.02,21.0,-0.015491073146622236,2026-08-06,0.0,-0.4566853796323387,-9.300000000000026,5,-14404.400000000023,786489.9,917372.92,931807.62,1839.0,0,-0.08262707999999996
130881.02,0.0,-0.005458739723862904,2026-08-07,0.0,-0.4596511927330952,0.0,5,-5007.70000000007,781482.2,912365.22,917372.92,2.0,0,-0.08763478000000002
130881.02,0.0,-0.005893034809020814,2026-08-10,0.0,-0.4628354870633319,0.0,5,-5376.599999999977,776105.6,906988.62,912365.22,2.0,0,-0.09301137999999998
130881.02,0.0,0.00027144772775655746,2026-08-11,0.0,-0.46268967497686375,0.0,5,246.20000000006985,776351.8,907234.8200000001,906988.62,2.0,0,-0.09276517999999989
130881.02,0.0,-0.010384742508009137,2026-08-12,0.0,-0.46826950434912373,0.0,5,-9421.400000000023,766930.4,897813.42,907234.8200000001,2.0,0,-0.10218657999999992
130881.02,0.0,0.016695339661997766,2026-08-13,0.0,-0.4593920831155899,0.0,5,14989.29999999993,781919.7,912802.72,897813.42,2.0,0,-0.08719728000000004
130881.02,0.0,0.021699869605997568,2026-08-14,0.0,-0.44766096181122816,0.0,5,19807.699999999953,801727.3999999999,932610.4199999999,912802.72,2.0,0,-0.06738958000000006
273483.82,1297.0,-0.009921720582963145,2026-08-17,0.0,-0.45314111541519975,1864.1999999999998,5,-9820.29999999993,649871.5,923357.3200000001,932610.4199999999,2.0,0,-0.07664267999999996
113929.32,1023.0,-0.005120715347770255,2026-08-18,0.0,-0.45594142409855765,-1554.75,6,-2150.5,804697.75,918629.0700000001,923357.3200000001,2.0,0,-0.08137092999999995
114127.57,21.0,-0.013489666726963057,2026-08-19,0.0,-0.4632805929674143,2.7500000000000213,5,-12373.75,792107.5,906237.0700000001,918629.0700000001,2.0,0,-0.09376292999999991
114127.57,0.0,0.017072243579707047,2026-08-20,0.0,-0.454117588516598,0.0,5,15471.5,807579.0,921708.5700000001,906237.0700000001,2.0,0,-0.07829142999999994
114127.57,0.0,-0.009766644569660476,2026-08-21,0.0,-0.45944902800638554,0.0,5,-9002.0,798577.0,912706.5700000001,921708.5700000001,2.0,0,-0.0872934299999999
114127.57,0.0,0.01605663910143651,2026-08-24,0.0,-0.45076959613315337,0.0,5,14655.0,813232.0,927361.5700000001,912706.5700000001,2.0,0,-0.07263842999999992
114127.57,0.0,0.01728344209907262,2026-08-25,0.0,-0.4412770042488705,0.0,5,16028.0,829260.0,943389.5700000001,927361.5700000001,2.0,0,-0.05661042999999999
114127.57,0.0,0.007897055720045731,2026-08-26,0.0,-0.43686473761935296,0.0,5,7450.0,836710.0,950839.5700000001,943389.5700000001,2.0,0,-0.04916042999999992
114127.57,0.0,0.0015396919166921208,2026-08-27,0.0,-0.4359976828078612,0.0,5,1464.0,838174.0,952303.5700000001,950839.5700000001,2.0,0,-0.0476964299999999
294092.07,1620.0,-0.010801702654543277,2026-08-28,0.0,-0.442089868134644,1234.0,4,-9900.5,647923.0,942017.0700000001,952303.5700000001,2.0,0,-0.05798292999999999
347736.57,483.0,-0.0002839651302709578,2026-08-31,0.0,-0.44224829515791864,262.5,4,-47.0,594011.0,941749.5700000001,942017.0700000001,2.0,0,-0.058250429999999964
46485.82,2126.0,0.01664853428072166,2026-09-01,0.0,-0.43296254677972434,-2954.25,6,20759.0,910940.5,957428.32,941749.5700000001,2.0,0,-0.04257168
227615.32,1631.0,0.03029156271458544,2026-09-02,0.0,-0.41578609620398355,1662.5,4,28970.5,758813.0,986430.3200000001,957428.32,2.0,0,-0.013569679999999917
38026.42,1119.0,-0.0421311056213276,2026-09-03,0.0,-0.4403996738902617,7614.600000000011,5,-48055.0,906842.5,944870.92,986430.3200000001,2.0,0,-0.05512907999999994
38026.42,0.0,0.03258000574300679,2026-09-04,0.0,-0.42216789205181804,0.0,5,30783.900000000023,937626.4,975654.8200000001,944870.92,2.0,0,-0.024345179999999966
38026.42,0.0,-0.02584653863545716,2026-09-07,0.0,-0.4371028519547083,0.0,5,-25217.300000000047,912409.1,950437.52,975654.8200000001,2.0,0,-0.049562479999999964
38026.42,0.0,0.00013551653558452337,2026-09-08,0.0,-0.4370265700833148,0.0,5,128.80000000004657,912537.9,950566.3200000001,950437.52,2.0,0,-0.049433679999999924
38026.42,0.0,0.03397921777830293,2026-09-09,0.0,-0.4178971733047776,0.0,5,32299.5,944837.4,982865.8200000001,950566.3200000001,2.0,0,-0.017134179999999888
