cash,cost,daily_return,date,dividend_entitlement,drawdown,execution_basis_pnl,holdings,market_pnl,market_value,nav,opening_nav,receivable,stale_holdings,total_return
1000000.0,0.0,0.0,2019-01-02,0.0,0.0,0.0,0,0.0,0.0,1000000.0,1000000.0,0.0,0,0.0
1000000.0,0.0,0.0,2019-01-03,0.0,0.0,0.0,0,0.0,0.0,1000000.0,1000000.0,0.0,0,0.0
1000000.0,0.0,0.0,2019-01-04,0.0,0.0,0.0,0,0.0,0.0,1000000.0,1000000.0,0.0,0,0.0
1000000.0,0.0,0.0,2019-01-07,0.0,0.0,0.0,0,0.0,0.0,1000000.0,1000000.0,0.0,0,0.0
1000000.0,0.0,0.0,2019-01-08,0.0,0.0,0.0,0,0.0,0.0,1000000.0,1000000.0,0.0,0,0.0
1000000.0,0.0,0.0,2019-01-09,0.0,0.0,0.0,0,0.0,0.0,1000000.0,1000000.0,0.0,0,0.0
1000000.0,0.0,0.0,2019-01-10,0.0,0.0,0.0,0,0.0,0.0,1000000.0,1000000.0,0.0,0,0.0
1000000.0,0.0,0.0,2019-01-11,0.0,0.0,0.0,0,0.0,0.0,1000000.0,1000000.0,0.0,0,0.0
1000000.0,0.0,0.0,2019-01-14,0.0,0.0,0.0,0,0.0,0.0,1000000.0,1000000.0,0.0,0,0.0
1000000.0,0.0,0.0,2019-01-15,0.0,0.0,0.0,0,0.0,0.0,1000000.0,1000000.0,0.0,0,0.0
1000000.0,0.0,0.0,2019-01-16,0.0,0.0,0.0,0,0.0,0.0,1000000.0,1000000.0,0.0,0,0.0
1000000.0,0.0,0.0,2019-01-17,0.0,0.0,0.0,0,0.0,0.0,1000000.0,1000000.0,0.0,0,0.0
1000000.0,0.0,0.0,2019-01-18,0.0,0.0,0.0,0,0.0,0.0,1000000.0,1000000.0,0.0,0,0.0
1000000.0,0.0,0.0,2019-01-21,0.0,0.0,0.0,0,0.0,0.0,1000000.0,1000000.0,0.0,0,0.0
1000000.0,0.0,0.0,2019-01-22,0.0,0.0,0.0,0,0.0,0.0,1000000.0,1000000.0,0.0,0,0.0
1000000.0,0.0,0.0,2019-01-23,0.0,0.0,0.0,0,0.0,0.0,1000000.0,1000000.0,0.0,0,0.0
1000000.0,0.0,0.0,2019-01-24,0.0,0.0,0.0,0,0.0,0.0,1000000.0,1000000.0,0.0,0,0.0
1000000.0,0.0,0.0,2019-01-25,0.0,0.0,0.0,0,0.0,0.0,1000000.0,1000000.0,0.0,0,0.0
1000000.0,0.0,0.0,2019-01-28,0.0,0.0,0.0,0,0.0,0.0,1000000.0,1000000.0,0.0,0,0.0
1000000.0,0.0,0.0,2019-01-29,0.0,0.0,0.0,0,0.0,0.0,1000000.0,1000000.0,0.0,0,0.0
1000000.0,0.0,0.0,2019-01-30,0.0,0.0,0.0,0,0.0,0.0,1000000.0,1000000.0,0.0,0,0.0
1000000.0,0.0,0.0,2019-02-11,0.0,0.0,0.0,0,0.0,0.0,1000000.0,1000000.0,0.0,0,0.0
1000000.0,0.0,0.0,2019-02-12,0.0,0.0,0.0,0,0.0,0.0,1000000.0,1000000.0,0.0,0,0.0
1000000.0,0.0,0.0,2019-02-13,0.0,0.0,0.0,0,0.0,0.0,1000000.0,1000000.0,0.0,0,0.0
1000000.0,0.0,0.0,2019-02-14,0.0,0.0,0.0,0,0.0,0.0,1000000.0,1000000.0,0.0,0,0.0
1000000.0,0.0,0.0,2019-02-15,0.0,0.0,0.0,0,0.0,0.0,1000000.0,1000000.0,0.0,0,0.0
1000000.0,0.0,0.0,2019-02-18,0.0,0.0,0.0,0,0.0,0.0,1000000.0,1000000.0,0.0,0,0.0
1000000.0,0.0,0.0,2019-02-19,0.0,0.0,0.0,0,0.0,0.0,1000000.0,1000000.0,0.0,0,0.0
1000000.0,0.0,0.0,2019-02-20,0.0,0.0,0.0,0,0.0,0.0,1000000.0,1000000.0,0.0,0,0.0
1000000.0,0.0,0.0,2019-02-21,0.0,0.0,0.0,0,0.0,0.0,1000000.0,1000000.0,0.0,0,0.0
166986.5,5004.0,-0.0025583000000000133,2019-02-22,0.0,-0.0025583000000000133,2445.7000000000176,5,0.0,830455.2,997441.7,1000000.0,0.0,0,-0.0025583000000000133
166986.5,0.0,0.015518701494032339,2019-02-25,0.0,0.0,0.0,5,15479.000000000116,845934.2000000001,1012920.7000000001,997441.7,0.0,0,0.012920700000000007
166986.5,0.0,-0.02245249800897553,2019-02-26,0.0,-0.02245249800897553,0.0,5,-22742.600000000093,823191.6,990178.1,1012920.7000000001,0.0,0,-0.00982190000000005
166986.5,0.0,0.025904127752371053,2019-02-27,0.0,0.0,0.0,5,25649.70000000007,848841.3,1015827.8,990178.1,0.0,0,0.01582780000000006
166986.5,0.0,0.000897100866898759,2019-03-04,0.0,0.0,0.0,5,911.2999999999302,849752.6,1016739.1,1015827.8,0.0,0,0.016739099999999896
166986.5,0.0,-0.0282471678329278,2019-03-05,0.0,-0.0282471678329278,0.0,5,-28720.0,821032.6,988019.1,1016739.1,0.0,0,-0.011980900000000072
166986.5,0.0,0.00772555915163986,2019-03-06,0.0,-0.020739833847247535,0.0,5,7633.0,828665.6,995652.1,988019.1,0.0,0,-0.004347900000000071
166986.5,0.0,-0.006686170802030156,2019-03-07,0.0,-0.027287334577769218,0.0,5,-6657.099999999977,822008.5,988995.0,995652.1,0.0,0,-0.011005000000000043
166986.5,0.0,0.01949898634472369,2019-03-08,0.0,-0.008320423597361404,0.0,5,19284.400000000023,841292.9,1008279.4,988995.0,0.0,0,0.008279399999999937
166986.5,0.0,0.009582958850493206,2019-03-11,0.0,0.0,0.0,5,9662.29999999993,850955.2,1017941.7,1008279.4,0.0,0,0.01794169999999995
166986.5,0.0,0.014852717007270755,2019-03-12,0.0,0.0,0.0,5,15119.20000000007,866074.4,1033060.9,1017941.7,0.0,0,0.03306089999999995
166986.5,0.0,-0.0020633827105449587,2019-03-13,0.0,-0.0020633827105449587,0.0,5,-2131.5999999999767,863942.8,1030929.3,1033060.9,0.0,0,0.030929299999999937
166986.5,0.0,-0.01562687179421529,2019-03-14,0.0,-0.017658010287680104,0.0,5,-16110.20000000007,847832.6,1014819.1,1030929.3,0.0,0,0.014819099999999974
166986.5,0.0,-0.014502486206654952,2019-03-15,0.0,-0.03190441144370104,0.0,5,-14717.400000000023,833115.2,1000101.7,1014819.1,0.0,0,0.00010169999999987134
166986.5,0.0,-0.004046088512798196,2019-03-18,0.0,-0.03582141188384935,0.0,5,-4046.5,829068.7,996055.2,1000101.7,0.0,0,-0.003944800000000082
166986.5,0.0,-0.020173781533392887,2019-03-19,0.0,-0.055272540079679744,0.0,5,-20094.199999999953,808974.5,975961.0,996055.2,0.0,0,-0.024039000000000033
337886.7,1558.0,0.008201967086799655,2019-03-20,0.0,-0.0475239165474175,-1250.0,5,10812.800000000047,646079.1000000001,983965.8,975961.0,0.0,0,-0.0160342
173391.8,1011.0,0.0024157343680033527,2019-03-21,0.0,-0.04522298733791974,3905.100000000034,6,-517.1000000000931,812951.0,986342.8,983965.8,0.0,0,-0.013657199999999925
309093.7,1261.0,-0.01268524492701728,2019-03-22,0.0,-0.05733456759422406,1698.6999999999887,4,-12949.699999999953,664737.1,973830.8,986342.8,0.0,0,-0.026169200000000004
147012.7,956.0,-0.006169552246653165,2019-03-25,0.0,-0.06315039123056543,6875.0,5,-11927.099999999977,820810.0,967822.7,973830.8,0.0,0,-0.032177300000000075
306237.3,1453.0,0.001168602472332969,2019-03-26,0.0,-0.06205558646155329,1000.0,4,1584.0,662716.4,968953.7,967822.7,0.0,0,-0.031046300000000082
142552.2,985.0,0.012695549849286003,2019-03-27,0.0,-0.05014786640361657,-497.2000000000071,5,13783.599999999977,838702.9,981255.1000000001,968953.7,0.0,0,-0.018744899999999953
273888.2,1202.0,0.013951112203136384,2019-03-28,0.0,-0.036896372711424874,-994.0,5,15885.599999999977,721056.5,994944.7,981255.1000000001,0.0,0,-0.005055300000000096
103060.8,1026.0,0.013378029954830728,2019-03-29,0.0,-0.02401194353595215,5253.9,6,9082.5,905194.3,1008255.1000000001,994944.7,0.0,0,0.008255100000000182
305725.3,1863.0,-0.0038643989998166095,2019-04-01,0.0,-0.027783550805184798,-8541.999999999993,5,6508.699999999953,698633.5,1004358.8,1008255.1000000001,0.0,0,0.004358800000000107
137048.8,1035.0,0.004638083521546266,2019-04-02,0.0,-0.02327432971279808,2732.999999999996,6,2960.3000000000466,871968.3,1009017.1000000001,1004358.8,0.0,0,0.009017100000000111
137156.3,21.0,0.016618152457475777,2019-04-03,0.0,-0.007042953614835201,2.0,6,16787.0,888628.8,1025785.1000000001,1009017.1000000001,0.0,0,0.025785100000000005
137383.3,22.0,-0.0011254794010948643,2019-04-08,0.0,-0.008160506316713723,13.0,6,-1145.5,887247.3,1024630.6000000001,1025785.1000000001,0.0,0,0.024630600000000058
137482.3,21.0,-0.026881492705761567,2019-04-09,0.0,-0.03482263243144723,2.0,5,-27524.600000000093,859604.7,997087.0,1024630.6000000001,0.0,0,-0.0029130000000000544
137482.3,0.0,0.004929258931266611,2019-04-10,0.0,-0.030065023272103475,0.0,5,4914.900000000023,864519.6,1002001.8999999999,997087.0,0.0,0,0.002001900000000001
137482.3,0.0,-0.006838909187697029,2019-04-11,0.0,-0.03669832049591648,0.0,5,-6852.599999999977,857667.0,995149.3,1002001.8999999999,0.0,0,-0.004850699999999986
137482.3,0.0,-0.02331861158923587,2019-04-12,0.0,-0.05916117820353084,0.0,5,-23205.5,834461.5,971943.8,995149.3,0.0,0,-0.028056199999999976
137482.3,0.0,0.030375110165834496,2019-04-15,0.0,-0.030583095343169053,0.0,5,29522.900000000023,863984.4,1001466.7,971943.8,0.0,0,0.001466699999999932
137482.3,0.0,0.006697077396582429,2019-04-16,0.0,-0.024090835303127056,0.0,5,6706.899999999907,870691.2999999999,1008173.5999999999,1001466.7,0.0,0,0.008173599999999892
137482.3,0.0,0.019409256501063066,2019-04-17,0.0,-0.005149164003787177,0.0,5,19567.900000000023,890259.2,1027741.5,1008173.5999999999,0.0,0,0.027741500000000086
137482.3,0.0,0.002751859295357706,2019-04-18,0.0,-0.002411474483256626,0.0,5,2828.20000000007,893087.4,1030569.7,1027741.5,0.0,0,0.030569700000000033
137482.3,0.0,-0.00950047337894755,2019-04-19,0.0,-0.011889037713071926,0.0,5,-9790.900000000023,883296.5,1020778.8,1030569.7,0.0,0,0.020778799999999986
137482.3,0.0,-0.02185066931248958,2019-04-22,0.0,-0.03347992359404939,0.0,5,-22304.699999999953,860991.8,998474.1000000001,1020778.8,0.0,0,-0.001525899999999858
296667.7,1454.0,-0.0547299123732905,2019-04-23,0.0,-0.08637748268277312,2202.100000000017,5,-55394.50000000012,647160.0,943827.7,998474.1000000001,0.0,0,-0.056172300000000064
288753.5,2139.0,-0.005657918283178076,2019-04-24,0.0,-0.0915466842274254,4067.4000000000037,6,-7268.5,649734.1000000001,938487.6000000001,943827.7,0.0,0,-0.06151239999999991
118666.2,1083.0,-0.027058055961527994,2019-04-25,0.0,-0.11612766488403548,-11532.750000000005,6,-12777.90000000014,794427.75,913093.95,938487.6000000001,0.0,0,-0.08690605000000007
275727.35,1455.0,0.003593715630248129,2019-04-26,0.0,-0.11295127905818525,1256.35,6,3480.0500000000466,640648.0,916375.35,913093.95,0.0,0,-0.08362465000000008
124589.45,927.0,-0.04953799772113021,2019-04-29,0.0,-0.1568938965747324,300.50000000000426,7,-44768.89999999991,746390.5000000001,870979.9500000001,916375.35,0.0,0,-0.12902004999999994
201290.05,752.0,-0.006205711164763539,2019-04-30,0.0,-0.16212596953383884,-674.4999999999936,7,-3978.5500000000466,664284.85,865574.8999999999,870979.9500000001,0.0,0,-0.13442510000000008
279210.15,763.0,0.004594634155865807,2019-05-02,0.0,-0.15827624489514602,-224.39999999999787,7,4964.400000000023,590341.75,869551.9,865574.8999999999,0.0,0,-0.13044809999999996
139341.8,907.0,-0.01139471951012927,2019-05-03,0.0,-0.16786745098957856,1800.7000000000114,7,-10802.0,720301.8,859643.6000000001,869551.9,0.0,0,-0.14035639999999994
233628.45,888.0,-0.005347274149426817,2019-05-06,0.0,-0.17231709185779864,-6899.999999999992,7,3191.25,621418.3999999999,855046.8499999999,859643.6000000001,0.0,0,-0.14495315000000009
90491.15,893.0,0.0033636753354511217,2019-05-07,0.0,-0.16953303527410624,-1875.0,8,5644.100000000093,767431.8,857922.9500000001,855046.8499999999,0.0,0,-0.14207704999999993
257151.05,1562.0,-0.007788636497018997,2019-05-08,0.0,-0.17600124058513889,1375.4500000000282,5,-6495.500000000116,594089.85,851240.8999999999,857922.9500000001,0.0,0,-0.14875910000000014
129673.25,791.0,-0.030714160938460466,2019-05-09,0.0,-0.20130967109489872,-1700.250000000017,6,-23653.899999999907,695422.5,825095.75,851240.8999999999,0.0,0,-0.17490424999999998
277324.05,1369.0,0.0035328627010864366,2019-05-10,0.0,-0.19848800782219134,-0.10000000000000142,6,4284.050000000047,550686.65,828010.7,825095.75,0.0,0,-0.1719893
143054.05,850.0,-0.006001492492790361,2019-05-13,0.0,-0.20329827602612793,541.5,7,-4660.800000000047,679987.35,823041.3999999999,828010.7,0.0,0,-0.17695860000000008
144027.3,28.0,0.010238974612941876,2019-05-14,0.0,-0.19514086730027247,-3.7500000000000533,7,8458.850000000093,687441.2000000001,831468.5,823041.3999999999,0.0,0,-0.16853149999999995
145119.4,49.0,0.006729960305170923,2019-05-15,0.0,-0.18972419728594903,0.0,7,5644.75,691944.85,837064.25,831468.5,0.0,0,-0.16293575000000005
145758.4,24.0,-0.023607506831166192,2019-05-16,0.0,-0.20885278883364966,0.0,7,-19737.0,671544.85,817303.25,837064.25,0.0,0,-0.18269674999999996
267028.6,1132.0,-0.020964128063849063,2019-05-17,0.0,-0.22543850028589807,-1920.0999999999744,6,-14081.949999999953,533140.6,800169.2,817303.25,0.0,0,-0.1998308000000001
156762.4,717.0,-0.0064894399834434235,2019-05-20,0.0,-0.23046497065177862,-1246.5,7,-3229.1500000000233,638214.15,794976.55,800169.2,0.0,0,-0.20502345
157423.3,45.0,0.022198139052026056,2019-05-21,0.0,-0.21338272506490175,0.5499999999998977,7,17691.45000000007,655200.25,812623.55,794976.55,0.0,0,-0.18737644999999992
157711.35,42.0,-0.012724157452734475,2019-05-22,0.0,-0.2233917671262169,0.8500000000000298,6,-10298.79999999993,644572.25,802283.6,812623.55,0.0,0,-0.19771640000000001
158414.35,26.0,0.011860456825990129,2019-05-23,0.0,-0.21418083870950888,0.8999999999999488,6,9540.54999999993,653384.7,811799.0499999999,802283.6,0.0,0,-0.18820095000000003
281598.65,1149.0,-0.006260477885506099,2019-05-24,0.0,-0.21910044219077496,2403.9000000000055,6,-6337.149999999907,525118.15,806716.8,811799.0499999999,0.0,0,-0.1932832
150734.65,837.0,0.0075913877087969706,2019-05-27,0.0,-0.2131723308858171,1319.7999999999827,7,5641.29999999993,662106.25,812840.9,806716.8,0.0,0,-0.18715910000000002
150999.25,42.0,-0.022515599301166977,2019-05-28,0.0,-0.23088822740266324,1.3500000000000085,6,-18260.949999999953,643540.05,794539.3,812840.9,0.0,0,-0.20546069999999994
151046.15,21.0,0.018186450940815613,2019-05-29,0.0,-0.21690081388231808,7.300000000000004,6,14463.550000000047,657943.0,808989.15,794539.3,0.0,0,-0.19101084999999995
151191.65,21.0,0.0038794092603096075,2019-05-30,0.0,-0.21386285164795216,9.499999999999993,6,3149.9000000000233,660935.9,812127.55,808989.15,0.0,0,-0.18787244999999997
151233.45,21.0,0.003316597251256992,2019-05-31,0.0,-0.21125555134261687,-0.4000000000000057,5,2714.9000000000233,663587.6000000001,814821.05,812127.55,0.0,0,-0.18517894999999995
151233.45,0.0,-0.015516351719190413,2019-06-03,0.0,-0.22349398762454376,0.0,5,-12643.050000000047,650944.55,802178.0,814821.05,0.0,0,-0.19782200000000005
151233.45,0.0,-0.003827080772596636,2019-06-04,0.0,-0.22646573885431154,0.0,5,-3070.0,647874.55,799108.0,802178.0,0.0,0,-0.20089199999999996
151233.45,0.0,-0.00088254653939146,2019-06-05,0.0,-0.22714841883958636,0.0,5,-705.25,647169.3,798402.75,799108.0,0.0,0,-0.20159724999999995
151233.45,0.0,0.02118755227233371,2019-06-06,0.0,-0.21077358556499437,0.0,5,16916.199999999953,664085.5,815318.95,798402.75,0.0,0,-0.18468105
151233.45,0.0,0.026038889443205093,2019-06-10,0.0,-0.19022300621386412,0.0,5,21230.0,685315.5,836548.95,815318.95,0.0,0,-0.16345105000000004
266480.45,1056.0,-0.00496677450853289,2019-06-11,0.0,-0.19424498594419748,268.0,5,-3366.95000000007,565913.5499999999,832394.0,836548.95,0.0,0,-0.16760600000000003
122835.75,900.0,-0.0021052530412281056,2019-06-12,0.0,-0.19594130413802324,-1109.0000000000227,6,256.60000000009313,707805.85,830641.6,832394.0,0.0,0,-0.16935840000000002
125650.75,41.0,0.004141918728847838,2019-06-13,0.0,-0.19261095836653963,0.0,6,3481.45000000007,708431.3,834082.05,830641.6,0.0,0,-0.16591794999999998
126811.75,29.0,0.0015250298217062142,2019-06-14,0.0,-0.19137966600032974,15.0,6,1285.9999999998836,708542.2999999999,835354.0499999999,834082.05,0.0,0,-0.16464595000000004
127841.25,28.0,0.005689324185355948,2019-06-17,0.0,-0.18677916277733486,0.0,6,4780.600000000093,712265.4,840106.65,835354.0499999999,0.0,0,-0.15989334999999993
130213.25,38.0,0.004505082777287894,2019-06-18,0.0,-0.1831155355894314,0.0,6,3822.75,713678.15,843891.4,840106.65,0.0,0,-0.15610859999999993
130559.25,23.0,0.009052053380328218,2019-06-19,0.0,-0.17572105381202607,0.0,5,7661.949999999953,720971.1,851530.35,843891.4,0.0,0,-0.14846965
247706.25,1075.0,-0.004458326118381928,2019-06-20,0.0,-0.17939595816664822,-752.0,5,-1969.3999999999069,600027.7000000001,847733.9500000001,851530.35,0.0,0,-0.15226604999999993
154686.45,591.0,0.0012603600457432584,2019-06-21,0.0,-0.17836170161894604,-1524.800000000011,5,3184.25,694115.9500000001,848802.4000000001,847733.9500000001,0.0,0,-0.15119759999999982
154686.45,0.0,0.01266284119837513,2019-06-24,4855.2,-0.16795742632404354,0.0,5,5893.049999999767,700008.9999999999,859550.6499999999,848802.4000000001,4855.2,0,-0.14044935000000014
154686.45,0.0,0.005941476514502053,2019-06-25,0.0,-0.16301386491348202,0.0,5,5107.0,705115.9999999999,864657.6499999999,859550.6499999999,4855.2,0,-0.13534235000000006
293931.85,1274.0,0.0027210769487784336,2019-06-26,0.0,-0.1607363612348509,300.00000000001137,5,3326.8000000000466,568223.3999999999,867010.4499999998,864657.6499999999,4855.2,0,-0.13298955000000012
163674.75,804.0,0.006678062530849793,2019-06-27,0.0,-0.1551317061753087,4116.399999999995,5,2477.550000000163,704270.4500000001,872800.4,867010.4499999998,4855.2,0,-0.12719959999999997
163674.75,0.0,-0.017258986132453802,2019-06-28,0.0,-0.16971327634217903,0.0,5,-15063.65000000014,689206.7999999999,857736.7499999999,872800.4,4855.2,0,-0.14226325000000006
163674.75,0.0,-0.007374523710217518,2019-07-01,0.0,-0.17583624547207244,0.0,5,-6325.399999999907,682881.4,851411.35,857736.7499999999,4855.2,0,-0.14858865
294270.75,1193.0,0.007019814805146574,2019-07-02,0.0,-0.17005076854617207,-3408.9999999999773,5,10578.75,558262.1499999999,857388.0999999999,851411.35,4855.2,0,-0.14261190000000012
285312.95,82.0,0.0049782006538232615,2019-07-03,0.0,-0.1659191147395085,-23.699999999999974,6,4373.950000000186,571488.2000000001,861656.3500000001,857388.0999999999,4855.2,0,-0.13834364999999993
286891.35,32.0,0.0061631298835085335,2019-07-04,0.0,-0.16077856591029638,-7.200000000000273,6,5349.699999999953,575220.3,866966.85,861656.3500000001,4855.2,0,-0.13303315000000004
287154.55,22.0,0.0017805986468801827,2019-07-05,1612.87,-0.15928424936032337,-0.8000000000000114,5,-46.35000000009768,574887.95,868510.57,866966.85,6468.07,0,-0.13148943000000002
287154.55,0.0,-0.013816987857729779,2019-07-08,0.0,-0.17090040867871392,0.0,5,-12000.199999999953,562887.75,856510.37,868510.57,6468.07,0,-0.14348963000000003
287154.55,0.0,0.01553536357067098,2019-07-09,0.0,-0.158020045091243,0.0,5,13306.199999999953,576193.95,869816.57,856510.37,6468.07,0,-0.1301834300000001
292009.75,0.0,0.02361509392721728,2019-07-10,0.0,-0.1381366093712384,0.0,5,20540.800000000094,596734.75,890357.37,869816.57,1612.87,0,-0.10964262999999996
292009.75,0.0,0.021937034114739795,2019-07-11,0.0,-0.11922988276877,0.0,5,19531.800000000047,616266.55,909889.17,890357.37,1612.87,0,-0.09011082999999998
292009.75,0.0,0.0018303328085549353,2019-07-12,0.0,-0.1176177803264068,0.0,5,1665.3999999999069,617931.95,911554.57,909889.17,1612.87,0,-0.08844543000000005
292009.75,0.0,0.011307935190320029,2019-07-15,0.0,-0.10763985937324705,0.0,5,10307.800000000047,628239.75,921862.37,911554.57,1612.87,0,-0.07813762999999996
296286.75,52.0,0.005004922806427059,2019-07-16,0.0,-0.10317366575387765,-26.0,5,4691.849999999977,628576.6,926476.22,921862.37,1612.87,0,-0.07352378000000004
192426.75,688.0,0.0084909896554064,2019-07-17,0.0,-0.09555872262709775,2273.0,6,6281.70000000007,740303.3,934342.92,926476.22,1612.87,0,-0.06565707999999992
351421.25,1470.0,0.004047229254972029,2019-07-18,0.0,-0.09189824142990988,1005.9999999999965,5,4245.5,585090.3,938124.42,934342.92,1612.87,0,-0.06187557999999993
176998.55,1056.0,0.021228420852747787,2019-07-19,0.0,-0.07262067512186365,5870.499999999993,5,15100.399999999907,779427.9,958039.32,938124.42,1612.87,0,-0.04196068000000008
176998.55,0.0,0.01954636893191397,2019-07-22,5511.39,-0.05449377669796618,0.0,5,13214.799999999945,792642.7,976765.51,958039.32,7124.26,0,-0.023234489999999997
176998.55,0.0,-0.00496127263953039,2019-07-23,0.0,-0.059184690854140354,0.0,5,-4845.999999999884,787796.7000000001,971919.51,976765.51,7124.26,0,-0.028080490000000013
176998.55,0.0,-0.003619847079723626,2019-07-24,0.0,-0.06259029840351127,0.0,5,-3518.20000000007,784278.5,968401.31,971919.51,7124.26,0,-0.03159868999999993
176998.55,0.0,-0.018791073299973204,2019-07-25,0.0,-0.08020523281831693,0.0,5,-18197.300000000047,766081.2,950204.01,968401.31,7124.26,0,-0.04979599000000001
176998.55,0.0,0.003999667397741158,2019-07-26,0.0,-0.07652635967540733,0.0,5,3800.5,769881.7,954004.51,950204.01,7124.26,0,-0.04599549000000003
176998.55,0.0,0.007624177793457143,2019-07-29,0.0,-0.06948563245400152,0.0,5,7273.500000000116,777155.2000000001,961278.01,954004.51,7124.26,0,-0.038721989999999984
176998.55,0.0,0.0014968614542634207,2019-07-30,0.0,-0.06809278136458352,0.0,5,1438.9000000000233,778594.1000000001,962716.9100000001,961278.01,7124.26,0,-0.03728308999999985
176998.55,0.0,0.024052449644828666,2019-07-31,0.0,-0.04567812991470288,0.0,5,23155.699999999953,801749.8,985872.6100000001,962716.9100000001,7124.26,0,-0.014127389999999851
176998.55,0.0,0.026233612474536594,2019-08-01,0.0,-0.02064281979891014,0.0,5,25863.0,827612.8,1011735.6100000001,985872.6100000001,7124.26,0,0.011735610000000118
178611.42,0.0,-0.028803177146250802,2019-08-02,0.0,-0.048851418149694736,0.0,5,-29141.200000000066,798471.6,982594.41,1011735.6100000001,5511.39,0,-0.01740558999999997
178611.42,0.0,-0.049991430340011744,2019-08-05,0.0,-0.09640069622226521,0.0,5,-49121.29999999993,749350.3,933473.1100000001,982594.41,5511.39,0,-0.0665268899999999
178611.42,0.0,0.025943971755115758,2019-08-06,0.0,-0.07295774140711353,0.0,5,24218.0,773568.3,957691.1100000001,933473.1100000001,5511.39,0,-0.04230888999999993
370944.92,1750.0,0.004354848819678292,2019-08-07,0.0,-0.06892061252148829,5994.3,5,-73.70000000006985,585405.4,961861.7100000001,957691.1100000001,5511.39,0,-0.03813828999999991
217110.37,961.0,0.04351795020512883,2019-08-08,0.0,-0.028401946100176656,-295.9499999999826,5,43115.20000000007,781098.2000000001,1003719.9600000001,961861.7100000001,5511.39,0,0.0037199600000001887
217110.37,0.0,-0.019421652230568465,2019-08-12,0.0,-0.04727198561091617,0.0,5,-19493.90000000014,761604.2999999999,984226.0599999999,1003719.9600000001,5511.39,0,-0.015773940000000097
217110.37,0.0,0.011145000570295993,2019-08-13,0.0,-0.036653831347212895,0.0,5,10969.20000000007,772573.5,995195.26,984226.0599999999,5511.39,0,-0.004804739999999974
217110.37,0.0,0.024400739207700806,2019-08-14,0.0,-0.013147472719178488,0.0,5,24283.5,796857.0,1019478.76,995195.26,5511.39,0,0.01947875999999993
217110.37,0.0,-0.018546634556663055,2019-08-15,0.0,-0.03145026590397526,0.0,5,-18907.900000000023,777949.1,1000570.86,1019478.76,5511.39,0,0.0005708600000000619
222621.76,0.0,0.011891011896948633,2019-08-16,0.0,-0.019933229493053095,0.0,5,11897.800000000032,789846.9,1012468.66,1000570.86,0.0,0,0.012468660000000131
222621.76,0.0,0.014467509542468227,2019-08-19,0.0,-0.005754104138487981,0.0,5,14647.899999999907,804494.7999999999,1027116.5599999999,1012468.66,0.0,0,0.027116559999999845
222621.76,0.0,0.0038198196317660305,2019-08-20,0.0,-0.00195626414667327,0.0,5,3923.4000000000233,808418.2,1031039.96,1027116.5599999999,0.0,0,0.031039959999999978
363843.76,1292.0,0.020038699566988782,2019-08-21,0.0,0.0,-1000.0,5,22952.70000000007,687856.9,1051700.6600000001,1031039.96,0.0,0,0.051700660000000065
215115.56,919.0,-0.0038352167621537037,2019-08-22,514.6,-0.0038352167621537037,998.8,6,-4627.900000000047,832037.0,1047667.16,1051700.6600000001,514.6,0,0.04766716000000004
215578.76,24.0,-0.024071671770259595,2019-08-23,0.0,-0.027814568453346955,0.6999999999999602,6,-25195.800000000047,806354.7,1022448.0599999999,1047667.16,514.6,0,0.02244805999999988
215955.36,23.0,-0.03169050954040642,2019-08-26,0.0,-0.05862362014682032,3.599999999999966,6,-32382.5,773576.2,990046.1599999999,1022448.0599999999,514.6,0,-0.009953840000000103
346586.36,1216.0,0.00857242858252194,2019-08-27,0.0,-0.05055373836125587,2503.0,5,7200.100000000093,651432.3,998533.26,990046.1599999999,514.6,0,-0.001466740000000022
347090.36,24.0,-0.00022142477257103277,2019-08-28,0.0,-0.050763969283807664,0.7999999999999545,5,-197.9000000001397,650707.2,998312.1599999999,998533.26,514.6,0,-0.001687840000000107
199257.36,912.0,-0.002371001871799283,2019-08-29,0.0,-0.05301460968941507,5009.0,6,-6464.0,796173.2,995945.1599999999,998312.1599999999,514.6,0,-0.004054840000000115
387852.16,1736.0,0.0026255461696305105,2019-08-30,0.0,-0.05052825582518905,1877.4,6,2473.5,610193.3,998560.0599999999,995945.1599999999,514.6,0,-0.0014399400000000284
218838.06,1062.0,0.019894346665537466,2019-09-02,0.0,-0.03163913579744282,6300.000000000011,6,14627.699999999953,799073.1,1018425.7599999999,998560.0599999999,514.6,0,0.018425759999999958
220516.26,33.0,-0.010822782016040033,2019-09-03,0.0,-0.04211949434357132,0.0,6,-10989.199999999953,786372.7,1007403.5599999999,1018425.7599999999,514.6,0,0.007403559999999976
221586.26,28.0,0.0012404165020025726,2019-09-04,0.0,-0.04093132355740858,-1.4999999999999147,6,1279.1000000000931,786552.3,1008653.16,1007403.5599999999,514.6,0,0.008653159999999938
353203.66,1221.0,-0.012294612748747324,2019-09-05,0.0,-0.052722701533723826,1385.900000000006,6,-12565.900000000023,642533.8999999999,996252.1599999998,1008653.16,514.6,0,-0.003747840000000169
180192.06,1095.0,-0.024142000354608895,2019-09-06,1512.43,-0.07559187040920967,-878.3500000000215,7,-23590.59999999981,789981.5499999999,972200.6399999999,996252.1599999998,2027.0300000000002,0,-0.02779936000000005
335755.26,1457.0,-0.010266759338895204,2019-09-09,0.0,-0.08508254620663647,994.7000000000002,6,-9519.04999999993,624437.0,962219.29,972200.6399999999,2027.0300000000002,0,-0.03778070999999994
332376.46,104.0,-0.0014244154261343622,2019-09-10,0.0,-0.08638576874145942,-10.04999999999989,7,-1256.5500000000466,626445.2,960848.69,962219.29,2027.0300000000002,0,-0.03915131000000005
483215.06,1405.0,0.0064067319486067476,2019-09-11,0.0,-0.0805324872573534,2769.0,7,4791.900000000047,482277.1,967004.59,960848.69,1512.43,0,-0.03299541000000006
354411.46,940.0,0.0036424852957523957,2019-09-12,0.0,-0.07718334036226626,5700.299999999989,6,-1238.0,614603.0,970526.89,967004.59,1512.43,0,-0.02947310999999997
357239.46,41.0,0.012858994561191439,2019-09-16,0.0,-0.06531684595500786,0.0,5,12521.0,624255.0,983006.89,970526.89,1512.43,0,-0.016993110000000033
357239.46,0.0,-0.007486722702421789,2019-09-17,0.0,-0.0723145595439677,0.0,5,-7359.5,616895.5,975647.39,983006.89,1512.43,0,-0.024352609999999997
477390.46,1102.0,-0.006677617412577663,2019-09-18,0.0,-0.0785092879945517,-976.0,5,-4437.0,490229.5,969132.39,975647.39,1512.43,0,-0.030867609999999934
376957.46,637.0,0.011315275511532441,2019-09-19,0.0,-0.06808236670689183,-1349.9999999999943,6,12953.0,601628.5,980098.39,969132.39,1512.43,0,-0.019901610000000014
377307.96,23.0,0.000602796623306423,2019-09-20,0.0,-0.06752060990434305,-1.5,5,615.3000000000466,601868.8,980689.1900000001,980098.39,1512.43,0,-0.0193108099999999
377307.96,0.0,0.00325403811170788,2019-09-23,0.0,-0.06448628643058962,0.0,5,3191.1999999999534,605060.0,983880.39,980689.1900000001,1512.43,0,-0.01611960999999995
377307.96,0.0,0.012096998904511214,2019-09-24,0.0,-0.05316937806238531,0.0,5,11902.0,616962.0,995782.39,983880.39,1512.43,0,-0.004217609999999983
377307.96,0.0,-0.004671703423074214,2019-09-25,0.0,-0.05759268991996269,0.0,5,-4652.0,612310.0,991130.39,995782.39,1512.43,0,-0.008869609999999972
377307.96,0.0,-0.008743551895326274,2019-09-26,0.0,-0.06583267714218233,0.0,5,-8666.0,603644.0,982464.39,991130.39,1512.43,0,-0.017535610000000035
378820.39,0.0,-0.007360063197812239,2019-09-27,0.0,-0.07270820767574693,0.0,5,-7231.000000000051,596413.0,975233.39,982464.39,0.0,0,-0.024766610000000022
378820.39,0.0,0.0009911473601205145,2019-10-01,0.0,-0.07178912486372324,0.0,5,966.5999999999767,597379.6,976199.99,975233.39,0.0,0,-0.023800009999999983
378820.39,0.0,-0.0020693505641194987,2019-10-02,0.0,-0.07370991856180842,0.0,5,-2020.0999999999767,595359.5,974179.89,976199.99,0.0,0,-0.02582010999999995
551862.39,1558.0,-0.0066076091962851136,2019-10-03,0.0,-0.07983048142234705,199.99999999998863,4,-5079.0,415880.5,967742.89,974179.89,0.0,0,-0.03225710999999998
460612.39,555.0,-0.00421444584315156,2019-10-04,0.0,-0.08370848602491143,-905.0000000000058,5,-2618.5,503052.0,963664.39,967742.89,0.0,0,-0.03633560999999996
460612.39,0.0,0.007828451562893246,2019-10-07,0.0,-0.07653534229026737,0.0,5,7544.0,510596.0,971208.39,963664.39,0.0,0,-0.028791609999999968
637079.39,1610.0,-0.004873825276571209,2019-10-08,0.0,-0.08103614768103329,1624.000000000014,4,-4747.5,329395.5,966474.89,971208.39,0.0,0,-0.033525110000000025
516595.39,721.0,0.00628924772168693,2019-10-09,0.0,-0.07525655636652362,-1525.5,5,8324.900000000023,455957.9,972553.29,966474.89,0.0,0,-0.027446709999999985
517117.39,24.0,0.0074408261988399005,2019-10-14,0.0,-0.06837570112393021,-3.0,5,7263.599999999977,462672.5,979789.89,972553.29,0.0,0,-0.020210109999999948
337589.89,1116.0,-0.005036334881961202,2019-10-15,0.0,-0.07306767307724238,3399.0499999999947,6,-7217.599999999977,637265.4500000001,974855.3400000001,979789.89,0.0,0,-0.02514465999999993
462934.89,1147.0,0.011182325779740765,2019-10-16,0.0,-0.06270241382181896,492.0,6,11556.149999999907,522821.6,985756.49,974855.3400000001,0.0,0,-0.014243510000000015
288055.39,1097.0,0.011125871461419523,2019-10-17,0.0,-0.05227416135690177,-202.49999999998863,7,12266.900000000023,708668.5,996723.89,985756.49,0.0,0,-0.0032761099999999432
384019.59,923.0,0.010030009414141894,2019-10-18,0.0,-0.04276846227328612,1556.3999999999974,6,9363.75,622701.45,1006721.04,996723.89,0.0,0,0.006721039999999956
263800.39,752.0,0.011896344194813002,2019-10-21,0.0,-0.031380906426359045,1258.3,7,11470.000000000116,754896.9500000001,1018697.3400000001,1006721.04,0.0,0,0.018697340000000118
265526.39,54.0,0.01267628714923319,2019-10-22,0.0,-0.01910241265798973,9.70000000000001,7,12957.59999999986,766084.25,1031610.64,1018697.3400000001,0.0,0,0.03161064000000002
265938.89,43.0,-0.009091753842321748,2019-10-23,0.0,-0.028020492066630598,2.0,7,-9338.150000000023,756292.6,1022231.49,1031610.64,0.0,0,0.02223149000000002
266229.89,22.0,0.018165650522075083,2019-10-24,0.0,-0.010363852010894514,-0.9999999999999787,6,18592.500000000116,774571.1000000001,1040800.9900000001,1022231.49,0.0,0,0.04080099000000015
266229.89,0.0,-0.014063687621972853,2019-10-25,0.0,-0.024281785655625776,0.0,6,-14637.500000000116,759933.6,1026163.49,1040800.9900000001,0.0,0,0.026163490000000067
266465.89,22.0,0.009514029777067945,2019-10-28,0.0,-0.014998773510325747,2.0,6,9782.95000000007,769460.55,1035926.4400000001,1026163.49,0.0,0,0.035926440000000115
266465.89,0.0,-0.03985799416414171,2019-10-29,0.0,-0.05425894664742359,0.0,6,-41289.95000000007,728170.6,994636.49,1035926.4400000001,0.0,0,-0.005363510000000016
266465.89,0.0,0.015091543645256777,2019-10-30,0.0,-0.03998625426364211,0.0,6,15010.599999999977,743181.2,1009647.09,994636.49,0.0,0,0.009647089999999858
266945.89,24.0,0.012879896479471853,2019-10-31,0.0,-0.027621376599687775,0.0,6,13028.150000000023,755705.35,1022651.24,1009647.09,0.0,0,0.022651240000000072
266945.89,0.0,0.01266384813653576,2019-11-01,0.0,-0.015307321381732408,0.0,6,12950.70000000007,768656.05,1035601.9400000001,1022651.24,0.0,0,0.035601940000000054
267771.89,26.0,0.0239219810654272,2019-11-04,0.0,0.0,79.5,5,24720.149999999907,792603.7,1060375.5899999999,1035601.9400000001,0.0,0,0.06037558999999981
267771.89,0.0,0.007882207096072458,2019-11-05,0.0,0.0,0.0,5,8358.100000000093,800961.8,1068733.69,1060375.5899999999,0.0,0,0.06873368999999996
267771.89,0.0,-0.0005118206762996236,2019-11-06,0.0,-0.0005118206762996236,0.0,5,-547.0,800414.8,1068186.69,1068733.69,0.0,0,0.06818668999999988
267771.89,0.0,-0.0012158923268363875,2019-11-07,0.0,-0.0017270906843029898,0.0,5,-1298.8000000000466,799116.0,1066887.8900000001,1068186.69,0.0,0,0.06688789000000006
267771.89,0.0,-0.011288158871125775,2019-11-08,0.0,-0.012995753881399619,0.0,5,-12043.199999999953,787072.8,1054844.69,1066887.8900000001,0.0,0,0.05484468999999992
267771.89,0.0,-0.020124242176353002,2019-11-11,0.0,-0.032858466359378946,0.0,5,-21227.95000000007,765844.85,1033616.74,1054844.69,0.0,0,0.033616740000000034
368519.29,924.0,0.009248398976200889,2019-11-12,0.0,-0.023913955589815794,1413.200000000006,5,9070.099999999977,674656.75,1043176.04,1033616.74,0.0,0,0.04317604000000008
179795.04,1156.0,0.009833958609708926,2019-11-13,0.0,-0.014315165829571486,3007.3,5,8407.25,873639.55,1053434.59,1043176.04,0.0,0,0.05343459000000017
179795.04,0.0,-0.014292202043603042,2019-11-14,0.0,-0.02840277263085067,0.0,5,-15055.90000000014,858583.6499999999,1038378.69,1053434.59,0.0,0,0.03837869000000005
179795.04,0.0,-0.008264374146584319,2019-11-15,0.0,-0.036432415637613236,0.0,5,-8581.550000000047,850002.0999999999,1029797.1399999999,1038378.69,0.0,0,0.02979713999999989
389075.14,1904.0,-0.0014001301265994526,2019-11-18,0.0,-0.03778153564149367,372.1000000000053,5,90.05000000004657,639280.1499999999,1028355.2899999999,1029797.1399999999,0.0,0,0.028355289999999922
222269.79,1025.0,-0.025675950964379135,2019-11-19,0.0,-0.06248740974938283,-7101.199999999994,5,-18277.79999999993,779681.5,1001951.29,1028355.2899999999,0.0,0,0.00195129000000005
399898.79,1620.0,-0.03032382941490097,2019-11-20,0.0,-0.09091638161046456,-2596.4500000000226,5,-26166.54999999993,571669.5,971568.29,1001951.29,0.0,0,-0.02843171
440859.79,2206.0,0.012765340457951746,2019-11-21,0.0,-0.07931161971697553,-4553.000000000004,6,19161.399999999907,543110.8999999999,983970.69,971568.29,0.0,0,-0.016029310000000074
278498.59,997.0,0.0023967177315007415,2019-11-22,0.0,-0.0771049895507645,-450.04999999999575,7,3805.350000000093,707830.4,986328.99,983970.69,0.0,0,-0.013671010000000039
424575.39,1365.0,0.018509746935452043,2019-11-25,0.0,-0.060022436459357675,-6251.400000000001,5,25873.099999999977,580010.3,1004585.6900000001,986328.99,0.0,0,0.004585690000000087
424004.79,44.0,-0.008585927597674736,2019-11-26,0.0,-0.06809301576335636,-9.0,6,-8572.300000000047,571955.6,995960.3899999999,1004585.6900000001,0.0,0,-0.004039610000000082
424025.49,21.0,0.0027757127971728135,2019-11-27,0.0,-0.06550630962143611,-0.29999999999999893,6,2785.8000000000466,574699.4,998724.89,995960.3899999999,0.0,0,-0.0012751100000000237
424170.04,21.0,-0.009410449358081108,2019-11-28,0.0,-0.07430031517018987,0.0,6,-9377.45000000007,565156.4,989326.44,998724.89,0.0,0,-0.010673560000000082
424224.04,21.0,-0.000885450913451824,2019-11-29,0.0,-0.07511997680170446,-0.4999999999999982,6,-854.5,564226.4,988450.44,989326.44,0.0,0,-0.01154956000000007
424217.49,21.0,0.014562844445696443,2019-12-02,0.0,-0.06165109289293558,0.0,5,14415.650000000023,578627.6000000001,1002845.0900000001,988450.44,0.0,0,0.0028450900000001056
550697.99,1158.0,-0.0026751888469634943,2019-12-03,0.0,-0.06416135342378881,-2250.0,5,725.1999999999534,449464.30000000005,1000162.29,1002845.0900000001,0.0,0,0.00016229000000000937
544148.99,87.0,-0.0010868236193948277,2019-12-04,0.0,-0.0651784449688303,-33.5,6,-966.5,454926.30000000005,999075.29,1000162.29,0.0,0,-0.0009247099999999397
545298.99,29.0,-0.0014833716886343273,2019-12-05,0.0,-0.06656513279748866,-4.5,5,-1448.5000000001164,452294.29999999993,997593.2899999999,999075.29,0.0,0,-0.002406710000000034
545298.99,0.0,0.0007934095065937896,2019-12-06,0.0,-0.06582453670006405,0.0,5,791.5000000001164,453085.80000000005,998384.79,997593.2899999999,0.0,0,-0.001615209999999978
545298.99,0.0,0.004913135745988173,2019-12-09,0.0,-0.0612348058383001,0.0,5,4905.199999999953,457991.0,1003289.99,998384.79,0.0,0,0.003289990000000076
545298.99,0.0,0.009968005362039012,2019-12-10,0.0,-0.0518771893492006,0.0,5,10000.800000000047,467991.80000000005,1013290.79,1003289.99,0.0,0,0.013290790000000108
545298.99,0.0,-0.012906561600150468,2019-12-11,0.0,-0.06411419480937297,0.0,5,-13078.100000000093,454913.69999999995,1000212.69,1013290.79,0.0,0,0.00021268999999990434
545298.99,0.0,-0.0065369096646833436,2019-12-12,0.0,-0.07023199577436356,0.0,5,-6538.29999999993,448375.4,993674.39,1000212.69,0.0,0,-0.0063256099999999815
655307.99,991.0,-0.005310290828769437,2019-12-13,0.0,-0.07516933428008621,0.0,5,-4285.699999999953,333089.7,988397.69,993674.39,0.0,0,-0.011602310000000005
482692.19,1036.0,-0.0010218558887971074,2019-12-16,0.0,-0.07611437794199227,-199.99999999998863,6,225.9999999999418,504695.5,987387.69,988397.69,0.0,0,-0.012612310000000071
642469.49,1478.0,-0.00686037517846716,2019-12-17,0.0,-0.08245257993130162,-98.09999999999434,5,-5197.75,338144.35,980613.84,987387.69,0.0,0,-0.01938616000000004
503464.19,859.0,0.006491699117768812,2019-12-18,0.0,-0.07649613815393053,-1989.9,5,9214.75,483515.5,986979.69,980613.84,0.0,0,-0.013020310000000035
659221.19,1423.0,0.0028353167024135484,2019-12-19,0.0,-0.07387771222969497,1050.0000000000043,5,3171.4000000000233,330556.9,989778.09,986979.69,0.0,0,-0.010221910000000056
493710.89,1016.0,-0.011677061875556283,2019-12-20,0.0,-0.08469209948832057,-627.5999999999999,6,-9914.099999999977,484509.5,978220.39,989778.09,0.0,0,-0.02177960999999995
493710.89,0.0,-0.007851911571788106,2019-12-23,0.0,-0.09187901618409722,0.0,6,-7680.900000000023,476828.6,970539.49,978220.39,0.0,0,-0.02946051000000005
494134.39,43.0,-0.0006013665657231826,2019-12-24,0.0,-0.09242512978139572,4.0,5,-544.6500000000233,475821.44999999995,969955.84,970539.49,0.0,0,-0.030044159999999986
385482.39,672.0,0.0005193535408787309,2019-12-25,0.0,-0.09195377755893519,2355.5000000000055,5,-1179.7499999999418,584977.2,970459.59,969955.84,0.0,0,-0.029540410000000072
385482.39,0.0,0.008708811873351818,2019-12-26,0.0,-0.08404577383538825,0.0,5,8451.550000000047,593428.75,978911.14,970459.59,0.0,0,-0.021088859999999987
385482.39,0.0,-0.005878419158658166,2019-12-27,0.0,-0.08943013670692823,0.0,5,-5754.449999999953,587674.3,973156.6900000001,978911.14,0.0,0,-0.026843309999999954
385482.39,0.0,0.00016256374911205462,2019-12-30,0.0,-0.08928211105612283,0.0,5,158.19999999995343,587832.5,973314.89,973156.6900000001,0.0,0,-0.026685109999999956
386345.39,27.0,-4.274053590203053e-05,2019-12-31,0.0,-0.08932103562675175,17.5,5,-32.09999999997672,586927.9,973273.29,973314.89,0.0,0,-0.02672670999999993
354241.89,222.0,0.013932880044411844,2020-01-02,0.0,-0.07663265485717019,12.5,6,13770.0,632591.9,986833.79,973273.29,0.0,0,-0.013166209999999956
355694.89,31.0,-0.012113083399789115,2020-01-03,0.0,-0.08781748051752714,28.0,6,-11950.599999999977,619185.3,974880.1900000001,986833.79,0.0,0,-0.025119809999999965
359173.39,46.0,-0.01603684243496628,2020-01-06,0.0,-0.10244600785439817,28.5,6,-15616.5,600072.8,959246.1900000001,974880.1900000001,0.0,0,-0.04075380999999989
360646.39,31.0,-0.00840378631058225,2020-01-07,0.0,-0.10998885980659978,0.0,5,-8030.300000000163,590538.4999999999,951184.8899999999,959246.1900000001,0.0,0,-0.04881511000000005
360646.39,0.0,-0.004946882619213944,2020-01-08,0.0,-0.11439164044692929,0.0,5,-4705.399999999907,585833.1,946479.49,951184.8899999999,0.0,0,-0.05352051000000002
472864.79,1030.0,0.005673868326507403,2020-01-09,0.0,-0.1093668152259708,1050.0000000000043,5,5350.20000000007,478984.9,951849.69,946479.49,0.0,0,-0.04815031000000003
511770.79,370.0,-0.00041435113562926507,2020-01-10,0.0,-0.10973585009751108,46.25000000000426,4,-70.65000000002328,439684.5,951455.29,951849.69,0.0,0,-0.048544709999999935
501180.29,68.0,0.01861527303085353,2020-01-13,0.0,-0.09316333987749548,0.0,5,17779.600000000035,467986.60000000003,969166.89,951455.29,0.0,0,-0.030833109999999997
501180.29,0.0,0.0013880994221748821,2020-01-14,0.0,-0.09190456043357254,0.0,5,1345.2999999999884,469331.9,970512.19,969166.89,0.0,0,-0.029487810000000003
501180.29,0.0,-0.010415531205228756,2020-01-15,0.0,-0.10136285682170265,0.0,5,-10108.400000000023,459223.5,960403.79,970512.19,0.0,0,-0.03959620999999991
501180.29,0.0,0.0028352657791990143,2020-01-16,0.0,-0.09881498168173208,0.0,5,2723.0,461946.5,963126.79,960403.79,0.0,0,-0.03687320999999999
501180.29,0.0,-0.0006825684913199792,2020-01-17,0.0,-0.09943010218008574,0.0,5,-657.4000000000233,461289.1,962469.3899999999,963126.79,0.0,0,-0.03753061000000013
664829.89,1494.0,0.005282973207075381,2020-01-20,0.0,-0.09467241553880446,1251.1999999999998,4,5327.500000000058,302724.2,967554.0900000001,962469.3899999999,0.0,0,-0.03244590999999997
504382.29,964.0,-0.033127450269989644,2020-01-30,0.0,-0.12466361007109261,-3599.9999999999945,5,-27488.600000000035,431119.19999999995,935501.49,967554.0900000001,0.0,0,-0.06449851000000006
615282.29,1018.0,-0.007622328853800098,2020-01-31,0.0,-0.1313357118928289,-38.00000000001137,5,-6074.699999999953,313088.5,928370.79,935501.49,0.0,0,-0.07162921
371640.29,1590.0,-0.011179369398298333,2020-02-03,0.0,-0.14104683085268888,-2465.6999999999803,6,-6322.900000000023,546351.9,917992.19,928370.79,0.0,0,-0.08200781000000001
373796.79,36.0,0.011571231341303667,2020-02-04,0.0,-0.13110768502113934,2.500000000000213,6,10655.79999999993,554817.7,928614.49,917992.19,0.0,0,-0.07138551000000004
377258.79,46.0,-0.0035872259542276685,2020-02-05,0.0,-0.13422459808486042,40.0,5,-3325.149999999907,548024.55,925283.3400000001,928614.49,0.0,0,-0.07471665999999988
377258.79,0.0,0.007009312412346924,2020-02-06,0.0,-0.12815610781391196,0.0,5,6485.599999999977,554510.15,931768.94,925283.3400000001,0.0,0,-0.06823106000000001
377258.79,0.0,-0.02242610705611192,2020-02-07,0.0,-0.1477081722762945,0.0,5,-20895.95000000007,533614.2,910872.99,931768.94,0.0,0,-0.08912701
377258.79,0.0,-0.008300059484692812,2020-02-10,0.0,-0.15478224514471894,0.0,5,-7560.29999999993,526053.9,903312.69,910872.99,0.0,0,-0.09668731000000008
377258.79,0.0,0.006450977678615466,2020-02-11,0.0,-0.14932976427457811,0.0,5,5827.25,531881.15,909139.94,903312.69,0.0,0,-0.09086006000000002
514794.44,1260.0,0.008212047091452401,2020-02-12,0.0,-0.1423440202395041,749.65,4,7976.25,401811.4,916605.8400000001,909139.94,0.0,0,-0.08339415999999988
356173.29,952.0,-0.014310731426280254,2020-02-13,0.0,-0.15461770462199986,-4186.699999999995,5,-7978.599999999977,547315.25,903488.54,916605.8400000001,0.0,0,-0.09651146
356173.29,0.0,0.014853481152068637,2020-02-14,0.0,-0.14206083463131025,0.0,5,13419.949999999953,560735.2,916908.49,903488.54,0.0,0,-0.08309151000000004
356173.29,0.0,0.0030302369650867522,2020-02-17,0.0,-0.13946107565861432,0.0,5,2778.4499999999534,563513.6499999999,919686.94,916908.49,0.0,0,-0.08031306000000005
356173.29,0.0,-0.00563773364010145,2020-02-18,0.0,-0.14431256490099043,0.0,5,-5184.949999999953,558328.7,914501.99,919686.94,0.0,0,-0.08549801000000001
356173.29,0.0,0.011741581885458707,2020-02-19,0.0,-0.1342654408134173,0.0,5,10737.699999999953,569066.3999999999,925239.69,914501.99,0.0,0,-0.07476031000000005
500666.89,1320.0,0.011225739786411504,2020-02-20,0.0,-0.12454692992788496,201.40000000001717,5,11505.100000000093,434959.30000000005,935626.1900000001,925239.69,0.0,0,-0.06437380999999998
351933.19,939.0,0.004660782315210721,2020-02-21,0.0,-0.12046663374109601,3000.0,5,2299.7499999998836,588053.75,939986.94,935626.1900000001,0.0,0,-0.06001306000000006
351933.19,0.0,-0.012652516214746501,2020-02-24,0.0,-0.13159494391909732,0.0,5,-11893.199999999953,576160.55,928093.74,939986.94,0.0,0,-0.07190626
351933.19,0.0,-0.007092440899342689,2020-02-25,0.0,-0.13775405545604158,0.0,5,-6582.45000000007,569578.1,921511.29,928093.74,0.0,0,-0.07848871000000002
351933.19,0.0,-0.008465875659537603,2020-02-26,0.0,-0.1450537224104913,0.0,5,-7801.400000000023,561776.7,913709.8899999999,921511.29,0.0,0,-0.08629011000000009
497307.19,1329.0,-0.011592957585257024,2020-02-27,0.0,-0.15496507834425988,5600.9999999999945,5,-14864.599999999977,405810.1,903117.29,913709.8899999999,0.0,0,-0.09688270999999993
497570.39,22.0,0.0258204557239734,2020-03-02,0.0,-0.13314589156443646,0.8000000000000114,4,23340.099999999977,428865.8,926436.19,903117.29,0.0,0,-0.07356381000000001
497570.39,0.0,0.020591434365274663,2020-03-03,0.0,-0.11529612208631679,0.0,4,19076.650000000023,447942.45,945512.8400000001,926436.19,0.0,0,-0.05448715999999987
346454.39,891.0,-0.007730989671171584,2020-03-04,0.0,-0.122135758628513,5774.999999999992,5,-12193.75,591748.7,938203.09,945512.8400000001,0.0,0,-0.06179690999999998
427588.69,751.0,0.017273978494357856,2020-03-05,0.0,-0.10697155060209607,-549.9999999999972,5,17507.5,526820.9,954409.5900000001,938203.09,0.0,0,-0.04559040999999997
267974.49,990.0,0.0022721376888090727,2020-03-06,0.0,-0.1049424670050404,-5074.00000000001,6,8232.54999999993,688603.6499999999,956578.1399999999,954409.5900000001,0.0,0,-0.043421860000000145
268730.49,26.0,-0.02845413130599017,2020-03-09,0.0,-0.13041055157529458,4.000000000000057,6,-27196.59999999986,660629.05,929359.54,956578.1399999999,0.0,0,-0.07064046000000002
268939.49,22.0,-0.037163819290002675,2020-03-10,0.0,-0.16272781669304348,1.200000000000017,5,-34517.75,625881.5,894820.99,929359.54,0.0,0,-0.10517900999999996
395048.89,1155.0,-0.011462069078196246,2020-03-11,0.0,-0.17232468829536007,2272.799999999995,5,-11374.300000000047,489515.6,884564.49,894820.99,0.0,0,-0.11543550999999996
395048.89,0.0,-0.0382851113546282,2020-03-12,0.0,-0.20401232976944883,0.0,5,-33865.649999999965,455649.95,850698.8400000001,884564.49,0.0,0,-0.14930115999999993
395048.89,0.0,-0.026119525448042302,2020-03-13,0.0,-0.2248031499783636,0.0,5,-22219.849999999977,433430.10000000003,828478.99,850698.8400000001,0.0,0,-0.17152100999999997
520349.39,1148.0,0.012108756071171012,2020-03-16,0.0,-0.2154164804143115,-4499.5,4,15679.349999999977,318161.45,838510.8400000001,828478.99,0.0,0,-0.1614891599999999
520349.39,0.0,-0.016420956466108527,2020-03-17,0.0,-0.22830009223345438,0.0,4,-13769.150000000023,304392.3,824741.69,838510.8400000001,0.0,0,-0.17525831000000003
520409.99,21.0,-0.013761399645020989,2020-03-18,0.0,-0.23891976307025564,-0.5999999999999979,4,-11328.0,292982.1,813392.09,824741.69,0.0,0,-0.18660791
641815.99,1094.0,-0.03029731946372871,2020-03-19,0.0,-0.26197845414604637,5500.0,4,-29049.599999999977,146932.5,788748.49,813392.09,0.0,0,-0.21125150999999998
782920.54,1329.0,0.011214664892734039,2020-03-20,0.0,-0.2537017898256767,-2709.950000000017,3,12884.5,14673.5,797594.04,788748.49,0.0,0,-0.20240596
783324.24,43.0,-0.000560811612885237,2020-03-23,0.0,-0.25412032252861794,-0.29999999999999005,3,-404.0,13822.5,797146.74,797594.04,0.0,0,-0.20285326000000004
783576.44,42.0,0.0015820173836500473,2020-03-24,0.0,-0.2529403279127469,0.0,3,1303.1000000000004,14831.4,798407.84,797146.74,0.0,0,-0.20159216000000002
783886.24,42.0,0.0001720924984904837,2020-03-25,0.0,-0.25281176454725585,0.0,3,179.39999999999964,14659.0,798545.24,798407.84,0.0,0,-0.20145475999999995
784788.44,47.0,0.0008678281020120249,2020-03-26,0.0,-0.2521633335990372,0.0,3,740.0,14449.8,799238.24,798545.24,0.0,0,-0.20076176
786486.24,53.0,6.656338165189624e-05,2020-03-27,0.0,-0.25211355506159816,11.199999999999974,3,95.0,12805.2,799291.44,799238.24,0.0,0,-0.20070856000000004
786832.74,43.0,0.00038371485624821844,2020-03-30,0.0,-0.2518265799218886,6.300000000000004,2,343.39999999999964,12765.4,799598.14,799291.44,0.0,0,-0.20040185999999993
786834.74,21.0,-8.429234215079351e-05,2020-03-31,0.0,-0.251889645211802,0.10000000000000142,1,-46.5,12696.0,799530.74,799598.14,0.0,0,-0.20046925999999998
786834.74,0.0,0.00023013499143265115,2020-04-01,0.0,-0.25171747884171214,0.0,1,184.0,12880.0,799714.74,799530.74,0.0,0,-0.20028526000000002
786834.74,0.0,0.0012654512282717079,2020-04-06,0.0,-0.2507705638062181,0.0,1,1012.0,13892.0,800726.74,799714.74,0.0,0,-0.19927326
786834.74,0.0,-0.00011489562594102498,2020-04-07,0.0,-0.2508566469912631,0.0,1,-92.0,13800.0,800634.74,800726.74,0.0,0,-0.19936526
786834.74,0.0,-0.00022981765692553502,2020-04-08,0.0,-0.25102881336135285,0.0,1,-184.0,13616.0,800450.74,800634.74,0.0,0,-0.19954926000000006
786834.74,0.0,-8.620143195814389e-05,2020-04-09,0.0,-0.25109337575013657,0.0,1,-69.0,13547.0,800381.74,800450.74,0.0,0,-0.19961826000000005
786834.74,0.0,0.00011494515104759628,2020-04-10,0.0,-0.2510072925650917,0.0,1,92.0,13639.0,800473.74,800381.74,0.0,0,-0.19952625999999996
786834.74,0.0,-0.00037352880557950385,2020-04-13,0.0,-0.2512870629164876,0.0,1,-299.0,13340.0,800174.74,800473.74,0.0,0,-0.19982526
786834.74,0.0,0.0001437186082628994,2020-04-14,0.0,-0.25117945893518145,0.0,1,115.0,13455.0,800289.74,800174.74,0.0,0,-0.19971026000000003
786834.74,0.0,0.0,2020-04-15,0.0,-0.25117945893518145,0.0,1,0.0,13455.0,800289.74,800289.74,0.0,0,-0.19971026000000003
786834.74,0.0,5.74791824770049e-05,2020-04-16,0.0,-0.251136417342659,0.0,1,46.0,13501.0,800335.74,800289.74,0.0,0,-0.19966426000000004
786834.74,0.0,-0.0011495175762111787,2020-04-17,0.0,-0.2519972491931082,0.0,1,-920.0,12581.0,799415.74,800335.74,0.0,0,-0.20058425999999996
786834.74,0.0,-2.877101218945466e-05,2020-04-20,0.0,-0.25201876998936934,0.0,1,-23.0,12558.0,799392.74,799415.74,0.0,0,-0.20060725999999995
786834.74,0.0,0.00011508735993781549,2020-04-21,0.0,-0.25193268680432446,0.0,1,92.0,12650.0,799484.74,799392.74,0.0,0,-0.20051525999999997
786834.74,0.0,0.0007767502854401087,2020-04-22,0.0,-0.25135162530527133,0.0,1,621.0,13271.0,800105.74,799484.74,0.0,0,-0.19989426
792085.74,59.0,7.24904185789299e-05,2020-04-23,0.0,-0.25129735547122123,117.0,1,0.0,8078.0,800163.74,800105.74,0.0,0,-0.19983626
799972.74,79.0,-0.00023870114384338947,2020-04-24,0.0,-0.25147607164886887,42.0,0,-154.0,0.0,799972.74,800163.74,0.0,0,-0.20002726000000004
799972.74,0.0,0.0,2020-04-27,0.0,-0.25147607164886887,0.0,0,0.0,0.0,799972.74,799972.74,0.0,0,-0.20002726000000004
799972.74,0.0,0.0,2020-04-28,0.0,-0.25147607164886887,0.0,0,0.0,0.0,799972.74,799972.74,0.0,0,-0.20002726000000004
799972.74,0.0,0.0,2020-04-29,0.0,-0.25147607164886887,0.0,0,0.0,0.0,799972.74,799972.74,0.0,0,-0.20002726000000004
799972.74,0.0,0.0,2020-04-30,0.0,-0.25147607164886887,0.0,0,0.0,0.0,799972.74,799972.74,0.0,0,-0.20002726000000004
799972.74,0.0,0.0,2020-05-04,0.0,-0.25147607164886887,0.0,0,0.0,0.0,799972.74,799972.74,0.0,0,-0.20002726000000004
799972.74,0.0,0.0,2020-05-05,0.0,-0.25147607164886887,0.0,0,0.0,0.0,799972.74,799972.74,0.0,0,-0.20002726000000004
799972.74,0.0,0.0,2020-05-06,0.0,-0.25147607164886887,0.0,0,0.0,0.0,799972.74,799972.74,0.0,0,-0.20002726000000004
799972.74,0.0,0.0,2020-05-07,0.0,-0.25147607164886887,0.0,0,0.0,0.0,799972.74,799972.74,0.0,0,-0.20002726000000004
799972.74,0.0,0.0,2020-05-08,0.0,-0.25147607164886887,0.0,0,0.0,0.0,799972.74,799972.74,0.0,0,-0.20002726000000004
799972.74,0.0,0.0,2020-05-11,0.0,-0.25147607164886887,0.0,0,0.0,0.0,799972.74,799972.74,0.0,0,-0.20002726000000004
799972.74,0.0,0.0,2020-05-12,0.0,-0.25147607164886887,0.0,0,0.0,0.0,799972.74,799972.74,0.0,0,-0.20002726000000004
799972.74,0.0,0.0,2020-05-13,0.0,-0.25147607164886887,0.0,0,0.0,0.0,799972.74,799972.74,0.0,0,-0.20002726000000004
799972.74,0.0,0.0,2020-05-14,0.0,-0.25147607164886887,0.0,0,0.0,0.0,799972.74,799972.74,0.0,0,-0.20002726000000004
799972.74,0.0,0.0,2020-05-15,0.0,-0.25147607164886887,0.0,0,0.0,0.0,799972.74,799972.74,0.0,0,-0.20002726000000004
799972.74,0.0,0.0,2020-05-18,0.0,-0.25147607164886887,0.0,0,0.0,0.0,799972.74,799972.74,0.0,0,-0.20002726000000004
799972.74,0.0,0.0,2020-05-19,0.0,-0.25147607164886887,0.0,0,0.0,0.0,799972.74,799972.74,0.0,0,-0.20002726000000004
799972.74,0.0,0.0,2020-05-20,0.0,-0.25147607164886887,0.0,0,0.0,0.0,799972.74,799972.74,0.0,0,-0.20002726000000004
799972.74,0.0,0.0,2020-05-21,0.0,-0.25147607164886887,0.0,0,0.0,0.0,799972.74,799972.74,0.0,0,-0.20002726000000004
799972.74,0.0,0.0,2020-05-22,0.0,-0.25147607164886887,0.0,0,0.0,0.0,799972.74,799972.74,0.0,0,-0.20002726000000004
799972.74,0.0,0.0,2020-05-25,0.0,-0.25147607164886887,0.0,0,0.0,0.0,799972.74,799972.74,0.0,0,-0.20002726000000004
799972.74,0.0,0.0,2020-05-26,0.0,-0.25147607164886887,0.0,0,0.0,0.0,799972.74,799972.74,0.0,0,-0.20002726000000004
799972.74,0.0,0.0,2020-05-27,0.0,-0.25147607164886887,0.0,0,0.0,0.0,799972.74,799972.74,0.0,0,-0.20002726000000004
799972.74,0.0,0.0,2020-05-28,0.0,-0.25147607164886887,0.0,0,0.0,0.0,799972.74,799972.74,0.0,0,-0.20002726000000004
799972.74,0.0,0.0,2020-05-29,0.0,-0.25147607164886887,0.0,0,0.0,0.0,799972.74,799972.74,0.0,0,-0.20002726000000004
799972.74,0.0,0.0,2020-06-01,0.0,-0.25147607164886887,0.0,0,0.0,0.0,799972.74,799972.74,0.0,0,-0.20002726000000004
799972.74,0.0,0.0,2020-06-02,0.0,-0.25147607164886887,0.0,0,0.0,0.0,799972.74,799972.74,0.0,0,-0.20002726000000004
799972.74,0.0,0.0,2020-06-03,0.0,-0.25147607164886887,0.0,0,0.0,0.0,799972.74,799972.74,0.0,0,-0.20002726000000004
349426.34,2718.0,-0.009676079712416352,2020-06-04,0.0,-0.2587188488462454,-5022.6,5,0.0,442805.79999999993,792232.1399999999,799972.74,0.0,0,-0.20776786000000014
349426.34,0.0,0.012255372522503416,2020-06-05,0.0,-0.24963417219494588,0.0,5,9709.100000000035,452514.89999999997,801941.24,792232.1399999999,0.0,0,-0.19805876
349426.34,0.0,-0.02752994720660573,2020-06-08,0.0,-0.27029170382006007,0.0,5,-22077.399999999965,430437.5,779863.8400000001,801941.24,0.0,0,-0.22013615999999991
349426.34,0.0,-0.015247725808136159,2020-06-09,0.0,-0.281418095840134,0.0,5,-11891.150000000023,418546.35,767972.69,779863.8400000001,0.0,0,-0.2320273100000001
349426.34,0.0,0.0074363972500117725,2020-06-10,0.0,-0.27607443534413123,0.0,5,5710.95000000007,424257.30000000005,773683.6400000001,767972.69,0.0,0,-0.22631635999999988
470238.34,1088.0,-0.016965590741973235,2020-06-11,0.0,-0.28835626020173455,100.00000000000853,4,-12138.0,290319.3,760557.64,773683.6400000001,0.0,0,-0.23944235999999997
341831.34,757.0,0.015346700087057075,2020-06-12,0.0,-0.2774348771582189,9450.000000000016,5,2979.0499999999884,430398.35,772229.69,760557.64,0.0,0,-0.22777031000000003
341831.34,0.0,0.00130162050619953,2020-06-15,0.0,-0.2764943715772634,0.0,5,1005.1500000000233,431403.5,773234.8400000001,772229.69,0.0,0,-0.2267651599999999
415998.34,687.0,0.007417280887136446,2020-06-16,0.0,-0.27112792710782796,-1552.3999999999974,4,7974.699999999953,362971.8,778970.14,773234.8400000001,0.0,0,-0.22102986000000002
288217.34,772.0,0.006325017798499921,2020-06-17,0.0,-0.2665177982739554,121.25000000001066,5,5577.75,495679.8,783897.14,778970.14,0.0,0,-0.21610286
288217.34,0.0,-0.0010694005083370373,2020-06-18,0.0,-0.2673021845133373,0.0,5,-838.2999999999884,494841.5,783058.8400000001,783897.14,0.0,0,-0.21694115999999997
288217.34,0.0,-0.00785030407165832,2020-06-19,0.0,-0.27305408515754737,0.0,5,-6147.25,488694.25,776911.5900000001,783058.8400000001,0.0,0,-0.2230884099999999
399803.34,1025.0,0.0007457734026079521,2020-06-22,0.0,-0.2725119482291234,-1002.4999999999965,5,2606.9000000000233,377687.65,777490.99,776911.5900000001,0.0,0,-0.22250901
324476.84,464.0,-0.02026756605886837,2020-06-23,0.0,-0.287256360375427,-2402.0000000000055,6,-12891.850000000035,437256.3,761733.14,777490.99,0.0,0,-0.23826685999999997
324537.44,21.0,0.008263917728458026,2020-06-24,0.0,-0.2813663055760879,-3.6000000000000085,6,6319.5,443490.6,768028.04,761733.14,0.0,0,-0.23197195999999998
324537.44,0.0,0.019804094652585924,2020-06-29,0.0,-0.26713441587117925,0.0,6,15210.100000000035,458700.7,783238.14,768028.04,0.0,0,-0.21676185999999997
324539.39,21.0,0.017928136134943484,2020-06-30,0.0,-0.25399550191030273,-0.5,6,14063.5,472740.75,797280.14,783238.14,0.0,0,-0.20271985999999997
454670.99,1212.0,0.002354191338567624,2020-07-01,0.0,-0.25223926458236756,448.1000000000064,5,2640.8499999999767,344486.1,799157.09,797280.14,0.0,0,-0.20084290999999999
347596.69,673.0,0.010929891143179438,2020-07-02,0.0,-0.244066321143109,-2002.2,6,11409.900000000023,460295.1,807891.79,799157.09,0.0,0,-0.19210821
426375.29,748.0,0.012387797628194752,2020-07-03,0.0,-0.23470196770909313,1199.4000000000026,5,9556.600000000035,391524.5,817899.79,807891.79,0.0,0,-0.18210020999999998
427048.59,26.0,0.04614622776709609,2020-07-06,609.49,-0.1993863504012865,0.0,5,37159.49999999999,427984.7,855642.78,817899.79,609.49,0,-0.14435721999999995
272387.59,962.0,0.03817632867772236,2020-07-07,0.0,-0.1688218605703352,-4948.100000000018,6,38575.399999999965,615311.0,888308.0800000001,855642.78,609.49,0,-0.11169191999999994
272446.39,21.0,0.04543187314022834,2020-07-08,0.0,-0.1310598807828356,0.20000000000000284,5,40378.30000000005,655609.7,928665.58,888308.0800000001,609.49,0,-0.07133442000000001
272446.39,0.0,0.0023520845900200094,2020-07-09,0.0,-0.12901606011877476,0.0,5,2184.3000000000466,657794.0,930849.88,928665.58,609.49,0,-0.06915011999999998
272446.39,0.0,-0.03357791698914969,2020-07-10,0.0,-0.15826188655098905,0.0,5,-31256.0,626538.0,899593.88,930849.88,609.49,0,-0.10040612000000004
272446.39,0.0,-0.001825712731616247,2020-07-13,0.0,-0.15979865854139952,0.0,5,-1642.4000000000233,624895.6,897951.48,899593.88,609.49,0,-0.10204851999999998
272446.39,0.0,-0.010875531938540739,2020-07-14,0.0,-0.16893629506523733,0.0,5,-9765.699999999953,615129.9,888185.78,897951.48,609.49,0,-0.11181421999999996
272446.39,0.0,-0.04125589581044631,2020-07-15,0.0,-0.20322257268786947,0.0,5,-36642.90000000002,578487.0,851542.88,888185.78,609.49,0,-0.14845712
272446.39,0.0,0.0024557776820350874,2020-07-16,0.0,-0.20126586446432693,0.0,5,2091.1999999999534,580578.2,853634.08,851542.88,609.49,0,-0.14636592000000004
272446.39,0.0,-0.02833661467686477,2020-07-17,0.0,-0.22389928589226005,0.0,5,-24189.099999999977,556389.1,829444.98,853634.08,609.49,0,-0.17055502
272446.39,0.0,-0.04713766547842624,2020-07-20,0.0,-0.2604828617314384,0.0,5,-39098.09999999998,517291.0,790346.88,829444.98,609.49,0,-0.20965312000000003
359851.49,806.0,-0.0002965786364590439,2020-07-21,0.0,-0.26070218671594414,2112.5999999999945,5,-1541.0,429651.5,790112.48,790346.88,609.49,0,-0.20988752
233404.99,789.0,0.03261155930608761,2020-07-22,0.0,-0.23659253223317034,1802.0000000000114,6,24753.79999999993,581864.7999999999,815879.2799999999,790112.48,609.49,0,-0.18412072000000013
308439.19,715.0,-0.00237216466632173,2020-07-23,0.0,-0.2384034604542129,968.7000000000029,5,-2189.0999999999767,504895.19999999995,813943.8799999999,815879.2799999999,609.49,0,-0.18605612000000016
216642.59,592.0,0.0004394651876982181,2020-07-24,0.0,-0.23806876528801113,1702.4000000000028,5,-752.6999999999534,597049.5,814301.58,813943.8799999999,609.49,0,-0.18569842000000003
218661.59,36.0,-0.03734771090582922,2020-07-27,0.0,-0.26652515277215594,10.0,5,-30386.29999999993,564618.2000000001,783889.28,814301.58,609.49,0,-0.21611071999999998
238966.19,1867.0,-0.029979616509106966,2020-07-28,0.0,-0.28851444741112253,-4853.300000000034,5,-16780.40000000014,520812.9,760388.5800000001,783889.28,609.49,0,-0.2396114199999999
108667.69,876.0,0.035743829819222084,2020-07-29,0.0,-0.26308322890055047,2418.5999999999913,6,25636.599999999977,678290.6,787567.78,760388.5800000001,609.49,0,-0.21243221999999995
111262.69,39.0,0.014341749734860798,2020-07-30,0.0,-0.2525145529940205,15.0,5,11319.099999999977,686990.7,798862.8799999999,787567.78,609.49,0,-0.20113712000000006
111262.69,0.0,-0.004548715544274384,2020-07-31,0.0,-0.2559146516659355,0.0,5,-3633.79999999993,683356.9,795229.0800000001,798862.8799999999,609.49,0,-0.20477091999999997
111262.69,0.0,0.01982271573871497,2020-08-03,0.0,-0.24116485932056664,0.0,5,15763.599999999977,699120.5,810992.6799999999,795229.0800000001,609.49,0,-0.1890073200000001
111262.69,0.0,0.06443905264348393,2020-08-04,0.0,-0.1922662417425991,0.0,5,52259.60000000009,751380.1000000001,863252.28,810992.6799999999,609.49,0,-0.13674772000000002
111262.69,0.0,0.012401473182323874,2020-08-05,0.0,-0.18224915320111235,0.0,5,10705.59999999986,762085.7,873957.8799999999,863252.28,609.49,0,-0.12604212000000015
370527.69,2335.0,0.0450497683023352,2020-08-06,0.0,-0.145409667023784,600.0000000000085,4,41106.60000000009,542192.3,913329.48,873957.8799999999,609.49,0,-0.08667051999999997
261453.18,662.0,-0.0033137001118150877,2020-08-07,0.0,-0.14824152310572336,-7079.5999999999885,5,4715.099999999986,648849.8,910302.98,913329.48,0.0,0,-0.08969702000000002
261453.18,0.0,-0.009557367372344583,2020-08-10,0.0,-0.15638209178191065,0.0,5,-8700.100000000093,640149.7,901602.8799999999,910302.98,0.0,0,-0.09839712000000012
261453.18,0.0,0.004420460591252784,2020-08-11,0.0,-0.15265291206455756,0.0,5,3985.5,644135.2,905588.3799999999,901602.8799999999,0.0,0,-0.09441162000000014
261453.18,0.0,-0.004617329564232997,2020-08-12,0.0,-0.1565653928248486,0.0,5,-4181.400000000023,639953.7999999999,901406.98,905588.3799999999,0.0,0,-0.09859302000000003
261453.18,0.0,0.011142580679816882,2020-08-13,0.0,-0.14716735466624986,0.0,5,10044.0,649997.7999999999,911450.98,901406.98,0.0,0,-0.08854901999999998
261453.18,0.0,0.02734222744485959,2020-08-14,0.0,-0.1238490105051333,0.0,5,24921.100000000093,674918.9,936372.0800000001,911450.98,0.0,0,-0.06362791999999995
261453.18,0.0,0.02521572407413064,2020-08-17,0.0,-0.10175622890675418,0.0,5,23611.29999999993,698530.2,959983.3799999999,936372.0800000001,0.0,0,-0.04001662000000006
261453.18,0.0,0.04328793692240818,2020-08-18,0.0,-0.06287310920272371,0.0,5,41555.70000000007,740085.9,1001539.0800000001,959983.3799999999,0.0,0,0.001539080000000137
261453.18,0.0,-0.03297125460146799,2020-08-19,0.0,-0.09377135851308283,0.0,5,-33022.0,707063.9,968517.0800000001,1001539.0800000001,0.0,0,-0.03148291999999997
261453.18,0.0,-0.04072999930987298,2020-08-20,0.0,-0.13068205045543202,0.0,5,-39447.70000000007,667616.2,929069.3799999999,968517.0800000001,0.0,0,-0.07093062000000017
359300.48,902.0,0.03634421790975395,2020-08-21,0.0,-0.09908736946432373,-943.7000000000028,5,35612.0,603535.2,962835.6799999999,929069.3799999999,0.0,0,-0.03716432000000003
239367.98,746.0,0.02822984291566777,2020-08-24,0.0,-0.0736547474235606,6504.0,5,21422.70000000007,750648.4,990016.38,962835.6799999999,0.0,0,-0.00998361999999997
329359.98,830.0,0.017654354365328695,2020-08-25,0.0,-0.05730072006993614,-3799.9999999999973,5,22108.099999999977,678134.5,1007494.48,990016.38,0.0,0,0.007494480000000081
185167.78,907.0,0.03611702170318587,2020-08-26,0.0,-0.02325322971712429,-2555.9000000000233,6,39850.59999999998,858714.4,1043882.18,1007494.48,0.0,0,0.04388217999999999
320233.78,1253.0,0.013663419371715113,2020-08-27,0.0,-0.009907528974781199,1800.0000000000043,4,13716.0,737911.4,1058145.1800000002,1043882.18,0.0,0,0.05814518000000013
148573.08,1032.0,0.018433765393138124,2020-08-28,0.0,0.0,-501.2,5,21038.800000000047,929077.7000000001,1077650.78,1058145.1800000002,0.0,0,0.07765077999999992
148573.08,0.0,-0.00734737091732085,2020-08-31,0.0,-0.00734737091732085,0.0,5,-7917.90000000014,921159.7999999999,1069732.88,1077650.78,0.0,0,0.06973287999999989
148573.08,0.0,-0.022884871969159226,2020-09-01,0.0,-0.030064099243727216,0.0,5,-24480.699999999953,896679.1,1045252.1799999999,1069732.88,0.0,0,0.045252179999999864
148573.08,0.0,0.050464089919429744,2020-09-02,0.0,0.0,0.0,5,52747.69999999995,949426.7999999999,1097999.88,1045252.1799999999,0.0,0,0.09799987999999993
148573.08,0.0,0.00535619366370077,2020-09-03,0.0,0.0,0.0,5,5881.100000000093,955307.9,1103880.98,1097999.88,0.0,0,0.10388098000000001
148573.08,0.0,0.010609295940582353,2020-09-04,0.0,0.0,0.0,5,11711.400000000023,967019.3,1115592.3800000001,1103880.98,0.0,0,0.11559238000000005
148573.08,0.0,-0.06406278070848792,2020-09-07,0.0,-0.06406278070848792,0.0,5,-71467.95000000007,895551.35,1044124.4299999999,1115592.3800000001,0.0,0,0.04412442999999988
148573.08,0.0,-0.026075005255839057,2020-09-08,0.0,-0.08846734862064953,0.0,5,-27225.54999999993,868325.8,1016898.88,1044124.4299999999,0.0,0,0.01689888000000006
148573.08,0.0,-0.002632906823537895,2020-09-09,0.0,-0.09086732915834372,0.0,5,-2677.4000000000233,865648.4,1014221.48,1016898.88,0.0,0,0.014221480000000009
148573.08,0.0,-0.03952095354951468,2020-09-10,0.0,-0.12679711921302306,0.0,5,-40083.0,825565.4,974138.48,1014221.48,0.0,0,-0.02586151999999997
148573.08,0.0,-0.044310640515915156,2020-09-11,0.0,-0.1654892981610363,0.0,5,-43164.69999999995,782400.7000000001,930973.78,974138.48,0.0,0,-0.06902622000000003
281583.48,1216.0,0.047330441465279316,2020-09-14,0.0,-0.1259915382354979,-5599.9999999999945,5,50879.39999999991,693453.7,975037.1799999999,930973.78,0.0,0,-0.024962820000000052
120896.88,1004.0,0.0098481372782111,2020-09-15,0.0,-0.11738418292172292,-1607.5999999999945,6,12213.899999999907,863742.5999999999,984639.4799999999,975037.1799999999,0.0,0,-0.0153605200000001
121514.58,24.0,-0.011053182632896119,2020-09-16,0.0,-0.12713989674257198,0.0,6,-10859.399999999907,852241.5,973756.08,984639.4799999999,0.0,0,-0.026243920000000087
121635.98,21.0,-0.0062583948127953315,2020-09-17,0.0,-0.13260259988509426,0.8000000000000114,5,-6073.949999999953,846025.9500000001,967661.93,973756.08,0.0,0,-0.03233807
121635.98,0.0,0.019475500085034625,2020-09-18,0.0,-0.11570960174539757,0.0,5,18845.699999999837,864871.6499999999,986507.6299999999,967661.93,0.0,0,-0.013492370000000142
121635.98,0.0,-0.023751514217887904,2020-09-21,0.0,-0.13671283771228349,0.0,5,-23431.04999999993,841440.6,963076.58,986507.6299999999,0.0,0,-0.03692342000000004
121635.98,0.0,-0.003943092458960962,2020-09-22,0.0,-0.140116858811818,0.0,5,-3797.4999999998836,837643.1000000001,959279.0800000001,963076.58,0.0,0,-0.04072091999999994
243399.98,1116.0,-0.01653439580898619,2020-09-23,0.0,-0.1543345070176977,1799.9999999999973,5,-16545.100000000093,700018.0,943417.98,959279.0800000001,0.0,0,-0.05658202000000001
140585.58,649.0,-0.023361437313289213,2020-09-24,0.0,-0.17409046842001563,750.0,6,-22140.599999999977,780792.8,921378.38,943417.98,0.0,0,-0.07862161999999995
358787.28,2001.0,-0.04357004773652273,2020-09-25,0.0,-0.21007538613700472,2015.6999999999998,6,-40159.20000000007,522446.6,881233.88,921378.38,0.0,0,-0.11876611999999998
218744.98,903.0,0.012250266637501506,2020-09-28,0.0,-0.20039859899365764,-2599.9999999999945,6,14298.349999999977,673284.25,892029.23,881233.88,0.0,0,-0.10797077
338944.18,1121.0,-0.01694798723131541,2020-09-29,0.0,-0.21395023332805496,1899.3999999999915,6,-15896.5,537966.95,876911.1299999999,892029.23,0.0,0,-0.12308887000000013
201251.88,864.0,0.030544087175629953,2020-09-30,0.0,-0.1899410607304436,5716.799999999989,7,21931.650000000023,702443.7,903695.58,876911.1299999999,0.0,0,-0.09630442000000006
373004.48,1605.0,0.0049725815854937405,2020-10-05,0.0,-0.18591297656586725,-3600.199999999995,6,9698.90000000014,535184.8,908189.28,903695.58,0.0,0,-0.09181072000000001
212304.08,1023.0,0.023739434581302232,2020-10-06,0.0,-0.16658701092956563,4557.19999999999,7,18025.699999999953,717445.1,929749.1799999999,908189.28,0.0,0,-0.07025082000000005
353167.18,1327.0,0.005652814880675594,2020-10-07,0.0,-0.1618758815832,-1999.9,6,8582.599999999977,581837.7,935004.8799999999,929749.1799999999,0.0,0,-0.06499512000000007
186957.58,1039.0,0.002627793771514897,2020-10-08,0.0,-0.1596734642450678,3401.200000000034,7,94.80000000004657,750504.3,937461.88,935004.8799999999,0.0,0,-0.06253812000000003
187625.58,46.0,0.015735466491714645,2020-10-12,0.0,-0.1464505341995973,-0.20000000000000284,7,14797.599999999977,764587.7,952213.2799999999,937461.88,0.0,0,-0.04778672000000006
188374.38,46.0,0.032775062746446926,2020-10-13,0.0,-0.11847539690079278,5.0,7,31249.850000000093,795047.75,983422.13,952213.2799999999,0.0,0,-0.016577869999999995
189074.58,47.0,0.03486676672610578,2020-10-14,0.0,-0.0877394842012098,0.20000000000000284,5,34335.55000000005,828636.3,1017710.88,983422.13,0.0,0,0.017710880000000095
189074.58,0.0,0.009177999551306604,2020-10-15,0.0,-0.07936675759653378,0.0,5,9340.54999999993,837976.85,1027051.4299999999,1017710.88,0.0,0,0.027051429999999987
189074.58,0.0,-0.032808532285476644,2020-10-16,0.0,-0.10957138305301095,0.0,5,-33696.04999999993,804280.8,993355.38,1027051.4299999999,0.0,0,-0.00664461999999999
189074.58,0.0,0.01613178961189088,2020-10-19,0.0,-0.09520717594001515,0.0,5,16024.59999999986,820305.3999999999,1009379.9799999999,993355.38,0.0,0,0.009379979999999843
189074.58,0.0,0.005465236193806788,2020-10-20,0.0,-0.09026226945006588,0.0,5,5516.5,825821.8999999999,1014896.4799999999,1009379.9799999999,0.0,0,0.014896479999999768
189074.58,0.0,-0.016403200058393907,2020-10-21,0.0,-0.1051848794449457,0.0,5,-16647.549999999814,809174.3500000001,998248.93,1014896.4799999999,0.0,0,-0.0017510699999999657
189074.58,0.0,-0.012466680029399213,2020-10-22,0.0,-0.11634025323837383,0.0,5,-12444.850000000093,796729.5,985804.08,998248.93,0.0,0,-0.014195920000000029
189074.58,0.0,0.0062173611616620494,2020-10-23,0.0,-0.1108462214487339,0.0,5,6129.100000000093,802858.6000000001,991933.18,985804.08,0.0,0,-0.008066819999999919
189074.58,0.0,0.019420410959536616,2020-10-26,0.0,-0.0935784896630435,0.0,5,19263.75,822122.3500000001,1011196.93,991933.18,0.0,0,0.011196930000000105
285703.18,889.0,-0.00789999431663635,2020-10-27,0.0,-0.10073921444318235,365.5999999999943,5,-7465.050000000047,717505.3,1003208.48,1011196.93,0.0,0,0.003208480000000069
128341.53,956.0,-0.005069384979680347,2020-10-28,0.0,-0.10529791356229956,3484.4499999999944,6,-7614.100000000093,869781.3,998122.8300000001,1003208.48,0.0,0,-0.0018771699999998726
129943.03,32.0,0.0074340549849960524,2020-10-29,0.0,-0.09864664905653087,-56.7000000000001,5,7508.800000000047,875599.9,1005542.93,998122.8300000001,0.0,0,0.005542930000000057
129943.03,0.0,-0.009251320577630673,2020-10-30,0.0,-0.10698535785983065,0.0,5,-9302.600000000093,866297.2999999999,996240.33,1005542.93,0.0,0,-0.0037596699999999927
265126.03,1217.0,-0.026907613748180514,2020-11-02,0.0,-0.1310142509220079,-600.0000000000227,5,-24989.449999999837,704307.8500000001,969433.8800000001,996240.33,0.0,0,-0.03056611999999992
88258.03,1043.0,0.027556649866621097,2020-11-03,0.0,-0.1070679148955822,5525.000000000009,6,22232.349999999977,907890.2000000001,996148.2300000001,969433.8800000001,0.0,0,-0.003851769999999921
88512.63,22.0,0.0015436457684614435,2020-11-04,0.0,-0.10568954406088726,-3.7999999999999545,6,1563.4999999998836,909173.3,997685.93,996148.2300000001,0.0,0,-0.002314069999999946
88525.83,21.0,0.014896220897893109,2020-11-05,0.0,-0.09236769795792277,-0.14999999999999858,6,14882.899999999907,924021.85,1012547.6799999999,997685.93,0.0,0,0.01254767999999995
89162.88,24.0,0.01694507857644778,2020-11-06,0.0,-0.07698779728129757,-3.149999999999949,6,17184.849999999977,940542.4999999999,1029705.3799999999,1012547.6799999999,0.0,0,0.02970537999999978
258755.26,1566.0,0.047725088121808534,2020-11-09,0.0,-0.032936958569042885,-5827.874999999983,6,56536.65000000014,820092.9,1078848.1600000001,1029705.3799999999,0.0,0,0.07884816000000017
74645.31,1161.0,-0.04714769129327723,2020-11-10,0.0,-0.07853174830756748,-1937.7000000000078,7,-47766.5,953337.65,1027982.96,1078848.1600000001,0.0,0,0.02798295999999989
75667.96,49.0,-0.005017544259683038,2020-11-11,0.0,-0.08315525604432694,-19.94999999999996,7,-5089.0,947157.05,1022825.01,1027982.96,0.0,0,0.022825010000000034
206288.16,1228.0,-0.027558233054938652,2020-11-12,0.0,-0.10842187717345297,2716.899999999994,6,-29676.150000000023,788349.6,994637.76,1022825.01,0.0,0,-0.005362239999999963
23144.96,1172.0,0.008084450765271534,2020-11-13,0.0,-0.10121395773606867,4954.800000000008,7,4258.300000000047,979533.8999999999,1002678.8599999999,994637.76,0.0,0,0.0026788599999998386
197055.51,1599.0,-0.0008847797987880934,2020-11-16,0.0,-0.1020091854696965,6292.449999999989,6,-5580.59999999986,804736.2,1001791.71,1002678.8599999999,0.0,0,0.001791710000000002
139239.74,386.0,0.041204104194473734,2020-11-17,0.0,-0.06500827838210954,-2025.375,6,43689.30000000005,903829.9,1043069.64,1001791.71,0.0,0,0.04306963999999991
139239.74,0.0,0.03647738227717934,2020-11-18,0.0,-0.030902227926655645,0.0,6,38048.44999999995,941878.35,1081118.0899999999,1043069.64,0.0,0,0.08111808999999992
139394.24,21.0,0.005604891876335172,2020-11-19,0.0,-0.02547053969658719,-2.5000000000000355,6,6083.04999999993,947783.3999999999,1087177.64,1081118.0899999999,0.0,0,0.08717763999999995
139394.24,0.0,-0.016840302197532186,2020-11-20,0.0,-0.04188191030849464,0.0,6,-18308.399999999907,929475.0,1068869.24,1087177.64,0.0,0,0.06886923999999994
139407.99,21.0,0.0019017293453031936,2020-11-23,0.0,-0.04005982902106253,0.20000000000000284,6,2053.5,931493.95,1070901.94,1068869.24,0.0,0,0.07090193999999994
139525.79,21.0,-0.006320606721470723,2020-11-24,0.0,-0.04612723331796165,-2.1999999999999886,6,-6745.54999999993,924607.4,1064133.19,1070901.94,0.0,0,0.06413318999999995
139540.14,21.0,0.014259681158897308,2020-11-25,0.0,-0.03252531179892071,-0.9000000000000057,5,15196.099999999977,939767.25,1079307.3900000001,1064133.19,0.0,0,0.07930739000000009
139540.14,0.0,0.006549477994401531,2020-11-26,0.0,-0.02618885761840728,0.0,5,7068.900000000023,946836.15,1086376.29,1079307.3900000001,0.0,0,0.08637629000000002
139540.14,0.0,-0.0030471946327178534,2020-11-27,0.0,-0.02915624970475328,0.0,5,-3310.4000000000233,943525.75,1083065.8900000001,1086376.29,0.0,0,0.08306589000000009
139540.14,0.0,0.005080254166254017,2020-11-30,0.0,-0.024224116697534215,0.0,5,5502.25,949028.0,1088568.1400000001,1083065.8900000001,0.0,0,0.08856814000000024
139540.14,0.0,-0.01197867135813846,2020-12-01,0.0,-0.03591261532281176,0.0,5,-13039.599999999977,935988.4,1075528.54,1088568.1400000001,0.0,0,0.07552854000000009
327968.14,1697.0,-0.022922590227126727,2020-12-02,0.0,-0.05801199538490931,6174.999999999995,4,-29131.900000000023,722906.5,1050874.6400000001,1075528.54,0.0,0,0.05087464000000019
146847.74,1084.0,-0.01785745824069007,2020-12-03,0.0,-0.07483350684055423,-8873.2,5,-8808.75,885260.95,1032108.69,1050874.6400000001,0.0,0,0.03210869000000005
146847.74,0.0,-0.011342216293130813,2020-12-04,0.0,-0.08532694531312601,0.0,5,-11706.399999999907,873554.55,1020402.29,1032108.69,0.0,0,0.020402290000000045
343596.24,1792.0,-0.006593722952150549,2020-12-07,0.0,-0.0913580460275285,3574.9999999999923,4,-8511.25,670077.8,1013674.04,1020402.29,0.0,0,0.013674039999999943
158800.44,1088.0,0.027295164824384655,2020-12-08,0.0,-0.06655651412749897,2789.799999999993,5,25966.599999999977,882542.0,1041342.44,1013674.04,0.0,0,0.04134243999999998
318534.99,1459.0,0.00998542804036684,2020-12-09,0.0,-0.05723568136956991,1805.8500000000045,5,10051.400000000023,733205.7,1051740.69,1041342.44,0.0,0,0.05174068999999992
142022.59,1117.0,-0.013121390216442097,2020-12-10,0.0,-0.06960605987645796,-3872.6000000000067,6,-8810.70000000007,895917.7999999999,1037940.3899999999,1051740.69,0.0,0,0.037940389999999935
143741.89,33.0,-0.0454362316510295,2020-12-11,0.0,-0.11187965446662518,9.90000000000014,6,-47136.99999999988,847038.4,990780.29,1037940.3899999999,0.0,0,-0.009219709999999992
206298.64,574.0,0.018247284672972208,2020-12-14,0.0,-0.09567386969781932,1554.7500000000002,5,17098.29999999993,802560.7,1008859.34,990780.29,0.0,0,0.008859339999999882
21776.44,1160.0,-0.017304989216831768,2020-12-15,0.0,-0.11132322363119784,-8285.2,6,-8013.099999999977,969624.6,991401.0399999999,1008859.34,0.0,0,-0.008598960000000044
187646.84,1513.0,0.026321134381702915,2020-12-16,0.0,-0.08793224277849598,1653.200000000006,5,25954.599999999977,829849.0,1017495.84,991401.0399999999,0.0,0,0.01749584000000004
188424.84,26.0,0.013164869548754066,2020-12-17,0.0,-0.07592498973505013,-4.499999999999957,5,13425.699999999953,842466.2,1030891.0399999999,1017495.84,0.0,0,0.03089103999999998
15429.91,1082.0,0.008742310923567809,2020-12-18,0.0,-0.06784643867861495,7268.524999999989,6,2825.8499999999767,1024473.5,1039903.41,1030891.0399999999,0.0,0,0.03990340999999997
15463.61,21.0,0.07427641765305881,2020-12-21,0.0,0.0,0.9000000000000057,5,77260.3999999999,1101680.1,1117143.7100000002,1039903.41,0.0,0,0.11714371000000012
15463.61,0.0,-0.052562172148827635,2020-12-22,0.0,-0.052562172148827635,0.0,5,-58719.5,1042960.6000000001,1058424.2100000002,1117143.7100000002,0.0,0,0.05842421000000009
15463.61,0.0,0.06433086975589863,2020-12-23,0.0,0.0,0.0,5,68089.34999999986,1111049.95,1126513.56,1058424.2100000002,0.0,0,0.12651356000000002
15463.61,0.0,0.028752516747335033,2020-12-24,0.0,0.0,0.0,5,32390.100000000093,1143440.05,1158903.6600000001,1126513.56,0.0,0,0.15890366000000022
15463.61,0.0,0.016149314775656176,2020-12-25,0.0,0.0,0.0,5,18715.5,1162155.55,1177619.1600000001,1158903.6600000001,0.0,0,0.1776191600000001
188468.41,1575.0,0.016428740850310097,2020-12-28,0.0,0.0,-1141.000000000007,4,22062.800000000047,1008497.5499999999,1196965.96,1177619.1600000001,0.0,0,0.19696596
29965.11,952.0,-0.0239747419383588,2020-12-29,0.0,-0.0239747419383588,-10806.900000000016,5,-16938.04999999993,1138303.9,1168269.01,1196965.96,0.0,0,0.16826900999999994
204576.94,1592.0,-0.013966449388227886,2020-12-30,0.0,-0.03760634930670881,2703.575000000006,5,-17428.149999999907,947375.5,1151952.44,1168269.01,0.0,0,0.15195243999999986
19172.44,1131.0,0.026197348911384033,2020-12-31,0.0,-0.0123941870493961,8226.900000000014,6,23082.20000000007,1162958.1,1182130.54,1151952.44,0.0,0,0.18213053999999995
19248.19,21.0,0.0647754181192206,2021-01-04,0.0,0.0,1.25,5,76592.75,1239455.35,1258703.54,1182130.54,0.0,0,0.25870353999999995
407908.19,3514.0,-0.01708305356795925,2021-01-05,0.0,-0.01708305356795925,6697.99999999997,4,-24686.5,829292.8500000001,1237201.04,1258703.54,0.0,0,0.23720103999999997
174785.19,1373.0,-0.025153874749410332,2021-01-06,0.0,-0.04180722332758369,3750.0,5,-33497.40000000014,1031295.45,1206080.64,1237201.04,0.0,0,0.20608063999999993
174785.19,0.0,-0.03917723113439575,2021-01-07,0.0,-0.0793465632105873,0.0,5,-47250.89999999991,984044.55,1158829.74,1206080.64,0.0,0,0.15882974000000005
306340.82,1204.0,-0.010943385004944739,2021-01-08,0.0,-0.08942162822549948,-4743.9749999999885,5,-6733.550000000047,839807.4,1146148.22,1158829.74,0.0,0,0.14614821999999994
295304.52,3021.0,0.035632040679695054,2021-01-11,0.0,-0.056975862640379904,-1266.0999999999894,4,45126.70000000007,891683.3,1186987.82,1146148.22,0.0,0,0.18698782000000014
172153.02,738.0,-0.01769908641522544,2021-01-12,0.0,-0.07366652833915133,2179.5,5,-22450.100000000093,993826.2,1165979.22,1186987.82,0.0,0,0.16597921999999987
172153.02,0.0,0.0035599262223557915,2021-01-13,0.0,-0.07036884952273992,0.0,5,4150.800000000047,997977.0,1170130.02,1165979.22,0.0,0,0.17013002
172153.02,0.0,0.01508084546023336,2021-01-14,0.0,-0.05634922580737334,0.0,5,17646.54999999993,1015623.5499999999,1187776.5699999998,1170130.02,0.0,0,0.1877765699999998
172153.02,0.0,-0.039213477666089847,2021-01-15,0.0,-0.09335305436576435,0.0,5,-46576.84999999998,969046.7,1141199.72,1187776.5699999998,0.0,0,0.14119971999999992
282213.27,1004.0,-0.00830954462554534,2021-01-18,0.0,-0.10088687762012649,-2011.75,4,-6467.099999999977,849503.6,1131716.87,1141199.72,0.0,0,0.1317168700000002
78226.67,1202.0,-0.02484384632350689,2021-01-19,0.0,-0.12322430585998045,-4082.599999999979,5,-22831.599999999977,1025374.0,1103600.67,1131716.87,0.0,0,0.10360066999999984
264082.67,1693.0,-0.04525214722821802,2021-01-20,0.0,-0.16290028865732764,2480.199999999976,5,-50727.5,789577.7,1053660.3699999999,1103600.67,0.0,0,0.05366036999999979
86449.52,1072.0,0.015421809970892264,2021-01-21,0.0,-0.14999069598231218,6079.45,6,11241.900000000023,983460.2,1069909.72,1053660.3699999999,0.0,0,0.06990972000000006
262910.92,1627.0,0.024946871218255673,2021-01-22,0.0,-0.1287856233406638,-5630.199999999994,6,33948.09999999998,833689.7,1096600.6199999999,1069909.72,0.0,0,0.0966006199999998
130383.87,844.0,-0.011050604731556612,2021-01-25,0.0,-0.13841306905357553,-5538.5,7,-5735.599999999977,954098.65,1084482.52,1096600.6199999999,0.0,0,0.08448252000000012
131543.65,49.0,-0.02329541466468288,2021-01-26,0.0,-0.15848409387964402,39.77500000000008,6,-25254.250000000116,927675.3999999999,1059219.0499999998,1084482.52,0.0,0,0.05921904999999983
131654.05,21.0,0.06589175298537198,2021-01-27,0.0,-0.10303513566030009,2.200000000000017,5,69812.6000000001,997358.8,1129012.85,1059219.0499999998,0.0,0,0.12901285000000007
131654.05,0.0,5.367520839105744e-05,2021-01-28,0.0,-0.1029869908842872,0.0,5,60.59999999997672,997419.4,1129073.45,1129012.85,0.0,0,0.12907344999999992
131654.05,0.0,-0.032000221066220136,2021-01-29,0.0,-0.13169160547526537,0.0,5,-36130.59999999998,961288.8,1092942.85,1129073.45,0.0,0,0.09294285000000002
319942.68,1715.0,-0.030181468317396543,2021-02-01,0.0,-0.15789842777434315,5282.375,5,-36554.0,740013.55,1059956.23,1092942.85,0.0,0,0.059956230000000055
149223.08,1063.0,0.023241006847990242,2021-02-02,0.0,-0.13832713936754326,-7816.599999999994,6,33514.04999999993,935367.6,1084590.68,1059956.23,0.0,0,0.08459068000000003
150049.88,26.0,-0.034458806155332256,2021-02-03,0.0,-0.16801935744138774,11.199999999999932,6,-37358.90000000002,897167.1,1047216.98,1084590.68,0.0,0,0.047216979999999964
151429.63,31.0,-0.023794304786769138,2021-02-04,0.0,-0.1878157584271194,35.74999999999992,5,-24922.54999999993,870869.55,1022299.18,1047216.98,0.0,0,0.022299180000000085
278537.13,1162.0,-0.003072534989219111,2021-02-05,0.0,-0.1903112229270445,5478.749999999992,5,-7457.800000000047,740621.0,1019158.13,1022299.18,0.0,0,0.019158130000000106
279279.88,26.0,0.016855137092415706,2021-02-17,0.0,-0.1766638075872894,1.2500000000000178,5,17202.800000000047,757056.3,1036336.18,1019158.13,0.0,0,0.03633618000000016
87958.68,1151.0,0.01586155179876103,2021-02-18,0.0,-0.16360441792354052,3190.5,5,14398.400000000023,964815.4,1052774.08,1036336.18,0.0,0,0.052774080000000057
87958.68,0.0,-0.02090420007301108,2021-02-19,0.0,-0.18108859851144943,0.0,5,-22007.400000000023,942808.0,1030766.6799999999,1052774.08,0.0,0,0.030766679999999935
87958.68,0.0,0.014975066908449186,2021-02-22,0.0,-0.1688253454820664,0.0,5,15435.800000000047,958243.8,1046202.48,1030766.6799999999,0.0,0,0.046202480000000046
324038.18,2145.0,-0.03355172700412634,2021-02-23,0.0,-0.19671269058320118,5528.5,4,-38485.40000000002,687062.4,1011100.5800000001,1046202.48,0.0,0,0.011100580000000138
168061.53,938.0,-0.02491082538989353,2021-02-24,0.0,-0.21672324048600045,-9469.35,5,-14780.0,817851.7,985913.23,1011100.5800000001,0.0,0,-0.014086770000000026
359049.73,1721.0,0.0032561689024095397,2021-02-25,0.0,-0.2141727590596909,4981.800000000001,5,-50.5,630073.8,989123.53,985913.23,0.0,0,-0.010876470000000027
208066.73,1040.0,0.004851972331504362,2021-02-26,0.0,-0.21035994702930605,4349.5,6,1489.6999999999534,785856.0,993922.73,989123.53,0.0,0,-0.0060772700000000235
385586.08,1617.0,0.014872031349962178,2021-03-02,0.0,-0.19861639540634024,2862.35,4,13536.29999999993,623118.2999999999,1008704.3799999999,993922.73,0.0,0,0.008704379999999956
210531.48,1046.0,0.012901103889327858,2021-03-03,0.0,-0.18827766226827325,7291.200000000014,5,6768.20000000007,811186.3,1021717.78,1008704.3799999999,0.0,0,0.02171778000000013
251537.48,370.0,-0.02063358435438023,2021-03-04,0.0,-0.2050264035961955,672.0,5,-21383.70000000007,749098.6,1000636.08,1021717.78,0.0,0,0.0006360800000000388
297732.98,415.0,-0.022532367611609594,2021-03-05,0.0,-0.22293904091188943,-1058.5,5,-21073.199999999953,680356.4,978089.38,1000636.08,0.0,0,-0.021910619999999992
186998.33,1108.0,-0.007196888284381586,2021-03-08,0.0,-0.22853146182460093,-5066.75,5,-864.4500000000698,784051.85,971050.1799999999,978089.38,0.0,0,-0.028949820000000015
274200.83,784.0,-0.011887284753914429,2021-03-09,0.0,-0.23770212801657808,724.5,5,-11483.649999999907,685306.2000000001,959507.03,971050.1799999999,0.0,0,-0.04049296999999996
298249.83,217.0,0.007592857344671966,2021-03-10,0.0,-0.23191410902046095,154.0,5,7348.399999999907,668542.6,966792.4299999999,959507.03,0.0,0,-0.033207570000000075
354273.83,505.0,0.00486981471296799,2021-03-11,0.0,-0.2281736730477456,-1683.0,4,6896.100000000093,617226.7000000001,971500.53,966792.4299999999,0.0,0,-0.02849946999999997
195562.83,935.0,0.02313915361425467,2021-03-12,0.0,-0.2103142651048715,4932.0,5,18482.699999999837,798417.3999999999,993980.2299999999,971500.53,0.0,0,-0.006019770000000091
195562.83,0.0,0.05353416335051264,2021-03-15,0.0,-0.16803909997742605,0.0,5,53211.90000000002,851629.2999999999,1047192.1299999999,993980.2299999999,0.0,0,0.04719213
195562.83,0.0,0.026205219857792672,2021-03-16,0.0,-0.1462373816792475,0.0,5,27441.90000000014,879071.2000000001,1074634.03,1047192.1299999999,0.0,0,0.07463403000000013
195562.83,0.0,0.005565801782770663,2021-03-17,0.0,-0.14148550817613503,0.0,5,5981.199999999837,885052.3999999999,1080615.23,1074634.03,0.0,0,0.08061523000000004
195562.83,0.0,0.02682069361543249,2021-03-18,0.0,-0.11845955402651842,0.0,5,28982.850000000093,914035.25,1109598.08,1080615.23,0.0,0,0.10959808000000004
195562.83,0.0,0.042830688748127566,2021-03-19,0.0,-0.08070256956614275,0.0,5,47524.84999999998,961560.1,1157122.93,1109598.08,0.0,0,0.15712292999999988
195562.83,0.0,0.03253029477170588,2021-03-22,0.0,-0.05079755317125756,0.0,5,37641.55000000005,999201.65,1194764.48,1157122.93,0.0,0,0.1947644799999999
195562.83,0.0,-0.03642655161626496,2021-03-23,0.0,-0.08537372509494967,0.0,5,-43521.15000000002,955680.5,1151243.33,1194764.48,0.0,0,0.15124333
195562.83,0.0,0.010067115872019805,2021-03-24,0.0,-0.07616607640588668,0.0,5,11589.699999999953,967270.2,1162833.03,1151243.33,0.0,0,0.16283303000000005
195562.83,0.0,0.020323984089100078,2021-03-25,0.0,-0.05739009044178889,0.0,5,23633.40000000014,990903.6000000001,1186466.4300000002,1162833.03,0.0,0,0.18646643000000007
195562.83,0.0,0.0023328093657060123,2021-03-26,0.0,-0.0551911612165642,0.0,5,2767.7999999998137,993671.3999999999,1189234.23,1186466.4300000002,0.0,0,0.18923423000000006
195562.83,0.0,0.01027589829801645,2021-03-29,0.0,-0.045482401678158535,0.0,5,12220.45000000007,1005891.85,1201454.68,1189234.23,0.0,0,0.20145467999999989
195562.83,0.0,0.02336184665742036,2021-03-30,0.0,-0.023183107914354628,0.0,5,28068.199999999953,1033960.0499999999,1229522.88,1201454.68,0.0,0,0.22952287999999998
360919.38,1508.0,0.012536732947987295,2021-03-31,0.0,-0.010937015399194006,2456.60000000001,5,14465.600000000093,884017.7,1244937.08,1229522.88,0.0,0,0.24493708000000014
132954.78,1383.0,-0.015296997981616878,2021-04-01,0.0,-0.02606670987832449,277.2000000000256,6,-17938.0,1092938.5,1225893.28,1244937.08,0.0,0,0.22589327999999997
133201.45,22.0,0.03858106637145453,2021-04-06,0.0,0.0,5.2249999999999766,5,47313.05000000005,1139988.1,1273189.55,1225893.28,0.0,0,0.2731895500000001
133201.45,0.0,0.03479890327406454,2021-04-07,0.0,0.0,0.0,5,44305.59999999986,1184293.7,1317495.15,1273189.55,0.0,0,0.31749514999999984
133201.45,0.0,-0.004041077494668421,2021-04-08,0.0,-0.004041077494668421,0.0,5,-5324.09999999986,1178969.6,1312171.05,1317495.15,0.0,0,0.3121710500000001
133201.45,0.0,-0.014514952147435367,2021-04-09,0.0,-0.01849737359564474,0.0,5,-19046.100000000093,1159923.5,1293124.95,1312171.05,0.0,0,0.29312494999999994
133201.45,0.0,-0.059029137130174325,2021-04-12,0.0,-0.0764346267232936,0.0,5,-76332.04999999981,1083591.4500000002,1216792.9000000001,1293124.95,0.0,0,0.21679290000000018
133201.45,0.0,0.0017462708732109977,2021-04-13,0.0,-0.07482183141243437,0.0,5,2124.8499999998603,1085716.3,1218917.75,1216792.9000000001,0.0,0,0.2189177499999999
133201.45,0.0,-0.047959593664133604,2021-04-14,0.0,-0.1191930004448214,0.0,5,-58458.80000000005,1027257.5,1160458.95,1218917.75,0.0,0,0.16045895
277901.38,1323.0,0.01812518228240645,2021-04-15,0.0,-0.10322821302226426,-6751.575000000007,5,29108.100000000093,903591.1,1181492.48,1160458.95,0.0,0,0.18149247999999996
59975.18,1312.0,-0.01217819854426827,2021-04-16,0.0,-0.11414927789297735,6540.650000000035,6,-19617.099999999977,1107128.85,1167104.03,1181492.48,0.0,0,0.16710402999999996
60102.56,21.0,-0.005768311844489116,2021-04-19,0.0,-0.11925914110575653,5.3749999999999964,6,-6716.600000000093,1100269.25,1160371.81,1167104.03,0.0,0,0.16037181
339256.24,2544.0,0.005049398778482761,2021-04-20,0.0,-0.11481192928869599,-4728.525000000031,5,13131.699999999953,826974.75,1166230.99,1160371.81,0.0,0,0.16623099000000008
121349.64,1324.0,0.01762914051872344,2021-04-21,0.0,-0.0992068244046288,3832.1999999999744,5,18051.449999999953,1065441.0,1186790.64,1166230.99,0.0,0,0.1867906399999999
297430.64,1585.0,-0.019204398174222037,2021-04-22,0.0,-0.11650601522138426,8998.0,4,-30204.599999999977,866568.4,1163999.04,1186790.64,0.0,0,0.16399903999999998
96955.71,1192.0,-0.04186904655866386,2021-04-23,0.0,-0.1534970660043795,361.6750000000052,5,-47905.20000000007,1018307.7999999999,1115263.51,1163999.04,0.0,0,0.1152635099999999
97940.96,28.0,0.003141858375694584,2021-04-26,0.0,-0.1508374736711554,29.75000000000005,5,3502.2500000001164,1020826.55,1118767.51,1115263.51,0.0,0,0.11876751000000008
265045.81,1525.0,0.013960541274567362,2021-04-27,0.0,-0.13898270517352573,-16801.04999999998,4,33944.64999999991,869340.2999999999,1134386.1099999999,1118767.51,0.0,0,0.1343861099999999
60235.18,1220.0,-0.015357495870607751,2021-04-28,0.0,-0.15220577472334518,-4996.875000000007,5,-11204.449999999953,1056729.6,1116964.78,1134386.1099999999,0.0,0,0.11696477999999999
60235.18,0.0,0.036921978864902005,2021-04-29,0.0,-0.12090353425589462,0.0,5,41240.549999999814,1097970.15,1158205.3299999998,1116964.78,0.0,0,0.15820532999999992
60235.18,0.0,-0.04129164213050174,2021-05-03,0.0,-0.15720287091758922,0.0,5,-47824.19999999972,1050145.9500000002,1110381.1300000001,1158205.3299999998,0.0,0,0.11038113000000016
60235.18,0.0,-0.07929552080914781,2021-05-04,0.0,-0.2240329082046335,0.0,5,-88048.25000000023,962097.7,1022332.88,1110381.1300000001,0.0,0,0.02233288
250331.93,1731.0,0.06132909468782799,2021-05-05,0.0,-0.17644354895727699,-2489.2499999999873,4,66919.0,834699.7,1085031.63,1022332.88,0.0,0,0.0850316299999998
47012.63,1206.0,0.04171813866845531,2021-05-06,0.0,-0.1420863067313759,1842.3000000000116,5,44629.20000000007,1083284.5,1130297.13,1085031.63,0.0,0,0.13029712999999998
47012.63,0.0,0.051425460135424705,2021-05-07,0.0,-0.09796770029855517,0.0,5,58126.05000000005,1141410.55,1188423.18,1130297.13,0.0,0,0.18842318000000002
47012.63,0.0,0.061050054577360235,2021-05-10,0.0,-0.04289857917124018,0.0,5,72553.30000000005,1213963.85,1260976.48,1188423.18,0.0,0,0.26097648000000007
47012.63,0.0,-0.025115178992077714,2021-05-11,0.0,-0.06693635266892639,0.0,5,-31669.65000000014,1182294.2,1229306.8299999998,1260976.48,0.0,0,0.22930682999999985
47012.63,0.0,-0.09587443681574592,2021-05-12,0.0,-0.15639330437003884,0.0,5,-117859.09999999986,1064435.1,1111447.73,1229306.8299999998,0.0,0,0.11144773000000008
204735.03,1431.0,-0.07908361106644213,2021-05-13,0.0,-0.22310876818028502,4197.4,4,-90663.70000000007,818815.4,1023550.43,1111447.73,0.0,0,0.02355043000000001
204735.03,0.0,-0.06643409841564918,2021-05-14,0.0,-0.2747208367332509,0.0,4,-67998.65000000002,750816.75,955551.78,1023550.43,0.0,0,-0.04444821999999993
204735.03,0.0,-0.052419974561713434,2021-05-17,0.0,-0.3127399520218347,0.0,4,-50090.0,700726.75,905461.78,955551.78,0.0,0,-0.09453822
376372.83,1561.0,0.061374153197278014,2021-05-18,0.0,-0.2705599485508542,-12103.199999999995,4,69236.15000000002,584660.9,961033.73,905461.78,0.0,0,-0.03896626999999997
190570.83,1155.0,0.021458091798713497,2021-05-19,0.0,-0.2549075569652002,-531.9999999999723,6,22308.949999999953,791084.85,981655.6799999999,961033.73,0.0,0,-0.01834432000000008
410809.28,2016.0,-0.027763808181703653,2021-05-20,0.0,-0.2755941606312554,6465.199999999999,5,-31703.699999999953,543591.9,954401.18,981655.6799999999,0.0,0,-0.04559881999999993
276533.66,868.0,-0.003502269349667131,2021-05-21,0.0,-0.2781312249991964,-7986.725,6,5512.150000000023,674524.95,951058.6099999999,954401.18,0.0,0,-0.048941390000000085
407284.26,1205.0,0.019239718570025932,2021-05-24,0.0,-0.2642426729236915,3974.2999999999824,5,15528.800000000047,562072.45,969356.71,951058.6099999999,0.0,0,-0.03064328999999999
239420.86,1078.0,-0.02156270213469713,2021-05-25,0.0,-0.28010758901085897,-9738.8,6,-10085.149999999907,709033.9,948454.76,969356.71,0.0,0,-0.05154523999999994
241113.76,33.0,0.016431780046103572,2021-05-26,0.0,-0.26827847525662607,-20.900000000000063,5,15638.70000000007,722925.8,964039.56,948454.76,0.0,0,-0.03596043999999998
386603.66,1330.0,0.02462865735509845,2021-05-27,0.0,-0.2502571565443714,2214.700000000017,5,22858.29999999993,601178.8999999999,987782.5599999998,964039.56,0.0,0,-0.012217440000000135
234754.86,937.0,0.03633724814902606,2021-05-28,0.0,-0.22301356479376788,3009.2000000000003,6,33821.10000000009,788921.0,1023675.86,987782.5599999998,0.0,0,0.023675859999999993
237072.06,38.0,0.006172461661838824,2021-05-31,0.0,-0.2182176458106886,12.799999999999727,6,6343.800000000047,792922.3999999999,1029994.46,1023675.86,0.0,0,0.029994459999999945
240150.21,44.0,0.017290141541149717,2021-06-01,0.0,-0.2047005182523821,6.150000000000233,6,17846.600000000093,807653.0,1047803.21,1029994.46,0.0,0,0.047803209999999874
242127.06,36.0,0.01450028961067984,2021-06-02,0.0,-0.19316844543981815,28.350000000000307,5,15201.099999999977,820869.6,1062996.66,1047803.21,0.0,0,0.06299665999999982
242127.06,0.0,-0.004485056425294731,2021-06-03,0.0,-0.19678713048772878,0.0,5,-4767.599999999977,816102.0,1058229.06,1062996.66,0.0,0,0.058229060000000166
242127.06,0.0,-0.03248327918721117,2021-06-04,0.0,-0.22287811837485694,0.0,5,-34374.75,781727.25,1023854.31,1058229.06,0.0,0,0.023854310000000156
483384.69,2183.0,0.002490959871038534,2021-06-07,0.0,-0.22094233895282267,1540.6249999999854,4,3192.75,543020.0,1026404.69,1023854.31,0.0,0,0.026404689999999897
295466.44,1107.0,0.005528764682476206,2021-06-08,0.0,-0.21663511247081246,-5066.25,5,11848.0,736613.0,1032079.44,1026404.69,0.0,0,0.03207943999999996
295466.44,0.0,0.010344164980168546,2021-06-09,0.0,-0.20853185683453934,0.0,5,10676.0,747289.0,1042755.44,1032079.44,0.0,0,0.04275543999999987
295466.44,0.0,-0.005577050741638945,2021-06-10,0.0,-0.21294591482936387,0.0,5,-5815.5,741473.5,1036939.94,1042755.44,0.0,0,0.03693993999999989
295466.44,0.0,0.02601404281910491,2021-06-11,0.0,-0.19247145615678352,0.0,5,26975.0,768448.5,1063914.94,1036939.94,0.0,0,0.06391493999999986
305487.94,96.0,0.022941213702666774,2021-06-15,0.0,-0.17394577126147293,284.0,5,24219.5,782834.5,1088322.44,1063914.94,0.0,0,0.08832244
126749.49,1209.0,-0.0006614308164039073,2021-06-16,0.0,-0.17449214898438137,-6681.849999999992,6,7171.0,960853.1,1087602.59,1088322.44,0.0,0,0.08760259000000015
128977.74,37.0,0.030157293023731935,2021-06-17,0.0,-0.14959706682791196,12.75,5,32823.40000000002,991424.0,1120401.74,1087602.59,0.0,0,0.12040173999999992
252869.99,1119.0,0.04090492576350324,2021-06-18,0.0,-0.11481139797744222,-274.75,5,47223.69999999995,913361.7,1166231.69,1120401.74,0.0,0,0.16623169000000004
51935.99,1452.0,0.02502341537297803,2021-06-21,0.0,-0.09266095590560608,8503.5,6,22131.600000000093,1143478.8,1195414.79,1166231.69,0.0,0,0.19541479000000006
52634.49,26.0,-0.005498342546021218,2021-06-22,0.0,-0.09764981677541651,14.0,5,-6560.800000000047,1136207.5,1188841.99,1195414.79,0.0,0,0.18884199000000002
52634.49,0.0,-0.04179150839044643,2021-06-23,0.0,-0.1353603920287676,0.0,5,-49683.5,1086524.0,1139158.49,1188841.99,0.0,0,0.13915849000000002
52634.49,0.0,0.04343741492897979,2021-06-24,0.0,-0.09780268261329073,0.0,5,49482.10000000009,1136006.1,1188640.59,1139158.49,0.0,0,0.1886405900000001
52634.49,0.0,0.05597869579735604,2021-06-25,0.0,-0.047298853434109445,0.0,5,66538.54999999981,1202544.65,1255179.14,1188640.59,0.0,0,0.25517913999999986
52634.49,0.0,0.06815541086828447,2021-06-28,0.0,0.0,0.0,5,85547.25,1288091.9,1340726.39,1255179.14,0.0,0,0.34072638999999993
52634.49,0.0,-0.01384152660708049,2021-06-29,0.0,-0.01384152660708049,0.0,5,-18557.699999999953,1269534.2,1322168.69,1340726.39,0.0,0,0.32216869000000004
52634.49,0.0,0.06810764820032156,2021-06-30,0.0,0.0,0.0,5,90049.80000000005,1359584.0,1412218.49,1322168.69,0.0,0,0.4122184899999999
52634.49,0.0,0.0562119109487087,2021-07-01,0.0,0.0,0.0,5,79383.5,1438967.5,1491601.99,1412218.49,0.0,0,0.49160198999999993
52634.49,0.0,0.0059325477301086504,2021-07-02,0.0,0.0,0.0,5,8849.0,1447816.5,1500450.99,1491601.99,0.0,0,0.50045099
52634.49,0.0,-0.029469073161796477,2021-07-05,0.0,-0.029469073161796477,0.0,5,-44216.89999999991,1403599.6,1456234.09,1500450.99,0.0,0,0.45623409000000015
52634.49,0.0,-0.02684396709872383,2021-07-06,0.0,-0.05552197343013521,0.0,5,-39091.10000000009,1364508.5,1417142.99,1456234.09,0.0,0,0.4171429899999999
52634.49,0.0,-0.012913622781283274,2021-07-07,0.0,-0.06771860639046923,0.0,5,-18300.449999999953,1346208.05,1398842.54,1417142.99,0.0,0,0.39884253999999997
52634.49,0.0,0.02505128275552737,2021-07-08,0.0,-0.04436376159143984,0.0,5,35042.80000000005,1381250.85,1433885.34,1398842.54,0.0,0,0.43388534
52634.49,0.0,-0.04085602130502297,2021-07-09,0.0,-0.08340725610771194,0.0,5,-58582.85000000009,1322668.0,1375302.49,1433885.34,0.0,0,0.37530248999999993
52634.49,0.0,0.01928375771354851,2021-07-12,0.0,-0.06573190371249649,0.0,5,26521.0,1349189.0,1401823.49,1375302.49,0.0,0,0.40182348999999995
52634.49,0.0,-0.05377388846580111,2021-07-13,0.0,-0.11597113211941701,0.0,5,-75381.5,1273807.5,1326441.99,1401823.49,0.0,0,0.32644198999999996
52634.49,0.0,-0.021050675574587285,2021-07-14,0.0,-0.1345805370157408,0.0,5,-27922.5,1245885.0,1298519.49,1326441.99,0.0,0,0.2985194899999999
52634.49,0.0,0.0824327249797383,2021-07-15,0.0,-0.06324165243144664,0.0,5,107040.5,1352925.5,1405559.99,1298519.49,0.0,0,0.40555999
52634.49,0.0,-0.01295825160760311,2021-07-16,0.0,-0.07538040279476244,0.0,5,-18213.600000000093,1334711.9,1387346.39,1405559.99,0.0,0,0.3873463899999998
247281.49,1753.0,-0.014752263852432668,2021-07-19,0.0,-0.08902063505586422,-5599.9999999999945,4,-13113.5,1119598.4,1366879.89,1387346.39,0.0,0,0.3668798899999999
22034.49,1341.0,-0.03854310856822962,2021-07-20,0.0,-0.12413261162232292,14220.000000000022,5,-65562.79999999981,1292161.6,1314196.09,1366879.89,0.0,0,0.31419609000000004
22034.49,0.0,-0.028635680996433432,2021-07-21,0.0,-0.14921367075108538,0.0,5,-37632.90000000014,1254528.7,1276563.19,1314196.09,0.0,0,0.27656318999999985
22034.49,0.0,0.006217631890200304,2021-07-22,0.0,-0.1439237945386007,0.0,5,7937.199999999953,1262465.9,1284500.39,1276563.19,0.0,0,0.2845003899999998
359442.74,3039.0,0.02769921307692247,2021-07-23,3121.8,-0.12021115731344212,6607.25,4,28889.60000000014,957515.5,1320080.04,1284500.39,3121.8,0,0.3200800400000001
117248.14,1443.0,-0.02986212866304694,2021-07-26,0.0,-0.14648352493006123,-1853.2000000000116,5,-36124.19999999995,1160289.7,1280659.64,1320080.04,3121.8,0,0.2806596399999999
332000.14,1934.0,-0.033327043866237305,2021-07-27,0.0,-0.17492870593527332,8446.0,4,-49192.59999999986,902857.1000000001,1237979.0400000003,1280659.64,3121.8,0,0.23797904000000036
121943.39,1247.0,-0.018430158559066045,2021-07-28,0.0,-0.19013490070742,5224.25,5,-26793.40000000014,1090097.7,1215162.89,1237979.0400000003,3121.8,0,0.21516289
121943.39,0.0,0.032978130199482925,2021-07-29,0.0,-0.16342706401893214,0.0,5,40073.80000000005,1130171.5,1255236.69,1215162.89,3121.8,0,0.25523669000000004
121943.39,0.0,-0.009884191641976292,2021-07-30,0.0,-0.17169591124065975,0.0,5,-12407.0,1117764.5,1242829.69,1255236.69,3121.8,0,0.24282969
121943.39,0.0,0.04057402265631427,2021-08-02,0.0,-0.13808828237702053,0.0,5,50426.60000000009,1168191.1,1293256.29,1242829.69,3121.8,0,0.29325629
121943.39,0.0,0.02054233194566568,2021-08-03,0.0,-0.12038260576575044,0.0,5,26566.5,1194757.6,1319822.79,1293256.29,3121.8,0,0.31982279000000013
121943.39,0.0,-0.0056964465661333286,2021-08-04,0.0,-0.12539329925064735,0.0,5,-7518.300000000047,1187239.3,1312304.49,1319822.79,3121.8,0,0.31230449000000005
343212.39,1993.0,-0.006835684910290851,2021-08-05,0.0,-0.1313718350773989,4198.0,5,-11175.5,956999.8,1303333.99,1312304.49,3121.8,0,0.30333399000000005
115645.04,1378.0,-0.033667080224003,2021-08-06,0.0,-0.16061600919067676,-1416.749999999961,5,-41084.70000000007,1140687.7,1259454.54,1303333.99,3121.8,0,0.2594545400000001
115645.04,0.0,-0.011719279681186356,2021-08-09,0.0,-0.1704529849388815,0.0,5,-14759.899999999907,1125927.8,1244694.6400000001,1259454.54,3121.8,0,0.24469464000000007
276501.64,1460.0,-0.03637044665027245,2021-08-10,0.0,-0.2006239803940547,1430.6000000000095,5,-45240.69999999995,919801.1,1199424.54,1244694.6400000001,3121.8,0,0.1994245400000001
291660.41,2924.0,-0.027059292950601166,2021-08-11,0.0,-0.22225453028625752,5824.674999999992,6,-35356.24999999988,872186.75,1166968.96,1199424.54,3121.8,0,0.16696895999999994
461938.89,1957.0,0.005863292199305814,2021-08-12,0.0,-0.21769438134063945,-4479.974999999999,7,13279.25,708750.55,1173811.24,1166968.96,3121.8,0,0.17381124000000003
274483.97,1245.0,-0.020747518144399346,2021-08-13,0.0,-0.2339252813582401,-8614.175000000001,7,-14494.5,871851.8,1149457.57,1173811.24,3121.8,0,0.14945757000000004
276574.3,56.0,-0.002652833892772599,2021-08-16,0.0,-0.2359575503362492,-39.67500000000001,6,-2953.6500000000233,866712.15,1146408.25,1149457.57,3121.8,0,0.1464082499999999
277325.8,26.0,-0.03855773019777198,2021-08-17,0.0,-0.2654172929700289,40.000000000000036,6,-44216.90000000002,821757.75,1102205.35,1146408.25,3121.8,0,0.1022053500000002
278269.0,27.0,0.05273177997185363,2021-08-18,0.0,-0.22668143929179585,-50.40000000000005,5,58198.65000000002,878935.8,1160326.6,1102205.35,3121.8,0,0.1603266000000001
278269.0,0.0,0.0006792656481373616,2021-08-19,5257.37,-0.22615615055843974,0.0,5,-4469.200000000074,832569.6,1161114.77,1160326.6,50276.170000000006,0,0.16111476999999996
483852.4,1867.0,0.00219513183868969,2021-08-20,0.0,-0.22445746128635646,3433.6000000000345,4,982.2000000000698,631110.0,1163663.5699999998,1161114.77,48701.170000000006,0,0.16366356999999976
483852.4,0.0,0.03733716610205495,2021-08-23,0.0,-0.1955009006991958,0.0,4,43447.90000000002,670567.9,1207111.47,1163663.5699999998,52691.170000000006,0,0.20711147000000008
483852.4,0.0,0.02024891702835019,2021-08-24,0.0,-0.17921066518807127,0.0,4,24442.699999999953,693435.6,1231554.17,1207111.47,54266.170000000006,0,0.2315541699999999
483852.4,0.0,0.032058841553027406,2021-08-25,0.0,-0.1528971099549209,0.0,4,39482.20000000007,729662.8,1271036.37,1231554.17,57521.170000000006,0,0.27103637
401263.45,505.0,-0.00858602496166172,2021-08-26,0.0,-0.16017035651394373,2488.25,5,-12896.40000000007,803935.4,1260123.2200000002,1271036.37,54924.37,0,0.2601232200000001
406448.95,59.0,-0.026734210960734583,2021-08-27,0.0,-0.18262253937397843,34.0,5,-33663.40000000002,766426.5,1226434.82,1260123.2200000002,53559.37,0,0.22643482000000015
185837.5,1405.0,0.05012068232048428,2021-08-30,0.0,-0.14165502333401747,4992.950000000026,6,57881.80000000005,1022496.7000000001,1287904.5700000003,1226434.82,79570.37000000001,0,0.28790457000000025
194682.5,87.0,0.017534917202755018,2021-08-31,2200.0,-0.12660401523677878,-319.0,6,20789.300000000047,1031604.5,1310487.87,1287904.5700000003,84200.87000000001,0,0.3104878700000002
365601.7,1575.0,0.03826277308465298,2021-09-01,0.0,-0.09318546285873675,1386.3999999999774,5,50331.5,906197.7000000001,1360630.7700000003,1310487.87,88831.37000000001,0,0.3606307700000002
107952.5,1548.0,0.016364395463436265,2021-09-02,0.0,-0.0783459911609643,1992.4999999999984,6,21821.400000000023,1180430.3,1382896.67,1360630.7700000003,94513.87,0,0.38289666999999983
109263.9,31.0,0.0015939730334297852,2021-09-03,0.0,-0.07687689952472243,0.0,6,2235.3000000002794,1183357.7,1385100.9699999997,1382896.67,92479.37,0,0.38510096999999965
109575.7,23.0,-0.017883678184125285,2021-09-06,0.0,-0.09338573597795419,8.400000000000034,6,-24756.099999999627,1155467.2,1360330.27,1385100.9699999997,95287.37,0,0.36033026999999995
109636.3,21.0,-0.0012077214160646221,2021-09-07,0.0,-0.0944806734407232,0.09999999999999432,6,-1622.0,1152894.7,1358687.37,1360330.27,96156.37,0,0.35868737000000017
110257.5,24.0,-0.03387287687821805,2021-09-08,0.0,-0.1251532181001126,6.0,6,-46004.64999999991,1110980.85,1312664.7200000002,1358687.37,91426.37,0,0.3126647200000001
110478.65,22.0,0.035279991375101405,2021-09-09,0.0,-0.09428863118014941,-3.75,6,46336.549999999814,1157714.0,1358975.52,1312664.7200000002,90782.87,0,0.35897552
110791.05,23.0,-0.01250728931452727,2021-09-10,0.0,-0.1056166253054357,-4.600000000000023,6,-16969.5,1138648.5,1341978.42,1358975.52,92538.87,0,0.34197842
110940.05,21.0,0.03917127072728932,2021-09-13,0.0,-0.0705824920012883,1.5999999999999943,6,52586.39999999991,1184766.5,1394545.42,1341978.42,98838.87,0,0.39454542000000004
111002.4,21.0,0.004029162420539967,2021-09-14,0.0,-0.06683771790506798,0.44999999999998863,6,5639.399999999907,1185626.0,1400164.27,1394545.42,103535.87,0,0.4001642700000001
111002.4,0.0,-0.04112596017037351,2021-09-15,0.0,-0.10521491275099903,0.0,6,-57583.10000000009,1131087.9,1342581.17,1400164.27,100490.87,0,0.3425811699999999
111311.6,22.0,-0.00797590509927959,2021-09-16,0.0,-0.11235163369114765,4.800000000000068,6,-10691.100000000093,1121780.4000000001,1331872.87,1342581.17,98780.87,0,0.3318728700000002
341573.45,2106.0,-0.01769481947627627,2021-09-17,0.0,-0.1280584112913944,-2837.9500000000094,5,-18623.299999999814,867859.8,1308305.62,1331872.87,98872.37,0,0.30830562000000006
84880.75,1823.0,-0.05339883810940138,2021-09-22,0.0,-0.17461907902769946,-6917.600000000005,6,-61121.40000000002,1061978.0,1238443.62,1308305.62,91584.87,0,0.2384436200000002
298924.32,1901.0,0.04702583877011679,2021-09-23,0.0,-0.13580484891412548,-2260.4,6,62400.24999999989,904276.15,1296682.47,1238443.62,93482.0,0,0.2966824699999999
104804.22,1185.0,0.03981441192769419,2021-09-24,0.0,-0.10139742718287659,12466.700000000004,6,40344.94999999995,1141657.4,1348309.1199999999,1296682.47,101847.5,0,0.3483091199999999
105033.32,22.0,-0.02128799662795411,2021-09-27,0.0,-0.12052687572287846,-6.900000000000034,6,-28673.899999999907,1116325.5,1319606.32,1348309.1199999999,98247.5,0,0.3196063200000001
153597.7,477.0,-0.04112584122816276,2021-09-28,0.0,-0.15669594779633556,1288.7750000000021,5,-55081.700000000186,1021326.7,1265336.4,1319606.32,90412.0,0,0.2653363999999998
146383.95,84.0,-0.01631253949542577,2021-09-29,0.0,-0.17045237845456052,-275.25,6,-20281.59999999986,1016505.6,1244695.55,1265336.4,81806.0,0,0.2446955500000001
146414.53,21.0,0.051319400957125616,2021-09-30,0.0,-0.1278804914514402,-2.1750000000000043,5,63900.19999999995,1145875.05,1308572.58,1244695.55,16283.0,0,0.3085725800000001
146414.53,0.0,-0.06402270021583367,2021-10-01,0.0,-0.18371593729962488,0.0,5,-83778.3500000001,1062728.7,1224794.23,1308572.58,15651.0,0,0.22479422999999987
355724.73,1904.0,-0.03560059227254864,2021-10-04,0.0,-0.21277613339440038,3895.7999999999574,5,-45595.19999999995,767195.2,1181190.8299999998,1224794.23,58270.9,0,0.1811908299999998
357545.33,34.0,-0.02007203188328166,2021-10-05,0.0,-0.2285773159441883,-41.800000000000125,5,-23633.099999999977,742099.2,1157481.93,1181190.8299999998,57837.4,0,0.15748192999999988
358892.91,31.0,0.002429653480637839,2021-10-06,0.0,-0.22670302613482896,48.67500000000005,5,2794.5999999999767,743990.7,1160294.21,1157481.93,57410.6,0,0.16029421
360217.11,31.0,0.005605647209081743,2021-10-07,0.0,-0.2223681961114904,-25.59999999999991,5,6560.800000000047,748287.3,1166798.4100000001,1160294.21,58294.0,0,0.16679841000000017
376969.86,171.0,0.004009818628395001,2021-10-08,0.0,-0.21925003361822581,22.75,5,4826.899999999907,751739.0,1171477.0599999998,1166798.4100000001,42768.2,0,0.17147705999999974
378253.71,29.0,-0.017527103774443442,2021-10-12,0.0,-0.23293431930089237,37.20000000000009,5,-20540.79999999993,731149.75,1150944.46,1171477.0599999998,41541.0,0,0.15094446000000006
514746.09,1248.0,-0.026881635973989404,2021-10-13,0.0,-0.25355429969758614,1121.375000000004,3,-30812.650000000023,564756.5,1120005.1900000002,1150944.46,40502.6,0,0.1200051900000001
514746.09,0.0,0.010341737791411232,2021-10-14,0.0,-0.24583475398953214,0.0,3,11582.800000000047,575678.5,1131587.99,1120005.1900000002,41163.4,0,0.1315879900000001
514746.09,0.0,0.04048249045131702,2021-10-15,0.0,-0.21530426661919833,0.0,3,45809.5,621252.0,1177397.49,1131587.99,41399.4,0,0.17739748999999994
514746.09,0.0,-0.026967018589448388,2021-10-18,0.0,-0.2364651710483392,0.0,3,-31750.900000000023,588887.5,1145646.59,1177397.49,42013.0,0,0.14564659000000013
514746.09,0.0,0.02704498950239098,2021-10-19,0.0,-0.2158153796146317,0.0,3,30984.0,620107.5,1176630.59,1145646.59,41777.0,0,0.17663059000000003
267894.59,1455.0,0.03991320674401311,2021-10-20,0.0,-0.18451605673571503,4245.5,5,44172.59999999998,913780.5,1223593.6900000002,1176630.59,41918.6,0,0.22359369000000018
267894.59,0.0,0.0007298174282019954,2021-10-21,0.0,-0.18392090234150194,0.0,5,893.0,914201.5,1224486.6900000002,1223593.6900000002,42390.6,0,0.2244866900000002
267894.59,0.0,0.07123572735608907,2021-10-22,0.0,-0.1257869142396979,0.0,5,87227.20000000007,999493.5,1311713.8900000001,1224486.6900000002,44325.8,0,0.31171389000000005
267894.59,0.0,0.02520298081161565,2021-10-25,0.0,-0.10375413861401761,0.0,5,33059.09999999986,1032883.0,1344772.99,1311713.8900000001,43995.4,0,0.34477299000000006
267894.59,0.0,-0.010593089023895219,2021-10-26,0.0,-0.11324815081097706,0.0,5,-14245.299999999814,1015994.5,1330527.6900000002,1344772.99,46638.6,0,0.33052769000000026
271053.34,44.0,0.01607982318654333,2021-10-27,0.0,-0.09898933786567721,-51.75,5,21490.399999999907,1031776.0,1351922.34,1330527.6900000002,49093.0,0,0.35192234
505926.64,5199.0,0.0009633689461776562,2021-10-28,0.0,-0.09812133217360197,24530.400000000012,6,-18029.0,797969.1,1353224.74,1351922.34,49329.0,0,0.3532247399999999
525127.14,189.0,0.022303095049828858,2021-10-29,0.0,-0.0780066465216569,-39.5,4,30409.599999999977,807061.7,1383405.8399999999,1353224.74,51217.0,0,0.3834058399999998
525127.14,0.0,0.01912649147122303,2021-11-01,0.0,-0.06037214850982897,0.0,4,26459.70000000007,832813.4,1409865.54,1383405.8399999999,51925.0,0,0.40986554
525127.14,0.0,-0.014254125255093397,2021-11-02,0.0,-0.07376572159814421,0.0,4,-20096.400000000023,815549.0,1389769.1400000001,1409865.54,49093.0,0,0.38976914000000007
525127.14,0.0,-0.00827158962531005,2021-11-03,0.0,-0.08142715144597956,0.0,4,-11495.599999999977,803109.4,1378273.54,1389769.1400000001,50037.0,0,0.37827354000000013
525127.14,0.0,-0.0008518991085034733,2021-11-04,0.0,-0.08220968283675822,0.0,4,-1174.1500000000233,802643.25,1377099.3900000001,1378273.54,49329.0,0,0.37709939000000015
525127.14,0.0,0.013174974974028641,2021-11-05,0.0,-0.07011781837672681,0.0,4,18143.25,821966.5,1395242.6400000001,1377099.3900000001,48149.0,0,0.3952426400000002
267877.39,1525.0,0.005377774291645654,2021-11-08,0.0,-0.06511712188613372,6408.349999999982,5,2619.9499999999534,1086483.5499999998,1402745.94,1395242.6400000001,48385.0,0,0.40274593999999997
267877.39,0.0,0.04259891138947092,2021-11-09,0.0,-0.025292129001827535,0.0,5,59755.450000000186,1145767.0,1462501.3900000001,1402745.94,48857.0,0,0.4625013900000001
267877.39,0.0,0.05995143020000815,2021-11-10,0.0,0.0,0.0,5,87679.05000000005,1233682.05,1550180.44,1462501.3900000001,48621.0,0,0.5501804399999999
267877.39,0.0,0.01605525999283053,2021-11-11,0.0,0.0,0.0,5,24888.550000000047,1258098.6,1575068.9900000002,1550180.44,49093.0,0,0.5750689900000001
267877.39,0.0,-0.012847119795051043,2021-11-12,0.0,-0.012847119795051043,0.0,5,-20235.100000000093,1237391.5,1554833.8900000001,1575068.9900000002,49565.0,0,0.55483389
513062.89,2219.0,0.037142295631335864,2021-11-15,0.0,0.0,500.0,5,59469.10000000009,1047360.1000000001,1612583.9900000002,1554833.8900000001,52161.0,0,0.6125839900000003
242480.44,1737.0,-0.045622646917138354,2021-11-16,0.0,-0.045622646917138354,-10450.65,5,-61382.70000000007,1245080.2000000002,1539013.6400000001,1612583.9900000002,51453.0,0,0.5390136400000001
242480.44,0.0,0.02712282653973097,2021-11-17,0.0,-0.019737235516024354,0.0,5,41742.39999999991,1286350.6,1580756.04,1539013.6400000001,51925.0,0,0.58075604
242480.44,0.0,-0.015268390181194635,2021-11-18,0.0,-0.03470426988426212,0.0,5,-24135.600000000093,1261979.0,1556620.44,1580756.04,52161.0,0,0.5566204399999999
242480.44,0.0,0.009190294327626969,2021-11-19,0.0,-0.025832918011297057,0.0,5,14305.800000000047,1277700.8,1570926.24,1556620.44,50745.0,0,0.5709262399999999
291954.44,445.0,-0.009944960878621512,2021-11-22,0.0,-0.0355209715309156,-354.0,5,-14823.800000000047,1263349.0,1555303.44,1570926.24,0.0,0,0.5553034399999999
291954.44,0.0,-0.03745146992023618,2021-11-23,0.0,-0.0716421288543242,0.0,5,-58248.39999999991,1205100.6,1497055.04,1555303.44,0.0,0,0.49705504
291954.44,0.0,0.012437218073157785,2021-11-24,0.0,-0.06009593956095283,0.0,5,18619.199999999953,1223719.8,1515674.24,1497055.04,0.0,0,0.5156742400000001
514829.69,2007.0,0.00257664206261099,2021-11-25,0.0,-0.05767414322400666,4433.75,5,1478.5999999998603,1004749.9,1519579.59,1515674.24,0.0,0,0.51957959
326824.19,1483.0,-0.021903294976474363,2021-11-26,0.0,-0.07831418442893023,3121.5,5,-34922.30000000005,1159471.6,1486295.79,1519579.59,0.0,0,0.48629579
326824.19,0.0,0.012676817176478616,2021-11-29,0.0,-0.06663014185078209,0.0,5,18841.5,1178313.1,1505137.29,1486295.79,0.0,0,0.50513729
326824.19,0.0,0.05731404076766977,2021-11-30,0.0,-0.013134943749503636,0.0,5,86265.5,1264578.6,1591402.79,1505137.29,0.0,0,0.5914027900000001
326824.19,0.0,0.05182540870121266,2021-12-01,0.0,0.0,0.0,5,82475.1000000001,1347053.7000000002,1673877.8900000001,1591402.79,0.0,0,0.6738778900000002
326824.19,0.0,-0.036798024735245294,2021-12-02,0.0,-0.036798024735245294,0.0,5,-61595.40000000014,1285458.3,1612282.49,1673877.8900000001,0.0,0,0.6122824899999999
326824.19,0.0,0.026175189684036093,2021-12-03,0.0,-0.01158603032865202,0.0,5,42201.80000000005,1327660.1,1654484.29,1612282.49,0.0,0,0.6544842900000001
326824.19,0.0,0.044203804437453975,2021-12-06,0.0,0.0,0.0,5,73134.5,1400794.6,1727618.79,1654484.29,0.0,0,0.72761879
326824.19,0.0,0.02951791233990897,2021-12-07,0.0,0.0,0.0,5,50995.69999999972,1451790.2999999998,1778614.4899999998,1727618.79,0.0,0,0.7786144899999998
326824.19,0.0,-0.0012296650073956306,2021-12-08,0.0,-0.0012296650073956306,0.0,5,-2187.0999999998603,1449603.2,1776427.39,1778614.4899999998,0.0,0,0.7764273899999998
326824.19,0.0,0.0406522666822875,2021-12-09,0.0,0.0,0.0,5,72215.80000000005,1521819.0,1848643.19,1776427.39,0.0,0,0.84864319
326824.19,0.0,0.015489468251577598,2021-12-10,0.0,0.0,0.0,5,28634.5,1550453.5,1877277.69,1848643.19,0.0,0,0.8772776899999999
576983.39,2262.0,0.007423515484275445,2021-12-13,0.0,0.0,458.39999999997394,5,15739.600000000093,1314230.2999999998,1891213.69,1877277.69,0.0,0,0.8912136899999998
272739.44,1834.0,-0.048821637918663674,2021-12-14,0.0,-0.048821637918663674,-10310.749999999985,5,-80187.3999999999,1526142.1,1798881.54,1891213.69,0.0,0,0.79888154
272739.44,0.0,0.024738538369791785,2021-12-15,0.0,-0.025290875511798983,0.0,5,44501.69999999995,1570643.8,1843383.24,1798881.54,0.0,0,0.8433832400000001
272739.44,0.0,-0.007461389309365907,2021-12-16,0.0,-0.03256355975299663,0.0,5,-13754.200000000186,1556889.5999999999,1829629.0399999998,1843383.24,0.0,0,0.8296290399999997
272739.44,0.0,-0.056672362393198505,2021-12-17,0.0,-0.08739046828706065,0.0,5,-103689.3999999999,1453200.2,1725939.64,1829629.0399999998,0.0,0,0.72593964
272739.44,0.0,-0.02183135442674,2021-12-20,0.0,-0.10731397042710711,0.0,5,-37679.60000000009,1415520.5999999999,1688260.0399999998,1725939.64,0.0,0,0.6882600399999999
272739.44,0.0,0.011103561984443955,2021-12-21,0.0,-0.09740197576509724,0.0,5,18745.699999999953,1434266.2999999998,1707005.7399999998,1688260.0399999998,0.0,0,0.7070057399999998
272739.44,0.0,0.03712365958417929,2021-12-22,0.0,-0.06389423397204796,0.0,5,63370.30000000005,1497636.5999999999,1770376.0399999998,1707005.7399999998,0.0,0,0.7703760399999997
272739.44,0.0,0.0020247675742381954,2021-12-23,0.0,-0.06199883737093703,0.0,5,3584.600000000326,1501221.2000000002,1773960.6400000001,1770376.0399999998,0.0,0,0.7739606400000001
272739.44,0.0,0.0034844065085906095,2021-12-24,0.0,-0.05873046001480675,0.0,5,6181.199999999721,1507402.4,1780141.8399999999,1773960.6400000001,0.0,0,0.7801418399999998
272739.44,0.0,-0.008161540655659216,2021-12-27,0.0,-0.06641266963332948,0.0,5,-14528.699999999953,1492873.7,1765613.14,1780141.8399999999,0.0,0,0.7656131399999999
272739.44,0.0,0.03314282085598874,2021-12-28,0.0,-0.03547095198956607,0.0,5,58517.39999999991,1551391.0999999999,1824130.5399999998,1765613.14,0.0,0,0.8241305399999999
615848.59,3104.0,0.018113204770970226,2021-12-29,0.0,-0.01800023983540422,3019.0499999999997,5,33125.80000000028,1241322.8,1857171.3900000001,1824130.5399999998,0.0,0,0.8571713900000002
406600.29,1283.0,-0.012370640708610159,2021-12-30,0.0,-0.030148206044341763,-8236.349999999999,6,-13455.050000000047,1427596.7,1834196.99,1857171.3900000001,0.0,0,0.8341969899999999
409465.09,42.0,-0.04466532245263344,2022-01-03,0.0,-0.0734669491526363,15.600000000000222,6,-81898.59999999986,1342806.9000000001,1752271.9900000002,1834196.99,0.0,0,0.7522719900000001
411460.32,36.0,-0.0016756359838863144,2022-01-04,0.0,-0.07501948127289615,23.725000000000207,6,-2923.9000000001397,1337875.5,1749335.82,1752271.9900000002,0.0,0,0.74933582
711899.22,2725.0,-0.026169303501714203,2022-01-05,0.0,-0.09922557720063885,-786.6999999999999,4,-42267.19999999995,991657.7,1703556.92,1749335.82,0.0,0,0.70355692
442156.42,1594.0,-0.004508155794406887,2022-01-06,0.0,-0.10328640863423522,11024.900000000012,5,-17110.79999999993,1253720.6,1695877.02,1703556.92,0.0,0,0.69587702
863863.42,3813.0,-0.016991798143476178,2022-01-07,0.0,-0.11852318497123393,14802.59999999996,4,-39805.60000000009,803197.5999999999,1667061.02,1695877.02,0.0,0,0.66706102
553381.24,1829.0,-0.0065053287611511745,2022-01-10,0.0,-0.12425748144832849,16710.325,5,-25726.099999999977,1102835.0,1656216.24,1667061.02,0.0,0,0.65621624
823423.24,2450.0,-0.04925313979532031,2022-01-11,0.0,-0.16739055013925996,15314.399999999985,4,-94438.25,751219.15,1574642.3900000001,1656216.24,0.0,0,0.5746423900000002
920484.06,5153.0,-0.014656743744844936,2022-01-12,0.0,-0.1795938934854051,19698.075000000026,5,-37624.20000000007,631079.2,1551563.26,1574642.3900000001,0.0,0,0.55156326
731068.51,5291.0,-0.004499172015712594,2022-01-13,0.0,-0.1832850416813553,-13459.249999999944,6,11769.5,813514.0000000001,1544582.5100000002,1551563.26,0.0,0,0.5445825100000004
496900.71,1541.0,-0.03772987174378939,2022-01-14,0.0,-0.21409959230995212,-7495.950000000021,6,-49239.950000000186,989404.8999999999,1486305.6099999999,1544582.5100000002,0.0,0,0.48630560999999983
549566.01,491.0,-0.007071055864479869,2022-01-17,0.0,-0.21965673799664587,111.90000000000003,5,-10130.649999999907,926229.8500000001,1475795.86,1486305.6099999999,0.0,0,0.47579586000000007
542201.76,3599.0,0.0005284606232733857,2022-01-18,0.0,-0.21924435731004044,16846.10000000005,5,-12467.20000000007,934374.0,1476575.76,1475795.86,0.0,0,0.47657576
341652.41,1210.0,-0.007840132767722219,2022-01-19,0.0,-0.22536558520787797,-4275.849999999989,6,-6090.699999999953,1123346.7999999998,1464999.2099999997,1476575.76,0.0,0,0.4649992099999998
342021.81,23.0,-0.00711529393930499,2022-01-20,0.0,-0.2308773367646254,-9.599999999999966,5,-10391.299999999814,1112553.5,1454575.31,1464999.2099999997,0.0,0,0.45457531000000007
558539.31,1962.0,-0.017128985916858408,2022-01-21,0.0,-0.2440516280315208,1603.5,5,-24556.899999999907,871120.6000000001,1429659.9100000001,1454575.31,0.0,0,0.42965991000000026
536486.51,3195.0,-0.006757061544797938,2022-01-24,0.0,-0.24915961770560158,-8014.599999999999,5,1549.2999999998137,883513.1,1419999.6099999999,1429659.9100000001,0.0,0,0.41999960999999986
300213.66,1584.0,-0.023912295299855724,2022-01-25,0.0,-0.2671139346500818,6509.450000000016,6,-38880.90000000002,1085830.5,1386044.16,1419999.6099999999,0.0,0,0.38604415999999997
302364.06,36.0,-0.013162856225302222,2022-01-26,0.0,-0.27676080855781027,19.199999999999932,5,-18227.5,1065435.8,1367799.86,1386044.16,0.0,0,0.3677998600000001
302364.06,0.0,0.008691841802060063,2022-02-07,0.0,-0.2704745279207449,0.0,5,11888.699999999953,1077324.5,1379688.56,1367799.86,0.0,0,0.37968855999999995
464396.46,1470.0,0.01600578611741188,2022-02-08,0.0,-0.25879789924744034,533.5999999999992,5,23019.399999999907,937375.1,1401771.56,1379688.56,0.0,0,0.40177156
213621.88,1581.0,0.024596782374440407,2022-02-09,0.0,-0.2405667124797516,5830.175000000019,6,30229.900000000023,1222628.75,1436250.63,1401771.56,0.0,0,0.43625063
219272.08,63.0,0.009701196789031252,2022-02-10,0.0,-0.23319930070937678,10.799999999999386,6,13985.549999999814,1230911.9,1450183.98,1436250.63,0.0,0,0.45018398000000004
242194.93,207.0,0.010391509082868122,2022-02-11,0.0,-0.22523108427794858,474.25,5,14802.350000000093,1223058.65,1465253.5799999998,1450183.98,0.0,0,0.46525357999999994
242194.93,0.0,-0.008835228370504877,2022-02-14,0.0,-0.23207634458272142,0.0,5,-12945.84999999986,1210112.8,1452307.73,1465253.5799999998,0.0,0,0.45230773
242194.93,0.0,-0.009603853034645948,2022-02-15,0.0,-0.23945137051117693,0.0,5,-13947.750000000233,1196165.0499999998,1438359.9799999997,1452307.73,0.0,0,0.43835997999999976
242194.93,0.0,-0.007393802766953894,2022-02-16,0.0,-0.24507471707229445,0.0,5,-10634.94999999972,1185530.1,1427725.03,1438359.9799999997,0.0,0,0.42772502999999995
242194.93,0.0,-0.0027688104620537946,2022-02-17,0.0,-0.24716496209373362,0.0,5,-3953.100000000093,1181577.0,1423771.93,1427725.03,0.0,0,0.42377193
242194.93,0.0,0.008175677406422777,2022-02-18,0.0,-0.2410100256835599,0.0,5,11640.300000000047,1193217.3,1435412.23,1423771.93,0.0,0,0.43541223000000007
446742.93,1852.0,-0.013468186766111057,2022-02-21,0.0,-0.25123224441125946,948.3000000000059,5,-18428.699999999953,969336.9,1416079.83,1435412.23,0.0,0,0.41607983000000015
201395.73,1571.0,-0.007051368000912994,2022-02-22,0.0,-0.2565120814031333,4498.9,5,-12913.20000000007,1204698.7999999998,1406094.5299999998,1416079.83,0.0,0,0.40609452999999984
408637.58,1886.0,0.016866149105921213,2022-02-23,0.0,-0.2439723033096276,128.14999999999299,5,25473.250000000233,1021172.35,1429809.93,1406094.5299999998,0.0,0,0.42980993
135294.55,1666.0,-0.002680272335218614,2022-02-24,0.0,-0.24599866342972587,7762.975000000004,6,-9929.25,1290683.1,1425977.6500000001,1429809.93,0.0,0,0.4259776500000001
136810.15,31.0,-0.015386461351620917,2022-02-25,0.0,-0.25760007585393485,17.100000000000108,6,-21926.850000000093,1267226.75,1404036.9,1425977.6500000001,0.0,0,0.4040368999999999
137445.35,24.0,0.0037784619478307135,2022-03-01,0.0,-0.2547949459904766,-6.399999999999977,6,5335.5,1271896.65,1409342.0,1404036.9,0.0,0,0.4093420000000001
367220.73,2106.0,0.010634345673370849,2022-03-02,0.0,-0.24687017784859633,3190.624999999981,6,13902.800000000047,1057108.7,1424329.43,1409342.0,0.0,0,0.42432943
97796.93,1667.0,0.02246723919760618,2022-03-03,0.0,-0.22994942998747014,8708.49999999996,7,24959.250000000233,1358533.25,1456330.18,1424329.43,0.0,0,0.4563301799999999
100629.46,62.0,0.003642601157932468,2022-03-04,0.0,-0.227144442889476,80.97499999999971,7,5285.8499999996275,1361005.5499999998,1461635.0099999998,1456330.18,0.0,0,0.46163500999999973
107387.61,91.0,-0.01898442484625462,2022-03-07,0.0,-0.24181666113045097,25.40000000000036,7,-27682.69999999972,1326499.1,1433886.7100000002,1461635.0099999998,0.0,0,0.4338867100000001
112187.66,76.0,-0.026619711120692613,2022-03-08,0.0,-0.26199928258768057,79.1499999999997,7,-38172.80000000005,1283529.4,1395717.0599999998,1433886.7100000002,0.0,0,0.39571705999999973
114966.41,62.0,0.041952951409793826,2022-03-09,0.0,-0.23103797434968865,-9.150000000000105,7,58625.60000000009,1339305.1,1454271.51,1395717.0599999998,0.0,0,0.4542715100000001
116379.74,51.0,0.06372505365246406,2022-03-10,0.0,-0.182035828008415,-12.375000000000078,6,92736.8999999999,1430565.3,1546945.04,1454271.51,0.0,0,0.54694504
116531.82,21.0,0.03851221501702473,2022-03-11,11936.1,-0.15053421594045246,-1.574999999999985,5,47662.74999999986,1478053.4,1606521.32,1546945.04,11936.1,0,0.6065213200000001
116531.82,0.0,-0.010088008044611518,2022-03-14,0.0,-0.15910363360366742,0.0,5,-16206.59999999986,1461846.8,1590314.7200000002,1606521.32,11936.1,0,0.5903147200000003
116531.82,0.0,-0.04997249852532348,2022-03-15,0.0,-0.20112532603335798,0.0,5,-79472.00000000023,1382374.7999999998,1510842.72,1590314.7200000002,11936.1,0,0.5108427199999999
116531.82,0.0,0.02255873463784508,2022-03-16,0.0,-0.18310372425444943,0.0,5,34082.700000000186,1416457.5,1544925.4200000002,1510842.72,11936.1,0,0.5449254200000002
116531.82,0.0,0.03444917101564671,2022-03-17,0.0,-0.15496232474924598,0.0,5,53221.39999999991,1469678.9,1598146.82,1544925.4200000002,11936.1,0,0.59814682
116531.82,0.0,0.02774319570964079,2022-03-18,0.0,-0.1315182791427444,0.0,5,44337.700000000186,1514016.6,1642484.5200000003,1598146.82,11936.1,0,0.6424845200000002
116531.82,0.0,0.03747578698641241,2022-03-21,0.0,-0.09897124317030515,0.0,5,61553.399999999674,1575569.9999999998,1704037.92,1642484.5200000003,11936.1,0,0.70403792
116531.82,0.0,0.02723900651224964,2022-03-22,0.0,-0.07442811499529689,0.0,5,46416.30000000028,1621986.3,1750454.2200000002,1704037.92,11936.1,0,0.7504542200000002
116531.82,0.0,-0.018293423292155442,2022-03-23,0.0,-0.0913599932750061,0.0,5,-32021.799999999814,1589964.5000000002,1718432.4200000004,1750454.2200000002,11936.1,0,0.7184324200000003
116531.82,0.0,0.011251533534266,2022-03-24,0.0,-0.0811363997687643,0.0,5,19334.999999999767,1609299.5,1737767.4200000002,1718432.4200000004,11936.1,0,0.7377674200000002
116531.82,0.0,-0.03699499671826045,2022-03-25,0.0,-0.11512975564384786,0.0,5,-64288.69999999995,1545010.8,1673478.7200000002,1737767.4200000002,11936.1,0,0.6734787200000003
116531.82,0.0,-0.03957307565882873,2022-03-28,0.0,-0.15014679277200016,0.0,5,-66224.69999999995,1478786.1,1607254.0200000003,1673478.7200000002,11936.1,0,0.6072540200000003
116531.82,0.0,0.003391249878472724,2022-03-29,0.0,-0.14726472818626846,0.0,5,5450.59999999986,1484236.7,1612704.62,1607254.0200000003,11936.1,0,0.6127046200000001
116531.82,0.0,-1.916035932225668e-05,2022-03-30,0.0,-0.14728106690048326,0.0,5,-30.899999999906868,1484205.8,1612673.7200000002,1612704.62,11936.1,0,0.6126737200000003
288135.02,1548.0,0.003720715433993549,2022-03-31,0.0,-0.14410834240524129,2497.600000000011,5,5050.699999999953,1318602.9,1618674.02,1612673.7200000002,11936.1,0,0.61867402
292389.52,52.0,0.015784339332264086,2022-04-01,0.0,-0.13059865805011162,24.300000000000153,5,25577.399999999907,1339898.1,1644223.7200000002,1618674.02,11936.1,0,0.6442237200000003
297167.77,56.0,0.006755984520159908,2022-04-06,0.0,-0.12472499604209186,45.75,5,11118.59999999986,1346228.2,1655332.07,1644223.7200000002,11936.1,0,0.65533207
311554.47,39.0,-0.024965564764295456,2022-04-07,0.0,-0.1465767308399719,22.400000000000546,4,-41309.70000000005,1302451.2999999998,1614005.7699999998,1655332.07,0.0,0,0.6140057699999999
311554.47,0.0,0.022524764579992862,2022-04-08,0.0,-0.12735357261505442,0.0,4,36355.10000000009,1338806.4,1650360.8699999999,1614005.7699999998,0.0,0,0.6503608699999999
311554.47,0.0,-0.027068079964838287,2022-04-11,0.0,-0.15097443589254056,0.0,4,-44672.10000000009,1294134.2999999998,1605688.7699999998,1650360.8699999999,0.0,0,0.6056887699999998
311554.47,0.0,0.005580844910561433,2022-04-12,0.0,-0.14623615589415495,0.0,4,8961.100000000093,1303095.4,1614649.8699999999,1605688.7699999998,0.0,0,0.6146498699999998
311554.47,0.0,0.006282724315953558,2022-04-13,0.0,-0.1408721930307093,0.0,4,10144.40000000014,1313239.8,1624794.27,1614649.8699999999,0.0,0,0.62479427
311554.47,0.0,0.03773456192703106,2022-04-14,0.0,-0.1084533815953922,0.0,4,61310.90000000014,1374550.7000000002,1686105.1700000002,1624794.27,0.0,0,0.6861051700000003
311554.47,0.0,0.017620846272596413,2022-04-15,0.0,-0.09274357568763159,0.0,4,29710.59999999986,1404261.3,1715815.77,1686105.1700000002,0.0,0,0.7158157700000001
311554.47,0.0,0.016052714097621212,2022-04-18,0.0,-0.07817964769491503,0.0,4,27543.499999999767,1431804.7999999998,1743359.2699999998,1715815.77,0.0,0,0.7433592699999998
311554.47,0.0,-0.04428002955466537,2022-04-19,0.0,-0.1189978801390762,0.0,4,-77195.99999999977,1354608.8,1666163.27,1743359.2699999998,0.0,0,0.66616327
538150.47,2059.0,0.014349974237518826,2022-04-20,0.0,-0.10635552241587243,2717.5000000000173,3,23250.90000000014,1151922.2000000002,1690072.6700000002,1666163.27,0.0,0,0.6900726700000002
538150.47,0.0,-0.00242320941146279,2022-04-21,0.0,-0.10852101012445603,0.0,3,-4095.4000000001397,1147826.8,1685977.27,1690072.6700000002,0.0,0,0.68597727
538150.47,0.0,-0.019068999666881692,2022-04-22,0.0,-0.12552062268542485,0.0,3,-32149.90000000014,1115676.9,1653827.3699999999,1685977.27,0.0,0,0.6538273699999999
538150.47,0.0,-0.03249752723586852,2022-04-25,0.0,-0.15393904006691062,0.0,3,-53745.299999999814,1061931.6,1600082.07,1653827.3699999999,0.0,0,0.60008207
538150.47,0.0,0.030041021583349092,2022-04-26,0.0,-0.1285225045087317,0.0,3,48068.09999999986,1109999.7,1648150.17,1600082.07,0.0,0,0.6481501699999999
538150.47,0.0,0.009869185645868805,2022-04-27,0.0,-0.11992173131953154,0.0,3,16265.90000000014,1126265.6,1664416.07,1648150.17,0.0,0,0.6644160700000001
538150.47,0.0,-0.020471984508056318,2022-04-28,0.0,-0.13793868000183507,0.0,3,-34073.89999999991,1092191.7000000002,1630342.1700000002,1664416.07,0.0,0,0.6303421700000003
538150.47,0.0,0.00820177521384946,2022-04-29,0.0,-0.1308682468346557,0.0,3,13371.69999999972,1105563.4,1643713.8699999999,1630342.1700000002,0.0,0,0.6437138699999998
538150.47,0.0,-0.00908077754433012,2022-05-03,0.0,-0.13876063894186386,0.0,3,-14926.199999999953,1090637.2,1628787.67,1643713.8699999999,0.0,0,0.6287876699999999
538150.47,0.0,-0.0028032505918956785,2022-05-04,0.0,-0.14117490869051397,0.0,3,-4565.899999999907,1086071.3,1624221.77,1628787.67,0.0,0,0.6242217700000001
538150.47,0.0,0.003706698254635432,2022-05-05,0.0,-0.13799150322352005,0.0,3,6020.499999999767,1092091.7999999998,1630242.2699999998,1624221.77,0.0,0,0.6302422699999999
752405.47,1942.0,-0.029012129589793934,2022-05-06,0.0,-0.16300020543950267,-500.0,3,-44854.799999999814,830540.0,1582945.47,1630242.2699999998,0.0,0,0.5829454700000001
766492.22,126.0,-0.016491313500521243,2022-05-09,0.0,-0.1768034314514717,173.75,3,-26152.599999999977,790348.4,1556840.62,1582945.47,0.0,0,0.55684062
777930.22,106.0,0.0024937042046089264,2022-05-10,0.0,-0.17475062270726271,-166.5,3,4154.79999999993,782792.7,1560722.92,1556840.62,0.0,0,0.5607229199999999
779158.22,29.0,-0.032047456572240174,2022-05-11,0.0,-0.20119776628732,15.0,2,-50003.19999999995,731547.5,1510705.72,1560722.92,0.0,0,0.51070572
779158.22,0.0,-0.021684104035827767,2022-05-12,0.0,-0.2185190770271973,0.0,2,-32758.300000000047,698789.2,1477947.42,1510705.72,0.0,0,0.47794742
1230210.52,4077.0,0.009982763798187078,2022-05-13,0.0,-0.2107177375603706,-1786.5,2,20617.5,262490.9,1492701.42,1477947.42,0.0,0,0.49270141999999995
1230451.12,22.0,-0.0012234864759489428,2022-05-16,0.0,-0.21168341373417188,-2.599999999999966,1,-1801.7000000000116,260424.0,1490875.12,1492701.42,0.0,0,0.4908751200000001
1230451.12,0.0,-0.0036391377971348726,2022-05-17,0.0,-0.21455220641936013,0.0,1,-5425.5,254998.5,1485449.62,1490875.12,0.0,0,0.48544962
1230451.12,0.0,0.001704467095962503,2022-05-18,0.0,-0.21321343649960567,0.0,1,2531.9000000000233,257530.40000000002,1487981.52,1485449.62,0.0,0,0.48798151999999995
1230451.12,0.0,0.0004861619517964044,2022-05-19,0.0,-0.2128309308082471,0.0,1,723.3999999999942,258253.80000000002,1488704.9200000002,1487981.52,0.0,0,0.4887049200000002
1230451.12,0.0,-0.0004859257132032724,2022-05-20,0.0,-0.21321343649960567,0.0,1,-723.3999999999942,257530.40000000002,1487981.52,1488704.9200000002,0.0,0,0.48798151999999995
1230451.12,0.0,0.005347781469759116,2022-05-23,0.0,-0.20900587389466274,0.0,1,7957.400000000023,265487.80000000005,1495938.9200000002,1487981.52,0.0,0,0.49593892000000017
1230451.12,0.0,-0.0026596674147630894,2022-05-24,0.0,-0.2111096551971341,0.0,1,-3978.70000000007,261509.09999999998,1491960.2200000002,1495938.9200000002,0.0,0,0.49196022000000017
1230451.12,0.0,0.00024243273724811054,2022-05-25,0.0,-0.21091840235145498,0.0,1,361.70000000004075,261870.80000000002,1492321.9200000002,1491960.2200000002,0.0,0,0.4923219200000002
1230451.12,0.0,-0.0009694959114452395,2022-05-26,0.0,-0.21168341373417188,0.0,1,-1446.8000000000175,260424.0,1490875.12,1492321.9200000002,0.0,0,0.4908751200000001
1230451.12,0.0,-0.00048521837295123493,2022-05-27,0.0,-0.2120659194255302,0.0,1,-723.4000000000233,259700.59999999998,1490151.7200000002,1490875.12,0.0,0,0.4901517200000003
1230451.12,0.0,0.0019418156964579047,2022-05-30,0.0,-0.21053589666009653,0.0,1,2893.5999999999767,262594.19999999995,1493045.32,1490151.7200000002,0.0,0,0.49304532
1230451.12,0.0,0.0,2022-05-31,0.0,-0.21053589666009653,0.0,1,0.0,262594.19999999995,1493045.32,1493045.32,0.0,0,0.49304532
1230451.12,0.0,-0.0014535392669794422,2022-06-01,0.0,-0.21168341373417188,0.0,1,-2170.1999999999534,260424.0,1490875.12,1493045.32,0.0,0,0.4908751200000001
1230451.12,0.0,-0.0012130459323782539,2022-06-02,0.0,-0.212639677962568,0.0,1,-1808.5,258615.5,1489066.62,1490875.12,0.0,0,0.48906662
1481695.92,2280.0,0.0002504253301978121,2022-06-06,0.0,-0.2124425029939372,1929.49999999999,1,723.4000000000233,7743.6,1489439.52,1489066.62,0.0,0,0.48943952000000013
1482671.72,28.0,-2.5110116589455167e-05,2022-06-07,0.0,-0.21246227865450784,1.4000000000001194,1,-10.800000000001091,6730.4,1489402.1199999999,1489439.52,0.0,0,0.48940211999999983
1482937.52,22.0,-3.195913270204187e-05,2022-06-08,0.0,-0.2124874476770523,2.6000000000000227,1,-28.199999999999818,6417.0,1489354.52,1489402.1199999999,0.0,0,0.48935452
1483483.12,24.0,-9.923762140917614e-05,2022-06-09,0.0,-0.21256559854957469,11.200000000000045,1,-135.0,5723.599999999999,1489206.7200000002,1489354.52,0.0,0,0.4892067200000001
1484594.27,29.0,-7.121241032292946e-05,2022-06-10,0.0,-0.21262167365127316,4.949999999999953,1,-82.0,4506.4,1489100.67,1489206.7200000002,0.0,0,0.48910067
1486305.87,33.0,-0.00016325289814012045,2022-06-13,0.0,-0.2127502154449823,65.0,1,-275.10000000000036,2551.7,1488857.57,1489100.67,0.0,0,0.48885756999999996
1487119.02,26.0,-1.0780077505989638e-05,2022-06-14,0.0,-0.21275870205867642,-5.850000000000037,1,15.800000000000182,1722.5,1488841.52,1488857.57,0.0,0,0.48884152000000003
1487326.27,22.0,-1.2056353721257018e-05,2022-06-15,0.0,-0.21276819331822827,1.40000000000002,1,2.6499999999998636,1497.3,1488823.57,1488841.52,0.0,0,0.4888235700000001
1488721.97,31.0,-2.659818181149909e-05,2022-06-16,0.0,-0.21278913225295026,62.699999999999875,1,-71.29999999999995,62.0,1488783.97,1488823.57,0.0,0,0.48878397000000007
1488762.62,21.0,-1.434056278815099e-05,2022-06-17,0.0,-0.21280042129982668,0.5499999999999972,0,-0.8999999999999986,0.0,1488762.62,1488783.97,0.0,0,0.48876262000000015
1488762.62,0.0,0.0,2022-06-20,0.0,-0.21280042129982668,0.0,0,0.0,0.0,1488762.62,1488762.62,0.0,0,0.48876262000000015
1488762.62,0.0,0.0,2022-06-21,0.0,-0.21280042129982668,0.0,0,0.0,0.0,1488762.62,1488762.62,0.0,0,0.48876262000000015
1488762.62,0.0,0.0,2022-06-22,0.0,-0.21280042129982668,0.0,0,0.0,0.0,1488762.62,1488762.62,0.0,0,0.48876262000000015
1488762.62,0.0,0.0,2022-06-23,0.0,-0.21280042129982668,0.0,0,0.0,0.0,1488762.62,1488762.62,0.0,0,0.48876262000000015
1488762.62,0.0,0.0,2022-06-24,0.0,-0.21280042129982668,0.0,0,0.0,0.0,1488762.62,1488762.62,0.0,0,0.48876262000000015
1488762.62,0.0,0.0,2022-06-27,0.0,-0.21280042129982668,0.0,0,0.0,0.0,1488762.62,1488762.62,0.0,0,0.48876262000000015
1488762.62,0.0,0.0,2022-06-28,0.0,-0.21280042129982668,0.0,0,0.0,0.0,1488762.62,1488762.62,0.0,0,0.48876262000000015
1488762.62,0.0,0.0,2022-06-29,0.0,-0.21280042129982668,0.0,0,0.0,0.0,1488762.62,1488762.62,0.0,0,0.48876262000000015
1488762.62,0.0,0.0,2022-06-30,0.0,-0.21280042129982668,0.0,0,0.0,0.0,1488762.62,1488762.62,0.0,0,0.48876262000000015
1488762.62,0.0,0.0,2022-07-01,0.0,-0.21280042129982668,0.0,0,0.0,0.0,1488762.62,1488762.62,0.0,0,0.48876262000000015
1488762.62,0.0,0.0,2022-07-04,0.0,-0.21280042129982668,0.0,0,0.0,0.0,1488762.62,1488762.62,0.0,0,0.48876262000000015
1488762.62,0.0,0.0,2022-07-05,0.0,-0.21280042129982668,0.0,0,0.0,0.0,1488762.62,1488762.62,0.0,0,0.48876262000000015
1488762.62,0.0,0.0,2022-07-06,0.0,-0.21280042129982668,0.0,0,0.0,0.0,1488762.62,1488762.62,0.0,0,0.48876262000000015
1488762.62,0.0,0.0,2022-07-07,0.0,-0.21280042129982668,0.0,0,0.0,0.0,1488762.62,1488762.62,0.0,0,0.48876262000000015
1488762.62,0.0,0.0,2022-07-08,0.0,-0.21280042129982668,0.0,0,0.0,0.0,1488762.62,1488762.62,0.0,0,0.48876262000000015
1488762.62,0.0,0.0,2022-07-11,0.0,-0.21280042129982668,0.0,0,0.0,0.0,1488762.62,1488762.62,0.0,0,0.48876262000000015
1488762.62,0.0,0.0,2022-07-12,0.0,-0.21280042129982668,0.0,0,0.0,0.0,1488762.62,1488762.62,0.0,0,0.48876262000000015
1488762.62,0.0,0.0,2022-07-13,0.0,-0.21280042129982668,0.0,0,0.0,0.0,1488762.62,1488762.62,0.0,0,0.48876262000000015
1488762.62,0.0,0.0,2022-07-14,0.0,-0.21280042129982668,0.0,0,0.0,0.0,1488762.62,1488762.62,0.0,0,0.48876262000000015
1488762.62,0.0,0.0,2022-07-15,0.0,-0.21280042129982668,0.0,0,0.0,0.0,1488762.62,1488762.62,0.0,0,0.48876262000000015
1488762.62,0.0,0.0,2022-07-18,0.0,-0.21280042129982668,0.0,0,0.0,0.0,1488762.62,1488762.62,0.0,0,0.48876262000000015
1488762.62,0.0,0.0,2022-07-19,0.0,-0.21280042129982668,0.0,0,0.0,0.0,1488762.62,1488762.62,0.0,0,0.48876262000000015
1488762.62,0.0,0.0,2022-07-20,0.0,-0.21280042129982668,0.0,0,0.0,0.0,1488762.62,1488762.62,0.0,0,0.48876262000000015
1488762.62,0.0,0.0,2022-07-21,0.0,-0.21280042129982668,0.0,0,0.0,0.0,1488762.62,1488762.62,0.0,0,0.48876262000000015
1488762.62,0.0,0.0,2022-07-22,0.0,-0.21280042129982668,0.0,0,0.0,0.0,1488762.62,1488762.62,0.0,0,0.48876262000000015
1488762.62,0.0,0.0,2022-07-25,0.0,-0.21280042129982668,0.0,0,0.0,0.0,1488762.62,1488762.62,0.0,0,0.48876262000000015
1488762.62,0.0,0.0,2022-07-26,0.0,-0.21280042129982668,0.0,0,0.0,0.0,1488762.62,1488762.62,0.0,0,0.48876262000000015
1488762.62,0.0,0.0,2022-07-27,0.0,-0.21280042129982668,0.0,0,0.0,0.0,1488762.62,1488762.62,0.0,0,0.48876262000000015
1488762.62,0.0,0.0,2022-07-28,0.0,-0.21280042129982668,0.0,0,0.0,0.0,1488762.62,1488762.62,0.0,0,0.48876262000000015
1488762.62,0.0,0.0,2022-07-29,0.0,-0.21280042129982668,0.0,0,0.0,0.0,1488762.62,1488762.62,0.0,0,0.48876262000000015
1488762.62,0.0,0.0,2022-08-01,0.0,-0.21280042129982668,0.0,0,0.0,0.0,1488762.62,1488762.62,0.0,0,0.48876262000000015
1488762.62,0.0,0.0,2022-08-02,0.0,-0.21280042129982668,0.0,0,0.0,0.0,1488762.62,1488762.62,0.0,0,0.48876262000000015
1488762.62,0.0,0.0,2022-08-03,0.0,-0.21280042129982668,0.0,0,0.0,0.0,1488762.62,1488762.62,0.0,0,0.48876262000000015
1488762.62,0.0,0.0,2022-08-04,0.0,-0.21280042129982668,0.0,0,0.0,0.0,1488762.62,1488762.62,0.0,0,0.48876262000000015
1488762.62,0.0,0.0,2022-08-05,0.0,-0.21280042129982668,0.0,0,0.0,0.0,1488762.62,1488762.62,0.0,0,0.48876262000000015
1488762.62,0.0,0.0,2022-08-08,0.0,-0.21280042129982668,0.0,0,0.0,0.0,1488762.62,1488762.62,0.0,0,0.48876262000000015
1488762.62,0.0,0.0,2022-08-09,0.0,-0.21280042129982668,0.0,0,0.0,0.0,1488762.62,1488762.62,0.0,0,0.48876262000000015
1488762.62,0.0,0.0,2022-08-10,0.0,-0.21280042129982668,0.0,0,0.0,0.0,1488762.62,1488762.62,0.0,0,0.48876262000000015
1488762.62,0.0,0.0,2022-08-11,0.0,-0.21280042129982668,0.0,0,0.0,0.0,1488762.62,1488762.62,0.0,0,0.48876262000000015
1488762.62,0.0,0.0,2022-08-12,0.0,-0.21280042129982668,0.0,0,0.0,0.0,1488762.62,1488762.62,0.0,0,0.48876262000000015
1488762.62,0.0,0.0,2022-08-15,0.0,-0.21280042129982668,0.0,0,0.0,0.0,1488762.62,1488762.62,0.0,0,0.48876262000000015
1488762.62,0.0,0.0,2022-08-16,0.0,-0.21280042129982668,0.0,0,0.0,0.0,1488762.62,1488762.62,0.0,0,0.48876262000000015
1488762.62,0.0,0.0,2022-08-17,0.0,-0.21280042129982668,0.0,0,0.0,0.0,1488762.62,1488762.62,0.0,0,0.48876262000000015
1488762.62,0.0,0.0,2022-08-18,0.0,-0.21280042129982668,0.0,0,0.0,0.0,1488762.62,1488762.62,0.0,0,0.48876262000000015
1488762.62,0.0,0.0,2022-08-19,0.0,-0.21280042129982668,0.0,0,0.0,0.0,1488762.62,1488762.62,0.0,0,0.48876262000000015
1488762.62,0.0,0.0,2022-08-22,0.0,-0.21280042129982668,0.0,0,0.0,0.0,1488762.62,1488762.62,0.0,0,0.48876262000000015
1488762.62,0.0,0.0,2022-08-23,0.0,-0.21280042129982668,0.0,0,0.0,0.0,1488762.62,1488762.62,0.0,0,0.48876262000000015
1488762.62,0.0,0.0,2022-08-24,0.0,-0.21280042129982668,0.0,0,0.0,0.0,1488762.62,1488762.62,0.0,0,0.48876262000000015
1488762.62,0.0,0.0,2022-08-25,0.0,-0.21280042129982668,0.0,0,0.0,0.0,1488762.62,1488762.62,0.0,0,0.48876262000000015
1488762.62,0.0,0.0,2022-08-26,0.0,-0.21280042129982668,0.0,0,0.0,0.0,1488762.62,1488762.62,0.0,0,0.48876262000000015
1488762.62,0.0,0.0,2022-08-29,0.0,-0.21280042129982668,0.0,0,0.0,0.0,1488762.62,1488762.62,0.0,0,0.48876262000000015
1488762.62,0.0,0.0,2022-08-30,0.0,-0.21280042129982668,0.0,0,0.0,0.0,1488762.62,1488762.62,0.0,0,0.48876262000000015
1488762.62,0.0,0.0,2022-08-31,0.0,-0.21280042129982668,0.0,0,0.0,0.0,1488762.62,1488762.62,0.0,0,0.48876262000000015
1488762.62,0.0,0.0,2022-09-01,0.0,-0.21280042129982668,0.0,0,0.0,0.0,1488762.62,1488762.62,0.0,0,0.48876262000000015
1488762.62,0.0,0.0,2022-09-02,0.0,-0.21280042129982668,0.0,0,0.0,0.0,1488762.62,1488762.62,0.0,0,0.48876262000000015
1488762.62,0.0,0.0,2022-09-05,0.0,-0.21280042129982668,0.0,0,0.0,0.0,1488762.62,1488762.62,0.0,0,0.48876262000000015
1488762.62,0.0,0.0,2022-09-06,0.0,-0.21280042129982668,0.0,0,0.0,0.0,1488762.62,1488762.62,0.0,0,0.48876262000000015
1488762.62,0.0,0.0,2022-09-07,0.0,-0.21280042129982668,0.0,0,0.0,0.0,1488762.62,1488762.62,0.0,0,0.48876262000000015
1488762.62,0.0,0.0,2022-09-08,0.0,-0.21280042129982668,0.0,0,0.0,0.0,1488762.62,1488762.62,0.0,0,0.48876262000000015
1488762.62,0.0,0.0,2022-09-12,0.0,-0.21280042129982668,0.0,0,0.0,0.0,1488762.62,1488762.62,0.0,0,0.48876262000000015
1488762.62,0.0,0.0,2022-09-13,0.0,-0.21280042129982668,0.0,0,0.0,0.0,1488762.62,1488762.62,0.0,0,0.48876262000000015
1488762.62,0.0,0.0,2022-09-14,0.0,-0.21280042129982668,0.0,0,0.0,0.0,1488762.62,1488762.62,0.0,0,0.48876262000000015
1488762.62,0.0,0.0,2022-09-15,0.0,-0.21280042129982668,0.0,0,0.0,0.0,1488762.62,1488762.62,0.0,0,0.48876262000000015
1488762.62,0.0,0.0,2022-09-16,0.0,-0.21280042129982668,0.0,0,0.0,0.0,1488762.62,1488762.62,0.0,0,0.48876262000000015
1488762.62,0.0,0.0,2022-09-19,0.0,-0.21280042129982668,0.0,0,0.0,0.0,1488762.62,1488762.62,0.0,0,0.48876262000000015
1488762.62,0.0,0.0,2022-09-20,0.0,-0.21280042129982668,0.0,0,0.0,0.0,1488762.62,1488762.62,0.0,0,0.48876262000000015
1488762.62,0.0,0.0,2022-09-21,0.0,-0.21280042129982668,0.0,0,0.0,0.0,1488762.62,1488762.62,0.0,0,0.48876262000000015
1488762.62,0.0,0.0,2022-09-22,0.0,-0.21280042129982668,0.0,0,0.0,0.0,1488762.62,1488762.62,0.0,0,0.48876262000000015
1488762.62,0.0,0.0,2022-09-23,0.0,-0.21280042129982668,0.0,0,0.0,0.0,1488762.62,1488762.62,0.0,0,0.48876262000000015
1488762.62,0.0,0.0,2022-09-26,0.0,-0.21280042129982668,0.0,0,0.0,0.0,1488762.62,1488762.62,0.0,0,0.48876262000000015
1488762.62,0.0,0.0,2022-09-27,0.0,-0.21280042129982668,0.0,0,0.0,0.0,1488762.62,1488762.62,0.0,0,0.48876262000000015
1488762.62,0.0,0.0,2022-09-28,0.0,-0.21280042129982668,0.0,0,0.0,0.0,1488762.62,1488762.62,0.0,0,0.48876262000000015
1488762.62,0.0,0.0,2022-09-29,0.0,-0.21280042129982668,0.0,0,0.0,0.0,1488762.62,1488762.62,0.0,0,0.48876262000000015
1488762.62,0.0,0.0,2022-09-30,0.0,-0.21280042129982668,0.0,0,0.0,0.0,1488762.62,1488762.62,0.0,0,0.48876262000000015
1488762.62,0.0,0.0,2022-10-03,0.0,-0.21280042129982668,0.0,0,0.0,0.0,1488762.62,1488762.62,0.0,0,0.48876262000000015
1488762.62,0.0,0.0,2022-10-04,0.0,-0.21280042129982668,0.0,0,0.0,0.0,1488762.62,1488762.62,0.0,0,0.48876262000000015
1488762.62,0.0,0.0,2022-10-05,0.0,-0.21280042129982668,0.0,0,0.0,0.0,1488762.62,1488762.62,0.0,0,0.48876262000000015
1488762.62,0.0,0.0,2022-10-06,0.0,-0.21280042129982668,0.0,0,0.0,0.0,1488762.62,1488762.62,0.0,0,0.48876262000000015
1488762.62,0.0,0.0,2022-10-07,0.0,-0.21280042129982668,0.0,0,0.0,0.0,1488762.62,1488762.62,0.0,0,0.48876262000000015
1488762.62,0.0,0.0,2022-10-11,0.0,-0.21280042129982668,0.0,0,0.0,0.0,1488762.62,1488762.62,0.0,0,0.48876262000000015
1488762.62,0.0,0.0,2022-10-12,0.0,-0.21280042129982668,0.0,0,0.0,0.0,1488762.62,1488762.62,0.0,0,0.48876262000000015
1488762.62,0.0,0.0,2022-10-13,0.0,-0.21280042129982668,0.0,0,0.0,0.0,1488762.62,1488762.62,0.0,0,0.48876262000000015
1488762.62,0.0,0.0,2022-10-14,0.0,-0.21280042129982668,0.0,0,0.0,0.0,1488762.62,1488762.62,0.0,0,0.48876262000000015
1488762.62,0.0,0.0,2022-10-17,0.0,-0.21280042129982668,0.0,0,0.0,0.0,1488762.62,1488762.62,0.0,0,0.48876262000000015
1488762.62,0.0,0.0,2022-10-18,0.0,-0.21280042129982668,0.0,0,0.0,0.0,1488762.62,1488762.62,0.0,0,0.48876262000000015
1488762.62,0.0,0.0,2022-10-19,0.0,-0.21280042129982668,0.0,0,0.0,0.0,1488762.62,1488762.62,0.0,0,0.48876262000000015
1488762.62,0.0,0.0,2022-10-20,0.0,-0.21280042129982668,0.0,0,0.0,0.0,1488762.62,1488762.62,0.0,0,0.48876262000000015
1488762.62,0.0,0.0,2022-10-21,0.0,-0.21280042129982668,0.0,0,0.0,0.0,1488762.62,1488762.62,0.0,0,0.48876262000000015
1488762.62,0.0,0.0,2022-10-24,0.0,-0.21280042129982668,0.0,0,0.0,0.0,1488762.62,1488762.62,0.0,0,0.48876262000000015
1488762.62,0.0,0.0,2022-10-25,0.0,-0.21280042129982668,0.0,0,0.0,0.0,1488762.62,1488762.62,0.0,0,0.48876262000000015
1488762.62,0.0,0.0,2022-10-26,0.0,-0.21280042129982668,0.0,0,0.0,0.0,1488762.62,1488762.62,0.0,0,0.48876262000000015
1488762.62,0.0,0.0,2022-10-27,0.0,-0.21280042129982668,0.0,0,0.0,0.0,1488762.62,1488762.62,0.0,0,0.48876262000000015
1488762.62,0.0,0.0,2022-10-28,0.0,-0.21280042129982668,0.0,0,0.0,0.0,1488762.62,1488762.62,0.0,0,0.48876262000000015
1488762.62,0.0,0.0,2022-10-31,0.0,-0.21280042129982668,0.0,0,0.0,0.0,1488762.62,1488762.62,0.0,0,0.48876262000000015
1488762.62,0.0,0.0,2022-11-01,0.0,-0.21280042129982668,0.0,0,0.0,0.0,1488762.62,1488762.62,0.0,0,0.48876262000000015
1488762.62,0.0,0.0,2022-11-02,0.0,-0.21280042129982668,0.0,0,0.0,0.0,1488762.62,1488762.62,0.0,0,0.48876262000000015
1488762.62,0.0,0.0,2022-11-03,0.0,-0.21280042129982668,0.0,0,0.0,0.0,1488762.62,1488762.62,0.0,0,0.48876262000000015
1488762.62,0.0,0.0,2022-11-04,0.0,-0.21280042129982668,0.0,0,0.0,0.0,1488762.62,1488762.62,0.0,0,0.48876262000000015
1488762.62,0.0,0.0,2022-11-07,0.0,-0.21280042129982668,0.0,0,0.0,0.0,1488762.62,1488762.62,0.0,0,0.48876262000000015
1488762.62,0.0,0.0,2022-11-08,0.0,-0.21280042129982668,0.0,0,0.0,0.0,1488762.62,1488762.62,0.0,0,0.48876262000000015
1488762.62,0.0,0.0,2022-11-09,0.0,-0.21280042129982668,0.0,0,0.0,0.0,1488762.62,1488762.62,0.0,0,0.48876262000000015
1488762.62,0.0,0.0,2022-11-10,0.0,-0.21280042129982668,0.0,0,0.0,0.0,1488762.62,1488762.62,0.0,0,0.48876262000000015
1488762.62,0.0,0.0,2022-11-11,0.0,-0.21280042129982668,0.0,0,0.0,0.0,1488762.62,1488762.62,0.0,0,0.48876262000000015
1488762.62,0.0,0.0,2022-11-14,0.0,-0.21280042129982668,0.0,0,0.0,0.0,1488762.62,1488762.62,0.0,0,0.48876262000000015
1488762.62,0.0,0.0,2022-11-15,0.0,-0.21280042129982668,0.0,0,0.0,0.0,1488762.62,1488762.62,0.0,0,0.48876262000000015
200310.97,7626.0,-0.005008219510508671,2022-11-16,0.0,-0.21674288958853716,169.95000000004077,5,0.0,1280995.6,1481306.57,1488762.62,0.0,0,0.4813065700000001
200310.97,0.0,-0.007631506015665646,2022-11-17,0.0,-0.22272032093845517,0.0,5,-11304.600000000093,1269691.0,1470001.97,1481306.57,0.0,0,0.47000197
200310.97,0.0,-0.01513984365612775,2022-11-18,0.0,-0.23448821375653206,0.0,5,-22255.59999999986,1247435.4000000001,1447746.37,1470001.97,0.0,0,0.44774637000000017
200310.97,0.0,-0.010372811364741996,2022-11-21,0.0,-0.24242872311272223,0.0,5,-15017.199999999953,1232418.2000000002,1432729.1700000002,1447746.37,0.0,0,0.4327291700000002
200310.97,0.0,-0.003532279586378695,2022-11-22,0.0,-0.24510467666929803,0.0,5,-5060.800000000279,1227357.4,1427668.3699999999,1432729.1700000002,0.0,0,0.4276683699999999
200310.97,0.0,0.015531828305476836,2022-11-23,0.0,-0.23337977211871808,0.0,5,22174.300000000047,1249531.7,1449842.67,1427668.3699999999,0.0,0,0.44984267
200310.97,0.0,0.009763611109610881,2022-11-24,0.0,-0.225894790344924,0.0,5,14155.699999999953,1263687.4,1463998.3699999999,1449842.67,0.0,0,0.4639983699999999
200310.97,0.0,-0.013560875754253687,2022-11-25,0.0,-0.23639233491377698,0.0,5,-19853.09999999986,1243834.3,1444145.27,1463998.3699999999,0.0,0,0.4441452699999999
200310.97,0.0,0.004853528343446989,2022-11-28,0.0,-0.23268614346800753,0.0,5,7009.199999999953,1250843.5,1451154.47,1444145.27,0.0,0,0.45115446999999986
200310.97,0.0,-0.0007234929304251736,2022-11-29,0.0,-0.23324128961862578,0.0,5,-1049.8999999999069,1249793.6,1450104.57,1451154.47,0.0,0,0.45010457000000015
423020.1,2023.0,0.011817547751056257,2022-11-30,0.0,-0.22418008194515548,3166.874999999995,5,15992.799999999814,1044221.15,1467241.25,1450104.57,0.0,0,0.46724125000000005
166664.45,1554.0,0.013420015283785114,2022-12-01,0.0,-0.21376856678739464,11709.5,6,9534.900000000023,1320267.2,1486931.65,1467241.25,0.0,0,0.4869316499999998
434914.6,2455.0,0.017445690930044,2022-12-02,0.0,-0.20005221620408198,402.4499999999772,5,27993.100000000093,1077957.6,1512872.2000000002,1486931.65,0.0,0,0.5128722000000001
158271.85,1680.0,-0.002473870562232694,2022-12-05,0.0,-0.20203118347773796,-11932.750000000007,5,9870.09999999986,1350857.7,1509129.55,1512872.2000000002,0.0,0,0.5091295500000002
158271.85,0.0,-0.018626366437526798,2022-12-06,0.0,-0.21689444306000116,0.0,5,-28109.59999999986,1322748.1,1481019.9500000002,1509129.55,0.0,0,0.4810199500000001
158271.85,0.0,-0.03685959800879124,2022-12-07,0.0,-0.24575939908726008,0.0,5,-54589.80000000005,1268158.3,1426430.1500000001,1481019.9500000002,0.0,0,0.42643015000000006
158271.85,0.0,0.0058681457343003895,2022-12-08,0.0,-0.2413334053223778,0.0,5,8370.5,1276528.8,1434800.6500000001,1426430.1500000001,0.0,0,0.4348006500000001
158271.85,0.0,0.0023210192997891177,2022-12-09,0.0,-0.23957252551402575,0.0,5,3330.1999999999534,1279859.0,1438130.85,1434800.6500000001,0.0,0,0.43813085000000007
409031.05,2264.0,-0.01674030565438478,2022-12-12,0.0,-0.25230231386491286,-8577.000000000035,5,-13233.75,1005025.0499999999,1414056.0999999999,1438130.85,0.0,0,0.4140560999999998
185341.55,1376.0,-0.0027297361116011,2022-12-13,0.0,-0.2543433312393164,-20.5,5,-2463.4999999998836,1224854.55,1410196.1,1414056.0999999999,0.0,0,0.41019610000000006
436414.8,2262.0,0.026807406430921166,2022-12-14,0.0,-0.234354209861922,-1322.4500000000005,5,41388.14999999991,1011585.0,1447999.8,1410196.1,0.0,0,0.44799980000000006
209572.8,1533.0,-0.004439917740320154,2022-12-15,0.0,-0.2377536141883575,1262.400000000018,5,-6158.400000000023,1231998.0,1441570.8,1447999.8,0.0,0,0.44157080000000004
303581.8,846.0,-0.026164583799838437,2022-12-16,0.0,-0.2576974736260501,1281.0,5,-38153.10000000009,1100270.9,1403852.7,1441570.8,0.0,0,0.40385270000000006
391588.8,793.0,-0.008306320171624693,2022-12-19,0.0,-0.26386327607431814,555.0,5,-11422.84999999986,1000603.05,1392191.85,1403852.7,0.0,0,0.3921918500000001
200553.97,1736.0,-0.0384798833580301,2022-12-20,0.0,-0.2921897313465407,-9661.525000000018,5,-42173.84999999998,1138066.5,1338620.47,1392191.85,0.0,0,0.33862046999999995
630360.67,3907.0,0.017627587900250985,2022-12-21,0.0,-0.27971274361915166,-543.9999999999969,5,28047.649999999907,731856.45,1362217.12,1338620.47,0.0,0,0.36221712000000017
632142.9,53.0,-0.023675058495814527,2022-12-22,0.0,-0.2967655865477581,-0.17499999999984084,5,-32197.399999999907,697823.65,1329966.55,1362217.12,0.0,0,0.32996654999999997
464078.25,4268.0,-0.007568461026331907,2022-12-23,0.0,-0.30208798879834675,6332.7500000000355,6,-12130.550000000047,855822.5,1319900.75,1329966.55,0.0,0,0.31990074999999996
465870.9,53.0,0.014025221214549521,2022-12-26,0.0,-0.29229961845295227,19.30000000000021,6,18545.599999999977,872541.75,1338412.65,1319900.75,0.0,0,0.33841265
468209.35,58.0,-0.020335357708999635,2022-12-27,0.0,-0.3066909588625071,31.85000000000018,5,-27190.949999999953,842986.2,1311195.5499999998,1338412.65,0.0,0,0.3111955499999999
292495.55,1103.0,-0.033637812452917304,2022-12-28,0.0,-0.33001235836020193,-3530.899999999977,6,-39471.84999999986,974594.25,1267089.8,1311195.5499999998,0.0,0,0.26708980000000015
293276.55,26.0,0.010333916349101635,2022-12-29,0.0,-0.32308876211656434,7.9999999999998295,5,13112.0,986907.25,1280183.8,1267089.8,0.0,0,0.2801838000000001
293276.55,0.0,-0.0003625651254139939,2022-12-30,0.0,-0.3233341865244217,0.0,5,-464.14999999990687,986443.1000000001,1279719.6500000001,1280183.8,0.0,0,0.2797196500000001
293276.55,0.0,-0.013043481828227121,2023-01-03,0.0,-0.3321602647662729,0.0,5,-16692.000000000116,969751.1,1263027.65,1279719.6500000001,0.0,0,0.26302764999999995
474934.8,1653.0,0.010913814911336361,2023-01-04,0.0,-0.3248715855054961,3491.2499999999745,5,11946.20000000007,801877.3,1276812.1,1263027.65,0.0,0,0.2768121000000001
476804.98,34.0,-0.013910989721980349,2023-01-05,0.0,-0.3342632899405461,20.47500000000018,5,-17748.20000000007,782245.4,1259050.38,1276812.1,0.0,0,0.2590503799999999
478339.13,32.0,-0.015425554297517352,2023-01-06,0.0,-0.3445326477094187,29.150000000000038,5,-19418.70000000007,761289.7,1239628.83,1259050.38,0.0,0,0.23962883000000001
243700.38,1418.0,0.012396412238976362,2023-01-09,0.0,-0.3364072042012344,12068.25,5,4716.70000000007,1011295.4,1254995.78,1239628.83,0.0,0,0.25499578
243700.38,0.0,0.005776752492347104,2023-01-10,0.0,-0.3325737928642003,0.0,5,7249.79999999993,1018545.2,1262245.58,1254995.78,0.0,0,0.2622455800000001
462999.13,1990.0,0.0035426149006596575,2023-01-11,0.0,-0.3302093588377102,4561.25,5,1900.4000000000233,803718.1,1266717.23,1262245.58,0.0,0,0.26671723
253073.73,1368.0,-0.0001327052289324948,2023-01-12,0.0,-0.33029824355808246,-12083.8,5,13283.70000000007,1013475.4,1266549.1300000001,1266717.23,0.0,0,0.26654913
253073.73,0.0,-0.005111605895619764,2023-01-13,0.0,-0.3337214950046179,0.0,5,-6474.100000000093,1007001.2999999999,1260075.03,1266549.1300000001,0.0,0,0.2600750300000001
253073.73,0.0,0.013979564375622866,2023-01-16,0.0,-0.3244072117519411,0.0,5,17615.300000000047,1024616.6,1277690.33,1260075.03,0.0,0,0.27769033
253073.73,0.0,-0.006754140496625594,2023-01-17,0.0,-0.3289702603622755,0.0,5,-8629.699999999953,1015986.9,1269060.6300000001,1277690.33,0.0,0,0.26906063
474145.83,2009.0,0.02213117272419063,2023-01-30,0.0,-0.3141195852912845,-2609.1999999999944,5,32703.999999999884,823000.6000000001,1297146.4300000002,1269060.6300000001,0.0,0,0.2971464300000002
243228.28,1403.0,0.020592008259237016,2023-01-31,0.0,-0.29999593012675363,931.4499999999999,5,27182.399999999907,1080629.0,1323857.28,1297146.4300000002,0.0,0,0.32385728000000014
356164.28,1033.0,-0.01231869949002351,2023-02-01,0.0,-0.3086190699053156,2322.5,5,-17597.700000000186,951384.7999999999,1307549.08,1323857.28,0.0,0,0.30754908000000003
227136.03,856.0,0.009025626785649887,2023-02-02,0.0,-0.30237892366356545,-4742.25,6,17399.70000000007,1092214.5,1319350.53,1307549.08,0.0,0,0.31935053000000013
398981.38,1575.0,-0.01964159592977932,2023-02-03,0.0,-0.3160813149570634,1596.8499999999997,5,-25936.0,894455.0,1293436.38,1319350.53,0.0,0,0.29343637999999994
157618.08,1482.0,0.0012313709623663627,2023-02-06,0.0,-0.3152391573476818,-7459.099999999972,5,10533.800000000047,1137411.0,1295029.08,1293436.38,0.0,0,0.29502908000000017
157618.08,0.0,0.02002433798629455,2023-02-07,0.0,-0.3015272747946319,0.0,5,25932.100000000093,1163343.1,1320961.1800000002,1295029.08,0.0,0,0.32096118000000007
157618.08,0.0,0.01512678820735669,2023-02-08,0.0,-0.29096162581183505,0.0,5,19981.899999999907,1183325.0,1340943.08,1320961.1800000002,0.0,0,0.3409430800000002
157618.08,0.0,-0.0014715016837254513,2023-02-09,0.0,-0.2920049769732789,0.0,5,-1973.1999999999534,1181351.8,1338969.8800000001,1340943.08,0.0,0,0.33896988000000006
157618.08,0.0,-0.0231439111983609,2023-02-10,0.0,-0.3083907509150908,0.0,5,-30989.0,1150362.8,1307980.8800000001,1338969.8800000001,0.0,0,0.3079808800000001
157618.08,0.0,0.005137766234013963,2023-02-13,0.0,-0.30483742426801064,0.0,5,6720.09999999986,1157082.9,1314700.98,1307980.8800000001,0.0,0,0.31470098
157618.08,0.0,0.009769750076553674,2023-02-14,0.0,-0.29804585964053587,0.0,5,12844.300000000047,1169927.2,1327545.28,1314700.98,0.0,0,0.32754528000000005
157618.08,0.0,0.0134400688765961,2023-02-15,0.0,-0.2886115476458929,0.0,5,17842.300000000047,1187769.5,1345387.58,1327545.28,0.0,0,0.34538758000000014
157618.08,0.0,0.026866830448962542,2023-02-16,0.0,-0.2694987947131452,0.0,5,36146.30000000005,1223915.8,1381533.8800000001,1345387.58,0.0,0,0.3815338800000001
363969.33,1858.0,0.015338494630330768,2023-02-17,0.0,-0.2582940058984027,-947.75,4,23996.399999999907,1038755.2,1402724.53,1381533.8800000001,0.0,0,0.40272452999999997
110224.33,1513.0,0.017884837303016266,2023-02-20,0.0,-0.24502871486722366,1280.0,5,25320.5,1317587.7,1427812.03,1402724.53,0.0,0,0.4278120300000001
110224.33,0.0,0.03261598797427134,2023-02-21,0.0,-0.22040458051041278,0.0,5,46569.5,1364157.2,1474381.53,1427812.03,0.0,0,0.47438153000000005
110224.33,0.0,0.013926720853590702,2023-02-22,0.0,-0.20954737272444335,0.0,5,20533.300000000047,1384690.5,1494914.83,1474381.53,0.0,0,0.49491483000000014
110224.33,0.0,0.06145908660227817,2023-02-23,0.0,-0.1609668762497165,0.0,5,91876.1000000001,1476566.6,1586790.9300000002,1494914.83,0.0,0,0.5867909300000003
110224.33,0.0,-0.026457612787086027,2023-02-24,0.0,-0.18316568975344083,0.0,5,-41982.700000000186,1434583.9,1544808.23,1586790.9300000002,0.0,0,0.5448082299999999
110224.33,0.0,-0.010267164358646497,2023-03-01,0.0,-0.19155226187052388,0.0,5,-15860.799999999814,1418723.1,1528947.4300000002,1544808.23,0.0,0,0.5289474300000001
110224.33,0.0,0.017481569003324093,2023-03-02,0.0,-0.1774193269508323,0.0,5,26728.399999999907,1445451.5,1555675.83,1528947.4300000002,0.0,0,0.55567583
110224.33,0.0,0.0066986320665531895,2023-03-03,0.0,-0.17190916167701809,0.0,5,10420.899999999907,1455872.4,1566096.73,1555675.83,0.0,0,0.5660967299999999
110224.33,0.0,0.02921045624046492,2023-03-06,0.0,-0.14772025048105475,0.0,5,45746.40000000014,1501618.8,1611843.1300000001,1566096.73,0.0,0,0.61184313
110224.33,0.0,-0.004433620038446273,2023-03-07,0.0,-0.15149893505688394,0.0,5,-7146.300000000047,1494472.5,1604696.83,1611843.1300000001,0.0,0,0.6046968300000002
110224.33,0.0,0.003253574072306309,2023-03-08,0.0,-0.14873827399166084,0.0,5,5221.0,1499693.5,1609917.83,1604696.83,0.0,0,0.6099178300000001
110224.33,0.0,-0.004517559756450407,2023-03-09,0.0,-0.1525838997072826,0.0,5,-7272.899999999907,1492420.6,1602644.9300000002,1609917.83,0.0,0,0.6026449300000001
110224.33,0.0,-0.01207322947073508,2023-03-10,0.0,-0.16281494874331193,0.0,5,-19349.100000000093,1473071.5,1583295.83,1602644.9300000002,0.0,0,0.5832958300000002
110224.33,0.0,-0.02272506458884571,2023-03-13,0.0,-0.18184003310593622,0.0,5,-35980.5,1437091.0,1547315.33,1583295.83,0.0,0,0.54731533
239345.83,1181.0,-0.01623482913466634,2023-03-14,0.0,-0.1951227203732857,2537.5,5,-26476.899999999907,1282849.1,1522194.9300000002,1547315.33,0.0,0,0.5221949300000002
23917.68,1324.0,0.01007646898416592,2023-03-15,0.0,-0.18701239942906722,-377.94999999998015,6,17040.299999999814,1513615.5999999999,1537533.2799999998,1522194.9300000002,0.0,0,0.5375332799999999
24404.68,24.0,-0.017490808394079127,2023-03-16,0.0,-0.20123220977741552,3.0,5,-26871.699999999953,1486235.9,1510640.5799999998,1537533.2799999998,0.0,0,0.5106405799999998
24404.68,0.0,0.029646628452149937,2023-03-17,0.0,-0.1775514378811418,0.0,5,44785.40000000014,1531021.3,1555425.98,1510640.5799999998,0.0,0,0.5554259799999999
346818.68,2904.0,0.024498497832728727,2023-03-20,0.0,-0.15740268356454212,4458.0,4,36551.59999999986,1246712.9,1593531.5799999998,1555425.98,0.0,0,0.5935315799999998
42926.28,1792.0,0.01862077938863327,2023-03-21,0.0,-0.14171286482174306,-644.8000000000092,5,32109.600000000093,1580278.1,1623204.3800000001,1593531.5799999998,0.0,0,0.6232043800000002
42926.28,0.0,0.01582111305047107,2023-03-22,0.0,-0.12813380702632282,0.0,5,25680.899999999907,1605959.0,1648885.28,1623204.3800000001,0.0,0,0.64888528
42926.28,0.0,0.0026815085643798753,2023-03-23,0.0,-0.12579589036287053,0.0,5,4421.5,1610380.5,1653306.78,1648885.28,0.0,0,0.6533067800000001
42926.28,0.0,-0.011347984673479639,2023-03-24,0.0,-0.13571634520052567,0.0,5,-18761.699999999953,1591618.8,1634545.08,1653306.78,0.0,0,0.6345450800000001
42926.28,0.0,-0.01490971420623044,2023-03-27,0.0,-0.1486025674867021,0.0,5,-24370.600000000093,1567248.2,1610174.48,1634545.08,0.0,0,0.61017448
42926.28,0.0,-0.011728542611108783,2023-03-28,0.0,-0.15858821855292304,0.0,5,-18885.0,1548363.2,1591289.48,1610174.48,0.0,0,0.5912894799999999
42926.28,0.0,0.023162473241512327,2023-03-29,0.0,-0.13909904068006196,0.0,5,36858.19999999995,1585221.4,1628147.68,1591289.48,0.0,0,0.6281476799999999
421759.78,3431.0,0.00281405676910107,2023-03-30,0.0,-0.13667641650796203,-3505.500000000014,5,11518.200000000186,1210969.6,1632729.3800000001,1628147.68,0.0,0,0.6327293800000002
301754.28,743.0,-0.0016321137064368996,2023-03-31,0.0,-0.13808545876166967,-2969.5,6,1047.6999999997206,1328310.2999999998,1630064.5799999998,1632729.3800000001,0.0,0,0.6300645799999998
302738.98,28.0,0.0006305271659849954,2023-04-06,0.0,-0.1375419982286613,-1.299999999999926,6,1057.1000000000931,1328353.4,1631092.38,1630064.5799999998,0.0,0,0.6310923799999999
305186.98,39.0,8.834570117977059e-05,2023-04-07,0.0,-0.13746580377175677,-86.99999999999974,5,270.10000000009313,1326049.5,1631236.48,1631092.38,0.0,0,0.6312364799999999
305186.98,0.0,0.012524057823915191,2023-04-10,0.0,-0.12666337562308994,0.0,5,20429.699999999953,1346479.2,1651666.18,1631236.48,0.0,0,0.6516661799999999
305186.98,0.0,-0.0055463386675387305,2023-04-11,0.0,-0.1315071963126494,0.0,5,-9160.699999999953,1337318.5,1642505.48,1651666.18,0.0,0,0.6425054800000001
305186.98,0.0,0.006854893415637164,2023-04-12,0.0,-0.12555377071112472,0.0,5,11259.199999999953,1348577.7,1653764.68,1642505.48,0.0,0,0.6537646799999999
305186.98,0.0,-0.008021818436707684,2023-04-13,0.0,-0.13256841959514365,0.0,5,-13266.199999999953,1335311.5,1640498.48,1653764.68,0.0,0,0.64049848
305186.98,0.0,0.03499466820597119,2023-04-14,0.0,-0.10221293924749453,0.0,5,57408.69999999995,1392720.2,1697907.18,1640498.48,0.0,0,0.6979071799999998
305186.98,0.0,0.0595060208179341,2023-04-17,0.0,-0.04878920372028406,0.0,5,101035.69999999995,1493755.9,1798942.88,1697907.18,0.0,0,0.7989428799999998
305186.98,0.0,-0.005653153367493169,2023-04-18,0.0,-0.054166544236468606,0.0,5,-10169.699999999953,1483586.2,1788773.18,1798942.88,0.0,0,0.78877318
305186.98,0.0,0.021515975546994914,2023-04-19,0.0,-0.033816014730730815,0.0,5,38487.200000000186,1522073.4000000001,1827260.3800000001,1788773.18,0.0,0,0.82726038
305186.98,0.0,-0.05576764051546956,2023-04-20,0.0,-0.08769781589303116,0.0,5,-101902.00000000023,1420171.4,1725358.38,1827260.3800000001,0.0,0,0.7253583799999999
305186.98,0.0,-0.035934041714858034,2023-04-21,0.0,-0.12048052063328707,0.0,5,-61999.09999999986,1358172.3,1663359.28,1725358.38,0.0,0,0.6633592800000001
305186.98,0.0,0.038323650678763865,2023-04-24,0.0,-0.08677412334086898,0.0,5,63746.0,1421918.3,1727105.28,1663359.28,0.0,0,0.72710528
305186.98,0.0,-0.01622089882094513,2023-04-25,0.0,-0.10158746788682571,0.0,5,-28015.200000000186,1393903.0999999999,1699090.0799999998,1727105.28,0.0,0,0.69909008
305186.98,0.0,-0.0161402860994867,2023-04-26,0.0,-0.11608810319049667,0.0,5,-27423.799999999814,1366479.3,1671666.28,1699090.0799999998,0.0,0,0.67166628
336856.98,285.0,0.0065472397995609555,2023-04-27,0.0,-0.11030092004040004,-275.0,5,11504.800000000047,1345754.1,1682611.08,1671666.28,0.0,0,0.68261108
64609.83,1908.0,0.04335478998509856,2023-04-28,0.0,-0.07172820327881613,3823.24999999998,6,71034.0,1690950.5,1755560.33,1682611.08,0.0,0,0.75556033
92890.83,255.0,0.0017091409214060604,2023-05-02,0.0,-0.07014165596485289,120.0,6,3135.5,1665670.0,1758560.83,1755560.33,0.0,0,0.75856083
107483.83,132.0,-0.009888824829562548,2023-05-03,0.0,-0.07933686224532355,-150.0,6,-17108.100000000093,1633686.9,1741170.73,1758560.83,0.0,0,0.7411707299999999
122076.83,132.0,-0.011688400022667467,2023-05-04,0.0,-0.0900979412855244,50.0,5,-20269.5,1598742.4,1720819.23,1741170.73,0.0,0,0.72081923
122076.83,0.0,-0.013667618068168519,2023-05-05,0.0,-0.10253413510347409,0.0,5,-23519.499999999767,1575222.9000000001,1697299.7300000002,1720819.23,0.0,0,0.6972997300000001
122076.83,0.0,0.014712722543118506,2023-05-08,0.0,-0.0893299688413316,0.0,5,24971.899999999907,1600194.8,1722271.6300000001,1697299.7300000002,0.0,0,0.72227163
122076.83,0.0,-0.031063334649482632,2023-05-09,0.0,-0.11761841677446816,0.0,5,-53499.5,1546695.3,1668772.1300000001,1722271.6300000001,0.0,0,0.66877213
446979.23,2935.0,0.006608152066873041,2023-05-10,0.0,-0.11178750509150559,-1761.8000000000438,5,15724.299999999814,1232820.4,1679799.63,1668772.1300000001,0.0,0,0.67979963
438286.23,194.0,-0.03307763557490484,2023-05-11,0.0,-0.14116747431116583,-22.499999999999382,6,-55347.30000000005,1185949.5999999999,1624235.8299999998,1679799.63,0.0,0,0.6242358299999999
730100.68,2632.0,0.02163949923454167,2023-05-12,0.0,-0.1225827685289228,-6575.3499999999985,6,44355.0,929282.8,1659383.48,1624235.8299999998,0.0,0,0.65938348
490764.53,1719.0,-0.01662397530919124,2023-05-15,0.0,-0.13716893092075688,-4511.649999999983,7,-21354.900000000023,1141033.4000000001,1631797.9300000002,1659383.48,0.0,0,0.6317979300000001
507482.73,187.0,0.010503077424543372,2023-05-16,0.0,-0.1281065493979161,425.50000000000057,6,16900.399999999907,1141454.0999999999,1648936.8299999998,1631797.9300000002,0.0,0,0.6489368299999998
201996.93,2020.0,0.022875952136989897,2023-05-17,0.0,-0.10816115655338776,5786.1999999999925,6,33954.80000000005,1484660.9,1686657.8299999998,1648936.8299999998,0.0,0,0.6866578299999999
486834.38,2567.0,0.026287400568970387,2023-05-18,0.0,-0.08471703163273936,-499.64999999998474,5,47404.50000000023,1244161.3,1730995.6800000002,1686657.8299999998,0.0,0,0.7309956800000001
181563.83,1849.0,0.002631693454024031,2023-05-19,0.0,-0.08230828743630769,-9785.35000000001,5,16189.800000000047,1553987.2999999998,1735551.13,1730995.6800000002,0.0,0,0.7355511299999999
495487.83,2844.0,0.02459783480997202,2023-05-22,0.0,-0.05973505828418568,-3776.0,4,49310.80000000028,1282754.1,1778241.9300000002,1735551.13,0.0,0,0.7782419300000001
185679.33,1826.0,0.028747213265857496,2023-05-23,0.0,-0.032705061478272124,17029.49999999999,5,35916.0,1643682.1,1829361.4300000002,1778241.9300000002,0.0,0,0.8293614300000001
185679.33,0.0,-0.02752616250360107,2023-05-24,0.0,-0.05933097914493202,0.0,5,-50355.30000000005,1593326.8,1779006.1300000001,1829361.4300000002,0.0,0,0.7790061300000002
185679.33,0.0,0.008623241787255598,2023-05-25,0.0,-0.051219362736317664,0.0,5,15340.800000000047,1608667.6,1794346.9300000002,1779006.1300000001,0.0,0,0.7943469300000001
185679.33,0.0,-0.03578717076747251,2023-05-26,0.0,-0.08517353742294442,0.0,5,-64214.60000000009,1544453.0,1730132.33,1794346.9300000002,0.0,0,0.73013233
469361.1,2571.0,0.024085134574648226,2023-05-29,0.0,-0.06313981895932663,363.27499999997974,5,43878.19999999995,1302441.7,1771802.7999999998,1730132.33,0.0,0,0.7718027999999999
153523.9,1917.0,-0.0042949474964142365,2023-05-30,0.0,-0.06716358424837754,-948.6000000000003,6,-4744.199999999953,1610669.1,1764193.0,1771802.7999999998,0.0,0,0.7641929999999999
154361.95,26.0,0.04285744246802925,2023-05-31,0.0,-0.02718460122821964,-1.6500000000000625,6,75636.44999999995,1685439.85,1839801.8,1764193.0,0.0,0,0.8398018
158561.28,52.0,0.015936977559213306,2023-06-01,0.0,-0.011680864048736805,-203.42500000000015,5,29576.300000000047,1710561.4000000001,1869122.6800000002,1839801.8,0.0,0,0.8691226800000003
158561.28,0.0,0.013925035675025788,2023-06-02,0.0,0.0,0.0,5,26027.59999999986,1736589.0,1895150.28,1869122.6800000002,0.0,0,0.89515028
158561.28,0.0,0.016031921225793333,2023-06-05,0.0,0.0,0.0,5,30382.90000000014,1766971.9000000001,1925533.1800000002,1895150.28,0.0,0,0.9255331800000002
158561.28,0.0,0.04054658772486053,2023-06-06,0.0,0.0,0.0,5,78073.79999999981,1845045.7,2003606.98,1925533.1800000002,0.0,0,1.0036069799999998
158561.28,0.0,0.07431225359376614,2023-06-07,0.0,0.0,0.0,5,148892.55000000005,1993938.25,2152499.53,2003606.98,0.0,0,1.1524995299999996
158561.28,0.0,0.06972041011316743,2023-06-08,0.0,0.0,0.0,5,150073.1499999999,2144011.4,2302572.6799999997,2152499.53,0.0,0,1.3025726799999995
158561.28,0.0,-0.046721543660459,2023-06-09,0.0,-0.046721543660459,0.0,5,-107579.75,2036431.65,2194992.9299999997,2302572.6799999997,0.0,0,1.1949929299999997
433271.88,2479.0,-0.06512203207870926,2023-06-12,0.0,-0.108800973874145,1646.7999999999654,4,-142110.19999999972,1618778.65,2052050.5299999998,2194992.9299999997,0.0,0,1.0520505299999998
57873.88,2212.0,0.0645690727703474,2023-06-13,0.0,-0.05125707910336186,1174.0,5,133537.0,2126675.65,2184549.53,2052050.5299999998,0.0,0,1.18454953
57873.88,0.0,-0.01401829053516579,2023-06-14,0.0,-0.06455683301167281,0.0,5,-30623.649999999907,2096052.0,2153925.88,2184549.53,0.0,0,1.15392588
57873.88,0.0,-0.0069329219443706736,2023-06-15,0.0,-0.0710421874717978,0.0,5,-14933.0,2081119.0,2138992.88,2153925.88,0.0,0,1.13899288
57873.88,0.0,-0.005451257042052293,2023-06-16,0.0,-0.07610617528911168,0.0,5,-11660.199999999953,2069458.8,2127332.68,2138992.88,0.0,0,1.1273326800000003
57873.88,0.0,0.03556133965844954,2023-06-19,0.0,-0.043251273180223704,0.0,5,75650.80000000005,2145109.6,2202983.48,2127332.68,0.0,0,1.2029834799999999
57873.88,0.0,0.02307752212467795,2023-06-20,0.0,-0.021171883269282876,0.0,5,50839.39999999991,2195949.0,2253822.88,2202983.48,0.0,0,1.25382288
57873.88,0.0,0.016186409466213192,2023-06-21,0.0,-0.005328170574837143,0.0,5,36481.299999999814,2232430.3,2290304.1799999997,2253822.88,0.0,0,1.2903041799999997
57873.88,0.0,-0.019053495330912718,2023-06-26,0.0,-0.024280145632579964,0.0,5,-43638.299999999814,2188792.0,2246665.88,2290304.1799999997,0.0,0,1.2466658799999997
57873.88,0.0,-0.05083221364451396,2023-06-27,0.0,-0.0738781457269787,0.0,5,-114203.0,2074589.0,2132462.88,2246665.88,0.0,0,1.1324628799999998
57873.88,0.0,0.04465573628179653,2023-06-28,0.0,-0.03252149243775426,0.0,5,95226.70000000019,2169815.7,2227689.58,2132462.88,0.0,0,1.2276895800000003
57873.88,0.0,0.010776164783245834,2023-06-29,0.0,-0.022095784616014802,0.0,5,24005.94999999972,2193821.65,2251695.53,2227689.58,0.0,0,1.2516955299999997
57873.88,0.0,0.01063785031362574,2023-06-30,0.0,-0.011692985951696322,0.0,5,23953.200000000186,2217774.85,2275648.73,2251695.53,0.0,0,1.27564873
57873.88,0.0,0.005361635932273234,2023-07-03,0.0,-0.006394043553057394,0.0,5,12201.19999999972,2229976.05,2287849.9299999997,2275648.73,0.0,0,1.2878499299999997
57873.88,0.0,-0.03527729198566787,2023-07-04,0.0,-0.04144577099733504,0.0,5,-80709.1499999999,2149266.9,2207140.78,2287849.9299999997,0.0,0,1.2071407799999996
57873.88,0.0,-0.006591922061265132,2023-07-05,0.0,-0.047764485766416565,0.0,5,-14549.299999999814,2134717.6,2192591.48,2207140.78,0.0,0,1.19259148
57873.88,0.0,-0.05366681439444443,2023-07-06,0.0,-0.0988679323685886,0.0,5,-117669.40000000014,2017048.2,2074922.0799999998,2192591.48,0.0,0,1.07492208
416114.88,3234.0,0.025310348039672137,2023-07-07,0.0,-0.07605996610712829,-9995.0,4,65746.0,1711324.2,2127439.08,2074922.0799999998,0.0,0,1.1274390800000003
25758.63,2300.0,-0.007823396757382306,2023-07-10,0.0,-0.08328831557230143,-21799.75,5,7455.949999999953,2085036.65,2110795.28,2127439.08,0.0,0,1.1107952799999996
372234.03,3139.0,-0.0040090813543983694,2023-07-11,0.0,-0.08696348729369974,6220.999999999989,5,-11544.34999999986,1730098.9,2102332.9299999997,2110795.28,0.0,0,1.1023329299999998
21731.38,2114.0,-0.004404606838365854,2023-07-12,0.0,-0.09098505416124358,10476.449999999946,5,-17622.399999999907,2071341.6,2093072.98,2102332.9299999997,0.0,0,1.09307298
423848.38,3621.0,-0.02003713697551046,2023-07-13,160.31,-0.10919911114380099,10805.0,5,-49283.49999999994,1627125.1,2051133.79,2093072.98,160.31,0,1.0511337900000002
52956.38,2391.0,0.027871853254389567,2023-07-14,0.0,-0.08437083949072122,12463.0,6,47096.89999999991,2055186.0,2108302.69,2051133.79,160.31,0,1.10830269
145637.88,864.0,-0.01799917069782786,2023-07-17,0.0,-0.10085140504663659,1571.4999999999911,6,-38655.19999999995,1924556.8,2070354.9900000002,2108302.69,160.31,0,1.0703549900000002
393961.08,2270.0,-0.029148527808750324,2023-07-18,0.0,-0.1270602628708335,10356.700000000017,5,-68434.5,1615885.8,2010007.1900000002,2070354.9900000002,160.31,0,1.01000719
178856.28,1316.0,-0.002586209654304783,2023-07-19,0.0,-0.12931786804662326,4367.2,6,-8249.5,1825792.3,2004808.8900000001,2010007.1900000002,160.31,0,1.00480889
182248.13,46.0,0.03199752371409326,2023-07-20,2914.67,-0.10145819588200777,-79.95000000000012,6,61360.19999999988,1883634.7,2068957.81,2004808.8900000001,3074.98,0,1.0689578100000001
184777.08,39.0,0.029181141204614347,2023-07-21,0.0,-0.07523772061779166,73.94999999999992,6,60339.60000000009,1941480.3,2129332.36,2068957.81,3074.98,0,1.1293323599999998
186415.08,33.0,0.04996152878642213,2023-07-24,0.0,-0.0290351833758401,71.00000000000023,6,106346.69999999995,2046227.0,2235717.06,2129332.36,3074.98,0,1.2357170600000003
188415.33,36.0,-0.015031754510116735,2023-07-25,0.0,-0.04363048813729509,-21.249999999999858,6,-33549.5,2010620.0,2202110.31,2235717.06,3074.98,0,1.2021103100000001
189425.33,28.0,-0.023258417059043746,2023-07-26,0.0,-0.06587412910675194,10.800000000000068,6,-51200.39999999991,1958392.4,2150892.71,2202110.31,3074.98,0,1.15089271
513266.53,2955.0,0.0026613600824376693,2023-07-27,0.0,-0.06338808380198424,-957.2000000000135,4,9636.5,1640275.5,2156617.0100000002,2150892.71,3074.98,0,1.1566170100000002
96079.15,2458.0,0.04223541759044158,2023-07-28,0.0,-0.02382988840117739,14009.625000000024,5,79534.0,2148548.5,2247702.63,2156617.0100000002,3074.98,0,1.24770263
96079.15,0.0,-0.0813391627343516,2023-07-31,0.0,-0.10323074796492415,0.0,5,-182826.25,1965722.25,2064876.38,2247702.63,3074.98,0,1.0648763799999998
96079.15,0.0,-0.014428103439296458,2023-08-01,0.0,-0.11616942749446668,0.0,5,-29792.25,1935930.0,2035084.13,2064876.38,3074.98,0,1.03508413
96079.15,0.0,-0.07459740743003096,2023-08-02,0.0,-0.18210089681077946,0.0,5,-151812.0,1784118.0,1883272.13,2035084.13,3074.98,0,0.8832721299999999
558019.65,4160.0,-0.00815495527988297,2023-08-04,0.0,-0.18877082742074391,5160.5,4,-16358.5,1306819.5,1867914.13,1883272.13,3074.98,0,0.86791413
162534.5,3034.0,0.04971992475906806,2023-08-07,0.0,-0.14843657399774235,-4146.2,5,100052.75,1795177.2,1960786.68,1867914.13,3074.98,0,0.96078668
162534.5,0.0,-0.006057390189941558,2023-08-08,0.0,-0.15359482594052132,0.0,5,-11877.25,1783299.95,1948909.43,1960786.68,3074.98,0,0.9489094299999998
162694.81,0.0,-0.011049153782379695,2023-08-09,0.0,-0.16294688687090642,0.0,5,-21533.8000000001,1761766.15,1927375.63,1948909.43,2914.67,0,0.9273756299999998
162694.81,0.0,-0.07002083449607588,2023-08-10,0.0,-0.2215580443697438,0.0,5,-134956.44999999995,1626809.7,1792419.18,1927375.63,2914.67,0,0.79241918
456741.81,2649.0,0.01942252146621204,2023-08-11,0.0,-0.20643873877631513,-3352.0,5,40814.30000000005,1367576.0,1827232.48,1792419.18,2914.67,0,0.8272324799999999
180907.88,1806.0,-0.011864965316290665,2023-08-14,0.0,-0.215854315617086,-9576.600000000008,6,-10297.449999999879,1624644.55,1805552.4300000002,1827232.48,0.0,0,0.8055524300000001
205680.13,223.0,0.041075849566993616,2023-08-15,0.0,-0.18364486544676628,-523.25,6,74910.84999999986,1674036.9,1879717.0299999998,1805552.4300000002,0.0,0,0.8797170299999999
222460.38,151.0,0.022167884492699574,2023-08-16,0.0,-0.165547999118968,-603.75,6,42424.10000000009,1698926.0,1921386.38,1879717.0299999998,0.0,0,0.92138638
239041.38,150.0,-0.004121893484016481,2023-08-17,0.0,-0.1689875213841241,-445.5,6,-7324.25,1674425.25,1913466.63,1921386.38,0.0,0,0.9134666299999998
257084.38,162.0,-0.019104775294670362,2023-08-18,0.0,-0.18486382805514745,715.0,6,-37109.35000000009,1619825.9,1876910.2799999998,1913466.63,0.0,0,0.8769102799999997
262615.38,62.0,0.009525015761541855,2023-08-21,0.0,-0.17709964316956972,-85.0,5,18024.600000000093,1632172.5,1894787.88,1876910.2799999998,0.0,0,0.89478788
262615.38,0.0,0.02465930381610848,2023-08-22,0.0,-0.15680749326010412,0.0,5,46724.14999999991,1678896.65,1941512.0299999998,1894787.88,0.0,0,0.9415120299999997
365883.58,942.0,0.013422219176257189,2023-08-23,0.0,-0.14548997862686353,371.3999999999975,5,26630.0,1601687.8499999999,1967571.43,1941512.0299999998,0.0,0,0.96757143
63774.08,2111.0,0.0005524831187451174,2023-08-24,0.0,-0.1450178762652563,-10826.249999999973,6,14024.30000000028,1904884.4000000001,1968658.4800000002,1967571.43,0.0,0,0.9686584800000002
65948.33,36.0,-0.0049686627210221435,2023-08-25,0.0,-0.14926599407059737,57.75,5,-9803.350000000093,1892928.55,1958876.8800000001,1968658.4800000002,0.0,0,0.95887688
65948.33,0.0,-0.010913319881543648,2023-08-28,0.0,-0.15855032641141198,0.0,5,-21377.850000000093,1871550.7,1937499.03,1958876.8800000001,0.0,0,0.9374990300000001
437195.58,3343.0,0.024599109089618487,2023-08-29,0.0,-0.13785141409738244,3553.9999999999795,5,47449.75,1547964.2,1985159.78,1937499.03,0.0,0,0.98515978
127040.56,2094.0,0.01938931081910189,2023-08-30,0.0,-0.12113494719306739,-488.124999999965,6,41073.0,1896610.1,2023650.6600000001,1985159.78,0.0,0,1.02365066
132444.64,61.0,-0.009875923940350417,2023-08-31,0.0,-0.1298145516084207,-163.625,5,-19760.800000000047,1871220.6,2003665.2400000002,2023650.6600000001,0.0,0,1.0036652400000001
132444.64,0.0,-0.01441962430810051,2023-09-01,0.0,-0.1423622988526032,0.0,5,-28892.100000000093,1842328.5,1974773.1400000001,2003665.2400000002,0.0,0,0.9747731400000001
132444.64,0.0,-0.00628431678992758,2023-09-04,0.0,-0.14775196585759875,0.0,5,-12410.100000000093,1829918.4,1962363.04,1974773.1400000001,0.0,0,0.9623630400000001
606321.64,4269.0,-0.0031317854416990087,2023-09-05,0.0,-0.15042102384364253,2938.0,4,-4814.699999999953,1349895.7,1956217.3399999999,1962363.04,0.0,0,0.9562173399999998
237762.39,2191.0,-0.007024551781143029,2023-09-06,0.0,-0.15638893535382337,1499.25,5,-13049.800000000047,1704713.4,1942475.79,1956217.3399999999,0.0,0,0.94247579
237762.39,0.0,0.022113531721288604,2023-09-07,0.0,-0.13773371531534007,0.0,5,42955.0,1747668.4,1985430.79,1942475.79,0.0,0,0.9854307900000001
237762.39,0.0,-0.002033412607648888,2023-09-08,0.0,-0.1394870584497684,0.0,5,-4037.1999999999534,1743631.2,1981393.5899999999,1985430.79,0.0,0,0.9813935899999999
506190.39,2425.0,-0.010582955403625749,2023-09-11,0.0,-0.14859382853443737,5551.200000000035,4,-24095.199999999953,1454234.2,1960424.5899999999,1981393.5899999999,0.0,0,0.9604245899999999
183294.29,1908.0,-0.037744859137886944,2023-09-12,0.0,-0.1807300345455326,-12245.75000000002,5,-59842.19999999995,1703134.35,1886428.6400000001,1960424.5899999999,0.0,0,0.8864286400000001
183294.29,0.0,0.025031426579698035,2023-09-13,0.0,-0.1602225385563073,0.0,5,47219.99999999977,1750354.3499999999,1933648.64,1886428.6400000001,0.0,0,0.9336486399999999
183294.29,0.0,0.022064918681400147,2023-09-14,0.0,-0.1416929171590795,0.0,5,42665.80000000005,1793020.15,1976314.44,1933648.64,0.0,0,0.9763144399999999
183294.29,0.0,0.011941242507948369,2023-09-15,0.0,-0.13144366413658637,0.0,5,23599.65000000014,1816619.8,1999914.09,1976314.44,0.0,0,0.9999140900000001
183294.29,0.0,0.0020643386736676206,2023-09-18,0.0,-0.1296506697022044,0.0,5,4128.5,1820748.3,2004042.59,1999914.09,0.0,0,1.00404259
183294.29,0.0,-0.006062495907334986,2023-09-19,0.0,-0.13492715895508656,0.0,5,-12149.5,1808598.8,1991893.09,2004042.59,0.0,0,0.99189309
462996.39,2537.0,-0.04177292467036975,2023-09-20,0.0,-0.1710637815784385,2515.4999999999645,5,-83185.70000000019,1445689.5,1908685.8900000001,1991893.09,0.0,0,0.9086858900000001
517982.89,514.0,0.00774933690110724,2023-09-21,0.0,-0.16464007555235993,-251.50000000000006,4,15556.550000000047,1405494.05,1923476.94,1908685.8900000001,0.0,0,0.92347694
517982.89,0.0,0.022744332978590354,2023-09-22,0.0,-0.14564037127375262,0.0,4,43748.19999999995,1449242.25,1967225.1400000001,1923476.94,0.0,0,0.96722514
517982.89,0.0,0.025865239806766693,2023-09-25,0.0,-0.1235421545955282,0.0,4,50882.75,1500125.0,2018107.8900000001,1967225.1400000001,0.0,0,1.01810789
517982.89,0.0,-0.013604228067311208,2023-09-26,0.0,-0.13546568701579487,0.0,4,-27454.800000000047,1472670.2,1990653.0899999999,2018107.8900000001,0.0,0,0.9906530899999999
517982.89,0.0,0.03941972631705526,2023-09-27,0.0,-0.10138598100625407,0.0,4,78471.00000000023,1551141.2000000002,2069124.0900000003,1990653.0899999999,0.0,0,1.0691240900000003
517982.89,0.0,0.022659781608361573,2023-09-28,0.0,-0.08102358358564365,0.0,4,46885.89999999991,1598027.1,2116009.99,2069124.0900000003,0.0,0,1.1160099900000002
517982.89,0.0,0.023575597580236307,2023-10-02,0.0,-0.05935816540653116,0.0,4,49886.19999999995,1647913.3,2165896.19,2116009.99,0.0,0,1.1658961899999998
120163.24,2343.0,-0.005470368365161571,2023-10-03,0.0,-0.06450382274143884,7147.349999999992,5,-16652.600000000093,2033884.7,2154047.94,2165896.19,0.0,0,1.1540479399999999
120163.24,0.0,0.003995291766812015,2023-10-04,0.0,-0.06076624256655361,0.0,5,8606.050000000047,2042490.75,2162653.99,2154047.94,0.0,0,1.1626539900000004
120163.24,0.0,-0.008781686801410116,2023-10-05,0.0,-0.0690142992576458,0.0,5,-18991.75,2023499.0,2143662.24,2162653.99,0.0,0,1.1436622400000003
120163.24,0.0,0.01911068322031939,2023-10-06,0.0,-0.05122252644811165,0.0,5,40966.85000000009,2064465.85,2184629.0900000003,2143662.24,0.0,0,1.1846290900000005
120163.24,0.0,-0.04202111489781568,2023-10-11,0.0,-0.09109121367669482,0.0,5,-91800.55000000028,1972665.2999999998,2092828.5399999998,2184629.0900000003,0.0,0,1.0928285399999997
383733.87,2393.0,0.03724066664343195,2023-10-12,0.0,-0.05724284455594231,361.9249999999802,5,79969.40000000014,1787033.0,2170766.87,2092828.5399999998,0.0,0,1.17076687
44935.9,2045.0,0.0015962008854502052,2023-10-13,0.0,-0.055738014749658005,716.8750000000101,6,4793.100000000093,2129295.95,2174231.85,2170766.87,0.0,0,1.17423185
46550.9,32.0,-0.0026290894414042754,2023-10-16,0.0,-0.058220563964999195,31.500000000000128,6,-5715.75,2121964.7,2168515.6,2174231.85,0.0,0,1.1685156
260653.13,1963.0,0.003361160971127042,2023-10-17,0.0,-0.055055091681188384,584.4250000000098,6,8667.299999999814,1915151.2000000002,2175804.33,2168515.6,0.0,0,1.17580433
353694.13,874.0,-0.02084778459835135,2023-10-18,0.0,-0.07475509958712778,-1731.3499999999979,5,-42755.35000000009,1776749.5,2130443.63,2175804.33,0.0,0,1.1304436299999998
53309.53,1798.0,-0.04337401783308381,2023-10-19,0.0,-0.11488668839760563,-1759.2999999999859,6,-88848.6000000001,1984728.2,2038037.73,2130443.63,0.0,0,1.03803773
395323.66,3110.0,-0.005720757681949351,2023-10-20,0.0,-0.11995020717435068,4601.025,5,-13150.149999999907,1631054.95,2026378.6099999999,2038037.73,0.0,0,1.02637861
55978.96,2109.0,-0.008129206417156087,2023-10-23,0.0,-0.12710431359760588,-4596.800000000065,6,-9767.050000000047,1953926.8,2009905.76,2026378.6099999999,0.0,0,1.00990576
58934.76,42.0,0.006276587813748957,2023-10-24,0.0,-0.12162550716965859,-44.200000000000074,5,12701.549999999814,1963586.3499999999,2022521.1099999999,2009905.76,0.0,0,1.02252111
58934.76,0.0,-0.014077455043225662,2023-10-25,0.0,-0.13399078460359382,0.0,5,-28471.949999999953,1935114.4,1994049.16,2022521.1099999999,0.0,0,0.9940491599999999
58934.76,0.0,-0.014866233287849306,2023-10-26,0.0,-0.14686507962910422,0.0,5,-29644.0,1905470.4,1964405.16,1994049.16,0.0,0,0.9644051599999999
58934.76,0.0,-0.007217553837009838,2023-10-27,0.0,-0.1530226268471142,0.0,5,-14178.199999999953,1891292.2,1950226.96,1964405.16,0.0,0,0.95022696
58934.76,0.0,-0.01157783194628792,2023-10-30,0.0,-0.16282878853578675,0.0,5,-22579.399999999907,1868712.8,1927647.56,1950226.96,0.0,0,0.92764756
58934.76,0.0,-0.028425891297266026,2023-10-31,0.0,-0.18662612639006892,0.0,5,-54795.10000000009,1813917.7,1872852.46,1927647.56,0.0,0,0.87285246
599788.64,4904.0,0.032780014075427966,2023-11-01,0.0,-0.15996371936455,-5332.625000000033,5,71628.75,1334455.95,1934244.5899999999,1872852.46,0.0,0,0.9342445899999998
604125.39,73.0,0.027638722773938307,2023-11-02,0.0,-0.13674618948401662,-34.84999999999964,5,53567.89999999991,1383579.2499999998,1987704.6399999997,1934244.5899999999,0.0,0,0.9877046399999996
607351.24,65.0,-0.017360401191194863,2023-11-03,0.0,-0.15173262196440185,20.850000000000072,5,-34463.19999999995,1345846.05,1953197.29,1987704.6399999997,0.0,0,0.9531972900000001
97650.57,3093.0,0.04153179016544706,2023-11-06,0.0,-0.11650255921563335,15863.275000000016,5,68349.49999999977,1936666.5,2034317.07,1953197.29,0.0,0,1.0343170700000002
649221.07,4967.0,0.01235011511750228,2023-11-07,0.0,-0.10559126411592779,1571.400000000001,5,28519.649999999907,1410220.05,2059441.12,2034317.07,0.0,0,1.0594411200000002
512429.67,1087.0,-0.00959320944315234,2023-11-08,0.0,-0.11417151444704876,-685.0,5,-17984.65000000014,1527254.8,2039684.47,2059441.12,0.0,0,1.03968447
512429.67,0.0,0.003107416903556537,2023-11-09,0.0,-0.11141887603738954,0.0,5,6338.149999999907,1533592.95,2046022.6199999999,2039684.47,0.0,0,1.04602262
839060.67,2959.0,-0.01657997309922199,2023-11-10,0.0,-0.1261515271691661,-5264.0,5,-25700.0,1173038.95,2012099.62,2046022.6199999999,0.0,0,1.0120996200000003
460792.05,2257.0,-0.0014688984435075048,2023-11-13,0.0,-0.12743512183076877,8859.975,5,-9558.550000000047,1548352.0,2009144.05,2012099.62,0.0,0,1.0091440500000002
782201.25,2907.0,0.03379603368907258,2023-11-14,0.0,-0.09794588981225982,2130.600000000009,5,68677.5,1294843.9,2077045.15,2009144.05,0.0,0,1.07704515
414696.6,2272.0,-0.015798428840124057,2023-11-15,0.0,-0.11219692748200227,-3518.150000000048,5,-27023.899999999907,1629534.5,2044231.1,2077045.15,0.0,0,1.0442311000000002
414696.6,0.0,0.019292339305472916,2023-11-16,0.0,-0.09506912937054379,0.0,5,39438.0,1668972.5,2083669.1,2044231.1,0.0,0,1.0836691000000003
414696.6,0.0,0.024243676695114402,2023-11-17,0.0,-0.07313027791157489,0.0,5,50515.80000000005,1719488.3,2134184.9,2083669.1,0.0,0,1.1341848999999997
414696.6,0.0,0.05586095187909912,2023-11-20,0.0,-0.021354452967799364,0.0,5,119217.59999999986,1838705.9,2253402.5,2134184.9,0.0,0,1.2534025
414696.6,0.0,-0.003316717719093587,2023-11-21,0.0,-0.02460034399435318,0.0,5,-7473.899999999907,1831232.0,2245928.6,2253402.5,0.0,0,1.2459286
414696.6,0.0,0.034531062118359435,2023-11-22,0.0,0.0,0.0,5,77554.30000000005,1908786.3,2323482.9,2245928.6,0.0,0,1.3234829000000001
563027.6,1335.0,-0.025145181830260044,2023-11-23,0.0,-0.025145181830260044,3377.0,4,-60466.40000000014,1702030.9,2265058.5,2323482.9,0.0,0,1.2650584999999999
156300.6,2410.0,0.028763716257218075,2023-11-24,0.0,0.0,8184.7999999999865,5,59376.700000000186,2173909.4,2330210.0,2265058.5,0.0,0,1.3302100000000001
156300.6,0.0,0.007946880324090966,2023-11-27,0.0,0.0,0.0,5,18517.899999999907,2192427.3,2348727.9,2330210.0,0.0,0,1.3487279
156300.6,0.0,0.06218076602232214,2023-11-28,0.0,0.0,0.0,5,146045.7000000002,2338473.0,2494773.6,2348727.9,0.0,0,1.4947736000000003
156300.6,0.0,-0.012784807406972742,2023-11-29,0.0,-0.012784807406972742,0.0,5,-31895.200000000186,2306577.8,2462878.4,2494773.6,0.0,0,1.4628783999999997
156300.6,0.0,-0.003067833150024679,2023-11-30,0.0,-0.01581341890101773,0.0,5,-7555.699999999721,2299022.1,2455322.7,2462878.4,0.0,0,1.4553227
219111.1,566.0,0.018527788628354136,2023-12-01,0.0,0.0,379.5,5,45678.19999999972,2281703.3,2500814.4,2455322.7,0.0,0,1.5008143999999999
62137.35,1751.0,-0.02500771348725439,2023-12-04,0.0,-0.02500771348725439,4667.75,6,-65456.39999999991,2376137.4,2438274.75,2500814.4,0.0,0,1.4382747500000002
80310.6,164.0,-0.004463012217962636,2023-12-05,0.0,-0.029359115974380123,112.75,5,-10830.799999999814,2347082.1,2427392.7,2438274.75,0.0,0,1.4273927000000004
80310.6,0.0,0.0011144055924696694,2023-12-06,0.0,-0.02827742834494218,0.0,5,2705.100000000093,2349787.2,2430097.8000000003,2427392.7,0.0,0,1.4300978000000004
780442.1,6325.0,-0.012040379609413399,2023-12-07,0.0,-0.03997733698270445,12763.5,4,-35697.80000000028,1620396.4,2400838.5,2430097.8000000003,0.0,0,1.4008384999999999
400396.3,2249.0,0.024621564507566696,2023-12-08,0.0,-0.016340077056498092,-6724.800000000019,5,68086.20000000019,2059554.6,2459950.9,2400838.5,0.0,0,1.4599509
400396.3,0.0,0.0012850662994938755,2023-12-11,0.0,-0.015076008839360555,0.0,5,3161.1999999997206,2062715.7999999998,2463112.0999999996,2459950.9,0.0,0,1.4631120999999996
400396.3,0.0,-0.01037910536024722,2023-12-12,0.0,-0.025298638715452126,0.0,5,-25564.899999999907,2037150.9,2437547.1999999997,2463112.0999999996,0.0,0,1.4375471999999996
400396.3,0.0,-0.018902895500854222,2023-12-13,0.0,-0.0437233166923543,0.0,5,-46076.69999999972,1991074.2000000002,2391470.5,2437547.1999999997,0.0,0,1.3914705
400396.3,0.0,-0.014489955029760915,2023-12-14,0.0,-0.057579722829490976,0.0,5,-34652.30000000005,1956421.9000000001,2356818.2,2391470.5,0.0,0,1.3568182000000002
684303.85,2577.0,-0.012100615142907611,2023-12-15,0.0,-0.06898358790640358,3907.150000000009,5,-29849.100000000093,1643995.4000000001,2328299.25,2356818.2,0.0,0,1.3282992500000002
1098204.15,3762.0,0.018746387518700613,2023-12-18,0.0,-0.05153039345902666,13590.600000000051,4,33818.59999999986,1273742.3,2371946.45,2328299.25,0.0,0,1.3719464500000003
208435.95,5286.0,0.004426280365646518,2023-12-19,0.0,-0.047332201062181944,23658.999999999935,5,-7874.100000000093,2174009.4,2382445.35,2371946.45,0.0,0,1.3824453500000002
208435.95,0.0,0.0003959377284352694,2023-12-20,0.0,-0.04695500393791696,0.0,5,943.3000000002794,2174952.7,2383388.6500000004,2382445.35,0.0,0,1.3833886500000006
208435.95,0.0,-0.012647580578182271,2023-12-21,0.0,-0.059008717320245596,0.0,5,-30144.100000000093,2144808.6,2353244.5500000003,2383388.6500000004,0.0,1,1.3532445500000003
208435.95,0.0,-0.020192121554047593,2023-12-22,0.0,-0.07800932768141433,0.0,5,-47517.0,2097291.6,2305727.5500000003,2353244.5500000003,0.0,0,1.3057275500000003
208435.95,0.0,-0.030677952388607266,2023-12-25,0.0,-0.10629411362954388,0.0,5,-70735.0,2026556.6,2234992.5500000003,2305727.5500000003,0.0,0,1.2349925500000003
368448.95,1441.0,-0.0061235550874655376,2023-12-26,0.0,-0.1117667708567256,568.5,4,-12813.600000000093,1852857.5,2221306.45,2234992.5500000003,0.0,0,1.2213064500000002
18328.2,2063.0,-0.030739905338140083,2023-12-27,0.0,-0.1390709762387804,8957.650000000036,5,-75177.3999999999,2134695.5,2153023.7,2221306.45,0.0,0,1.1530237000000003
410664.4,3553.0,0.01566717542403273,2023-12-28,0.0,-0.12558265019587211,-2605.400000000023,4,39890.200000000186,1776091.1,2186755.5,2153023.7,0.0,0,1.1867554999999999
47053.37,2160.0,-0.001518290453596638,2023-12-29,0.0,-0.12691026971053898,-6622.425000000051,5,5462.299999999814,2136382.0,2183435.37,2186755.5,0.0,0,1.1834353700000002
651342.37,5442.0,0.012331942758626147,2024-01-02,0.0,-0.11614337713346512,-7109.0,4,39477.0,1559018.9999999998,2210361.3699999996,2183435.37,0.0,0,1.2103613699999998
223849.74,2534.0,-0.02222551962170749,2024-01-03,0.0,-0.13578754984776142,14475.625000000013,5,-61068.04999999958,1937385.2000000002,2161234.9400000004,2210361.3699999996,0.0,0,1.1612349400000004
537501.64,2837.0,0.002266967792034613,2024-01-04,0.0,-0.13382840805779106,14219.30000000005,5,-6482.850000000326,1628632.75,2166134.39,2161234.9400000004,0.0,0,1.1661343900000003
142405.74,2358.0,0.014865190335674239,2024-01-05,0.0,-0.12095260248021611,-4983.05,5,39541.05000000005,2055928.65,2198334.3899999997,2166134.39,0.0,0,1.1983343899999999
142405.74,0.0,-0.016408377253289363,2024-01-08,0.0,-0.13537634380224295,0.0,5,-36071.10000000009,2019857.5499999998,2162263.29,2198334.3899999997,0.0,0,1.1622632899999998
142405.74,0.0,0.004870498448872995,2024-01-09,0.0,-0.13116519562587292,0.0,5,10531.30000000028,2030388.85,2172794.59,2162263.29,0.0,0,1.1727945899999996
142405.74,0.0,0.01945176971376772,2024-01-10,0.0,-0.11426482109188107,0.0,5,42264.69999999972,2072653.5499999998,2215059.29,2172794.59,0.0,0,1.2150592900000001
454973.72,2814.0,-0.002599939435481202,2024-01-11,0.0,-0.1165676789129173,-3428.824999999992,4,483.8000000002794,1754326.55,2209300.27,2215059.29,0.0,0,1.20930027
49575.02,2395.0,-0.0023927711736528856,2024-01-12,0.0,-0.11868153030468775,-172.39999999998113,5,-2718.9499999999534,2154438.9000000004,2204013.9200000004,2209300.27,0.0,0,1.2040139200000004
398233.55,3158.0,0.06056657754684225,2024-01-15,0.0,-0.06530308686642239,-2408.625000000034,4,139056.19999999925,1939269.95,2337503.5,2204013.9200000004,0.0,0,1.3375035
55921.55,2017.0,-0.049572011336025845,2024-01-16,0.0,-0.11163789284002845,-16925.200000000026,5,-96932.54999999981,2165707.2,2221628.75,2337503.5,0.0,0,1.2216287499999998
55921.55,0.0,-0.004780029066512648,2024-01-17,0.0,-0.11588428953384144,0.0,5,-10619.450000000186,2155087.75,2211009.3,2221628.75,0.0,0,1.2110092999999997
55921.55,0.0,0.010725011423516007,2024-01-18,0.0,-0.10640213843938195,0.0,5,23713.100000000093,2178800.85,2234722.4,2211009.3,0.0,0,1.2347223999999999
55921.55,0.0,0.0021616778889403943,2024-01-19,0.0,-0.10447046770044188,0.0,5,4830.75,2183631.6,2239553.15,2234722.4,0.0,0,1.2395531499999999
468421.05,3728.0,0.0033160186441656414,2024-01-22,0.0,-0.10150087507493566,-5076.5,5,16230.899999999907,1778558.5,2246979.55,2239553.15,0.0,0,1.2469795499999998
79316.0,2388.0,0.020332472540749436,2024-01-23,0.0,-0.08323216628950947,-2624.550000000037,6,50699.19999999995,2213350.2,2292666.2,2246979.55,0.0,0,1.2926662000000002
90940.0,108.0,0.04966466553220883,2024-01-24,0.0,-0.037701198457590346,-28.0,6,114000.5,2315590.7,2406530.7,2292666.2,0.0,0,1.4065307000000002
101651.0,101.0,-0.009679992862754783,2024-01-25,0.0,-0.04701624398835835,-51.0,5,-23143.200000000186,2281584.5,2383235.5,2406530.7,0.0,0,1.3832355
101651.0,0.0,-0.033408322425543036,2024-01-26,0.0,-0.07885383257550027,0.0,5,-79619.90000000037,2201964.5999999996,2303615.5999999996,2383235.5,0.0,0,1.3036155999999997
101651.0,0.0,0.03683244721905865,2024-01-29,0.0,-0.04492576498279921,0.0,5,84847.80000000028,2286812.4,2388463.4,2303615.5999999996,0.0,0,1.3884634
101651.0,0.0,0.04066830163694357,2024-01-30,0.0,-0.006084517907446463,0.0,5,97134.75,2383947.15,2485598.15,2388463.4,0.0,0,1.48559815
101651.0,0.0,0.016116482867514215,2024-01-31,0.0,0.0,0.0,5,40059.10000000009,2424006.25,2525657.25,2485598.15,0.0,0,1.52565725
101651.0,0.0,-0.01088914578571576,2024-02-01,0.0,-0.01088914578571576,0.0,5,-27502.25,2396504.0,2498155.0,2525657.25,0.0,0,1.4981550000000001
101651.0,0.0,-0.003528884316625791,2024-02-02,0.0,-0.014379603566556876,0.0,5,-8815.700000000186,2387688.3,2489339.3,2498155.0,0.0,0,1.4893392999999997
101651.0,0.0,-0.04756884688238339,2024-02-05,0.0,-0.06126442928865339,0.0,5,-118414.99999999953,2269273.3000000003,2370924.3000000003,2489339.3,0.0,0,1.3709243000000004
101651.0,0.0,0.02434516783180296,2024-02-15,0.0,-0.0384107542700024,0.0,5,57720.549999999814,2326993.85,2428644.85,2370924.3000000003,0.0,0,1.42864485
101651.0,0.0,0.05526876438932593,2024-02-16,0.0,0.0,0.0,5,134228.19999999972,2461222.05,2562873.05,2428644.85,0.0,0,1.5628730499999999
392657.7,2620.0,0.00016867788281604845,2024-02-19,0.0,0.0,8931.299999999988,5,-5879.0,2170647.65,2563305.35,2562873.05,0.0,0,1.5633053500000003
197365.45,1500.0,0.006542041509022711,2024-02-20,0.0,0.0,-6564.149999999999,5,24833.399999999907,2382709.15,2580074.6,2563305.35,0.0,0,1.5800746
197365.45,0.0,-0.024382705833389307,2024-02-21,0.0,-0.024382705833389307,0.0,5,-62909.19999999972,2319799.95,2517165.4000000004,2580074.6,0.0,0,1.5171654000000006
698603.7,4531.0,0.01762230245179719,2024-02-22,0.0,-0.007190082798381403,8046.749999999972,5,40842.499999999534,1862919.9499999997,2561523.6499999994,2517165.4000000004,0.0,0,1.5615236499999994
227477.3,2879.0,0.03248691457523756,2024-02-23,0.0,0.0,17245.1,6,68849.90000000037,2417262.35,2644739.65,2561523.6499999994,0.0,0,1.64473965
653115.95,3856.0,0.04465997248538267,2024-02-26,0.0,0.0,12927.449999999948,5,109042.54999999981,2109737.7,2762853.6500000004,2644739.65,0.0,0,1.7628536500000003
248902.1,2428.0,-0.03021908163684328,2024-02-27,0.0,-0.03021908163684328,13796.25,6,-94859.15000000014,2430460.65,2679362.75,2762853.6500000004,0.0,0,1.6793627500000001
250907.6,36.0,-0.00019446788233501433,2024-02-29,0.0,-0.03040767287836621,22.5,6,-507.54999999981374,2427934.1,2678841.7,2679362.75,0.0,0,1.6788417
251055.23,21.0,0.010586657658793408,2024-03-01,0.0,-0.02014293084253671,-0.1249999999999929,5,28381.100000000093,2456146.45,2707201.68,2678841.7,0.0,0,1.7072016800000003
251055.23,0.0,-0.006443480043939798,2024-03-04,0.0,-0.026456620313566215,0.0,5,-17443.80000000028,2438702.65,2689757.88,2707201.68,0.0,0,1.6897578799999997
251055.23,0.0,0.02361811093569499,2024-03-05,0.0,-0.0034633647714205074,0.0,5,63527.0,2502229.65,2753284.88,2689757.88,0.0,0,1.7532848799999998
251055.23,0.0,0.0077778184726022825,2024-03-06,0.0,0.0,0.0,5,21414.55000000028,2523644.2,2774699.43,2753284.88,0.0,0,1.77469943
251055.23,0.0,-0.028116829216345063,2024-03-07,0.0,-0.028116829216345063,0.0,5,-78015.75,2445628.45,2696683.68,2774699.43,0.0,0,1.69668368
902885.61,5885.0,-0.05543700624168135,2024-03-08,0.0,-0.08199512262126363,14916.875000000051,5,-158527.9500000002,1644302.0,2547187.61,2696683.68,0.0,0,1.54718761
454583.96,2669.0,0.010678856120849511,2024-03-11,0.0,-0.07219188061749804,9921.75,5,19948.299999999814,2119804.7,2574388.66,2547187.61,0.0,0,1.5743886600000003
454583.96,0.0,0.03688972899686416,2024-03-12,0.0,-0.03796529053238751,0.0,5,94968.5,2214773.2,2669357.16,2574388.66,0.0,0,1.6693571600000001
454583.96,0.0,-0.022515083743982922,2024-03-13,0.0,-0.05962558258066908,0.0,5,-60100.80000000028,2154672.4,2609256.36,2669357.16,0.0,0,1.6092563599999998
454583.96,0.0,-0.04323036315220463,2024-03-14,0.0,-0.10027831014474964,0.0,5,-112799.09999999986,2041873.3,2496457.2600000002,2609256.36,0.0,0,1.4964572600000001
454583.96,0.0,-0.047394242191032054,2024-03-15,0.0,-0.14291993781827395,0.0,5,-118317.69999999995,1923555.6,2378139.56,2496457.2600000002,0.0,0,1.3781395600000002
812977.71,3239.0,0.01970176636731935,2024-03-18,0.0,-0.12603394667508194,-13640.25,5,63732.799999999814,1612015.4,2424993.11,2378139.56,0.0,0,1.42499311
549709.46,1619.0,0.02682026176973351,2024-03-19,0.0,-0.10259394834704672,-8427.75,5,75085.70000000019,1940322.6,2490032.06,2424993.11,0.0,0,1.4900320599999999
1016160.46,4220.0,-0.01308196007725293,2024-03-20,0.0,-0.11433377848785597,3253.0000000000923,5,-31607.5,1441297.1,2457457.56,2490032.06,0.0,0,1.45745756
625561.36,2334.0,0.004001656085568239,2024-03-21,0.0,-0.1107896468627595,2599.9000000000005,6,9568.0,1841730.1,2467291.46,2457457.56,0.0,0,1.4672914599999998
1084996.76,4173.0,-0.005382339385230028,2024-03-22,0.0,-0.1155756787682044,8569.3,5,-17676.100000000093,1369014.9,2454011.66,2467291.46,0.0,0,1.45401166
657154.01,2556.0,-0.00045490818898552554,2024-03-25,0.0,-0.11597801063447077,9512.35,6,-8072.699999999953,1795741.3,2452895.31,2454011.66,0.0,0,1.4528953100000002
659658.81,39.0,-0.02151561454124995,2024-03-26,0.0,-0.13499828700364847,64.39999999999993,6,-52800.94999999995,1740460.9500000002,2400119.7600000002,2452895.31,0.0,0,1.4001197600000004
662126.86,39.0,0.010797211219160108,2024-03-27,0.0,-0.12565868080349163,40.94999999999993,6,25912.649999999907,1763907.5,2426034.36,2400119.7600000002,0.0,0,1.42603436
874460.61,1931.0,-0.01264798656850008,2024-03-28,27226.1,-0.13671733806497377,-6581.95,5,-49397.6,1493663.2,2395349.91,2426034.36,27226.1,0,1.3953499100000002
560600.61,2089.0,-0.002212996096257136,2024-03-29,0.0,-0.1386277792258025,-7180.0,5,3968.100000000093,1802222.3,2390049.0100000002,2395349.91,27226.1,0,1.3900490100000003
560600.61,0.0,0.014736810773599895,2024-04-01,0.0,-0.1259338998026176,0.0,5,35221.69999999995,1837444.0,2425270.71,2390049.0100000002,27226.1,0,1.42527071
560600.61,0.0,0.01213666576627248,2024-04-02,0.0,-0.1153256516868928,0.0,5,29434.699999999953,1866878.7,2454705.41,2425270.71,27226.1,0,1.4547054100000003
560600.61,0.0,0.0046308204453746615,2024-04-03,0.0,-0.11122888362722594,0.0,5,11367.300000000047,1878246.0,2466072.71,2454705.41,27226.1,0,1.4660727100000002
560600.61,0.0,-0.02222858222213564,2024-04-08,0.0,-0.13098500546417746,0.0,5,-54817.30000000005,1823428.7,2411255.41,2466072.71,27226.1,0,1.4112554100000003
560600.61,0.0,-0.0027835707375354346,2024-04-09,0.0,-0.13340397017344685,0.0,5,-6711.899999999907,1816716.8,2404543.5100000002,2411255.41,27226.1,0,1.4045435100000003
1030748.61,4235.0,0.015932421202059954,2024-04-10,0.0,-0.11959699721421724,-4140.5,4,46685.69999999995,1384879.0,2442853.71,2404543.5100000002,27226.1,0,1.44285371
598782.66,2545.0,-0.018372549210079248,2024-04-11,0.0,-0.13577224470760063,-8093.849999999966,5,-34242.60000000009,1771963.5,2397972.2600000002,2442853.71,27226.1,0,1.3979722600000004
598782.66,0.0,0.030217113520737637,2024-04-12,0.0,-0.10965777651815789,0.0,5,72459.80000000005,1844423.3,2470432.06,2397972.2600000002,27226.1,0,1.4704320600000003
793053.66,1749.0,0.0027017946002529936,2024-04-15,0.0,-0.10725225470637734,3580.0,5,4843.59999999986,1656826.9,2477106.66,2470432.06,27226.1,0,1.47710666
361138.06,2862.0,-0.015350974027093511,2024-04-16,0.0,-0.12095680215712612,4428.799999999999,5,-39592.80000000005,2050716.4999999998,2439080.6599999997,2477106.66,27226.1,0,1.4390806599999997
361138.06,0.0,0.024959650165895075,2024-04-17,0.0,-0.09901619145825824,0.0,5,60878.600000000326,2111595.1,2499959.2600000002,2439080.6599999997,27226.1,0,1.4999592600000002
361138.06,0.0,-0.02008592732027159,2024-04-18,0.0,-0.11711328675336918,0.0,5,-50214.0,2061381.1,2449745.2600000002,2499959.2600000002,27226.1,0,1.4497452600000003
361138.06,0.0,-0.04457712472520514,2024-04-19,0.0,-0.15646983788799063,0.0,5,-109202.6000000001,1952178.5,2340542.66,2449745.2600000002,27226.1,0,1.34054266
741334.46,3442.0,-0.03507276385212321,2024-04-22,0.0,-0.18605477206588827,12067.2,5,-90714.5,1489892.8,2258453.36,2340542.66,27226.1,0,1.2584533599999999
330297.66,2453.0,0.008283810651728452,2024-04-23,0.0,-0.17931220391680414,4411.1,6,16750.499999999767,1919638.2,2277161.96,2258453.36,27226.1,0,1.27716196
740302.11,3710.0,0.00866455717537118,2024-04-24,0.0,-0.17220130758451202,-11728.55,5,35169.15000000014,1529364.35,2296892.56,2277161.96,27226.1,0,1.2968925599999999
329553.68,2622.0,-0.019043872909754178,2024-04-25,0.0,-0.18796580067773327,-20735.875,6,-20383.850000000188,1923597.1500000001,2253150.83,2296892.56,0.0,0,1.25315083
712543.91,3470.0,0.020630700519947087,2024-04-26,0.0,-0.17121296629956062,-10712.075000000046,4,60666.15000000014,1587091.0,2299634.91,2253150.83,0.0,0,1.29963491
303864.51,2408.0,0.005322670979977406,2024-04-29,0.0,-0.16680160560670165,-3283.8000000000197,5,17932.0,2008010.6,2311875.1100000003,2299634.91,0.0,0,1.3118751100000003
548709.51,2206.0,-0.021532910573184183,2024-04-30,0.0,-0.18474279212289313,6693.5,5,-54268.90000000014,1713384.2,2262093.71,2311875.1100000003,0.0,0,1.2620937099999998
181692.76,2879.0,-0.006397833978327938,2024-05-02,0.0,-0.18995867238852615,-124.25,5,-11469.249999999767,2065928.4500000002,2247621.21,2262093.71,0.0,0,1.2476212100000001
181692.76,0.0,0.012029584824926998,2024-05-03,0.0,-0.18021421152632733,0.0,5,27037.94999999972,2092966.4,2274659.16,2247621.21,0.0,0,1.2746591600000001
181692.76,0.0,0.008542005036042077,2024-05-06,0.0,-0.1732115971927095,0.0,5,19430.149999999907,2112396.55,2294089.3099999996,2274659.16,0.0,0,1.2940893099999995
181692.76,0.0,0.00631394337476765,2024-05-07,0.0,-0.16799130203446955,0.0,5,14484.75,2126881.3,2308574.0599999996,2294089.3099999996,0.0,0,1.3085740599999998
181692.76,0.0,-0.019242830788802845,2024-05-08,0.0,-0.18400150462423248,0.0,5,-44423.49999999977,2082457.8,2264150.56,2308574.0599999996,0.0,0,1.26415056
181692.76,0.0,-0.00938561700596452,2024-05-09,0.0,-0.19166015397927272,0.0,5,-21250.450000000186,2061207.3499999999,2242900.11,2264150.56,0.0,0,1.24290011
181692.76,0.0,-0.017831801702484107,2024-05-10,0.0,-0.2060743098217308,0.0,5,-39994.94999999972,2021212.4000000001,2202905.16,2242900.11,0.0,0,1.2029051600000003
181692.76,0.0,-0.024623257044801727,2024-05-13,0.0,-0.22562334616546198,0.0,5,-54242.700000000186,1966969.7,2148662.46,2202905.16,0.0,0,1.1486624600000002
487766.76,2756.0,-0.005274583705436875,2024-05-14,0.0,-0.2297078606456484,-4930.0,5,-3647.3000000000466,1649562.4,2137329.16,2148662.46,0.0,0,1.1373291600000002
129456.21,2374.0,0.03416691793041382,2024-05-15,0.0,-0.20338935233788535,3939.0500000000006,6,71460.90000000014,2080898.9000000001,2210355.1100000003,2137329.16,0.0,0,1.2103551100000005
459567.41,2988.0,0.0265632204229842,2024-05-16,0.0,-0.18222880811274045,660.7000000000111,6,61041.44999999995,1809501.8499999999,2269069.26,2210355.1100000003,0.0,0,1.2690692599999998
549633.01,831.0,-0.0033665785944321236,2024-05-17,0.0,-0.1849818991024914,-1001.6000000000091,5,-5806.399999999907,1711797.25,2261430.26,2269069.26,0.0,0,1.2614302599999996
198369.61,2137.0,-0.010491944155730848,2024-05-20,0.0,-0.19353302350301782,-32362.0,5,10772.199999999953,2039333.85,2237703.46,2261430.26,0.0,0,1.23770346
614885.34,3767.0,0.003471407243567537,2024-05-21,0.0,-0.1907334481991082,-6903.475,4,18438.449999999953,1630586.1,2245471.44,2237703.46,0.0,0,1.2454714399999998
179648.09,2564.0,-0.016371550911375654,2024-05-22,0.0,-0.20398239675278995,13713.25,5,-47911.10000000009,2029061.5,2208709.59,2245471.44,0.0,0,1.2087095899999998
561191.09,3435.0,-0.03298079581390323,2024-05-23,0.0,-0.23023569078975892,5676.0,4,-75086.0,1574673.5,2135864.59,2208709.59,0.0,0,1.1358645899999997
426659.34,4556.0,0.01742280394282858,2024-05-24,0.0,-0.21682423814820195,-17733.14999999997,5,59501.89999999991,1746418.0,2173077.34,2135864.59,0.0,0,1.1730773399999999
31332.79,2543.0,0.027319483254102828,2024-05-27,0.0,-0.1954282810372726,16963.550000000047,6,44946.80000000005,2201111.9,2232444.69,2173077.34,0.0,0,1.23244469
46309.79,136.0,0.006362576445287038,2024-05-28,0.0,-0.19030913196965626,-357.0,5,14697.100000000093,2200339.0,2246648.79,2232444.69,0.0,0,1.24664879
46309.79,0.0,-0.013999384389760228,2024-05-29,0.0,-0.20164430566809166,0.0,5,-31451.69999999972,2168887.3000000003,2215197.0900000003,2246648.79,0.0,0,1.2151970900000002
46309.79,0.0,-0.021272508984742422,2024-05-30,0.0,-0.21862733434878745,0.0,5,-47122.80000000028,2121764.5,2168074.29,2215197.0900000003,0.0,0,1.1680742899999998
46309.79,0.0,-0.031081301185486465,2024-05-31,3220.23,-0.24291341350799933,0.0,5,-70606.79999999983,2051157.7000000002,2100687.72,2168074.29,3220.23,0,1.1006877200000003
447405.29,3622.0,0.025313662518101188,2024-06-03,0.0,-0.22374877916055946,8271.100000000051,5,48526.999999999534,1703238.3,2153863.82,2100687.72,3220.23,0,1.1538638199999998
63718.61,2423.0,-0.02027176908519679,2024-06-04,0.0,-0.2394847646615187,-8394.224999999979,6,-32845.39999999991,2043262.35,2110201.19,2153863.82,3220.23,0,1.1102011899999997
72837.11,89.0,-0.011977838947195174,2024-06-05,0.0,-0.24859409366729135,202.9999999999998,6,-25389.649999999907,2008868.2000000002,2084925.5400000003,2110201.19,3220.23,0,1.0849255400000004
73059.91,22.0,-0.004966076630247618,2024-06-06,0.0,-0.25232563297856025,11.200000000000017,5,-10343.100000000093,1998291.5,2074571.64,2084925.5400000003,3220.23,0,1.0745716399999998
383630.31,2809.0,-0.00035212088409719566,2024-06-07,0.0,-0.2525889047376926,-5277.400000000046,4,7355.90000000014,1686990.6,2073841.1400000001,2074571.64,3220.23,0,1.0738411400000003
35739.71,2050.0,-0.046388557997262936,2024-06-11,0.0,-0.287260227678066,4215.400000000019,5,-98367.8999999999,1938678.7000000002,1977638.6400000001,2073841.1400000001,3220.23,0,0.9776386400000001
35739.71,0.0,0.015898000455735417,2024-06-12,0.0,-0.2759290904528712,0.0,5,31440.499999999767,1970119.2,2009079.14,1977638.6400000001,3220.23,0,1.0090791399999999
418914.61,3451.0,0.03893311041993108,2024-06-13,0.0,-0.24773875777961296,3702.2999999999397,4,77968.40000000014,1665164.0,2087298.8399999999,2009079.14,3220.23,0,1.0872988399999999
23637.11,2329.0,0.03849424838467308,2024-06-14,0.0,-0.21878102667141874,9622.5,5,73055.5,2140790.5,2167647.84,2087298.8399999999,3220.23,0,1.1676478399999999
23637.11,0.0,-0.04335916483555724,2024-06-17,0.0,-0.25265402890863753,0.0,5,-93987.3999999999,2046803.1,2073660.4400000002,2167647.84,3220.23,0,1.0736604400000003
23637.11,0.0,-0.03487866123346606,2024-06-18,0.0,-0.2787204558585289,0.0,5,-72326.50000000023,1974476.5999999999,2001333.94,2073660.4400000002,3220.23,0,1.0013339399999999
348503.86,2925.0,-0.02885557919434467,2024-06-19,0.0,-0.2995333948657639,11807.25,4,-66631.8999999999,1591860.2,1943584.29,2001333.94,3220.23,0,0.94358429
38963.26,1841.0,0.019639693630163935,2024-06-20,0.0,-0.28577644534276647,-488.8000000000071,5,40501.19999999995,1939572.2,1981755.69,1943584.29,3220.23,0,0.98175569
455095.26,3747.0,-0.006847413164233096,2024-06-21,0.0,-0.2906670291131318,3265.0,5,-13087.899999999907,1509870.3,1968185.79,1981755.69,3220.23,0,0.9681857899999999
163072.21,1890.0,-0.022796755381513156,2024-06-24,0.0,-0.30683751933448167,-1905.349999999999,5,-41072.90000000014,1757025.0999999999,1923317.5399999998,1968185.79,3220.23,0,0.9233175399999998
554410.61,3525.0,-0.0019625984381133055,2024-06-25,0.0,-0.3081979189363946,-7085.000000000043,4,6835.300000000279,1361912.0,1919542.8399999999,1923317.5399999998,3220.23,0,0.9195428399999999
322498.11,1366.0,-0.0162162048959531,2024-06-26,0.0,-0.3194163232303687,-9512.5,5,-20249.199999999953,1562696.8,1888415.1400000001,1919542.8399999999,3220.23,0,0.8884151400000002
742952.11,3792.0,-0.007159389751556611,2024-06-27,5028.0,-0.32428888703090997,12980.399999999985,4,-27736.300000000047,1123694.9,1874895.2399999998,1888415.1400000001,8248.23,0,0.8748952399999999
430315.94,1876.0,0.025605643971873482,2024-06-28,0.0,-0.3069868688443852,-5564.399999999972,5,55448.30000000007,1487559.2,1922903.14,1874895.2399999998,5028.0,0,0.9229031399999998
722917.57,2647.0,0.02632404042982639,2024-07-01,0.0,-0.28874396316144413,3538.7749999999996,5,49726.80000000005,1245576.1500000001,1973521.7200000002,1922903.14,5028.0,0,0.9735217200000001
631649.02,604.0,0.006260508751836591,2024-07-02,0.0,-0.2842911385180197,-2147.7499999999995,6,15106.999999999767,1349199.95,1985876.97,1973521.7200000002,5028.0,0,0.9858769700000001
634802.45,44.0,0.03422537298471218,2024-07-03,0.0,-0.2597957357853352,-1.9249999999993435,6,68013.30000000005,1414013.9,2053844.3499999999,1985876.97,5028.0,0,1.0538443499999999
638245.7,46.0,0.032009850210898305,2024-07-04,0.0,-0.23610190816235566,46.74999999999976,6,65742.5,1476313.9,2119587.5999999996,2053844.3499999999,5028.0,0,1.1195875999999996
640485.85,37.0,0.046312523247446835,2024-07-05,0.0,-0.2007238600254444,8.550000000000324,5,98191.90000000014,1572237.2,2217751.05,2119587.5999999996,5028.0,0,1.21775105
640485.85,0.0,-0.04696343171610706,2024-07-08,0.0,-0.23826061044745306,0.0,5,-104153.19999999995,1468084.0,2113597.85,2217751.05,5028.0,0,1.1135978500000001
640485.85,0.0,-0.03316983881299851,2024-07-09,0.0,-0.2635273832164229,0.0,5,-70107.69999999995,1397976.3,2043490.15,2113597.85,5028.0,0,1.0434901499999998
640485.85,0.0,-0.0065813872408437835,2024-07-10,0.0,-0.2683743946997532,0.0,5,-13449.0,1384527.3,2030041.15,2043490.15,5028.0,0,1.0300411499999997
640485.85,0.0,-0.013390024138180578,2024-07-11,0.0,-0.2781708792148344,0.0,5,-27182.300000000047,1357345.0,2002858.85,2030041.15,5028.0,0,1.00285885
903083.65,2382.0,-0.031061849415898624,2024-07-12,0.0,-0.3005922266686738,4026.6000000000213,4,-63857.10000000009,1032534.7,1940646.35,2002858.85,5028.0,0,0.9406463500000002
574131.35,1943.0,-0.010086124141062691,2024-07-15,0.0,-0.3076465402957178,-22803.29999999999,5,5172.699999999953,1341913.4,1921072.75,1940646.35,5028.0,0,0.92107275
574131.35,0.0,0.012935949458447116,2024-07-16,0.0,-0.2986902909336022,0.0,5,24850.90000000014,1366764.3,1945923.65,1921072.75,5028.0,0,0.9459236499999999
579159.35,0.0,0.026712044945853997,2024-07-17,0.0,-0.2799568744640568,0.0,5,51979.60000000009,1418743.9000000001,1997903.25,1945923.65,0.0,0,0.99790325
579159.35,0.0,-0.03427826147237101,2024-07-18,0.0,-0.3046387009925612,0.0,5,-68484.65000000014,1350259.25,1929418.6,1997903.25,0.0,0,0.9294186
687899.35,998.0,-0.01710699274900751,2024-07-19,0.0,-0.3165342416926219,101.1999999999943,5,-32109.75,1208512.7,1896412.0499999998,1929418.6,0.0,0,0.8964120499999999
852495.5,1502.0,-0.03440452194975241,2024-07-22,0.0,-0.3400485543762123,603.1500000000085,5,-64346.30000000005,978671.4,1831166.9,1896412.0499999998,0.0,0,0.8311668999999999
612275.45,1459.0,-0.01269141551215236,2024-07-23,0.0,-0.34842427239046936,-12188.85,6,-9592.249999999884,1195651.35,1807926.8,1831166.9,0.0,0,0.8079268
895178.45,2580.0,-0.02199079630878864,2024-07-26,0.0,-0.3627529414960813,-4091.0,5,-33086.75,872990.6000000001,1768169.05,1807926.8,0.0,0,0.76816905
570086.15,2004.0,-0.03103348630607461,2024-07-29,0.0,-0.38252893935974897,-16101.9,6,-36766.55000000005,1143210.45,1713296.6,1768169.05,0.0,0,0.7132966000000001
736673.55,1530.0,0.02956014737903523,2024-07-30,0.0,-0.36427640380493387,-5240.6,5,57415.90000000014,1027268.3500000001,1763941.9000000001,1713296.6,0.0,0,0.7639419000000001
408115.6,2027.0,0.007417818013166988,2024-07-31,0.0,-0.35956072186168286,-11400.550000000001,6,26512.149999999907,1368910.9,1777026.5,1763941.9000000001,0.0,0,0.7770265000000001
674414.2,2410.0,0.05579894278447739,2024-08-01,1448.6,-0.323824887223911,2180.1999999999994,6,97937.40000000023,1200319.9,1876182.7,1777026.5,1448.6,0,0.8761827
361651.9,2115.0,0.00238049844506083,2024-08-02,0.0,-0.32221525341935864,27697.050000000025,6,-21115.799999999814,1517548.45,1880648.9500000002,1876182.7,1448.6,0,0.8806489500000001
362343.65,26.0,-0.07884126912680856,2024-08-05,0.0,-0.3756526630345687,2.25,5,-148248.99999999977,1368583.9500000002,1732376.2000000002,1880648.9500000002,1448.6,0,0.7323762000000003
362343.65,0.0,-0.03384689191643264,2024-08-06,0.0,-0.3967848798671503,0.0,5,-58635.55000000028,1309948.4,1673740.65,1732376.2000000002,1448.6,0,0.6737406499999998
623331.4,2365.0,0.058083162406314504,2024-08-07,0.0,-0.3617482380785294,-15555.25000000002,5,115136.40000000014,1146176.8,1770956.8000000003,1673740.65,1448.6,0,0.7709568000000002
301471.4,1948.0,0.01204865640991315,2024-08-08,0.0,-0.35405816189611583,-4599.800000000011,6,27885.449999999953,1489374.4499999997,1792294.4499999997,1770956.8000000003,1448.6,0,0.7922944499999998
303680.0,37.0,-0.033647596241789146,2024-08-09,0.0,-0.3757925520603145,100.80000000000024,6,-60370.19999999972,1426859.4500000002,1731988.0500000003,1792294.4499999997,1448.6,0,0.7319880500000002
398340.0,872.0,0.0018301511953271454,2024-08-12,0.0,-0.37465015805333557,-3999.05,4,8040.84999999986,1335369.25,1735157.85,1731988.0500000003,1448.6,0,0.73515785
74834.0,1906.0,0.005840246753342937,2024-08-13,0.0,-0.370997960669203,13800.000000000025,5,-1760.25,1669009.0,1745291.6,1735157.85,1448.6,0,0.7452916
74834.0,0.0,0.02851543547221569,2024-08-14,0.0,-0.3530616936047736,0.0,5,49767.75,1718776.75,1795059.35,1745291.6,1448.6,0,0.79505935
74834.0,0.0,0.0519309570460722,2024-08-15,0.0,-0.3194655682039045,0.0,5,93219.15000000014,1811995.9000000001,1888278.5000000002,1795059.35,1448.6,0,0.8882785000000002
74834.0,0.0,0.006286599143081828,2024-08-16,0.0,-0.3151873210281375,0.0,5,11870.84999999986,1823866.75,1900149.35,1888278.5000000002,1448.6,0,0.9001493500000002
74834.0,0.0,0.03797377821906478,2024-08-19,0.0,-0.2891823962352563,0.0,5,72155.8500000001,1896022.6,1972305.2000000002,1900149.35,1448.6,0,0.9723052000000001
74834.0,0.0,-0.009606271889360696,2024-08-20,0.0,-0.2960107034007644,0.0,5,-18946.5,1877076.1,1953358.7000000002,1972305.2000000002,1448.6,0,0.9533587000000001
74834.0,0.0,-0.004751252291757879,2024-08-21,0.0,-0.2993555341596045,0.0,5,-9280.90000000014,1867795.2,1944077.8,1953358.7000000002,1448.6,0,0.9440778000000001
74834.0,0.0,-0.0034682768354228344,2024-08-22,0.0,-0.301785563130346,0.0,5,-6742.59999999986,1861052.6,1937335.2000000002,1944077.8,1448.6,0,0.9373352000000001
332164.23,2331.0,0.0005484492306750965,2024-08-23,0.0,-0.3014026279595985,-2808.4749999999894,5,6201.999999999767,1604784.9,1938397.73,1937335.2000000002,1448.6,0,0.9383977299999999
58442.43,1760.0,0.010312176748164203,2024-08-26,0.0,-0.29419856838331493,-3719.699999999999,6,25468.800000000047,1898495.8,1958386.83,1938397.73,1448.6,0,0.95838683
61962.43,47.0,0.05991563985343995,2024-08-27,0.0,-0.25191002399852735,-104.40000000000025,5,117489.3999999999,2012313.8,2075724.83,1958386.83,1448.6,0,1.07572483
61962.43,0.0,0.0233711613884775,2024-08-28,0.0,-0.23442629243629465,0.0,5,48512.09999999986,2060825.9,2124236.93,2075724.83,1448.6,0,1.1242369300000004
61962.43,0.0,0.0052964430855648725,2024-08-29,0.0,-0.23037147486637866,0.0,5,11250.90000000014,2004036.8,2135487.83,2124236.93,69488.6,0,1.1354878300000002
312550.28,2243.0,-0.007878785242245945,2024-08-30,0.0,-0.2364352127322129,4336.25,5,-18918.30000000014,1740988.5,2118662.7800000003,2135487.83,65124.0,0,1.1186627800000002
161809.78,1422.0,0.006218998192812908,2024-09-02,2731.96,-0.23168660470009894,-1647.5,6,13513.500000000196,1905672.2000000002,2131838.74,2118662.7800000003,64356.759999999995,0,1.13183874
179111.78,156.0,0.04504824788013728,2024-09-03,0.0,-0.19707543241899905,129.0,6,96062.59999999986,1984470.6,2227874.34,2131838.74,64291.96,0,1.22787434
206232.53,245.0,-0.043184684285200725,2024-09-04,0.0,-0.2317494763748159,308.25,6,-96273.30000000005,1860686.2,2131664.29,2227874.34,64745.56,0,1.1316642900000002
227270.03,189.0,-0.037017132749359805,2024-09-05,0.0,-0.2601879079926145,768.5,5,-79487.59999999986,1760675.8,2052756.1900000002,2131664.29,64810.36,0,1.0527561900000002
227270.03,0.0,-0.00495977069736675,2024-09-06,0.0,-0.2638572063281104,0.0,5,-10181.200000000186,1750365.0,2042574.99,2052756.1900000002,64939.96,0,1.0425749899999999
227270.03,0.0,-0.03365555748824678,2024-09-09,0.0,-0.2886325024400932,0.0,5,-68744.0,1682917.0,1973830.99,2042574.99,63643.96,0,0.97383099
227270.03,0.0,-0.04432395703747671,2024-09-10,0.0,-0.3201631248397958,0.0,5,-87488.00000000023,1597956.1999999997,1886342.9899999998,1973830.99,61116.759999999995,0,0.8863429899999997
227270.03,0.0,0.031217095889862767,2024-09-11,0.0,-0.2989405919184551,0.0,5,58886.15000000037,1651010.35,1945229.1400000001,1886342.9899999998,66948.76,0,0.9452291400000001
227270.03,0.0,0.0410870104485479,2024-09-12,0.0,-0.27013615669355584,0.0,5,79923.6499999999,1729702.8,2025152.79,1945229.1400000001,68179.96,0,1.02515279
587167.53,3245.0,0.017479570022961077,2024-09-13,0.0,-0.2573784505372534,-9202.5,4,47846.30000000005,1405852.1,2060551.59,2025152.79,67531.96,0,1.0605515900000002
193045.18,2324.0,0.03757452634321079,2024-09-16,0.0,-0.2294747975639294,7904.85000000001,5,71843.3999999999,1879018.7,2137975.84,2060551.59,65911.96,0,1.1379758399999997
193045.18,0.0,0.019552746676501087,2024-09-18,0.0,-0.21440891347283708,0.0,5,41803.299999999814,1920757.1999999997,2179779.1399999997,2137975.84,65976.76,0,1.1797791399999995
193045.18,0.0,0.035282335989324176,2024-09-19,0.0,-0.18669142480776746,0.0,5,76907.70000000019,1997276.0999999999,2256686.84,2179779.1399999997,66365.56,0,1.25668684
193045.18,0.0,-0.007672841305708,2024-09-20,0.0,-0.192931812437789,0.0,5,-17315.200000000186,1981127.2999999998,2239371.64,2256686.84,65199.16,0,1.2393716400000003
386521.13,1760.0,-0.01127912381707219,2024-09-23,0.0,-0.20203483445412318,-1205.2500000000173,5,-22292.899999999674,1761874.8,2214113.49,2239371.64,65717.56,0,1.2141134900000004
58671.03,2142.0,0.005588331427401005,2024-09-24,0.0,-0.19757554064153182,3489.2999999999797,5,11025.899999999907,2098015.7,2226486.69,2214113.49,69799.96,0,1.2264866899999998
58671.03,0.0,0.01591399587481912,2024-09-25,0.0,-0.1848057611054471,0.0,5,35432.299999999814,2133124.0,2261918.9899999998,2226486.69,70123.96,0,1.2619189899999999
497037.03,3950.0,-0.018622307070334077,2024-09-26,0.0,-0.19998655854410874,4649.100000000051,5,-42821.25,1655292.65,2219796.84,2261918.9899999998,67467.16,0,1.2197968399999999
88363.03,2438.0,0.007850718446828608,2024-09-27,0.0,-0.19370587826156016,-4204.4,5,24069.400000000373,2081847.25,2237223.84,2219796.84,67013.56,0,1.23722384
91094.99,0.0,0.018690776154075106,2024-09-30,0.0,-0.17863561531780037,0.0,5,41815.44999999976,2123468.3,2279039.29,2237223.84,64476.0,0,1.27903929
91094.99,0.0,-0.017587366824202366,2024-10-01,0.0,-0.19308125204754156,0.0,5,-40082.299999999814,2082414.0,2238956.99,2279039.29,65448.0,0,1.2389569900000001
91094.99,0.0,-0.050861785424471284,2024-10-04,0.0,-0.2341225802608825,0.0,5,-113877.3500000001,1971582.25,2125079.64,2238956.99,62402.4,0,1.12507964
315473.99,2021.0,0.006333080298110527,2024-10-07,0.0,-0.22927221706316503,-2.8421709430404007e-11,5,15479.30000000028,1759754.35,2138537.94,2125079.64,63309.6,0,1.13853794
839383.49,4720.0,-0.015352965867886259,2024-10-08,0.0,-0.24110517440802592,1682.5500000000036,4,-29795.45000000042,1202299.15,2105705.04,2138537.94,64022.4,0,1.1057050400000001
694690.86,4216.0,-0.007283750434486369,2024-10-09,0.0,-0.24663277492366087,-10243.474999999964,5,-877.9499999997206,1332172.75,2090367.6099999999,2105705.04,63504.0,0,1.09036761
1073028.61,3406.0,-0.03525645424634172,2024-10-11,0.0,-0.27319383202525827,10456.249999999996,3,-80749.19999999995,882728.05,2016668.6600000001,2090367.6099999999,60912.0,0,1.0166686600000001
717308.91,6230.0,0.00866981787677501,2024-10-14,0.0,-0.26689255491720054,-7530.4000000000315,5,31244.549999999814,1254311.9,2034152.81,2016668.6600000001,62532.0,0,1.0341528100000001
462451.21,1591.0,-0.045160029054061135,2024-10-15,0.0,-0.2999997084368883,-15392.4,5,-74879.0,1418603.2,1942290.41,2034152.81,61236.0,0,0.94229041
645910.71,1653.0,0.04260155925910181,2024-10-16,0.0,-0.27017860453447384,-878.5,5,85276.1000000001,1317564.3,2025035.01,1942290.41,61560.0,0,1.0250350099999999
710559.71,582.0,0.014708190156178969,2024-10-17,0.0,-0.259444252669919,-1591.0,4,31957.59999999986,1281792.7,2054819.6099999999,2025035.01,62467.200000000004,0,1.05481961
395768.21,2694.0,0.01961181886910257,2024-10-18,0.0,-0.24492060749080857,5152.500000000004,6,37840.25,1699350.15,2095118.3599999999,2054819.6099999999,0.0,0,1.0951183599999998
400171.01,54.0,0.01371590767788411,2024-10-21,0.0,-0.23456400825367962,-2.4000000000005457,5,28792.850000000093,1723683.8,2123854.81,2095118.3599999999,0.0,0,1.12385481
400171.01,0.0,-0.003082461178219531,2024-10-22,0.0,-0.23692343498264956,0.0,5,-6546.699999999953,1717137.1,2117308.1100000003,2123854.81,0.0,0,1.1173081100000002
400171.01,0.0,-0.007296198378988095,2024-10-23,0.0,-0.24249099297937293,0.0,5,-15448.300000000047,1701688.8,2101859.81,2117308.1100000003,0.0,0,1.10185981
400171.01,0.0,-0.02637226314346819,2024-10-24,0.0,-0.26246821984606816,0.0,5,-55430.80000000005,1646258.0,2046429.01,2101859.81,0.0,0,1.0464290100000002
400171.01,0.0,-0.007206651160598931,2024-10-25,0.0,-0.26778335410549314,0.0,5,-14747.899999999907,1631510.1,2031681.11,2046429.01,0.0,0,1.03168111
400171.01,0.0,-0.0448918137551616,2024-10-28,0.0,-0.3006538874014185,0.0,5,-91205.8500000001,1540304.25,1940475.26,2031681.11,0.0,0,0.9404752599999999
403051.51,42.0,0.019084628783156976,2024-10-29,0.0,-0.28730712645153067,38.5,5,37036.75,1574457.0,1977508.51,1940475.26,0.0,0,0.97750851
632876.26,2069.0,0.028847233633396474,2024-10-30,0.0,-0.2667479086194212,-11593.75,5,70708.3999999999,1401677.9,2034554.16,1977508.51,0.0,0,1.03455416
282786.01,2167.0,-0.02094119725964927,2024-11-01,0.0,-0.2821030853060723,250.00000000002132,5,-40689.0,1709162.15,1991948.16,2034554.16,0.0,0,0.99194816
282786.01,0.0,-0.015151523822788504,2024-11-04,0.0,-0.2929803175113638,0.0,5,-30181.049999999814,1678981.1,1961767.11,1991948.16,0.0,0,0.96176711
282786.01,0.0,0.014072083204616392,2024-11-05,0.0,-0.28303107771208214,0.0,5,27606.149999999907,1706587.25,1989373.26,1961767.11,0.0,0,0.98937326
610488.51,2957.0,0.015451826270149072,2024-11-06,0.0,-0.2719525984837933,3686.6999999999866,4,30009.75,1409624.2,2020112.71,1989373.26,0.0,0,1.0201127099999998
259100.11,2082.0,0.0049074984533907795,2024-11-07,0.0,-0.2683797069868573,-10358.69999999999,5,22354.40000000014,1770926.3,2030026.4100000001,2020112.71,0.0,0,1.03002641
511144.71,2281.0,-0.02313905857017906,2024-11-08,0.0,-0.28530871179802,4572.0,5,-49263.90000000014,1471908.7999999998,1983053.5099999998,2030026.4100000001,0.0,0,0.9830535099999997
171716.21,2182.0,0.0019222375900487254,2024-11-11,0.0,-0.2839349053385578,1819.1999999999616,6,4174.700000000186,1815149.2,1986865.41,1983053.5099999998,0.0,0,0.9868654099999998
474128.76,2741.0,-0.017087594272427342,2024-11-12,0.0,-0.2961707351487798,11859.449999999986,6,-43069.19999999995,1478785.9,1952914.66,1986865.41,0.0,0,0.95291466
150610.91,2071.0,-0.019525712403633655,2024-11-13,0.0,-0.30991350295552567,-13605.349999999975,6,-22455.699999999953,1764171.7,1914782.6099999999,1952914.66,0.0,0,0.9147826099999998
154259.01,48.0,-0.039341646203899905,2024-11-14,0.0,-0.3370626417723379,43.69999999999948,5,-75326.3999999999,1685192.9,1839451.91,1914782.6099999999,0.0,0,0.83945191
154259.01,0.0,0.009495600241052227,2024-11-15,0.0,-0.3307676536337488,0.0,5,17466.699999999953,1702659.5999999999,1856918.6099999999,1839451.91,0.0,0,0.8569186099999999
437664.96,2566.0,-0.05266469379613781,2024-11-18,0.0,-0.36601257023359823,800.0000000000122,5,-96028.04999999981,1321459.6,1759124.56,1856918.6099999999,0.0,0,0.7591245600000001
118746.69,1922.0,0.04999693142820982,2024-11-19,0.0,-0.33431514418122044,3526.4750000000145,5,86346.34999999986,1728328.7,1847075.39,1759124.56,0.0,0,0.8470753899999999
118746.69,0.0,-0.039454859500889006,2024-11-20,0.0,-0.36057964663942,0.0,5,-72876.09999999986,1655452.6,1774199.29,1847075.39,0.0,0,0.7741992900000001
415712.39,2674.0,-0.009104219627999122,2024-11-21,0.0,-0.3664010699710275,5244.59999999996,4,-18723.300000000047,1342334.2,1758046.5899999999,1774199.29,0.0,0,0.7580465899999997
76322.64,2000.0,0.027623926621876516,2024-11-22,0.0,-0.34889857962020776,-6966.75,5,57530.90000000014,1730288.1,1806610.74,1758046.5899999999,0.0,0,0.80661074
433914.14,3221.0,0.04352786035136713,2024-11-25,0.0,-0.32055752791933934,8312.5,4,73546.3999999999,1451334.5,1885248.6400000001,1806610.74,0.0,0,0.8852486400000001
392197.14,246.0,-0.01484642365263833,2024-11-26,0.0,-0.33064481870744467,452.0,5,-28195.199999999953,1465062.3,1857259.44,1885248.6400000001,0.0,0,0.85725944
392197.14,0.0,-0.023571397219550372,2024-11-27,0.0,-0.34642245556665574,0.0,5,-43778.19999999995,1421284.1,1813481.2400000002,1857259.44,0.0,0,0.8134812400000002
392197.14,0.0,-0.008409295703549757,2024-11-28,0.0,-0.35191858240299567,0.0,5,-15250.100000000093,1406034.0,1798231.1400000001,1813481.2400000002,0.0,0,0.7982311400000002
392197.14,0.0,0.0033478454833117954,2024-11-29,0.0,-0.34974890595627517,0.0,5,6020.199999999953,1412054.2,1804251.3399999999,1798231.1400000001,0.0,0,0.8042513399999998
392197.14,0.0,-0.005587359020611804,2024-12-02,0.0,-0.35338209227224304,0.0,5,-10081.0,1401973.2,1794170.3399999999,1804251.3399999999,0.0,0,0.7941703399999998
392197.14,0.0,0.025205967901576365,2024-12-03,0.0,-0.3370834620454728,0.0,5,45223.80000000005,1447197.0,1839394.1400000001,1794170.3399999999,0.0,0,0.8393941400000002
392197.14,0.0,0.004718727656705335,2024-12-04,0.0,-0.33395533944373945,0.0,5,8679.59999999986,1455876.5999999999,1848073.7399999998,1839394.1400000001,0.0,0,0.8480737399999998
774308.69,3448.0,0.0005147792425208575,2024-12-05,0.0,-0.33361247347789313,-1458.4500000000203,5,5857.800000000047,1074716.4,1849025.0899999999,1848073.7399999998,0.0,0,0.8490250899999998
447897.29,2030.0,0.0010240531673910702,2024-12-06,0.0,-0.3329300572206483,-1902.99999999999,6,5826.5,1403021.2999999998,1850918.5899999999,1849025.0899999999,0.0,0,0.8509185899999998
450416.69,39.0,-0.007546901346968338,2024-12-09,0.0,-0.33796436827033194,28.799999999999727,5,-13958.5,1386533.2000000002,1836949.8900000001,1850918.5899999999,0.0,0,0.8369498900000001
450416.69,0.0,-0.045363240692428586,2024-12-10,0.0,-0.3679964499794488,0.0,5,-83330.00000000023,1303203.2,1753619.89,1836949.8900000001,0.0,0,0.75361989
723756.39,2469.0,-0.012360831514063197,2024-12-11,0.0,-0.37580853937754266,8068.99999999996,5,-27276.199999999953,1008187.2999999999,1731943.69,1753619.89,0.0,0,0.73194369
424859.89,1794.0,-0.011801307466295152,2024-12-12,0.0,-0.38317481472218407,-16231.5,5,-2413.699999999837,1286644.6,1711504.4900000002,1731943.69,0.0,0,0.7115044900000003
706831.47,2555.0,-0.023258408162283084,2024-12-13,0.0,-0.39752118664615144,6373.524999999982,5,-43625.40000000014,964866.15,1671697.62,1711504.4900000002,0.0,0,0.6716976200000002
421312.92,1737.0,-0.021337052570548187,2024-12-16,0.0,-0.41037630875932396,-9626.050000000025,6,-24306.050000000047,1214715.5999999999,1636028.5199999998,1671697.62,0.0,0,0.6360285199999998
738344.27,2883.0,0.01156963327265248,2024-12-17,0.0,-0.4035545788828018,-1266.2500000000007,5,23077.500000000233,916612.5,1654956.77,1636028.5199999998,0.0,0,0.6549567700000001
419349.12,1915.0,0.008042052965528512,2024-12-18,0.0,-0.3987579332151303,10823.75,5,4400.499999999884,1248916.9,1668266.02,1654956.77,0.0,0,0.6682660200000001
704854.42,2573.0,0.002294717961107917,2024-12-19,0.0,-0.3973782522455054,-2841.2999999999665,5,9242.5,967239.8,1672094.2200000002,1668266.02,0.0,0,0.6720942200000002
395577.07,1880.0,-0.01585541632935028,2024-12-20,0.0,-0.40693307094527353,-509.05000000000007,5,-24122.699999999953,1250005.4,1645582.47,1672094.2200000002,0.0,0,0.6455824699999999
395577.07,0.0,0.016683515108179447,2024-12-23,0.0,-0.39703862987422756,0.0,5,27454.100000000093,1277459.5,1673036.57,1645582.47,0.0,0,0.6730365700000001
395577.07,0.0,0.006603023626674309,2024-12-24,0.0,-0.39305726170131516,0.0,5,11047.100000000093,1288506.6,1684083.6700000002,1673036.57,0.0,0,0.6840836700000001
624831.82,2064.0,0.04719976294289463,2024-12-25,0.0,-0.3644097083337059,-3181.25,5,84733.59999999986,1138740.2,1763572.02,1684083.6700000002,0.0,0,0.76357202
337119.92,2014.0,-0.019796242854885016,2024-12-26,0.0,-0.3769920081037391,-1482.099999999982,5,-31416.0,1391540.0,1728659.92,1763572.02,0.0,0,0.7286599199999999
337119.92,0.0,0.003993150948973234,2024-12-27,0.0,-0.37450424314968067,0.0,5,6902.799999999814,1398442.7999999998,1735562.7199999997,1728659.92,0.0,0,0.7355627199999997
337119.92,0.0,0.006088860908466831,2024-12-30,0.0,-0.37069568648738294,0.0,5,10567.600000000326,1409010.4000000001,1746130.32,1735562.7199999997,0.0,0,0.74613032
337119.92,0.0,0.029082823554658743,2024-12-31,0.0,-0.3523937401753098,0.0,5,50782.39999999991,1459792.8,1796912.72,1746130.32,0.0,0,0.7969127199999999
337119.92,0.0,-0.016625404042996617,2025-01-02,0.0,-0.36316045590566914,0.0,5,-29874.40000000014,1429918.4,1767038.3199999998,1796912.72,0.0,0,0.7670383199999999
337119.92,0.0,-0.016123872174996223,2025-01-03,0.0,-0.373428775310629,0.0,5,-28491.5,1401426.9,1738546.8199999998,1767038.3199999998,0.0,0,0.7385468199999998
337119.92,0.0,0.027585164488121316,2025-01-06,0.0,-0.35614470501404905,0.0,5,47958.10000000009,1449385.0,1786504.92,1738546.8199999998,0.0,0,0.7865049199999998
337119.92,0.0,-0.02103934871894997,2025-01-07,0.0,-0.3696910010898009,0.0,5,-37586.89999999991,1411798.1,1748918.02,1786504.92,0.0,0,0.7489180200000001
337119.92,0.0,-0.0130450368394055,2025-01-08,0.0,-0.3779134052007933,0.0,5,-22814.700000000186,1388983.4,1726103.3199999998,1748918.02,0.0,0,0.7261033199999998
337119.92,0.0,-0.06674669972826408,2025-01-09,0.0,-0.4194356323488343,0.0,5,-115211.69999999972,1273771.7000000002,1610891.62,1726103.3199999998,0.0,0,0.6108916200000001
589768.92,2275.0,0.008900102168263757,2025-01-10,0.0,-0.41426855016148534,3344.0,5,13268.09999999986,1035459.8,1625228.7200000002,1610891.62,0.0,0,0.6252287200000002
303914.37,1798.0,-0.012405053979110292,2025-01-13,0.0,-0.4215345804139947,-10126.049999999992,5,-8237.0,1301153.3,1605067.67,1625228.7200000002,0.0,0,0.60506767
570349.87,2406.0,-0.013359000620827288,2025-01-14,0.0,-0.4292623003133712,-6415.3,5,-12620.800000000047,1013275.7000000001,1583625.57,1605067.67,0.0,0,0.5836255700000001
295109.32,1741.0,-0.002060714389702567,2025-01-15,0.0,-0.4304384277038612,-3397.75,6,1875.3499999999767,1285252.85,1580362.1700000002,1583625.57,0.0,0,0.5803621700000001
301562.22,69.0,0.019310636877621468,2025-01-16,0.0,-0.4194398310018034,12.100000000000172,5,30574.699999999953,1309317.75,1610879.97,1580362.1700000002,0.0,0,0.61087997
531892.47,2091.0,-0.0069887267888743,2025-01-17,0.0,-0.42349720740743446,715.0000000000102,5,-9882.0,1067729.5,1599621.97,1610879.97,0.0,0,0.5996219700000001
263542.22,1630.0,0.020379690083901503,2025-01-20,0.0,-0.41174825916189417,-8206.800000000007,6,42436.60000000009,1368679.55,1632221.77,1599621.97,0.0,0,0.6322217700000001
598676.15,3039.0,-0.022294041574999812,2025-01-21,0.0,-0.4248627679287049,1538.925,5,-34888.75,997156.8,1595832.9500000002,1632221.77,0.0,0,0.5958329500000001
297613.7,1853.0,-0.0015800212672637537,2025-01-22,0.0,-0.4257714969869728,111.24999999998678,5,-779.6999999999534,1295697.8,1593311.5,1595832.9500000002,0.0,0,0.5933115
297613.7,0.0,-0.02342504902525344,2025-02-03,0.0,-0.4392228278217508,0.0,5,-37323.40000000014,1258374.4,1555988.0999999999,1593311.5,0.0,0,0.5559880999999998
297613.7,0.0,-0.014993430862356716,2025-02-04,0.0,-0.4476308015819934,0.0,5,-23329.59999999986,1235044.8,1532658.5,1555988.0999999999,0.0,0,0.5326584999999999
662377.7,3298.0,0.02960763927515475,2025-02-05,0.0,-0.4312764536085266,-118.00000000002359,5,48794.39999999991,915659.2,1578036.9,1532658.5,0.0,0,0.5780368999999999
768505.75,968.0,0.02398888771232155,2025-02-06,0.0,-0.41763340831478823,1712.0500000000006,4,37111.30000000005,847386.5,1615892.25,1578036.9,0.0,0,0.6158922499999999
195084.15,3506.0,0.012059622168495432,2025-02-07,0.0,-0.4106102872555102,2342.449999999942,6,20650.599999999977,1440295.15,1635379.2999999998,1615892.25,0.0,0,0.6353792999999999
199846.15,56.0,-0.00029243980280291293,2025-02-10,0.0,-0.41078264826687927,66.0,6,-488.25,1435054.9,1634901.0499999998,1635379.2999999998,0.0,0,0.6349010499999999
288739.8,818.0,-0.023992552943800316,2025-02-11,0.0,-0.424919476773742,-869.35,4,-37538.09999999986,1306935.8,1595675.6,1634901.0499999998,0.0,0,0.5956756000000001
9883.3,1644.0,-0.022363693472532864,2025-02-12,0.0,-0.43778040131719775,4974.9999999999945,5,-39016.19999999995,1550107.1,1559990.4000000001,1595675.6,0.0,0,0.5599904000000002
9883.3,0.0,0.006967510825707679,2025-02-13,0.0,-0.43386313017695033,0.0,5,10869.25,1560976.35,1570859.6500000001,1559990.4000000001,0.0,0,0.57085965
9883.3,0.0,0.02121882753815707,2025-02-14,0.0,-0.421850369573183,0.0,5,33331.799999999814,1594308.15,1604191.45,1570859.6500000001,0.0,0,0.6041914499999999
9883.3,0.0,0.021520187007604274,2025-02-17,0.0,-0.40940848140802055,0.0,5,34522.5,1628830.65,1638713.95,1604191.45,0.0,0,0.6387139499999999
9883.3,0.0,0.04115684741684178,2025-02-18,0.0,-0.38510159639164954,0.0,5,67444.30000000005,1696274.95,1706158.25,1638713.95,0.0,0,0.7061582500000001
9883.3,0.0,-0.008131221122073429,2025-02-19,0.0,-0.3901014712789991,0.0,5,-13873.149999999907,1682401.8,1692285.1,1706158.25,0.0,0,0.6922851000000001
9883.3,0.0,-0.03606375190563349,2025-02-20,0.0,-0.4120967005064041,0.0,5,-61030.15000000014,1621371.65,1631254.95,1692285.1,0.0,0,0.63125495
9883.3,0.0,-0.0012282568092742974,2025-02-21,0.0,-0.4128187967372019,0.0,5,-2003.5999999998603,1619368.05,1629251.35,1631254.95,0.0,0,0.6292513500000001
9883.3,0.0,0.037977719030277246,2025-02-24,0.0,-0.39051899397982726,0.0,5,61875.25,1681243.3,1691126.6,1629251.35,0.0,0,0.6911266
9883.3,0.0,-0.011961611862766564,2025-02-25,0.0,-0.39780936921156906,0.0,5,-20228.600000000093,1661014.7,1670898.0,1691126.6,0.0,0,0.670898
9883.3,0.0,-0.008773336253918518,2025-02-26,0.0,-0.4030925901044352,0.0,5,-14659.34999999986,1646355.35,1656238.6500000001,1670898.0,0.0,0,0.6562386500000001
9883.3,0.0,-0.020351958336439102,2025-02-27,0.0,-0.4152408248413415,0.0,5,-33707.700000000186,1612647.65,1622530.95,1656238.6500000001,0.0,0,0.62253095
9883.3,0.0,-0.026994739299117776,2025-03-03,0.0,-0.4310262463275166,0.0,5,-43799.799999999814,1568847.85,1578731.1500000001,1622530.95,0.0,0,0.5787311500000001
9883.3,0.0,0.017957364051504277,2025-03-04,0.0,-0.4208089774970689,0.0,5,28349.84999999986,1597197.7,1607081.0,1578731.1500000001,0.0,0,0.607081
9883.3,0.0,0.005358348459100659,2025-03-05,0.0,-0.4177054701741154,0.0,5,8611.300000000047,1605809.0,1615692.3,1607081.0,0.0,0,0.6156923000000001
9883.3,0.0,-0.03643707406416441,2025-03-06,0.0,-0.4389225790845389,0.0,5,-58871.10000000009,1546937.9,1556821.2,1615692.3,0.0,0,0.5568211999999999
9883.3,0.0,0.004639614362908162,2025-03-07,0.0,-0.43631939622375604,0.0,5,7223.050000000047,1554160.95,1564044.25,1556821.2,0.0,0,0.56404425
9883.3,0.0,-0.012252946168242906,2025-03-10,0.0,-0.4432261443179091,0.0,5,-19164.149999999907,1534996.8,1544880.1,1564044.25,0.0,0,0.5448801000000001
9883.3,0.0,-0.027391057726745327,2025-03-11,0.0,-0.45847676913963975,0.0,5,-42315.90000000014,1492680.9,1502564.2,1544880.1,0.0,0,0.5025641999999999
9883.3,0.0,-0.006658317827617499,2025-03-12,0.0,-0.4620824029217464,0.0,5,-10004.549999999814,1482676.35,1492559.6500000001,1502564.2,0.0,0,0.49255965000000024
9883.3,0.0,0.0077867909667797,2025-03-13,0.0,-0.45789375103594554,0.0,5,11622.25,1494298.6,1504181.9000000001,1492559.6500000001,0.0,0,0.5041819000000001
9883.3,0.0,0.012567296548376294,2025-03-14,0.0,-0.45108094104448637,0.0,5,18903.5,1513202.1,1523085.4000000001,1504181.9000000001,0.0,0,0.5230854
9883.3,0.0,0.021646258312238986,2025-03-17,0.0,-0.43919889730182415,0.0,5,32969.09999999986,1546171.2,1556054.5,1523085.4000000001,0.0,0,0.5560544999999999
9883.3,0.0,0.0030085707152287533,2025-03-18,0.0,-0.4375116875271784,0.0,5,4681.5,1550852.7,1560736.0,1556054.5,0.0,0,0.5607359999999999
9883.3,0.0,-0.0076366214401411,2025-03-19,0.0,-0.4418071978340371,0.0,5,-11918.75,1538933.95,1548817.25,1560736.0,0.0,0,0.5488172499999999
9883.3,0.0,0.005566085992392056,2025-03-20,0.0,-0.4387002486968471,0.0,5,8620.850000000093,1547554.8,1557438.1,1548817.25,0.0,0,0.5574381000000002
9883.3,0.0,-0.0019890678159215636,2025-03-21,0.0,-0.43981671196724903,0.0,5,-3097.850000000093,1544456.95,1554340.25,1557438.1,0.0,0,0.5543402500000001
9883.3,0.0,-0.02529275684651422,2025-03-24,0.0,-0.45398529166094226,0.0,5,-39313.55000000005,1505143.4,1515026.7,1554340.25,0.0,0,0.5150267
9883.3,0.0,-0.028505339212833603,2025-03-25,0.0,-0.4695496261373434,0.0,5,-43186.34999999986,1461957.05,1471840.35,1515026.7,0.0,0,0.47184035000000013
9883.3,0.0,-0.014040347514592932,2025-03-26,0.0,-0.4769973337256209,0.0,5,-20665.15000000014,1441291.9,1451175.2,1471840.35,0.0,0,0.4511752
9883.3,0.0,-0.010700155294825708,2025-03-27,0.0,-0.4825935434743647,0.0,5,-15527.799999999814,1425764.1,1435647.4000000001,1451175.2,0.0,0,0.43564740000000013
9883.3,0.0,-0.020241808678091888,2025-03-28,0.0,-0.49306678597616604,0.0,5,-29060.100000000093,1396704.0,1406587.3,1435647.4000000001,0.0,0,0.4065873
9883.3,0.0,-0.030773241021015862,2025-03-31,0.0,-0.5086667639528797,0.0,5,-43285.25,1353418.75,1363302.05,1406587.3,0.0,0,0.36330205000000015
262584.3,2290.0,4.566119445059691e-05,2025-04-01,0.0,-0.5086443290904485,4562.999999999993,4,-2210.75,1100780.0,1363364.3,1363302.05,0.0,0,0.3633643
262584.3,0.0,0.005438385030325454,2025-04-02,0.0,-0.5059721477652086,0.0,4,7414.5,1108194.5,1370778.8,1363364.3,0.0,0,0.3707788000000001
262584.3,0.0,-0.08020294740478917,2025-04-07,0.0,-0.5455946376144964,0.0,4,-109940.5,998254.0,1260838.3,1370778.8,0.0,0,0.2608383000000001
705866.2,4018.0,-0.07088347490713132,2025-04-08,0.0,-0.5778044687168152,2476.850000000009,4,-87831.44999999995,465599.5,1171465.7,1260838.3,0.0,0,0.17146569999999994
1131503.85,3875.0,-0.028972465860502616,2025-04-09,0.0,-0.5900365143333741,15731.949999999992,2,-45797.19999999995,6021.6,1137525.4500000002,1171465.7,0.0,0,0.13752545000000027
1137838.25,88.0,0.0004500998197445316,2025-04-10,0.0,-0.5898519898423737,0.0,1,600.0,199.20000000000002,1138037.45,1137525.4500000002,0.0,0,0.1380374499999999
1138011.35,21.0,-2.293421890453562e-05,2025-04-11,0.0,-0.5898613962666219,3.3000000000000043,0,-8.400000000000006,0.0,1138011.35,1138037.45,0.0,0,0.1380113500000002
1138011.35,0.0,0.0,2025-04-14,0.0,-0.5898613962666219,0.0,0,0.0,0.0,1138011.35,1138011.35,0.0,0,0.1380113500000002
1138011.35,0.0,0.0,2025-04-15,0.0,-0.5898613962666219,0.0,0,0.0,0.0,1138011.35,1138011.35,0.0,0,0.1380113500000002
1138011.35,0.0,0.0,2025-04-16,0.0,-0.5898613962666219,0.0,0,0.0,0.0,1138011.35,1138011.35,0.0,0,0.1380113500000002
1138011.35,0.0,0.0,2025-04-17,0.0,-0.5898613962666219,0.0,0,0.0,0.0,1138011.35,1138011.35,0.0,0,0.1380113500000002
1138011.35,0.0,0.0,2025-04-18,0.0,-0.5898613962666219,0.0,0,0.0,0.0,1138011.35,1138011.35,0.0,0,0.1380113500000002
1138011.35,0.0,0.0,2025-04-21,0.0,-0.5898613962666219,0.0,0,0.0,0.0,1138011.35,1138011.35,0.0,0,0.1380113500000002
1138011.35,0.0,0.0,2025-04-22,0.0,-0.5898613962666219,0.0,0,0.0,0.0,1138011.35,1138011.35,0.0,0,0.1380113500000002
1138011.35,0.0,0.0,2025-04-23,0.0,-0.5898613962666219,0.0,0,0.0,0.0,1138011.35,1138011.35,0.0,0,0.1380113500000002
1138011.35,0.0,0.0,2025-04-24,0.0,-0.5898613962666219,0.0,0,0.0,0.0,1138011.35,1138011.35,0.0,0,0.1380113500000002
1138011.35,0.0,0.0,2025-04-25,0.0,-0.5898613962666219,0.0,0,0.0,0.0,1138011.35,1138011.35,0.0,0,0.1380113500000002
1138011.35,0.0,0.0,2025-04-28,0.0,-0.5898613962666219,0.0,0,0.0,0.0,1138011.35,1138011.35,0.0,0,0.1380113500000002
1138011.35,0.0,0.0,2025-04-29,0.0,-0.5898613962666219,0.0,0,0.0,0.0,1138011.35,1138011.35,0.0,0,0.1380113500000002
1138011.35,0.0,0.0,2025-04-30,0.0,-0.5898613962666219,0.0,0,0.0,0.0,1138011.35,1138011.35,0.0,0,0.1380113500000002
1138011.35,0.0,0.0,2025-05-02,0.0,-0.5898613962666219,0.0,0,0.0,0.0,1138011.35,1138011.35,0.0,0,0.1380113500000002
1138011.35,0.0,0.0,2025-05-05,0.0,-0.5898613962666219,0.0,0,0.0,0.0,1138011.35,1138011.35,0.0,0,0.1380113500000002
1138011.35,0.0,0.0,2025-05-06,0.0,-0.5898613962666219,0.0,0,0.0,0.0,1138011.35,1138011.35,0.0,0,0.1380113500000002
1138011.35,0.0,0.0,2025-05-07,0.0,-0.5898613962666219,0.0,0,0.0,0.0,1138011.35,1138011.35,0.0,0,0.1380113500000002
1138011.35,0.0,0.0,2025-05-08,0.0,-0.5898613962666219,0.0,0,0.0,0.0,1138011.35,1138011.35,0.0,0,0.1380113500000002
1138011.35,0.0,0.0,2025-05-09,0.0,-0.5898613962666219,0.0,0,0.0,0.0,1138011.35,1138011.35,0.0,0,0.1380113500000002
1138011.35,0.0,0.0,2025-05-12,0.0,-0.5898613962666219,0.0,0,0.0,0.0,1138011.35,1138011.35,0.0,0,0.1380113500000002
1138011.35,0.0,0.0,2025-05-13,0.0,-0.5898613962666219,0.0,0,0.0,0.0,1138011.35,1138011.35,0.0,0,0.1380113500000002
1138011.35,0.0,0.0,2025-05-14,0.0,-0.5898613962666219,0.0,0,0.0,0.0,1138011.35,1138011.35,0.0,0,0.1380113500000002
1138011.35,0.0,0.0,2025-05-15,0.0,-0.5898613962666219,0.0,0,0.0,0.0,1138011.35,1138011.35,0.0,0,0.1380113500000002
1138011.35,0.0,0.0,2025-05-16,0.0,-0.5898613962666219,0.0,0,0.0,0.0,1138011.35,1138011.35,0.0,0,0.1380113500000002
1138011.35,0.0,0.0,2025-05-19,0.0,-0.5898613962666219,0.0,0,0.0,0.0,1138011.35,1138011.35,0.0,0,0.1380113500000002
1138011.35,0.0,0.0,2025-05-20,0.0,-0.5898613962666219,0.0,0,0.0,0.0,1138011.35,1138011.35,0.0,0,0.1380113500000002
1138011.35,0.0,0.0,2025-05-21,0.0,-0.5898613962666219,0.0,0,0.0,0.0,1138011.35,1138011.35,0.0,0,0.1380113500000002
1138011.35,0.0,0.0,2025-05-22,0.0,-0.5898613962666219,0.0,0,0.0,0.0,1138011.35,1138011.35,0.0,0,0.1380113500000002
1138011.35,0.0,0.0,2025-05-23,0.0,-0.5898613962666219,0.0,0,0.0,0.0,1138011.35,1138011.35,0.0,0,0.1380113500000002
1138011.35,0.0,0.0,2025-05-26,0.0,-0.5898613962666219,0.0,0,0.0,0.0,1138011.35,1138011.35,0.0,0,0.1380113500000002
1138011.35,0.0,0.0,2025-05-27,0.0,-0.5898613962666219,0.0,0,0.0,0.0,1138011.35,1138011.35,0.0,0,0.1380113500000002
1138011.35,0.0,0.0,2025-05-28,0.0,-0.5898613962666219,0.0,0,0.0,0.0,1138011.35,1138011.35,0.0,0,0.1380113500000002
1138011.35,0.0,0.0,2025-05-29,0.0,-0.5898613962666219,0.0,0,0.0,0.0,1138011.35,1138011.35,0.0,0,0.1380113500000002
1138011.35,0.0,0.0,2025-06-02,0.0,-0.5898613962666219,0.0,0,0.0,0.0,1138011.35,1138011.35,0.0,0,0.1380113500000002
1138011.35,0.0,0.0,2025-06-03,0.0,-0.5898613962666219,0.0,0,0.0,0.0,1138011.35,1138011.35,0.0,0,0.1380113500000002
1138011.35,0.0,0.0,2025-06-04,0.0,-0.5898613962666219,0.0,0,0.0,0.0,1138011.35,1138011.35,0.0,0,0.1380113500000002
1138011.35,0.0,0.0,2025-06-05,0.0,-0.5898613962666219,0.0,0,0.0,0.0,1138011.35,1138011.35,0.0,0,0.1380113500000002
1138011.35,0.0,0.0,2025-06-06,0.0,-0.5898613962666219,0.0,0,0.0,0.0,1138011.35,1138011.35,0.0,0,0.1380113500000002
1138011.35,0.0,0.0,2025-06-09,0.0,-0.5898613962666219,0.0,0,0.0,0.0,1138011.35,1138011.35,0.0,0,0.1380113500000002
1138011.35,0.0,0.0,2025-06-10,0.0,-0.5898613962666219,0.0,0,0.0,0.0,1138011.35,1138011.35,0.0,0,0.1380113500000002
195005.4,5575.0,-0.005048631544843696,2025-06-11,0.0,-0.5919320349591883,-170.39999999999782,5,0.0,937260.55,1132265.95,1138011.35,0.0,0,0.13226594999999985
195005.4,0.0,0.016563820540571594,2025-06-12,0.0,-0.5851728704178961,0.0,5,18754.649999999907,956015.2,1151020.5999999999,1132265.95,0.0,0,0.15102059999999984
195005.4,0.0,-0.015377570132107055,2025-06-13,0.0,-0.5915519036957455,0.0,5,-17699.899999999907,938315.3,1133320.7,1151020.5999999999,0.0,0,0.13332069999999985
195005.4,0.0,0.01084503265492276,2025-06-16,0.0,-0.5871222707534849,0.0,5,12290.899999999907,950606.2,1145611.5999999999,1133320.7,0.0,0,0.14561159999999984
195005.4,0.0,-0.008877266955048202,2025-06-17,0.0,-0.5907874965758003,0.0,5,-10169.899999999907,940436.3,1135441.7,1145611.5999999999,0.0,0,0.1354416999999999
195005.4,0.0,0.008495592508184213,2025-06-18,0.0,-0.5873109938974543,0.0,5,9646.25,950082.55,1145087.95,1135441.7,0.0,0,0.14508794999999997
195005.4,0.0,-0.01868135980297414,2025-06-19,0.0,-0.5950205857071877,0.0,5,-21391.800000000047,928690.75,1123696.15,1145087.95,0.0,0,0.12369615
195005.4,0.0,0.006804508496358164,2025-06-20,0.0,-0.5922648998417822,0.0,5,7646.199999999953,936336.95,1131342.3499999999,1123696.15,0.0,0,0.13134234999999994
195005.4,0.0,0.00585083728192437,2025-06-23,0.0,-0.5898793081166274,0.0,5,6619.300000000047,942956.25,1137961.65,1131342.3499999999,0.0,0,0.13796164999999982
195005.4,0.0,0.012249797697488463,2025-06-24,0.0,-0.584855412609502,0.0,5,13939.800000000047,956896.05,1151901.45,1137961.65,0.0,0,0.15190145
195005.4,0.0,-0.0013202952387985079,2025-06-25,0.0,-0.5854035260316467,0.0,5,-1520.8500000000931,955375.2,1150380.5999999999,1151901.45,0.0,0,0.15038059999999986
195005.4,0.0,-0.010275642687298414,2025-06-26,0.0,-0.5896637712575592,0.0,5,-11820.899999999907,943554.3,1138559.7,1150380.5999999999,0.0,0,0.13855970000000006
195005.4,0.0,0.0033269226023018295,2025-06-27,0.0,-0.5882986143836129,0.0,5,3787.899999999907,947342.2,1142347.5999999999,1138559.7,0.0,0,0.1423475999999999
195005.4,0.0,-0.011660811472795074,2025-06-30,0.0,-0.593099386624374,0.0,5,-13320.699999999953,934021.5,1129026.9,1142347.5999999999,0.0,0,0.12902689999999994
195005.4,0.0,0.0016687822052778856,2025-07-01,0.0,-0.5924203581214561,0.0,5,1884.0999999999767,935905.6,1130911.0,1129026.9,0.0,0,0.130911
330852.4,1237.0,-0.01885351720869277,2025-07-02,0.0,-0.600104667913526,1948.0000000000064,5,-22032.650000000023,778736.95,1109589.35,1130911.0,0.0,0,0.10958935000000003
128542.72,1246.0,0.014365062173677057,2025-07-03,0.0,-0.5943601466051407,-258.37499999998374,6,17443.70000000007,996985.95,1125528.67,1109589.35,0.0,0,0.12552867
262517.77,1231.0,0.009533742041417659,2025-07-04,0.0,-0.5904928808811556,3310.850000000009,6,8650.650000000023,873741.3999999999,1136259.17,1125528.67,0.0,0,0.13625916999999999
70370.17,1283.0,-0.03455831295953371,2025-07-07,0.0,-0.6046447560628216,-7797.2,7,-30186.999999999884,1026621.8,1096991.97,1136259.17,0.0,0,0.09699196999999993
250589.05,1664.0,0.02151745923901327,2025-07-08,0.0,-0.5961377157164731,4242.175000000007,7,21026.29999999993,870007.4,1120596.45,1096991.97,0.0,0,0.12059644999999986
58955.95,1299.0,0.025600741462281196,2025-07-09,0.0,-0.5857985417901643,10356.1,7,19631.0,1090328.6,1149284.55,1120596.45,0.0,0,0.14928454999999996
64502.65,83.0,0.03554550524498046,2025-07-10,0.0,-0.571075541684888,55.70000000000021,6,40879.19999999995,1125633.8,1190136.45,1149284.55,0.0,0,0.19013645
66292.75,34.0,-0.022555648976216203,2025-07-11,0.0,-0.5807502112039573,11.599999999999959,6,-26821.90000000014,1096999.4,1163292.15,1190136.45,0.0,0,0.16329214999999997
66960.3,26.0,-0.011718939219180546,2025-07-14,0.0,-0.5856633739965125,-4.950000000000031,5,-13601.59999999986,1082699.3,1149659.6,1163292.15,0.0,0,0.14965960000000011
66960.3,0.0,0.02723023406232583,2025-07-15,0.0,-0.5743808906898431,0.0,5,31305.5,1114004.8,1180965.1,1149659.6,0.0,0,0.1809651000000001
66960.3,0.0,-0.000613142589903859,2025-07-16,0.0,-0.5746418558928381,0.0,5,-724.1000000000931,1113280.7,1180241.0,1180965.1,0.0,0,0.1802410000000001
267984.3,1810.0,-0.009943562374125303,2025-07-17,0.0,-0.5788714311301099,250.0,5,-10175.800000000047,900520.9,1168505.2,1180241.0,0.0,0,0.16850520000000002
227606.3,358.0,0.020794344774845763,2025-07-18,0.0,-0.570114338474492,535.0,5,24121.29999999993,965197.2,1192803.5,1168505.2,0.0,0,0.1928034999999999
227606.3,0.0,-0.010521598905435803,2025-07-21,0.0,-0.5746374229802613,0.0,5,-12550.199999999953,952647.0,1180253.3,1192803.5,0.0,0,0.18025329999999995
227606.3,0.0,-0.03925915733512464,2025-07-22,0.0,-0.5913367993159533,0.0,5,-46335.75,906311.25,1133917.55,1180253.3,0.0,0,0.13391755000000005
227606.3,0.0,-0.008857919167050698,2025-07-23,0.0,-0.5949567049141609,0.0,5,-10044.150000000023,896267.1,1123873.4,1133917.55,0.0,0,0.12387339999999991
227606.3,0.0,0.023600433999060977,2025-07-24,0.0,-0.5853975073617252,0.0,5,26523.900000000023,922791.0,1150397.3,1123873.4,0.0,0,0.15039730000000007
227606.3,0.0,0.015607651374007991,2025-07-25,0.0,-0.5789265361978324,0.0,5,17955.0,940746.0,1168352.3,1150397.3,0.0,0,0.1683523
227606.3,0.0,0.03611547647058155,2025-07-28,0.0,-0.563719267423499,0.0,5,42195.59999999998,982941.6,1210547.9,1168352.3,0.0,0,0.2105478999999999
227606.3,0.0,0.003174017318934741,2025-07-29,0.0,-0.5623345048223836,0.0,5,3842.3000000000466,986783.9,1214390.2,1210547.9,0.0,0,0.21439019999999998
227606.3,0.0,-0.003984221875308225,2025-07-30,0.0,-0.5640782612623378,0.0,5,-4838.400000000023,981945.5,1209551.8,1214390.2,0.0,0,0.20955180000000007
227606.3,0.0,0.03568478836540945,2025-07-31,0.0,-0.5485224862716032,0.0,5,43162.60000000009,1025108.1000000001,1252714.4000000001,1209551.8,0.0,0,0.2527144000000001
227606.3,0.0,0.01297095331545628,2025-08-01,0.0,-0.5426663925180537,0.0,5,16248.899999999907,1041357.0,1268963.3,1252714.4000000001,0.0,0,0.2689633
227606.3,0.0,-0.01855664383674449,2025-08-04,0.0,-0.5511529693866697,0.0,5,-23547.699999999953,1017809.3,1245415.6,1268963.3,0.0,0,0.24541560000000007
227606.3,0.0,-0.014229386559795776,2025-08-05,0.0,-0.5575397872914833,0.0,5,-17721.5,1000087.8,1227694.1,1245415.6,0.0,0,0.22769410000000012
408686.3,1630.0,0.02504386068158171,2025-08-06,0.0,-0.5464588753672681,-1682.0,5,34058.19999999995,849754.0,1258440.3,1227694.1,0.0,0,0.25844029999999996
458745.3,452.0,0.027213289339192315,2025-08-07,0.0,-0.5341165295154149,-829.5,4,35527.80000000005,833941.3,1292686.6,1258440.3,0.0,0,0.29268660000000013
245420.3,1528.0,0.01251888895576081,2025-08-08,0.0,-0.5282841860820939,-5441.499999999984,5,23152.5,1063449.3,1308869.6,1292686.6,0.0,0,0.3088696000000002
469899.3,2022.0,-0.005338423323454133,2025-08-11,0.0,-0.5308024047851554,-9423.0,4,4457.699999999953,831983.0,1301882.3,1308869.6,0.0,0,0.30188229999999994
314658.3,916.0,0.0047392917163096016,2025-08-12,0.0,-0.5285787405088413,2540.0,5,4546.0,993394.0,1308052.3,1301882.3,0.0,0,0.30805229999999995
346092.3,283.0,0.021205191871915163,2025-08-13,0.0,-0.5185821622488314,322.0,5,27698.5,989697.5,1335789.8,1308052.3,0.0,0,0.33578980000000014
98200.47,1591.0,0.037617947075205826,2025-08-14,0.0,-0.5004722115072479,5357.674999999999,5,46483.0,1287839.0,1386039.47,1335789.8,0.0,0,0.38603947000000005
98200.47,0.0,0.023226683436367246,2025-08-15,0.0,-0.48886983769625814,0.0,5,32193.100000000093,1320032.1,1418232.57,1386039.47,0.0,0,0.41823257
98200.47,0.0,0.08561825653179,2025-08-18,0.0,-0.4451077643390009,0.0,5,121426.59999999986,1441458.7,1539659.17,1418232.57,0.0,0,0.53965917
98200.47,0.0,-0.04815215045288246,2025-08-19,0.0,-0.47182701875568567,0.0,5,-74137.90000000014,1367320.7999999998,1465521.2699999998,1539659.17,0.0,0,0.46552126999999976
98200.47,0.0,-0.032769364036592696,2025-08-20,0.0,-0.4891349114523731,0.0,5,-48024.19999999972,1319296.6,1417497.07,1465521.2699999998,0.0,0,0.41749707
98200.47,0.0,0.04253190449275501,2025-08-21,0.0,-0.46740684629758256,0.0,5,60288.85000000009,1379585.4500000002,1477785.9200000002,1417497.07,0.0,0,0.4777859200000001
98200.47,0.0,-0.0407574596461171,2025-08-22,0.0,-0.4891139902674071,0.0,5,-60230.80000000005,1319354.6500000001,1417555.12,1477785.9200000002,0.0,0,0.41755512000000006
98200.47,0.0,-0.012981011983505986,2025-08-25,0.0,-0.4957458076819514,0.0,5,-18401.30000000028,1300953.3499999999,1399153.8199999998,1417555.12,0.0,0,0.39915381999999977
98200.47,0.0,-0.028259330342963906,2025-08-26,0.0,-0.5099956934794916,0.0,5,-39539.14999999991,1261414.2,1359614.67,1399153.8199999998,0.0,0,0.35961467
325159.37,2060.0,0.05084094892856683,2025-08-27,0.0,-0.48508340955690477,1236.09999999998,5,69948.00000000023,1103579.4000000001,1428738.77,1359614.67,0.0,0,0.42873877000000005
66669.92,1558.0,0.016623857697932953,2025-08-28,0.0,-0.4765235094310738,-6665.45,6,31974.59999999986,1385820.0,1452489.92,1428738.77,0.0,0,0.4524899199999999
69206.92,39.0,0.01994747061652591,2025-08-29,0.0,-0.4660814775170081,-63.99999999999977,6,29076.5,1412256.5,1481463.42,1452489.92,0.0,0,0.48146341999999986
72316.52,44.0,-0.06178930830435214,2025-09-01,0.0,-0.4990719337121138,-91.19999999999959,6,-91403.3999999999,1317608.3,1389924.82,1481463.42,0.0,0,0.38992482000000006
73141.37,26.0,-0.014919476004464749,2025-09-02,0.0,-0.5065455179770588,27.950000000000074,5,-20738.90000000014,1296046.5,1369187.87,1389924.82,0.0,0,0.3691878700000002
73141.37,0.0,0.017880672577095025,2025-09-03,0.0,-0.4977222199523067,0.0,5,24482.0,1320528.5,1393669.87,1369187.87,0.0,0,0.3936698700000001
73141.37,0.0,-0.019230881413831558,2025-09-04,0.0,-0.5073814643772064,0.0,5,-26801.5,1293727.0,1366868.37,1393669.87,0.0,0,0.36686837000000017
227589.12,1390.0,0.035465046279474555,2025-09-05,0.0,-0.4899107252132171,-1063.4500000000064,5,50929.5,1187755.3,1415344.42,1366868.37,0.0,0,0.4153444199999998
335356.22,4117.0,0.029044803101707206,2025-09-08,0.0,-0.47509528266274237,12350.100000000002,4,32875.30000000005,1121096.6,1456452.82,1415344.42,0.0,0,0.45645282
57618.22,1637.0,0.025447442918199004,2025-09-09,0.0,-0.4617377998308091,13380.5,5,25319.5,1435897.6,1493515.82,1456452.82,0.0,0,0.49351582000000005
57618.22,0.0,0.032249340351814926,2025-09-10,0.0,-0.4443791989390361,0.0,5,48164.89999999991,1484062.5,1541680.72,1493515.82,0.0,0,0.54168072
57618.22,0.0,-0.0521964755452089,2025-09-11,0.0,-0.4733806464940241,0.0,5,-80470.30000000005,1403592.2,1461210.42,1541680.72,0.0,0,0.46121042
440193.37,3445.0,-0.04932592117704704,2025-09-12,0.0,-0.49935663121536733,16415.25,4,-85045.80000000005,948941.5,1389134.87,1461210.42,0.0,0,0.38913487000000013
198729.12,1423.0,-0.06268559797940998,2025-09-15,0.0,-0.5307397601620583,-9191.250000000022,5,-76464.5,1103327.0,1302056.12,1389134.87,0.0,0,0.30205612000000004
659270.12,4146.0,0.007005458412959964,2025-09-16,0.0,-0.5274523770670181,-1383.0,3,14650.5,651907.5,1311177.62,1302056.12,0.0,0,0.31117762000000004
171822.59,2873.0,-0.012042327263029451,2025-09-17,0.0,-0.5331429501897437,16113.374999999964,5,-29030.0,1123565.4,1295387.99,1311177.62,0.0,0,0.29538799000000004
373846.59,1820.0,0.030684551892441236,2025-09-18,0.0,-0.5188176508184887,-7458.0,5,49026.40000000014,961289.8,1335136.3900000001,1295387.99,0.0,0,0.3351363900000002
135693.04,1512.0,-0.0022792802464174367,2025-09-19,0.0,-0.5199144002419029,-7442.84999999997,5,5911.699999999953,1196400.2,1332093.24,1335136.3900000001,0.0,0,0.33209324000000007
135693.04,0.0,0.01693646459762821,2025-09-22,0.0,-0.5117834474777688,0.0,5,22560.949999999953,1218961.15,1354654.19,1332093.24,0.0,0,0.35465419
135693.04,0.0,0.002013318247662932,2025-09-23,0.0,-0.5108005121837647,0.0,5,2727.350000000093,1221688.5,1357381.54,1354654.19,0.0,0,0.35738154
135693.04,0.0,-0.029660451990528802,2025-09-24,0.0,-0.5253103901059295,0.0,5,-40260.55000000005,1181427.95,1317120.99,1357381.54,0.0,0,0.31712099000000005
481724.79,3117.0,-0.022933428462027727,2025-09-25,0.0,-0.536196650316103,5821.250000000009,4,-32910.35000000009,805190.0999999999,1286914.89,1317120.99,0.0,0,0.2869148899999998
96394.56,2516.0,-0.03648666307684112,2025-09-26,0.0,-0.5531192868699296,-4603.225000000018,6,-39836.0,1143565.0999999999,1239959.66,1286914.89,0.0,0,0.23995966000000002
114439.56,162.0,0.04924454558465241,2025-09-30,0.0,-0.5311128492212938,-76.5,6,61299.75000000023,1186581.35,1301020.9100000001,1239959.66,0.0,0,0.3010209100000001
120292.31,64.0,-0.005473086516342041,2025-10-01,0.0,-0.5336791091639068,-12.25,5,-7044.350000000093,1173608.0,1293900.31,1301020.9100000001,0.0,0,0.29390031000000016
120292.31,0.0,0.02302669670123203,2025-10-02,0.0,-0.5229412794451758,0.0,5,29794.25,1203402.25,1323694.56,1293900.31,0.0,0,0.3236945600000001
120292.31,0.0,0.024682771227827693,2025-10-03,0.0,-0.5111661481834809,0.0,5,32672.449999999953,1236074.7,1356367.01,1323694.56,0.0,0,0.35636701000000004
120292.31,0.0,0.03998220953486631,2025-10-07,0.0,-0.4916214906924171,0.0,5,54230.55000000005,1290305.25,1410597.56,1356367.01,0.0,0,0.41059756000000003
120292.31,0.0,-0.018493651725868476,2025-10-08,0.0,-0.5010232657884677,0.0,5,-26087.09999999986,1264218.1500000001,1384510.4600000002,1410597.56,0.0,0,0.3845104600000002
120292.31,0.0,0.03701517719122149,2025-10-09,0.0,-0.48255355355733076,0.0,5,51247.899999999674,1315466.0499999998,1435758.3599999999,1384510.4600000002,0.0,0,0.4357583599999999
120292.31,0.0,-0.026894010214922104,2025-10-13,0.0,-0.49646976357363504,0.0,5,-38613.299999999814,1276852.75,1397145.06,1435758.3599999999,0.0,0,0.39714506000000016
120292.31,0.0,-0.04813118689336393,2025-10-14,0.0,-0.5207052714895322,0.0,5,-67246.25000000023,1209606.4999999998,1329898.8099999998,1397145.06,0.0,0,0.32989880999999976
423325.66,2768.0,0.002268894428140822,2025-10-15,0.0,-0.5196178023505775,-12025.19999999999,4,17810.600000000093,909590.55,1332916.21,1329898.8099999998,0.0,0,0.33291621000000005
227020.06,1908.0,0.05105729789271618,2025-10-16,0.0,-0.49509078538283335,5926.4000000000015,5,64036.69999999995,1173951.25,1400971.31,1332916.21,0.0,0,0.4009713100000001
17969.01,1260.0,0.012748048352253516,2025-10-17,0.0,-0.48865417830139535,-945.75,6,20065.399999999907,1400861.95,1418830.96,1400971.31,0.0,0,0.41883096
18069.76,21.0,0.016695188269644223,2025-10-20,0.0,-0.4801171635372412,1.750000000000007,5,23706.90000000014,1424448.85,1442518.61,1418830.96,0.0,0,0.44251861000000003
18069.76,0.0,-0.014305707986671967,2025-10-21,0.0,-0.4875544555829602,0.0,5,-20636.25,1403812.6,1421882.36,1442518.61,0.0,0,0.4218823600000001
18069.76,0.0,0.01180783338503466,2025-10-22,0.0,-0.48150358397558046,0.0,5,16789.34999999986,1420601.95,1438671.71,1421882.36,0.0,0,0.43867170999999994
226988.76,1881.0,0.0016017205203819884,2025-10-23,0.0,-0.4806730976262896,5580.0,4,-1394.6499999999069,1213987.3,1440976.06,1438671.71,0.0,0,0.4409760600000001
43499.31,1088.0,0.06722079060772179,2025-10-27,0.0,-0.4457635326648697,-4398.049999999971,5,102349.59999999986,1494340.2999999998,1537839.6099999999,1440976.06,0.0,0,0.5378396099999998
43499.31,0.0,0.0056514346122220616,2025-10-28,0.0,-0.4426313015100162,0.0,5,8691.000000000233,1503031.3,1546530.61,1537839.6099999999,0.0,0,0.54653061
43499.31,0.0,-0.0026053153904272985,2025-10-29,0.0,-0.44408342275833457,0.0,5,-4029.1999999999534,1499002.1,1542501.4100000001,1546530.61,0.0,0,0.5425014100000001
189667.11,1325.0,0.008565891683690596,2025-10-30,0.0,-0.4393215015725145,-5156.999999999989,4,19694.899999999907,1366047.2,1555714.31,1542501.4100000001,0.0,0,0.5557143100000002
26621.11,961.0,-0.0017766758216680723,2025-10-31,0.0,-0.4403176455043998,1925.0,5,-3728.0,1526329.2,1552950.31,1555714.31,0.0,0,0.55295031
26621.11,0.0,0.037250644548955325,2025-11-03,0.0,-0.4194691170567617,0.0,5,57848.40000000014,1584177.6,1610798.7100000002,1552950.31,0.0,0,0.6107987100000003
26621.11,0.0,-0.06401420572282435,2025-11-04,0.0,-0.456631340425943,0.0,5,-103114.0,1481063.6,1507684.7100000002,1610798.7100000002,0.0,0,0.5076847100000002
177641.11,1362.0,0.039916369517337236,2025-11-05,0.0,-0.4349420362262446,-2926.0000000000123,5,64469.299999999814,1390224.9,1567866.0099999998,1507684.7100000002,0.0,0,0.5678660099999997
25427.51,1169.0,0.05460185975968712,2025-11-06,0.0,-0.40408882053217565,7487.799999999992,5,79289.6000000001,1628046.9,1653474.41,1567866.0099999998,0.0,0,0.6534744099999998
25427.51,0.0,-0.013988362843789015,2025-11-07,0.0,-0.41242464233324183,0.0,5,-23129.399999999907,1604917.5,1630345.01,1653474.41,0.0,0,0.6303450100000001
25427.51,0.0,0.08382342336239601,2025-11-10,0.0,-0.36317206437022986,0.0,5,136661.09999999986,1741578.5999999999,1767006.1099999999,1630345.01,0.0,0,0.7670061099999999
25427.51,0.0,0.012177518729689085,2025-11-11,0.0,-0.3554170802565091,0.0,5,21517.750000000233,1763096.35,1788523.86,1767006.1099999999,0.0,0,0.7885238600000002
25427.51,0.0,0.009771326170622041,2025-11-12,0.0,-0.3491186503036836,0.0,5,17476.249999999767,1780572.5999999999,1806000.1099999999,1788523.86,0.0,0,0.8060001099999998
25427.51,0.0,-9.562568631282797e-05,2025-11-13,0.0,-0.3491808912794565,0.0,5,-172.6999999997206,1780399.9000000001,1805827.4100000001,1806000.1099999999,0.0,0,0.8058274100000002
25427.51,0.0,-0.04284781013485672,2025-11-14,0.0,-0.377067064882051,0.0,5,-77375.75,1703024.1500000001,1728451.6600000001,1805827.4100000001,0.0,0,0.7284516600000002
25427.51,0.0,0.04880717925313571,2025-11-17,0.0,-0.3466634654550673,0.0,5,84360.8500000001,1787385.0000000002,1812812.5100000002,1728451.6600000001,0.0,0,0.8128125100000003
25427.51,0.0,-0.054811294302023694,2025-11-18,0.0,-0.38247368652827385,0.0,5,-99362.60000000033,1688022.4,1713449.91,1812812.5100000002,0.0,0,0.71344991
25427.51,0.0,-0.028929442121830018,2025-11-19,0.0,-0.40033837827256125,0.0,5,-49569.14999999991,1638453.25,1663880.76,1713449.91,0.0,0,0.6638807600000001
169827.36,1301.0,-0.007618514682506516,2025-11-20,0.0,-0.4049069091422274,-3323.9499999999994,5,-8051.350000000093,1481377.1,1651204.46,1663880.76,0.0,0,0.65120446
28861.61,992.0,-0.08535805432599175,2025-11-21,0.0,-0.4557028975206875,-1318.7499999999993,6,-138632.8500000001,1481399.25,1510260.86,1651204.46,0.0,0,0.51026086
32361.39,46.0,0.01823071148119393,2025-11-24,0.0,-0.4457799740853373,159.9750000000001,5,27419.15000000014,1505432.6,1537793.99,1510260.86,0.0,0,0.5377939899999999
234175.39,1819.0,0.02971262750220527,2025-11-25,0.0,-0.42931264090107224,3785.0,5,43725.89999999991,1349310.5,1583485.8900000001,1537793.99,0.0,0,0.5834858900000002
73510.64,1708.0,-0.04816724322058852,2025-11-26,0.0,-0.4568010777297057,-1339.25,5,-73224.8999999999,1433703.1,1507213.74,1583485.8900000001,0.0,0,0.5072137400000001
73510.64,0.0,0.04432868293782932,2025-11-27,0.0,-0.43272178493221525,0.0,5,66812.79999999981,1500515.9,1574026.5399999998,1507213.74,0.0,0,0.5740265399999998
243687.64,1533.0,0.03331779907599297,2025-11-28,0.0,-0.41382132334239896,-770.0,4,54746.10000000009,1382782.0,1626469.6400000001,1574026.5399999998,0.0,0,0.62646964
17791.09,1341.0,0.0048441113232216,2025-12-01,0.0,-0.41098180857737077,-12593.800000000012,5,21813.600000000093,1616557.35,1634348.4400000002,1626469.6400000001,0.0,0,0.6343484400000001
17791.09,0.0,0.018614971725368523,2025-12-02,0.0,-0.4000172515983109,0.0,5,30423.350000000093,1646980.7000000002,1664771.7900000003,1634348.4400000002,0.0,0,0.6647717900000003
17791.09,0.0,0.00196828779757241,2025-12-03,0.0,-0.39883631287587795,0.0,5,3276.749999999767,1650257.45,1668048.54,1664771.7900000003,0.0,0,0.66804854
17791.09,0.0,-0.0010947822897287018,2025-12-04,0.0,-0.39949445623376945,0.0,5,-1826.1499999999069,1648431.3,1666222.3900000001,1668048.54,0.0,0,0.6662223900000002
519240.49,4516.0,0.010835108271471494,2025-12-05,0.0,-0.3929879136494435,-18778.40000000002,4,41348.09999999986,1165035.6,1684276.09,1666222.3900000001,0.0,0,0.68427609
211882.74,1826.0,0.036812848183340297,2025-12-08,0.0,-0.3706420698691678,-4036.75000000002,5,67865.75,1534396.35,1746279.09,1684276.09,0.0,0,0.74627909
211882.74,0.0,0.04035895545196033,2025-12-09,0.0,-0.3452418412036795,0.0,5,70478.0,1604874.35,1816757.09,1746279.09,0.0,0,0.8167570900000001
750748.49,4853.0,-0.0028551147693609558,2025-12-10,0.0,-0.3471112508932185,9418.75,4,-9752.80000000028,1060821.5499999998,1811570.0399999998,1816757.09,0.0,0,0.8115700399999999
417608.24,1963.0,0.0003985769161871655,2025-12-11,0.0,-0.3468510245089862,-7463.75,5,10148.80000000028,1394683.85,1812292.09,1811570.0399999998,0.0,0,0.8122920900000001
417608.24,0.0,0.02021696734327172,2025-12-12,0.0,-0.33364633300119295,0.0,5,36639.049999999814,1431322.9,1848931.14,1812292.09,0.0,0,0.8489311399999999
417608.24,0.0,-0.007643713545762321,2025-12-15,0.0,-0.3387397495519001,0.0,5,-14132.69999999972,1417190.2000000002,1834798.4400000002,1848931.14,0.0,0,0.8347984400000001
417608.24,0.0,-0.035634486368976925,2025-12-16,0.0,-0.3623034189328391,0.0,5,-65382.10000000009,1351808.1,1769416.34,1834798.4400000002,0.0,0,0.76941634
417608.24,0.0,0.019350646439718178,2025-12-17,0.0,-0.34996357785679144,0.0,5,34239.35000000009,1386047.4500000002,1803655.6900000002,1769416.34,0.0,0,0.8036556900000003
417608.24,0.0,-0.02203779813429929,2025-12-18,0.0,-0.36428894930792566,0.0,5,-39748.600000000326,1346298.8499999999,1763907.0899999999,1803655.6900000002,0.0,0,0.7639070899999998
417608.24,0.0,0.017869450255455277,2025-12-19,0.0,-0.35292914231074035,0.0,5,31520.050000000047,1377818.9,1795427.14,1763907.0899999999,0.0,0,0.7954271399999999
417608.24,0.0,0.05039149068449533,2025-12-22,0.0,-0.32032227721328366,0.0,5,90474.25,1468293.15,1885901.39,1795427.14,0.0,0,0.8859013899999999
417608.24,0.0,0.018153838891862728,2025-12-23,0.0,-0.3079835173354255,0.0,5,34236.35000000009,1502529.5,1920137.74,1885901.39,0.0,0,0.9201377399999999
417608.24,0.0,-0.006660355522203343,2025-12-24,0.0,-0.31259259313719623,0.0,5,-12788.800000000047,1489740.7,1907348.94,1920137.74,0.0,0,0.9073489399999999
417608.24,0.0,0.0061753776422261986,2025-12-26,0.0,-0.30834759280575497,0.0,5,11778.59999999986,1501519.2999999998,1919127.5399999998,1907348.94,0.0,0,0.9191275399999999
417608.24,0.0,-0.034705457876968215,2025-12-29,0.0,-0.33235170628913846,0.0,5,-66604.19999999972,1434915.1,1852523.34,1919127.5399999998,0.0,0,0.8525233400000001
417608.24,0.0,0.0006244185835737603,2025-12-30,0.0,-0.33193481428725413,0.0,5,1156.75,1436071.85,1853680.09,1852523.34,0.0,0,0.8536800900000001
417608.24,0.0,-0.008246217932890487,2025-12-31,0.0,-0.33744382540201845,0.0,5,-15285.850000000093,1420786.0,1838394.24,1853680.09,0.0,0,0.83839424
720625.04,2744.0,0.004849150310653805,2026-01-02,0.0,-0.33423099092214104,2492.29999999996,4,9166.350000000093,1126683.85,1847308.8900000001,1838394.24,0.0,0,0.8473088900000001
400678.16,1885.0,-0.011198441209255616,2026-01-05,0.0,-0.34168656602924385,14533.125000000004,5,-33335.10000000009,1425943.75,1826621.91,1847308.8900000001,0.0,0,0.8266219099999998
631078.09,2083.0,-0.004856270447341826,2026-01-06,0.0,-0.3448835141037241,-3703.02500000002,4,-3084.5500000000466,1186673.25,1817751.3399999999,1826621.91,0.0,0,0.8177513399999998
289004.79,2017.0,0.0003373673761122298,2026-01-07,0.0,-0.3446624991738294,-3758.500000000034,5,6388.75,1529359.8,1818364.59,1817751.3399999999,0.0,0,0.8183645900000001
289004.79,0.0,0.0186744727579633,2026-01-08,0.0,-0.33242441686737945,0.0,5,33957.0,1563316.8,1852321.59,1818364.59,0.0,0,0.8523215900000001
600530.29,2805.0,0.007678418303162848,2026-01-09,0.0,-0.3272984922911092,-2559.0,4,19586.899999999907,1266014.2,1866544.49,1852321.59,0.0,0,0.8665444899999999
264299.29,1981.0,0.060623226827023036,2026-01-12,0.0,-0.2865171562023928,13750.0,5,101386.94999999995,1715401.15,1979700.44,1866544.49,0.0,0,0.97970044
264299.29,0.0,0.02453570702848351,2026-01-13,0.0,-0.2690113501771253,0.0,5,48573.35000000009,1763974.5,2028273.79,1979700.44,0.0,0,1.02827379
264299.29,0.0,0.04611566764859676,2026-01-14,0.0,-0.23530132054699715,0.0,5,93535.19999999995,1857509.7,2121808.9899999998,2028273.79,0.0,0,1.12180899
264299.29,0.0,-0.0006172091862046702,2026-01-15,0.0,-0.23577329959663418,0.0,5,-1309.5999999998603,1856200.1,2120499.39,2121808.9899999998,0.0,0,1.12049939
264299.29,0.0,0.007844803011237689,2026-01-16,0.0,-0.22977809167604146,0.0,5,16634.899999999907,1872835.0,2137134.29,2120499.39,0.0,0,1.13713429
264299.29,0.0,0.026479384222504843,2026-01-19,0.0,-0.2093830898289405,0.0,5,56590.0,1929425.0,2193724.29,2137134.29,0.0,0,1.19372429
264299.29,0.0,0.021561734177634406,2026-01-20,0.0,-0.1923360181754894,0.0,5,47300.5,1976725.5,2241024.79,2193724.29,0.0,0,1.24102479
264299.29,0.0,-0.019389522237279633,2026-01-21,0.0,-0.20799623691132552,0.0,5,-43452.39999999991,1933273.1,2197572.39,2241024.79,0.0,0,1.19757239
264299.29,0.0,0.0019445548276113556,2026-01-22,0.0,-0.20645614217032515,0.0,5,4273.299999999814,1937546.4,2201845.69,2197572.39,0.0,0,1.2018456899999999
264299.29,0.0,-0.03156937850626573,2026-01-23,0.0,-0.2315078285794725,0.0,5,-69510.8999999999,1868035.5,2132334.79,2201845.69,0.0,0,1.1323347900000003
264299.29,0.0,0.02458525755235641,2026-01-26,0.0,-0.2126142506181291,0.0,5,52424.0,1920459.5,2184758.79,2132334.79,0.0,0,1.18475879
264299.29,0.0,-0.015492007701225607,2026-01-27,0.0,-0.2248124367113884,0.0,5,-33846.30000000005,1886613.2,2150912.4899999998,2184758.79,0.0,0,1.1509124899999996
264299.29,0.0,0.034667612163059136,2026-01-28,0.0,-0.19793853491367186,0.0,5,74567.0,1961180.2,2225479.4899999998,2150912.4899999998,0.0,0,1.2254794899999997
264299.29,0.0,-0.026092534332904593,2026-01-29,0.0,-0.2188663512285366,0.0,5,-58068.39999999991,1903111.8,2167411.09,2225479.4899999998,0.0,0,1.1674110899999999
264299.29,0.0,-0.03250636223329462,2026-01-30,0.0,-0.2442581645681169,0.0,5,-70454.65000000014,1832657.15,2096956.44,2167411.09,0.0,0,1.09695644
516440.24,2271.0,-0.04635642312150268,2026-02-02,0.0,-0.2792916528620183,3426.050000000019,5,-98362.44999999995,1483308.8,1999749.04,2096956.44,0.0,0,0.99974904
179179.19,2068.0,-0.010801180332108196,2026-02-03,0.0,-0.28707615368631123,-11009.14999999997,5,-8522.5,1798970.2,1978149.39,1999749.04,0.0,0,0.97814939
474014.59,2656.0,0.016359836200237732,2026-02-04,0.0,-0.2754128363373758,600.0000000000227,4,34418.19999999995,1536497.0,2010511.59,1978149.39,0.0,0,1.0105115900000001
112752.09,2129.0,-0.0228009130750646,2026-02-05,0.0,-0.291934085271355,-21125.5,5,-22587.0,1851918.0,1964670.09,2010511.59,0.0,0,0.96467009
112752.09,0.0,-0.056553133559436475,2026-02-06,0.0,-0.33197743151588854,0.0,5,-111108.25,1740809.75,1853561.84,1964670.09,0.0,0,0.85356184
478298.09,3293.0,-0.00027743881477404475,2026-02-09,0.0,-0.33216276690553115,-5540.5,4,8319.25,1374749.5,1853047.59,1853561.84,0.0,0,0.8530475900000001
393560.34,4457.0,-0.018689293349449243,2026-02-10,0.0,-0.3446441728645181,12354.85000000002,5,-42530.0,1424855.1,1818415.4400000002,1853047.59,0.0,0,0.8184154400000001
76341.74,1963.0,0.0076886720671485165,2026-02-11,0.0,-0.33960535682237847,7602.800000000001,6,8341.399999999907,1756054.9,1832396.64,1818415.4400000002,0.0,0,0.8323966399999998
353480.54,2511.0,0.05773037763265054,2026-02-23,0.0,-0.30148052468515485,-12695.599999999999,6,120991.55000000005,1584701.05,1938181.59,1832396.64,0.0,0,0.9381815900000001
53770.94,2189.0,0.057989122680708105,2026-02-24,0.0,-0.26097399313625846,-1873.400000000022,6,116455.84999999986,1996804.0999999999,2050575.0399999998,1938181.59,0.0,0,1.05057504
432743.94,3432.0,0.02632537163819193,2026-02-25,0.0,-0.24151885885528157,6354.199999999962,5,51059.94999999995,1671813.25,2104557.19,2050575.0399999998,0.0,0,1.10455719
61171.74,2375.0,0.0333587275905769,2026-02-26,0.0,-0.21621689308524494,11410.800000000047,6,61169.55000000005,2113590.8,2174762.54,2104557.19,0.0,0,1.1747625400000001
523303.92,4180.0,0.013205984318637398,2026-03-02,0.0,-0.20586626566611588,-30496.325000000044,4,63396.200000000186,1680178.5,2203482.42,2174762.54,0.0,0,1.2034824199999998
99204.92,2499.0,-0.023825876495987663,2026-03-03,0.0,-0.22478719794165236,5599.999999999965,5,-55600.90000000014,2051777.5999999999,2150982.52,2203482.42,0.0,0,1.15098252
99204.92,0.0,-0.0506102671629336,2026-03-04,0.0,-0.26402092496195173,0.0,5,-108861.79999999981,1942915.8,2042120.72,2150982.52,0.0,0,1.0421207199999998
392344.12,2648.0,0.006732951615123106,2026-03-05,0.0,-0.2590656134599775,-3079.200000000008,4,19476.699999999953,1663526.1,2055870.2200000002,2042120.72,0.0,0,1.05587022
905543.12,4638.0,0.0054508790929419515,2026-03-06,0.0,-0.2550268697031448,-9954.400000000005,3,25798.699999999953,1161533.4,2067076.52,2055870.2200000002,0.0,0,1.06707652
364191.89,5453.0,-0.0015092716548298357,2026-03-09,0.0,-0.25615123653231164,-11377.975000000031,5,13711.200000000186,1699764.8499999999,2063956.7399999998,2067076.52,0.0,0,1.0639567399999996
113128.89,1504.0,0.0530334032097981,2026-03-10,0.0,-0.21670240513222006,6487.4,5,104475.25000000023,2060286.5,2173415.39,2063956.7399999998,0.0,0,1.1734153900000002
113128.89,0.0,0.0454033777684808,2026-03-11,0.0,-0.18113804852729587,0.0,5,98680.3999999999,2158966.9,2272095.79,2173415.39,0.0,0,1.2720957899999998
113128.89,0.0,-0.034440625410427694,2026-03-12,0.0,-0.20934016626081908,0.0,5,-78252.3999999999,2080714.5,2193843.39,2272095.79,0.0,0,1.19384339
113128.89,0.0,0.033457834927770325,2026-03-13,0.0,-0.18288640005955525,0.0,5,73401.25,2154115.75,2267244.64,2193843.39,0.0,0,1.26724464
113128.89,0.0,0.03206537517715757,2026-03-16,0.0,-0.15668534591510697,0.0,5,72700.04999999981,2226815.8,2339944.69,2267244.64,0.0,0,1.3399446899999998
113128.89,0.0,0.024787295292864497,2026-03-17,0.0,-0.1357818565595048,0.0,5,58000.90000000037,2284816.7,2397945.5900000003,2339944.69,0.0,0,1.3979455900000004
113128.89,0.0,0.07947842970031682,2026-03-18,0.0,-0.06709515560033119,0.0,5,190584.94999999972,2475401.65,2588530.54,2397945.5900000003,0.0,0,1.5885305399999998
113128.89,0.0,0.07156266736570926,2026-03-19,0.0,-0.0003339965366988551,0.0,5,185242.1499999999,2660643.8,2773772.69,2588530.54,0.0,0,1.77377269
113128.89,0.0,-0.014572499089678392,2026-03-20,0.0,-0.014901628462150263,0.0,5,-40420.799999999814,2620223.0,2733351.89,2773772.69,0.0,0,1.7333518900000002
113128.89,0.0,-0.09030348448841696,2026-03-23,0.0,-0.1038594439758832,0.0,5,-246831.2000000002,2373391.8,2486520.69,2733351.89,0.0,0,1.4865206899999999
113128.89,0.0,-0.07694993279947315,2026-03-24,0.0,-0.17281739954082154,0.0,5,-191337.59999999963,2182054.2,2295183.0900000003,2486520.69,0.0,0,1.2951830900000005
113128.89,0.0,0.02280377989365534,2026-03-25,0.0,-0.1539545095880891,0.0,5,52338.84999999963,2234393.05,2347521.94,2295183.0900000003,0.0,0,1.34752194
113128.89,0.0,-0.003999579232899397,2026-03-26,0.0,-0.15733833556162868,0.0,5,-9389.099999999627,2225003.95,2338132.8400000003,2347521.94,0.0,0,1.33813284
113128.89,0.0,-0.03145783624509546,2026-03-27,0.0,-0.1838466482115506,0.0,5,-73552.6000000001,2151451.35,2264580.24,2338132.8400000003,0.0,0,1.2645802400000004
113128.89,0.0,0.009400020199769932,2026-03-30,0.0,-0.17617479021862914,0.0,5,21287.100000000093,2172738.45,2285867.3400000003,2264580.24,0.0,0,1.2858673400000002
477884.49,3286.0,-0.06976660334103235,2026-03-31,0.0,-0.23365027685178874,12762.399999999987,4,-168953.60000000033,1648505.65,2126390.1399999997,2285867.3400000003,0.0,0,1.1263901399999998
408960.92,4874.0,0.05317837863939712,2026-04-01,0.0,-0.19289704110401606,-8181.274999999956,4,126133.25,1830507.2,2239468.12,2126390.1399999997,0.0,0,1.2394681200000002
29058.42,2240.0,-0.03119146880286927,2026-04-02,0.0,-0.21807176786712368,-11229.300000000027,5,-56383.0,2140557.4,2169615.82,2239468.12,0.0,0,1.1696158199999998
29058.42,0.0,0.05111499417440646,2026-04-07,0.0,-0.17810351083684783,0.0,5,110899.8999999999,2251457.3,2280515.7199999997,2169615.82,0.0,0,1.28051572
29058.42,0.0,0.06501634639028064,2026-04-08,0.0,-0.12466680400046071,0.0,5,148270.80000000028,2399728.1,2428786.52,2280515.7199999997,0.0,0,1.42878652
29058.42,0.0,0.0001454224144818994,2026-04-09,0.0,-0.12453951093362225,0.0,5,353.1999999997206,2400081.3,2429139.7199999997,2428786.52,0.0,0,1.4291397199999998
238475.22,1903.0,0.04967268823878146,2026-04-10,0.0,-0.08105303499485694,4097.600000000026,5,118467.29999999981,2311326.4000000004,2549801.6200000006,2429139.7199999997,0.0,0,1.5498016200000007
308935.42,652.0,-0.01568820087266265,2026-04-13,0.0,-0.09546965957318132,-707.8000000000028,5,-38642.000000000466,2200864.4,2509799.82,2549801.6200000006,0.0,0,1.50979982
16320.62,1751.0,-0.0016730816404314508,2026-04-14,0.0,-0.09698301267896259,-11603.1,6,9155.0,2489280.0999999996,2505600.7199999997,2509799.82,0.0,0,1.50560072
18101.62,34.0,0.05264641686405658,2026-04-15,0.0,-0.04944240392913479,54.999999999999716,6,131889.90000000037,2619410.0,2637511.62,2505600.7199999997,0.0,0,1.6375116200000002
19631.62,32.0,-0.025697251714856817,2026-04-16,0.0,-0.07386912174483706,2.199999999999875,6,-67747.0,2550103.2,2569734.8200000003,2637511.62,0.0,0,1.5697348200000003
901120.07,7958.0,0.0209266145212601,2026-04-17,0.0,-0.05448833785935514,9876.05,5,51857.799999999814,1722390.6,2623510.67,2569734.8200000003,0.0,0,1.62351067
472012.57,2549.0,0.0419620172537738,2026-04-20,0.0,-0.014812761178965017,-2772.9000000000356,5,115409.69999999995,2261585.9,2733598.4699999997,2623510.67,0.0,0,1.7335984699999996
472012.57,0.0,0.010471435477500846,2026-04-21,0.0,-0.004496436574393248,0.0,5,28624.700000000186,2290210.6,2762223.17,2733598.4699999997,0.0,0,1.76222317
472012.57,0.0,-0.010192840428603134,2026-04-22,0.0,-0.014643445542496303,0.0,5,-28154.900000000373,2262055.6999999997,2734068.2699999996,2762223.17,0.0,0,1.7340682699999994
472012.57,0.0,-0.043654103779932285,2026-04-23,0.0,-0.05765830283102069,0.0,5,-119353.29999999981,2142702.4,2614714.9699999997,2734068.2699999996,0.0,0,1.6147149699999996
472012.57,0.0,-0.0471529024825218,2026-04-24,0.0,-0.10209244898284364,0.0,5,-123291.3999999999,2019411.0,2491423.57,2614714.9699999997,0.0,0,1.4914235699999998
1333704.97,7769.0,-0.054301244328358034,2026-04-27,0.0,-0.15084994629490378,-4915.6000000000195,3,-122602.80000000005,1022431.2,2356136.17,2491423.57,0.0,0,1.35613617
94652.72,7426.0,0.009256489619613228,2026-04-28,0.0,-0.14298979763728858,45076.75,6,-15841.199999999953,2283293.0,2377945.72,2356136.17,0.0,0,1.37794572
469733.22,3396.0,-0.04044099879622165,2026-04-29,0.0,-0.17764814619938862,6488.3,4,-99258.79999999981,1812046.0,2281779.2199999997,2377945.72,0.0,0,1.2817792199999998
38497.22,2540.0,0.013088251369034909,2026-04-30,0.0,-0.16688499842305438,-2614.0,5,35018.5,2273146.5,2311643.72,2281779.2199999997,0.0,0,1.3116437200000002
423828.47,3470.0,0.05021243065951331,2026-05-04,0.0,-0.1250522691749717,5008.75,4,114534.5,2003888.5,2427716.9699999997,2311643.72,0.0,0,1.4277169699999996
26362.47,2342.0,0.0019512159195396173,2026-05-05,0.0,-0.12334505723382083,292.0,5,6787.0,2406091.5,2432453.97,2427716.9699999997,0.0,0,1.43245397
26362.47,0.0,-0.052440252343192384,2026-05-06,0.0,-0.169317063650386,0.0,5,-127558.5,2278533.0,2304895.47,2432453.97,0.0,0,1.3048954700000004
26362.47,0.0,0.004909116334026242,2026-05-07,0.0,-0.16523914447915533,0.0,5,11315.0,2289848.0,2316210.47,2304895.47,0.0,0,1.3162104700000001
354606.47,2956.0,-0.014373909638704108,2026-05-08,0.0,-0.17723792158633933,20800.0,4,-51137.0,1928311.0,2282917.4699999997,2316210.47,0.0,0,1.2829174699999997
55650.47,1762.0,0.020448220583287435,2026-05-11,0.0,-0.1604139011193727,1667.5999999999904,5,46776.0,2273948.6,2329599.0700000003,2282917.4699999997,0.0,0,1.3295990700000004
55650.47,0.0,0.015724336634457936,2026-05-12,0.0,-0.14721196666696257,0.0,5,36631.39999999991,2310580.0,2366230.47,2329599.0700000003,0.0,0,1.36623047
55650.47,0.0,-0.017574915261741042,2026-05-13,0.0,-0.16219964408901755,0.0,5,-41586.299999999814,2268993.7,2324644.1700000004,2366230.47,0.0,0,1.3246441700000005
391160.47,3022.0,0.0019929931900071196,2026-05-14,0.0,-0.1605299136851015,4940.0,4,2715.0,1938116.7,2329277.17,2324644.1700000004,0.0,0,1.3292771700000001
26412.47,2164.0,-0.035546606932999714,2026-05-15,0.0,-0.19037022687534844,-5229.2,5,-75404.69999999995,2220066.8,2246479.27,2329277.17,0.0,0,1.24647927
26412.47,0.0,0.018403330292026343,2026-05-18,0.0,-0.17547034274627715,0.0,5,41342.700000000186,2261409.5,2287821.97,2246479.27,0.0,0,1.2878219700000004
666183.97,5761.0,-0.019137109693898147,2026-05-19,0.0,-0.191249457243014,25522.5,4,-63543.799999999814,1577855.7,2244039.67,2287821.97,0.0,0,1.2440396699999998
279324.97,2279.0,0.026055198926140388,2026-05-20,0.0,-0.17017730096985673,-17220.0,5,77967.90000000014,2023183.6,2302508.5700000003,2244039.67,0.0,0,1.30250857
279324.97,0.0,0.03358298032306539,2026-05-21,0.0,-0.14230938159669437,0.0,5,77325.1000000001,2100508.7,2379833.67,2302508.5700000003,0.0,0,1.37983367
279324.97,0.0,0.01847469449409056,2026-05-22,0.0,-0.1264638094512457,0.0,5,43966.700000000186,2144475.4000000004,2423800.37,2379833.67,0.0,0,1.42380037
279324.97,0.0,0.01216684359199105,2026-05-25,0.0,-0.11583563124889529,0.0,5,29489.999999999534,2173965.4,2453290.37,2423800.37,0.0,0,1.45329037
279324.97,0.0,0.037059779434099216,2026-05-26,0.0,-0.08306869475948986,0.0,5,90918.3999999999,2264883.8,2544208.7699999996,2453290.37,0.0,0,1.5442087699999996
279324.97,0.0,-0.020053936061229516,2026-05-27,0.0,-0.10145677652732288,0.0,5,-51021.39999999944,2213862.4000000004,2493187.37,2544208.7699999996,0.0,0,1.4931873700000002
279324.97,0.0,-0.021819138286425788,2026-05-28,0.0,-0.121062215376604,0.0,5,-54399.200000000186,2159463.2,2438788.17,2493187.37,0.0,0,1.43878817
279324.97,0.0,0.03570839036831974,2026-05-29,0.0,-0.08967676185380558,0.0,5,87085.19999999972,2246548.4,2525873.37,2438788.17,0.0,0,1.5258733700000002
580179.97,2727.0,-0.018931432021867534,2026-06-01,0.0,-0.10691048435469652,7411.999999999993,5,-52503.39999999991,1897875.0,2478054.9699999997,2525873.37,0.0,0,1.4780549699999996
437392.84,4504.0,-0.02490894300056623,2026-06-02,0.0,-0.12915640019430874,14941.474999999966,4,-72163.20000000019,1978936.4,2416329.2399999998,2478054.9699999997,0.0,0,1.4163292399999996
18037.29,2471.0,-0.006608598586506975,2026-06-03,0.0,-0.13491145597705323,2173.250000000034,5,-15670.799999999814,2382323.4000000004,2400360.6900000004,2416329.2399999998,0.0,0,1.4003606900000003
18037.29,0.0,-0.03223952980166511,2026-06-04,0.0,-0.16280150387316017,0.0,5,-77386.50000000047,2304936.9,2322974.19,2400360.6900000004,0.0,0,1.32297419
18037.29,0.0,0.012728466862561127,2026-06-05,0.0,-0.15214525055782357,0.0,5,29567.899999999907,2334504.8,2352542.09,2322974.19,0.0,0,1.35254209
18037.29,0.0,-0.04452221299045889,2026-06-08,3377.22,-0.18989362029746037,0.0,5,-108117.59999999942,2226387.2,2247801.7100000004,2352542.09,3377.22,0,1.2478017100000005
641560.79,5615.0,0.021175043949939854,2026-06-09,0.0,-0.17273958210313245,-5279.699999999939,3,58492.0,1650461.0,2295399.0100000002,2247801.7100000004,3377.22,0,1.2953990100000001
49992.04,3485.0,-0.0636047150686887,2026-06-10,0.0,-0.22535724527106715,-16834.999999999978,5,-125678.19999999995,2096031.55,2149400.81,2295399.0100000002,3377.22,0,1.14940081
49992.04,0.0,0.01796765862389349,2026-06-11,0.0,-0.21143872869862512,0.0,5,38619.700000000186,2134651.25,2188020.5100000002,2149400.81,3377.22,0,1.1880205100000003
49992.04,0.0,-0.0009590175185332228,2026-06-12,0.0,-0.2121949727722401,0.0,5,-2098.350000000093,2132552.9,2185922.16,2188020.5100000002,3377.22,0,1.18592216
49992.04,0.0,0.07522280665291392,2026-06-15,0.0,-0.1529340675288926,0.0,5,164431.2000000002,2296984.1,2350353.3600000003,2185922.16,3377.22,0,1.3503533600000002
49992.04,0.0,0.019366768748338314,2026-06-16,0.0,-0.13652913750012907,0.0,5,45518.75,2342502.85,2395872.1100000003,2350353.3600000003,3377.22,0,1.3958721100000004
643673.04,5346.0,0.03193457183321846,2026-06-17,7319.2,-0.10895456521573599,-886.0,4,75423.94999999944,1818013.8,2472383.26,2395872.1100000003,10696.42,0,1.47238326
192414.04,2658.0,0.0143641564698187,2026-06-18,0.0,-0.09615544916877727,1497.0,5,36674.69999999995,2304786.5,2507896.96,2472383.26,10696.42,0,1.50789696
192414.04,0.0,-0.016067027729879224,2026-06-22,2894.2,-0.11067754463048274,0.0,5,-43188.64999999972,2261597.85,2467602.5100000002,2507896.96,13590.619999999999,0,1.4676025100000003
192414.04,0.0,-0.0637521437761871,2026-06-23,0.0,-0.16737375766859186,0.0,5,-157314.9500000002,2104282.9,2310287.56,2467602.5100000002,13590.619999999999,0,1.31028756
192414.04,0.0,0.020377138679654294,2026-06-24,0.0,-0.15040721726028528,0.0,5,47077.05000000028,2151359.95,2357364.6100000003,2310287.56,13590.619999999999,0,1.3573646100000003
192414.04,0.0,-0.004931333044827624,2026-06-25,0.0,-0.1545968422244567,0.0,5,-11624.950000000186,2139735.0,2345739.66,2357364.6100000003,13590.619999999999,0,1.34573966
572720.04,3425.0,-0.04679545299583676,2026-06-26,0.0,-0.19415786595667417,19960.0,4,-126304.94999999995,1649659.05,2235969.71,2345739.66,13590.619999999999,0,1.23596971
164573.64,2406.0,-0.026237989601388456,2026-06-29,0.0,-0.2153015434900637,-1135.59999999996,5,-55125.75,1999138.1,2177302.3600000003,2235969.71,13590.619999999999,0,1.1773023600000005
551835.64,3498.0,0.060756788965222075,2026-06-30,0.0,-0.167625784966554,-20167.99999999998,5,155951.8999999999,1744162.0,2309588.2600000002,2177302.3600000003,13590.619999999999,0,1.3095882600000004
139010.19,2522.0,-0.022581319321392956,2026-07-01,0.0,-0.186421892911118,-28623.14999999997,5,-21008.399999999907,2104833.9,2257434.71,2309588.2600000002,13590.619999999999,0,1.25743471
139010.19,0.0,0.030681928338029296,2026-07-02,0.0,-0.16145974773202731,0.0,5,69262.45000000019,2174096.35,2326697.16,2257434.71,13590.619999999999,0,1.3266971600000002
139010.19,0.0,0.05165571268415503,2026-07-03,0.0,-0.11814435338677398,0.0,5,120187.19999999972,2294283.55,2446884.36,2326697.16,13590.619999999999,0,1.4468843599999999
139010.19,0.0,-0.025977647754469202,2026-07-06,0.0,-0.14105288874478206,0.0,5,-63564.299999999814,2230719.25,2383320.06,2446884.36,13590.619999999999,0,1.38332006
139010.19,0.0,-0.05365496315253615,2026-07-07,0.0,-0.18713966434915807,0.0,5,-127876.95000000019,2102842.3,2255443.11,2383320.06,13590.619999999999,0,1.2554431099999999
262229.69,1124.0,-0.02332603725039195,2026-07-08,0.0,-0.2061004748179157,170.80000000000294,5,-51657.34999999986,1927012.25,2202832.56,2255443.11,13590.619999999999,0,1.20283256
75728.74,1153.0,0.012781044057202706,2026-07-09,4974.0,-0.19595361000957123,-9913.2,6,34246.69999999995,2136693.7,2230987.0600000005,2202832.56,18564.62,0,1.2309870600000004
505611.37,3888.0,-0.004921485290909966,2026-07-13,0.0,-0.19991071249111836,24284.625,5,-31376.400000000373,1695831.3,2220007.29,2230987.0600000005,18564.62,0,1.2200072899999999
126054.59,2335.0,-0.031116834755979594,2026-07-14,0.0,-0.22480695864056177,7943.6999999999825,6,-74688.30000000025,2009685.7,2150927.69,2220007.29,15187.4,0,1.15092769
135187.42,34.0,0.014237824052560466,2026-07-15,0.0,-0.21376989651091682,11.375000000000046,6,30647.150000000187,2038496.6,2181552.22,2150927.69,7868.2,0,1.1815522200000004
135955.92,26.0,-0.01644709655403076,2026-07-16,0.0,-0.22670109893668744,9.09999999999998,5,-35863.30000000028,2001847.9,2145672.02,2181552.22,7868.2,0,1.1456720200000001
593383.97,4100.0,-0.07922242934407098,2026-07-17,0.0,-0.28796371648802344,18420.149999999998,4,-184305.49999999994,1377328.7,1975686.67,2145672.02,4974.0,0,0.97568667
119396.92,2886.0,-0.06302621356452232,2026-07-20,0.0,-0.33284066735833795,-16031.949999999979,6,-105602.09999999986,1726795.7000000002,1851166.62,1975686.67,4974.0,0,0.8511666200000001
615045.52,4476.0,0.027716683871492842,2026-07-21,0.0,-0.3143492230435929,-6959.6,4,62743.799999999814,1282455.3,1902474.82,1851166.62,4974.0,0,0.9024748200000001
277832.52,1988.0,-0.026860381784185816,2026-07-22,0.0,-0.33276606468326564,-25332.199999999953,5,-23781.000000000233,1568567.0999999999,1851373.6199999999,1902474.82,4974.0,0,0.8513736199999999
277832.52,0.0,-0.02774647939512065,2026-07-23,0.0,-0.35127945732125665,0.0,5,-51369.09999999986,1517198.0,1800004.52,1851373.6199999999,4974.0,0,0.8000045200000001
277832.52,0.0,0.007289981694045933,2026-07-24,0.0,-0.346550296440577,0.0,5,13122.0,1530320.0,1813126.52,1800004.52,4974.0,0,0.81312652
277832.52,0.0,-0.0509613085357109,2026-07-27,0.0,-0.37985094839623756,0.0,5,-92399.29999999981,1437920.7000000002,1720727.2200000002,1813126.52,4974.0,0,0.7207272200000001
710337.64,3927.0,-0.03033884708350254,2026-07-28,0.0,-0.39866555564182327,11016.060000000014,4,-59293.94000000018,953210.7,1668522.3399999999,1720727.2200000002,4974.0,0,0.6685223399999998
467768.86,2317.0,-0.0062785674179224316,2026-07-29,0.0,-0.40244107449144495,1051.975000000021,5,-9210.899999999907,1185303.55,1658046.4100000001,1668522.3399999999,4974.0,0,0.6580464100000001
522452.26,509.0,-0.033933670167893726,2026-07-30,0.0,-0.4227184419755333,808.3999999999975,5,-56563.00000000023,1074356.5499999998,1601782.8099999998,1658046.4100000001,4974.0,0,0.6017828099999998
580328.21,494.0,0.02772679274788814,2026-07-31,0.0,-0.4067122758590108,-2676.8500000000004,5,47583.15000000037,1065866.9,1646195.1099999999,1601782.8099999998,0.0,0,0.6461951099999999
408810.21,1042.0,-0.02349448116147057,2026-08-03,0.0,-0.42065126311717305,-2715.75,5,-34918.74999999988,1198708.4,1607518.6099999999,1646195.1099999999,0.0,0,0.6075186099999998
555530.61,1321.0,0.00423768033391525,2026-08-04,0.0,-0.418196168368406,-2271.400000000019,4,10404.55000000028,1058800.15,1614330.7599999998,1607518.6099999999,0.0,0,0.6143307599999999
260449.61,1739.0,0.003324907220376483,2026-08-05,0.0,-0.41626172460777144,-4614.0,5,11720.5,1359248.65,1619698.2599999998,1614330.7599999998,0.0,0,0.6196982599999998
260449.61,0.0,-0.01956802744234587,2026-08-06,0.0,-0.4276843311997942,0.0,5,-31694.299999999814,1327554.35,1588003.96,1619698.2599999998,0.0,0,0.58800396
260449.61,0.0,0.0030130907230232484,2026-08-07,0.0,-0.4259598921674914,0.0,5,4784.800000000047,1332339.1500000001,1592788.7600000002,1588003.96,0.0,0,0.5927887600000001
260449.61,0.0,-0.0006575887690218885,2026-08-10,0.0,-0.42633737449537024,0.0,5,-1047.4000000001397,1331291.75,1591741.3599999999,1592788.7600000002,0.0,0,0.5917413599999999
556887.01,2669.0,-0.0002890544981503096,2026-08-11,0.0,-0.426503194257693,-3087.199999999961,4,5296.09999999986,1034394.25,1591281.26,1591741.3599999999,0.0,0,0.5912812599999999
273927.51,1667.0,-0.005659590310263529,2026-08-12,0.0,-0.4297489512224393,145.5,5,-7484.5,1308347.75,1582275.26,1591281.26,0.0,0,0.5822752600000001
273927.51,0.0,-0.004767122504335863,2026-08-13,0.0,-0.4324674078301879,0.0,5,-7542.899999999907,1300804.85,1574732.36,1582275.26,0.0,0,0.57473236
549247.01,2486.0,-0.008896813424218997,2026-08-14,0.0,-0.43751663941488617,-13196.9,4,1672.7999999998137,1011475.25,1560722.26,1574732.36,0.0,0,0.5607222599999999
272020.01,1633.0,-0.012412105918192085,2026-08-17,0.0,-0.4444982424636892,1566.0,5,-19304.849999999977,1269330.4,1541350.41,1560722.26,0.0,0,0.54135041
563679.59,2640.0,0.0020228884877646625,2026-08-18,0.0,-0.44337452435343594,930.2749999999484,4,4827.700000000186,980788.8,1544468.3900000001,1541350.41,0.0,0,0.54446839
298491.59,1563.0,0.0025116732884380433,2026-08-19,0.0,-0.44197646301459037,-9025.0,5,14467.199999999953,1249856.0,1548347.59,1544468.3900000001,0.0,0,0.5483475900000001
298491.59,0.0,0.003136246687347466,2026-08-20,0.0,-0.4402263635452579,0.0,5,4856.0,1254712.0,1553203.59,1548347.59,0.0,0,0.5532035900000001
298491.59,0.0,0.008801808139009104,2026-08-21,0.0,-0.4352993433959079,0.0,5,13671.0,1268383.0,1566874.59,1553203.59,0.0,0,0.5668745900000001
558696.59,2343.0,-0.03012302343865325,2026-08-24,0.0,-0.4523098345106159,0.0,4,-44856.0,960979.0,1519675.5899999999,1566874.59,0.0,0,0.5196755899999999
282170.59,1630.0,0.027608859598778013,2026-08-25,4695.51,-0.43718873362798794,9384.0,5,29507.000000000007,1274766.0,1561632.1,1519675.5899999999,4695.51,0,0.5616321000000002
322006.59,358.0,0.009353035199519688,2026-08-26,0.0,-0.43192474004292425,-77.0,5,15041.0,1249536.0,1576238.1,1561632.1,4695.51,0,0.5762381000000001
384860.59,566.0,0.009482069999450005,2026-08-27,0.0,-0.42653821066305553,180.0,5,15332.0,1201628.0,1591184.1,1576238.1,4695.51,0,0.5911841
151426.99,2266.0,-0.006652530024652825,2026-08-28,0.0,-0.4303531824346106,6147.600000000006,6,-14467.0,1424476.2,1580598.7,1591184.1,4695.51,0,0.5805986999999999
157034.49,63.0,0.004522147209155669,2026-08-31,0.0,-0.42777715566835295,27.5,5,7183.199999999953,1426016.4,1587746.4,1580598.7,4695.51,0,0.5877463999999999
157034.49,0.0,-0.005632763519413331,2026-09-01,0.0,-0.43100035163087924,0.0,5,-8943.399999999907,1417073.0,1578803.0,1587746.4,4695.51,0,0.578803
405598.39,2240.0,0.012905283306403836,2026-09-02,0.0,-0.4236572499674316,-12596.100000000008,4,35211.0,1188884.0,1599177.9000000001,1578803.0,4695.51,0,0.5991779000000002
124713.39,1655.0,-0.03305010655787588,2026-09-03,0.0,-0.4427054392698673,-12765.0,5,-38433.0,1416916.0,1546324.9,1599177.9000000001,4695.51,0,0.5463248999999999
124713.39,0.0,0.013012659887970512,2026-09-04,0.0,-0.4354535546936701,0.0,5,20121.800000000047,1437037.8,1566446.7,1546324.9,4695.51,0,0.5664467
124713.39,0.0,-0.003158869050571611,2026-09-07,0.0,-0.4372368829873584,0.0,5,-4948.199999999953,1432089.6,1561498.5,1566446.7,4695.51,0,0.5614984999999999
359146.69,2110.0,-0.0421406104456713,2026-09-08,0.0,-0.4609520642745799,28.90000000002678,5,-63721.40000000014,1131853.8,1495696.0,1561498.5,4695.51,0,0.4956959999999999
86771.29,1769.0,0.012426856794428787,2026-09-09,0.0,-0.4542533927719876,5327.6,5,15028.199999999953,1422816.0,1514282.8,1495696.0,4695.51,0,0.5142828000000002
