capacity_qty,cash_after,cash_change,channel,commission,date,day_participation,event_id,execution_evidence,expires_at,gross,limit_price,name,order_time,participation_limit,prior_avg_amount20,prior_avg_volume20,qty,reason,reference_price,remaining_shares,requested_qty,sequence,side,signal_date,slippage,source_high,source_low,source_volume,stock_id,tax,total_cost
23000,752743.0,-247257.0,board,350.0,2019-03-05,0.0006903474242447254,2019-03-g009-2019-03-04-3362,daily_high_low_midpoint_proxy,13:30:00,245800.0,67.2,先進光,08:59:00,0.01,131049257.51500002,2390676.35,4000,leader_entry,61.45,4000,4000,1,buy,2019-03-04,1107.0,62.9,60.0,5794184.0,3362,0.0,1457.0
31,750854.0,-1889.0,odd,20.0,2019-03-05,0.009736180904522614,2019-03-g009-2019-03-04-3362,after_hours_single_auction_proxy,14:30:00,1860.0,67.2,先進光,13:40:00,0.01,131049257.51500002,2390676.35,31,leader_entry,60.0,4031,931,2,buy,2019-03-04,9.0,60.0,60.0,3184.0,3362,0.0,29.0
25000,460141.0,-290713.0,board,412.0,2019-03-07,0.0032081142191321666,2019-03-g007-2019-03-06-2388,daily_high_low_midpoint_proxy,13:30:00,289000.0,32.15,威盛,08:59:00,0.01,71955897.065,2597027.75,10000,leader_entry,28.9,10000,10000,3,buy,2019-03-06,1301.0,29.65,28.15,3117096.0,2388,0.0,1713.0
40000,192565.0,-267576.0,board,379.0,2019-03-07,0.0003227158214497266,2019-03-g011-2019-03-06-5457,daily_high_low_midpoint_proxy,13:30:00,266000.0,71.1,宣德,08:59:00,0.01,247016092.17,4006330.1,4000,leader_entry,66.5,4000,4000,4,buy,2019-03-06,1197.0,67.9,65.1,12394806.0,5457,0.0,1576.0
38,190006.0,-2559.0,odd,20.0,2019-03-07,0.009984235417761429,2019-03-g011-2019-03-06-5457,after_hours_single_auction_proxy,14:30:00,2527.0,71.1,宣德,13:40:00,0.01,247016092.17,4006330.1,38,leader_entry,66.5,4038,637,5,buy,2019-03-06,12.0,66.5,66.5,3806.0,5457,0.0,32.0
18000,419143.0,229137.0,board,329.0,2019-03-28,0.002134004833520948,2019-03-g011-2019-03-06-5457,daily_high_low_midpoint_proxy,13:30:00,231200.0,52.0,宣德,08:59:00,0.01,248758978.45,3957563.0,4000,loss12,57.8,38,4000,6,sell,2019-03-27,1041.0,59.4,56.2,1874410.0,5457,693.0,2063.0
4,419354.2,211.2,odd,20.0,2019-03-28,0.00975609756097561,2019-03-g011-2019-03-06-5457,after_hours_single_auction_proxy,14:30:00,233.2,52.0,宣德,13:40:00,0.01,248758978.45,3957563.0,4,loss12,58.3,34,38,7,sell,2019-03-27,2.0,58.3,58.3,410.0,5457,0.0,22.0
6,419691.2,337.0,odd,20.0,2019-03-29,0.009036144578313253,2019-03-g011-2019-03-06-5457,after_hours_single_auction_proxy,14:30:00,360.0,52.7,宣德,13:40:00,0.01,251720230.3,4010615.8,6,loss12,60.0,28,34,8,sell,2019-03-27,2.0,60.0,60.0,664.0,5457,1.0,23.0
8,420145.6,454.4,odd,20.0,2019-04-01,0.009422850412249705,2019-03-g011-2019-03-06-5457,after_hours_single_auction_proxy,14:30:00,478.4,54.3,宣德,13:40:00,0.01,254719471.76,4061394.0,8,loss12,59.8,20,28,9,sell,2019-03-27,3.0,59.8,59.8,849.0,5457,1.0,24.0
5,420423.1,277.5,odd,20.0,2019-04-02,0.009689922480620155,2019-03-g011-2019-03-06-5457,after_hours_single_auction_proxy,14:30:00,299.5,54.3,宣德,13:40:00,0.01,245276025.875,3920821.55,5,loss12,59.9,15,20,10,sell,2019-03-27,2.0,59.9,59.9,516.0,5457,0.0,22.0
30,408107.1,-12316.0,odd,20.0,2019-04-02,0.00985545335085414,2019-04-g008-2019-04-01-3406,after_hours_single_auction_proxy,14:30:00,12240.0,436.0,玉晶光,13:40:00,0.01,3513161290.05,10319256.0,30,leader_entry,408.0,30,794,11,buy,2019-04-01,56.0,408.0,408.0,3044.0,3406,0.0,76.0
5,408380.6,273.5,odd,20.0,2019-04-03,0.008787346221441126,2019-03-g011-2019-03-06-5457,after_hours_single_auction_proxy,14:30:00,295.5,54.0,宣德,13:40:00,0.01,205642222.695,3293865.15,5,loss12,59.1,10,15,12,sell,2019-03-27,2.0,59.1,59.1,569.0,5457,0.0,22.0
7,408766.4,385.8,odd,20.0,2019-04-08,0.009102730819245773,2019-03-g011-2019-03-06-5457,after_hours_single_auction_proxy,14:30:00,408.8,53.5,宣德,13:40:00,0.01,188704640.985,3035472.4,7,loss12,58.4,3,10,13,sell,2019-03-27,2.0,58.4,58.4,769.0,5457,1.0,23.0
8,408920.0,153.6,odd,20.0,2019-04-09,0.0035335689045936395,2019-03-g011-2019-03-06-5457,after_hours_single_auction_proxy,14:30:00,174.6,52.6,宣德,13:40:00,0.01,152041554.425,2496820.55,3,loss12,58.2,0,3,14,sell,2019-03-27,1.0,58.2,58.2,849.0,5457,0.0,21.0
6000,615064.0,206144.0,board,296.0,2019-04-25,0.0062370970055697274,2019-03-g009-2019-03-04-3362,daily_high_low_midpoint_proxy,13:30:00,208000.0,46.65,先進光,08:59:00,0.01,45854769.435,811910.9,4000,loss12,52.0,31,4000,15,sell,2019-04-24,936.0,52.9,51.1,641324.0,3362,624.0,1856.0
3,615201.1,137.1,odd,20.0,2019-04-25,0.009259259259259259,2019-03-g009-2019-03-04-3362,after_hours_single_auction_proxy,14:30:00,158.1,46.65,先進光,13:40:00,0.01,45854769.435,811910.9,3,loss12,52.7,28,31,16,sell,2019-04-24,1.0,52.7,52.7,324.0,3362,0.0,21.0
2,615284.1,83.0,odd,20.0,2019-04-26,0.008264462809917356,2019-03-g009-2019-03-04-3362,after_hours_single_auction_proxy,14:30:00,104.0,47.45,先進光,13:40:00,0.01,43501822.625,774868.8,2,loss12,52.0,26,28,17,sell,2019-04-24,1.0,52.0,52.0,242.0,3362,0.0,21.0
3,615414.3,130.2,odd,20.0,2019-04-29,0.008108108108108109,2019-03-g009-2019-03-04-3362,after_hours_single_auction_proxy,14:30:00,151.2,46.8,先進光,13:40:00,0.01,41933861.825,750225.9,3,loss12,50.4,23,26,18,sell,2019-04-24,1.0,50.4,50.4,370.0,3362,0.0,21.0
9,615857.4,443.1,odd,20.0,2019-04-30,0.009719222462203024,2019-03-g009-2019-03-04-3362,after_hours_single_auction_proxy,14:30:00,467.1,45.3,先進光,13:40:00,0.01,39817568.58499999,715420.7,9,loss12,51.9,14,23,19,sell,2019-04-24,3.0,51.9,51.9,926.0,3362,1.0,24.0
13,616506.1,648.7,odd,20.0,2019-05-02,0.009826152683295541,2019-03-g009-2019-03-04-3362,after_hours_single_auction_proxy,14:30:00,674.7,47.1,先進光,13:40:00,0.01,39713265.699999996,716694.75,13,loss12,51.9,1,14,20,sell,2019-04-24,4.0,51.9,51.9,1323.0,3362,2.0,26.0
9,616539.1,33.0,odd,20.0,2019-05-03,0.0010869565217391304,2019-03-g009-2019-03-04-3362,after_hours_single_auction_proxy,14:30:00,54.0,47.1,先進光,13:40:00,0.01,34787059.085,632324.2,1,loss12,54.0,0,1,21,sell,2019-04-24,1.0,54.0,54.0,920.0,3362,0.0,21.0
54000,400265.1,-216274.0,board,306.0,2019-05-06,0.00025549336279342136,2019-05-g005-2019-05-03-6213,daily_high_low_midpoint_proxy,13:30:00,215000.0,123.0,聯茂,08:59:00,0.01,537681860.1949999,5437762.75,2000,leader_entry,107.5,2000,2000,22,buy,2019-05-03,968.0,110.0,105.0,7827992.0,6213,0.0,1274.0
29,397171.6,-3093.5,odd,20.0,2019-05-06,0.009692513368983958,2019-05-g005-2019-05-03-6213,after_hours_single_auction_proxy,14:30:00,3059.5,123.0,聯茂,13:40:00,0.01,537681860.1949999,5437762.75,29,leader_entry,105.5,2029,750,23,buy,2019-05-03,14.0,105.5,105.5,2992.0,6213,0.0,34.0
14,401924.6,4753.0,odd,20.0,2019-05-20,0.01,2019-04-g008-2019-04-01-3406,after_hours_single_auction_proxy,14:30:00,4809.0,309.5,玉晶光,13:40:00,0.01,4689381326.7,11879760.55,14,loss12,343.5,16,30,24,sell,2019-05-17,22.0,343.5,343.5,1400.0,3406,14.0,56.0
59000,577642.6,175718.0,board,253.0,2019-05-20,0.00015972846161525406,2019-05-g005-2019-05-03-6213,daily_high_low_midpoint_proxy,13:30:00,177300.0,82.7,聯茂,08:59:00,0.01,618428264.01,5992386.1,2000,loss12,88.65,29,2000,25,sell,2019-05-17,798.0,91.0,86.3,12521250.0,6213,531.0,1582.0
32,580196.2,2553.6,odd,20.0,2019-05-20,0.008923076923076922,2019-05-g005-2019-05-03-6213,after_hours_single_auction_proxy,14:30:00,2592.6,82.7,聯茂,13:40:00,0.01,618428264.01,5992386.1,29,loss12,89.4,0,29,26,sell,2019-05-17,12.0,89.4,89.4,3250.0,6213,7.0,39.0
13,584976.2,4780.0,odd,20.0,2019-05-21,0.01,2019-04-g008-2019-04-01-3406,after_hours_single_auction_proxy,14:30:00,4836.0,308.5,玉晶光,13:40:00,0.01,4707632321.2,12150864.9,13,loss12,372.0,3,16,27,sell,2019-05-17,22.0,372.0,372.0,1300.0,3406,14.0,56.0
71000,318104.2,-266872.0,board,378.0,2019-05-21,0.000954036107677149,2019-05-g006-2019-05-20-2801,daily_high_low_midpoint_proxy,13:30:00,265300.0,20.9,彰銀,08:59:00,0.01,132004886.2825,7168345.25,14000,leader_entry,18.950000000000003,14000,14000,28,buy,2019-05-20,1194.0,19.05,18.85,14674497.0,2801,0.0,1572.0
254,313261.6,-4842.6,odd,20.0,2019-05-21,0.009961956308585323,2019-05-g006-2019-05-20-2801,after_hours_single_auction_proxy,14:30:00,4800.6,20.9,彰銀,13:40:00,0.01,132004886.2825,7168345.25,254,leader_entry,18.9,14254,446,29,buy,2019-05-20,22.0,18.9,18.9,25497.0,2801,0.0,42.0
9,314292.6,1031.0,odd,20.0,2019-05-22,0.003115264797507788,2019-04-g008-2019-04-01-3406,after_hours_single_auction_proxy,14:30:00,1059.0,334.0,玉晶光,13:40:00,0.01,4904888652.65,12738441.05,3,loss12,353.0,0,3,30,sell,2019-05-17,5.0,353.0,353.0,963.0,3406,3.0,28.0
11000,78452.6,-235840.0,board,334.0,2019-06-03,0.0025237166270022536,2019-05-g001-2019-05-31-4904,daily_high_low_midpoint_proxy,13:30:00,234450.0,86.3,遠傳,08:59:00,0.01,215976938.85,2825715.85,3000,leader_entry,78.15,3000,3000,31,buy,2019-05-31,1056.0,78.6,77.7,1188723.0,4904,0.0,1390.0
27,76313.9,-2138.7,odd,20.0,2019-06-03,0.009915534337128168,2019-05-g001-2019-05-31-4904,after_hours_single_auction_proxy,14:30:00,2108.7,86.3,遠傳,13:40:00,0.01,215976938.85,2825715.85,27,leader_entry,78.1,3027,558,32,buy,2019-05-31,10.0,78.1,78.1,2723.0,4904,0.0,30.0
14000,396430.9,320117.0,board,460.0,2019-06-10,0.00705325560645655,2019-03-g007-2019-03-06-2388,daily_high_low_midpoint_proxy,13:30:00,323000.0,28.35,威盛,08:59:00,0.01,63685872.86,1942145.1,10000,time63,32.3,0,10000,33,sell,2019-06-06,1454.0,32.8,31.8,1417785.0,2388,969.0,2883.0
1000,136146.9,-260284.0,board,369.0,2019-06-14,0.0060077018738022145,2019-06-g004-2019-06-13-8462,daily_high_low_midpoint_proxy,13:30:00,258750.0,286.0,柏文,08:59:00,0.01,65652251.175,267745.1,1000,leader_entry,258.75,1000,1000,34,buy,2019-06-13,1165.0,261.5,256.0,166453.0,8462,0.0,1534.0
14,132511.9,-3635.0,odd,20.0,2019-06-14,0.009635237439779766,2019-06-g004-2019-06-13-8462,after_hours_single_auction_proxy,14:30:00,3598.0,286.0,柏文,13:40:00,0.01,65652251.175,267745.1,14,leader_entry,257.0,1014,72,35,buy,2019-06-13,17.0,257.0,257.0,1453.0,8462,0.0,37.0
58000,431582.64,282357.0,board,406.0,2019-08-20,0.00239119303110703,2019-05-g006-2019-05-20-2801,daily_high_low_midpoint_proxy,13:30:00,284900.0,18.3,彰銀,08:59:00,0.01,196153679.5675,9337178.75,14000,time63,20.35,254,14000,36,sell,2019-08-19,1283.0,20.45,20.25,5854818.0,2801,854.0,2543.0
88,433322.84,1740.2,odd,20.0,2019-08-20,0.00997958720798367,2019-05-g006-2019-05-20-2801,after_hours_single_auction_proxy,14:30:00,1773.2,18.3,彰銀,13:40:00,0.01,196153679.5675,9337178.75,88,time63,20.15,166,254,37,sell,2019-08-19,8.0,20.15,20.15,8818.0,2801,5.0,33.0
115,435603.09,2280.25,odd,20.0,2019-08-21,0.00998870841657257,2019-05-g006-2019-05-20-2801,after_hours_single_auction_proxy,14:30:00,2317.25,18.25,彰銀,13:40:00,0.01,192423269.39000002,9187887.0,115,time63,20.15,51,166,38,sell,2019-08-19,11.0,20.15,20.15,11513.0,2801,6.0,37.0
105,436597.64,994.55,odd,20.0,2019-08-22,0.004821327283040272,2019-05-g006-2019-05-20-2801,after_hours_single_auction_proxy,14:30:00,1022.55,18.15,彰銀,13:40:00,0.01,188998033.9575,9046605.6,51,time63,20.05,0,51,39,sell,2019-08-19,5.0,20.05,20.05,10578.0,2801,3.0,28.0
38000,181745.64,-254852.0,board,361.0,2019-08-23,0.0003871200513476036,2019-08-g002-2019-08-22-2105,daily_high_low_midpoint_proxy,13:30:00,253350.0,45.4,正新,08:59:00,0.01,152724118.7475,3825470.55,6000,leader_entry,42.224999999999994,6000,6000,40,buy,2019-08-22,1141.0,42.9,41.55,15499068.0,2105,0.0,1502.0
110,176995.64,-4750.0,odd,20.0,2019-08-23,0.009938561619082038,2019-08-g002-2019-08-22-2105,after_hours_single_auction_proxy,14:30:00,4708.0,45.4,正新,13:40:00,0.01,152724118.7475,3825470.55,110,leader_entry,42.8,6110,724,41,buy,2019-08-22,22.0,42.8,42.8,11068.0,2105,0.0,42.0
8000,394042.64,217045.0,board,312.0,2019-09-02,0.003549674139913956,2019-05-g001-2019-05-31-4904,daily_high_low_midpoint_proxy,13:30:00,219000.0,65.9,遠傳,08:59:00,0.01,142951663.76999998,1996151.9,3000,time63,73.0,27,3000,42,sell,2019-08-30,986.0,73.2,72.8,845148.0,4904,657.0,1955.0
11,394821.84,779.2,odd,20.0,2019-09-02,0.009581881533101045,2019-05-g001-2019-05-31-4904,after_hours_single_auction_proxy,14:30:00,805.2,65.9,遠傳,13:40:00,0.01,142951663.76999998,1996151.9,11,time63,73.2,16,27,43,sell,2019-08-30,4.0,73.2,73.2,1148.0,4904,2.0,26.0
30,395957.64,1135.8,odd,20.0,2019-09-03,0.00519311911716975,2019-05-g001-2019-05-31-4904,after_hours_single_auction_proxy,14:30:00,1164.8,65.9,遠傳,13:40:00,0.01,130574903.6,1820521.95,16,time63,72.8,0,16,44,sell,2019-08-30,6.0,72.8,72.8,3081.0,4904,3.0,29.0
36000,150460.64,-245497.0,board,348.0,2019-09-04,0.00039030462495368386,2019-09-g008-2019-09-03-6285,daily_high_low_midpoint_proxy,13:30:00,244050.0,88.7,啟碁,08:59:00,0.01,282472339.445,3607661.6,3000,leader_entry,81.35,3000,3000,45,buy,2019-09-03,1099.0,82.0,80.7,7686304.0,6285,0.0,1447.0
73,144442.24,-6018.4,odd,20.0,2019-09-04,0.009994523548740416,2019-09-g008-2019-09-03-6285,after_hours_single_auction_proxy,14:30:00,5971.4,88.7,啟碁,13:40:00,0.01,282472339.445,3607661.6,73,leader_entry,81.8,3073,487,46,buy,2019-09-03,27.0,81.8,81.8,7304.0,6285,0.0,47.0
496,159285.74,5721.5,odd,20.0,2019-09-06,0.005734983398732267,2019-05-g006-2019-05-20-2801,after_hours_single_auction_proxy,14:30:00,5785.5,18.2,彰銀,13:40:00,0.01,113447453.1625,5638491.25,285,time63,20.3,0,285,47,sell,2019-08-19,27.0,20.3,20.3,49695.0,2801,17.0,64.0
1000,387728.74,228443.0,board,328.0,2019-09-12,0.00937690468376389,2019-06-g004-2019-06-13-8462,daily_high_low_midpoint_proxy,13:30:00,230500.0,205.5,柏文,08:59:00,0.01,71688125.575,311853.9,1000,time63,230.5,114,1000,48,sell,2019-09-11,1038.0,232.0,229.0,106645.0,8462,691.0,2057.0
26,393618.74,5890.0,odd,20.0,2019-09-12,0.009829867674858222,2019-06-g004-2019-06-13-8462,after_hours_single_auction_proxy,14:30:00,5954.0,205.5,柏文,13:40:00,0.01,71688125.575,311853.9,26,time63,229.0,88,114,49,sell,2019-09-11,27.0,229.0,229.0,2645.0,8462,17.0,64.0
27,399668.24,6049.5,odd,20.0,2019-09-16,0.00999259807549963,2019-06-g004-2019-06-13-8462,after_hours_single_auction_proxy,14:30:00,6115.5,206.5,柏文,13:40:00,0.01,67679003.45,293679.6,27,time63,226.5,61,88,50,sell,2019-09-11,28.0,226.5,226.5,2702.0,8462,18.0,66.0
28,405915.24,6247.0,odd,20.0,2019-09-17,0.009790209790209791,2019-06-g004-2019-06-13-8462,after_hours_single_auction_proxy,14:30:00,6314.0,203.0,柏文,13:40:00,0.01,66560565.0,288456.2,28,time63,225.5,33,61,51,sell,2019-09-11,29.0,225.5,225.5,2860.0,8462,18.0,67.0
41,413411.74,7496.5,odd,20.0,2019-09-18,0.008,2019-06-g004-2019-06-13-8462,after_hours_single_auction_proxy,14:30:00,7573.5,203.0,柏文,13:40:00,0.01,66726041.625,289095.95,33,time63,229.5,0,33,52,sell,2019-09-11,35.0,229.5,229.5,4125.0,8462,22.0,77.0
66000,131601.74,-281810.0,board,399.0,2019-09-19,0.001602744687949308,2019-09-g005-2019-09-18-2801,daily_high_low_midpoint_proxy,13:30:00,280150.0,23.55,彰銀,08:59:00,0.01,137472293.06,6674424.5,13000,leader_entry,21.549999999999997,13000,13000,53,buy,2019-09-18,1261.0,21.65,21.45,8111086.0,2801,0.0,1660.0
250,127453.94,-4147.8,odd,20.0,2019-09-19,0.00765367137048553,2019-09-g005-2019-09-18-2801,after_hours_single_auction_proxy,14:30:00,4108.8,23.55,彰銀,13:40:00,0.01,137472293.06,6674424.5,192,leader_entry,21.4,13192,192,54,buy,2019-09-18,19.0,21.4,21.4,25086.0,2801,0.0,39.0
44000,377501.94,250048.0,board,360.0,2019-11-26,0.0006419148576971048,2019-08-g002-2019-08-22-2105,daily_high_low_midpoint_proxy,13:30:00,252300.0,37.9,正新,08:59:00,0.01,199857626.395,4464021.45,6000,time63,42.05,110,6000,55,sell,2019-11-25,1136.0,42.25,41.85,9347034.0,2105,756.0,2252.0
70,380399.94,2898.0,odd,20.0,2019-11-26,0.00995166334944555,2019-08-g002-2019-08-22-2105,after_hours_single_auction_proxy,14:30:00,2940.0,37.9,正新,13:40:00,0.01,199857626.395,4464021.45,70,time63,42.0,40,110,56,sell,2019-11-25,14.0,42.0,42.0,7034.0,2105,8.0,42.0
61,382046.94,1647.0,odd,20.0,2019-11-27,0.00648508430609598,2019-08-g002-2019-08-22-2105,after_hours_single_auction_proxy,14:30:00,1680.0,37.7,正新,13:40:00,0.01,210194020.10999998,4736399.05,40,time63,42.0,0,40,57,sell,2019-11-25,8.0,42.0,42.0,6168.0,2105,5.0,33.0
16000,606971.94,224925.0,board,323.0,2019-12-06,0.0018168571641403268,2019-09-g008-2019-09-03-6285,daily_high_low_midpoint_proxy,13:30:00,226950.0,68.3,啟碁,08:59:00,0.01,143911820.425,1923709.7,3000,time63,75.65,73,3000,58,sell,2019-12-05,1022.0,76.1,75.2,1651203.0,6285,680.0,2025.0
22,608603.14,1631.2,odd,20.0,2019-12-06,0.009986382206082615,2019-09-g008-2019-09-03-6285,after_hours_single_auction_proxy,14:30:00,1663.2,68.3,啟碁,13:40:00,0.01,143911820.425,1923709.7,22,time63,75.6,51,73,59,sell,2019-12-05,8.0,75.6,75.6,2203.0,6285,4.0,32.0
15,609696.14,1093.0,odd,20.0,2019-12-09,0.009380863039399626,2019-09-g008-2019-09-03-6285,after_hours_single_auction_proxy,14:30:00,1122.0,68.0,啟碁,13:40:00,0.01,137695708.0,1840277.8,15,time63,74.8,36,51,60,sell,2019-12-05,6.0,74.8,74.8,1599.0,6285,3.0,29.0
14,610720.94,1024.8,odd,20.0,2019-12-10,0.009549795361527967,2019-09-g008-2019-09-03-6285,after_hours_single_auction_proxy,14:30:00,1052.8,67.3,啟碁,13:40:00,0.01,133262172.625,1778664.1,14,time63,75.2,22,36,61,sell,2019-12-05,5.0,75.2,75.2,1466.0,6285,3.0,28.0
15,611816.94,1096.0,odd,20.0,2019-12-11,0.009771986970684038,2019-09-g008-2019-09-03-6285,after_hours_single_auction_proxy,14:30:00,1125.0,67.6,啟碁,13:40:00,0.01,133807087.415,1785156.2,15,time63,75.0,7,22,62,sell,2019-12-05,6.0,75.0,75.0,1535.0,6285,3.0,29.0
38,612317.24,500.3,odd,20.0,2019-12-12,0.001819599688068625,2019-09-g008-2019-09-03-6285,after_hours_single_auction_proxy,14:30:00,524.3,67.4,啟碁,13:40:00,0.01,131764019.01500002,1758189.95,7,time63,74.9,0,7,63,sell,2019-12-05,3.0,74.9,74.9,3847.0,6285,1.0,24.0
54000,405851.24,-206466.0,board,292.0,2019-12-13,0.00010149437269525309,2019-12-g005-2019-12-12-3653,daily_high_low_midpoint_proxy,13:30:00,205250.0,222.0,健策,08:59:00,0.01,1057017012.025,5486505.65,1000,leader_entry,205.25,1000,1000,64,buy,2019-12-12,924.0,213.0,197.5,9852763.0,3653,0.0,1216.0
27,400446.74,-5404.5,odd,20.0,2019-12-13,0.009771986970684038,2019-12-g005-2019-12-12-3653,after_hours_single_auction_proxy,14:30:00,5359.5,222.0,健策,13:40:00,0.01,1057017012.025,5486505.65,27,leader_entry,198.5,1027,358,65,buy,2019-12-12,25.0,198.5,198.5,2763.0,3653,0.0,45.0
81000,694845.74,294399.0,board,423.0,2019-12-20,0.0011834701986272655,2019-09-g005-2019-09-18-2801,daily_high_low_midpoint_proxy,13:30:00,297050.0,20.65,彰銀,08:59:00,0.01,187219466.97749993,8195773.15,13000,time63,22.85,192,13000,66,sell,2019-12-19,1337.0,22.95,22.75,10984645.0,2801,891.0,2651.0
196,699151.14,4305.4,odd,20.0,2019-12-20,0.009773479256808349,2019-09-g005-2019-09-18-2801,after_hours_single_auction_proxy,14:30:00,4358.4,20.65,彰銀,13:40:00,0.01,187219466.97749993,8195773.15,192,time63,22.7,0,192,67,sell,2019-12-19,20.0,22.7,22.7,19645.0,2801,13.0,53.0
124000,474829.14,-224322.0,board,318.0,2019-12-20,8.611347827494724e-05,2019-12-g003-2019-12-19-2456,daily_high_low_midpoint_proxy,13:30:00,223000.0,119.0,奇力新,08:59:00,0.01,1272374169.625,12491570.7,2000,leader_entry,111.5,2000,2000,68,buy,2019-12-19,1004.0,114.5,108.5,23225168.0,2456,0.0,1322.0
421,427185.64,-47643.5,odd,67.0,2019-12-20,0.009983874027698729,2019-12-g003-2019-12-19-2456,after_hours_single_auction_proxy,14:30:00,47362.5,119.0,奇力新,13:40:00,0.01,1272374169.625,12491570.7,421,leader_entry,112.5,2421,525,69,buy,2019-12-19,214.0,112.5,112.5,42168.0,2456,0.0,281.0
49000,153070.64,-274115.0,board,388.0,2019-12-27,0.0002142045460630811,2019-12-g002-2019-12-26-2383,daily_high_low_midpoint_proxy,13:30:00,272500.0,149.0,台光電,08:59:00,0.01,629778163.875,4957133.8,2000,leader_entry,136.25,2000,2000,70,buy,2019-12-26,1227.0,138.0,134.5,9336870.0,2383,0.0,1615.0
58,145184.64,-7886.0,odd,20.0,2019-12-27,0.009880749574105622,2019-12-g002-2019-12-26-2383,after_hours_single_auction_proxy,14:30:00,7830.0,149.0,台光電,13:40:00,0.01,629778163.875,4957133.8,58,leader_entry,135.0,2058,147,71,buy,2019-12-26,36.0,135.0,135.0,5870.0,2383,0.0,56.0
75000,362725.64,217541.0,board,313.0,2020-02-03,0.00017304103702801328,2019-12-g002-2019-12-26-2383,daily_high_low_midpoint_proxy,13:30:00,219500.0,104.0,台光電,08:59:00,0.01,998825575.85,7579482.1,2000,loss12,109.75,58,2000,72,sell,2020-01-31,988.0,114.0,105.5,11557952.0,2383,658.0,1959.0
19,364865.14,2139.5,odd,20.0,2020-02-03,0.00973360655737705,2019-12-g002-2019-12-26-2383,after_hours_single_auction_proxy,14:30:00,2175.5,104.0,台光電,13:40:00,0.01,998825575.85,7579482.1,19,loss12,114.5,39,58,73,sell,2020-01-31,10.0,114.5,114.5,1952.0,2383,6.0,36.0
16,366751.14,1886.0,odd,20.0,2020-02-04,0.009518143961927425,2019-12-g002-2019-12-26-2383,after_hours_single_auction_proxy,14:30:00,1920.0,101.0,台光電,13:40:00,0.01,950790849.275,7299894.85,16,loss12,120.0,23,39,74,sell,2020-01-31,9.0,120.0,120.0,1681.0,2383,5.0,34.0
7,367565.14,814.0,odd,20.0,2020-02-05,0.009210526315789473,2019-12-g002-2019-12-26-2383,after_hours_single_auction_proxy,14:30:00,840.0,108.0,台光電,13:40:00,0.01,867256646.225,6736883.35,7,loss12,120.0,16,23,75,sell,2020-01-31,4.0,120.0,120.0,760.0,2383,2.0,26.0
23,369483.14,1918.0,odd,20.0,2020-02-06,0.006756756756756757,2019-12-g002-2019-12-26-2383,after_hours_single_auction_proxy,14:30:00,1952.0,107.0,台光電,13:40:00,0.01,842933451.725,6596627.85,16,loss12,122.0,0,16,76,sell,2020-01-31,9.0,122.0,122.0,2368.0,2383,5.0,34.0
43000,109953.14,-259530.0,board,368.0,2020-02-21,0.003454653867865017,2020-02-g004-2020-02-20-6125,daily_high_low_midpoint_proxy,13:30:00,258000.0,19.25,廣運,08:59:00,0.01,74951708.20750001,4508992.6,15000,leader_entry,17.200000000000003,15000,15000,77,buy,2020-02-20,1162.0,17.55,16.85,4341969.0,6125,0.0,1530.0
9,109779.59,-173.55,odd,20.0,2020-02-21,0.009287925696594427,2020-02-g004-2020-02-20-6125,after_hours_single_auction_proxy,14:30:00,152.55,19.25,廣運,13:40:00,0.01,74951708.20750001,4508992.6,9,leader_entry,16.95,15009,661,78,buy,2020-02-20,1.0,16.95,16.95,969.0,6125,0.0,21.0
40000,267112.59,157333.0,board,226.0,2020-03-13,0.0001299731631412746,2019-12-g005-2019-12-12-3653,daily_high_low_midpoint_proxy,13:30:00,158750.0,154.0,健策,08:59:00,0.01,876945856.225,4090458.9,1000,loss12,158.75,27,1000,79,sell,2020-03-12,715.0,163.5,154.0,7693896.0,3653,476.0,1417.0
8,268391.59,1279.0,odd,20.0,2020-03-13,0.008928571428571428,2019-12-g005-2019-12-12-3653,after_hours_single_auction_proxy,14:30:00,1308.0,154.0,健策,13:40:00,0.01,876945856.225,4090458.9,8,loss12,163.5,19,27,80,sell,2020-03-12,6.0,163.5,163.5,896.0,3653,3.0,29.0
105000,439846.59,171455.0,board,247.0,2020-03-13,0.0001630822014205438,2019-12-g003-2019-12-19-2456,daily_high_low_midpoint_proxy,13:30:00,173000.0,82.0,奇力新,08:59:00,0.01,1214400312.49,10551310.3,2000,loss12,86.5,421,2000,81,sell,2020-03-12,779.0,91.0,82.0,12263754.0,2456,519.0,1545.0
207,458515.59,18669.0,odd,27.0,2020-03-13,0.00997398091934085,2019-12-g003-2019-12-19-2456,after_hours_single_auction_proxy,14:30:00,18837.0,82.0,奇力新,13:40:00,0.01,1214400312.49,10551310.3,207,loss12,91.0,214,421,82,sell,2020-03-12,85.0,91.0,91.0,20754.0,2456,56.0,168.0
14,460579.59,2064.0,odd,20.0,2020-03-16,0.00979706088173548,2019-12-g005-2019-12-12-3653,after_hours_single_auction_proxy,14:30:00,2100.0,144.5,健策,13:40:00,0.01,840093642.025,4047406.5,14,loss12,150.0,5,19,83,sell,2020-03-12,10.0,150.0,150.0,1429.0,3653,6.0,36.0
71,466408.59,5829.0,odd,20.0,2020-03-16,0.009937018894331701,2019-12-g003-2019-12-19-2456,after_hours_single_auction_proxy,14:30:00,5893.0,81.9,奇力新,13:40:00,0.01,1175947039.8400002,10433851.85,71,loss12,83.0,143,214,84,sell,2020-03-12,27.0,83.0,83.0,7145.0,2456,17.0,64.0
38000,682339.59,215931.0,board,310.0,2020-03-16,0.003945277424017902,2020-02-g004-2020-02-20-6125,daily_high_low_midpoint_proxy,13:30:00,217875.0,12.7,廣運,08:59:00,0.01,96409125.5975,5819731.4,15000,loss12,14.524999999999999,9,15000,85,sell,2020-03-13,981.0,14.95,14.1,3802014.0,6125,653.0,1944.0
20,682447.74,108.15,odd,20.0,2020-03-16,0.004468718967229395,2020-02-g004-2020-02-20-6125,after_hours_single_auction_proxy,14:30:00,129.15,12.7,廣運,13:40:00,0.01,96409125.5975,5819731.4,9,loss12,14.35,0,9,86,sell,2020-03-13,1.0,14.35,14.35,2014.0,6125,0.0,21.0
13,683134.24,686.5,odd,20.0,2020-03-17,0.0038314176245210726,2019-12-g005-2019-12-12-3653,after_hours_single_auction_proxy,14:30:00,712.5,135.0,健策,13:40:00,0.01,840748408.8,4144711.15,5,loss12,142.5,0,5,87,sell,2020-03-12,4.0,142.5,142.5,1305.0,3653,2.0,26.0
110,691760.24,8626.0,odd,20.0,2020-03-17,0.009924215084806929,2019-12-g003-2019-12-19-2456,after_hours_single_auction_proxy,14:30:00,8712.0,74.3,奇力新,13:40:00,0.01,1148722644.315,10436612.0,110,loss12,79.2,33,143,88,sell,2020-03-12,40.0,79.2,79.2,11084.0,2456,26.0,86.0
120,694183.04,2422.8,odd,20.0,2020-03-18,0.0027470240572712895,2019-12-g003-2019-12-19-2456,after_hours_single_auction_proxy,14:30:00,2461.8,71.1,奇力新,13:40:00,0.01,1112625656.8200002,10342773.15,33,loss12,74.6,0,33,89,sell,2020-03-12,12.0,74.6,74.6,12013.0,2456,7.0,39.0
21,688182.54,-6000.5,odd,20.0,2020-06-04,0.009602194787379973,2020-06-g003-2020-06-03-6504,after_hours_single_auction_proxy,14:30:00,5953.5,309.0,南六,13:40:00,0.01,1275638815.225,5258021.5,21,leader_entry,283.5,21,744,90,buy,2020-06-03,27.0,283.5,283.5,2187.0,6504,0.0,47.0
20000,495044.54,-193138.0,board,274.0,2020-06-05,0.000232131934506296,2020-06-g004-2020-06-04-9914,daily_high_low_midpoint_proxy,13:30:00,192000.0,207.5,美利達,08:59:00,0.01,350697370.925,2045883.2,1000,leader_entry,192.0,1000,1000,91,buy,2020-06-04,864.0,200.0,184.0,4307895.0,9914,0.0,1138.0
48,485935.54,-9109.0,odd,20.0,2020-06-05,0.009805924412665985,2020-06-g004-2020-06-04-9914,after_hours_single_auction_proxy,14:30:00,9048.0,207.5,美利達,13:40:00,0.01,350697370.925,2045883.2,48,leader_entry,188.5,1048,108,92,buy,2020-06-04,41.0,188.5,188.5,4895.0,9914,0.0,61.0
65000,260079.54,-225856.0,board,320.0,2020-06-08,0.000494758248397478,2020-06-g006-2020-06-05-4167,daily_high_low_midpoint_proxy,13:30:00,224525.0,32.15,松瑞藥,08:59:00,0.01,179605349.6,6562551.75,7000,leader_entry,32.075,7000,7000,93,buy,2020-06-05,1011.0,32.15,32.0,14148324.0,4167,0.0,1331.0
11,262788.54,2709.0,odd,20.0,2020-07-20,0.00944206008583691,2020-06-g003-2020-06-03-6504,after_hours_single_auction_proxy,14:30:00,2750.0,220.5,南六,13:40:00,0.01,589893175.275,2247761.65,11,loss12,250.0,10,21,94,sell,2020-07-17,13.0,250.0,250.0,1165.0,6504,8.0,41.0
1,263019.04,230.5,odd,20.0,2020-07-21,0.007042253521126761,2020-06-g003-2020-06-03-6504,after_hours_single_auction_proxy,14:30:00,252.5,225.0,南六,13:40:00,0.01,586820700.275,2248903.4,1,loss12,252.5,9,10,95,sell,2020-07-17,2.0,252.5,252.5,142.0,6504,0.0,22.0
6,264530.04,1511.0,odd,20.0,2020-07-22,0.00909090909090909,2020-06-g003-2020-06-03-6504,after_hours_single_auction_proxy,14:30:00,1542.0,225.5,南六,13:40:00,0.01,576079856.125,2214806.95,6,loss12,257.0,3,9,96,sell,2020-07-17,7.0,257.0,257.0,660.0,6504,4.0,31.0
10,265254.04,724.0,odd,20.0,2020-07-23,0.003,2020-06-g003-2020-06-03-6504,after_hours_single_auction_proxy,14:30:00,750.0,224.0,南六,13:40:00,0.01,580222792.725,2236259.6,3,loss12,250.0,0,3,97,sell,2020-07-17,4.0,250.0,250.0,1000.0,6504,2.0,26.0
15000,136747.04,-128507.0,board,182.0,2020-08-06,0.0002980697894643656,2020-08-g015-2020-08-05-5434,daily_high_low_midpoint_proxy,13:30:00,127750.0,136.0,崇越,08:59:00,0.01,185055762.3,1585761.65,1000,leader_entry,127.75,1000,1000,98,buy,2020-08-05,575.0,130.0,125.5,3354919.0,5434,0.0,757.0
69,127924.04,-8823.0,odd,20.0,2020-08-06,0.009972539384304091,2020-08-g015-2020-08-05-5434,after_hours_single_auction_proxy,14:30:00,8763.0,136.0,崇越,13:40:00,0.01,185055762.3,1585761.65,69,leader_entry,127.0,1069,938,99,buy,2020-08-05,40.0,127.0,127.0,6919.0,5434,0.0,60.0
18000,369702.14,237363.0,board,341.0,2020-09-04,0.0005493548651141532,2020-06-g004-2020-06-04-9914,daily_high_low_midpoint_proxy,13:30:00,239500.0,220.5,美利達,08:59:00,0.01,591809010.25,2344920.9,1000,time63,239.5,48,1000,100,sell,2020-09-03,1078.0,242.0,237.0,1820317.0,9914,718.0,2137.0
3,370408.14,706.0,odd,20.0,2020-09-04,0.00946372239747634,2020-06-g004-2020-06-04-9914,after_hours_single_auction_proxy,14:30:00,732.0,220.5,美利達,13:40:00,0.01,591809010.25,2344920.9,3,time63,244.0,45,48,101,sell,2020-09-03,4.0,244.0,244.0,317.0,9914,2.0,26.0
29,376980.14,6572.0,odd,20.0,2020-09-07,0.009958791208791208,2020-06-g004-2020-06-04-9914,after_hours_single_auction_proxy,14:30:00,6641.0,215.0,美利達,13:40:00,0.01,592819687.625,2359140.45,29,time63,229.0,16,45,102,sell,2020-09-03,30.0,229.0,229.0,2912.0,9914,19.0,69.0
38000,616498.14,239518.0,board,344.0,2020-09-07,0.001388817243554896,2020-06-g006-2020-06-05-4167,daily_high_low_midpoint_proxy,13:30:00,241675.0,30.5,松瑞藥,08:59:00,0.01,129179009.15,3861243.75,7000,time63,34.525000000000006,0,7000,103,sell,2020-09-04,1088.0,35.2,33.85,5040260.0,4167,725.0,2157.0
16,620122.14,3624.0,odd,20.0,2020-09-08,0.009968847352024923,2020-06-g004-2020-06-04-9914,after_hours_single_auction_proxy,14:30:00,3672.0,204.5,美利達,13:40:00,0.01,592085019.2,2376672.4,16,time63,229.5,0,16,104,sell,2020-09-03,17.0,229.5,229.5,1605.0,9914,11.0,48.0
3,619415.64,-706.5,odd,20.0,2020-09-08,0.0079155672823219,2020-09-g005-2020-09-07-6679,after_hours_single_auction_proxy,14:30:00,682.5,260.5,鈺太,13:40:00,0.01,464233578.575,2171798.95,3,leader_entry,227.5,3,942,105,buy,2020-09-07,4.0,227.5,227.5,379.0,6679,0.0,24.0
168000,410106.64,-209309.0,board,297.0,2020-09-09,0.00011890970603363307,2020-09-g001-2020-09-08-1309,daily_high_low_midpoint_proxy,13:30:00,208075.0,31.45,台達化,08:59:00,0.01,376668776.3875,16834579.35,7000,leader_entry,29.725,7000,7000,106,buy,2020-09-08,937.0,31.45,28.0,58868197.0,1309,0.0,1234.0
421,397356.54,-12750.1,odd,20.0,2020-09-09,0.009977012583832974,2020-09-g001-2020-09-08-1309,after_hours_single_auction_proxy,14:30:00,12672.1,31.45,台達化,13:40:00,0.01,376668776.3875,16834579.35,421,leader_entry,30.1,7421,828,107,buy,2020-09-08,58.0,30.1,30.1,42197.0,1309,0.0,78.0
91000,586057.54,188701.0,board,271.0,2020-09-28,0.0007664009809932557,2020-09-g001-2020-09-08-1309,daily_high_low_midpoint_proxy,13:30:00,190400.0,23.8,台達化,08:59:00,0.01,669789254.0575,23217130.1,7000,loss12,27.2,421,7000,108,sell,2020-09-25,857.0,27.9,26.5,9133600.0,1309,571.0,1699.0
96,588658.54,2601.0,odd,20.0,2020-09-28,0.01,2020-09-g001-2020-09-08-1309,after_hours_single_auction_proxy,14:30:00,2640.0,23.8,台達化,13:40:00,0.01,669789254.0575,23217130.1,96,loss12,27.5,325,421,109,sell,2020-09-25,12.0,27.5,27.5,9600.0,1309,7.0,39.0
80,590738.54,2080.0,odd,20.0,2020-09-29,0.009897315353210442,2020-09-g001-2020-09-08-1309,after_hours_single_auction_proxy,14:30:00,2116.0,24.75,台達化,13:40:00,0.01,670136228.9375,23128643.8,80,loss12,26.45,245,325,110,sell,2020-09-25,10.0,26.45,26.45,8083.0,1309,6.0,36.0
58,592238.74,1500.2,odd,20.0,2020-09-30,0.009977636332358507,2020-09-g001-2020-09-08-1309,after_hours_single_auction_proxy,14:30:00,1531.2,23.85,台達化,13:40:00,0.01,670426847.1850001,23058135.55,58,loss12,26.4,187,245,111,sell,2020-09-25,7.0,26.4,26.4,5813.0,1309,4.0,31.0
46,593447.14,1208.4,odd,20.0,2020-10-05,0.009956709956709957,2020-09-g001-2020-09-08-1309,after_hours_single_auction_proxy,14:30:00,1237.4,23.9,台達化,13:40:00,0.01,642183825.8824999,21821831.4,46,loss12,26.9,141,187,112,sell,2020-09-25,6.0,26.9,26.9,4620.0,1309,3.0,29.0
479000,379939.14,-213508.0,board,302.0,2020-10-05,0.00012614323508841266,2020-09-g010-2020-09-30-2344,daily_high_low_midpoint_proxy,13:30:00,212250.0,15.3,華邦電,08:59:00,0.01,641164105.6650001,47925810.25,15000,leader_entry,14.149999999999999,15000,15000,113,buy,2020-09-30,956.0,14.45,13.85,118912441.0,2344,0.0,1258.0
84,378741.34,-1197.8,odd,20.0,2020-10-05,0.00995142755597678,2020-09-g010-2020-09-30-2344,after_hours_single_auction_proxy,14:30:00,1171.8,15.3,華邦電,13:40:00,0.01,641164105.6650001,47925810.25,84,leader_entry,13.95,15084,479,114,buy,2020-09-30,6.0,13.95,13.95,8441.0,2344,0.0,26.0
56,380291.34,1550.0,odd,20.0,2020-10-06,0.009952017060600676,2020-09-g001-2020-09-08-1309,after_hours_single_auction_proxy,14:30:00,1582.0,24.35,台達化,13:40:00,0.01,635544846.1850001,21496384.25,56,loss12,28.25,85,141,115,sell,2020-09-25,8.0,28.25,28.25,5627.0,1309,4.0,32.0
79,382439.69,2148.35,odd,20.0,2020-10-07,0.00997978777160182,2020-09-g001-2020-09-08-1309,after_hours_single_auction_proxy,14:30:00,2184.35,25.6,台達化,13:40:00,0.01,647613878.39,21856895.7,79,loss12,27.65,6,85,116,sell,2020-09-25,10.0,27.65,27.65,7916.0,1309,6.0,36.0
76,382581.89,142.2,odd,20.0,2020-10-08,0.0007878151260504202,2020-09-g001-2020-09-08-1309,after_hours_single_auction_proxy,14:30:00,163.2,24.9,台達化,13:40:00,0.01,655918774.36,22147881.1,6,loss12,27.2,0,6,117,sell,2020-09-25,1.0,27.2,27.2,7616.0,1309,0.0,21.0
5000,501015.89,118434.0,board,170.0,2020-11-06,0.0018772397817145583,2020-08-g015-2020-08-05-5434,daily_high_low_midpoint_proxy,13:30:00,119500.0,107.0,崇越,08:59:00,0.01,77985024.325,674522.2,1000,time63,119.5,69,1000,118,sell,2020-11-05,538.0,120.0,119.0,532697.0,5434,358.0,1066.0
25,503930.14,2914.25,odd,20.0,2020-11-06,0.009932459276916964,2020-08-g015-2020-08-05-5434,daily_high_low_midpoint_proxy,13:30:00,2956.25,107.0,崇越,09:00:00,0.01,77985024.325,674522.2,25,time63,118.25,44,69,119,sell,2020-11-05,14.0,119.5,117.0,2517.0,5434,8.0,42.0
53,509195.14,5265.0,odd,20.0,2020-11-09,0.008222762100541955,2020-08-g015-2020-08-05-5434,daily_high_low_midpoint_proxy,13:30:00,5324.0,107.5,崇越,09:00:00,0.01,79138310.975,683624.35,44,time63,121.0,0,44,120,sell,2020-11-05,24.0,122.0,120.0,5351.0,5434,15.0,59.0
40,492778.14,-16417.0,odd,23.0,2020-11-09,0.0098015192354815,2020-11-g003-2020-11-06-1476,daily_high_low_midpoint_proxy,13:30:00,16320.0,451.0,儒鴻,09:00:00,0.01,536987386.1,1392767.35,40,leader_entry,408.0,40,563,121,buy,2020-11-06,74.0,410.0,406.0,4081.0,1476,0.0,97.0
10,493363.89,585.75,odd,20.0,2020-11-18,0.0028544243577545195,2020-09-g005-2020-09-07-6679,daily_high_low_midpoint_proxy,13:30:00,609.75,180.0,鈺太,09:00:00,0.01,245118753.525,1136881.3,3,loss12,203.25,0,3,122,sell,2020-11-17,3.0,205.0,201.5,1051.0,6679,1.0,24.0
59000,284633.89,-208730.0,board,296.0,2020-11-19,0.0005507198073097481,2020-11-g005-2020-11-18-2105,daily_high_low_midpoint_proxy,13:30:00,207500.0,45.15,正新,08:59:00,0.01,229727311.34499997,5917203.6,5000,leader_entry,41.5,5000,5000,123,buy,2020-11-18,934.0,41.95,41.05,9079027.0,2105,0.0,1230.0
86,281034.34,-3599.55,odd,20.0,2020-11-19,0.009935304990757857,2020-11-g005-2020-11-18-2105,daily_high_low_midpoint_proxy,13:30:00,3562.55,45.15,正新,09:00:00,0.01,229727311.34499997,5917203.6,86,leader_entry,41.425,5086,669,124,buy,2020-11-18,17.0,41.75,41.1,8656.0,2105,0.0,37.0
2366000,707692.34,426658.0,board,613.0,2021-01-04,6.337519614306331e-05,2020-09-g010-2020-09-30-2344,daily_high_low_midpoint_proxy,13:30:00,430500.0,26.15,華邦電,08:59:00,0.01,6457974085.995,244377017.45,15000,time63,28.7,84,15000,125,sell,2020-12-31,1938.0,29.65,27.75,236685658.0,2344,1291.0,3842.0
1479,710046.24,2353.9,odd,20.0,2021-01-04,0.0005676135902911046,2020-09-g010-2020-09-30-2344,daily_high_low_midpoint_proxy,13:30:00,2391.9,26.15,華邦電,09:00:00,0.01,6457974085.995,244377017.45,84,time63,28.475,0,84,126,sell,2020-12-31,11.0,29.05,27.9,147988.0,2344,7.0,38.0
130000,418126.24,-291920.0,board,414.0,2021-01-05,8.508337607177668e-05,2021-01-g009-2021-01-04-5243,daily_high_low_midpoint_proxy,13:30:00,290200.0,76.5,乙盛-KY,08:59:00,0.01,748454238.0525,13091265.7,4000,leader_entry,72.55,4000,4000,127,buy,2021-01-04,1306.0,75.5,69.6,47012709.0,5243,0.0,1720.0
231,408803.24,-9323.0,odd,20.0,2021-01-05,0.005442764578833693,2021-01-g009-2021-01-04-5243,daily_high_low_midpoint_proxy,13:30:00,9261.0,76.5,乙盛-KY,09:00:00,0.01,748454238.0525,13091265.7,126,leader_entry,73.5,4126,126,128,buy,2021-01-04,42.0,76.5,70.5,23150.0,5243,0.0,62.0
22,417833.24,9030.0,odd,20.0,2021-02-05,0.009725906277630416,2020-11-g003-2020-11-06-1476,daily_high_low_midpoint_proxy,13:30:00,9119.0,374.5,儒鴻,09:00:00,0.01,474186118.3,1146097.8,22,time63,414.5,18,40,129,sell,2021-02-04,42.0,416.0,413.0,2262.0,1476,27.0,89.0
79,425267.74,7434.5,odd,20.0,2021-02-17,0.0022508440665249467,2020-11-g003-2020-11-06-1476,daily_high_low_midpoint_proxy,13:30:00,7510.5,372.5,儒鴻,09:00:00,0.01,438699039.225,1066089.35,18,time63,417.25,0,18,130,sell,2021-02-04,34.0,421.0,413.5,7997.0,1476,22.0,76.0
41000,146273.74,-278994.0,board,395.0,2021-02-17,0.0006348523798922782,2021-02-g004-2021-02-05-3483,daily_high_low_midpoint_proxy,13:30:00,277350.0,94.7,力致,08:59:00,0.01,330772525.9,4122118.75,3000,leader_entry,92.45,3000,3000,131,buy,2021-02-05,1249.0,94.7,90.2,4725508.0,3483,0.0,1644.0
464,135649.34,-10624.4,odd,20.0,2021-02-17,0.0024551504318049665,2021-02-g004-2021-02-05-3483,daily_high_low_midpoint_proxy,13:30:00,10556.4,94.7,力致,09:00:00,0.01,330772525.9,4122118.75,114,leader_entry,92.6,3114,114,132,buy,2021-02-05,48.0,94.7,90.5,46433.0,3483,0.0,68.0
49000,350341.34,214692.0,board,309.0,2021-02-26,0.0004167054549994362,2020-11-g005-2020-11-18-2105,daily_high_low_midpoint_proxy,13:30:00,216625.0,40.05,正新,08:59:00,0.01,210496954.2575,4958367.7,5000,time63,43.325,86,5000,133,sell,2021-02-25,975.0,44.05,42.6,11998883.0,2105,649.0,1933.0
108,354040.79,3699.45,odd,20.0,2021-02-26,0.007957805126307024,2020-11-g005-2020-11-18-2105,daily_high_low_midpoint_proxy,13:30:00,3747.45,40.05,正新,09:00:00,0.01,210496954.2575,4958367.7,86,time63,43.575,0,86,134,sell,2021-02-25,17.0,44.3,42.85,10807.0,2105,11.0,48.0
23000,149083.79,-204957.0,board,290.0,2021-03-03,0.00010802296265721797,2021-03-g010-2021-03-02-8016,daily_high_low_midpoint_proxy,13:30:00,203750.0,233.5,矽創,08:59:00,0.01,435202213.85,2382379.6,1000,leader_entry,203.75,1000,1000,135,buy,2021-03-02,917.0,211.5,196.0,9257291.0,8016,0.0,1207.0
105,127298.54,-21785.25,odd,31.0,2021-03-03,0.009948834565093803,2021-03-g010-2021-03-02-8016,daily_high_low_midpoint_proxy,13:30:00,21656.25,233.5,矽創,09:00:00,0.01,435202213.85,2382379.6,105,leader_entry,206.25,1105,340,136,buy,2021-03-02,98.0,215.0,197.5,10554.0,8016,0.0,129.0
31000,418475.54,291177.0,board,419.0,2021-04-16,0.0012796961489463942,2021-01-g009-2021-01-04-5243,daily_high_low_midpoint_proxy,13:30:00,293800.0,66.0,乙盛-KY,08:59:00,0.01,1408356338.0749998,18547157.8,4000,time63,73.45,126,4000,137,sell,2021-04-15,1323.0,74.7,72.2,3125742.0,5243,881.0,2623.0
50,422107.54,3632.0,odd,20.0,2021-04-16,0.009916699722332408,2021-01-g009-2021-01-04-5243,daily_high_low_midpoint_proxy,13:30:00,3680.0,66.0,乙盛-KY,09:00:00,0.01,1408356338.0749998,18547157.8,50,time63,73.6,76,126,138,sell,2021-04-15,17.0,74.4,72.8,5042.0,5243,11.0,48.0
60,426372.54,4265.0,odd,20.0,2021-04-19,0.009933774834437087,2021-01-g009-2021-01-04-5243,daily_high_low_midpoint_proxy,13:30:00,4317.0,65.4,乙盛-KY,09:00:00,0.01,1241954384.84,16203467.45,60,time63,71.95,16,76,139,sell,2021-04-15,20.0,72.2,71.7,6040.0,5243,12.0,52.0
39,427497.14,1124.6,odd,20.0,2021-04-20,0.00407955124936257,2021-01-g009-2021-01-04-5243,daily_high_low_midpoint_proxy,13:30:00,1153.6,64.3,乙盛-KY,09:00:00,0.01,1175419172.9599998,15270133.85,16,time63,72.1,0,16,140,sell,2021-04-15,6.0,73.4,70.8,3922.0,5243,3.0,29.0
192000,96296.14,-331201.0,board,469.0,2021-04-26,4.7734155884064494e-05,2021-04-g007-2021-04-23-3260,daily_high_low_midpoint_proxy,13:30:00,329250.0,113.5,威剛,08:59:00,0.01,1771948177.08,19280203.2,3000,leader_entry,109.75,3000,3000,141,buy,2021-04-23,1482.0,113.5,106.0,62848079.0,3260,0.0,1951.0
1223,57997.14,-38299.0,odd,54.0,2021-04-26,0.002803639008999436,2021-04-g007-2021-04-23-3260,daily_high_low_midpoint_proxy,13:30:00,38073.0,113.5,威剛,09:00:00,0.01,1771948177.08,19280203.2,343,leader_entry,111.0,3343,343,142,buy,2021-04-23,172.0,113.5,108.5,122341.0,3260,0.0,226.0
369000,327668.14,269671.0,board,388.0,2021-05-12,8.116253536285483e-05,2021-04-g007-2021-04-23-3260,daily_high_low_midpoint_proxy,13:30:00,272100.0,86.4,威剛,08:59:00,0.01,4373148298.615,41254419.05,3000,loss12,90.7,343,3000,143,sell,2021-05-11,1225.0,95.0,86.4,36962867.0,3260,816.0,2429.0
674,358466.94,30798.8,odd,44.0,2021-05-12,0.00508464526075484,2021-04-g007-2021-04-23-3260,daily_high_low_midpoint_proxy,13:30:00,31075.8,86.4,威剛,09:00:00,0.01,4373148298.615,41254419.05,343,loss12,90.6,0,343,144,sell,2021-05-11,140.0,94.8,86.4,67458.0,3260,93.0,277.0
45000,588148.94,229682.0,board,330.0,2021-05-13,0.0006359088844314031,2021-02-g004-2021-02-05-3483,daily_high_low_midpoint_proxy,13:30:00,231750.0,71.5,力致,08:59:00,0.01,528973433.39000005,4582174.3,3000,loss12,77.25,114,3000,145,sell,2021-05-12,1043.0,83.0,71.5,4717657.0,3483,695.0,2068.0
70,593463.94,5315.0,odd,20.0,2021-05-13,0.00992063492063492,2021-02-g004-2021-02-05-3483,daily_high_low_midpoint_proxy,13:30:00,5376.0,71.5,力致,09:00:00,0.01,528973433.39000005,4582174.3,70,loss12,76.8,44,114,146,sell,2021-05-12,25.0,82.0,71.6,7056.0,3483,16.0,61.0
37,596512.29,3048.35,odd,20.0,2021-05-14,0.009816927566993898,2021-02-g004-2021-02-05-3483,daily_high_low_midpoint_proxy,13:30:00,3091.35,73.4,力致,09:00:00,0.01,514215639.26500005,4525106.75,37,loss12,83.55,7,44,147,sell,2021-05-12,14.0,86.1,81.0,3769.0,3483,9.0,43.0
28,597031.49,519.2,odd,20.0,2021-05-17,0.0024831500532103584,2021-02-g004-2021-02-05-3483,daily_high_low_midpoint_proxy,13:30:00,543.2,72.2,力致,09:00:00,0.01,493025245.555,4399839.8,7,loss12,77.6,0,7,148,sell,2021-05-12,3.0,81.1,74.1,2819.0,3483,1.0,24.0
59000,873293.49,276262.0,board,397.0,2021-06-03,0.00016896187290856883,2021-03-g010-2021-03-02-8016,daily_high_low_midpoint_proxy,13:30:00,278750.0,247.0,矽創,08:59:00,0.01,2424912278.1,9519298.7,1000,time63,278.75,105,1000,149,sell,2021-06-02,1255.0,283.5,274.0,5918495.0,8016,836.0,2488.0
191,902353.74,29060.25,odd,42.0,2021-06-03,0.005482456140350877,2021-03-g010-2021-03-02-8016,daily_high_low_midpoint_proxy,13:30:00,29321.25,247.0,矽創,09:00:00,0.01,2424912278.1,9519298.7,105,time63,279.25,0,105,150,sell,2021-06-02,132.0,281.0,277.5,19152.0,8016,87.0,261.0
72000,692617.74,-209736.0,board,297.0,2021-06-08,6.854386140540894e-05,2021-06-g010-2021-06-07-2351,daily_high_low_midpoint_proxy,13:30:00,208500.0,117.0,順德,08:59:00,0.01,671577730.22,7205382.05,2000,leader_entry,104.25,2000,2000,151,buy,2021-06-07,939.0,112.5,96.0,29178397.0,2351,0.0,1236.0
396,652085.74,-40532.0,odd,57.0,2021-06-08,0.009977827050997782,2021-06-g010-2021-06-07-2351,daily_high_low_midpoint_proxy,13:30:00,40293.0,117.0,順德,09:00:00,0.01,671577730.22,7205382.05,396,leader_entry,101.75,2396,555,152,buy,2021-06-07,182.0,106.5,97.0,39688.0,2351,0.0,239.0
349000,398088.74,-253997.0,board,360.0,2021-06-08,0.00023533134983520686,2021-06-g002-2021-06-07-1714,daily_high_low_midpoint_proxy,13:30:00,252500.0,14.85,和桐,08:59:00,0.01,410131383.97249997,34959346.9,20000,leader_entry,12.625,20000,20000,153,buy,2021-06-07,1137.0,13.1,12.15,84986552.0,1714,0.0,1497.0
346,396399.14,-1689.6,odd,20.0,2021-06-08,0.003872496604340664,2021-06-g002-2021-06-07-1714,daily_high_low_midpoint_proxy,13:30:00,1661.6,14.85,和桐,09:00:00,0.01,410131383.97249997,34959346.9,134,leader_entry,12.399999999999999,20134,134,154,buy,2021-06-07,8.0,12.6,12.2,34603.0,1714,0.0,28.0
104000,184098.14,-212301.0,board,301.0,2021-06-17,0.0001615495575076845,2021-06-g013-2021-06-16-8069,daily_high_low_midpoint_proxy,13:30:00,211050.0,76.2,元太,08:59:00,0.01,658431655.65,10409109.5,3000,leader_entry,70.35,3000,3000,155,buy,2021-06-16,950.0,72.0,68.7,18570153.0,8069,0.0,1251.0
342,159758.64,-24339.5,odd,34.0,2021-06-17,0.009989484752891693,2021-06-g013-2021-06-16-8069,daily_high_low_midpoint_proxy,13:30:00,24196.5,76.2,元太,09:00:00,0.01,658431655.65,10409109.5,342,leader_entry,70.75,3342,781,156,buy,2021-06-16,109.0,71.8,69.7,34236.0,8069,0.0,143.0
52000,452181.23,283447.0,board,408.0,2021-09-06,0.00029757631530591216,2021-06-g010-2021-06-07-2351,daily_high_low_midpoint_proxy,13:30:00,286000.0,123.5,順德,08:59:00,0.01,751042525.775,5296403.45,2000,time63,143.0,396,2000,157,sell,2021-09-03,1287.0,148.0,138.0,6720965.0,2351,858.0,2553.0
118,468846.23,16665.0,odd,24.0,2021-09-06,0.009929316728374285,2021-06-g010-2021-06-07-2351,daily_high_low_midpoint_proxy,13:30:00,16815.0,123.5,順德,09:00:00,0.01,751042525.775,5296403.45,118,time63,142.5,278,396,158,sell,2021-09-03,76.0,146.0,139.0,11884.0,2351,50.0,150.0
35000,670034.23,201188.0,board,289.0,2021-09-06,0.005607611323000935,2021-06-g002-2021-06-07-1714,daily_high_low_midpoint_proxy,13:30:00,203000.0,9.18,和桐,08:59:00,0.01,58972881.265,5359082.35,20000,time63,10.15,134,20000,159,sell,2021-09-03,914.0,10.25,10.05,3566581.0,1714,609.0,1812.0
49,670512.48,478.25,odd,20.0,2021-09-06,0.00986113906218555,2021-06-g002-2021-06-07-1714,daily_high_low_midpoint_proxy,13:30:00,502.25,9.18,和桐,09:00:00,0.01,58972881.265,5359082.35,49,time63,10.25,85,134,160,sell,2021-09-03,3.0,10.4,10.1,4969.0,1714,1.0,24.0
192,697342.48,26830.0,odd,39.0,2021-09-07,0.00998543790305804,2021-06-g010-2021-06-07-2351,daily_high_low_midpoint_proxy,13:30:00,27072.0,126.0,順德,09:00:00,0.01,720369637.725,5090851.4,192,time63,141.0,86,278,161,sell,2021-09-03,122.0,147.0,135.0,19228.0,2351,81.0,242.0
55,697883.6,541.12,odd,20.0,2021-09-07,0.00990455609580407,2021-06-g002-2021-06-07-1714,daily_high_low_midpoint_proxy,13:30:00,565.12,9.05,和桐,09:00:00,0.01,59029091.65749999,5385131.0,55,time63,10.274999999999999,30,85,162,sell,2021-09-03,3.0,10.45,10.1,5553.0,1714,1.0,24.0
198000,463402.6,-234481.0,board,332.0,2021-09-07,0.0001509070266838835,2021-09-g004-2021-09-06-2881,daily_high_low_midpoint_proxy,13:30:00,233100.0,84.9,富邦金,08:59:00,0.01,2118123530.6650002,26354364.45,3000,leader_entry,77.7,3000,3000,163,buy,2021-09-06,1049.0,78.4,77.0,19879790.0,2881,0.0,1381.0
1454,412278.2,-51124.4,odd,72.0,2021-09-07,0.004481469262069724,2021-09-g004-2021-09-06-2881,daily_high_low_midpoint_proxy,13:30:00,50823.4,84.9,富邦金,09:00:00,0.01,2118123530.6650002,26354364.45,652,leader_entry,77.95,3652,652,164,buy,2021-09-06,229.0,78.5,77.4,145488.0,2881,0.0,301.0
119,423504.7,11226.5,odd,20.0,2021-09-08,0.007190034278070395,2021-06-g010-2021-06-07-2351,daily_high_low_midpoint_proxy,13:30:00,11330.5,122.5,順德,09:00:00,0.01,759769220.725,5389705.05,86,time63,131.75,0,86,165,sell,2021-09-03,51.0,134.0,129.5,11961.0,2351,33.0,104.0
34,423790.95,286.25,odd,20.0,2021-09-08,0.008581235697940504,2021-06-g002-2021-06-07-1714,daily_high_low_midpoint_proxy,13:30:00,308.25,9.32,和桐,09:00:00,0.01,58461075.9,5350963.65,30,time63,10.274999999999999,0,30,166,sell,2021-09-03,2.0,10.45,10.1,3496.0,1714,0.0,22.0
78000,195495.95,-228295.0,board,323.0,2021-09-08,0.00023596997266366523,2021-09-g001-2021-09-07-9945,daily_high_low_midpoint_proxy,13:30:00,226950.0,83.7,潤泰新,08:59:00,0.01,537516811.6,7807066.15,3000,leader_entry,75.65,3000,3000,167,buy,2021-09-07,1022.0,76.7,74.6,12713482.0,9945,0.0,1345.0
847,133908.15,-61587.8,odd,87.0,2021-09-08,0.009585192530160304,2021-09-g001-2021-09-07-9945,daily_high_low_midpoint_proxy,13:30:00,61224.8,83.7,潤泰新,09:00:00,0.01,537516811.6,7807066.15,812,leader_entry,75.4,3812,812,168,buy,2021-09-07,276.0,75.8,75.0,84714.0,9945,0.0,363.0
65000,367157.15,233249.0,board,335.0,2021-09-14,0.0004550631923502057,2021-06-g013-2021-06-16-8069,daily_high_low_midpoint_proxy,13:30:00,235350.0,69.8,元太,08:59:00,0.01,971630941.1600001,12520682.0,3000,time63,78.45,342,3000,169,sell,2021-09-13,1060.0,79.4,77.5,6592491.0,8069,706.0,2101.0
95,374514.9,7357.75,odd,20.0,2021-09-14,0.009928929765886288,2021-06-g013-2021-06-16-8069,daily_high_low_midpoint_proxy,13:30:00,7433.75,69.8,元太,09:00:00,0.01,971630941.1600001,12520682.0,95,time63,78.25,247,342,170,sell,2021-09-13,34.0,78.9,77.6,9568.0,8069,22.0,76.0
220,391336.9,16822.0,odd,24.0,2021-09-15,0.009989102796948783,2021-06-g013-2021-06-16-8069,daily_high_low_midpoint_proxy,13:30:00,16973.0,70.3,元太,09:00:00,0.01,960972607.385,12342607.65,220,time63,77.15,27,247,171,sell,2021-09-13,77.0,77.8,76.5,22024.0,8069,50.0,151.0
88,393366.4,2029.5,odd,20.0,2021-09-16,0.003044998308334273,2021-06-g013-2021-06-16-8069,daily_high_low_midpoint_proxy,13:30:00,2065.5,68.6,元太,09:00:00,0.01,929554431.9800001,11938418.65,27,time63,76.5,0,27,172,sell,2021-09-13,10.0,77.0,76.0,8867.0,8069,6.0,36.0
162000,189163.4,-204203.0,board,289.0,2021-09-22,2.483593320435371e-05,2021-09-g013-2021-09-17-6411,daily_high_low_midpoint_proxy,13:30:00,203000.0,226.0,晶焱,08:59:00,0.01,2860131700.475,16296158.0,1000,leader_entry,203.0,1000,1000,173,buy,2021-09-17,914.0,209.0,197.0,40264241.0,6411,0.0,1203.0
271,133756.65,-55406.75,odd,78.0,2021-09-22,0.009997786467940677,2021-09-g013-2021-09-17-6411,daily_high_low_midpoint_proxy,13:30:00,55080.75,226.0,晶焱,09:00:00,0.01,2860131700.475,16296158.0,271,leader_entry,203.25,1271,494,174,buy,2021-09-17,248.0,207.5,199.0,27106.0,6411,0.0,326.0
231000,372336.45,224478.0,board,323.0,2021-12-08,0.00012001650947104284,2021-09-g004-2021-09-06-2881,daily_high_low_midpoint_proxy,13:30:00,226500.0,67.8,富邦金,08:59:00,0.01,1720695125.53,23146247.4,3000,time63,75.5,652,3000,175,sell,2021-12-07,1020.0,76.0,75.0,24996561.0,2881,679.0,2022.0
1621,421090.85,48754.4,odd,70.0,2021-12-08,0.004020373179424569,2021-09-g004-2021-09-06-2881,daily_high_low_midpoint_proxy,13:30:00,49193.4,67.8,富邦金,09:00:00,0.01,1720695125.53,23146247.4,652,time63,75.45,0,652,176,sell,2021-12-07,222.0,75.7,75.2,162174.0,2881,147.0,439.0
24000,739473.85,318383.0,board,458.0,2021-12-09,0.0020124789796570576,2021-09-g001-2021-09-07-9945,daily_high_low_midpoint_proxy,13:30:00,321250.0,57.7,潤泰新,08:59:00,0.01,495235221.05,7490362.8,5000,time63,64.25,336,5000,177,sell,2021-12-08,1446.0,64.5,64.0,2484498.0,9945,963.0,2867.0
421,760868.85,21395.0,odd,31.0,2021-12-09,0.007965860597439544,2021-09-g001-2021-09-07-9945,daily_high_low_midpoint_proxy,13:30:00,21588.0,57.7,潤泰新,09:00:00,0.01,495235221.05,7490362.8,336,time63,64.25,0,336,178,sell,2021-12-08,98.0,64.4,64.1,42180.0,9945,64.0,193.0
349,630359.1,-130509.75,odd,185.0,2021-12-10,0.009997708261716512,2021-12-g015-2021-12-09-3105,daily_high_low_midpoint_proxy,13:30:00,129740.75,414.5,穩懋,09:00:00,0.01,1227857059.925,3411461.05,349,leader_entry,371.75,349,883,179,buy,2021-12-09,584.0,374.5,369.0,34908.0,3105,0.0,769.0
138000,293575.1,-336784.0,board,477.0,2021-12-13,0.00011795462898786908,2021-12-g014-2021-12-10-8215,daily_high_low_midpoint_proxy,13:30:00,334800.0,43.5,明基材,08:59:00,0.01,531254454.0825,13890509.85,8000,leader_entry,41.85,8000,8000,180,buy,2021-12-10,1507.0,43.5,40.2,67822688.0,8215,0.0,1984.0
801,276695.1,-16880.0,odd,24.0,2021-12-13,0.0049907048122871155,2021-12-g014-2021-12-10-8215,daily_high_low_midpoint_proxy,13:30:00,16780.0,43.5,明基材,09:00:00,0.01,531254454.0825,13890509.85,400,leader_entry,41.95,8400,400,181,buy,2021-12-10,76.0,43.5,40.4,80149.0,8215,0.0,100.0
46000,579568.1,302873.0,board,435.0,2021-12-20,0.0017307689395340727,2021-12-g014-2021-12-10-8215,daily_high_low_midpoint_proxy,13:30:00,305600.0,33.95,明基材,08:59:00,0.01,756176538.76,19185736.95,8000,loss12,38.2,400,8000,182,sell,2021-12-17,1376.0,38.7,37.7,4622223.0,8215,916.0,2727.0
54,581593.55,2025.45,odd,20.0,2021-12-20,0.009946583164487014,2021-12-g014-2021-12-10-8215,daily_high_low_midpoint_proxy,13:30:00,2061.45,33.95,明基材,09:00:00,0.01,756176538.76,19185736.95,54,loss12,38.175,346,400,183,sell,2021-12-17,10.0,38.5,37.85,5429.0,8215,6.0,36.0
29000,821186.55,239593.0,board,344.0,2021-12-21,0.0003392909430014966,2021-09-g013-2021-09-17-6411,daily_high_low_midpoint_proxy,13:30:00,241750.0,214.0,晶焱,08:59:00,0.01,2417936433.55,9164623.55,1000,time63,241.75,271,1000,184,sell,2021-12-20,1088.0,245.0,238.5,2947323.0,6411,725.0,2157.0
42,831254.55,10068.0,odd,20.0,2021-12-21,0.009966777408637873,2021-09-g013-2021-09-17-6411,daily_high_low_midpoint_proxy,13:30:00,10164.0,214.0,晶焱,09:00:00,0.01,2417936433.55,9164623.55,42,time63,242.0,229,271,185,sell,2021-12-20,46.0,245.0,239.0,4214.0,6411,30.0,96.0
64,833663.55,2409.0,odd,20.0,2021-12-21,0.009962640099626401,2021-12-g014-2021-12-10-8215,daily_high_low_midpoint_proxy,13:30:00,2448.0,34.15,明基材,09:00:00,0.01,743560012.1425,18853590.15,64,loss12,38.25,282,346,186,sell,2021-12-17,12.0,38.6,37.9,6424.0,8215,7.0,39.0
67,849932.55,16269.0,odd,23.0,2021-12-22,0.009982121573301549,2021-09-g013-2021-09-17-6411,daily_high_low_midpoint_proxy,13:30:00,16415.0,219.0,晶焱,09:00:00,0.01,2354759652.4,8932730.1,67,time63,245.0,162,229,187,sell,2021-12-20,74.0,247.5,242.5,6712.0,6411,49.0,146.0
55,852023.68,2091.13,odd,20.0,2021-12-22,0.009942154736080983,2021-12-g014-2021-12-10-8215,daily_high_low_midpoint_proxy,13:30:00,2127.13,34.6,明基材,09:00:00,0.01,724200130.5625001,18347631.7,55,loss12,38.675,227,282,188,sell,2021-12-17,10.0,38.95,38.4,5532.0,8215,6.0,36.0
120,881339.68,29316.0,odd,42.0,2021-12-23,0.009927200529450696,2021-09-g013-2021-09-17-6411,daily_high_low_midpoint_proxy,13:30:00,29580.0,217.5,晶焱,09:00:00,0.01,2260230629.575,8589702.05,120,time63,246.5,42,162,189,sell,2021-12-20,134.0,250.0,243.0,12088.0,6411,88.0,264.0
100,885190.68,3851.0,odd,20.0,2021-12-23,0.009936406995230525,2021-12-g014-2021-12-10-8215,daily_high_low_midpoint_proxy,13:30:00,3900.0,34.5,明基材,09:00:00,0.01,701644916.2725,17756710.25,100,loss12,39.0,127,227,190,sell,2021-12-17,18.0,39.3,38.7,10064.0,8215,11.0,49.0
120,895300.68,10110.0,odd,20.0,2021-12-24,0.003474520185307743,2021-09-g013-2021-09-17-6411,daily_high_low_midpoint_proxy,13:30:00,10206.0,218.5,晶焱,09:00:00,0.01,2242544117.075,8539860.0,42,time63,243.0,0,42,191,sell,2021-12-20,46.0,246.0,240.0,12088.0,6411,30.0,96.0
62,897655.88,2355.2,odd,20.0,2021-12-24,0.009958239640218438,2021-12-g014-2021-12-10-8215,daily_high_low_midpoint_proxy,13:30:00,2393.2,34.7,明基材,09:00:00,0.01,702391348.7475001,17778309.75,62,loss12,38.6,65,127,192,sell,2021-12-17,11.0,38.7,38.5,6226.0,8215,7.0,38.0
459000,597084.88,-300571.0,board,426.0,2021-12-24,0.00012181787763032799,2021-12-g004-2021-12-23-2312,daily_high_low_midpoint_proxy,13:30:00,298800.0,18.4,金寶,08:59:00,0.01,707502559.0325,45980972.4,18000,leader_entry,16.6,18000,18000,193,buy,2021-12-23,1345.0,17.0,16.2,147761563.0,2312,0.0,1771.0
524,592368.73,-4716.15,odd,20.0,2021-12-24,0.005373680399405465,2021-12-g004-2021-12-23-2312,daily_high_low_midpoint_proxy,13:30:00,4674.15,18.4,金寶,09:00:00,0.01,707502559.0325,45980972.4,282,leader_entry,16.575000000000003,18282,282,194,buy,2021-12-23,22.0,16.85,16.3,52478.0,2312,0.0,42.0
73,594854.98,2486.25,odd,20.0,2021-12-27,0.00885196786054746,2021-12-g014-2021-12-10-8215,daily_high_low_midpoint_proxy,13:30:00,2525.25,34.5,明基材,09:00:00,0.01,691928601.1675,17487501.65,65,loss12,38.85,0,65,195,sell,2021-12-17,12.0,39.2,38.5,7343.0,8215,7.0,39.0
69000,321895.98,-272959.0,board,387.0,2022-01-03,0.00028976083720019173,2021-12-g012-2021-12-30-5371,daily_high_low_midpoint_proxy,13:30:00,271350.0,101.5,中強光電股份有限公司,08:59:00,0.01,596902395.8349999,6950059.85,3000,leader_entry,90.45,3000,3000,196,buy,2021-12-30,1222.0,93.0,87.9,10353366.0,5371,0.0,1609.0
342,292105.58,-29790.4,odd,42.0,2022-01-03,0.009689187217277104,2021-12-g012-2021-12-30-5371,daily_high_low_midpoint_proxy,13:30:00,29614.4,101.5,中強光電股份有限公司,09:00:00,0.01,596902395.8349999,6950059.85,332,leader_entry,89.2,3332,332,197,buy,2021-12-30,134.0,90.2,88.2,34265.0,5371,0.0,176.0
33000,520003.58,227898.0,board,328.0,2022-01-24,0.0008977074347531275,2021-12-g012-2021-12-30-5371,daily_high_low_midpoint_proxy,13:30:00,229950.0,69.2,中強光電股份有限公司,08:59:00,0.01,535588893.39000005,6225901.65,3000,loss12,76.65,332,3000,198,sell,2022-01-21,1035.0,78.2,75.1,3341846.0,5371,689.0,2052.0
81,526177.63,6174.05,odd,20.0,2022-01-24,0.009902200488997554,2021-12-g012-2021-12-30-5371,daily_high_low_midpoint_proxy,13:30:00,6241.05,69.2,中強光電股份有限公司,09:00:00,0.01,535588893.39000005,6225901.65,81,loss12,77.05,251,332,199,sell,2022-01-21,29.0,78.3,75.8,8180.0,5371,18.0,67.0
126,535612.23,9434.6,odd,20.0,2022-01-25,0.009936908517350157,2021-12-g012-2021-12-30-5371,daily_high_low_midpoint_proxy,13:30:00,9525.6,69.3,中強光電股份有限公司,09:00:00,0.01,537241848.19,6259185.45,126,loss12,75.6,125,251,200,sell,2022-01-21,43.0,77.0,74.2,12680.0,5371,28.0,91.0
64,540340.23,4728.0,odd,20.0,2022-01-26,0.009910188912976153,2021-12-g012-2021-12-30-5371,daily_high_low_midpoint_proxy,13:30:00,4784.0,66.0,中強光電股份有限公司,09:00:00,0.01,526802938.475,6159718.65,64,loss12,74.75,61,125,201,sell,2022-01-21,22.0,75.4,74.1,6458.0,5371,14.0,56.0
78,544830.73,4490.5,odd,20.0,2022-02-07,0.007733265720081136,2021-12-g012-2021-12-30-5371,daily_high_low_midpoint_proxy,13:30:00,4544.5,67.3,中強光電股份有限公司,09:00:00,0.01,511556871.7799999,5995099.4,61,loss12,74.5,0,61,202,sell,2022-01-21,21.0,75.8,73.2,7888.0,5371,13.0,54.0
19000,337106.73,-207724.0,board,294.0,2022-02-08,0.0002118596040301629,2022-02-g015-2022-02-07-3526,daily_high_low_midpoint_proxy,13:30:00,206500.0,228.0,凡甲,08:59:00,0.01,358561825.725,1901312.8,1000,leader_entry,206.5,1000,1000,203,buy,2022-02-07,930.0,211.0,202.0,4720107.0,3526,0.0,1224.0
276,279982.73,-57124.0,odd,81.0,2022-02-08,0.009991673605328892,2022-02-g015-2022-02-07-3526,daily_high_low_midpoint_proxy,13:30:00,56787.0,228.0,凡甲,09:00:00,0.01,358561825.725,1901312.8,276,leader_entry,205.75,1276,375,204,buy,2022-02-07,256.0,209.5,202.0,27623.0,3526,0.0,337.0
619,388244.73,108262.0,odd,156.0,2022-02-14,0.00563257532964284,2021-12-g015-2021-12-09-3105,daily_high_low_midpoint_proxy,13:30:00,109237.0,288.0,穩懋,09:00:00,0.01,1145204869.55,3357036.1,349,loss12,313.0,0,349,205,sell,2022-02-11,492.0,316.0,310.0,61961.0,3105,327.0,975.0
556000,110609.73,-277635.0,board,393.0,2022-02-18,0.0004009511697775438,2022-02-g018-2022-02-17-2834,daily_high_low_midpoint_proxy,13:30:00,276000.0,12.65,臺企銀,08:59:00,0.01,606351157.23,55664966.2,24000,leader_entry,11.5,24000,24000,206,buy,2022-02-17,1242.0,11.65,11.35,59857663.0,2834,0.0,1635.0
1412,108624.55,-1985.18,odd,20.0,2022-02-18,0.0011965194735314316,2022-02-g018-2022-02-17-2834,daily_high_low_midpoint_proxy,13:30:00,1956.18,12.65,臺企銀,09:00:00,0.01,606351157.23,55664966.2,169,leader_entry,11.575,24169,169,207,buy,2022-02-17,9.0,11.65,11.5,141243.0,2834,0.0,29.0
4000,289495.55,180871.0,board,260.0,2022-02-25,0.002096730568025278,2022-02-g015-2022-02-07-3526,daily_high_low_midpoint_proxy,13:30:00,182500.0,162.0,凡甲,08:59:00,0.01,479947777.85,2453859.15,1000,loss12,182.5,276,1000,208,sell,2022-02-24,822.0,185.0,180.0,476933.0,3526,547.0,1629.0
54,299256.55,9761.0,odd,20.0,2022-02-25,0.00996126175982291,2022-02-g015-2022-02-07-3526,daily_high_low_midpoint_proxy,13:30:00,9855.0,162.0,凡甲,09:00:00,0.01,479947777.85,2453859.15,54,loss12,182.5,222,276,209,sell,2022-02-24,45.0,184.5,180.5,5421.0,3526,29.0,94.0
92,316580.55,17324.0,odd,25.0,2022-03-01,0.009979390389413168,2022-02-g015-2022-02-07-3526,daily_high_low_midpoint_proxy,13:30:00,17480.0,164.0,凡甲,09:00:00,0.01,477629520.975,2440817.45,92,loss12,190.0,130,222,210,sell,2022-02-24,79.0,191.5,188.5,9219.0,3526,52.0,156.0
86000,107749.55,-208831.0,board,296.0,2022-03-01,6.798725565295334e-05,2022-02-g009-2022-02-25-8150,daily_high_low_midpoint_proxy,13:30:00,207600.0,57.2,南茂,08:59:00,0.01,424934320.7575,8697855.6,4000,leader_entry,51.900000000000006,4000,4000,211,buy,2022-02-25,935.0,52.7,51.1,58834556.0,8150,0.0,1231.0
620,75380.55,-32369.0,odd,46.0,2022-03-01,0.009989849024378454,2022-02-g009-2022-02-25-8150,daily_high_low_midpoint_proxy,13:30:00,32178.0,57.2,南茂,09:00:00,0.01,424934320.7575,8697855.6,620,leader_entry,51.9,4620,897,212,buy,2022-02-25,145.0,52.4,51.4,62063.0,8150,0.0,191.0
89,91984.8,16604.25,odd,24.0,2022-03-02,0.009994385176866929,2022-02-g015-2022-02-07-3526,daily_high_low_midpoint_proxy,13:30:00,16754.25,172.0,凡甲,09:00:00,0.01,483917163.175,2472057.85,89,loss12,188.25,41,130,213,sell,2022-02-24,76.0,189.5,187.0,8905.0,3526,50.0,150.0
39,99289.55,7304.75,odd,20.0,2022-03-03,0.009883426254434871,2022-02-g015-2022-02-07-3526,daily_high_low_midpoint_proxy,13:30:00,7380.75,171.0,凡甲,09:00:00,0.01,483426203.3,2467287.0,39,loss12,189.25,2,41,214,sell,2022-02-24,34.0,191.0,187.5,3946.0,3526,22.0,76.0
66,99638.55,349.0,odd,20.0,2022-03-04,0.0002994460248540201,2022-02-g015-2022-02-07-3526,daily_high_low_midpoint_proxy,13:30:00,372.0,169.0,凡甲,09:00:00,0.01,472622961.15,2407925.7,2,loss12,186.0,0,2,215,sell,2022-02-24,2.0,188.0,184.0,6679.0,3526,1.0,23.0
129000,341361.55,241723.0,board,348.0,2022-03-08,0.0012849612066642372,2021-12-g004-2021-12-23-2312,daily_high_low_midpoint_proxy,13:30:00,243900.0,12.45,金寶,08:59:00,0.01,198441657.7225,12931217.35,18000,loss12,13.55,282,18000,216,sell,2022-03-07,1098.0,13.9,13.2,14008205.0,2312,731.0,2177.0
139,343214.48,1852.93,odd,20.0,2022-03-08,0.009945621064682313,2021-12-g004-2021-12-23-2312,daily_high_low_midpoint_proxy,13:30:00,1886.93,12.45,金寶,09:00:00,0.01,198441657.7225,12931217.35,139,loss12,13.575,143,282,217,sell,2022-03-07,9.0,13.85,13.3,13976.0,2312,5.0,34.0
109,344654.98,1440.5,odd,20.0,2022-03-09,0.009958885335769758,2021-12-g004-2021-12-23-2312,daily_high_low_midpoint_proxy,13:30:00,1471.5,11.95,金寶,09:00:00,0.01,198463412.8325,13036214.05,109,loss12,13.5,34,143,218,sell,2022-03-07,7.0,13.65,13.35,10945.0,2312,4.0,31.0
89,345114.63,459.65,odd,20.0,2022-03-10,0.003798882681564246,2021-12-g004-2021-12-23-2312,daily_high_low_midpoint_proxy,13:30:00,483.65,12.3,金寶,09:00:00,0.01,190469994.82750002,12580552.35,34,loss12,14.225000000000001,0,34,219,sell,2022-03-07,3.0,14.4,14.05,8950.0,2312,1.0,24.0
307000,634707.63,289593.0,board,416.0,2022-05-24,0.0007810410867639993,2022-02-g018-2022-02-17-2834,daily_high_low_midpoint_proxy,13:30:00,292200.0,10.85,臺企銀,08:59:00,0.01,568717613.5775,46766279.2,24000,time63,12.175,169,24000,220,sell,2022-05-23,1315.0,12.3,12.05,30728217.0,2834,876.0,2607.0
609,636729.21,2021.58,odd,20.0,2022-05-24,0.002771855010660981,2022-02-g018-2022-02-17-2834,daily_high_low_midpoint_proxy,13:30:00,2057.58,10.85,臺企銀,09:00:00,0.01,568717613.5775,46766279.2,169,time63,12.175,0,169,221,sell,2022-05-23,10.0,12.25,12.1,60970.0,2834,6.0,36.0
27000,832070.21,195341.0,board,281.0,2022-06-01,0.0009409196548706706,2022-02-g009-2022-02-25-8150,daily_high_low_midpoint_proxy,13:30:00,197100.0,43.7,南茂,08:59:00,0.01,132647022.83000001,2798374.75,4000,time63,49.275,620,4000,222,sell,2022-05-31,887.0,49.75,48.8,4251160.0,8150,591.0,1759.0
121,837974.54,5904.33,odd,20.0,2022-06-01,0.009990917347865577,2022-02-g009-2022-02-25-8150,daily_high_low_midpoint_proxy,13:30:00,5968.33,43.7,南茂,09:00:00,0.01,132647022.83000001,2798374.75,121,time63,49.325,499,620,223,sell,2022-05-31,27.0,49.6,49.05,12111.0,8150,17.0,64.0
74,841609.89,3635.35,odd,20.0,2022-06-02,0.009946236559139785,2022-02-g009-2022-02-25-8150,daily_high_low_midpoint_proxy,13:30:00,3683.35,44.65,南茂,09:00:00,0.01,134907468.3925,2835643.2,74,time63,49.775,425,499,224,sell,2022-05-31,17.0,49.9,49.65,7440.0,8150,11.0,48.0
133,848184.24,6574.35,odd,20.0,2022-06-06,0.009973753280839895,2022-02-g009-2022-02-25-8150,daily_high_low_midpoint_proxy,13:30:00,6643.35,44.8,南茂,09:00:00,0.01,132680404.19499998,2785316.55,133,time63,49.95,292,425,225,sell,2022-05-31,30.0,50.3,49.6,13335.0,8150,19.0,69.0
84,852350.04,4165.8,odd,20.0,2022-06-07,0.009959686981266303,2022-02-g009-2022-02-25-8150,daily_high_low_midpoint_proxy,13:30:00,4216.8,45.2,南茂,09:00:00,0.01,132485729.03000002,2774078.5,84,time63,50.2,208,292,226,sell,2022-05-31,19.0,50.4,50.0,8434.0,8150,12.0,51.0
55,855075.54,2725.5,odd,20.0,2022-06-08,0.009853099247581511,2022-02-g009-2022-02-25-8150,daily_high_low_midpoint_proxy,13:30:00,2766.5,45.3,南茂,09:00:00,0.01,126167624.08500001,2628770.75,55,time63,50.3,153,208,227,sell,2022-05-31,13.0,50.4,50.2,5582.0,8150,8.0,41.0
81,859094.79,4019.25,odd,20.0,2022-06-09,0.009915534337128168,2022-02-g009-2022-02-25-8150,daily_high_low_midpoint_proxy,13:30:00,4070.25,45.45,南茂,09:00:00,0.01,125809026.79499999,2608419.6,81,time63,50.25,72,153,228,sell,2022-05-31,19.0,50.5,50.0,8169.0,8150,12.0,51.0
48,861466.39,2371.6,odd,20.0,2022-06-10,0.009856262833675565,2022-02-g009-2022-02-25-8150,daily_high_low_midpoint_proxy,13:30:00,2409.6,45.4,南茂,09:00:00,0.01,125534883.1875,2587707.45,48,time63,50.2,24,72,229,sell,2022-05-31,11.0,50.3,50.1,4870.0,8150,7.0,38.0
88,862632.59,1166.2,odd,20.0,2022-06-13,0.002726343292059525,2022-02-g009-2022-02-25-8150,daily_high_low_midpoint_proxy,13:30:00,1195.2,45.3,南茂,09:00:00,0.01,122803164.25250001,2520110.8,24,time63,49.8,0,24,230,sell,2022-05-31,6.0,49.9,49.7,8803.0,8150,3.0,29.0
54000,601142.59,-261490.0,board,370.0,2022-11-16,0.00030703170143254853,2022-11-g005-2022-11-15-2606,daily_high_low_midpoint_proxy,13:30:00,259950.0,46.5,裕民,08:59:00,0.01,204982293.29250002,5416402.85,6000,leader_entry,43.325,6000,6000,231,buy,2022-11-15,1170.0,44.35,42.3,19541956.0,2606,0.0,1540.0
417,594702.76,-6439.83,odd,20.0,2022-11-16,0.0035192722049317694,2022-11-g005-2022-11-15-2606,daily_high_low_midpoint_proxy,13:30:00,6390.83,46.5,裕民,09:00:00,0.01,204982293.29250002,5416402.85,147,leader_entry,43.475,6147,147,232,buy,2022-11-15,29.0,44.1,42.85,41770.0,2606,0.0,49.0
48000,336229.76,-258473.0,board,366.0,2022-11-21,0.00016615240650714853,2022-11-g014-2022-11-18-6245,daily_high_low_midpoint_proxy,13:30:00,256950.0,91.0,立端,08:59:00,0.01,346056791.38,4833679.0,3000,leader_entry,85.65,3000,3000,233,buy,2022-11-18,1157.0,89.8,81.5,18055712.0,6245,0.0,1523.0
390,325590.76,-10639.0,odd,20.0,2022-11-21,0.003175578774841221,2022-11-g014-2022-11-18-6245,daily_high_low_midpoint_proxy,13:30:00,10571.0,91.0,立端,09:00:00,0.01,346056791.38,4833679.0,124,leader_entry,85.25,3124,124,234,buy,2022-11-18,48.0,88.8,81.7,39048.0,6245,0.0,68.0
118000,68676.76,-256914.0,board,364.0,2022-11-22,0.00044726962301823913,2022-11-g011-2022-11-21-2468,daily_high_low_midpoint_proxy,13:30:00,255400.0,35.0,華經,08:59:00,0.01,316713939.5,11816192.45,8000,leader_entry,31.925,8000,8000,235,buy,2022-11-21,1150.0,33.25,30.6,17886303.0,2468,0.0,1514.0
56,66841.76,-1835.0,odd,20.0,2022-11-22,0.009874801622288838,2022-11-g011-2022-11-21-2468,daily_high_low_midpoint_proxy,13:30:00,1806.0,35.0,華經,09:00:00,0.01,316713939.5,11816192.45,56,leader_entry,32.25,8056,108,236,buy,2022-11-21,9.0,33.5,31.0,5671.0,2468,0.0,29.0
17000,277742.76,210901.0,board,303.0,2022-12-20,0.004640005196805821,2022-11-g011-2022-11-21-2468,daily_high_low_midpoint_proxy,13:30:00,212800.0,24.2,華經,08:59:00,0.01,167100368.19750002,5524316.4,8000,loss12,26.6,56,8000,237,sell,2022-12-19,958.0,27.4,25.8,1724136.0,2468,638.0,1899.0
20,278250.26,507.5,odd,20.0,2022-12-20,0.009587727708533078,2022-11-g011-2022-11-21-2468,daily_high_low_midpoint_proxy,13:30:00,531.5,24.2,華經,09:00:00,0.01,167100368.19750002,5524316.4,20,loss12,26.575,36,56,238,sell,2022-12-19,3.0,27.25,25.9,2086.0,2468,1.0,24.0
60,279207.86,957.6,odd,20.0,2022-12-21,0.005948446794448116,2022-11-g011-2022-11-21-2468,daily_high_low_midpoint_proxy,13:30:00,984.6,23.45,華經,09:00:00,0.01,141980011.7475,4716208.05,36,loss12,27.35,0,36,239,sell,2022-12-19,5.0,28.65,26.05,6052.0,2468,2.0,27.0
121000,27726.86,-251481.0,board,356.0,2023-01-10,0.0012622829997461233,2023-01-g017-2023-01-09-2887,daily_high_low_midpoint_proxy,13:30:00,250000.0,17.2,台新新光金,08:59:00,0.01,184953647.185,12199851.65,16000,leader_entry,15.625,16000,16000,240,buy,2023-01-09,1125.0,15.7,15.55,12675446.0,2887,0.0,1481.0
1098,25571.86,-2155.0,odd,20.0,2023-01-10,0.0012381195149484723,2023-01-g017-2023-01-09-2887,daily_high_low_midpoint_proxy,13:30:00,2125.0,17.2,台新新光金,09:00:00,0.01,184953647.185,12199851.65,136,leader_entry,15.625,16136,136,241,buy,2023-01-09,10.0,15.7,15.55,109844.0,2887,0.0,30.0
44000,387413.86,361842.0,board,520.0,2023-02-24,0.00013005722084192975,2022-11-g005-2022-11-15-2606,daily_high_low_midpoint_proxy,13:30:00,365100.0,51.0,裕民,08:59:00,0.01,229921285.65749997,4418243.6,6000,time63,60.85,147,6000,242,sell,2023-02-23,1643.0,62.0,59.7,46133540.0,2606,1095.0,3258.0
792,396279.16,8865.3,odd,20.0,2023-02-24,0.001854351418515762,2022-11-g005-2022-11-15-2606,daily_high_low_midpoint_proxy,13:30:00,8952.3,51.0,裕民,09:00:00,0.01,229921285.65749997,4418243.6,147,time63,60.9,0,147,243,sell,2023-02-23,41.0,61.8,60.0,79273.0,2606,26.0,87.0
144000,132827.16,-263452.0,board,373.0,2023-03-01,0.00027630476636774173,2023-02-g007-2023-02-24-5009,daily_high_low_midpoint_proxy,13:30:00,261900.0,49.55,榮剛,08:59:00,0.01,594130168.2,14483830.55,6000,leader_entry,43.65,6000,6000,244,buy,2023-02-24,1179.0,44.8,42.5,21715152.0,5009,0.0,1552.0
583,107140.76,-25686.4,odd,36.0,2023-03-01,0.009995885055894658,2023-02-g007-2023-02-24-5009,daily_high_low_midpoint_proxy,13:30:00,25535.4,49.55,榮剛,09:00:00,0.01,594130168.2,14483830.55,583,leader_entry,43.8,6583,712,245,buy,2023-02-24,115.0,44.9,42.7,58324.0,5009,0.0,151.0
88000,465414.76,358274.0,board,515.0,2023-03-03,0.00018245310757477795,2022-11-g014-2022-11-18-6245,daily_high_low_midpoint_proxy,13:30:00,361500.0,105.0,立端,08:59:00,0.01,957965230.95,8879119.1,3000,time63,120.5,124,3000,246,sell,2023-03-02,1627.0,125.5,115.5,16442581.0,6245,1084.0,3226.0
400,480223.76,14809.0,odd,21.0,2023-03-03,0.0030998450077496125,2022-11-g014-2022-11-18-6245,daily_high_low_midpoint_proxy,13:30:00,14942.0,105.0,立端,09:00:00,0.01,957965230.95,8879119.1,124,time63,120.5,0,124,247,sell,2023-03-02,68.0,125.5,115.5,40002.0,6245,44.0,133.0
110000,167656.76,-312567.0,board,443.0,2023-03-07,0.0008130964909736804,2023-03-g003-2023-03-06-8222,daily_high_low_midpoint_proxy,13:30:00,310725.0,37.55,寶一,08:59:00,0.01,537598368.7375,16410698.3,9000,leader_entry,34.525,9000,9000,248,buy,2023-03-06,1399.0,35.0,34.05,11068797.0,8222,0.0,1842.0
141,163688.61,-3968.15,odd,20.0,2023-03-07,0.008049710492868239,2023-03-g003-2023-03-06-8222,daily_high_low_midpoint_proxy,13:30:00,3930.15,37.55,寶一,09:00:00,0.01,537598368.7375,16410698.3,114,leader_entry,34.474999999999994,9114,114,249,buy,2023-03-06,18.0,34.9,34.05,14162.0,8222,0.0,38.0
113000,435639.61,271951.0,board,391.0,2023-04-26,0.0010675517382277733,2023-01-g017-2023-01-09-2887,daily_high_low_midpoint_proxy,13:30:00,274400.0,15.4,台新新光金,08:59:00,0.01,191442550.75500003,11369796.3,16000,time63,17.15,136,16000,250,sell,2023-04-25,1235.0,17.25,17.05,14987564.0,2887,823.0,2449.0
756,437931.61,2292.0,odd,20.0,2023-04-26,0.0017983471074380164,2023-01-g017-2023-01-09-2887,daily_high_low_midpoint_proxy,13:30:00,2329.0,15.4,台新新光金,09:00:00,0.01,191442550.75500003,11369796.3,136,time63,17.125,0,136,251,sell,2023-04-25,11.0,17.2,17.05,75625.0,2887,6.0,37.0
190000,44111.61,-393820.0,board,558.0,2023-05-03,0.0002151368201332265,2023-05-g006-2023-05-02-1905,daily_high_low_midpoint_proxy,13:30:00,391500.0,28.3,華紙,08:59:00,0.01,446326626.23999995,19001569.8,15000,leader_entry,26.1,15000,15000,252,buy,2023-05-02,1762.0,27.0,25.2,69723072.0,1905,0.0,2320.0
1002,34050.31,-10061.3,odd,20.0,2023-05-03,0.0038185824385088586,2023-05-g006-2023-05-02-1905,daily_high_low_midpoint_proxy,13:30:00,9996.3,28.3,華紙,09:00:00,0.01,446326626.23999995,19001569.8,383,leader_entry,26.1,15383,383,253,buy,2023-05-02,45.0,26.85,25.35,100299.0,1905,0.0,65.0
146000,375079.31,341029.0,board,490.0,2023-06-02,0.00040935792209918743,2023-02-g007-2023-02-24-5009,daily_high_low_midpoint_proxy,13:30:00,344100.0,51.5,榮剛,08:59:00,0.01,1022263990.475,18557141.05,6000,time63,57.35,583,6000,254,sell,2023-06-01,1549.0,58.1,56.6,14657100.0,5009,1032.0,3071.0
452,400815.71,25736.4,odd,37.0,2023-06-02,0.009993367234136635,2023-02-g007-2023-02-24-5009,daily_high_low_midpoint_proxy,13:30:00,25967.4,51.5,榮剛,09:00:00,0.01,1022263990.475,18557141.05,452,time63,57.45,131,583,255,sell,2023-06-01,117.0,57.9,57.0,45230.0,5009,77.0,231.0
1254,408563.96,7748.25,odd,20.0,2023-06-05,0.0010440493173830227,2023-02-g007-2023-02-24-5009,daily_high_low_midpoint_proxy,13:30:00,7827.25,51.0,榮剛,09:00:00,0.01,990541536.975,18027891.8,131,time63,59.75,0,131,256,sell,2023-06-01,36.0,61.5,58.0,125473.0,5009,23.0,79.0
40000,65291.96,-343272.0,board,486.0,2023-06-06,0.0003728632604779237,2023-06-g013-2023-06-05-2455,daily_high_low_midpoint_proxy,13:30:00,341250.0,127.0,全新,08:59:00,0.01,414828081.055,4011679.05,3000,leader_entry,113.75,3000,3000,257,buy,2023-06-05,1536.0,117.5,110.0,8045845.0,2455,0.0,2022.0
192,43514.96,-21777.0,odd,31.0,2023-06-06,0.00994973311913769,2023-06-g013-2023-06-05-2455,daily_high_low_midpoint_proxy,13:30:00,21648.0,127.0,全新,09:00:00,0.01,414828081.055,4011679.05,192,leader_entry,112.75,3192,198,258,buy,2023-06-05,98.0,115.0,110.5,19297.0,2455,0.0,129.0
104000,597871.96,554357.0,board,797.0,2023-06-08,0.0008622952767297164,2023-03-g003-2023-03-06-8222,daily_high_low_midpoint_proxy,13:30:00,559350.0,55.6,寶一,08:59:00,0.01,841328122.54,14029505.1,9000,time63,62.15,114,9000,259,sell,2023-06-07,2518.0,63.5,60.8,10437260.0,8222,1678.0,4993.0
182,604901.16,7029.2,odd,20.0,2023-06-08,0.006253771463053377,2023-03-g003-2023-03-06-8222,daily_high_low_midpoint_proxy,13:30:00,7102.2,55.6,寶一,09:00:00,0.01,841328122.54,14029505.1,114,time63,62.3,0,114,260,sell,2023-06-07,32.0,63.5,61.1,18229.0,8222,21.0,73.0
23000,242013.16,-362888.0,board,514.0,2023-06-09,0.00044331710546440054,2023-06-g020-2023-06-08-3014,daily_high_low_midpoint_proxy,13:30:00,360750.0,130.0,聯陽,08:59:00,0.01,260889215.15,2383872.7,3000,leader_entry,120.25,3000,3000,261,buy,2023-06-08,1624.0,123.5,117.0,6767165.0,3014,0.0,2138.0
242,213044.16,-28969.0,odd,41.0,2023-06-09,0.009971979561562552,2023-06-g020-2023-06-08-3014,daily_high_low_midpoint_proxy,13:30:00,28798.0,130.0,聯陽,09:00:00,0.01,260889215.15,2383872.7,242,leader_entry,119.0,3242,565,262,buy,2023-06-08,130.0,120.5,117.5,24268.0,3014,0.0,171.0
351000,714066.76,474229.0,board,682.0,2023-08-02,0.00017010634935557477,2023-05-g006-2023-05-02-1905,daily_high_low_midpoint_proxy,13:30:00,478500.0,28.0,華紙,08:59:00,0.01,1052849963.8675001,35177767.4,15000,time63,31.900000000000002,383,15000,263,sell,2023-08-01,2154.0,33.2,30.6,88180130.0,1905,1435.0,4271.0
1337,726144.74,12077.98,odd,20.0,2023-08-02,0.0028641938378701766,2023-05-g006-2023-05-02-1905,daily_high_low_midpoint_proxy,13:30:00,12188.98,28.0,華紙,09:00:00,0.01,1052849963.8675001,35177767.4,383,time63,31.825000000000003,0,383,264,sell,2023-08-01,55.0,32.95,30.7,133720.0,1905,36.0,111.0
66000,286052.74,-440092.0,board,623.0,2023-08-08,0.0010516326070408005,2023-08-g013-2023-08-07-3689,daily_high_low_midpoint_proxy,13:30:00,437500.0,71.0,湧德,08:59:00,0.01,423485239.66999996,7210564.2,7000,leader_entry,62.5,7000,7000,265,buy,2023-08-07,1969.0,64.8,60.2,6656317.0,3689,0.0,2592.0
131,277854.09,-8198.65,odd,20.0,2023-08-08,0.009987039719448044,2023-08-g013-2023-08-07-3689,daily_high_low_midpoint_proxy,13:30:00,8141.65,71.0,湧德,09:00:00,0.01,423485239.66999996,7210564.2,131,leader_entry,62.15,7131,481,266,buy,2023-08-07,37.0,63.5,60.8,13117.0,3689,0.0,57.0
51000,725478.99,443010.0,board,637.0,2023-09-06,0.0004392203896646172,2023-06-g013-2023-06-05-2455,daily_high_low_midpoint_proxy,13:30:00,447000.0,136.5,全新,08:59:00,0.01,720463891.475,5172493.4,3000,time63,149.0,192,3000,267,sell,2023-09-05,2012.0,152.0,146.0,6830284.0,2455,1341.0,3990.0
206,753925.99,28447.0,odd,41.0,2023-09-06,0.009319483545286866,2023-06-g013-2023-06-05-2455,daily_high_low_midpoint_proxy,13:30:00,28704.0,136.5,全新,09:00:00,0.01,720463891.475,5172493.4,192,time63,149.5,0,192,268,sell,2023-09-05,130.0,152.0,147.0,20602.0,2455,86.0,257.0
73000,252572.99,-501353.0,board,710.0,2023-09-07,0.0003213969712192226,2023-09-g012-2023-09-06-6191,daily_high_low_midpoint_proxy,13:30:00,498400.0,66.5,精成科,08:59:00,0.01,409680961.14,7329939.25,8000,leader_entry,62.3,8000,8000,269,buy,2023-09-06,2243.0,64.6,60.0,24891336.0,6191,0.0,2953.0
877,232438.64,-20134.35,odd,29.0,2023-09-07,0.0036595375986137077,2023-09-g012-2023-09-06-6191,daily_high_low_midpoint_proxy,13:30:00,20014.35,66.5,精成科,09:00:00,0.01,409680961.14,7329939.25,321,leader_entry,62.349999999999994,8321,321,270,buy,2023-09-06,91.0,64.3,60.4,87716.0,6191,0.0,120.0
49000,711871.64,479433.0,board,689.0,2023-09-11,0.00025326825802429823,2023-06-g020-2023-06-08-3014,daily_high_low_midpoint_proxy,13:30:00,483750.0,146.5,聯陽,08:59:00,0.01,726473850.85,4928137.3,3000,time63,161.25,242,3000,271,sell,2023-09-08,2177.0,166.5,156.0,11845148.0,3014,1451.0,4317.0
482,750187.14,38315.5,odd,55.0,2023-09-11,0.005011181976310776,2023-06-g020-2023-06-08-3014,daily_high_low_midpoint_proxy,13:30:00,38659.5,146.5,聯陽,09:00:00,0.01,726473850.85,4928137.3,242,time63,159.75,0,242,272,sell,2023-09-08,174.0,163.5,156.0,48292.0,3014,115.0,344.0
215,640211.64,-109975.5,odd,156.0,2023-09-13,0.01,2023-09-g005-2023-09-12-2327,daily_high_low_midpoint_proxy,13:30:00,109327.5,565.0,國巨*,09:00:00,0.01,948442918.325,1940328.65,215,leader_entry,508.5,215,971,273,buy,2023-09-12,492.0,512.0,505.0,21500.0,2327,0.0,648.0
6000,958048.64,317837.0,board,457.0,2023-10-12,0.008599450495113362,2023-08-g013-2023-08-07-3689,daily_high_low_midpoint_proxy,13:30:00,320700.0,47.65,湧德,08:59:00,0.01,96272852.915,1623752.7,6000,loss12,53.45,1131,7000,274,sell,2023-10-11,1444.0,53.9,53.0,697719.0,3689,962.0,2863.0
44,960366.84,2318.2,odd,20.0,2023-10-12,0.00987211128561813,2023-08-g013-2023-08-07-3689,daily_high_low_midpoint_proxy,13:30:00,2356.2,47.65,湧德,09:00:00,0.01,96272852.915,1623752.7,44,loss12,53.55,1087,131,275,sell,2023-10-11,11.0,53.8,53.3,4457.0,3689,7.0,38.0
8000,1012645.84,52279.0,board,75.0,2023-10-13,0.001145312693271517,2023-08-g013-2023-08-07-3689,daily_high_low_midpoint_proxy,13:30:00,52750.0,48.15,湧德,08:59:00,0.01,92853466.78,1568437.55,1000,loss12,52.75,87,1000,276,sell,2023-10-11,238.0,53.4,52.1,873124.0,3689,158.0,471.0
60,1015769.84,3124.0,odd,20.0,2023-10-13,0.009878169245966415,2023-08-g013-2023-08-07-3689,daily_high_low_midpoint_proxy,13:30:00,3168.0,48.15,湧德,09:00:00,0.01,92853466.78,1568437.55,60,loss12,52.8,27,87,277,sell,2023-10-11,15.0,53.3,52.3,6074.0,3689,9.0,44.0
17,1016631.24,861.4,odd,20.0,2023-10-16,0.009523809523809525,2023-08-g013-2023-08-07-3689,daily_high_low_midpoint_proxy,13:30:00,887.4,47.25,湧德,09:00:00,0.01,90687387.09,1534965.2,17,loss12,52.2,10,27,278,sell,2023-10-11,4.0,52.5,51.9,1785.0,3689,2.0,26.0
204,1017122.24,491.0,odd,20.0,2023-10-17,0.000489452302873085,2023-08-g013-2023-08-07-3689,daily_high_low_midpoint_proxy,13:30:00,515.0,46.8,湧德,09:00:00,0.01,89453884.39000002,1518340.15,10,loss12,51.5,0,10,279,sell,2023-10-11,3.0,52.1,50.9,20431.0,3689,1.0,24.0
22000,673096.24,-344026.0,board,487.0,2023-10-18,0.0005651642904334075,2023-10-g011-2023-10-17-3491,daily_high_low_midpoint_proxy,13:30:00,342000.0,187.5,昇達科,08:59:00,0.01,373014950.825,2290461.75,2000,leader_entry,171.0,2000,2000,280,buy,2023-10-17,1539.0,175.0,167.0,3538794.0,3491,0.0,2026.0
222,635132.24,-37964.0,odd,54.0,2023-10-18,0.009994597514856833,2023-10-g011-2023-10-17-3491,daily_high_low_midpoint_proxy,13:30:00,37740.0,187.5,昇達科,09:00:00,0.01,373014950.825,2290461.75,222,leader_entry,170.0,2222,820,281,buy,2023-10-17,170.0,173.0,167.0,22212.0,3491,0.0,224.0
37000,1207973.24,572841.0,board,824.0,2023-12-08,0.0021376256857102397,2023-09-g012-2023-09-06-6191,daily_high_low_midpoint_proxy,13:30:00,578000.0,64.4,精成科,08:59:00,0.01,393535593.645,5872786.7,8000,time63,72.25,321,8000,282,sell,2023-12-07,2601.0,72.9,71.6,3742470.0,6191,1734.0,5159.0
124,1216826.64,8853.4,odd,20.0,2023-12-08,0.009935101354058168,2023-09-g012-2023-09-06-6191,daily_high_low_midpoint_proxy,13:30:00,8940.4,64.4,精成科,09:00:00,0.01,393535593.645,5872786.7,124,time63,72.1,197,321,283,sell,2023-12-07,41.0,72.5,71.7,12481.0,6191,26.0,87.0
205,1230815.69,13989.05,odd,20.0,2023-12-11,0.009600389863547758,2023-09-g012-2023-09-06-6191,daily_high_low_midpoint_proxy,13:30:00,14115.05,65.0,精成科,09:00:00,0.01,393104822.84499997,5835053.95,197,time63,71.65,0,197,284,sell,2023-12-07,64.0,72.4,70.9,20520.0,6191,42.0,126.0
25000,754761.69,-476054.0,board,674.0,2023-12-11,0.001177848439959372,2023-12-g007-2023-12-08-2458,daily_high_low_midpoint_proxy,13:30:00,473250.0,173.0,義隆,08:59:00,0.01,447084747.425,2994305.4,3000,leader_entry,157.75,3000,3000,285,buy,2023-12-08,2130.0,159.5,156.0,2547017.0,2458,0.0,2804.0
280,710329.69,-44432.0,odd,63.0,2023-12-11,0.009970444753053448,2023-12-g007-2023-12-08-2458,daily_high_low_midpoint_proxy,13:30:00,44170.0,173.0,義隆,09:00:00,0.01,447084747.425,2994305.4,280,leader_entry,157.75,3280,289,286,buy,2023-12-08,199.0,159.0,156.5,28083.0,2458,0.0,262.0
3651,843292.69,132963.0,odd,191.0,2023-12-14,0.0005888442767075114,2023-09-g005-2023-09-12-2327,daily_high_low_midpoint_proxy,13:30:00,134160.0,545.0,國巨*,09:00:00,0.01,1606799588.5,2715976.7,215,time63,624.0,0,215,287,sell,2023-12-13,604.0,631.0,617.0,365122.0,2327,402.0,1197.0
910,320994.19,-522298.5,odd,740.0,2023-12-18,0.008377986647926916,2023-12-g003-2023-12-15-6472,daily_high_low_midpoint_proxy,13:30:00,519221.5,743.0,保瑞,09:00:00,0.01,1215367535.85,1892488.05,763,leader_entry,680.5,763,763,288,buy,2023-12-15,2337.0,688.0,673.0,91072.0,6472,0.0,3077.0
4000,641607.19,320613.0,board,461.0,2024-01-16,0.0037547192127104756,2023-10-g011-2023-10-17-3491,daily_high_low_midpoint_proxy,13:30:00,323500.0,146.0,昇達科,08:59:00,0.01,72827049.925,451634.9,2000,time63,161.75,222,2000,289,sell,2024-01-15,1456.0,163.0,160.5,532663.0,3491,970.0,2887.0
52,649922.19,8315.0,odd,20.0,2024-01-16,0.009988474836726853,2023-10-g011-2023-10-17-3491,daily_high_low_midpoint_proxy,13:30:00,8398.0,146.0,昇達科,09:00:00,0.01,72827049.925,451634.9,52,time63,161.5,170,222,290,sell,2024-01-15,38.0,162.5,160.5,5206.0,3491,25.0,83.0
100,665755.19,15833.0,odd,23.0,2024-01-17,0.00997307270370001,2023-10-g011-2023-10-17-3491,daily_high_low_midpoint_proxy,13:30:00,15975.0,146.0,昇達科,09:00:00,0.01,73259649.6,454379.0,100,time63,159.75,70,170,291,sell,2024-01-15,72.0,162.5,157.0,10027.0,3491,47.0,142.0
117,676539.19,10784.0,odd,20.0,2024-01-18,0.0059711677898148935,2023-10-g011-2023-10-17-3491,daily_high_low_midpoint_proxy,13:30:00,10885.0,140.5,昇達科,09:00:00,0.01,77826468.0,484578.45,70,time63,155.5,0,70,292,sell,2024-01-15,49.0,157.5,153.5,11723.0,3491,32.0,101.0
37000,194700.19,-481839.0,board,683.0,2024-01-24,0.0005195147939630303,2024-01-g009-2024-01-23-3265,daily_high_low_midpoint_proxy,13:30:00,479000.0,131.0,台星科,08:59:00,0.01,400911464.085,3747003.2,4000,leader_entry,119.75,4000,4000,293,buy,2024-01-23,2156.0,122.5,117.0,7699492.0,3265,0.0,2839.0
205,170056.69,-24643.5,odd,35.0,2024-01-24,0.00996257957914176,2024-01-g009-2024-01-23-3265,daily_high_low_midpoint_proxy,13:30:00,24497.5,131.0,台星科,09:00:00,0.01,400911464.085,3747003.2,205,leader_entry,119.5,4205,245,294,buy,2024-01-23,111.0,121.5,117.5,20577.0,3265,0.0,146.0
31000,668071.69,498015.0,board,716.0,2024-03-20,0.0009613283250263885,2023-12-g007-2023-12-08-2458,daily_high_low_midpoint_proxy,13:30:00,502500.0,148.5,義隆,08:59:00,0.01,537577578.375,3243523.9,3000,time63,167.5,280,3000,295,sell,2024-03-19,2262.0,170.0,165.0,3120682.0,2458,1507.0,4485.0
376,714691.69,46620.0,odd,67.0,2024-03-20,0.007435931483202762,2023-12-g007-2023-12-08-2458,daily_high_low_midpoint_proxy,13:30:00,47040.0,148.5,義隆,09:00:00,0.01,537577578.375,3243523.9,280,time63,168.0,0,280,296,sell,2024-03-19,212.0,169.0,167.0,37655.0,2458,141.0,420.0
665,1135833.69,421142.0,odd,606.0,2024-03-27,0.009992336704181756,2023-12-g003-2023-12-15-6472,daily_high_low_midpoint_proxy,13:30:00,424935.0,558.0,保瑞,09:00:00,0.01,776563075.65,1196166.8,665,time63,639.0,98,763,297,sell,2024-03-26,1913.0,652.0,626.0,66551.0,6472,1274.0,3793.0
623,1199304.69,63471.0,odd,91.0,2024-03-28,0.001572983210811852,2023-12-g003-2023-12-15-6472,daily_high_low_midpoint_proxy,13:30:00,64043.0,581.0,保瑞,09:00:00,0.01,812065410.15,1254262.9,98,time63,653.5,0,98,298,sell,2024-03-26,289.0,659.0,648.0,62302.0,6472,192.0,572.0
397000,678939.69,-520365.0,board,737.0,2024-04-03,5.474754265654786e-05,2024-04-g005-2024-04-02-2486,daily_high_low_midpoint_proxy,13:30:00,517300.0,79.8,一詮,08:59:00,0.01,2309800174.245,39735501.0,7000,leader_entry,73.9,7000,7000,299,buy,2024-04-02,2328.0,77.8,70.0,127859620.0,2486,0.0,3065.0
1568,656503.99,-22435.7,odd,32.0,2024-04-03,0.0019252223249290792,2024-04-g005-2024-04-02-2486,daily_high_low_midpoint_proxy,13:30:00,22302.7,79.8,一詮,09:00:00,0.01,2309800174.245,39735501.0,302,leader_entry,73.85,7302,302,300,buy,2024-04-02,101.0,77.2,70.5,156865.0,2486,0.0,133.0
137000,137193.99,-519310.0,board,736.0,2024-04-09,0.00014785473426127754,2024-04-g008-2024-04-08-6188,daily_high_low_midpoint_proxy,13:30:00,516250.0,114.5,廣明,08:59:00,0.01,1362574437.6,13769135.65,5000,leader_entry,103.25,5000,5000,301,buy,2024-04-08,2324.0,108.5,98.0,33816976.0,6188,0.0,3060.0
1474,125356.49,-11837.5,odd,20.0,2024-04-09,0.0007798725077987251,2024-04-g008-2024-04-08-6188,daily_high_low_midpoint_proxy,13:30:00,11764.5,114.5,廣明,09:00:00,0.01,1362574437.6,13769135.65,115,leader_entry,102.3,5115,115,302,buy,2024-04-08,53.0,106.0,98.6,147460.0,6188,0.0,73.0
49000,564154.49,438798.0,board,631.0,2024-04-17,0.001014076188760953,2024-04-g008-2024-04-08-6188,daily_high_low_midpoint_proxy,13:30:00,442750.0,78.2,廣明,08:59:00,0.01,1700190127.7150002,17159630.45,5000,loss12,88.55,115,5000,303,sell,2024-04-16,1993.0,89.6,87.5,4930596.0,6188,1328.0,3952.0
294,574241.74,10087.25,odd,20.0,2024-04-17,0.003900552860970729,2024-04-g008-2024-04-08-6188,daily_high_low_midpoint_proxy,13:30:00,10183.25,78.2,廣明,09:00:00,0.01,1700190127.7150002,17159630.45,115,loss12,88.55,0,115,304,sell,2024-04-16,46.0,89.5,87.6,29483.0,6188,30.0,96.0
2697,109546.74,-464695.0,odd,658.0,2024-04-19,0.002647140606172954,2024-04-g009-2024-04-18-3017,daily_high_low_midpoint_proxy,13:30:00,461958.0,748.0,奇鋐,09:00:00,0.01,8712303667.0,14926037.3,714,leader_entry,647.0,714,714,305,buy,2024-04-18,2079.0,679.0,615.0,269725.0,3017,0.0,2737.0
16000,641753.74,532207.0,board,765.0,2024-05-07,0.002395958497206911,2024-01-g009-2024-01-23-3265,daily_high_low_midpoint_proxy,13:30:00,537000.0,119.0,台星科,08:59:00,0.01,244899425.225,1921964.4,4000,time63,134.25,205,4000,306,sell,2024-05-06,2417.0,136.0,132.5,1669478.0,3265,1611.0,4793.0
92,653900.74,12147.0,odd,20.0,2024-05-07,0.009956709956709957,2024-01-g009-2024-01-23-3265,daily_high_low_midpoint_proxy,13:30:00,12259.0,119.0,台星科,09:00:00,0.01,244899425.225,1921964.4,92,time63,133.25,113,205,307,sell,2024-05-06,56.0,134.5,132.0,9240.0,3265,36.0,112.0
49,660324.24,6423.5,odd,20.0,2024-05-08,0.00984726688102894,2024-01-g009-2024-01-23-3265,daily_high_low_midpoint_proxy,13:30:00,6492.5,119.5,台星科,09:00:00,0.01,234277625.875,1843631.65,49,time63,132.5,64,113,308,sell,2024-05-06,30.0,134.0,131.0,4976.0,3265,19.0,69.0
28000,155601.24,-504723.0,board,715.0,2024-05-08,0.000479063870871208,2024-05-g012-2024-05-07-2540,daily_high_low_midpoint_proxy,13:30:00,501750.0,185.5,愛山林,08:59:00,0.01,384327235.425,2855592.1,3000,leader_entry,167.25,3000,3000,309,buy,2024-05-07,2258.0,174.5,160.0,6262213.0,2540,0.0,2973.0
471,138440.74,-17160.5,odd,24.0,2024-05-08,0.002163446242602923,2024-05-g012-2024-05-07-2540,daily_high_low_midpoint_proxy,13:30:00,17059.5,185.5,愛山林,09:00:00,0.01,384327235.425,2855592.1,102,leader_entry,167.25,3102,102,310,buy,2024-05-07,77.0,173.5,161.0,47147.0,2540,0.0,101.0
147,146757.74,8317.0,odd,20.0,2024-05-09,0.004344579458285249,2024-01-g009-2024-01-23-3265,daily_high_low_midpoint_proxy,13:30:00,8400.0,120.0,台星科,09:00:00,0.01,223727152.475,1759880.45,64,time63,131.25,0,64,311,sell,2024-05-06,38.0,134.0,128.5,14731.0,3265,25.0,83.0
20000,586051.74,439294.0,board,632.0,2024-05-24,0.0014721231401564278,2024-05-g012-2024-05-07-2540,daily_high_low_midpoint_proxy,13:30:00,443250.0,133.5,愛山林,08:59:00,0.01,507112239.1,3173378.45,3000,loss12,147.75,102,3000,312,sell,2024-05-23,1995.0,153.0,142.5,2037873.0,2540,1329.0,3956.0
194,600988.24,14936.5,odd,21.0,2024-05-24,0.005236946141602916,2024-05-g012-2024-05-07-2540,daily_high_low_midpoint_proxy,13:30:00,15070.5,133.5,愛山林,09:00:00,0.01,507112239.1,3173378.45,102,loss12,147.75,0,102,313,sell,2024-05-23,68.0,152.5,143.0,19477.0,2540,45.0,134.0
31000,110097.24,-490891.0,board,695.0,2024-05-29,0.00035678743951226443,2024-05-g019-2024-05-28-8027,daily_high_low_midpoint_proxy,13:30:00,488000.0,128.0,鈦昇,08:59:00,0.01,328745950.945,3194783.05,4000,leader_entry,122.0,4000,4000,314,buy,2024-05-28,2196.0,125.5,118.5,11211157.0,8027,0.0,2891.0
480,51068.24,-59029.0,odd,84.0,2024-05-29,0.009995210628240634,2024-05-g019-2024-05-28-8027,daily_high_low_midpoint_proxy,13:30:00,58680.0,128.0,鈦昇,09:00:00,0.01,328745950.945,3194783.05,480,leader_entry,122.25,4480,667,315,buy,2024-05-28,265.0,125.0,119.5,48023.0,8027,0.0,349.0
243000,1060021.54,1004207.0,board,1444.0,2024-07-05,0.00013999399145788661,2024-04-g005-2024-04-02-2486,daily_high_low_midpoint_proxy,13:30:00,1013250.0,124.5,一詮,08:59:00,0.01,2885008128.25,24354093.95,7000,time63,144.75,302,7000,316,sell,2024-07-04,4560.0,151.5,138.0,50002146.0,2486,3039.0,9043.0
2082,1103346.04,43324.5,odd,62.0,2024-07-05,0.0014503054285604517,2024-04-g005-2024-04-02-2486,daily_high_low_midpoint_proxy,13:30:00,43714.5,124.5,一詮,09:00:00,0.01,2885008128.25,24354093.95,302,time63,144.75,0,302,317,sell,2024-07-04,197.0,151.0,138.5,208232.0,2486,131.0,390.0
381000,423139.04,-680207.0,board,964.0,2024-07-08,8.518711619832163e-05,2024-07-g009-2024-07-05-2365,daily_high_low_midpoint_proxy,13:30:00,676200.0,59.5,昆盈,08:59:00,0.01,1535695206.0,38102366.05,12000,leader_entry,56.35,12000,12000,318,buy,2024-07-05,3043.0,59.5,53.2,140866372.0,2365,0.0,4007.0
2639,391656.24,-31482.8,odd,45.0,2024-07-08,0.002087168647772298,2024-07-g009-2024-07-05-2365,daily_high_low_midpoint_proxy,13:30:00,31296.8,59.5,昆盈,09:00:00,0.01,1535695206.0,38102366.05,551,leader_entry,56.8,12551,551,319,buy,2024-07-05,141.0,59.5,54.1,263994.0,2365,0.0,186.0
918,877796.24,486140.0,odd,699.0,2024-07-19,0.007772951435383259,2024-04-g009-2024-04-18-3017,daily_high_low_midpoint_proxy,13:30:00,490518.0,608.0,奇鋐,09:00:00,0.01,7637677154.1,10456204.9,714,time63,687.0,0,714,320,sell,2024-07-18,2208.0,697.0,677.0,91857.0,3017,1471.0,4378.0
26000,1299994.24,422198.0,board,607.0,2024-07-29,0.0015116809476425524,2024-05-g019-2024-05-28-8027,daily_high_low_midpoint_proxy,13:30:00,426000.0,97.7,鈦昇,08:59:00,0.01,542482997.275,4229578.0,4000,loss12,106.5,480,4000,321,sell,2024-07-26,1917.0,111.0,102.0,2646061.0,8027,1278.0,3802.0
275,1329156.24,29162.0,odd,42.0,2024-07-29,0.009981851179673321,2024-05-g019-2024-05-28-8027,daily_high_low_midpoint_proxy,13:30:00,29425.0,97.7,鈦昇,09:00:00,0.01,542482997.275,4229578.0,275,loss12,107.0,205,480,322,sell,2024-07-26,133.0,111.0,103.0,27550.0,8027,88.0,263.0
139,1343621.24,14465.0,odd,21.0,2024-07-30,0.00999209258859895,2024-05-g019-2024-05-28-8027,daily_high_low_midpoint_proxy,13:30:00,14595.0,91.8,鈦昇,09:00:00,0.01,534144495.475,4207034.15,139,loss12,105.0,66,205,323,sell,2024-07-26,66.0,108.0,102.0,13911.0,8027,43.0,130.0
145,1350626.74,7005.5,odd,20.0,2024-07-31,0.004532033234910389,2024-05-g019-2024-05-28-8027,daily_high_low_midpoint_proxy,13:30:00,7078.5,95.9,鈦昇,09:00:00,0.01,461259772.125,3656261.45,66,loss12,107.25,0,66,324,sell,2024-07-26,32.0,109.0,105.5,14563.0,8027,21.0,73.0
274,911695.74,-438931.0,odd,622.0,2024-08-07,0.009968711343956924,2024-08-g004-2024-08-06-3131,daily_high_low_midpoint_proxy,13:30:00,436345.0,1725.0,弘塑,09:00:00,0.01,1477661649.75,1010905.15,274,leader_entry,1592.5,274,386,325,buy,2024-08-06,1964.0,1650.0,1535.0,27486.0,3131,0.0,2586.0
72000,386602.74,-525093.0,board,744.0,2024-08-12,0.00010448183448787067,2024-08-g011-2024-08-09-8374,daily_high_low_midpoint_proxy,13:30:00,522000.0,146.0,羅昇,08:59:00,0.01,852585187.775,7289561.9,4000,leader_entry,130.5,4000,4000,326,buy,2024-08-09,2349.0,140.5,120.5,38284167.0,8374,0.0,3093.0
698,294622.74,-91980.0,odd,130.0,2024-08-12,0.009991983508932661,2024-08-g011-2024-08-09-8374,daily_high_low_midpoint_proxy,13:30:00,91438.0,146.0,羅昇,09:00:00,0.01,852585187.775,7289561.9,698,leader_entry,131.0,4698,912,327,buy,2024-08-09,412.0,140.0,122.0,69856.0,8374,0.0,542.0
86000,862210.74,567588.0,board,816.0,2024-10-11,0.0013922268494428482,2024-07-g009-2024-07-05-2365,daily_high_low_midpoint_proxy,13:30:00,572700.0,43.9,昆盈,08:59:00,0.01,562516866.6225001,10355113.45,12000,time63,47.725,551,12000,328,sell,2024-10-09,2578.0,48.95,46.5,8619285.0,2365,1718.0,5112.0
563,888326.32,26115.58,odd,38.0,2024-10-11,0.009772102509532678,2024-07-g009-2024-07-05-2365,daily_high_low_midpoint_proxy,13:30:00,26351.58,43.9,昆盈,09:00:00,0.01,562516866.6225001,10355113.45,551,time63,47.825,0,551,329,sell,2024-10-09,119.0,48.75,46.9,56385.0,2365,79.0,236.0
28000,525941.32,-362385.0,board,513.0,2024-10-16,0.00012897817044465223,2024-10-g003-2024-10-15-1560,daily_high_low_midpoint_proxy,13:30:00,360250.0,401.5,中砂,08:59:00,0.01,949788419.875,2835886.05,1000,leader_entry,360.25,1000,1000,330,buy,2024-10-15,1622.0,367.5,353.0,7753250.0,1560,0.0,2135.0
687,298978.32,-226963.0,odd,322.0,2024-10-16,0.009091702548586059,2024-10-g003-2024-10-15-1560,daily_high_low_midpoint_proxy,13:30:00,225625.0,401.5,中砂,09:00:00,0.01,949788419.875,2835886.05,625,leader_entry,361.0,1625,625,331,buy,2024-10-15,1016.0,367.0,355.0,68744.0,1560,0.0,1338.0
38000,600760.32,301782.0,board,434.0,2024-11-01,0.0002602281368029724,2024-10-g003-2024-10-15-1560,daily_high_low_midpoint_proxy,13:30:00,304500.0,278.5,中砂,08:59:00,0.01,1708792769.675,4898456.45,1000,loss12,304.5,625,1000,332,sell,2024-10-30,1371.0,310.0,299.0,3842782.0,1560,913.0,2718.0
529,761451.82,160691.5,odd,231.0,2024-11-01,0.009984899962249905,2024-10-g003-2024-10-15-1560,daily_high_low_midpoint_proxy,13:30:00,162138.5,278.5,中砂,09:00:00,0.01,1708792769.675,4898456.45,529,loss12,306.5,96,625,333,sell,2024-10-30,730.0,312.0,301.0,52980.0,1560,486.0,1447.0
883,790303.82,28852.0,odd,41.0,2024-11-04,0.0010862186014935506,2024-10-g003-2024-10-15-1560,daily_high_low_midpoint_proxy,13:30:00,29112.0,278.5,中砂,09:00:00,0.01,1749685039.075,5030986.8,96,loss12,303.25,0,96,334,sell,2024-10-30,132.0,307.0,299.5,88380.0,1560,87.0,260.0
358000,317518.82,-472785.0,board,670.0,2024-11-05,5.2563448418725896e-05,2024-11-g008-2024-11-04-3231,daily_high_low_midpoint_proxy,13:30:00,470000.0,127.5,緯創,08:59:00,0.01,3977086149.925,35860419.35,4000,leader_entry,117.5,4000,4000,335,buy,2024-11-04,2115.0,120.0,115.0,76098508.0,3231,0.0,2785.0
9790,223389.82,-94129.0,odd,133.0,2024-11-05,0.0008099365839060596,2024-11-g008-2024-11-04-3231,daily_high_low_midpoint_proxy,13:30:00,93574.0,127.5,緯創,09:00:00,0.01,3977086149.925,35860419.35,793,leader_entry,118.0,4793,793,336,buy,2024-11-04,422.0,120.0,116.0,979089.0,3231,0.0,555.0
105,405499.82,182110.0,odd,262.0,2024-11-11,0.009967723561799886,2024-08-g004-2024-08-06-3131,daily_high_low_midpoint_proxy,13:30:00,183750.0,1595.0,弘塑,09:00:00,0.01,1542981010.5,921569.65,105,time63,1750.0,169,274,337,sell,2024-11-08,827.0,1775.0,1725.0,10534.0,3131,551.0,1640.0
102,580132.82,174633.0,odd,251.0,2024-11-12,0.009936678032148077,2024-08-g004-2024-08-06-3131,daily_high_low_midpoint_proxy,13:30:00,176205.0,1580.0,弘塑,09:00:00,0.01,1538580459.75,920451.0,102,time63,1727.5,67,169,338,sell,2024-11-08,793.0,1740.0,1715.0,10265.0,3131,528.0,1572.0
830,701648.82,121516.0,odd,175.0,2024-11-13,0.0008068012138143635,2024-08-g004-2024-08-06-3131,daily_high_low_midpoint_proxy,13:30:00,122610.0,1560.0,弘塑,09:00:00,0.01,1490798231.5,894762.55,67,time63,1830.0,0,67,339,sell,2024-11-08,552.0,1890.0,1770.0,83044.0,3131,367.0,1094.0
10000,1213043.82,511395.0,board,735.0,2024-11-14,0.003895757325484681,2024-08-g011-2024-08-09-8374,daily_high_low_midpoint_proxy,13:30:00,516000.0,117.0,羅昇,08:59:00,0.01,787259150.6,5677511.1,4000,time63,129.0,698,4000,340,sell,2024-11-13,2322.0,131.0,127.0,1026758.0,8374,1548.0,4605.0
125,1229024.82,15981.0,odd,23.0,2024-11-14,0.009986418470879603,2024-08-g011-2024-08-09-8374,daily_high_low_midpoint_proxy,13:30:00,16125.0,117.0,羅昇,09:00:00,0.01,787259150.6,5677511.1,125,time63,129.0,573,698,341,sell,2024-11-13,73.0,130.5,127.5,12517.0,8374,48.0,144.0
84,1239905.82,10881.0,odd,20.0,2024-11-15,0.009885842061904201,2024-08-g011-2024-08-09-8374,daily_high_low_midpoint_proxy,13:30:00,10983.0,115.0,羅昇,09:00:00,0.01,747327740.3,5398051.9,84,time63,130.75,489,573,342,sell,2024-11-13,50.0,134.0,127.5,8497.0,8374,32.0,102.0
503000,743832.82,-496073.0,board,703.0,2024-11-15,3.3414693657095876e-05,2024-11-g009-2024-11-14-3706,daily_high_low_midpoint_proxy,13:30:00,493150.0,76.7,神達,08:59:00,0.01,3147733543.245,50359248.8,7000,leader_entry,70.45,7000,7000,343,buy,2024-11-14,2220.0,72.7,68.2,209488678.0,3706,0.0,2923.0
3007,689798.62,-54034.2,odd,77.0,2024-11-15,0.0025371342686037117,2024-11-g009-2024-11-14-3706,daily_high_low_midpoint_proxy,13:30:00,53715.2,76.7,神達,09:00:00,0.01,3147733543.245,50359248.8,763,leader_entry,70.4,7763,763,344,buy,2024-11-14,242.0,72.4,68.4,300733.0,3706,0.0,319.0
1153,144766.12,-545032.5,odd,772.0,2024-11-15,0.007531634598717282,2024-11-g006-2024-11-14-2357,daily_high_low_midpoint_proxy,13:30:00,541821.5,685.0,華碩,09:00:00,0.01,2096765276.0,3482755.55,869,leader_entry,623.5,869,869,345,buy,2024-11-14,2439.0,641.0,606.0,115380.0,2357,0.0,3211.0
66,153016.62,8250.5,odd,20.0,2024-11-18,0.009974308599063019,2024-08-g011-2024-08-09-8374,daily_high_low_midpoint_proxy,13:30:00,8332.5,116.5,羅昇,09:00:00,0.01,542021251.775,3956091.8,66,time63,126.25,423,489,346,sell,2024-11-13,38.0,127.0,125.5,6617.0,8374,24.0,82.0
45,158646.12,5629.5,odd,20.0,2024-11-19,0.009922822491730982,2024-08-g011-2024-08-09-8374,daily_high_low_midpoint_proxy,13:30:00,5692.5,112.5,羅昇,09:00:00,0.01,456647714.025,3364112.85,45,time63,126.5,378,423,347,sell,2024-11-13,26.0,129.0,124.0,4535.0,8374,17.0,63.0
56,165671.12,7025.0,odd,20.0,2024-11-20,0.009939652112176074,2024-08-g011-2024-08-09-8374,daily_high_low_midpoint_proxy,13:30:00,7098.0,116.5,羅昇,09:00:00,0.01,429135664.65,3179546.05,56,time63,126.75,322,378,348,sell,2024-11-13,32.0,128.0,125.5,5634.0,8374,21.0,73.0
49,171815.87,6144.75,odd,20.0,2024-11-21,0.009947218838814454,2024-08-g011-2024-08-09-8374,daily_high_low_midpoint_proxy,13:30:00,6210.75,114.5,羅昇,09:00:00,0.01,396010749.75,2955342.6,49,time63,126.75,273,322,349,sell,2024-11-13,28.0,127.5,126.0,4926.0,8374,18.0,66.0
35,176190.37,4374.5,odd,20.0,2024-11-22,0.009798432250839866,2024-08-g011-2024-08-09-8374,daily_high_low_midpoint_proxy,13:30:00,4427.5,112.5,羅昇,09:00:00,0.01,381475679.25,2855752.95,35,time63,126.5,238,273,350,sell,2024-11-13,20.0,127.0,126.0,3572.0,8374,13.0,53.0
44,181760.37,5570.0,odd,20.0,2024-11-25,0.009885419006964727,2024-08-g011-2024-08-09-8374,daily_high_low_midpoint_proxy,13:30:00,5632.0,113.5,羅昇,09:00:00,0.01,326552506.05,2451989.9,44,time63,128.0,194,238,351,sell,2024-11-13,26.0,129.5,126.5,4451.0,8374,16.0,62.0
483,207908.37,26148.0,odd,38.0,2024-11-26,0.004013073517851971,2024-08-g011-2024-08-09-8374,daily_high_low_midpoint_proxy,13:30:00,26384.0,117.5,羅昇,09:00:00,0.01,322716132.3,2422592.4,194,time63,136.0,0,194,352,sell,2024-11-13,119.0,140.5,131.5,48342.0,8374,79.0,236.0
214000,620195.37,412287.0,board,593.0,2024-12-31,0.00018682483256992035,2024-11-g008-2024-11-04-3231,daily_high_low_midpoint_proxy,13:30:00,416000.0,93.6,緯創,08:59:00,0.01,2739300080.8,24604692.85,4000,loss12,104.0,793,4000,353,sell,2024-12-30,1872.0,105.0,103.0,21410430.0,3231,1248.0,3713.0
1603,702324.87,82129.5,odd,118.0,2024-12-31,0.004944198516116965,2024-11-g008-2024-11-04-3231,daily_high_low_midpoint_proxy,13:30:00,82868.5,93.6,緯創,09:00:00,0.01,2739300080.8,24604692.85,793,loss12,104.5,0,793,354,sell,2024-12-30,373.0,105.5,103.5,160390.0,3231,248.0,739.0
18000,223000.87,-479324.0,board,679.0,2025-01-02,0.0002356179953715201,2024-12-g015-2024-12-31-2404,daily_high_low_midpoint_proxy,13:30:00,476500.0,530.0,漢唐,08:59:00,0.01,841327240.275,1824628.85,1000,leader_entry,476.5,1000,1000,355,buy,2024-12-31,2145.0,497.0,456.0,4244158.0,2404,0.0,2824.0
772,167008.12,-55992.75,odd,79.0,2025-01-02,0.0015152300041442188,2024-12-g015-2024-12-31-2404,daily_high_low_midpoint_proxy,13:30:00,55662.75,530.0,漢唐,09:00:00,0.01,841327240.275,1824628.85,117,leader_entry,475.75,1117,117,356,buy,2024-12-31,251.0,495.0,456.5,77216.0,2404,0.0,330.0
150000,666163.12,499155.0,board,718.0,2025-02-24,0.00046647413724108935,2024-11-g009-2024-11-14-3706,daily_high_low_midpoint_proxy,13:30:00,503650.0,65.0,神達,08:59:00,0.01,3732735460.745,51402344.25,7000,time63,71.95,763,7000,357,sell,2025-02-21,2267.0,72.9,71.0,15006191.0,3706,1510.0,4495.0
699,716111.02,49947.9,odd,72.0,2025-02-24,0.009998569589472178,2024-11-g009-2024-11-14-3706,daily_high_low_midpoint_proxy,13:30:00,50397.9,65.0,神達,09:00:00,0.01,3732735460.745,51402344.25,699,time63,72.1,64,763,358,sell,2025-02-21,227.0,72.8,71.4,69910.0,3706,151.0,450.0
460,1037745.02,321634.0,odd,462.0,2025-02-24,0.009987840889352093,2024-11-g006-2024-11-14-2357,daily_high_low_midpoint_proxy,13:30:00,324530.0,639.0,華碩,09:00:00,0.01,2286793792.35,3474517.5,460,time63,705.5,409,869,359,sell,2025-02-21,1461.0,713.0,698.0,46056.0,2357,973.0,2896.0
2118,1042225.42,4480.4,odd,20.0,2025-02-25,0.0003021290657602795,2024-11-g009-2024-11-14-3706,daily_high_low_midpoint_proxy,13:30:00,4534.4,65.0,神達,09:00:00,0.01,3732022914.9450006,51318536.85,64,time63,70.85,0,64,360,sell,2025-02-21,21.0,71.5,70.2,211830.0,3706,13.0,54.0
518,1324145.92,281920.5,odd,405.0,2025-02-25,0.007883881414086896,2024-11-g006-2024-11-14-2357,daily_high_low_midpoint_proxy,13:30:00,284459.5,629.0,華碩,09:00:00,0.01,2287403646.35,3459562.7,409,time63,695.5,0,409,361,sell,2025-02-21,1281.0,704.0,687.0,51878.0,2357,853.0,2539.0
26000,1763191.92,439046.0,board,631.0,2025-04-15,0.0003781547560523669,2024-12-g015-2024-12-31-2404,daily_high_low_midpoint_proxy,13:30:00,443000.0,390.0,漢唐,08:59:00,0.01,1342478378.275,3088429.45,1000,time63,443.0,117,1000,362,sell,2025-04-14,1994.0,458.0,428.0,2644420.0,2404,1329.0,3954.0
384,1814589.17,51397.25,odd,74.0,2025-04-15,0.0030417262446379824,2024-12-g015-2024-12-31-2404,daily_high_low_midpoint_proxy,13:30:00,51860.25,390.0,漢唐,09:00:00,0.01,1342478378.275,3088429.45,117,time63,443.25,0,117,363,sell,2025-04-14,234.0,456.0,430.5,38465.0,2404,155.0,463.0
693,1260232.17,-554357.0,odd,785.0,2025-06-11,0.008967575438647079,2025-06-g007-2025-06-10-6223,daily_high_low_midpoint_proxy,13:30:00,551092.0,966.0,旺矽,09:00:00,0.01,2398920183.0,3180802.8,622,leader_entry,886.0,622,622,364,buy,2025-06-10,2480.0,895.0,877.0,69361.0,6223,0.0,3265.0
23000,816619.17,-443613.0,board,628.0,2025-06-11,0.0007464079119238664,2025-06-g006-2025-06-10-3044,daily_high_low_midpoint_proxy,13:30:00,441000.0,244.0,健鼎,08:59:00,0.01,489876422.875,2343997.8,2000,leader_entry,220.5,2000,2000,365,buy,2025-06-10,1985.0,222.5,218.5,2679500.0,3044,0.0,2613.0
266,757618.17,-59001.0,odd,84.0,2025-06-11,0.009979365972613018,2025-06-g006-2025-06-10-3044,daily_high_low_midpoint_proxy,13:30:00,58653.0,244.0,健鼎,09:00:00,0.01,489876422.875,2343997.8,266,leader_entry,220.5,2266,464,366,buy,2025-06-10,264.0,222.0,219.0,26655.0,3044,0.0,348.0
5000,374360.17,-383258.0,board,543.0,2025-06-26,0.0018178909556289175,2025-06-g020-2025-06-25-6739,daily_high_low_midpoint_proxy,13:30:00,381000.0,424.5,竹陞科技,08:59:00,0.01,307984763.4,972908.65,1000,leader_entry,381.0,1000,1000,367,buy,2025-06-25,1715.0,400.0,362.0,550088.0,6739,0.0,2258.0
257,275732.67,-98627.5,odd,140.0,2025-06-26,0.009997665914572473,2025-06-g020-2025-06-25-6739,daily_high_low_midpoint_proxy,13:30:00,98045.5,424.5,竹陞科技,09:00:00,0.01,307984763.4,972908.65,257,leader_entry,381.5,1257,469,368,buy,2025-06-25,442.0,400.0,363.0,25706.0,6739,0.0,582.0
455,1006861.43,697828.5,odd,1003.0,2025-09-08,0.009979383252182304,2025-06-g007-2025-06-10-6223,daily_high_low_midpoint_proxy,13:30:00,704112.5,1370.0,旺矽,09:00:00,0.01,2865184991.25,2218940.5,455,time63,1547.5,167,622,369,sell,2025-09-05,3169.0,1570.0,1525.0,45594.0,6223,2112.0,6284.0
26000,1602001.43,595140.0,board,856.0,2025-09-08,0.0007602137569041663,2025-06-g006-2025-06-10-3044,daily_high_low_midpoint_proxy,13:30:00,600500.0,269.0,健鼎,08:59:00,0.01,1733013801.15,5457000.3,2000,time63,300.25,266,2000,370,sell,2025-09-05,2703.0,303.0,297.5,2630839.0,3044,1801.0,5360.0
275,1681022.93,79021.5,odd,114.0,2025-09-08,0.0096422227860949,2025-06-g006-2025-06-10-3044,daily_high_low_midpoint_proxy,13:30:00,79733.5,269.0,健鼎,09:00:00,0.01,1733013801.15,5457000.3,266,time63,299.75,0,266,371,sell,2025-09-05,359.0,301.5,298.0,27587.0,3044,239.0,712.0
520,1935493.43,254470.5,odd,366.0,2025-09-09,0.0032075906576521204,2025-06-g007-2025-06-10-6223,daily_high_low_midpoint_proxy,13:30:00,256762.5,1375.0,旺矽,09:00:00,0.01,2992366650.0,2285198.35,167,time63,1537.5,0,167,372,sell,2025-09-05,1156.0,1575.0,1500.0,52064.0,6223,770.0,2292.0
84000,1125019.43,-810474.0,board,1148.0,2025-09-10,0.0007114147203291533,2025-09-g024-2025-09-09-8111,daily_high_low_midpoint_proxy,13:30:00,805700.0,63.4,立碁,08:59:00,0.01,454808276.2025,8472548.65,14000,leader_entry,57.55,14000,14000,373,buy,2025-09-09,3626.0,59.0,56.1,19679098.0,8111,0.0,4774.0
864,1092398.63,-32620.8,odd,46.0,2025-09-10,0.006512962298855894,2025-09-g024-2025-09-09-8111,daily_high_low_midpoint_proxy,13:30:00,32428.8,63.4,立碁,09:00:00,0.01,454808276.2025,8472548.65,563,leader_entry,57.599999999999994,14563,563,374,buy,2025-09-09,146.0,58.9,56.3,86443.0,8111,0.0,192.0
26000,391770.63,-700628.0,board,993.0,2025-09-11,0.0003712243238056136,2025-09-g021-2025-09-10-5289,daily_high_low_midpoint_proxy,13:30:00,696500.0,378.0,宜鼎,08:59:00,0.01,791955215.6,2617310.7,2000,leader_entry,348.25,2000,2000,375,buy,2025-09-10,3135.0,359.5,337.0,5387578.0,5289,0.0,4128.0
1564,243831.63,-147939.0,odd,210.0,2025-09-11,0.002697692258518187,2025-09-g021-2025-09-10-5289,daily_high_low_midpoint_proxy,13:30:00,147067.0,378.0,宜鼎,09:00:00,0.01,791955215.6,2617310.7,422,leader_entry,348.5,2422,422,376,buy,2025-09-10,662.0,357.5,339.5,156430.0,5289,0.0,872.0
9000,1062459.63,818628.0,board,1177.0,2025-09-23,0.0007726327305767858,2025-06-g020-2025-06-25-6739,daily_high_low_midpoint_proxy,13:30:00,826000.0,703.0,竹陞科技,08:59:00,0.01,617349375.25,925229.6,1000,time63,826.0,257,1000,377,sell,2025-09-22,3717.0,859.0,793.0,1294276.0,6739,2478.0,7372.0
425,1275011.13,212551.5,odd,306.0,2025-09-23,0.006038817613609662,2025-06-g020-2025-06-25-6739,daily_high_low_midpoint_proxy,13:30:00,214466.5,703.0,竹陞科技,09:00:00,0.01,617349375.25,925229.6,257,time63,834.5,0,257,378,sell,2025-09-22,966.0,859.0,810.0,42558.0,6739,643.0,1915.0
87000,464738.13,-810273.0,board,1148.0,2025-10-02,0.00033201589426489023,2025-10-g010-2025-10-01-6290,daily_high_low_midpoint_proxy,13:30:00,805500.0,143.0,良維,08:59:00,0.01,1037907946.875,8741769.5,6000,leader_entry,134.25,6000,6000,379,buy,2025-10-01,3625.0,137.5,131.0,18071424.0,6290,0.0,4773.0
962,370517.13,-94221.0,odd,133.0,2025-10-02,0.007264903966076328,2025-10-g010-2025-10-01-6290,daily_high_low_midpoint_proxy,13:30:00,93666.0,143.0,良維,09:00:00,0.01,1037907946.875,8741769.5,699,leader_entry,134.0,6699,699,380,buy,2025-10-01,422.0,137.5,130.5,96216.0,6290,0.0,555.0
13000,1255646.13,885129.0,board,1273.0,2025-12-12,0.009602309281518288,2025-09-g024-2025-09-09-8111,daily_high_low_midpoint_proxy,13:30:00,893100.0,62.2,立碁,08:59:00,0.01,1202637749.8200002,17477102.35,13000,time63,68.69999999999999,1563,14000,381,sell,2025-12-11,4019.0,69.3,68.1,1353841.0,8111,2679.0,7971.0
138,1265077.13,9431.0,odd,20.0,2025-12-12,0.009960303139660773,2025-09-g024-2025-09-09-8111,daily_high_low_midpoint_proxy,13:30:00,9522.0,62.2,立碁,09:00:00,0.01,1202637749.8200002,17477102.35,138,time63,69.0,1425,563,382,sell,2025-12-11,43.0,69.5,68.5,13855.0,8111,28.0,91.0
10000,1333907.13,68830.0,board,99.0,2025-12-15,0.000927361619099198,2025-09-g024-2025-09-09-8111,daily_high_low_midpoint_proxy,13:30:00,69450.0,62.3,立碁,08:59:00,0.01,1127724960.905,16382793.25,1000,time63,69.44999999999999,425,1000,383,sell,2025-12-11,313.0,70.8,68.1,1078328.0,8111,208.0,620.0
92,1340228.53,6321.4,odd,20.0,2025-12-15,0.009905254091300603,2025-09-g024-2025-09-09-8111,daily_high_low_midpoint_proxy,13:30:00,6389.4,62.3,立碁,09:00:00,0.01,1127724960.905,16382793.25,92,time63,69.44999999999999,333,425,384,sell,2025-12-11,29.0,70.3,68.6,9288.0,8111,19.0,68.0
37000,2328329.53,988101.0,board,1421.0,2025-12-15,0.000532919219571778,2025-09-g021-2025-09-10-5289,daily_high_low_midpoint_proxy,13:30:00,997000.0,450.0,宜鼎,08:59:00,0.01,2225830436.35,4517587.2,2000,time63,498.5,422,2000,385,sell,2025-12-12,4487.0,507.0,490.0,3752914.0,5289,2991.0,8899.0
1001,2537028.53,208699.0,odd,300.0,2025-12-15,0.004214100259636509,2025-09-g021-2025-09-10-5289,daily_high_low_midpoint_proxy,13:30:00,210578.0,450.0,宜鼎,09:00:00,0.01,2225830436.35,4517587.2,422,time63,499.0,0,422,386,sell,2025-12-12,948.0,508.0,490.0,100140.0,5289,631.0,1879.0
127,2545788.08,8759.55,odd,20.0,2025-12-16,0.009931185486393494,2025-09-g024-2025-09-09-8111,daily_high_low_midpoint_proxy,13:30:00,8845.55,63.1,立碁,09:00:00,0.01,1015799391.3050001,14750046.25,127,time63,69.65,206,333,387,sell,2025-12-11,40.0,70.5,68.8,12788.0,8111,26.0,86.0
154000,1508176.08,-1037612.0,board,1470.0,2025-12-16,0.001292276836713068,2025-12-g005-2025-12-15-8110,daily_high_low_midpoint_proxy,13:30:00,1031500.0,61.0,華東,08:59:00,0.01,4252241149.9300003,91603725.65,20000,leader_entry,51.575,20000,20000,388,buy,2025-12-15,4642.0,53.2,49.95,15476560.0,8110,0.0,6112.0
1482,1490051.83,-18124.25,odd,26.0,2025-12-16,0.002360335572280219,2025-12-g005-2025-12-15-8110,daily_high_low_midpoint_proxy,13:30:00,18016.25,61.0,華東,09:00:00,0.01,4252241149.9300003,91603725.65,350,leader_entry,51.475,20350,350,389,buy,2025-12-15,82.0,53.0,49.95,148284.0,8110,0.0,108.0
72,1495005.03,4953.2,odd,20.0,2025-12-17,0.009931034482758621,2025-09-g024-2025-09-09-8111,daily_high_low_midpoint_proxy,13:30:00,5011.2,62.3,立碁,09:00:00,0.01,954054689.175,13771704.4,72,time63,69.6,134,206,390,sell,2025-12-11,23.0,70.0,69.2,7250.0,8111,15.0,58.0
63,1499317.93,4312.9,odd,20.0,2025-12-18,0.009856070087609511,2025-09-g024-2025-09-09-8111,daily_high_low_midpoint_proxy,13:30:00,4365.9,62.1,立碁,09:00:00,0.01,932832062.8399999,13425534.85,63,time63,69.3,71,134,391,sell,2025-12-11,20.0,69.8,68.8,6392.0,8111,13.0,53.0
108,1504230.93,4913.0,odd,20.0,2025-12-19,0.006563135514882603,2025-09-g024-2025-09-09-8111,daily_high_low_midpoint_proxy,13:30:00,4970.0,62.0,立碁,09:00:00,0.01,907237185.93,13014276.4,71,time63,70.0,0,71,392,sell,2025-12-11,23.0,71.0,69.0,10818.0,8111,14.0,57.0
26000,397712.93,-1106518.0,board,1568.0,2025-12-23,0.001352588787309471,2025-12-g008-2025-12-22-6196,daily_high_low_midpoint_proxy,13:30:00,1100000.0,301.5,帆宣,08:59:00,0.01,669421439.575,2652690.4,4000,leader_entry,275.0,4000,4000,393,buy,2025-12-22,4950.0,279.0,271.0,2957292.0,6196,0.0,6518.0
516,348650.93,-49062.0,odd,70.0,2025-12-23,0.0034482758620689655,2025-12-g008-2025-12-22-6196,daily_high_low_midpoint_proxy,13:30:00,48772.0,301.5,帆宣,09:00:00,0.01,669421439.575,2652690.4,178,leader_entry,274.0,4178,178,394,buy,2025-12-22,220.0,278.0,270.0,51620.0,6196,0.0,290.0
41000,1441310.93,1092660.0,board,1571.0,2026-01-06,0.001448915583280287,2025-10-g010-2025-10-01-6290,daily_high_low_midpoint_proxy,13:30:00,1102500.0,162.5,良維,08:59:00,0.01,1046249481.625,5794786.8,6000,time63,183.75,699,6000,395,sell,2026-01-05,4962.0,186.0,181.5,4141028.0,6290,3307.0,9840.0
705,1568779.93,127469.0,odd,183.0,2026-01-06,0.009905620270385171,2025-10-g010-2025-10-01-6290,daily_high_low_midpoint_proxy,13:30:00,128616.0,162.5,良維,09:00:00,0.01,1046249481.625,5794786.8,699,time63,184.0,0,699,396,sell,2026-01-05,579.0,187.0,181.0,70566.0,6290,385.0,1147.0
424000,293341.93,-1275438.0,board,1807.0,2026-01-09,0.0001484637786546137,2026-01-g017-2026-01-08-6443,daily_high_low_midpoint_proxy,13:30:00,1267925.0,34.3,元晶,08:59:00,0.01,1030634172.0074999,42458951.7,41000,leader_entry,30.925,41000,41000,397,buy,2026-01-08,5706.0,33.6,28.25,276161636.0,6443,0.0,7513.0
5424,292949.73,-392.2,odd,20.0,2026-01-09,2.2122792560104862e-05,2026-01-g017-2026-01-08-6443,daily_high_low_midpoint_proxy,13:30:00,370.2,34.3,元晶,09:00:00,0.01,1030634172.0074999,42458951.7,12,leader_entry,30.85,41012,12,398,buy,2026-01-08,2.0,33.5,28.2,542427.0,6443,0.0,22.0
130000,1282042.73,989093.0,board,1422.0,2026-03-27,0.0015310704724179186,2025-12-g005-2025-12-15-8110,daily_high_low_midpoint_proxy,13:30:00,998000.0,47.25,華東,08:59:00,0.01,1293419753.2,22076301.2,20000,time63,49.9,350,20000,399,sell,2026-03-26,4491.0,51.0,48.8,13062756.0,8110,2994.0,8907.0
1152,1299386.73,17344.0,odd,25.0,2026-03-27,0.003035980708511155,2025-12-g005-2025-12-15-8110,daily_high_low_midpoint_proxy,13:30:00,17500.0,47.25,華東,09:00:00,0.01,1293419753.2,22076301.2,350,time63,50.0,0,350,400,sell,2026-03-26,79.0,51.0,49.0,115284.0,8110,52.0,156.0
39000,116166.73,-1183220.0,board,1676.0,2026-04-02,0.0005856528406915342,2026-04-g004-2026-04-01-5475,daily_high_low_midpoint_proxy,13:30:00,1176250.0,246.5,德宏,08:59:00,0.01,832650598.2,3989015.15,5000,leader_entry,235.25,5000,5000,401,buy,2026-04-01,5294.0,246.5,224.0,8537481.0,5475,0.0,6970.0
2428,57380.73,-58786.0,odd,83.0,2026-04-02,0.0009881748410685465,2026-04-g004-2026-04-01-5475,daily_high_low_midpoint_proxy,13:30:00,58440.0,246.5,德宏,09:00:00,0.01,832650598.2,3989015.15,240,leader_entry,243.5,5240,240,402,buy,2026-04-01,263.0,246.5,240.5,242872.0,5475,0.0,346.0
18000,1191170.73,1133790.0,board,1630.0,2026-04-07,0.001964186014308113,2025-12-g008-2025-12-22-6196,daily_high_low_midpoint_proxy,13:30:00,1144000.0,254.0,帆宣,08:59:00,0.01,521357494.0,1841807.55,4000,time63,286.0,178,4000,403,sell,2026-04-02,5148.0,294.0,278.0,2036467.0,6196,3432.0,10210.0
524,1241712.73,50542.0,odd,73.0,2026-04-07,0.003390540772205185,2025-12-g008-2025-12-22-6196,daily_high_low_midpoint_proxy,13:30:00,50997.0,254.0,帆宣,09:00:00,0.01,521357494.0,1841807.55,178,time63,286.5,0,178,404,sell,2026-04-02,230.0,294.0,279.0,52499.0,6196,152.0,455.0
168000,53814.73,-1187898.0,board,1683.0,2026-04-09,0.001221355079502364,2026-04-g012-2026-04-08-2426,daily_high_low_midpoint_proxy,13:30:00,1180900.0,43.0,鼎元,08:59:00,0.01,565118659.28,16859815.45,28000,leader_entry,42.175,28000,28000,405,buy,2026-04-08,5315.0,43.0,41.35,22925356.0,2426,0.0,6998.0
42000,1662923.73,1609109.0,board,2314.0,2026-04-22,0.00966507224405769,2026-01-g017-2026-01-08-6443,daily_high_low_midpoint_proxy,13:30:00,1623600.0,35.3,元晶,08:59:00,0.01,1332438868.8650002,32022619.55,41000,time63,39.599999999999994,12,41000,406,sell,2026-04-21,7307.0,39.9,39.3,4242079.0,6443,4870.0,14491.0
643,1663372.83,449.1,odd,20.0,2026-04-22,0.0001866164875666765,2026-01-g017-2026-01-08-6443,daily_high_low_midpoint_proxy,13:30:00,473.1,35.3,元晶,09:00:00,0.01,1332438868.8650002,32022619.55,12,time63,39.425,0,12,407,sell,2026-04-21,3.0,39.5,39.35,64303.0,6443,1.0,24.0
70000,490463.83,-1172909.0,board,1662.0,2026-04-28,0.00023051638089743024,2026-04-g020-2026-04-27-6488,daily_high_low_midpoint_proxy,13:30:00,1166000.0,682.0,環球晶,08:59:00,0.01,3796772496.15,7096475.7,2000,leader_entry,583.0,2000,2000,408,buy,2026-04-27,5247.0,604.0,562.0,8676173.0,6488,0.0,6909.0
2979,337602.83,-152861.0,odd,217.0,2026-04-28,0.0008792890511732804,2026-04-g020-2026-04-27-6488,daily_high_low_midpoint_proxy,13:30:00,151960.0,682.0,環球晶,09:00:00,0.01,3796772496.15,7096475.7,262,leader_entry,580.0,2262,262,409,buy,2026-04-27,684.0,593.0,567.0,297968.0,6488,0.0,901.0
10000,1503676.83,1163274.0,board,1673.0,2026-07-06,0.004761687084780886,2026-04-g004-2026-04-01-5475,daily_high_low_midpoint_proxy,13:30:00,1173750.0,215.0,德宏,08:59:00,0.01,514453189.7,2044425.05,5000,time63,234.75,240,5000,410,sell,2026-07-03,5282.0,243.0,226.5,1050048.0,5475,3521.0,10476.0
679,1559275.83,55599.0,odd,80.0,2026-07-06,0.003534453558752927,2026-04-g004-2026-04-01-5475,daily_high_low_midpoint_proxy,13:30:00,56100.0,215.0,德宏,09:00:00,0.01,514453189.7,2044425.05,240,time63,233.75,0,240,411,sell,2026-07-03,253.0,240.0,227.5,67903.0,5475,168.0,501.0
147000,143334.83,-1415941.0,board,2006.0,2026-07-07,0.0008919871898746372,2026-07-g001-2026-07-06-1216,daily_high_low_midpoint_proxy,13:30:00,1407600.0,85.5,統一,08:59:00,0.01,1107185624.675,14708515.2,18000,leader_entry,78.2,18000,18000,412,buy,2026-07-06,6335.0,78.7,77.7,20179662.0,1216,0.0,8341.0
1161,133206.83,-10128.0,odd,20.0,2026-07-07,0.0011109484399355822,2026-07-g001-2026-07-06-1216,daily_high_low_midpoint_proxy,13:30:00,10062.0,85.5,統一,09:00:00,0.01,1107185624.675,14708515.2,129,leader_entry,78.0,18129,129,413,buy,2026-07-06,46.0,78.4,77.6,116117.0,1216,0.0,66.0
111000,2178388.83,2045182.0,board,2941.0,2026-07-09,0.002505751146336404,2026-04-g012-2026-04-08-2426,daily_high_low_midpoint_proxy,13:30:00,2063600.0,66.2,鼎元,08:59:00,0.01,1931894868.4,24639680.25,28000,time63,73.7,0,28000,414,sell,2026-07-08,9287.0,75.9,71.5,11174294.0,2426,6190.0,18418.0
402000,314911.83,-1863477.0,board,2640.0,2026-07-14,5.188690536395758e-05,2026-07-g019-2026-07-13-4958,daily_high_low_midpoint_proxy,13:30:00,1852500.0,710.0,臻鼎-KY,08:59:00,0.01,24129045939.75,40212196.9,3000,leader_entry,617.5,3000,3000,415,buy,2026-07-13,8337.0,644.0,591.0,57818056.0,4958,0.0,10977.0
11418,283827.83,-31084.0,odd,44.0,2026-07-14,4.3788972185244866e-05,2026-07-g019-2026-07-13-4958,daily_high_low_midpoint_proxy,13:30:00,30900.0,710.0,臻鼎-KY,09:00:00,0.01,24129045939.75,40212196.9,50,leader_entry,618.0,3050,50,416,buy,2026-07-13,140.0,642.0,594.0,1141840.0,4958,0.0,184.0
359000,1736991.83,1453164.0,board,2089.0,2026-07-20,8.35435660760545e-05,2026-07-g019-2026-07-13-4958,daily_high_low_midpoint_proxy,13:30:00,1466250.0,469.0,臻鼎-KY,08:59:00,0.01,23838425657.7,39668679.15,3000,loss12,488.75,50,3000,417,sell,2026-07-17,6599.0,506.0,471.5,35909408.0,4958,4398.0,13086.0
10039,1761049.83,24058.0,odd,35.0,2026-07-20,4.980412039448848e-05,2026-07-g019-2026-07-13-4958,daily_high_low_midpoint_proxy,13:30:00,24275.0,469.0,臻鼎-KY,09:00:00,0.01,23838425657.7,39668679.15,50,loss12,485.5,0,50,418,sell,2026-07-17,110.0,500.0,471.0,1003933.0,4958,72.0,217.0
49000,3556877.83,1795828.0,board,2582.0,2026-07-29,0.0004003048721906604,2026-04-g020-2026-04-27-6488,daily_high_low_midpoint_proxy,13:30:00,1812000.0,864.0,環球晶,08:59:00,0.01,11981559382.9,9434349.75,2000,time63,906.0,262,2000,419,sell,2026-07-28,8154.0,948.0,864.0,4996192.0,6488,5436.0,16172.0
2585,3785899.83,229022.0,odd,329.0,2026-07-29,0.0010133436472635853,2026-04-g020-2026-04-27-6488,daily_high_low_midpoint_proxy,13:30:00,231084.0,864.0,環球晶,09:00:00,0.01,11981559382.9,9434349.75,262,time63,882.0,0,262,420,sell,2026-07-28,1040.0,900.0,864.0,258550.0,6488,693.0,2062.0
444000,2221886.83,-1564013.0,board,2216.0,2026-08-05,0.0020687040448358323,2026-08-g018-2026-08-04-2834,daily_high_low_midpoint_proxy,13:30:00,1554800.0,18.55,臺企銀,08:59:00,0.01,818685223.865,45609885.6,92000,leader_entry,16.9,92000,92000,421,buy,2026-08-04,6997.0,17.05,16.75,44472287.0,2834,0.0,9213.0
3540,2208838.93,-13047.9,odd,20.0,2026-08-05,0.0021578568301535072,2026-08-g018-2026-08-04-2834,daily_high_low_midpoint_proxy,13:30:00,12968.9,18.55,臺企銀,09:00:00,0.01,818685223.865,45609885.6,764,leader_entry,16.975,92764,764,422,buy,2026-08-04,59.0,17.1,16.85,354055.0,2834,0.0,79.0
106000,710814.93,-1498024.0,board,2122.0,2026-08-11,0.0012574576484565595,2026-08-g013-2026-08-10-2615,daily_high_low_midpoint_proxy,13:30:00,1489200.0,96.2,萬海,08:59:00,0.01,900244333.8100001,10664764.25,17000,leader_entry,87.6,17000,17000,423,buy,2026-08-10,6702.0,88.8,86.4,13519342.0,2615,0.0,8824.0
1301,637898.38,-72916.55,odd,103.0,2026-08-11,0.006356013618931237,2026-08-g013-2026-08-10-2615,daily_high_low_midpoint_proxy,13:30:00,72486.55,96.2,萬海,09:00:00,0.01,900244333.8100001,10664764.25,827,leader_entry,87.65,17827,827,424,buy,2026-08-10,327.0,88.8,86.5,130113.0,2615,0.0,430.0
