capacity_qty,channel,date,event_id,execution_evidence,expires_at,failure,filled_qty,limit_price,name,order_time,participation_limit,prior_avg_amount20,prior_avg_volume20,reason,reference_price,requested_qty,side,signal_date,source_high,source_low,source_volume,stock_id
23000.0,board,2019-03-05,2019-03-g009-2019-03-04-3362,daily_high_low_midpoint_proxy,13:30:00,,4000,67.2,先進光,08:59:00,0.01,131049257.51500002,2390676.35,leader_entry,61.45,4000,buy,2019-03-04,62.9,60.0,5794184.0,3362
31.0,odd,2019-03-05,2019-03-g009-2019-03-04-3362,after_hours_single_auction_proxy,14:30:00,partial_midpoint_daily_capacity,31,67.2,先進光,13:40:00,0.01,131049257.51500002,2390676.35,leader_entry,60.0,931,buy,2019-03-04,60.0,60.0,3184.0,3362
25000.0,board,2019-03-07,2019-03-g007-2019-03-06-2388,daily_high_low_midpoint_proxy,13:30:00,,10000,32.15,威盛,08:59:00,0.01,71955897.065,2597027.75,leader_entry,28.9,10000,buy,2019-03-06,29.65,28.15,3117096.0,2388
0.0,odd,2019-03-07,2019-03-g007-2019-03-06-2388,after_hours_single_auction_proxy,14:30:00,midpoint_daily_capacity_zero,0,32.15,威盛,13:40:00,0.01,71955897.065,2597027.75,leader_entry,28.65,256,buy,2019-03-06,28.65,28.65,96.0,2388
40000.0,board,2019-03-07,2019-03-g011-2019-03-06-5457,daily_high_low_midpoint_proxy,13:30:00,,4000,71.1,宣德,08:59:00,0.01,247016092.17,4006330.1,leader_entry,66.5,4000,buy,2019-03-06,67.9,65.1,12394806.0,5457
38.0,odd,2019-03-07,2019-03-g011-2019-03-06-5457,after_hours_single_auction_proxy,14:30:00,partial_midpoint_daily_capacity,38,71.1,宣德,13:40:00,0.01,247016092.17,4006330.1,leader_entry,66.5,637,buy,2019-03-06,66.5,66.5,3806.0,5457
,event,2019-03-12,2019-03-g010-2019-03-11-3363,,,slots_full,0,,上詮,,,,,leader_entry,,0,buy,2019-03-11,,,,3363
,event,2019-03-15,2019-03-g004-2019-03-14-2360,,,slots_full,0,,致茂,,,,,leader_entry,,0,buy,2019-03-14,,,,2360
,event,2019-03-15,2019-03-g001-2019-03-14-1434,,,slots_full,0,,福懋,,,,,leader_entry,,0,buy,2019-03-14,,,,1434
,event,2019-03-20,2019-03-g006-2019-03-19-4919,,,slots_full,0,,新唐,,,,,leader_entry,,0,buy,2019-03-19,,,,4919
,event,2019-03-22,2019-03-g008-2019-03-21-2890,,,slots_full,0,,永豐金,,,,,leader_entry,,0,buy,2019-03-21,,,,2890
,event,2019-03-26,2019-03-g012-2019-03-25-8215,,,slots_full,0,,明基材,,,,,leader_entry,,0,buy,2019-03-25,,,,8215
18000.0,board,2019-03-28,2019-03-g011-2019-03-06-5457,daily_high_low_midpoint_proxy,13:30:00,,4000,52.0,宣德,08:59:00,0.01,248758978.45,3957563.0,loss12,57.8,4000,sell,2019-03-27,59.4,56.2,1874410.0,5457
4.0,odd,2019-03-28,2019-03-g011-2019-03-06-5457,after_hours_single_auction_proxy,14:30:00,partial_midpoint_daily_capacity,4,52.0,宣德,13:40:00,0.01,248758978.45,3957563.0,loss12,58.3,38,sell,2019-03-27,58.3,58.3,410.0,5457
,event,2019-03-28,2019-03-g005-2019-03-27-8086,,,slots_full,0,,宏捷科,,,,,leader_entry,,0,buy,2019-03-27,,,,8086
6.0,odd,2019-03-29,2019-03-g011-2019-03-06-5457,after_hours_single_auction_proxy,14:30:00,partial_midpoint_daily_capacity,6,52.7,宣德,13:40:00,0.01,251720230.3,4010615.8,loss12,60.0,34,sell,2019-03-27,60.0,60.0,664.0,5457
8.0,odd,2019-04-01,2019-03-g011-2019-03-06-5457,after_hours_single_auction_proxy,14:30:00,partial_midpoint_daily_capacity,8,54.3,宣德,13:40:00,0.01,254719471.76,4061394.0,loss12,59.8,28,sell,2019-03-27,59.8,59.8,849.0,5457
5.0,odd,2019-04-02,2019-03-g011-2019-03-06-5457,after_hours_single_auction_proxy,14:30:00,partial_midpoint_daily_capacity,5,54.3,宣德,13:40:00,0.01,245276025.875,3920821.55,loss12,59.9,20,sell,2019-03-27,59.9,59.9,516.0,5457
30.0,odd,2019-04-02,2019-04-g008-2019-04-01-3406,after_hours_single_auction_proxy,14:30:00,partial_midpoint_daily_capacity,30,436.0,玉晶光,13:40:00,0.01,3513161290.05,10319256.0,leader_entry,408.0,794,buy,2019-04-01,408.0,408.0,3044.0,3406
,event,2019-04-02,2019-04-g005-2019-04-01-8358,,,slots_full,0,,金居,,,,,leader_entry,,0,buy,2019-04-01,,,,8358
5.0,odd,2019-04-03,2019-03-g011-2019-03-06-5457,after_hours_single_auction_proxy,14:30:00,partial_midpoint_daily_capacity,5,54.0,宣德,13:40:00,0.01,205642222.695,3293865.15,loss12,59.1,15,sell,2019-03-27,59.1,59.1,569.0,5457
,event,2019-04-03,2019-04-g003-2019-04-02-3708,,,slots_full,0,,上緯投控,,,,,leader_entry,,0,buy,2019-04-02,,,,3708
7.0,odd,2019-04-08,2019-03-g011-2019-03-06-5457,after_hours_single_auction_proxy,14:30:00,partial_midpoint_daily_capacity,7,53.5,宣德,13:40:00,0.01,188704640.985,3035472.4,loss12,58.4,10,sell,2019-03-27,58.4,58.4,769.0,5457
8.0,odd,2019-04-09,2019-03-g011-2019-03-06-5457,after_hours_single_auction_proxy,14:30:00,,3,52.6,宣德,13:40:00,0.01,152041554.425,2496820.55,loss12,58.2,3,sell,2019-03-27,58.2,58.2,849.0,5457
,event,2019-04-10,2019-04-g004-2019-04-09-2344,,,slots_full,0,,華邦電,,,,,leader_entry,,0,buy,2019-04-09,,,,2344
,event,2019-04-10,2019-04-g002-2019-04-09-3008,,,slots_full,0,,大立光,,,,,leader_entry,,0,buy,2019-04-09,,,,3008
6000.0,board,2019-04-25,2019-03-g009-2019-03-04-3362,daily_high_low_midpoint_proxy,13:30:00,,4000,46.65,先進光,08:59:00,0.01,45854769.435,811910.9,loss12,52.0,4000,sell,2019-04-24,52.9,51.1,641324.0,3362
3.0,odd,2019-04-25,2019-03-g009-2019-03-04-3362,after_hours_single_auction_proxy,14:30:00,partial_midpoint_daily_capacity,3,46.65,先進光,13:40:00,0.01,45854769.435,811910.9,loss12,52.7,31,sell,2019-04-24,52.7,52.7,324.0,3362
2.0,odd,2019-04-26,2019-03-g009-2019-03-04-3362,after_hours_single_auction_proxy,14:30:00,partial_midpoint_daily_capacity,2,47.45,先進光,13:40:00,0.01,43501822.625,774868.8,loss12,52.0,28,sell,2019-04-24,52.0,52.0,242.0,3362
3.0,odd,2019-04-29,2019-03-g009-2019-03-04-3362,after_hours_single_auction_proxy,14:30:00,partial_midpoint_daily_capacity,3,46.8,先進光,13:40:00,0.01,41933861.825,750225.9,loss12,50.4,26,sell,2019-04-24,50.4,50.4,370.0,3362
9.0,odd,2019-04-30,2019-03-g009-2019-03-04-3362,after_hours_single_auction_proxy,14:30:00,partial_midpoint_daily_capacity,9,45.3,先進光,13:40:00,0.01,39817568.58499999,715420.7,loss12,51.9,23,sell,2019-04-24,51.9,51.9,926.0,3362
13.0,odd,2019-05-02,2019-03-g009-2019-03-04-3362,after_hours_single_auction_proxy,14:30:00,partial_midpoint_daily_capacity,13,47.1,先進光,13:40:00,0.01,39713265.699999996,716694.75,loss12,51.9,14,sell,2019-04-24,51.9,51.9,1323.0,3362
9.0,odd,2019-05-03,2019-03-g009-2019-03-04-3362,after_hours_single_auction_proxy,14:30:00,,1,47.1,先進光,13:40:00,0.01,34787059.085,632324.2,loss12,54.0,1,sell,2019-04-24,54.0,54.0,920.0,3362
54000.0,board,2019-05-06,2019-05-g005-2019-05-03-6213,daily_high_low_midpoint_proxy,13:30:00,,2000,123.0,聯茂,08:59:00,0.01,537681860.1949999,5437762.75,leader_entry,107.5,2000,buy,2019-05-03,110.0,105.0,7827992.0,6213
29.0,odd,2019-05-06,2019-05-g005-2019-05-03-6213,after_hours_single_auction_proxy,14:30:00,partial_midpoint_daily_capacity,29,123.0,聯茂,13:40:00,0.01,537681860.1949999,5437762.75,leader_entry,105.5,750,buy,2019-05-03,105.5,105.5,2992.0,6213
,event,2019-05-09,2019-05-g003-2019-05-08-4968,,,slots_full,0,,立積,,,,,leader_entry,,0,buy,2019-05-08,,,,4968
14.0,odd,2019-05-20,2019-04-g008-2019-04-01-3406,after_hours_single_auction_proxy,14:30:00,partial_midpoint_daily_capacity,14,309.5,玉晶光,13:40:00,0.01,4689381326.7,11879760.55,loss12,343.5,30,sell,2019-05-17,343.5,343.5,1400.0,3406
59000.0,board,2019-05-20,2019-05-g005-2019-05-03-6213,daily_high_low_midpoint_proxy,13:30:00,,2000,82.7,聯茂,08:59:00,0.01,618428264.01,5992386.1,loss12,88.65,2000,sell,2019-05-17,91.0,86.3,12521250.0,6213
32.0,odd,2019-05-20,2019-05-g005-2019-05-03-6213,after_hours_single_auction_proxy,14:30:00,,29,82.7,聯茂,13:40:00,0.01,618428264.01,5992386.1,loss12,89.4,29,sell,2019-05-17,89.4,89.4,3250.0,6213
13.0,odd,2019-05-21,2019-04-g008-2019-04-01-3406,after_hours_single_auction_proxy,14:30:00,partial_midpoint_daily_capacity,13,308.5,玉晶光,13:40:00,0.01,4707632321.2,12150864.9,loss12,372.0,16,sell,2019-05-17,372.0,372.0,1300.0,3406
71000.0,board,2019-05-21,2019-05-g006-2019-05-20-2801,daily_high_low_midpoint_proxy,13:30:00,,14000,20.9,彰銀,08:59:00,0.01,132004886.2825,7168345.25,leader_entry,18.950000000000003,14000,buy,2019-05-20,19.05,18.85,14674497.0,2801
254.0,odd,2019-05-21,2019-05-g006-2019-05-20-2801,after_hours_single_auction_proxy,14:30:00,partial_midpoint_daily_capacity,254,20.9,彰銀,13:40:00,0.01,132004886.2825,7168345.25,leader_entry,18.9,446,buy,2019-05-20,18.9,18.9,25497.0,2801
9.0,odd,2019-05-22,2019-04-g008-2019-04-01-3406,after_hours_single_auction_proxy,14:30:00,,3,334.0,玉晶光,13:40:00,0.01,4904888652.65,12738441.05,loss12,353.0,3,sell,2019-05-17,353.0,353.0,963.0,3406
11000.0,board,2019-06-03,2019-05-g001-2019-05-31-4904,daily_high_low_midpoint_proxy,13:30:00,,3000,86.3,遠傳,08:59:00,0.01,215976938.85,2825715.85,leader_entry,78.15,3000,buy,2019-05-31,78.6,77.7,1188723.0,4904
27.0,odd,2019-06-03,2019-05-g001-2019-05-31-4904,after_hours_single_auction_proxy,14:30:00,partial_midpoint_daily_capacity,27,86.3,遠傳,13:40:00,0.01,215976938.85,2825715.85,leader_entry,78.1,558,buy,2019-05-31,78.1,78.1,2723.0,4904
14000.0,board,2019-06-10,2019-03-g007-2019-03-06-2388,daily_high_low_midpoint_proxy,13:30:00,,10000,28.35,威盛,08:59:00,0.01,63685872.86,1942145.1,time63,32.3,10000,sell,2019-06-06,32.8,31.8,1417785.0,2388
13000.0,board,2019-06-24,2019-06-g008-2019-06-21-3532,daily_high_low_midpoint_proxy,13:30:00,,2000,137.5,台勝科,08:59:00,0.01,148680811.76500002,1342945.95,leader_entry,123.5,2000,buy,2019-06-21,126.0,121.0,3780971.0,3532
119.0,odd,2019-06-24,2019-06-g008-2019-06-21-3532,after_hours_single_auction_proxy,14:30:00,partial_midpoint_daily_capacity,119,137.5,台勝科,13:40:00,0.01,148680811.76500002,1342945.95,leader_entry,125.0,240,buy,2019-06-21,125.0,125.0,11971.0,3532
,event,2019-07-02,2019-07-g002-2019-07-01-5483,,,slots_full,0,,中美晶,,,,,leader_entry,,0,buy,2019-07-01,,,,5483
,event,2019-07-22,2019-07-g006-2019-07-19-6230,,,slots_full,0,,尼得科超眾,,,,,leader_entry,,0,buy,2019-07-19,,,,6230
,event,2019-07-22,2019-07-g004-2019-07-19-2801,,,overlapping_member,0,,彰銀,,,,,leader_entry,,0,buy,2019-07-19,,,,2801
,event,2019-08-05,2019-08-g006-2019-08-02-3324,,,slots_full,0,,雙鴻,,,,,leader_entry,,0,buy,2019-08-02,,,,3324
9000.0,board,2019-08-08,2019-06-g008-2019-06-21-3532,daily_high_low_midpoint_proxy,13:30:00,,2000,91.8,台勝科,08:59:00,0.01,101185626.275,921451.55,loss12,101.25,2000,sell,2019-08-07,103.0,99.5,1057700.0,3532
37.0,odd,2019-08-08,2019-06-g008-2019-06-21-3532,after_hours_single_auction_proxy,14:30:00,partial_midpoint_daily_capacity,37,91.8,台勝科,13:40:00,0.01,101185626.275,921451.55,loss12,102.0,119,sell,2019-08-07,102.0,102.0,3700.0,3532
30.0,odd,2019-08-12,2019-06-g008-2019-06-21-3532,after_hours_single_auction_proxy,14:30:00,partial_midpoint_daily_capacity,30,91.4,台勝科,13:40:00,0.01,101519007.475,928775.95,loss12,101.5,82,sell,2019-08-07,101.5,101.5,3097.0,3532
65000.0,board,2019-08-12,2019-08-g005-2019-08-08-3380,daily_high_low_midpoint_proxy,13:30:00,,11000,26.3,明泰,08:59:00,0.01,146451668.41749996,6586445.05,leader_entry,24.55,11000,buy,2019-08-08,25.05,24.05,13579300.0,3380
63.0,odd,2019-08-12,2019-08-g005-2019-08-08-3380,after_hours_single_auction_proxy,14:30:00,partial_midpoint_daily_capacity,63,26.3,明泰,13:40:00,0.01,146451668.41749996,6586445.05,leader_entry,24.3,148,buy,2019-08-08,24.3,24.3,6300.0,3380
25.0,odd,2019-08-13,2019-06-g008-2019-06-21-3532,after_hours_single_auction_proxy,14:30:00,partial_midpoint_daily_capacity,25,90.9,台勝科,13:40:00,0.01,98718070.575,905435.9,loss12,101.5,52,sell,2019-08-07,101.5,101.5,2566.0,3532
,event,2019-08-13,2019-08-g003-2019-08-12-6285,,,slots_full,0,,啟碁,,,,,leader_entry,,0,buy,2019-08-12,,,,6285
35.0,odd,2019-08-14,2019-06-g008-2019-06-21-3532,after_hours_single_auction_proxy,14:30:00,,27,91.4,台勝科,13:40:00,0.01,94944476.525,873491.2,loss12,105.5,27,sell,2019-08-07,105.5,105.5,3573.0,3532
58000.0,board,2019-08-20,2019-05-g006-2019-05-20-2801,daily_high_low_midpoint_proxy,13:30:00,,14000,18.3,彰銀,08:59:00,0.01,196153679.5675,9337178.75,time63,20.35,14000,sell,2019-08-19,20.45,20.25,5854818.0,2801
88.0,odd,2019-08-20,2019-05-g006-2019-05-20-2801,after_hours_single_auction_proxy,14:30:00,partial_midpoint_daily_capacity,88,18.3,彰銀,13:40:00,0.01,196153679.5675,9337178.75,time63,20.15,254,sell,2019-08-19,20.15,20.15,8818.0,2801
115.0,odd,2019-08-21,2019-05-g006-2019-05-20-2801,after_hours_single_auction_proxy,14:30:00,partial_midpoint_daily_capacity,115,18.25,彰銀,13:40:00,0.01,192423269.39000002,9187887.0,time63,20.15,166,sell,2019-08-19,20.15,20.15,11513.0,2801
105.0,odd,2019-08-22,2019-05-g006-2019-05-20-2801,after_hours_single_auction_proxy,14:30:00,,51,18.15,彰銀,13:40:00,0.01,188998033.9575,9046605.6,time63,20.05,51,sell,2019-08-19,20.05,20.05,10578.0,2801
38000.0,board,2019-08-23,2019-08-g002-2019-08-22-2105,daily_high_low_midpoint_proxy,13:30:00,,6000,45.4,正新,08:59:00,0.01,152724118.7475,3825470.55,leader_entry,42.224999999999994,6000,buy,2019-08-22,42.9,41.55,15499068.0,2105
110.0,odd,2019-08-23,2019-08-g002-2019-08-22-2105,after_hours_single_auction_proxy,14:30:00,partial_midpoint_daily_capacity,110,45.4,正新,13:40:00,0.01,152724118.7475,3825470.55,leader_entry,42.8,470,buy,2019-08-22,42.8,42.8,11068.0,2105
8000.0,board,2019-09-02,2019-05-g001-2019-05-31-4904,daily_high_low_midpoint_proxy,13:30:00,,3000,65.9,遠傳,08:59:00,0.01,142951663.76999998,1996151.9,time63,73.0,3000,sell,2019-08-30,73.2,72.8,845148.0,4904
11.0,odd,2019-09-02,2019-05-g001-2019-05-31-4904,after_hours_single_auction_proxy,14:30:00,partial_midpoint_daily_capacity,11,65.9,遠傳,13:40:00,0.01,142951663.76999998,1996151.9,time63,73.2,27,sell,2019-08-30,73.2,73.2,1148.0,4904
30.0,odd,2019-09-03,2019-05-g001-2019-05-31-4904,after_hours_single_auction_proxy,14:30:00,,16,65.9,遠傳,13:40:00,0.01,130574903.6,1820521.95,time63,72.8,16,sell,2019-08-30,72.8,72.8,3081.0,4904
,event,2019-09-03,2019-09-g002-2019-09-02-2105,,,overlapping_member,0,,正新,,,,,leader_entry,,0,buy,2019-09-02,,,,2105
36000.0,board,2019-09-04,2019-09-g008-2019-09-03-6285,daily_high_low_midpoint_proxy,13:30:00,,3000,88.7,啟碁,08:59:00,0.01,282472339.445,3607661.6,leader_entry,81.35,3000,buy,2019-09-03,82.0,80.7,7686304.0,6285
73.0,odd,2019-09-04,2019-09-g008-2019-09-03-6285,after_hours_single_auction_proxy,14:30:00,partial_midpoint_daily_capacity,73,88.7,啟碁,13:40:00,0.01,282472339.445,3607661.6,leader_entry,81.8,346,buy,2019-09-03,81.8,81.8,7304.0,6285
496.0,odd,2019-09-06,2019-05-g006-2019-05-20-2801,after_hours_single_auction_proxy,14:30:00,,285,18.2,彰銀,13:40:00,0.01,113447453.1625,5638491.25,time63,20.3,285,sell,2019-08-19,20.3,20.3,49695.0,2801
,event,2019-09-12,2019-09-g003-2019-09-11-6213,,,slots_full,0,,聯茂,,,,,leader_entry,,0,buy,2019-09-11,,,,6213
,event,2019-09-19,2019-09-g005-2019-09-18-2801,,,slots_full,0,,彰銀,,,,,leader_entry,,0,buy,2019-09-18,,,,2801
,event,2019-10-09,2019-10-g003-2019-10-08-3026,,,slots_full,0,,禾伸堂,,,,,leader_entry,,0,buy,2019-10-08,,,,3026
,event,2019-10-16,2019-10-g008-2019-10-15-3673,,,slots_full,0,,TPK-KY,,,,,leader_entry,,0,buy,2019-10-15,,,,3673
,event,2019-10-29,2019-10-g007-2019-10-28-3653,,,slots_full,0,,健策,,,,,leader_entry,,0,buy,2019-10-28,,,,3653
,event,2019-10-31,2019-10-g002-2019-10-30-6269,,,slots_full,0,,台郡,,,,,leader_entry,,0,buy,2019-10-30,,,,6269
,event,2019-11-06,2019-11-g006-2019-11-05-3653,,,slots_full,0,,健策,,,,,leader_entry,,0,buy,2019-11-05,,,,3653
,event,2019-11-06,2019-11-g007-2019-11-05-6488,,,slots_full,0,,環球晶,,,,,leader_entry,,0,buy,2019-11-05,,,,6488
,event,2019-11-11,2019-11-g002-2019-11-08-8150,,,slots_full,0,,南茂,,,,,leader_entry,,0,buy,2019-11-08,,,,8150
16000.0,board,2019-11-13,2019-08-g005-2019-08-08-3380,daily_high_low_midpoint_proxy,13:30:00,,11000,20.65,明泰,08:59:00,0.01,74155275.3875,3146209.8,time63,23.0,11000,sell,2019-11-12,23.25,22.75,1614317.0,3380
13.0,odd,2019-11-13,2019-08-g005-2019-08-08-3380,after_hours_single_auction_proxy,14:30:00,partial_midpoint_daily_capacity,13,20.65,明泰,13:40:00,0.01,74155275.3875,3146209.8,time63,22.85,63,sell,2019-11-12,22.85,22.85,1317.0,3380
,event,2019-11-13,2019-11-g008-2019-11-12-8155,,,slots_full,0,,博智,,,,,leader_entry,,0,buy,2019-11-12,,,,8155
11.0,odd,2019-11-14,2019-08-g005-2019-08-08-3380,after_hours_single_auction_proxy,14:30:00,partial_midpoint_daily_capacity,11,20.55,明泰,13:40:00,0.01,67196628.5875,2866312.2,time63,22.85,50,sell,2019-11-12,22.85,22.85,1100.0,3380
18.0,odd,2019-11-15,2019-08-g005-2019-08-08-3380,after_hours_single_auction_proxy,14:30:00,partial_midpoint_daily_capacity,18,20.6,明泰,13:40:00,0.01,64527762.967499994,2762162.35,time63,22.65,39,sell,2019-11-12,22.65,22.65,1824.0,3380
9.0,odd,2019-11-18,2019-08-g005-2019-08-08-3380,after_hours_single_auction_proxy,14:30:00,partial_midpoint_daily_capacity,9,20.45,明泰,13:40:00,0.01,53722968.93249999,2325414.6,time63,22.85,21,sell,2019-11-12,22.85,22.85,957.0,3380
11.0,odd,2019-11-19,2019-08-g005-2019-08-08-3380,after_hours_single_auction_proxy,14:30:00,partial_midpoint_daily_capacity,11,20.7,明泰,13:40:00,0.01,50323856.1225,2186409.8,time63,22.85,12,sell,2019-11-12,22.85,22.85,1106.0,3380
6.0,odd,2019-11-20,2019-08-g005-2019-08-08-3380,after_hours_single_auction_proxy,14:30:00,,1,20.7,明泰,13:40:00,0.01,49314445.585,2146113.85,time63,22.9,1,sell,2019-11-12,22.9,22.9,600.0,3380
44000.0,board,2019-11-26,2019-08-g002-2019-08-22-2105,daily_high_low_midpoint_proxy,13:30:00,,6000,37.9,正新,08:59:00,0.01,199857626.395,4464021.45,time63,42.05,6000,sell,2019-11-25,42.25,41.85,9347034.0,2105
70.0,odd,2019-11-26,2019-08-g002-2019-08-22-2105,after_hours_single_auction_proxy,14:30:00,partial_midpoint_daily_capacity,70,37.9,正新,13:40:00,0.01,199857626.395,4464021.45,time63,42.0,110,sell,2019-11-25,42.0,42.0,7034.0,2105
61.0,odd,2019-11-27,2019-08-g002-2019-08-22-2105,after_hours_single_auction_proxy,14:30:00,,40,37.7,正新,13:40:00,0.01,210194020.10999998,4736399.05,time63,42.0,40,sell,2019-11-25,42.0,42.0,6168.0,2105
16000.0,board,2019-12-06,2019-09-g008-2019-09-03-6285,daily_high_low_midpoint_proxy,13:30:00,,3000,68.3,啟碁,08:59:00,0.01,143911820.425,1923709.7,time63,75.65,3000,sell,2019-12-05,76.1,75.2,1651203.0,6285
22.0,odd,2019-12-06,2019-09-g008-2019-09-03-6285,after_hours_single_auction_proxy,14:30:00,partial_midpoint_daily_capacity,22,68.3,啟碁,13:40:00,0.01,143911820.425,1923709.7,time63,75.6,73,sell,2019-12-05,75.6,75.6,2203.0,6285
15.0,odd,2019-12-09,2019-09-g008-2019-09-03-6285,after_hours_single_auction_proxy,14:30:00,partial_midpoint_daily_capacity,15,68.0,啟碁,13:40:00,0.01,137695708.0,1840277.8,time63,74.8,51,sell,2019-12-05,74.8,74.8,1599.0,6285
14.0,odd,2019-12-10,2019-09-g008-2019-09-03-6285,after_hours_single_auction_proxy,14:30:00,partial_midpoint_daily_capacity,14,67.3,啟碁,13:40:00,0.01,133262172.625,1778664.1,time63,75.2,36,sell,2019-12-05,75.2,75.2,1466.0,6285
15.0,odd,2019-12-11,2019-09-g008-2019-09-03-6285,after_hours_single_auction_proxy,14:30:00,partial_midpoint_daily_capacity,15,67.6,啟碁,13:40:00,0.01,133807087.415,1785156.2,time63,75.0,22,sell,2019-12-05,75.0,75.0,1535.0,6285
38.0,odd,2019-12-12,2019-09-g008-2019-09-03-6285,after_hours_single_auction_proxy,14:30:00,,7,67.4,啟碁,13:40:00,0.01,131764019.01500002,1758189.95,time63,74.9,7,sell,2019-12-05,74.9,74.9,3847.0,6285
54000.0,board,2019-12-13,2019-12-g005-2019-12-12-3653,daily_high_low_midpoint_proxy,13:30:00,,1000,222.0,健策,08:59:00,0.01,1057017012.025,5486505.65,leader_entry,205.25,1000,buy,2019-12-12,213.0,197.5,9852763.0,3653
27.0,odd,2019-12-13,2019-12-g005-2019-12-12-3653,after_hours_single_auction_proxy,14:30:00,partial_midpoint_daily_capacity,27,222.0,健策,13:40:00,0.01,1057017012.025,5486505.65,leader_entry,198.5,268,buy,2019-12-12,198.5,198.5,2763.0,3653
124000.0,board,2019-12-20,2019-12-g003-2019-12-19-2456,daily_high_low_midpoint_proxy,13:30:00,,2000,119.0,奇力新,08:59:00,0.01,1272374169.625,12491570.7,leader_entry,111.5,2000,buy,2019-12-19,114.5,108.5,23225168.0,2456
421.0,odd,2019-12-20,2019-12-g003-2019-12-19-2456,after_hours_single_auction_proxy,14:30:00,,345,119.0,奇力新,13:40:00,0.01,1272374169.625,12491570.7,leader_entry,112.5,345,buy,2019-12-19,112.5,112.5,42168.0,2456
49000.0,board,2019-12-27,2019-12-g002-2019-12-26-2383,daily_high_low_midpoint_proxy,13:30:00,,2000,149.0,台光電,08:59:00,0.01,629778163.875,4957133.8,leader_entry,136.25,2000,buy,2019-12-26,138.0,134.5,9336870.0,2383
58.0,odd,2019-12-27,2019-12-g002-2019-12-26-2383,after_hours_single_auction_proxy,14:30:00,,9,149.0,台光電,13:40:00,0.01,629778163.875,4957133.8,leader_entry,135.0,9,buy,2019-12-26,135.0,135.0,5870.0,2383
,event,2020-01-07,2020-01-g001-2020-01-06-6505,,,slots_full,0,,台塑化,,,,,leader_entry,,0,buy,2020-01-06,,,,6505
,event,2020-01-15,2020-01-g003-2020-01-14-6488,,,slots_full,0,,環球晶,,,,,leader_entry,,0,buy,2020-01-14,,,,6488
75000.0,board,2020-02-03,2019-12-g002-2019-12-26-2383,daily_high_low_midpoint_proxy,13:30:00,,2000,104.0,台光電,08:59:00,0.01,998825575.85,7579482.1,loss12,109.75,2000,sell,2020-01-31,114.0,105.5,11557952.0,2383
19.0,odd,2020-02-03,2019-12-g002-2019-12-26-2383,after_hours_single_auction_proxy,14:30:00,,9,104.0,台光電,13:40:00,0.01,998825575.85,7579482.1,loss12,114.5,9,sell,2020-01-31,114.5,114.5,1952.0,2383
87000.0,board,2020-03-04,2020-03-g005-2020-03-03-3450,daily_high_low_midpoint_proxy,13:30:00,,3000,85.2,聯鈞,08:59:00,0.01,701108011.295,9695604.05,leader_entry,76.85,3000,buy,2020-03-03,78.1,75.6,8748557.0,3450
65.0,odd,2020-03-04,2020-03-g005-2020-03-03-3450,after_hours_single_auction_proxy,14:30:00,partial_midpoint_daily_capacity,65,85.2,聯鈞,13:40:00,0.01,701108011.295,9695604.05,leader_entry,78.0,89,buy,2020-03-03,78.0,78.0,6557.0,3450
40000.0,board,2020-03-13,2019-12-g005-2019-12-12-3653,daily_high_low_midpoint_proxy,13:30:00,,1000,154.0,健策,08:59:00,0.01,876945856.225,4090458.9,loss12,158.75,1000,sell,2020-03-12,163.5,154.0,7693896.0,3653
8.0,odd,2020-03-13,2019-12-g005-2019-12-12-3653,after_hours_single_auction_proxy,14:30:00,partial_midpoint_daily_capacity,8,154.0,健策,13:40:00,0.01,876945856.225,4090458.9,loss12,163.5,27,sell,2020-03-12,163.5,163.5,896.0,3653
105000.0,board,2020-03-13,2019-12-g003-2019-12-19-2456,daily_high_low_midpoint_proxy,13:30:00,,2000,82.0,奇力新,08:59:00,0.01,1214400312.49,10551310.3,loss12,86.5,2000,sell,2020-03-12,91.0,82.0,12263754.0,2456
207.0,odd,2020-03-13,2019-12-g003-2019-12-19-2456,after_hours_single_auction_proxy,14:30:00,partial_midpoint_daily_capacity,207,82.0,奇力新,13:40:00,0.01,1214400312.49,10551310.3,loss12,91.0,345,sell,2020-03-12,91.0,91.0,20754.0,2456
98000.0,board,2020-03-13,2020-03-g005-2020-03-03-3450,daily_high_low_midpoint_proxy,13:30:00,,3000,58.6,聯鈞,08:59:00,0.01,850992426.8549999,11530216.85,loss12,61.2,3000,sell,2020-03-12,63.8,58.6,9831194.0,3450
41.0,odd,2020-03-13,2020-03-g005-2020-03-03-3450,after_hours_single_auction_proxy,14:30:00,partial_midpoint_daily_capacity,41,58.6,聯鈞,13:40:00,0.01,850992426.8549999,11530216.85,loss12,62.6,65,sell,2020-03-12,62.6,62.6,4194.0,3450
14.0,odd,2020-03-16,2019-12-g005-2019-12-12-3653,after_hours_single_auction_proxy,14:30:00,partial_midpoint_daily_capacity,14,144.5,健策,13:40:00,0.01,840093642.025,4047406.5,loss12,150.0,19,sell,2020-03-12,150.0,150.0,1429.0,3653
71.0,odd,2020-03-16,2019-12-g003-2019-12-19-2456,after_hours_single_auction_proxy,14:30:00,partial_midpoint_daily_capacity,71,81.9,奇力新,13:40:00,0.01,1175947039.8400002,10433851.85,loss12,83.0,138,sell,2020-03-12,83.0,83.0,7145.0,2456
43.0,odd,2020-03-16,2020-03-g005-2020-03-03-3450,after_hours_single_auction_proxy,14:30:00,,24,56.3,聯鈞,13:40:00,0.01,823858808.1049999,11170951.55,loss12,59.1,24,sell,2020-03-12,59.1,59.1,4317.0,3450
13.0,odd,2020-03-17,2019-12-g005-2019-12-12-3653,after_hours_single_auction_proxy,14:30:00,,5,135.0,健策,13:40:00,0.01,840748408.8,4144711.15,loss12,142.5,5,sell,2020-03-12,142.5,142.5,1305.0,3653
110.0,odd,2020-03-17,2019-12-g003-2019-12-19-2456,after_hours_single_auction_proxy,14:30:00,,67,74.3,奇力新,13:40:00,0.01,1148722644.315,10436612.0,loss12,79.2,67,sell,2020-03-12,79.2,79.2,11084.0,2456
21.0,odd,2020-06-04,2020-06-g003-2020-06-03-6504,after_hours_single_auction_proxy,14:30:00,partial_midpoint_daily_capacity,21,309.0,南六,13:40:00,0.01,1275638815.225,5258021.5,leader_entry,283.5,674,buy,2020-06-03,283.5,283.5,2187.0,6504
20000.0,board,2020-06-05,2020-06-g004-2020-06-04-9914,daily_high_low_midpoint_proxy,13:30:00,,1000,207.5,美利達,08:59:00,0.01,350697370.925,2045883.2,leader_entry,192.0,1000,buy,2020-06-04,200.0,184.0,4307895.0,9914
48.0,odd,2020-06-05,2020-06-g004-2020-06-04-9914,after_hours_single_auction_proxy,14:30:00,,4,207.5,美利達,13:40:00,0.01,350697370.925,2045883.2,leader_entry,188.5,4,buy,2020-06-04,188.5,188.5,4895.0,9914
65000.0,board,2020-06-08,2020-06-g006-2020-06-05-4167,daily_high_low_midpoint_proxy,13:30:00,,6000,32.15,松瑞藥,08:59:00,0.01,179605349.6,6562551.75,leader_entry,32.075,6000,buy,2020-06-05,32.15,32.0,14148324.0,4167
0.0,odd,2020-06-08,2020-06-g006-2020-06-05-4167,after_hours_single_auction_proxy,14:30:00,midpoint_limit_not_crossed,0,32.15,松瑞藥,13:40:00,0.01,179605349.6,6562551.75,leader_entry,32.15,435,buy,2020-06-05,32.15,32.15,10324.0,4167
,event,2020-06-08,2020-06-g012-2020-06-05-2610,,,slots_full,0,,華航,,,,,leader_entry,,0,buy,2020-06-05,,,,2610
,event,2020-06-08,2020-06-g002-2020-06-05-2542,,,slots_full,0,,興富發,,,,,leader_entry,,0,buy,2020-06-05,,,,2542
,event,2020-06-10,2020-06-g005-2020-06-09-4551,,,slots_full,0,,智伸科,,,,,leader_entry,,0,buy,2020-06-09,,,,4551
,event,2020-07-03,2020-07-g006-2020-07-02-4162,,,slots_full,0,,智擎,,,,,leader_entry,,0,buy,2020-07-02,,,,4162
,event,2020-07-03,2020-07-g012-2020-07-02-9945,,,slots_full,0,,潤泰新,,,,,leader_entry,,0,buy,2020-07-02,,,,9945
,event,2020-07-06,2020-07-g011-2020-07-03-3038,,,slots_full,0,,全台,,,,,leader_entry,,0,buy,2020-07-03,,,,3038
,event,2020-07-07,2020-07-g003-2020-07-06-1722,,,slots_full,0,,台肥,,,,,leader_entry,,0,buy,2020-07-06,,,,1722
,event,2020-07-08,2020-07-g008-2020-07-07-4968,,,slots_full,0,,立積,,,,,leader_entry,,0,buy,2020-07-07,,,,4968
,event,2020-07-08,2020-07-g004-2020-07-07-9914,,,overlapping_member,0,,美利達,,,,,leader_entry,,0,buy,2020-07-07,,,,9914
,event,2020-07-08,2020-07-g016-2020-07-07-5388,,,slots_full,0,,中磊,,,,,leader_entry,,0,buy,2020-07-07,,,,5388
,event,2020-07-09,2020-07-g007-2020-07-08-3653,,,slots_full,0,,健策,,,,,leader_entry,,0,buy,2020-07-08,,,,3653
,event,2020-07-09,2020-07-g010-2020-07-08-8081,,,slots_full,0,,致新,,,,,leader_entry,,0,buy,2020-07-08,,,,8081
,event,2020-07-10,2020-07-g002-2020-07-09-5471,,,slots_full,0,,松翰,,,,,leader_entry,,0,buy,2020-07-09,,,,5471
,event,2020-07-13,2020-07-g005-2020-07-10-4157,,,slots_full,0,,太景*-KY,,,,,leader_entry,,0,buy,2020-07-10,,,,4157
11.0,odd,2020-07-20,2020-06-g003-2020-06-03-6504,after_hours_single_auction_proxy,14:30:00,partial_midpoint_daily_capacity,11,220.5,南六,13:40:00,0.01,589893175.275,2247761.65,loss12,250.0,21,sell,2020-07-17,250.0,250.0,1165.0,6504
1.0,odd,2020-07-21,2020-06-g003-2020-06-03-6504,after_hours_single_auction_proxy,14:30:00,partial_midpoint_daily_capacity,1,225.0,南六,13:40:00,0.01,586820700.275,2248903.4,loss12,252.5,10,sell,2020-07-17,252.5,252.5,142.0,6504
6.0,odd,2020-07-22,2020-06-g003-2020-06-03-6504,after_hours_single_auction_proxy,14:30:00,partial_midpoint_daily_capacity,6,225.5,南六,13:40:00,0.01,576079856.125,2214806.95,loss12,257.0,9,sell,2020-07-17,257.0,257.0,660.0,6504
10.0,odd,2020-07-23,2020-06-g003-2020-06-03-6504,after_hours_single_auction_proxy,14:30:00,,3,224.0,南六,13:40:00,0.01,580222792.725,2236259.6,loss12,250.0,3,sell,2020-07-17,250.0,250.0,1000.0,6504
15000.0,board,2020-08-06,2020-08-g015-2020-08-05-5434,daily_high_low_midpoint_proxy,13:30:00,,1000,136.0,崇越,08:59:00,0.01,185055762.3,1585761.65,leader_entry,127.75,1000,buy,2020-08-05,130.0,125.5,3354919.0,5434
69.0,odd,2020-08-06,2020-08-g015-2020-08-05-5434,after_hours_single_auction_proxy,14:30:00,partial_midpoint_daily_capacity,69,136.0,崇越,13:40:00,0.01,185055762.3,1585761.65,leader_entry,127.0,761,buy,2020-08-05,127.0,127.0,6919.0,5434
,event,2020-08-11,2020-08-g004-2020-08-10-1589,,,slots_full,0,,永冠-KY,,,,,leader_entry,,0,buy,2020-08-10,,,,1589
,event,2020-08-13,2020-08-g010-2020-08-12-2387,,,slots_full,0,,精元,,,,,leader_entry,,0,buy,2020-08-12,,,,2387
,event,2020-08-17,2020-08-g013-2020-08-14-2456,,,slots_full,0,,奇力新,,,,,leader_entry,,0,buy,2020-08-14,,,,2456
,event,2020-08-20,2020-08-g008-2020-08-19-3016,,,slots_full,0,,嘉晶,,,,,leader_entry,,0,buy,2020-08-19,,,,3016
,event,2020-08-25,2020-08-g003-2020-08-24-6591,,,slots_full,0,,動力-KY,,,,,leader_entry,,0,buy,2020-08-24,,,,6591
,event,2020-08-25,2020-08-g011-2020-08-24-6438,,,slots_full,0,,迅得,,,,,leader_entry,,0,buy,2020-08-24,,,,6438
,event,2020-08-27,2020-08-g016-2020-08-26-5474,,,slots_full,0,,聰泰,,,,,leader_entry,,0,buy,2020-08-26,,,,5474
,event,2020-09-01,2020-08-g009-2020-08-31-6679,,,slots_full,0,,鈺太,,,,,leader_entry,,0,buy,2020-08-31,,,,6679
,event,2020-09-03,2020-09-g015-2020-09-02-2609,,,slots_full,0,,陽明,,,,,leader_entry,,0,buy,2020-09-02,,,,2609
18000.0,board,2020-09-04,2020-06-g004-2020-06-04-9914,daily_high_low_midpoint_proxy,13:30:00,,1000,220.5,美利達,08:59:00,0.01,591809010.25,2344920.9,time63,239.5,1000,sell,2020-09-03,242.0,237.0,1820317.0,9914
3.0,odd,2020-09-04,2020-06-g004-2020-06-04-9914,after_hours_single_auction_proxy,14:30:00,partial_midpoint_daily_capacity,3,220.5,美利達,13:40:00,0.01,591809010.25,2344920.9,time63,244.0,4,sell,2020-09-03,244.0,244.0,317.0,9914
,event,2020-09-04,2020-09-g007-2020-09-03-1714,,,slots_full,0,,和桐,,,,,leader_entry,,0,buy,2020-09-03,,,,1714
,event,2020-09-04,2020-09-g008-2020-09-03-2421,,,slots_full,0,,建準,,,,,leader_entry,,0,buy,2020-09-03,,,,2421
29.0,odd,2020-09-07,2020-06-g004-2020-06-04-9914,after_hours_single_auction_proxy,14:30:00,,1,215.0,美利達,13:40:00,0.01,592819687.625,2359140.45,time63,229.0,1,sell,2020-09-03,229.0,229.0,2912.0,9914
38000.0,board,2020-09-07,2020-06-g006-2020-06-05-4167,daily_high_low_midpoint_proxy,13:30:00,,6000,30.5,松瑞藥,08:59:00,0.01,129179009.15,3861243.75,time63,34.525000000000006,6000,sell,2020-09-04,35.2,33.85,5040260.0,4167
3.0,odd,2020-09-08,2020-09-g005-2020-09-07-6679,after_hours_single_auction_proxy,14:30:00,partial_midpoint_daily_capacity,3,260.5,鈺太,13:40:00,0.01,464233578.575,2171798.95,leader_entry,227.5,859,buy,2020-09-07,227.5,227.5,379.0,6679
168000.0,board,2020-09-09,2020-09-g001-2020-09-08-1309,daily_high_low_midpoint_proxy,13:30:00,,7000,31.45,台達化,08:59:00,0.01,376668776.3875,16834579.35,leader_entry,29.725,7000,buy,2020-09-08,31.45,28.0,58868197.0,1309
421.0,odd,2020-09-09,2020-09-g001-2020-09-08-1309,after_hours_single_auction_proxy,14:30:00,,104,31.45,台達化,13:40:00,0.01,376668776.3875,16834579.35,leader_entry,30.1,104,buy,2020-09-08,30.1,30.1,42197.0,1309
,event,2020-09-09,2020-09-g009-2020-09-08-2108,,,slots_full,0,,南帝,,,,,leader_entry,,0,buy,2020-09-08,,,,2108
,event,2020-09-23,2020-09-g019-2020-09-22-6104,,,slots_full,0,,創惟,,,,,leader_entry,,0,buy,2020-09-22,,,,6104
,event,2020-09-24,2020-09-g012-2020-09-23-3017,,,slots_full,0,,奇鋐,,,,,leader_entry,,0,buy,2020-09-23,,,,3017
91000.0,board,2020-09-28,2020-09-g001-2020-09-08-1309,daily_high_low_midpoint_proxy,13:30:00,,7000,23.8,台達化,08:59:00,0.01,669789254.0575,23217130.1,loss12,27.2,7000,sell,2020-09-25,27.9,26.5,9133600.0,1309
96.0,odd,2020-09-28,2020-09-g001-2020-09-08-1309,after_hours_single_auction_proxy,14:30:00,partial_midpoint_daily_capacity,96,23.8,台達化,13:40:00,0.01,669789254.0575,23217130.1,loss12,27.5,104,sell,2020-09-25,27.5,27.5,9600.0,1309
80.0,odd,2020-09-29,2020-09-g001-2020-09-08-1309,after_hours_single_auction_proxy,14:30:00,,8,24.75,台達化,13:40:00,0.01,670136228.9375,23128643.8,loss12,26.45,8,sell,2020-09-25,26.45,26.45,8083.0,1309
479000.0,board,2020-10-05,2020-09-g010-2020-09-30-2344,daily_high_low_midpoint_proxy,13:30:00,,14000,15.3,華邦電,08:59:00,0.01,641164105.6650001,47925810.25,leader_entry,14.149999999999999,14000,buy,2020-09-30,14.45,13.85,118912441.0,2344
84.0,odd,2020-10-05,2020-09-g010-2020-09-30-2344,after_hours_single_auction_proxy,14:30:00,partial_midpoint_daily_capacity,84,15.3,華邦電,13:40:00,0.01,641164105.6650001,47925810.25,leader_entry,13.95,125,buy,2020-09-30,13.95,13.95,8441.0,2344
,event,2020-10-08,2020-10-g012-2020-10-07-4976,,,slots_full,0,,佳凌,,,,,leader_entry,,0,buy,2020-10-07,,,,4976
,event,2020-10-08,2020-10-g008-2020-10-07-2615,,,slots_full,0,,萬海,,,,,leader_entry,,0,buy,2020-10-07,,,,2615
,event,2020-10-08,2020-10-g002-2020-10-07-3703,,,slots_full,0,,欣陸,,,,,leader_entry,,0,buy,2020-10-07,,,,3703
,event,2020-10-14,2020-10-g006-2020-10-13-2344,,,overlapping_member,0,,華邦電,,,,,leader_entry,,0,buy,2020-10-13,,,,2344
,event,2020-10-15,2020-10-g011-2020-10-14-3596,,,slots_full,0,,智易,,,,,leader_entry,,0,buy,2020-10-14,,,,3596
,event,2020-11-03,2020-11-g006-2020-11-02-2615,,,slots_full,0,,萬海,,,,,leader_entry,,0,buy,2020-11-02,,,,2615
,event,2020-11-05,2020-11-g013-2020-11-04-3374,,,slots_full,0,,精材,,,,,leader_entry,,0,buy,2020-11-04,,,,3374
5000.0,board,2020-11-06,2020-08-g015-2020-08-05-5434,daily_high_low_midpoint_proxy,13:30:00,,1000,107.0,崇越,08:59:00,0.01,77985024.325,674522.2,time63,119.5,1000,sell,2020-11-05,120.0,119.0,532697.0,5434
25.0,odd,2020-11-06,2020-08-g015-2020-08-05-5434,daily_high_low_midpoint_proxy,13:30:00,partial_midpoint_daily_capacity,25,107.0,崇越,09:00:00,0.01,77985024.325,674522.2,time63,118.25,69,sell,2020-11-05,119.5,117.0,2517.0,5434
,event,2020-11-06,2020-11-g010-2020-11-05-3691,,,slots_full,0,,碩禾,,,,,leader_entry,,0,buy,2020-11-05,,,,3691
53.0,odd,2020-11-09,2020-08-g015-2020-08-05-5434,daily_high_low_midpoint_proxy,13:30:00,,44,107.5,崇越,09:00:00,0.01,79138310.975,683624.35,time63,121.0,44,sell,2020-11-05,122.0,120.0,5351.0,5434
40.0,odd,2020-11-09,2020-11-g003-2020-11-06-1476,daily_high_low_midpoint_proxy,13:30:00,partial_midpoint_daily_capacity,40,451.0,儒鴻,09:00:00,0.01,536987386.1,1392767.35,leader_entry,408.0,511,buy,2020-11-06,410.0,406.0,4081.0,1476
,event,2020-11-09,2020-11-g001-2020-11-06-1304,,,slots_full,0,,台聚,,,,,leader_entry,,0,buy,2020-11-06,,,,1304
,event,2020-11-10,2020-11-g007-2020-11-09-2231,,,slots_full,0,,為升,,,,,leader_entry,,0,buy,2020-11-09,,,,2231
,event,2020-11-12,2020-11-g011-2020-11-11-6510,,,slots_full,0,,精測,,,,,leader_entry,,0,buy,2020-11-11,,,,6510
,event,2020-11-13,2020-11-g008-2020-11-12-6153,,,slots_full,0,,嘉聯益,,,,,leader_entry,,0,buy,2020-11-12,,,,6153
10.0,odd,2020-11-18,2020-09-g005-2020-09-07-6679,daily_high_low_midpoint_proxy,13:30:00,,3,180.0,鈺太,09:00:00,0.01,245118753.525,1136881.3,loss12,203.25,3,sell,2020-11-17,205.0,201.5,1051.0,6679
,event,2020-11-18,2020-11-g015-2020-11-17-4976,,,resource_slots_locked,0,,佳凌,,,,,leader_entry,,4272,buy,2020-11-17,,,,4976
,event,2020-11-18,2020-11-g009-2020-11-17-2408,,,resource_slots_locked,0,,南亞科,,,,,leader_entry,,3450,buy,2020-11-17,,,,2408
59000.0,board,2020-11-19,2020-11-g005-2020-11-18-2105,daily_high_low_midpoint_proxy,13:30:00,,5000,45.15,正新,08:59:00,0.01,229727311.34499997,5917203.6,leader_entry,41.5,5000,buy,2020-11-18,41.95,41.05,9079027.0,2105
86.0,odd,2020-11-19,2020-11-g005-2020-11-18-2105,daily_high_low_midpoint_proxy,13:30:00,partial_midpoint_daily_capacity,86,45.15,正新,09:00:00,0.01,229727311.34499997,5917203.6,leader_entry,41.425,150,buy,2020-11-18,41.75,41.1,8656.0,2105
,event,2020-11-23,2020-11-g012-2020-11-20-2456,,,slots_full,0,,奇力新,,,,,leader_entry,,0,buy,2020-11-20,,,,2456
,event,2020-11-27,2020-11-g002-2020-11-26-6547,,,slots_full,0,,高端疫苗,,,,,leader_entry,,0,buy,2020-11-26,,,,6547
,event,2020-12-03,2020-12-g006-2020-12-02-2231,,,slots_full,0,,為升,,,,,leader_entry,,0,buy,2020-12-02,,,,2231
,event,2020-12-03,2020-12-g015-2020-12-02-4977,,,slots_full,0,,眾達-KY,,,,,leader_entry,,0,buy,2020-12-02,,,,4977
,event,2020-12-04,2020-12-g014-2020-12-03-3413,,,slots_full,0,,京鼎,,,,,leader_entry,,0,buy,2020-12-03,,,,3413
,event,2020-12-07,2020-12-g011-2020-12-04-4919,,,slots_full,0,,新唐,,,,,leader_entry,,0,buy,2020-12-04,,,,4919
,event,2020-12-07,2020-12-g001-2020-12-04-1605,,,slots_full,0,,華新,,,,,leader_entry,,0,buy,2020-12-04,,,,1605
,event,2020-12-08,2020-12-g017-2020-12-07-6451,,,slots_full,0,,訊芯-KY,,,,,leader_entry,,0,buy,2020-12-07,,,,6451
,event,2020-12-08,2020-12-g009-2020-12-07-2342,,,slots_full,0,,茂矽,,,,,leader_entry,,0,buy,2020-12-07,,,,2342
,event,2020-12-08,2020-12-g005-2020-12-07-2328,,,slots_full,0,,廣宇,,,,,leader_entry,,0,buy,2020-12-07,,,,2328
,event,2020-12-08,2020-12-g012-2020-12-07-2492,,,slots_full,0,,華新科,,,,,leader_entry,,0,buy,2020-12-07,,,,2492
,event,2020-12-10,2020-12-g007-2020-12-09-2498,,,slots_full,0,,宏達電,,,,,leader_entry,,0,buy,2020-12-09,,,,2498
,event,2020-12-11,2020-12-g016-2020-12-10-3529,,,slots_full,0,,力旺,,,,,leader_entry,,0,buy,2020-12-10,,,,3529
,event,2020-12-15,2020-12-g004-2020-12-14-3481,,,slots_full,0,,群創,,,,,leader_entry,,0,buy,2020-12-14,,,,3481
,event,2020-12-21,2020-12-g003-2020-12-18-4123,,,slots_full,0,,晟德,,,,,leader_entry,,0,buy,2020-12-18,,,,4123
2366000.0,board,2021-01-04,2020-09-g010-2020-09-30-2344,daily_high_low_midpoint_proxy,13:30:00,,14000,26.15,華邦電,08:59:00,0.01,6457974085.995,244377017.45,time63,28.7,14000,sell,2020-12-31,29.65,27.75,236685658.0,2344
1479.0,odd,2021-01-04,2020-09-g010-2020-09-30-2344,daily_high_low_midpoint_proxy,13:30:00,,84,26.15,華邦電,09:00:00,0.01,6457974085.995,244377017.45,time63,28.475,84,sell,2020-12-31,29.05,27.9,147988.0,2344
130000.0,board,2021-01-05,2021-01-g009-2021-01-04-5243,daily_high_low_midpoint_proxy,13:30:00,,3000,76.5,乙盛-KY,08:59:00,0.01,748454238.0525,13091265.7,leader_entry,72.55,3000,buy,2021-01-04,75.5,69.6,47012709.0,5243
231.0,odd,2021-01-05,2021-01-g009-2021-01-04-5243,daily_high_low_midpoint_proxy,13:30:00,partial_midpoint_daily_capacity,231,76.5,乙盛-KY,09:00:00,0.01,748454238.0525,13091265.7,leader_entry,73.5,772,buy,2021-01-04,76.5,70.5,23150.0,5243
,event,2021-01-05,2021-01-g019-2021-01-04-3317,,,slots_full,0,,尼克森,,,,,leader_entry,,0,buy,2021-01-04,,,,3317
,event,2021-01-05,2021-01-g006-2021-01-04-6279,,,slots_full,0,,胡連,,,,,leader_entry,,0,buy,2021-01-04,,,,6279
,event,2021-01-06,2021-01-g014-2021-01-05-2428,,,slots_full,0,,興勤,,,,,leader_entry,,0,buy,2021-01-05,,,,2428
,event,2021-01-06,2021-01-g008-2021-01-05-8016,,,slots_full,0,,矽創,,,,,leader_entry,,0,buy,2021-01-05,,,,8016
,event,2021-01-06,2021-01-g013-2021-01-05-8215,,,slots_full,0,,明基材,,,,,leader_entry,,0,buy,2021-01-05,,,,8215
,event,2021-01-06,2021-01-g003-2021-01-05-1536,,,slots_full,0,,和大,,,,,leader_entry,,0,buy,2021-01-05,,,,1536
,event,2021-01-08,2021-01-g001-2021-01-07-1305,,,slots_full,0,,華夏,,,,,leader_entry,,0,buy,2021-01-07,,,,1305
,event,2021-01-11,2021-01-g004-2021-01-08-4976,,,slots_full,0,,佳凌,,,,,leader_entry,,0,buy,2021-01-08,,,,4976
,event,2021-01-11,2021-01-g015-2021-01-08-6284,,,slots_full,0,,佳邦,,,,,leader_entry,,0,buy,2021-01-08,,,,6284
,event,2021-01-11,2021-01-g018-2021-01-08-6531,,,slots_full,0,,愛普*,,,,,leader_entry,,0,buy,2021-01-08,,,,6531
,event,2021-01-11,2021-01-g010-2021-01-08-2327,,,slots_full,0,,國巨*,,,,,leader_entry,,0,buy,2021-01-08,,,,2327
,event,2021-01-12,2021-01-g020-2021-01-11-3691,,,slots_full,0,,碩禾,,,,,leader_entry,,0,buy,2021-01-11,,,,3691
,event,2021-01-15,2021-01-g011-2021-01-14-3707,,,slots_full,0,,漢磊,,,,,leader_entry,,0,buy,2021-01-14,,,,3707
,event,2021-01-25,2021-01-g017-2021-01-22-3413,,,slots_full,0,,京鼎,,,,,leader_entry,,0,buy,2021-01-22,,,,3413
,event,2021-02-03,2021-02-g002-2021-02-02-6547,,,slots_full,0,,高端疫苗,,,,,leader_entry,,0,buy,2021-02-02,,,,6547
,event,2021-02-04,2021-02-g017-2021-02-03-3264,,,slots_full,0,,欣銓,,,,,leader_entry,,0,buy,2021-02-03,,,,3264
22.0,odd,2021-02-05,2020-11-g003-2020-11-06-1476,daily_high_low_midpoint_proxy,13:30:00,partial_midpoint_daily_capacity,22,374.5,儒鴻,09:00:00,0.01,474186118.3,1146097.8,time63,414.5,40,sell,2021-02-04,416.0,413.0,2262.0,1476
79.0,odd,2021-02-17,2020-11-g003-2020-11-06-1476,daily_high_low_midpoint_proxy,13:30:00,,18,372.5,儒鴻,09:00:00,0.01,438699039.225,1066089.35,time63,417.25,18,sell,2021-02-04,421.0,413.5,7997.0,1476
41000.0,board,2021-02-17,2021-02-g004-2021-02-05-3483,daily_high_low_midpoint_proxy,13:30:00,,2000,94.7,力致,08:59:00,0.01,330772525.9,4122118.75,leader_entry,92.45,2000,buy,2021-02-05,94.7,90.2,4725508.0,3483
464.0,odd,2021-02-17,2021-02-g004-2021-02-05-3483,daily_high_low_midpoint_proxy,13:30:00,partial_midpoint_daily_capacity,464,94.7,力致,09:00:00,0.01,330772525.9,4122118.75,leader_entry,92.6,859,buy,2021-02-05,94.7,90.5,46433.0,3483
,event,2021-02-23,2021-02-g010-2021-02-22-3059,,,slots_full,0,,華晶科,,,,,leader_entry,,0,buy,2021-02-22,,,,3059
49000.0,board,2021-02-26,2020-11-g005-2020-11-18-2105,daily_high_low_midpoint_proxy,13:30:00,,5000,40.05,正新,08:59:00,0.01,210496954.2575,4958367.7,time63,43.325,5000,sell,2021-02-25,44.05,42.6,11998883.0,2105
108.0,odd,2021-02-26,2020-11-g005-2020-11-18-2105,daily_high_low_midpoint_proxy,13:30:00,,86,40.05,正新,09:00:00,0.01,210496954.2575,4958367.7,time63,43.575,86,sell,2021-02-25,44.3,42.85,10807.0,2105
,event,2021-02-26,2021-02-g018-2021-02-25-3680,,,resource_slots_locked,0,,家登,,,,,leader_entry,,478,buy,2021-02-25,,,,3680
23000.0,board,2021-03-03,2021-03-g010-2021-03-02-8016,daily_high_low_midpoint_proxy,13:30:00,,1000,233.5,矽創,08:59:00,0.01,435202213.85,2382379.6,leader_entry,203.75,1000,buy,2021-03-02,211.5,196.0,9257291.0,8016
105.0,odd,2021-03-03,2021-03-g010-2021-03-02-8016,daily_high_low_midpoint_proxy,13:30:00,partial_midpoint_daily_capacity,105,233.5,矽創,09:00:00,0.01,435202213.85,2382379.6,leader_entry,206.25,224,buy,2021-03-02,215.0,197.5,10554.0,8016
,event,2021-03-03,2021-03-g008-2021-03-02-3152,,,slots_full,0,,璟德,,,,,leader_entry,,0,buy,2021-03-02,,,,3152
,event,2021-03-04,2021-03-g004-2021-03-03-1909,,,slots_full,0,,榮成,,,,,leader_entry,,0,buy,2021-03-03,,,,1909
,event,2021-03-05,2021-03-g005-2021-03-04-2014,,,slots_full,0,,中鴻,,,,,leader_entry,,0,buy,2021-03-04,,,,2014
,event,2021-03-05,2021-03-g002-2021-03-04-2027,,,slots_full,0,,大成鋼,,,,,leader_entry,,0,buy,2021-03-04,,,,2027
,event,2021-03-10,2021-03-g006-2021-03-09-3673,,,slots_full,0,,TPK-KY,,,,,leader_entry,,0,buy,2021-03-09,,,,3673
,event,2021-03-10,2021-03-g015-2021-03-09-4760,,,slots_full,0,,勤凱科技,,,,,leader_entry,,0,buy,2021-03-09,,,,4760
,event,2021-03-12,2021-03-g016-2021-03-11-3483,,,overlapping_member,0,,力致,,,,,leader_entry,,0,buy,2021-03-11,,,,3483
,event,2021-03-12,2021-03-g014-2021-03-11-2727,,,slots_full,0,,王品,,,,,leader_entry,,0,buy,2021-03-11,,,,2727
,event,2021-03-15,2021-03-g007-2021-03-12-3026,,,slots_full,0,,禾伸堂,,,,,leader_entry,,0,buy,2021-03-12,,,,3026
,event,2021-03-26,2021-03-g001-2021-03-25-1312,,,slots_full,0,,國喬,,,,,leader_entry,,0,buy,2021-03-25,,,,1312
,event,2021-03-31,2021-03-g011-2021-03-30-6547,,,slots_full,0,,高端疫苗,,,,,leader_entry,,0,buy,2021-03-30,,,,6547
,event,2021-04-01,2021-03-g018-2021-03-31-4919,,,slots_full,0,,新唐,,,,,leader_entry,,0,buy,2021-03-31,,,,4919
,event,2021-04-06,2021-04-g005-2021-04-01-2324,,,slots_full,0,,仁寶,,,,,leader_entry,,0,buy,2021-04-01,,,,2324
,event,2021-04-09,2021-04-g009-2021-04-08-5469,,,slots_full,0,,瀚宇博,,,,,leader_entry,,0,buy,2021-04-08,,,,5469
,event,2021-04-12,2021-04-g010-2021-04-09-2455,,,slots_full,0,,全新,,,,,leader_entry,,0,buy,2021-04-09,,,,2455
,event,2021-04-12,2021-04-g012-2021-04-09-3630,,,slots_full,0,,新鉅科,,,,,leader_entry,,0,buy,2021-04-09,,,,3630
31000.0,board,2021-04-16,2021-01-g009-2021-01-04-5243,daily_high_low_midpoint_proxy,13:30:00,,3000,66.0,乙盛-KY,08:59:00,0.01,1408356338.0749998,18547157.8,time63,73.45,3000,sell,2021-04-15,74.7,72.2,3125742.0,5243
50.0,odd,2021-04-16,2021-01-g009-2021-01-04-5243,daily_high_low_midpoint_proxy,13:30:00,partial_midpoint_daily_capacity,50,66.0,乙盛-KY,09:00:00,0.01,1408356338.0749998,18547157.8,time63,73.6,231,sell,2021-04-15,74.4,72.8,5042.0,5243
,event,2021-04-16,2021-04-g011-2021-04-15-3014,,,slots_full,0,,聯陽,,,,,leader_entry,,0,buy,2021-04-15,,,,3014
60.0,odd,2021-04-19,2021-01-g009-2021-01-04-5243,daily_high_low_midpoint_proxy,13:30:00,partial_midpoint_daily_capacity,60,65.4,乙盛-KY,09:00:00,0.01,1241954384.84,16203467.45,time63,71.95,181,sell,2021-04-15,72.2,71.7,6040.0,5243
39.0,odd,2021-04-20,2021-01-g009-2021-01-04-5243,daily_high_low_midpoint_proxy,13:30:00,partial_midpoint_daily_capacity,39,64.3,乙盛-KY,09:00:00,0.01,1175419172.9599998,15270133.85,time63,72.1,121,sell,2021-04-15,73.4,70.8,3922.0,5243
57.0,odd,2021-04-21,2021-01-g009-2021-01-04-5243,daily_high_low_midpoint_proxy,13:30:00,partial_midpoint_daily_capacity,57,65.6,乙盛-KY,09:00:00,0.01,1157969390.925,15019059.55,time63,71.85,82,sell,2021-04-15,72.2,71.5,5724.0,5243
119.0,odd,2021-04-22,2021-01-g009-2021-01-04-5243,daily_high_low_midpoint_proxy,13:30:00,,25,64.1,乙盛-KY,09:00:00,0.01,1113681803.545,14426502.1,time63,69.95,25,sell,2021-04-15,71.5,68.4,11921.0,5243
192000.0,board,2021-04-26,2021-04-g007-2021-04-23-3260,daily_high_low_midpoint_proxy,13:30:00,,3000,113.5,威剛,08:59:00,0.01,1771948177.08,19280203.2,leader_entry,109.75,3000,buy,2021-04-23,113.5,106.0,62848079.0,3260
1223.0,odd,2021-04-26,2021-04-g007-2021-04-23-3260,daily_high_low_midpoint_proxy,13:30:00,,44,113.5,威剛,09:00:00,0.01,1771948177.08,19280203.2,leader_entry,111.0,44,buy,2021-04-23,113.5,108.5,122341.0,3260
,event,2021-04-27,2021-04-g001-2021-04-26-2009,,,slots_full,0,,第一銅,,,,,leader_entry,,0,buy,2021-04-26,,,,2009
,event,2021-04-29,2021-04-g008-2021-04-28-6116,,,slots_full,0,,彩晶,,,,,leader_entry,,0,buy,2021-04-28,,,,6116
,event,2021-05-04,2021-05-g001-2021-05-03-2881,,,slots_full,0,,富邦金,,,,,leader_entry,,0,buy,2021-05-03,,,,2881
,event,2021-05-06,2021-05-g003-2021-05-05-2617,,,slots_full,0,,台航,,,,,leader_entry,,0,buy,2021-05-05,,,,2617
,event,2021-05-07,2021-05-g002-2021-05-06-2009,,,slots_full,0,,第一銅,,,,,leader_entry,,0,buy,2021-05-06,,,,2009
369000.0,board,2021-05-12,2021-04-g007-2021-04-23-3260,daily_high_low_midpoint_proxy,13:30:00,,3000,86.4,威剛,08:59:00,0.01,4373148298.615,41254419.05,loss12,90.7,3000,sell,2021-05-11,95.0,86.4,36962867.0,3260
674.0,odd,2021-05-12,2021-04-g007-2021-04-23-3260,daily_high_low_midpoint_proxy,13:30:00,,44,86.4,威剛,09:00:00,0.01,4373148298.615,41254419.05,loss12,90.6,44,sell,2021-05-11,94.8,86.4,67458.0,3260
45000.0,board,2021-05-13,2021-02-g004-2021-02-05-3483,daily_high_low_midpoint_proxy,13:30:00,,2000,71.5,力致,08:59:00,0.01,528973433.39000005,4582174.3,loss12,77.25,2000,sell,2021-05-12,83.0,71.5,4717657.0,3483
70.0,odd,2021-05-13,2021-02-g004-2021-02-05-3483,daily_high_low_midpoint_proxy,13:30:00,partial_midpoint_daily_capacity,70,71.5,力致,09:00:00,0.01,528973433.39000005,4582174.3,loss12,76.8,464,sell,2021-05-12,82.0,71.6,7056.0,3483
37.0,odd,2021-05-14,2021-02-g004-2021-02-05-3483,daily_high_low_midpoint_proxy,13:30:00,partial_midpoint_daily_capacity,37,73.4,力致,09:00:00,0.01,514215639.26500005,4525106.75,loss12,83.55,394,sell,2021-05-12,86.1,81.0,3769.0,3483
28.0,odd,2021-05-17,2021-02-g004-2021-02-05-3483,daily_high_low_midpoint_proxy,13:30:00,partial_midpoint_daily_capacity,28,72.2,力致,09:00:00,0.01,493025245.555,4399839.8,loss12,77.6,357,sell,2021-05-12,81.1,74.1,2819.0,3483
38.0,odd,2021-05-18,2021-02-g004-2021-02-05-3483,daily_high_low_midpoint_proxy,13:30:00,partial_midpoint_daily_capacity,38,67.0,力致,09:00:00,0.01,484776921.07000005,4390511.65,loss12,79.1,329,sell,2021-05-12,81.8,76.4,3803.0,3483
12.0,odd,2021-05-19,2021-02-g004-2021-02-05-3483,daily_high_low_midpoint_proxy,13:30:00,partial_midpoint_daily_capacity,12,73.7,力致,09:00:00,0.01,481211839.89000005,4394469.35,loss12,85.15,291,sell,2021-05-12,86.0,84.3,1262.0,3483
12.0,odd,2021-05-20,2021-02-g004-2021-02-05-3483,daily_high_low_midpoint_proxy,13:30:00,partial_midpoint_daily_capacity,12,75.5,力致,09:00:00,0.01,448426234.4,4195839.3,loss12,81.9,279,sell,2021-05-12,82.6,81.2,1259.0,3483
18.0,odd,2021-05-21,2021-02-g004-2021-02-05-3483,daily_high_low_midpoint_proxy,13:30:00,partial_midpoint_daily_capacity,18,72.6,力致,09:00:00,0.01,366543102.43,3614981.75,loss12,84.3,267,sell,2021-05-12,86.5,82.1,1803.0,3483
25.0,odd,2021-05-24,2021-02-g004-2021-02-05-3483,daily_high_low_midpoint_proxy,13:30:00,partial_midpoint_daily_capacity,25,77.3,力致,09:00:00,0.01,325458863.0500001,3322322.05,loss12,85.8,249,sell,2021-05-12,88.5,83.1,2525.0,3483
35.0,odd,2021-05-25,2021-02-g004-2021-02-05-3483,daily_high_low_midpoint_proxy,13:30:00,partial_midpoint_daily_capacity,35,78.3,力致,09:00:00,0.01,306007705.8,3193743.2,loss12,92.7,224,sell,2021-05-12,94.2,91.2,3542.0,3483
14.0,odd,2021-05-26,2021-02-g004-2021-02-05-3483,daily_high_low_midpoint_proxy,13:30:00,partial_midpoint_daily_capacity,14,84.2,力致,09:00:00,0.01,296220942.275,3149173.15,loss12,92.9,189,sell,2021-05-12,94.0,91.8,1428.0,3483
35.0,odd,2021-05-27,2021-02-g004-2021-02-05-3483,daily_high_low_midpoint_proxy,13:30:00,partial_midpoint_daily_capacity,35,83.9,力致,09:00:00,0.01,290022930.755,3123918.35,loss12,91.65,175,sell,2021-05-12,93.5,89.8,3520.0,3483
22.0,odd,2021-05-28,2021-02-g004-2021-02-05-3483,daily_high_low_midpoint_proxy,13:30:00,partial_midpoint_daily_capacity,22,80.0,力致,09:00:00,0.01,288780500.88500005,3146238.45,loss12,90.75,140,sell,2021-05-12,92.0,89.5,2230.0,3483
31.0,odd,2021-05-31,2021-02-g004-2021-02-05-3483,daily_high_low_midpoint_proxy,13:30:00,partial_midpoint_daily_capacity,31,80.2,力致,09:00:00,0.01,279471143.00000006,3085509.1,loss12,91.55000000000001,118,sell,2021-05-12,93.4,89.7,3192.0,3483
31.0,odd,2021-06-01,2021-02-g004-2021-02-05-3483,daily_high_low_midpoint_proxy,13:30:00,partial_midpoint_daily_capacity,31,83.5,力致,09:00:00,0.01,269524818.335,3016297.95,loss12,93.0,87,sell,2021-05-12,93.5,92.5,3180.0,3483
77.0,odd,2021-06-02,2021-02-g004-2021-02-05-3483,daily_high_low_midpoint_proxy,13:30:00,,56,83.2,力致,09:00:00,0.01,253901188.88000003,2871412.25,loss12,95.65,56,sell,2021-05-12,98.3,93.0,7783.0,3483
59000.0,board,2021-06-03,2021-03-g010-2021-03-02-8016,daily_high_low_midpoint_proxy,13:30:00,,1000,247.0,矽創,08:59:00,0.01,2424912278.1,9519298.7,time63,278.75,1000,sell,2021-06-02,283.5,274.0,5918495.0,8016
191.0,odd,2021-06-03,2021-03-g010-2021-03-02-8016,daily_high_low_midpoint_proxy,13:30:00,,105,247.0,矽創,09:00:00,0.01,2424912278.1,9519298.7,time63,279.25,105,sell,2021-06-02,281.0,277.5,19152.0,8016
72000.0,board,2021-06-08,2021-06-g010-2021-06-07-2351,daily_high_low_midpoint_proxy,13:30:00,,2000,117.0,順德,08:59:00,0.01,671577730.22,7205382.05,leader_entry,104.25,2000,buy,2021-06-07,112.5,96.0,29178397.0,2351
396.0,odd,2021-06-08,2021-06-g010-2021-06-07-2351,daily_high_low_midpoint_proxy,13:30:00,,383,117.0,順德,09:00:00,0.01,671577730.22,7205382.05,leader_entry,101.75,383,buy,2021-06-07,106.5,97.0,39688.0,2351
349000.0,board,2021-06-08,2021-06-g002-2021-06-07-1714,daily_high_low_midpoint_proxy,13:30:00,,18000,14.85,和桐,08:59:00,0.01,410131383.97249997,34959346.9,leader_entry,12.625,18000,buy,2021-06-07,13.1,12.15,84986552.0,1714
346.0,odd,2021-06-08,2021-06-g002-2021-06-07-1714,daily_high_low_midpoint_proxy,13:30:00,partial_midpoint_daily_capacity,346,14.85,和桐,09:00:00,0.01,410131383.97249997,34959346.9,leader_entry,12.399999999999999,775,buy,2021-06-07,12.6,12.2,34603.0,1714
104000.0,board,2021-06-17,2021-06-g013-2021-06-16-8069,daily_high_low_midpoint_proxy,13:30:00,,3000,76.2,元太,08:59:00,0.01,658431655.65,10409109.5,leader_entry,70.35,3000,buy,2021-06-16,72.0,68.7,18570153.0,8069
342.0,odd,2021-06-17,2021-06-g013-2021-06-16-8069,daily_high_low_midpoint_proxy,13:30:00,partial_midpoint_daily_capacity,342,76.2,元太,09:00:00,0.01,658431655.65,10409109.5,leader_entry,70.75,525,buy,2021-06-16,71.8,69.7,34236.0,8069
,event,2021-06-22,2021-06-g004-2021-06-21-3218,,,slots_full,0,,大學光,,,,,leader_entry,,0,buy,2021-06-21,,,,3218
,event,2021-06-23,2021-06-g008-2021-06-22-6182,,,slots_full,0,,合晶,,,,,leader_entry,,0,buy,2021-06-22,,,,6182
,event,2021-07-01,2021-06-g014-2021-06-30-9904,,,slots_full,0,,寶成,,,,,leader_entry,,0,buy,2021-06-30,,,,9904
,event,2021-07-05,2021-07-g008-2021-07-02-6224,,,slots_full,0,,聚鼎,,,,,leader_entry,,0,buy,2021-07-02,,,,6224
,event,2021-07-06,2021-07-g001-2021-07-05-2406,,,slots_full,0,,國碩,,,,,leader_entry,,0,buy,2021-07-05,,,,2406
,event,2021-07-06,2021-07-g007-2021-07-05-6271,,,slots_full,0,,同欣電,,,,,leader_entry,,0,buy,2021-07-05,,,,6271
,event,2021-07-15,2021-07-g011-2021-07-14-3707,,,slots_full,0,,漢磊,,,,,leader_entry,,0,buy,2021-07-14,,,,3707
,event,2021-07-15,2021-07-g004-2021-07-14-6223,,,slots_full,0,,旺矽,,,,,leader_entry,,0,buy,2021-07-14,,,,6223
,event,2021-07-23,2021-07-g012-2021-07-22-6533,,,slots_full,0,,晶心科,,,,,leader_entry,,0,buy,2021-07-22,,,,6533
,event,2021-07-23,2021-07-g009-2021-07-22-6732,,,slots_full,0,,昇佳電子,,,,,leader_entry,,0,buy,2021-07-22,,,,6732
,event,2021-07-27,2021-07-g002-2021-07-26-2328,,,slots_full,0,,廣宇,,,,,leader_entry,,0,buy,2021-07-26,,,,2328
,event,2021-07-30,2021-07-g005-2021-07-29-6706,,,slots_full,0,,惠特,,,,,leader_entry,,0,buy,2021-07-29,,,,6706
,event,2021-08-03,2021-08-g017-2021-08-02-6485,,,slots_full,0,,點序,,,,,leader_entry,,0,buy,2021-08-02,,,,6485
,event,2021-08-03,2021-08-g007-2021-08-02-2329,,,slots_full,0,,華泰,,,,,leader_entry,,0,buy,2021-08-02,,,,2329
,event,2021-08-03,2021-08-g011-2021-08-02-8016,,,slots_full,0,,矽創,,,,,leader_entry,,0,buy,2021-08-02,,,,8016
,event,2021-08-03,2021-08-g018-2021-08-02-6531,,,slots_full,0,,愛普*,,,,,leader_entry,,0,buy,2021-08-02,,,,6531
,event,2021-08-04,2021-08-g001-2021-08-03-1101,,,slots_full,0,,台泥,,,,,leader_entry,,0,buy,2021-08-03,,,,1101
,event,2021-08-10,2021-08-g006-2021-08-09-9921,,,slots_full,0,,巨大,,,,,leader_entry,,0,buy,2021-08-09,,,,9921
,event,2021-08-13,2021-08-g019-2021-08-12-4721,,,slots_full,0,,美琪瑪,,,,,leader_entry,,0,buy,2021-08-12,,,,4721
,event,2021-09-02,2021-09-g014-2021-09-01-3661,,,slots_full,0,,世芯-KY,,,,,leader_entry,,0,buy,2021-09-01,,,,3661
52000.0,board,2021-09-06,2021-06-g010-2021-06-07-2351,daily_high_low_midpoint_proxy,13:30:00,,2000,123.5,順德,08:59:00,0.01,751042525.775,5296403.45,time63,143.0,2000,sell,2021-09-03,148.0,138.0,6720965.0,2351
118.0,odd,2021-09-06,2021-06-g010-2021-06-07-2351,daily_high_low_midpoint_proxy,13:30:00,partial_midpoint_daily_capacity,118,123.5,順德,09:00:00,0.01,751042525.775,5296403.45,time63,142.5,383,sell,2021-09-03,146.0,139.0,11884.0,2351
35000.0,board,2021-09-06,2021-06-g002-2021-06-07-1714,daily_high_low_midpoint_proxy,13:30:00,,18000,9.18,和桐,08:59:00,0.01,58972881.265,5359082.35,time63,10.15,18000,sell,2021-09-03,10.25,10.05,3566581.0,1714
49.0,odd,2021-09-06,2021-06-g002-2021-06-07-1714,daily_high_low_midpoint_proxy,13:30:00,partial_midpoint_daily_capacity,49,9.18,和桐,09:00:00,0.01,58972881.265,5359082.35,time63,10.25,346,sell,2021-09-03,10.4,10.1,4969.0,1714
192.0,odd,2021-09-07,2021-06-g010-2021-06-07-2351,daily_high_low_midpoint_proxy,13:30:00,partial_midpoint_daily_capacity,192,126.0,順德,09:00:00,0.01,720369637.725,5090851.4,time63,141.0,265,sell,2021-09-03,147.0,135.0,19228.0,2351
55.0,odd,2021-09-07,2021-06-g002-2021-06-07-1714,daily_high_low_midpoint_proxy,13:30:00,partial_midpoint_daily_capacity,55,9.05,和桐,09:00:00,0.01,59029091.65749999,5385131.0,time63,10.274999999999999,297,sell,2021-09-03,10.45,10.1,5553.0,1714
198000.0,board,2021-09-07,2021-09-g004-2021-09-06-2881,daily_high_low_midpoint_proxy,13:30:00,,3000,84.9,富邦金,08:59:00,0.01,2118123530.6650002,26354364.45,leader_entry,77.7,3000,buy,2021-09-06,78.4,77.0,19879790.0,2881
1454.0,odd,2021-09-07,2021-09-g004-2021-09-06-2881,daily_high_low_midpoint_proxy,13:30:00,,425,84.9,富邦金,09:00:00,0.01,2118123530.6650002,26354364.45,leader_entry,77.95,425,buy,2021-09-06,78.5,77.4,145488.0,2881
119.0,odd,2021-09-08,2021-06-g010-2021-06-07-2351,daily_high_low_midpoint_proxy,13:30:00,,73,122.5,順德,09:00:00,0.01,759769220.725,5389705.05,time63,131.75,73,sell,2021-09-03,134.0,129.5,11961.0,2351
34.0,odd,2021-09-08,2021-06-g002-2021-06-07-1714,daily_high_low_midpoint_proxy,13:30:00,partial_midpoint_daily_capacity,34,9.32,和桐,09:00:00,0.01,58461075.9,5350963.65,time63,10.274999999999999,242,sell,2021-09-03,10.45,10.1,3496.0,1714
78000.0,board,2021-09-08,2021-09-g001-2021-09-07-9945,daily_high_low_midpoint_proxy,13:30:00,,3000,83.7,潤泰新,08:59:00,0.01,537516811.6,7807066.15,leader_entry,75.65,3000,buy,2021-09-07,76.7,74.6,12713482.0,9945
847.0,odd,2021-09-08,2021-09-g001-2021-09-07-9945,daily_high_low_midpoint_proxy,13:30:00,,582,83.7,潤泰新,09:00:00,0.01,537516811.6,7807066.15,leader_entry,75.4,582,buy,2021-09-07,75.8,75.0,84714.0,9945
15.0,odd,2021-09-09,2021-06-g002-2021-06-07-1714,daily_high_low_midpoint_proxy,13:30:00,partial_midpoint_daily_capacity,15,9.05,和桐,09:00:00,0.01,58581339.0,5389015.45,time63,10.175,208,sell,2021-09-03,10.25,10.1,1513.0,1714
24.0,odd,2021-09-10,2021-06-g002-2021-06-07-1714,daily_high_low_midpoint_proxy,13:30:00,partial_midpoint_daily_capacity,24,9.14,和桐,09:00:00,0.01,56468746.214999996,5221571.05,time63,10.149999999999999,193,sell,2021-09-03,10.2,10.1,2498.0,1714
26.0,odd,2021-09-13,2021-06-g002-2021-06-07-1714,daily_high_low_midpoint_proxy,13:30:00,partial_midpoint_daily_capacity,26,9.14,和桐,09:00:00,0.01,54216154.0875,5035588.6,time63,10.100000000000001,169,sell,2021-09-03,10.15,10.05,2635.0,1714
88.0,odd,2021-09-14,2021-06-g002-2021-06-07-1714,daily_high_low_midpoint_proxy,13:30:00,partial_midpoint_daily_capacity,88,9.18,和桐,09:00:00,0.01,50104286.355000004,4671644.8,time63,10.575,143,sell,2021-09-03,10.9,10.25,8819.0,1714
65000.0,board,2021-09-14,2021-06-g013-2021-06-16-8069,daily_high_low_midpoint_proxy,13:30:00,,3000,69.8,元太,08:59:00,0.01,971630941.1600001,12520682.0,time63,78.45,3000,sell,2021-09-13,79.4,77.5,6592491.0,8069
95.0,odd,2021-09-14,2021-06-g013-2021-06-16-8069,daily_high_low_midpoint_proxy,13:30:00,partial_midpoint_daily_capacity,95,69.8,元太,09:00:00,0.01,971630941.1600001,12520682.0,time63,78.25,342,sell,2021-09-13,78.9,77.6,9568.0,8069
51.0,odd,2021-09-15,2021-06-g002-2021-06-07-1714,daily_high_low_midpoint_proxy,13:30:00,partial_midpoint_daily_capacity,51,9.63,和桐,09:00:00,0.01,59183815.83,5525259.55,time63,10.65,55,sell,2021-09-03,10.8,10.5,5117.0,1714
220.0,odd,2021-09-15,2021-06-g013-2021-06-16-8069,daily_high_low_midpoint_proxy,13:30:00,partial_midpoint_daily_capacity,220,70.3,元太,09:00:00,0.01,960972607.385,12342607.65,time63,77.15,247,sell,2021-09-13,77.8,76.5,22024.0,8069
33.0,odd,2021-09-16,2021-06-g002-2021-06-07-1714,daily_high_low_midpoint_proxy,13:30:00,,4,9.45,和桐,09:00:00,0.01,59933978.3275,5617579.7,time63,10.575,4,sell,2021-09-03,10.65,10.5,3377.0,1714
88.0,odd,2021-09-16,2021-06-g013-2021-06-16-8069,daily_high_low_midpoint_proxy,13:30:00,,27,68.6,元太,09:00:00,0.01,929554431.9800001,11938418.65,time63,76.5,27,sell,2021-09-13,77.0,76.0,8867.0,8069
162000.0,board,2021-09-22,2021-09-g013-2021-09-17-6411,daily_high_low_midpoint_proxy,13:30:00,,1000,226.0,晶焱,08:59:00,0.01,2860131700.475,16296158.0,leader_entry,203.0,1000,buy,2021-09-17,209.0,197.0,40264241.0,6411
271.0,odd,2021-09-22,2021-09-g013-2021-09-17-6411,daily_high_low_midpoint_proxy,13:30:00,partial_midpoint_daily_capacity,271,226.0,晶焱,09:00:00,0.01,2860131700.475,16296158.0,leader_entry,203.25,406,buy,2021-09-17,207.5,199.0,27106.0,6411
,event,2021-09-24,2021-09-g003-2021-09-23-1308,,,slots_full,0,,亞聚,,,,,leader_entry,,0,buy,2021-09-23,,,,1308
,event,2021-09-28,2021-09-g007-2021-09-27-3588,,,slots_full,0,,通嘉,,,,,leader_entry,,0,buy,2021-09-27,,,,3588
,event,2021-10-27,2021-10-g014-2021-10-26-3141,,,slots_full,0,,晶宏,,,,,leader_entry,,0,buy,2021-10-26,,,,3141
,event,2021-11-08,2021-11-g015-2021-11-05-3305,,,slots_full,0,,昇貿,,,,,leader_entry,,0,buy,2021-11-05,,,,3305
,event,2021-11-08,2021-11-g008-2021-11-05-6683,,,slots_full,0,,雍智科技,,,,,leader_entry,,0,buy,2021-11-05,,,,6683
,event,2021-11-10,2021-11-g009-2021-11-09-4958,,,slots_full,0,,臻鼎-KY,,,,,leader_entry,,0,buy,2021-11-09,,,,4958
,event,2021-11-12,2021-11-g004-2021-11-11-2884,,,slots_full,0,,玉山金,,,,,leader_entry,,0,buy,2021-11-11,,,,2884
,event,2021-11-16,2021-11-g003-2021-11-15-8422,,,slots_full,0,,可寧衛*,,,,,leader_entry,,0,buy,2021-11-15,,,,8422
,event,2021-11-18,2021-11-g002-2021-11-17-1709,,,slots_full,0,,和益,,,,,leader_entry,,0,buy,2021-11-17,,,,1709
,event,2021-11-22,2021-11-g007-2021-11-19-2340,,,slots_full,0,,台亞,,,,,leader_entry,,0,buy,2021-11-19,,,,2340
,event,2021-11-25,2021-11-g014-2021-11-24-3169,,,slots_full,0,,亞信,,,,,leader_entry,,0,buy,2021-11-24,,,,3169
,event,2021-11-30,2021-11-g006-2021-11-29-3532,,,slots_full,0,,台勝科,,,,,leader_entry,,0,buy,2021-11-29,,,,3532
,event,2021-12-02,2021-12-g021-2021-12-01-3532,,,slots_full,0,,台勝科,,,,,leader_entry,,0,buy,2021-12-01,,,,3532
,event,2021-12-03,2021-12-g016-2021-12-02-8183,,,slots_full,0,,精星,,,,,leader_entry,,0,buy,2021-12-02,,,,8183
,event,2021-12-03,2021-12-g011-2021-12-02-6150,,,slots_full,0,,撼訊,,,,,leader_entry,,0,buy,2021-12-02,,,,6150
,event,2021-12-06,2021-12-g020-2021-12-03-3413,,,slots_full,0,,京鼎,,,,,leader_entry,,0,buy,2021-12-03,,,,3413
,event,2021-12-07,2021-12-g008-2021-12-06-2342,,,slots_full,0,,茂矽,,,,,leader_entry,,0,buy,2021-12-06,,,,2342
,event,2021-12-07,2021-12-g006-2021-12-06-2426,,,slots_full,0,,鼎元,,,,,leader_entry,,0,buy,2021-12-06,,,,2426
231000.0,board,2021-12-08,2021-09-g004-2021-09-06-2881,daily_high_low_midpoint_proxy,13:30:00,,3000,67.8,富邦金,08:59:00,0.01,1720695125.53,23146247.4,time63,75.5,3000,sell,2021-12-07,76.0,75.0,24996561.0,2881
1621.0,odd,2021-12-08,2021-09-g004-2021-09-06-2881,daily_high_low_midpoint_proxy,13:30:00,,425,67.8,富邦金,09:00:00,0.01,1720695125.53,23146247.4,time63,75.45,425,sell,2021-12-07,75.7,75.2,162174.0,2881
,event,2021-12-08,2021-12-g007-2021-12-07-3624,,,resource_slots_locked,0,,光頡,,,,,leader_entry,,2353,buy,2021-12-07,,,,3624
,event,2021-12-08,2021-12-g019-2021-12-07-2891,,,resource_slots_locked,0,,中信金,,,,,leader_entry,,4788,buy,2021-12-07,,,,2891
24000.0,board,2021-12-09,2021-09-g001-2021-09-07-9945,daily_high_low_midpoint_proxy,13:30:00,,5000,57.7,潤泰新,08:59:00,0.01,495235221.05,7490362.8,time63,64.25,5000,sell,2021-12-08,64.5,64.0,2484498.0,9945
421.0,odd,2021-12-09,2021-09-g001-2021-09-07-9945,daily_high_low_midpoint_proxy,13:30:00,,14,57.7,潤泰新,09:00:00,0.01,495235221.05,7490362.8,time63,64.25,14,sell,2021-12-08,64.4,64.1,42180.0,9945
349.0,odd,2021-12-10,2021-12-g015-2021-12-09-3105,daily_high_low_midpoint_proxy,13:30:00,partial_midpoint_daily_capacity,349,414.5,穩懋,09:00:00,0.01,1227857059.925,3411461.05,leader_entry,371.75,835,buy,2021-12-09,374.5,369.0,34908.0,3105
138000.0,board,2021-12-13,2021-12-g014-2021-12-10-8215,daily_high_low_midpoint_proxy,13:30:00,,7000,43.5,明基材,08:59:00,0.01,531254454.0825,13890509.85,leader_entry,41.85,7000,buy,2021-12-10,43.5,40.2,67822688.0,8215
801.0,odd,2021-12-13,2021-12-g014-2021-12-10-8215,daily_high_low_midpoint_proxy,13:30:00,partial_midpoint_daily_capacity,801,43.5,明基材,09:00:00,0.01,531254454.0825,13890509.85,leader_entry,41.95,942,buy,2021-12-10,43.5,40.4,80149.0,8215
,event,2021-12-17,2021-12-g017-2021-12-16-3035,,,slots_full,0,,智原,,,,,leader_entry,,0,buy,2021-12-16,,,,3035
46000.0,board,2021-12-20,2021-12-g014-2021-12-10-8215,daily_high_low_midpoint_proxy,13:30:00,,7000,33.95,明基材,08:59:00,0.01,756176538.76,19185736.95,loss12,38.2,7000,sell,2021-12-17,38.7,37.7,4622223.0,8215
54.0,odd,2021-12-20,2021-12-g014-2021-12-10-8215,daily_high_low_midpoint_proxy,13:30:00,partial_midpoint_daily_capacity,54,33.95,明基材,09:00:00,0.01,756176538.76,19185736.95,loss12,38.175,801,sell,2021-12-17,38.5,37.85,5429.0,8215
,event,2021-12-20,2021-12-g002-2021-12-17-1440,,,slots_full,0,,南紡,,,,,leader_entry,,0,buy,2021-12-17,,,,1440
29000.0,board,2021-12-21,2021-09-g013-2021-09-17-6411,daily_high_low_midpoint_proxy,13:30:00,,1000,214.0,晶焱,08:59:00,0.01,2417936433.55,9164623.55,time63,241.75,1000,sell,2021-12-20,245.0,238.5,2947323.0,6411
42.0,odd,2021-12-21,2021-09-g013-2021-09-17-6411,daily_high_low_midpoint_proxy,13:30:00,partial_midpoint_daily_capacity,42,214.0,晶焱,09:00:00,0.01,2417936433.55,9164623.55,time63,242.0,271,sell,2021-12-20,245.0,239.0,4214.0,6411
64.0,odd,2021-12-21,2021-12-g014-2021-12-10-8215,daily_high_low_midpoint_proxy,13:30:00,partial_midpoint_daily_capacity,64,34.15,明基材,09:00:00,0.01,743560012.1425,18853590.15,loss12,38.25,747,sell,2021-12-17,38.6,37.9,6424.0,8215
67.0,odd,2021-12-22,2021-09-g013-2021-09-17-6411,daily_high_low_midpoint_proxy,13:30:00,partial_midpoint_daily_capacity,67,219.0,晶焱,09:00:00,0.01,2354759652.4,8932730.1,time63,245.0,229,sell,2021-12-20,247.5,242.5,6712.0,6411
55.0,odd,2021-12-22,2021-12-g014-2021-12-10-8215,daily_high_low_midpoint_proxy,13:30:00,partial_midpoint_daily_capacity,55,34.6,明基材,09:00:00,0.01,724200130.5625001,18347631.7,loss12,38.675,683,sell,2021-12-17,38.95,38.4,5532.0,8215
120.0,odd,2021-12-23,2021-09-g013-2021-09-17-6411,daily_high_low_midpoint_proxy,13:30:00,partial_midpoint_daily_capacity,120,217.5,晶焱,09:00:00,0.01,2260230629.575,8589702.05,time63,246.5,162,sell,2021-12-20,250.0,243.0,12088.0,6411
100.0,odd,2021-12-23,2021-12-g014-2021-12-10-8215,daily_high_low_midpoint_proxy,13:30:00,partial_midpoint_daily_capacity,100,34.5,明基材,09:00:00,0.01,701644916.2725,17756710.25,loss12,39.0,628,sell,2021-12-17,39.3,38.7,10064.0,8215
120.0,odd,2021-12-24,2021-09-g013-2021-09-17-6411,daily_high_low_midpoint_proxy,13:30:00,,42,218.5,晶焱,09:00:00,0.01,2242544117.075,8539860.0,time63,243.0,42,sell,2021-12-20,246.0,240.0,12088.0,6411
62.0,odd,2021-12-24,2021-12-g014-2021-12-10-8215,daily_high_low_midpoint_proxy,13:30:00,partial_midpoint_daily_capacity,62,34.7,明基材,09:00:00,0.01,702391348.7475001,17778309.75,loss12,38.6,528,sell,2021-12-17,38.7,38.5,6226.0,8215
459000.0,board,2021-12-24,2021-12-g004-2021-12-23-2312,daily_high_low_midpoint_proxy,13:30:00,,16000,18.4,金寶,08:59:00,0.01,707502559.0325,45980972.4,leader_entry,16.6,16000,buy,2021-12-23,17.0,16.2,147761563.0,2312
524.0,odd,2021-12-24,2021-12-g004-2021-12-23-2312,daily_high_low_midpoint_proxy,13:30:00,partial_midpoint_daily_capacity,524,18.4,金寶,09:00:00,0.01,707502559.0325,45980972.4,leader_entry,16.575000000000003,972,buy,2021-12-23,16.85,16.3,52478.0,2312
73.0,odd,2021-12-27,2021-12-g014-2021-12-10-8215,daily_high_low_midpoint_proxy,13:30:00,partial_midpoint_daily_capacity,73,34.5,明基材,09:00:00,0.01,691928601.1675,17487501.65,loss12,38.85,466,sell,2021-12-17,39.2,38.5,7343.0,8215
118.0,odd,2021-12-28,2021-12-g014-2021-12-10-8215,daily_high_low_midpoint_proxy,13:30:00,partial_midpoint_daily_capacity,118,35.05,明基材,09:00:00,0.01,681997986.7875,17208006.8,loss12,38.675,393,sell,2021-12-17,39.0,38.35,11833.0,8215
129.0,odd,2021-12-29,2021-12-g014-2021-12-10-8215,daily_high_low_midpoint_proxy,13:30:00,partial_midpoint_daily_capacity,129,34.6,明基材,09:00:00,0.01,650476521.7475,16406218.7,loss12,38.075,275,sell,2021-12-17,38.3,37.85,12928.0,8215
76.0,odd,2021-12-30,2021-12-g014-2021-12-10-8215,daily_high_low_midpoint_proxy,13:30:00,partial_midpoint_daily_capacity,76,34.2,明基材,09:00:00,0.01,637534450.16,16080799.65,loss12,37.95,146,sell,2021-12-17,38.1,37.8,7669.0,8215
144.0,odd,2022-01-03,2021-12-g014-2021-12-10-8215,daily_high_low_midpoint_proxy,13:30:00,,70,34.2,明基材,09:00:00,0.01,564027436.51,14132464.25,loss12,37.75,70,sell,2021-12-17,38.1,37.4,14478.0,8215
69000.0,board,2022-01-03,2021-12-g012-2021-12-30-5371,daily_high_low_midpoint_proxy,13:30:00,,3000,101.5,中強光電股份有限公司,08:59:00,0.01,596902395.8349999,6950059.85,leader_entry,90.45,3000,buy,2021-12-30,93.0,87.9,10353366.0,5371
342.0,odd,2022-01-03,2021-12-g012-2021-12-30-5371,daily_high_low_midpoint_proxy,13:30:00,,139,101.5,中強光電股份有限公司,09:00:00,0.01,596902395.8349999,6950059.85,leader_entry,89.2,139,buy,2021-12-30,90.2,88.2,34265.0,5371
,event,2022-01-03,2021-12-g010-2021-12-30-6284,,,slots_full,0,,佳邦,,,,,leader_entry,,0,buy,2021-12-30,,,,6284
,event,2022-01-03,2021-12-g009-2021-12-30-6213,,,slots_full,0,,聯茂,,,,,leader_entry,,0,buy,2021-12-30,,,,6213
,event,2022-01-03,2021-12-g018-2021-12-30-8081,,,slots_full,0,,致新,,,,,leader_entry,,0,buy,2021-12-30,,,,8081
,event,2022-01-04,2022-01-g020-2022-01-03-6284,,,slots_full,0,,佳邦,,,,,leader_entry,,0,buy,2022-01-03,,,,6284
,event,2022-01-04,2022-01-g011-2022-01-03-8261,,,slots_full,0,,富鼎,,,,,leader_entry,,0,buy,2022-01-03,,,,8261
,event,2022-01-05,2022-01-g012-2022-01-04-6477,,,slots_full,0,,安集,,,,,leader_entry,,0,buy,2022-01-04,,,,6477
,event,2022-01-05,2022-01-g022-2022-01-04-5483,,,slots_full,0,,中美晶,,,,,leader_entry,,0,buy,2022-01-04,,,,5483
,event,2022-01-05,2022-01-g007-2022-01-04-2368,,,slots_full,0,,金像電,,,,,leader_entry,,0,buy,2022-01-04,,,,2368
,event,2022-01-06,2022-01-g018-2022-01-05-3624,,,slots_full,0,,光頡,,,,,leader_entry,,0,buy,2022-01-05,,,,3624
,event,2022-01-07,2022-01-g014-2022-01-06-3324,,,slots_full,0,,雙鴻,,,,,leader_entry,,0,buy,2022-01-06,,,,3324
,event,2022-01-10,2022-01-g001-2022-01-07-2884,,,slots_full,0,,玉山金,,,,,leader_entry,,0,buy,2022-01-07,,,,2884
,event,2022-01-13,2022-01-g004-2022-01-12-8150,,,slots_full,0,,南茂,,,,,leader_entry,,0,buy,2022-01-12,,,,8150
33000.0,board,2022-01-24,2021-12-g012-2021-12-30-5371,daily_high_low_midpoint_proxy,13:30:00,,3000,69.2,中強光電股份有限公司,08:59:00,0.01,535588893.39000005,6225901.65,loss12,76.65,3000,sell,2022-01-21,78.2,75.1,3341846.0,5371
81.0,odd,2022-01-24,2021-12-g012-2021-12-30-5371,daily_high_low_midpoint_proxy,13:30:00,partial_midpoint_daily_capacity,81,69.2,中強光電股份有限公司,09:00:00,0.01,535588893.39000005,6225901.65,loss12,77.05,139,sell,2022-01-21,78.3,75.8,8180.0,5371
126.0,odd,2022-01-25,2021-12-g012-2021-12-30-5371,daily_high_low_midpoint_proxy,13:30:00,,58,69.3,中強光電股份有限公司,09:00:00,0.01,537241848.19,6259185.45,loss12,75.6,58,sell,2022-01-21,77.0,74.2,12680.0,5371
19000.0,board,2022-02-08,2022-02-g015-2022-02-07-3526,daily_high_low_midpoint_proxy,13:30:00,,1000,228.0,凡甲,08:59:00,0.01,358561825.725,1901312.8,leader_entry,206.5,1000,buy,2022-02-07,211.0,202.0,4720107.0,3526
276.0,odd,2022-02-08,2022-02-g015-2022-02-07-3526,daily_high_low_midpoint_proxy,13:30:00,partial_midpoint_daily_capacity,276,228.0,凡甲,09:00:00,0.01,358561825.725,1901312.8,leader_entry,205.75,298,buy,2022-02-07,209.5,202.0,27623.0,3526
,event,2022-02-08,2022-02-g002-2022-02-07-1303,,,slots_full,0,,南亞,,,,,leader_entry,,0,buy,2022-02-07,,,,1303
,event,2022-02-08,2022-02-g007-2022-02-07-4906,,,slots_full,0,,正文,,,,,leader_entry,,0,buy,2022-02-07,,,,4906
,event,2022-02-08,2022-02-g001-2022-02-07-2412,,,slots_full,0,,中華電,,,,,leader_entry,,0,buy,2022-02-07,,,,2412
,event,2022-02-10,2022-02-g004-2022-02-09-1760,,,slots_full,0,,寶齡富錦,,,,,leader_entry,,0,buy,2022-02-09,,,,1760
619.0,odd,2022-02-14,2021-12-g015-2021-12-09-3105,daily_high_low_midpoint_proxy,13:30:00,,349,288.0,穩懋,09:00:00,0.01,1145204869.55,3357036.1,loss12,313.0,349,sell,2022-02-11,316.0,310.0,61961.0,3105
556000.0,board,2022-02-18,2022-02-g018-2022-02-17-2834,daily_high_low_midpoint_proxy,13:30:00,,22000,12.65,臺企銀,08:59:00,0.01,606351157.23,55664966.2,leader_entry,11.5,22000,buy,2022-02-17,11.65,11.35,59857663.0,2834
1412.0,odd,2022-02-18,2022-02-g018-2022-02-17-2834,daily_high_low_midpoint_proxy,13:30:00,,780,12.65,臺企銀,09:00:00,0.01,606351157.23,55664966.2,leader_entry,11.575,780,buy,2022-02-17,11.65,11.5,141243.0,2834
,event,2022-02-21,2022-02-g019-2022-02-18-3037,,,slots_full,0,,欣興,,,,,leader_entry,,0,buy,2022-02-18,,,,3037
4000.0,board,2022-02-25,2022-02-g015-2022-02-07-3526,daily_high_low_midpoint_proxy,13:30:00,,1000,162.0,凡甲,08:59:00,0.01,479947777.85,2453859.15,loss12,182.5,1000,sell,2022-02-24,185.0,180.0,476933.0,3526
54.0,odd,2022-02-25,2022-02-g015-2022-02-07-3526,daily_high_low_midpoint_proxy,13:30:00,partial_midpoint_daily_capacity,54,162.0,凡甲,09:00:00,0.01,479947777.85,2453859.15,loss12,182.5,276,sell,2022-02-24,184.5,180.5,5421.0,3526
92.0,odd,2022-03-01,2022-02-g015-2022-02-07-3526,daily_high_low_midpoint_proxy,13:30:00,partial_midpoint_daily_capacity,92,164.0,凡甲,09:00:00,0.01,477629520.975,2440817.45,loss12,190.0,222,sell,2022-02-24,191.5,188.5,9219.0,3526
86000.0,board,2022-03-01,2022-02-g009-2022-02-25-8150,daily_high_low_midpoint_proxy,13:30:00,,4000,57.2,南茂,08:59:00,0.01,424934320.7575,8697855.6,leader_entry,51.900000000000006,4000,buy,2022-02-25,52.7,51.1,58834556.0,8150
620.0,odd,2022-03-01,2022-02-g009-2022-02-25-8150,daily_high_low_midpoint_proxy,13:30:00,,599,57.2,南茂,09:00:00,0.01,424934320.7575,8697855.6,leader_entry,51.9,599,buy,2022-02-25,52.4,51.4,62063.0,8150
89.0,odd,2022-03-02,2022-02-g015-2022-02-07-3526,daily_high_low_midpoint_proxy,13:30:00,partial_midpoint_daily_capacity,89,172.0,凡甲,09:00:00,0.01,483917163.175,2472057.85,loss12,188.25,130,sell,2022-02-24,189.5,187.0,8905.0,3526
,event,2022-03-02,2022-03-g011-2022-03-01-3035,,,slots_full,0,,智原,,,,,leader_entry,,0,buy,2022-03-01,,,,3035
,event,2022-03-02,2022-03-g013-2022-03-01-6187,,,slots_full,0,,萬潤,,,,,leader_entry,,0,buy,2022-03-01,,,,6187
39.0,odd,2022-03-03,2022-02-g015-2022-02-07-3526,daily_high_low_midpoint_proxy,13:30:00,partial_midpoint_daily_capacity,39,171.0,凡甲,09:00:00,0.01,483426203.3,2467287.0,loss12,189.25,41,sell,2022-02-24,191.0,187.5,3946.0,3526
66.0,odd,2022-03-04,2022-02-g015-2022-02-07-3526,daily_high_low_midpoint_proxy,13:30:00,,2,169.0,凡甲,09:00:00,0.01,472622961.15,2407925.7,loss12,186.0,2,sell,2022-02-24,188.0,184.0,6679.0,3526
,event,2022-03-04,2022-03-g015-2022-03-03-5706,,,slots_full,0,,鳳凰,,,,,leader_entry,,0,buy,2022-03-03,,,,5706
129000.0,board,2022-03-08,2021-12-g004-2021-12-23-2312,daily_high_low_midpoint_proxy,13:30:00,,16000,12.45,金寶,08:59:00,0.01,198441657.7225,12931217.35,loss12,13.55,16000,sell,2022-03-07,13.9,13.2,14008205.0,2312
139.0,odd,2022-03-08,2021-12-g004-2021-12-23-2312,daily_high_low_midpoint_proxy,13:30:00,partial_midpoint_daily_capacity,139,12.45,金寶,09:00:00,0.01,198441657.7225,12931217.35,loss12,13.575,524,sell,2022-03-07,13.85,13.3,13976.0,2312
109.0,odd,2022-03-09,2021-12-g004-2021-12-23-2312,daily_high_low_midpoint_proxy,13:30:00,partial_midpoint_daily_capacity,109,11.95,金寶,09:00:00,0.01,198463412.8325,13036214.05,loss12,13.5,385,sell,2022-03-07,13.65,13.35,10945.0,2312
89.0,odd,2022-03-10,2021-12-g004-2021-12-23-2312,daily_high_low_midpoint_proxy,13:30:00,partial_midpoint_daily_capacity,89,12.3,金寶,09:00:00,0.01,190469994.82750002,12580552.35,loss12,14.225000000000001,276,sell,2022-03-07,14.4,14.05,8950.0,2312
53.0,odd,2022-03-11,2021-12-g004-2021-12-23-2312,daily_high_low_midpoint_proxy,13:30:00,partial_midpoint_daily_capacity,53,12.85,金寶,09:00:00,0.01,187704406.465,12460176.45,loss12,14.075,187,sell,2022-03-07,14.2,13.95,5322.0,2312
50.0,odd,2022-03-14,2021-12-g004-2021-12-23-2312,daily_high_low_midpoint_proxy,13:30:00,partial_midpoint_daily_capacity,50,12.65,金寶,09:00:00,0.01,185509850.835,12361924.85,loss12,14.25,134,sell,2022-03-07,14.35,14.15,5015.0,2312
42.0,odd,2022-03-15,2021-12-g004-2021-12-23-2312,daily_high_low_midpoint_proxy,13:30:00,partial_midpoint_daily_capacity,42,12.85,金寶,09:00:00,0.01,184685742.2425,12340310.0,loss12,14.2,84,sell,2022-03-07,14.3,14.1,4270.0,2312
50.0,odd,2022-03-16,2021-12-g004-2021-12-23-2312,daily_high_low_midpoint_proxy,13:30:00,,42,12.85,金寶,09:00:00,0.01,183178111.4925,12261101.4,loss12,14.3,42,sell,2022-03-07,14.4,14.2,5035.0,2312
307000.0,board,2022-05-24,2022-02-g018-2022-02-17-2834,daily_high_low_midpoint_proxy,13:30:00,,22000,10.85,臺企銀,08:59:00,0.01,568717613.5775,46766279.2,time63,12.175,22000,sell,2022-05-23,12.3,12.05,30728217.0,2834
609.0,odd,2022-05-24,2022-02-g018-2022-02-17-2834,daily_high_low_midpoint_proxy,13:30:00,partial_midpoint_daily_capacity,609,10.85,臺企銀,09:00:00,0.01,568717613.5775,46766279.2,time63,12.175,780,sell,2022-05-23,12.25,12.1,60970.0,2834
648.0,odd,2022-05-25,2022-02-g018-2022-02-17-2834,daily_high_low_midpoint_proxy,13:30:00,,171,10.9,臺企銀,09:00:00,0.01,530009571.1025001,43826235.85,time63,12.024999999999999,171,sell,2022-05-23,12.1,11.95,64877.0,2834
27000.0,board,2022-06-01,2022-02-g009-2022-02-25-8150,daily_high_low_midpoint_proxy,13:30:00,,4000,43.7,南茂,08:59:00,0.01,132647022.83000001,2798374.75,time63,49.275,4000,sell,2022-05-31,49.75,48.8,4251160.0,8150
121.0,odd,2022-06-01,2022-02-g009-2022-02-25-8150,daily_high_low_midpoint_proxy,13:30:00,partial_midpoint_daily_capacity,121,43.7,南茂,09:00:00,0.01,132647022.83000001,2798374.75,time63,49.325,599,sell,2022-05-31,49.6,49.05,12111.0,8150
74.0,odd,2022-06-02,2022-02-g009-2022-02-25-8150,daily_high_low_midpoint_proxy,13:30:00,partial_midpoint_daily_capacity,74,44.65,南茂,09:00:00,0.01,134907468.3925,2835643.2,time63,49.775,478,sell,2022-05-31,49.9,49.65,7440.0,8150
133.0,odd,2022-06-06,2022-02-g009-2022-02-25-8150,daily_high_low_midpoint_proxy,13:30:00,partial_midpoint_daily_capacity,133,44.8,南茂,09:00:00,0.01,132680404.19499998,2785316.55,time63,49.95,404,sell,2022-05-31,50.3,49.6,13335.0,8150
84.0,odd,2022-06-07,2022-02-g009-2022-02-25-8150,daily_high_low_midpoint_proxy,13:30:00,partial_midpoint_daily_capacity,84,45.2,南茂,09:00:00,0.01,132485729.03000002,2774078.5,time63,50.2,271,sell,2022-05-31,50.4,50.0,8434.0,8150
55.0,odd,2022-06-08,2022-02-g009-2022-02-25-8150,daily_high_low_midpoint_proxy,13:30:00,partial_midpoint_daily_capacity,55,45.3,南茂,09:00:00,0.01,126167624.08500001,2628770.75,time63,50.3,187,sell,2022-05-31,50.4,50.2,5582.0,8150
81.0,odd,2022-06-09,2022-02-g009-2022-02-25-8150,daily_high_low_midpoint_proxy,13:30:00,partial_midpoint_daily_capacity,81,45.45,南茂,09:00:00,0.01,125809026.79499999,2608419.6,time63,50.25,132,sell,2022-05-31,50.5,50.0,8169.0,8150
48.0,odd,2022-06-10,2022-02-g009-2022-02-25-8150,daily_high_low_midpoint_proxy,13:30:00,partial_midpoint_daily_capacity,48,45.4,南茂,09:00:00,0.01,125534883.1875,2587707.45,time63,50.2,51,sell,2022-05-31,50.3,50.1,4870.0,8150
88.0,odd,2022-06-13,2022-02-g009-2022-02-25-8150,daily_high_low_midpoint_proxy,13:30:00,,3,45.3,南茂,09:00:00,0.01,122803164.25250001,2520110.8,time63,49.8,3,sell,2022-05-31,49.9,49.7,8803.0,8150
54000.0,board,2022-11-16,2022-11-g005-2022-11-15-2606,daily_high_low_midpoint_proxy,13:30:00,,5000,46.5,裕民,08:59:00,0.01,204982293.29250002,5416402.85,leader_entry,43.325,5000,buy,2022-11-15,44.35,42.3,19541956.0,2606
417.0,odd,2022-11-16,2022-11-g005-2022-11-15-2606,daily_high_low_midpoint_proxy,13:30:00,partial_midpoint_daily_capacity,417,46.5,裕民,09:00:00,0.01,204982293.29250002,5416402.85,leader_entry,43.475,794,buy,2022-11-15,44.1,42.85,41770.0,2606
48000.0,board,2022-11-21,2022-11-g014-2022-11-18-6245,daily_high_low_midpoint_proxy,13:30:00,,2000,91.0,立端,08:59:00,0.01,346056791.38,4833679.0,leader_entry,85.65,2000,buy,2022-11-18,89.8,81.5,18055712.0,6245
390.0,odd,2022-11-21,2022-11-g014-2022-11-18-6245,daily_high_low_midpoint_proxy,13:30:00,partial_midpoint_daily_capacity,390,91.0,立端,09:00:00,0.01,346056791.38,4833679.0,leader_entry,85.25,946,buy,2022-11-18,88.8,81.7,39048.0,6245
118000.0,board,2022-11-22,2022-11-g011-2022-11-21-2468,daily_high_low_midpoint_proxy,13:30:00,,7000,35.0,華經,08:59:00,0.01,316713939.5,11816192.45,leader_entry,31.925,7000,buy,2022-11-21,33.25,30.6,17886303.0,2468
56.0,odd,2022-11-22,2022-11-g011-2022-11-21-2468,daily_high_low_midpoint_proxy,13:30:00,partial_midpoint_daily_capacity,56,35.0,華經,09:00:00,0.01,316713939.5,11816192.45,leader_entry,32.25,642,buy,2022-11-21,33.5,31.0,5671.0,2468
,event,2022-11-25,2022-11-g015-2022-11-24-6643,,,slots_full,0,,M31,,,,,leader_entry,,0,buy,2022-11-24,,,,6643
,event,2022-11-28,2022-11-g004-2022-11-25-2457,,,slots_full,0,,飛宏,,,,,leader_entry,,0,buy,2022-11-25,,,,2457
,event,2022-12-02,2022-12-g017-2022-12-01-4162,,,slots_full,0,,智擎,,,,,leader_entry,,0,buy,2022-12-01,,,,4162
,event,2022-12-12,2022-12-g007-2022-12-09-3558,,,slots_full,0,,神準,,,,,leader_entry,,0,buy,2022-12-09,,,,3558
,event,2022-12-13,2022-12-g011-2022-12-12-8050,,,slots_full,0,,廣積,,,,,leader_entry,,0,buy,2022-12-12,,,,8050
,event,2022-12-13,2022-12-g004-2022-12-12-5009,,,slots_full,0,,榮剛,,,,,leader_entry,,0,buy,2022-12-12,,,,5009
,event,2022-12-16,2022-12-g003-2022-12-15-1513,,,slots_full,0,,中興電,,,,,leader_entry,,0,buy,2022-12-15,,,,1513
17000.0,board,2022-12-20,2022-11-g011-2022-11-21-2468,daily_high_low_midpoint_proxy,13:30:00,,7000,24.2,華經,08:59:00,0.01,167100368.19750002,5524316.4,loss12,26.6,7000,sell,2022-12-19,27.4,25.8,1724136.0,2468
20.0,odd,2022-12-20,2022-11-g011-2022-11-21-2468,daily_high_low_midpoint_proxy,13:30:00,partial_midpoint_daily_capacity,20,24.2,華經,09:00:00,0.01,167100368.19750002,5524316.4,loss12,26.575,56,sell,2022-12-19,27.25,25.9,2086.0,2468
60.0,odd,2022-12-21,2022-11-g011-2022-11-21-2468,daily_high_low_midpoint_proxy,13:30:00,,36,23.45,華經,09:00:00,0.01,141980011.7475,4716208.05,loss12,27.35,36,sell,2022-12-19,28.65,26.05,6052.0,2468
121000.0,board,2023-01-10,2023-01-g017-2023-01-09-2887,daily_high_low_midpoint_proxy,13:30:00,,15000,17.2,台新新光金,08:59:00,0.01,184953647.185,12199851.65,leader_entry,15.625,15000,buy,2023-01-09,15.7,15.55,12675446.0,2887
1098.0,odd,2023-01-10,2023-01-g017-2023-01-09-2887,daily_high_low_midpoint_proxy,13:30:00,,521,17.2,台新新光金,09:00:00,0.01,184953647.185,12199851.65,leader_entry,15.625,521,buy,2023-01-09,15.7,15.55,109844.0,2887
,event,2023-01-11,2023-01-g008-2023-01-10-5269,,,slots_full,0,,祥碩,,,,,leader_entry,,0,buy,2023-01-10,,,,5269
,event,2023-01-11,2023-01-g002-2023-01-10-1305,,,slots_full,0,,華夏,,,,,leader_entry,,0,buy,2023-01-10,,,,1305
,event,2023-01-12,2023-01-g016-2023-01-11-2732,,,slots_full,0,,六角,,,,,leader_entry,,0,buy,2023-01-11,,,,2732
,event,2023-01-12,2023-01-g013-2023-01-11-2404,,,slots_full,0,,漢唐,,,,,leader_entry,,0,buy,2023-01-11,,,,2404
,event,2023-01-31,2023-01-g012-2023-01-30-2376,,,slots_full,0,,技嘉,,,,,leader_entry,,0,buy,2023-01-30,,,,2376
,event,2023-01-31,2023-01-g018-2023-01-30-3529,,,slots_full,0,,力旺,,,,,leader_entry,,0,buy,2023-01-30,,,,3529
,event,2023-02-01,2023-01-g020-2023-01-31-6443,,,slots_full,0,,元晶,,,,,leader_entry,,0,buy,2023-01-31,,,,6443
,event,2023-02-02,2023-02-g014-2023-02-01-2727,,,slots_full,0,,王品,,,,,leader_entry,,0,buy,2023-02-01,,,,2727
,event,2023-02-03,2023-02-g018-2023-02-02-5258,,,slots_full,0,,虹堡,,,,,leader_entry,,0,buy,2023-02-02,,,,5258
,event,2023-02-09,2023-02-g005-2023-02-08-6515,,,slots_full,0,,穎崴,,,,,leader_entry,,0,buy,2023-02-08,,,,6515
,event,2023-02-09,2023-02-g004-2023-02-08-2009,,,slots_full,0,,第一銅,,,,,leader_entry,,0,buy,2023-02-08,,,,2009
,event,2023-02-16,2023-02-g003-2023-02-15-8464,,,slots_full,0,,億豐,,,,,leader_entry,,0,buy,2023-02-15,,,,8464
,event,2023-02-16,2023-02-g010-2023-02-15-2449,,,slots_full,0,,京元電子,,,,,leader_entry,,0,buy,2023-02-15,,,,2449
,event,2023-02-17,2023-02-g017-2023-02-16-3443,,,slots_full,0,,創意,,,,,leader_entry,,0,buy,2023-02-16,,,,3443
,event,2023-02-17,2023-02-g002-2023-02-16-3665,,,slots_full,0,,貿聯-KY,,,,,leader_entry,,0,buy,2023-02-16,,,,3665
44000.0,board,2023-02-24,2022-11-g005-2022-11-15-2606,daily_high_low_midpoint_proxy,13:30:00,,5000,51.0,裕民,08:59:00,0.01,229921285.65749997,4418243.6,time63,60.85,5000,sell,2023-02-23,62.0,59.7,46133540.0,2606
792.0,odd,2023-02-24,2022-11-g005-2022-11-15-2606,daily_high_low_midpoint_proxy,13:30:00,,417,51.0,裕民,09:00:00,0.01,229921285.65749997,4418243.6,time63,60.9,417,sell,2023-02-23,61.8,60.0,79273.0,2606
,event,2023-02-24,2023-02-g012-2023-02-23-3515,,,resource_slots_locked,0,,華擎,,,,,leader_entry,,512,buy,2023-02-23,,,,3515
144000.0,board,2023-03-01,2023-02-g007-2023-02-24-5009,daily_high_low_midpoint_proxy,13:30:00,,6000,49.55,榮剛,08:59:00,0.01,594130168.2,14483830.55,leader_entry,43.65,6000,buy,2023-02-24,44.8,42.5,21715152.0,5009
583.0,odd,2023-03-01,2023-02-g007-2023-02-24-5009,daily_high_low_midpoint_proxy,13:30:00,,221,49.55,榮剛,09:00:00,0.01,594130168.2,14483830.55,leader_entry,43.8,221,buy,2023-02-24,44.9,42.7,58324.0,5009
,event,2023-03-02,2023-03-g008-2023-03-01-2356,,,slots_full,0,,英業達,,,,,leader_entry,,0,buy,2023-03-01,,,,2356
88000.0,board,2023-03-03,2022-11-g014-2022-11-18-6245,daily_high_low_midpoint_proxy,13:30:00,,2000,105.0,立端,08:59:00,0.01,957965230.95,8879119.1,time63,120.5,2000,sell,2023-03-02,125.5,115.5,16442581.0,6245
400.0,odd,2023-03-03,2022-11-g014-2022-11-18-6245,daily_high_low_midpoint_proxy,13:30:00,,390,105.0,立端,09:00:00,0.01,957965230.95,8879119.1,time63,120.5,390,sell,2023-03-02,125.5,115.5,40002.0,6245
,event,2023-03-03,2023-03-g009-2023-03-02-2344,,,resource_slots_locked,0,,華邦電,,,,,leader_entry,,5802,buy,2023-03-02,,,,2344
110000.0,board,2023-03-07,2023-03-g003-2023-03-06-8222,daily_high_low_midpoint_proxy,13:30:00,,8000,37.55,寶一,08:59:00,0.01,537598368.7375,16410698.3,leader_entry,34.525,8000,buy,2023-03-06,35.0,34.05,11068797.0,8222
141.0,odd,2023-03-07,2023-03-g003-2023-03-06-8222,daily_high_low_midpoint_proxy,13:30:00,partial_midpoint_daily_capacity,141,37.55,寶一,09:00:00,0.01,537598368.7375,16410698.3,leader_entry,34.474999999999994,403,buy,2023-03-06,34.9,34.05,14162.0,8222
,event,2023-03-08,2023-03-g005-2023-03-07-5009,,,overlapping_member,0,,榮剛,,,,,leader_entry,,0,buy,2023-03-07,,,,5009
,event,2023-03-10,2023-03-g006-2023-03-09-2457,,,slots_full,0,,飛宏,,,,,leader_entry,,0,buy,2023-03-09,,,,2457
,event,2023-03-17,2023-03-g011-2023-03-16-3661,,,slots_full,0,,世芯-KY,,,,,leader_entry,,0,buy,2023-03-16,,,,3661
,event,2023-03-17,2023-03-g012-2023-03-16-2377,,,slots_full,0,,微星,,,,,leader_entry,,0,buy,2023-03-16,,,,2377
,event,2023-03-21,2023-03-g010-2023-03-20-6274,,,slots_full,0,,台燿,,,,,leader_entry,,0,buy,2023-03-20,,,,6274
,event,2023-03-23,2023-03-g015-2023-03-22-2727,,,slots_full,0,,王品,,,,,leader_entry,,0,buy,2023-03-22,,,,2727
,event,2023-03-23,2023-03-g007-2023-03-22-8046,,,slots_full,0,,南電,,,,,leader_entry,,0,buy,2023-03-22,,,,8046
,event,2023-03-28,2023-03-g013-2023-03-27-8086,,,slots_full,0,,宏捷科,,,,,leader_entry,,0,buy,2023-03-27,,,,8086
,event,2023-03-31,2023-03-g018-2023-03-30-8050,,,slots_full,0,,廣積,,,,,leader_entry,,0,buy,2023-03-30,,,,8050
,event,2023-04-07,2023-04-g007-2023-04-06-3324,,,slots_full,0,,雙鴻,,,,,leader_entry,,0,buy,2023-04-06,,,,3324
,event,2023-04-13,2023-04-g017-2023-04-12-3529,,,slots_full,0,,力旺,,,,,leader_entry,,0,buy,2023-04-12,,,,3529
,event,2023-04-18,2023-04-g014-2023-04-17-6235,,,slots_full,0,,華孚,,,,,leader_entry,,0,buy,2023-04-17,,,,6235
,event,2023-04-18,2023-04-g001-2023-04-17-1319,,,slots_full,0,,東陽,,,,,leader_entry,,0,buy,2023-04-17,,,,1319
,event,2023-04-19,2023-04-g016-2023-04-18-4979,,,slots_full,0,,華星光,,,,,leader_entry,,0,buy,2023-04-18,,,,4979
,event,2023-04-19,2023-04-g015-2023-04-18-4961,,,slots_full,0,,天鈺,,,,,leader_entry,,0,buy,2023-04-18,,,,4961
,event,2023-04-20,2023-04-g005-2023-04-19-2382,,,slots_full,0,,廣達,,,,,leader_entry,,0,buy,2023-04-19,,,,2382
,event,2023-04-21,2023-04-g002-2023-04-20-6282,,,slots_full,0,,康舒,,,,,leader_entry,,0,buy,2023-04-20,,,,6282
113000.0,board,2023-04-26,2023-01-g017-2023-01-09-2887,daily_high_low_midpoint_proxy,13:30:00,,15000,15.4,台新新光金,08:59:00,0.01,191442550.75500003,11369796.3,time63,17.15,15000,sell,2023-04-25,17.25,17.05,14987564.0,2887
756.0,odd,2023-04-26,2023-01-g017-2023-01-09-2887,daily_high_low_midpoint_proxy,13:30:00,,521,15.4,台新新光金,09:00:00,0.01,191442550.75500003,11369796.3,time63,17.125,521,sell,2023-04-25,17.2,17.05,75625.0,2887
190000.0,board,2023-05-03,2023-05-g006-2023-05-02-1905,daily_high_low_midpoint_proxy,13:30:00,,14000,28.3,華紙,08:59:00,0.01,446326626.23999995,19001569.8,leader_entry,26.1,14000,buy,2023-05-02,27.0,25.2,69723072.0,1905
1002.0,odd,2023-05-03,2023-05-g006-2023-05-02-1905,daily_high_low_midpoint_proxy,13:30:00,,282,28.3,華紙,09:00:00,0.01,446326626.23999995,19001569.8,leader_entry,26.1,282,buy,2023-05-02,26.85,25.35,100299.0,1905
,event,2023-05-05,2023-05-g008-2023-05-04-2206,,,slots_full,0,,三陽工業,,,,,leader_entry,,0,buy,2023-05-04,,,,2206
,event,2023-05-08,2023-05-g007-2023-05-05-3017,,,slots_full,0,,奇鋐,,,,,leader_entry,,0,buy,2023-05-05,,,,3017
,event,2023-05-09,2023-05-g002-2023-05-08-4541,,,slots_full,0,,晟田,,,,,leader_entry,,0,buy,2023-05-08,,,,4541
,event,2023-05-10,2023-05-g021-2023-05-09-8046,,,slots_full,0,,南電,,,,,leader_entry,,0,buy,2023-05-09,,,,8046
,event,2023-05-10,2023-05-g011-2023-05-09-2324,,,slots_full,0,,仁寶,,,,,leader_entry,,0,buy,2023-05-09,,,,2324
,event,2023-05-11,2023-05-g004-2023-05-10-1762,,,slots_full,0,,中化生,,,,,leader_entry,,0,buy,2023-05-10,,,,1762
,event,2023-05-17,2023-05-g001-2023-05-16-1519,,,slots_full,0,,華城,,,,,leader_entry,,0,buy,2023-05-16,,,,1519
,event,2023-05-17,2023-05-g022-2023-05-16-3661,,,slots_full,0,,世芯-KY,,,,,leader_entry,,0,buy,2023-05-16,,,,3661
,event,2023-05-18,2023-05-g005-2023-05-17-1795,,,slots_full,0,,美時,,,,,leader_entry,,0,buy,2023-05-17,,,,1795
,event,2023-05-18,2023-05-g017-2023-05-17-2887,,,slots_full,0,,台新新光金,,,,,leader_entry,,0,buy,2023-05-17,,,,2887
,event,2023-05-19,2023-05-g018-2023-05-18-3005,,,slots_full,0,,神基,,,,,leader_entry,,0,buy,2023-05-18,,,,3005
,event,2023-05-22,2023-05-g014-2023-05-19-5243,,,slots_full,0,,乙盛-KY,,,,,leader_entry,,0,buy,2023-05-19,,,,5243
,event,2023-05-23,2023-05-g009-2023-05-22-3025,,,slots_full,0,,星通,,,,,leader_entry,,0,buy,2023-05-22,,,,3025
,event,2023-05-23,2023-05-g024-2023-05-22-3675,,,slots_full,0,,德微,,,,,leader_entry,,0,buy,2023-05-22,,,,3675
,event,2023-05-26,2023-05-g012-2023-05-25-2408,,,slots_full,0,,南亞科,,,,,leader_entry,,0,buy,2023-05-25,,,,2408
146000.0,board,2023-06-02,2023-02-g007-2023-02-24-5009,daily_high_low_midpoint_proxy,13:30:00,,6000,51.5,榮剛,08:59:00,0.01,1022263990.475,18557141.05,time63,57.35,6000,sell,2023-06-01,58.1,56.6,14657100.0,5009
452.0,odd,2023-06-02,2023-02-g007-2023-02-24-5009,daily_high_low_midpoint_proxy,13:30:00,,221,51.5,榮剛,09:00:00,0.01,1022263990.475,18557141.05,time63,57.45,221,sell,2023-06-01,57.9,57.0,45230.0,5009
,event,2023-06-02,2023-06-g004-2023-06-01-2630,,,resource_slots_locked,0,,亞航,,,,,leader_entry,,666,buy,2023-06-01,,,,2630
40000.0,board,2023-06-06,2023-06-g013-2023-06-05-2455,daily_high_low_midpoint_proxy,13:30:00,,3000,127.0,全新,08:59:00,0.01,414828081.055,4011679.05,leader_entry,113.75,3000,buy,2023-06-05,117.5,110.0,8045845.0,2455
192.0,odd,2023-06-06,2023-06-g013-2023-06-05-2455,daily_high_low_midpoint_proxy,13:30:00,,15,127.0,全新,09:00:00,0.01,414828081.055,4011679.05,leader_entry,112.75,15,buy,2023-06-05,115.0,110.5,19297.0,2455
104000.0,board,2023-06-08,2023-03-g003-2023-03-06-8222,daily_high_low_midpoint_proxy,13:30:00,,8000,55.6,寶一,08:59:00,0.01,841328122.54,14029505.1,time63,62.15,8000,sell,2023-06-07,63.5,60.8,10437260.0,8222
182.0,odd,2023-06-08,2023-03-g003-2023-03-06-8222,daily_high_low_midpoint_proxy,13:30:00,,141,55.6,寶一,09:00:00,0.01,841328122.54,14029505.1,time63,62.3,141,sell,2023-06-07,63.5,61.1,18229.0,8222
,event,2023-06-08,2023-06-g023-2023-06-07-4979,,,resource_slots_locked,0,,華星光,,,,,leader_entry,,567,buy,2023-06-07,,,,4979
,event,2023-06-08,2023-06-g014-2023-06-07-6191,,,resource_slots_locked,0,,精成科,,,,,leader_entry,,951,buy,2023-06-07,,,,6191
23000.0,board,2023-06-09,2023-06-g020-2023-06-08-3014,daily_high_low_midpoint_proxy,13:30:00,,3000,130.0,聯陽,08:59:00,0.01,260889215.15,2383872.7,leader_entry,120.25,3000,buy,2023-06-08,123.5,117.0,6767165.0,3014
242.0,odd,2023-06-09,2023-06-g020-2023-06-08-3014,daily_high_low_midpoint_proxy,13:30:00,partial_midpoint_daily_capacity,242,130.0,聯陽,09:00:00,0.01,260889215.15,2383872.7,leader_entry,119.0,275,buy,2023-06-08,120.5,117.5,24268.0,3014
,event,2023-06-12,2023-06-g022-2023-06-09-3529,,,slots_full,0,,力旺,,,,,leader_entry,,0,buy,2023-06-09,,,,3529
,event,2023-06-13,2023-06-g012-2023-06-12-6148,,,slots_full,0,,驊宏資,,,,,leader_entry,,0,buy,2023-06-12,,,,6148
,event,2023-06-13,2023-06-g019-2023-06-12-2888,,,slots_full,0,,新光金,,,,,leader_entry,,0,buy,2023-06-12,,,,2888
,event,2023-06-15,2023-06-g008-2023-06-14-3260,,,slots_full,0,,威剛,,,,,leader_entry,,0,buy,2023-06-14,,,,3260
,event,2023-06-16,2023-06-g010-2023-06-15-4966,,,slots_full,0,,譜瑞-KY,,,,,leader_entry,,0,buy,2023-06-15,,,,4966
,event,2023-06-19,2023-06-g009-2023-06-16-3017,,,slots_full,0,,奇鋐,,,,,leader_entry,,0,buy,2023-06-16,,,,3017
,event,2023-06-26,2023-06-g017-2023-06-21-2736,,,slots_full,0,,富野,,,,,leader_entry,,0,buy,2023-06-21,,,,2736
,event,2023-07-03,2023-06-g007-2023-06-30-8050,,,slots_full,0,,廣積,,,,,leader_entry,,0,buy,2023-06-30,,,,8050
,event,2023-07-04,2023-07-g011-2023-07-03-4906,,,slots_full,0,,正文,,,,,leader_entry,,0,buy,2023-07-03,,,,4906
,event,2023-07-04,2023-07-g004-2023-07-03-1905,,,overlapping_member,0,,華紙,,,,,leader_entry,,0,buy,2023-07-03,,,,1905
,event,2023-07-06,2023-07-g010-2023-07-05-6414,,,slots_full,0,,樺漢,,,,,leader_entry,,0,buy,2023-07-05,,,,6414
,event,2023-07-11,2023-07-g005-2023-07-10-2340,,,slots_full,0,,台亞,,,,,leader_entry,,0,buy,2023-07-10,,,,2340
,event,2023-07-12,2023-07-g017-2023-07-11-6669,,,slots_full,0,,緯穎,,,,,leader_entry,,0,buy,2023-07-11,,,,6669
,event,2023-07-13,2023-07-g019-2023-07-12-6188,,,slots_full,0,,廣明,,,,,leader_entry,,0,buy,2023-07-12,,,,6188
,event,2023-07-13,2023-07-g006-2023-07-12-2399,,,slots_full,0,,映泰,,,,,leader_entry,,0,buy,2023-07-12,,,,2399
,event,2023-07-14,2023-07-g013-2023-07-13-6691,,,slots_full,0,,洋基工程,,,,,leader_entry,,0,buy,2023-07-13,,,,6691
,event,2023-07-14,2023-07-g008-2023-07-13-2359,,,slots_full,0,,所羅門,,,,,leader_entry,,0,buy,2023-07-13,,,,2359
,event,2023-07-19,2023-07-g009-2023-07-18-2379,,,slots_full,0,,瑞昱,,,,,leader_entry,,0,buy,2023-07-18,,,,2379
,event,2023-07-31,2023-07-g012-2023-07-28-4979,,,slots_full,0,,華星光,,,,,leader_entry,,0,buy,2023-07-28,,,,4979
,event,2023-08-01,2023-07-g018-2023-07-31-4919,,,slots_full,0,,新唐,,,,,leader_entry,,0,buy,2023-07-31,,,,4919
351000.0,board,2023-08-02,2023-05-g006-2023-05-02-1905,daily_high_low_midpoint_proxy,13:30:00,,14000,28.0,華紙,08:59:00,0.01,1052849963.8675001,35177767.4,time63,31.900000000000002,14000,sell,2023-08-01,33.2,30.6,88180130.0,1905
1337.0,odd,2023-08-02,2023-05-g006-2023-05-02-1905,daily_high_low_midpoint_proxy,13:30:00,,282,28.0,華紙,09:00:00,0.01,1052849963.8675001,35177767.4,time63,31.825000000000003,282,sell,2023-08-01,32.95,30.7,133720.0,1905
66000.0,board,2023-08-08,2023-08-g013-2023-08-07-3689,daily_high_low_midpoint_proxy,13:30:00,,6000,71.0,湧德,08:59:00,0.01,423485239.66999996,7210564.2,leader_entry,62.5,6000,buy,2023-08-07,64.8,60.2,6656317.0,3689
131.0,odd,2023-08-08,2023-08-g013-2023-08-07-3689,daily_high_low_midpoint_proxy,13:30:00,partial_midpoint_daily_capacity,131,71.0,湧德,09:00:00,0.01,423485239.66999996,7210564.2,leader_entry,62.15,914,buy,2023-08-07,63.5,60.8,13117.0,3689
,event,2023-08-09,2023-08-g012-2023-08-08-2885,,,slots_full,0,,元大金,,,,,leader_entry,,0,buy,2023-08-08,,,,2885
,event,2023-08-16,2023-08-g004-2023-08-15-2324,,,slots_full,0,,仁寶,,,,,leader_entry,,0,buy,2023-08-15,,,,2324
,event,2023-08-23,2023-08-g001-2023-08-22-1519,,,slots_full,0,,華城,,,,,leader_entry,,0,buy,2023-08-22,,,,1519
,event,2023-08-30,2023-08-g016-2023-08-29-6213,,,slots_full,0,,聯茂,,,,,leader_entry,,0,buy,2023-08-29,,,,6213
,event,2023-08-30,2023-08-g009-2023-08-29-2455,,,overlapping_member,0,,全新,,,,,leader_entry,,0,buy,2023-08-29,,,,2455
,event,2023-08-31,2023-08-g007-2023-08-30-3653,,,slots_full,0,,健策,,,,,leader_entry,,0,buy,2023-08-30,,,,3653
51000.0,board,2023-09-06,2023-06-g013-2023-06-05-2455,daily_high_low_midpoint_proxy,13:30:00,,3000,136.5,全新,08:59:00,0.01,720463891.475,5172493.4,time63,149.0,3000,sell,2023-09-05,152.0,146.0,6830284.0,2455
206.0,odd,2023-09-06,2023-06-g013-2023-06-05-2455,daily_high_low_midpoint_proxy,13:30:00,,15,136.5,全新,09:00:00,0.01,720463891.475,5172493.4,time63,149.5,15,sell,2023-09-05,152.0,147.0,20602.0,2455
73000.0,board,2023-09-07,2023-09-g012-2023-09-06-6191,daily_high_low_midpoint_proxy,13:30:00,,7000,66.5,精成科,08:59:00,0.01,409680961.14,7329939.25,leader_entry,62.3,7000,buy,2023-09-06,64.6,60.0,24891336.0,6191
877.0,odd,2023-09-07,2023-09-g012-2023-09-06-6191,daily_high_low_midpoint_proxy,13:30:00,,713,66.5,精成科,09:00:00,0.01,409680961.14,7329939.25,leader_entry,62.349999999999994,713,buy,2023-09-06,64.3,60.4,87716.0,6191
49000.0,board,2023-09-11,2023-06-g020-2023-06-08-3014,daily_high_low_midpoint_proxy,13:30:00,,3000,146.5,聯陽,08:59:00,0.01,726473850.85,4928137.3,time63,161.25,3000,sell,2023-09-08,166.5,156.0,11845148.0,3014
482.0,odd,2023-09-11,2023-06-g020-2023-06-08-3014,daily_high_low_midpoint_proxy,13:30:00,,242,146.5,聯陽,09:00:00,0.01,726473850.85,4928137.3,time63,159.75,242,sell,2023-09-08,163.5,156.0,48292.0,3014
215.0,odd,2023-09-13,2023-09-g005-2023-09-12-2327,daily_high_low_midpoint_proxy,13:30:00,partial_midpoint_daily_capacity,215,565.0,國巨*,09:00:00,0.01,948442918.325,1940328.65,leader_entry,508.5,902,buy,2023-09-12,512.0,505.0,21500.0,2327
,event,2023-09-14,2023-09-g016-2023-09-13-3661,,,slots_full,0,,世芯-KY,,,,,leader_entry,,0,buy,2023-09-13,,,,3661
,event,2023-09-14,2023-09-g008-2023-09-13-3005,,,slots_full,0,,神基,,,,,leader_entry,,0,buy,2023-09-13,,,,3005
,event,2023-09-15,2023-09-g011-2023-09-14-3014,,,slots_full,0,,聯陽,,,,,leader_entry,,0,buy,2023-09-14,,,,3014
,event,2023-09-15,2023-09-g006-2023-09-14-3324,,,slots_full,0,,雙鴻,,,,,leader_entry,,0,buy,2023-09-14,,,,3324
,event,2023-09-18,2023-09-g001-2023-09-15-2885,,,slots_full,0,,元大金,,,,,leader_entry,,0,buy,2023-09-15,,,,2885
6000.0,board,2023-10-12,2023-08-g013-2023-08-07-3689,daily_high_low_midpoint_proxy,13:30:00,,6000,47.65,湧德,08:59:00,0.01,96272852.915,1623752.7,loss12,53.45,6000,sell,2023-10-11,53.9,53.0,697719.0,3689
44.0,odd,2023-10-12,2023-08-g013-2023-08-07-3689,daily_high_low_midpoint_proxy,13:30:00,partial_midpoint_daily_capacity,44,47.65,湧德,09:00:00,0.01,96272852.915,1623752.7,loss12,53.55,131,sell,2023-10-11,53.8,53.3,4457.0,3689
60.0,odd,2023-10-13,2023-08-g013-2023-08-07-3689,daily_high_low_midpoint_proxy,13:30:00,partial_midpoint_daily_capacity,60,48.15,湧德,09:00:00,0.01,92853466.78,1568437.55,loss12,52.8,87,sell,2023-10-11,53.3,52.3,6074.0,3689
138000.0,board,2023-10-13,2023-10-g007-2023-10-12-3006,daily_high_low_midpoint_proxy,13:30:00,,4000,106.5,晶豪科,08:59:00,0.01,1243006547.285,13844779.05,leader_entry,96.75,4000,buy,2023-10-12,97.9,95.6,19110144.0,3006
414.0,odd,2023-10-13,2023-10-g007-2023-10-12-3006,daily_high_low_midpoint_proxy,13:30:00,partial_midpoint_daily_capacity,414,106.5,晶豪科,09:00:00,0.01,1243006547.285,13844779.05,leader_entry,96.6,668,buy,2023-10-12,97.6,95.6,41428.0,3006
17.0,odd,2023-10-16,2023-08-g013-2023-08-07-3689,daily_high_low_midpoint_proxy,13:30:00,partial_midpoint_daily_capacity,17,47.25,湧德,09:00:00,0.01,90687387.09,1534965.2,loss12,52.2,27,sell,2023-10-11,52.5,51.9,1785.0,3689
204.0,odd,2023-10-17,2023-08-g013-2023-08-07-3689,daily_high_low_midpoint_proxy,13:30:00,,10,46.8,湧德,09:00:00,0.01,89453884.39000002,1518340.15,loss12,51.5,10,sell,2023-10-11,52.1,50.9,20431.0,3689
,event,2023-10-18,2023-10-g011-2023-10-17-3491,,,slots_full,0,,昇達科,,,,,leader_entry,,0,buy,2023-10-17,,,,3491
,event,2023-10-20,2023-10-g012-2023-10-19-2605,,,slots_full,0,,新興,,,,,leader_entry,,0,buy,2023-10-19,,,,2605
76000.0,board,2023-11-01,2023-10-g007-2023-10-12-3006,daily_high_low_midpoint_proxy,13:30:00,,4000,75.6,晶豪科,08:59:00,0.01,1614368114.41,17541870.7,loss12,86.55000000000001,4000,sell,2023-10-31,87.9,85.2,7627337.0,3006
187.0,odd,2023-11-01,2023-10-g007-2023-10-12-3006,daily_high_low_midpoint_proxy,13:30:00,partial_midpoint_daily_capacity,187,75.6,晶豪科,09:00:00,0.01,1614368114.41,17541870.7,loss12,86.9,414,sell,2023-10-31,87.9,85.9,18754.0,3006
378.0,odd,2023-11-02,2023-10-g007-2023-10-12-3006,daily_high_low_midpoint_proxy,13:30:00,,227,78.3,晶豪科,09:00:00,0.01,1620969915.3,17599196.3,loss12,90.44999999999999,227,sell,2023-10-31,92.6,88.3,37810.0,3006
443.0,odd,2023-11-06,2023-11-g012-2023-11-03-3661,daily_high_low_midpoint_proxy,13:30:00,,157,3140.0,世芯-KY,09:00:00,0.01,7068022854.0,2644747.55,leader_entry,2907.5,157,buy,2023-11-03,2940.0,2875.0,44319.0,3661
,event,2023-11-06,2023-11-g001-2023-11-03-5876,,,slots_full,0,,上海商銀,,,,,leader_entry,,0,buy,2023-11-03,,,,5876
,event,2023-11-07,2023-11-g010-2023-11-06-4967,,,slots_full,0,,十銓,,,,,leader_entry,,0,buy,2023-11-06,,,,4967
,event,2023-11-08,2023-11-g003-2023-11-07-4743,,,slots_full,0,,合一,,,,,leader_entry,,0,buy,2023-11-07,,,,4743
,event,2023-11-09,2023-11-g009-2023-11-08-2743,,,slots_full,0,,山富,,,,,leader_entry,,0,buy,2023-11-08,,,,2743
,event,2023-11-09,2023-11-g011-2023-11-08-3217,,,slots_full,0,,優群,,,,,leader_entry,,0,buy,2023-11-08,,,,3217
,event,2023-11-17,2023-11-g005-2023-11-16-3324,,,slots_full,0,,雙鴻,,,,,leader_entry,,0,buy,2023-11-16,,,,3324
,event,2023-12-04,2023-12-g011-2023-12-01-6245,,,slots_full,0,,立端,,,,,leader_entry,,0,buy,2023-12-01,,,,6245
,event,2023-12-06,2023-12-g004-2023-12-05-3013,,,slots_full,0,,晟銘電,,,,,leader_entry,,0,buy,2023-12-05,,,,3013
37000.0,board,2023-12-08,2023-09-g012-2023-09-06-6191,daily_high_low_midpoint_proxy,13:30:00,,7000,64.4,精成科,08:59:00,0.01,393535593.645,5872786.7,time63,72.25,7000,sell,2023-12-07,72.9,71.6,3742470.0,6191
124.0,odd,2023-12-08,2023-09-g012-2023-09-06-6191,daily_high_low_midpoint_proxy,13:30:00,partial_midpoint_daily_capacity,124,64.4,精成科,09:00:00,0.01,393535593.645,5872786.7,time63,72.1,713,sell,2023-12-07,72.5,71.7,12481.0,6191
205.0,odd,2023-12-11,2023-09-g012-2023-09-06-6191,daily_high_low_midpoint_proxy,13:30:00,partial_midpoint_daily_capacity,205,65.0,精成科,09:00:00,0.01,393104822.84499997,5835053.95,time63,71.65,589,sell,2023-12-07,72.4,70.9,20520.0,6191
25000.0,board,2023-12-11,2023-12-g007-2023-12-08-2458,daily_high_low_midpoint_proxy,13:30:00,,3000,173.0,義隆,08:59:00,0.01,447084747.425,2994305.4,leader_entry,157.75,3000,buy,2023-12-08,159.5,156.0,2547017.0,2458
280.0,odd,2023-12-11,2023-12-g007-2023-12-08-2458,daily_high_low_midpoint_proxy,13:30:00,,54,173.0,義隆,09:00:00,0.01,447084747.425,2994305.4,leader_entry,157.75,54,buy,2023-12-08,159.0,156.5,28083.0,2458
172.0,odd,2023-12-12,2023-09-g012-2023-09-06-6191,daily_high_low_midpoint_proxy,13:30:00,partial_midpoint_daily_capacity,172,63.7,精成科,09:00:00,0.01,395037566.96,5846632.2,time63,70.6,384,sell,2023-12-07,71.1,70.1,17299.0,6191
,event,2023-12-12,2023-12-g008-2023-12-11-2603,,,slots_full,0,,長榮,,,,,leader_entry,,0,buy,2023-12-11,,,,2603
135.0,odd,2023-12-13,2023-09-g012-2023-09-06-6191,daily_high_low_midpoint_proxy,13:30:00,partial_midpoint_daily_capacity,135,63.3,精成科,09:00:00,0.01,401269140.71500003,5920500.25,time63,70.85,212,sell,2023-12-07,71.4,70.3,13536.0,6191
,event,2023-12-13,2023-12-g001-2023-12-12-2890,,,slots_full,0,,永豐金,,,,,leader_entry,,0,buy,2023-12-12,,,,2890
438.0,odd,2023-12-14,2023-09-g012-2023-09-06-6191,daily_high_low_midpoint_proxy,13:30:00,,77,64.0,精成科,09:00:00,0.01,397924422.025,5855824.05,time63,72.85,77,sell,2023-12-07,73.5,72.2,43807.0,6191
3651.0,odd,2023-12-14,2023-09-g005-2023-09-12-2327,daily_high_low_midpoint_proxy,13:30:00,,215,545.0,國巨*,09:00:00,0.01,1606799588.5,2715976.7,time63,624.0,215,sell,2023-12-13,631.0,617.0,365122.0,2327
910.0,odd,2023-12-18,2023-12-g003-2023-12-15-6472,daily_high_low_midpoint_proxy,13:30:00,,732,743.0,保瑞,09:00:00,0.01,1215367535.85,1892488.05,leader_entry,680.5,732,buy,2023-12-15,688.0,673.0,91072.0,6472
,event,2023-12-19,2023-12-g010-2023-12-18-3006,,,slots_full,0,,晶豪科,,,,,leader_entry,,0,buy,2023-12-18,,,,3006
,event,2023-12-21,2023-12-g006-2023-12-20-6138,,,slots_full,0,,茂達,,,,,leader_entry,,0,buy,2023-12-20,,,,6138
,event,2024-01-04,2024-01-g008-2024-01-03-5236,,,slots_full,0,,凌陽創新,,,,,leader_entry,,0,buy,2024-01-03,,,,5236
,event,2024-01-10,2024-01-g012-2024-01-09-6187,,,slots_full,0,,萬潤,,,,,leader_entry,,0,buy,2024-01-09,,,,6187
,event,2024-01-16,2024-01-g003-2024-01-15-1795,,,slots_full,0,,美時,,,,,leader_entry,,0,buy,2024-01-15,,,,1795
,event,2024-01-24,2024-01-g009-2024-01-23-3265,,,slots_full,0,,台星科,,,,,leader_entry,,0,buy,2024-01-23,,,,3265
,event,2024-01-30,2024-01-g005-2024-01-29-2421,,,slots_full,0,,建準,,,,,leader_entry,,0,buy,2024-01-29,,,,2421
292.0,odd,2024-02-02,2023-11-g012-2023-11-03-3661,daily_high_low_midpoint_proxy,13:30:00,,157,3565.0,世芯-KY,09:00:00,0.01,6991090664.25,1879954.7,time63,3952.5,157,sell,2024-02-01,3995.0,3910.0,29203.0,3661
36000.0,board,2024-02-15,2024-02-g013-2024-02-05-6546,daily_high_low_midpoint_proxy,13:30:00,,3000,152.5,正基,08:59:00,0.01,467352381.2,3646221.9,leader_entry,144.0,3000,buy,2024-02-05,151.0,137.0,6130264.0,6546
190.0,odd,2024-02-15,2024-02-g013-2024-02-05-6546,daily_high_low_midpoint_proxy,13:30:00,partial_midpoint_daily_capacity,190,152.5,正基,09:00:00,0.01,467352381.2,3646221.9,leader_entry,144.25,647,buy,2024-02-05,149.5,139.0,19088.0,6546
,event,2024-02-16,2024-02-g014-2024-02-15-3044,,,slots_full,0,,健鼎,,,,,leader_entry,,0,buy,2024-02-15,,,,3044
,event,2024-02-16,2024-02-g006-2024-02-15-6533,,,slots_full,0,,晶心科,,,,,leader_entry,,0,buy,2024-02-15,,,,6533
,event,2024-02-16,2024-02-g008-2024-02-15-4966,,,slots_full,0,,譜瑞-KY,,,,,leader_entry,,0,buy,2024-02-15,,,,4966
,event,2024-02-16,2024-02-g012-2024-02-15-8299,,,slots_full,0,,群聯,,,,,leader_entry,,0,buy,2024-02-15,,,,8299
,event,2024-02-19,2024-02-g009-2024-02-16-3363,,,slots_full,0,,上詮,,,,,leader_entry,,0,buy,2024-02-16,,,,3363
,event,2024-02-20,2024-02-g002-2024-02-19-1503,,,slots_full,0,,士電,,,,,leader_entry,,0,buy,2024-02-19,,,,1503
,event,2024-02-20,2024-02-g003-2024-02-19-6806,,,slots_full,0,,森崴能源,,,,,leader_entry,,0,buy,2024-02-19,,,,6806
,event,2024-03-01,2024-02-g001-2024-02-29-2881,,,slots_full,0,,富邦金,,,,,leader_entry,,0,buy,2024-02-29,,,,2881
,event,2024-03-05,2024-03-g008-2024-03-04-2449,,,slots_full,0,,京元電子,,,,,leader_entry,,0,buy,2024-03-04,,,,2449
,event,2024-03-05,2024-03-g009-2024-03-04-2603,,,slots_full,0,,長榮,,,,,leader_entry,,0,buy,2024-03-04,,,,2603
,event,2024-03-05,2024-03-g005-2024-03-04-5388,,,slots_full,0,,中磊,,,,,leader_entry,,0,buy,2024-03-04,,,,5388
,event,2024-03-06,2024-03-g003-2024-03-05-6806,,,slots_full,0,,森崴能源,,,,,leader_entry,,0,buy,2024-03-05,,,,6806
,event,2024-03-08,2024-03-g004-2024-03-07-3515,,,slots_full,0,,華擎,,,,,leader_entry,,0,buy,2024-03-07,,,,3515
,event,2024-03-08,2024-03-g011-2024-03-07-3163,,,slots_full,0,,波若威,,,,,leader_entry,,0,buy,2024-03-07,,,,3163
32000.0,board,2024-03-11,2024-02-g013-2024-02-05-6546,daily_high_low_midpoint_proxy,13:30:00,,3000,109.5,正基,08:59:00,0.01,664906797.625,4679585.7,loss12,125.25,3000,sell,2024-03-08,129.0,121.5,3206564.0,6546
89.0,odd,2024-03-11,2024-02-g013-2024-02-05-6546,daily_high_low_midpoint_proxy,13:30:00,partial_midpoint_daily_capacity,89,109.5,正基,09:00:00,0.01,664906797.625,4679585.7,loss12,125.5,190,sell,2024-03-08,129.0,122.0,8979.0,6546
86.0,odd,2024-03-12,2024-02-g013-2024-02-05-6546,daily_high_low_midpoint_proxy,13:30:00,partial_midpoint_daily_capacity,86,113.5,正基,09:00:00,0.01,660880531.675,4657751.35,loss12,130.0,101,sell,2024-03-08,132.0,128.0,8674.0,6546
82000.0,board,2024-03-12,2024-03-g012-2024-03-11-8040,daily_high_low_midpoint_proxy,13:30:00,,6000,88.6,九暘,08:59:00,0.01,526694823.12,8217447.45,leader_entry,84.75,6000,buy,2024-03-11,88.6,80.9,29553368.0,8040
445.0,odd,2024-03-12,2024-03-g012-2024-03-11-8040,daily_high_low_midpoint_proxy,13:30:00,,32,88.6,九暘,09:00:00,0.01,526694823.12,8217447.45,leader_entry,85.1,32,buy,2024-03-11,88.6,81.6,44559.0,8040
124.0,odd,2024-03-13,2024-02-g013-2024-02-05-6546,daily_high_low_midpoint_proxy,13:30:00,,15,114.5,正基,09:00:00,0.01,631398879.475,4451241.75,loss12,123.25,15,sell,2024-03-08,128.0,118.5,12408.0,6546
,event,2024-03-14,2024-03-g002-2024-03-13-1503,,,slots_full,0,,士電,,,,,leader_entry,,0,buy,2024-03-13,,,,1503
31000.0,board,2024-03-20,2023-12-g007-2023-12-08-2458,daily_high_low_midpoint_proxy,13:30:00,,3000,148.5,義隆,08:59:00,0.01,537577578.375,3243523.9,time63,167.5,3000,sell,2024-03-19,170.0,165.0,3120682.0,2458
376.0,odd,2024-03-20,2023-12-g007-2023-12-08-2458,daily_high_low_midpoint_proxy,13:30:00,,54,148.5,義隆,09:00:00,0.01,537577578.375,3243523.9,time63,168.0,54,sell,2024-03-19,169.0,167.0,37655.0,2458
,event,2024-03-20,2024-03-g006-2024-03-19-4938,,,resource_slots_locked,0,,和碩,,,,,leader_entry,,1645,buy,2024-03-19,,,,4938
665.0,odd,2024-03-27,2023-12-g003-2023-12-15-6472,daily_high_low_midpoint_proxy,13:30:00,partial_midpoint_daily_capacity,665,558.0,保瑞,09:00:00,0.01,776563075.65,1196166.8,time63,639.0,732,sell,2024-03-26,652.0,626.0,66551.0,6472
623.0,odd,2024-03-28,2023-12-g003-2023-12-15-6472,daily_high_low_midpoint_proxy,13:30:00,,67,581.0,保瑞,09:00:00,0.01,812065410.15,1254262.9,time63,653.5,67,sell,2024-03-26,659.0,648.0,62302.0,6472
397000.0,board,2024-04-03,2024-04-g005-2024-04-02-2486,daily_high_low_midpoint_proxy,13:30:00,,6000,79.8,一詮,08:59:00,0.01,2309800174.245,39735501.0,leader_entry,73.9,6000,buy,2024-04-02,77.8,70.0,127859620.0,2486
1568.0,odd,2024-04-03,2024-04-g005-2024-04-02-2486,daily_high_low_midpoint_proxy,13:30:00,,795,79.8,一詮,09:00:00,0.01,2309800174.245,39735501.0,leader_entry,73.85,795,buy,2024-04-02,77.2,70.5,156865.0,2486
137000.0,board,2024-04-09,2024-04-g008-2024-04-08-6188,daily_high_low_midpoint_proxy,13:30:00,,4000,114.5,廣明,08:59:00,0.01,1362574437.6,13769135.65,leader_entry,103.25,4000,buy,2024-04-08,108.5,98.0,33816976.0,6188
1474.0,odd,2024-04-09,2024-04-g008-2024-04-08-6188,daily_high_low_midpoint_proxy,13:30:00,,683,114.5,廣明,09:00:00,0.01,1362574437.6,13769135.65,leader_entry,102.3,683,buy,2024-04-08,106.0,98.6,147460.0,6188
,event,2024-04-10,2024-04-g007-2024-04-09-6117,,,slots_full,0,,迎廣,,,,,leader_entry,,0,buy,2024-04-09,,,,6117
,event,2024-04-10,2024-04-g004-2024-04-09-1605,,,slots_full,0,,華新,,,,,leader_entry,,0,buy,2024-04-09,,,,1605
,event,2024-04-11,2024-04-g003-2024-04-10-1514,,,slots_full,0,,亞力,,,,,leader_entry,,0,buy,2024-04-10,,,,1514
,event,2024-04-11,2024-04-g001-2024-04-10-2890,,,slots_full,0,,永豐金,,,,,leader_entry,,0,buy,2024-04-10,,,,2890
,event,2024-04-15,2024-04-g014-2024-04-12-3680,,,slots_full,0,,家登,,,,,leader_entry,,0,buy,2024-04-12,,,,3680
11000.0,board,2024-04-16,2024-03-g012-2024-03-11-8040,daily_high_low_midpoint_proxy,13:30:00,,6000,69.3,九暘,08:59:00,0.01,210634293.87,2538038.6,loss12,75.25,6000,sell,2024-04-15,77.5,73.0,1137978.0,8040
69.0,odd,2024-04-16,2024-03-g012-2024-03-11-8040,daily_high_low_midpoint_proxy,13:30:00,,32,69.3,九暘,09:00:00,0.01,210634293.87,2538038.6,loss12,75.25,32,sell,2024-04-15,77.0,73.5,6975.0,8040
49000.0,board,2024-04-17,2024-04-g008-2024-04-08-6188,daily_high_low_midpoint_proxy,13:30:00,,4000,78.2,廣明,08:59:00,0.01,1700190127.7150002,17159630.45,loss12,88.55,4000,sell,2024-04-16,89.6,87.5,4930596.0,6188
294.0,odd,2024-04-17,2024-04-g008-2024-04-08-6188,daily_high_low_midpoint_proxy,13:30:00,partial_midpoint_daily_capacity,294,78.2,廣明,09:00:00,0.01,1700190127.7150002,17159630.45,loss12,88.55,683,sell,2024-04-16,89.5,87.6,29483.0,6188
273.0,odd,2024-04-18,2024-04-g008-2024-04-08-6188,daily_high_low_midpoint_proxy,13:30:00,partial_midpoint_daily_capacity,273,80.1,廣明,09:00:00,0.01,1714147498.7350001,17306919.25,loss12,88.3,389,sell,2024-04-16,89.1,87.5,27342.0,6188
514.0,odd,2024-04-19,2024-04-g008-2024-04-08-6188,daily_high_low_midpoint_proxy,13:30:00,,116,79.0,廣明,09:00:00,0.01,1656870700.59,16658317.65,loss12,85.9,116,sell,2024-04-16,88.3,83.5,51485.0,6188
2697.0,odd,2024-04-19,2024-04-g009-2024-04-18-3017,daily_high_low_midpoint_proxy,13:30:00,,650,748.0,奇鋐,09:00:00,0.01,8712303667.0,14926037.3,leader_entry,647.0,650,buy,2024-04-18,679.0,615.0,269725.0,3017
75000.0,board,2024-04-23,2024-04-g012-2024-04-22-2637,daily_high_low_midpoint_proxy,13:30:00,,6000,76.1,慧洋-KY,08:59:00,0.01,482125987.81499994,7537726.25,leader_entry,68.55000000000001,6000,buy,2024-04-22,69.7,67.4,11642227.0,2637
472.0,odd,2024-04-23,2024-04-g012-2024-04-22-2637,daily_high_low_midpoint_proxy,13:30:00,,72,76.1,慧洋-KY,09:00:00,0.01,482125987.81499994,7537726.25,leader_entry,68.5,72,buy,2024-04-22,69.6,67.4,47221.0,2637
,event,2024-04-26,2024-04-g010-2024-04-25-6176,,,slots_full,0,,瑞儀,,,,,leader_entry,,0,buy,2024-04-25,,,,6176
,event,2024-04-30,2024-04-g013-2024-04-29-3289,,,slots_full,0,,宜特,,,,,leader_entry,,0,buy,2024-04-29,,,,3289
,event,2024-05-02,2024-04-g018-2024-04-30-4915,,,slots_full,0,,致伸,,,,,leader_entry,,0,buy,2024-04-30,,,,4915
,event,2024-05-03,2024-05-g005-2024-05-02-5512,,,slots_full,0,,力麒,,,,,leader_entry,,0,buy,2024-05-02,,,,5512
,event,2024-05-03,2024-05-g010-2024-05-02-6176,,,slots_full,0,,瑞儀,,,,,leader_entry,,0,buy,2024-05-02,,,,6176
,event,2024-05-06,2024-05-g014-2024-05-03-2618,,,slots_full,0,,長榮航,,,,,leader_entry,,0,buy,2024-05-03,,,,2618
,event,2024-05-07,2024-05-g004-2024-05-06-6442,,,slots_full,0,,光聖,,,,,leader_entry,,0,buy,2024-05-06,,,,6442
,event,2024-05-08,2024-05-g012-2024-05-07-2540,,,slots_full,0,,愛山林,,,,,leader_entry,,0,buy,2024-05-07,,,,2540
,event,2024-05-08,2024-05-g013-2024-05-07-2637,,,overlapping_member,0,,慧洋-KY,,,,,leader_entry,,0,buy,2024-05-07,,,,2637
,event,2024-05-08,2024-05-g017-2024-05-07-3413,,,slots_full,0,,京鼎,,,,,leader_entry,,0,buy,2024-05-07,,,,3413
,event,2024-05-13,2024-05-g001-2024-05-10-2880,,,slots_full,0,,華南金,,,,,leader_entry,,0,buy,2024-05-10,,,,2880
,event,2024-05-15,2024-05-g020-2024-05-14-3363,,,slots_full,0,,上詮,,,,,leader_entry,,0,buy,2024-05-14,,,,3363
,event,2024-05-16,2024-05-g008-2024-05-15-6669,,,slots_full,0,,緯穎,,,,,leader_entry,,0,buy,2024-05-15,,,,6669
,event,2024-05-22,2024-05-g018-2024-05-21-3483,,,slots_full,0,,力致,,,,,leader_entry,,0,buy,2024-05-21,,,,3483
,event,2024-05-29,2024-05-g019-2024-05-28-8027,,,slots_full,0,,鈦昇,,,,,leader_entry,,0,buy,2024-05-28,,,,8027
,event,2024-05-30,2024-05-g006-2024-05-29-1785,,,slots_full,0,,光洋科,,,,,leader_entry,,0,buy,2024-05-29,,,,1785
,event,2024-06-04,2024-06-g001-2024-06-03-2888,,,slots_full,0,,新光金,,,,,leader_entry,,0,buy,2024-06-03,,,,2888
,event,2024-06-06,2024-06-g010-2024-06-05-2328,,,slots_full,0,,廣宇,,,,,leader_entry,,0,buy,2024-06-05,,,,2328
,event,2024-06-07,2024-06-g017-2024-06-06-2615,,,slots_full,0,,萬海,,,,,leader_entry,,0,buy,2024-06-06,,,,2615
,event,2024-06-07,2024-06-g015-2024-06-06-6442,,,slots_full,0,,光聖,,,,,leader_entry,,0,buy,2024-06-06,,,,6442
,event,2024-06-11,2024-06-g016-2024-06-07-2486,,,overlapping_member,0,,一詮,,,,,leader_entry,,0,buy,2024-06-07,,,,2486
,event,2024-06-11,2024-06-g011-2024-06-07-4967,,,slots_full,0,,十銓,,,,,leader_entry,,0,buy,2024-06-07,,,,4967
,event,2024-06-11,2024-06-g004-2024-06-07-2542,,,slots_full,0,,興富發,,,,,leader_entry,,0,buy,2024-06-07,,,,2542
,event,2024-06-12,2024-06-g014-2024-06-11-6176,,,slots_full,0,,瑞儀,,,,,leader_entry,,0,buy,2024-06-11,,,,6176
,event,2024-06-13,2024-06-g009-2024-06-12-8028,,,slots_full,0,,昇陽半導體,,,,,leader_entry,,0,buy,2024-06-12,,,,8028
,event,2024-06-13,2024-06-g013-2024-06-12-2476,,,slots_full,0,,鉅祥,,,,,leader_entry,,0,buy,2024-06-12,,,,2476
,event,2024-06-13,2024-06-g012-2024-06-12-2383,,,slots_full,0,,台光電,,,,,leader_entry,,0,buy,2024-06-12,,,,2383
,event,2024-06-14,2024-06-g007-2024-06-13-1785,,,slots_full,0,,光洋科,,,,,leader_entry,,0,buy,2024-06-13,,,,1785
,event,2024-06-18,2024-06-g020-2024-06-17-3163,,,slots_full,0,,波若威,,,,,leader_entry,,0,buy,2024-06-17,,,,3163
,event,2024-06-20,2024-06-g021-2024-06-19-4909,,,slots_full,0,,新復興,,,,,leader_entry,,0,buy,2024-06-19,,,,4909
,event,2024-06-20,2024-06-g008-2024-06-19-6669,,,slots_full,0,,緯穎,,,,,leader_entry,,0,buy,2024-06-19,,,,6669
,event,2024-07-02,2024-07-g010-2024-07-01-3105,,,slots_full,0,,穩懋,,,,,leader_entry,,0,buy,2024-07-01,,,,3105
,event,2024-07-02,2024-07-g006-2024-07-01-5243,,,slots_full,0,,乙盛-KY,,,,,leader_entry,,0,buy,2024-07-01,,,,5243
,event,2024-07-03,2024-07-g005-2024-07-02-5508,,,slots_full,0,,永信建,,,,,leader_entry,,0,buy,2024-07-02,,,,5508
,event,2024-07-03,2024-07-g014-2024-07-02-3035,,,slots_full,0,,智原,,,,,leader_entry,,0,buy,2024-07-02,,,,3035
,event,2024-07-04,2024-07-g008-2024-07-03-2383,,,slots_full,0,,台光電,,,,,leader_entry,,0,buy,2024-07-03,,,,2383
243000.0,board,2024-07-05,2024-04-g005-2024-04-02-2486,daily_high_low_midpoint_proxy,13:30:00,,6000,124.5,一詮,08:59:00,0.01,2885008128.25,24354093.95,time63,144.75,6000,sell,2024-07-04,151.5,138.0,50002146.0,2486
2082.0,odd,2024-07-05,2024-04-g005-2024-04-02-2486,daily_high_low_midpoint_proxy,13:30:00,,795,124.5,一詮,09:00:00,0.01,2885008128.25,24354093.95,time63,144.75,795,sell,2024-07-04,151.0,138.5,208232.0,2486
,event,2024-07-05,2024-07-g013-2024-07-04-3374,,,resource_slots_locked,0,,精材,,,,,leader_entry,,863,buy,2024-07-04,,,,3374
381000.0,board,2024-07-08,2024-07-g009-2024-07-05-2365,daily_high_low_midpoint_proxy,13:30:00,,11000,59.5,昆盈,08:59:00,0.01,1535695206.0,38102366.05,leader_entry,56.35,11000,buy,2024-07-05,59.5,53.2,140866372.0,2365
2639.0,odd,2024-07-08,2024-07-g009-2024-07-05-2365,daily_high_low_midpoint_proxy,13:30:00,,618,59.5,昆盈,09:00:00,0.01,1535695206.0,38102366.05,leader_entry,56.8,618,buy,2024-07-05,59.5,54.1,263994.0,2365
,event,2024-07-11,2024-07-g002-2024-07-10-1513,,,slots_full,0,,中興電,,,,,leader_entry,,0,buy,2024-07-10,,,,1513
,event,2024-07-11,2024-07-g015-2024-07-10-3363,,,slots_full,0,,上詮,,,,,leader_entry,,0,buy,2024-07-10,,,,3363
918.0,odd,2024-07-19,2024-04-g009-2024-04-18-3017,daily_high_low_midpoint_proxy,13:30:00,,650,608.0,奇鋐,09:00:00,0.01,7637677154.1,10456204.9,time63,687.0,650,sell,2024-07-18,697.0,677.0,91857.0,3017
53000.0,board,2024-07-23,2024-04-g012-2024-04-22-2637,daily_high_low_midpoint_proxy,13:30:00,,6000,58.5,慧洋-KY,08:59:00,0.01,375001530.265,5435705.1,time63,67.45,6000,sell,2024-07-22,69.5,65.4,5396828.0,2637
280.0,odd,2024-07-23,2024-04-g012-2024-04-22-2637,daily_high_low_midpoint_proxy,13:30:00,,72,58.5,慧洋-KY,09:00:00,0.01,375001530.265,5435705.1,time63,67.35,72,sell,2024-07-22,69.3,65.4,28021.0,2637
274.0,odd,2024-08-07,2024-08-g004-2024-08-06-3131,daily_high_low_midpoint_proxy,13:30:00,partial_midpoint_daily_capacity,274,1725.0,弘塑,09:00:00,0.01,1477661649.75,1010905.15,leader_entry,1592.5,377,buy,2024-08-06,1650.0,1535.0,27486.0,3131
72000.0,board,2024-08-12,2024-08-g011-2024-08-09-8374,daily_high_low_midpoint_proxy,13:30:00,,4000,146.0,羅昇,08:59:00,0.01,852585187.775,7289561.9,leader_entry,130.5,4000,buy,2024-08-09,140.5,120.5,38284167.0,8374
698.0,odd,2024-08-12,2024-08-g011-2024-08-09-8374,daily_high_low_midpoint_proxy,13:30:00,partial_midpoint_daily_capacity,698,146.0,羅昇,09:00:00,0.01,852585187.775,7289561.9,leader_entry,131.0,778,buy,2024-08-09,140.0,122.0,69856.0,8374
,event,2024-08-12,2024-08-g010-2024-08-09-6215,,,slots_full,0,,和椿,,,,,leader_entry,,0,buy,2024-08-09,,,,6215
,event,2024-08-13,2024-08-g003-2024-08-12-3019,,,slots_full,0,,亞光,,,,,leader_entry,,0,buy,2024-08-12,,,,3019
,event,2024-08-19,2024-08-g001-2024-08-16-2881,,,slots_full,0,,富邦金,,,,,leader_entry,,0,buy,2024-08-16,,,,2881
,event,2024-09-02,2024-08-g006-2024-08-30-1808,,,slots_full,0,,潤隆,,,,,leader_entry,,0,buy,2024-08-30,,,,1808
,event,2024-09-03,2024-09-g020-2024-09-02-4763,,,slots_full,0,,材料*-KY,,,,,leader_entry,,0,buy,2024-09-02,,,,4763
,event,2024-09-06,2024-09-g003-2024-09-05-5234,,,slots_full,0,,達興材料,,,,,leader_entry,,0,buy,2024-09-05,,,,5234
,event,2024-09-16,2024-09-g010-2024-09-13-6274,,,slots_full,0,,台燿,,,,,leader_entry,,0,buy,2024-09-13,,,,6274
,event,2024-09-19,2024-09-g012-2024-09-18-3167,,,slots_full,0,,大量,,,,,leader_entry,,0,buy,2024-09-18,,,,3167
,event,2024-09-20,2024-09-g008-2024-09-19-2357,,,slots_full,0,,華碩,,,,,leader_entry,,0,buy,2024-09-19,,,,2357
,event,2024-09-23,2024-09-g015-2024-09-20-3653,,,slots_full,0,,健策,,,,,leader_entry,,0,buy,2024-09-20,,,,3653
,event,2024-09-25,2024-09-g001-2024-09-24-2882,,,slots_full,0,,國泰金,,,,,leader_entry,,0,buy,2024-09-24,,,,2882
,event,2024-09-26,2024-09-g004-2024-09-25-5871,,,slots_full,0,,中租-KY,,,,,leader_entry,,0,buy,2024-09-25,,,,5871
,event,2024-09-27,2024-09-g019-2024-09-26-4979,,,slots_full,0,,華星光,,,,,leader_entry,,0,buy,2024-09-26,,,,4979
,event,2024-09-27,2024-09-g007-2024-09-26-2543,,,slots_full,0,,皇昌,,,,,leader_entry,,0,buy,2024-09-26,,,,2543
,event,2024-10-04,2024-10-g004-2024-10-01-4563,,,slots_full,0,,百德,,,,,leader_entry,,0,buy,2024-10-01,,,,4563
86000.0,board,2024-10-11,2024-07-g009-2024-07-05-2365,daily_high_low_midpoint_proxy,13:30:00,,11000,43.9,昆盈,08:59:00,0.01,562516866.6225001,10355113.45,time63,47.725,11000,sell,2024-10-09,48.95,46.5,8619285.0,2365
563.0,odd,2024-10-11,2024-07-g009-2024-07-05-2365,daily_high_low_midpoint_proxy,13:30:00,partial_midpoint_daily_capacity,563,43.9,昆盈,09:00:00,0.01,562516866.6225001,10355113.45,time63,47.825,618,sell,2024-10-09,48.75,46.9,56385.0,2365
372.0,odd,2024-10-14,2024-07-g009-2024-07-05-2365,daily_high_low_midpoint_proxy,13:30:00,,55,42.05,昆盈,09:00:00,0.01,549878845.9975001,10230754.8,time63,47.05,55,sell,2024-10-09,47.8,46.3,37298.0,2365
28000.0,board,2024-10-16,2024-10-g003-2024-10-15-1560,daily_high_low_midpoint_proxy,13:30:00,,1000,401.5,中砂,08:59:00,0.01,949788419.875,2835886.05,leader_entry,360.25,1000,buy,2024-10-15,367.5,353.0,7753250.0,1560
687.0,odd,2024-10-16,2024-10-g003-2024-10-15-1560,daily_high_low_midpoint_proxy,13:30:00,,588,401.5,中砂,09:00:00,0.01,949788419.875,2835886.05,leader_entry,361.0,588,buy,2024-10-15,367.0,355.0,68744.0,1560
,event,2024-10-16,2024-10-g018-2024-10-15-4908,,,slots_full,0,,前鼎,,,,,leader_entry,,0,buy,2024-10-15,,,,4908
,event,2024-10-21,2024-10-g014-2024-10-18-3013,,,slots_full,0,,晟銘電,,,,,leader_entry,,0,buy,2024-10-18,,,,3013
,event,2024-10-22,2024-10-g015-2024-10-21-3533,,,slots_full,0,,嘉澤,,,,,leader_entry,,0,buy,2024-10-21,,,,3533
,event,2024-10-22,2024-10-g010-2024-10-21-6526,,,slots_full,0,,達發,,,,,leader_entry,,0,buy,2024-10-21,,,,6526
,event,2024-10-25,2024-10-g008-2024-10-24-2354,,,slots_full,0,,鴻準,,,,,leader_entry,,0,buy,2024-10-24,,,,2354
38000.0,board,2024-11-01,2024-10-g003-2024-10-15-1560,daily_high_low_midpoint_proxy,13:30:00,,1000,278.5,中砂,08:59:00,0.01,1708792769.675,4898456.45,loss12,304.5,1000,sell,2024-10-30,310.0,299.0,3842782.0,1560
529.0,odd,2024-11-01,2024-10-g003-2024-10-15-1560,daily_high_low_midpoint_proxy,13:30:00,partial_midpoint_daily_capacity,529,278.5,中砂,09:00:00,0.01,1708792769.675,4898456.45,loss12,306.5,588,sell,2024-10-30,312.0,301.0,52980.0,1560
883.0,odd,2024-11-04,2024-10-g003-2024-10-15-1560,daily_high_low_midpoint_proxy,13:30:00,,59,278.5,中砂,09:00:00,0.01,1749685039.075,5030986.8,loss12,303.25,59,sell,2024-10-30,307.0,299.5,88380.0,1560
358000.0,board,2024-11-05,2024-11-g008-2024-11-04-3231,daily_high_low_midpoint_proxy,13:30:00,,4000,127.5,緯創,08:59:00,0.01,3977086149.925,35860419.35,leader_entry,117.5,4000,buy,2024-11-04,120.0,115.0,76098508.0,3231
9790.0,odd,2024-11-05,2024-11-g008-2024-11-04-3231,daily_high_low_midpoint_proxy,13:30:00,,684,127.5,緯創,09:00:00,0.01,3977086149.925,35860419.35,leader_entry,118.0,684,buy,2024-11-04,120.0,116.0,979089.0,3231
,event,2024-11-08,2024-11-g019-2024-11-07-3037,,,slots_full,0,,欣興,,,,,leader_entry,,0,buy,2024-11-07,,,,3037
,event,2024-11-08,2024-11-g004-2024-11-07-1815,,,slots_full,0,,富喬,,,,,leader_entry,,0,buy,2024-11-07,,,,1815
105.0,odd,2024-11-11,2024-08-g004-2024-08-06-3131,daily_high_low_midpoint_proxy,13:30:00,partial_midpoint_daily_capacity,105,1595.0,弘塑,09:00:00,0.01,1542981010.5,921569.65,time63,1750.0,274,sell,2024-11-08,1775.0,1725.0,10534.0,3131
102.0,odd,2024-11-12,2024-08-g004-2024-08-06-3131,daily_high_low_midpoint_proxy,13:30:00,partial_midpoint_daily_capacity,102,1580.0,弘塑,09:00:00,0.01,1538580459.75,920451.0,time63,1727.5,169,sell,2024-11-08,1740.0,1715.0,10265.0,3131
,event,2024-11-12,2024-11-g012-2024-11-11-3013,,,residual_exposure_cap,0,,晟銘電,,,,,leader_entry,,3241,buy,2024-11-11,,,,3013
830.0,odd,2024-11-13,2024-08-g004-2024-08-06-3131,daily_high_low_midpoint_proxy,13:30:00,,67,1560.0,弘塑,09:00:00,0.01,1490798231.5,894762.55,time63,1830.0,67,sell,2024-11-08,1890.0,1770.0,83044.0,3131
10000.0,board,2024-11-14,2024-08-g011-2024-08-09-8374,daily_high_low_midpoint_proxy,13:30:00,,4000,117.0,羅昇,08:59:00,0.01,787259150.6,5677511.1,time63,129.0,4000,sell,2024-11-13,131.0,127.0,1026758.0,8374
125.0,odd,2024-11-14,2024-08-g011-2024-08-09-8374,daily_high_low_midpoint_proxy,13:30:00,partial_midpoint_daily_capacity,125,117.0,羅昇,09:00:00,0.01,787259150.6,5677511.1,time63,129.0,698,sell,2024-11-13,130.5,127.5,12517.0,8374
84.0,odd,2024-11-15,2024-08-g011-2024-08-09-8374,daily_high_low_midpoint_proxy,13:30:00,partial_midpoint_daily_capacity,84,115.0,羅昇,09:00:00,0.01,747327740.3,5398051.9,time63,130.75,573,sell,2024-11-13,134.0,127.5,8497.0,8374
503000.0,board,2024-11-15,2024-11-g009-2024-11-14-3706,daily_high_low_midpoint_proxy,13:30:00,,7000,76.7,神達,08:59:00,0.01,3147733543.245,50359248.8,leader_entry,70.45,7000,buy,2024-11-14,72.7,68.2,209488678.0,3706
3007.0,odd,2024-11-15,2024-11-g009-2024-11-14-3706,daily_high_low_midpoint_proxy,13:30:00,,582,76.7,神達,09:00:00,0.01,3147733543.245,50359248.8,leader_entry,70.4,582,buy,2024-11-14,72.4,68.4,300733.0,3706
1153.0,odd,2024-11-15,2024-11-g006-2024-11-14-2357,daily_high_low_midpoint_proxy,13:30:00,,848,685.0,華碩,09:00:00,0.01,2096765276.0,3482755.55,leader_entry,623.5,848,buy,2024-11-14,641.0,606.0,115380.0,2357
,event,2024-11-15,2024-11-g002-2024-11-14-1504,,,slots_full,0,,東元,,,,,leader_entry,,0,buy,2024-11-14,,,,1504
66.0,odd,2024-11-18,2024-08-g011-2024-08-09-8374,daily_high_low_midpoint_proxy,13:30:00,partial_midpoint_daily_capacity,66,116.5,羅昇,09:00:00,0.01,542021251.775,3956091.8,time63,126.25,489,sell,2024-11-13,127.0,125.5,6617.0,8374
45.0,odd,2024-11-19,2024-08-g011-2024-08-09-8374,daily_high_low_midpoint_proxy,13:30:00,partial_midpoint_daily_capacity,45,112.5,羅昇,09:00:00,0.01,456647714.025,3364112.85,time63,126.5,423,sell,2024-11-13,129.0,124.0,4535.0,8374
56.0,odd,2024-11-20,2024-08-g011-2024-08-09-8374,daily_high_low_midpoint_proxy,13:30:00,partial_midpoint_daily_capacity,56,116.5,羅昇,09:00:00,0.01,429135664.65,3179546.05,time63,126.75,378,sell,2024-11-13,128.0,125.5,5634.0,8374
49.0,odd,2024-11-21,2024-08-g011-2024-08-09-8374,daily_high_low_midpoint_proxy,13:30:00,partial_midpoint_daily_capacity,49,114.5,羅昇,09:00:00,0.01,396010749.75,2955342.6,time63,126.75,322,sell,2024-11-13,127.5,126.0,4926.0,8374
35.0,odd,2024-11-22,2024-08-g011-2024-08-09-8374,daily_high_low_midpoint_proxy,13:30:00,partial_midpoint_daily_capacity,35,112.5,羅昇,09:00:00,0.01,381475679.25,2855752.95,time63,126.5,273,sell,2024-11-13,127.0,126.0,3572.0,8374
44.0,odd,2024-11-25,2024-08-g011-2024-08-09-8374,daily_high_low_midpoint_proxy,13:30:00,partial_midpoint_daily_capacity,44,113.5,羅昇,09:00:00,0.01,326552506.05,2451989.9,time63,128.0,238,sell,2024-11-13,129.5,126.5,4451.0,8374
,event,2024-11-25,2024-11-g014-2024-11-22-4971,,,slots_full,0,,IET-KY,,,,,leader_entry,,0,buy,2024-11-22,,,,4971
483.0,odd,2024-11-26,2024-08-g011-2024-08-09-8374,daily_high_low_midpoint_proxy,13:30:00,,194,117.5,羅昇,09:00:00,0.01,322716132.3,2422592.4,time63,136.0,194,sell,2024-11-13,140.5,131.5,48342.0,8374
,event,2024-11-26,2024-11-g001-2024-11-25-1802,,,slots_full,0,,台玻,,,,,leader_entry,,0,buy,2024-11-25,,,,1802
,event,2024-11-26,2024-11-g017-2024-11-25-2886,,,slots_full,0,,兆豐金,,,,,leader_entry,,0,buy,2024-11-25,,,,2886
,event,2024-11-29,2024-11-g020-2024-11-28-4979,,,slots_full,0,,華星光,,,,,leader_entry,,0,buy,2024-11-28,,,,4979
,event,2024-12-02,2024-11-g018-2024-11-29-4968,,,slots_full,0,,立積,,,,,leader_entry,,0,buy,2024-11-29,,,,4968
,event,2024-12-03,2024-12-g025-2024-12-02-3558,,,slots_full,0,,神準,,,,,leader_entry,,0,buy,2024-12-02,,,,3558
,event,2024-12-03,2024-12-g020-2024-12-02-4968,,,slots_full,0,,立積,,,,,leader_entry,,0,buy,2024-12-02,,,,4968
,event,2024-12-03,2024-12-g023-2024-12-02-4979,,,slots_full,0,,華星光,,,,,leader_entry,,0,buy,2024-12-02,,,,4979
,event,2024-12-03,2024-12-g009-2024-12-02-5371,,,slots_full,0,,中強光電股份有限公司,,,,,leader_entry,,0,buy,2024-12-02,,,,5371
,event,2024-12-04,2024-12-g022-2024-12-03-3338,,,slots_full,0,,泰碩,,,,,leader_entry,,0,buy,2024-12-03,,,,3338
,event,2024-12-04,2024-12-g019-2024-12-03-2880,,,slots_full,0,,華南金,,,,,leader_entry,,0,buy,2024-12-03,,,,2880
,event,2024-12-05,2024-12-g007-2024-12-04-2458,,,slots_full,0,,義隆,,,,,leader_entry,,0,buy,2024-12-04,,,,2458
,event,2024-12-06,2024-12-g014-2024-12-05-4977,,,slots_full,0,,眾達-KY,,,,,leader_entry,,0,buy,2024-12-05,,,,4977
,event,2024-12-06,2024-12-g011-2024-12-05-6669,,,slots_full,0,,緯穎,,,,,leader_entry,,0,buy,2024-12-05,,,,6669
,event,2024-12-09,2024-12-g002-2024-12-06-2520,,,slots_full,0,,冠德,,,,,leader_entry,,0,buy,2024-12-06,,,,2520
,event,2024-12-10,2024-12-g003-2024-12-09-1449,,,slots_full,0,,佳和,,,,,leader_entry,,0,buy,2024-12-09,,,,1449
,event,2024-12-12,2024-12-g008-2024-12-11-2368,,,slots_full,0,,金像電,,,,,leader_entry,,0,buy,2024-12-11,,,,2368
,event,2024-12-13,2024-12-g013-2024-12-12-3689,,,slots_full,0,,湧德,,,,,leader_entry,,0,buy,2024-12-12,,,,3689
,event,2024-12-13,2024-12-g005-2024-12-12-1524,,,slots_full,0,,耿鼎,,,,,leader_entry,,0,buy,2024-12-12,,,,1524
,event,2024-12-19,2024-12-g021-2024-12-18-4958,,,slots_full,0,,臻鼎-KY,,,,,leader_entry,,0,buy,2024-12-18,,,,4958
214000.0,board,2024-12-31,2024-11-g008-2024-11-04-3231,daily_high_low_midpoint_proxy,13:30:00,,4000,93.6,緯創,08:59:00,0.01,2739300080.8,24604692.85,loss12,104.0,4000,sell,2024-12-30,105.0,103.0,21410430.0,3231
1603.0,odd,2024-12-31,2024-11-g008-2024-11-04-3231,daily_high_low_midpoint_proxy,13:30:00,,684,93.6,緯創,09:00:00,0.01,2739300080.8,24604692.85,loss12,104.5,684,sell,2024-12-30,105.5,103.5,160390.0,3231
18000.0,board,2025-01-02,2024-12-g015-2024-12-31-2404,daily_high_low_midpoint_proxy,13:30:00,,1000,530.0,漢唐,08:59:00,0.01,841327240.275,1824628.85,leader_entry,476.5,1000,buy,2024-12-31,497.0,456.0,4244158.0,2404
772.0,odd,2025-01-02,2024-12-g015-2024-12-31-2404,daily_high_low_midpoint_proxy,13:30:00,,92,530.0,漢唐,09:00:00,0.01,841327240.275,1824628.85,leader_entry,475.75,92,buy,2024-12-31,495.0,456.5,77216.0,2404
,event,2025-01-03,2025-01-g015-2025-01-02-6689,,,slots_full,0,,伊雲谷,,,,,leader_entry,,0,buy,2025-01-02,,,,6689
,event,2025-01-03,2025-01-g007-2025-01-02-3694,,,slots_full,0,,海華,,,,,leader_entry,,0,buy,2025-01-02,,,,3694
,event,2025-01-03,2025-01-g011-2025-01-02-3594,,,slots_full,0,,磐儀,,,,,leader_entry,,0,buy,2025-01-02,,,,3594
,event,2025-01-03,2025-01-g008-2025-01-02-6789,,,slots_full,0,,采鈺,,,,,leader_entry,,0,buy,2025-01-02,,,,6789
,event,2025-01-03,2025-01-g018-2025-01-02-2801,,,slots_full,0,,彰銀,,,,,leader_entry,,0,buy,2025-01-02,,,,2801
,event,2025-01-08,2025-01-g013-2025-01-07-3515,,,slots_full,0,,華擎,,,,,leader_entry,,0,buy,2025-01-07,,,,3515
,event,2025-01-08,2025-01-g009-2025-01-07-2357,,,overlapping_member,0,,華碩,,,,,leader_entry,,0,buy,2025-01-07,,,,2357
,event,2025-01-09,2025-01-g016-2025-01-08-3450,,,slots_full,0,,聯鈞,,,,,leader_entry,,0,buy,2025-01-08,,,,3450
,event,2025-01-09,2025-01-g005-2025-01-08-3078,,,slots_full,0,,僑威,,,,,leader_entry,,0,buy,2025-01-08,,,,3078
,event,2025-02-03,2025-01-g021-2025-01-22-6139,,,slots_full,0,,亞翔,,,,,leader_entry,,0,buy,2025-01-22,,,,6139
,event,2025-02-03,2025-01-g001-2025-01-22-6770,,,slots_full,0,,力積電,,,,,leader_entry,,0,buy,2025-01-22,,,,6770
,event,2025-02-04,2025-02-g019-2025-02-03-3008,,,slots_full,0,,大立光,,,,,leader_entry,,0,buy,2025-02-03,,,,3008
,event,2025-02-05,2025-02-g001-2025-02-04-2027,,,slots_full,0,,大成鋼,,,,,leader_entry,,0,buy,2025-02-04,,,,2027
,event,2025-02-05,2025-02-g005-2025-02-04-3078,,,slots_full,0,,僑威,,,,,leader_entry,,0,buy,2025-02-04,,,,3078
,event,2025-02-06,2025-02-g023-2025-02-05-6533,,,slots_full,0,,晶心科,,,,,leader_entry,,0,buy,2025-02-05,,,,6533
,event,2025-02-06,2025-02-g013-2025-02-05-3227,,,slots_full,0,,原相,,,,,leader_entry,,0,buy,2025-02-05,,,,3227
,event,2025-02-17,2025-02-g007-2025-02-14-8234,,,slots_full,0,,新漢,,,,,leader_entry,,0,buy,2025-02-14,,,,8234
,event,2025-02-17,2025-02-g014-2025-02-14-3163,,,slots_full,0,,波若威,,,,,leader_entry,,0,buy,2025-02-14,,,,3163
,event,2025-02-17,2025-02-g004-2025-02-14-4147,,,slots_full,0,,中裕,,,,,leader_entry,,0,buy,2025-02-14,,,,4147
150000.0,board,2025-02-24,2024-11-g009-2024-11-14-3706,daily_high_low_midpoint_proxy,13:30:00,,7000,65.0,神達,08:59:00,0.01,3732735460.745,51402344.25,time63,71.95,7000,sell,2025-02-21,72.9,71.0,15006191.0,3706
699.0,odd,2025-02-24,2024-11-g009-2024-11-14-3706,daily_high_low_midpoint_proxy,13:30:00,,582,65.0,神達,09:00:00,0.01,3732735460.745,51402344.25,time63,72.1,582,sell,2025-02-21,72.8,71.4,69910.0,3706
460.0,odd,2025-02-24,2024-11-g006-2024-11-14-2357,daily_high_low_midpoint_proxy,13:30:00,partial_midpoint_daily_capacity,460,639.0,華碩,09:00:00,0.01,2286793792.35,3474517.5,time63,705.5,848,sell,2025-02-21,713.0,698.0,46056.0,2357
518.0,odd,2025-02-25,2024-11-g006-2024-11-14-2357,daily_high_low_midpoint_proxy,13:30:00,,388,629.0,華碩,09:00:00,0.01,2287403646.35,3459562.7,time63,695.5,388,sell,2025-02-21,704.0,687.0,51878.0,2357
26000.0,board,2025-04-15,2024-12-g015-2024-12-31-2404,daily_high_low_midpoint_proxy,13:30:00,,1000,390.0,漢唐,08:59:00,0.01,1342478378.275,3088429.45,time63,443.0,1000,sell,2025-04-14,458.0,428.0,2644420.0,2404
384.0,odd,2025-04-15,2024-12-g015-2024-12-31-2404,daily_high_low_midpoint_proxy,13:30:00,,92,390.0,漢唐,09:00:00,0.01,1342478378.275,3088429.45,time63,443.25,92,sell,2025-04-14,456.0,430.5,38465.0,2404
693.0,odd,2025-06-11,2025-06-g007-2025-06-10-6223,daily_high_low_midpoint_proxy,13:30:00,,608,966.0,旺矽,09:00:00,0.01,2398920183.0,3180802.8,leader_entry,886.0,608,buy,2025-06-10,895.0,877.0,69361.0,6223
23000.0,board,2025-06-11,2025-06-g006-2025-06-10-3044,daily_high_low_midpoint_proxy,13:30:00,,2000,244.0,健鼎,08:59:00,0.01,489876422.875,2343997.8,leader_entry,220.5,2000,buy,2025-06-10,222.5,218.5,2679500.0,3044
266.0,odd,2025-06-11,2025-06-g006-2025-06-10-3044,daily_high_low_midpoint_proxy,13:30:00,partial_midpoint_daily_capacity,266,244.0,健鼎,09:00:00,0.01,489876422.875,2343997.8,leader_entry,220.5,409,buy,2025-06-10,222.0,219.0,26655.0,3044
5000.0,board,2025-06-26,2025-06-g020-2025-06-25-6739,daily_high_low_midpoint_proxy,13:30:00,,1000,424.5,竹陞科技,08:59:00,0.01,307984763.4,972908.65,leader_entry,381.0,1000,buy,2025-06-25,400.0,362.0,550088.0,6739
257.0,odd,2025-06-26,2025-06-g020-2025-06-25-6739,daily_high_low_midpoint_proxy,13:30:00,partial_midpoint_daily_capacity,257,424.5,竹陞科技,09:00:00,0.01,307984763.4,972908.65,leader_entry,381.5,437,buy,2025-06-25,400.0,363.0,25706.0,6739
,event,2025-06-26,2025-06-g009-2025-06-25-2344,,,slots_full,0,,華邦電,,,,,leader_entry,,0,buy,2025-06-25,,,,2344
,event,2025-07-03,2025-07-g013-2025-07-02-4991,,,slots_full,0,,環宇-KY,,,,,leader_entry,,0,buy,2025-07-02,,,,4991
,event,2025-07-03,2025-07-g017-2025-07-02-6667,,,slots_full,0,,信紘科,,,,,leader_entry,,0,buy,2025-07-02,,,,6667
,event,2025-07-04,2025-07-g005-2025-07-03-1560,,,slots_full,0,,中砂,,,,,leader_entry,,0,buy,2025-07-03,,,,1560
,event,2025-07-04,2025-07-g007-2025-07-03-3715,,,slots_full,0,,定穎投控,,,,,leader_entry,,0,buy,2025-07-03,,,,3715
,event,2025-07-04,2025-07-g010-2025-07-03-2451,,,slots_full,0,,創見,,,,,leader_entry,,0,buy,2025-07-03,,,,2451
,event,2025-07-07,2025-07-g009-2025-07-04-6223,,,overlapping_member,0,,旺矽,,,,,leader_entry,,0,buy,2025-07-04,,,,6223
,event,2025-07-08,2025-07-g022-2025-07-07-3297,,,slots_full,0,,杭特,,,,,leader_entry,,0,buy,2025-07-07,,,,3297
,event,2025-07-22,2025-07-g020-2025-07-21-5469,,,slots_full,0,,瀚宇博,,,,,leader_entry,,0,buy,2025-07-21,,,,5469
,event,2025-07-23,2025-07-g023-2025-07-22-3167,,,slots_full,0,,大量,,,,,leader_entry,,0,buy,2025-07-22,,,,3167
,event,2025-07-24,2025-07-g004-2025-07-23-1519,,,slots_full,0,,華城,,,,,leader_entry,,0,buy,2025-07-23,,,,1519
,event,2025-07-24,2025-07-g021-2025-07-23-3376,,,slots_full,0,,新日興,,,,,leader_entry,,0,buy,2025-07-23,,,,3376
,event,2025-07-25,2025-07-g024-2025-07-24-4931,,,slots_full,0,,新盛力,,,,,leader_entry,,0,buy,2025-07-24,,,,4931
,event,2025-07-29,2025-07-g006-2025-07-28-6290,,,slots_full,0,,良維,,,,,leader_entry,,0,buy,2025-07-28,,,,6290
,event,2025-08-04,2025-08-g009-2025-08-01-2374,,,slots_full,0,,佳能,,,,,leader_entry,,0,buy,2025-08-01,,,,2374
,event,2025-08-05,2025-08-g004-2025-08-04-8028,,,slots_full,0,,昇陽半導體,,,,,leader_entry,,0,buy,2025-08-04,,,,8028
,event,2025-08-05,2025-08-g005-2025-08-04-4966,,,slots_full,0,,譜瑞-KY,,,,,leader_entry,,0,buy,2025-08-04,,,,4966
,event,2025-08-06,2025-08-g007-2025-08-05-2354,,,slots_full,0,,鴻準,,,,,leader_entry,,0,buy,2025-08-05,,,,2354
,event,2025-08-07,2025-08-g019-2025-08-06-3376,,,slots_full,0,,新日興,,,,,leader_entry,,0,buy,2025-08-06,,,,3376
,event,2025-08-08,2025-08-g014-2025-08-07-8086,,,slots_full,0,,宏捷科,,,,,leader_entry,,0,buy,2025-08-07,,,,8086
,event,2025-08-08,2025-08-g013-2025-08-07-2345,,,slots_full,0,,智邦,,,,,leader_entry,,0,buy,2025-08-07,,,,2345
,event,2025-08-11,2025-08-g006-2025-08-08-2421,,,slots_full,0,,建準,,,,,leader_entry,,0,buy,2025-08-08,,,,2421
,event,2025-08-11,2025-08-g011-2025-08-08-3030,,,slots_full,0,,德律,,,,,leader_entry,,0,buy,2025-08-08,,,,3030
,event,2025-08-12,2025-08-g020-2025-08-11-4991,,,slots_full,0,,環宇-KY,,,,,leader_entry,,0,buy,2025-08-11,,,,4991
,event,2025-08-12,2025-08-g012-2025-08-11-8155,,,slots_full,0,,博智,,,,,leader_entry,,0,buy,2025-08-11,,,,8155
,event,2025-08-13,2025-08-g021-2025-08-12-8358,,,slots_full,0,,金居,,,,,leader_entry,,0,buy,2025-08-12,,,,8358
,event,2025-08-14,2025-08-g017-2025-08-13-2630,,,slots_full,0,,亞航,,,,,leader_entry,,0,buy,2025-08-13,,,,2630
,event,2025-08-18,2025-08-g010-2025-08-15-6274,,,slots_full,0,,台燿,,,,,leader_entry,,0,buy,2025-08-15,,,,6274
,event,2025-08-25,2025-08-g001-2025-08-22-1326,,,slots_full,0,,台化,,,,,leader_entry,,0,buy,2025-08-22,,,,1326
,event,2025-09-02,2025-09-g017-2025-09-01-2498,,,slots_full,0,,宏達電,,,,,leader_entry,,0,buy,2025-09-01,,,,2498
,event,2025-09-02,2025-09-g007-2025-09-01-3294,,,slots_full,0,,英濟,,,,,leader_entry,,0,buy,2025-09-01,,,,3294
,event,2025-09-03,2025-09-g006-2025-09-02-2464,,,slots_full,0,,盟立,,,,,leader_entry,,0,buy,2025-09-02,,,,2464
,event,2025-09-03,2025-09-g022-2025-09-02-3491,,,slots_full,0,,昇達科,,,,,leader_entry,,0,buy,2025-09-02,,,,3491
,event,2025-09-04,2025-09-g012-2025-09-03-3402,,,slots_full,0,,漢科,,,,,leader_entry,,0,buy,2025-09-03,,,,3402
,event,2025-09-04,2025-09-g013-2025-09-03-6191,,,slots_full,0,,精成科,,,,,leader_entry,,0,buy,2025-09-03,,,,6191
,event,2025-09-04,2025-09-g003-2025-09-03-6257,,,slots_full,0,,矽格,,,,,leader_entry,,0,buy,2025-09-03,,,,6257
,event,2025-09-04,2025-09-g025-2025-09-03-8028,,,slots_full,0,,昇陽半導體,,,,,leader_entry,,0,buy,2025-09-03,,,,8028
,event,2025-09-05,2025-09-g008-2025-09-04-3260,,,slots_full,0,,威剛,,,,,leader_entry,,0,buy,2025-09-04,,,,3260
455.0,odd,2025-09-08,2025-06-g007-2025-06-10-6223,daily_high_low_midpoint_proxy,13:30:00,partial_midpoint_daily_capacity,455,1370.0,旺矽,09:00:00,0.01,2865184991.25,2218940.5,time63,1547.5,608,sell,2025-09-05,1570.0,1525.0,45594.0,6223
26000.0,board,2025-09-08,2025-06-g006-2025-06-10-3044,daily_high_low_midpoint_proxy,13:30:00,,2000,269.0,健鼎,08:59:00,0.01,1733013801.15,5457000.3,time63,300.25,2000,sell,2025-09-05,303.0,297.5,2630839.0,3044
275.0,odd,2025-09-08,2025-06-g006-2025-06-10-3044,daily_high_low_midpoint_proxy,13:30:00,,266,269.0,健鼎,09:00:00,0.01,1733013801.15,5457000.3,time63,299.75,266,sell,2025-09-05,301.5,298.0,27587.0,3044
520.0,odd,2025-09-09,2025-06-g007-2025-06-10-6223,daily_high_low_midpoint_proxy,13:30:00,,153,1375.0,旺矽,09:00:00,0.01,2992366650.0,2285198.35,time63,1537.5,153,sell,2025-09-05,1575.0,1500.0,52064.0,6223
,event,2025-09-09,2025-09-g005-2025-09-08-5309,,,residual_exposure_cap,0,,系統電,,,,,leader_entry,,13866,buy,2025-09-08,,,,5309
,event,2025-09-09,2025-09-g015-2025-09-08-3213,,,residual_exposure_cap,0,,茂訊,,,,,leader_entry,,7047,buy,2025-09-08,,,,3213
84000.0,board,2025-09-10,2025-09-g024-2025-09-09-8111,daily_high_low_midpoint_proxy,13:30:00,,14000,63.4,立碁,08:59:00,0.01,454808276.2025,8472548.65,leader_entry,57.55,14000,buy,2025-09-09,59.0,56.1,19679098.0,8111
864.0,odd,2025-09-10,2025-09-g024-2025-09-09-8111,daily_high_low_midpoint_proxy,13:30:00,,303,63.4,立碁,09:00:00,0.01,454808276.2025,8472548.65,leader_entry,57.599999999999994,303,buy,2025-09-09,58.9,56.3,86443.0,8111
26000.0,board,2025-09-11,2025-09-g021-2025-09-10-5289,daily_high_low_midpoint_proxy,13:30:00,,2000,378.0,宜鼎,08:59:00,0.01,791955215.6,2617310.7,leader_entry,348.25,2000,buy,2025-09-10,359.5,337.0,5387578.0,5289
1564.0,odd,2025-09-11,2025-09-g021-2025-09-10-5289,daily_high_low_midpoint_proxy,13:30:00,,378,378.0,宜鼎,09:00:00,0.01,791955215.6,2617310.7,leader_entry,348.5,378,buy,2025-09-10,357.5,339.5,156430.0,5289
,event,2025-09-11,2025-09-g010-2025-09-10-5475,,,slots_full,0,,德宏,,,,,leader_entry,,0,buy,2025-09-10,,,,5475
,event,2025-09-12,2025-09-g016-2025-09-11-3533,,,slots_full,0,,嘉澤,,,,,leader_entry,,0,buy,2025-09-11,,,,3533
,event,2025-09-15,2025-09-g020-2025-09-12-2885,,,slots_full,0,,元大金,,,,,leader_entry,,0,buy,2025-09-12,,,,2885
,event,2025-09-16,2025-09-g014-2025-09-15-2324,,,slots_full,0,,仁寶,,,,,leader_entry,,0,buy,2025-09-15,,,,2324
,event,2025-09-19,2025-09-g011-2025-09-18-3324,,,slots_full,0,,雙鴻,,,,,leader_entry,,0,buy,2025-09-18,,,,3324
9000.0,board,2025-09-23,2025-06-g020-2025-06-25-6739,daily_high_low_midpoint_proxy,13:30:00,,1000,703.0,竹陞科技,08:59:00,0.01,617349375.25,925229.6,time63,826.0,1000,sell,2025-09-22,859.0,793.0,1294276.0,6739
425.0,odd,2025-09-23,2025-06-g020-2025-06-25-6739,daily_high_low_midpoint_proxy,13:30:00,,257,703.0,竹陞科技,09:00:00,0.01,617349375.25,925229.6,time63,834.5,257,sell,2025-09-22,859.0,810.0,42558.0,6739
87000.0,board,2025-10-02,2025-10-g010-2025-10-01-6290,daily_high_low_midpoint_proxy,13:30:00,,6000,143.0,良維,08:59:00,0.01,1037907946.875,8741769.5,leader_entry,134.25,6000,buy,2025-10-01,137.5,131.0,18071424.0,6290
962.0,odd,2025-10-02,2025-10-g010-2025-10-01-6290,daily_high_low_midpoint_proxy,13:30:00,,587,143.0,良維,09:00:00,0.01,1037907946.875,8741769.5,leader_entry,134.0,587,buy,2025-10-01,137.5,130.5,96216.0,6290
,event,2025-10-03,2025-10-g022-2025-10-02-3450,,,slots_full,0,,聯鈞,,,,,leader_entry,,0,buy,2025-10-02,,,,3450
,event,2025-10-03,2025-10-g017-2025-10-02-6138,,,slots_full,0,,茂達,,,,,leader_entry,,0,buy,2025-10-02,,,,6138
,event,2025-10-07,2025-10-g011-2025-10-03-8046,,,slots_full,0,,南電,,,,,leader_entry,,0,buy,2025-10-03,,,,8046
,event,2025-10-07,2025-10-g005-2025-10-03-2376,,,slots_full,0,,技嘉,,,,,leader_entry,,0,buy,2025-10-03,,,,2376
,event,2025-10-08,2025-10-g006-2025-10-07-1605,,,slots_full,0,,華新,,,,,leader_entry,,0,buy,2025-10-07,,,,1605
,event,2025-10-15,2025-10-g008-2025-10-14-2059,,,slots_full,0,,川湖,,,,,leader_entry,,0,buy,2025-10-14,,,,2059
,event,2025-10-16,2025-10-g014-2025-10-15-4967,,,slots_full,0,,十銓,,,,,leader_entry,,0,buy,2025-10-15,,,,4967
,event,2025-10-16,2025-10-g023-2025-10-15-2481,,,slots_full,0,,強茂,,,,,leader_entry,,0,buy,2025-10-15,,,,2481
,event,2025-10-20,2025-10-g015-2025-10-17-3665,,,slots_full,0,,貿聯-KY,,,,,leader_entry,,0,buy,2025-10-17,,,,3665
,event,2025-10-21,2025-10-g016-2025-10-20-6584,,,slots_full,0,,南俊國際,,,,,leader_entry,,0,buy,2025-10-20,,,,6584
,event,2025-11-04,2025-11-g004-2025-11-03-6209,,,slots_full,0,,今國光,,,,,leader_entry,,0,buy,2025-11-03,,,,6209
,event,2025-11-04,2025-11-g005-2025-11-03-3037,,,slots_full,0,,欣興,,,,,leader_entry,,0,buy,2025-11-03,,,,3037
,event,2025-11-07,2025-11-g001-2025-11-06-6505,,,slots_full,0,,台塑化,,,,,leader_entry,,0,buy,2025-11-06,,,,6505
,event,2025-11-13,2025-11-g008-2025-11-12-6274,,,slots_full,0,,台燿,,,,,leader_entry,,0,buy,2025-11-12,,,,6274
,event,2025-11-21,2025-11-g009-2025-11-20-6173,,,slots_full,0,,信昌電,,,,,leader_entry,,0,buy,2025-11-20,,,,6173
,event,2025-11-21,2025-11-g015-2025-11-20-2885,,,slots_full,0,,元大金,,,,,leader_entry,,0,buy,2025-11-20,,,,2885
,event,2025-11-21,2025-11-g014-2025-11-20-2890,,,slots_full,0,,永豐金,,,,,leader_entry,,0,buy,2025-11-20,,,,2890
,event,2025-11-27,2025-11-g012-2025-11-26-2606,,,slots_full,0,,裕民,,,,,leader_entry,,0,buy,2025-11-26,,,,2606
,event,2025-12-02,2025-12-g002-2025-12-01-8039,,,slots_full,0,,台虹,,,,,leader_entry,,0,buy,2025-12-01,,,,8039
,event,2025-12-02,2025-12-g011-2025-12-01-2637,,,slots_full,0,,慧洋-KY,,,,,leader_entry,,0,buy,2025-12-01,,,,2637
,event,2025-12-03,2025-12-g003-2025-12-02-1802,,,slots_full,0,,台玻,,,,,leader_entry,,0,buy,2025-12-02,,,,1802
,event,2025-12-03,2025-12-g014-2025-12-02-2882,,,slots_full,0,,國泰金,,,,,leader_entry,,0,buy,2025-12-02,,,,2882
,event,2025-12-03,2025-12-g013-2025-12-02-2880,,,slots_full,0,,華南金,,,,,leader_entry,,0,buy,2025-12-02,,,,2880
,event,2025-12-05,2025-12-g007-2025-12-04-5328,,,slots_full,0,,華容,,,,,leader_entry,,0,buy,2025-12-04,,,,5328
,event,2025-12-11,2025-12-g010-2025-12-10-3105,,,slots_full,0,,穩懋,,,,,leader_entry,,0,buy,2025-12-10,,,,3105
13000.0,board,2025-12-12,2025-09-g024-2025-09-09-8111,daily_high_low_midpoint_proxy,13:30:00,partial_midpoint_daily_capacity,13000,62.2,立碁,08:59:00,0.01,1202637749.8200002,17477102.35,time63,68.69999999999999,14000,sell,2025-12-11,69.3,68.1,1353841.0,8111
138.0,odd,2025-12-12,2025-09-g024-2025-09-09-8111,daily_high_low_midpoint_proxy,13:30:00,partial_midpoint_daily_capacity,138,62.2,立碁,09:00:00,0.01,1202637749.8200002,17477102.35,time63,69.0,303,sell,2025-12-11,69.5,68.5,13855.0,8111
10000.0,board,2025-12-15,2025-09-g024-2025-09-09-8111,daily_high_low_midpoint_proxy,13:30:00,,1000,62.3,立碁,08:59:00,0.01,1127724960.905,16382793.25,time63,69.44999999999999,1000,sell,2025-12-11,70.8,68.1,1078328.0,8111
92.0,odd,2025-12-15,2025-09-g024-2025-09-09-8111,daily_high_low_midpoint_proxy,13:30:00,partial_midpoint_daily_capacity,92,62.3,立碁,09:00:00,0.01,1127724960.905,16382793.25,time63,69.44999999999999,165,sell,2025-12-11,70.3,68.6,9288.0,8111
37000.0,board,2025-12-15,2025-09-g021-2025-09-10-5289,daily_high_low_midpoint_proxy,13:30:00,,2000,450.0,宜鼎,08:59:00,0.01,2225830436.35,4517587.2,time63,498.5,2000,sell,2025-12-12,507.0,490.0,3752914.0,5289
1001.0,odd,2025-12-15,2025-09-g021-2025-09-10-5289,daily_high_low_midpoint_proxy,13:30:00,,378,450.0,宜鼎,09:00:00,0.01,2225830436.35,4517587.2,time63,499.0,378,sell,2025-12-12,508.0,490.0,100140.0,5289
127.0,odd,2025-12-16,2025-09-g024-2025-09-09-8111,daily_high_low_midpoint_proxy,13:30:00,,73,63.1,立碁,09:00:00,0.01,1015799391.3050001,14750046.25,time63,69.65,73,sell,2025-12-11,70.5,68.8,12788.0,8111
154000.0,board,2025-12-16,2025-12-g005-2025-12-15-8110,daily_high_low_midpoint_proxy,13:30:00,,20000,61.0,華東,08:59:00,0.01,4252241149.9300003,91603725.65,leader_entry,51.575,20000,buy,2025-12-15,53.2,49.95,15476560.0,8110
1482.0,odd,2025-12-16,2025-12-g005-2025-12-15-8110,daily_high_low_midpoint_proxy,13:30:00,,99,61.0,華東,09:00:00,0.01,4252241149.9300003,91603725.65,leader_entry,51.475,99,buy,2025-12-15,53.0,49.95,148284.0,8110
26000.0,board,2025-12-23,2025-12-g008-2025-12-22-6196,daily_high_low_midpoint_proxy,13:30:00,,4000,301.5,帆宣,08:59:00,0.01,669421439.575,2652690.4,leader_entry,275.0,4000,buy,2025-12-22,279.0,271.0,2957292.0,6196
516.0,odd,2025-12-23,2025-12-g008-2025-12-22-6196,daily_high_low_midpoint_proxy,13:30:00,,107,301.5,帆宣,09:00:00,0.01,669421439.575,2652690.4,leader_entry,274.0,107,buy,2025-12-22,278.0,270.0,51620.0,6196
,event,2025-12-23,2025-12-g018-2025-12-22-6271,,,slots_full,0,,同欣電,,,,,leader_entry,,0,buy,2025-12-22,,,,6271
,event,2025-12-26,2025-12-g009-2025-12-24-4967,,,slots_full,0,,十銓,,,,,leader_entry,,0,buy,2025-12-24,,,,4967
,event,2025-12-31,2025-12-g001-2025-12-30-3481,,,slots_full,0,,群創,,,,,leader_entry,,0,buy,2025-12-30,,,,3481
,event,2026-01-05,2026-01-g008-2026-01-02-3481,,,slots_full,0,,群創,,,,,leader_entry,,0,buy,2026-01-02,,,,3481
41000.0,board,2026-01-06,2025-10-g010-2025-10-01-6290,daily_high_low_midpoint_proxy,13:30:00,,6000,162.5,良維,08:59:00,0.01,1046249481.625,5794786.8,time63,183.75,6000,sell,2026-01-05,186.0,181.5,4141028.0,6290
705.0,odd,2026-01-06,2025-10-g010-2025-10-01-6290,daily_high_low_midpoint_proxy,13:30:00,,587,162.5,良維,09:00:00,0.01,1046249481.625,5794786.8,time63,184.0,587,sell,2026-01-05,187.0,181.0,70566.0,6290
,event,2026-01-06,2026-01-g006-2026-01-05-6127,,,resource_slots_locked,0,,九豪,,,,,leader_entry,,8778,buy,2026-01-05,,,,6127
,event,2026-01-06,2026-01-g014-2026-01-05-3037,,,resource_slots_locked,0,,欣興,,,,,leader_entry,,1457,buy,2026-01-05,,,,3037
424000.0,board,2026-01-09,2026-01-g017-2026-01-08-6443,daily_high_low_midpoint_proxy,13:30:00,,40000,34.3,元晶,08:59:00,0.01,1030634172.0074999,42458951.7,leader_entry,30.925,40000,buy,2026-01-08,33.6,28.25,276161636.0,6443
5424.0,odd,2026-01-09,2026-01-g017-2026-01-08-6443,daily_high_low_midpoint_proxy,13:30:00,,333,34.3,元晶,09:00:00,0.01,1030634172.0074999,42458951.7,leader_entry,30.85,333,buy,2026-01-08,33.5,28.2,542427.0,6443
,event,2026-01-09,2026-01-g010-2026-01-08-3105,,,slots_full,0,,穩懋,,,,,leader_entry,,0,buy,2026-01-08,,,,3105
,event,2026-01-09,2026-01-g012-2026-01-08-8033,,,slots_full,0,,雷虎,,,,,leader_entry,,0,buy,2026-01-08,,,,8033
,event,2026-01-12,2026-01-g002-2026-01-09-8074,,,slots_full,0,,鉅橡,,,,,leader_entry,,0,buy,2026-01-09,,,,8074
,event,2026-01-12,2026-01-g009-2026-01-09-8271,,,slots_full,0,,宇瞻,,,,,leader_entry,,0,buy,2026-01-09,,,,8271
,event,2026-01-13,2026-01-g015-2026-01-12-3081,,,slots_full,0,,聯亞,,,,,leader_entry,,0,buy,2026-01-12,,,,3081
,event,2026-01-14,2026-01-g007-2026-01-13-2404,,,slots_full,0,,漢唐,,,,,leader_entry,,0,buy,2026-01-13,,,,2404
,event,2026-01-15,2026-01-g003-2026-01-14-4989,,,slots_full,0,,榮科,,,,,leader_entry,,0,buy,2026-01-14,,,,4989
,event,2026-01-27,2026-01-g004-2026-01-26-2408,,,slots_full,0,,南亞科,,,,,leader_entry,,0,buy,2026-01-26,,,,2408
,event,2026-02-04,2026-02-g010-2026-02-03-3017,,,slots_full,0,,奇鋐,,,,,leader_entry,,0,buy,2026-02-03,,,,3017
,event,2026-02-09,2026-02-g003-2026-02-06-5475,,,slots_full,0,,德宏,,,,,leader_entry,,0,buy,2026-02-06,,,,5475
,event,2026-02-10,2026-02-g007-2026-02-09-2464,,,slots_full,0,,盟立,,,,,leader_entry,,0,buy,2026-02-09,,,,2464
,event,2026-02-23,2026-02-g005-2026-02-11-2337,,,slots_full,0,,旺宏,,,,,leader_entry,,0,buy,2026-02-11,,,,2337
,event,2026-02-23,2026-02-g006-2026-02-11-2345,,,slots_full,0,,智邦,,,,,leader_entry,,0,buy,2026-02-11,,,,2345
,event,2026-02-24,2026-02-g013-2026-02-23-2887,,,slots_full,0,,台新新光金,,,,,leader_entry,,0,buy,2026-02-23,,,,2887
,event,2026-02-25,2026-02-g004-2026-02-24-6213,,,slots_full,0,,聯茂,,,,,leader_entry,,0,buy,2026-02-24,,,,6213
,event,2026-02-26,2026-02-g011-2026-02-25-2605,,,slots_full,0,,新興,,,,,leader_entry,,0,buy,2026-02-25,,,,2605
,event,2026-03-05,2026-03-g002-2026-03-04-6505,,,slots_full,0,,台塑化,,,,,leader_entry,,0,buy,2026-03-04,,,,6505
,event,2026-03-09,2026-03-g024-2026-03-06-3081,,,slots_full,0,,聯亞,,,,,leader_entry,,0,buy,2026-03-06,,,,3081
,event,2026-03-11,2026-03-g007-2026-03-10-5340,,,slots_full,0,,建榮,,,,,leader_entry,,0,buy,2026-03-10,,,,5340
,event,2026-03-13,2026-03-g012-2026-03-12-8271,,,slots_full,0,,宇瞻,,,,,leader_entry,,0,buy,2026-03-12,,,,8271
,event,2026-03-13,2026-03-g013-2026-03-12-2368,,,slots_full,0,,金像電,,,,,leader_entry,,0,buy,2026-03-12,,,,2368
,event,2026-03-13,2026-03-g015-2026-03-12-6944,,,slots_full,0,,兆聯實業,,,,,leader_entry,,0,buy,2026-03-12,,,,6944
,event,2026-03-17,2026-03-g018-2026-03-16-2605,,,slots_full,0,,新興,,,,,leader_entry,,0,buy,2026-03-16,,,,2605
,event,2026-03-18,2026-03-g006-2026-03-17-1711,,,slots_full,0,,永光,,,,,leader_entry,,0,buy,2026-03-17,,,,1711
,event,2026-03-23,2026-03-g010-2026-03-20-2316,,,slots_full,0,,楠梓電,,,,,leader_entry,,0,buy,2026-03-20,,,,2316
130000.0,board,2026-03-27,2025-12-g005-2025-12-15-8110,daily_high_low_midpoint_proxy,13:30:00,,20000,47.25,華東,08:59:00,0.01,1293419753.2,22076301.2,time63,49.9,20000,sell,2026-03-26,51.0,48.8,13062756.0,8110
1152.0,odd,2026-03-27,2025-12-g005-2025-12-15-8110,daily_high_low_midpoint_proxy,13:30:00,,99,47.25,華東,09:00:00,0.01,1293419753.2,22076301.2,time63,50.0,99,sell,2026-03-26,51.0,49.0,115284.0,8110
,event,2026-03-27,2026-03-g017-2026-03-26-2455,,,resource_slots_locked,0,,全新,,,,,leader_entry,,1031,buy,2026-03-26,,,,2455
,event,2026-03-27,2026-03-g023-2026-03-26-4958,,,resource_slots_locked,0,,臻鼎-KY,,,,,leader_entry,,1284,buy,2026-03-26,,,,4958
39000.0,board,2026-04-02,2026-04-g004-2026-04-01-5475,daily_high_low_midpoint_proxy,13:30:00,,5000,246.5,德宏,08:59:00,0.01,832650598.2,3989015.15,leader_entry,235.25,5000,buy,2026-04-01,246.5,224.0,8537481.0,5475
2428.0,odd,2026-04-02,2026-04-g004-2026-04-01-5475,daily_high_low_midpoint_proxy,13:30:00,,147,246.5,德宏,09:00:00,0.01,832650598.2,3989015.15,leader_entry,243.5,147,buy,2026-04-01,246.5,240.5,242872.0,5475
,event,2026-04-02,2026-04-g006-2026-04-01-2355,,,slots_full,0,,敬鵬,,,,,leader_entry,,0,buy,2026-04-01,,,,2355
,event,2026-04-02,2026-04-g008-2026-04-01-2472,,,slots_full,0,,立隆電,,,,,leader_entry,,0,buy,2026-04-01,,,,2472
18000.0,board,2026-04-07,2025-12-g008-2025-12-22-6196,daily_high_low_midpoint_proxy,13:30:00,,4000,254.0,帆宣,08:59:00,0.01,521357494.0,1841807.55,time63,286.0,4000,sell,2026-04-02,294.0,278.0,2036467.0,6196
524.0,odd,2026-04-07,2025-12-g008-2025-12-22-6196,daily_high_low_midpoint_proxy,13:30:00,,107,254.0,帆宣,09:00:00,0.01,521357494.0,1841807.55,time63,286.5,107,sell,2026-04-02,294.0,279.0,52499.0,6196
,event,2026-04-07,2026-04-g021-2026-04-02-6147,,,resource_slots_locked,0,,頎邦,,,,,leader_entry,,675,buy,2026-04-02,,,,6147
168000.0,board,2026-04-09,2026-04-g012-2026-04-08-2426,daily_high_low_midpoint_proxy,13:30:00,,28000,43.0,鼎元,08:59:00,0.01,565118659.28,16859815.45,leader_entry,42.175,28000,buy,2026-04-08,43.0,41.35,22925356.0,2426
0.0,odd,2026-04-09,2026-04-g012-2026-04-08-2426,daily_high_low_midpoint_proxy,13:30:00,midpoint_limit_not_crossed,0,43.0,鼎元,09:00:00,0.01,565118659.28,16859815.45,leader_entry,43.0,235,buy,2026-04-08,43.0,43.0,94921.0,2426
,event,2026-04-09,2026-04-g022-2026-04-08-6190,,,slots_full,0,,萬泰科,,,,,leader_entry,,0,buy,2026-04-08,,,,6190
,event,2026-04-09,2026-04-g011-2026-04-08-6944,,,slots_full,0,,兆聯實業,,,,,leader_entry,,0,buy,2026-04-08,,,,6944
,event,2026-04-09,2026-04-g016-2026-04-08-2891,,,slots_full,0,,中信金,,,,,leader_entry,,0,buy,2026-04-08,,,,2891
,event,2026-04-09,2026-04-g007-2026-04-08-2382,,,slots_full,0,,廣達,,,,,leader_entry,,0,buy,2026-04-08,,,,2382
,event,2026-04-13,2026-04-g005-2026-04-10-3030,,,slots_full,0,,德律,,,,,leader_entry,,0,buy,2026-04-10,,,,3030
,event,2026-04-15,2026-04-g002-2026-04-14-1326,,,slots_full,0,,台化,,,,,leader_entry,,0,buy,2026-04-14,,,,1326
,event,2026-04-21,2026-04-g014-2026-04-20-5443,,,slots_full,0,,均豪,,,,,leader_entry,,0,buy,2026-04-20,,,,5443
42000.0,board,2026-04-22,2026-01-g017-2026-01-08-6443,daily_high_low_midpoint_proxy,13:30:00,,40000,35.3,元晶,08:59:00,0.01,1332438868.8650002,32022619.55,time63,39.599999999999994,40000,sell,2026-04-21,39.9,39.3,4242079.0,6443
643.0,odd,2026-04-22,2026-01-g017-2026-01-08-6443,daily_high_low_midpoint_proxy,13:30:00,,333,35.3,元晶,09:00:00,0.01,1332438868.8650002,32022619.55,time63,39.425,333,sell,2026-04-21,39.5,39.35,64303.0,6443
,event,2026-04-22,2026-04-g009-2026-04-21-8271,,,resource_slots_locked,0,,宇瞻,,,,,leader_entry,,153,buy,2026-04-21,,,,8271
70000.0,board,2026-04-28,2026-04-g020-2026-04-27-6488,daily_high_low_midpoint_proxy,13:30:00,,2000,682.0,環球晶,08:59:00,0.01,3796772496.15,7096475.7,leader_entry,583.0,2000,buy,2026-04-27,604.0,562.0,8676173.0,6488
2979.0,odd,2026-04-28,2026-04-g020-2026-04-27-6488,daily_high_low_midpoint_proxy,13:30:00,,226,682.0,環球晶,09:00:00,0.01,3796772496.15,7096475.7,leader_entry,580.0,226,buy,2026-04-27,593.0,567.0,297968.0,6488
,event,2026-05-04,2026-04-g013-2026-04-30-3167,,,slots_full,0,,大量,,,,,leader_entry,,0,buy,2026-04-30,,,,3167
,event,2026-05-05,2026-05-g010-2026-05-04-2388,,,slots_full,0,,威盛,,,,,leader_entry,,0,buy,2026-05-04,,,,2388
,event,2026-05-06,2026-05-g012-2026-05-05-6274,,,slots_full,0,,台燿,,,,,leader_entry,,0,buy,2026-05-05,,,,6274
,event,2026-05-07,2026-05-g017-2026-05-06-8210,,,slots_full,0,,勤誠,,,,,leader_entry,,0,buy,2026-05-06,,,,8210
,event,2026-05-11,2026-05-g004-2026-05-08-6278,,,slots_full,0,,台表科,,,,,leader_entry,,0,buy,2026-05-08,,,,6278
,event,2026-05-11,2026-05-g018-2026-05-08-3374,,,slots_full,0,,精材,,,,,leader_entry,,0,buy,2026-05-08,,,,3374
,event,2026-05-11,2026-05-g013-2026-05-08-6196,,,slots_full,0,,帆宣,,,,,leader_entry,,0,buy,2026-05-08,,,,6196
,event,2026-05-11,2026-05-g020-2026-05-08-4749,,,slots_full,0,,新應材,,,,,leader_entry,,0,buy,2026-05-08,,,,4749
,event,2026-05-13,2026-05-g015-2026-05-12-3583,,,slots_full,0,,辛耘,,,,,leader_entry,,0,buy,2026-05-12,,,,3583
,event,2026-05-15,2026-05-g003-2026-05-14-3707,,,slots_full,0,,漢磊,,,,,leader_entry,,0,buy,2026-05-14,,,,3707
,event,2026-05-20,2026-05-g007-2026-05-19-2355,,,slots_full,0,,敬鵬,,,,,leader_entry,,0,buy,2026-05-19,,,,2355
,event,2026-05-21,2026-05-g014-2026-05-20-2455,,,slots_full,0,,全新,,,,,leader_entry,,0,buy,2026-05-20,,,,2455
,event,2026-05-21,2026-05-g016-2026-05-20-2891,,,slots_full,0,,中信金,,,,,leader_entry,,0,buy,2026-05-20,,,,2891
,event,2026-05-27,2026-05-g009-2026-05-26-4973,,,slots_full,0,,廣穎電通,,,,,leader_entry,,0,buy,2026-05-26,,,,4973
,event,2026-06-01,2026-05-g022-2026-05-29-8358,,,slots_full,0,,金居,,,,,leader_entry,,0,buy,2026-05-29,,,,8358
,event,2026-06-01,2026-05-g011-2026-05-29-8039,,,slots_full,0,,台虹,,,,,leader_entry,,0,buy,2026-05-29,,,,8039
,event,2026-06-02,2026-06-g005-2026-06-01-4906,,,slots_full,0,,正文,,,,,leader_entry,,0,buy,2026-06-01,,,,4906
,event,2026-06-02,2026-06-g013-2026-06-01-8064,,,slots_full,0,,東捷,,,,,leader_entry,,0,buy,2026-06-01,,,,8064
,event,2026-06-02,2026-06-g016-2026-06-01-5309,,,slots_full,0,,系統電,,,,,leader_entry,,0,buy,2026-06-01,,,,5309
,event,2026-06-02,2026-06-g003-2026-06-01-2359,,,slots_full,0,,所羅門,,,,,leader_entry,,0,buy,2026-06-01,,,,2359
,event,2026-06-03,2026-06-g012-2026-06-02-3450,,,slots_full,0,,聯鈞,,,,,leader_entry,,0,buy,2026-06-02,,,,3450
,event,2026-06-09,2026-06-g007-2026-06-08-8043,,,slots_full,0,,蜜望實,,,,,leader_entry,,0,buy,2026-06-08,,,,8043
,event,2026-06-10,2026-06-g011-2026-06-09-6197,,,slots_full,0,,佳必琪,,,,,leader_entry,,0,buy,2026-06-09,,,,6197
,event,2026-06-11,2026-06-g002-2026-06-10-8021,,,slots_full,0,,尖點,,,,,leader_entry,,0,buy,2026-06-10,,,,8021
,event,2026-06-15,2026-06-g015-2026-06-12-4958,,,slots_full,0,,臻鼎-KY,,,,,leader_entry,,0,buy,2026-06-12,,,,4958
,event,2026-06-15,2026-06-g008-2026-06-12-8112,,,slots_full,0,,至上,,,,,leader_entry,,0,buy,2026-06-12,,,,8112
,event,2026-06-17,2026-06-g009-2026-06-16-3044,,,slots_full,0,,健鼎,,,,,leader_entry,,0,buy,2026-06-16,,,,3044
,event,2026-06-23,2026-06-g014-2026-06-22-2884,,,slots_full,0,,玉山金,,,,,leader_entry,,0,buy,2026-06-22,,,,2884
,event,2026-06-26,2026-06-g017-2026-06-25-6182,,,slots_full,0,,合晶,,,,,leader_entry,,0,buy,2026-06-25,,,,6182
,event,2026-06-30,2026-06-g010-2026-06-29-6139,,,slots_full,0,,亞翔,,,,,leader_entry,,0,buy,2026-06-29,,,,6139
,event,2026-07-02,2026-07-g017-2026-07-01-2890,,,slots_full,0,,永豐金,,,,,leader_entry,,0,buy,2026-07-01,,,,2890
,event,2026-07-02,2026-07-g014-2026-07-01-6257,,,slots_full,0,,矽格,,,,,leader_entry,,0,buy,2026-07-01,,,,6257
,event,2026-07-03,2026-07-g005-2026-07-02-6719,,,slots_full,0,,力智,,,,,leader_entry,,0,buy,2026-07-02,,,,6719
10000.0,board,2026-07-06,2026-04-g004-2026-04-01-5475,daily_high_low_midpoint_proxy,13:30:00,,5000,215.0,德宏,08:59:00,0.01,514453189.7,2044425.05,time63,234.75,5000,sell,2026-07-03,243.0,226.5,1050048.0,5475
679.0,odd,2026-07-06,2026-04-g004-2026-04-01-5475,daily_high_low_midpoint_proxy,13:30:00,,147,215.0,德宏,09:00:00,0.01,514453189.7,2044425.05,time63,233.75,147,sell,2026-07-03,240.0,227.5,67903.0,5475
147000.0,board,2026-07-07,2026-07-g001-2026-07-06-1216,daily_high_low_midpoint_proxy,13:30:00,,17000,85.5,統一,08:59:00,0.01,1107185624.675,14708515.2,leader_entry,78.2,17000,buy,2026-07-06,78.7,77.7,20179662.0,1216
1161.0,odd,2026-07-07,2026-07-g001-2026-07-06-1216,daily_high_low_midpoint_proxy,13:30:00,,576,85.5,統一,09:00:00,0.01,1107185624.675,14708515.2,leader_entry,78.0,576,buy,2026-07-06,78.4,77.6,116117.0,1216
,event,2026-07-08,2026-07-g011-2026-07-07-8016,,,slots_full,0,,矽創,,,,,leader_entry,,0,buy,2026-07-07,,,,8016
111000.0,board,2026-07-09,2026-04-g012-2026-04-08-2426,daily_high_low_midpoint_proxy,13:30:00,,28000,66.2,鼎元,08:59:00,0.01,1931894868.4,24639680.25,time63,73.7,28000,sell,2026-07-08,75.9,71.5,11174294.0,2426
402000.0,board,2026-07-14,2026-07-g019-2026-07-13-4958,daily_high_low_midpoint_proxy,13:30:00,,3000,710.0,臻鼎-KY,08:59:00,0.01,24129045939.75,40212196.9,leader_entry,617.5,3000,buy,2026-07-13,644.0,591.0,57818056.0,4958
11418.0,odd,2026-07-14,2026-07-g019-2026-07-13-4958,daily_high_low_midpoint_proxy,13:30:00,,44,710.0,臻鼎-KY,09:00:00,0.01,24129045939.75,40212196.9,leader_entry,618.0,44,buy,2026-07-13,642.0,594.0,1141840.0,4958
,event,2026-07-14,2026-07-g008-2026-07-13-5351,,,slots_full,0,,鈺創,,,,,leader_entry,,0,buy,2026-07-13,,,,5351
,event,2026-07-14,2026-07-g007-2026-07-13-2377,,,slots_full,0,,微星,,,,,leader_entry,,0,buy,2026-07-13,,,,2377
,event,2026-07-15,2026-07-g018-2026-07-14-8039,,,slots_full,0,,台虹,,,,,leader_entry,,0,buy,2026-07-14,,,,8039
359000.0,board,2026-07-20,2026-07-g019-2026-07-13-4958,daily_high_low_midpoint_proxy,13:30:00,,3000,469.0,臻鼎-KY,08:59:00,0.01,23838425657.7,39668679.15,loss12,488.75,3000,sell,2026-07-17,506.0,471.5,35909408.0,4958
10039.0,odd,2026-07-20,2026-07-g019-2026-07-13-4958,daily_high_low_midpoint_proxy,13:30:00,,44,469.0,臻鼎-KY,09:00:00,0.01,23838425657.7,39668679.15,loss12,485.5,44,sell,2026-07-17,500.0,471.0,1003933.0,4958
49000.0,board,2026-07-29,2026-04-g020-2026-04-27-6488,daily_high_low_midpoint_proxy,13:30:00,,2000,864.0,環球晶,08:59:00,0.01,11981559382.9,9434349.75,time63,906.0,2000,sell,2026-07-28,948.0,864.0,4996192.0,6488
2585.0,odd,2026-07-29,2026-04-g020-2026-04-27-6488,daily_high_low_midpoint_proxy,13:30:00,,226,864.0,環球晶,09:00:00,0.01,11981559382.9,9434349.75,time63,882.0,226,sell,2026-07-28,900.0,864.0,258550.0,6488
444000.0,board,2026-08-05,2026-08-g018-2026-08-04-2834,daily_high_low_midpoint_proxy,13:30:00,,91000,18.55,臺企銀,08:59:00,0.01,818685223.865,45609885.6,leader_entry,16.9,91000,buy,2026-08-04,17.05,16.75,44472287.0,2834
3540.0,odd,2026-08-05,2026-08-g018-2026-08-04-2834,daily_high_low_midpoint_proxy,13:30:00,,381,18.55,臺企銀,09:00:00,0.01,818685223.865,45609885.6,leader_entry,16.975,381,buy,2026-08-04,17.1,16.85,354055.0,2834
106000.0,board,2026-08-11,2026-08-g013-2026-08-10-2615,daily_high_low_midpoint_proxy,13:30:00,,17000,96.2,萬海,08:59:00,0.01,900244333.8100001,10664764.25,leader_entry,87.6,17000,buy,2026-08-10,88.8,86.4,13519342.0,2615
1301.0,odd,2026-08-11,2026-08-g013-2026-08-10-2615,daily_high_low_midpoint_proxy,13:30:00,,560,96.2,萬海,09:00:00,0.01,900244333.8100001,10664764.25,leader_entry,87.65,560,buy,2026-08-10,88.8,86.5,130113.0,2615
,event,2026-08-24,2026-08-g004-2026-08-21-1815,,,slots_full,0,,富喬,,,,,leader_entry,,0,buy,2026-08-21,,,,1815
,event,2026-09-01,2026-08-g009-2026-08-31-3006,,,slots_full,0,,晶豪科,,,,,leader_entry,,0,buy,2026-08-31,,,,3006
,event,2026-09-03,2026-09-g004-2026-09-02-4576,,,slots_full,0,,大銀微系統,,,,,leader_entry,,0,buy,2026-09-02,,,,4576
,event,2026-09-08,2026-09-g008-2026-09-07-3006,,,slots_full,0,,晶豪科,,,,,leader_entry,,0,buy,2026-09-07,,,,3006
