cash,cost,daily_return,date,dividend_entitlement,drawdown,execution_basis_pnl,holdings,market_pnl,market_value,nav,opening_nav,receivable,stale_holdings,total_return
1000000.0,0.0,0.0,2019-01-02,0.0,0.0,0.0,0,0.0,0.0,1000000.0,1000000.0,0.0,0,0.0
1000000.0,0.0,0.0,2019-01-03,0.0,0.0,0.0,0,0.0,0.0,1000000.0,1000000.0,0.0,0,0.0
1000000.0,0.0,0.0,2019-01-04,0.0,0.0,0.0,0,0.0,0.0,1000000.0,1000000.0,0.0,0,0.0
1000000.0,0.0,0.0,2019-01-07,0.0,0.0,0.0,0,0.0,0.0,1000000.0,1000000.0,0.0,0,0.0
1000000.0,0.0,0.0,2019-01-08,0.0,0.0,0.0,0,0.0,0.0,1000000.0,1000000.0,0.0,0,0.0
1000000.0,0.0,0.0,2019-01-09,0.0,0.0,0.0,0,0.0,0.0,1000000.0,1000000.0,0.0,0,0.0
1000000.0,0.0,0.0,2019-01-10,0.0,0.0,0.0,0,0.0,0.0,1000000.0,1000000.0,0.0,0,0.0
1000000.0,0.0,0.0,2019-01-11,0.0,0.0,0.0,0,0.0,0.0,1000000.0,1000000.0,0.0,0,0.0
1000000.0,0.0,0.0,2019-01-14,0.0,0.0,0.0,0,0.0,0.0,1000000.0,1000000.0,0.0,0,0.0
1000000.0,0.0,0.0,2019-01-15,0.0,0.0,0.0,0,0.0,0.0,1000000.0,1000000.0,0.0,0,0.0
1000000.0,0.0,0.0,2019-01-16,0.0,0.0,0.0,0,0.0,0.0,1000000.0,1000000.0,0.0,0,0.0
1000000.0,0.0,0.0,2019-01-17,0.0,0.0,0.0,0,0.0,0.0,1000000.0,1000000.0,0.0,0,0.0
1000000.0,0.0,0.0,2019-01-18,0.0,0.0,0.0,0,0.0,0.0,1000000.0,1000000.0,0.0,0,0.0
1000000.0,0.0,0.0,2019-01-21,0.0,0.0,0.0,0,0.0,0.0,1000000.0,1000000.0,0.0,0,0.0
1000000.0,0.0,0.0,2019-01-22,0.0,0.0,0.0,0,0.0,0.0,1000000.0,1000000.0,0.0,0,0.0
1000000.0,0.0,0.0,2019-01-23,0.0,0.0,0.0,0,0.0,0.0,1000000.0,1000000.0,0.0,0,0.0
1000000.0,0.0,0.0,2019-01-24,0.0,0.0,0.0,0,0.0,0.0,1000000.0,1000000.0,0.0,0,0.0
1000000.0,0.0,0.0,2019-01-25,0.0,0.0,0.0,0,0.0,0.0,1000000.0,1000000.0,0.0,0,0.0
1000000.0,0.0,0.0,2019-01-28,0.0,0.0,0.0,0,0.0,0.0,1000000.0,1000000.0,0.0,0,0.0
1000000.0,0.0,0.0,2019-01-29,0.0,0.0,0.0,0,0.0,0.0,1000000.0,1000000.0,0.0,0,0.0
1000000.0,0.0,0.0,2019-01-30,0.0,0.0,0.0,0,0.0,0.0,1000000.0,1000000.0,0.0,0,0.0
1000000.0,0.0,0.0,2019-02-11,0.0,0.0,0.0,0,0.0,0.0,1000000.0,1000000.0,0.0,0,0.0
1000000.0,0.0,0.0,2019-02-12,0.0,0.0,0.0,0,0.0,0.0,1000000.0,1000000.0,0.0,0,0.0
1000000.0,0.0,0.0,2019-02-13,0.0,0.0,0.0,0,0.0,0.0,1000000.0,1000000.0,0.0,0,0.0
1000000.0,0.0,0.0,2019-02-14,0.0,0.0,0.0,0,0.0,0.0,1000000.0,1000000.0,0.0,0,0.0
1000000.0,0.0,0.0,2019-02-15,0.0,0.0,0.0,0,0.0,0.0,1000000.0,1000000.0,0.0,0,0.0
1000000.0,0.0,0.0,2019-02-18,0.0,0.0,0.0,0,0.0,0.0,1000000.0,1000000.0,0.0,0,0.0
1000000.0,0.0,0.0,2019-02-19,0.0,0.0,0.0,0,0.0,0.0,1000000.0,1000000.0,0.0,0,0.0
1000000.0,0.0,0.0,2019-02-20,0.0,0.0,0.0,0,0.0,0.0,1000000.0,1000000.0,0.0,0,0.0
1000000.0,0.0,0.0,2019-02-21,0.0,0.0,0.0,0,0.0,0.0,1000000.0,1000000.0,0.0,0,0.0
1000000.0,0.0,0.0,2019-02-22,0.0,0.0,0.0,0,0.0,0.0,1000000.0,1000000.0,0.0,0,0.0
1000000.0,0.0,0.0,2019-02-25,0.0,0.0,0.0,0,0.0,0.0,1000000.0,1000000.0,0.0,0,0.0
1000000.0,0.0,0.0,2019-02-26,0.0,0.0,0.0,0,0.0,0.0,1000000.0,1000000.0,0.0,0,0.0
1000000.0,0.0,0.0,2019-02-27,0.0,0.0,0.0,0,0.0,0.0,1000000.0,1000000.0,0.0,0,0.0
1000000.0,0.0,0.0,2019-03-04,0.0,0.0,0.0,0,0.0,0.0,1000000.0,1000000.0,0.0,0,0.0
750854.0,1486.0,-0.007286000000000015,2019-03-05,0.0,-0.007286000000000015,-5800.000000000011,1,0.0,241860.0,992714.0,1000000.0,0.0,0,-0.007286000000000015
750854.0,0.0,0.002436351255245661,2019-03-06,0.0,-0.004867400000000077,0.0,1,2418.600000000006,244278.6,995132.6,992714.0,0.0,0,-0.004867400000000077
190006.0,3321.0,-0.014466815779123343,2019-03-07,0.0,-0.019263800000000053,211.4000000000099,3,-11286.800000000017,790730.2,980736.2,995132.6,0.0,0,-0.019263800000000053
190006.0,0.0,-0.008649216782249836,2019-03-08,0.0,-0.02774640000000006,0.0,3,-8482.599999999977,782247.6,972253.6,980736.2,0.0,0,-0.02774640000000006
190006.0,0.0,0.002174124117411358,2019-03-11,0.0,-0.025632600000000005,0.0,3,2113.8000000000466,784361.4,974367.4,972253.6,0.0,0,-0.025632600000000005
190006.0,0.0,-0.004147819395435404,2019-03-12,0.0,-0.029674099999999926,0.0,3,-4041.5,780319.9,970325.9,974367.4,0.0,0,-0.029674099999999926
190006.0,0.0,0.025912324920936314,2019-03-13,0.0,-0.004530699999999999,0.0,3,25143.400000000023,805463.3,995469.3,970325.9,0.0,0,-0.004530699999999999
190006.0,0.0,0.02454932562963008,2019-03-14,0.0,0.0,0.0,3,24438.099999999977,829901.4,1019907.4,995469.3,0.0,0,0.01990740000000013
190006.0,0.0,-0.002964484814994006,2019-03-15,0.0,-0.002964484814994006,0.0,3,-3023.5,826877.9,1016883.9,1019907.4,0.0,0,0.016883900000000063
190006.0,0.0,0.04036704681822578,2019-03-18,0.0,0.0,0.0,3,41048.59999999998,867926.5,1057932.5,1016883.9,0.0,0,0.05793249999999994
190006.0,0.0,-0.010101589657185217,2019-03-19,0.0,-0.010101589657185217,0.0,3,-10686.800000000047,857239.7,1047245.7,1057932.5,0.0,0,0.047245699999999946
190006.0,0.0,0.004462563083333926,2019-03-20,0.0,-0.005684105554938479,0.0,3,4673.400000000023,861913.1,1051919.1,1047245.7,0.0,0,0.05191910000000011
190006.0,0.0,0.006133266331983078,2019-03-21,0.0,0.0,0.0,3,6451.70000000007,868364.8,1058370.8,1051919.1,0.0,0,0.058370800000000056
190006.0,0.0,-0.0007192186330159389,2019-03-22,0.0,-0.0007192186330159389,0.0,3,-761.2000000000698,867603.6,1057609.6,1058370.8,0.0,0,0.05760960000000015
190006.0,0.0,-0.025372216742359455,2019-03-25,0.0,-0.02607318720433338,0.0,3,-26833.900000000023,840769.7,1030775.7,1057609.6,0.0,0,0.03077569999999996
190006.0,0.0,0.02900825077657543,2019-03-26,0.0,0.0,0.0,3,29901.0,870670.7,1060676.7,1030775.7,0.0,0,0.06067669999999992
190006.0,0.0,-0.0036581363576666526,2019-03-27,0.0,-0.0036581363576666526,0.0,3,-3880.0999999999767,866790.6,1056796.6,1060676.7,0.0,0,0.0567966000000002
419354.2,2085.0,-0.01598765552425152,2019-03-28,0.0,-0.019587306857971054,-2800.8000000000116,3,-12009.900000000023,620546.7,1039900.8999999999,1056796.6,0.0,0,0.039900899999999906
419691.2,23.0,0.011790738905986364,2019-03-29,0.0,-0.008027516773018495,-1.799999999999983,3,12286.0,632470.9,1052162.1,1039900.8999999999,0.0,0,0.0521621000000001
420145.6,24.0,-0.005530231510905037,2019-04-01,0.0,-0.013513354257711052,-4.0,3,-5790.699999999953,626197.8,1046343.4,1052162.1,0.0,0,0.046343400000000035
408107.1,98.0,-0.0031397913916215714,2019-04-02,0.0,-0.016610716535962355,30.0,4,-3217.3000000000466,634951.0,1043058.1,1046343.4,0.0,0,0.04305809999999988
408380.6,22.0,0.004842395644116149,2019-04-03,0.0,-0.011848756553245687,-1.4999999999999858,4,5074.400000000023,639728.4,1048109.0,1043058.1,0.0,0,0.04810899999999996
408766.4,23.0,0.0030346080417209542,2019-04-08,0.0,-0.008850104843445616,0.0,4,3203.5999999999767,642523.2,1051289.6,1048109.0,0.0,0,0.051289600000000046
408920.0,21.0,-0.005029822420006824,2019-04-09,0.0,-0.013835412807691405,-1.1999999999999957,3,-5265.59999999986,637081.8,1046001.8,1051289.6,0.0,0,0.04600179999999998
408920.0,0.0,-0.0029204538653757606,2019-04-10,0.0,-0.01671546098825394,0.0,3,-3054.8000000000466,634027.0,1042947.0,1046001.8,0.0,0,0.04294700000000007
408920.0,0.0,-0.0019044112500442578,2019-04-11,0.0,-0.018588039126342548,0.0,3,-1986.1999999999534,632040.8,1040960.8,1042947.0,0.0,0,0.04096080000000013
408920.0,0.0,-0.00876257780312184,2019-04-12,0.0,-0.027187737790412392,0.0,3,-9121.5,622919.3,1031839.3,1040960.8,0.0,0,0.031839300000000126
408920.0,0.0,0.0033569180782317964,2019-04-15,0.0,-0.02392208672067553,0.0,3,3463.79999999993,626383.1,1035303.1,1031839.3,0.0,0,0.03530309999999992
408920.0,0.0,0.015800493594581022,2019-04-16,0.0,-0.008499573904093505,0.0,3,16358.300000000047,642741.4,1051661.4,1035303.1,0.0,0,0.05166139999999997
408920.0,0.0,-0.007856045681623347,2019-04-17,0.0,-0.016288846544851965,0.0,3,-8261.900000000023,634479.5,1043399.5,1051661.4,0.0,0,0.043399500000000035
408920.0,0.0,-0.021287819286859855,2019-04-18,0.0,-0.037229911810073624,0.0,3,-22211.699999999953,612267.8,1021187.8,1043399.5,0.0,0,0.02118780000000009
408920.0,0.0,0.008819337637993696,2019-04-19,0.0,-0.028738917334565683,0.0,3,9006.199999999953,621274.0,1030194.0,1021187.8,0.0,0,0.030194000000000054
408920.0,0.0,0.0014493386682508103,2019-04-22,0.0,-0.027331231090491515,0.0,3,1493.0999999999767,622767.1,1031687.1,1030194.0,0.0,0,0.03168710000000008
408920.0,0.0,-0.004921259556313062,2019-04-23,0.0,-0.03211798656461473,0.0,3,-5077.199999999953,617689.9,1026609.9,1031687.1,0.0,0,0.026609899999999964
408920.0,0.0,-0.010163646386032288,2019-04-24,0.0,-0.041955197092573004,0.0,3,-10434.099999999977,607255.8,1016175.8,1026609.9,0.0,0,0.016175800000000073
615201.1,1877.0,0.002771075634747433,2019-04-25,0.0,-0.03930038248223988,-2800.0000000000114,3,7492.899999999907,403790.6,1018991.7,1016175.8,0.0,0,0.018991699999999945
615284.1,21.0,-0.000687542400983232,2019-04-26,0.0,-0.039960904203891756,0.0,3,-679.5999999999767,403007.0,1018291.1,1018991.7,0.0,0,0.018291099999999894
615414.3,21.0,-0.009515844732414847,2019-04-29,0.0,-0.049096487176535364,0.30000000000000426,3,-9669.200000000012,393186.9,1008601.2000000001,1018291.1,0.0,0,0.008601199999999976
615857.4,24.0,0.005803483081320948,2019-04-30,0.0,-0.04357793472789573,-3.599999999999987,3,5881.0,398597.2,1014454.6000000001,1008601.2000000001,0.0,0,0.014454600000000095
616506.1,26.0,0.00933388246255662,2019-05-02,0.0,-0.03465080358605033,-5.1999999999999815,3,9500.0,407417.3,1023923.3999999999,1014454.6000000001,0.0,0,0.023923399999999928
616539.1,21.0,-0.0028413258257403706,2019-05-03,0.0,-0.03739367518867909,0.0,2,-2888.2999999999884,404475.0,1021014.1,1023923.3999999999,0.0,0,0.021014099999999925
397171.6,1308.0,-0.016466961621783627,2019-05-06,0.0,-0.05324487659623334,-4000.0,3,-11505.0,607029.5,1004201.1,1021014.1,0.0,0,0.004201099999999958
397171.6,0.0,-0.0028450476702326366,2019-05-07,0.0,-0.055938440054354,0.0,3,-2857.0,604172.5,1001344.1,1004201.1,0.0,0,0.0013441000000000702
397171.6,0.0,-0.020988289639894964,2019-05-08,0.0,-0.07575267751238435,0.0,3,-21016.5,583156.0,980327.6,1001344.1,0.0,0,-0.019672400000000034
397171.6,0.0,-0.02987776739122716,2019-05-09,0.0,-0.10336712402563386,0.0,3,-29290.0,553866.0,951037.6,980327.6,0.0,0,-0.04896240000000007
397171.6,0.0,-0.002105594983836556,2019-05-10,0.0,-0.10525506971162846,0.0,3,-2002.5,551863.5,949035.1,951037.6,0.0,0,-0.05096489999999998
397171.6,0.0,-0.028606950364638783,2019-05-13,0.0,-0.13085099352140006,0.0,3,-27149.0,524714.5,921886.1,949035.1,0.0,0,-0.07811390000000007
397171.6,0.0,0.014487689965170247,2019-05-14,0.0,-0.11825903218200229,0.0,3,13356.0,538070.5,935242.1,921886.1,0.0,0,-0.06475790000000003
397171.6,0.0,0.04258362620758849,2019-05-15,0.0,-0.08071130439652341,0.0,3,39826.0,577896.5,975068.1,935242.1,0.0,0,-0.024931900000000007
397171.6,0.0,-0.030042517030348992,2019-05-16,0.0,-0.10832905068999821,0.0,3,-29293.5,548603.0,945774.6,975068.1,0.0,0,-0.05422539999999998
397171.6,0.0,-0.030171882391428206,2019-05-17,0.0,-0.13523244170443272,0.0,3,-28535.800000000047,520067.19999999995,917238.7999999999,945774.6,0.0,0,-0.08276120000000009
580196.2,1677.0,-0.0006133626270498072,2019-05-20,0.0,-0.13576285780577624,-1891.799999999977,2,3006.20000000007,336480.0,916676.2,917238.7999999999,0.0,0,-0.08332380000000006
313261.6,1670.0,0.011481044233503601,2019-05-21,0.0,-0.12584051294800758,738.3999999999605,3,11456.0,613939.0,927200.6,916676.2,0.0,0,-0.07279940000000007
314292.6,28.0,-0.004402499308132413,2019-05-22,0.0,-0.12968899948495138,4.5,2,-4058.5,608826.0,923118.6,927200.6,0.0,0,-0.07688139999999999
314292.6,0.0,-0.014082697499541275,2019-05-23,0.0,-0.14194532603572796,0.0,2,-13000.0,595826.0,910118.6,923118.6,0.0,0,-0.0898814
314292.6,0.0,-0.0007133136274766194,2019-05-24,0.0,-0.14255738812778662,0.0,2,-649.1999999999534,595176.8,909469.4,910118.6,0.0,0,-0.09053060000000002
314292.6,0.0,-0.007462922886685375,2019-05-27,0.0,-0.14895641621994715,0.0,2,-6787.300000000047,588389.5,902682.1,909469.4,0.0,0,-0.09731790000000007
314292.6,0.0,0.018514491425054347,2019-05-28,0.0,-0.13319977708570385,0.0,2,16712.699999999953,605102.2,919394.7999999999,902682.1,0.0,0,-0.08060520000000004
314292.6,0.0,-0.014914920119191377,2019-05-29,0.0,-0.14612803316976797,0.0,2,-13712.699999999953,591389.5,905682.1,919394.7999999999,0.0,0,-0.09431790000000007
314292.6,0.0,0.012767725010795816,2019-05-30,0.0,-0.13522603070285222,0.0,2,11563.5,602953.0,917245.6,905682.1,0.0,0,-0.0827544
314292.6,0.0,0.010263663298030634,2019-05-31,0.0,-0.12635028185308483,0.0,2,9414.300000000047,612367.3,926659.9,917245.6,0.0,0,-0.07334010000000002
76313.9,1420.0,-0.00869207785941739,2019-06-03,0.0,-0.13394411322507593,152.6999999999917,3,-6787.300000000047,842291.4,918605.3,926659.9,0.0,0,-0.08139469999999993
76313.9,0.0,-0.0009571031214385961,2019-06-04,0.0,-0.13477301801764852,0.0,3,-879.2000000000698,841412.2,917726.1,918605.3,0.0,0,-0.08227390000000001
76313.9,0.0,0.004724067453241387,2019-06-05,0.0,-0.13068562739239942,0.0,3,4335.40000000014,845747.6000000001,922061.5000000001,917726.1,0.0,0,-0.07793849999999991
76313.9,0.0,0.0020928105120969764,2019-06-06,0.0,-0.12886631713508923,0.0,3,1929.6999999999534,847677.3,923991.2000000001,922061.5000000001,0.0,0,-0.07600879999999988
396430.9,2883.0,0.01776304795976391,2019-06-10,0.0,-0.11339232774699393,-2000.0000000000284,2,21295.900000000023,543973.2,940404.1,923991.2000000001,0.0,0,-0.059595900000000035
396430.9,0.0,-0.01362116562443727,2019-06-11,0.0,-0.12546895769464894,0.0,2,-12809.399999999907,531163.8,927594.7000000001,940404.1,0.0,0,-0.0724052999999999
396430.9,0.0,-0.004399335183782327,2019-06-12,0.0,-0.12931631287837275,0.0,2,-4080.8000000000466,527083.0,923513.9,927594.7000000001,0.0,0,-0.0764861
396430.9,0.0,0.002431365678415842,2019-06-13,0.0,-0.1271993624447486,0.0,2,2245.4000000000233,529328.4,925759.3,923513.9,0.0,0,-0.07424069999999994
132511.9,1571.0,-0.0039143004018431515,2019-06-14,0.0,-0.1306157663310601,-1750.0,3,-302.70000000006985,789623.7,922135.6,925759.3,0.0,0,-0.07786440000000006
132511.9,0.0,0.004960984046164185,2019-06-17,0.0,-0.12630276501784188,0.0,3,4574.70000000007,794198.4,926710.3,922135.6,0.0,0,-0.0732896999999999
132511.9,0.0,0.005358200939387325,2019-06-18,0.0,-0.12162131967262024,0.0,3,4965.5,799163.9,931675.8,926710.3,0.0,0,-0.06832419999999995
132511.9,0.0,0.003166981475745123,2019-06-19,0.0,-0.11883951066333398,0.0,3,2950.5999999999767,802114.5,934626.4,931675.8,0.0,0,-0.06537360000000003
132511.9,0.0,-0.002701293265415905,2019-06-20,0.0,-0.12121978355892982,0.0,3,-2524.6999999999534,799589.8,932101.7000000001,934626.4,0.0,0,-0.06789829999999997
132511.9,0.0,-0.004587696814628783,2019-06-21,0.0,-0.12525136075865528,0.0,3,-4276.20000000007,795313.6,927825.5,932101.7000000001,0.0,0,-0.07217450000000003
132511.9,0.0,0.010494430256551501,2019-06-24,0.0,-0.11607137217212371,0.0,3,9737.0,805050.6,937562.5,927825.5,0.0,0,-0.062437500000000035
132511.9,0.0,-0.0037868408772748774,2019-06-25,0.0,-0.11941866923257571,0.0,3,-3550.4000000000233,801500.2,934012.1,937562.5,0.0,0,-0.06598789999999999
132511.9,0.0,-0.008793462097546612,2019-06-26,0.0,-0.1271620277884863,0.0,3,-8213.199999999953,793287.0,925798.9,934012.1,0.0,0,-0.07420110000000002
132511.9,0.0,-0.00031939981782214133,2019-06-27,0.0,-0.1274408120777989,0.0,3,-295.69999999995343,792991.3,925503.2000000001,925798.9,0.0,0,-0.07449679999999992
132511.9,0.0,0.008433358199085639,2019-06-28,0.0,-0.12008220789614776,0.0,3,7805.099999999977,800796.4,933308.3,925503.2000000001,0.0,0,-0.06669169999999991
132511.9,0.0,0.000864558902990531,2019-07-01,0.0,-0.11932146713508451,0.0,3,806.9000000000233,801603.3,934115.2000000001,933308.3,0.0,0,-0.06588479999999997
132511.9,0.0,0.00792568197155985,2019-07-02,0.0,-0.11234148916441733,0.0,3,7403.5,809006.8,941518.7000000001,934115.2000000001,0.0,0,-0.05848129999999996
132511.9,0.0,0.002380409438495379,2019-07-03,0.0,-0.11022849846706351,0.0,3,2241.1999999999534,811248.0,943759.9,941518.7000000001,0.0,0,-0.056240100000000015
132511.9,0.0,0.01944392848223364,2019-07-04,0.0,-0.09292784502572737,0.0,3,18350.400000000023,829598.4,962110.3,943759.9,0.0,0,-0.037889699999999915
132511.9,0.0,0.012231757626958162,2019-07-05,0.0,-0.08183275827591951,0.0,3,11768.29999999993,841366.7,973878.6,962110.3,0.0,0,-0.026121400000000072
132511.9,0.0,0.010115418903341888,2019-07-08,5362.49,-0.07254511200255453,0.0,3,4488.700000000061,818153.4,983729.79,973878.6,33064.49,0,-0.01627020999999995
132511.9,0.0,-0.003812225712916617,2019-07-09,0.0,-0.07608077937414859,0.0,3,-3750.20000000007,814503.2,979979.59,983729.79,32964.49,0,-0.02002040999999999
132511.9,0.0,0.0038887544586516665,2019-07-10,0.0,-0.07248788438550591,0.0,3,3810.9000000000233,817964.1,983790.49,979979.59,33314.49,0,-0.016209510000000038
132511.9,0.0,-0.01529695616390847,2019-07-11,0.0,-0.08667599655955482,0.0,3,-15049.0,804215.1,968741.49,983790.49,32014.489999999998,0,-0.03125851000000002
132511.9,0.0,-0.0026142165130141892,2019-07-12,0.0,-0.08906362325108108,0.0,3,-2532.5,802082.6,966208.99,968741.49,31614.489999999998,0,-0.033791009999999955
132511.9,0.0,-0.007859479759135812,2019-07-15,0.0,-0.09622310926599975,0.0,3,-7593.900000000023,795288.7,958615.09,966208.99,30814.489999999998,0,-0.04138491
132511.9,0.0,-0.0019405598966732995,2019-07-16,11351.25,-0.09797694245569821,0.0,3,-13211.499999999884,782077.2000000001,956754.8400000001,958615.09,42165.74,0,-0.043245159999999894
132511.9,0.0,0.0029090001781437724,2019-07-17,0.0,-0.09535295722061199,0.0,3,2783.1999999999534,784810.4,959538.04,956754.8400000001,42215.74,0,-0.04046195999999991
132511.9,0.0,-0.008799130048038561,2019-07-18,0.0,-0.10331306419760133,0.0,3,-8443.099999999977,777117.3,951094.9400000001,959538.04,41465.74,0,-0.048905059999999945
132511.9,0.0,0.003408282247826966,2019-07-19,0.0,-0.10025690203244775,0.0,3,3241.5999999999767,780358.9,954336.54,951094.9400000001,41465.74,0,-0.04566345999999999
132511.9,0.0,-0.012256682532558183,2019-07-22,0.0,-0.11128476754509642,0.0,3,-11697.0,769711.9,942639.54,954336.54,40415.74,0,-0.057360459999999946
132511.9,0.0,-0.0031381030335306814,2019-07-23,0.0,-0.11407364751200799,0.0,3,-2958.0999999999767,766753.8,939681.4400000001,942639.54,40415.74,0,-0.06031855999999991
132511.9,0.0,0.02066189580162403,2019-07-24,0.0,-0.0957687295289884,0.0,3,19415.599999999977,784519.4,959097.04,939681.4400000001,42065.74,0,-0.04090295999999993
132511.9,0.0,-0.0013671192228891238,2019-07-25,0.0,-0.09700492148078677,0.0,3,-1311.2000000000698,783508.2,957785.84,959097.04,41765.74,0,-0.04221416
132511.9,0.0,-0.00830425724397843,2019-07-26,0.0,-0.1045036249028568,0.0,3,-7953.699999999953,776204.5,949832.14,957785.84,41115.74,0,-0.05016785999999995
132511.9,0.0,-0.005328731032411715,2019-07-29,0.0,-0.10927548422624911,0.0,3,-5061.400000000023,771543.1,944770.74,949832.14,40715.74,0,-0.05522926000000006
132511.9,0.0,-0.005306049169134908,2019-07-30,0.0,-0.11400171230309852,0.0,3,-5013.0,766980.1,939757.74,944770.74,40265.74,0,-0.06024225999999999
137874.39,0.0,-0.007600256636353997,2019-07-31,0.0,-0.12073552666896514,0.0,3,-7142.400000000014,760387.7,932615.34,939757.74,34353.25,0,-0.06738465999999999
137874.39,0.0,0.00036906963164473616,2019-08-01,0.0,-0.12041101685367461,0.0,3,344.20000000006985,760481.9,932959.54,932615.34,34603.25,0,-0.06704045999999997
137874.39,0.0,-0.016364482429752525,2019-08-02,0.0,-0.13480503531377652,0.0,3,-15267.400000000023,745964.5,917692.14,932959.54,33853.25,0,-0.08230786000000001
137874.39,0.0,-0.007847185004766444,2019-08-05,0.0,-0.14159438026686166,0.0,3,-7201.300000000047,739363.2,910490.84,917692.14,33253.25,0,-0.08950916000000009
137874.39,0.0,-0.0017244544711728649,2019-08-06,9122.0,-0.14307466167589045,0.0,3,-10692.099999999977,722971.1,908920.74,910490.84,48075.25,0,-0.09107926
149225.64,0.0,0.01273675414206088,2019-08-07,0.0,-0.13216021432355396,0.0,3,11576.70000000007,733719.3,920497.4400000001,908920.74,37552.49999999999,0,-0.07950255999999989
149225.64,0.0,0.009444512958123985,2019-08-08,0.0,-0.12396389022215726,0.0,3,8693.649999999907,741527.2,929191.09,920497.4400000001,38438.24999999999,0,-0.07080891
149225.64,0.0,0.002449872824329402,2019-08-12,0.0,-0.12181771316368128,0.0,3,2276.4000000000233,743653.6,931467.49,929191.09,38588.24999999999,0,-0.06853251000000005
149225.64,0.0,-0.007175773788948847,2019-08-13,0.0,-0.12811935059948043,0.0,3,-6684.0,737569.6,924783.49,931467.49,37988.24999999999,0,-0.07521650999999996
149225.64,0.0,-0.002881431198560769,2019-08-14,0.0,-0.13063161470408458,0.0,3,-2664.6999999999534,734933.4,922118.79,924783.49,37959.74999999999,0,-0.07788120999999992
149225.64,0.0,-0.010544519974481914,2019-08-15,0.0,-0.13979868700802045,0.0,3,-9723.300000000047,726110.1,912395.49,922118.79,37059.74999999999,0,-0.08760451000000002
149225.64,0.0,-0.0002379450604255151,2019-08-16,0.0,-0.1400033676614184,0.0,3,-217.09999999997672,726014.5,912178.39,912395.49,36938.24999999999,0,-0.08782161
149225.64,0.0,0.004595318246905622,2019-08-19,0.0,-0.13605140944455552,0.0,3,4191.75,730085.0,916370.14,912178.39,37059.49999999999,0,-0.08362985999999994
433322.84,2576.0,0.009792931489452483,2019-08-20,0.0,-0.12759082008683686,1391.2000000000198,3,10158.75,454026.0,925344.0900000001,916370.14,37995.24999999999,0,-0.07465590999999994
435603.09,37.0,0.004177148848489409,2019-08-21,0.0,-0.12394663708555109,0.0,3,3902.2999999999884,455339.55,929209.39,925344.0900000001,38266.74999999999,0,-0.07079060999999998
436597.64,28.0,-0.0023138487655619544,2019-08-22,0.0,-0.1259736920778971,-7.6499999999999275,2,-2114.399999999965,452480.69999999995,927059.34,929209.39,37980.99999999999,0,-0.07294065999999999
176995.64,1544.0,-0.005054369011588733,2019-08-23,0.0,-0.13039134356397186,1617.0000000000343,3,-4758.699999999953,707797.0,922373.64,927059.34,37580.99999999999,0,-0.07762636
176995.64,0.0,-0.0004209248651121378,2019-08-26,0.0,-0.13075738347038257,0.0,3,-388.25,707401.5,921985.39,922373.64,37588.24999999999,0,-0.07801460999999998
176995.64,0.0,-0.0015472045603672768,2019-08-27,0.0,-0.13210227961074283,0.0,3,-1426.5,706296.5,920558.89,921985.39,37266.74999999999,0,-0.07944110999999998
176995.64,0.0,0.0006421642400302741,2019-08-28,0.0,-0.13154494673070494,0.0,3,591.1500000000233,706901.9,921150.04,920558.89,37252.49999999999,0,-0.07884996
176995.64,0.0,0.0004862400049399085,2019-08-29,0.0,-0.1311226691413132,0.0,3,447.9000000000233,707499.8,921597.9400000001,921150.04,37102.49999999999,0,-0.07840205999999994
176997.64,0.0,0.007475168618541028,2019-08-30,0.0,-0.12462766458431673,0.0,3,6889.099999999977,736610.4,928487.04,921597.9400000001,14879.0,0,-0.07151295999999996
394821.84,1981.0,0.009562599818302209,2019-09-02,0.0,-0.11625682924872383,-600.0000000000085,3,11459.75,527650.7,937365.79,928487.04,14893.25,0,-0.06263420999999991
395957.64,29.0,0.0019326500063545637,2019-09-03,0.0,-0.11454886300415568,3.2000000000000455,2,1837.4000000000233,528383.5,939177.39,937365.79,14836.25,0,-0.06082261
144442.24,1494.0,0.00026363496676595766,2019-09-04,0.0,-0.11431542712308096,1964.6000000000172,3,-223.0,780118.0,939424.99,939177.39,14864.75,0,-0.060575009999999985
144442.24,0.0,-0.0001969821986532727,2019-09-05,0.0,-0.11448989121755948,0.0,3,-185.05000000004657,779918.7,939239.94,939424.99,14879.0,0,-0.060760060000000005
159285.74,64.0,0.005743580282584704,2019-09-06,0.0,-0.10940389281672724,0.0,3,5458.600000000093,785348.8,944634.54,939239.94,0.0,0,-0.05536545999999998
159285.74,0.0,-0.008171731683662586,2019-09-09,0.0,-0.1166816052431433,0.0,3,-7719.300000000047,777629.5,936915.24,944634.54,0.0,0,-0.06308475999999996
159285.74,0.0,0.0009167318059635221,2019-09-10,0.0,-0.11587183917587696,0.0,3,858.9000000000233,778488.4,937774.14,936915.24,0.0,0,-0.062225859999999966
159285.74,0.0,-0.005552403055174904,2019-09-11,0.0,-0.12078087507720303,0.0,3,-5206.900000000023,773281.5,932567.24,937774.14,0.0,0,-0.06743275999999998
393618.74,2121.0,0.0024999805912118145,2019-09-12,0.0,-0.11858284432947375,1500.0,3,2952.4000000000233,541279.9,934898.64,932567.24,0.0,0,-0.06510136
399668.24,66.0,0.0002823835533658503,2019-09-16,0.0,-0.118333946621058,27.0,3,303.0,535494.4,935162.64,934898.64,0.0,0,-0.06483735999999996
405915.24,67.0,-0.0010632375134234096,2019-09-17,0.0,-0.11927136704332242,0.0,3,-927.3000000000466,528253.1,934168.34,935162.64,0.0,0,-0.06583166000000007
413411.74,77.0,0.0036696812054237693,2019-09-18,0.0,-0.11603937373188267,0.0,2,3505.0999999999767,524184.7,937596.44,934168.34,0.0,0,-0.062403560000000025
127453.94,1699.0,-0.00018675412206115016,2019-09-19,0.0,-0.11620445702257798,-630.7999999999628,3,2154.7000000000116,809967.4,937421.3400000001,937596.44,0.0,0,-0.0625786599999999
127453.94,0.0,0.0028183698058332762,2019-09-20,0.0,-0.11371359434972039,0.0,3,2641.9999999998836,812609.3999999999,940063.3399999999,937421.3400000001,0.0,0,-0.0599366600000002
127453.94,0.0,0.0018426417947541296,2019-09-23,0.0,-0.11208048597654674,0.0,3,1732.2000000001863,814341.6000000001,941795.54,940063.3399999999,0.0,0,-0.05820446000000001
127453.94,0.0,-0.0023184437675294323,2019-09-24,0.0,-0.11413907743990226,0.0,3,-2183.5,812158.1000000001,939612.04,941795.54,0.0,0,-0.06038795999999991
127453.94,0.0,0.006296322043723324,2019-09-25,0.0,-0.10856141178551393,0.0,3,5916.09999999986,818074.2,945528.1399999999,939612.04,0.0,0,-0.05447186000000015
127453.94,0.0,0.0004163810502775256,2019-09-26,0.0,-0.10819023364989533,0.0,3,393.70000000006985,818467.9,945921.8400000001,945528.1399999999,0.0,0,-0.054078159999999875
127453.94,0.0,-0.0023958639119697756,2019-09-27,0.0,-0.1103268884854357,0.0,3,-2266.29999999993,816201.6000000001,943655.54,945921.8400000001,0.0,0,-0.05634445999999993
127453.94,0.0,0.00454572650524554,2019-10-01,0.0,-0.10628267784141965,0.0,3,4289.59999999986,820491.2,947945.1399999999,943655.54,0.0,0,-0.05205486000000015
127453.94,0.0,0.0004305101453445648,2019-10-02,0.0,-0.1058979234671601,0.0,3,408.10000000009313,820899.3,948353.24,947945.1399999999,0.0,0,-0.051646760000000014
127453.94,0.0,-0.009507111506256938,2019-10-03,0.0,-0.11439825160673378,0.0,3,-9016.100000000093,811883.2,939337.1399999999,948353.24,0.0,0,-0.060662860000000096
127453.94,0.0,0.002599918491458686,2019-10-04,0.0,-0.11209575924501791,0.0,3,2442.1999999999534,814325.3999999999,941779.3399999999,939337.1399999999,0.0,0,-0.058220660000000146
127453.94,0.0,-0.0013491483047396446,2019-10-07,0.0,-0.1132936737462037,0.0,3,-1270.5999999998603,813054.8,940508.74,941779.3399999999,0.0,0,-0.059491260000000046
127453.94,0.0,-0.003442923879686699,2019-10-08,0.0,-0.11634653613113222,0.0,3,-3238.100000000093,809816.7,937270.6399999999,940508.74,0.0,0,-0.06272936000000007
127453.94,0.0,-0.0017257555405768565,2019-10-09,0.0,-0.11787150599235385,0.0,3,-1617.5,808199.2,935653.1399999999,937270.6399999999,0.0,0,-0.06434686000000012
127453.94,0.0,0.011034537863037652,2019-10-14,0.0,-0.10813762572516217,0.0,3,10324.5,818523.7,945977.6399999999,935653.1399999999,0.0,0,-0.05402236000000005
127453.94,0.0,0.0022530130839033546,2019-10-15,0.0,-0.10612824812687982,0.0,3,2131.3000000000466,820655.0,948108.94,945977.6399999999,0.0,0,-0.0518910600000001
127453.94,0.0,0.008699949607056778,2019-10-16,0.0,-0.09835160893041206,0.0,3,8248.5,828903.5,956357.44,948108.94,0.0,0,-0.04364256000000011
127453.94,0.0,0.0032057051806906323,2019-10-17,0.0,-0.09546119001199893,0.0,3,3065.8000000000466,831969.3,959423.24,956357.44,0.0,0,-0.04057675999999999
127453.94,0.0,0.0021745356095397295,2019-10-18,0.0,-0.09349423815946922,0.0,3,2086.3000000000466,834055.6000000001,961509.54,959423.24,0.0,0,-0.038490460000000004
127453.94,0.0,-0.0015923918966005424,2019-10-21,0.0,-0.09493775058884579,0.0,3,-1531.1000000000931,832524.5,959978.44,961509.54,0.0,0,-0.04002156000000001
127453.94,0.0,-0.0040395698886736,2019-10-22,0.0,-0.0985938127989423,0.0,3,-3877.899999999907,828646.6000000001,956100.54,959978.44,0.0,0,-0.04389946
127453.94,0.0,-0.0003251750072227333,2019-10-23,0.0,-0.09888692756237605,0.0,3,-310.9000000001397,828335.7,955789.6399999999,956100.54,0.0,0,-0.044210360000000115
127453.94,0.0,0.004591596117321517,2019-10-24,0.0,-0.09474938027770385,0.0,3,4388.600000000093,832724.3,960178.24,955789.6399999999,0.0,0,-0.03982176000000004
127453.94,0.0,-0.003048600643147159,2019-10-25,0.0,-0.09750912789919863,0.0,3,-2927.1999999999534,829797.1000000001,957251.04,960178.24,0.0,0,-0.04274895999999995
127453.94,0.0,-0.0009493852312765227,2019-10-28,0.0,-0.09836593940453298,0.0,3,-908.8000000000466,828888.3,956342.24,957251.04,0.0,0,-0.04365775999999999
127453.94,0.0,-0.00136196012841594,2019-10-29,0.0,-0.0995939290454857,0.0,3,-1302.5,827585.8,955039.74,956342.24,0.0,0,-0.044960259999999974
127453.94,0.0,0.01092174447107297,2019-10-30,0.0,-0.08975992401831778,0.0,3,10430.699999999953,838016.5,965470.44,955039.74,0.0,0,-0.03452956000000007
127453.94,0.0,0.0012480962130752005,2019-10-31,0.0,-0.08862385682649576,0.0,3,1205.0,839221.5,966675.44,965470.44,0.0,0,-0.03332456000000006
127453.94,0.0,-0.00469630220459516,2019-11-01,0.0,-0.09290395461689693,0.0,3,-4539.800000000047,834681.7,962135.6399999999,966675.44,0.0,0,-0.03786436000000015
127453.94,0.0,-0.0005938871571163906,2019-11-04,0.0,-0.09344266730852102,0.0,3,-571.3999999999069,834110.3,961564.24,962135.6399999999,0.0,0,-0.03843576000000004
127453.94,0.0,-0.0027419904883319024,2019-11-05,0.0,-0.09592843889188862,0.0,3,-2636.600000000093,831473.7,958927.6399999999,961564.24,0.0,0,-0.04107236000000014
127453.94,0.0,0.006866732926793295,2019-11-06,0.0,-0.08972042093505017,0.0,3,6584.70000000007,838058.4,965512.3400000001,958927.6399999999,0.0,0,-0.03448765999999992
127453.94,0.0,-0.008186223699637174,2019-11-07,0.0,-0.09717217319848737,0.0,3,-7903.900000000023,830154.5,957608.44,965512.3400000001,0.0,0,-0.042391560000000106
127453.94,0.0,0.0018727905113282706,2019-11-08,0.0,-0.09548136581109035,0.0,3,1793.3999999999069,831947.8999999999,959401.8399999999,957608.44,0.0,0,-0.04059816000000016
127453.94,0.0,-0.017525294719050954,2019-11-11,0.0,-0.11133332145412445,0.0,3,-16813.79999999993,815134.1,942588.04,959401.8399999999,0.0,0,-0.05741195999999993
127453.94,0.0,-0.018565798904047304,2019-11-12,0.0,-0.12783212830073487,0.0,3,-17499.900000000023,797634.2,925088.1399999999,942588.04,0.0,0,-0.07491186000000005
127453.94,0.0,-0.0020164565075927454,2019-11-13,0.0,-0.12959081688133622,0.0,3,-1865.3999999999069,795768.8,923222.74,925088.1399999999,0.0,0,-0.07677725999999996
127453.94,0.0,-0.007835053976248507,2019-11-14,0.0,-0.1364105198124933,0.0,3,-7233.5,788535.3,915989.24,923222.74,0.0,0,-0.08401075999999996
127453.94,0.0,-0.0002863570755482492,2019-11-15,0.0,-0.13665781477051397,0.0,3,-262.30000000004657,788273.0,915726.94,915989.24,0.0,0,-0.08427306000000001
127453.94,0.0,0.0025515248027976334,2019-11-18,0.0,-0.13445497577159937,0.0,3,2336.5,790609.5,918063.44,915726.94,0.0,0,-0.08193656000000005
127453.94,0.0,0.0021201149236484973,2019-11-19,0.0,-0.13261992084864305,0.0,3,1946.4000000000233,792555.9,920009.8400000001,918063.44,0.0,0,-0.07999015999999992
127453.94,0.0,-0.0005604287884574122,2019-11-20,0.0,-0.13310602561553386,0.0,3,-515.5999999999767,792040.3,919494.24,920009.8400000001,0.0,0,-0.08050575999999998
127453.94,0.0,-0.0016083841917268193,2019-11-21,0.0,-0.13450032417983715,0.0,3,-1478.9000000000233,790561.4,918015.3400000001,919494.24,0.0,0,-0.08198465999999993
127453.94,0.0,0.0008924687467639636,2019-11-22,0.0,-0.13372789276883335,0.0,3,819.2999999999302,791380.7,918834.6399999999,918015.3400000001,0.0,0,-0.08116536000000008
127453.94,0.0,-0.0006159976728783434,2019-11-25,0.0,-0.13426151437096723,0.0,3,-566.0,790814.7,918268.6399999999,918834.6399999999,0.0,0,-0.08173136000000014
380399.94,2294.0,-0.0032760565579151857,2019-11-26,0.0,-0.13709772261425168,1210.4999999999745,3,-1924.8000000000466,534860.4,915260.3400000001,918268.6399999999,0.0,0,-0.08473965999999988
382046.94,33.0,-0.0010367541982646555,2019-11-27,0.0,-0.13799234017302353,0.0,2,-915.9000000000233,532264.5,914311.44,915260.3400000001,0.0,0,-0.08568856000000002
382046.94,0.0,0.0021150342382241227,2019-11-28,0.0,-0.13616916445887794,0.0,2,1933.8000000000466,534198.3,916245.24,914311.44,0.0,0,-0.08375476000000004
382046.94,0.0,-0.0010552851548785158,2019-11-29,0.0,-0.13708075231595085,0.0,2,-966.9000000001397,533231.3999999999,915278.3399999999,916245.24,0.0,0,-0.08472166000000014
382046.94,0.0,-0.0023993794062687757,2019-12-02,0.0,-0.13915122298811688,0.0,2,-2196.0999999998603,531035.3,913082.24,915278.3399999999,0.0,0,-0.08691775999999996
382046.94,0.0,-0.0010096571366888796,2019-12-03,0.0,-0.14002038509943693,0.0,2,-921.9000000000233,530113.4,912160.3400000001,913082.24,0.0,0,-0.08783965999999988
382046.94,0.0,-0.0013969035312367817,2019-12-04,0.0,-0.14122169366028314,0.0,2,-1274.2000000000698,528839.2,910886.1399999999,912160.3400000001,0.0,0,-0.0891138600000001
382046.94,0.0,0.005348418189786042,2019-12-05,0.0,-0.13662858814566214,0.0,2,4871.800000000047,533711.0,915757.94,910886.1399999999,0.0,0,-0.08424206000000001
608603.14,2057.0,-0.003479412911232771,2019-12-06,0.0,-0.13963261378325742,452.2000000000169,2,-1581.5,303968.5,912571.64,915757.94,0.0,0,-0.08742835999999998
609696.14,29.0,0.0006479491297801676,2019-12-09,0.0,-0.13907513948406702,1.4999999999999147,2,618.8000000000466,303466.80000000005,913162.9400000001,912571.64,0.0,0,-0.08683705999999991
610720.94,28.0,-0.0021803337748246276,2019-12-10,0.0,-0.14095224303503606,1.4000000000001194,2,-1964.4000000000815,300451.0,911171.94,913162.9400000001,0.0,0,-0.0888280600000001
611816.94,29.0,-0.002207486766987121,2019-12-11,0.0,-0.14284857959074626,3.0000000000000426,2,-1985.4000000000233,297343.6,909160.5399999999,911171.94,0.0,0,-0.0908394600000001
612317.24,24.0,0.0014253808243811505,2019-12-12,0.0,-0.14162681239250374,0.7000000000000597,1,1319.2000000000116,298139.2,910456.44,909160.5399999999,0.0,0,-0.08954356000000008
400446.74,1261.0,-0.009523355120646837,2019-12-13,0.0,-0.14980140508413153,-6750.0,2,-659.5999999999767,501339.10000000003,901785.8400000001,910456.44,0.0,0,-0.09821415999999994
400446.74,0.0,0.0034165539791575217,2019-12-16,0.0,-0.1468966556915975,0.0,2,3081.0,504420.10000000003,904866.8400000001,901785.8400000001,0.0,0,-0.09513315999999994
400446.74,0.0,0.0027543279185695546,2019-12-17,0.0,-0.14454692933294377,0.0,2,2492.29999999993,506912.39999999997,907359.1399999999,904866.8400000001,0.0,0,-0.09264086000000005
400446.74,0.0,0.0012099949750878913,2019-12-18,0.0,-0.1435118354160131,0.0,2,1097.9000000000233,508010.3,908457.04,907359.1399999999,0.0,0,-0.09154295999999995
400446.74,0.0,-0.0016957323595621077,2019-12-19,0.0,-0.1449642101122801,0.0,2,-1540.5,506469.8,906916.54,908457.04,0.0,0,-0.09308346
427185.64,4307.0,0.0034916112567535684,2019-12-20,0.0,-0.14197875752338096,3290.4000000000183,2,4183.200000000012,482897.5,910083.14,906916.54,0.0,0,-0.08991685999999999
427185.64,0.0,0.011889573077905835,2019-12-23,0.0,-0.13177725125855966,0.0,2,10820.5,493718.0,920903.64,910083.14,0.0,0,-0.07909635999999998
427185.64,0.0,0.010117236587315448,2019-12-24,0.0,-0.12299323629905323,0.0,2,9317.0,503035.0,930220.64,920903.64,0.0,0,-0.06977935999999996
427185.64,0.0,0.02452751424651245,2019-12-25,0.0,-0.1014824404080904,0.0,2,22816.0,525851.0,953036.64,930220.64,0.0,0,-0.04696336000000001
427185.64,0.0,0.01308501633263548,2019-12-26,0.0,-0.08972532346567053,0.0,2,12470.5,538321.5,965507.14,953036.64,0.0,0,-0.03449285999999996
145184.64,1671.0,-0.004281687652770705,2019-12-27,0.0,-0.09362283530881743,-2500.0,3,37.0,816188.5,961373.14,965507.14,0.0,0,-0.03862686000000004
145184.64,0.0,0.01522977852283236,2019-12-30,0.0,-0.07981891183241785,0.0,3,14641.5,830830.0,976014.64,961373.14,0.0,0,-0.023985359999999956
145184.64,0.0,0.0018806070367960448,2019-12-31,0.0,-0.07808841280288326,0.0,3,1835.5,832665.5,977850.14,976014.64,0.0,0,-0.022149859999999966
145184.64,0.0,0.007054250664626283,2020-01-02,0.0,-0.07158501737617118,0.0,3,6898.0,839563.5,984748.14,977850.14,0.0,0,-0.015251860000000006
145184.64,0.0,0.0027392791013547413,2020-01-03,0.0,-0.0690418296168851,0.0,3,2697.5,842261.0,987445.64,984748.14,0.0,0,-0.012554359999999987
145184.64,0.0,-0.010182839026966595,2020-01-06,0.0,-0.07852162680673569,0.0,3,-10055.0,832206.0,977390.64,987445.64,0.0,0,-0.022609360000000023
145184.64,0.0,-0.037876871830898606,2020-01-07,0.0,-0.11342434504312193,0.0,3,-37020.5,795185.5,940370.14,977390.64,0.0,0,-0.059629860000000035
145184.64,0.0,0.002563884046764775,2020-01-08,0.0,-0.11115126786512797,0.0,3,2411.0,797596.5,942781.14,940370.14,0.0,0,-0.05721885999999998
145184.64,0.0,0.0014170839268168312,2020-01-09,0.0,-0.10989169461344817,0.0,3,1336.0,798932.5,944117.14,942781.14,0.0,0,-0.05588285999999998
145184.64,0.0,-0.009099506444719352,2020-01-10,0.0,-0.11799124087481128,0.0,3,-8591.0,790341.5,935526.14,944117.14,0.0,0,-0.06447386
145184.64,0.0,0.02476307075716777,2020-01-13,0.0,-0.09614999556415249,0.0,3,23166.5,813508.0,958692.64,935526.14,0.0,0,-0.041307360000000015
145184.64,0.0,0.02904737017695269,2020-01-14,0.0,-0.06989552990086423,0.0,3,27847.5,841355.5,986540.14,958692.64,0.0,0,-0.01345985999999999
145184.64,0.0,-0.02477851534758635,2020-01-15,0.0,-0.09294213778807425,0.0,3,-24445.0,816910.5,962095.14,986540.14,0.0,0,-0.03790486000000004
145184.64,0.0,0.00794100259149011,2020-01-16,0.0,-0.08573918895361798,0.0,3,7640.0,824550.5,969735.14,962095.14,0.0,0,-0.03026485999999995
145184.64,0.0,0.004959086044876049,2020-01-17,0.0,-0.08120529092418072,0.0,3,4809.0,829359.5,974544.14,969735.14,0.0,0,-0.025455859999999997
145184.64,0.0,0.004744269459154404,2020-01-20,0.0,-0.07684628124667958,0.0,3,4623.5,833983.0,979167.64,974544.14,0.0,0,-0.020832359999999994
145184.64,0.0,-0.08411583127890132,2020-01-30,0.0,-0.15449812369782423,0.0,3,-82363.5,751619.5,896804.14,979167.64,0.0,0,-0.10319586000000003
145184.64,0.0,-0.015164403679046368,2020-01-31,0.0,-0.16731965546146144,0.0,3,-13599.5,738020.0,883204.64,896804.14,0.0,0,-0.11679536000000001
364865.14,1995.0,-0.0083949966567205,2020-02-03,0.0,-0.17431000416997933,-4452.5,3,-967.0,510925.0,875790.14,883204.64,0.0,0,-0.12420986
366751.14,34.0,0.013330248271578027,2020-02-04,0.0,-0.16330335153020703,8.0,3,11700.5,520713.5,887464.64,875790.14,0.0,0,-0.11253535999999997
367565.14,26.0,-0.012856286871328226,2020-02-05,0.0,-0.17406016366721355,10.5,3,-11394.0,508490.0,876055.14,887464.64,0.0,0,-0.12394485999999993
369483.14,34.0,0.027868108849860684,2020-02-06,0.0,-0.15104278240485525,16.0,2,24432.0,530986.0,900469.14,876055.14,0.0,0,-0.09953086
369483.14,0.0,-0.011446255670682914,2020-02-07,0.0,-0.16076016377092095,0.0,2,-10307.0,520679.0,890162.14,900469.14,0.0,0,-0.10983785999999995
369483.14,0.0,-0.0023490102600858265,2020-02-10,0.0,-0.16273154675689583,0.0,2,-2091.0,518588.0,888071.14,890162.14,0.0,0,-0.11192886000000002
369483.14,0.0,0.03296019731031907,2020-02-11,0.0,-0.1351350133362974,0.0,2,29271.0,547859.0,917342.14,888071.14,0.0,0,-0.08265785999999997
369483.14,0.0,0.014234601715778616,2020-02-12,0.0,-0.12282400471321742,0.0,2,13058.0,560917.0,930400.14,917342.14,0.0,0,-0.06959985999999996
369483.14,0.0,-0.012773536341041392,2020-02-13,0.0,-0.1340286441665023,0.0,2,-11884.5,549032.5,918515.64,930400.14,0.0,0,-0.08148436000000003
369483.14,0.0,0.014416194372041335,2020-02-14,0.0,-0.12154463278018646,0.0,2,13241.5,562274.0,931757.14,918515.64,0.0,0,-0.06824286000000002
369483.14,0.0,-0.015353249667611868,2020-02-17,0.0,-0.13503177735496585,0.0,2,-14305.5,547968.5,917451.64,931757.14,0.0,0,-0.08254835999999999
369483.14,0.0,-0.00659707796696507,2020-02-18,0.0,-0.1407380401587024,0.0,2,-6052.5,541916.0,911399.14,917451.64,0.0,0,-0.08860086
369483.14,0.0,0.002575161525827152,2020-02-19,0.0,-0.13852530181911227,0.0,2,2347.0,544263.0,913746.14,911399.14,0.0,0,-0.08625386000000002
369483.14,0.0,-0.004294956583893228,2020-02-20,0.0,-0.14222529824592167,0.0,2,-3924.5,540338.5,909821.64,913746.14,0.0,0,-0.09017836000000001
109779.59,1551.0,-0.0031835360609800967,2020-02-21,0.0,-0.14495605494115216,-4500.4500000000635,3,3155.0,797145.6,906925.19,909821.64,0.0,0,-0.09307481000000006
109779.59,0.0,-0.011641312995176567,2020-02-24,0.0,-0.15490988913021275,0.0,3,-10557.79999999993,786587.8,896367.39,906925.19,0.0,0,-0.10363261000000001
109779.59,0.0,0.0022472928204135822,2020-02-25,0.0,-0.15301072419145256,0.0,3,2014.3999999999069,788602.2,898381.7899999999,896367.39,0.0,0,-0.10161821000000004
109779.59,0.0,-0.024227839702761544,2020-02-26,0.0,-0.17353144459570014,0.0,3,-21765.849999999977,766836.35,876615.94,898381.7899999999,0.0,0,-0.12338406000000002
109779.59,0.0,-0.0647428336746877,2020-02-27,0.0,-0.22703936081560006,0.0,3,-56754.59999999998,710081.75,819861.34,876615.94,0.0,0,-0.18013866
109779.59,0.0,0.013214856551230891,2020-03-02,0.0,-0.21682479684903044,0.0,3,10834.349999999977,720916.1,830695.69,819861.34,0.0,0,-0.16930431
109779.59,0.0,0.006793462477215906,2020-03-03,0.0,-0.2115043254933383,0.0,3,5643.300000000047,726559.4,836338.99,830695.69,0.0,0,-0.16366101
109779.59,0.0,0.00917821612023606,2020-03-04,0.0,-0.2042673417828449,0.0,3,7676.099999999977,734235.5,844015.09,836338.99,0.0,0,-0.15598491000000003
109779.59,0.0,0.012930515258915642,2020-03-05,0.0,-0.1939781085037504,0.0,3,10913.550000000047,745149.05,854928.64,844015.09,0.0,0,-0.14507135999999998
109779.59,0.0,-0.022432047661896104,2020-03-06,0.0,-0.212058829990326,0.0,3,-19177.800000000047,725971.25,835750.84,854928.64,0.0,0,-0.16424916
109779.59,0.0,-0.04487007156343381,2020-03-09,0.0,-0.24741380667643587,0.0,3,-37500.19999999995,688471.05,798250.64,835750.84,0.0,0,-0.20174936
109779.59,0.0,0.012347813463700952,2020-03-10,0.0,-0.23812101274591968,0.0,3,9856.649999999907,698327.7,808107.2899999999,798250.64,0.0,0,-0.19189271000000008
109779.59,0.0,-0.028991385537432635,2020-03-11,0.0,-0.26020894019827145,0.0,3,-23428.149999999907,674899.55,784679.14,808107.2899999999,0.0,0,-0.21532085999999995
109779.59,0.0,-0.06543196751732194,2020-03-12,0.0,-0.3086149247928234,0.0,3,-51343.10000000009,623556.45,733336.0399999999,784679.14,0.0,0,-0.26666396000000003
458515.59,3159.0,-0.05545895439695003,2020-03-13,0.0,-0.34695841814947004,-10726.0,3,-26785.04999999993,234150.4,692665.99,733336.0399999999,0.0,0,-0.30733401000000005
682447.74,2065.0,0.0033591226270544006,2020-03-16,0.0,-0.34476477139546857,2667.499999999984,2,1724.25,12545.0,694992.74,692665.99,0.0,0,-0.30500726
691760.24,112.0,-0.0009047576525763601,2020-03-17,0.0,-0.3453576004827862,32.99999999999969,1,-549.7999999999993,2603.7000000000003,694363.94,694992.74,0.0,0,-0.3056360600000001
694183.04,39.0,-0.00026052620186456377,2020-03-18,0.0,-0.34552815198071185,3.2999999999998124,0,-145.20000000000027,0.0,694183.04,694363.94,0.0,0,-0.3058169599999999
694183.04,0.0,0.0,2020-03-19,0.0,-0.34552815198071185,0.0,0,0.0,0.0,694183.04,694183.04,0.0,0,-0.3058169599999999
694183.04,0.0,0.0,2020-03-20,0.0,-0.34552815198071185,0.0,0,0.0,0.0,694183.04,694183.04,0.0,0,-0.3058169599999999
694183.04,0.0,0.0,2020-03-23,0.0,-0.34552815198071185,0.0,0,0.0,0.0,694183.04,694183.04,0.0,0,-0.3058169599999999
694183.04,0.0,0.0,2020-03-24,0.0,-0.34552815198071185,0.0,0,0.0,0.0,694183.04,694183.04,0.0,0,-0.3058169599999999
694183.04,0.0,0.0,2020-03-25,0.0,-0.34552815198071185,0.0,0,0.0,0.0,694183.04,694183.04,0.0,0,-0.3058169599999999
694183.04,0.0,0.0,2020-03-26,0.0,-0.34552815198071185,0.0,0,0.0,0.0,694183.04,694183.04,0.0,0,-0.3058169599999999
694183.04,0.0,0.0,2020-03-27,0.0,-0.34552815198071185,0.0,0,0.0,0.0,694183.04,694183.04,0.0,0,-0.3058169599999999
694183.04,0.0,0.0,2020-03-30,0.0,-0.34552815198071185,0.0,0,0.0,0.0,694183.04,694183.04,0.0,0,-0.3058169599999999
694183.04,0.0,0.0,2020-03-31,0.0,-0.34552815198071185,0.0,0,0.0,0.0,694183.04,694183.04,0.0,0,-0.3058169599999999
694183.04,0.0,0.0,2020-04-01,0.0,-0.34552815198071185,0.0,0,0.0,0.0,694183.04,694183.04,0.0,0,-0.3058169599999999
694183.04,0.0,0.0,2020-04-06,0.0,-0.34552815198071185,0.0,0,0.0,0.0,694183.04,694183.04,0.0,0,-0.3058169599999999
694183.04,0.0,0.0,2020-04-07,0.0,-0.34552815198071185,0.0,0,0.0,0.0,694183.04,694183.04,0.0,0,-0.3058169599999999
694183.04,0.0,0.0,2020-04-08,0.0,-0.34552815198071185,0.0,0,0.0,0.0,694183.04,694183.04,0.0,0,-0.3058169599999999
694183.04,0.0,0.0,2020-04-09,0.0,-0.34552815198071185,0.0,0,0.0,0.0,694183.04,694183.04,0.0,0,-0.3058169599999999
694183.04,0.0,0.0,2020-04-10,0.0,-0.34552815198071185,0.0,0,0.0,0.0,694183.04,694183.04,0.0,0,-0.3058169599999999
694183.04,0.0,0.0,2020-04-13,0.0,-0.34552815198071185,0.0,0,0.0,0.0,694183.04,694183.04,0.0,0,-0.3058169599999999
694183.04,0.0,0.0,2020-04-14,0.0,-0.34552815198071185,0.0,0,0.0,0.0,694183.04,694183.04,0.0,0,-0.3058169599999999
694183.04,0.0,0.0,2020-04-15,0.0,-0.34552815198071185,0.0,0,0.0,0.0,694183.04,694183.04,0.0,0,-0.3058169599999999
694183.04,0.0,0.0,2020-04-16,0.0,-0.34552815198071185,0.0,0,0.0,0.0,694183.04,694183.04,0.0,0,-0.3058169599999999
694183.04,0.0,0.0,2020-04-17,0.0,-0.34552815198071185,0.0,0,0.0,0.0,694183.04,694183.04,0.0,0,-0.3058169599999999
694183.04,0.0,0.0,2020-04-20,0.0,-0.34552815198071185,0.0,0,0.0,0.0,694183.04,694183.04,0.0,0,-0.3058169599999999
694183.04,0.0,0.0,2020-04-21,0.0,-0.34552815198071185,0.0,0,0.0,0.0,694183.04,694183.04,0.0,0,-0.3058169599999999
694183.04,0.0,0.0,2020-04-22,0.0,-0.34552815198071185,0.0,0,0.0,0.0,694183.04,694183.04,0.0,0,-0.3058169599999999
694183.04,0.0,0.0,2020-04-23,0.0,-0.34552815198071185,0.0,0,0.0,0.0,694183.04,694183.04,0.0,0,-0.3058169599999999
694183.04,0.0,0.0,2020-04-24,0.0,-0.34552815198071185,0.0,0,0.0,0.0,694183.04,694183.04,0.0,0,-0.3058169599999999
694183.04,0.0,0.0,2020-04-27,0.0,-0.34552815198071185,0.0,0,0.0,0.0,694183.04,694183.04,0.0,0,-0.3058169599999999
694183.04,0.0,0.0,2020-04-28,0.0,-0.34552815198071185,0.0,0,0.0,0.0,694183.04,694183.04,0.0,0,-0.3058169599999999
694183.04,0.0,0.0,2020-04-29,0.0,-0.34552815198071185,0.0,0,0.0,0.0,694183.04,694183.04,0.0,0,-0.3058169599999999
694183.04,0.0,0.0,2020-04-30,0.0,-0.34552815198071185,0.0,0,0.0,0.0,694183.04,694183.04,0.0,0,-0.3058169599999999
694183.04,0.0,0.0,2020-05-04,0.0,-0.34552815198071185,0.0,0,0.0,0.0,694183.04,694183.04,0.0,0,-0.3058169599999999
694183.04,0.0,0.0,2020-05-05,0.0,-0.34552815198071185,0.0,0,0.0,0.0,694183.04,694183.04,0.0,0,-0.3058169599999999
694183.04,0.0,0.0,2020-05-06,0.0,-0.34552815198071185,0.0,0,0.0,0.0,694183.04,694183.04,0.0,0,-0.3058169599999999
694183.04,0.0,0.0,2020-05-07,0.0,-0.34552815198071185,0.0,0,0.0,0.0,694183.04,694183.04,0.0,0,-0.3058169599999999
694183.04,0.0,0.0,2020-05-08,0.0,-0.34552815198071185,0.0,0,0.0,0.0,694183.04,694183.04,0.0,0,-0.3058169599999999
694183.04,0.0,0.0,2020-05-11,0.0,-0.34552815198071185,0.0,0,0.0,0.0,694183.04,694183.04,0.0,0,-0.3058169599999999
694183.04,0.0,0.0,2020-05-12,0.0,-0.34552815198071185,0.0,0,0.0,0.0,694183.04,694183.04,0.0,0,-0.3058169599999999
694183.04,0.0,0.0,2020-05-13,0.0,-0.34552815198071185,0.0,0,0.0,0.0,694183.04,694183.04,0.0,0,-0.3058169599999999
694183.04,0.0,0.0,2020-05-14,0.0,-0.34552815198071185,0.0,0,0.0,0.0,694183.04,694183.04,0.0,0,-0.3058169599999999
694183.04,0.0,0.0,2020-05-15,0.0,-0.34552815198071185,0.0,0,0.0,0.0,694183.04,694183.04,0.0,0,-0.3058169599999999
694183.04,0.0,0.0,2020-05-18,0.0,-0.34552815198071185,0.0,0,0.0,0.0,694183.04,694183.04,0.0,0,-0.3058169599999999
694183.04,0.0,0.0,2020-05-19,0.0,-0.34552815198071185,0.0,0,0.0,0.0,694183.04,694183.04,0.0,0,-0.3058169599999999
694183.04,0.0,0.0,2020-05-20,0.0,-0.34552815198071185,0.0,0,0.0,0.0,694183.04,694183.04,0.0,0,-0.3058169599999999
694183.04,0.0,0.0,2020-05-21,0.0,-0.34552815198071185,0.0,0,0.0,0.0,694183.04,694183.04,0.0,0,-0.3058169599999999
694183.04,0.0,0.0,2020-05-22,0.0,-0.34552815198071185,0.0,0,0.0,0.0,694183.04,694183.04,0.0,0,-0.3058169599999999
694183.04,0.0,0.0,2020-05-25,0.0,-0.34552815198071185,0.0,0,0.0,0.0,694183.04,694183.04,0.0,0,-0.3058169599999999
694183.04,0.0,0.0,2020-05-26,0.0,-0.34552815198071185,0.0,0,0.0,0.0,694183.04,694183.04,0.0,0,-0.3058169599999999
694183.04,0.0,0.0,2020-05-27,0.0,-0.34552815198071185,0.0,0,0.0,0.0,694183.04,694183.04,0.0,0,-0.3058169599999999
694183.04,0.0,0.0,2020-05-28,0.0,-0.34552815198071185,0.0,0,0.0,0.0,694183.04,694183.04,0.0,0,-0.3058169599999999
694183.04,0.0,0.0,2020-05-29,0.0,-0.34552815198071185,0.0,0,0.0,0.0,694183.04,694183.04,0.0,0,-0.3058169599999999
694183.04,0.0,0.0,2020-06-01,0.0,-0.34552815198071185,0.0,0,0.0,0.0,694183.04,694183.04,0.0,0,-0.3058169599999999
694183.04,0.0,0.0,2020-06-02,0.0,-0.34552815198071185,0.0,0,0.0,0.0,694183.04,694183.04,0.0,0,-0.3058169599999999
694183.04,0.0,0.0,2020-06-03,0.0,-0.34552815198071185,0.0,0,0.0,0.0,694183.04,694183.04,0.0,0,-0.3058169599999999
688182.54,47.0,-0.00014333395411103567,2020-06-04,0.0,-0.34562196001854284,-52.5,1,0.0,5901.0,694083.54,694183.04,0.0,0,-0.30591645999999995
485935.54,1199.0,-0.006891101321895632,2020-06-05,0.0,-0.35013134539487856,-3500.0,2,-84.0,203365.0,689300.54,694083.54,0.0,0,-0.3106994599999999
260079.54,1331.0,-0.015597695600238493,2020-06-08,0.0,-0.36026779884954574,524.9999999999702,3,-9945.5,418469.5,678549.04,689300.54,0.0,0,-0.32145095999999995
260079.54,0.0,0.006563269178009534,2020-06-09,0.0,-0.3560690642115547,0.0,3,4453.5,422923.0,683002.54,678549.04,0.0,0,-0.31699745999999995
260079.54,0.0,0.025518206711207858,2020-06-10,0.0,-0.33963710148436366,0.0,3,17429.0,440352.0,700431.54,683002.54,0.0,0,-0.2995684599999999
260079.54,0.0,-0.00020273216137578487,2020-06-11,0.0,-0.33977097828207214,0.0,3,-142.0,440210.0,700289.54,700431.54,0.0,0,-0.29971046
260079.54,0.0,0.02488542096459123,2020-06-12,0.0,-0.32334090114358116,0.0,3,17427.0,457637.0,717716.54,700289.54,0.0,0,-0.28228345999999993
260079.54,0.0,0.03416181547104924,2020-06-15,0.0,-0.3002249978716417,0.0,3,24518.5,482155.5,742235.04,717716.54,0.0,0,-0.25776495999999993
260079.54,0.0,0.03100971896988325,2020-06-16,0.0,-0.2785251717134919,0.0,3,23016.5,505172.0,765251.54,742235.04,0.0,0,-0.23474845999999994
260079.54,0.0,0.008679499031128968,2020-06-17,0.0,-0.2722631316403952,0.0,3,6642.0,511814.0,771893.54,765251.54,0.0,0,-0.22810646
260079.54,0.0,-0.0022399461977619106,2020-06-18,0.0,-0.27389322307164843,0.0,3,-1729.0,510085.0,770164.54,771893.54,0.0,0,-0.22983546
260079.54,0.0,-0.008661785441329228,2020-06-19,0.0,-0.2801826041808969,0.0,3,-6671.0,503414.0,763493.54,770164.54,0.0,0,-0.23650645999999997
260079.54,0.0,-0.004623483782194127,2020-06-22,0.0,-0.28351066823660775,0.0,3,-3530.0,499884.0,759963.54,763493.54,0.0,0,-0.24003646
260079.54,0.0,-0.021970790861887912,2020-06-23,0.0,-0.29925250549955507,0.0,3,-16697.0,483187.0,743266.54,759963.54,0.0,0,-0.25673345999999997
260079.54,0.0,0.005105839958839065,2020-06-24,0.0,-0.29567460094107845,0.0,3,3795.0,486982.0,747061.54,743266.54,0.0,0,-0.25293846
260079.54,0.0,0.05209075546841824,2020-06-29,0.0,-0.25898575880850394,0.0,3,38915.0,525897.0,785976.54,747061.54,0.0,0,-0.21402345999999994
260079.54,0.0,-0.023125372164416014,2020-06-30,0.0,-0.2761219889151897,0.0,3,-18176.0,507721.0,767800.54,785976.54,0.0,0,-0.2321994599999999
260079.54,0.0,0.0028288596931698162,2020-07-01,0.0,-0.27407423958685995,0.0,3,2172.0,509893.0,769972.54,767800.54,0.0,0,-0.23002745999999996
260079.54,0.0,0.004510550467163421,2020-07-02,0.0,-0.2707999148091025,0.0,3,3473.0,513366.0,773445.54,769972.54,0.0,0,-0.22655446
260079.54,0.0,-0.011784927998938377,2020-07-03,0.0,-0.27939348530989694,0.0,3,-9115.0,504251.0,764330.54,773445.54,0.0,0,-0.23566946
260079.54,0.0,-0.006111884525770717,2020-07-06,0.0,-0.2837977491162009,0.0,3,-4671.5,499579.5,759659.04,764330.54,0.0,0,-0.24034095999999994
260079.54,0.0,-0.018718266026295116,2020-07-07,0.0,-0.2972038133768753,0.0,3,-14219.5,485360.0,745439.54,759659.04,0.0,0,-0.25456046
260079.54,0.0,0.04305647645146382,2020-07-08,0.0,-0.2669438859173582,0.0,3,32096.0,517456.0,777535.54,745439.54,0.0,0,-0.22246445999999998
260079.54,0.0,0.026150573130071963,2020-07-09,0.0,-0.24777404839759365,0.0,3,20333.0,537789.0,797868.54,777535.54,0.0,0,-0.20213145999999993
260079.54,0.0,-0.016422504890341916,2020-07-10,0.0,-0.2601274827664263,0.0,3,-13103.0,524686.0,784765.54,797868.54,0.0,0,-0.21523446000000002
260079.54,0.0,0.009816307683438774,2020-07-13,0.0,-0.25286466649074113,0.0,3,7703.5,532389.5,792469.04,784765.54,0.0,0,-0.20753095999999993
260079.54,0.0,-0.01806884468319414,2020-07-14,0.0,-0.2663645387892465,0.0,3,-14319.0,518070.5,778150.04,792469.04,0.0,0,-0.22184996
260079.54,0.0,0.006580350493845533,2020-07-15,0.0,-0.2615369603197656,0.0,3,5120.5,523191.0,783270.54,778150.04,0.0,0,-0.21672945999999993
260079.54,0.0,-0.00348155568317432,2020-07-16,0.0,-0.2641079605123785,0.0,3,-2727.0,520464.0,780543.54,783270.54,0.0,0,-0.21945645999999996
260079.54,0.0,-0.02590374394745487,2020-07-17,0.0,-0.28317031947623617,0.0,3,-20219.0,500245.0,760324.54,780543.54,0.0,0,-0.23967545999999995
262788.54,41.0,0.010211428924811417,2020-07-20,0.0,-0.27585046414237246,0.0,3,7805.0,505300.0,768088.54,760324.54,0.0,0,-0.23191145999999996
263019.04,22.0,0.011354159769132899,2020-07-21,0.0,-0.2676283546155015,2.0,3,8741.0,513790.5,776809.54,768088.54,0.0,0,-0.22319045999999998
264530.04,31.0,0.009023447369093773,2020-07-22,0.0,-0.2610198376187578,24.0,3,7016.5,519289.0,783819.04,776809.54,0.0,0,-0.21618095999999998
265254.04,26.0,-0.017424302425723126,2020-07-23,13.5,-0.27389605145469864,4.5,2,-13649.5,504894.0,770161.54,783819.04,13.5,0,-0.22983845999999997
265254.04,0.0,-0.010899012173472111,2020-07-24,0.0,-0.28180986722909995,0.0,2,-8394.0,496500.0,761767.54,770161.54,13.5,0,-0.23823245999999998
265254.04,0.0,-0.01606789388794383,2020-07-27,0.0,-0.29334967007383106,0.0,2,-12240.0,484260.0,749527.54,761767.54,13.5,0,-0.25047246
265254.04,0.0,-0.0056088666201644655,2020-07-28,0.0,-0.29731317752148223,0.0,2,-4204.0,480056.0,745323.54,749527.54,13.5,0,-0.25467646
265254.04,0.0,0.02605043173599486,2020-07-29,0.0,-0.2790078824207225,0.0,2,19416.0,499472.0,764739.54,745323.54,13.5,0,-0.23526046
265254.04,0.0,0.01256636998264793,2020-07-30,0.0,-0.26994762871664846,0.0,2,9610.0,509082.0,774349.54,764739.54,13.5,0,-0.22565046
265254.04,0.0,0.014208053897726947,2020-07-31,0.0,-0.25957500527729127,0.0,2,11002.0,520084.0,785351.54,774349.54,13.5,0,-0.21464845999999993
265254.04,0.0,-0.0033157126043198426,2020-08-03,0.0,-0.2620300417648469,0.0,2,-2604.0,517480.0,782747.54,785351.54,13.5,0,-0.21725245999999998
265254.04,0.0,0.026322663371129762,2020-08-04,0.0,-0.24260470697621617,0.0,2,20604.0,538084.0,803351.54,782747.54,13.5,0,-0.19664845999999991
265254.04,0.0,-0.004344299881469116,2020-08-05,0.0,-0.24589505925792465,0.0,2,-3490.0,534594.0,799861.54,803351.54,13.5,0,-0.20013846000000002
127924.04,817.0,0.014231213067201542,2020-08-06,0.0,-0.23516323117119475,-750.0,3,12950.0,683307.0,811244.54,799861.54,13.5,0,-0.18875545999999999
127924.04,0.0,-0.01727161085114981,2020-08-07,0.0,-0.2483731942070566,0.0,3,-14011.5,669295.5,797233.04,811244.54,13.5,0,-0.20276695999999994
127924.04,0.0,-0.009921189417839482,2020-08-10,0.0,-0.2558302261188541,0.0,3,-7909.5,661386.0,789323.54,797233.04,13.5,0,-0.21067645999999995
127924.04,0.0,-0.033046018113180864,2020-08-11,0.0,-0.2804220739458121,0.0,3,-26084.0,635302.0,763239.54,789323.54,13.5,0,-0.23676045999999995
127924.04,0.0,-0.012187523722893112,2020-08-12,0.0,-0.28919194699006767,0.0,3,-9302.0,626000.0,753937.54,763239.54,13.5,0,-0.24606245999999998
127924.04,0.0,-0.013869053396651454,2020-08-13,4401.6,-0.29905018183203225,0.0,3,-14858.000000000024,611142.0,743481.14,753937.54,4415.1,0,-0.25651886
127924.04,0.0,0.015366899555784297,2020-08-14,0.0,-0.2882787563825998,0.0,3,11425.0,622567.0,754906.14,743481.14,4415.1,0,-0.24509386
127924.04,0.0,0.0023214806545353017,2020-08-17,0.0,-0.28662650928412015,0.0,3,1752.5,624319.5,756658.64,754906.14,4415.1,0,-0.24334135999999995
127937.54,0.0,0.01429045996223599,2020-08-18,0.0,-0.27643207397692426,0.0,3,10813.0,635132.5,767471.64,756658.64,4401.6,0,-0.23252836
127937.54,0.0,-0.007475194783744699,2020-08-19,0.0,-0.28184088516321704,0.0,3,-5737.0,629395.5,761734.64,767471.64,4401.6,0,-0.23826535999999998
127937.54,0.0,-0.03037409457970819,2020-08-20,0.0,-0.303654318040549,0.0,3,-23137.0,606258.5,738597.64,761734.64,4401.6,0,-0.26140235999999994
127937.54,0.0,0.02579279836312498,2020-08-21,0.0,-0.28569361427473605,0.0,3,19050.5,625309.0,757648.14,738597.64,4401.6,0,-0.24235185999999997
127937.54,0.0,-0.004368122648595207,2020-08-24,0.0,-0.2888137921762588,0.0,3,-3309.5,621999.5,754338.64,757648.14,4401.6,0,-0.24566135999999994
127937.54,0.0,-0.00228942269217447,2020-08-25,0.0,-0.2904419980188119,0.0,3,-1727.0,620272.5,752611.64,754338.64,4401.6,0,-0.24738835999999997
127937.54,0.0,0.00862131231454244,2020-08-26,0.0,-0.2843246768784493,0.0,3,6488.5,626761.0,759100.14,752611.64,4401.6,0,-0.24089985999999997
127937.54,0.0,-0.001422078515227243,2020-08-27,0.0,-0.2853424233793388,0.0,3,-1079.5,625681.5,758020.64,759100.14,4401.6,0,-0.24197935999999998
127937.54,0.0,0.004365316490590576,2020-08-28,0.0,-0.28222271687499123,0.0,3,3309.0,628990.5,761329.64,758020.64,4401.6,0,-0.23867035999999997
127937.54,0.0,0.0013785093143097171,2020-08-31,0.0,-0.28123325420460343,0.0,3,1049.5,630040.0,762379.14,761329.64,4401.6,0,-0.23762085999999993
127937.54,0.0,-0.011051587796591655,2020-09-01,0.0,-0.28917676800103176,0.0,3,-8425.5,621614.5,753953.64,762379.14,4401.6,0,-0.24604636000000002
127937.54,0.0,-0.0034551196012528873,2020-09-02,0.0,-0.2916327472829373,0.0,3,-2605.0,619009.5,751348.64,753953.64,4401.6,0,-0.24865136
127937.54,0.0,-0.0046749269420385264,2020-09-03,0.0,-0.29494431243752217,0.0,3,-3512.5,615497.0,747836.14,751348.64,4401.6,0,-0.25216386
370408.14,2163.0,-0.004103840180818219,2020-09-04,0.0,-0.2978377482978555,1016.5,3,-1922.4999999999764,374359.0,744767.14,747836.14,0.0,0,-0.25523286
616498.14,2226.0,-0.00013225610356548678,2020-09-07,0.0,-0.2979306135413363,1633.0000000000596,2,494.5,128170.5,744668.64,744767.14,0.0,0,-0.25533136
619415.64,72.0,-0.002196278871096302,2020-09-08,0.0,-0.299472553700859,16.0,2,-1579.5,123617.5,743033.14,744668.64,0.0,0,-0.25696686
397356.54,1312.0,0.006986835069025421,2020-09-09,0.0,-0.2945780839722414,5964.449999999995,3,539.0,350868.05000000005,748224.5900000001,743033.14,0.0,0,-0.2517754099999999
397356.54,0.0,0.008711889567809994,2020-09-10,0.0,-0.2884325261410946,0.0,3,6518.449999999953,357386.5,754743.04,748224.5900000001,0.0,0,-0.24525695999999997
397356.54,0.0,-0.020955078963033502,2020-09-11,0.0,-0.3033434787433342,0.0,3,-15815.699999999953,341570.80000000005,738927.3400000001,754743.04,0.0,0,-0.26107265999999996
397356.54,0.0,2.6389604152354806e-05,2020-09-14,0.0,-0.30332509425350807,0.0,3,19.5,341590.30000000005,738946.8400000001,738927.3400000001,0.0,0,-0.2610531599999999
397356.54,0.0,0.018558642188658547,2020-09-15,0.0,-0.2903957539559415,0.0,3,13713.849999999977,355304.15,752660.69,738946.8400000001,0.0,0,-0.2473393100000001
397356.54,0.0,-0.005222472825038849,2020-09-16,0.0,-0.2941016428474388,0.0,3,-3930.75,351373.4,748729.94,752660.69,0.0,0,-0.2512700600000001
397356.54,0.0,0.01605058026663131,2020-09-17,0.0,-0.2827715646058785,0.0,3,12017.54999999993,363390.94999999995,760747.49,748729.94,0.0,0,-0.23925251000000003
397356.54,0.0,-0.009267135406519689,2020-09-18,0.0,-0.28941821763408204,0.0,3,-7049.949999999953,356341.0,753697.54,760747.49,0.0,0,-0.24630246
397356.54,0.0,-0.022962659530506246,2020-09-21,0.0,-0.3057350651711309,0.0,3,-17306.900000000023,339034.1,736390.6399999999,753697.54,0.0,0,-0.2636093600000001
397356.54,0.0,0.0007156527682101732,2020-09-22,0.0,-0.30523821254864947,0.0,3,527.0,339561.1,736917.6399999999,736390.6399999999,0.0,0,-0.26308236000000007
397356.54,0.0,-0.009472293267399401,2020-09-23,0.0,-0.3118191999503712,0.0,3,-6980.29999999993,332580.80000000005,729937.3400000001,736917.6399999999,0.0,0,-0.2700626599999999
397356.54,0.0,-0.009063928692838341,2020-09-24,0.0,-0.3180568216498014,0.0,3,-6616.100000000093,325964.69999999995,723321.24,729937.3400000001,0.0,0,-0.27667876
397356.54,0.0,-0.013366536837768006,2020-09-25,0.0,-0.327172040264484,0.0,3,-9668.29999999993,316296.4,713652.94,723321.24,0.0,0,-0.2863470600000001
588658.54,1738.0,0.007537417277367453,2020-09-28,0.0,-0.32210065517607767,-2100.000000000005,3,9217.099999999977,130373.5,719032.04,713652.94,0.0,0,-0.28096796
590738.54,36.0,0.00023121361879785418,2020-09-29,0.0,-0.32194391561538016,0.0,3,202.25,128459.75,719198.29,719032.04,0.0,0,-0.28080171
592238.74,31.0,0.0007470818652808298,2020-09-30,0.0,-0.32143735221109315,-8.700000000000124,3,577.0,127496.85,719735.59,719198.29,0.0,0,-0.28026441
378741.34,1313.0,-0.00438272060438194,2020-10-05,0.0,-0.3244113027089216,-3006.8999999999896,4,1165.5,337839.85,716581.19,719735.59,0.0,0,-0.28341881
380291.34,32.0,0.0062553274668011305,2020-10-06,0.0,-0.32018527417449627,-8.39999999999992,4,4522.849999999977,340772.3,721063.64,716581.19,0.0,0,-0.27893636
382439.69,36.0,0.006120749619270782,2020-10-07,0.0,-0.31602429845022506,0.0,4,4449.450000000012,343037.4,725477.0900000001,721063.64,0.0,0,-0.27452290999999995
382581.89,21.0,-0.002852743427087523,2020-10-08,0.0,-0.31797550563710886,0.0,3,-2048.600000000035,340825.6,723407.49,725477.0900000001,0.0,0,-0.27659250999999996
382581.89,0.0,-0.0029243545708933505,2020-10-12,0.0,-0.3199699870846602,0.0,3,-2115.5,338710.1,721291.99,723407.49,0.0,0,-0.27870801
382581.89,0.0,0.01549913232781086,2020-10-13,0.0,-0.3094301119276024,0.0,3,11179.400000000023,349889.5,732471.39,721291.99,0.0,0,-0.26752860999999994
382581.89,0.0,0.004001794527428659,2020-10-14,0.0,-0.30666659312870725,0.0,3,2931.2000000000116,352820.7,735402.5900000001,732471.39,0.0,0,-0.2645974099999999
382581.89,0.0,-0.006773296787002225,2020-10-15,0.0,-0.31136274606578984,0.0,3,-4981.100000000035,347839.6,730421.49,735402.5900000001,0.0,0,-0.26957851
382581.89,0.0,-0.0053217218458344595,2020-10-16,0.0,-0.31502748198390707,0.0,3,-3887.0999999999767,343952.5,726534.39,730421.49,0.0,0,-0.27346561
382581.89,0.0,0.0010504664479820125,2020-10-19,0.0,-0.3143079413359414,0.0,3,763.2000000000116,344715.7,727297.5900000001,726534.39,0.0,0,-0.27270240999999995
382581.89,0.0,0.0006041543462282917,2020-10-20,0.0,-0.31389367749852526,0.0,3,439.3999999999651,345155.1,727736.99,727297.5900000001,0.0,0,-0.27226300999999997
382581.89,0.0,0.010347144783722007,2020-10-21,0.0,-0.3067944360425754,0.0,3,7530.0,352685.1,735266.99,727736.99,0.0,0,-0.26473301000000005
382581.89,0.0,0.016549498570580523,2020-10-22,0.0,-0.2953222315527436,0.0,3,12168.300000000047,364853.4,747435.29,735266.99,0.0,0,-0.2525647099999999
382581.89,0.0,0.027713034529049274,2020-10-23,0.0,-0.2757934722239114,0.0,3,20713.699999999953,385567.1,768148.99,747435.29,0.0,0,-0.23185100999999997
382581.89,0.0,0.0221373720741338,2020-10-26,0.0,-0.25976144286001557,0.0,3,17004.800000000047,402571.9,785153.79,768148.99,0.0,0,-0.21484620999999993
382581.89,0.0,-0.01468845995126633,2020-10-27,0.0,-0.27063440726094945,0.0,3,-11532.700000000012,391039.2,773621.0900000001,785153.79,0.0,0,-0.22637890999999988
382581.89,0.0,-0.010324692673515545,2020-10-28,0.0,-0.27816488285261665,0.0,3,-7987.400000000023,383051.8,765633.69,773621.0900000001,0.0,0,-0.23436631000000008
382581.89,0.0,-5.87748430980195e-06,2020-10-29,0.0,-0.27816912542719197,0.0,3,-4.5,383047.3,765629.19,765633.69,0.0,0,-0.23437081000000004
382581.89,0.0,-0.005635234466439321,2020-10-30,0.0,-0.2822368116505246,0.0,3,-4314.5,378732.8,761314.69,765629.19,0.0,0,-0.23868531000000004
382581.89,0.0,-0.0021219871640727472,2020-11-02,0.0,-0.2837598959230462,0.0,3,-1615.5,377117.3,759699.19,761314.69,0.0,0,-0.24030081000000003
382581.89,0.0,0.018536415709486498,2020-11-03,0.0,-0.27048337160606994,0.0,3,14082.100000000035,391199.4,773781.29,759699.19,0.0,0,-0.22621870999999993
382581.89,0.0,0.002912450881307871,2020-11-04,0.0,-0.26835869025877535,0.0,3,2253.5999999999767,393453.0,776034.89,773781.29,0.0,0,-0.22396510999999997
382581.89,0.0,-0.0056738428345662895,2020-11-05,0.0,-0.2725099080615233,0.0,3,-4403.099999999977,389049.9,771631.79,776034.89,0.0,0,-0.22836820999999996
503930.14,1108.0,-9.428071904604707e-05,2020-11-06,0.0,-0.27257849635049014,481.25,3,554.0,267628.9,771559.04,771631.79,0.0,0,-0.22844095999999992
492778.14,156.0,0.0009690768447219167,2020-11-09,0.0,-0.2718735690149505,-6.0,3,909.6999999999534,279528.6,772306.74,771559.04,0.0,0,-0.22769326
492778.14,0.0,0.002235381242432277,2020-11-10,0.0,-0.27024592884900733,0.0,3,1726.4000000000233,281255.0,774033.14,772306.74,0.0,0,-0.22596686
492778.14,0.0,-0.0009969857362955858,2020-11-11,0.0,-0.27097348324894854,0.0,3,-771.7000000000116,280483.3,773261.44,774033.14,0.0,0,-0.22673856000000003
492778.14,0.0,0.008859616742301402,2020-11-12,0.0,-0.26451458771555925,0.0,3,6850.799999999988,287334.1,780112.24,773261.44,0.0,0,-0.21988776
492778.14,0.0,-0.009622974253038263,2020-11-13,0.0,-0.27159214490145767,0.0,3,-7507.0,279827.1,772605.24,780112.24,0.0,0,-0.22739476000000003
492778.14,0.0,-0.006910256006029569,2020-11-16,0.0,-0.27662562965699156,0.0,3,-5338.899999999965,274488.2,767266.3400000001,772605.24,0.0,0,-0.23273365999999995
492778.14,0.0,0.002836824563423157,2020-11-17,0.0,-0.2745735434746517,0.0,3,2176.5999999999767,276664.8,769442.94,767266.3400000001,0.0,0,-0.2305570600000001
493363.89,24.0,0.003954224337934686,2020-11-18,0.0,-0.2717050445248773,0.75,2,3065.7999999999884,279121.6,772485.49,769442.94,0.0,0,-0.22751451
281034.34,1267.0,0.0013455916175202365,2020-11-19,0.0,-0.27072505693770776,1532.249999999986,3,774.2000000000116,492490.6,773524.94,772485.49,0.0,0,-0.22647506000000006
281034.34,0.0,0.011251220936716155,2020-11-20,0.0,-0.2625198234297029,0.0,3,8703.100000000035,501193.7,782228.04,773524.94,0.0,0,-0.21777196
281034.34,0.0,0.011058795591116777,2020-11-23,0.0,-0.2543641809045112,0.0,3,8650.5,509844.2,790878.54,782228.04,0.0,0,-0.20912145999999998
281034.34,0.0,0.003737994964435387,2020-11-24,0.0,-0.2515769979674295,0.0,3,2956.2999999999884,512800.5,793834.8400000001,790878.54,0.0,0,-0.20616515999999996
281034.34,0.0,-0.013649816629363487,2020-11-25,0.0,-0.2617928347063718,0.0,3,-10835.700000000012,501964.8,782999.14,793834.8400000001,0.0,0,-0.21700085999999996
281034.34,0.0,0.00041251641732320543,2020-11-26,0.0,-0.2614883121313025,0.0,3,323.0,502287.8,783322.14,782999.14,0.0,0,-0.21667786
281034.34,0.0,0.010539980396826465,2020-11-27,0.0,-0.2537044134183394,0.0,3,8256.200000000012,510544.0,791578.3400000001,783322.14,0.0,0,-0.20842165999999995
281034.34,0.0,-0.0029710262158008094,2020-11-30,0.0,-0.2559216771708098,0.0,3,-2351.7999999999884,508192.2,789226.54,791578.3400000001,0.0,0,-0.21077345999999997
281034.34,0.0,0.03795437492510079,2020-12-01,0.0,-0.22768064953251055,0.0,3,29954.600000000035,538146.8,819181.1400000001,789226.54,0.0,0,-0.18081885999999991
281034.34,0.0,0.03372636240136084,2020-12-02,0.0,-0.20163312722906035,0.0,3,27628.0,565774.8,846809.1400000001,819181.1400000001,0.0,0,-0.15319085999999982
281034.34,0.0,-0.005468528599018252,2020-12-03,0.0,-0.20599901930531694,0.0,3,-4630.800000000047,561144.0,842178.3400000001,846809.1400000001,0.0,0,-0.15782165999999986
281034.34,0.0,0.04078114856290416,2020-12-04,0.0,-0.17361874735251548,0.0,3,34345.0,595489.0,876523.3400000001,842178.3400000001,0.0,0,-0.1234766599999999
281034.34,0.0,0.04074734621442033,2020-12-07,0.0,-0.13994590434578214,0.0,3,35716.0,631205.0,912239.3400000001,876523.3400000001,0.0,0,-0.08776065999999993
281034.34,0.0,0.014620176323463685,2020-12-08,0.0,-0.12737176181960042,0.0,3,13337.100000000093,644542.1000000001,925576.4400000002,912239.3400000001,0.0,0,-0.07442355999999983
281034.34,0.0,0.0015770712573452972,2020-12-09,0.0,-0.1259955649068183,0.0,3,1459.6999999999534,646001.8,927036.1400000001,925576.4400000002,0.0,0,-0.07296385999999988
281034.34,0.0,-0.03699898905775145,2020-12-10,0.0,-0.15833284543725712,0.0,3,-34299.40000000014,611702.3999999999,892736.74,927036.1400000001,0.0,0,-0.10726325999999997
281034.34,0.0,-0.009299830093247974,2020-12-11,0.0,-0.16616020696975808,0.0,3,-8302.29999999993,603400.1,884434.44,892736.74,0.0,0,-0.11556556000000007
281034.34,0.0,0.011060627625491648,2020-12-14,0.0,-0.15693741551973361,0.0,3,9782.400000000023,613182.5,894216.8400000001,884434.44,0.0,0,-0.10578315999999988
281034.34,0.0,-0.014574876491925681,2020-12-15,0.0,-0.16922494856349724,0.0,3,-13033.100000000093,600149.3999999999,881183.74,894216.8400000001,0.0,0,-0.11881626
281034.34,0.0,0.014003208910777332,2020-12-16,0.0,-0.15759143196037007,0.0,3,12339.40000000014,612488.8,893523.1400000001,881183.74,0.0,0,-0.1064768599999999
281034.34,0.0,0.00385888159538883,2020-12-17,0.0,-0.15434067704136412,0.0,3,3448.0,615936.8,896971.1400000001,893523.1400000001,0.0,0,-0.10302885999999989
281034.34,0.0,-0.00917309335058425,2020-12-18,0.0,-0.16209798895365557,0.0,3,-8228.0,607708.8,888743.1400000001,896971.1400000001,0.0,0,-0.1112568599999999
281034.34,0.0,0.0034326003348954526,2020-12-21,0.0,-0.15922180622992843,0.0,3,3050.6999999999534,610759.5,891793.8400000001,888743.1400000001,0.0,0,-0.10820615999999994
281034.34,0.0,-0.019004392315605134,2020-12-22,0.0,-0.1752002848747407,0.0,3,-16948.0,593811.5,874845.8400000001,891793.8400000001,0.0,0,-0.1251541599999999
281034.34,0.0,0.01742181228180706,2020-12-23,0.0,-0.16083077906774046,0.0,3,15241.400000000023,609052.9,890087.24,874845.8400000001,0.0,0,-0.10991276000000005
281034.34,0.0,0.01940854696445271,2020-12-24,0.0,-0.14454372383215353,0.0,3,17275.29999999993,626328.2,907362.54,890087.24,0.0,0,-0.09263745999999995
281034.34,0.0,0.0151316583997394,2020-12-25,0.0,-0.13159925168526854,0.0,3,13729.900000000023,640058.1,921092.44,907362.54,0.0,0,-0.0789075600000001
281034.34,0.0,0.04430271949686193,2020-12-28,0.0,-0.09312673692181594,0.0,3,40806.90000000002,680865.0,961899.3400000001,921092.44,0.0,0,-0.0381006599999999
281034.34,0.0,-0.015803420761261844,2020-12-29,0.0,-0.10745843667537891,0.0,3,-15201.300000000047,665663.7,946698.04,961899.3400000001,0.0,0,-0.05330195999999998
281034.34,0.0,0.028055936399741466,2020-12-30,0.0,-0.08241734734061745,0.0,3,26560.5,692224.2,973258.54,946698.04,0.0,0,-0.026741459999999995
281034.34,0.0,-0.013455520256724363,2020-12-31,0.0,-0.09476389931069462,0.0,3,-13095.699999999953,679128.5,960162.8400000001,973258.54,0.0,0,-0.03983715999999993
710046.24,3880.0,-0.007871789747664115,2021-01-04,0.0,-0.10188972756731618,10539.899999999989,2,-14218.099999999977,242558.4,952604.64,960162.8400000001,0.0,0,-0.04739536
408803.24,1782.0,-0.02321109836290547,2021-01-05,0.0,-0.12273585344148696,-12291.400000000012,3,-8037.600000000006,521690.39999999997,930493.6399999999,952604.64,0.0,0,-0.0695063600000001
408803.24,0.0,-0.007839602213723817,2021-01-06,0.0,-0.12961325538686763,0.0,3,-7294.700000000012,514395.69999999995,923198.94,930493.6399999999,0.0,0,-0.07680106000000009
408803.24,0.0,0.010484630755750235,2021-01-07,0.0,-0.12048757175489944,0.0,3,9679.400000000023,524075.1,932878.34,923198.94,0.0,0,-0.06712166000000008
408803.24,0.0,-0.006732389134471717,2021-01-08,0.0,-0.1264087916704496,0.0,3,-6280.5,517794.6,926597.84,932878.34,0.0,0,-0.07340216
408803.24,0.0,0.013427076411056671,2021-01-11,0.0,-0.11467901576418149,0.0,3,12441.5,530236.1,939039.34,926597.84,0.0,0,-0.06096066
408803.24,0.0,-0.019000055950797456,2021-01-12,0.0,-0.13150016399907716,0.0,3,-17841.79999999999,512394.3,921197.54,939039.34,0.0,0,-0.07880245999999991
408803.24,0.0,-0.007173162881003892,2021-01-13,0.0,-0.1377300547848369,0.0,3,-6607.900000000023,505786.39999999997,914589.6399999999,921197.54,0.0,0,-0.08541036000000013
408803.24,0.0,0.02803639892531473,2021-01-14,0.0,-0.11355511061947532,0.0,3,25641.79999999999,531428.2,940231.44,914589.6399999999,0.0,0,-0.05976856000000008
408803.24,0.0,-0.01624631909777452,2021-01-15,0.0,-0.1279565771549428,0.0,3,-15275.299999999988,516152.89999999997,924956.1399999999,940231.44,0.0,0,-0.07504386000000007
408803.24,0.0,-0.006187536632818014,2021-01-18,0.0,-0.1333523777792045,0.0,3,-5723.200000000012,510429.69999999995,919232.94,924956.1399999999,0.0,0,-0.08076706
408803.24,0.0,0.005108280823792111,2021-01-19,0.0,-0.12892529834962896,0.0,3,4695.70000000007,515125.4,923928.64,919232.94,0.0,0,-0.07607136000000003
408803.24,0.0,-0.020080122205108797,2021-01-20,0.0,-0.14641658480854713,0.0,3,-18552.599999999977,496572.80000000005,905376.04,923928.64,0.0,0,-0.09462395999999995
408803.24,0.0,-0.0019295849711242763,2021-01-21,0.0,-0.14806364653810145,0.0,3,-1747.0000000000582,494825.8,903629.04,905376.04,0.0,0,-0.09637096
408803.24,0.0,0.010864856667288869,2021-01-22,0.0,-0.1388074801680852,0.0,3,9817.799999999988,504643.6,913446.84,903629.04,0.0,0,-0.08655316000000002
408803.24,0.0,-0.009959200252967038,2021-01-25,0.0,-0.14738426892944845,0.0,3,-9097.199999999953,495546.4,904349.64,913446.84,0.0,0,-0.09565035999999993
408803.24,0.0,-0.005261902907375493,2021-01-26,0.0,-0.15187065012364265,0.0,3,-4758.600000000035,490787.8,899591.04,904349.64,0.0,0,-0.10040895999999999
408803.24,0.0,0.028218600309758424,2021-01-27,0.0,-0.12793762698850641,0.0,3,25385.20000000001,516173.0,924976.24,899591.04,0.0,0,-0.07502376
408803.24,0.0,-0.012888871610367003,2021-01-28,0.0,-0.13917752695048358,0.0,3,-11921.900000000023,504251.1,913054.34,924976.24,0.0,0,-0.08694566000000004
408803.24,0.0,-0.02321220005372293,2021-01-29,0.0,-0.15915911040564956,0.0,3,-21194.0,483057.1,891860.34,913054.34,0.0,0,-0.10813966000000008
408803.24,0.0,-0.004427711181775429,2021-02-01,0.0,-0.16288211101460037,0.0,3,-3948.9000000000233,479108.19999999995,887911.44,891860.34,0.0,0,-0.11208856
408803.24,0.0,0.024817452515309535,2021-02-02,0.0,-0.14210697755498913,0.0,3,22035.70000000007,501143.9,909947.14,887911.44,0.0,0,-0.09005286000000001
408803.24,0.0,-0.00410353506908101,2021-02-03,0.0,-0.14562737165811213,0.0,3,-3734.0,497409.9,906213.14,909947.14,0.0,0,-0.09378686000000003
408803.24,0.0,-0.007654932039497853,2021-02-04,0.0,-0.15216753606447653,0.0,3,-6937.0,490472.9,899276.14,906213.14,0.0,0,-0.10072386
417833.24,89.0,-0.00209023670971642,2021-02-05,0.0,-0.1539397066042839,22.0,3,-1812.7000000000698,479563.19999999995,897396.44,899276.14,0.0,0,-0.10260356000000004
135649.34,1788.0,0.011891622837282512,2021-02-17,0.0,-0.14387867669762133,6894.900000000001,3,5564.600000000093,772418.6000000001,908067.9400000001,897396.44,0.0,0,-0.09193205999999998
135649.34,0.0,0.03888761891538639,2021-02-18,0.0,-0.11058615693170226,0.0,3,35312.59999999986,807731.2,943380.5399999999,908067.9400000001,0.0,0,-0.056619460000000066
135649.34,0.0,0.0027150231443189288,2021-02-19,0.0,-0.1081713777628942,0.0,3,2561.3000000000466,810292.5,945941.84,943380.5399999999,0.0,0,-0.05405816000000008
135649.34,0.0,0.04423538343541278,2021-02-22,0.0,-0.06872099669955978,0.0,3,41844.09999999998,852136.6,987785.94,945941.84,0.0,0,-0.012214060000000027
135649.34,0.0,0.002159273496036951,2021-02-23,0.0,-0.0667101106303174,0.0,3,2132.9000000000233,854269.5,989918.84,987785.94,0.0,0,-0.010081160000000033
135649.34,0.0,-0.029462112267708673,2021-02-24,0.0,-0.09420680212924448,0.0,3,-29165.099999999977,825104.4,960753.74,989918.84,0.0,0,-0.03924625999999998
135649.34,0.0,0.016332905454003344,2021-02-25,0.0,-0.0794125674675421,0.0,3,15691.900000000023,840796.3,976445.64,960753.74,0.0,0,-0.023554359999999996
354040.79,1981.0,-0.003042924130420732,2021-02-26,0.0,-0.08221384518015717,911.5500000000218,2,-1901.8000000000466,619433.6,973474.3899999999,976445.64,0.0,0,-0.02652561000000009
354040.79,0.0,-0.02978917606656295,2021-03-02,0.0,-0.10955393853753936,0.0,2,-28999.0,590434.6,944475.3899999999,973474.3899999999,0.0,0,-0.055524610000000085
127298.54,1336.0,0.02579860762703423,2021-03-03,0.0,-0.0865816699848313,4433.75,3,21268.400000000023,841543.0,968841.54,944475.3899999999,0.0,0,-0.03115846
127298.54,0.0,0.0011441499504656338,2021-03-04,0.0,-0.08553658244779005,0.0,3,1108.5,842651.5,969950.04,968841.54,0.0,0,-0.03004995999999993
127298.54,0.0,0.008171245603536326,2021-03-05,0.0,-0.07806427726752174,0.0,3,7925.699999999953,850577.2,977875.74,969950.04,0.0,0,-0.022124260000000007
127298.54,0.0,0.0018964577237594593,2021-03-08,0.0,-0.07631586514533595,0.0,3,1854.5,852431.7,979730.24,977875.74,0.0,0,-0.020269760000000026
127298.54,0.0,-0.027490118096181182,2021-03-09,0.0,-0.10170805109605963,0.0,3,-26932.899999999907,825498.8,952797.3400000001,979730.24,0.0,0,-0.04720265999999995
127298.54,0.0,-0.015001301326051264,2021-03-10,0.0,-0.1151835993003334,0.0,3,-14293.20000000007,811205.6,938504.14,952797.3400000001,0.0,0,-0.06149585999999996
127298.54,0.0,0.04688141279802993,2021-03-11,0.0,-0.07370215636866528,0.0,3,43998.40000000002,855204.0,982502.54,938504.14,0.0,0,-0.017497459999999965
127298.54,0.0,-0.015518331382634476,2021-03-12,0.0,-0.08807675326515607,0.0,3,-15246.800000000047,839957.2,967255.74,982502.54,0.0,0,-0.03274425999999997
127298.54,0.0,-0.012116960918732822,2021-03-15,0.0,-0.09912649160672604,0.0,3,-11720.199999999953,828237.0,955535.54,967255.74,0.0,0,-0.04446445999999993
127298.54,0.0,0.019700366142320513,2021-03-16,0.0,-0.0813789536434617,0.0,3,18824.400000000023,847061.4,974359.9400000001,955535.54,0.0,0,-0.025640059999999965
127298.54,0.0,0.018602160511648203,2021-03-17,0.0,-0.06429061748975906,0.0,3,18125.199999999953,865186.6,992485.14,974359.9400000001,0.0,0,-0.007514860000000012
127298.54,0.0,0.015760638995562237,2021-03-18,0.0,-0.049543239707254716,0.0,3,15642.20000000007,880828.8,1008127.3400000001,992485.14,0.0,0,0.00812734000000015
127298.54,0.0,0.011494480449265376,2021-03-19,0.0,-0.03861823305819767,0.0,3,11587.899999999907,892416.7,1019715.24,1008127.3400000001,0.0,0,0.019715240000000023
127298.54,0.0,0.0023686024345386247,2021-03-22,0.0,-0.03634110186449835,0.0,3,2415.3000000000466,894832.0,1022130.54,1019715.24,0.0,0,0.022130540000000032
127298.54,0.0,0.0023876597993051085,2021-03-23,0.0,-0.03404021225317755,0.0,3,2440.5,897272.5,1024571.04,1022130.54,0.0,0,0.0245710400000001
127298.54,0.0,-0.0007915507742635164,2021-03-24,0.0,-0.03480481847107597,0.0,3,-811.0,896461.5,1023760.04,1024571.04,0.0,0,0.023760039999999982
127298.54,0.0,0.016834999732945333,2021-03-25,0.0,-0.018555757847796506,0.0,3,17235.0,913696.5,1040995.04,1023760.04,0.0,0,0.040995040000000094
127298.54,0.0,0.0035595750773220747,2021-03-26,0.0,-0.015062233383650203,0.0,3,3705.5,917402.0,1044700.54,1040995.04,0.0,0,0.04470054000000001
127298.54,0.0,0.016436097563422347,2021-03-29,0.0,0.0,0.0,3,17170.800000000047,934572.8,1061871.34,1044700.54,0.0,0,0.06187134000000016
127298.54,0.0,0.007405981971412734,2021-03-30,0.0,0.0,0.0,3,7864.199999999953,942437.0,1069735.54,1061871.34,0.0,0,0.06973553999999993
127298.54,0.0,0.022378428223484015,2021-03-31,0.0,0.0,0.0,3,23939.0,966376.0,1093674.54,1069735.54,0.0,0,0.09367454000000008
127298.54,0.0,-0.02243418777948325,2021-04-01,0.0,-0.02243418777948325,0.0,3,-24535.699999999953,941840.3,1069138.84,1093674.54,0.0,0,0.06913884000000015
127298.54,0.0,0.010204568005405035,2021-04-06,0.0,-0.012458550968920012,0.0,3,10910.099999999977,952750.4,1080048.94,1069138.84,0.0,0,0.08004893999999996
127298.54,0.0,0.04038205898336433,2021-04-07,0.0,0.0,0.0,3,43614.59999999998,996365.0,1123663.54,1080048.94,0.0,0,0.12366354000000013
127298.54,0.0,0.02654753753067407,2021-04-08,0.0,0.0,0.0,3,29830.5,1026195.5,1153494.04,1123663.54,0.0,0,0.15349404
127298.54,0.0,-0.029120913359899192,2021-04-09,0.0,-0.029120913359899192,0.0,3,-33590.80000000005,992604.7,1119903.24,1153494.04,0.0,0,0.11990323999999997
127298.54,0.0,-0.031461825219828765,2021-04-12,0.0,-0.05966654149335704,0.0,3,-35234.19999999995,957370.5,1084669.04,1119903.24,0.0,0,0.08466904000000008
127298.54,0.0,-0.023712209947469476,2021-04-13,0.0,-0.08196392588209656,0.0,3,-25719.900000000023,931650.6,1058949.14,1084669.04,0.0,0,0.058949139999999955
127298.54,0.0,-0.022434882944425416,2021-04-14,0.0,-0.10255995774369153,0.0,3,-23757.400000000023,907893.2,1035191.74,1058949.14,0.0,0,0.035191739999999916
127298.54,0.0,0.04412477247934765,2021-04-15,0.0,-0.0629606200652757,0.0,3,45677.60000000009,953570.8,1080869.34,1035191.74,0.0,0,0.08086934000000001
422107.54,2671.0,-0.003345177688174772,2021-04-16,0.0,-0.0660951832919745,3450.000000000034,3,-4394.70000000007,655146.1,1077253.64,1080869.34,0.0,0,0.0772536399999999
426372.54,52.0,-0.005790372636847119,2021-04-19,0.0,-0.0715028401880603,32.99999999999983,3,-6218.699999999953,644643.4,1071015.94,1077253.64,0.0,0,0.07101593999999989
427497.14,29.0,0.0478640868781095,2021-04-20,0.0,-0.027061171464743627,-11.200000000000045,2,51303.40000000002,694782.0,1122279.1400000001,1071015.94,0.0,0,0.12227914000000006
427497.14,0.0,0.02358548694044149,2021-04-21,0.0,-0.004113935430476889,0.0,2,26469.5,721251.5,1148748.6400000001,1122279.1400000001,0.0,0,0.1487486400000002
427497.14,0.0,-0.03182985269954264,2021-04-22,0.0,-0.035812842171252024,0.0,2,-36564.5,684687.0,1112184.1400000001,1148748.6400000001,0.0,0,0.1121841400000001
427497.14,0.0,0.029625489894146373,2021-04-23,0.0,-0.007248325270930667,0.0,2,32949.0,717636.0,1145133.1400000001,1112184.1400000001,0.0,0,0.14513314000000022
57997.14,2177.0,0.02283926565953709,2021-04-26,0.0,0.0,12107.5,3,16223.5,1113290.0,1171287.14,1145133.1400000001,0.0,0,0.17128714
57997.14,0.0,-0.03092751449486586,2021-04-27,0.0,-0.03092751449486586,0.0,3,-36225.0,1077065.0,1135062.14,1171287.14,0.0,0,0.13506213999999983
57997.14,0.0,0.018022361313187574,2021-04-28,0.0,-0.01346254002242353,0.0,3,20456.5,1097521.5,1155518.64,1135062.14,0.0,0,0.15551863999999993
57997.14,0.0,0.025738226083483973,2021-04-29,0.0,0.0,0.0,3,29741.0,1127262.5,1185259.64,1155518.64,0.0,0,0.18525963999999995
57997.14,0.0,-0.026442307611182936,2021-05-03,0.0,-0.026442307611182936,0.0,3,-31341.0,1095921.5,1153918.64,1185259.64,0.0,0,0.15391863999999988
57997.14,0.0,-0.05782383409631031,2021-05-04,0.0,-0.08273714609906058,0.0,3,-66724.0,1029197.5,1087194.64,1153918.64,0.0,0,0.08719463999999988
57997.14,0.0,-0.0658358654159662,2021-05-05,0.0,-0.14312593989954792,0.0,3,-71576.3999999999,957621.1000000001,1015618.2400000001,1087194.64,0.0,0,0.015618240000000005
57997.14,0.0,-0.02199350023489144,2021-05-06,0.0,-0.16197159974163955,0.0,3,-22337.0,935284.1000000001,993281.2400000001,1015618.2400000001,0.0,0,-0.006718759999999935
57997.14,0.0,0.06436837566770093,2021-05-07,0.0,-0.10802907285360697,0.0,3,63935.89999999991,999220.0,1057217.14,993281.2400000001,0.0,0,0.05721713999999989
57997.14,0.0,-0.046177741688902096,2021-05-10,0.0,-0.1492182759213836,0.0,3,-48819.89999999991,950400.1000000001,1008397.2400000001,1057217.14,0.0,0,0.008397240000000084
57997.14,0.0,-0.09358573809662563,2021-05-11,0.0,-0.22883931152840054,0.0,3,-94371.6000000001,856028.5,914025.64,1008397.2400000001,0.0,0,-0.08597436000000003
358466.94,2706.0,-0.070131621252988,2021-05-12,0.0,-0.2829220608574843,14006.300000000007,2,-75402.40000000002,491456.6,849923.54,914025.64,0.0,0,-0.15007645999999997
593463.94,2129.0,0.0002016651992011731,2021-05-13,0.0,-0.28277745119204434,-13079.0,2,15379.400000000023,256631.0,850094.94,849923.54,0.0,0,-0.14990506000000003
596512.29,43.0,0.006527212125271742,2021-05-14,0.0,-0.2780959874749467,123.94999999999979,2,5467.799999999988,259131.4,855643.6900000001,850094.94,0.0,0,-0.14435630999999993
597031.49,24.0,-0.01167214825133589,2021-05-17,0.0,-0.28652215813237336,22.39999999999992,1,-9985.600000000006,248625.0,845656.49,855643.6900000001,0.0,0,-0.15434351000000002
597031.49,0.0,0.01698680276195841,2021-05-18,0.0,-0.27440245075754033,0.0,1,14365.0,262990.0,860021.49,845656.49,0.0,0,-0.13997851000000006
597031.49,0.0,0.028266735520759978,2021-05-19,0.0,-0.253892176738592,0.0,1,24310.0,287300.0,884331.49,860021.49,0.0,0,-0.11566851
597031.49,0.0,-0.031863051716048196,2021-05-20,0.0,-0.27766544889691847,0.0,1,-28177.5,259122.5,856153.99,884331.49,0.0,0,-0.14384600999999997
597031.49,0.0,0.007098606174807509,2021-05-21,0.0,-0.2725378803921814,0.0,1,6077.5,265200.0,862231.49,856153.99,0.0,0,-0.13776851
597031.49,0.0,0.026912726186792302,2021-05-24,0.0,-0.2529598915559126,0.0,1,23205.0,288405.0,885436.49,862231.49,0.0,0,-0.11456350999999998
597031.49,0.0,0.011231748535685426,2021-05-25,0.0,-0.24456932491179728,0.0,1,9945.0,298350.0,895381.49,885436.49,0.0,0,-0.10461851
597031.49,0.0,-0.012341108369349874,2021-05-26,0.0,-0.253892176738592,0.0,1,-11050.0,287300.0,884331.49,895381.49,0.0,0,-0.11566851
597031.49,0.0,-0.004373360039457652,2021-05-27,0.0,-0.2571551748779701,0.0,1,-3867.5,283432.5,880463.99,884331.49,0.0,0,-0.11953601000000003
597031.49,0.0,0.011922690898465982,2021-05-28,0.0,-0.24829846564251523,0.0,1,10497.5,293930.0,890961.49,880463.99,0.0,0,-0.10903850999999998
597031.49,0.0,0.02790524649948667,2021-05-31,0.0,-0.2273220490322272,0.0,1,24862.5,318792.5,915823.99,890961.49,0.0,0,-0.08417600999999997
597031.49,0.0,-0.0018098455796075053,2021-06-01,0.0,-0.2287204768062464,0.0,1,-1657.5,317135.0,914166.49,915823.99,0.0,0,-0.08583351000000006
597031.49,0.0,-0.015713767849880433,2021-06-02,0.0,-0.24084018418107944,0.0,1,-14365.0,302770.0,899801.49,914166.49,0.0,0,-0.10019851000000002
902353.74,2749.0,0.0028364589616316493,2021-06-03,0.0,-0.23868685851818927,1986.25,0,3315.0,0.0,902353.74,899801.49,0.0,0,-0.09764625999999998
902353.74,0.0,0.0,2021-06-04,0.0,-0.23868685851818927,0.0,0,0.0,0.0,902353.74,902353.74,0.0,0,-0.09764625999999998
902353.74,0.0,0.0,2021-06-07,0.0,-0.23868685851818927,0.0,0,0.0,0.0,902353.74,902353.74,0.0,0,-0.09764625999999998
396399.14,3000.0,-0.034433170299709714,2021-06-08,0.0,-0.26490128357023945,-28070.900000000005,2,0.0,474883.69999999995,871282.84,902353.74,0.0,0,-0.12871716
396399.14,0.0,-0.019362828263666754,2021-06-09,0.0,-0.2791348737733108,0.0,2,-16870.49999999994,458013.2,854412.3400000001,871282.84,0.0,0,-0.1455876599999999
396399.14,0.0,-0.003254283523105639,2021-06-10,0.0,-0.28148077327597176,0.0,2,-2780.500000000058,455232.69999999995,851631.84,854412.3400000001,0.0,0,-0.14836816000000008
396399.14,0.0,0.005794757509301363,2021-06-11,0.0,-0.2773171285913354,0.0,2,4935.000000000058,460167.7,856566.8400000001,851631.84,0.0,0,-0.14343315999999995
396399.14,0.0,0.00934357907200778,2021-06-15,0.0,-0.2705646840383428,0.0,2,8003.399999999965,468171.1,864570.24,856566.8400000001,0.0,0,-0.13542975999999995
396399.14,0.0,0.005763904156590005,2021-06-16,0.0,-0.2663602887887079,0.0,2,4983.300000000047,473154.4,869553.54,864570.24,0.0,0,-0.13044645999999993
159758.64,1394.0,0.03369165744526792,2021-06-17,0.0,-0.24164275095033172,2703.9000000000265,3,27986.79999999999,739091.6000000001,898850.2400000001,869553.54,0.0,0,-0.10114975999999987
159758.64,0.0,-0.0018051950456174914,2021-06-18,0.0,-0.24301173369912432,0.0,3,-1622.6000000000931,737469.0,897227.64,898850.2400000001,0.0,0,-0.10277236000000001
159758.64,0.0,-0.008812256385681505,2021-06-21,0.0,-0.24968250838272021,0.0,3,-7906.599999999977,729562.4,889321.04,897227.64,0.0,0,-0.11067895999999999
159758.64,0.0,0.0417363340464767,2021-06-22,0.0,-0.218367006911667,0.0,3,37117.0,766679.4,926438.04,889321.04,0.0,0,-0.07356195999999993
159758.64,0.0,0.02608776729418394,2021-06-23,0.0,-0.19797594727852197,0.0,3,24168.699999999953,790848.1,950606.74,926438.04,0.0,0,-0.049393259999999994
159758.64,0.0,0.01645138766846954,2021-06-24,0.0,-0.1847815386677638,0.0,3,15638.800000000047,806486.9,966245.54,950606.74,0.0,0,-0.03375445999999993
159758.64,0.0,-0.005503259554502038,2021-06-25,0.0,-0.189267897454097,0.0,3,-5317.5,801169.4,960928.04,966245.54,0.0,0,-0.03907196000000002
159758.64,0.0,0.01104557215335289,2021-06-28,0.0,-0.18031289751838675,0.0,3,10613.999999999884,811783.3999999999,971542.0399999999,960928.04,0.0,0,-0.028457960000000115
159758.64,0.0,-0.019811700582714753,2021-06-29,0.0,-0.19655229296426557,0.0,3,-19247.899999999907,792535.5,952294.14,971542.0399999999,0.0,0,-0.04770585999999999
159758.64,0.0,0.004323454095811252,2021-06-30,0.0,-0.19307862368451179,0.0,3,4117.199999999953,796652.7,956411.34,952294.14,0.0,0,-0.04358866000000006
159758.64,0.0,-0.009513375280556513,2021-07-01,0.0,-0.20075516955930428,0.0,3,-9098.699999999953,787554.0,947312.64,956411.34,0.0,0,-0.05268735999999996
159758.64,0.0,0.023571098977418936,2021-07-02,0.0,-0.1819160905537962,0.0,3,22329.20000000007,809883.2000000001,969641.8400000001,947312.64,0.0,0,-0.030358159999999912
159758.64,0.0,0.04972640207027368,2021-07-05,0.0,-0.1412357211454529,0.0,3,48216.79999999993,858100.0,1017858.64,969641.8400000001,0.0,0,0.017858640000000037
159758.64,0.0,0.0044419724137725325,2021-07-06,0.0,-0.13742111390884781,0.0,3,4521.29999999993,862621.2999999999,1022379.94,1017858.64,0.0,0,0.022379939999999987
159758.64,0.0,0.00447993922885459,2021-07-07,0.0,-0.1335568129190663,0.0,3,4580.20000000007,867201.5,1026960.14,1022379.94,0.0,0,0.02696013999999991
159758.64,0.0,0.01002813994319185,2021-07-08,0.0,-0.12486799938619342,0.0,3,10298.5,877500.0,1037258.64,1026960.14,0.0,0,0.03725864000000012
159758.64,0.0,0.004233466785102058,2021-07-09,0.0,-0.12116315712901504,0.0,3,4391.20000000007,881891.2000000001,1041649.8400000001,1037258.64,0.0,0,0.04164984000000005
159758.64,0.0,0.0031601790482682635,2021-07-12,0.0,-0.11838587535132805,0.0,3,3291.79999999993,885183.0,1044941.64,1041649.8400000001,0.0,0,0.044941640000000005
159758.64,0.0,-0.022446229628670933,2021-07-13,0.0,-0.13817478843707176,0.0,3,-23455.0,861728.0,1021486.64,1044941.64,0.0,0,0.02148664
159758.64,0.0,0.0008536577629640885,2021-07-14,0.0,-0.13743908465490307,0.0,3,872.0,862600.0,1022358.64,1021486.64,0.0,0,0.022358639999999985
159758.64,0.0,-0.00949813462719895,2021-07-15,0.0,-0.1456318043530107,0.0,3,-9710.5,852889.5,1012648.14,1022358.64,0.0,0,0.01264814000000003
159758.64,0.0,0.01392230869055866,2021-07-16,0.0,-0.13373702659781772,0.0,3,14098.400000000023,866987.9,1026746.54,1012648.14,0.0,0,0.026746539999999985
159758.64,0.0,0.00883421530692452,2021-07-19,0.0,-0.1260842729783661,0.0,3,9070.499999999884,876058.3999999999,1035817.0399999999,1026746.54,0.0,0,0.03581703999999997
159758.64,0.0,-0.0064131016805824,2021-07-20,0.0,-0.13168878339601597,0.0,3,-6642.79999999993,869415.6,1029174.24,1035817.0399999999,0.0,0,0.029174239999999907
159758.64,0.0,-0.008948241844840554,2021-07-21,0.0,-0.13945864215877612,0.0,3,-9209.29999999993,860206.3,1019964.9400000001,1029174.24,0.0,0,0.019964940000000153
159758.64,0.0,0.03629203176336637,2021-07-22,0.0,-0.10822784786631212,0.0,3,37016.59999999998,897222.9,1056981.54,1019964.9400000001,0.0,0,0.05698154
159758.64,0.0,-0.016144274383448454,2021-07-23,0.0,-0.12262486217787671,0.0,3,-17064.199999999953,880158.7000000001,1039917.3400000001,1056981.54,0.0,0,0.039917340000000134
159758.64,0.0,0.01781736806119616,2021-07-26,8975.59,-0.10699234641955724,0.0,3,9552.999999999967,889711.7000000001,1058445.9300000002,1039917.3400000001,8975.59,0,0.0584459300000002
159758.64,0.0,-0.023987999084658207,2021-07-27,0.0,-0.12841381319623768,0.0,3,-25390.000000000116,864321.7,1033055.9299999999,1058445.9300000002,8975.59,0,0.033055929999999956
159758.64,0.0,-0.040507487334204506,2021-07-28,0.0,-0.16371957961885875,0.0,3,-41846.49999999988,822475.2000000001,991209.43,1033055.9299999999,8975.59,0,-0.008790569999999942
159758.64,0.0,0.026627975078889143,2021-07-29,0.0,-0.1414511254259868,0.0,3,26393.899999999907,848869.1,1017603.33,991209.43,8975.59,0,0.017603330000000028
159758.64,0.0,-0.009011762962686132,2021-07-30,0.0,-0.14918816437552873,0.0,3,-9170.400000000023,839698.7,1008432.9299999999,1017603.33,8975.59,0,0.008432929999999894
159758.64,0.0,0.029289404502092165,2021-08-02,0.0,-0.12426839236675602,0.0,3,29536.400000000023,869235.1,1037969.33,1008432.9299999999,8975.59,0,0.03796932999999991
159758.64,0.0,0.015132817074662519,2021-08-03,0.0,-0.11101610614194202,0.0,3,15707.400000000023,884942.5,1053676.73,1037969.33,8975.59,0,0.05367673000000006
159758.64,0.0,-0.007053206916698196,2021-08-04,0.0,-0.11728629349093489,0.0,3,-7431.79999999993,877510.7000000001,1046244.93,1053676.73,8975.59,0,0.04624493000000007
159758.64,0.0,0.007738245383898779,2021-08-05,0.0,-0.11045563822623694,0.0,3,8096.09999999986,885606.7999999999,1054341.03,1046244.93,8975.59,0,0.05434103000000001
159758.64,0.0,-0.006941397319992437,2021-08-06,0.0,-0.11663031907506782,0.0,3,-7318.599999999977,878288.2,1047022.4299999999,1054341.03,8975.59,0,0.04702242999999995
159758.64,0.0,-0.033014383464545216,2021-08-09,0.0,-0.14579422446207646,0.0,3,-34566.79999999993,843721.4,1012455.63,1047022.4299999999,8975.59,0,0.01245563000000005
159758.64,0.0,-0.00125536365480039,2021-08-10,0.0,-0.14686656334640724,0.0,3,-1271.0,842450.4,1011184.63,1012455.63,8975.59,0,0.011184630000000029
159758.64,0.0,-0.03708580894865854,2021-08-11,0.0,-0.17850570698585488,0.0,3,-37500.59999999998,804949.8,973684.03,1011184.63,8975.59,0,-0.026315969999999966
159758.64,0.0,0.03015084883337349,2021-08-12,0.0,-0.15373695673970644,0.0,3,29357.399999999907,834307.2,1003041.4299999999,973684.03,8975.59,0,0.0030414299999999006
159758.64,0.0,-0.0210821800252059,2021-08-13,0.0,-0.17157802656639853,0.0,3,-21146.29999999993,813160.9,981895.13,1003041.4299999999,8975.59,0,-0.01810487000000005
159758.64,0.0,-0.021332013328144384,2021-08-16,0.0,-0.18924993514501176,0.0,3,-20945.800000000047,792215.1,960949.33,981895.13,8975.59,0,-0.039050670000000065
159758.64,0.0,-0.03250650062891447,2021-08-17,0.0,-0.21560458263811288,0.0,3,-31237.099999999977,760978.0,929712.23,960949.33,8975.59,0,-0.07028776999999997
159758.64,0.0,0.04930805309509578,2021-08-18,0.0,-0.17692757175128315,0.0,3,45842.29999999993,806820.2999999999,975554.5299999999,929712.23,8975.59,0,-0.02444547000000008
159758.64,0.0,-0.015521121100221746,2021-08-19,0.0,-0.1897025785843851,0.0,3,-15141.699999999953,791678.6,960412.83,975554.5299999999,8975.59,0,-0.039587170000000005
159758.64,0.0,0.01855629104829859,2021-08-20,0.0,-0.1746664637969111,0.0,3,17821.70000000007,809500.3,978234.53,960412.83,8975.59,0,-0.021765469999999953
159758.64,0.0,0.029438850415554274,2021-08-23,0.0,-0.15036959328168797,0.0,3,28798.099999999977,838298.4,1007032.63,978234.53,8975.59,0,0.007032630000000095
159758.64,0.0,0.006538417727338208,2021-08-24,0.0,-0.1448143547687154,0.0,3,6584.400000000023,844882.8,1013617.03,1007032.63,8975.59,0,0.01361703000000003
159758.64,0.0,-0.006346874420608439,2021-08-25,0.0,-0.15024211066530535,0.0,3,-6433.300000000047,838449.5,1007183.73,1013617.03,8975.59,0,0.007183729999999944
168734.23,0.0,0.0024338161221091337,2021-08-26,0.0,-0.14817395621435314,0.0,3,2451.299999999963,840900.7999999999,1009635.0299999999,1007183.73,0.0,0,0.009635029999999878
168734.23,0.0,-0.00035765399304721335,2021-08-27,0.0,-0.1484786152002947,0.0,3,-361.0999999998603,840539.7000000001,1009273.93,1009635.0299999999,0.0,0,0.009273929999999986
168734.23,0.0,0.002396574337355517,2021-08-30,14093.8,-0.14643788090177434,0.0,3,-11675.00000000007,828864.7,1011692.73,1009273.93,14093.8,0,0.01169273000000004
168734.23,0.0,-0.004899115959842937,2021-08-31,0.0,-0.15061958070216575,0.0,3,-4956.400000000023,823908.2999999999,1006736.33,1011692.73,14093.8,0,0.006736330000000068
168734.23,0.0,-0.011855835181789787,2021-09-01,0.0,-0.1606896949600004,0.0,3,-11935.699999999953,811972.6,994800.63,1006736.33,14093.8,0,-0.0051993700000000365
168734.23,0.0,-0.022752498658952347,2021-09-02,0.0,-0.17978610154986785,0.0,3,-22634.199999999953,789338.4,972166.43,994800.63,14093.8,0,-0.027833569999999974
168734.23,0.0,-0.002464598577015309,2021-09-03,0.0,-0.18180759955683623,0.0,3,-2396.0,786942.4,969770.43,972166.43,14093.8,0,-0.030229569999999928
670512.48,4539.0,0.006113302506037366,2021-09-06,0.0,-0.17680574190478626,8304.799999999992,3,2162.6999999999534,291092.65,975698.93,969770.43,14093.8,0,-0.024301069999999925
412278.2,1948.0,-0.0008002776020262781,2021-09-07,0.0,-0.1774645258316564,2253.674999999969,4,-1086.5,548546.1,974918.1000000001,975698.93,14093.8,0,-0.02508189999999988
133908.15,1834.0,-0.0030521025304587335,2021-09-08,0.0,-0.1799749884337577,-1865.3500000000433,3,723.8000000000466,823940.6,971942.55,974918.1000000001,14093.8,0,-0.02805744999999993
133908.15,0.0,0.016773419375455845,2021-09-09,0.0,-0.16622036501639403,0.0,3,16302.800000000047,840243.4,988245.3500000001,971942.55,14093.8,0,-0.011754649999999867
133908.15,0.0,0.016564712396572423,2021-09-10,0.0,-0.15240904516077158,0.0,3,16370.0,856613.4,1004615.3500000001,988245.3500000001,14093.8,0,0.004615350000000129
133908.15,0.0,0.01029488550020674,2021-09-13,0.0,-0.14368319332969082,0.0,3,10342.400000000023,866955.8,1014957.7500000001,1004615.3500000001,14093.8,0,0.014957750000000214
374514.9,2177.0,0.00623203281121798,2021-09-14,0.0,-0.13834659889372403,1064.250000000026,3,7437.999999999884,632674.3,1021283.0000000001,1014957.7500000001,14093.8,0,0.021283000000000163
391336.9,151.0,0.005848623740921877,2021-09-15,0.0,-0.1333071123555678,209.00000000000063,3,5915.099999999977,621825.4,1027256.1000000001,1021283.0000000001,14093.8,0,0.027256100000000005
393366.4,36.0,-0.005113330551164363,2021-09-16,0.0,-0.13773879957643687,0.0,2,-5216.699999999953,614543.2000000001,1022003.4000000001,1027256.1000000001,14093.8,0,0.02200340000000023
393366.4,0.0,-0.0026864881271433383,2021-09-17,0.0,-0.1400552540538712,0.0,2,-2745.600000000093,611797.6,1019257.8,1022003.4000000001,14093.8,0,0.019257800000000103
133756.65,1529.0,-0.01588513720473861,2021-09-22,0.0,-0.15371559433171955,1838.75,3,-16500.800000000047,855216.2999999999,1003066.75,1019257.8,14093.8,0,0.003066749999999896
133756.65,0.0,0.008296157758195255,2021-09-23,0.0,-0.146694685393995,0.0,3,8321.599999999977,770413.5,1011388.3500000001,1003066.75,107218.20000000001,0,0.011388350000000047
147850.45,0.0,0.01863616483223285,2021-09-24,0.0,-0.13079234689877728,0.0,3,18848.399999999976,791243.1,1030236.75,1011388.3500000001,91143.2,0,0.030236750000000034
147850.45,0.0,-0.01598739318899267,2021-09-27,0.0,-0.14468871141178807,0.0,3,-16470.799999999814,780411.1000000001,1013765.9500000001,1030236.75,85504.40000000001,0,0.013765950000000027
147850.45,0.0,-0.016947797467453007,2021-09-28,0.0,-0.15918435390240737,0.0,3,-17181.100000000093,760486.8,996584.85,1013765.9500000001,88247.59999999999,0,-0.0034151500000000334
147850.45,0.0,-0.0062464325039660595,2021-09-29,0.0,-0.16443645208403457,0.0,3,-6225.100000000093,755023.7,990359.7499999999,996584.85,87485.59999999999,0,-0.009640250000000128
147850.45,0.0,-0.001925058040777583,2021-09-30,0.0,-0.16604496041053085,0.0,3,-1906.5,753117.2,988453.2499999999,990359.7499999999,87485.59999999999,0,-0.011546750000000161
147850.45,0.0,-0.014932420931389356,2021-10-01,0.0,-0.17849792809953435,0.0,3,-14759.999999999884,740490.8,973693.25,988453.2499999999,85352.0,0,-0.026306750000000045
147850.45,0.0,-0.03108288981154994,2021-10-04,0.0,-0.20403258648037648,0.0,3,-30265.20000000007,711292.4,943428.05,973693.25,84285.2,0,-0.056571949999999926
147850.45,0.0,0.02588644677249108,2021-10-05,0.0,-0.18342781839766342,0.0,3,24422.0,734647.6,967850.05,943428.05,85352.0,0,-0.03214994999999998
147850.45,0.0,-0.0011199048860928151,2021-10-06,0.0,-0.18434230157368725,0.0,3,-1083.9000000000233,734630.5,966766.1499999999,967850.05,84285.2,0,-0.03323385000000012
147850.45,0.0,0.021582985709625913,2021-10-07,0.0,-0.1667379731246058,0.0,3,20865.70000000007,753819.8,987631.85,966766.1499999999,85961.59999999999,0,-0.012368150000000022
147850.45,0.0,0.00656924946274251,2021-10-08,0.0,-0.16126406700223084,0.0,3,6487.999999999884,759698.2,994119.8499999999,987631.85,86571.2,0,-0.005880150000000195
147850.45,0.0,-0.009248884830133863,2021-10-12,0.0,-0.16902143904942213,0.0,3,-9194.5,752789.7,984925.3499999999,994119.8499999999,84285.2,0,-0.01507465000000019
147850.45,0.0,-0.03092071901692839,2021-10-13,0.0,-0.19471589364166653,0.0,3,-30454.599999999977,723097.1,954470.75,984925.3499999999,83523.2,0,-0.045529249999999966
147850.45,0.0,0.003266731851133242,2021-10-14,0.0,-0.19208524640221436,0.0,3,3118.0000000001164,726672.3,957588.75,954470.75,83066.0,0,-0.04241125000000001
147850.45,0.0,0.011879421098044629,2021-10-15,0.0,-0.1824876868329034,0.0,3,11375.599999999977,736981.1,968964.3500000001,957588.75,84132.8,0,-0.03103564999999986
147850.45,0.0,-0.002573675698182454,2021-10-18,0.0,-0.18459169840626644,0.0,3,-2493.8000000000466,732658.5,966470.5499999999,968964.3500000001,85961.59999999999,0,-0.03352945000000007
147850.45,0.0,0.016645101084559855,2021-10-19,0.0,-0.17101914480104952,0.0,3,16087.0,747831.1,982557.55,966470.5499999999,86876.0,0,-0.017442449999999998
147850.45,0.0,0.02176137163670444,2021-10-20,0.0,-0.15297938433135216,0.0,3,21381.79999999993,768755.7,1003939.3499999999,982557.55,87333.2,0,0.003939349999999786
147850.45,0.0,0.0009053335741846524,2021-10-21,0.0,-0.15221254812996077,0.0,3,908.9000000001397,768293.0,1004848.25,1003939.3499999999,88704.8,0,0.004848249999999998
147850.45,0.0,0.023911272174679032,2021-10-22,0.0,-0.13194087162201862,0.0,3,24027.199999999837,788357.7999999999,1028875.45,1004848.25,92667.2,0,0.028875449999999914
147850.45,0.0,0.010660182435104248,2021-10-25,0.0,-0.12268720294905178,0.0,3,10968.0,797649.3999999999,1039843.4499999998,1028875.45,94343.59999999999,0,0.03984344999999978
147850.45,0.0,0.011932276921107876,2021-10-26,0.0,-0.1122188637082081,0.0,3,12407.700000000186,801979.9,1052251.1500000001,1039843.4499999998,102420.8,0,0.052251150000000246
147850.45,0.0,0.016788007311752562,2021-10-27,0.0,-0.0973147875009055,0.0,3,17665.199999999953,815530.3,1069916.35,1052251.1500000001,106535.6,0,0.06991635000000018
147850.45,0.0,-0.012992137189042907,2021-10-28,0.0,-0.10904259762021407,0.0,3,-13900.5,801629.8,1056015.85,1069916.35,106535.6,0,0.05601585000000009
147850.45,0.0,-0.001670240082097263,2021-10-29,0.0,-0.11053071038511009,0.0,3,-1763.8000000000466,798342.0,1054252.05,1056015.85,108059.6,0,0.05425205000000011
147850.45,0.0,0.009118312836100317,2021-11-01,0.0,-0.10242025114429765,0.0,3,9613.0,807955.0,1063865.05,1054252.05,108059.6,0,0.06386504999999998
147850.45,0.0,-0.012869301421265744,2021-11-02,0.0,-0.11397147548194575,0.0,3,-13691.199999999953,798378.6,1050173.85,1063865.05,103944.8,0,0.050173850000000186
147850.45,0.0,0.02198455046276382,2021-11-03,0.0,-0.09449253667323043,0.0,3,23087.599999999977,819332.6,1073261.45,1050173.85,106078.4,0,0.07326144999999995
147850.45,0.0,-0.02509733299374539,2021-11-04,0.0,-0.11721835900866406,0.0,3,-26936.0,794073.0,1046325.45,1073261.45,104402.0,0,0.04632544999999988
147850.45,0.0,-0.0033980823079472477,2021-11-05,0.0,-0.12021812368469742,0.0,3,-3555.5,792803.5,1042769.95,1046325.45,102116.0,0,0.04276995000000006
147850.45,0.0,0.007020436290861687,2021-11-08,0.0,-0.11404167107217111,0.0,3,7320.699999999953,799362.2,1050090.65,1042769.95,102878.0,0,0.050090650000000014
147858.45,0.0,-0.004159640884336957,2021-11-09,0.0,-0.11772693955899827,0.0,3,-4368.0,897864.2,1045722.6499999999,1050090.65,0.0,0,0.045722649999999865
147858.45,0.0,0.02160285999351741,2021-11-10,0.0,-0.09866731815823904,0.0,3,22590.600000000093,920454.8,1068313.25,1045722.6499999999,0.0,0,0.0683132500000001
147858.45,0.0,0.02686421796228755,2021-11-11,0.0,-0.07445372053670873,0.0,3,28699.399999999907,949154.2,1097012.65,1068313.25,0.0,0,0.09701264999999992
147858.45,0.0,0.017864333651941067,2021-11-12,0.0,-0.057919452990063736,0.0,3,19597.400000000023,968751.6,1116610.05,1097012.65,0.0,0,0.11661005000000002
147858.45,0.0,0.03427373772965758,2021-11-15,0.0,-0.025630831401632803,0.0,3,38270.40000000002,1007022.0,1154880.45,1116610.05,0.0,0,0.15488045000000006
147858.45,0.0,-0.026522225742067085,2021-11-16,0.0,-0.05147327044730887,0.0,3,-30630.0,976392.0,1124250.45,1154880.45,0.0,0,0.1242504499999999
147858.45,0.0,0.007589590024180248,2021-11-17,0.0,-0.044274341443027554,0.0,3,8532.599999999977,984924.6,1132783.05,1124250.45,0.0,0,0.13278305
147858.45,0.0,-0.002218959755798,2021-11-18,0.0,-0.04639505821694889,0.0,3,-2513.5999999999767,982411.0,1130269.45,1132783.05,0.0,0,0.1302694499999999
147858.45,0.0,-0.01272333778463186,2021-11-19,0.0,-0.05852809600434883,0.0,3,-14380.800000000047,968030.2,1115888.65,1130269.45,0.0,0,0.11588864999999982
147858.45,0.0,0.005890193434622715,2021-11-22,0.0,-0.05298264437655187,0.0,3,6572.800000000047,974603.0,1122461.45,1115888.65,0.0,0,0.12246144999999986
147858.45,0.0,-0.014864118496007106,2021-11-23,0.0,-0.06705922256831409,0.0,3,-16684.400000000023,957918.6,1105777.05,1122461.45,0.0,0,0.10577705000000015
147858.45,0.0,0.008582290616359067,2021-11-24,0.0,-0.059052453688543505,0.0,3,9490.100000000093,967408.7000000001,1115267.1500000001,1105777.05,0.0,0,0.11526715000000021
147858.45,0.0,-0.008691998145915258,2021-11-25,0.0,-0.06723116801648621,0.0,3,-9693.900000000023,957714.8,1105573.25,1115267.1500000001,0.0,0,0.10557324999999995
147858.45,0.0,-0.014191280405889017,2021-11-26,0.0,-0.08046835206503777,0.0,3,-15689.5,942025.3,1089883.75,1105573.25,0.0,0,0.08988375000000004
147858.45,0.0,0.010344681256143184,2021-11-29,0.0,-0.0709560902622145,0.0,3,11274.5,953299.8,1101158.25,1089883.75,0.0,0,0.1011582499999999
147858.45,0.0,0.009268513403954293,2021-11-30,0.0,-0.06234523433194772,0.0,3,10206.09999999986,963505.8999999999,1111364.3499999999,1101158.25,0.0,0,0.11136434999999989
147858.45,0.0,0.0055950148121992616,2021-12-01,0.0,-0.057099042029305824,0.0,3,6218.100000000093,969724.0,1117582.45,1111364.3499999999,0.0,0,0.11758245
147858.45,0.0,-0.019637835221911315,2021-12-02,0.0,-0.07561557567251664,0.0,3,-21946.899999999907,947777.1000000001,1095635.55,1117582.45,0.0,0,0.09563555000000012
147858.45,0.0,0.012546234010022639,2021-12-03,0.0,-0.06401803236968395,0.0,3,13746.09999999986,961523.2,1109381.65,1095635.55,0.0,0,0.10938165
147858.45,0.0,-0.008139669517699288,2021-12-06,0.0,-0.07163661626072071,0.0,3,-9030.0,952493.2,1100351.65,1109381.65,0.0,0,0.1003516499999999
147858.45,0.0,0.012504457097874067,2021-12-07,0.0,-0.06002793615751567,0.0,3,13759.300000000047,966252.5,1114110.95,1100351.65,0.0,0,0.11411094999999993
421090.85,2461.0,-0.0007378080253138686,2021-12-08,0.0,-0.06072145508978943,-1858.599999999998,2,3497.5999999999767,692198.1,1113288.95,1114110.95,0.0,0,0.11328895000000005
760868.85,3060.0,-0.007167142007472371,2021-12-09,0.0,-0.0674533978057329,1334.0,1,-6253.099999999977,344441.0,1105309.85,1113288.95,0.0,0,0.10530985000000004
630359.1,769.0,-0.0022851058461118567,2021-12-10,0.0,-0.06958436549817881,785.25,2,-2542.0,472425.0,1102784.1,1105309.85,0.0,0,0.10278410000000004
276695.1,2084.0,-0.014905002710866033,2021-12-13,0.0,-0.0834522130526606,13819.999999999987,3,-28173.0,809652.0,1086347.1,1102784.1,0.0,0,0.08634710000000001
276695.1,0.0,-0.03304100503421048,2021-12-14,0.0,-0.1137358730952821,0.0,3,-35894.0,773758.0,1050453.1,1086347.1,0.0,0,0.05045310000000014
276695.1,0.0,-0.004888366743836636,2021-12-15,0.0,-0.11806825717949865,0.0,3,-5135.0,768623.0,1045318.1,1050453.1,0.0,0,0.04531810000000003
276695.1,0.0,0.0018654608582784338,2021-12-16,0.0,-0.11642304803359371,0.0,3,1950.0,770573.0,1047268.1,1045318.1,0.0,0,0.047268099999999924
276695.1,0.0,-0.011371968648715591,2021-12-17,0.0,-0.12647105743008336,0.0,3,-11909.5,758663.5,1035358.6,1047268.1,0.0,0,0.03535859999999991
581593.55,2763.0,-0.010340523563526549,2021-12-20,0.0,-0.13550380404415008,2414.850000000034,3,-10358.0,443058.9,1024652.4500000001,1035358.6,0.0,0,0.024652450000000048
833663.55,2292.0,0.007911853428935745,2021-12-21,0.0,-0.12866403685187477,-1301.6,3,11700.5,199095.8,1032759.3500000001,1024652.4500000001,0.0,0,0.032759350000000076
852023.68,182.0,-0.0016408178730118461,2021-12-22,0.0,-0.13009374047360622,255.125,3,-1767.6999999999825,179041.1,1031064.78,1032759.3500000001,0.0,0,0.031064780000000125
885190.68,313.0,-0.0007669256242076594,2021-12-23,0.0,-0.13076089387469558,525.0000000000002,3,-1002.75,145083.35,1030274.03,1031064.78,0.0,0,0.030274029999999952
592368.73,1947.0,-0.009820105821749303,2021-12-24,0.0,-0.13929691388124887,-7119.150000000039,3,-1051.25,427787.89999999997,1020156.6299999999,1030274.03,0.0,0,0.020156629999999787
594854.98,39.0,-0.0014531592075228694,2021-12-27,0.0,-0.1405476524957856,-3.2499999999998153,2,-1440.1999999999534,423819.2,1018674.1799999999,1020156.6299999999,0.0,0,0.018674179999999874
594854.98,0.0,-0.005212756055130274,2021-12-28,0.0,-0.14502776792433414,0.0,2,-5310.099999999977,418509.10000000003,1013364.0800000001,1018674.1799999999,0.0,0,0.013364080000000111
594854.98,0.0,0.0025339362729335235,2021-12-29,0.0,-0.1428613227731268,0.0,2,2567.79999999993,421076.89999999997,1015931.8799999999,1013364.0800000001,0.0,0,0.0159318799999999
594854.98,0.0,0.004801404598111514,2021-12-30,0.0,-0.13874585318707033,0.0,2,4877.900000000023,425954.8,1020809.78,1015931.8799999999,0.0,0,0.02080978
292105.58,1785.0,-0.01768390189208402,2022-01-03,0.0,-0.15397618702346083,-8081.599999999991,3,-8185.299999999988,710652.3,1002757.8800000001,1020809.78,0.0,0,0.0027578800000001014
292105.58,0.0,-0.007443471797997758,2022-01-04,0.0,-0.1602735414157862,0.0,3,-7464.0,703188.3,995293.8800000001,1002757.8800000001,0.0,0,-0.004706119999999925
292105.58,0.0,0.003271194634493435,2022-01-05,0.0,-0.15752663273002343,0.0,3,3255.8000000000466,706444.1000000001,998549.6800000002,995293.8800000001,0.0,0,-0.001450319999999783
292105.58,0.0,-0.006339294004881202,2022-01-06,0.0,-0.16286731909643004,0.0,3,-6330.100000000093,700114.0,992219.5800000001,998549.6800000002,0.0,0,-0.007780419999999899
292105.58,0.0,-0.0179264755085764,2022-01-07,0.0,-0.1778741575980769,0.0,3,-17787.0,682327.0,974432.5800000001,992219.5800000001,0.0,0,-0.025567419999999896
292105.58,0.0,0.008956597079297302,2022-01-10,0.0,-0.17051070767920495,0.0,3,8727.600000000093,691054.6000000001,983160.1800000002,974432.5800000001,0.0,0,-0.01683981999999984
292105.58,0.0,-0.0029696076584387887,2022-01-11,0.0,-0.1729739654342738,0.0,3,-2919.600000000093,688135.0,980240.5800000001,983160.1800000002,0.0,0,-0.019759419999999972
292105.58,0.0,-0.00010568834030533214,2022-01-12,0.0,-0.17306137244325637,0.0,3,-103.60000000009313,688031.3999999999,980136.98,980240.5800000001,0.0,0,-0.019863020000000065
292105.58,0.0,-0.002134089461658717,2022-01-13,0.0,-0.17482613345376363,0.0,3,-2091.6999999999534,685939.7,978045.28,980136.98,0.0,0,-0.021954719999999983
292105.58,0.0,-0.010554419320954134,2022-01-14,0.0,-0.18353536445398566,0.0,3,-10322.699999999953,675617.0,967722.5800000001,978045.28,0.0,0,-0.03227741999999989
292105.58,0.0,0.015193817219806949,2022-01-17,0.0,-0.17113015001506326,0.0,3,14703.399999999907,690320.3999999999,982425.98,967722.5800000001,0.0,0,-0.017574019999999968
292105.58,0.0,-0.005692439037493613,2022-01-18,0.0,-0.17584844110611908,0.0,3,-5592.399999999907,684728.0,976833.5800000001,982425.98,0.0,0,-0.02316641999999991
292105.58,0.0,-0.016545397630577052,2022-01-19,0.0,-0.18948435635587824,0.0,3,-16162.100000000093,668565.8999999999,960671.48,976833.5800000001,0.0,0,-0.03932851999999998
292105.58,0.0,0.005228738548582745,2022-01-20,0.0,-0.18524638196572685,0.0,3,5023.100000000093,673589.0,965694.5800000001,960671.48,0.0,0,-0.03430541999999992
292105.58,0.0,-0.025277971426535317,2022-01-21,0.0,-0.20584170064206342,0.0,3,-24410.800000000047,649178.2,941283.78,965694.5800000001,0.0,0,-0.058716219999999986
526177.63,2119.0,0.0030839265072644118,2022-01-24,0.0,-0.20339257481170958,-1045.9499999999832,3,6067.800000000047,418009.0,944186.63,941283.78,0.0,0,-0.05581336999999997
535612.23,91.0,-0.012258487498387871,2022-01-25,0.0,-0.2131577769745031,289.7999999999996,3,-11773.099999999977,397000.10000000003,932612.3300000001,944186.63,0.0,0,-0.0673876699999999
540340.23,56.0,-0.0010362290620800074,2022-01-26,0.0,-0.21397312575327376,3.199999999999818,3,-913.6000000000349,391305.7,931645.9299999999,932612.3300000001,0.0,0,-0.06835407000000004
544830.73,54.0,0.015627610802743552,2022-02-07,0.0,-0.2016894036820488,-36.59999999999965,2,14650.0,401374.60000000003,946205.3300000001,931645.9299999999,0.0,0,-0.05379466999999993
279982.73,1561.0,0.013783794686508255,2022-02-08,0.0,-0.19068565432633822,4673.0,3,9930.29999999993,679264.8999999999,959247.6299999999,946205.3300000001,0.0,0,-0.04075237000000009
279982.73,0.0,-0.0026738663925600648,2022-02-09,0.0,-0.19284965275625177,0.0,3,-2564.899999999907,676700.0,956682.73,959247.6299999999,0.0,0,-0.04331726999999996
279982.73,0.0,-0.017965517157396582,2022-02-10,0.0,-0.2073505261682579,0.0,3,-17187.300000000047,659512.7,939495.4299999999,956682.73,0.0,0,-0.06050457000000009
279982.73,0.0,-0.008297432591023779,2022-02-11,0.0,-0.21392748174568732,0.0,3,-7795.399999999907,651717.3,931700.03,939495.4299999999,0.0,0,-0.06829996999999999
388244.73,975.0,-0.009555221330195818,2022-02-14,0.0,-0.2214385786391917,174.5,2,-8102.100000000093,534552.7,922797.4299999999,931700.03,0.0,0,-0.07720257000000008
388244.73,0.0,-0.0031576810958391377,2022-02-15,0.0,-0.2238970273213723,0.0,2,-2913.899999999907,531638.8,919883.53,922797.4299999999,0.0,0,-0.08011647
388244.73,0.0,0.009730253568079439,2022-02-16,0.0,-0.21634534860226906,0.0,2,8950.699999999953,540589.5,928834.23,919883.53,0.0,0,-0.07116577000000002
388244.73,0.0,-0.006571570903453838,2022-02-17,0.0,-0.2214951907077506,0.0,2,-6103.899999999907,534485.6000000001,922730.3300000001,928834.23,0.0,0,-0.07726966999999996
108624.55,1664.0,-0.0013853234888248078,2022-02-18,0.0,-0.22257367170622622,2404.2249999999913,3,-2018.5,812827.5,921452.05,922730.3300000001,0.0,0,-0.07854794999999992
108624.55,0.0,0.0024703944171591274,2022-02-21,0.0,-0.22065312204505672,0.0,3,2276.3499999998603,815103.8499999999,923728.3999999999,921452.05,0.0,0,-0.0762716000000001
108624.55,0.0,-0.02474482759217944,2022-02-22,0.0,-0.23993792617455512,0.0,3,-22857.499999999767,792246.3500000001,900870.9000000001,923728.3999999999,0.0,0,-0.09912909999999986
108624.55,0.0,0.009342903628033472,2022-02-23,0.0,-0.23283673946748074,0.0,3,8416.749999999767,800663.0999999999,909287.6499999999,900870.9000000001,0.0,0,-0.09071235000000011
108624.55,0.0,-0.03131814228423746,2022-02-24,0.0,-0.2568628676160778,0.0,3,-28477.199999999953,772185.8999999999,880810.45,909287.6499999999,0.0,0,-0.11918955000000009
299256.55,1723.0,0.00569066817951569,2022-02-25,0.0,-0.252633920783804,527.0,3,6208.400000000023,586566.2999999999,885822.8499999999,880810.45,0.0,0,-0.11417715000000017
75380.55,1578.0,0.010064314778062133,2022-03-01,0.0,-0.24511219330812606,-3326.0000000000086,4,13819.20000000007,819357.5,894738.05,885822.8499999999,0.0,0,-0.10526194999999994
91984.8,150.0,0.000851757673656417,2022-03-02,0.0,-0.24446921182602654,-111.25,4,1023.3499999999767,803515.35,895500.15,894738.05,0.0,0,-0.10449984999999995
99289.55,76.0,-0.002448352465379111,2022-03-03,0.0,-0.24631901749392204,68.25,4,-2184.7499999998836,794018.1000000001,893307.6500000001,895500.15,0.0,0,-0.10669234999999988
99638.55,23.0,-0.014331288890227278,2022-03-04,0.0,-0.257120237385287,4.0,3,-12783.25,780866.8500000001,880505.4000000001,893307.6500000001,0.0,0,-0.1194945999999999
99638.55,0.0,-0.03581886039540483,2022-03-07,0.0,-0.2837293438929548,0.0,3,-31538.70000000007,749328.15,848966.7000000001,880505.4000000001,0.0,0,-0.15103329999999993
343214.48,2211.0,-0.014272314803395858,2022-03-08,0.0,-0.2939521841813495,5445.175000000013,3,-15350.900000000023,493635.5,836849.98,848966.7000000001,0.0,0,-0.16315002
344654.98,31.0,0.010756587459080702,2022-03-09,0.0,-0.28635751910020324,-16.350000000000037,3,9049.0,501196.64999999997,845851.6299999999,836849.98,0.0,0,-0.15414837000000015
345114.63,24.0,0.008230521468641117,2022-03-10,0.0,-0.2804838693402232,-0.8499999999999517,2,6986.650000000023,507698.8,852813.4299999999,845851.6299999999,0.0,0,-0.14718657000000002
345114.63,0.0,-0.000333543058767205,2022-03-11,0.0,-0.28072385895127583,0.0,2,-284.44999999995343,507414.35000000003,852528.98,852813.4299999999,0.0,0,-0.14747102
345114.63,0.0,0.004460728126802316,2022-03-14,0.0,-0.27751536363796203,0.0,2,3802.899999999965,511217.25,856331.88,852528.98,0.0,0,-0.14366811999999995
345114.63,0.0,-0.003983911004224128,2022-03-15,0.0,-0.2803936781311476,0.0,2,-3411.5499999999884,507805.7,852920.3300000001,856331.88,0.0,0,-0.14707966999999988
345114.63,0.0,-0.002708342055816604,2022-03-16,0.0,-0.28234261819629647,0.0,2,-2310.0,505495.7,850610.3300000001,852920.3300000001,0.0,0,-0.14938966999999992
345114.63,0.0,0.010236590942882096,2022-03-17,0.0,-0.27499625314163234,0.0,2,8707.349999999977,514203.05,859317.6799999999,850610.3300000001,0.0,0,-0.14068232000000003
345114.63,0.0,0.010050648556422237,2022-03-18,0.0,-0.26770949527986954,0.0,2,8636.700000000012,522839.75,867954.38,859317.6799999999,0.0,0,-0.13204561999999997
345114.63,0.0,0.011875220907347606,2022-03-21,0.0,-0.259013383767965,0.0,2,10307.149999999907,533146.8999999999,878261.5299999999,867954.38,0.0,0,-0.12173847000000004
345114.63,0.0,0.0027519137721996323,2022-03-22,0.0,-0.2569742524937404,0.0,2,2416.9000000001397,535563.8,880678.43,878261.5299999999,0.0,0,-0.11932156999999999
345114.63,0.0,0.014246403196226831,2022-03-23,0.0,-0.2463888081095884,0.0,2,12546.5,548110.3,893224.93,880678.43,0.0,0,-0.10677506999999997
345114.63,0.0,-0.00019877412064628341,2022-03-24,0.0,-0.24653860651156556,0.0,2,-177.55000000004657,547932.75,893047.38,893224.93,0.0,0,-0.10695261999999994
345114.63,0.0,-0.005094186604074791,2022-03-25,0.0,-0.2503768794489619,0.0,2,-4549.350000000093,543383.3999999999,888498.0299999999,893047.38,0.0,0,-0.11150197000000006
345114.63,0.0,0.010560687455885676,2022-03-28,0.0,-0.24246034396311666,0.0,2,9383.15000000014,552766.55,897881.18,888498.0299999999,0.0,0,-0.10211881999999994
345114.63,0.0,-0.0023749801727662723,2022-03-29,0.0,-0.2442594856262884,0.0,2,-2132.4499999999534,550634.1000000001,895748.7300000001,897881.18,0.0,0,-0.1042512699999999
345114.63,0.0,-0.001349094851633481,2022-03-30,0.0,-0.24527905126340088,0.0,2,-1208.4500000001863,549425.6499999999,894540.2799999999,895748.7300000001,0.0,0,-0.10545972000000003
345114.63,0.0,-0.0015493992064840034,2022-03-31,0.0,-0.24644841530249018,0.0,2,-1386.0,548039.6499999999,893154.2799999999,894540.2799999999,0.0,0,-0.10684572000000014
345114.63,0.0,0.0016714917382472105,2022-04-01,0.0,-0.24518886005432516,0.0,2,1492.9000000001397,549532.55,894647.18,893154.2799999999,0.0,0,-0.1053528199999999
345114.63,0.0,0.009574780082579615,2022-04-06,0.0,-0.23796170938546413,0.0,2,8566.050000000047,558098.6000000001,903213.2300000001,894647.18,0.0,0,-0.09678676999999991
345114.63,0.0,-0.009955345760380485,2022-04-07,0.0,-0.24554806405118113,0.0,2,-8991.800000000047,549106.8,894221.43,903213.2300000001,0.0,0,-0.1057785699999999
345114.63,0.0,0.019118139452327654,2022-04-08,0.0,-0.231124346729633,0.0,2,17095.84999999986,566202.6499999999,911317.2799999999,894221.43,0.0,0,-0.0886827200000001
345114.63,0.0,0.0042713993089213975,2022-04-11,0.0,-0.22784017179560756,0.0,2,3892.600000000093,570095.25,915209.88,911317.2799999999,0.0,0,-0.08479011999999997
345114.63,0.0,-0.018815301687958086,2022-04-12,0.0,-0.24236859191459503,0.0,2,-17219.949999999953,552875.3,897989.93,915209.88,0.0,0,-0.10201006999999995
345114.63,0.0,-0.0011480084192037054,2022-04-13,0.0,-0.24323835914973024,0.0,2,-1030.9000000001397,551844.3999999999,896959.0299999999,897989.93,0.0,0,-0.10304097000000012
345114.63,0.0,-0.014562482302006519,2022-04-14,0.0,-0.2542586871514497,0.0,2,-13061.949999999953,538782.45,883897.08,896959.0299999999,0.0,0,-0.11610292
345114.63,0.0,-0.0012462423792598543,2022-04-15,0.0,-0.2551880615794865,0.0,2,-1101.5500000000466,537680.8999999999,882795.5299999999,883897.08,0.0,0,-0.11720447000000012
345114.63,0.0,-0.014272784095315849,2022-04-18,0.0,-0.26581860156817616,0.0,2,-12599.949999999953,525080.95,870195.58,882795.5299999999,0.0,0,-0.12980442000000003
345114.63,0.0,0.006166946975299403,2022-04-19,0.0,-0.2612909438137959,0.0,2,5366.449999999953,530447.3999999999,875562.0299999999,870195.58,0.0,0,-0.12443797000000012
345114.63,0.0,-0.00014173753057777905,2022-04-20,0.0,-0.26139564661123527,0.0,2,-124.0999999998603,530323.3,875437.93,875562.0299999999,0.0,0,-0.12456206999999997
345114.63,0.0,-0.004729975544925269,2022-04-21,0.0,-0.2648892271401394,0.0,2,-4140.800000000047,526182.5,871297.13,875437.93,0.0,0,-0.12870287000000002
345114.63,0.0,0.018560660242275873,2022-04-22,0.0,-0.2512450858446508,0.0,2,16171.850000000093,542354.3500000001,887468.9800000001,871297.13,0.0,0,-0.11253101999999993
345114.63,0.0,-0.018121365774384723,2022-04-25,0.0,-0.26481354751942787,0.0,2,-16082.15000000014,526272.2,871386.83,887468.9800000001,0.0,0,-0.12861317000000005
345114.63,0.0,0.0006528673379193606,2022-04-26,0.0,-0.26433356829732246,0.0,2,568.9000000001397,526841.1000000001,871955.7300000001,871386.83,0.0,0,-0.12804426999999985
345114.63,0.0,-0.00858036680371388,2022-04-27,0.0,-0.2706458561265107,0.0,2,-7481.700000000128,519359.39999999997,864474.03,871955.7300000001,0.0,0,-0.13552597
345114.63,0.0,0.0033302330666891145,2022-04-28,0.0,-0.2682169368392566,0.0,2,2878.9000000000233,522238.3,867352.9299999999,864474.03,0.0,0,-0.1326470700000001
345114.63,0.0,0.0019259172849050987,2022-04-29,0.0,-0.26680758318911446,0.0,2,1670.4500000000116,523908.75,869023.38,867352.9299999999,0.0,0,-0.13097662
345114.63,0.0,0.00014280398301824704,2022-05-03,0.0,-0.2667028803916751,0.0,2,124.10000000003492,524032.85000000003,869147.48,869023.38,0.0,0,-0.13085252000000003
345114.63,0.0,0.0,2022-05-04,0.0,-0.2667028803916751,0.0,2,0.0,524032.85000000003,869147.48,869147.48,0.0,0,-0.13085252000000003
345114.63,0.0,-0.0007775435303569722,2022-05-05,0.0,-0.267273050822856,0.0,2,-675.8000000000466,523357.05,868471.6799999999,869147.48,0.0,0,-0.13152832000000003
345114.63,0.0,-0.008614788682573926,2022-05-06,0.0,-0.27358533865204415,0.0,2,-7481.699999999953,515875.35000000003,860989.98,868471.6799999999,0.0,0,-0.13901002000000007
345114.63,0.0,-0.023425940450549687,2022-05-09,0.0,-0.2906022852511876,0.0,2,-20169.5,495705.85000000003,840820.48,860989.98,0.0,0,-0.15917952000000002
345114.63,0.0,0.0074608672709779444,2022-05-10,0.0,-0.2853095630591116,0.0,2,6273.25,501979.10000000003,847093.73,840820.48,0.0,0,-0.15290627
345114.63,0.0,-0.004426251626251543,2022-05-11,0.0,-0.2884729627678876,0.0,2,-3749.45000000007,498229.64999999997,843344.28,847093.73,0.0,0,-0.15665571999999994
345114.63,0.0,-0.015635429459484818,2022-05-12,0.0,-0.2995979935670465,0.0,2,-13186.04999999993,485043.60000000003,830158.23,843344.28,0.0,0,-0.16984177
345114.63,0.0,0.006250495161627123,2022-05-13,0.0,-0.29522013421464344,0.0,2,5188.899999999965,490232.5,835347.13,830158.23,0.0,0,-0.16465286999999995
345114.63,0.0,0.013168357925644747,2022-05-16,0.0,-0.28593934068319404,0.0,2,11000.149999999965,501232.64999999997,846347.28,835347.13,0.0,0,-0.15365271999999996
345114.63,0.0,0.004367001687534122,2022-05-17,0.0,-0.28282103657895574,0.0,2,3696.0,504928.64999999997,850043.28,846347.28,0.0,0,-0.14995671999999993
345114.63,0.0,0.010097427039244433,2022-05-18,0.0,-0.27557937432173085,0.0,2,8583.25,513511.89999999997,858626.53,850043.28,0.0,0,-0.14137347
345114.63,0.0,-0.001531923314785133,2022-05-19,0.0,-0.2766891311679186,0.0,2,-1315.3499999999767,512196.55,857311.1799999999,858626.53,0.0,0,-0.14268882000000005
345114.63,0.0,0.0014095815244121734,2022-05-20,0.0,-0.27566956553080635,0.0,2,1208.4500000000116,513405.0,858519.63,857311.1799999999,0.0,0,-0.14148037000000002
345114.63,0.0,-0.00047587729589815275,2022-05-23,0.0,-0.27601425793929835,0.0,2,-408.54999999998836,512996.45,858111.0800000001,858519.63,0.0,0,-0.14188891999999997
636729.21,2643.0,-0.001982109355819217,2022-05-24,0.0,-0.2774492768521165,1812.6750000000256,1,-870.5500000000466,219681.0,856410.21,858111.0800000001,0.0,0,-0.14358979000000005
636729.21,0.0,0.002427574981853642,2022-05-25,0.0,-0.27569523079348246,0.0,1,2079.0,221760.0,858489.21,856410.21,0.0,0,-0.14151079
636729.21,0.0,-0.0002690773481008879,2022-05-26,0.0,-0.2758901247999974,0.0,1,-231.0,221529.0,858258.21,858489.21,0.0,0,-0.1417417900000001
636729.21,0.0,0.0034989470126944866,2022-05-27,0.0,-0.27335650271530376,0.0,1,3003.0,224532.0,861261.21,858258.21,0.0,0,-0.13873879
636729.21,0.0,0.0016092678782084757,2022-05-30,0.0,-0.27218713867621436,0.0,1,1386.0,225918.0,862647.21,861261.21,0.0,0,-0.13735279
636729.21,0.0,-0.0018744626786656449,2022-05-31,0.0,-0.2735513967218186,0.0,1,-1617.0,224301.0,861030.21,862647.21,0.0,0,-0.13896978999999998
837974.54,1823.0,0.0019682584656350866,2022-06-01,0.0,-0.27212155810856753,-1333.2750000000112,1,4851.0,24750.4,862724.9400000001,861030.21,0.0,0,-0.1372750599999999
841609.89,48.0,3.3266686366939524e-05,2022-06-02,0.0,-0.27209734400472785,1.8499999999998948,1,74.84999999999854,21143.75,862753.64,862724.9400000001,0.0,0,-0.13724636
848184.24,69.0,0.00010315806955052409,2022-06-06,0.0,-0.2720222549719148,-33.25,1,191.25,14658.400000000001,862842.64,862753.64,0.0,0,-0.13715736
852350.04,51.0,-3.500058828798114e-05,2022-06-07,0.0,-0.2720477346212513,-8.399999999999523,1,29.19999999999709,10462.4,862812.4400000001,862842.64,0.0,0,-0.13718756
855075.54,41.0,-1.2053604604989054e-05,2022-06-08,0.0,-0.27205650907002954,-11.000000000000156,1,41.600000000000364,7726.5,862802.04,862812.4400000001,0.0,0,-0.13719795999999995
859094.79,51.0,-9.092468070659443e-05,2022-06-09,0.0,-0.27212269709951475,-12.149999999999885,1,-15.300000000000182,3628.7999999999997,862723.5900000001,862802.04,0.0,0,-0.1372764099999999
861466.39,38.0,-5.795599028435294e-05,2022-06-10,0.0,-0.2721648819494098,-4.799999999999727,1,-7.199999999999818,1207.1999999999998,862673.59,862723.5900000001,0.0,0,-0.13732641
862632.59,29.0,-4.7526666488106883e-05,2022-06-13,0.0,-0.2721994735263237,4.799999999999898,0,-16.799999999999727,0.0,862632.59,862673.59,0.0,0,-0.13736741000000008
862632.59,0.0,0.0,2022-06-14,0.0,-0.2721994735263237,0.0,0,0.0,0.0,862632.59,862632.59,0.0,0,-0.13736741000000008
862632.59,0.0,0.0,2022-06-15,0.0,-0.2721994735263237,0.0,0,0.0,0.0,862632.59,862632.59,0.0,0,-0.13736741000000008
862632.59,0.0,0.0,2022-06-16,0.0,-0.2721994735263237,0.0,0,0.0,0.0,862632.59,862632.59,0.0,0,-0.13736741000000008
862632.59,0.0,0.0,2022-06-17,0.0,-0.2721994735263237,0.0,0,0.0,0.0,862632.59,862632.59,0.0,0,-0.13736741000000008
862632.59,0.0,0.0,2022-06-20,0.0,-0.2721994735263237,0.0,0,0.0,0.0,862632.59,862632.59,0.0,0,-0.13736741000000008
862632.59,0.0,0.0,2022-06-21,0.0,-0.2721994735263237,0.0,0,0.0,0.0,862632.59,862632.59,0.0,0,-0.13736741000000008
862632.59,0.0,0.0,2022-06-22,0.0,-0.2721994735263237,0.0,0,0.0,0.0,862632.59,862632.59,0.0,0,-0.13736741000000008
862632.59,0.0,0.0,2022-06-23,0.0,-0.2721994735263237,0.0,0,0.0,0.0,862632.59,862632.59,0.0,0,-0.13736741000000008
862632.59,0.0,0.0,2022-06-24,0.0,-0.2721994735263237,0.0,0,0.0,0.0,862632.59,862632.59,0.0,0,-0.13736741000000008
862632.59,0.0,0.0,2022-06-27,0.0,-0.2721994735263237,0.0,0,0.0,0.0,862632.59,862632.59,0.0,0,-0.13736741000000008
862632.59,0.0,0.0,2022-06-28,0.0,-0.2721994735263237,0.0,0,0.0,0.0,862632.59,862632.59,0.0,0,-0.13736741000000008
862632.59,0.0,0.0,2022-06-29,0.0,-0.2721994735263237,0.0,0,0.0,0.0,862632.59,862632.59,0.0,0,-0.13736741000000008
862632.59,0.0,0.0,2022-06-30,0.0,-0.2721994735263237,0.0,0,0.0,0.0,862632.59,862632.59,0.0,0,-0.13736741000000008
862632.59,0.0,0.0,2022-07-01,0.0,-0.2721994735263237,0.0,0,0.0,0.0,862632.59,862632.59,0.0,0,-0.13736741000000008
862632.59,0.0,0.0,2022-07-04,0.0,-0.2721994735263237,0.0,0,0.0,0.0,862632.59,862632.59,0.0,0,-0.13736741000000008
862632.59,0.0,0.0,2022-07-05,0.0,-0.2721994735263237,0.0,0,0.0,0.0,862632.59,862632.59,0.0,0,-0.13736741000000008
862632.59,0.0,0.0,2022-07-06,0.0,-0.2721994735263237,0.0,0,0.0,0.0,862632.59,862632.59,0.0,0,-0.13736741000000008
862632.59,0.0,0.0,2022-07-07,0.0,-0.2721994735263237,0.0,0,0.0,0.0,862632.59,862632.59,0.0,0,-0.13736741000000008
862632.59,0.0,0.0,2022-07-08,0.0,-0.2721994735263237,0.0,0,0.0,0.0,862632.59,862632.59,0.0,0,-0.13736741000000008
862632.59,0.0,0.0,2022-07-11,0.0,-0.2721994735263237,0.0,0,0.0,0.0,862632.59,862632.59,0.0,0,-0.13736741000000008
862632.59,0.0,0.0,2022-07-12,0.0,-0.2721994735263237,0.0,0,0.0,0.0,862632.59,862632.59,0.0,0,-0.13736741000000008
862632.59,0.0,0.0,2022-07-13,0.0,-0.2721994735263237,0.0,0,0.0,0.0,862632.59,862632.59,0.0,0,-0.13736741000000008
862632.59,0.0,0.0,2022-07-14,0.0,-0.2721994735263237,0.0,0,0.0,0.0,862632.59,862632.59,0.0,0,-0.13736741000000008
862632.59,0.0,0.0,2022-07-15,0.0,-0.2721994735263237,0.0,0,0.0,0.0,862632.59,862632.59,0.0,0,-0.13736741000000008
862632.59,0.0,0.0,2022-07-18,0.0,-0.2721994735263237,0.0,0,0.0,0.0,862632.59,862632.59,0.0,0,-0.13736741000000008
862632.59,0.0,0.0,2022-07-19,0.0,-0.2721994735263237,0.0,0,0.0,0.0,862632.59,862632.59,0.0,0,-0.13736741000000008
862632.59,0.0,0.0,2022-07-20,0.0,-0.2721994735263237,0.0,0,0.0,0.0,862632.59,862632.59,0.0,0,-0.13736741000000008
862632.59,0.0,0.0,2022-07-21,0.0,-0.2721994735263237,0.0,0,0.0,0.0,862632.59,862632.59,0.0,0,-0.13736741000000008
862632.59,0.0,0.0,2022-07-22,0.0,-0.2721994735263237,0.0,0,0.0,0.0,862632.59,862632.59,0.0,0,-0.13736741000000008
862632.59,0.0,0.0,2022-07-25,0.0,-0.2721994735263237,0.0,0,0.0,0.0,862632.59,862632.59,0.0,0,-0.13736741000000008
862632.59,0.0,0.0,2022-07-26,0.0,-0.2721994735263237,0.0,0,0.0,0.0,862632.59,862632.59,0.0,0,-0.13736741000000008
862632.59,0.0,0.0,2022-07-27,0.0,-0.2721994735263237,0.0,0,0.0,0.0,862632.59,862632.59,0.0,0,-0.13736741000000008
862632.59,0.0,0.0,2022-07-28,0.0,-0.2721994735263237,0.0,0,0.0,0.0,862632.59,862632.59,0.0,0,-0.13736741000000008
862632.59,0.0,0.0,2022-07-29,0.0,-0.2721994735263237,0.0,0,0.0,0.0,862632.59,862632.59,0.0,0,-0.13736741000000008
862632.59,0.0,0.0,2022-08-01,0.0,-0.2721994735263237,0.0,0,0.0,0.0,862632.59,862632.59,0.0,0,-0.13736741000000008
862632.59,0.0,0.0,2022-08-02,0.0,-0.2721994735263237,0.0,0,0.0,0.0,862632.59,862632.59,0.0,0,-0.13736741000000008
862632.59,0.0,0.0,2022-08-03,0.0,-0.2721994735263237,0.0,0,0.0,0.0,862632.59,862632.59,0.0,0,-0.13736741000000008
862632.59,0.0,0.0,2022-08-04,0.0,-0.2721994735263237,0.0,0,0.0,0.0,862632.59,862632.59,0.0,0,-0.13736741000000008
862632.59,0.0,0.0,2022-08-05,0.0,-0.2721994735263237,0.0,0,0.0,0.0,862632.59,862632.59,0.0,0,-0.13736741000000008
862632.59,0.0,0.0,2022-08-08,0.0,-0.2721994735263237,0.0,0,0.0,0.0,862632.59,862632.59,0.0,0,-0.13736741000000008
862632.59,0.0,0.0,2022-08-09,0.0,-0.2721994735263237,0.0,0,0.0,0.0,862632.59,862632.59,0.0,0,-0.13736741000000008
862632.59,0.0,0.0,2022-08-10,0.0,-0.2721994735263237,0.0,0,0.0,0.0,862632.59,862632.59,0.0,0,-0.13736741000000008
862632.59,0.0,0.0,2022-08-11,0.0,-0.2721994735263237,0.0,0,0.0,0.0,862632.59,862632.59,0.0,0,-0.13736741000000008
862632.59,0.0,0.0,2022-08-12,0.0,-0.2721994735263237,0.0,0,0.0,0.0,862632.59,862632.59,0.0,0,-0.13736741000000008
862632.59,0.0,0.0,2022-08-15,0.0,-0.2721994735263237,0.0,0,0.0,0.0,862632.59,862632.59,0.0,0,-0.13736741000000008
862632.59,0.0,0.0,2022-08-16,0.0,-0.2721994735263237,0.0,0,0.0,0.0,862632.59,862632.59,0.0,0,-0.13736741000000008
862632.59,0.0,0.0,2022-08-17,0.0,-0.2721994735263237,0.0,0,0.0,0.0,862632.59,862632.59,0.0,0,-0.13736741000000008
862632.59,0.0,0.0,2022-08-18,0.0,-0.2721994735263237,0.0,0,0.0,0.0,862632.59,862632.59,0.0,0,-0.13736741000000008
862632.59,0.0,0.0,2022-08-19,0.0,-0.2721994735263237,0.0,0,0.0,0.0,862632.59,862632.59,0.0,0,-0.13736741000000008
862632.59,0.0,0.0,2022-08-22,0.0,-0.2721994735263237,0.0,0,0.0,0.0,862632.59,862632.59,0.0,0,-0.13736741000000008
862632.59,0.0,0.0,2022-08-23,0.0,-0.2721994735263237,0.0,0,0.0,0.0,862632.59,862632.59,0.0,0,-0.13736741000000008
862632.59,0.0,0.0,2022-08-24,0.0,-0.2721994735263237,0.0,0,0.0,0.0,862632.59,862632.59,0.0,0,-0.13736741000000008
862632.59,0.0,0.0,2022-08-25,0.0,-0.2721994735263237,0.0,0,0.0,0.0,862632.59,862632.59,0.0,0,-0.13736741000000008
862632.59,0.0,0.0,2022-08-26,0.0,-0.2721994735263237,0.0,0,0.0,0.0,862632.59,862632.59,0.0,0,-0.13736741000000008
862632.59,0.0,0.0,2022-08-29,0.0,-0.2721994735263237,0.0,0,0.0,0.0,862632.59,862632.59,0.0,0,-0.13736741000000008
862632.59,0.0,0.0,2022-08-30,0.0,-0.2721994735263237,0.0,0,0.0,0.0,862632.59,862632.59,0.0,0,-0.13736741000000008
862632.59,0.0,0.0,2022-08-31,0.0,-0.2721994735263237,0.0,0,0.0,0.0,862632.59,862632.59,0.0,0,-0.13736741000000008
862632.59,0.0,0.0,2022-09-01,0.0,-0.2721994735263237,0.0,0,0.0,0.0,862632.59,862632.59,0.0,0,-0.13736741000000008
862632.59,0.0,0.0,2022-09-02,0.0,-0.2721994735263237,0.0,0,0.0,0.0,862632.59,862632.59,0.0,0,-0.13736741000000008
862632.59,0.0,0.0,2022-09-05,0.0,-0.2721994735263237,0.0,0,0.0,0.0,862632.59,862632.59,0.0,0,-0.13736741000000008
862632.59,0.0,0.0,2022-09-06,0.0,-0.2721994735263237,0.0,0,0.0,0.0,862632.59,862632.59,0.0,0,-0.13736741000000008
862632.59,0.0,0.0,2022-09-07,0.0,-0.2721994735263237,0.0,0,0.0,0.0,862632.59,862632.59,0.0,0,-0.13736741000000008
862632.59,0.0,0.0,2022-09-08,0.0,-0.2721994735263237,0.0,0,0.0,0.0,862632.59,862632.59,0.0,0,-0.13736741000000008
862632.59,0.0,0.0,2022-09-12,0.0,-0.2721994735263237,0.0,0,0.0,0.0,862632.59,862632.59,0.0,0,-0.13736741000000008
862632.59,0.0,0.0,2022-09-13,0.0,-0.2721994735263237,0.0,0,0.0,0.0,862632.59,862632.59,0.0,0,-0.13736741000000008
862632.59,0.0,0.0,2022-09-14,0.0,-0.2721994735263237,0.0,0,0.0,0.0,862632.59,862632.59,0.0,0,-0.13736741000000008
862632.59,0.0,0.0,2022-09-15,0.0,-0.2721994735263237,0.0,0,0.0,0.0,862632.59,862632.59,0.0,0,-0.13736741000000008
862632.59,0.0,0.0,2022-09-16,0.0,-0.2721994735263237,0.0,0,0.0,0.0,862632.59,862632.59,0.0,0,-0.13736741000000008
862632.59,0.0,0.0,2022-09-19,0.0,-0.2721994735263237,0.0,0,0.0,0.0,862632.59,862632.59,0.0,0,-0.13736741000000008
862632.59,0.0,0.0,2022-09-20,0.0,-0.2721994735263237,0.0,0,0.0,0.0,862632.59,862632.59,0.0,0,-0.13736741000000008
862632.59,0.0,0.0,2022-09-21,0.0,-0.2721994735263237,0.0,0,0.0,0.0,862632.59,862632.59,0.0,0,-0.13736741000000008
862632.59,0.0,0.0,2022-09-22,0.0,-0.2721994735263237,0.0,0,0.0,0.0,862632.59,862632.59,0.0,0,-0.13736741000000008
862632.59,0.0,0.0,2022-09-23,0.0,-0.2721994735263237,0.0,0,0.0,0.0,862632.59,862632.59,0.0,0,-0.13736741000000008
862632.59,0.0,0.0,2022-09-26,0.0,-0.2721994735263237,0.0,0,0.0,0.0,862632.59,862632.59,0.0,0,-0.13736741000000008
862632.59,0.0,0.0,2022-09-27,0.0,-0.2721994735263237,0.0,0,0.0,0.0,862632.59,862632.59,0.0,0,-0.13736741000000008
862632.59,0.0,0.0,2022-09-28,0.0,-0.2721994735263237,0.0,0,0.0,0.0,862632.59,862632.59,0.0,0,-0.13736741000000008
862632.59,0.0,0.0,2022-09-29,0.0,-0.2721994735263237,0.0,0,0.0,0.0,862632.59,862632.59,0.0,0,-0.13736741000000008
862632.59,0.0,0.0,2022-09-30,0.0,-0.2721994735263237,0.0,0,0.0,0.0,862632.59,862632.59,0.0,0,-0.13736741000000008
862632.59,0.0,0.0,2022-10-03,0.0,-0.2721994735263237,0.0,0,0.0,0.0,862632.59,862632.59,0.0,0,-0.13736741000000008
862632.59,0.0,0.0,2022-10-04,0.0,-0.2721994735263237,0.0,0,0.0,0.0,862632.59,862632.59,0.0,0,-0.13736741000000008
862632.59,0.0,0.0,2022-10-05,0.0,-0.2721994735263237,0.0,0,0.0,0.0,862632.59,862632.59,0.0,0,-0.13736741000000008
862632.59,0.0,0.0,2022-10-06,0.0,-0.2721994735263237,0.0,0,0.0,0.0,862632.59,862632.59,0.0,0,-0.13736741000000008
862632.59,0.0,0.0,2022-10-07,0.0,-0.2721994735263237,0.0,0,0.0,0.0,862632.59,862632.59,0.0,0,-0.13736741000000008
862632.59,0.0,0.0,2022-10-11,0.0,-0.2721994735263237,0.0,0,0.0,0.0,862632.59,862632.59,0.0,0,-0.13736741000000008
862632.59,0.0,0.0,2022-10-12,0.0,-0.2721994735263237,0.0,0,0.0,0.0,862632.59,862632.59,0.0,0,-0.13736741000000008
862632.59,0.0,0.0,2022-10-13,0.0,-0.2721994735263237,0.0,0,0.0,0.0,862632.59,862632.59,0.0,0,-0.13736741000000008
862632.59,0.0,0.0,2022-10-14,0.0,-0.2721994735263237,0.0,0,0.0,0.0,862632.59,862632.59,0.0,0,-0.13736741000000008
862632.59,0.0,0.0,2022-10-17,0.0,-0.2721994735263237,0.0,0,0.0,0.0,862632.59,862632.59,0.0,0,-0.13736741000000008
862632.59,0.0,0.0,2022-10-18,0.0,-0.2721994735263237,0.0,0,0.0,0.0,862632.59,862632.59,0.0,0,-0.13736741000000008
862632.59,0.0,0.0,2022-10-19,0.0,-0.2721994735263237,0.0,0,0.0,0.0,862632.59,862632.59,0.0,0,-0.13736741000000008
862632.59,0.0,0.0,2022-10-20,0.0,-0.2721994735263237,0.0,0,0.0,0.0,862632.59,862632.59,0.0,0,-0.13736741000000008
862632.59,0.0,0.0,2022-10-21,0.0,-0.2721994735263237,0.0,0,0.0,0.0,862632.59,862632.59,0.0,0,-0.13736741000000008
862632.59,0.0,0.0,2022-10-24,0.0,-0.2721994735263237,0.0,0,0.0,0.0,862632.59,862632.59,0.0,0,-0.13736741000000008
862632.59,0.0,0.0,2022-10-25,0.0,-0.2721994735263237,0.0,0,0.0,0.0,862632.59,862632.59,0.0,0,-0.13736741000000008
862632.59,0.0,0.0,2022-10-26,0.0,-0.2721994735263237,0.0,0,0.0,0.0,862632.59,862632.59,0.0,0,-0.13736741000000008
862632.59,0.0,0.0,2022-10-27,0.0,-0.2721994735263237,0.0,0,0.0,0.0,862632.59,862632.59,0.0,0,-0.13736741000000008
862632.59,0.0,0.0,2022-10-28,0.0,-0.2721994735263237,0.0,0,0.0,0.0,862632.59,862632.59,0.0,0,-0.13736741000000008
862632.59,0.0,0.0,2022-10-31,0.0,-0.2721994735263237,0.0,0,0.0,0.0,862632.59,862632.59,0.0,0,-0.13736741000000008
862632.59,0.0,0.0,2022-11-01,0.0,-0.2721994735263237,0.0,0,0.0,0.0,862632.59,862632.59,0.0,0,-0.13736741000000008
862632.59,0.0,0.0,2022-11-02,0.0,-0.2721994735263237,0.0,0,0.0,0.0,862632.59,862632.59,0.0,0,-0.13736741000000008
862632.59,0.0,0.0,2022-11-03,0.0,-0.2721994735263237,0.0,0,0.0,0.0,862632.59,862632.59,0.0,0,-0.13736741000000008
862632.59,0.0,0.0,2022-11-04,0.0,-0.2721994735263237,0.0,0,0.0,0.0,862632.59,862632.59,0.0,0,-0.13736741000000008
862632.59,0.0,0.0,2022-11-07,0.0,-0.2721994735263237,0.0,0,0.0,0.0,862632.59,862632.59,0.0,0,-0.13736741000000008
862632.59,0.0,0.0,2022-11-08,0.0,-0.2721994735263237,0.0,0,0.0,0.0,862632.59,862632.59,0.0,0,-0.13736741000000008
862632.59,0.0,0.0,2022-11-09,0.0,-0.2721994735263237,0.0,0,0.0,0.0,862632.59,862632.59,0.0,0,-0.13736741000000008
862632.59,0.0,0.0,2022-11-10,0.0,-0.2721994735263237,0.0,0,0.0,0.0,862632.59,862632.59,0.0,0,-0.13736741000000008
862632.59,0.0,0.0,2022-11-11,0.0,-0.2721994735263237,0.0,0,0.0,0.0,862632.59,862632.59,0.0,0,-0.13736741000000008
862632.59,0.0,0.0,2022-11-14,0.0,-0.2721994735263237,0.0,0,0.0,0.0,862632.59,862632.59,0.0,0,-0.13736741000000008
862632.59,0.0,0.0,2022-11-15,0.0,-0.2721994735263237,0.0,0,0.0,0.0,862632.59,862632.59,0.0,0,-0.13736741000000008
594702.76,1589.0,-0.003114628442219991,2022-11-16,0.0,-0.27446630174634135,-1097.7750000000258,1,0.0,265243.05,859945.81,862632.59,0.0,0,-0.14005418999999997
594702.76,0.0,0.0021444374500760865,2022-11-17,0.0,-0.272910440112514,0.0,1,1844.100000000035,267087.15,861789.91,859945.81,0.0,0,-0.13821008999999995
594702.76,0.0,-0.004279697356865175,2022-11-18,0.0,-0.2760221633801687,0.0,1,-3688.2000000000116,263398.95,858101.71,861789.91,0.0,0,-0.14189828999999998
325590.76,1591.0,-0.001842963347549964,2022-11-21,0.0,-0.2773564279974976,7078.6,2,-7069.049999999988,530929.5,856520.26,858101.71,0.0,0,-0.14347973999999997
66841.76,1543.0,-0.011079072431982029,2022-11-22,0.0,-0.28536264847421955,-10692.399999999994,3,2745.9499999999534,780189.0499999999,847030.8099999999,856520.26,0.0,0,-0.1529691900000001
66841.76,0.0,-0.0020924268386411926,2022-11-23,0.0,-0.28685797484844755,0.0,3,-1772.3499999999767,778416.7,845258.46,847030.8099999999,0.0,0,-0.15474154000000007
66841.76,0.0,0.005079629726509882,2022-11-24,0.0,-0.28323547741826427,0.0,3,4293.599999999977,782710.2999999999,849552.0599999999,845258.46,0.0,0,-0.15044794000000006
66841.76,0.0,0.013261576930317931,2022-11-25,0.0,-0.273730049561124,0.0,3,11266.400000000023,793976.7,860818.46,849552.0599999999,0.0,0,-0.13918154000000005
66841.76,0.0,0.0053485725666246875,2022-11-28,0.0,-0.26984554202824285,0.0,3,4604.150000000023,798580.85,865422.61,860818.46,0.0,0,-0.13457739000000002
66841.76,0.0,0.0016371192335731255,2022-11-29,0.0,-0.2686501921216181,0.0,3,1416.8000000000466,799997.65,866839.41,865422.61,0.0,0,-0.1331605899999999
66841.76,0.0,0.01914478023097721,2022-11-30,0.0,-0.2546486607778191,0.0,3,16595.449999999953,816593.1,883434.86,866839.41,0.0,0,-0.11656514000000007
66841.76,0.0,0.022881879485715517,2022-12-01,0.0,-0.23759362125922034,0.0,3,20214.650000000023,836807.75,903649.51,883434.86,0.0,0,-0.09635048999999996
66841.76,0.0,0.043038478491511656,2022-12-02,0.0,-0.2047808107259942,0.0,3,38891.69999999995,875699.45,942541.21,903649.51,0.0,0,-0.05745878999999998
66841.76,0.0,-0.006836305862955361,2022-12-05,0.0,-0.21021717233196258,0.0,3,-6443.5,869255.95,936097.71,942541.21,0.0,0,-0.06390229000000003
66841.76,0.0,-0.0114831495528388,2022-12-06,0.0,-0.2192863666563386,0.0,3,-10749.349999999977,858506.6,925348.36,936097.71,0.0,0,-0.07465164000000002
66841.76,0.0,-0.01891125629703394,2022-12-07,0.0,-0.23405064227108918,0.0,3,-17499.5,841007.1,907848.86,925348.36,0.0,0,-0.09215114000000002
66841.76,0.0,0.022866856934754543,2022-12-08,0.0,-0.21653578788863503,0.0,3,20759.650000000023,861766.75,928608.51,907848.86,0.0,0,-0.07139149
66841.76,0.0,0.008346897445512313,2022-12-09,0.0,-0.2099962924579124,0.0,3,7751.0,869517.75,936359.51,928608.51,0.0,0,-0.06364048999999994
66841.76,0.0,-0.036305820186522175,2022-12-12,0.0,-0.2386780250106213,0.0,3,-33995.30000000005,835522.45,902364.21,936359.51,0.0,0,-0.09763579
66841.76,0.0,-0.012602671819175959,2022-12-13,0.0,-0.24827271601013923,0.0,3,-11372.199999999953,824150.25,890992.01,902364.21,0.0,0,-0.10900798999999994
66841.76,0.0,0.020159945093110254,2022-12-14,0.0,-0.23311793523991076,0.0,3,17962.349999999977,842112.6,908954.36,890992.01,0.0,0,-0.09104564000000004
66841.76,0.0,0.022925353479793964,2022-12-15,0.0,-0.2155368928279714,0.0,3,20838.099999999977,862950.7,929792.46,908954.36,0.0,0,-0.07020754000000007
66841.76,0.0,-0.02607372187122281,2022-12-16,0.0,-0.23599076570261013,0.0,3,-24243.150000000023,838707.5499999999,905549.3099999999,929792.46,0.0,0,-0.09445069000000006
66841.76,0.0,-0.008872791256392176,2022-12-19,0.0,-0.24276966015648693,0.0,3,-8034.75,830672.7999999999,897514.5599999999,905549.3099999999,0.0,0,-0.10248544000000004
278250.26,1923.0,-0.01457079426098662,2022-12-20,0.0,-0.2538031076465237,4410.5000000000055,3,-15564.999999999884,606186.8,884437.06,897514.5599999999,0.0,0,-0.11556293999999989
279207.86,27.0,0.02142600175528586,2022-12-21,0.0,-0.2378150917211691,1.8000000000000256,2,18975.150000000023,624179.15,903387.01,884437.06,0.0,0,-0.09661299000000001
279207.86,0.0,0.003875802907548964,2022-12-22,0.0,-0.23486101323757214,0.0,2,3501.3499999999767,627680.5,906888.36,903387.01,0.0,0,-0.09311164000000005
279207.86,0.0,-0.03631384132000548,2022-12-23,0.0,-0.26264614899061267,0.0,2,-32932.59999999998,594747.9,873955.76,906888.36,0.0,0,-0.12604424000000003
279207.86,0.0,-0.0063070698223900434,2022-12-26,0.0,-0.267296691212737,0.0,2,-5512.099999999977,589235.8,868443.66,873955.76,0.0,0,-0.13155633999999994
279207.86,0.0,0.008639190249831508,2022-12-27,0.0,-0.26096672793144293,0.0,2,7502.649999999907,596738.45,875946.3099999999,868443.66,0.0,0,-0.1240536900000001
279207.86,0.0,-0.014248418947047092,2022-12-28,0.0,-0.2714967836076827,0.0,2,-12480.849999999977,584257.6,863465.46,875946.3099999999,0.0,0,-0.13653453999999998
279207.86,0.0,0.0029060803428084814,2022-12-29,0.0,-0.2693796947308523,0.0,2,2509.3000000000466,586766.9,865974.76,863465.46,0.0,0,-0.13402524000000005
279207.86,0.0,-0.0007098359310149238,2022-12-30,0.0,-0.2698983152754615,0.0,2,-614.7000000000698,586152.2,865360.0599999999,865974.76,0.0,0,-0.13463994
279207.86,0.0,-0.0013156373313554237,2023-01-03,0.0,-0.27085886430757056,0.0,2,-1138.5,585013.7,864221.5599999999,865360.0599999999,0.0,0,-0.13577844000000006
279207.86,0.0,-0.01829530843919236,2023-01-04,0.0,-0.2841987262807666,0.0,2,-15811.199999999953,569202.5,848410.36,864221.5599999999,0.0,0,-0.15158963999999997
279207.86,0.0,0.009145927921012209,2023-01-05,0.0,-0.2776520594255618,0.0,2,7759.5,576962.0,856169.86,848410.36,0.0,0,-0.14383014000000005
279207.86,0.0,-0.018185059679629467,2023-01-06,0.0,-0.2907879998343653,0.0,2,-15569.5,561392.5,840600.36,856169.86,0.0,0,-0.15939964000000006
279207.86,0.0,0.01763442023745987,2023-01-09,0.0,-0.2782814573859952,0.0,2,14823.5,576216.0,855423.86,840600.36,0.0,0,-0.14457613999999996
25571.86,1511.0,-0.004639571311466639,2023-01-10,0.0,-0.2816299220312606,1210.1999999999884,3,-3668.0,825883.2,851455.0599999999,855423.86,0.0,0,-0.14854494000000007
25571.86,0.0,0.03509668496185836,2023-01-11,0.0,-0.2564175137187662,0.0,3,29883.250000000116,855766.4500000001,881338.31,851455.0599999999,0.0,0,-0.11866168999999993
25571.86,0.0,0.017367564562125848,2023-01-12,0.0,-0.2435032968810107,0.0,3,15306.699999999953,871073.15,896645.01,881338.31,0.0,0,-0.10335499000000004
25571.86,0.0,-0.017941269756243994,2023-01-13,0.0,-0.2570758083013778,0.0,3,-16086.95000000007,854986.2,880558.0599999999,896645.01,0.0,0,-0.11944194000000008
25571.86,0.0,-0.002333065919582711,2023-01-16,0.0,-0.2588090994138633,0.0,3,-2054.399999999907,852931.8,878503.66,880558.0599999999,0.0,0,-0.12149633999999998
25571.86,0.0,0.007375723397669232,2023-01-17,0.0,-0.2533422803462707,0.0,3,6479.599999999977,859411.4,884983.26,878503.66,0.0,0,-0.11501673999999995
25571.86,0.0,0.018060680605416213,2023-01-30,0.0,-0.23985713375003637,0.0,3,15983.400000000023,875394.8,900966.66,884983.26,0.0,0,-0.09903333999999997
25571.86,0.0,-0.01773439652028863,2023-01-31,0.0,-0.2533378087521819,0.0,3,-15978.100000000093,859416.7,884988.5599999999,900966.66,0.0,0,-0.11501144000000008
25571.86,0.0,0.007014327959222522,2023-02-01,0.0,-0.24810047526801793,0.0,3,6207.600000000093,865624.3,891196.16,884988.5599999999,0.0,0,-0.10880383999999999
25571.86,0.0,0.0038559412105185764,2023-02-02,0.0,-0.2452011949044346,0.0,3,3436.399999999907,869060.7,894632.5599999999,891196.16,0.0,0,-0.10536744000000009
25571.86,0.0,0.020873597535953747,2023-02-03,0.0,-0.22944582842625105,0.0,3,18674.199999999953,887734.8999999999,913306.7599999999,894632.5599999999,0.0,0,-0.08669324000000012
25571.86,0.0,-0.02181621868209971,2023-02-06,0.0,-0.24625640673970806,0.0,3,-19924.899999999907,867810.0,893381.86,913306.7599999999,0.0,0,-0.10661814000000003
25571.86,0.0,0.01963773923056822,2023-02-07,0.0,-0.231454586608551,0.0,3,17544.0,885354.0,910925.86,893381.86,0.0,0,-0.08907414000000002
25571.86,0.0,0.00986787223276342,2023-02-08,0.0,-0.2238706786641278,0.0,3,8988.90000000014,894342.9000000001,919914.7600000001,910925.86,0.0,0,-0.08008523999999984
25571.86,0.0,0.014001514662075776,2023-02-09,0.0,-0.21300369259177676,0.0,3,12880.199999999837,907223.1,932794.96,919914.7600000001,0.0,0,-0.06720504000000005
25571.86,0.0,-0.008578626968567593,2023-02-10,0.0,-0.2197550403386721,0.0,3,-8002.099999999977,899221.0,924792.86,932794.96,0.0,0,-0.07520714000000006
25571.86,0.0,0.008458218416608654,2023-02-13,0.0,-0.21315555805139863,0.0,3,7822.100000000093,907043.1000000001,932614.9600000001,924792.86,0.0,0,-0.0673850399999999
25571.86,0.0,-0.005888496577408531,2023-02-14,0.0,-0.21778888885476588,0.0,3,-5491.699999999953,901551.4000000001,927123.2600000001,932614.9600000001,0.0,0,-0.07287673999999988
25571.86,0.0,0.006628999902343002,2023-02-15,0.0,-0.21260361147537254,0.0,3,6145.899999999907,907697.3,933269.16,927123.2600000001,0.0,0,-0.06673083999999996
25571.86,0.0,5.411086336559734e-05,2023-02-16,0.0,-0.2125610047769786,0.0,3,50.5,907747.8,933319.66,933269.16,0.0,0,-0.06668034
25571.86,0.0,0.022180182082524702,2023-02-17,0.0,-0.19509546448405168,0.0,3,20701.199999999953,928449.0,954020.86,933319.66,0.0,0,-0.04597914000000003
25571.86,0.0,0.009609695536426877,2023-02-20,0.0,-0.18736057696185437,0.0,3,9167.850000000093,937616.8500000001,963188.7100000001,954020.86,0.0,0,-0.03681128999999994
25571.86,0.0,0.0065015816059554865,2023-02-21,0.0,-0.1820771354367553,0.0,3,6262.25,943879.1000000001,969450.9600000001,963188.7100000001,0.0,0,-0.030549039999999916
25571.86,0.0,-0.012307791205859453,2023-02-22,0.0,-0.19214395927629824,0.0,3,-11931.800000000047,931947.3,957519.16,969450.9600000001,0.0,0,-0.042480839999999964
25571.86,0.0,0.04252833958957014,2023-02-23,0.0,-0.15778718323691499,0.0,3,40721.69999999995,972669.0,998240.86,957519.16,0.0,0,-0.0017591399999999924
396279.16,3345.0,0.005563286599989281,2023-02-24,0.0,-0.15310171195907762,-914.6999999999916,2,9813.199999999953,607515.2,1003794.3599999999,998240.86,0.0,0,0.0037943599999998856
107140.76,1703.0,0.0068456750444385595,2023-03-01,0.0,-0.14730412148345817,-745.7500000000085,3,9320.40000000014,903525.25,1010666.01,1003794.3599999999,0.0,0,0.010666010000000004
107140.76,0.0,0.011795637611281773,2023-03-02,0.0,-0.1372460299078434,0.0,3,11921.450000000186,915446.7000000002,1022587.4600000002,1010666.01,0.0,0,0.022587460000000226
480223.76,3359.0,0.005249282051629889,2023-03-03,0.0,-0.1327171909776662,-7810.0,2,16536.84999999986,547731.55,1027955.31,1022587.4600000002,0.0,0,0.027955310000000066
480223.76,0.0,0.004771705493694878,2023-03-06,0.0,-0.12857877283326713,0.0,2,4905.09999999986,552636.6499999999,1032860.4099999999,1027955.31,0.0,0,0.03286040999999984
163688.61,1880.0,0.03166400772394806,2023-03-07,0.0,-0.10098608436544732,4334.850000000013,3,30249.65000000014,901876.3,1065564.9100000001,1032860.4099999999,0.0,0,0.0655649100000002
163688.61,0.0,0.035496382852922226,2023-03-08,0.0,-0.06907434222597841,0.0,3,37823.69999999995,939700.0,1103388.6099999999,1065564.9100000001,0.0,0,0.10338860999999988
163688.61,0.0,0.00046203123303967253,2023-03-09,0.0,-0.06864422549644877,0.0,3,509.80000000004657,940209.8,1103898.4100000001,1103388.6099999999,0.0,0,0.10389841000000022
163688.61,0.0,-0.016539656035921002,2023-03-10,0.0,-0.08404852965380638,0.0,3,-18258.100000000093,921951.7,1085640.31,1103898.4100000001,0.0,0,0.08564031000000005
163688.61,0.0,0.0025185137055196982,2023-03-13,0.0,-0.08174169332214853,0.0,3,2734.1999999999534,924685.8999999999,1088374.5099999998,1085640.31,0.0,0,0.08837450999999974
163688.61,0.0,0.0016231085750071372,2023-03-14,0.0,-0.08025126039050812,0.0,3,1766.5500000000466,926452.45,1090141.06,1088374.5099999998,0.0,0,0.0901410600000001
163688.61,0.0,0.011496356260537466,2023-03-15,0.0,-0.06967750120977712,0.0,3,12532.65000000014,938985.1000000001,1102673.71,1090141.06,0.0,0,0.10267370999999992
163688.61,0.0,-0.027009395190894514,2023-03-16,0.0,-0.09480494923458271,0.0,3,-29782.550000000047,909202.55,1072891.1600000001,1102673.71,0.0,0,0.07289116000000018
163688.61,0.0,0.027183139434199255,2023-03-17,0.0,-0.07019890595447931,0.0,3,29164.549999999814,938367.0999999999,1102055.71,1072891.1600000001,0.0,0,0.10205570999999991
163688.61,0.0,0.0007838986651591551,2023-03-20,0.0,-0.06947003611799352,0.0,3,863.9000000001397,939231.0,1102919.6099999999,1102055.71,0.0,0,0.10291960999999983
163688.61,0.0,0.011610365691113289,2023-03-21,0.0,-0.05866624295078504,0.0,3,12805.29999999993,952036.2999999999,1115724.91,1102919.6099999999,0.0,0,0.11572490999999996
163688.61,0.0,-0.003555177413758659,2023-03-22,0.0,-0.062012851462654894,0.0,3,-3966.5999999999767,948069.7,1111758.31,1115724.91,0.0,0,0.11175831000000014
163688.61,0.0,0.008094565085823291,2023-03-23,0.0,-0.054420253439153576,0.0,3,8999.20000000007,957068.9,1120757.51,1111758.31,0.0,0,0.12075751000000001
163688.61,0.0,0.0008126646414352567,2023-03-24,0.0,-0.05365181421346621,0.0,3,910.8000000000466,957979.7000000001,1121668.31,1120757.51,0.0,0,0.12166831
163688.61,0.0,0.024741182177108856,2023-03-27,0.0,-0.030238041345944988,0.0,3,27751.399999999907,985731.1,1149419.71,1121668.31,0.0,0,0.14941970999999987
163688.61,0.0,-0.020393159953730033,2023-03-28,0.0,-0.05001455208581973,0.0,3,-23440.300000000047,962290.7999999999,1125979.41,1149419.71,0.0,0,0.12597941000000001
163688.61,0.0,-0.003507346550857382,2023-03-29,0.0,-0.05334648026992628,0.0,3,-3949.1999999999534,958341.6,1122030.21,1125979.41,0.0,0,0.12203020999999992
163688.61,0.0,0.003429675926461817,2023-03-30,0.0,-0.05009976548260764,0.0,3,3848.1999999999534,962189.7999999999,1125878.41,1122030.21,0.0,0,0.12587840999999989
163688.61,0.0,-0.003295116033000367,2023-03-31,0.0,-0.05322979697511665,0.0,3,-3709.899999999907,958479.9,1122168.51,1125878.41,0.0,0,0.12216851000000006
163688.61,0.0,0.01917403652683136,2023-04-06,0.0,-0.03507639051980194,0.0,3,21516.5,979996.4,1143685.01,1122168.51,0.0,0,0.14368501
163688.61,0.0,-0.007083768633113441,2023-04-07,0.0,-0.041911686117988456,0.0,3,-8101.600000000093,971894.7999999999,1135583.41,1143685.01,0.0,0,0.13558340999999996
163688.61,0.0,0.018546766194831976,2023-04-10,0.0,-0.024142246166417913,0.0,3,21061.40000000014,992956.2000000001,1156644.81,1135583.41,0.0,0,0.15664480999999997
163688.61,0.0,0.007261693414765791,2023-04-11,0.0,-0.017055866341656456,0.0,3,8399.199999999953,1001355.4,1165044.01,1156644.81,0.0,0,0.1650440099999999
163688.61,0.0,0.044584753497852736,2023-04-12,0.0,0.0,0.0,3,51943.20000000007,1053298.6,1216987.21,1165044.01,0.0,0,0.21698720999999987
163688.61,0.0,0.033983512447924635,2023-04-13,0.0,0.0,0.0,3,41357.5,1094656.1,1258344.71,1216987.21,0.0,0,0.25834471000000003
163688.61,0.0,0.0012842267998249834,2023-04-14,0.0,0.0,0.0,3,1616.0,1096272.1,1259960.71,1258344.71,0.0,0,0.2599607099999999
163688.61,0.0,0.05517545066940999,2023-04-17,0.0,0.0,0.0,3,69518.8999999999,1165791.0,1329479.6099999999,1259960.71,0.0,0,0.3294796099999999
163688.61,0.0,0.02239011397850632,2023-04-18,0.0,0.0,0.0,3,29767.199999999953,1195558.2,1359246.81,1329479.6099999999,0.0,0,0.35924681000000014
163688.61,0.0,0.004251325040814047,2023-04-19,0.0,0.0,0.0,3,5778.59999999986,1201336.7999999998,1365025.4099999997,1359246.81,0.0,0,0.36502540999999966
163688.61,0.0,-0.04020525888964932,2023-04-20,0.0,-0.04020525888964932,0.0,3,-54881.19999999972,1146455.6,1310144.21,1365025.4099999997,0.0,0,0.31014421000000003
163688.61,0.0,-0.02578441345781335,2023-04-21,0.0,-0.06495300332907361,0.0,3,-33781.30000000028,1112674.2999999998,1276362.9099999997,1310144.21,0.0,0,0.2763629099999996
163688.61,0.0,0.020110972983381714,2023-04-24,0.0,-0.04614829844083246,0.0,3,25668.90000000014,1138343.2,1302031.81,1276362.9099999997,0.0,0,0.3020318100000001
163688.61,0.0,0.02796467776006173,2023-04-25,0.0,-0.01947414297584371,0.0,3,36410.90000000014,1174754.1,1338442.71,1302031.81,0.0,0,0.33844271000000004
437931.61,2486.0,-0.017296967458547363,2023-04-26,0.0,-0.03643426681705486,-1617.0000000000227,2,-19048.0,877360.1,1315291.71,1338442.71,0.0,0,0.3152917099999999
437931.61,0.0,0.05031530229898573,2023-04-27,0.0,0.0,0.0,2,66179.29999999993,943539.3999999999,1381471.0099999998,1315291.71,0.0,0,0.38147100999999983
437931.61,0.0,0.020086125441025393,2023-04-28,0.0,0.0,0.0,2,27748.399999999907,971287.7999999998,1409219.4099999997,1381471.0099999998,0.0,0,0.40921940999999973
437931.61,0.0,-0.00255155440982735,2023-05-02,0.0,-0.00255155440982735,0.0,2,-3595.6999999997206,967692.1000000001,1405623.71,1409219.4099999997,0.0,0,0.40562370999999997
34050.31,2385.0,0.004459906271786052,2023-05-03,0.0,0.0,-8460.65000000001,3,17114.59999999986,1377842.35,1411892.6600000001,1405623.71,0.0,0,0.41189266000000013
34050.31,0.0,0.001389163677640859,2023-05-04,0.0,0.0,0.0,3,1961.3499999998603,1379803.7,1413854.01,1411892.6600000001,0.0,0,0.4138540100000001
34050.31,0.0,-0.028050597670971622,2023-05-05,0.0,-0.028050597670971622,0.0,3,-39659.44999999995,1340144.25,1374194.56,1413854.01,0.0,0,0.37419456000000006
34050.31,0.0,-0.009676359073929053,2023-05-08,0.0,-0.03745552908959804,0.0,3,-13297.199999999953,1326847.05,1360897.36,1374194.56,0.0,0,0.36089736000000006
34050.31,0.0,-0.020088399613031993,2023-05-09,0.0,-0.056791507066560665,0.0,3,-27338.250000000233,1299508.7999999998,1333559.1099999999,1360897.36,0.0,0,0.33355910999999994
34050.31,0.0,-0.006049338150447614,2023-05-10,0.0,-0.062497294186689034,0.0,3,-8067.149999999907,1291441.65,1325491.96,1333559.1099999999,0.0,0,0.3254919599999999
34050.31,0.0,-0.04821104309074786,2023-05-11,0.0,-0.10769527753434738,0.0,3,-63903.34999999986,1227538.3,1261588.61,1325491.96,0.0,0,0.26158861
34050.31,0.0,0.006450557602925677,2023-05-12,0.0,-0.10193941452272004,0.0,3,8137.949999999953,1235676.25,1269726.56,1261588.61,0.0,0,0.26972656000000006
34050.31,0.0,-0.01474770284398852,2023-05-15,0.0,-0.11518374517323737,0.0,3,-18725.549999999814,1216950.7000000002,1251001.0100000002,1269726.56,0.0,0,0.2510010100000002
34050.31,0.0,-0.0004523977162897985,2023-05-16,0.0,-0.11558403402625705,0.0,3,-565.9500000001863,1216384.75,1250435.06,1251001.0100000002,0.0,0,0.25043506000000004
34050.31,0.0,0.045828449499808466,2023-05-17,0.0,-0.07505262159280501,0.0,3,57305.5,1273690.25,1307740.56,1250435.06,0.0,0,0.30774056000000005
34050.31,0.0,0.023303284253873624,2023-05-18,0.0,-0.053498309913906916,0.0,3,30474.649999999907,1304164.9,1338215.21,1307740.56,0.0,0,0.33821521
34050.31,0.0,-0.03309516262335688,2023-05-19,0.0,-0.08482293727058832,0.0,3,-44288.44999999972,1259876.4500000002,1293926.7600000002,1338215.21,0.0,0,0.2939267600000002
34050.31,0.0,0.013405820589103445,2023-05-22,0.0,-0.07255423776037517,0.0,3,17346.149999999907,1277222.6,1311272.9100000001,1293926.7600000002,0.0,0,0.31127291000000024
34050.31,0.0,0.03600451869321386,2023-05-23,0.0,-0.0391619994768766,0.0,3,47211.75,1324434.35,1358484.6600000001,1311272.9100000001,0.0,0,0.35848466000000023
34050.31,0.0,0.011138697731043923,2023-05-24,0.0,-0.02845951542054892,0.0,3,15131.75,1339566.1,1373616.4100000001,1358484.6600000001,0.0,0,0.3736164100000001
34050.31,0.0,-0.028260800990285162,2023-05-25,0.0,-0.05591602770925397,0.0,3,-38819.5,1300746.6,1334796.9100000001,1373616.4100000001,0.0,0,0.3347969100000001
34050.31,0.0,-0.02635659382819533,2023-05-26,0.0,-0.0807988655066304,0.0,3,-35180.700000000186,1265565.9,1299616.21,1334796.9100000001,0.0,0,0.29961620999999994
34050.31,0.0,0.03708137035317538,2023-05-29,0.0,-0.046713627809422786,0.0,3,48191.55000000005,1313757.45,1347807.76,1299616.21,0.0,0,0.34780776
34050.31,0.0,-0.01829923430623359,2023-05-30,0.0,-0.06415803849507762,0.0,3,-24663.84999999986,1289093.6,1323143.9100000001,1347807.76,0.0,0,0.3231439100000002
34050.31,0.0,0.018595180625514907,2023-05-31,0.0,-0.04675588818395737,0.0,3,24604.100000000093,1313697.7000000002,1347748.0100000002,1323143.9100000001,0.0,0,0.34774801000000033
34050.31,0.0,0.040489430958239536,2023-06-01,0.0,-0.008159576532233315,0.0,3,54569.549999999814,1368267.25,1402317.56,1347748.0100000002,0.0,0,0.40231755999999996
400815.71,3302.0,-0.005587892659634108,2023-06-02,0.0,-0.01370187435405723,4884.200000000001,3,-9418.199999999953,993665.85,1394481.56,1402317.56,0.0,0,0.39448156
408563.96,79.0,0.012332217573389759,2023-06-05,0.0,-0.001538631276364888,111.3500000000002,2,17164.70000000007,1003114.65,1411678.61,1394481.56,0.0,0,0.41167861000000006
43514.96,2151.0,-0.004535734943239111,2023-06-06,0.0,-0.006067387395959023,2586.0,3,-6838.000000000116,1361760.65,1405275.6099999999,1411678.61,0.0,0,0.4052756099999999
43514.96,0.0,0.009025596053716667,2023-06-07,0.0,0.0,0.0,3,12683.450000000186,1374444.1,1417959.06,1405275.6099999999,0.0,0,0.41795906000000005
604901.16,5066.0,-0.013388433090585794,2023-06-08,0.0,-0.013388433090585794,5029.799999999974,2,-18948.050000000047,794073.65,1398974.81,1417959.06,0.0,0,0.3989748100000001
213044.16,2309.0,0.007999572201017546,2023-06-09,0.0,-0.005495962626734796,-8613.0,3,22113.199999999953,1197121.85,1410166.01,1398974.81,0.0,0,0.41016600999999997
213044.16,0.0,-0.009249159253242878,2023-06-12,0.0,-0.014694288846393122,0.0,3,-13042.850000000093,1184079.0,1397123.16,1410166.01,0.0,0,0.3971231599999998
213044.16,0.0,0.018492285247064366,2023-06-13,0.0,0.0,0.0,3,25836.0,1209915.0,1422959.16,1397123.16,0.0,0,0.42295916
213044.16,0.0,-0.010548475614718278,2023-06-14,0.0,-0.010548475614718278,0.0,3,-15010.050000000047,1194904.95,1407949.1099999999,1422959.16,0.0,0,0.4079491099999999
213044.16,0.0,0.015565264287144664,2023-06-15,0.0,0.0,0.0,3,21915.100000000093,1216820.05,1429864.21,1407949.1099999999,0.0,0,0.42986420999999986
213044.16,0.0,-0.0007222014459681292,2023-06-16,0.0,-0.0007222014459681292,0.0,3,-1032.6500000001397,1215787.4,1428831.5599999998,1429864.21,0.0,0,0.4288315599999999
213044.16,0.0,0.005052065059369282,2023-06-19,0.0,0.0,0.0,3,7218.550000000047,1223005.95,1436050.1099999999,1428831.5599999998,0.0,0,0.4360501099999998
213044.16,0.0,-0.005666724262149869,2023-06-20,19452.0,-0.005666724262149869,0.0,3,-27589.699999999953,1195416.25,1427912.41,1436050.1099999999,19452.0,0,0.42791241
213044.16,0.0,0.018661718893527857,2023-06-21,0.0,0.0,0.0,3,26647.300000000047,1222063.55,1454559.71,1427912.41,19452.0,0,0.45455971000000006
213044.16,0.0,-0.005635622892373293,2023-06-26,7341.6,-0.005635622892373293,0.0,3,-15538.94999999986,1206524.6,1446362.36,1454559.71,26793.6,0,0.4463623600000002
213044.16,0.0,-0.03910479252239407,2023-06-27,0.0,-0.04452003555082662,0.0,3,-56559.700000000186,1149964.9,1389802.66,1446362.36,26793.6,0,0.38980265999999997
213044.16,0.0,0.00417149151232743,2023-06-28,0.0,-0.04053425898892804,0.0,3,5797.550000000047,1155762.45,1395600.21,1389802.66,26793.6,0,0.39560021
213044.16,0.0,0.025273319498855695,2023-06-29,0.0,-0.016285374768148952,0.0,3,35271.44999999995,1191033.9,1430871.66,1395600.21,26793.6,0,0.43087166
213044.16,0.0,-0.014962522914179432,2023-06-30,0.0,-0.03100422738919395,0.0,3,-21409.449999999953,1169624.45,1409462.21,1430871.66,26793.6,0,0.40946221000000005
213044.16,0.0,0.029966110265560175,2023-07-03,0.0,-0.0019671932202768305,0.0,3,42236.10000000009,1211860.55,1451698.31,1409462.21,26793.6,0,0.45169831000000005
213044.16,0.0,-0.004055801373771706,2023-07-04,0.0,-0.006015016049083277,0.0,3,-5887.800000000047,1205972.75,1445810.51,1451698.31,26793.6,0,0.44581051000000005
213044.16,0.0,-0.011955093617351031,2023-07-05,0.0,-0.017898199586457664,0.0,3,-17284.800000000047,1188687.95,1428525.71,1445810.51,26793.6,0,0.42852570999999995
213044.16,0.0,0.00803471713505255,2023-07-06,0.0,-0.010007289422309107,0.0,3,11477.800000000047,1200165.75,1440003.51,1428525.71,26793.6,0,0.44000350999999993
213044.16,0.0,-0.010446328703740404,2023-07-07,0.0,-0.02034907869131064,0.0,3,-15042.75,1185123.0,1424960.76,1440003.51,26793.6,0,0.42496076000000005
213044.16,0.0,0.006384210888726427,2023-07-10,0.0,-0.014094780612340707,0.0,3,9097.25,1194220.25,1434058.01,1424960.76,26793.6,0,0.43405801
213044.16,0.0,0.012345455955439455,2023-07-11,0.0,-0.0019233311501525296,0.0,3,17704.100000000093,1211924.35,1451762.11,1434058.01,26793.6,0,0.45176211
213044.16,0.0,-0.007764357481405804,2023-07-12,0.0,-0.009672755200953453,0.0,3,-11272.0,1200652.35,1440490.11,1451762.11,26793.6,0,0.44049011000000005
213044.16,0.0,-0.02129271821241463,2023-07-13,0.0,-0.030759514162536528,0.0,3,-30671.950000000186,1169980.4,1409818.16,1440490.11,26793.6,0,0.40981815999999993
220385.76,0.0,0.021746386072938773,2023-07-14,0.0,-0.009682036359992319,0.0,3,30658.45000000009,1200638.85,1440476.61,1409818.16,19452.0,0,0.44047661000000016
220385.76,0.0,0.006092462688442879,2023-07-17,0.0,-0.00364856111682077,0.0,3,8776.049999999814,1209414.9,1449252.66,1440476.61,19452.0,0,0.44925265999999997
220385.76,0.0,0.00435207067344634,2023-07-18,0.0,0.0,0.0,3,6307.25,1215722.15,1455559.91,1449252.66,19452.0,0,0.45555990999999985
220385.76,0.0,-0.00986307736381653,2023-07-19,0.0,-0.00986307736381653,0.0,3,-14356.299999999814,1201365.85,1441203.61,1455559.91,19452.0,0,0.4412036100000001
220385.76,0.0,0.020509593366893952,2023-07-20,4614.9,0.0,0.0,3,24943.599999999766,1226309.45,1470762.1099999999,1441203.61,24066.9,0,0.4707621099999999
239837.76,0.0,0.014984306333537534,2023-07-21,0.0,0.0,0.0,3,22038.350000000093,1248347.8,1492800.46,1470762.1099999999,4614.9,0,0.49280046
239837.76,0.0,0.027428816574721626,2023-07-24,0.0,0.0,0.0,3,40945.75,1289293.55,1533746.21,1492800.46,4614.9,0,0.5337462099999999
239837.76,0.0,-0.028863119407479987,2023-07-25,0.0,-0.028863119407479987,0.0,3,-44268.69999999995,1245024.85,1489477.51,1533746.21,4614.9,0,0.48947750999999995
239837.76,0.0,-0.0008378105688887638,2023-07-26,0.0,-0.029676748149878085,0.0,3,-1247.9000000001397,1243776.95,1488229.6099999999,1489477.51,4614.9,0,0.48822960999999987
239837.76,0.0,0.05885083149232595,2023-07-27,0.0,0.0,0.0,3,87583.55000000005,1331360.5,1575813.16,1488229.6099999999,4614.9,0,0.5758131599999998
239837.76,0.0,0.04066138780056905,2023-07-28,0.0,0.0,0.0,3,64074.75,1395435.25,1639887.91,1575813.16,4614.9,0,0.6398879099999999
239837.76,0.0,0.013061197579046668,2023-07-31,0.0,0.0,0.0,3,21418.899999999907,1416854.15,1661306.8099999998,1639887.91,4614.9,0,0.6613068099999999
239837.76,0.0,-0.027155038267735687,2023-08-01,0.0,-0.027155038267735687,0.0,3,-45112.84999999986,1371741.3,1616193.96,1661306.8099999998,4614.9,0,0.6161939599999999
726144.74,4382.0,-0.017118192917884745,2023-08-02,0.0,-0.043808386001860766,18430.875000000044,2,-41715.19999999995,857768.0,1588527.64,1616193.96,4614.9,0,0.5885276399999999
726144.74,0.0,0.01406585534766025,2023-08-04,0.0,-0.03035873307471726,0.0,2,22344.0,880112.0,1610871.64,1588527.64,4614.9,0,0.6108716399999998
726144.74,0.0,-0.0049228006770297705,2023-08-07,0.0,-0.03513208376001298,0.0,2,-7930.0,872182.0,1602941.64,1610871.64,4614.9,0,0.6029416399999998
277854.09,2649.0,-0.0034993476119318245,2023-08-08,0.0,-0.0385084919985369,-7798.25000000001,3,4838.0,1314863.4,1597332.39,1602941.64,4614.9,0,0.5973323899999998
277854.09,0.0,-0.0063752541823808295,2023-08-09,0.0,-0.04463824475624689,0.0,3,-10183.399999999907,1304680.0,1587148.99,1597332.39,4614.9,0,0.58714899
277854.09,0.0,-0.009742626620075523,2023-08-10,0.0,-0.05394597762468678,0.0,3,-15463.0,1289217.0,1571685.99,1587148.99,4614.9,0,0.57168599
277854.09,0.0,0.002310639671732506,2023-08-11,0.0,-0.051759987668984375,0.0,3,3631.600000000093,1292848.6,1575317.59,1571685.99,4614.9,0,0.57531759
277854.09,0.0,-0.020218272304062923,2023-08-14,0.0,-0.07093176244790089,0.0,3,-31850.200000000186,1260998.4,1543467.39,1575317.59,4614.9,0,0.54346739
277854.09,0.0,0.011179698458028353,2023-08-15,0.0,-0.06054505970513657,0.0,3,17255.5,1278253.9,1560722.89,1543467.39,4614.9,0,0.5607228899999999
277854.09,0.0,0.03095495062547582,2023-08-16,0.0,-0.031464278413449565,0.0,3,48312.10000000009,1326566.0,1609034.99,1560722.89,4614.9,0,0.60903499
277854.09,0.0,0.036607780667342604,2023-08-17,0.0,0.0,0.0,3,58903.19999999995,1385469.2,1667938.19,1609034.99,4614.9,0,0.6679381899999999
277854.09,0.0,-0.05018962962890128,2023-08-18,0.0,-0.05018962962890128,0.0,3,-83713.19999999995,1301756.0,1584224.99,1667938.19,4614.9,0,0.58422499
277854.09,0.0,0.005595543597630037,2023-08-21,0.0,-0.04487492429200857,0.0,3,8864.600000000093,1310620.6,1593089.59,1584224.99,4614.9,0,0.5930895900000002
277854.09,0.0,0.006424874071269127,2023-08-22,0.0,-0.03873836595827329,0.0,3,10235.399999999907,1320856.0,1603324.99,1593089.59,4614.9,0,0.60332499
277854.09,0.0,-0.02675047184289192,2023-08-23,0.0,-0.06445256823335876,0.0,3,-42889.69999999995,1277966.3,1560435.29,1603324.99,4614.9,0,0.56043529
277854.09,0.0,0.0013812812449274237,2023-08-24,0.0,-0.06316031411211942,0.0,3,2155.399999999907,1280121.7,1562590.69,1560435.29,4614.9,0,0.56259069
282468.99,0.0,-0.008904123190443425,2023-08-25,0.0,-0.07150205008496147,0.0,3,-13913.499999999907,1266208.2,1548677.19,1562590.69,0.0,0,0.54867719
282468.99,0.0,-0.0007789873885853948,2023-08-28,0.0,-0.07222533827827271,0.0,3,-1206.3999999999069,1265001.8,1547470.79,1548677.19,0.0,0,0.54747079
282468.99,0.0,0.027352309506275096,2023-08-29,0.0,-0.04684855857878045,0.0,3,42326.89999999991,1307328.7,1589797.69,1547470.79,0.0,0,0.5897976899999999
282468.99,0.0,0.03568504367370173,2023-08-30,0.0,-0.012835307764012538,0.0,3,56732.0,1364060.7,1646529.69,1589797.69,0.0,0,0.6465296899999999
282468.99,0.0,0.0008965523117896446,2023-08-31,0.0,-0.011950262977071135,0.0,3,1476.1999999999534,1365536.9,1648005.89,1646529.69,0.0,0,0.6480058899999999
282468.99,0.0,-0.013312937856065465,2023-09-01,0.0,-0.02510410772475924,0.0,3,-21939.799999999814,1343597.1,1626066.09,1648005.89,0.0,0,0.6260660900000001
282468.99,0.0,0.034433840262913185,2023-09-04,0.0,0.0,0.0,3,55991.69999999995,1399588.8,1682057.79,1626066.09,0.0,0,0.68205779
282468.99,0.0,0.004224587313376382,2023-09-05,0.0,0.0,0.0,3,7106.0,1406694.8,1689163.79,1682057.79,0.0,0,0.68916379
753925.99,4247.0,-0.01140327546329889,2023-09-06,0.0,-0.01140327546329889,-7884.0,2,-7131.0,915975.8,1669901.79,1689163.79,0.0,0,0.6699017899999999
232438.64,3073.0,0.0026664142925434398,2023-09-07,0.0,-0.00876726702743258,-11665.449999999988,3,19191.09999999986,1441915.7999999998,1674354.44,1669901.79,0.0,0,0.6743544399999999
232438.64,0.0,0.01257995290411773,2023-09-08,0.0,0.0,0.0,3,21063.30000000028,1462979.1,1695417.7400000002,1674354.44,0.0,0,0.6954177400000001
750187.14,4661.0,-0.022950862835728225,2023-09-11,0.0,-0.022950862835728225,10173.5,2,-44423.80000000005,906319.3,1656506.44,1695417.7400000002,0.0,0,0.65650644
750187.14,0.0,7.23812459189066e-05,2023-09-12,0.0,-0.02288014280185624,0.0,2,119.89999999990687,906439.2,1656626.3399999999,1656506.44,0.0,0,0.6566263399999999
640211.64,648.0,0.009472685312971851,2023-09-13,0.0,-0.01362419388156233,-537.5,3,16878.199999999953,1032107.3999999999,1672319.04,1656626.3399999999,0.0,0,0.6723190400000001
640211.64,0.0,0.015839262345539007,2023-09-14,0.0,0.0,0.0,3,26488.300000000047,1058595.7,1698807.3399999999,1672319.04,0.0,0,0.6988073399999999
640211.64,0.0,0.003434468325289819,2023-09-15,0.0,0.0,0.0,3,5834.5,1064430.2,1704641.8399999999,1698807.3399999999,0.0,0,0.7046418399999999
640211.64,0.0,-0.0018523539232144781,2023-09-18,0.0,-0.0018523539232144781,0.0,3,-3157.5999999998603,1061272.6,1701484.2400000002,1704641.8399999999,0.0,0,0.7014842400000003
640211.64,0.0,0.0055853588159004985,2023-09-19,0.0,0.0,0.0,3,9503.399999999907,1070776.0,1710987.6400000001,1701484.2400000002,0.0,0,0.7109876400000001
640211.64,0.0,-0.001876810752414415,2023-09-20,0.0,-0.001876810752414415,0.0,3,-3211.1999999999534,1067564.8,1707776.44,1710987.6400000001,0.0,0,0.70777644
640211.64,0.0,-0.01354562544497917,2023-09-21,0.0,-0.01539701362191026,0.0,3,-23132.900000000023,1044431.9,1684643.54,1707776.44,0.0,0,0.6846435399999999
640211.64,0.0,-0.0034267783438625132,2023-09-22,0.0,-0.018771029812933104,0.0,3,-5772.900000000023,1038659.0,1678870.6400000001,1684643.54,0.0,0,0.6788706400000002
640211.64,0.0,0.013311150643506187,2023-09-25,0.0,-0.0057097431750005034,0.0,3,22347.699999999953,1061006.7,1701218.3399999999,1678870.6400000001,0.0,0,0.7012183399999998
640211.64,0.0,-0.008383403625897845,2023-09-26,0.0,-0.014045279719262171,0.0,3,-14262.0,1046744.7,1686956.3399999999,1701218.3399999999,0.0,0,0.6869563399999998
640211.64,0.0,-0.002634093067281129,2023-09-27,0.0,-0.01664237621260678,0.0,3,-4443.599999999977,1042301.1,1682512.74,1686956.3399999999,0.0,0,0.68251274
640211.64,0.0,0.003434565375118659,2023-09-28,0.0,-0.013264970166587675,0.0,3,5778.70000000007,1048079.8,1688291.44,1682512.74,0.0,0,0.68829144
640211.64,0.0,0.015522793860756723,2023-10-02,0.0,0.0,0.0,3,26207.0,1074286.8,1714498.44,1688291.44,0.0,0,0.7144984399999998
640211.64,0.0,-0.018892347315288216,2023-10-03,0.0,-0.018892347315288216,0.0,3,-32390.90000000014,1041895.8999999999,1682107.54,1714498.44,0.0,0,0.6821075400000001
640211.64,0.0,-0.006938081973046795,2023-10-04,0.0,-0.025699352633998362,0.0,3,-11670.59999999986,1030225.3,1670436.94,1682107.54,0.0,0,0.6704369399999999
640211.64,0.0,-0.0011191083932805546,2023-10-05,0.0,-0.026789700666044247,0.0,3,-1869.4000000001397,1028355.8999999999,1668567.54,1670436.94,0.0,0,0.66856754
640211.64,0.0,-0.027501194227954384,2023-10-06,0.0,-0.053554146132673064,0.0,3,-45887.59999999986,982468.3,1622679.94,1668567.54,0.0,0,0.62267994
640211.64,0.0,-0.008817512096686131,2023-10-11,0.0,-0.06189944389800672,0.0,3,-14308.000000000116,968160.2999999999,1608371.94,1622679.94,0.0,0,0.6083719399999998
960366.84,2901.0,0.005914303628052453,2023-10-12,0.0,-0.0563512323755746,-297.7999999999831,3,12711.20000000007,657517.5,1617884.3399999999,1608371.94,0.0,0,0.6178843399999998
1015769.84,515.0,-0.008157814297157895,2023-10-13,0.0,-0.06404934378359661,267.99999999999983,3,-12951.399999999907,588916.1000000001,1604685.94,1617884.3399999999,0.0,0,0.60468594
1016631.24,26.0,-0.003937655239878213,2023-10-16,0.0,-0.06773479478931455,3.4000000000000483,3,-6296.100000000093,581736.0,1598367.24,1604685.94,0.0,0,0.59836724
1017122.24,24.0,-0.0016620711020078893,2023-10-17,0.0,-0.06928428584630264,7.000000000000028,2,-2639.600000000093,578588.3999999999,1595710.64,1598367.24,0.0,0,0.5957106399999998
635132.24,2250.0,-0.0066027635185786915,2023-10-18,0.0,-0.07542958160988467,222.0,3,-8508.09999999986,950042.3,1585174.54,1595710.64,0.0,0,0.5851745400000001
635132.24,0.0,-0.0020681003367616357,2023-10-19,0.0,-0.0773416860035171,0.0,3,-3278.3000000000466,946764.0,1581896.24,1585174.54,0.0,0,0.5818962400000001
635132.24,0.0,-0.012582430817333567,2023-10-20,0.0,-0.08895097040741551,0.0,3,-19904.100000000093,926859.8999999999,1561992.14,1581896.24,0.0,0,0.5619921399999999
635132.24,0.0,0.005687224520861012,2023-10-23,0.0,-0.08376963002660998,0.0,3,8883.40000000014,935743.3,1570875.54,1561992.14,0.0,0,0.5708755400000001
635132.24,0.0,0.01380402167316186,2023-10-24,0.0,-0.07112196614188815,0.0,3,21684.399999999907,957427.7,1592559.94,1570875.54,0.0,0,0.5925599399999999
635132.24,0.0,-0.005248216905418213,2023-10-25,0.0,-0.07599691954225396,0.0,3,-8358.09999999986,949069.6000000001,1584201.84,1592559.94,0.0,0,0.5842018400000002
635132.24,0.0,-0.00516960641833375,2023-10-26,0.0,-0.08077365179754847,0.0,3,-8189.700000000186,940879.8999999999,1576012.14,1584201.84,0.0,0,0.57601214
635132.24,0.0,0.009786790094142406,2023-10-27,0.0,-0.0717773764786861,0.0,3,15424.100000000093,956304.0,1591436.24,1576012.14,0.0,0,0.59143624
635132.24,0.0,0.0013736019986574366,2023-10-30,0.0,-0.07050236802781806,0.0,3,2186.0,958490.0,1593622.24,1591436.24,0.0,0,0.59362224
635132.24,0.0,0.026091879842239152,2023-10-31,0.0,-0.04625002750075402,0.0,3,41580.60000000009,1000070.6000000001,1635202.84,1593622.24,0.0,0,0.63520284
635132.24,0.0,-0.0038548122873858226,2023-11-01,0.0,-0.04992655461383799,0.0,3,-6303.40000000014,993767.2,1628899.44,1635202.84,0.0,0,0.6288994399999999
635132.24,0.0,0.025211316912233883,2023-11-02,0.0,-0.025973951892309555,0.0,3,41066.70000000007,1034833.9,1669966.1400000001,1628899.44,0.0,0,0.6699661400000001
635132.24,0.0,-0.010543028135887922,2023-11-03,0.0,-0.03624313592259676,0.0,3,-17606.500000000116,1017227.3999999999,1652359.64,1669966.1400000001,0.0,0,0.6523596399999998
635132.24,0.0,0.008317559729309254,2023-11-06,0.0,-0.028227030641101103,0.0,3,13743.600000000093,1030971.0,1666103.24,1652359.64,0.0,0,0.66610324
635132.24,0.0,-0.00155548584132148,2023-11-07,0.0,-0.029738609735917798,0.0,3,-2591.5999999999767,1028379.4,1663511.6400000001,1666103.24,0.0,0,0.6635116400000001
635132.24,0.0,-0.006871547950214607,2023-11-08,0.0,-0.0364058074033593,0.0,3,-11430.900000000023,1016948.5,1652080.74,1663511.6400000001,0.0,0,0.6520807399999999
635132.24,0.0,-0.002039912407670763,2023-11-09,0.0,-0.03837145515279661,0.0,3,-3370.0999999999767,1013578.4,1648710.6400000001,1652080.74,0.0,0,0.6487106400000002
635132.24,0.0,-0.013804362905063927,2023-11-10,0.0,-0.05164612456573592,0.0,3,-22759.400000000023,990819.0,1625951.24,1648710.6400000001,0.0,0,0.62595124
635132.24,0.0,0.007907924717348802,2023-11-13,0.0,-0.04414661351339577,0.0,3,12857.899999999907,1003676.8999999999,1638809.14,1625951.24,0.0,0,0.63880914
635132.24,0.0,0.004820024374528442,2023-11-14,0.0,-0.03953937689205478,0.0,3,7899.100000000093,1011576.0,1646708.24,1638809.14,0.0,0,0.6467082399999999
635132.24,0.0,-0.0009216568929053537,2023-11-15,0.0,-0.040424592045706365,0.0,3,-1517.7000000000698,1010058.2999999999,1645190.54,1646708.24,0.0,0,0.64519054
635132.24,0.0,0.0019729021782484146,2023-11-16,0.0,-0.038531443633159634,0.0,3,3245.8000000000466,1013304.1,1648436.3399999999,1645190.54,0.0,0,0.6484363399999999
635132.24,0.0,0.010023680987280459,2023-11-17,0.0,-0.02889398954483735,0.0,3,16523.400000000023,1029827.5,1664959.74,1648436.3399999999,0.0,0,0.66495974
635132.24,0.0,-0.0046877409780492485,2023-11-20,0.0,-0.033446282984077924,0.0,3,-7804.900000000023,1022022.6,1657154.8399999999,1664959.74,0.0,0,0.6571548399999998
635132.24,0.0,-0.0061188005823280545,2023-11-21,0.0,-0.039360432430606274,0.0,3,-10139.79999999993,1011882.8,1647015.04,1657154.8399999999,0.0,0,0.6470150400000001
635132.24,0.0,-0.009774045536341869,2023-11-22,0.0,-0.04874976730804137,0.0,3,-16098.0,995784.8,1630917.04,1647015.04,0.0,0,0.6309170399999999
635132.24,0.0,-0.0035521733220716945,2023-11-23,0.0,-0.05212877300722418,0.0,3,-5793.300000000047,989991.5,1625123.74,1630917.04,0.0,0,0.62512374
635132.24,0.0,0.005336209044610962,2023-11-24,0.0,-0.04707073399261885,0.0,3,8672.0,998663.5,1633795.74,1625123.74,0.0,0,0.63379574
635132.24,0.0,0.0008308260125589051,2023-11-27,0.0,-0.04627901557029124,0.0,3,1357.3999999999069,1000020.8999999999,1635153.14,1633795.74,0.0,0,0.6351531399999999
635132.24,0.0,0.013716329957939033,2023-11-28,0.0,-0.033197463860042964,0.0,3,22428.300000000163,1022449.2000000001,1657581.44,1635153.14,0.0,0,0.65758144
635132.24,0.0,0.006338753406891495,2023-11-29,0.0,-0.02706914099029456,0.0,3,10507.0,1032956.2000000001,1668088.44,1657581.44,0.0,0,0.66808844
635132.24,0.0,0.021537706957551972,2023-11-30,0.0,-0.0061144412589841934,0.0,3,35926.79999999993,1068883.0,1704015.24,1668088.44,0.0,0,0.7040152399999999
635132.24,0.0,0.007472057585588221,2023-12-01,0.0,0.0,0.0,3,12732.5,1081615.5,1716747.74,1704015.24,0.0,0,0.71674774
635132.24,0.0,-0.00039400080992679776,2023-12-04,0.0,-0.00039400080992679776,0.0,3,-676.3999999999069,1080939.1,1716071.34,1716747.74,0.0,0,0.7160713400000001
635132.24,0.0,-0.004891463311775923,2023-12-05,0.0,-0.005283536881196094,0.0,3,-8394.100000000093,1072545.0,1707677.24,1716071.34,0.0,0,0.70767724
635132.24,0.0,0.004893781918648754,2023-12-06,0.0,-0.00041561143980306525,0.0,3,8357.0,1080902.0,1716034.24,1707677.24,0.0,0,0.7160342399999999
635132.24,0.0,0.006309023297810246,2023-12-07,0.0,0.0,0.0,3,10826.5,1091728.5,1726860.74,1716034.24,0.0,0,0.72686074
1216826.64,5246.0,0.0025933185556121785,2023-12-08,0.0,0.0,387.5999999999762,3,9336.700000000186,514512.4,1731339.04,1726860.74,0.0,0,0.7313390399999999
710329.69,3192.0,-0.0029961491540098084,2023-12-11,0.0,-0.0029961491540098084,-2272.8499999999995,3,277.5,1015822.0,1726151.69,1731339.04,0.0,0,0.72615169
710329.69,0.0,0.006047556573663515,2023-12-12,0.0,0.0,0.0,3,10439.0,1026261.0,1736590.69,1726151.69,0.0,0,0.7365906899999999
710329.69,0.0,-0.0013981417808937024,2023-12-13,0.0,-0.0013981417808937024,0.0,3,-2428.0,1023833.0,1734162.69,1736590.69,0.0,0,0.73416269
843292.69,1197.0,-0.003124274343602629,2023-12-14,0.0,-0.004518047946001635,-2150.0,2,-2071.0,885452.0,1728744.69,1734162.69,0.0,0,0.7287446899999999
843292.69,0.0,-0.00985397097589924,2023-12-15,0.0,-0.014327498208573264,0.0,2,-17035.0,868417.0,1711709.69,1728744.69,0.0,0,0.71170969
320994.19,3077.0,0.0015385202382069973,2023-12-18,0.0,-0.01281102111632304,-1907.5,3,7618.0,1393349.0,1714343.19,1711709.69,0.0,0,0.7143431899999999
320994.19,0.0,-0.0068160214758399285,2023-12-19,0.0,-0.019539722397106662,0.0,3,-11685.0,1381664.0,1702658.19,1714343.19,0.0,0,0.70265819
320994.19,0.0,0.003923277166980821,2023-12-20,0.0,-0.0156931049768555,0.0,3,6680.0,1388344.0,1709338.19,1702658.19,0.0,0,0.70933819
320994.19,0.0,0.0003609584127994836,2023-12-21,0.0,-0.015337811122320355,0.0,3,617.0,1388961.0,1709955.19,1709338.19,0.0,0,0.7099551899999998
320994.19,0.0,-0.0010292667376856635,2023-12-22,0.0,-0.01635129116118894,0.0,3,-1760.0,1387201.0,1708195.19,1709955.19,0.0,0,0.7081951899999999
320994.19,0.0,-0.005697241191739866,2023-12-25,0.0,-0.021955375103387187,0.0,3,-9732.0,1377469.0,1698463.19,1708195.19,0.0,0,0.69846319
320994.19,0.0,0.003526717585207173,2023-12-26,0.0,-0.018506087925647008,0.0,3,5990.0,1383459.0,1704453.19,1698463.19,0.0,0,0.70445319
320994.19,0.0,0.0020188292762677307,2023-12-27,0.0,-0.016524619281472752,0.0,3,3441.0,1386900.0,1707894.19,1704453.19,0.0,0,0.70789419
320994.19,0.0,-0.008265734541786807,2023-12-28,0.0,-0.02465376570687472,0.0,3,-14117.0,1372783.0,1693777.19,1707894.19,0.0,0,0.69377719
320994.19,0.0,0.00522441797672335,2023-12-29,0.0,-0.01955814930690436,0.0,3,8849.0,1381632.0,1702626.19,1693777.19,0.0,0,0.7026261899999999
320994.19,0.0,-0.003703690238665902,2024-01-02,0.0,-0.02318940221889587,0.0,3,-6306.0,1375326.0,1696320.19,1702626.19,0.0,0,0.69632019
320994.19,0.0,-0.012432794306362682,2024-01-03,0.0,-0.03533388745738353,0.0,3,-21090.0,1354236.0,1675230.19,1696320.19,0.0,0,0.67523019
320994.19,0.0,-0.005214208800761844,2024-01-04,0.0,-0.040363857991200014,0.0,3,-8735.0,1345501.0,1666495.19,1675230.19,0.0,0,0.66649519
320994.19,0.0,0.019140769317191886,2024-01-05,0.0,-0.021995683968569435,0.0,3,31898.0,1377399.0,1698393.19,1666495.19,0.0,0,0.69839319
320994.19,0.0,-0.004311722422768338,2024-01-08,0.0,-0.026212567107566365,0.0,3,-7323.0,1370076.0,1691070.19,1698393.19,0.0,0,0.69107019
320994.19,0.0,-0.0009733481257806487,2024-01-09,0.0,-0.027160401280280966,0.0,3,-1646.0,1368430.0,1689424.19,1691070.19,0.0,0,0.68942419
320994.19,0.0,0.000987910561408567,2024-01-10,0.0,-0.026199322766149336,0.0,3,1669.0,1370099.0,1691093.19,1689424.19,0.0,0,0.6910931899999999
320994.19,0.0,-0.003974352235431855,2024-01-11,0.0,-0.030069549664578754,0.0,3,-6721.0,1363378.0,1684372.19,1691093.19,0.0,0,0.6843721899999999
320994.19,0.0,0.006937302853474492,2024-01-12,0.0,-0.02334084838379502,0.0,3,11685.0,1375063.0,1696057.19,1684372.19,0.0,0,0.6960571899999999
320994.19,0.0,0.01635734936508837,2024-01-15,0.0,-0.007365293430197983,0.0,3,27743.0,1402806.0,1723800.19,1696057.19,0.0,0,0.72380019
649922.19,2970.0,-0.006785009114078311,2024-01-16,0.0,-0.014100328961224595,-526.0,3,-8200.0,1062182.0,1712104.19,1723800.19,0.0,1,0.71210419
665755.19,142.0,-0.006632189831858315,2024-01-17,0.0,-0.020639002734720413,375.0,3,-11588.0,1034994.0,1700749.19,1712104.19,0.0,0,0.70074919
676539.19,101.0,0.0031738953819522298,2024-01-18,0.0,-0.017530613388236027,70.0,2,5429.0,1029608.0,1706147.19,1700749.19,0.0,0,0.70614719
676539.19,0.0,-0.00914458031021348,2024-01-19,0.0,-0.026514883596433392,0.0,2,-15602.0,1014006.0,1690545.19,1706147.19,0.0,0,0.6905451899999999
676539.19,0.0,-0.002189234586506328,2024-01-22,0.0,-0.028646070882713315,0.0,2,-3701.0,1010305.0,1686844.19,1690545.19,0.0,0,0.68684419
676539.19,0.0,-0.005043145093323598,2024-01-23,0.0,-0.03354474968422183,0.0,2,-8507.0,1001798.0,1678337.19,1686844.19,0.0,0,0.6783371899999999
170056.69,2985.0,-3.3366358282216346e-05,2024-01-24,0.0,-0.03357699677636761,-1000.0,3,3929.0,1508224.5,1678281.19,1678337.19,0.0,0,0.6782811899999999
170056.69,0.0,-0.0008166092834538397,2024-01-25,0.0,-0.03436618677254344,0.0,3,-1370.5,1506854.0,1676910.69,1678281.19,0.0,0,0.6769106899999999
170056.69,0.0,-0.0006690875111542427,2024-01-26,0.0,-0.03501228029732206,0.0,3,-1122.0,1505732.0,1675788.69,1676910.69,0.0,0,0.6757886899999999
170056.69,0.0,-0.00048454796529273647,2024-01-29,0.0,-0.03547986313343643,0.0,3,-812.0,1504920.0,1674976.69,1675788.69,0.0,0,0.67497669
170056.69,0.0,0.003464824337346517,2024-01-30,0.0,-0.032137970289360496,0.0,3,5803.5,1510723.5,1680780.19,1674976.69,0.0,0,0.6807801899999999
170056.69,0.0,0.0046320750603325855,2024-01-31,0.0,-0.02765476071969497,0.0,3,7785.5,1518509.0,1688565.69,1680780.19,0.0,0,0.6885656899999999
170056.69,0.0,0.0005623115556729896,2024-02-01,0.0,-0.02710799975554401,0.0,3,949.5,1519458.5,1689515.19,1688565.69,0.0,0,0.6895151899999998
170056.69,0.0,-0.004227840058662058,2024-02-02,0.0,-0.03122123152692935,0.0,3,-7143.0,1512315.5,1682372.19,1689515.19,0.0,0,0.6823721899999999
170056.69,0.0,-0.01622233187294897,2024-02-05,0.0,-0.04693708222056636,0.0,3,-27292.0,1485023.5,1655080.19,1682372.19,0.0,0,0.6550801899999998
170056.69,0.0,0.002158807785621608,2024-02-15,0.0,-0.044879602573476896,0.0,3,3573.0,1488596.5,1658653.19,1655080.19,0.0,0,0.6586531899999999
170056.69,0.0,0.01742437790747564,2024-02-16,0.0,-0.028237223821578783,0.0,3,28901.0,1517497.5,1687554.19,1658653.19,0.0,0,0.68755419
170056.69,0.0,0.0001425139420263566,2024-02-19,0.0,-0.028098734077631193,0.0,3,240.5,1517738.0,1687794.69,1687554.19,0.0,0,0.68779469
170056.69,0.0,-0.006335189975031907,2024-02-20,0.0,-0.03425591323422328,0.0,3,-10692.5,1507045.5,1677102.19,1687794.69,0.0,0,0.67710219
170056.69,0.0,0.029808559250644073,2024-02-21,0.0,-0.00546847340290646,0.0,3,49992.0,1557037.5,1727094.19,1677102.19,0.0,0,0.7270941899999999
170056.69,0.0,0.024779192847611764,2024-02-22,0.0,0.0,0.0,3,42796.0,1599833.5,1769890.19,1727094.19,0.0,0,0.7698901899999999
170056.69,0.0,-0.009072879261509459,2024-02-23,0.0,-0.009072879261509459,0.0,3,-16058.0,1583775.5,1753832.19,1769890.19,0.0,0,0.75383219
170056.69,0.0,0.015987276410977413,2024-02-26,0.0,0.0,0.0,3,28039.0,1611814.5,1781871.19,1753832.19,0.0,0,0.7818711899999999
170056.69,0.0,-0.014277687490979685,2024-02-27,0.0,-0.014277687490979685,0.0,3,-25441.0,1586373.5,1756430.19,1781871.19,0.0,0,0.7564301899999999
170056.69,0.0,-0.0009203326207914975,2024-02-29,0.0,-0.015184879890223768,0.0,3,-1616.5,1584757.0,1754813.69,1756430.19,0.0,0,0.75481369
170056.69,0.0,-0.006161907706566883,2024-03-01,0.0,-0.02125321976837169,0.0,3,-10813.0,1573944.0,1744000.69,1754813.69,0.0,0,0.74400069
170056.69,0.0,0.010878149365869838,2024-03-04,0.0,-0.010606266101647943,0.0,3,18971.5,1592915.5,1762972.19,1744000.69,0.0,0,0.7629721899999999
170056.69,0.0,0.01943989825500303,2024-03-05,0.0,0.0,0.0,3,34272.0,1627187.5,1797244.19,1762972.19,0.0,0,0.79724419
170056.69,0.0,-0.01035613307504979,2024-03-06,0.0,-0.01035613307504979,0.0,3,-18612.5,1608575.0,1778631.69,1797244.19,0.0,0,0.7786316899999999
170056.69,0.0,-0.002053825994745462,2024-03-07,0.0,-0.012388689374480566,0.0,3,-3653.0,1604922.0,1774978.69,1778631.69,0.0,0,0.77497869
170056.69,0.0,-0.036962133894689164,2024-03-08,0.0,-0.04889291087373049,0.0,3,-65607.0,1539315.0,1709371.69,1774978.69,0.0,0,0.70937169
170056.69,0.0,0.004040958464685884,2024-03-11,0.0,-0.045049526631102954,0.0,3,6907.5,1546222.5,1716279.19,1709371.69,0.0,0,0.7162791899999998
170056.69,0.0,0.01859342010666687,2024-03-12,0.0,-0.027293731298694612,0.0,3,31911.5,1578134.0,1748190.69,1716279.19,0.0,0,0.7481906899999999
170056.69,0.0,-0.01245344694061945,2024-03-13,0.0,-0.03940727720477433,0.0,3,-21771.0,1556363.0,1726419.69,1748190.69,0.0,0,0.72641969
170056.69,0.0,-0.009206915382203529,2024-03-14,0.0,-0.04825137312031036,0.0,3,-15895.0,1540468.0,1710524.69,1726419.69,0.0,0,0.71052469
170056.69,0.0,-9.470778232378851e-05,2024-03-15,0.0,-0.04834151112209184,0.0,3,-162.0,1540306.0,1710362.69,1710524.69,0.0,0,0.71036269
170056.69,0.0,0.01424902457384647,2024-03-18,0.0,-0.03478130592816109,0.0,3,24371.0,1564677.0,1734733.69,1710362.69,0.0,0,0.7347336899999999
170056.69,0.0,-0.0045955180590284694,2024-03-19,0.0,-0.039216985867679965,0.0,3,-7972.0,1556705.0,1726761.69,1734733.69,0.0,0,0.72676169
714691.69,4905.0,-0.00243924800068962,2024-03-20,0.0,-0.04156057391399881,140.0,2,553.0,1007858.0,1722549.69,1726761.69,0.0,0,0.7225496899999999
714691.69,0.0,-0.0008858960695641294,2024-03-21,0.0,-0.04240965163448385,0.0,2,-1526.0,1006332.0,1721023.69,1722549.69,0.0,0,0.72102369
714691.69,0.0,0.00044334078864416426,2024-03-22,0.0,-0.04198511277424133,0.0,2,763.0,1007095.0,1721786.69,1721023.69,0.0,0,0.7217866899999998
714691.69,0.0,0.0071001826596766016,2024-03-25,0.0,-0.03518303208424889,0.0,2,12225.0,1019320.0,1734011.69,1721786.69,0.0,0,0.73401169
714691.69,0.0,-0.01432516294051056,2024-03-26,0.0,-0.04900419235741138,0.0,2,-24840.0,994480.0,1709171.69,1734011.69,0.0,0,0.70917169
1135833.69,3793.0,0.011527221118435405,2024-03-27,0.0,-0.038041853400010206,-3990.0,2,27485.0,593040.0,1728873.69,1709171.69,0.0,0,0.7288736899999999
1199304.69,572.0,0.0013670750001406606,2024-03-28,0.0,-0.036726784466611595,735.0,1,2200.5,531932.5,1731237.19,1728873.69,0.0,0,0.7312371899999999
1199304.69,0.0,0.0036433482577855614,2024-03-29,0.0,-0.033217244675026625,0.0,1,6307.5,538240.0,1737544.69,1731237.19,0.0,0,0.73754469
1199304.69,0.0,0.007260244914909286,2024-04-01,0.0,-0.026198165091856573,0.0,1,12615.0,550855.0,1750159.69,1737544.69,0.0,0,0.75015969
1199304.69,0.0,0.004805275797433062,2024-04-02,0.0,-0.021518778703076502,0.0,1,8410.0,559265.0,1758569.69,1750159.69,0.0,0,0.7585696899999999
656503.99,3198.0,-0.007093207662415613,2024-04-03,0.0,-0.028459349199509654,-21890.899999999998,2,12615.0,1089591.8,1746095.79,1758569.69,0.0,0,0.74609579
656503.99,0.0,0.01232933503608069,2024-04-08,0.0,-0.016480899014618577,0.0,2,21528.199999999953,1111120.0,1767623.99,1746095.79,0.0,0,0.7676239899999999
125356.49,3133.0,-0.030323756807577595,2024-04-09,0.0,-0.0463048930485066,-22140.99999999997,3,-28327.0,1588666.5,1714022.99,1767623.99,0.0,0,0.7140229899999999
125356.49,0.0,-0.024431294238357992,2024-04-10,0.0,-0.06960489882012078,0.0,3,-41875.80000000005,1546790.7,1672147.19,1714022.99,0.0,0,0.67214719
125356.49,0.0,-4.0307456426691424e-05,2024-04-11,0.0,-0.06964240068012117,0.0,3,-67.39999999990687,1546723.3,1672079.79,1672147.19,0.0,0,0.67207979
125356.49,0.0,0.013073778016299054,2024-04-12,0.0,-0.057479111950836215,0.0,3,21860.399999999907,1568583.7,1693940.19,1672079.79,0.0,0,0.69394019
125356.49,0.0,-0.029566923493325903,2024-04-15,0.0,-0.0853465549386474,0.0,3,-50084.59999999986,1518499.1,1643855.59,1693940.19,0.0,0,0.64385559
125356.49,0.0,-0.024688786683506714,2024-04-16,0.0,-0.10792823873310164,0.0,3,-40584.80000000005,1477914.3,1603270.79,1643855.59,0.0,0,0.6032707900000001
574241.74,4048.0,0.014460221033528509,2024-04-17,0.0,-0.09502868388741326,-1790.2500000000437,2,29021.899999999907,1052212.7,1626454.44,1603270.79,0.0,0,0.6264544399999998
574241.74,0.0,-0.008313420694403217,2024-04-18,0.0,-0.10255209115462482,0.0,2,-13521.399999999907,1038691.3,1612933.04,1626454.44,0.0,0,0.6129330399999999
109546.74,2737.0,-0.029501038679200176,2024-04-19,0.0,-0.1290277366260396,-12138.0,3,-32708.20000000007,1455803.1,1565349.84,1612933.04,0.0,0,0.5653498400000001
109546.74,0.0,-0.06147820604753773,2024-04-22,0.0,-0.1825735488954342,0.0,3,-96234.90000000014,1359568.2,1469114.94,1565349.84,0.0,0,0.46911493999999987
109546.74,0.0,0.015057909628228394,2024-04-23,0.0,-0.17026481526697823,0.0,3,22121.800000000047,1381690.0,1491236.74,1469114.94,0.0,0,0.49123673999999995
109546.74,0.0,0.05521913308010373,2024-04-24,0.0,-0.12444755767996107,0.0,3,82344.80000000005,1464034.8,1573581.54,1491236.74,0.0,0,0.57358154
109546.74,0.0,0.016457551986788,2024-04-25,0.0,-0.1100381078433198,0.0,3,25897.300000000047,1489932.1,1599478.84,1573581.54,0.0,0,0.5994788400000002
109546.74,0.0,0.023020685912918948,2024-04-26,0.0,-0.08955057464951377,0.0,3,36821.09999999986,1526753.2,1636299.94,1599478.84,0.0,0,0.63629994
109546.74,0.0,-0.005250443265309879,2024-04-29,0.0,-0.09433083770325057,0.0,3,-8591.300000000047,1518161.9,1627708.64,1636299.94,0.0,0,0.6277086399999998
109546.74,0.0,0.023621303625936507,2024-04-30,0.0,-0.07293775143599157,0.0,3,38448.60000000009,1556610.5,1666157.24,1627708.64,0.0,0,0.66615724
109546.74,0.0,-0.005384245727011905,2024-05-02,0.0,-0.07792928238649643,0.0,3,-8971.0,1547639.5,1657186.24,1666157.24,0.0,0,0.6571862399999999
109546.74,0.0,0.01878195657719184,2024-05-03,0.0,-0.060610990207179416,0.0,3,31125.199999999953,1578764.7,1688311.44,1657186.24,0.0,0,0.6883114399999999
109546.74,0.0,0.028269251080831337,2024-05-06,0.0,-0.03405516642677253,0.0,3,47727.30000000005,1626492.0,1736038.74,1688311.44,0.0,0,0.7360387399999999
653900.74,4905.0,0.009075431116243537,2024-05-07,0.0,-0.025288800627587427,7069.0,3,13591.300000000047,1097893.3,1751794.04,1736038.74,0.0,0,0.75179404
138440.74,3143.0,0.011425486982476363,2024-05-08,0.0,-0.014152250507483921,17812.0,4,5346.09999999986,1633368.4,1771809.14,1751794.04,0.0,0,0.77180914
146757.74,83.0,-0.008730398580063636,2024-05-09,0.0,-0.022759094299812377,208.0,3,-15593.59999999986,1609582.8,1756340.54,1771809.14,0.0,0,0.7563405400000001
146757.74,0.0,-0.018193965960610403,2024-05-10,0.0,-0.040538982073437646,0.0,3,-31954.800000000047,1577628.0,1724385.74,1756340.54,0.0,0,0.72438574
146757.74,0.0,-0.018519290237229535,2024-05-13,0.0,-0.058307519135727404,0.0,3,-31934.399999999907,1545693.6,1692451.34,1724385.74,0.0,0,0.6924513400000001
146757.74,0.0,0.00985162740336154,2024-05-14,0.0,-0.04903031568570548,0.0,3,16673.399999999907,1562367.0,1709124.74,1692451.34,0.0,0,0.70912474
146757.74,0.0,-0.012648579412641303,2024-05-15,0.0,-0.061058731256769305,0.0,3,-21618.0,1540749.0,1687506.74,1709124.74,0.0,0,0.6875067399999999
146757.74,0.0,0.014584830635995027,2024-05-16,0.0,-0.047364431875003055,0.0,3,24612.0,1565361.0,1712118.74,1687506.74,0.0,0,0.71211874
146757.74,0.0,0.014362555251278941,2024-05-17,0.0,-0.03368215089347437,0.0,3,24590.399999999907,1589951.4,1736709.14,1712118.74,0.0,0,0.7367091399999999
146757.74,0.0,-0.013927375311676982,2024-05-20,0.0,-0.04714042224835335,0.0,3,-24187.799999999814,1565763.6,1712521.34,1736709.14,0.0,0,0.7125213400000001
146757.74,0.0,0.014119181720678498,2024-05-21,0.0,-0.03368682471578888,0.0,3,24179.399999999907,1589943.0,1736700.74,1712521.34,0.0,0,0.7367007400000001
146757.74,0.0,-0.011233714335838973,2024-05-22,0.0,-0.04454211088588911,0.0,3,-19509.600000000093,1570433.4,1717191.14,1736700.74,0.0,0,0.71719114
146757.74,0.0,0.03628460370462894,2024-05-23,0.0,-0.009873700022922316,0.0,3,62307.60000000009,1632741.0,1779498.74,1717191.14,0.0,0,0.77949874
600988.24,4090.0,-0.005588371475890974,2024-05-24,0.0,-0.01540689359524372,-13183.5,2,7329.0,1168566.0,1769554.24,1779498.74,0.0,0,0.76955424
600988.24,0.0,0.0500498927910793,2024-05-27,0.0,0.0,0.0,2,88566.0,1257132.0,1858120.24,1769554.24,0.0,0,0.8581202400000001
600988.24,0.0,0.013361890939845855,2024-05-28,0.0,0.0,0.0,2,24828.0,1281960.0,1882948.24,1858120.24,0.0,0,0.8829482399999999
51068.24,3240.0,0.008523866805812963,2024-05-29,0.0,0.0,6600.0,3,12690.0,1847930.0,1898998.24,1882948.24,0.0,0,0.8989982400000001
51068.24,0.0,-0.033613406613794417,2024-05-30,0.0,-0.033613406613794417,0.0,3,-63831.80000000005,1784098.2,1835166.44,1898998.24,0.0,0,0.8351664399999998
51068.24,0.0,-0.008448770455937504,2024-05-31,4746.3,-0.0417781851130099,0.0,3,-20251.199999999906,1763847.0,1819661.54,1835166.44,4746.3,0,0.81966154
51068.24,0.0,0.035021347981009754,2024-06-03,0.0,-0.008219965490857906,0.0,3,63727.0,1827574.0,1883388.54,1819661.54,4746.3,0,0.8833885400000001
51068.24,0.0,-0.017889033135987997,2024-06-04,0.0,-0.02596195139180324,0.0,3,-33692.0,1793882.0,1849696.54,1883388.54,4746.3,0,0.8496965400000001
51068.24,0.0,-0.015421989165855243,2024-06-05,0.0,-0.04098355562456968,0.0,3,-28526.0,1765356.0,1821170.54,1849696.54,4746.3,0,0.82117054
51068.24,0.0,-0.00656665575097648,2024-06-06,0.0,-0.04728108647430862,0.0,3,-11959.0,1753397.0,1809211.54,1821170.54,4746.3,0,0.80921154
51068.24,0.0,0.009346612944995947,2024-06-07,0.0,-0.03837639154420702,0.0,3,16910.0,1770307.0,1826121.54,1809211.54,4746.3,0,0.8261215399999999
51068.24,0.0,0.03145464238924656,2024-06-11,0.0,-0.008128864827173232,0.0,3,57440.0,1827747.0,1883561.54,1826121.54,4746.3,0,0.8835615400000001
51068.24,0.0,0.007660487695029028,2024-06-12,0.0,-0.0005306482011273594,0.0,3,14429.0,1842176.0,1897990.54,1883561.54,4746.3,0,0.8979905400000001
51068.24,0.0,0.045447012607344295,2024-06-13,0.0,0.0,0.0,3,86258.0,1928434.0,1984248.54,1897990.54,4746.3,0,0.9842485400000001
51068.24,0.0,0.009422206756417806,2024-06-14,0.0,0.0,0.0,3,18696.0,1947130.0,2002944.54,1984248.54,4746.3,0,1.00294454
51068.24,0.0,0.013061769548546653,2024-06-17,0.0,0.0,0.0,3,26162.0,1973292.0,2029106.54,2002944.54,4746.3,0,1.02910654
51068.24,0.0,-0.028830915896609355,2024-06-18,0.0,-0.028830915896609355,0.0,3,-58501.0,1914791.0,1970605.54,2029106.54,4746.3,0,0.97060554
51068.24,0.0,-0.006966386585922191,2024-06-19,0.0,-0.03559645517676957,0.0,3,-13728.0,1901063.0,1956877.54,1970605.54,4746.3,0,0.95687754
51068.24,0.0,0.04132859534991651,2024-06-20,0.0,0.0,0.0,3,80875.0,1981938.0,2037752.54,1956877.54,4746.3,0,1.03775254
51068.24,0.0,0.0033208153920396555,2024-06-21,0.0,0.0,0.0,3,6767.0,1988705.0,2044519.54,2037752.54,4746.3,0,1.04451954
51068.24,0.0,-0.019938180683761075,2024-06-24,0.0,-0.019938180683761075,0.0,3,-40764.0,1947941.0,2003755.54,2044519.54,4746.3,0,1.0037555400000002
55814.54,0.0,0.024600306282871243,2024-06-25,0.0,0.0,0.0,3,49292.999999999956,1997234.0,2053048.54,2003755.54,0.0,0,1.0530485400000003
55814.54,0.0,0.06278955294452016,2024-06-26,0.0,0.0,0.0,3,128910.0,2126144.0,2181958.54,2053048.54,0.0,0,1.1819585400000001
55814.54,0.0,0.01774369186684921,2024-06-27,0.0,0.0,0.0,3,38716.0,2164860.0,2220674.54,2181958.54,0.0,0,1.22067454
55814.54,0.0,-0.025757939297129107,2024-06-28,0.0,-0.025757939297129107,0.0,3,-57200.0,2107660.0,2163474.54,2220674.54,0.0,0,1.1634745400000002
55814.54,0.0,-0.017116910467548152,2024-07-01,0.0,-0.04243395342389977,0.0,3,-37032.0,2070628.0,2126442.54,2163474.54,0.0,0,1.1264425400000002
55814.54,0.0,-0.01399003238526253,2024-07-02,0.0,-0.05583033342652721,0.0,3,-29749.0,2040879.0,2096693.54,2126442.54,0.0,0,1.09669354
55814.54,0.0,0.033468887398775404,2024-07-03,0.0,-0.024230025170640324,0.0,3,70174.0,2111053.0,2166867.54,2096693.54,0.0,0,1.1668675400000001
55814.54,0.0,0.021833821923420427,2024-07-04,0.0,-0.0029252373019956757,0.0,3,47311.0,2158364.0,2214178.54,2166867.54,0.0,0,1.2141785400000003
1103346.04,9433.0,0.017823088466931036,2024-07-05,0.0,0.0,9127.5,2,39769.0,1150296.0,2253642.04,2214178.54,0.0,0,1.25364204
391656.24,4193.0,-0.029860864682840327,2024-07-08,0.0,-0.029860864682840327,-15936.699999999997,3,-47166.0,1794690.1,2186346.34,2253642.04,0.0,0,1.18634634
391656.24,0.0,-0.028187025482888317,2024-07-09,0.0,-0.057206201211972285,0.0,3,-61626.60000000009,1733063.5,2124719.74,2186346.34,0.0,0,1.1247197400000002
391656.24,0.0,0.03236238582694195,2024-07-10,0.0,-0.026695144540345828,0.0,3,68761.0,1801824.5,2193480.74,2124719.74,0.0,0,1.19348074
391656.24,0.0,0.004148338225208104,2024-07-11,0.0,-0.022657546803661832,0.0,3,9099.299999999814,1810923.7999999998,2202580.04,2193480.74,0.0,0,1.20258004
391656.24,0.0,-0.005566108734917918,2024-07-12,0.0,-0.028097541169404106,0.0,3,-12259.799999999814,1798664.0,2190320.24,2202580.04,0.0,0,1.1903202400000001
391656.24,0.0,0.0026723946083790917,2024-07-15,0.0,-0.025500234278554856,0.0,3,5853.399999999907,1804517.4,2196173.6399999997,2190320.24,0.0,0,1.1961736399999996
391656.24,0.0,-0.011858898370166737,2024-07-16,0.0,-0.03705672796199688,0.0,3,-26044.19999999972,1778473.2000000002,2170129.4400000004,2196173.6399999997,0.0,0,1.1701294400000006
391656.24,0.0,0.03792257663671861,2024-07-17,0.0,-0.0005394379313230502,0.0,3,82296.8999999999,1860770.1,2252426.34,2170129.4400000004,0.0,0,1.25242634
391656.24,0.0,0.002291662066072231,2024-07-18,0.0,0.0,0.0,3,5161.799999999814,1865931.9,2257588.1399999997,2252426.34,0.0,0,1.2575881399999997
877796.24,4378.0,-0.02430828680735342,2024-07-19,0.0,-0.02430828680735342,0.0,2,-50500.10000000009,1324913.7999999998,2202710.04,2257588.1399999997,0.0,0,1.20271004
877796.24,0.0,-0.012895614712865155,2024-07-22,0.0,-0.0368904312192212,0.0,2,-28405.299999999814,1296508.5,2174304.74,2202710.04,0.0,0,1.1743047400000002
877796.24,0.0,0.004617935938455275,2024-07-23,0.0,-0.03244285292887816,0.0,2,10040.799999999814,1306549.2999999998,2184345.54,2174304.74,0.0,0,1.1843455400000003
877796.24,0.0,-0.007876638418663262,2024-07-26,0.0,-0.04006395072575086,0.0,2,-17205.299999999814,1289344.0,2167140.24,2184345.54,0.0,0,1.1671402400000002
1329156.24,4065.0,-0.03417166948088246,2024-07-29,0.0,-0.07286656812433456,19375.0,2,-89364.79999999981,763929.2000000001,2093085.44,2167140.24,0.0,0,1.0930854399999999
1343621.24,130.0,-0.008115961095214508,2024-07-30,0.0,-0.08039114698751015,-208.5,2,-16648.90000000014,732476.7999999999,2076098.04,2093085.44,0.0,0,1.0760980400000002
1350626.74,73.0,-0.008474985121608158,2024-07-31,0.0,-0.08818481833449021,148.5,1,-17670.399999999907,707876.4,2058503.1400000001,2076098.04,0.0,0,1.05850314
1350626.74,0.0,0.0341440334164369,2024-08-01,0.0,-0.057051770302088634,0.0,1,70285.59999999998,778162.0,2128788.74,2058503.1400000001,0.0,0,1.12878874
1350626.74,0.0,0.013560434371707508,2024-08-02,0.0,-0.04426498271735235,0.0,1,28867.29999999993,807029.2999999999,2157656.04,2128788.74,0.0,0,1.15765604
1350626.74,0.0,-0.03722854732675551,2024-08-05,0.0,-0.07984560904009685,0.0,1,-80326.3999999999,726702.9,2077329.6400000001,2157656.04,0.0,0,1.0773296400000003
1350626.74,0.0,-0.03081364592670044,2024-08-06,0.0,-0.10819892064103409,0.0,1,-64010.10000000009,662692.7999999999,2013319.54,2077329.6400000001,0.0,0,1.01331954
911695.74,2586.0,0.03895765100456927,2024-08-07,0.0,-0.07345644542586927,15755.0,2,65265.20000000007,1180058.0,2091753.74,2013319.54,0.0,0,1.0917537400000001
911695.74,0.0,0.005391791483064345,2024-08-08,0.0,-0.06846071577962831,0.0,2,11278.299999999814,1191336.2999999998,2103032.04,2091753.74,0.0,0,1.10303204
911695.74,0.0,0.02909209124555212,2024-08-09,0.0,-0.041360289924272875,0.0,2,61181.60000000009,1252517.9,2164213.6399999997,2103032.04,0.0,0,1.1642136399999998
294622.74,3635.0,-0.02237209816310004,2024-08-12,0.0,-0.06280707162113286,-37933.0,3,-6850.0,1821172.9,2115795.6399999997,2164213.6399999997,0.0,0,1.1157956399999995
294622.74,0.0,0.03419403964742096,2024-08-13,0.0,-0.03076065947086326,0.0,3,72347.6000000001,1893520.5,2188143.24,2115795.6399999997,0.0,0,1.18814324
294622.74,0.0,0.045547201014134675,2024-08-14,0.0,0.0,0.0,3,99663.79999999981,1993184.2999999998,2287807.04,2188143.24,0.0,0,1.2878070400000001
294622.74,0.0,0.018885202835987602,2024-08-15,0.0,0.0,0.0,3,43205.700000000186,2036390.0,2331012.74,2287807.04,0.0,0,1.3310127400000002
294622.74,0.0,0.013070885232484564,2024-08-16,0.0,0.0,0.0,3,30468.399999999907,2066858.4,2361481.1399999997,2331012.74,0.0,0,1.3614811399999995
294622.74,0.0,0.008133454752045965,2024-08-19,0.0,0.0,0.0,3,19207.0,2086065.4,2380688.1399999997,2361481.1399999997,0.0,0,1.3806881399999997
294622.74,0.0,-0.010394095549196791,2024-08-20,0.0,-0.010394095549196791,0.0,3,-24745.100000000093,2061320.2999999998,2355943.04,2380688.1399999997,0.0,0,1.35594304
294622.74,0.0,-0.03944136102713236,2024-08-21,0.0,-0.04942549930122275,0.0,3,-92921.59999999963,1968398.7000000002,2263021.4400000004,2355943.04,0.0,0,1.2630214400000006
294622.74,0.0,-0.01295453921992018,2024-08-22,0.0,-0.06173975395198117,0.0,3,-29316.400000000373,1939082.2999999998,2233705.04,2263021.4400000004,0.0,0,1.2337050400000003
294622.74,0.0,0.014148063165940528,2024-08-23,0.0,-0.04846518872480288,0.0,3,31602.600000000093,1970684.9,2265307.6399999997,2233705.04,0.0,0,1.2653076399999996
294622.74,0.0,-0.0320512316817152,2024-08-26,0.0,-0.07896305141420135,0.0,3,-72605.8999999999,1898079.0,2192701.74,2265307.6399999997,0.0,0,1.1927017400000004
294622.74,0.0,0.06359095605953224,2024-08-27,0.0,-0.02039343128747617,0.0,3,139436.0,2037515.0,2332137.74,2192701.74,0.0,0,1.3321377400000003
294622.74,0.0,-0.0097671332225856,2024-08-28,0.0,-0.02996137914981134,0.0,3,-22778.299999999814,2014736.7000000002,2309359.4400000004,2332137.74,0.0,0,1.3093594400000006
294622.74,0.0,-0.009763226810634906,2024-08-29,0.0,-0.03943208622024719,0.0,3,-22546.80000000028,1992189.9,2286812.6399999997,2309359.4400000004,0.0,0,1.2868126399999995
294622.74,0.0,-0.02725269176402656,2024-08-30,0.0,-0.06561014749290084,0.0,3,-62321.799999999814,1929868.1,2224490.84,2286812.6399999997,0.0,0,1.2244908399999996
294622.74,0.0,-0.022602790308635434,2024-09-02,0.0,-0.0867299653956356,0.0,3,-50279.700000000186,1879588.4,2174211.1399999997,2224490.84,0.0,0,1.1742111399999997
294622.74,0.0,0.009196438943827712,2024-09-03,0.0,-0.0783311332831691,0.0,3,19995.0,1899583.4,2194206.1399999997,2174211.1399999997,0.0,0,1.1942061399999995
294622.74,0.0,0.012050736490966552,2024-09-04,0.0,-0.06722434463843685,0.0,3,26441.80000000028,1926025.2000000002,2220647.9400000004,2194206.1399999997,0.0,0,1.2206479400000005
294622.74,0.0,-0.02734544224961677,2024-09-05,0.0,-0.09273150745397496,0.0,3,-60724.60000000009,1865300.6,2159923.34,2220647.9400000004,0.0,0,1.1599233399999997
294622.74,0.0,-0.011218175919150641,2024-09-06,0.0,-0.10290940500925894,0.0,3,-24230.399999999907,1841070.2000000002,2135692.9400000004,2159923.34,0.0,0,1.1356929400000002
294622.74,0.0,0.01863367118683268,2024-09-09,0.0,-0.08619331383740148,0.0,3,39795.799999999814,1880866.0,2175488.74,2135692.9400000004,0.0,0,1.17548874
294622.74,0.0,-0.020303529587563207,2024-09-10,0.0,-0.10474681492721682,0.0,3,-44170.10000000009,1836695.9,2131318.6399999997,2175488.74,0.0,0,1.1313186399999995
294622.74,0.0,0.00806918293549952,2024-09-11,0.0,-0.09752285320327592,0.0,3,17198.0,1853893.9,2148516.6399999997,2131318.6399999997,0.0,0,1.1485166399999995
294622.74,0.0,0.02904920485046847,2024-09-12,0.0,-0.07130660969311164,0.0,3,62412.700000000186,1916306.6,2210929.34,2148516.6399999997,0.0,0,1.2109293399999999
294622.74,0.0,0.0033323995781793236,2024-09-13,0.0,-0.06821183223099503,0.0,3,7367.699999999721,1923674.2999999998,2218297.04,2210929.34,0.0,0,1.21829704
294622.74,0.0,0.003077901596082011,2024-09-16,0.0,-0.06534387994220847,0.0,3,6827.700000000186,1930502.0,2225124.74,2218297.04,0.0,0,1.22512474
294622.74,0.0,-0.029329501769864708,2024-09-18,0.0,-0.09275687826965828,0.0,3,-65261.799999999814,1865240.2000000002,2159862.9400000004,2225124.74,0.0,0,1.1598629400000005
294622.74,0.0,0.01776802559517976,2024-09-19,0.0,-0.07663695926170289,0.0,3,38376.5,1903616.7000000002,2198239.4400000004,2159862.9400000004,0.0,0,1.1982394400000005
294622.74,0.0,-0.014153690191274215,2024-09-20,0.0,-0.08970595367438572,0.0,3,-31113.200000000186,1872503.5,2167126.24,2198239.4400000004,0.0,0,1.1671262400000004
294622.74,0.0,-0.03658494763092357,2024-09-23,0.0,-0.12300901368794981,0.0,3,-79284.20000000019,1793219.2999999998,2087842.0399999998,2167126.24,0.0,0,1.08784204
294622.74,0.0,-0.0032143715240064985,2024-09-24,0.0,-0.12582798854116173,0.0,3,-6711.0999999996275,1786508.2000000002,2081130.9400000002,2087842.0399999998,0.0,0,1.08113094
294622.74,0.0,0.03827529468184232,2024-09-25,0.0,-0.09236879719995572,0.0,3,79655.8999999999,1866164.1,2160786.84,2081130.9400000002,0.0,0,1.1607868399999997
294622.74,0.0,-0.0036826399775737872,2024-09-26,0.0,-0.09571127615228059,0.0,3,-7957.399999999907,1858206.7000000002,2152829.4400000004,2160786.84,0.0,0,1.1528294400000005
294622.74,0.0,-0.016156830333944328,2024-09-27,0.0,-0.11032171563638726,0.0,3,-34782.90000000037,1823423.7999999998,2118046.54,2152829.4400000004,0.0,0,1.11804654
294622.74,0.0,-0.006392116388528324,2024-09-30,0.0,-0.11600864277838574,0.0,3,-13538.799999999814,1809885.0,2104507.74,2118046.54,0.0,0,1.1045077400000003
294622.74,0.0,0.003588915287144223,2024-10-01,0.0,-0.11283607268274964,0.0,3,7552.899999999907,1817437.9,2112060.6399999997,2104507.74,0.0,0,1.1120606399999997
294622.74,0.0,-0.03157655549132332,2024-10-04,0.0,-0.14084965366358315,0.0,3,-66691.6000000001,1750746.2999999998,2045369.0399999998,2112060.6399999997,0.0,0,1.0453690399999997
294622.74,0.0,0.03002460621971692,2024-10-07,0.0,-0.11505400283129874,0.0,3,61411.40000000037,1812157.7000000002,2106780.4400000004,2045369.0399999998,0.0,0,1.1067804400000005
294622.74,0.0,-0.009684919990998297,2024-10-08,0.0,-0.12362463401023183,0.0,3,-20404.0,1791753.7000000002,2086376.4400000002,2106780.4400000004,0.0,0,1.08637644
294622.74,0.0,-0.03162010878535426,2024-10-09,0.0,-0.151335718419633,0.0,3,-65971.45000000019,1725782.25,2020404.99,2086376.4400000002,0.0,0,1.0204049899999998
888326.32,5348.0,-0.023423358304020092,2024-10-11,0.0,-0.17121428596691368,12919.874999999984,2,-54896.549999999814,1084754.0,1973080.3199999998,2020404.99,0.0,0,0.9730803199999998
888326.32,0.0,0.007044822179362642,2024-10-14,0.0,-0.16537563798675448,0.0,2,13900.0,1098654.0,1986980.3199999998,1973080.3199999998,0.0,0,0.9869803199999998
888326.32,0.0,-0.008963349974196011,2024-10-15,0.0,-0.1728566682404693,0.0,2,-17810.0,1080844.0,1969170.3199999998,1986980.3199999998,0.0,0,0.9691703199999999
298978.32,3473.0,0.015786851794516332,2024-10-16,0.0,-0.15979867904915912,-875.0,3,35435.0,1701279.0,2000257.32,1969170.3199999998,0.0,0,1.0002573200000002
298978.32,0.0,0.020292639149046998,2024-10-17,0.0,-0.1427487768305511,0.0,3,40590.5,1741869.5,2040847.82,2000257.32,0.0,0,1.0408478200000002
298978.32,0.0,-0.01585468533366685,2024-10-18,0.0,-0.1563402252258037,0.0,3,-32357.0,1709512.5,2008490.82,2040847.82,0.0,0,1.00849082
298978.32,0.0,0.013220623034762014,2024-10-21,0.0,-0.14518651737392185,0.0,3,26553.5,1736066.0,2035044.32,2008490.82,0.0,0,1.03504432
298978.32,0.0,-0.017217806833808913,2024-10-22,0.0,-0.15990453079671307,0.0,3,-35039.0,1701027.0,2000005.32,2035044.32,0.0,0,1.00000532
298978.32,0.0,-0.008280977972598635,2024-10-23,0.0,-0.16686134287206544,0.0,3,-16562.0,1684465.0,1983443.32,2000005.32,0.0,0,0.9834433200000001
298978.32,0.0,-0.02756191691930976,2024-10-24,0.0,-0.18982424132209086,0.0,3,-54667.5,1629797.5,1928775.82,1983443.32,0.0,0,0.92877582
298978.32,0.0,-0.0070127382662853455,2024-10-25,0.0,-0.19550579186738826,0.0,3,-13526.0,1616271.5,1915249.82,1928775.82,0.0,0,0.9152498200000001
298978.32,0.0,-0.028498893162668515,2024-10-28,0.0,-0.21843298635494512,0.0,3,-54582.5,1561689.0,1860667.32,1915249.82,0.0,0,0.8606673200000001
298978.32,0.0,-0.005141434955712509,2024-10-29,0.0,-0.22245136231913165,0.0,3,-9566.5,1552122.5,1851100.82,1860667.32,0.0,0,0.8511008200000001
298978.32,0.0,-0.0015209868471669497,2024-10-30,0.0,-0.2236340035700769,0.0,3,-2815.5,1549307.0,1848285.32,1851100.82,0.0,0,0.84828532
761451.82,4165.0,0.008468118980677675,2024-11-01,0.0,-0.21705964393975596,-5822.5,3,25639.0,1102485.0,1863936.8199999998,1848285.32,0.0,0,0.8639368199999999
790303.82,260.0,-0.010517523871865997,2024-11-04,0.0,-0.2252942378248669,216.0,2,-19560.0,1054029.0,1844332.8199999998,1863936.8199999998,0.0,0,0.8443328199999998
223389.82,3340.0,0.03167080223622554,2024-11-05,0.0,-0.2007586848397538,4396.5,3,57355.0,1679354.5,1902744.32,1844332.8199999998,0.0,0,0.90274432
223389.82,0.0,-0.002419137427775886,2024-11-06,0.0,-0.2026921594190828,0.0,3,-4603.0,1674751.5,1898141.32,1902744.32,0.0,0,0.8981413200000001
223389.82,0.0,0.013636234419047266,2024-11-07,0.0,-0.191819882800777,0.0,3,25883.5,1700635.0,1924024.82,1898141.32,0.0,0,0.9240248200000001
223389.82,0.0,0.0066836455883141355,2024-11-08,0.0,-0.1864182933258951,0.0,3,12859.5,1713494.5,1936884.32,1924024.82,0.0,0,0.9368843200000001
405499.82,1640.0,-0.004526083416277582,2024-11-11,0.0,-0.1901006319962596,-525.0,3,-6601.5,1522618.0,1928117.82,1936884.32,0.0,0,0.92811782
580132.82,1572.0,-0.025314324411980338,2024-11-12,0.0,-0.21060268733896403,-255.0,3,-46982.0,1299176.0,1879308.8199999998,1928117.82,0.0,0,0.8793088199999999
701648.82,1094.0,0.006934996452578668,2024-11-13,0.0,-0.2051282197759846,0.0,2,14127.0,1190693.0,1892341.8199999998,1879308.8199999998,0.0,0,0.8923418199999997
1229024.82,4749.0,-0.011778527412135142,2024-11-14,0.0,-0.21449063882848585,6187.5,2,-23727.5,641028.0,1870052.82,1892341.8199999998,0.0,0,0.8700528200000002
144766.12,6555.0,-0.021687087961504647,2024-11-15,0.0,-0.23152604943879773,-30067.499999999978,4,-3933.5,1684730.7000000002,1829496.8200000003,1870052.82,0.0,0,0.8294968200000004
153016.62,82.0,-0.016811125148608053,2024-11-18,0.0,-0.24444496119512726,82.5,4,-30756.400000000373,1645724.2999999998,1798740.92,1829496.8200000003,0.0,0,0.79874092
158646.12,63.0,0.03549082543805149,2024-11-19,0.0,-0.21762968920406334,-112.5,4,64014.30000000028,1703933.6,1862579.7200000002,1798740.92,0.0,0,0.8625797200000003
165671.12,73.0,-0.003936207358684274,2024-11-20,0.0,-0.2207092609786343,-14.0,4,-7244.5,1689577.1,1855248.2200000002,1862579.7200000002,0.0,0,0.8552482200000002
171815.87,66.0,0.025575203085223874,2024-11-21,0.0,-0.20077874206572865,85.75,4,47428.60000000009,1730880.7000000002,1902696.5700000003,1855248.2200000002,0.0,0,0.9026965700000003
176190.37,53.0,0.0245652936663463,2024-11-22,0.0,-0.1811456371601866,17.5,4,46775.799999999814,1773246.5,1949436.87,1902696.5700000003,0.0,0,0.9494368700000002
181760.37,62.0,0.020758404964404065,2024-11-25,0.0,-0.16414752668948884,-110.0,4,40639.200000000186,1808143.7000000002,1989904.0700000003,1949436.87,0.0,0,0.9899040700000004
207908.37,236.0,-0.012063295091406245,2024-11-26,0.0,-0.17423066172791524,291.0,3,-24059.80000000028,1757990.9,1965899.27,1989904.0700000003,0.0,0,0.96589927
207908.37,0.0,-0.02647795886307036,2024-11-27,0.0,-0.19609534829706832,0.0,3,-52053.0,1705937.9,1913846.27,1965899.27,0.0,0,0.9138462700000001
207908.37,0.0,-0.005832129871120584,2024-11-28,0.0,-0.20078382462979782,0.0,3,-11161.799999999814,1694776.1,1902684.4700000002,1913846.27,0.0,0,0.9026844700000003
207908.37,0.0,0.006461081799863377,2024-11-29,0.0,-0.1956200235449569,0.0,3,12293.399999999907,1707069.5,1914977.87,1902684.4700000002,0.0,0,0.9149778700000002
207908.37,0.0,0.0015237774001013449,2024-12-02,0.0,-0.1943943275157407,0.0,3,2918.0,1709987.5,1917895.87,1914977.87,0.0,0,0.9178958700000002
207908.37,0.0,0.01956571291850162,2024-12-03,0.0,-0.17863207820239724,0.0,3,37525.0,1747512.5,1955420.87,1917895.87,0.0,0,0.9554208700000002
207908.37,0.0,-4.3417763051611935e-05,2024-12-04,0.0,-0.17866774016020404,0.0,3,-84.89999999990687,1747427.6,1955335.9700000002,1955420.87,0.0,0,0.9553359700000001
207908.37,0.0,0.010741172014546496,2024-12-05,0.0,-0.1698456690761686,0.0,3,21002.600000000093,1768430.2000000002,1976338.5700000003,1955335.9700000002,0.0,0,0.9763385700000002
207908.37,0.0,-0.0015281794556082362,2024-12-06,0.0,-0.1711142938696707,0.0,3,-3020.2000000001863,1765410.0,1973318.37,1976338.5700000003,0.0,0,0.9733183700000001
207908.37,0.0,-0.000744684700827114,2024-12-09,0.0,-0.17173155237376014,0.0,3,-1469.5,1763940.5,1971848.87,1973318.37,0.0,0,0.9718488700000001
207908.37,0.0,-0.022718576804519608,2024-12-10,0.0,-0.19054863271591704,0.0,3,-44797.60000000009,1719142.9,1927051.27,1971848.87,0.0,0,0.92705127
207908.37,0.0,-0.007474684365818662,2024-12-11,0.0,-0.19659902619584602,0.0,3,-14404.100000000093,1704738.7999999998,1912647.17,1927051.27,0.0,0,0.9126471699999998
207908.37,0.0,0.008276069025318522,2024-12-12,0.0,-0.18995002428163466,0.0,3,15829.200000000186,1720568.0,1928476.37,1912647.17,0.0,0,0.92847637
207908.37,0.0,-0.025164114403952942,2024-12-13,0.0,-0.21033421454353085,0.0,3,-48528.39999999991,1672039.6,1879947.9700000002,1928476.37,0.0,0,0.8799479700000001
207908.37,0.0,-0.02706495116457941,2024-12-16,0.0,-0.2317064804632495,0.0,3,-50880.700000000186,1621158.9,1829067.27,1879947.9700000002,0.0,0,0.8290672699999999
207908.37,0.0,-0.002702798350330826,2024-12-17,0.0,-0.2337830229204233,0.0,3,-4943.600000000093,1616215.2999999998,1824123.67,1829067.27,0.0,0,0.8241236699999999
207908.37,0.0,-0.00017674240255860507,2024-12-18,0.0,-0.23391844594983358,0.0,3,-322.39999999990687,1615892.9,1823801.27,1824123.67,0.0,0,0.8238012699999999
207908.37,0.0,-0.005149135574403885,2024-12-19,0.0,-0.23786310373268782,0.0,3,-9391.0,1606501.9,1814410.27,1823801.27,0.0,0,0.81441027
207908.37,0.0,-0.008696489576197064,2024-12-20,0.0,-0.2444910193067118,0.0,3,-15779.0,1590722.9,1798631.27,1814410.27,0.0,0,0.79863127
207908.37,0.0,0.012145179706566589,2024-12-23,0.0,-0.23531522696626683,0.0,3,21844.700000000186,1612567.6,1820475.9700000002,1798631.27,0.0,0,0.8204759700000002
207908.37,0.0,-0.009418525859476334,2024-12-24,0.0,-0.24251743027543282,0.0,3,-17146.200000000186,1595421.4,1803329.77,1820475.9700000002,0.0,0,0.8033297699999999
207908.37,0.0,0.007252860911845405,2024-12-25,0.0,-0.23702351455407322,0.0,3,13079.30000000028,1608500.7000000002,1816409.0700000003,1803329.77,0.0,0,0.8164090700000004
207908.37,0.0,-0.011107685120731126,2024-12-26,0.0,-0.2454984171089286,0.0,3,-20176.100000000093,1588324.6,1796232.9700000002,1816409.0700000003,0.0,0,0.7962329700000002
207908.37,0.0,0.004340138573450059,2024-12-27,0.0,-0.24222377568529396,0.0,3,7795.899999999907,1596120.5,1804028.87,1796232.9700000002,0.0,0,0.80402887
207908.37,0.0,-0.008723031134196924,2024-12-30,0.0,-0.2488338812827453,0.0,3,-15736.600000000093,1580383.9,1788292.27,1804028.87,0.0,0,0.7882922700000001
702324.87,4452.0,-0.0001491366956474227,2024-12-31,0.0,-0.24894590771557312,396.5,2,3788.8000000002794,1085700.7000000002,1788025.5700000003,1788292.27,0.0,0,0.7880255700000003
167008.12,3154.0,-0.020301751053817596,2025-01-02,0.0,-0.2641936209250825,-22810.75,3,-10335.30000000028,1584717.4,1751725.52,1788025.5700000003,0.0,0,0.7517255199999999
167008.12,0.0,0.003372617417824575,2025-01-03,0.0,-0.261712027514868,0.0,3,5907.899999999907,1590625.2999999998,1757633.42,1751725.52,0.0,0,0.7576334199999999
167008.12,0.0,0.02189825225330555,2025-01-06,0.0,-0.24554481125780703,0.0,3,38489.10000000009,1629114.4,1796122.52,1757633.42,0.0,0,0.79612252
167008.12,0.0,0.028993623441679217,2025-01-07,0.0,-0.22367042161179485,0.0,3,52076.10000000009,1681190.5,1848198.62,1796122.52,0.0,0,0.84819862
167008.12,0.0,-0.0033065169153735363,2025-01-08,0.0,-0.22623736849464027,0.0,3,-6111.100000000093,1675079.4,1842087.52,1848198.62,0.0,0,0.84208752
167008.12,0.0,-0.01959716875992934,2025-01-09,0.0,-0.24140092536437785,0.0,3,-36099.69999999972,1638979.7000000002,1805987.8200000003,1842087.52,0.0,0,0.8059878200000004
167008.12,0.0,-0.0004954075493156518,2025-01-10,0.0,-0.24177674107285618,0.0,3,-894.7000000001863,1638085.0,1805093.12,1805987.8200000003,0.0,0,0.8050931200000002
167008.12,0.0,-0.019690563110671966,2025-01-13,0.0,-0.25670658400474056,0.0,3,-35543.299999999814,1602541.7000000002,1769549.8200000003,1805093.12,0.0,0,0.7695498200000004
167008.12,0.0,-0.008141505730536736,2025-01-14,0.0,-0.2627581116105362,0.0,3,-14406.80000000028,1588134.9,1755143.02,1769549.8200000003,0.0,0,0.75514302
167008.12,0.0,-0.012871885505945868,2025-01-15,0.0,-0.27224780478807264,0.0,3,-22592.0,1565542.9,1732551.02,1755143.02,0.0,0,0.73255102
167008.12,0.0,0.00549738500630137,2025-01-16,0.0,-0.26824707078181176,0.0,3,9524.5,1575067.4,1742075.52,1732551.02,0.0,0,0.74207552
167008.12,0.0,0.016279776435868865,2025-01-17,0.0,-0.25633429668784746,0.0,3,28360.600000000093,1603428.0,1770436.12,1742075.52,0.0,0,0.7704361200000001
167008.12,0.0,0.015078657568283083,2025-01-20,0.0,-0.24512081620232706,0.0,3,26695.799999999814,1630123.7999999998,1797131.92,1770436.12,0.0,0,0.79713192
167008.12,0.0,-0.010502623535839084,2025-01-21,0.0,-0.25304902808479546,0.0,3,-18874.599999999627,1611249.2000000002,1778257.3200000003,1797131.92,0.0,0,0.7782573200000003
167008.12,0.0,0.030837381847526935,2025-01-22,0.0,-0.23001501574246497,0.0,3,54836.799999999814,1666086.0,1833094.12,1778257.3200000003,0.0,0,0.8330941200000002
167008.12,0.0,0.003199235618081664,2025-02-03,0.0,-0.22755165235544028,0.0,3,5864.5,1671950.5,1838958.62,1833094.12,0.0,0,0.8389586200000001
167008.12,0.0,-0.017068518920779097,2025-02-04,0.0,-0.24073620159253595,0.0,3,-31388.299999999814,1640562.2000000002,1807570.3200000003,1838958.62,0.0,0,0.8075703200000004
167008.12,0.0,0.00923825746375373,2025-02-05,0.0,-0.2337219271399401,0.0,3,16698.799999999814,1657261.0,1824269.12,1807570.3200000003,0.0,0,0.8242691200000001
167008.12,0.0,-0.0027032743940762494,2025-02-06,0.0,-0.23579338703304487,0.0,3,-4931.5,1652329.5,1819337.62,1824269.12,0.0,0,0.8193376200000002
167008.12,0.0,0.03138433426116927,2025-02-07,0.0,-0.21180927124709392,0.0,3,57098.700000000186,1709428.2000000002,1876436.3200000003,1819337.62,0.0,0,0.8764363200000003
167008.12,0.0,-0.012803152307348409,2025-02-10,0.0,-0.22190059719455724,0.0,3,-24024.30000000028,1685403.9,1852412.02,1876436.3200000003,0.0,0,0.85241202
167008.12,0.0,0.009408328067316285,2025-02-11,0.0,-0.2145799827439807,0.0,3,17428.100000000093,1702832.0,1869840.12,1852412.02,0.0,0,0.8698401200000001
167008.12,0.0,-0.010364362061073051,2025-02-12,0.0,-0.22272036017283636,0.0,3,-19379.700000000186,1683452.2999999998,1850460.42,1869840.12,0.0,0,0.8504604199999999
167008.12,0.0,-0.0012935699537954815,2025-02-13,0.0,-0.22372582576061373,0.0,3,-2393.6999999997206,1681058.6,1848066.7200000002,1850460.42,0.0,0,0.8480667200000003
167008.12,0.0,-0.020119619923678944,2025-02-14,0.0,-0.23934416710287787,0.0,3,-37182.39999999991,1643876.2000000002,1810884.3200000003,1848066.7200000002,0.0,0,0.8108843200000002
167008.12,0.0,0.011978070471116542,2025-02-17,0.0,-0.23023297793217035,0.0,3,21690.899999999907,1665567.1,1832575.2200000002,1810884.3200000003,0.0,0,0.8325752200000003
167008.12,0.0,0.0053549780073964826,2025-02-18,0.0,-0.22611089245817795,0.0,3,9813.399999999907,1675380.5,1842388.62,1832575.2200000002,0.0,0,0.8423886200000001
167008.12,0.0,-0.0033016921261703747,2025-02-19,0.0,-0.22866603603107782,0.0,3,-6083.0,1669297.5,1836305.62,1842388.62,0.0,0,0.8363056200000001
167008.12,0.0,-0.00711629908315603,2025-02-20,0.0,-0.2341550792116769,0.0,3,-13067.700000000186,1656229.7999999998,1823237.92,1836305.62,0.0,0,0.82323792
167008.12,0.0,0.007730093722491338,2025-02-21,0.0,-0.22823502619708924,0.0,3,14093.80000000028,1670323.6,1837331.7200000002,1823237.92,0.0,0,0.8373317200000001
1037745.02,7841.0,-0.003719469884295057,2025-02-24,0.0,-0.2311055827749029,1630.099999999994,3,-623.0,792752.8,1830497.82,1837331.7200000002,0.0,0,0.8304978200000002
1324145.92,2593.0,-0.005683645119009317,2025-02-25,0.0,-0.23547570577639787,1894.8999999999996,1,-9705.800000000047,495948.0,1820093.92,1830497.82,0.0,0,0.8200939199999999
1324145.92,0.0,-0.005523341344934596,2025-02-26,0.0,-0.23969843441988992,0.0,1,-10053.0,485895.0,1810040.92,1820093.92,0.0,0,0.8100409199999998
1324145.92,0.0,-0.00030855656014672217,2025-02-27,0.0,-0.23993303045563952,0.0,1,-558.5,485336.5,1809482.42,1810040.92,0.0,0,0.8094824199999999
1324145.92,0.0,-0.006481687730351071,2025-03-03,0.0,-0.24485954720638037,0.0,1,-11728.5,473608.0,1797753.92,1809482.42,0.0,0,0.7977539199999999
1324145.92,0.0,0.02081458401158698,2025-03-04,0.0,-0.22914161281115963,0.0,1,37419.5,511027.5,1835173.42,1797753.92,0.0,0,0.8351734199999998
1324145.92,0.0,-0.003043309116802728,2025-03-05,0.0,-0.23148757316865531,0.0,1,-5585.0,505442.5,1829588.42,1835173.42,0.0,0,0.8295884199999999
1324145.92,0.0,-0.0027473392075798575,2025-03-06,0.0,-0.23359893749040128,0.0,1,-5026.5,500416.0,1824561.92,1829588.42,0.0,0,0.8245619199999998
1324145.92,0.0,-0.005203714873102228,2025-03-07,0.0,-0.23758707009814395,0.0,1,-9494.5,490921.5,1815067.42,1824561.92,0.0,0,0.8150674199999999
1324145.92,0.0,-0.006154041374397012,2025-03-10,0.0,-0.2422789908131352,0.0,1,-11170.0,479751.5,1803897.42,1815067.42,0.0,0,0.80389742
1324145.92,0.0,-0.005572933299056393,2025-03-11,0.0,-0.24650171945662724,0.0,1,-10053.0,469698.5,1793844.42,1803897.42,0.0,0,0.7938444199999999
1324145.92,0.0,-0.0018680549788147038,2025-03-12,0.0,-0.24790929567112463,0.0,1,-3351.0,466347.5,1790493.42,1793844.42,0.0,0,0.79049342
1324145.92,0.0,0.004055027468349959,2025-03-13,0.0,-0.24485954720638037,0.0,1,7260.5,473608.0,1797753.92,1790493.42,0.0,0,0.7977539199999999
1324145.92,0.0,-0.0065239740931840595,2025-03-14,0.0,-0.24978606395712122,0.0,1,-11728.5,461879.5,1786025.42,1797753.92,0.0,0,0.7860254199999999
1324145.92,0.0,-0.0028143496412273983,2025-03-17,0.0,-0.2518974282788672,0.0,1,-5026.5,456853.0,1780998.92,1786025.42,0.0,0,0.7809989199999998
1324145.92,0.0,0.012543522485684688,2025-03-18,0.0,-0.2425135868488847,0.0,1,22340.0,479193.0,1803338.92,1780998.92,0.0,0,0.8033389199999998
1324145.92,0.0,-0.0012388131677433245,2025-03-19,0.0,-0.24345197099188298,0.0,1,-2234.0,476959.0,1801104.92,1803338.92,0.0,0,0.80110492
1324145.92,0.0,0.0052714863496126085,2025-03-20,0.0,-0.23946383838414043,0.0,1,9494.5,486453.5,1810599.42,1801104.92,0.0,0,0.81059942
1324145.92,0.0,0.0012338455294544914,2025-03-21,0.0,-0.23852545424114213,0.0,1,2234.0,488687.5,1812833.42,1810599.42,0.0,0,0.81283342
1324145.92,0.0,-0.0024646500614491362,2025-03-24,0.0,-0.2404022225271386,0.0,1,-4468.0,484219.5,1808365.42,1812833.42,0.0,0,0.8083654199999999
1324145.92,0.0,0.012971382741879589,2025-03-25,0.0,-0.23054918902565702,0.0,1,23457.0,507676.5,1831822.42,1808365.42,0.0,0,0.83182242
1324145.92,0.0,0.0012195505282657226,2025-03-26,0.0,-0.22961080488265873,0.0,1,2234.0,509910.5,1834056.42,1831822.42,0.0,0,0.83405642
1324145.92,0.0,0.0003045162591017725,2025-03-27,0.0,-0.22937620884690924,0.0,1,558.5,510469.0,1834614.92,1834056.42,0.0,0,0.8346149199999999
1324145.92,0.0,-0.002435388457431742,2025-03-28,0.0,-0.2312529771329057,0.0,1,-4468.0,506001.0,1830146.92,1834614.92,0.0,0,0.83014692
1324145.92,0.0,0.0021361672974320456,2025-03-31,0.0,-0.22961080488265873,0.0,1,3909.5,509910.5,1834056.42,1830146.92,0.0,0,0.83405642
1324145.92,0.0,0.000609032518203545,2025-04-01,0.0,-0.22914161281115963,0.0,1,1117.0,511027.5,1835173.42,1834056.42,0.0,0,0.8351734199999998
1324145.92,0.0,0.0,2025-04-02,0.0,-0.22914161281115963,0.0,1,0.0,511027.5,1835173.42,1835173.42,0.0,0,0.8351734199999998
1324145.92,0.0,-0.027694112962904582,2025-04-07,0.0,-0.2504898520643698,0.0,1,-50823.5,460204.0,1784349.92,1835173.42,0.0,0,0.7843499199999999
1324145.92,0.0,0.007511979488866283,2025-04-08,0.0,-0.24485954720638037,0.0,1,13404.0,473608.0,1797753.92,1784349.92,0.0,0,0.7977539199999999
1324145.92,0.0,-0.003727985196105177,2025-04-09,0.0,-0.24767469963537514,0.0,1,-6702.0,466906.0,1791051.92,1797753.92,0.0,0,0.7910519199999999
1324145.92,0.0,0.025881717599788967,2025-04-10,0.0,-0.22820322866816134,0.0,1,46355.5,513261.5,1837407.42,1791051.92,0.0,0,0.8374074199999999
1324145.92,0.0,-0.008510905001134716,2025-04-11,0.0,-0.23477191766914918,0.0,1,-15638.0,497623.5,1821769.42,1837407.42,0.0,0,0.8217694199999999
1324145.92,0.0,-0.007664252043488529,2025-04-14,0.0,-0.2406368185628882,0.0,1,-13962.5,483661.0,1807806.92,1821769.42,0.0,0,0.80780692
1814589.17,4417.0,0.003751645114844493,2025-04-15,0.0,-0.23778795739285696,-7789.75,0,18989.0,0.0,1814589.17,1807806.92,0.0,0,0.8145891699999999
1814589.17,0.0,0.0,2025-04-16,0.0,-0.23778795739285696,0.0,0,0.0,0.0,1814589.17,1814589.17,0.0,0,0.8145891699999999
1814589.17,0.0,0.0,2025-04-17,0.0,-0.23778795739285696,0.0,0,0.0,0.0,1814589.17,1814589.17,0.0,0,0.8145891699999999
1814589.17,0.0,0.0,2025-04-18,0.0,-0.23778795739285696,0.0,0,0.0,0.0,1814589.17,1814589.17,0.0,0,0.8145891699999999
1814589.17,0.0,0.0,2025-04-21,0.0,-0.23778795739285696,0.0,0,0.0,0.0,1814589.17,1814589.17,0.0,0,0.8145891699999999
1814589.17,0.0,0.0,2025-04-22,0.0,-0.23778795739285696,0.0,0,0.0,0.0,1814589.17,1814589.17,0.0,0,0.8145891699999999
1814589.17,0.0,0.0,2025-04-23,0.0,-0.23778795739285696,0.0,0,0.0,0.0,1814589.17,1814589.17,0.0,0,0.8145891699999999
1814589.17,0.0,0.0,2025-04-24,0.0,-0.23778795739285696,0.0,0,0.0,0.0,1814589.17,1814589.17,0.0,0,0.8145891699999999
1814589.17,0.0,0.0,2025-04-25,0.0,-0.23778795739285696,0.0,0,0.0,0.0,1814589.17,1814589.17,0.0,0,0.8145891699999999
1814589.17,0.0,0.0,2025-04-28,0.0,-0.23778795739285696,0.0,0,0.0,0.0,1814589.17,1814589.17,0.0,0,0.8145891699999999
1814589.17,0.0,0.0,2025-04-29,0.0,-0.23778795739285696,0.0,0,0.0,0.0,1814589.17,1814589.17,0.0,0,0.8145891699999999
1814589.17,0.0,0.0,2025-04-30,0.0,-0.23778795739285696,0.0,0,0.0,0.0,1814589.17,1814589.17,0.0,0,0.8145891699999999
1814589.17,0.0,0.0,2025-05-02,0.0,-0.23778795739285696,0.0,0,0.0,0.0,1814589.17,1814589.17,0.0,0,0.8145891699999999
1814589.17,0.0,0.0,2025-05-05,0.0,-0.23778795739285696,0.0,0,0.0,0.0,1814589.17,1814589.17,0.0,0,0.8145891699999999
1814589.17,0.0,0.0,2025-05-06,0.0,-0.23778795739285696,0.0,0,0.0,0.0,1814589.17,1814589.17,0.0,0,0.8145891699999999
1814589.17,0.0,0.0,2025-05-07,0.0,-0.23778795739285696,0.0,0,0.0,0.0,1814589.17,1814589.17,0.0,0,0.8145891699999999
1814589.17,0.0,0.0,2025-05-08,0.0,-0.23778795739285696,0.0,0,0.0,0.0,1814589.17,1814589.17,0.0,0,0.8145891699999999
1814589.17,0.0,0.0,2025-05-09,0.0,-0.23778795739285696,0.0,0,0.0,0.0,1814589.17,1814589.17,0.0,0,0.8145891699999999
1814589.17,0.0,0.0,2025-05-12,0.0,-0.23778795739285696,0.0,0,0.0,0.0,1814589.17,1814589.17,0.0,0,0.8145891699999999
1814589.17,0.0,0.0,2025-05-13,0.0,-0.23778795739285696,0.0,0,0.0,0.0,1814589.17,1814589.17,0.0,0,0.8145891699999999
1814589.17,0.0,0.0,2025-05-14,0.0,-0.23778795739285696,0.0,0,0.0,0.0,1814589.17,1814589.17,0.0,0,0.8145891699999999
1814589.17,0.0,0.0,2025-05-15,0.0,-0.23778795739285696,0.0,0,0.0,0.0,1814589.17,1814589.17,0.0,0,0.8145891699999999
1814589.17,0.0,0.0,2025-05-16,0.0,-0.23778795739285696,0.0,0,0.0,0.0,1814589.17,1814589.17,0.0,0,0.8145891699999999
1814589.17,0.0,0.0,2025-05-19,0.0,-0.23778795739285696,0.0,0,0.0,0.0,1814589.17,1814589.17,0.0,0,0.8145891699999999
1814589.17,0.0,0.0,2025-05-20,0.0,-0.23778795739285696,0.0,0,0.0,0.0,1814589.17,1814589.17,0.0,0,0.8145891699999999
1814589.17,0.0,0.0,2025-05-21,0.0,-0.23778795739285696,0.0,0,0.0,0.0,1814589.17,1814589.17,0.0,0,0.8145891699999999
1814589.17,0.0,0.0,2025-05-22,0.0,-0.23778795739285696,0.0,0,0.0,0.0,1814589.17,1814589.17,0.0,0,0.8145891699999999
1814589.17,0.0,0.0,2025-05-23,0.0,-0.23778795739285696,0.0,0,0.0,0.0,1814589.17,1814589.17,0.0,0,0.8145891699999999
1814589.17,0.0,0.0,2025-05-26,0.0,-0.23778795739285696,0.0,0,0.0,0.0,1814589.17,1814589.17,0.0,0,0.8145891699999999
1814589.17,0.0,0.0,2025-05-27,0.0,-0.23778795739285696,0.0,0,0.0,0.0,1814589.17,1814589.17,0.0,0,0.8145891699999999
1814589.17,0.0,0.0,2025-05-28,0.0,-0.23778795739285696,0.0,0,0.0,0.0,1814589.17,1814589.17,0.0,0,0.8145891699999999
1814589.17,0.0,0.0,2025-05-29,0.0,-0.23778795739285696,0.0,0,0.0,0.0,1814589.17,1814589.17,0.0,0,0.8145891699999999
1814589.17,0.0,0.0,2025-06-02,0.0,-0.23778795739285696,0.0,0,0.0,0.0,1814589.17,1814589.17,0.0,0,0.8145891699999999
1814589.17,0.0,0.0,2025-06-03,0.0,-0.23778795739285696,0.0,0,0.0,0.0,1814589.17,1814589.17,0.0,0,0.8145891699999999
1814589.17,0.0,0.0,2025-06-04,0.0,-0.23778795739285696,0.0,0,0.0,0.0,1814589.17,1814589.17,0.0,0,0.8145891699999999
1814589.17,0.0,0.0,2025-06-05,0.0,-0.23778795739285696,0.0,0,0.0,0.0,1814589.17,1814589.17,0.0,0,0.8145891699999999
1814589.17,0.0,0.0,2025-06-06,0.0,-0.23778795739285696,0.0,0,0.0,0.0,1814589.17,1814589.17,0.0,0,0.8145891699999999
1814589.17,0.0,0.0,2025-06-09,0.0,-0.23778795739285696,0.0,0,0.0,0.0,1814589.17,1814589.17,0.0,0,0.8145891699999999
1814589.17,0.0,0.0,2025-06-10,0.0,-0.23778795739285696,0.0,0,0.0,0.0,1814589.17,1814589.17,0.0,0,0.8145891699999999
757618.17,6226.0,-0.005083795358483245,2025-06-11,0.0,-0.24166288743724318,-2999.0,2,0.0,1047746.0,1805364.17,1814589.17,0.0,0,0.8053641699999998
757618.17,0.0,9.859506627951653e-05,2025-06-12,0.0,-0.24158811913936773,0.0,2,178.0,1047924.0,1805542.17,1805364.17,0.0,0,0.8055421699999998
757618.17,0.0,2.4369411432800803e-05,2025-06-13,0.0,-0.24156963708820756,0.0,2,44.0,1047968.0,1805586.17,1805542.17,0.0,0,0.80558617
757618.17,0.0,0.006176387582764953,2025-06-16,0.0,-0.23688527721232733,0.0,2,11152.0,1059120.0,1816738.17,1805586.17,0.0,0,0.8167381699999998
757618.17,0.0,0.012056773156255085,2025-06-17,0.0,-0.22768457610747783,0.0,2,21904.0,1081024.0,1838642.17,1816738.17,0.0,0,0.83864217
757618.17,0.0,0.013629623212655817,2025-06-18,0.0,-0.21715820787850015,0.0,2,25060.0,1106084.0,1863702.17,1838642.17,0.0,0,0.8637021699999998
757618.17,0.0,-0.008868369778203378,2025-06-19,0.0,-0.22410073836886502,0.0,2,-16528.0,1089556.0,1847174.17,1863702.17,0.0,0,0.84717417
757618.17,0.0,-0.009621182608892775,2025-06-20,0.0,-0.23156580685112327,0.0,2,-17772.0,1071784.0,1829402.17,1847174.17,0.0,0,0.8294021699999998
757618.17,0.0,0.01887064559456597,2025-06-23,0.0,-0.21706495752946453,0.0,2,34522.0,1106306.0,1863924.17,1829402.17,0.0,0,0.86392417
757618.17,0.0,0.009951585101233063,2025-06-24,0.0,-0.2092735128255815,0.0,2,18549.0,1124855.0,1882473.17,1863924.17,0.0,0,0.8824731699999999
757618.17,0.0,0.0,2025-06-25,0.0,-0.2092735128255815,0.0,2,0.0,1124855.0,1882473.17,1882473.17,0.0,0,0.8824731699999999
275732.67,2840.0,0.000742640066418554,2025-06-26,0.0,-0.20868628765462738,11813.0,3,-7575.0,1608138.5,1883871.17,1882473.17,0.0,0,0.8838711699999999
275732.67,0.0,-0.009357593173422774,2025-06-27,0.0,-0.21609107944730632,0.0,3,-17628.5,1590510.0,1866242.67,1883871.17,0.0,0,0.8662426699999999
275732.67,0.0,0.013107620136024511,2025-06-30,0.0,-0.2058158990954606,0.0,3,24462.0,1614972.0,1890704.67,1866242.67,0.0,0,0.8907046699999999
275732.67,0.0,-0.007764036463717039,2025-07-01,0.0,-0.21198197341378777,0.0,3,-14679.5,1600292.5,1876025.17,1890704.67,0.0,0,0.8760251699999999
275732.67,0.0,-0.0023243291559889023,2025-07-02,0.0,-0.21381358668842687,0.0,3,-4360.5,1595932.0,1871664.67,1876025.17,0.0,0,0.8716646699999999
275732.67,0.0,0.03428391903128669,2025-07-03,0.0,-0.1868600353509552,0.0,3,64168.0,1660100.0,1935832.67,1871664.67,0.0,0,0.9358326699999999
275732.67,0.0,0.004529833665840588,2025-07-04,0.0,-0.18317664656404753,0.0,3,8769.0,1668869.0,1944601.67,1935832.67,0.0,0,0.94460167
275732.67,0.0,0.011603661741173,2025-07-07,0.0,-0.17369850466848624,0.0,3,22564.5,1691433.5,1967166.17,1944601.67,0.0,0,0.9671661699999998
275732.67,0.0,-0.005014573832367142,2025-07-08,0.0,-0.17784205452462154,0.0,3,-9864.5,1681569.0,1957301.67,1967166.17,0.0,0,0.9573016699999999
275732.67,0.0,0.016319916592111294,2025-07-09,0.0,-0.16442450542892184,0.0,3,31943.0,1713512.0,1989244.67,1957301.67,0.0,0,0.9892446699999999
275732.67,0.0,0.02378227309765779,2025-07-10,33300.259999999995,-0.144552620823322,0.0,3,14008.500000000015,1727520.5,2036553.43,1989244.67,33300.259999999995,0,1.03655343
275732.67,0.0,-0.02065916826940306,2025-07-11,0.0,-0.1622254521753529,0.0,3,-42073.5,1685447.0,1994479.93,2036553.43,33300.259999999995,0,0.99447993
275732.67,0.0,-0.014174371762166627,2025-07-14,0.0,-0.17410038006910045,0.0,3,-28270.5,1657176.5,1966209.43,1994479.93,33300.259999999995,0,0.9662094299999999
275732.67,0.0,0.019327290074079295,2025-07-15,0.0,-0.15813797854262412,0.0,3,38001.5,1695178.0,2004210.93,1966209.43,33300.259999999995,0,1.0042109299999997
275732.67,0.0,0.03779841675646378,2025-07-16,0.0,-0.1263169270041391,0.0,3,75756.0,1770934.0,2079966.93,2004210.93,33300.259999999995,0,1.0799669299999999
275732.67,0.0,0.013323288750556994,2025-07-17,0.0,-0.11467659514614126,0.0,3,27712.0,1798646.0,2107678.9299999997,2079966.93,33300.259999999995,0,1.1076789299999996
275732.67,0.0,0.029133469584003535,2025-07-18,0.0,-0.08888405265882493,0.0,3,61404.0,1860050.0,2169082.9299999997,2107678.9299999997,33300.259999999995,0,1.1690829299999996
275732.67,0.0,0.020469019135197275,2025-07-21,0.0,-0.07023440289831495,0.0,3,44399.0,1904449.0,2213481.9299999997,2169082.9299999997,33300.259999999995,0,1.2134819299999995
275732.67,0.0,-0.03155029144511701,2025-07-22,0.0,-0.09956877846251633,0.0,3,-69836.0,1834613.0,2143645.9299999997,2213481.9299999997,33300.259999999995,0,1.14364593
275732.67,0.0,0.003438067778292142,2025-07-23,0.0,-0.09647303489318004,0.0,3,7370.0,1841983.0,2151015.9299999997,2143645.9299999997,33300.259999999995,0,1.1510159299999998
275732.67,0.0,0.012817664255977856,2025-07-24,0.0,-0.08489192960821823,0.0,3,27571.0,1869554.0,2178586.9299999997,2151015.9299999997,33300.259999999995,0,1.1785869299999998
275732.67,0.0,-0.014369864965636192,2025-07-25,0.0,-0.09804190900871212,0.0,3,-31306.0,1838248.0,2147280.9299999997,2178586.9299999997,33300.259999999995,0,1.1472809299999995
275732.67,0.0,-0.004606290617036324,2025-07-28,0.0,-0.10219659010020521,0.0,3,-9891.0,1828357.0,2137389.9299999997,2147280.9299999997,33300.259999999995,0,1.1373899299999999
275732.67,0.0,-0.02866206074059674,2025-07-29,0.0,-0.12792948596786802,0.0,3,-61262.0,1767095.0,2076127.93,2137389.9299999997,33300.259999999995,0,1.0761279299999997
275732.67,0.0,-0.000418085989527639,2025-07-30,0.0,-0.12829408643166496,0.0,3,-868.0,1766227.0,2075259.93,2076127.93,33300.259999999995,0,1.07525993
275732.67,0.0,0.023752687211572532,2025-07-31,0.0,-0.10758872852619827,0.0,3,49293.0,1815520.0,2124552.9299999997,2075259.93,33300.259999999995,0,1.1245529299999997
275732.67,0.0,-0.0047887721959462,2025-08-01,0.0,-0.11186228281038102,0.0,3,-10174.0,1805346.0,2114378.9299999997,2124552.9299999997,33300.259999999995,0,1.1143789299999995
275732.67,0.0,-0.009702612766766316,2025-08-04,0.0,-0.1204795391638318,0.0,3,-20515.0,1784831.0,2093863.93,2114378.9299999997,33300.259999999995,0,1.09386393
275732.67,0.0,0.011994093618108215,2025-08-05,0.0,-0.10993048841752118,0.0,3,25114.0,1809945.0,2118977.9299999997,2093863.93,33300.259999999995,0,1.1189779299999998
275732.67,0.0,0.05357158203153167,2025-08-06,0.0,-0.06224805656401511,0.0,3,113517.0,1923462.0,2232494.9299999997,2118977.9299999997,33300.259999999995,0,1.2324949299999997
275732.67,0.0,0.020116059121352725,2025-08-07,0.0,-0.04338418302869351,0.0,3,44909.0,1968371.0,2277403.9299999997,2232494.9299999997,33300.259999999995,0,1.2774039299999997
285693.13,0.0,0.03120900032872087,2025-08-08,0.0,-0.013529159682376557,0.0,3,71075.50000000003,2039446.5,2348479.4299999997,2277403.9299999997,23339.8,0,1.3484794299999998
285693.13,0.0,0.01459625303169032,2025-08-11,0.0,0.0,0.0,3,34279.0,2073725.5,2382758.4299999997,2348479.4299999997,23339.8,0,1.3827584299999995
285693.13,0.0,0.004890340478199473,2025-08-12,0.0,0.0,0.0,3,11652.499999999767,2085378.0,2394410.9299999997,2382758.4299999997,23339.8,0,1.3944109299999998
285693.13,0.0,0.009539089432739845,2025-08-13,0.0,0.0,0.0,3,22840.5,2108218.5,2417251.4299999997,2394410.9299999997,23339.8,0,1.4172514299999999
309032.93,0.0,0.00720342939253138,2025-08-14,0.0,0.0,0.0,3,17412.500000000186,2125631.0,2434663.93,2417251.4299999997,0.0,0,1.4346639300000001
309032.93,0.0,-0.007255826885314676,2025-08-15,0.0,-0.007255826885314676,0.0,3,-17665.5,2107965.5,2416998.43,2434663.93,0.0,0,1.41699843
309032.93,0.0,0.021296455703531336,2025-08-18,0.0,0.0,0.0,3,51473.5,2159439.0,2468471.93,2416998.43,0.0,0,1.4684719300000002
309032.93,0.0,-0.00808232808221565,2025-08-19,0.0,-0.00808232808221565,0.0,3,-19951.0,2139488.0,2448520.93,2468471.93,0.0,0,1.4485209300000004
309032.93,0.0,-0.0560648668827185,2025-08-20,0.0,-0.06369406031690217,0.0,3,-137276.0,2002212.0,2311244.93,2448520.93,0.0,0,1.31124493
309032.93,0.0,0.04758128339085199,2025-08-21,0.0,-0.01914342206030273,0.0,3,109972.0,2112184.0,2421216.93,2311244.93,0.0,0,1.4212169300000004
309032.93,0.0,0.021858429678170088,2025-08-22,0.0,0.0,0.0,3,52924.0,2165108.0,2474140.93,2421216.93,0.0,0,1.4741409300000003
309032.93,0.0,0.03465485694867021,2025-08-25,0.0,0.0,0.0,3,85741.0,2250849.0,2559881.93,2474140.93,0.0,0,1.55988193
309032.93,0.0,0.013333818095274452,2025-08-26,0.0,0.0,0.0,3,34133.0,2284982.0,2594014.93,2559881.93,0.0,0,1.5940149300000002
309032.93,0.0,0.006626407504909837,2025-08-27,0.0,0.0,0.0,3,17189.0,2302171.0,2611203.93,2594014.93,0.0,0,1.6112039300000003
309032.93,0.0,-0.010766298134362917,2025-08-28,0.0,-0.010766298134362917,0.0,3,-28113.0,2274058.0,2583090.93,2611203.93,0.0,0,1.58309093
309032.93,0.0,0.0327336521598951,2025-08-29,0.0,0.0,0.0,3,84554.0,2358612.0,2667644.93,2583090.93,0.0,0,1.6676449300000002
309032.93,0.0,-0.021694416430450558,2025-09-01,0.0,-0.021694416430450558,0.0,3,-57873.0,2300739.0,2609771.93,2667644.93,0.0,0,1.60977193
309032.93,0.0,-0.004357085716681808,2025-09-02,0.0,-0.02595697771517136,0.0,3,-11371.0,2289368.0,2598400.93,2609771.93,0.0,0,1.5984009300000004
309032.93,0.0,-0.0012923332813000732,2025-09-03,0.0,-0.027215765930288183,0.0,3,-3358.0,2286010.0,2595042.93,2598400.93,0.0,0,1.59504293
309032.93,0.0,0.002526740472844402,2025-09-04,0.0,-0.024757792634719222,0.0,3,6557.0,2292567.0,2601599.93,2595042.93,0.0,0,1.6015999300000003
309032.93,0.0,0.031119312030424284,2025-09-05,0.0,0.0,0.0,3,80960.0,2373527.0,2682559.93,2601599.93,0.0,0,1.68255993
1681022.93,12356.0,0.029444635743888004,2025-09-08,0.0,0.0,11804.0,2,79539.0,1080524.0,2761546.9299999997,2682559.93,0.0,0,1.7615469299999997
1935493.43,2292.0,0.00902954055537264,2025-09-09,0.0,0.0,4592.5,1,22635.0,850989.0,2786482.4299999997,2761546.9299999997,0.0,0,1.7864824299999995
1092398.63,4966.0,-0.008468203404390362,2025-09-10,0.0,-0.008468203404390362,-21144.499999999938,2,2514.0,1670487.3,2762885.9299999997,2786482.4299999997,0.0,0,1.7628859299999995
243831.63,5000.0,-0.033648149925610604,2025-09-11,0.0,-0.04183141395224943,-17665.0,3,-70301.0,2426088.3,2669919.9299999997,2762885.9299999997,0.0,0,1.6699199299999998
243831.63,0.0,0.006212283676986674,2025-09-12,0.0,-0.03587899888534363,0.0,3,16586.30000000028,2442674.6,2686506.23,2669919.9299999997,0.0,0,1.68650623
243831.63,0.0,-0.007651834107230138,2025-09-15,0.0,-0.04325629284516963,0.0,3,-20556.700000000186,2422117.9,2665949.53,2686506.23,0.0,0,1.6659495299999998
243831.63,0.0,0.031665378151401136,2025-09-16,0.0,-0.012960641564138453,0.0,3,84418.30000000028,2506536.2,2750367.83,2665949.53,0.0,0,1.75036783
243831.63,0.0,-0.01580086835148886,2025-09-17,0.0,-0.028556720524521628,0.0,3,-43458.200000000186,2463078.0,2706909.63,2750367.83,0.0,0,1.7069096299999997
243831.63,0.0,0.030789797736986202,2025-09-18,0.0,0.0,0.0,3,83345.20000000019,2546423.2,2790254.83,2706909.63,0.0,0,1.7902548299999999
243831.63,0.0,0.028084674975726198,2025-09-19,0.0,0.0,0.0,3,78363.3999999999,2624786.6,2868618.23,2790254.83,0.0,0,1.86861823
243831.63,0.0,0.0012718666993900563,2025-09-22,0.0,0.0,0.0,3,3648.5,2628435.1,2872266.73,2868618.23,0.0,0,1.8722667299999998
1275011.13,9287.0,0.016889900750965303,2025-09-23,0.0,0.0,-39296.5,2,97095.79999999981,1645767.9,2920779.03,2872266.73,0.0,0,1.9207790299999998
1275011.13,0.0,-0.009132152664078852,2025-09-24,0.0,-0.009132152664078852,0.0,2,-26673.0,1619094.9,2894106.03,2920779.03,0.0,0,1.8941060299999997
1275011.13,0.0,-0.012987602945563115,2025-09-25,0.0,-0.022001150836802652,0.0,2,-37587.5,1581507.4,2856518.53,2894106.03,0.0,0,1.8565185299999998
1275011.13,0.0,-0.016522910495525456,2025-09-26,0.0,-0.03816053828625299,0.0,2,-47198.0,1534309.4,2809320.53,2856518.53,0.0,0,1.80932053
1275011.13,0.0,0.026142406754846137,2025-09-30,0.0,-0.013015739845270047,0.0,2,73442.40000000014,1607751.8,2882762.9299999997,2809320.53,0.0,0,1.8827629299999997
1275011.13,0.0,0.002935204942433378,2025-10-01,0.0,-0.010118738766759838,0.0,2,8461.5,1616213.3,2891224.4299999997,2882762.9299999997,0.0,0,1.8912244299999998
370517.13,5328.0,-0.005829294960682074,2025-10-02,0.0,-0.015889048614540324,-14898.0,3,3372.1999999999534,2503853.5,2874370.63,2891224.4299999997,0.0,0,1.87437063
370517.13,0.0,0.0016746622546723877,2025-10-03,0.0,-0.014240995149845337,0.0,3,4813.600000000093,2508667.1,2879184.23,2874370.63,0.0,0,1.87918423
370517.13,0.0,-0.0008011991646676986,2025-10-07,0.0,-0.015030784441094847,0.0,3,-2306.8000000002794,2506360.3,2876877.4299999997,2879184.23,0.0,0,1.8768774299999995
370517.13,0.0,0.03746676826617534,2025-10-08,0.0,0.0,0.0,3,107787.30000000028,2614147.6,2984664.73,2876877.4299999997,0.0,0,1.98466473
370517.13,0.0,0.019567758955626458,2025-10-09,0.0,0.0,0.0,3,58403.19999999972,2672550.8,3043067.9299999997,2984664.73,0.0,0,2.04306793
370517.13,0.0,0.0013199836784452135,2025-10-13,0.0,0.0,0.0,3,4016.8000000002794,2676567.6,3047084.73,3043067.9299999997,0.0,0,2.04708473
370517.13,0.0,-0.005898359117831431,2025-10-14,0.0,-0.005898359117831431,0.0,3,-17972.80000000028,2658594.8,3029111.9299999997,3047084.73,0.0,0,2.0291119299999996
370517.13,0.0,0.026120560028298545,2025-10-15,0.0,0.0,0.0,3,79122.1000000001,2737716.9,3108234.03,3029111.9299999997,0.0,0,2.1082340299999998
370517.13,0.0,0.020195583535259187,2025-10-16,0.0,0.0,0.0,3,62772.60000000009,2800489.5,3171006.63,3108234.03,0.0,0,2.17100663
370517.13,0.0,-0.007048077348233095,2025-10-17,0.0,-0.007048077348233095,0.0,3,-22349.5,2778140.0,3148657.13,3171006.63,0.0,0,2.1486571299999997
370517.13,0.0,-0.00011677994294667648,2025-10-20,0.0,-0.007164034217109205,0.0,3,-367.70000000018626,2777772.3,3148289.4299999997,3148657.13,0.0,0,2.1482894299999997
370517.13,0.0,0.016769106263524236,2025-10-21,0.0,0.0,0.0,3,52794.0,2830566.3,3201083.4299999997,3148289.4299999997,0.0,0,2.2010834299999997
370517.13,0.0,0.006144138517502062,2025-10-22,0.0,0.0,0.0,3,19667.900000000373,2850234.2,3220751.33,3201083.4299999997,0.0,0,2.22075133
370517.13,0.0,-0.014357457394886919,2025-10-23,0.0,-0.014357457394886919,0.0,3,-46241.80000000028,2803992.4,3174509.53,3220751.33,0.0,0,2.17450953
370517.13,0.0,0.05220283588186292,2025-10-27,0.0,0.0,0.0,3,165718.3999999999,2969710.8,3340227.9299999997,3174509.53,0.0,0,2.3402279299999997
370517.13,0.0,0.010620293208553733,2025-10-28,0.0,0.0,0.0,3,35474.200000000186,3005185.0,3375702.13,3340227.9299999997,0.0,0,2.37570213
370517.13,0.0,0.007738093882116326,2025-10-29,0.0,0.0,0.0,3,26121.5,3031306.5,3401823.63,3375702.13,0.0,0,2.40182363
370517.13,0.0,0.017396257547896532,2025-10-30,0.0,0.0,0.0,3,59179.0,3090485.5,3461002.63,3401823.63,0.0,0,2.46100263
370517.13,0.0,0.031329938631107,2025-10-31,0.0,0.0,0.0,3,108433.0,3198918.5,3569435.63,3461002.63,0.0,0,2.56943563
370517.13,0.0,-0.002834509723320111,2025-11-03,0.0,-0.002834509723320111,0.0,3,-10117.600000000093,3188800.9,3559318.03,3569435.63,0.0,0,2.5593180299999996
370517.13,0.0,-0.02028090757599421,2025-11-04,0.0,-0.023057930869592402,0.0,3,-72186.19999999972,3116614.7,3487131.83,3559318.03,0.0,0,2.48713183
370517.13,0.0,0.05269479588329751,2025-11-05,0.0,0.0,0.0,3,183753.69999999972,3300368.4,3670885.53,3487131.83,0.0,0,2.6708855299999996
370517.13,0.0,0.03155966021092471,2025-11-06,0.0,0.0,0.0,3,115851.8999999999,3416220.3,3786737.4299999997,3670885.53,0.0,0,2.7867374299999996
370517.13,0.0,-0.016858787064092717,2025-11-07,0.0,-0.016858787064092717,0.0,3,-63839.799999999814,3352380.5,3722897.63,3786737.4299999997,0.0,0,2.72289763
370517.13,0.0,-0.01310030649432603,2025-11-10,0.0,-0.029738238280756613,0.0,3,-48771.10000000009,3303609.4,3674126.53,3722897.63,0.0,0,2.6741265299999997
370517.13,0.0,0.0056886445878607805,2025-11-11,0.0,-0.024218763961144196,0.0,3,20900.80000000028,3324510.2,3695027.33,3674126.53,0.0,0,2.6950273300000003
370517.13,0.0,0.03963575554933718,2025-11-12,0.0,0.0,0.0,3,146455.19999999972,3470965.4,3841482.53,3695027.33,0.0,0,2.84148253
370517.13,0.0,0.041325217220238075,2025-11-13,0.0,0.0,0.0,3,158750.1000000001,3629715.5,4000232.63,3841482.53,0.0,0,3.00023263
370517.13,0.0,-0.029623902147910885,2025-11-14,0.0,-0.029623902147910885,0.0,3,-118502.5,3511213.0,3881730.13,4000232.63,0.0,0,2.88173013
370517.13,0.0,0.006813920369059812,2025-11-17,0.0,-0.02301183668910778,0.0,3,26449.799999999814,3537662.8,3908179.9299999997,3881730.13,0.0,0,2.9081799299999997
370517.13,0.0,-0.044429018906506634,2025-11-18,0.0,-0.06641846226828063,0.0,3,-173636.59999999963,3364026.2,3734543.33,3908179.9299999997,0.0,0,2.73454333
370517.13,0.0,-0.01572923241460955,2025-11-19,0.0,-0.08110298325325138,0.0,3,-58741.5,3305284.7,3675801.83,3734543.33,0.0,0,2.67580183
370517.13,0.0,0.020693280954158455,2025-11-20,0.0,-0.06208798911777291,0.0,3,76064.3999999999,3381349.1,3751866.23,3675801.83,0.0,0,2.75186623
370517.13,0.0,-0.0419691669017741,2025-11-21,0.0,-0.10145137484166766,0.0,3,-157462.7000000002,3223886.4,3594403.53,3751866.23,0.0,0,2.5944035299999997
370517.13,0.0,0.007466023159619972,2025-11-24,0.0,-0.09474278999619079,0.0,3,26835.899999999907,3250722.3,3621239.4299999997,3594403.53,0.0,0,2.6212394299999997
370517.13,0.0,0.033607029403189825,2025-11-25,0.0,-0.06431978432214336,0.0,3,121699.1000000001,3372421.4,3742938.53,3621239.4299999997,0.0,0,2.74293853
370517.13,0.0,0.006966745457078094,2025-11-26,0.0,-0.057801138430291776,0.0,3,26076.100000000093,3398497.5,3769014.63,3742938.53,0.0,0,2.76901463
370517.13,0.0,0.010759788427777917,2025-11-27,0.0,-0.047663278022908484,0.0,3,40553.799999999814,3439051.3,3809568.4299999997,3769014.63,0.0,0,2.8095684299999997
370517.13,0.0,-0.005178880590418933,2025-11-28,0.0,-0.05259531618789881,0.0,3,-19729.299999999814,3419322.0,3789839.13,3809568.4299999997,0.0,0,2.78983913
370517.13,0.0,-0.025462452808650005,2025-12-01,0.0,-0.07671856324015836,0.0,3,-96498.6000000001,3322823.4,3693340.53,3789839.13,0.0,0,2.69334053
370517.13,0.0,-0.02163653726237913,2025-12-02,0.0,-0.09669517645027559,0.0,3,-79911.1000000001,3242912.3,3613429.4299999997,3693340.53,0.0,0,2.6134294299999996
370517.13,0.0,0.032710725998598145,2025-12-03,0.0,-0.06714741987392858,0.0,3,118197.90000000037,3361110.2,3731627.33,3613429.4299999997,0.0,0,2.7316273300000002
370517.13,0.0,-0.025346207334160598,2025-12-04,0.0,-0.09079169478201066,0.0,3,-94582.6000000001,3266527.6,3637044.73,3731627.33,0.0,0,2.63704473
370517.13,0.0,0.009478849604360073,2025-12-05,0.0,-0.0821734459978144,0.0,3,34475.0,3301002.6,3671519.73,3637044.73,0.0,0,2.67151973
370517.13,0.0,0.0084503971874339,2025-12-08,0.0,-0.07441744706732223,0.0,3,31025.799999999814,3332028.4,3702545.53,3671519.73,0.0,0,2.7025455299999996
370517.13,0.0,-0.0017967098435653917,2025-12-09,0.0,-0.0760804503512087,0.0,3,-6652.399999999907,3325376.0,3695893.13,3702545.53,0.0,0,2.69589313
370517.13,0.0,-0.0027559779576201704,2025-12-10,0.0,-0.0786267522646551,0.0,3,-10185.799999999814,3315190.2,3685707.33,3695893.13,0.0,0,2.68570733
370517.13,0.0,0.0260821306177883,2025-12-11,0.0,-0.05459537486948607,0.0,3,96131.09999999963,3411321.3,3781838.4299999997,3685707.33,0.0,0,2.7818384299999996
1265077.13,8062.0,0.005847737921474305,2025-12-12,0.0,-0.049066896391973036,-6527.600000000185,3,36704.80000000028,2538876.5,3803953.63,3781838.4299999997,0.0,0,2.80395363
2537028.53,11466.0,-0.009046456226123767,2025-12-15,0.0,-0.057669471087735125,7978.199999999993,2,-30924.5,1232512.8,3769541.33,3803953.63,0.0,0,2.76954133
1490051.83,6306.0,-0.016956917143020056,2025-12-16,0.0,-0.07364849178783872,-23819.100000000082,3,-33794.69999999995,2215569.7,3705621.5300000003,3769541.33,0.0,0,2.70562153
1495005.03,58.0,0.008542966340116198,2025-12-17,0.0,-0.0657347020340664,43.19999999999959,3,31671.799999999814,2242273.5,3737278.5300000003,3705621.5300000003,0.0,0,2.73727853
1499317.93,53.0,-0.002860584223033702,2025-12-18,0.0,-0.06840724660555564,31.5,3,-10669.299999999814,2227269.8,3726587.7299999995,3737278.5300000003,0.0,0,2.7265877299999994
1504230.93,57.0,0.013683080526860403,2025-12-19,0.0,-0.05566018794261973,-14.200000000000202,2,51062.40000000037,2273348.0,3777578.9299999997,3726587.7299999995,0.0,0,2.77757893
1504230.93,0.0,0.00630721434058823,2025-12-22,0.0,-0.04970403433762305,0.0,2,23826.0,2297174.0,3801404.9299999997,3777578.9299999997,0.0,0,2.80140493
348650.93,6808.0,-0.004486893744308218,2025-12-23,0.0,-0.05396791136119494,-14445.0,3,4196.5,3435697.5,3784348.43,3801404.9299999997,0.0,0,2.78434843
348650.93,0.0,0.015556178583693514,2025-12-24,0.0,-0.03925126724442518,0.0,3,58870.0,3494567.5,3843218.43,3784348.43,0.0,0,2.8432184300000003
348650.93,0.0,0.0030128394237534106,2025-12-26,0.0,-0.03635668558605798,0.0,3,11579.0,3506146.5,3854797.43,3843218.43,0.0,0,2.85479743
348650.93,0.0,-0.014986909441827678,2025-12-29,0.0,-0.05079872067340241,0.0,3,-57771.5,3448375.0,3797025.93,3854797.43,0.0,0,2.79702593
348650.93,0.0,0.012952900745663243,2025-12-30,0.0,-0.03850381071462827,0.0,3,49182.5,3497557.5,3846208.43,3797025.93,0.0,0,2.8462084300000003
348650.93,0.0,0.006391229296952128,2025-12-31,0.0,-0.032358668100759824,0.0,3,24582.0,3522139.5,3870790.43,3846208.43,0.0,0,2.87079043
348650.93,0.0,0.03741031776809467,2026-01-02,0.0,0.0,0.0,3,144807.5,3666947.0,4015597.93,3870790.43,0.0,0,3.01559793
348650.93,0.0,0.02588618228518702,2026-01-05,0.0,0.0,0.0,3,103948.5,3770895.5,4119546.43,4015597.93,0.0,0,3.1195464299999998
1568779.93,10987.0,0.04359982416802133,2026-01-06,0.0,0.0,-11548.5,2,202147.0,2730378.0,4299157.93,4119546.43,0.0,0,3.29915793
1568779.93,0.0,0.016307379524436394,2026-01-07,0.0,0.0,0.0,2,70108.0,2800486.0,4369265.93,4299157.93,0.0,0,3.36926593
1568779.93,0.0,-0.02837776459168284,2026-01-08,0.0,-0.02837776459168284,0.0,2,-123990.0,2676496.0,4245275.93,4369265.93,0.0,0,3.24527593
292949.73,7535.0,-0.011348708728103896,2026-01-09,0.0,-0.03940442233508101,29734.59999999991,3,-70378.0,3904147.8,4197097.529999999,4245275.93,0.0,0,3.1970975299999997
292949.73,0.0,0.04378139861810659,2026-01-12,0.0,0.0,0.0,3,183754.7999999998,4087902.5999999996,4380852.33,4197097.529999999,0.0,0,3.3808523299999997
292949.73,0.0,0.0592150523366306,2026-01-13,0.0,0.0,0.0,3,259412.40000000037,4347315.0,4640264.73,4380852.33,0.0,0,3.64026473
292949.73,0.0,0.03179482391298838,2026-01-14,0.0,0.0,0.0,3,147536.40000000037,4494851.4,4787801.130000001,4640264.73,0.0,0,3.787801130000001
292949.73,0.0,-0.0028226318581451304,2026-01-15,0.0,-0.0028226318581451304,0.0,3,-13514.200000000186,4481337.2,4774286.93,4787801.130000001,0.0,0,3.7742869299999997
292949.73,0.0,-0.010009159629624453,2026-01-16,0.0,-0.012803539314925727,0.0,3,-47786.60000000056,4433550.6,4726500.33,4774286.93,0.0,0,3.7265003300000004
292949.73,0.0,0.021339171259509904,2026-01-19,0.0,0.0,0.0,3,100859.60000000056,4534410.2,4827359.93,4726500.33,0.0,0,3.82735993
292949.73,0.0,0.03220257081596989,2026-01-20,0.0,0.0,0.0,3,155453.39999999944,4689863.6,4982813.33,4827359.93,0.0,0,3.98281333
292949.73,0.0,-0.04292675358962328,2026-01-21,0.0,-0.04292675358962328,0.0,3,-213896.0,4475967.6,4768917.33,4982813.33,0.0,0,3.76891733
292949.73,0.0,-0.014874613060235409,2026-01-22,0.0,-0.057162847800280914,0.0,3,-70935.79999999981,4405031.8,4697981.529999999,4768917.33,0.0,0,3.697981529999999
292949.73,0.0,-0.009591693733202011,2026-01-23,0.0,-0.06620625300446492,0.0,3,-45061.59999999963,4359970.2,4652919.93,4697981.529999999,0.0,0,3.6529199299999995
292949.73,0.0,0.04994025332389507,2026-01-26,0.0,-0.019572356727238782,0.0,3,232368.0,4592338.2,4885287.93,4652919.93,0.0,0,3.8852879299999996
292949.73,0.0,-0.0048910934918017235,2026-01-27,0.0,-0.02436771999243259,0.0,3,-23894.400000000373,4568443.8,4861393.529999999,4885287.93,0.0,0,3.861393529999999
292949.73,0.0,0.0021164713238099875,2026-01-28,0.0,-0.022302822249213317,0.0,3,10289.0,4578732.8,4871682.529999999,4861393.529999999,0.0,0,3.8716825299999993
292949.73,0.0,-0.03199527043072714,2026-01-29,0.0,-0.05358450785070845,0.0,3,-155870.7999999998,4422862.0,4715811.73,4871682.529999999,0.0,0,3.7158117300000004
292949.73,0.0,-0.004895657698361977,2026-01-30,0.0,-0.058217834140698144,0.0,3,-23087.0,4399775.0,4692724.73,4715811.73,0.0,0,3.69272473
292949.73,0.0,-0.03130590615316142,2026-02-02,0.0,-0.08770117824181056,0.0,3,-146910.0,4252865.0,4545814.73,4692724.73,0.0,0,3.54581473
292949.73,0.0,0.0029201366066233803,2026-02-03,0.0,-0.08503714105621518,0.0,3,13274.400000000373,4266139.4,4559089.130000001,4545814.73,0.0,0,3.559089130000001
292949.73,0.0,0.010289730834895705,2026-02-04,0.0,-0.07562241951375692,0.0,3,46911.799999999814,4313051.2,4606000.93,4559089.130000001,0.0,0,3.6060009299999995
292949.73,0.0,-0.046780581088593176,2026-02-05,0.0,-0.11886533987417114,0.0,3,-215471.40000000037,4097579.8,4390529.529999999,4606000.93,0.0,0,3.3905295299999993
292949.73,0.0,-0.04766377234684027,2026-02-06,0.0,-0.16086354172131923,0.0,3,-209269.2000000002,3888310.5999999996,4181260.3299999996,4390529.529999999,0.0,0,3.1812603299999997
292949.73,0.0,0.018131423067838437,2026-02-09,0.0,-0.14564880358462085,0.0,3,75812.20000000019,3964122.8,4257072.529999999,4181260.3299999996,0.0,0,3.2570725299999994
292949.73,0.0,-0.02826482263387675,2026-02-10,0.0,-0.16979688861834197,0.0,3,-120325.39999999944,3843797.4000000004,4136747.1300000004,4257072.529999999,0.0,0,3.1367471300000007
292949.73,0.0,0.005805721076308501,2026-02-11,0.0,-0.16497696091697656,0.0,3,24016.799999999814,3867814.2,4160763.93,4136747.1300000004,0.0,0,3.16076393
292949.73,0.0,0.04363169914328702,2026-02-23,0.0,-0.1285434868979929,0.0,3,181541.2000000002,4049355.4000000004,4342305.130000001,4160763.93,0.0,0,3.3423051300000006
292949.73,0.0,0.03971245567443571,2026-02-24,0.0,-0.09393580874923113,0.0,3,172443.59999999963,4221799.0,4514748.73,4342305.130000001,0.0,0,3.514748730000001
292949.73,0.0,-0.00622537414169666,2026-02-25,0.0,-0.09957639733616097,0.0,3,-28106.0,4193693.0,4486642.73,4514748.73,0.0,0,3.4866427300000007
292949.73,0.0,0.05638697244788182,2026-02-26,0.0,-0.048804236461332695,0.0,3,252988.2000000002,4446681.2,4739630.93,4486642.73,0.0,0,3.7396309299999997
292949.73,0.0,0.02503950239011532,2026-03-02,0.0,-0.02498676786673848,0.0,3,118678.0,4565359.2,4858308.93,4739630.93,0.0,0,3.8583089299999997
292949.73,0.0,-0.029506645638526785,2026-03-03,0.0,-0.0537561378001693,0.0,3,-143352.40000000037,4422006.8,4714956.529999999,4858308.93,0.0,0,3.7149565299999994
292949.73,0.0,-0.08245501258099597,2026-03-04,0.0,-0.1317786873625466,0.0,3,-388771.7999999998,4033235.0,4326184.73,4714956.529999999,0.0,0,3.3261847300000005
292949.73,0.0,0.08175610198688865,2026-03-05,0.0,-0.06079629717936863,0.0,3,353692.0,4386927.0,4679876.73,4326184.73,0.0,0,3.67987673
292949.73,0.0,-0.027602393706639528,2026-03-06,0.0,-0.0867205675553574,0.0,3,-129175.79999999981,4257751.2,4550700.93,4679876.73,0.0,0,3.5507009299999996
292949.73,0.0,-0.02488438632683343,2026-03-09,0.0,-0.10944696577666113,0.0,3,-113241.40000000037,4144509.8,4437459.529999999,4550700.93,0.0,0,3.437459529999999
292949.73,0.0,0.006909223575499279,2026-03-10,0.0,-0.10329393575737267,0.0,3,30659.400000000373,4175169.2,4468118.93,4437459.529999999,0.0,0,3.4681189299999993
292949.73,0.0,0.06718630472980736,2026-03-11,0.0,-0.04304756887210137,0.0,3,300196.39999999944,4475365.6,4768315.33,4468118.93,0.0,0,3.76831533
292949.73,0.0,-0.02233400952533049,2026-03-12,0.0,-0.06442015358420017,0.0,3,-106495.59999999963,4368870.0,4661819.73,4768315.33,0.0,0,3.6618197300000004
292949.73,0.0,-0.012423217403132125,2026-03-13,0.0,-0.07604306541421257,0.0,3,-57914.799999999814,4310955.2,4603904.93,4661819.73,0.0,0,3.6039049299999997
292949.73,0.0,0.020480787816789192,2026-03-16,0.0,-0.05711969948511009,0.0,3,94291.59999999963,4405246.8,4698196.529999999,4603904.93,0.0,0,3.6981965299999997
292949.73,0.0,0.032140332792762294,2026-03-17,0.0,-0.026815212842821734,0.0,3,151001.60000000056,4556248.4,4849198.130000001,4698196.529999999,0.0,0,3.8491981300000004
292949.73,0.0,-0.005443662909273672,2026-03-18,0.0,-0.03211290277253864,0.0,3,-26397.400000000373,4529851.0,4822800.73,4849198.130000001,0.0,0,3.822800730000001
292949.73,0.0,-0.02637662369268179,2026-03-19,0.0,-0.05764249651310949,0.0,3,-127209.20000000019,4402641.8,4695591.529999999,4822800.73,0.0,0,3.6955915299999997
292949.73,0.0,0.007413805007864704,2026-03-20,0.0,-0.05065604173455951,0.0,3,34812.200000000186,4437454.0,4730403.73,4695591.529999999,0.0,0,3.730403730000001
292949.73,0.0,-0.060739847251896184,2026-03-23,0.0,-0.10831904874911291,0.0,3,-287324.0,4150130.0,4443079.73,4730403.73,0.0,0,3.44307973
292949.73,0.0,-0.02142680433060784,2026-03-24,0.0,-0.12742492201689593,0.0,3,-95201.0,4054929.0,4347878.73,4443079.73,0.0,0,3.3478787300000006
292949.73,0.0,0.04557450018850928,2026-03-25,0.0,-0.08765774896086653,0.0,3,198152.40000000037,4253081.4,4546031.130000001,4347878.73,0.0,0,3.546031130000001
292949.73,0.0,-0.01632870472666581,2026-03-26,0.0,-0.10255511618774604,0.0,3,-74230.80000000075,4178850.5999999996,4471800.33,4546031.130000001,0.0,0,3.4718003299999998
1299386.73,9063.0,-0.022970524714818752,2026-03-27,0.0,-0.12316989607154305,-12175.00000000003,2,-81481.59999999963,3069694.0,4369080.73,4471800.33,0.0,0,3.3690807300000003
1299386.73,0.0,-0.033056198528975456,2026-03-30,0.0,-0.15215456606318434,0.0,2,-144425.2000000002,2925268.8,4224655.529999999,4369080.73,0.0,0,3.2246555299999997
1299386.73,0.0,-0.025880121875877293,2026-03-31,0.0,-0.17409690922537524,0.0,2,-109334.59999999963,2815934.2,4115320.93,4224655.529999999,0.0,0,3.11532093
1299386.73,0.0,0.010096320726072694,2026-04-01,0.0,-0.16575832673226,0.0,2,41549.59999999963,2857483.8,4156870.53,4115320.93,0.0,0,3.15687053
57380.73,7316.0,-0.009230068563141014,2026-04-02,0.0,-0.17345843457475063,56970.0,3,-88022.20000000019,4061121.5999999996,4118502.3299999996,4156870.53,0.0,0,3.118502329999999
1241712.73,10665.0,0.03465298513015558,2026-04-07,0.0,-0.14481630199861406,-24979.0,2,178362.40000000037,3019508.0,4261220.73,4118502.3299999996,0.0,0,3.2612207300000007
1241712.73,0.0,0.03007513764723435,2026-04-08,0.0,-0.11909653456755132,0.0,2,128156.79999999981,3147664.8,4389377.529999999,4261220.73,0.0,0,3.389377529999999
53814.73,6998.0,-0.03598874758900028,2026-04-09,0.0,-0.1507991470352753,23100.00000000008,3,-174070.2000000002,4177594.5999999996,4231409.33,4389377.529999999,0.0,0,3.23140933
53814.73,0.0,0.03138703671573184,2026-04-10,0.0,-0.1241452486842407,0.0,3,132811.40000000037,4310406.0,4364220.73,4231409.33,0.0,0,3.3642207300000004
53814.73,0.0,0.02991979738843309,2026-04-13,0.0,-0.09793985198317678,0.0,3,130576.59999999963,4440982.6,4494797.33,4364220.73,0.0,0,3.49479733
53814.73,0.0,0.04749967224884877,2026-04-14,0.0,-0.055092290603629634,0.0,3,213501.40000000037,4654484.0,4708298.73,4494797.33,0.0,0,3.70829873
53814.73,0.0,0.01861062881199138,2026-04-15,0.0,-0.03750696396246478,0.0,3,87624.40000000037,4742108.4,4795923.130000001,4708298.73,0.0,0,3.795923130000001
53814.73,0.0,0.03374261755525687,2026-04-16,0.0,-0.005029929547852308,0.0,3,161827.0,4903935.4,4957750.130000001,4795923.130000001,0.0,0,3.957750130000001
53814.73,0.0,0.030189621516887533,2026-04-17,0.0,0.0,0.0,3,149672.59999999963,5053608.0,5107422.73,4957750.130000001,0.0,0,4.107422730000001
53814.73,0.0,0.040247539878102145,2026-04-20,0.0,0.0,0.0,3,205561.2000000002,5259169.2,5312983.930000001,5107422.73,0.0,0,4.312983930000001
53814.73,0.0,-0.02614327500892699,2026-04-21,0.0,-0.02614327500892699,0.0,3,-138898.7999999998,5120270.4,5174085.130000001,5312983.930000001,0.0,0,4.174085130000001
1663372.83,14515.0,-0.005116324786871185,2026-04-22,0.0,-0.03112584230986004,4099.0999999997675,2,-16056.400000000373,3484240.0,5147612.83,5174085.130000001,0.0,0,4.14761283
1663372.83,0.0,-0.042450745076723306,2026-04-23,0.0,-0.07225527218938921,0.0,2,-218520.0,3265720.0,4929092.83,5147612.83,0.0,0,3.92909283
1663372.83,0.0,-0.03491514685066299,2026-04-24,0.0,-0.10464761560082503,0.0,2,-172100.0,3093620.0,4756992.83,4929092.83,0.0,0,3.7569928299999997
1663372.83,0.0,-0.02091237123012435,2026-04-27,0.0,-0.12337155704515756,0.0,2,-99480.0,2994140.0,4657512.83,4756992.83,0.0,0,3.65751283
337602.83,7810.0,0.060807132548468035,2026-04-28,0.0,-0.07006629511864537,-6000.0,3,297020.0,4603120.0,4940722.83,4657512.83,0.0,0,3.9407228300000003
337602.83,0.0,0.02848813925471716,2026-04-29,0.0,-0.043574214236330344,0.0,3,140752.0,4743872.0,5081474.83,4940722.83,0.0,0,4.08147483
337602.83,0.0,0.009526368154813891,2026-04-30,0.0,-0.03446295008838862,0.0,3,48408.0,4792280.0,5129882.83,5081474.83,0.0,0,4.12988283
337602.83,0.0,0.04053347939722829,2026-05-04,0.0,0.0,0.0,3,207932.0,5000212.0,5337814.83,5129882.83,0.0,0,4.33781483
337602.83,0.0,0.08988696972090349,2026-05-05,0.0,0.0,0.0,3,479800.0,5480012.0,5817614.83,5337814.83,0.0,0,4.81761483
337602.83,0.0,0.04603776768081436,2026-05-06,0.0,0.0,0.0,3,267830.0,5747842.0,6085444.83,5817614.83,0.0,0,5.08544483
337602.83,0.0,-0.009622303978721658,2026-05-07,0.0,-0.009622303978721658,0.0,3,-58556.0,5689286.0,6026888.83,6085444.83,0.0,0,5.02688883
337602.83,0.0,-0.04681719008910279,2026-05-08,0.0,-0.05598900483335745,0.0,3,-282162.0,5407124.0,5744726.83,6026888.83,0.0,0,4.74472683
337602.83,0.0,0.015023516792703528,2026-05-11,0.0,-0.041806639794974565,0.0,3,86306.0,5493430.0,5831032.83,5744726.83,0.0,0,4.83103283
337602.83,0.0,-0.014364522108169964,2026-05-12,0.0,-0.055570629501541347,0.0,3,-83760.0,5409670.0,5747272.83,5831032.83,0.0,0,4.74727283
337602.83,0.0,-0.031237424307208328,2026-05-13,0.0,-0.08507217047599136,0.0,3,-179530.0,5230140.0,5567742.83,5747272.83,0.0,0,4.56774283
337602.83,0.0,0.013638560960618218,2026-05-14,0.0,-0.07259387149846197,0.0,3,75936.0,5306076.0,5643678.83,5567742.83,0.0,0,4.64367883
337602.83,0.0,-0.07089276552613466,2026-05-15,0.0,-0.13834025671382189,0.0,3,-400096.0,4905980.0,5243582.83,5643678.83,0.0,0,4.24358283
337602.83,0.0,0.004469463105629901,2026-05-18,0.0,-0.13448910028159766,0.0,3,23436.0,4929416.0,5267018.83,5243582.83,0.0,0,4.2670188300000005
337602.83,0.0,-0.01532289946265486,2026-05-19,0.0,-0.14775123678181468,0.0,3,-80706.0,4848710.0,5186312.83,5267018.83,0.0,0,4.18631283
337602.83,0.0,-0.0037857338428233245,2026-05-20,0.0,-0.15097762376723411,0.0,3,-19634.0,4829076.0,5166678.83,5186312.83,0.0,0,4.16667883
337602.83,0.0,0.07356098811351885,2026-05-21,0.0,-0.08852269884106401,0.0,3,380066.0,5209142.0,5546744.83,5166678.83,0.0,0,4.54674483
337602.83,0.0,0.053831933710929425,2026-05-22,0.0,-0.03945611318605935,0.0,3,298592.0,5507734.0,5845336.83,5546744.83,0.0,0,4.84533683
337602.83,0.0,-0.0045126569720704834,2026-05-25,2800.0,-0.04379071825387004,0.0,3,-29178.0,5478556.0,5818958.83,5845336.83,2800.0,0,4.81895883
337602.83,0.0,0.04656090684181735,2026-05-26,0.0,0.0,0.0,3,270936.0,5749492.0,6089894.83,5818958.83,2800.0,0,5.08989483
337602.83,0.0,0.005554775730010508,2026-05-27,0.0,0.0,0.0,3,33828.0,5783320.0,6123722.83,6089894.83,2800.0,0,5.12372283
337602.83,0.0,-0.0040475378602332635,2026-05-28,0.0,-0.0040475378602332635,0.0,3,-24786.0,5758534.0,6098936.83,6123722.83,2800.0,0,5.09893683
337602.83,0.0,0.03702219030853615,2026-05-29,0.0,0.0,0.0,3,225796.0,5984330.0,6324732.83,6098936.83,2800.0,0,5.32473283
337602.83,0.0,-0.01947117819994937,2026-06-01,0.0,-0.01947117819994937,0.0,3,-123150.0,5861180.0,6201582.83,6324732.83,2800.0,0,5.20158283
337602.83,0.0,-0.009046077676914566,2026-06-02,0.0,-0.02834111808640616,0.0,3,-56100.0,5805080.0,6145482.83,6201582.83,2800.0,0,5.14548283
337602.83,0.0,0.003648208061139524,2026-06-03,0.0,-0.02479630432073132,0.0,3,22420.0,5827500.0,6167902.83,6145482.83,2800.0,0,5.16790283
337602.83,0.0,-0.041025289628306316,2026-06-04,0.0,-0.06480431838256795,0.0,3,-253040.0,5574460.0,5914862.83,6167902.83,2800.0,0,4.91486283
337602.83,0.0,-0.05811766221466208,2026-06-05,0.0,-0.11915570511142048,0.0,3,-343758.0,5230702.0,5571104.83,5914862.83,2800.0,0,4.57110483
337602.83,0.0,-0.07514954623462,2026-06-08,0.0,-0.18535075417565106,0.0,3,-418666.0,4812036.0,5152438.83,5571104.83,2800.0,0,4.15243883
337602.83,0.0,0.05465178904414092,2026-06-09,0.0,-0.14082871544789033,0.0,3,281590.0,5093626.0,5434028.83,5152438.83,2800.0,0,4.43402883
337602.83,0.0,-0.06212260011141679,2026-06-10,0.0,-0.19420266958533328,0.0,3,-337576.0,4756050.0,5096452.83,5434028.83,2800.0,0,4.0964528300000005
337602.83,0.0,0.024605741323029173,2026-06-11,0.0,-0.17437542891436253,0.0,3,125402.0,4881452.0,5221854.83,5096452.83,2800.0,0,4.22185483
337602.83,0.0,0.04491047867755449,2026-06-12,0.0,-0.13729623421895598,0.0,3,234516.0,5115968.0,5456370.83,5221854.83,2800.0,0,4.45637083
337602.83,0.0,0.06910673994641225,2026-06-15,0.0,-0.07767758942633474,0.0,3,377072.0,5493040.0,5833442.83,5456370.83,2800.0,0,4.83344283
340402.83,0.0,0.0013319749976876682,2026-06-16,0.0,-0.07644907903564357,0.0,3,7770.0,5500810.0,5841212.83,5833442.83,0.0,0,4.84121283
340402.83,0.0,0.04676597274405414,2026-06-17,0.0,-0.03325832183807831,0.0,3,273170.0,5773980.0,6114382.83,5841212.83,0.0,0,5.11438283
340402.83,0.0,0.05686919018121084,2026-06-18,0.0,0.0,0.0,3,347720.0,6121700.0,6462102.83,6114382.83,0.0,0,5.46210283
340402.83,0.0,0.05711917772128672,2026-06-22,0.0,0.0,0.0,3,369110.0,6490810.0,6831212.83,6462102.83,0.0,0,5.83121283
340402.83,0.0,-0.013559817605624191,2026-06-23,0.0,-0.013559817605624191,0.0,3,-92630.0,6398180.0,6738582.83,6831212.83,0.0,0,5.73858283
340402.83,0.0,-0.023255631629595874,2026-06-24,0.0,-0.03650010711201923,0.0,3,-156710.0,6241470.0,6581872.83,6738582.83,0.0,0,5.58187283
340402.83,0.0,-0.014681231694353425,2026-06-25,0.0,-0.050645472276992454,0.0,3,-96630.0,6144840.0,6485242.83,6581872.83,0.0,0,5.48524283
340402.83,0.0,-0.09006725196132714,2026-06-26,0.0,-0.1361512257260472,0.0,3,-584108.0,5560732.0,5901134.83,6485242.83,0.0,0,4.90113483
340402.83,0.0,-0.025930944540035195,2026-06-29,0.0,-0.15855164038272251,0.0,3,-153022.0,5407710.0,5748112.83,5901134.83,0.0,0,4.74811283
340402.83,0.0,0.04829063176200732,2026-06-30,0.0,-0.11791756750169935,0.0,3,277580.0,5685290.0,6025692.83,5748112.83,0.0,0,5.02569283
340402.83,0.0,0.0063428390856092864,2026-07-01,0.0,-0.11232266057211981,0.0,3,38220.0,5723510.0,6063912.83,6025692.83,0.0,0,5.0639128300000005
340402.83,0.0,0.05149810176278535,2026-07-02,0.0,-0.06660896261374427,0.0,3,312280.0,6035790.0,6376192.83,6063912.83,0.0,0,5.37619283
340402.83,0.0,0.041523210959728774,2026-07-03,0.0,-0.027851569660434672,0.0,3,264760.0,6300550.0,6640952.83,6376192.83,0.0,0,5.64095283
1559275.83,10977.0,0.023444376731102334,2026-07-06,0.0,-0.005060155621004148,42990.0,2,123680.0,5237370.0,6796645.83,6640952.83,0.0,0,5.79664583
133206.83,8407.0,-0.07180997983530357,2026-07-07,0.0,-0.07650676578319993,-3600.000000000051,3,-476060.0,6175372.0,6308578.83,6796645.83,0.0,0,5.30857883
133206.83,0.0,0.014238928040786636,2026-07-08,0.0,-0.06335721207503353,0.0,3,89827.40000000037,6265199.4,6398406.23,6308578.83,0.0,0,5.398406230000001
2178388.83,18418.0,0.03985308072569804,2026-07-09,0.0,-0.026029111436716934,47600.00000000008,2,225814.19999999925,4475013.6,6653402.43,6398406.23,0.0,0,5.65340243
2178388.83,0.0,0.04616929506847822,2026-07-13,0.0,0.0,0.0,2,307182.9000000004,4782196.5,6960585.33,6653402.43,0.0,0,5.96058533
283827.83,11161.0,0.013181219057047278,2026-07-14,0.0,0.0,35050.0,3,67860.0,6768506.5,7052334.33,6960585.33,0.0,0,6.05233433
283827.83,0.0,-0.01572629640205947,2026-07-15,0.0,-0.01572629640205947,0.0,3,-110907.09999999963,6657599.4,6941427.23,7052334.33,0.0,0,5.94142723
283827.83,0.0,-0.05051914950349479,2026-07-16,12893.4,-0.06545096678648243,0.0,3,-363568.4,6294031.0,6590752.23,6941427.23,12893.4,0,5.5907522300000005
283827.83,0.0,-0.06824425866787587,2026-07-17,0.0,-0.129228572746919,0.0,3,-449781.0,5844250.0,6140971.23,6590752.23,12893.4,0,5.140971230000001
1761049.83,13303.0,-0.008115866063095,2026-07-20,0.0,-0.13629563702207514,31100.0,2,-67636.29999999981,4317188.7,6091131.930000001,6140971.23,12893.4,0,5.09113193
1761049.83,0.0,-0.02436497874377841,2026-07-21,0.0,-0.1573397754669409,0.0,2,-148410.30000000075,4168778.4,5942721.630000001,6091131.930000001,12893.4,0,4.942721630000001
1761049.83,0.0,0.004780435929656601,2026-07-22,0.0,-0.1533114922530905,0.0,2,28408.800000000745,4197187.2,5971130.430000001,5942721.630000001,12893.4,0,4.9711304300000005
1761049.83,0.0,-0.04485150728821041,2026-07-23,0.0,-0.19128674802914503,0.0,2,-267814.20000000065,3929373.0,5703316.23,5971130.430000001,12893.4,0,4.70331623
1761049.83,0.0,-0.03442355150627874,2026-07-24,0.0,-0.21912553031217397,0.0,2,-196328.3999999999,3733044.6,5506987.83,5703316.23,12893.4,0,4.50698783
1761049.83,0.0,0.013388680395903574,2026-07-27,0.0,-0.20867065160820297,0.0,2,73731.29999999981,3806775.9,5580719.130000001,5506987.83,12893.4,0,4.580719130000001
1761049.83,0.0,-0.0419898035613917,2026-07-28,0.0,-0.2418984154995386,0.0,2,-234333.2999999998,3572442.6,5346385.83,5580719.130000001,12893.4,0,4.34638583
3785899.83,18234.0,-0.02429768522710596,2026-07-29,0.0,-0.26031852916990106,88716.0,1,-200386.80000000028,1417687.8,5216481.03,5346385.83,12893.4,0,4.216481030000001
3785899.83,0.0,0.0013901325353808947,2026-07-30,54387.0,-0.25929027389148174,0.0,1,-47135.40000000014,1370552.4,5223732.630000001,5216481.03,67280.4,0,4.223732630000001
3785899.83,0.0,-0.006246912373078395,2026-07-31,0.0,-0.26391742264436846,0.0,1,-32632.199999999953,1337920.2,5191100.430000001,5223732.630000001,67280.4,0,4.1911004300000005
3785899.83,0.0,-0.0027938584883051565,2026-08-03,0.0,-0.2659739332012071,0.0,1,-14503.199999999953,1323417.0,5176597.23,5191100.430000001,67280.4,0,4.1765972300000005
3785899.83,0.0,0.003151896752840333,2026-08-04,0.0,-0.2636603588247638,0.0,1,16316.100000000093,1339733.1,5192913.33,5176597.23,67280.4,0,4.19291333
2208838.93,9292.0,-0.006923705002409353,2026-08-05,0.0,-0.26875855728184106,-13971.89999999987,2,-12690.300000000047,2880839.8,5156959.130000001,5192913.33,67280.4,0,4.156959130000001
2208838.93,0.0,-0.004300712772955295,2026-08-06,0.0,-0.27190341669465334,0.0,2,-22178.599999999627,2858661.2,5134780.530000001,5156959.130000001,67280.4,0,4.134780530000001
2208838.93,0.0,0.008629404848194966,2026-08-07,0.0,-0.26562037650872394,0.0,2,44310.09999999963,2902971.3,5179090.630000001,5134780.530000001,67280.4,0,4.179090630000001
2208838.93,0.0,-0.0007000842925972695,2026-08-10,0.0,-0.2661345041479337,0.0,2,-3625.7999999998137,2899345.5,5175464.83,5179090.630000001,67280.4,0,4.17546483
637898.38,9254.0,-0.00390953289503837,2026-08-11,0.0,-0.26900357544450104,-8954.85000000001,3,-2024.7999999998137,4450052.4,5155231.180000001,5175464.83,67280.4,0,4.15523118
637898.38,0.0,0.003206063787036584,2026-08-12,0.0,-0.26665995427928035,0.0,3,16528.0,4466580.4,5171759.180000001,5155231.180000001,67280.4,0,4.1717591800000005
637898.38,0.0,0.00048196366328090434,2026-08-13,0.0,-0.26630651102441416,0.0,3,2492.5999999996275,4469073.0,5174251.78,5171759.180000001,67280.4,0,4.1742517800000005
650791.78,0.0,0.006239472173501293,2026-08-14,0.0,-0.261728650916072,0.0,3,32284.599999999256,4501357.6,5206536.38,5174251.78,54387.0,0,4.20653638
650791.78,0.0,0.028726506276712138,2026-08-17,0.0,-0.24052069437269574,0.0,3,149565.60000000056,4650923.2,5356101.98,5206536.38,54387.0,0,4.35610198
650791.78,0.0,0.024821708118410335,2026-08-18,0.0,-0.22166912072644174,0.0,3,132947.59999999963,4783870.8,5489049.58,5356101.98,54387.0,0,4.48904958
650791.78,0.0,0.007475210307719582,2026-08-19,0.0,-0.21585093371487962,0.0,3,41031.799999999814,4824902.6,5530081.38,5489049.58,54387.0,0,4.5300813799999995
650791.78,0.0,0.027376432568882114,2026-08-20,0.0,-0.19438372967777318,0.0,3,151393.90000000037,4976296.5,5681475.28,5530081.38,54387.0,0,4.68147528
650791.78,0.0,0.03228152741342205,2026-08-21,0.0,-0.16837720596266736,0.0,3,183406.7000000002,5159703.2,5864881.98,5681475.28,54387.0,0,4.864881980000001
650791.78,0.0,-0.003472482493160123,2026-08-24,0.0,-0.17126500155587487,0.0,3,-20365.700000000186,5139337.5,5844516.28,5864881.98,54387.0,0,4.844516280000001
650791.78,0.0,0.007651360327804557,2026-08-25,0.0,-0.16492405146651634,0.0,3,44718.5,5184056.0,5889234.78,5844516.28,54387.0,0,4.889234780000001
650791.78,0.0,-0.033851579610483906,2026-08-26,0.0,-0.1931926914190979,0.0,3,-199359.90000000037,4984696.1,5689874.88,5889234.78,54387.0,0,4.68987488
650791.78,0.0,-0.008241710228960253,2026-08-27,0.0,-0.199842163467029,0.0,3,-46894.299999999814,4937801.8,5642980.58,5689874.88,54387.0,0,4.64298058
650791.78,0.0,-0.009172138600554991,2026-08-28,0.0,-0.20718132204602957,0.0,3,-51758.200000000186,4886043.6,5591222.38,5642980.58,54387.0,0,4.59122238
650791.78,0.0,0.017887680582649335,2026-08-31,0.0,-0.19299963477483062,0.0,3,100014.0,4986057.6,5691236.38,5591222.38,54387.0,0,4.69123638
650791.78,0.0,0.004011096794401814,2026-09-01,0.0,-0.18976267819679493,0.0,3,22828.10000000056,5008885.7,5714064.48,5691236.38,54387.0,0,4.71406448
650791.78,0.0,-0.004095386056966577,2026-09-02,0.0,-0.19308091282734174,0.0,3,-23401.299999999814,4985484.4,5690663.180000001,5714064.48,54387.0,0,4.6906631800000005
650791.78,0.0,0.005333455704542134,2026-09-03,0.0,-0.18877724561875675,0.0,3,30350.89999999944,5015835.3,5721014.08,5690663.180000001,54387.0,0,4.72101408
705178.78,0.0,-0.0031794887664390314,2026-09-04,0.0,-0.1913565192533916,0.0,3,-18189.89999999944,4997645.4,5702824.180000001,5721014.08,0.0,0,4.70282418
705178.78,0.0,0.0004186872897771199,2026-09-07,0.0,-0.19101795050604187,0.0,3,2387.699999999255,5000033.1,5705211.88,5702824.180000001,0.0,0,4.70521188
705178.78,0.0,0.00508447374262988,2026-09-08,0.0,-0.18690470251713098,0.0,3,29008.0,5029041.1,5734219.88,5705211.88,0.0,0,4.7342198799999995
705178.78,0.0,0.01426675323095572,2026-09-09,0.0,-0.1753044725546924,0.0,3,81808.70000000019,5110849.8,5816028.58,5734219.88,0.0,0,4.81602858
