capacity_qty,cash_after,cash_change,channel,commission,date,day_participation,event_id,execution_evidence,expires_at,gross,limit_price,name,order_time,participation_limit,prior_avg_amount20,prior_avg_volume20,qty,reason,reference_price,remaining_shares,requested_qty,sequence,side,signal_date,slippage,source_high,source_low,source_volume,stock_id,tax,total_cost
43000,717938,-282062,board,400,2019-02-22,0.00115044663934,liquid_universe-2019-02-21-5305,daily_high_low_midpoint_proxy,13:30:00,280400,37.7,敦南,08:59:00,0.01,135466420.81,4329129.8,8000,leader_entry,35.05,8000,8000,1,buy,2019-02-21,1262,35.6,34.5,6953821,5305,0,1662
28,716919,-1019,odd,20,2019-02-22,0.00992555831266,liquid_universe-2019-02-21-5305,after_hours_single_auction_proxy,14:30:00,994,37.7,敦南,13:40:00,0.01,135466420.81,4329129.8,28,leader_entry,35.5,8028,789,2,buy,2019-02-21,5,35.5,35.5,2821,5305,0,25
7000,471422,-245497,board,348,2019-02-22,0.00382653061224,liquid_universe-2019-02-21-2351,daily_high_low_midpoint_proxy,13:30:00,244050,90.4,順德,08:59:00,0.01,86943003.59,1139315.85,3000,leader_entry,81.35,3000,3000,3,buy,2019-02-21,1099,82,80.7,784000,2351,0,1447
38000,174321,-297101,board,421,2019-02-22,0.00114989890472,liquid_universe-2019-02-21-4919,daily_high_low_midpoint_proxy,13:30:00,295350,54.7,新唐,08:59:00,0.01,180964294.62,3822558.7,6000,leader_entry,49.225,6000,6000,4,buy,2019-02-21,1330,50.1,48.35,5217850,4919,0,1751
8,173907.8,-413.2,odd,20,2019-02-22,0.00941176470588,liquid_universe-2019-02-21-4919,after_hours_single_auction_proxy,14:30:00,391.2,54.7,新唐,13:40:00,0.01,180964294.62,3822558.7,8,leader_entry,48.9,6008,57,5,buy,2019-02-21,2,48.9,48.9,850,4919,0,22
5000,386939.8,213032,board,306,2019-04-15,0.00583873416243,liquid_universe-2019-02-21-2351,daily_high_low_midpoint_proxy,13:30:00,214950,63.9,順德,08:59:00,0.01,57745994.875,784089.5,3000,loss12,71.65,0,3000,6,sell,2019-04-12,968,72.4,70.9,513810,2351,644,1918
64000,96226.8,-290713,board,412,2019-04-16,0.000238325165136,liquid_universe-2019-04-15-3324,daily_high_low_midpoint_proxy,13:30:00,289000,160,雙鴻,08:59:00,0.01,847567147.525,6439852.9,2000,leader_entry,144.5,2000,2000,7,buy,2019-04-15,1301,147.5,141.5,8391896,3324,0,1713
8,95044.8,-1182,odd,20,2019-04-16,0.00892857142857,liquid_universe-2019-04-15-3324,after_hours_single_auction_proxy,14:30:00,1156,160,雙鴻,13:40:00,0.01,847567147.525,6439852.9,8,leader_entry,144.5,2008,27,8,buy,2019-04-15,6,144.5,144.5,896,3324,0,26
82000,330920.8,235876,board,339,2019-05-13,0.000242673445992,liquid_universe-2019-04-15-3324,daily_high_low_midpoint_proxy,13:30:00,238000,110,雙鴻,08:59:00,0.01,1315888274.53,9420055,2000,loss12,119,8,2000,9,sell,2019-05-10,1071,122.5,115.5,8241528,3324,714,2124
5,331496.8,576,odd,20,2019-05-13,0.0094696969697,liquid_universe-2019-04-15-3324,after_hours_single_auction_proxy,14:30:00,600,110,雙鴻,13:40:00,0.01,1315888274.53,9420055,5,loss12,120,3,8,10,sell,2019-05-10,3,120,120,528,3324,1,24
2,331716.8,220,odd,20,2019-05-14,0.00961538461538,liquid_universe-2019-04-15-3324,after_hours_single_auction_proxy,14:30:00,242,106.5,雙鴻,13:40:00,0.01,1327250513.47,9550902.9,2,loss12,121,1,3,11,sell,2019-05-10,2,121,121,208,3324,0,22
24000,81643.8,-250073,board,354,2019-05-14,0.00163923072541,liquid_universe-2019-05-13-1215,daily_high_low_midpoint_proxy,13:30:00,248600,69.5,卜蜂,08:59:00,0.01,147597527.365,2508153.8,4000,leader_entry,62.15,4000,4000,12,buy,2019-05-13,1119,62.9,61.4,2440169,1215,0,1473
31,79680.4,-1963.4,odd,20,2019-05-14,0.00978226569896,liquid_universe-2019-05-13-1215,after_hours_single_auction_proxy,14:30:00,1934.4,69.5,卜蜂,13:40:00,0.01,147597527.365,2508153.8,31,leader_entry,62.4,4031,115,13,buy,2019-05-13,9,62.4,62.4,3169,1215,0,29
14,79782.4,102,odd,20,2019-05-15,0.000672494956288,liquid_universe-2019-04-15-3324,after_hours_single_auction_proxy,14:30:00,123,108,雙鴻,13:40:00,0.01,1273873398.22,9252971.8,1,loss12,123,0,1,14,sell,2019-05-10,1,123,123,1487,3324,0,21
2000,140683.4,60901,board,88,2019-05-20,0.00731764430395,liquid_universe-2019-02-21-5305,daily_high_low_midpoint_proxy,13:30:00,61450,27.55,敦南,08:59:00,0.01,36522759.375,1102169.15,2000,loss12,30.725,6028,8000,15,sell,2019-05-17,277,31.1,30.35,273312,5305,184,549
3,140754.5,71.1,odd,20,2019-05-20,0.00961538461538,liquid_universe-2019-02-21-5305,after_hours_single_auction_proxy,14:30:00,92.1,27.55,敦南,13:40:00,0.01,36522759.375,1102169.15,3,loss12,30.7,6025,28,16,sell,2019-05-17,1,30.7,30.7,312,5305,0,21
7000,321377.5,180623,board,260,2019-05-21,0.00826880222265,liquid_universe-2019-02-21-5305,daily_high_low_midpoint_proxy,13:30:00,182250,27.65,敦南,08:59:00,0.01,36004574.945,1089641.5,6000,loss12,30.375,25,6000,17,sell,2019-05-17,821,30.95,29.8,725619,5305,546,1627
6,321540.4,162.9,odd,20,2019-05-21,0.00969305331179,liquid_universe-2019-02-21-5305,after_hours_single_auction_proxy,14:30:00,183.9,27.65,敦南,13:40:00,0.01,36004574.945,1089641.5,6,loss12,30.65,19,25,18,sell,2019-05-17,1,30.65,30.65,619,5305,0,21
2,321582.1,41.7,odd,20,2019-05-22,0.008,liquid_universe-2019-02-21-5305,after_hours_single_auction_proxy,14:30:00,62.7,27.6,敦南,13:40:00,0.01,35760489.5625,1088357.45,2,loss12,31.35,17,19,19,sell,2019-05-17,1,31.35,31.35,250,5305,0,21
17,313296.1,-8286,odd,20,2019-05-22,0.00955056179775,liquid_universe-2019-05-21-2207,after_hours_single_auction_proxy,14:30:00,8228,547,和泰車,13:40:00,0.01,300205569.675,661795.05,17,leader_entry,484,17,524,20,buy,2019-05-21,38,484,484,1780,2207,0,58
1,313305.55,9.45,odd,20,2019-05-23,0.00636942675159,liquid_universe-2019-02-21-5305,after_hours_single_auction_proxy,14:30:00,30.45,27.95,敦南,13:40:00,0.01,35207583.4775,1075346.55,1,loss12,30.45,16,17,21,sell,2019-05-17,1,30.45,30.45,157,5305,0,21
8,313525.15,219.6,odd,20,2019-05-24,0.00973236009732,liquid_universe-2019-02-21-5305,after_hours_single_auction_proxy,14:30:00,241.6,27.35,敦南,13:40:00,0.01,35080604.11,1075765.5,8,loss12,30.2,8,16,22,sell,2019-05-17,2,30.2,30.2,822,5305,0,22
7,313714.85,189.7,odd,20,2019-05-27,0.00943396226415,liquid_universe-2019-02-21-5305,after_hours_single_auction_proxy,14:30:00,210.7,27.2,敦南,13:40:00,0.01,34807602.685,1071702.9,7,loss12,30.1,1,8,23,sell,2019-05-17,1,30.1,30.1,742,5305,0,21
20,313723.8,8.95,odd,20,2019-05-28,0.0005,liquid_universe-2019-02-21-5305,after_hours_single_auction_proxy,14:30:00,29.95,27,敦南,13:40:00,0.01,33140132.1625,1028015.15,1,loss12,29.95,0,1,24,sell,2019-05-17,1,29.95,29.95,2000,5305,0,21
8000,568975.8,255252,board,367,2019-05-29,0.00684736091298,liquid_universe-2019-02-21-4919,daily_high_low_midpoint_proxy,13:30:00,257550,39.65,新唐,08:59:00,0.01,44130676.9075,943109.35,6000,time63,42.925,8,6000,25,sell,2019-05-28,1159,43.85,42,876250,4919,772,2298
2,569040.8,65,odd,20,2019-05-29,0.008,liquid_universe-2019-02-21-4919,after_hours_single_auction_proxy,14:30:00,86,39.65,新唐,13:40:00,0.01,44130676.9075,943109.35,2,time63,43,6,8,26,sell,2019-05-28,1,43,43,250,4919,0,21
1,569064.3,23.5,odd,20,2019-05-31,0.01,liquid_universe-2019-02-21-4919,after_hours_single_auction_proxy,14:30:00,44.5,38.7,新唐,13:40:00,0.01,44833955.6575,968316.85,1,time63,44.5,5,6,27,sell,2019-05-28,1,44.5,44.5,100,4919,0,21
54000,325348.3,-243716,board,345,2019-05-31,0.00264671689106,liquid_universe-2019-05-30-2841,daily_high_low_midpoint_proxy,13:30:00,242280,11.15,台開,08:59:00,0.01,50868903.9445,5405780.25,24000,leader_entry,10.095,24000,24000,28,buy,2019-05-30,1091,10.2,9.99,9067838,2841,0,1436
38,324946.3,-402,odd,20,2019-05-31,0.00990099009901,liquid_universe-2019-05-30-2841,after_hours_single_auction_proxy,14:30:00,380,11.15,台開,13:40:00,0.01,50868903.9445,5405780.25,38,leader_entry,10,24038,974,29,buy,2019-05-30,2,10,10,3838,2841,0,22
1,324969.5,23.2,odd,20,2019-06-04,0.00666666666667,liquid_universe-2019-02-21-4919,after_hours_single_auction_proxy,14:30:00,44.2,39.75,新唐,13:40:00,0.01,40179485.4075,877891.85,1,time63,44.2,4,5,30,sell,2019-05-28,1,44.2,44.2,150,4919,0,21
1,324994.3,24.8,odd,20,2019-06-05,0.00578034682081,liquid_universe-2019-02-21-4919,after_hours_single_auction_proxy,14:30:00,45.8,39.25,新唐,13:40:00,0.01,38875055.6175,854239.15,1,time63,45.8,3,4,31,sell,2019-05-28,1,45.8,45.8,173,4919,0,21
2,325061.3,67,odd,20,2019-06-06,0.00769230769231,liquid_universe-2019-02-21-4919,after_hours_single_auction_proxy,14:30:00,88,39.7,新唐,13:40:00,0.01,36721176.6525,811715.7,2,time63,44,1,3,32,sell,2019-05-28,1,44,44,260,4919,0,21
9,325085.3,24,odd,20,2019-06-11,0.00109289617486,liquid_universe-2019-02-21-4919,after_hours_single_auction_proxy,14:30:00,45,38.95,新唐,13:40:00,0.01,34256212.6925,765148.9,1,time63,45,0,1,33,sell,2019-05-28,1,45,45,915,4919,0,21
17000,469643.3,144558,board,208,2019-08-06,0.00540929252818,liquid_universe-2019-05-30-2841,daily_high_low_midpoint_proxy,13:30:00,145860,7.93,台開,08:59:00,0.01,16418097.215,1795435.95,17000,loss12,8.58,7038,24000,34,sell,2019-08-05,657,8.64,8.52,3142740,2841,437,1302
7,469683.9,40.6,odd,20,2019-08-06,0.00945945945946,liquid_universe-2019-05-30-2841,after_hours_single_auction_proxy,14:30:00,61.6,7.93,台開,13:40:00,0.01,16418097.215,1795435.95,7,loss12,8.8,7031,38,35,sell,2019-08-05,1,8.8,8.8,740,2841,0,21
18000,530248.9,60565,board,87,2019-08-07,0.00341288941068,liquid_universe-2019-05-30-2841,daily_high_low_midpoint_proxy,13:30:00,61110,7.78,台開,08:59:00,0.01,16359437.39,1800280.1,7000,loss12,8.73,31,7000,36,sell,2019-08-05,275,8.84,8.62,2051048,2841,183,545
10,530314.2,65.3,odd,20,2019-08-07,0.00954198473282,liquid_universe-2019-05-30-2841,after_hours_single_auction_proxy,14:30:00,86.3,7.78,台開,13:40:00,0.01,16359437.39,1800280.1,10,loss12,8.63,21,31,37,sell,2019-08-05,1,8.63,8.63,1048,2841,0,21
25,530678.85,160.65,odd,20,2019-08-08,0.00836320191159,liquid_universe-2019-05-30-2841,after_hours_single_auction_proxy,14:30:00,181.65,7.77,台開,13:40:00,0.01,15993779.439,1767183.35,21,loss12,8.65,0,21,38,sell,2019-08-05,1,8.65,8.65,2511,2841,0,21
33,521475.85,-9203,odd,20,2019-08-08,0.00986842105263,liquid_universe-2019-08-07-6230,after_hours_single_auction_proxy,14:30:00,9141,280.5,尼得科超眾,13:40:00,0.01,1019652303.73,4505631.9,33,leader_entry,277,33,997,39,buy,2019-08-07,42,277,277,3344,6230,0,62
9000,818205.85,284637,board,409,2019-08-13,0.00433889362551,liquid_universe-2019-05-13-1215,daily_high_low_midpoint_proxy,13:30:00,287200,65.1,卜蜂,08:59:00,0.01,158876064.815,2224159.25,4000,time63,71.8,31,4000,40,sell,2019-08-12,1293,72.3,71.3,921894,1215,861,2563
28,820171.85,1966,odd,20,2019-08-13,0.00967519004838,liquid_universe-2019-05-13-1215,after_hours_single_auction_proxy,14:30:00,2002,65.1,卜蜂,13:40:00,0.01,158876064.815,2224159.25,28,time63,71.5,3,31,41,sell,2019-08-12,10,71.5,71.5,2894,1215,6,36
20,820363.85,192,odd,20,2019-08-14,0.00147492625369,liquid_universe-2019-05-13-1215,after_hours_single_auction_proxy,14:30:00,213,64.4,卜蜂,13:40:00,0.01,153116636.54,2134899.7,3,time63,71,0,3,42,sell,2019-08-12,1,71,71,2034,1215,0,21
85000,581807.85,-238556,board,338,2019-08-14,0.000350955880985,liquid_universe-2019-08-13-8028,daily_high_low_midpoint_proxy,13:30:00,237150,85,昇陽半導體,08:59:00,0.01,918270263.075,13365299.3,3000,leader_entry,79.05,3000,3000,43,buy,2019-08-13,1068,80.1,78,8548083,8028,0,1406
20,580187.85,-1620,odd,20,2019-08-14,0.0096015362458,liquid_universe-2019-08-13-8028,after_hours_single_auction_proxy,14:30:00,1592,85,昇陽半導體,13:40:00,0.01,918270263.075,13365299.3,20,leader_entry,79.6,3020,259,44,buy,2019-08-13,8,79.6,79.6,2083,8028,0,28
12,585193.85,5006,odd,20,2019-08-21,0.00936037441498,liquid_universe-2019-05-21-2207,after_hours_single_auction_proxy,14:30:00,5064,387,和泰車,13:40:00,0.01,201079435.275,456193.85,12,time63,422,5,17,45,sell,2019-08-20,23,422,422,1282,2207,15,58
9,587312.85,2119,odd,20,2019-08-22,0.00546448087432,liquid_universe-2019-05-21-2207,after_hours_single_auction_proxy,14:30:00,2155,380,和泰車,13:40:00,0.01,198669693.475,452232.75,5,time63,431,0,5,46,sell,2019-08-20,10,431,431,915,2207,6,36
5000,356955.85,-230357,board,326,2019-08-22,0.0029269035117,liquid_universe-2019-08-21-3558,daily_high_low_midpoint_proxy,13:30:00,229000,127,神準,08:59:00,0.01,61840176.195,579938.7,2000,leader_entry,114.5,2000,2000,47,buy,2019-08-21,1031,115.5,113.5,683316,3558,0,1357
3,356587.35,-368.5,odd,20,2019-08-22,0.00949367088608,liquid_universe-2019-08-21-3558,after_hours_single_auction_proxy,14:30:00,346.5,127,神準,13:40:00,0.01,61840176.195,579938.7,3,leader_entry,115.5,2003,243,48,buy,2019-08-21,2,115.5,115.5,316,3558,0,22
11,359078.35,2491,odd,20,2019-09-18,0.00991884580703,liquid_universe-2019-08-07-6230,after_hours_single_auction_proxy,14:30:00,2530,207,尼得科超眾,13:40:00,0.01,852385550.475,3421408.2,11,loss12,230,22,33,49,sell,2019-09-17,12,230,230,1109,6230,7,39
1,359293.35,215,odd,20,2019-09-19,0.00684931506849,liquid_universe-2019-08-07-6230,after_hours_single_auction_proxy,14:30:00,237,207,尼得科超眾,13:40:00,0.01,853249427.475,3435480.65,1,loss12,237,21,22,50,sell,2019-09-17,2,237,237,146,6230,0,22
21000,158409.35,-200884,board,285,2019-09-19,0.000949969838458,liquid_universe-2019-09-18-3530,daily_high_low_midpoint_proxy,13:30:00,199700,110.5,晶相光,08:59:00,0.01,207314504.46,2181415.15,2000,leader_entry,99.85,2000,2000,51,buy,2019-09-18,899,102,97.7,2105330,3530,0,1184
3,158087.35,-322,odd,20,2019-09-19,0.00909090909091,liquid_universe-2019-09-18-3530,after_hours_single_auction_proxy,14:30:00,300,110.5,晶相光,13:40:00,0.01,207314504.46,2181415.15,3,leader_entry,100,2003,353,52,buy,2019-09-18,2,100,100,330,3530,0,22
3,158788.85,701.5,odd,20,2019-09-20,0.00828729281768,liquid_universe-2019-08-07-6230,after_hours_single_auction_proxy,14:30:00,727.5,211.5,尼得科超眾,13:40:00,0.01,821745467.525,3317522.35,3,loss12,242.5,18,21,53,sell,2019-09-17,4,242.5,242.5,362,6230,2,26
1,159007.85,219,odd,20,2019-09-23,0.008,liquid_universe-2019-08-07-6230,after_hours_single_auction_proxy,14:30:00,241,216,尼得科超眾,13:40:00,0.01,837781117.75,3388285.1,1,loss12,241,17,18,54,sell,2019-09-17,2,241,241,125,6230,0,22
9,161082.35,2074.5,odd,20,2019-09-24,0.00932642487047,liquid_universe-2019-08-07-6230,after_hours_single_auction_proxy,14:30:00,2110.5,213,尼得科超眾,13:40:00,0.01,801508718.975,3250906.5,9,loss12,234.5,8,17,55,sell,2019-09-17,10,234.5,234.5,965,6230,6,36
5,162195.85,1113.5,odd,20,2019-09-26,0.00840336134454,liquid_universe-2019-08-07-6230,after_hours_single_auction_proxy,14:30:00,1142.5,209,尼得科超眾,13:40:00,0.01,772386007.75,3143454.2,5,loss12,228.5,3,8,56,sell,2019-09-17,6,228.5,228.5,595,6230,3,29
5,162874.85,679,odd,20,2019-09-27,0.00512820512821,liquid_universe-2019-08-07-6230,after_hours_single_auction_proxy,14:30:00,705,205,尼得科超眾,13:40:00,0.01,742362252.775,3027124.1,3,loss12,235,0,3,57,sell,2019-09-17,4,235,235,585,6230,2,26
32000,363120.85,200246,board,288,2019-10-09,0.000919258464838,liquid_universe-2019-08-13-8028,daily_high_low_midpoint_proxy,13:30:00,202050,61.3,昇陽半導體,08:59:00,0.01,491686656.585,6797813.05,3000,loss12,67.35,20,3000,58,sell,2019-10-08,910,68,66.7,3263500,8028,606,1804
15,364109.85,989,odd,20,2019-10-09,0.01,liquid_universe-2019-08-13-8028,after_hours_single_auction_proxy,14:30:00,1017,61.3,昇陽半導體,13:40:00,0.01,491686656.585,6797813.05,15,loss12,67.8,5,20,59,sell,2019-10-08,5,67.8,67.8,1500,8028,3,28
2,364231.25,121.4,odd,20,2019-10-14,0.00833333333333,liquid_universe-2019-08-13-8028,after_hours_single_auction_proxy,14:30:00,142.4,60.9,昇陽半導體,13:40:00,0.01,491760212.885,6810891.15,2,loss12,71.2,3,5,60,sell,2019-10-08,1,71.2,71.2,240,8028,0,21
31000,153791.25,-210440,board,298,2019-10-14,0.000328041208537,liquid_universe-2019-10-09-2101,daily_high_low_midpoint_proxy,13:30:00,209200,56.3,南港,08:59:00,0.01,143621545.978,3117503.95,4000,leader_entry,52.3,4000,4000,61,buy,2019-10-09,942,53.5,51.1,12193590,2101,0,1240
335,135931.25,-17860,odd,25,2019-10-14,0.0099732063114,liquid_universe-2019-10-09-2101,after_hours_single_auction_proxy,14:30:00,17755,56.3,南港,13:40:00,0.01,143621545.978,3117503.95,335,leader_entry,53,4335,681,62,buy,2019-10-09,80,53,53,33590,2101,0,105
7,136122.65,191.4,odd,20,2019-10-15,0.00388098318241,liquid_universe-2019-08-13-8028,after_hours_single_auction_proxy,14:30:00,212.4,63.6,昇陽半導體,13:40:00,0.01,503482349.56,6981576,3,loss12,70.8,0,3,63,sell,2019-10-08,1,70.8,70.8,773,8028,0,21
2,136352.65,230,odd,20,2019-11-25,0.008,liquid_universe-2019-08-21-3558,after_hours_single_auction_proxy,14:30:00,252,114.5,神準,13:40:00,0.01,80054132.35,604138.2,2,time63,126,2001,3,64,sell,2019-11-22,2,126,126,250,3558,0,22
1000,262714.65,126362,board,182,2019-11-26,0.00509585299483,liquid_universe-2019-08-21-3558,daily_high_low_midpoint_proxy,13:30:00,127500,112.5,神準,08:59:00,0.01,78352896.45,591101.1,1000,time63,127.5,1001,2000,65,sell,2019-11-22,574,129,126,196238,3558,382,1138
2,262822.15,107.5,odd,20,2019-11-26,0.00420168067227,liquid_universe-2019-08-21-3558,after_hours_single_auction_proxy,14:30:00,128.5,112.5,神準,13:40:00,0.01,78352896.45,591101.1,1,time63,128.5,1000,1,66,sell,2019-11-22,1,128.5,128.5,238,3558,0,21
3000,390423.15,127601,board,183,2019-11-27,0.00312187812188,liquid_universe-2019-08-21-3558,daily_high_low_midpoint_proxy,13:30:00,128750,116,神準,08:59:00,0.01,76952778.1,580285.5,1000,time63,128.75,0,1000,67,sell,2019-11-22,580,130.5,127,320320,3558,386,1149
10000,190445.15,-199978,board,283,2019-11-28,0.00121310309041,liquid_universe-2019-11-27-3551,daily_high_low_midpoint_proxy,13:30:00,198800,54.5,世禾,08:59:00,0.01,50804606.2725,1085584.5,4000,leader_entry,49.7,4000,4000,68,buy,2019-11-27,895,50.8,48.6,3297329,3551,0,1178
3,190278.35,-166.8,odd,20,2019-11-28,0.00911854103343,liquid_universe-2019-11-27-3551,after_hours_single_auction_proxy,14:30:00,145.8,54.5,世禾,13:40:00,0.01,50804606.2725,1085584.5,3,leader_entry,48.6,4003,836,69,buy,2019-11-27,1,48.6,48.6,329,3551,0,21
14000,385818.35,195540,board,281,2019-12-20,0.00135740464232,liquid_universe-2019-09-18-3530,daily_high_low_midpoint_proxy,13:30:00,197300,90,晶相光,08:59:00,0.01,154167274.96,1569967,2000,time63,98.65,3,2000,70,sell,2019-12-19,888,100.5,96.8,1473400,3530,591,1760
4,386088.25,269.9,odd,20,2019-12-20,0.0075,liquid_universe-2019-09-18-3530,after_hours_single_auction_proxy,14:30:00,291.9,90,晶相光,13:40:00,0.01,154167274.96,1569967,3,time63,97.3,0,3,71,sell,2019-12-19,2,97.3,97.3,400,3530,0,22
98000,159754.25,-226334,board,321,2019-12-23,0.0002027161121,liquid_universe-2019-12-20-2456,daily_high_low_midpoint_proxy,13:30:00,225000,123.5,奇力新,08:59:00,0.01,1391031740.12,13519673.55,2000,leader_entry,112.5,2000,2000,72,buy,2019-12-20,1013,114,111,9866014,2456,0,1334
370,144226.25,-15528,odd,22,2019-12-23,0.00367428540552,liquid_universe-2019-12-20-2456,after_hours_single_auction_proxy,14:30:00,15436,123.5,奇力新,13:40:00,0.01,1391031740.12,13519673.55,136,leader_entry,113.5,2136,136,73,buy,2019-12-20,70,113.5,113.5,37014,2456,0,92
21000,327079.25,182853,board,263,2019-12-24,0.00167566849747,liquid_universe-2019-10-09-2101,daily_high_low_midpoint_proxy,13:30:00,184500,40.9,南港,08:59:00,0.01,106203313.46,2190410.5,4000,loss12,46.125,335,4000,74,sell,2019-12-23,831,46.45,45.8,2387107,2101,553,1647
41,328931.25,1852,odd,20,2019-12-24,0.0099829559289,liquid_universe-2019-10-09-2101,after_hours_single_auction_proxy,14:30:00,1886,40.9,南港,13:40:00,0.01,106203313.46,2190410.5,41,loss12,46,294,335,75,sell,2019-12-23,9,46,46,4107,2101,5,34
18,329734.15,802.9,odd,20,2019-12-25,0.00995024875622,liquid_universe-2019-10-09-2101,after_hours_single_auction_proxy,14:30:00,828.9,41.6,南港,13:40:00,0.01,103837190.395,2151843.2,18,loss12,46.05,276,294,76,sell,2019-12-23,4,46.05,46.05,1809,2101,2,26
125000,117232.15,-212502,board,301,2019-12-25,3.97841787869e-05,liquid_universe-2019-12-24-2492,daily_high_low_midpoint_proxy,13:30:00,211250,228.5,華新科,08:59:00,0.01,2342953820.07,12550585.8,1000,leader_entry,211.25,1000,1000,77,buy,2019-12-24,951,214,208.5,25135620,2492,0,1252
216,82552.65,-34679.5,odd,49,2019-12-25,0.00753931544866,liquid_universe-2019-12-24-2492,after_hours_single_auction_proxy,14:30:00,34474.5,228.5,華新科,13:40:00,0.01,2342953820.07,12550585.8,163,leader_entry,211.5,1163,163,78,buy,2019-12-24,156,211.5,211.5,21620,2492,0,205
68,85663.85,3111.2,odd,20,2019-12-26,0.00999412110523,liquid_universe-2019-10-09-2101,after_hours_single_auction_proxy,14:30:00,3155.2,41.7,南港,13:40:00,0.01,103624652.513,2150755.1,68,loss12,46.4,208,276,79,sell,2019-12-23,15,46.4,46.4,6804,2101,9,44
30,87027.85,1364,odd,20,2019-12-27,0.00974025974026,liquid_universe-2019-10-09-2101,after_hours_single_auction_proxy,14:30:00,1395,42,南港,13:40:00,0.01,102987930.42,2140547.85,30,loss12,46.5,178,208,80,sell,2019-12-23,7,46.5,46.5,3080,2101,4,31
57,89757.05,2729.2,odd,20,2019-12-30,0.01,liquid_universe-2019-10-09-2101,after_hours_single_auction_proxy,14:30:00,2770.2,42.1,南港,13:40:00,0.01,98242844.07,2044967.6,57,loss12,48.6,121,178,81,sell,2019-12-23,13,48.6,48.6,5700,2101,8,41
14,90407.25,650.2,odd,20,2019-12-31,0.00964187327824,liquid_universe-2019-10-09-2101,after_hours_single_auction_proxy,14:30:00,676.2,43.85,南港,13:40:00,0.01,97059532.42,2017959.6,14,loss12,48.3,107,121,82,sell,2019-12-23,4,48.3,48.3,1452,2101,2,26
19,91293.2,885.95,odd,20,2020-01-02,0.00991131977047,liquid_universe-2019-10-09-2101,after_hours_single_auction_proxy,14:30:00,912.95,43.5,南港,13:40:00,0.01,97458489.64,2026899.6,19,loss12,48.05,88,107,83,sell,2019-12-23,5,48.05,48.05,1917,2101,2,27
35,92954.2,1661,odd,20,2020-01-03,0.0098730606488,liquid_universe-2019-10-09-2101,after_hours_single_auction_proxy,14:30:00,1694,43.5,南港,13:40:00,0.01,94090723.675,1959377.35,35,loss12,48.4,53,88,84,sell,2019-12-23,8,48.4,48.4,3545,2101,5,33
45,95118.7,2164.5,odd,20,2020-01-06,0.00998668442077,liquid_universe-2019-10-09-2101,after_hours_single_auction_proxy,14:30:00,2200.5,43.75,南港,13:40:00,0.01,94538316.855,1969644.05,45,loss12,48.9,8,53,85,sell,2019-12-23,10,48.9,48.9,4506,2101,6,36
6,95385.9,267.2,odd,20,2020-01-07,0.0093023255814,liquid_universe-2019-10-09-2101,after_hours_single_auction_proxy,14:30:00,289.2,44.1,南港,13:40:00,0.01,90006483.9725,1880905.3,6,loss12,48.2,2,8,86,sell,2019-12-23,2,48.2,48.2,645,2101,0,22
22,95458.7,72.8,odd,20,2020-01-08,0.000878348704436,liquid_universe-2019-10-09-2101,after_hours_single_auction_proxy,14:30:00,93.8,43.65,南港,13:40:00,0.01,91054102.1825,1903663.4,2,loss12,46.9,0,2,87,sell,2019-12-23,1,46.9,46.9,2277,2101,0,21
6000,266319.7,170861,board,246,2020-03-09,0.00455062571104,liquid_universe-2019-11-27-3551,daily_high_low_midpoint_proxy,13:30:00,172400,40.65,世禾,08:59:00,0.01,29257718.5475,601461.15,4000,time63,43.1,3,4000,88,sell,2020-03-06,776,44.7,41.5,879000,3551,517,1539
3,266425.9,106.2,odd,20,2020-03-09,0.00857142857143,liquid_universe-2019-11-27-3551,after_hours_single_auction_proxy,14:30:00,127.2,40.65,世禾,13:40:00,0.01,29257718.5475,601461.15,3,time63,42.4,0,3,89,sell,2020-03-06,1,42.4,42.4,350,3551,0,21
99000,466423.9,199998,board,288,2020-03-11,0.000201685282218,liquid_universe-2019-12-20-2456,daily_high_low_midpoint_proxy,13:30:00,201800,89.7,奇力新,08:59:00,0.01,1299754377.21,10923720,2000,loss12,100.9,136,2000,90,sell,2020-03-10,909,103,98.8,9916440,2456,605,1802
84,474740.9,8317,odd,20,2020-03-11,0.00995260663507,liquid_universe-2019-12-20-2456,after_hours_single_auction_proxy,14:30:00,8400,89.7,奇力新,13:40:00,0.01,1299754377.21,10923720,84,loss12,100,52,136,91,sell,2020-03-10,38,100,100,8440,2456,25,83
145,479427.3,4686.4,odd,20,2020-03-12,0.00356750823271,liquid_universe-2019-12-20-2456,after_hours_single_auction_proxy,14:30:00,4742.4,89.6,奇力新,13:40:00,0.01,1244391632.21,10614180.2,52,loss12,91.2,0,52,92,sell,2020-03-10,22,91.2,91.2,14576,2456,14,56
181000,642954.3,163527,board,235,2020-03-13,4.22485935126e-05,liquid_universe-2019-12-24-2492,daily_high_low_midpoint_proxy,13:30:00,165000,161,華新科,08:59:00,0.01,4040880657.72,18192504.1,1000,loss12,165,163,1000,93,sell,2020-03-12,743,169,161,23669427,2492,495,1473
74,655383.3,12429,odd,20,2020-03-13,0.00996364615592,liquid_universe-2019-12-24-2492,after_hours_single_auction_proxy,14:30:00,12543,161,華新科,13:40:00,0.01,4040880657.72,18192504.1,74,loss12,169.5,89,163,94,sell,2020-03-12,57,169.5,169.5,7427,2492,37,114
60,664802.3,9419,odd,20,2020-03-16,0.00983929157101,liquid_universe-2019-12-24-2492,after_hours_single_auction_proxy,14:30:00,9510,151.5,華新科,13:40:00,0.01,4101227418.88,18787965.15,60,loss12,158.5,29,89,95,sell,2020-03-12,43,158.5,158.5,6098,2492,28,91
82,669113.8,4311.5,odd,20,2020-03-17,0.00352926858951,liquid_universe-2019-12-24-2492,after_hours_single_auction_proxy,14:30:00,4364.5,141,華新科,13:40:00,0.01,4129858129.72,19302402.05,29,loss12,150.5,0,29,96,sell,2020-03-12,20,150.5,150.5,8217,2492,13,53
18000,547898.8,-121215,board,172,2020-06-04,0.000322537674819,liquid_universe-2020-06-03-2723,daily_high_low_midpoint_proxy,13:30:00,120500,129,美食-KY,08:59:00,0.01,195416949.265,1817760,1000,leader_entry,120.5,1000,1000,97,buy,2020-06-03,543,122,119,3100413,2723,0,715
34,543711.8,-4187,odd,20,2020-06-04,0.00996191034281,liquid_universe-2020-06-03-2723,after_hours_single_auction_proxy,14:30:00,4148,129,美食-KY,13:40:00,0.01,195416949.265,1817760,34,leader_entry,122,1034,718,98,buy,2020-06-03,19,122,122,3413,2723,0,39
27000,357363.8,-186348,board,264,2020-06-04,0.00144509018567,liquid_universe-2020-06-03-2520,daily_high_low_midpoint_proxy,13:30:00,185250,34.2,冠德,08:59:00,0.01,79376243.255,2794010.4,6000,leader_entry,30.875,6000,6000,99,buy,2020-06-03,834,31.35,30.4,4151990,2520,0,1098
9,357066.4,-297.4,odd,20,2020-06-04,0.00909090909091,liquid_universe-2020-06-03-2520,after_hours_single_auction_proxy,14:30:00,275.4,34.2,冠德,13:40:00,0.01,79376243.255,2794010.4,9,leader_entry,30.6,6009,483,100,buy,2020-06-03,2,30.6,30.6,990,2520,0,22
26,348127.4,-8939,odd,20,2020-06-04,0.00974878140232,liquid_universe-2020-06-03-3661,after_hours_single_auction_proxy,14:30:00,8879,360.5,世芯-KY,13:40:00,0.01,1949704685.8,6596965.6,26,leader_entry,341.5,26,615,101,buy,2020-06-03,40,341.5,341.5,2667,3661,0,60
20000,451199.4,103072,board,148,2020-06-15,0.000497624341394,liquid_universe-2020-06-03-2723,daily_high_low_midpoint_proxy,13:30:00,104000,96.3,美食-KY,08:59:00,0.01,230716444.19,2053197.45,1000,loss12,104,34,1000,102,sell,2020-06-12,468,106,102,2009548,2723,312,928
25,453735.4,2536,odd,20,2020-06-15,0.00981161695447,liquid_universe-2020-06-03-2723,after_hours_single_auction_proxy,14:30:00,2575,96.3,美食-KY,13:40:00,0.01,230716444.19,2053197.45,25,loss12,103,9,34,103,sell,2020-06-12,12,103,103,2548,2723,7,39
18,454680.4,945,odd,20,2020-06-16,0.00491803278689,liquid_universe-2020-06-03-2723,after_hours_single_auction_proxy,14:30:00,972,91.8,美食-KY,13:40:00,0.01,239018800.75,2133100.45,9,loss12,108,0,9,104,sell,2020-06-12,5,108,108,1830,2723,2,27
45000,263931.4,-190749,board,270,2020-06-16,0.00110846581902,liquid_universe-2020-06-15-3029,daily_high_low_midpoint_proxy,13:30:00,189625,41.5,零壹,08:59:00,0.01,188059680.938,5205697.55,5000,leader_entry,37.925,5000,5000,105,buy,2020-06-15,854,38.5,37.35,4510739,3029,0,1124
27,262891.2,-1040.2,odd,20,2020-06-16,0.00985761226725,liquid_universe-2020-06-15-3029,after_hours_single_auction_proxy,14:30:00,1015.2,41.5,零壹,13:40:00,0.01,188059680.938,5205697.55,27,leader_entry,37.6,5027,133,106,buy,2020-06-15,5,37.6,37.6,2739,3029,0,25
47000,507383.7,235479,board,339,2020-09-03,0.00127521281708,liquid_universe-2020-06-03-2520,daily_high_low_midpoint_proxy,13:30:00,237600,36,冠德,08:59:00,0.01,261872307.25,6967364.45,6000,time63,39.6,9,6000,107,sell,2020-09-02,1070,40.25,38.95,4705097,2520,712,2121
10,507714.4,330.7,odd,20,2020-09-03,0.00820419325433,liquid_universe-2020-06-03-2520,after_hours_single_auction_proxy,14:30:00,353.7,36,冠德,13:40:00,0.01,261872307.25,6967364.45,9,time63,39.3,0,9,108,sell,2020-09-02,2,39.3,39.3,1097,2520,1,23
6,511154.4,3440,odd,20,2020-09-03,0.00860832137733,liquid_universe-2020-06-03-3661,after_hours_single_auction_proxy,14:30:00,3486,476.5,世芯-KY,13:40:00,0.01,2787266297.15,4551435.25,6,time63,581,20,26,109,sell,2020-09-02,16,581,581,697,3661,10,46
6,514546.4,3392,odd,20,2020-09-04,0.00900900900901,liquid_universe-2020-06-03-3661,after_hours_single_auction_proxy,14:30:00,3438,523,世芯-KY,13:40:00,0.01,2777939307.05,4594972.65,6,time63,573,14,20,110,sell,2020-09-02,16,573,573,666,3661,10,46
24000,304508.4,-210038,board,298,2020-09-04,0.00138351671271,liquid_universe-2020-09-03-3071,daily_high_low_midpoint_proxy,13:30:00,208800,29.05,協禧,08:59:00,0.01,58989024.585,2491459.05,8000,leader_entry,26.1,8000,8000,111,buy,2020-09-03,940,26.9,25.3,5782366,3071,0,1238
143,300680.9,-3827.5,odd,20,2020-09-04,0.00995405819296,liquid_universe-2020-09-03-3071,after_hours_single_auction_proxy,14:30:00,3789.5,29.05,協禧,13:40:00,0.01,58989024.585,2491459.05,143,leader_entry,26.5,8143,236,112,buy,2020-09-03,18,26.5,26.5,14366,3071,0,38
231000,96979.9,-203701,board,289,2020-09-04,0.0001360836669,liquid_universe-2020-09-03-6191,daily_high_low_midpoint_proxy,13:30:00,202500,24.8,精成科,08:59:00,0.01,473951905.535,23144258.05,9000,leader_entry,22.5,9000,9000,113,buy,2020-09-03,912,23.5,21.5,66135784,6191,0,1201
57,95671.4,-1308.5,odd,20,2020-09-04,0.00985477178423,liquid_universe-2020-09-03-6191,after_hours_single_auction_proxy,14:30:00,1282.5,24.8,精成科,13:40:00,0.01,473951905.535,23144258.05,57,leader_entry,22.5,9057,648,114,buy,2020-09-03,6,22.5,22.5,5784,6191,0,26
29,101814.4,6143,odd,20,2020-09-08,0.00472972972973,liquid_universe-2020-06-03-3661,after_hours_single_auction_proxy,14:30:00,6209,440.5,世芯-KY,13:40:00,0.01,2778794012.1,4767685.35,14,time63,443.5,0,14,115,sell,2020-09-02,28,443.5,443.5,2960,3661,18,66
9000,287541.4,185727,board,267,2020-09-14,0.00822303333309,liquid_universe-2020-09-03-3071,daily_high_low_midpoint_proxy,13:30:00,187400,20.7,協禧,08:59:00,0.01,68799642.125,2815309.1,8000,loss12,23.425,143,8000,116,sell,2020-09-11,844,23.85,23,972877,3071,562,1673
28,288179.6,638.2,odd,20,2020-09-14,0.00973236009732,liquid_universe-2020-09-03-3071,after_hours_single_auction_proxy,14:30:00,662.2,20.7,協禧,13:40:00,0.01,68799642.125,2815309.1,28,loss12,23.65,115,143,117,sell,2020-09-11,3,23.65,23.65,2877,3071,1,24
4000,452301.6,164122,board,236,2020-09-15,0.00810648681075,liquid_universe-2020-06-15-3029,daily_high_low_midpoint_proxy,13:30:00,165600,37.05,零壹,08:59:00,0.01,101218685.758,2359608.2,4000,time63,41.4,1027,5000,118,sell,2020-09-14,746,41.65,41.15,493432,3029,496,1478
4,452445.6,144,odd,20,2020-09-15,0.00925925925926,liquid_universe-2020-06-15-3029,after_hours_single_auction_proxy,14:30:00,165,37.05,零壹,13:40:00,0.01,101218685.758,2359608.2,4,time63,41.25,1023,27,119,sell,2020-09-14,1,41.25,41.25,432,3029,0,21
49,453612.2,1166.6,odd,20,2020-09-15,0.00992505570184,liquid_universe-2020-09-03-3071,after_hours_single_auction_proxy,14:30:00,1195.6,21.45,協禧,13:40:00,0.01,68755057.1275,2810398,49,loss12,24.4,66,115,120,sell,2020-09-11,6,24.4,24.4,4937,3071,3,29
109000,263190.2,-190422,board,270,2020-09-15,0.00109899872058,liquid_universe-2020-09-14-3047,daily_high_low_midpoint_proxy,13:30:00,189300,17.6,訊舟,08:59:00,0.01,172722528.82,11947131.65,12000,leader_entry,15.775,12000,12000,121,buy,2020-09-14,852,16.15,15.4,10919030,3047,0,1122
60,262235.2,-955,odd,20,2020-09-15,0.00995024875622,liquid_universe-2020-09-14-3047,after_hours_single_auction_proxy,14:30:00,930,17.6,訊舟,13:40:00,0.01,172722528.82,11947131.65,60,leader_entry,15.5,12060,920,122,buy,2020-09-14,5,15.5,15.5,6030,3047,0,25
11000,302795.2,40560,board,58,2020-09-16,0.00087624755746,liquid_universe-2020-06-15-3029,daily_high_low_midpoint_proxy,13:30:00,40925,37.1,零壹,08:59:00,0.01,98849481.1125,2307939.9,1000,time63,40.925,23,1000,123,sell,2020-09-14,185,41.35,40.5,1141230,3029,122,365
32,303706.6,911.4,odd,20,2020-09-16,0.00712074303406,liquid_universe-2020-06-15-3029,after_hours_single_auction_proxy,14:30:00,938.4,37.1,零壹,13:40:00,0.01,98849481.1125,2307939.9,23,time63,40.8,0,23,124,sell,2020-09-14,5,40.8,40.8,3230,3029,2,27
35,304557.35,850.75,odd,20,2020-09-16,0.00997435166714,liquid_universe-2020-09-03-3071,after_hours_single_auction_proxy,14:30:00,876.75,22.05,協禧,13:40:00,0.01,69531207.4325,2838921.3,35,loss12,25.05,31,66,125,sell,2020-09-11,4,25.05,25.05,3509,3071,2,26
12,304836.55,279.2,odd,20,2020-09-17,0.00949367088608,liquid_universe-2020-09-03-3071,after_hours_single_auction_proxy,14:30:00,301.2,22.65,協禧,13:40:00,0.01,73362532.745,2980465.7,12,loss12,25.1,19,31,126,sell,2020-09-11,2,25.1,25.1,1264,3071,0,22
2000,107372.55,-197464,board,280,2020-09-17,0.00686443092152,liquid_universe-2020-09-16-6469,daily_high_low_midpoint_proxy,13:30:00,196300,109.5,大樹,08:59:00,0.01,57050186.87,552954.65,2000,leader_entry,98.15,2000,2000,127,buy,2020-09-16,884,99.8,96.5,291357,6469,0,1164
23,105046.15,-2326.4,odd,20,2020-09-17,0.00975816716165,liquid_universe-2020-09-16-6469,after_hours_single_auction_proxy,14:30:00,2295.4,109.5,大樹,13:40:00,0.01,57050186.87,552954.65,23,leader_entry,99.8,2023,65,128,buy,2020-09-16,11,99.8,99.8,2357,6469,0,31
18,105475.75,429.6,odd,20,2020-09-18,0.00956937799043,liquid_universe-2020-09-03-3071,after_hours_single_auction_proxy,14:30:00,453.6,22.7,協禧,13:40:00,0.01,64936674.675,2599050.55,18,loss12,25.2,1,19,129,sell,2020-09-11,3,25.2,25.2,1881,3071,1,24
11,105479.35,3.6,odd,20,2020-09-21,0.000856898029135,liquid_universe-2020-09-03-3071,after_hours_single_auction_proxy,14:30:00,24.6,22.8,協禧,13:40:00,0.01,64677389.18,2581629.3,1,loss12,24.6,0,1,130,sell,2020-09-11,1,24.6,24.6,1167,3071,0,21
93000,277049.07,171480,board,247,2020-09-25,0.000966364294858,liquid_universe-2020-09-03-6191,daily_high_low_midpoint_proxy,13:30:00,173025,17.7,精成科,08:59:00,0.01,312632118.415,14589403.3,9000,loss12,19.225,57,9000,131,sell,2020-09-24,779,20,18.45,9313258,6191,519,1545
12,277255.07,206,odd,20,2020-09-25,0.00953895071542,liquid_universe-2020-09-03-6191,after_hours_single_auction_proxy,14:30:00,228,17.7,精成科,13:40:00,0.01,312632118.415,14589403.3,12,loss12,19,45,57,132,sell,2020-09-24,2,19,19,1258,6191,0,22
20,277626.07,371,odd,20,2020-09-28,0.00989609104404,liquid_universe-2020-09-03-6191,after_hours_single_auction_proxy,14:30:00,394,17.1,精成科,13:40:00,0.01,312056503.565,14587408.15,20,loss12,19.7,25,45,133,sell,2020-09-24,2,19.7,19.7,2021,6191,1,23
11,277821.77,195.7,odd,20,2020-09-29,0.00967458223395,liquid_universe-2020-09-03-6191,after_hours_single_auction_proxy,14:30:00,216.7,17.8,精成科,13:40:00,0.01,310613948.803,14518278.55,11,loss12,19.7,14,25,134,sell,2020-09-24,1,19.7,19.7,1137,6191,0,21
1793000,106411.77,-171410,board,243,2020-09-29,1.09498561884e-05,liquid_universe-2020-09-28-2303,daily_high_low_midpoint_proxy,13:30:00,170400,30.25,聯電,08:59:00,0.01,4452571759.72,179391212.35,6000,leader_entry,28.4,6000,6000,135,buy,2020-09-28,767,29.3,27.5,547952402,2303,0,1010
874,82322.17,-24089.6,odd,34,2020-09-29,0.00999977117228,liquid_universe-2020-09-28-2303,after_hours_single_auction_proxy,14:30:00,23947.6,30.25,聯電,13:40:00,0.01,4452571759.72,179391212.35,874,leader_entry,27.4,6874,893,136,buy,2020-09-28,108,27.4,27.4,87402,2303,0,142
23,82582.97,260.8,odd,20,2020-09-30,0.00606585788562,liquid_universe-2020-09-03-6191,after_hours_single_auction_proxy,14:30:00,282.8,17.8,精成科,13:40:00,0.01,296705717.475,13861663.5,14,loss12,20.2,0,14,137,sell,2020-09-24,2,20.2,20.2,2308,6191,0,22
16,83971.17,1388.2,odd,20,2020-09-30,0.00949554896142,liquid_universe-2020-09-16-6469,after_hours_single_auction_proxy,14:30:00,1419.2,78.8,大樹,13:40:00,0.01,35299560.665,359292.95,16,loss12,88.7,2007,23,138,sell,2020-09-29,7,88.7,88.7,1685,6469,4,31
9,84564.57,593.4,odd,20,2020-10-05,0.00740740740741,liquid_universe-2020-09-16-6469,after_hours_single_auction_proxy,14:30:00,617.4,79,大樹,13:40:00,0.01,32471364.99,333750.8,7,loss12,88.2,2000,7,139,sell,2020-09-29,3,88.2,88.2,945,6469,1,24
1000,172918.57,88354,board,127,2020-10-06,0.00693615958716,liquid_universe-2020-09-16-6469,daily_high_low_midpoint_proxy,13:30:00,89150,79.1,大樹,08:59:00,0.01,31556628.915,325852.3,1000,loss12,89.15,1000,2000,140,sell,2020-09-29,402,90.1,88.2,144172,6469,267,796
1000,261718.57,88800,board,128,2020-10-08,0.00953652489033,liquid_universe-2020-09-16-6469,daily_high_low_midpoint_proxy,13:30:00,89600,80.1,大樹,08:59:00,0.01,28908155.875,304460.3,1000,loss12,89.6,0,1000,141,sell,2020-09-29,404,90.2,89,104860,6469,268,800
21000,95740.57,-165978,board,235,2020-10-12,0.00046390516294,liquid_universe-2020-10-08-6533,daily_high_low_midpoint_proxy,13:30:00,165000,181.5,晶心科,08:59:00,0.01,600543881.85,3904539.3,1000,leader_entry,165,1000,1000,142,buy,2020-10-08,743,167.5,162.5,2155613,6533,0,978
36,89807.57,-5933,odd,20,2020-10-12,0.00996401882092,liquid_universe-2020-10-08-6533,after_hours_single_auction_proxy,14:30:00,5886,181.5,晶心科,13:40:00,0.01,600543881.85,3904539.3,36,leader_entry,163.5,1036,201,143,buy,2020-10-08,27,163.5,163.5,3613,6533,0,47
15000,250659.57,160852,board,231,2020-11-02,0.00797810807145,liquid_universe-2020-09-14-3047,daily_high_low_midpoint_proxy,13:30:00,162300,12.15,訊舟,08:59:00,0.01,49446119.79,3478112.25,12000,loss12,13.525,60,12000,144,sell,2020-10-30,731,13.7,13.35,1504116,3047,486,1448
1,250652.12,-7.45,odd,20,2020-11-03,0.00546448087432,liquid_universe-2020-09-14-3047,daily_high_low_midpoint_proxy,13:30:00,13.55,12.05,訊舟,09:00:00,0.01,48403973.82,3407164.95,1,loss12,13.55,59,60,145,sell,2020-10-30,1,13.55,13.55,183,3047,0,21
145000,81505.12,-169147,board,240,2020-11-03,0.000234048748844,liquid_universe-2020-11-02-2615,daily_high_low_midpoint_proxy,13:30:00,168150,29.7,萬海,08:59:00,0.01,364818746.058,14575501.2,6000,leader_entry,28.025,6000,6000,146,buy,2020-11-02,757,28.9,27.15,25635685,2615,0,997
95,78810.74,-2694.38,odd,20,2020-11-03,0.0099549407943,liquid_universe-2020-11-02-2615,daily_high_low_midpoint_proxy,13:30:00,2662.38,29.7,萬海,09:00:00,0.01,364818746.058,14575501.2,95,leader_entry,28.025,6095,816,147,buy,2020-11-02,12,28.55,27.5,9543,2615,0,32
1,78803.44,-7.3,odd,20,2020-11-04,0.00689655172414,liquid_universe-2020-09-14-3047,daily_high_low_midpoint_proxy,13:30:00,13.7,12.5,訊舟,09:00:00,0.01,48178514.58,3393108.05,1,loss12,13.7,58,59,148,sell,2020-10-30,1,13.85,13.55,145,3047,0,21
2,78811.04,7.6,odd,20,2020-11-06,0.00749063670412,liquid_universe-2020-09-14-3047,daily_high_low_midpoint_proxy,13:30:00,28.6,12.7,訊舟,09:00:00,0.01,43956861.45,3112147.55,2,loss12,14.3,56,58,149,sell,2020-10-30,1,14.45,14.15,267,3047,0,21
13,78978.22,167.18,odd,20,2020-11-09,0.00959409594096,liquid_universe-2020-09-14-3047,daily_high_low_midpoint_proxy,13:30:00,188.18,13,訊舟,09:00:00,0.01,45263852.41,3204006.9,13,loss12,14.475,43,56,150,sell,2020-10-30,1,14.5,14.45,1355,3047,0,21
10,79100.97,122.75,odd,20,2020-11-10,0.00995024875622,liquid_universe-2020-09-14-3047,daily_high_low_midpoint_proxy,13:30:00,143.75,13.15,訊舟,09:00:00,0.01,44399074.67,3133289.3,10,loss12,14.375,33,43,151,sell,2020-10-30,1,14.55,14.2,1005,3047,0,21
9,79210.47,109.5,odd,20,2020-11-11,0.00969827586207,liquid_universe-2020-09-14-3047,daily_high_low_midpoint_proxy,13:30:00,130.5,12.9,訊舟,09:00:00,0.01,44045851.3175,3102324.95,9,loss12,14.5,24,33,152,sell,2020-10-30,1,14.55,14.45,928,3047,0,21
1,79204.02,-6.45,odd,20,2020-11-12,0.00625,liquid_universe-2020-09-14-3047,daily_high_low_midpoint_proxy,13:30:00,14.55,13.2,訊舟,09:00:00,0.01,47103650.48,3307743.9,1,loss12,14.55,23,24,153,sell,2020-10-30,1,14.55,14.55,160,3047,0,21
19,79463.22,259.2,odd,20,2020-11-13,0.00960080848914,liquid_universe-2020-09-14-3047,daily_high_low_midpoint_proxy,13:30:00,281.2,13.15,訊舟,09:00:00,0.01,46286002.445,3248315.8,19,loss12,14.8,4,23,154,sell,2020-10-30,2,15,14.6,1979,3047,0,22
16,79503.42,40.2,odd,20,2020-11-16,0.00236406619385,liquid_universe-2020-09-14-3047,daily_high_low_midpoint_proxy,13:30:00,61.2,13.4,訊舟,09:00:00,0.01,49044872.19,3424165.1,4,loss12,15.3,0,4,155,sell,2020-10-30,1,15.5,15.1,1692,3047,0,21
1532000,363297.42,283794,board,408,2020-12-30,3.91594875469e-05,liquid_universe-2020-09-28-2303,daily_high_low_midpoint_proxy,13:30:00,286350,42.7,聯電,08:59:00,0.01,13222192541.5,281648025.9,6000,time63,47.725,874,6000,156,sell,2020-12-29,1289,48.35,47.1,153219574,2303,859,2556
1132,404744.32,41446.9,odd,60,2020-12-30,0.0077192114746,liquid_universe-2020-09-28-2303,daily_high_low_midpoint_proxy,13:30:00,41820.9,42.7,聯電,09:00:00,0.01,13222192541.5,281648025.9,874,time63,47.85,0,874,157,sell,2020-12-29,189,48.25,47.45,113224,2303,125,374
53000,180422.32,-224322,board,318,2020-12-31,0.000372025124345,liquid_universe-2020-12-30-6411,daily_high_low_midpoint_proxy,13:30:00,223000,122,晶焱,08:59:00,0.01,744585873.71,7101183.9,2000,leader_entry,111.5,2000,2000,158,buy,2020-12-30,1004,113.5,109.5,5375981,6411,0,1322
60,173696.32,-6726,odd,20,2020-12-31,0.00987329274313,liquid_universe-2020-12-30-6411,daily_high_low_midpoint_proxy,13:30:00,6675,122,晶焱,09:00:00,0.01,744585873.71,7101183.9,60,leader_entry,111.25,2060,806,159,buy,2020-12-30,31,112.5,110,6077,6411,0,51
65000,542871.32,369175,board,531,2021-01-08,0.000114693354128,liquid_universe-2020-10-08-6533,daily_high_low_midpoint_proxy,13:30:00,372500,337.5,晶心科,08:59:00,0.01,2016344261.08,6515074.85,1000,time63,372.5,36,1000,160,sell,2021-01-07,1677,385,360,8718901,6533,1117,3325
165,556214.32,13343,odd,20,2021-01-08,0.0021690666988,liquid_universe-2020-10-08-6533,daily_high_low_midpoint_proxy,13:30:00,13464,337.5,晶心科,09:00:00,0.01,2016344261.08,6515074.85,36,time63,374,0,36,161,sell,2021-01-07,61,383,365,16597,6533,40,121
164000,241459.32,-314755,board,446,2021-01-11,0.000803339935512,liquid_universe-2021-01-08-6005,daily_high_low_midpoint_proxy,13:30:00,312900,16.7,群益證,08:59:00,0.01,229254277.495,16432208.6,21000,leader_entry,14.9,21000,21000,162,buy,2021-01-08,1409,15.2,14.6,26140864,6005,0,1855
132,239460.22,-1999.1,odd,20,2021-01-11,0.00998789346247,liquid_universe-2021-01-08-6005,daily_high_low_midpoint_proxy,13:30:00,1970.1,16.7,群益證,09:00:00,0.01,229254277.495,16432208.6,132,leader_entry,14.925,21132,356,163,buy,2021-01-08,9,15.1,14.75,13216,6005,0,29
207000,490548.22,251088,board,361,2021-02-01,0.000289678438587,liquid_universe-2020-11-02-2615,daily_high_low_midpoint_proxy,13:30:00,253350,38.55,萬海,08:59:00,0.01,2775390645.25,57348365.05,6000,time63,42.225,95,6000,164,sell,2021-01-29,1141,43.5,40.95,20712622,2615,760,2262
92,494381.62,3833.4,odd,20,2021-02-01,0.00997939038941,liquid_universe-2020-11-02-2615,daily_high_low_midpoint_proxy,13:30:00,3882.4,38.55,萬海,09:00:00,0.01,2775390645.25,57348365.05,92,time63,42.2,3,95,165,sell,2021-01-29,18,43.05,41.35,9219,2615,11,49
171,494490.15,108.53,odd,20,2021-02-02,0.000175315568022,liquid_universe-2020-11-02-2615,daily_high_low_midpoint_proxy,13:30:00,129.53,37.25,萬海,09:00:00,0.01,2408040286.69,51200568.75,3,time63,43.175,0,3,166,sell,2021-01-29,1,44.85,41.5,17112,2615,0,21
24000,235967.15,-258523,board,366,2021-02-02,0.000300662133183,liquid_universe-2021-02-01-3217,daily_high_low_midpoint_proxy,13:30:00,257000,142,優群,08:59:00,0.01,288537445.2,2438979.85,2000,leader_entry,128.5,2000,2000,167,buy,2021-02-01,1157,133,124,6651985,3217,0,1523
88,224632.15,-11335,odd,20,2021-02-02,0.00999659207088,liquid_universe-2021-02-01-3217,daily_high_low_midpoint_proxy,13:30:00,11264,142,優群,09:00:00,0.01,288537445.2,2438979.85,88,leader_entry,128,2088,285,168,buy,2021-02-01,51,130.5,125.5,8803,3217,0,71
103000,518981.15,294349,board,423,2021-04-14,0.00013936013907,liquid_universe-2020-12-30-6411,daily_high_low_midpoint_proxy,13:30:00,297000,139.5,晶焱,08:59:00,0.01,1431995708.92,10374830.95,2000,time63,148.5,60,2000,169,sell,2021-04-13,1337,157.5,139.5,14351306,6411,891,2651
226,527670.15,8689,odd,20,2021-04-14,0.00264783759929,liquid_universe-2020-12-30-6411,daily_high_low_midpoint_proxy,13:30:00,8775,139.5,晶焱,09:00:00,0.01,1431995708.92,10374830.95,60,time63,146.25,0,60,170,sell,2021-04-13,40,153,139.5,22660,6411,26,86
3000,757104.15,229434,board,330,2021-04-15,0.0060856679477,liquid_universe-2021-02-01-3217,daily_high_low_midpoint_proxy,13:30:00,231500,104,優群,08:59:00,0.01,113243251.425,908748,2000,loss12,115.75,88,2000,171,sell,2021-04-14,1042,117,114.5,328641,3217,694,2066
46,762425.15,5321,odd,20,2021-04-15,0.00991165697048,liquid_universe-2021-02-01-3217,daily_high_low_midpoint_proxy,13:30:00,5382,104,優群,09:00:00,0.01,113243251.425,908748,46,loss12,117,42,88,172,sell,2021-04-14,25,117.5,116.5,4641,3217,16,61
34000,419530.15,-342895,board,486,2021-04-15,0.00273995122887,liquid_universe-2021-04-14-1103,daily_high_low_midpoint_proxy,13:30:00,340875,24.6,嘉泥,08:59:00,0.01,72387584.305,3495512.2,15000,leader_entry,22.725,15000,15000,173,buy,2021-04-14,1534,23,22.45,5474550,1103,0,2020
73,418644.5,-885.65,odd,20,2021-04-15,0.00516655336506,liquid_universe-2021-04-14-1103,daily_high_low_midpoint_proxy,13:30:00,861.65,24.6,嘉泥,09:00:00,0.01,72387584.305,3495512.2,38,leader_entry,22.675,15038,38,174,buy,2021-04-14,4,22.95,22.4,7355,1103,0,24
49,423637,4992.5,odd,20,2021-04-16,0.00844390832328,liquid_universe-2021-02-01-3217,daily_high_low_midpoint_proxy,13:30:00,5050.5,105,優群,09:00:00,0.01,108858078,875772.15,42,loss12,120.25,0,42,175,sell,2021-04-14,23,121,119.5,4974,3217,15,58
72000,129907,-293730,board,416,2021-04-16,0.000447397316444,liquid_universe-2021-04-15-3003,daily_high_low_midpoint_proxy,13:30:00,292000,79,健和興,08:59:00,0.01,475781562.18,7259926.8,4000,leader_entry,73,4000,4000,176,buy,2021-04-15,1314,74.8,71.2,8940599,3003,0,1730
108,121945.4,-7961.6,odd,20,2021-04-16,0.00995483454696,liquid_universe-2021-04-15-3003,daily_high_low_midpoint_proxy,13:30:00,7905.6,79,健和興,09:00:00,0.01,475781562.18,7259926.8,108,leader_entry,73.2,4108,692,177,buy,2021-04-15,36,74.5,71.9,10849,3003,0,56
199000,513221.4,391276,board,563,2021-04-22,0.000384519663164,liquid_universe-2021-01-08-6005,daily_high_low_midpoint_proxy,13:30:00,394800,16.65,群益證,08:59:00,0.01,332466931.347,19943019.3,21000,time63,18.8,132,21000,178,sell,2021-04-21,1777,19.4,18.2,54613592,6005,1184,3524
399,515677.2,2455.8,odd,20,2021-04-22,0.00330123796424,liquid_universe-2021-01-08-6005,daily_high_low_midpoint_proxy,13:30:00,2494.8,16.65,群益證,09:00:00,0.01,332466931.347,19943019.3,132,time63,18.9,0,132,179,sell,2021-04-21,12,19.4,18.4,39985,6005,7,39
76000,153544.2,-362133,board,513,2021-04-23,0.00312608680362,liquid_universe-2021-04-22-2365,daily_high_low_midpoint_proxy,13:30:00,360000,16.55,昆盈,08:59:00,0.01,127147666.128,9008690.45,24000,leader_entry,15,24000,24000,180,buy,2021-04-22,1620,15.5,14.5,7677330,2365,0,2133
78,152348.2,-1196,odd,20,2021-04-23,0.00991231414411,liquid_universe-2021-04-22-2365,daily_high_low_midpoint_proxy,13:30:00,1170,16.55,昆盈,09:00:00,0.01,127147666.128,9008690.45,78,leader_entry,15,24078,542,181,buy,2021-04-22,6,15.4,14.6,7869,2365,0,26
20000,417461.2,265113,board,381,2021-05-05,0.00961172476634,liquid_universe-2021-04-22-2365,daily_high_low_midpoint_proxy,13:30:00,267500,11.95,昆盈,08:59:00,0.01,115118090.418,7915932.7,20000,loss12,13.375,4078,24000,182,sell,2021-05-04,1204,13.75,13,2080792,2365,802,2387
21,417718.5,257.3,odd,20,2021-05-05,0.00978564771668,liquid_universe-2021-04-22-2365,daily_high_low_midpoint_proxy,13:30:00,279.3,11.95,昆盈,09:00:00,0.01,115118090.418,7915932.7,21,loss12,13.3,4057,78,183,sell,2021-05-04,2,13.6,13,2146,2365,0,22
36000,470146.5,52428,board,75,2021-05-06,0.00110117272142,liquid_universe-2021-04-22-2365,daily_high_low_midpoint_proxy,13:30:00,52900,11.95,昆盈,08:59:00,0.01,106093433.037,7297529.1,4000,loss12,13.225,57,4000,184,sell,2021-05-04,239,13.6,12.85,3632491,2365,158,472
9,470245.43,98.93,odd,20,2021-05-06,0.00998890122087,liquid_universe-2021-04-22-2365,daily_high_low_midpoint_proxy,13:30:00,119.93,11.95,昆盈,09:00:00,0.01,106093433.037,7297529.1,9,loss12,13.325,48,57,185,sell,2021-05-04,1,13.55,13.1,901,2365,0,21
7,470319.11,73.68,odd,20,2021-05-07,0.00953678474114,liquid_universe-2021-04-22-2365,daily_high_low_midpoint_proxy,13:30:00,94.68,11.9,昆盈,09:00:00,0.01,102460912.175,7046898.1,7,loss12,13.525,41,48,186,sell,2021-05-04,1,13.8,13.25,734,2365,0,21
2904000,142387.11,-327932,board,465,2021-05-07,2.7540571884e-05,liquid_universe-2021-05-06-2002,daily_high_low_midpoint_proxy,13:30:00,326000,45.1,中鋼,08:59:00,0.01,12243639883.5,330811988.2,8000,leader_entry,40.75,8000,8000,187,buy,2021-05-06,1467,41.95,39.55,290480533,2002,0,1932
4801,125724.11,-16663,odd,24,2021-05-07,0.000853910493519,liquid_universe-2021-05-06-2002,daily_high_low_midpoint_proxy,13:30:00,16564,45.1,中鋼,09:00:00,0.01,12243639883.5,330811988.2,410,leader_entry,40.4,8410,410,188,buy,2021-05-06,75,41,39.8,480144,2002,0,99
15,125906.36,182.25,odd,20,2021-05-10,0.00981033355134,liquid_universe-2021-04-22-2365,daily_high_low_midpoint_proxy,13:30:00,203.25,12.2,昆盈,09:00:00,0.01,100265465.623,6890571.55,15,loss12,13.55,26,41,189,sell,2021-05-04,1,13.8,13.3,1529,2365,0,21
31,126224.61,318.25,odd,20,2021-05-11,0.00823566677225,liquid_universe-2021-04-22-2365,daily_high_low_midpoint_proxy,13:30:00,341.25,11.9,昆盈,09:00:00,0.01,98269671.59,6749491.95,26,loss12,13.125,0,26,190,sell,2021-05-04,2,13.45,12.8,3157,2365,1,23
31000,381723.61,255499,board,367,2021-05-14,0.00126787465538,liquid_universe-2021-04-15-3003,daily_high_low_midpoint_proxy,13:30:00,257800,57.6,健和興,08:59:00,0.01,475107562.255,6409057.8,4000,loss12,64.45,108,4000,191,sell,2021-05-13,1161,66.9,62,3154886,3003,773,2301
51,384958.91,3235.3,odd,20,2021-05-14,0.00983416891631,liquid_universe-2021-04-15-3003,daily_high_low_midpoint_proxy,13:30:00,3279.3,57.6,健和興,09:00:00,0.01,475107562.255,6409057.8,51,loss12,64.3,57,108,192,sell,2021-05-13,15,65.9,62.7,5186,3003,9,44
74,388293.01,3334.1,odd,20,2021-05-17,0.007663350363,liquid_universe-2021-04-15-3003,daily_high_low_midpoint_proxy,13:30:00,3380.1,56.3,健和興,09:00:00,0.01,435630217.435,5880621.8,57,loss12,59.3,0,57,193,sell,2021-05-13,16,61.6,57,7438,3003,10,46
3896000,648945.01,260652,board,375,2021-05-17,2.05306767794e-05,liquid_universe-2021-05-06-2002,daily_high_low_midpoint_proxy,13:30:00,263000,31.4,中鋼,08:59:00,0.01,16786753799,428668829.3,8000,loss12,32.875,410,8000,194,sell,2021-05-14,1184,34.35,31.4,389660803,2002,789,2348
5096,662251.51,13306.5,odd,20,2021-05-17,0.000804478393869,liquid_universe-2021-05-06-2002,daily_high_low_midpoint_proxy,13:30:00,13427.5,31.4,中鋼,09:00:00,0.01,16786753799,428668829.3,410,loss12,32.75,0,410,195,sell,2021-05-14,61,34,31.5,509647,2002,40,121
44000,385621.51,-276630,board,392,2021-05-17,0.000166137139148,liquid_universe-2021-05-14-4746,daily_high_low_midpoint_proxy,13:30:00,275000,70.5,台耀,08:59:00,0.01,268145099.93,4484441.95,4000,leader_entry,68.75,4000,4000,196,buy,2021-05-14,1238,70.5,67,24076495,4746,0,1630
202,371528.81,-14092.7,odd,20,2021-05-17,0.00997087714102,liquid_universe-2021-05-14-4746,daily_high_low_midpoint_proxy,13:30:00,14008.7,70.5,台耀,09:00:00,0.01,268145099.93,4484441.95,202,leader_entry,69.35,4202,703,197,buy,2021-05-14,64,70.5,68.2,20259,4746,0,84
30000,678514.81,306986,board,441,2021-05-18,0.00487905315143,liquid_universe-2021-04-14-1103,daily_high_low_midpoint_proxy,13:30:00,309750,17.8,嘉泥,08:59:00,0.01,214183592.353,8485214.05,15000,loss12,20.65,38,15000,198,sell,2021-05-17,1394,21.35,19.95,3074367,1103,929,2764
54,679277.31,762.5,odd,20,2021-05-18,0.0069737566526,liquid_universe-2021-04-14-1103,daily_high_low_midpoint_proxy,13:30:00,788.5,17.8,嘉泥,09:00:00,0.01,214183592.353,8485214.05,38,loss12,20.75,0,38,199,sell,2021-05-17,4,21.5,20,5449,1103,2,26
55000,385043.31,-294234,board,417,2021-05-19,0.000752144137292,liquid_universe-2021-05-18-2347,daily_high_low_midpoint_proxy,13:30:00,292500,64,聯強,08:59:00,0.01,312224064.18,5562132.85,5000,leader_entry,58.5,5000,5000,200,buy,2021-05-18,1317,59.5,57.5,6647662,2347,0,1734
183,384024.66,-1018.65,odd,20,2021-05-19,0.000927289587083,liquid_universe-2021-05-18-2347,daily_high_low_midpoint_proxy,13:30:00,993.65,64,聯強,09:00:00,0.01,312224064.18,5562132.85,17,leader_entry,58.45,5017,17,201,buy,2021-05-18,5,58.9,58,18333,2347,0,25
23000,115240.66,-268784,board,381,2021-05-19,0.000614768522745,liquid_universe-2021-05-18-6180,daily_high_low_midpoint_proxy,13:30:00,267200,73.3,橘子,08:59:00,0.01,151870910.89,2322254.25,4000,leader_entry,66.8,4000,4000,202,buy,2021-05-18,1203,68.7,64.9,6506514,6180,0,1584
180,103150.66,-12090,odd,20,2021-05-19,0.00997174671763,liquid_universe-2021-05-18-6180,daily_high_low_midpoint_proxy,13:30:00,12015,73.3,橘子,09:00:00,0.01,151870910.89,2322254.25,180,leader_entry,66.75,4180,381,203,buy,2021-05-18,55,67.5,66,18051,6180,0,75
19000,402955.76,283249,board,407,2021-08-13,0.00202365756881,liquid_universe-2021-05-14-4746,daily_high_low_midpoint_proxy,13:30:00,285800,63,台耀,08:59:00,0.01,227770799.74,3186945.2,4000,time63,71.45,202,4000,204,sell,2021-08-12,1287,72.5,70.4,1976619,4746,857,2551
40,405764.76,2809,odd,20,2021-08-13,0.00990589400693,liquid_universe-2021-05-14-4746,daily_high_low_midpoint_proxy,13:30:00,2850,63,台耀,09:00:00,0.01,227770799.74,3186945.2,40,time63,71.25,162,202,205,sell,2021-08-12,13,72,70.5,4038,4746,8,41
72,410868.16,5103.4,odd,20,2021-08-16,0.00990643918547,liquid_universe-2021-05-14-4746,daily_high_low_midpoint_proxy,13:30:00,5162.4,63.5,台耀,09:00:00,0.01,224185969.155,3136308.55,72,time63,71.7,90,162,206,sell,2021-08-12,24,73.4,70,7268,4746,15,59
37,413483.91,2615.75,odd,20,2021-08-17,0.00977284733228,liquid_universe-2021-05-14-4746,daily_high_low_midpoint_proxy,13:30:00,2654.75,65.7,台耀,09:00:00,0.01,236237325.54,3300269.8,37,time63,71.75,53,90,207,sell,2021-08-12,12,73,70.5,3786,4746,7,39
49000,671410.91,257927,board,371,2021-08-17,0.000741401741582,liquid_universe-2021-05-18-2347,daily_high_low_midpoint_proxy,13:30:00,260250,47.35,聯強,08:59:00,0.01,264114215.885,4972024.2,5000,time63,52.05,17,5000,208,sell,2021-08-16,1172,53,51.1,6743982,2347,780,2323
137,672273.16,862.25,odd,20,2021-08-17,0.00123340346804,liquid_universe-2021-05-18-2347,daily_high_low_midpoint_proxy,13:30:00,888.25,47.35,聯強,09:00:00,0.01,264114215.885,4972024.2,17,time63,52.25,0,17,209,sell,2021-08-16,4,53,51.5,13783,2347,2,26
6000,916673.16,244400,board,351,2021-08-17,0.00594534739408,liquid_universe-2021-05-18-6180,daily_high_low_midpoint_proxy,13:30:00,246600,55.5,橘子,08:59:00,0.01,46391808.24,728985.25,4000,time63,61.65,180,4000,210,sell,2021-08-16,1110,62.3,61,672795,6180,739,2200
56,920093.56,3420.4,odd,20,2021-08-17,0.00987132028909,liquid_universe-2021-05-18-6180,daily_high_low_midpoint_proxy,13:30:00,3466.4,55.5,橘子,09:00:00,0.01,46391808.24,728985.25,56,time63,61.9,124,180,211,sell,2021-08-16,16,62.5,61.3,5673,6180,10,46
22,921588.26,1494.7,odd,20,2021-08-18,0.00971731448763,liquid_universe-2021-05-14-4746,daily_high_low_midpoint_proxy,13:30:00,1525.7,63,台耀,09:00:00,0.01,231937726.44,3267694.55,22,time63,69.35,31,53,212,sell,2021-08-12,7,70.5,68.2,2264,4746,4,31
49,924525.46,2937.2,odd,20,2021-08-18,0.00991902834008,liquid_universe-2021-05-18-6180,daily_high_low_midpoint_proxy,13:30:00,2979.2,55.1,橘子,09:00:00,0.01,46053913.22,725235.8,49,time63,60.8,75,124,213,sell,2021-08-16,14,61.3,60.3,4940,6180,8,42
29,926489.56,1964.1,odd,20,2021-08-19,0.00975445677767,liquid_universe-2021-05-14-4746,daily_high_low_midpoint_proxy,13:30:00,1998.1,63.1,台耀,09:00:00,0.01,194758768.14,2747572.2,29,time63,68.9,2,31,214,sell,2021-08-12,9,70.2,67.6,2973,4746,5,34
58,929978.66,3489.1,odd,20,2021-08-19,0.00992131371878,liquid_universe-2021-05-18-6180,daily_high_low_midpoint_proxy,13:30:00,3535.1,55.4,橘子,09:00:00,0.01,45217607.48,713539.4,58,time63,60.95,17,75,215,sell,2021-08-16,16,61.3,60.6,5846,6180,10,46
18,930096.86,118.2,odd,20,2021-08-20,0.00108518719479,liquid_universe-2021-05-14-4746,daily_high_low_midpoint_proxy,13:30:00,139.2,60.1,台耀,09:00:00,0.01,191848270.19,2709751.7,2,time63,69.6,0,2,216,sell,2021-08-12,1,72,67.2,1843,4746,0,21
34,931098.21,1001.35,odd,20,2021-08-20,0.00489208633094,liquid_universe-2021-05-18-6180,daily_high_low_midpoint_proxy,13:30:00,1029.35,54.2,橘子,09:00:00,0.01,45433937.42,718377.8,17,time63,60.55,0,17,217,sell,2021-08-16,5,60.8,60.3,3475,6180,3,28
11000,763108.21,-167990,board,238,2021-08-26,0.000653711841206,liquid_universe-2021-08-25-9941,daily_high_low_midpoint_proxy,13:30:00,167000,181.5,裕融,08:59:00,0.01,206904358.675,1199207.15,1000,leader_entry,167,1000,1000,218,buy,2021-08-25,752,170.5,163.5,1529726,9941,0,990
260,719169.21,-43939,odd,62,2021-08-26,0.00997353178104,liquid_universe-2021-08-25-9941,daily_high_low_midpoint_proxy,13:30:00,43680,181.5,裕融,09:00:00,0.01,206904358.675,1199207.15,260,leader_entry,168,1260,699,219,buy,2021-08-25,197,171,165,26069,9941,0,259
77000,511948.21,-207221,board,294,2021-08-26,0.000155111529843,liquid_universe-2021-08-25-3003,daily_high_low_midpoint_proxy,13:30:00,206000,114,健和興,08:59:00,0.01,738328152.515,7719373.75,2000,leader_entry,103,2000,2000,220,buy,2021-08-25,927,106,100,12893948,3003,0,1221
190,492309.71,-19638.5,odd,28,2021-08-26,0.00998266169285,liquid_universe-2021-08-25-3003,daily_high_low_midpoint_proxy,13:30:00,19522.5,114,健和興,09:00:00,0.01,738328152.515,7719373.75,190,leader_entry,102.75,2190,706,221,buy,2021-08-25,88,104.5,101,19033,3003,0,116
3000,208638.71,-283671,board,402,2021-08-26,0.00299440644875,liquid_universe-2021-08-25-2114,daily_high_low_midpoint_proxy,13:30:00,282000,152,鑫永銓,08:59:00,0.01,52474464.825,345675.75,2000,leader_entry,141,2000,2000,222,buy,2021-08-25,1269,143.5,138.5,667912,2114,0,1671
65,204517.96,-4120.75,odd,20,2021-08-26,0.00445331695332,liquid_universe-2021-08-25-2114,daily_high_low_midpoint_proxy,13:30:00,4081.75,152,鑫永銓,09:00:00,0.01,52474464.825,345675.75,29,leader_entry,140.75,2029,29,223,buy,2021-08-25,19,142,139.5,6512,2114,0,39
26000,378153.96,173636,board,250,2021-09-09,0.000760147301344,liquid_universe-2021-08-25-3003,daily_high_low_midpoint_proxy,13:30:00,175200,78.6,健和興,08:59:00,0.01,929366433.595,9607806.5,2000,loss12,87.6,190,2000,224,sell,2021-09-08,789,89.3,85.9,2631069,3003,525,1564
97,386664.16,8510.2,odd,20,2021-09-09,0.00998455995883,liquid_universe-2021-08-25-3003,daily_high_low_midpoint_proxy,13:30:00,8594.2,78.6,健和興,09:00:00,0.01,929366433.595,9607806.5,97,loss12,88.6,93,190,225,sell,2021-09-08,39,89.4,87.8,9715,3003,25,84
83,393937.81,7273.65,odd,20,2021-09-10,0.00996877251982,liquid_universe-2021-08-25-3003,daily_high_low_midpoint_proxy,13:30:00,7349.65,80.1,健和興,09:00:00,0.01,926488151.1,9580953.6,83,loss12,88.55,10,93,226,sell,2021-09-08,34,89,88.1,8326,3003,22,76
85000,152816.81,-241121,board,342,2021-09-10,0.000162066140164,liquid_universe-2021-09-09-9945,daily_high_low_midpoint_proxy,13:30:00,239700,86.3,潤泰新,08:59:00,0.01,599717115.235,8528018.5,3000,leader_entry,79.9,3000,3000,227,buy,2021-09-09,1079,81.4,78.4,18510961,9945,0,1421
1014,129852.31,-22964.5,odd,33,2021-09-10,0.0028103737304,liquid_universe-2021-09-09-9945,daily_high_low_midpoint_proxy,13:30:00,22828.5,86.3,潤泰新,09:00:00,0.01,599717115.235,8528018.5,285,leader_entry,80.1,3285,285,228,buy,2021-09-09,103,81.3,78.9,101410,9945,0,136
262,130700.81,848.5,odd,20,2021-09-13,0.000381300999009,liquid_universe-2021-08-25-3003,daily_high_low_midpoint_proxy,13:30:00,874.5,79.5,健和興,09:00:00,0.01,919770416.38,9505455.85,10,loss12,87.45,0,10,229,sell,2021-09-08,4,88.3,86.6,26226,3003,2,26
18,132886.81,2186,odd,20,2021-09-23,0.00979858464888,liquid_universe-2021-08-25-2114,daily_high_low_midpoint_proxy,13:30:00,2223,110.5,鑫永銓,09:00:00,0.01,36087605.3,252610.2,18,loss12,123.5,2011,29,230,sell,2021-09-22,11,124,123,1837,2114,6,37
4,133362.81,476,odd,20,2021-09-24,0.00801603206413,liquid_universe-2021-08-25-2114,daily_high_low_midpoint_proxy,13:30:00,500,111.5,鑫永銓,09:00:00,0.01,31009145.875,220943.15,4,loss12,125,2007,11,231,sell,2021-09-22,3,126,124,499,2114,1,24
18,134208.31,845.5,odd,20,2021-09-27,0.00369198312236,liquid_universe-2021-08-25-2114,daily_high_low_midpoint_proxy,13:30:00,871.5,113,鑫永銓,09:00:00,0.01,24370431.6,179600.7,7,loss12,124.5,2000,7,232,sell,2021-09-22,4,125.5,123.5,1896,2114,2,26
1000,254376.31,120168,board,173,2021-09-28,0.00963122056458,liquid_universe-2021-08-25-2114,daily_high_low_midpoint_proxy,13:30:00,121250,111,鑫永銓,08:59:00,0.01,20301505.8,150999.9,1000,loss12,121.25,1000,2000,233,sell,2021-09-22,546,122,120.5,103829,2114,363,1082
1000,373305.31,118929,board,171,2021-09-29,0.00392307631953,liquid_universe-2021-08-25-2114,daily_high_low_midpoint_proxy,13:30:00,120000,109,鑫永銓,08:59:00,0.01,18399549.925,138802.2,1000,loss12,120,0,1000,234,sell,2021-09-22,540,122,118,254902,2114,360,1071
37000,131631.31,-241674,board,342,2021-10-20,0.000901030292098,liquid_universe-2021-10-19-5607,daily_high_low_midpoint_proxy,13:30:00,240250,50.6,遠雄港,08:59:00,0.01,160465404.132,3791651.4,5000,leader_entry,48.05,5000,5000,235,buy,2021-10-19,1082,50,46.1,5549203,5607,0,1424
129,125404.21,-6227.1,odd,20,2021-10-20,0.00996600741656,liquid_universe-2021-10-19-5607,daily_high_low_midpoint_proxy,13:30:00,6179.1,50.6,遠雄港,09:00:00,0.01,160465404.132,3791651.4,129,leader_entry,47.9,5129,498,236,buy,2021-10-19,28,49.2,46.6,12944,5607,0,48
5000,292648.21,167244,board,240,2021-11-26,0.00153054977348,liquid_universe-2021-08-25-9941,daily_high_low_midpoint_proxy,13:30:00,168750,153.5,裕融,08:59:00,0.01,89716254.8,518918.75,1000,time63,168.75,260,1000,237,sell,2021-11-25,760,170.5,167,653360,9941,506,1506
410,336196.21,43548,odd,63,2021-11-26,0.00632757361889,liquid_universe-2021-08-25-9941,daily_high_low_midpoint_proxy,13:30:00,43940,153.5,裕融,09:00:00,0.01,89716254.8,518918.75,260,time63,169,0,260,238,sell,2021-11-25,198,170,168,41090,9941,131,392
8000,120928.21,-215268,board,305,2021-11-29,0.00067572749667,liquid_universe-2021-11-26-3217,daily_high_low_midpoint_proxy,13:30:00,214000,118.5,優群,08:59:00,0.01,82235113.125,810557.9,2000,leader_entry,107,2000,2000,239,buy,2021-11-26,963,111,103,2959773,3217,0,1268
100,110210.21,-10718,odd,20,2021-11-29,0.00994332305857,liquid_universe-2021-11-26-3217,daily_high_low_midpoint_proxy,13:30:00,10650,118.5,優群,09:00:00,0.01,82235113.125,810557.9,100,leader_entry,106.5,2100,542,240,buy,2021-11-26,48,110,103,10057,3217,0,68
69000,357384.21,247174,board,355,2021-12-13,0.000425133149045,liquid_universe-2021-09-09-9945,daily_high_low_midpoint_proxy,13:30:00,249400,56.9,潤泰新,08:59:00,0.01,459481980.955,6982441.75,4000,time63,62.35,599,4000,241,sell,2021-12-10,1123,63.2,61.5,9408817,9945,748,2226
2540,394517.66,37133.45,odd,53,2021-12-13,0.00235810060704,liquid_universe-2021-09-09-9945,daily_high_low_midpoint_proxy,13:30:00,37467.45,56.9,潤泰新,09:00:00,0.01,459481980.955,6982441.75,599,time63,62.55,0,599,242,sell,2021-12-10,169,63.3,61.8,254018,9945,112,334
14000,103704.66,-290813,board,412,2021-12-14,0.00369579001999,liquid_universe-2021-12-13-6535,daily_high_low_midpoint_proxy,13:30:00,289100,46,順藥,08:59:00,0.01,58004771.98,1478689.1,7000,leader_entry,41.3,7000,7000,243,buy,2021-12-13,1301,42.8,39.8,1894047,6535,0,1713
50,101574.66,-2130,odd,20,2021-12-14,0.00990687537151,liquid_universe-2021-12-13-6535,daily_high_low_midpoint_proxy,13:30:00,2100,46,順藥,09:00:00,0.01,58004771.98,1478689.1,50,leader_entry,42,7050,362,244,buy,2021-12-13,10,43.5,40.5,5047,6535,0,30
5000,448698.66,347124,board,499,2022-01-18,0.00842577816274,liquid_universe-2021-10-19-5607,daily_high_low_midpoint_proxy,13:30:00,350250,63,遠雄港,08:59:00,0.01,115126162.4,1667679.6,5000,time63,70.05,129,5000,245,sell,2022-01-17,1577,71,69.1,593417,5607,1050,3126
33,450968.36,2269.7,odd,20,2022-01-18,0.00996376811594,liquid_universe-2021-10-19-5607,daily_high_low_midpoint_proxy,13:30:00,2306.7,63,遠雄港,09:00:00,0.01,115126162.4,1667679.6,33,time63,69.9,96,129,246,sell,2022-01-17,11,70.6,69.2,3312,5607,6,37
66,455581.86,4613.5,odd,20,2022-01-19,0.00993676603433,liquid_universe-2021-10-19-5607,daily_high_low_midpoint_proxy,13:30:00,4669.5,63.8,遠雄港,09:00:00,0.01,112118106.74,1622987.25,66,time63,70.75,30,96,247,sell,2022-01-17,22,72,69.5,6642,5607,14,56
32000,205105.86,-250476,board,355,2022-01-19,0.000135313511257,liquid_universe-2022-01-18-3413,daily_high_low_midpoint_proxy,13:30:00,249000,290.5,京鼎,08:59:00,0.01,826478156.95,3298972.75,1000,leader_entry,249,1000,1000,248,buy,2022-01-18,1121,254.5,243.5,7390245,3413,0,1476
379,174645.61,-30460.25,odd,43,2022-01-19,0.00318748188931,liquid_universe-2022-01-18-3413,daily_high_low_midpoint_proxy,13:30:00,30280.25,290.5,京鼎,09:00:00,0.01,826478156.95,3298972.75,121,leader_entry,250.25,1121,121,249,buy,2022-01-18,137,255,245.5,37961,3413,0,180
17,175808.31,1162.7,odd,20,2022-01-20,0.00990099009901,liquid_universe-2021-10-19-5607,daily_high_low_midpoint_proxy,13:30:00,1191.7,62.7,遠雄港,09:00:00,0.01,113426511.49,1641926.9,17,time63,70.1,13,30,250,sell,2022-01-17,6,70.7,69.5,1717,5607,3,29
42,176662.41,854.1,odd,20,2022-01-21,0.00308056872038,liquid_universe-2021-10-19-5607,daily_high_low_midpoint_proxy,13:30:00,880.1,62.8,遠雄港,09:00:00,0.01,112307233.77,1624400.1,13,time63,67.7,0,13,251,sell,2022-01-17,4,68.4,67,4220,5607,2,26
7000,387760.41,211098,board,304,2022-02-25,0.00132860703524,liquid_universe-2022-01-18-3413,daily_high_low_midpoint_proxy,13:30:00,213000,190,京鼎,08:59:00,0.01,369640435,1590696.8,1000,loss12,213,121,1000,252,sell,2022-02-24,959,216,210,752668,3413,639,1902
45,397264.66,9504.25,odd,20,2022-02-25,0.00992063492063,liquid_universe-2022-01-18-3413,daily_high_low_midpoint_proxy,13:30:00,9596.25,190,京鼎,09:00:00,0.01,369640435,1590696.8,45,loss12,213.25,76,121,253,sell,2022-02-24,44,215,211.5,4536,3413,28,92
33,404417.66,7153,odd,20,2022-03-01,0.00989208633094,liquid_universe-2022-01-18-3413,daily_high_low_midpoint_proxy,13:30:00,7227,194,京鼎,09:00:00,0.01,286665663.075,1258817.95,33,loss12,219,43,76,254,sell,2022-02-24,33,220,218,3336,3413,21,74
15000,210524.66,-193893,board,275,2022-03-01,0.000297840122996,liquid_universe-2022-02-25-1773,daily_high_low_midpoint_proxy,13:30:00,192750,205.5,勝一,08:59:00,0.01,266875105.45,1516079.65,1000,leader_entry,192.75,1000,1000,255,buy,2022-02-25,868,197,188.5,3357506,1773,0,1143
266,158682.16,-51842.5,odd,73,2022-03-01,0.00996964131779,liquid_universe-2022-02-25-1773,daily_high_low_midpoint_proxy,13:30:00,51537.5,205.5,勝一,09:00:00,0.01,266875105.45,1516079.65,266,leader_entry,193.75,1266,444,256,buy,2022-02-25,232,197,190.5,26681,1773,0,305
70,167913.41,9231.25,odd,20,2022-03-02,0.00609929078014,liquid_universe-2022-01-18-3413,daily_high_low_midpoint_proxy,13:30:00,9320.25,197.5,京鼎,09:00:00,0.01,252801388.45,1124804.4,43,loss12,216.75,0,43,257,sell,2022-02-24,42,219,214.5,7050,3413,27,89
13000,365732.41,197819,board,284,2022-03-09,0.00148096369269,liquid_universe-2021-11-26-3217,daily_high_low_midpoint_proxy,13:30:00,199600,88.6,優群,08:59:00,0.01,195723159.66,1704322.45,2000,time63,99.8,100,2000,258,sell,2022-03-08,899,101,98.6,1350472,3217,598,1781
66,372250.21,6517.8,odd,20,2022-03-09,0.00989208633094,liquid_universe-2021-11-26-3217,daily_high_low_midpoint_proxy,13:30:00,6586.8,88.6,優群,09:00:00,0.01,195723159.66,1704322.45,66,time63,99.8,34,100,259,sell,2022-03-08,30,100.5,99.1,6672,3217,19,69
3000,476387.21,104137,board,150,2022-03-09,0.00892299455697,liquid_universe-2021-12-13-6535,daily_high_low_midpoint_proxy,13:30:00,105075,31.1,順藥,08:59:00,0.01,34406229.24,878285.75,3000,loss12,35.025,4050,7000,260,sell,2022-03-08,473,35.4,34.65,336210,6535,315,938
2,476436.31,49.1,odd,20,2022-03-09,0.00952380952381,liquid_universe-2021-12-13-6535,daily_high_low_midpoint_proxy,13:30:00,70.1,31.1,順藥,09:00:00,0.01,34406229.24,878285.75,2,loss12,35.05,4048,50,261,sell,2022-03-08,1,35.05,35.05,210,6535,0,21
60,479909.31,3473,odd,20,2022-03-10,0.0056087099967,liquid_universe-2021-11-26-3217,daily_high_low_midpoint_proxy,13:30:00,3519,89.6,優群,09:00:00,0.01,185387442.21,1637560.1,34,time63,103.5,0,34,262,sell,2022-03-08,16,105.5,101.5,6062,3217,10,46
3000,585458.31,105549,board,152,2022-03-10,0.00934899809904,liquid_universe-2021-12-13-6535,daily_high_low_midpoint_proxy,13:30:00,106500,31.45,順藥,08:59:00,0.01,31974067.78,819245.8,3000,loss12,35.5,1048,4000,263,sell,2022-03-08,480,35.8,35.2,320890,6535,319,951
2,585508.51,50.2,odd,20,2022-03-10,0.01,liquid_universe-2021-12-13-6535,daily_high_low_midpoint_proxy,13:30:00,71.2,31.45,順藥,09:00:00,0.01,31974067.78,819245.8,2,loss12,35.6,1046,48,264,sell,2022-03-08,1,35.6,35.6,200,6535,0,21
1000,620469.51,34961,board,50,2022-03-11,0.00624211932435,liquid_universe-2021-12-13-6535,daily_high_low_midpoint_proxy,13:30:00,35275,31.8,順藥,08:59:00,0.01,26960335.09,701795,1000,loss12,35.275,46,1000,265,sell,2022-03-08,159,35.5,35.05,160202,6535,105,314
2,620519.51,50,odd,20,2022-03-11,0.00990099009901,liquid_universe-2021-12-13-6535,daily_high_low_midpoint_proxy,13:30:00,71,31.8,順藥,09:00:00,0.01,26960335.09,701795,2,loss12,35.5,44,46,266,sell,2022-03-08,1,35.5,35.5,202,6535,0,21
4,620639.01,119.5,odd,20,2022-03-14,0.01,liquid_universe-2021-12-13-6535,daily_high_low_midpoint_proxy,13:30:00,140.5,31.7,順藥,09:00:00,0.01,23536148.61,617151.55,4,loss12,35.125,40,44,267,sell,2022-03-08,1,35.25,35,400,6535,0,21
11,621004.04,365.03,odd,20,2022-03-15,0.00923593618808,liquid_universe-2021-12-13-6535,daily_high_low_midpoint_proxy,13:30:00,388.03,31.65,順藥,09:00:00,0.01,22346415.16,587788.55,11,loss12,35.275,29,40,268,sell,2022-03-08,2,35.65,34.9,1191,6535,1,23
6,621193.34,189.3,odd,20,2022-03-16,0.00923076923077,liquid_universe-2021-12-13-6535,daily_high_low_midpoint_proxy,13:30:00,210.3,31.35,順藥,09:00:00,0.01,21255983.52,560435.55,6,loss12,35.05,23,29,269,sell,2022-03-08,1,35.3,34.8,650,6535,0,21
4,621315.14,121.8,odd,20,2022-03-17,0.00963855421687,liquid_universe-2021-12-13-6535,daily_high_low_midpoint_proxy,13:30:00,142.8,31.1,順藥,09:00:00,0.01,21032672.955,556025.5,4,loss12,35.7,19,23,270,sell,2022-03-08,1,36,35.4,415,6535,0,21
6,621508.19,193.05,odd,20,2022-03-21,0.00966183574879,liquid_universe-2021-12-13-6535,daily_high_low_midpoint_proxy,13:30:00,214.05,31.95,順藥,09:00:00,0.01,20256641.6025,537431.5,6,loss12,35.675,13,19,271,sell,2022-03-08,1,35.9,35.45,621,6535,0,21
3,621598.72,90.53,odd,20,2022-03-22,0.00847457627119,liquid_universe-2021-12-13-6535,daily_high_low_midpoint_proxy,13:30:00,111.53,31.95,順藥,09:00:00,0.01,19989209.275,531599.5,3,loss12,37.175,10,13,272,sell,2022-03-08,1,39.05,35.3,354,6535,0,21
6,621791.62,192.9,odd,20,2022-03-24,0.00858369098712,liquid_universe-2021-12-13-6535,daily_high_low_midpoint_proxy,13:30:00,213.9,31.95,順藥,09:00:00,0.01,17062806.115,459538.3,6,loss12,35.65,4,10,273,sell,2022-03-08,1,35.95,35.35,699,6535,0,21
1,621806.22,14.6,odd,20,2022-03-25,0.00869565217391,liquid_universe-2021-12-13-6535,daily_high_low_midpoint_proxy,13:30:00,35.6,32.05,順藥,09:00:00,0.01,15108996.985,412913.65,1,loss12,35.6,3,4,274,sell,2022-03-08,1,35.6,35.6,115,6535,0,21
7,621891.12,84.9,odd,20,2022-03-28,0.00377358490566,liquid_universe-2021-12-13-6535,daily_high_low_midpoint_proxy,13:30:00,105.9,31.95,順藥,09:00:00,0.01,13134998.26,362551.15,3,loss12,35.3,0,3,275,sell,2022-03-08,1,35.45,35.15,795,6535,0,21
19000,393043.12,-228848,board,324,2022-03-31,0.00100617185818,liquid_universe-2022-03-30-6231,daily_high_low_midpoint_proxy,13:30:00,227500,125.5,系微,08:59:00,0.01,261224138.24,2457568.6,2000,leader_entry,113.75,2000,2000,276,buy,2022-03-30,1024,117,110.5,1987732,6231,0,1348
56,386694.12,-6349,odd,20,2022-03-31,0.00993083880121,liquid_universe-2022-03-30-6231,daily_high_low_midpoint_proxy,13:30:00,6300,125.5,系微,09:00:00,0.01,261224138.24,2457568.6,56,leader_entry,112.5,2056,409,277,buy,2022-03-30,29,114,111,5639,6231,0,49
14000,162875.12,-223819,board,317,2022-03-31,0.000193899965263,liquid_universe-2022-03-30-3708,daily_high_low_midpoint_proxy,13:30:00,222500,116.5,上緯投控,08:59:00,0.01,138537495.415,1406149.65,2000,leader_entry,111.25,2000,2000,278,buy,2022-03-30,1002,116,106.5,10314597,3708,0,1319
239,136308.62,-26566.5,odd,38,2022-03-31,0.00997162883845,liquid_universe-2022-03-30-3708,daily_high_low_midpoint_proxy,13:30:00,26409.5,116.5,上緯投控,09:00:00,0.01,138537495.415,1406149.65,239,leader_entry,110.5,2239,595,279,buy,2022-03-30,119,113.5,107.5,23968,3708,0,157
6000,315891.62,179583,board,258,2022-04-25,0.00316914520231,liquid_universe-2022-03-30-6231,daily_high_low_midpoint_proxy,13:30:00,181200,84.3,系微,08:59:00,0.01,185260970.375,1710247.85,2000,loss12,90.6,56,2000,280,sell,2022-04-22,816,91.7,89.5,631085,6231,543,1617
20,317695.62,1804,odd,20,2022-04-25,0.00961538461538,liquid_universe-2022-03-30-6231,daily_high_low_midpoint_proxy,13:30:00,1838,84.3,系微,09:00:00,0.01,185260970.375,1710247.85,20,loss12,91.9,36,56,281,sell,2022-04-22,9,94,89.8,2080,6231,5,34
19,319414.42,1718.8,odd,20,2022-04-26,0.00994243851387,liquid_universe-2022-03-30-6231,daily_high_low_midpoint_proxy,13:30:00,1751.8,80.7,系微,09:00:00,0.01,183989029.075,1703491.8,19,loss12,92.2,17,36,282,sell,2022-04-22,8,93.8,90.6,1911,6231,5,33
15,320747.67,1333.25,odd,20,2022-04-27,0.00963391136802,liquid_universe-2022-03-30-6231,daily_high_low_midpoint_proxy,13:30:00,1364.25,83.5,系微,09:00:00,0.01,180816773.26,1676079.3,15,loss12,90.95,2,17,283,sell,2022-04-22,7,92.7,89.2,1557,6231,4,31
11,320915.87,168.2,odd,20,2022-04-28,0.00177147918512,liquid_universe-2022-03-30-6231,daily_high_low_midpoint_proxy,13:30:00,189.2,83.5,系微,09:00:00,0.01,180315285.83,1674014.15,2,loss12,94.6,0,2,284,sell,2022-04-22,1,95.7,93.5,1129,6231,0,21
3000,531766.87,210851,board,303,2022-06-01,0.000907683998893,liquid_universe-2022-02-25-1773,daily_high_low_midpoint_proxy,13:30:00,212750,194.5,勝一,08:59:00,0.01,61964678.525,307902.4,1000,time63,212.75,266,1000,285,sell,2022-05-31,958,217,208.5,1101705,1773,638,1899
178,569429.87,37663,odd,54,2022-06-01,0.00996305832307,liquid_universe-2022-02-25-1773,daily_high_low_midpoint_proxy,13:30:00,38003,194.5,勝一,09:00:00,0.01,61964678.525,307902.4,178,time63,213.5,88,266,286,sell,2022-05-31,172,216,211,17866,1773,114,340
255,588921.87,19492,odd,28,2022-06-02,0.00344922196527,liquid_universe-2022-02-25-1773,daily_high_low_midpoint_proxy,13:30:00,19668,191.5,勝一,09:00:00,0.01,70088308.95,345255.05,88,time63,223.5,0,88,287,sell,2022-05-31,89,229,218,25513,1773,59,176
39000,817859.87,228938,board,329,2022-07-04,0.000501816576005,liquid_universe-2022-03-30-3708,daily_high_low_midpoint_proxy,13:30:00,231000,103.5,上緯投控,08:59:00,0.01,1057206349.58,8481450.6,2000,time63,115.5,239,2000,288,sell,2022-07-01,1040,118.5,112.5,3985520,3708,693,2062
52,823812.87,5953,odd,20,2022-07-04,0.00991609458429,liquid_universe-2022-03-30-3708,daily_high_low_midpoint_proxy,13:30:00,6019,103.5,上緯投控,09:00:00,0.01,1057206349.58,8481450.6,52,time63,115.75,187,239,289,sell,2022-07-01,28,118,113.5,5244,3708,18,66
134,840247.37,16434.5,odd,24,2022-07-05,0.00998509687034,liquid_universe-2022-03-30-3708,daily_high_low_midpoint_proxy,13:30:00,16582.5,104.5,上緯投控,09:00:00,0.01,1067632281.58,8574975.9,134,time63,123.75,53,187,290,sell,2022-07-01,75,126.5,121,13420,3708,49,148
92,846710.62,6463.25,odd,20,2022-07-06,0.00572107081174,liquid_universe-2022-03-30-3708,daily_high_low_midpoint_proxy,13:30:00,6532.25,112.5,上緯投控,09:00:00,0.01,1096993919.38,8808855.65,53,time63,123.25,0,53,291,sell,2022-07-01,30,128,118.5,9264,3708,19,69
587,594725.62,-251985,odd,357,2022-11-16,0.00204189283466,liquid_universe-2022-11-15-3008,daily_high_low_midpoint_proxy,13:30:00,250500,2335,大立光,09:00:00,0.01,1231213692.5,647908.45,120,leader_entry,2087.5,120,120,292,buy,2022-11-15,1128,2120,2055,58769,3008,0,1485
54000,333235.62,-261490,board,370,2022-11-16,0.000307031701433,liquid_universe-2022-11-15-2606,daily_high_low_midpoint_proxy,13:30:00,259950,46.5,裕民,08:59:00,0.01,204982293.293,5416402.85,6000,leader_entry,43.325,6000,6000,293,buy,2022-11-15,1170,44.35,42.3,19541956,2606,0,1540
417,331773.94,-1461.68,odd,20,2022-11-16,0.000790040699066,liquid_universe-2022-11-15-2606,daily_high_low_midpoint_proxy,13:30:00,1434.68,46.5,裕民,09:00:00,0.01,204982293.293,5416402.85,33,leader_entry,43.475,6033,33,294,buy,2022-11-15,7,44.1,42.85,41770,2606,0,27
149000,129682.94,-202091,board,286,2022-11-16,0.000118352744022,liquid_universe-2022-11-15-2201,daily_high_low_midpoint_proxy,13:30:00,200900,56.2,裕隆,08:59:00,0.01,695443492.975,14924701.5,4000,leader_entry,50.225,4000,4000,295,buy,2022-11-15,905,51.5,48.95,33797273,2201,0,1191
507,104093.21,-25589.73,odd,36,2022-11-16,0.00998739264045,liquid_universe-2022-11-15-2201,daily_high_low_midpoint_proxy,13:30:00,25438.73,56.2,裕隆,09:00:00,0.01,695443492.975,14924701.5,507,leader_entry,50.175,4507,992,296,buy,2022-11-15,115,51.1,49.25,50764,2201,0,151
135,368412.21,264319,odd,380,2023-02-24,0.00886393854336,liquid_universe-2022-11-15-3008,daily_high_low_midpoint_proxy,13:30:00,266700,2005,大立光,09:00:00,0.01,1029566370,467283.1,120,time63,2222.5,0,120,297,sell,2023-02-23,1201,2240,2205,13538,3008,800,2381
44000,730254.21,361842,board,520,2023-02-24,0.000130057220842,liquid_universe-2022-11-15-2606,daily_high_low_midpoint_proxy,13:30:00,365100,51,裕民,08:59:00,0.01,229921285.657,4418243.6,6000,time63,60.85,33,6000,298,sell,2023-02-23,1643,62,59.7,46133540,2606,1095,3258
792,732227.91,1973.7,odd,20,2023-02-24,0.000416282971504,liquid_universe-2022-11-15-2606,daily_high_low_midpoint_proxy,13:30:00,2009.7,51,裕民,09:00:00,0.01,229921285.657,4418243.6,33,time63,60.9,0,33,299,sell,2023-02-23,10,61.8,60,79273,2606,6,36
325000,1056110.91,323883,board,466,2023-02-24,9.96008247944e-05,liquid_universe-2022-11-15-2201,daily_high_low_midpoint_proxy,13:30:00,326800,72,裕隆,08:59:00,0.01,2580916430.23,32550518.7,4000,time63,81.7,507,4000,300,sell,2023-02-23,1471,83,80.4,40160310,2201,980,2917
943,1097137.46,41026.55,odd,59,2023-02-24,0.00537298248217,liquid_universe-2022-11-15-2201,daily_high_low_midpoint_proxy,13:30:00,41396.55,72,裕隆,09:00:00,0.01,2580916430.23,32550518.7,507,time63,81.65,0,507,301,sell,2023-02-23,187,82.7,80.6,94361,2201,124,370
9000,782031.46,-315106,board,446,2023-03-01,0.00426491975553,liquid_universe-2023-02-24-5439,daily_high_low_midpoint_proxy,13:30:00,313250,68.6,高技,08:59:00,0.01,54360725.64,944779.8,5000,leader_entry,62.65,5000,5000,302,buy,2023-02-24,1410,63.5,61.8,1172355,5439,0,1856
69,777672.06,-4359.4,odd,20,2023-03-01,0.0098585512216,liquid_universe-2023-02-24-5439,daily_high_low_midpoint_proxy,13:30:00,4319.4,68.6,高技,09:00:00,0.01,54360725.64,944779.8,69,leader_entry,62.6,5069,299,303,buy,2023-02-24,20,63.2,62,6999,5439,0,40
144000,470312.06,-307360,board,435,2023-03-01,0.000322355560762,liquid_universe-2023-02-24-5009,daily_high_low_midpoint_proxy,13:30:00,305550,49.55,榮剛,08:59:00,0.01,594130168.2,14483830.55,7000,leader_entry,43.65,7000,7000,304,buy,2023-02-24,1375,44.8,42.5,21715152,5009,0,1810
583,455463.46,-14848.6,odd,21,2023-03-01,0.00577806734792,liquid_universe-2023-02-24-5009,daily_high_low_midpoint_proxy,13:30:00,14760.6,49.55,榮剛,09:00:00,0.01,594130168.2,14483830.55,337,leader_entry,43.8,7337,337,305,buy,2023-02-24,67,44.9,42.7,58324,5009,0,88
5000,145134.46,-310329,board,440,2023-03-01,0.00377334284216,liquid_universe-2023-02-24-1268,daily_high_low_midpoint_proxy,13:30:00,308500,171,漢來美食,08:59:00,0.01,89481793.475,617968.2,2000,leader_entry,154.25,2000,2000,306,buy,2023-02-24,1389,157.5,151,530034,1268,0,1829
54,136760.46,-8374,odd,20,2023-03-01,0.00989554700385,liquid_universe-2023-02-24-1268,daily_high_low_midpoint_proxy,13:30:00,8316,171,漢來美食,09:00:00,0.01,89481793.475,617968.2,54,leader_entry,154,2054,126,307,buy,2023-02-24,38,156,152,5457,1268,0,58
3000,401873.46,265113,board,381,2023-03-14,0.00664451827243,liquid_universe-2023-02-24-1268,daily_high_low_midpoint_proxy,13:30:00,267500,119,漢來美食,08:59:00,0.01,109609783.9,745168.75,2000,loss12,133.75,54,2000,308,sell,2023-03-13,1204,136,131.5,301000,1268,802,2387
27,405430.96,3557.5,odd,20,2023-03-14,0.01,liquid_universe-2023-02-24-1268,daily_high_low_midpoint_proxy,13:30:00,3604.5,119,漢來美食,09:00:00,0.01,109609783.9,745168.75,27,loss12,133.5,27,54,309,sell,2023-03-13,17,135,132,2700,1268,10,47
81,408968.21,3537.25,odd,20,2023-03-15,0.00333045516221,liquid_universe-2023-02-24-1268,daily_high_low_midpoint_proxy,13:30:00,3584.25,119,漢來美食,09:00:00,0.01,107078209.525,727359.3,27,loss12,132.75,0,27,310,sell,2023-03-13,17,134,131.5,8107,1268,10,47
20000,92906.21,-316062,board,448,2023-03-15,0.00051624713628,liquid_universe-2023-03-14-2636,daily_high_low_midpoint_proxy,13:30:00,314200,88.1,台驊控股,08:59:00,0.01,151243871.025,2011296.55,4000,leader_entry,78.55,4000,4000,311,buy,2023-03-14,1414,81.1,76,7748227,2636,0,1862
275,81901.66,-11004.55,odd,20,2023-03-15,0.00511629594688,liquid_universe-2023-03-14-2636,daily_high_low_midpoint_proxy,13:30:00,10934.55,88.1,台驊控股,09:00:00,0.01,151243871.025,2011296.55,141,leader_entry,77.55,4141,141,312,buy,2023-03-14,50,78.5,76.6,27559,2636,0,70
35000,494931.66,413030,board,594,2023-06-02,0.00139093588286,liquid_universe-2023-02-24-5439,daily_high_low_midpoint_proxy,13:30:00,416750,75.4,高技,08:59:00,0.01,381975969.205,4992064.05,5000,time63,83.35,69,5000,313,sell,2023-06-01,1876,84.9,81.8,3594702,5439,1250,3720
132,500592.21,5660.55,odd,20,2023-06-02,0.00519304583427,liquid_universe-2023-02-24-5439,daily_high_low_midpoint_proxy,13:30:00,5723.55,75.4,高技,09:00:00,0.01,381975969.205,4992064.05,69,time63,82.95,0,69,314,sell,2023-06-01,26,83.9,82,13287,5439,17,63
146000,898459.21,397867,board,572,2023-06-02,0.000477584242449,liquid_universe-2023-02-24-5009,daily_high_low_midpoint_proxy,13:30:00,401450,51.5,榮剛,08:59:00,0.01,1022263990.48,18557141.05,7000,time63,57.35,337,7000,315,sell,2023-06-01,1807,58.1,56.6,14657100,5009,1204,3583
452,917645.86,19186.65,odd,28,2023-06-02,0.00745080698651,liquid_universe-2023-02-24-5009,daily_high_low_midpoint_proxy,13:30:00,19360.65,51.5,榮剛,09:00:00,0.01,1022263990.48,18557141.05,337,time63,57.45,0,337,316,sell,2023-06-01,88,57.9,57,45230,5009,58,174
323000,565319.86,-352326,board,499,2023-06-05,9.27807312977e-05,liquid_universe-2023-06-02-2382,daily_high_low_midpoint_proxy,13:30:00,350250,129.5,廣達,08:59:00,0.01,4568969047.46,42312058.05,3000,leader_entry,116.75,3000,3000,317,buy,2023-06-02,1577,118.5,115,32334300,2382,0,2076
832,547585.61,-17734.25,odd,25,2023-06-05,0.00181429326669,liquid_universe-2023-06-02-2382,daily_high_low_midpoint_proxy,13:30:00,17629.25,129.5,廣達,09:00:00,0.01,4568969047.46,42312058.05,151,leader_entry,116.75,3151,151,318,buy,2023-06-02,80,118,115.5,83228,2382,0,105
28000,221514.61,-326071,board,462,2023-06-05,0.000213825394032,liquid_universe-2023-06-02-6214,daily_high_low_midpoint_proxy,13:30:00,324150,121,精誠,08:59:00,0.01,274764565.365,2854563.2,3000,leader_entry,108.05,3000,3000,319,buy,2023-06-02,1459,116.5,99.6,14030139,6214,0,1921
1029,181848.61,-39666,odd,56,2023-06-05,0.00361435247709,liquid_universe-2023-06-02-6214,daily_high_low_midpoint_proxy,13:30:00,39432,121,精誠,09:00:00,0.01,274764565.365,2854563.2,372,leader_entry,106,3372,372,320,buy,2023-06-02,178,111.5,100.5,102923,6214,0,234
4000,471441.61,289593,board,416,2023-06-16,0.00856965954885,liquid_universe-2023-03-14-2636,daily_high_low_midpoint_proxy,13:30:00,292200,65.5,台驊控股,08:59:00,0.01,70908454.185,976153.35,4000,time63,73.05,141,4000,321,sell,2023-06-15,1315,73.5,72.6,466763,2636,876,2607
45,474680.36,3238.75,odd,20,2023-06-16,0.00990752972259,liquid_universe-2023-03-14-2636,daily_high_low_midpoint_proxy,13:30:00,3282.75,65.5,台驊控股,09:00:00,0.01,70908454.185,976153.35,45,time63,72.95,96,141,322,sell,2023-06-15,15,73.3,72.6,4542,2636,9,44
71,479733.36,5053,odd,20,2023-06-19,0.00999718389186,liquid_universe-2023-03-14-2636,daily_high_low_midpoint_proxy,13:30:00,5112,65.4,台驊控股,09:00:00,0.01,71682893,987307.25,71,time63,72,25,96,323,sell,2023-06-15,24,72.2,71.8,7102,2636,15,59
60000,97883.36,-381850,board,541,2023-06-19,0.00127379710195,liquid_universe-2023-06-16-3325,daily_high_low_midpoint_proxy,13:30:00,379600,32,旭品,08:59:00,0.01,158347152.03,6094963.15,13000,leader_entry,29.2,13000,13000,324,buy,2023-06-16,1709,29.75,28.65,10205707,3325,0,2250
75,95670.86,-2212.5,odd,20,2023-06-19,0.00990883868411,liquid_universe-2023-06-16-3325,daily_high_low_midpoint_proxy,13:30:00,2182.5,32,旭品,09:00:00,0.01,158347152.03,6094963.15,75,leader_entry,29.1,13075,972,325,buy,2023-06-16,10,29.45,28.75,7569,3325,0,30
30,97436.86,1766,odd,20,2023-06-20,0.00823451910408,liquid_universe-2023-03-14-2636,daily_high_low_midpoint_proxy,13:30:00,1800,64.8,台驊控股,09:00:00,0.01,70802975.385,977277.25,25,time63,72,0,25,326,sell,2023-06-15,9,72.2,71.8,3036,2636,5,34
270000,858981.86,723980,board,1041,2023-09-05,0.000110812835791,liquid_universe-2023-06-02-2382,daily_high_low_midpoint_proxy,13:30:00,730500,221.5,廣達,08:59:00,0.01,26028835310.3,105056310.8,3000,time63,243.5,151,3000,327,sell,2023-09-04,3288,246,241,27072676,2382,2191,6520
1146,895496.86,36515,odd,53,2023-09-05,0.00131692554574,liquid_universe-2023-06-02-2382,daily_high_low_midpoint_proxy,13:30:00,36844,221.5,廣達,09:00:00,0.01,26028835310.3,105056310.8,151,time63,244,0,151,328,sell,2023-09-04,166,246,242,114661,2382,110,329
4000,1225523.86,330027,board,475,2023-09-05,0.00680468071304,liquid_universe-2023-06-02-6214,daily_high_low_midpoint_proxy,13:30:00,333000,99,精誠,08:59:00,0.01,106976261.3,970170.6,3000,time63,111,372,3000,329,sell,2023-09-04,1499,112,110,440873,6214,999,2973
71,1233325.86,7802,odd,20,2023-09-05,0.00996910980062,liquid_universe-2023-06-02-6214,daily_high_low_midpoint_proxy,13:30:00,7881,99,精誠,09:00:00,0.01,106976261.3,970170.6,71,time63,111,301,372,330,sell,2023-09-04,36,112,110,7122,6214,23,79
58,1239752.86,6427,odd,20,2023-09-06,0.00990944814625,liquid_universe-2023-06-02-6214,daily_high_low_midpoint_proxy,13:30:00,6496,100.5,精誠,09:00:00,0.01,99866191.775,907915.25,58,time63,112,243,301,331,sell,2023-09-04,30,112.5,111.5,5853,6214,19,69
6000,807456.86,-432296,board,612,2023-09-06,0.0030467957357,liquid_universe-2023-09-05-5236,daily_high_low_midpoint_proxy,13:30:00,429750,158,凌陽創新,08:59:00,0.01,90354225.825,689399.35,3000,leader_entry,143.25,3000,3000,332,buy,2023-09-05,1934,146,140.5,984641,5236,0,2546
76,796576.86,-10880,odd,20,2023-09-06,0.00999342537804,liquid_universe-2023-09-05-5236,daily_high_low_midpoint_proxy,13:30:00,10811,158,凌陽創新,09:00:00,0.01,90354225.825,689399.35,76,leader_entry,142.25,3076,491,333,buy,2023-09-05,49,144,140.5,7605,5236,0,69
18000,520953.86,-275623,board,390,2023-09-06,0.000175276235347,liquid_universe-2023-09-05-8016,daily_high_low_midpoint_proxy,13:30:00,274000,306.5,矽創,08:59:00,0.01,466108087.825,1861643.45,1000,leader_entry,274,1000,1000,334,buy,2023-09-05,1233,279.5,268.5,5705280,8016,0,1623
483,388434.61,-132519.25,odd,188,2023-09-06,0.00998243257208,liquid_universe-2023-09-05-8016,daily_high_low_midpoint_proxy,13:30:00,131738.25,306.5,矽創,09:00:00,0.01,466108087.825,1861643.45,483,leader_entry,272.75,1483,799,335,buy,2023-09-05,593,276,269.5,48385,8016,0,781
64,395560.61,7126,odd,20,2023-09-07,0.00999375390381,liquid_universe-2023-06-02-6214,daily_high_low_midpoint_proxy,13:30:00,7200,101.5,精誠,09:00:00,0.01,98593221.8,896818.1,64,time63,112.5,179,243,336,sell,2023-09-04,33,113,112,6404,6214,21,74
61,402291.11,6730.5,odd,20,2023-09-08,0.00994781474234,liquid_universe-2023-06-02-6214,daily_high_low_midpoint_proxy,13:30:00,6801.5,101,精誠,09:00:00,0.01,90849085.5,825896.9,61,time63,111.5,118,179,337,sell,2023-09-04,31,112.5,110.5,6132,6214,20,71
381,414568.11,12277,odd,20,2023-09-11,0.00309102815979,liquid_universe-2023-06-02-6214,daily_high_low_midpoint_proxy,13:30:00,12390,101,精誠,09:00:00,0.01,88479730.3,803722.05,118,time63,105,0,118,338,sell,2023-09-04,56,106.5,103.5,38175,6214,37,113
46000,845215.11,430647,board,619,2023-09-19,0.00280744733715,liquid_universe-2023-06-16-3325,daily_high_low_midpoint_proxy,13:30:00,434525,30.2,旭品,08:59:00,0.01,246435356.912,7411226.85,13000,time63,33.425,75,13000,339,sell,2023-09-18,1956,34.25,32.6,4630541,3325,1303,3878
42,846557.51,1342.4,odd,20,2023-09-19,0.00976971388695,liquid_universe-2023-06-16-3325,daily_high_low_midpoint_proxy,13:30:00,1373.4,30.2,旭品,09:00:00,0.01,246435356.912,7411226.85,42,time63,32.7,33,75,340,sell,2023-09-18,7,34.1,31.3,4299,3325,4,31
80,847632.54,1075.03,odd,20,2023-09-20,0.00412242348532,liquid_universe-2023-06-16-3325,daily_high_low_midpoint_proxy,13:30:00,1103.03,29.6,旭品,09:00:00,0.01,226582704.305,6842219.9,33,time63,33.425,0,33,341,sell,2023-09-18,5,34.1,32.75,8005,3325,3,28
171000,369012.54,-478620,board,678,2023-09-20,0.000237439415355,liquid_universe-2023-09-19-1319,daily_high_low_midpoint_proxy,13:30:00,475800,87,東陽,08:59:00,0.01,1226958447.88,17131152.75,6000,leader_entry,79.3,6000,6000,342,buy,2023-09-19,2142,81.4,77.2,25269604,1319,0,2820
500,329278.54,-39734,odd,56,2023-09-20,0.00999080845622,liquid_universe-2023-09-19-1319,daily_high_low_midpoint_proxy,13:30:00,39500,87,東陽,09:00:00,0.01,1226958447.88,17131152.75,500,leader_entry,79,6500,527,343,buy,2023-09-19,178,80.4,77.6,50046,1319,0,234
1000,455144.54,125866,board,181,2023-09-28,0.00840958019376,liquid_universe-2023-09-05-5236,daily_high_low_midpoint_proxy,13:30:00,127000,112.5,凌陽創新,08:59:00,0.01,75485327.85,550946.65,1000,loss12,127,2076,3000,344,sell,2023-09-27,572,128,126,118912,5236,381,1134
37,459778.29,4633.75,odd,20,2023-09-28,0.00983780909333,liquid_universe-2023-09-05-5236,daily_high_low_midpoint_proxy,13:30:00,4689.75,112.5,凌陽創新,09:00:00,0.01,75485327.85,550946.65,37,loss12,126.75,2039,76,345,sell,2023-09-27,22,127.5,126,3761,5236,14,56
1000,587626.29,127848,board,184,2023-10-02,0.00544700877513,liquid_universe-2023-09-05-5236,daily_high_low_midpoint_proxy,13:30:00,129000,113.5,凌陽創新,08:59:00,0.01,74031438.525,540752.8,1000,loss12,129,1039,2000,346,sell,2023-09-27,581,130,128,183587,5236,387,1152
20,590172.29,2546,odd,20,2023-10-02,0.00958313368471,liquid_universe-2023-09-05-5236,daily_high_low_midpoint_proxy,13:30:00,2585,113.5,凌陽創新,09:00:00,0.01,74031438.525,540752.8,20,loss12,129.25,1019,39,347,sell,2023-09-27,12,130,128.5,2087,5236,7,39
2000,717030.29,126858,board,182,2023-10-03,0.00458097794717,liquid_universe-2023-09-05-5236,daily_high_low_midpoint_proxy,13:30:00,128000,116.5,凌陽創新,08:59:00,0.01,71976651.925,525487.45,1000,loss12,128,19,1000,348,sell,2023-09-27,576,130,126,218294,5236,384,1142
19,719419.54,2389.25,odd,20,2023-10-03,0.00964956830879,liquid_universe-2023-09-05-5236,daily_high_low_midpoint_proxy,13:30:00,2427.25,116.5,凌陽創新,09:00:00,0.01,71976651.925,525487.45,19,loss12,127.75,0,19,349,sell,2023-09-27,11,129,126.5,1969,5236,7,38
246,241131.54,-478288,odd,678,2023-10-12,0.00656827765164,liquid_universe-2023-10-11-5274,daily_high_low_midpoint_proxy,13:30:00,475470,3335,信驊,09:00:00,0.01,1496869477.5,545877.65,162,leader_entry,2935,162,162,350,buy,2023-10-11,2140,3000,2870,24664,5274,0,2818
6000,528790.54,287659,board,414,2023-12-07,0.00160328609518,liquid_universe-2023-09-05-8016,daily_high_low_midpoint_proxy,13:30:00,290250,261.5,矽創,08:59:00,0.01,364668189.15,1255563.8,1000,time63,290.25,483,1000,351,sell,2023-12-06,1307,292.5,288,623719,8016,870,2591
66,547743.04,18952.5,odd,27,2023-12-07,0.00993826230989,liquid_universe-2023-09-05-8016,daily_high_low_midpoint_proxy,13:30:00,19123.5,261.5,矽創,09:00:00,0.01,364668189.15,1255563.8,66,time63,289.75,417,483,352,sell,2023-12-06,87,291.5,288,6641,8016,57,171
127,584496.04,36753,odd,53,2023-12-08,0.00994518402506,liquid_universe-2023-09-05-8016,daily_high_low_midpoint_proxy,13:30:00,37084,259.5,矽創,09:00:00,0.01,360718394.4,1242004.6,127,time63,292,290,417,353,sell,2023-12-06,167,293.5,290.5,12770,8016,111,331
90,610519.54,26023.5,odd,37,2023-12-11,0.00993377483444,liquid_universe-2023-09-05-8016,daily_high_low_midpoint_proxy,13:30:00,26257.5,263,矽創,09:00:00,0.01,358412138.5,1232857.4,90,time63,291.75,200,290,354,sell,2023-12-06,119,293.5,290,9060,8016,78,234
154,655315.54,44796,odd,64,2023-12-12,0.009994807892,liquid_universe-2023-09-05-8016,daily_high_low_midpoint_proxy,13:30:00,45199,264,矽創,09:00:00,0.01,360245190.95,1238556.25,154,time63,293.5,46,200,355,sell,2023-12-06,204,296,291,15408,8016,135,403
26000,366111.54,-289204,board,410,2023-12-12,0.000266369682229,liquid_universe-2023-12-11-8227,daily_high_low_midpoint_proxy,13:30:00,287500,317,巨有科技,08:59:00,0.01,695565115.325,2609637.55,1000,leader_entry,287.5,1000,1000,356,buy,2023-12-11,1294,294.5,280.5,3754181,8227,0,1704
234,298319.54,-67792,odd,96,2023-12-12,0.00998165763767,liquid_universe-2023-12-11-8227,daily_high_low_midpoint_proxy,13:30:00,67392,317,巨有科技,09:00:00,0.01,695565115.325,2609637.55,234,leader_entry,288,1234,733,357,buy,2023-12-11,304,293.5,282.5,23443,8227,0,400
122,311653.54,13334,odd,20,2023-12-13,0.00376401276491,liquid_universe-2023-09-05-8016,daily_high_low_midpoint_proxy,13:30:00,13455,261,矽創,09:00:00,0.01,370584001.75,1274579.8,46,time63,292.5,0,46,358,sell,2023-12-06,61,295,290,12221,8016,40,121
55000,770719.54,459066,board,660,2023-12-21,0.00109060828132,liquid_universe-2023-09-19-1319,daily_high_low_midpoint_proxy,13:30:00,463200,69.8,東陽,08:59:00,0.01,759204663.65,9207871.55,6000,time63,77.2,500,6000,359,sell,2023-12-20,2085,78.4,76,5501517,1319,1389,4134
700,809048.54,38329,odd,55,2023-12-21,0.00713643435194,liquid_universe-2023-09-19-1319,daily_high_low_midpoint_proxy,13:30:00,38675,69.8,東陽,09:00:00,0.01,759204663.65,9207871.55,500,time63,77.35,0,500,360,sell,2023-12-20,175,78.4,76.3,70063,1319,116,346
53000,431826.54,-377222,board,534,2023-12-22,0.000248553048429,liquid_universe-2023-12-21-4968,daily_high_low_midpoint_proxy,13:30:00,375000,205.5,立積,08:59:00,0.01,905801190.775,5300055.8,2000,leader_entry,187.5,2000,2000,361,buy,2023-12-21,1688,190.5,184.5,8046572,4968,0,2222
624,314289.54,-117537,odd,167,2023-12-22,0.00999391396265,liquid_universe-2023-12-21-4968,daily_high_low_midpoint_proxy,13:30:00,116844,205.5,立積,09:00:00,0.01,905801190.775,5300055.8,624,leader_entry,187.25,2624,634,362,buy,2023-12-21,526,190,184.5,62438,4968,0,693
24000,641839.54,327550,board,471,2024-01-05,0.000800819077753,liquid_universe-2023-12-21-4968,daily_high_low_midpoint_proxy,13:30:00,330500,148,立積,08:59:00,0.01,889989663.1,4963544.8,2000,loss12,165.25,624,2000,363,sell,2024-01-04,1488,167,163.5,2497443,4968,991,2950
178,671035.54,29196,odd,42,2024-01-05,0.00996807974464,liquid_universe-2023-12-21-4968,daily_high_low_midpoint_proxy,13:30:00,29459,148,立積,09:00:00,0.01,889989663.1,4963544.8,178,loss12,165.5,446,624,364,sell,2024-01-04,133,167,164,17857,4968,88,263
268,716521.54,45486,odd,65,2024-01-08,0.00997803343386,liquid_universe-2023-12-21-4968,daily_high_low_midpoint_proxy,13:30:00,45895,149.5,立積,09:00:00,0.01,885020419.9,4933609.6,268,loss12,171.25,178,446,365,sell,2024-01-04,207,174,168.5,26859,4968,137,409
128000,285583.54,-430938,board,610,2024-01-08,0.00107819346529,liquid_universe-2024-01-05-8011,daily_high_low_midpoint_proxy,13:30:00,428400,27.1,台通,08:59:00,0.01,301537957.67,12840944.8,18000,leader_entry,23.8,18000,18000,366,buy,2024-01-05,1928,25.05,22.55,16694592,8011,0,2538
355,279243.64,-6339.9,odd,20,2024-01-08,0.00747716092762,liquid_universe-2024-01-05-8011,daily_high_low_midpoint_proxy,13:30:00,6290.9,27.1,台通,09:00:00,0.01,301537957.67,12840944.8,266,leader_entry,23.65,18266,266,367,buy,2024-01-05,29,24.7,22.6,35575,8011,0,49
136,301887.64,22644,odd,33,2024-01-09,0.00994152046784,liquid_universe-2023-12-21-4968,daily_high_low_midpoint_proxy,13:30:00,22848,152,立積,09:00:00,0.01,896234150.375,5000594.45,136,loss12,168,42,178,368,sell,2024-01-04,103,170.5,165.5,13680,4968,68,204
23,370271.64,68384,odd,98,2024-01-10,0.00972104818259,liquid_universe-2023-10-11-5274,daily_high_low_midpoint_proxy,13:30:00,69000,2685,信驊,09:00:00,0.01,743307882,244530.2,23,time63,3000,139,162,369,sell,2024-01-09,311,3015,2985,2366,5274,207,616
83,377182.14,6910.5,odd,20,2024-01-10,0.0050257269355,liquid_universe-2023-12-21-4968,daily_high_low_midpoint_proxy,13:30:00,6982.5,149,立積,09:00:00,0.01,885615128.15,4939133.9,42,loss12,166.25,0,42,370,sell,2024-01-04,32,167.5,165,8357,4968,20,72
127,763277.64,386095.5,odd,555,2024-01-11,0.00994284819541,liquid_universe-2023-10-11-5274,daily_high_low_midpoint_proxy,13:30:00,389572.5,2720,信驊,09:00:00,0.01,702925974.75,231892.15,127,time63,3067.5,12,139,371,sell,2024-01-09,1754,3125,3010,12773,5274,1168,3477
56,799611.64,36334,odd,52,2024-01-12,0.00211565585331,liquid_universe-2023-10-11-5274,daily_high_low_midpoint_proxy,13:30:00,36660,2820,信驊,09:00:00,0.01,727289785.75,239719.8,12,time63,3055,0,12,372,sell,2024-01-09,165,3075,3035,5672,5274,109,326
104000,449297.64,-350314,board,496,2024-01-12,3.85275049592e-05,liquid_universe-2024-01-11-3017,daily_high_low_midpoint_proxy,13:30:00,348250,381,奇鋐,08:59:00,0.01,3334725337.95,10442994.15,1000,leader_entry,348.25,1000,1000,373,buy,2024-01-11,1568,358,338.5,25955483,3017,0,2064
1331,319196.14,-130101.5,odd,184,2024-01-12,0.00277195591914,liquid_universe-2024-01-11-3017,daily_high_low_midpoint_proxy,13:30:00,129334.5,381,奇鋐,09:00:00,0.01,3334725337.95,10442994.15,369,leader_entry,350.5,1369,369,374,buy,2024-01-11,583,357,344,133119,3017,0,767
1000,609085.14,289889,board,417,2024-03-21,0.00981017314956,liquid_universe-2023-12-11-8227,daily_high_low_midpoint_proxy,13:30:00,292500,261,巨有科技,08:59:00,0.01,380131295.075,1123153.6,1000,time63,292.5,234,1000,375,sell,2024-03-20,1317,298,287,101935,8227,877,2611
37,619834.39,10749.25,odd,20,2024-03-21,0.00988247863248,liquid_universe-2023-12-11-8227,daily_high_low_midpoint_proxy,13:30:00,10850.25,261,巨有科技,09:00:00,0.01,380131295.075,1123153.6,37,time63,293.25,197,234,376,sell,2024-03-20,49,296.5,290,3744,8227,32,101
28,627679.39,7845,odd,20,2024-03-22,0.00968523002421,liquid_universe-2023-12-11-8227,daily_high_low_midpoint_proxy,13:30:00,7924,258.5,巨有科技,09:00:00,0.01,374036664.825,1106344.85,28,time63,283,169,197,377,sell,2024-03-20,36,285.5,280.5,2891,8227,23,79
68000,113450.39,-514229,board,728,2024-03-22,0.000816130104197,liquid_universe-2024-03-21-4915,daily_high_low_midpoint_proxy,13:30:00,511200,95.3,致伸,08:59:00,0.01,538750530.53,6892475.2,6000,leader_entry,85.2,6000,6000,378,buy,2024-03-21,2301,86.6,83.8,7351769,4915,0,3029
330,85233.39,-28217,odd,40,2024-03-22,0.00997219871872,liquid_universe-2024-03-21-4915,daily_high_low_midpoint_proxy,13:30:00,28050,95.3,致伸,09:00:00,0.01,538750530.53,6892475.2,330,leader_entry,85,6330,465,379,buy,2024-03-21,127,85.9,84.1,33092,4915,0,167
41,96952.89,11719.5,odd,20,2024-03-25,0.00980157781497,liquid_universe-2023-12-11-8227,daily_high_low_midpoint_proxy,13:30:00,11828.5,254,巨有科技,09:00:00,0.01,360468675.525,1066815,41,time63,288.5,128,169,380,sell,2024-03-20,54,295,282,4183,8227,35,109
46,109875.89,12923,odd,20,2024-03-26,0.0098733633827,liquid_universe-2023-12-11-8227,daily_high_low_midpoint_proxy,13:30:00,13041,258,巨有科技,09:00:00,0.01,355331659.425,1052336,46,time63,283.5,82,128,381,sell,2024-03-20,59,290,277,4659,8227,39,118
25,116958.14,7082.25,odd,20,2024-03-27,0.00967866821525,liquid_universe-2023-12-11-8227,daily_high_low_midpoint_proxy,13:30:00,7156.25,254,巨有科技,09:00:00,0.01,352753008.225,1046401.4,25,time63,286.25,57,82,382,sell,2024-03-20,33,290,282.5,2583,8227,21,74
197,132493.14,15535,odd,22,2024-03-28,0.00288301046988,liquid_universe-2023-12-11-8227,daily_high_low_midpoint_proxy,13:30:00,15675,262,巨有科技,09:00:00,0.01,350383960.275,1040907.95,57,time63,275,0,57,383,sell,2024-03-20,71,279,271,19771,8227,47,140
70000,600776.14,468283,board,673,2024-04-18,0.00254090002067,liquid_universe-2024-01-05-8011,daily_high_low_midpoint_proxy,13:30:00,472500,23.6,台通,08:59:00,0.01,239895268.7,9535454.5,18000,time63,26.25,266,18000,384,sell,2024-04-17,2127,26.75,25.75,7084104,8011,1417,4217
144,604500.94,3724.8,odd,20,2024-04-18,0.00999583506872,liquid_universe-2024-01-05-8011,daily_high_low_midpoint_proxy,13:30:00,3772.8,23.6,台通,09:00:00,0.01,239895268.7,9535454.5,144,time63,26.2,122,266,385,sell,2024-04-17,17,26.6,25.8,14406,8011,11,48
145,607514.04,3013.1,odd,20,2024-04-19,0.00839180079791,liquid_universe-2024-01-05-8011,daily_high_low_midpoint_proxy,13:30:00,3056.1,23.55,台通,09:00:00,0.01,208383143.24,8318384.5,122,time63,25.05,0,122,386,sell,2024-04-17,14,25.95,24.15,14538,8011,9,43
1152000,70350.04,-537164,board,761,2024-04-19,1.71436841419e-05,liquid_universe-2024-04-18-2371,daily_high_low_midpoint_proxy,13:30:00,534000,70.8,大同,08:59:00,0.01,6831835132.41,115295089.95,8000,leader_entry,66.75,8000,8000,387,buy,2024-04-18,2403,70.7,62.8,466644155,2371,0,3164
5828,37502.69,-32847.35,odd,47,2024-04-19,0.000835489250153,liquid_universe-2024-04-18-2371,daily_high_low_midpoint_proxy,13:30:00,32653.35,70.8,大同,09:00:00,0.01,6831835132.41,115295089.95,487,leader_entry,67.05,8487,487,388,buy,2024-04-18,147,70.4,63.7,582892,2371,0,194
118000,652959.69,615457,board,885,2024-04-24,8.473113582e-05,liquid_universe-2024-01-11-3017,daily_high_low_midpoint_proxy,13:30:00,621000,520,奇鋐,08:59:00,0.01,9205836854.7,15677795.95,1000,time63,621,369,1000,389,sell,2024-04-23,2795,634,608,11802037,3017,1863,5543
1592,882075.19,229115.5,odd,329,2024-04-24,0.0023163987219,liquid_universe-2024-01-11-3017,daily_high_low_midpoint_proxy,13:30:00,231178.5,520,奇鋐,09:00:00,0.01,9205836854.7,15677795.95,369,time63,626.5,0,369,390,sell,2024-04-23,1041,634,619,159299,3017,693,2063
17000,296802.19,-585273,board,829,2024-04-25,0.00442339026323,liquid_universe-2024-04-24-9946,daily_high_low_midpoint_proxy,13:30:00,581825,36.3,三發地產,08:59:00,0.01,50467337.57,1705668.7,17000,leader_entry,34.225,17000,18000,391,buy,2024-04-24,2619,35.9,32.55,3843206,9946,0,3448
203,289731.46,-7070.73,odd,20,2024-04-25,0.0099867171742,liquid_universe-2024-04-24-9946,daily_high_low_midpoint_proxy,13:30:00,7018.73,36.3,三發地產,09:00:00,0.01,50467337.57,1705668.7,203,leader_entry,34.575,17203,419,392,buy,2024-04-24,32,35.7,33.45,20327,9946,0,52
384000,770997.46,481266,board,692,2024-05-15,0.000208043064498,liquid_universe-2024-04-18-2371,daily_high_low_midpoint_proxy,13:30:00,485600,54,大同,08:59:00,0.01,9906452304.62,151225189.7,8000,loss12,60.7,487,8000,393,sell,2024-05-14,2186,61.6,59.8,38453577,2371,1456,4334
1042,800271.01,29273.55,odd,42,2024-05-15,0.00467258335332,liquid_universe-2024-04-18-2371,daily_high_low_midpoint_proxy,13:30:00,29536.55,54,大同,09:00:00,0.01,9906452304.62,151225189.7,487,loss12,60.65,0,487,394,sell,2024-05-14,133,61.2,60.1,104225,2371,88,263
4000,276184.01,-524087,board,742,2024-05-16,0.00838161492766,liquid_universe-2024-05-15-9802,daily_high_low_midpoint_proxy,13:30:00,521000,144,鈺齊-KY,08:59:00,0.01,96509962.775,785978.75,4000,leader_entry,130.25,4000,4000,395,buy,2024-05-15,2345,132,128.5,477235,9802,0,3087
88,264694.01,-11490,odd,20,2024-05-16,0.009992051777,liquid_universe-2024-05-15-9802,daily_high_low_midpoint_proxy,13:30:00,11418,144,鈺齊-KY,09:00:00,0.01,96509962.775,785978.75,88,leader_entry,129.75,4088,663,396,buy,2024-05-15,52,131,128.5,8807,9802,0,72
25000,835256.01,570562,board,820,2024-06-25,0.00232124480621,liquid_universe-2024-03-21-4915,daily_high_low_midpoint_proxy,13:30:00,575700,86.5,致伸,08:59:00,0.01,675644356.97,6479353.2,6000,time63,95.95,330,6000,397,sell,2024-06-24,2591,96.7,95.2,2584820,4915,1727,5138
138,848385.01,13129,odd,20,2024-06-25,0.00995024875622,liquid_universe-2024-03-21-4915,daily_high_low_midpoint_proxy,13:30:00,13248,86.5,致伸,09:00:00,0.01,675644356.97,6479353.2,138,time63,96,192,330,398,sell,2024-06-24,60,96.5,95.5,13869,4915,39,119
106,858532.91,10147.9,odd,20,2024-06-26,0.00997553171466,liquid_universe-2024-03-21-4915,daily_high_low_midpoint_proxy,13:30:00,10244.9,86.4,致伸,09:00:00,0.01,680574282.07,6530352.2,106,time63,96.65,86,192,399,sell,2024-06-24,47,97.3,96,10626,4915,30,97
79000,295565.91,-562967,board,798,2024-06-26,0.00045917064467,liquid_universe-2024-06-25-6695,daily_high_low_midpoint_proxy,13:30:00,559650,87.4,芯鼎,08:59:00,0.01,592401699.38,7998809.95,7000,leader_entry,79.95,7000,7000,400,buy,2024-06-25,2519,82.3,77.6,15244877,6695,0,3317
382,264959.61,-30606.3,odd,43,2024-06-26,0.00997623462432,liquid_universe-2024-06-25-6695,daily_high_low_midpoint_proxy,13:30:00,30426.3,87.4,芯鼎,09:00:00,0.01,592401699.38,7998809.95,382,leader_entry,79.65,7382,954,401,buy,2024-06-25,137,81.3,78,38291,6695,0,180
126,273125.01,8165.4,odd,20,2024-06-27,0.00677645575605,liquid_universe-2024-03-21-4915,daily_high_low_midpoint_proxy,13:30:00,8247.4,86.4,致伸,09:00:00,0.01,683632319.83,6562989.85,86,time63,95.9,0,86,402,sell,2024-06-24,38,96.5,95.3,12691,4915,24,82
5000,765241.01,466796,board,671,2024-07-23,0.00340457694301,liquid_universe-2024-05-15-9802,daily_high_low_midpoint_proxy,13:30:00,471000,102,鈺齊-KY,08:59:00,0.01,61133116.65,521630.2,4000,loss12,117.75,88,4000,403,sell,2024-07-22,2120,119,116.5,1174889,9802,1413,4204
87,775388.26,10147.25,odd,20,2024-07-23,0.00995765136775,liquid_universe-2024-05-15-9802,daily_high_low_midpoint_proxy,13:30:00,10244.25,102,鈺齊-KY,09:00:00,0.01,61133116.65,521630.2,87,loss12,117.75,1,88,404,sell,2024-07-22,47,119,116.5,8737,9802,30,97
162,775486.26,98,odd,20,2024-07-26,6.14892701224e-05,liquid_universe-2024-05-15-9802,daily_high_low_midpoint_proxy,13:30:00,119,106.5,鈺齊-KY,09:00:00,0.01,66406504.35,567159.85,1,loss12,119,0,1,405,sell,2024-07-22,1,120.5,117.5,16263,9802,0,21
12000,433974.26,-341512,board,484,2024-07-26,0.000461520923743,liquid_universe-2024-07-23-3023,daily_high_low_midpoint_proxy,13:30:00,339500,379.5,信邦,08:59:00,0.01,400930817.1,1266246.7,1000,leader_entry,339.5,1000,1000,406,buy,2024-07-23,1528,345,334,2166749,3023,0,2012
296,333109.26,-100865,odd,143,2024-07-26,0.00999392261463,liquid_universe-2024-07-23-3023,daily_high_low_midpoint_proxy,13:30:00,100270,379.5,信邦,09:00:00,0.01,400930817.1,1266246.7,296,leader_entry,338.75,1296,793,407,buy,2024-07-23,452,343.5,334,29618,3023,0,595
22000,1089176.26,756067,board,1087,2024-07-29,0.00274843819999,liquid_universe-2024-04-24-9946,daily_high_low_midpoint_proxy,13:30:00,762875,39.9,三發地產,08:59:00,0.01,95036358.7425,2232942.7,17000,time63,44.875,203,17000,408,sell,2024-07-26,3433,46.75,43,6185331,9946,2288,6808
156,1096069.66,6893.4,odd,20,2024-07-29,0.00997633817228,liquid_universe-2024-04-24-9946,daily_high_low_midpoint_proxy,13:30:00,6965.4,39.9,三發地產,09:00:00,0.01,95036358.7425,2232942.7,156,time63,44.65,47,203,409,sell,2024-07-26,32,45.95,43.35,15637,9946,20,72
66,1098053.49,1983.83,odd,20,2024-07-30,0.00702436108205,liquid_universe-2024-04-24-9946,daily_high_low_midpoint_proxy,13:30:00,2019.83,38.7,三發地產,09:00:00,0.01,106339707.898,2494593.2,47,time63,42.975,0,47,410,sell,2024-07-26,10,43.95,42,6691,9946,6,36
30000,1542055.49,444002,board,638,2024-07-30,0.00229932856321,liquid_universe-2024-06-25-6695,daily_high_low_midpoint_proxy,13:30:00,448000,58.5,芯鼎,08:59:00,0.01,471387190.475,6347175.65,7000,loss12,64,382,7000,411,sell,2024-07-29,2016,65.9,62.1,3044367,6695,1344,3998
121,1549733.59,7678.1,odd,20,2024-07-30,0.00995065789474,liquid_universe-2024-06-25-6695,daily_high_low_midpoint_proxy,13:30:00,7756.1,58.5,芯鼎,09:00:00,0.01,471387190.475,6347175.65,121,loss12,64.1,261,382,412,sell,2024-07-29,35,65.7,62.5,12160,6695,23,78
45000,981485.59,-568248,board,805,2024-07-30,0.0034675475118,liquid_universe-2024-07-29-1806,daily_high_low_midpoint_proxy,13:30:00,564900,15.45,冠軍,08:59:00,0.01,57318238.395,4512484.5,42000,leader_entry,13.45,42000,42000,413,buy,2024-07-29,2543,13.9,13,12112307,1806,0,3348
243,978164.01,-3321.58,odd,20,2024-07-30,0.00999136548662,liquid_universe-2024-07-29-1806,daily_high_low_midpoint_proxy,13:30:00,3286.58,15.45,冠軍,09:00:00,0.01,57318238.395,4512484.5,243,leader_entry,13.525,42243,902,414,buy,2024-07-29,15,13.8,13.25,24321,1806,0,35
41,980798.26,2634.25,odd,20,2024-07-31,0.00993698497334,liquid_universe-2024-06-25-6695,daily_high_low_midpoint_proxy,13:30:00,2675.25,59.3,芯鼎,09:00:00,0.01,466830155.045,6306118.1,41,loss12,65.25,220,261,415,sell,2024-07-29,13,65.8,64.7,4126,6695,8,41
27000,416474.26,-564324,board,799,2024-07-31,0.00114799688893,liquid_universe-2024-07-30-5534,daily_high_low_midpoint_proxy,13:30:00,561000,155,長虹,08:59:00,0.01,352975769.95,2749291.65,4000,leader_entry,140.25,4000,4000,416,buy,2024-07-30,2525,144.5,136,3484330,5534,0,3324
197,388829.76,-27644.5,odd,39,2024-07-31,0.00997670414261,liquid_universe-2024-07-30-5534,daily_high_low_midpoint_proxy,13:30:00,27481.5,155,長虹,09:00:00,0.01,352975769.95,2749291.65,197,leader_entry,139.5,4197,217,417,buy,2024-07-30,124,142.5,136.5,19746,5534,0,163
73,393740.41,4910.65,odd,20,2024-08-01,0.00999178757186,liquid_universe-2024-06-25-6695,daily_high_low_midpoint_proxy,13:30:00,4967.65,58.9,芯鼎,09:00:00,0.01,456930604.885,6174803.3,73,loss12,68.05,147,220,418,sell,2024-07-29,23,68.9,67.2,7306,6695,14,57
126,402011.21,8270.8,odd,20,2024-08-02,0.00998336106489,liquid_universe-2024-06-25-6695,daily_high_low_midpoint_proxy,13:30:00,8353.8,61.7,芯鼎,09:00:00,0.01,450091303.675,6088214.3,126,loss12,66.3,21,147,419,sell,2024-07-29,38,69.6,63,12621,6695,25,83
81,403207.56,1196.35,odd,20,2024-08-05,0.00258048660605,liquid_universe-2024-06-25-6695,daily_high_low_midpoint_proxy,13:30:00,1225.35,56.7,芯鼎,09:00:00,0.01,445156461.355,6033095.4,21,loss12,58.35,0,21,420,sell,2024-07-29,6,60,56.7,8138,6695,3,29
12000,686159.56,282952,board,407,2024-08-06,0.000814665942157,liquid_universe-2024-07-23-3023,daily_high_low_midpoint_proxy,13:30:00,285500,253.5,信邦,08:59:00,0.01,500050095,1547729.2,1000,loss12,285.5,296,1000,421,sell,2024-08-05,1285,299.5,271.5,1227497,3023,856,2548
409,769180.56,83021,odd,119,2024-08-06,0.00723238937621,liquid_universe-2024-07-23-3023,daily_high_low_midpoint_proxy,13:30:00,83768,253.5,信邦,09:00:00,0.01,500050095,1547729.2,296,loss12,283,0,296,422,sell,2024-08-05,377,292,274,40927,3023,251,747
35000,1157681.56,388501,board,559,2024-08-06,0.00987444502092,liquid_universe-2024-07-29-1806,daily_high_low_midpoint_proxy,13:30:00,392000,10.45,冠軍,08:59:00,0.01,52360012.0425,4042442.85,35000,loss12,11.2,7243,42000,423,sell,2024-08-05,1764,11.85,10.55,3544503,1806,1176,3499
90,1158663.81,982.25,odd,20,2024-08-06,0.00999666777741,liquid_universe-2024-07-29-1806,daily_high_low_midpoint_proxy,13:30:00,1010.25,10.45,冠軍,09:00:00,0.01,52360012.0425,4042442.85,90,loss12,11.225,7153,243,424,sell,2024-08-05,5,11.6,10.85,9003,1806,3,28
21000,1238617.81,79954,board,115,2024-08-07,0.00318937845848,liquid_universe-2024-07-29-1806,daily_high_low_midpoint_proxy,13:30:00,80675,9.95,冠軍,08:59:00,0.01,52335390.9,4064141.8,7000,loss12,11.525,153,7000,425,sell,2024-08-05,364,12,11.05,2194785,1806,242,721
95,1239689.44,1071.63,odd,20,2024-08-07,0.00993516000837,liquid_universe-2024-07-29-1806,daily_high_low_midpoint_proxy,13:30:00,1099.63,9.95,冠軍,09:00:00,0.01,52335390.9,4064141.8,95,loss12,11.575,58,153,426,sell,2024-08-05,5,12,11.15,9562,1806,3,28
36000,1723334.44,483645,board,695,2024-08-07,0.00103639320655,liquid_universe-2024-07-30-5534,daily_high_low_midpoint_proxy,13:30:00,488000,107,長虹,08:59:00,0.01,484623030.3,3686518.8,4000,loss12,122,197,4000,427,sell,2024-08-06,2196,129,115,3859539,5534,1464,4355
131,1739270.69,15936.25,odd,23,2024-08-07,0.00999694749695,liquid_universe-2024-07-30-5534,daily_high_low_midpoint_proxy,13:30:00,16080.25,107,長虹,09:00:00,0.01,484623030.3,3686518.8,131,loss12,122.75,66,197,428,sell,2024-08-06,73,126.5,119,13104,5534,48,144
2000,1257431.69,-481839,board,683,2024-08-07,0.000660071234888,liquid_universe-2024-08-06-6561,daily_high_low_midpoint_proxy,13:30:00,479000,499.5,是方,08:59:00,0.01,120321287.7,285026.45,1000,leader_entry,479,1000,1000,429,buy,2024-08-06,2156,495,463,1514988,6561,0,2839
332,1183838.19,-73593.5,odd,104,2024-08-07,0.00453971499008,liquid_universe-2024-08-06-6561,daily_high_low_midpoint_proxy,13:30:00,73159.5,499.5,是方,09:00:00,0.01,120321287.7,285026.45,151,leader_entry,484.5,1151,151,430,buy,2024-08-06,330,497,472,33262,6561,0,434
56,1184458.19,620,odd,20,2024-08-08,0.00987480162229,liquid_universe-2024-07-29-1806,daily_high_low_midpoint_proxy,13:30:00,644,10.55,冠軍,09:00:00,0.01,52109248.1975,4051606.4,56,loss12,11.5,2,58,431,sell,2024-08-05,3,11.6,11.4,5671,1806,1,24
109,1192429.19,7971,odd,20,2024-08-08,0.00604118993135,liquid_universe-2024-07-30-5534,daily_high_low_midpoint_proxy,13:30:00,8052,113.5,長虹,09:00:00,0.01,501528296.5,3815062.45,66,loss12,122,0,66,432,sell,2024-08-06,37,124,120,10925,5534,24,81
99000,756863.19,-435566,board,617,2024-08-08,0.000185707823745,liquid_universe-2024-08-07-1597,daily_high_low_midpoint_proxy,13:30:00,433000,116.5,直得,08:59:00,0.01,978972280.185,9952844.05,4000,leader_entry,108.25,4000,4000,433,buy,2024-08-07,1949,112.5,104,21539211,1597,0,2566
621,688929.44,-67933.75,odd,96,2024-08-08,0.00999774607979,liquid_universe-2024-08-07-1597,daily_high_low_midpoint_proxy,13:30:00,67533.75,116.5,直得,09:00:00,0.01,978972280.185,9952844.05,621,leader_entry,108.75,4621,982,434,buy,2024-08-07,304,112,105.5,62114,1597,0,400
18000,243304.44,-445625,board,631,2024-08-08,0.00175050491126,liquid_universe-2024-08-07-2236,daily_high_low_midpoint_proxy,13:30:00,443000,124.5,百達-KY,08:59:00,0.01,197017953.245,1885063.1,4000,leader_entry,110.75,4000,4000,435,buy,2024-08-07,1994,114.5,107,2285055,2236,0,2625
69,235659.44,-7645,odd,20,2024-08-08,0.00994236311239,liquid_universe-2024-08-07-2236,daily_high_low_midpoint_proxy,13:30:00,7590,124.5,百達-KY,09:00:00,0.01,197017953.245,1885063.1,69,leader_entry,110,4069,662,436,buy,2024-08-07,35,112,108,6940,2236,0,55
75,235662.14,2.7,odd,20,2024-08-09,0.00026413100898,liquid_universe-2024-07-29-1806,daily_high_low_midpoint_proxy,13:30:00,23.7,10.35,冠軍,09:00:00,0.01,51433175.2625,3998165.1,2,loss12,11.85,0,2,437,sell,2024-08-05,1,12,11.7,7572,1806,0,21
15000,590268.14,354606,board,510,2024-09-11,0.0025409134711,liquid_universe-2024-08-07-1597,daily_high_low_midpoint_proxy,13:30:00,357800,79.5,直得,08:59:00,0.01,537827305.825,5229215.3,4000,loss12,89.45,621,4000,438,sell,2024-09-10,1611,90.6,88.3,1574237,1597,1073,3194
121,600954.29,10686.15,odd,20,2024-09-11,0.00997362347511,liquid_universe-2024-08-07-1597,daily_high_low_midpoint_proxy,13:30:00,10787.15,79.5,直得,09:00:00,0.01,537827305.825,5229215.3,121,loss12,89.15,500,621,439,sell,2024-09-10,49,89.9,88.4,12132,1597,32,101
143,613920.79,12966.5,odd,20,2024-09-12,0.00997002021892,liquid_universe-2024-08-07-1597,daily_high_low_midpoint_proxy,13:30:00,13084.5,79.7,直得,09:00:00,0.01,484523435.95,4744657.35,143,loss12,91.5,357,500,440,sell,2024-09-10,59,93,90,14343,1597,39,118
98,622732.19,8811.4,odd,20,2024-09-13,0.00996542607281,liquid_universe-2024-08-07-1597,daily_high_low_midpoint_proxy,13:30:00,8898.4,82.1,直得,09:00:00,0.01,463261900.71,4560632.5,98,loss12,90.8,259,357,441,sell,2024-09-10,41,92,89.6,9834,1597,26,87
27000,143912.19,-478820,board,678,2024-09-13,0.0028691898681,liquid_universe-2024-09-12-6134,daily_high_low_midpoint_proxy,13:30:00,476000,33.1,萬旭,08:59:00,0.01,75843494.025,2709592.05,16000,leader_entry,29.75,16000,16000,442,buy,2024-09-12,2142,30.8,28.7,5576487,6134,0,2820
87,141318.04,-2594.15,odd,20,2024-09-13,0.00994285714286,liquid_universe-2024-09-12-6134,daily_high_low_midpoint_proxy,13:30:00,2562.15,33.1,萬旭,09:00:00,0.01,75843494.025,2709592.05,87,leader_entry,29.45,16087,312,443,buy,2024-09-12,12,30,28.9,8750,6134,0,32
47,149311.69,4296.85,odd,20,2024-09-16,0.00997876857749,liquid_universe-2024-08-07-1597,daily_high_low_midpoint_proxy,13:30:00,4349.85,82.5,直得,09:00:00,0.01,425431317.03,4225579.2,47,loss12,92.55,212,259,444,sell,2024-09-10,20,93.6,91.5,4710,1597,13,53
107,159174.04,9862.35,odd,20,2024-09-18,0.00994146613398,liquid_universe-2024-08-07-1597,daily_high_low_midpoint_proxy,13:30:00,9956.35,83.1,直得,09:00:00,0.01,406249058.73,4048497.35,107,loss12,93.05,105,212,445,sell,2024-09-10,45,94,92.1,10763,1597,29,94
113,168876.54,9702.5,odd,20,2024-09-19,0.00921618537699,liquid_universe-2024-08-07-1597,daily_high_low_midpoint_proxy,13:30:00,9796.5,82.8,直得,09:00:00,0.01,392934390.87,3924895.1,105,loss12,93.3,0,105,446,sell,2024-09-10,45,95,91.6,11393,1597,29,94
1000,689683.35,518828,board,746,2024-11-11,0.00870663009882,liquid_universe-2024-08-06-6561,daily_high_low_midpoint_proxy,13:30:00,523500,471,是方,08:59:00,0.01,83538856.575,164350.7,1000,time63,523.5,151,1000,447,sell,2024-11-08,2356,528,519,114855,6561,1570,4672
65,723406.85,33723.5,odd,48,2024-11-11,0.00985595147839,liquid_universe-2024-08-06-6561,daily_high_low_midpoint_proxy,13:30:00,34027.5,471,是方,09:00:00,0.01,83538856.575,164350.7,65,time63,523.5,86,151,448,sell,2024-11-08,154,526,521,6595,6561,102,304
136,766896.35,43489.5,odd,63,2024-11-12,0.00631841892587,liquid_universe-2024-08-06-6561,daily_high_low_midpoint_proxy,13:30:00,43881.5,467.5,是方,09:00:00,0.01,84285769.075,165315.75,86,time63,510.25,0,86,449,sell,2024-11-08,198,522,498.5,13611,6561,131,392
7000,1242612.35,475716,board,684,2024-11-12,0.00460544040675,liquid_universe-2024-08-07-2236,daily_high_low_midpoint_proxy,13:30:00,480000,107.5,百達-KY,08:59:00,0.01,94736809,785782.5,4000,time63,120,156,4000,450,sell,2024-11-11,2160,123,117,868538,2236,1440,4284
44,1247778.35,5166,odd,20,2024-11-12,0.00995475113122,liquid_universe-2024-08-07-2236,daily_high_low_midpoint_proxy,13:30:00,5225,107.5,百達-KY,09:00:00,0.01,94736809,785782.5,44,time63,118.75,112,156,451,sell,2024-11-11,24,119.5,118,4420,2236,15,59
356000,743055.35,-504723,board,715,2024-11-12,8.41322791634e-05,liquid_universe-2024-11-11-3013,daily_high_low_midpoint_proxy,13:30:00,501750,185.5,晟銘電,08:59:00,0.01,5930660008.98,37657626.75,3000,leader_entry,167.25,3000,3000,452,buy,2024-11-11,2258,171,163.5,35658133,3013,0,2973
788,712052.35,-31003,odd,44,2024-11-12,0.00233286422477,liquid_universe-2024-11-11-3013,daily_high_low_midpoint_proxy,13:30:00,30820,185.5,晟銘電,09:00:00,0.01,5930660008.98,37657626.75,184,leader_entry,167.5,3184,184,453,buy,2024-11-11,139,170.5,164.5,78873,3013,0,183
17,714003.1,1950.75,odd,20,2024-11-13,0.00986078886311,liquid_universe-2024-08-07-2236,daily_high_low_midpoint_proxy,13:30:00,1984.75,106,百達-KY,09:00:00,0.01,95864532.85,796627.95,17,time63,116.75,95,112,454,sell,2024-11-11,9,117.5,116,1724,2236,5,34
42000,177895.1,-536108,board,759,2024-11-13,0.00282141422619,liquid_universe-2024-11-12-5488,daily_high_low_midpoint_proxy,13:30:00,532950,17.9,松普,08:59:00,0.01,65170561.53,4269318.6,33000,leader_entry,16.15,33000,33000,455,buy,2024-11-12,2399,17.05,15.25,11696262,5488,0,3158
145,175963.35,-1931.75,odd,20,2024-11-13,0.00813288303811,liquid_universe-2024-11-12-5488,daily_high_low_midpoint_proxy,13:30:00,1902.75,17.9,松普,09:00:00,0.01,65170561.53,4269318.6,118,leader_entry,16.125,33118,118,456,buy,2024-11-12,9,16.9,15.35,14509,5488,0,29
21,178412.85,2449.5,odd,20,2024-11-14,0.0096065873742,liquid_universe-2024-08-07-2236,daily_high_low_midpoint_proxy,13:30:00,2488.5,105.5,百達-KY,09:00:00,0.01,87406235.35,725756.55,21,time63,118.5,74,95,457,sell,2024-11-11,12,121,116,2186,2236,7,39
31,181946.35,3533.5,odd,20,2024-11-15,0.00992317541613,liquid_universe-2024-08-07-2236,daily_high_low_midpoint_proxy,13:30:00,3580.5,104.5,百達-KY,09:00:00,0.01,86836858.45,724598.15,31,time63,115.5,43,74,458,sell,2024-11-11,17,117,114,3124,2236,10,47
21,184318.1,2371.75,odd,20,2024-11-18,0.00958904109589,liquid_universe-2024-08-07-2236,daily_high_low_midpoint_proxy,13:30:00,2409.75,103.5,百達-KY,09:00:00,0.01,87481108.15,732364.55,21,time63,114.75,22,43,459,sell,2024-11-11,11,115.5,114,2190,2236,7,38
22,186726.6,2408.5,odd,20,2024-11-19,0.0097995545657,liquid_universe-2024-08-07-2236,daily_high_low_midpoint_proxy,13:30:00,2447.5,101,百達-KY,09:00:00,0.01,82529545.75,696206.75,22,time63,111.25,0,22,460,sell,2024-11-11,12,112.5,110,2245,2236,7,39
222000,636426.6,449700,board,647,2024-11-19,0.000135002911338,liquid_universe-2024-11-11-3013,daily_high_low_midpoint_proxy,13:30:00,453750,132.5,晟銘電,08:59:00,0.01,5499451835.15,34135511.15,3000,loss12,151.25,184,3000,461,sell,2024-11-18,2042,155.5,147,22221743,3013,1361,4050
535,664189.6,27763,odd,40,2024-11-19,0.00343309202179,liquid_universe-2024-11-11-3013,daily_high_low_midpoint_proxy,13:30:00,28014,132.5,晟銘電,09:00:00,0.01,5499451835.15,34135511.15,184,loss12,152.25,0,184,462,sell,2024-11-18,127,156,148.5,53596,3013,84,251
9000,167412.6,-496777,board,704,2024-11-20,0.00483407386741,liquid_universe-2024-11-19-2545,daily_high_low_midpoint_proxy,13:30:00,493850,77.9,皇翔,08:59:00,0.01,65022256.305,999643.75,7000,leader_entry,70.55,7000,7000,463,buy,2024-11-19,2223,71.6,69.5,1448054,2545,0,2927
146,160400.9,-7011.7,odd,20,2024-11-20,0.0067429505517,liquid_universe-2024-11-19-2545,daily_high_low_midpoint_proxy,13:30:00,6959.7,77.9,皇翔,09:00:00,0.01,65022256.305,999643.75,99,leader_entry,70.3,7099,99,464,buy,2024-11-19,32,71.2,69.4,14682,2545,0,52
5000,225563.9,65163,board,94,2024-12-13,0.00870364438998,liquid_universe-2024-11-12-5488,daily_high_low_midpoint_proxy,13:30:00,65750,11.9,松普,08:59:00,0.01,24790275.8375,1659238.9,5000,loss12,13.15,28118,33000,465,sell,2024-12-12,296,13.3,13,574472,5488,197,587
24,225857.5,293.6,odd,20,2024-12-13,0.00972841507904,liquid_universe-2024-11-12-5488,daily_high_low_midpoint_proxy,13:30:00,315.6,11.9,松普,09:00:00,0.01,24790275.8375,1659238.9,24,loss12,13.15,28094,118,466,sell,2024-12-12,2,13.3,13,2467,5488,0,22
9000,340698.5,114841,board,165,2024-12-16,0.00970402717128,liquid_universe-2024-11-12-5488,daily_high_low_midpoint_proxy,13:30:00,115875,11.7,松普,08:59:00,0.01,23681410.0975,1587808.95,9000,loss12,12.875,19094,28000,467,sell,2024-12-12,522,13.15,12.6,927450,5488,347,1034
14,340858.45,159.95,odd,20,2024-12-16,0.00971547536433,liquid_universe-2024-11-12-5488,daily_high_low_midpoint_proxy,13:30:00,180.95,11.7,松普,09:00:00,0.01,23681410.0975,1587808.95,14,loss12,12.925,19080,94,468,sell,2024-12-12,1,13.1,12.75,1441,5488,0,21
6000,416526.45,75668,board,109,2024-12-17,0.00883063287674,liquid_universe-2024-11-12-5488,daily_high_low_midpoint_proxy,13:30:00,76350,11.35,松普,08:59:00,0.01,23174038.195,1559152.9,6000,loss12,12.725,13080,19000,469,sell,2024-12-12,344,12.85,12.6,679453,5488,229,682
14,416684.65,158.2,odd,20,2024-12-17,0.00965517241379,liquid_universe-2024-11-12-5488,daily_high_low_midpoint_proxy,13:30:00,179.2,11.35,松普,09:00:00,0.01,23174038.195,1559152.9,14,loss12,12.8,13066,80,470,sell,2024-12-12,1,13,12.6,1450,5488,0,21
14000,832242.65,415558,board,598,2024-12-18,0.00950844723661,liquid_universe-2024-09-12-6134,daily_high_low_midpoint_proxy,13:30:00,419300,26.8,萬旭,08:59:00,0.01,115271671.162,3298646.85,14000,time63,29.95,2087,16000,471,sell,2024-12-17,1887,30.9,29,1472375,6134,1257,3742
36,833301.85,1059.2,odd,20,2024-12-18,0.00998059329082,liquid_universe-2024-09-12-6134,daily_high_low_midpoint_proxy,13:30:00,1087.2,26.8,萬旭,09:00:00,0.01,115271671.162,3298646.85,36,time63,30.2,2051,87,472,sell,2024-12-17,5,31.15,29.25,3607,6134,3,28
4000,883350.85,50049,board,72,2024-12-18,0.00818528204436,liquid_universe-2024-11-12-5488,daily_high_low_midpoint_proxy,13:30:00,50500,11.35,松普,08:59:00,0.01,22718420.9675,1532806.6,4000,loss12,12.625,9066,13000,473,sell,2024-12-12,228,12.75,12.5,488682,5488,151,451
6,883406.65,55.8,odd,20,2024-12-18,0.00890207715134,liquid_universe-2024-11-12-5488,daily_high_low_midpoint_proxy,13:30:00,76.8,11.35,松普,09:00:00,0.01,22718420.9675,1532806.6,6,loss12,12.8,9060,66,474,sell,2024-12-12,1,13,12.6,674,5488,0,21
6000,942425.65,59019,board,85,2024-12-19,0.00309530921365,liquid_universe-2024-09-12-6134,daily_high_low_midpoint_proxy,13:30:00,59550,27.4,萬旭,08:59:00,0.01,115725222.362,3317527.6,2000,time63,29.775,51,2000,475,sell,2024-12-17,268,30.4,29.15,646139,6134,178,531
41,943622.55,1196.9,odd,20,2024-12-19,0.00992976507629,liquid_universe-2024-09-12-6134,daily_high_low_midpoint_proxy,13:30:00,1225.9,27.4,萬旭,09:00:00,0.01,115725222.362,3317527.6,41,time63,29.9,10,51,476,sell,2024-12-17,6,30.3,29.5,4129,6134,3,29
5000,1004697.55,61075,board,88,2024-12-19,0.00986892099139,liquid_universe-2024-11-12-5488,daily_high_low_midpoint_proxy,13:30:00,61625,11.35,松普,08:59:00,0.01,20568507.6375,1392840.5,5000,loss12,12.325,4060,9000,477,sell,2024-12-12,278,12.5,12.15,506641,5488,184,550
5,1004739.18,41.63,odd,20,2024-12-19,0.00963391136802,liquid_universe-2024-11-12-5488,daily_high_low_midpoint_proxy,13:30:00,62.63,11.35,松普,09:00:00,0.01,20568507.6375,1392840.5,5,loss12,12.525,4055,60,478,sell,2024-12-12,1,12.65,12.4,519,5488,0,21
5000,1312715.18,307976,board,443,2024-12-19,0.00953068977414,liquid_universe-2024-11-19-2545,daily_high_low_midpoint_proxy,13:30:00,310750,56,皇翔,08:59:00,0.01,95764512.485,1316546.3,5000,loss12,62.15,2099,7000,479,sell,2024-12-18,1399,63.3,61,524621,2545,932,2774
31,1314631.08,1915.9,odd,20,2024-12-19,0.00988520408163,liquid_universe-2024-11-19-2545,daily_high_low_midpoint_proxy,13:30:00,1949.9,56,皇翔,09:00:00,0.01,95764512.485,1316546.3,31,loss12,62.9,2068,99,480,sell,2024-12-18,9,63.5,62.3,3136,2545,5,34
24,1314919.83,288.75,odd,20,2024-12-20,0.00405679513185,liquid_universe-2024-09-12-6134,daily_high_low_midpoint_proxy,13:30:00,310.75,26.65,萬旭,09:00:00,0.01,109878770.603,3153507.35,10,time63,31.075,0,10,481,sell,2024-12-17,2,32.55,29.6,2465,6134,0,22
6000,1364076.83,49157,board,71,2024-12-20,0.00661129705384,liquid_universe-2024-11-12-5488,daily_high_low_midpoint_proxy,13:30:00,49600,11.15,松普,08:59:00,0.01,18691125.53,1276867.2,4000,loss12,12.4,55,4000,482,sell,2024-12-12,224,12.6,12.2,605025,5488,148,443
10,1364185.08,108.25,odd,20,2024-12-20,0.00975609756098,liquid_universe-2024-11-12-5488,daily_high_low_midpoint_proxy,13:30:00,129.25,11.15,松普,09:00:00,0.01,18691125.53,1276867.2,10,loss12,12.925,45,55,483,sell,2024-12-12,1,13.55,12.3,1025,5488,0,21
10000,1489457.08,125272,board,180,2024-12-20,0.00198414273129,liquid_universe-2024-11-19-2545,daily_high_low_midpoint_proxy,13:30:00,126400,56.5,皇翔,08:59:00,0.01,84059447.07,1168498.6,2000,loss12,63.2,68,2000,484,sell,2024-12-18,569,64.9,61.5,1007992,2545,379,1128
98,1493675.48,4218.4,odd,20,2024-12-20,0.00687424181156,liquid_universe-2024-11-19-2545,daily_high_low_midpoint_proxy,13:30:00,4270.4,56.5,皇翔,09:00:00,0.01,84059447.07,1168498.6,68,loss12,62.8,0,68,485,sell,2024-12-18,20,63.8,61.8,9892,2545,12,52
24000,1055493.48,-438182,board,621,2024-12-20,0.000419710324328,liquid_universe-2024-12-19-2417,daily_high_low_midpoint_proxy,13:30:00,435600,52.3,圓剛,08:59:00,0.01,110293168.59,2491804.9,9000,leader_entry,48.4,9000,9000,486,buy,2024-12-19,1961,50,46.8,21443361,2417,0,2582
713,1032696.58,-22796.9,odd,32,2024-12-20,0.00655599915949,liquid_universe-2024-12-19-2417,daily_high_low_midpoint_proxy,13:30:00,22662.9,52.3,圓剛,09:00:00,0.01,110293168.59,2491804.9,468,leader_entry,48.425,9468,468,487,buy,2024-12-19,102,49.9,46.95,71385,2417,0,134
8,1032779.98,83.4,odd,20,2024-12-23,0.00911161731207,liquid_universe-2024-11-12-5488,daily_high_low_midpoint_proxy,13:30:00,104.4,11.15,松普,09:00:00,0.01,16907739.0275,1165211.25,8,loss12,13.05,37,45,488,sell,2024-12-12,1,13.35,12.75,878,5488,0,21
340,773361.98,-259418,odd,367,2024-12-23,0.00998971646834,liquid_universe-2024-12-20-2345,daily_high_low_midpoint_proxy,13:30:00,257890,832,智邦,09:00:00,0.01,5240758893.6,7365311.85,340,leader_entry,758.5,340,589,489,buy,2024-12-20,1161,766,751,34035,2345,0,1528
45000,392366.98,-380995,board,540,2024-12-23,0.000168443124,liquid_universe-2024-12-20-5388,daily_high_low_midpoint_proxy,13:30:00,378750,136,中磊,08:59:00,0.01,534042124.925,4522702.5,3000,leader_entry,126.25,3000,3000,490,buy,2024-12-20,1705,130,122.5,17810166,5388,0,2245
1150,316241.48,-76125.5,odd,108,2024-12-23,0.00524138170819,liquid_universe-2024-12-20-5388,daily_high_low_midpoint_proxy,13:30:00,75676.5,136,中磊,09:00:00,0.01,534042124.925,4522702.5,603,leader_entry,125.5,3603,603,491,buy,2024-12-20,341,128,123,115046,5388,0,449
19,316472.66,231.18,odd,20,2024-12-24,0.0098598858329,liquid_universe-2024-11-12-5488,daily_high_low_midpoint_proxy,13:30:00,253.18,11.6,松普,09:00:00,0.01,15815027.1375,1104408.35,19,loss12,13.325,18,37,492,sell,2024-12-12,2,13.8,12.85,1927,5488,0,22
19,316686.46,213.8,odd,20,2024-12-25,0.00916030534351,liquid_universe-2024-11-12-5488,daily_high_low_midpoint_proxy,13:30:00,235.8,11.6,松普,09:00:00,0.01,14620101.675,1031373.5,18,loss12,13.1,0,18,493,sell,2024-12-12,2,13.3,12.9,1965,5488,0,22
564,542285.46,225599,odd,324,2025-03-04,0.00602302922941,liquid_universe-2024-12-20-2345,daily_high_low_midpoint_proxy,13:30:00,227630,591,智邦,09:00:00,0.01,4945834798.85,6877047.8,340,loss12,669.5,0,340,494,sell,2025-03-03,1025,682,657,56450,2345,682,2031
5000,746942.46,204657,board,294,2025-04-01,0.0087066755823,liquid_universe-2024-12-19-2417,daily_high_low_midpoint_proxy,13:30:00,206500,36.25,圓剛,08:59:00,0.01,90659236.115,1917563.9,5000,loss12,41.3,4468,9000,495,sell,2025-03-31,930,41.7,40.9,574272,2417,619,1843
57,749255.71,2313.25,odd,20,2025-04-01,0.00984285960974,liquid_universe-2024-12-19-2417,daily_high_low_midpoint_proxy,13:30:00,2351.25,36.25,圓剛,09:00:00,0.01,90659236.115,1917563.9,57,loss12,41.25,4411,468,496,sell,2025-03-31,11,41.7,40.8,5791,2417,7,38
5000,913476.71,164221,board,236,2025-04-02,0.00730161511726,liquid_universe-2024-12-19-2417,daily_high_low_midpoint_proxy,13:30:00,165700,37.35,圓剛,08:59:00,0.01,86321752.99,1832773.15,4000,loss12,41.425,411,4000,497,sell,2025-03-31,746,41.95,40.9,547824,2417,497,1479
65,916133.21,2656.5,odd,20,2025-04-02,0.0098889396014,liquid_universe-2024-12-19-2417,daily_high_low_midpoint_proxy,13:30:00,2697.5,37.35,圓剛,09:00:00,0.01,86321752.99,1832773.15,65,loss12,41.5,346,411,498,sell,2025-03-31,13,42,41,6573,2417,8,41
22000,1260284.21,344151,board,495,2025-04-02,0.00131957747129,liquid_universe-2024-12-20-5388,daily_high_low_midpoint_proxy,13:30:00,347250,104,中磊,08:59:00,0.01,508790152.875,3968599.2,3000,time63,115.75,603,3000,499,sell,2025-04-01,1563,117.5,114,2273455,5388,1041,3099
201,1283441.46,23157.25,odd,33,2025-04-02,0.00998509687034,liquid_universe-2024-12-20-5388,daily_high_low_midpoint_proxy,13:30:00,23366.25,104,中磊,09:00:00,0.01,508790152.875,3968599.2,201,time63,116.25,402,603,500,sell,2025-04-01,106,117.5,115,20130,5388,70,209
187,1289823.96,6382.5,odd,20,2025-04-08,0.00997226962457,liquid_universe-2024-12-19-2417,daily_high_low_midpoint_proxy,13:30:00,6451.5,34,圓剛,09:00:00,0.01,81230463.895,1735961.15,187,loss12,34.5,159,346,501,sell,2025-03-31,30,35,34,18752,2417,19,69
499,1327633.76,37809.8,odd,54,2025-04-08,0.00804144746054,liquid_universe-2024-12-20-5388,daily_high_low_midpoint_proxy,13:30:00,38149.8,94.5,中磊,09:00:00,0.01,481160282.225,3780414.35,402,time63,94.9,0,402,502,sell,2025-04-01,172,95.3,94.5,49991,5388,114,340
135,1332065.14,4431.38,odd,20,2025-04-09,0.00998299193966,liquid_universe-2024-12-19-2417,daily_high_low_midpoint_proxy,13:30:00,4485.38,31.5,圓剛,09:00:00,0.01,83173558.03,1817378.85,135,loss12,33.225,24,159,503,sell,2025-03-31,21,34.95,31.5,13523,2417,13,54
69,1332870.14,805,odd,20,2025-04-10,0.003432003432,liquid_universe-2024-12-19-2417,daily_high_low_midpoint_proxy,13:30:00,831,28.35,圓剛,09:00:00,0.01,83689087.92,1860139.3,24,loss12,34.625,0,24,504,sell,2025-03-31,4,34.65,34.6,6993,2417,2,26
172,1198570.94,-150873,odd,214,2025-06-11,0.00999535099954,liquid_universe-2025-06-10-4583,daily_high_low_midpoint_proxy,13:30:00,149984,951,台灣精銳,09:00:00,0.01,935936906.3,1196570.9,172,leader_entry,872,172,470,505,buy,2025-06-10,675,878,866,17208,4583,0,889
303,1043734.94,-154836,odd,219,2025-06-11,0.00997169749227,liquid_universe-2025-06-10-6640,daily_high_low_midpoint_proxy,13:30:00,153924,534,均華,09:00:00,0.01,182910829.225,401954.25,303,leader_entry,508,303,837,506,buy,2025-06-10,693,520,496,30386,6640,0,912
130000,682003.94,-361731,board,512,2025-06-11,0.000241856831639,liquid_universe-2025-06-10-6213,daily_high_low_midpoint_proxy,13:30:00,359600,99.3,聯茂,08:59:00,0.01,1124710640.79,13072171.6,4000,leader_entry,89.9,4000,4000,507,buy,2025-06-10,1619,91.5,88.3,16538710,6213,0,2131
736,636616.84,-45387.1,odd,64,2025-06-11,0.00683396057226,liquid_universe-2025-06-10-6213,daily_high_low_midpoint_proxy,13:30:00,45119.1,99.3,聯茂,09:00:00,0.01,1124710640.79,13072171.6,503,leader_entry,89.7,4503,503,508,buy,2025-06-10,204,90.9,88.5,73603,6213,0,268
75,698359.34,57197.5,odd,82,2025-07-11,0.00989184911633,liquid_universe-2025-06-10-4583,daily_high_low_midpoint_proxy,13:30:00,57712.5,684,台灣精銳,09:00:00,0.01,624003537.35,765150.6,75,loss12,769.5,97,172,509,sell,2025-07-10,260,774,765,7582,4583,173,515
111,772238.84,73879.5,odd,106,2025-07-14,0.00872851615225,liquid_universe-2025-06-10-4583,daily_high_low_midpoint_proxy,13:30:00,74544.5,691,台灣精銳,09:00:00,0.01,604377899.15,743249.3,97,loss12,768.5,0,97,510,sell,2025-07-10,336,777,760,11113,4583,223,665
81000,403163.84,-369075,board,523,2025-07-17,0.00026293035619,liquid_universe-2025-07-16-2316,daily_high_low_midpoint_proxy,13:30:00,366900,67.1,楠梓電,08:59:00,0.01,443857616.81,8155238.1,6000,leader_entry,61.15,6000,6000,511,buy,2025-07-16,1652,64.3,58,22819731,2316,0,2175
899,348961.14,-54202.7,odd,77,2025-07-17,0.00977372546839,liquid_universe-2025-07-16-2316,daily_high_low_midpoint_proxy,13:30:00,53882.7,67.1,楠梓電,09:00:00,0.01,443857616.81,8155238.1,879,leader_entry,61.3,6879,879,512,buy,2025-07-16,243,64.4,58.2,89935,2316,0,320
512,572078.54,215012,odd,309,2025-09-08,0.00591450322077,liquid_universe-2025-06-10-6640,daily_high_low_midpoint_proxy,13:30:00,216948,587,均華,09:00:00,0.01,212697342.65,327911.5,303,time63,716,0,303,513,sell,2025-09-05,977,717,715,51230,6640,650,1936
240000,1035901.54,463823,board,667,2025-09-08,0.000166522458218,liquid_universe-2025-06-10-6213,daily_high_low_midpoint_proxy,13:30:00,468000,109.5,聯茂,08:59:00,0.01,3515701004.88,29306991.3,4000,time63,117,503,4000,514,sell,2025-09-05,2106,122.5,111.5,24020784,6213,1404,4177
1899,1093728.54,57827,odd,83,2025-09-08,0.00264834412678,liquid_universe-2025-06-10-6213,daily_high_low_midpoint_proxy,13:30:00,58348,109.5,聯茂,09:00:00,0.01,3515701004.88,29306991.3,503,time63,116,0,503,515,sell,2025-09-05,263,119.5,112.5,189930,6213,175,521
114000,577688.54,-516040,board,731,2025-09-09,0.000160382338665,liquid_universe-2025-09-08-4977,daily_high_low_midpoint_proxy,13:30:00,513000,140,眾達-KY,08:59:00,0.01,1318332903.92,11468078.45,4000,leader_entry,128.25,4000,4000,516,buy,2025-09-08,2309,133,123.5,24940402,4977,0,3040
1326,556098.54,-21590,odd,31,2025-09-09,0.00126638575015,liquid_universe-2025-09-08-4977,daily_high_low_midpoint_proxy,13:30:00,21462,140,眾達-KY,09:00:00,0.01,1318332903.92,11468078.45,168,leader_entry,127.75,4168,168,517,buy,2025-09-08,97,131.5,124,132661,4977,0,128
15000,183402.54,-372696,board,528,2025-09-09,0.000658921700993,liquid_universe-2025-09-08-3363,daily_high_low_midpoint_proxy,13:30:00,370500,420,上詮,08:59:00,0.01,3002914485.45,8544444.85,1000,leader_entry,370.5,1000,1000,518,buy,2025-09-08,1668,375,366,1517631,3363,0,2196
245,109085.79,-74316.75,odd,105,2025-09-09,0.0081138383756,liquid_universe-2025-09-08-3363,daily_high_low_midpoint_proxy,13:30:00,73878.75,420,上詮,09:00:00,0.01,3002914485.45,8544444.85,199,leader_entry,371.25,1199,199,519,buy,2025-09-08,333,373.5,369,24526,3363,0,438
28000,549122.79,440037,board,633,2025-10-15,0.00140250733248,liquid_universe-2025-09-08-4977,daily_high_low_midpoint_proxy,13:30:00,444000,96.8,眾達-KY,08:59:00,0.01,607382700.55,5013120.25,4000,loss12,111,168,4000,520,sell,2025-10-14,1998,113.5,108.5,2852035,4977,1332,3963
209,567562.79,18440,odd,27,2025-10-15,0.00801717967072,liquid_universe-2025-09-08-4977,daily_high_low_midpoint_proxy,13:30:00,18606,96.8,眾達-KY,09:00:00,0.01,607382700.55,5013120.25,168,loss12,110.75,0,168,521,sell,2025-10-14,84,113.5,108,20955,4977,55,166
56000,78154.79,-489408,board,693,2025-10-16,0.000871123333642,liquid_universe-2025-10-15-4973,daily_high_low_midpoint_proxy,13:30:00,486525,40.15,廣穎電通,08:59:00,0.01,185552434.123,5602151,13000,leader_entry,37.425,13000,13000,522,buy,2025-10-15,2190,39.05,35.8,14923260,4973,0,2883
347,65011.24,-13143.55,odd,20,2025-10-16,0.0099939517871,liquid_universe-2025-10-15-4973,daily_high_low_midpoint_proxy,13:30:00,13064.55,40.15,廣穎電通,09:00:00,0.01,185552434.123,5602151,347,leader_entry,37.65,13347,732,523,buy,2025-10-15,59,38.5,36.8,34721,4973,0,79
47000,636762.24,571751,board,822,2025-10-17,0.00126886914153,liquid_universe-2025-07-16-2316,daily_high_low_midpoint_proxy,13:30:00,576900,87.4,楠梓電,08:59:00,0.01,815931596.22,8078792.25,6000,time63,96.15,879,6000,524,sell,2025-10-16,2597,97.8,94.5,4728620,2316,1730,5149
547,688832.59,52070.35,odd,75,2025-10-17,0.00998977281029,liquid_universe-2025-07-16-2316,daily_high_low_midpoint_proxy,13:30:00,52539.35,87.4,楠梓電,09:00:00,0.01,815931596.22,8078792.25,547,time63,96.05,332,879,525,sell,2025-10-16,237,97.3,94.8,54756,2316,157,469
381,721078.59,32246,odd,46,2025-10-20,0.008695879934,liquid_universe-2025-07-16-2316,daily_high_low_midpoint_proxy,13:30:00,32536,85.2,楠梓電,09:00:00,0.01,721758053.57,7200008.75,332,time63,98,0,332,526,sell,2025-10-16,147,100,96,38179,2316,97,290
162000,260112.59,-460966,board,653,2025-10-20,9.31723940483e-05,liquid_universe-2025-10-17-2375,daily_high_low_midpoint_proxy,13:30:00,458250,95.2,凱美,08:59:00,0.01,1268361631.11,16274098.05,5000,leader_entry,91.65,5000,5000,527,buy,2025-10-17,2063,95.2,88.1,53663964,2375,0,2716
2008,207495.84,-52616.75,odd,75,2025-10-20,0.00282296007528,liquid_universe-2025-10-17-2375,daily_high_low_midpoint_proxy,13:30:00,52305.75,95.2,凱美,09:00:00,0.01,1268361631.11,16274098.05,567,leader_entry,92.25,5567,567,528,buy,2025-10-17,236,95.2,89.3,200853,2375,0,311
88000,637374.84,429879,board,618,2025-11-11,0.000566967605512,liquid_universe-2025-10-17-2375,daily_high_low_midpoint_proxy,13:30:00,433750,74.2,凱美,08:59:00,0.01,1677298441.33,17690476.3,5000,loss12,86.75,567,5000,529,sell,2025-11-10,1952,90.5,83,8818846,2375,1301,3871
636,686319.54,48944.7,odd,70,2025-11-11,0.00890305561662,liquid_universe-2025-10-17-2375,daily_high_low_midpoint_proxy,13:30:00,49385.7,74.2,凱美,09:00:00,0.01,1677298441.33,17690476.3,567,loss12,87.1,0,567,530,sell,2025-11-10,223,90.5,83.7,63686,2375,148,441
1877,208675.54,-477644,odd,677,2025-11-12,0.000548490851386,liquid_universe-2025-11-11-6669,daily_high_low_midpoint_proxy,13:30:00,474830,5190,緯穎,09:00:00,0.01,8530492145,2081032.5,103,leader_entry,4610,103,103,531,buy,2025-11-11,2137,4665,4555,187788,6669,0,2814
12000,608871.54,400196,board,575,2025-11-24,0.00943677400735,liquid_universe-2025-10-15-4973,daily_high_low_midpoint_proxy,13:30:00,403800,30.25,廣穎電通,08:59:00,0.01,221602735.278,5786697.35,12000,loss12,33.65,1347,13000,532,sell,2025-11-21,1818,34.3,33,1271621,4973,1211,3604
83,611615.19,2743.65,odd,20,2025-11-24,0.00992822966507,liquid_universe-2025-10-15-4973,daily_high_low_midpoint_proxy,13:30:00,2784.65,30.25,廣穎電通,09:00:00,0.01,221602735.278,5786697.35,83,loss12,33.55,1264,347,533,sell,2025-11-21,13,34,33.1,8360,4973,8,41
12000,645957.19,34342,board,49,2025-11-25,0.000796385683215,liquid_universe-2025-10-15-4973,daily_high_low_midpoint_proxy,13:30:00,34650,29.9,廣穎電通,08:59:00,0.01,211856151.738,5538239.6,1000,loss12,34.65,264,1000,534,sell,2025-11-21,156,35.5,33.8,1255673,4973,103,308
81,648686.39,2729.2,odd,20,2025-11-25,0.0099106815123,liquid_universe-2025-10-15-4973,daily_high_low_midpoint_proxy,13:30:00,2770.2,29.9,廣穎電通,09:00:00,0.01,211856151.738,5538239.6,81,loss12,34.2,183,264,535,sell,2025-11-21,13,34.75,33.65,8173,4973,8,41
92,651729.99,3043.6,odd,20,2025-11-26,0.0099556325073,liquid_universe-2025-10-15-4973,daily_high_low_midpoint_proxy,13:30:00,3086.6,30.6,廣穎電通,09:00:00,0.01,201104000.583,5264553.4,92,loss12,33.55,91,183,536,sell,2025-11-21,14,34.25,32.85,9241,4973,9,43
132000,247347.99,-404382,board,573,2025-11-26,8.73752747079e-05,liquid_universe-2025-11-25-3105,daily_high_low_midpoint_proxy,13:30:00,402000,147,穩懋,08:59:00,0.01,1604621331.42,13215513.35,3000,leader_entry,134,3000,3000,537,buy,2025-11-25,1809,142,126,34334656,3105,0,2382
1584,195196.24,-52151.75,odd,74,2025-11-26,0.00249230225632,liquid_universe-2025-11-25-3105,daily_high_low_midpoint_proxy,13:30:00,51843.75,147,穩懋,09:00:00,0.01,1604621331.42,13215513.35,395,leader_entry,131.25,3395,395,538,buy,2025-11-25,234,136,126.5,158488,3105,0,308
66,197381.14,2184.9,odd,20,2025-11-27,0.00996978851964,liquid_universe-2025-10-15-4973,daily_high_low_midpoint_proxy,13:30:00,2220.9,29.75,廣穎電通,09:00:00,0.01,196247613.298,5132780.95,66,loss12,33.65,25,91,539,sell,2025-11-21,10,34,33.3,6620,4973,6,36
55,198218.27,837.13,odd,20,2025-11-28,0.00450775333574,liquid_universe-2025-10-15-4973,daily_high_low_midpoint_proxy,13:30:00,863.13,30.7,廣穎電通,09:00:00,0.01,180593308.66,4723110.2,25,loss12,34.525,0,25,540,sell,2025-11-21,4,34.95,34.1,5546,4973,2,26
9000,602329.27,404111,board,581,2025-12-11,0.00109691219218,liquid_universe-2025-09-08-3363,daily_high_low_midpoint_proxy,13:30:00,407750,363,上詮,08:59:00,0.01,1850367525.58,4902726.75,1000,time63,407.75,199,1000,541,sell,2025-12-10,1835,410,405.5,911650,3363,1223,3639
261,682895.77,80566.5,odd,116,2025-12-11,0.00762130902685,liquid_universe-2025-09-08-3363,daily_high_low_midpoint_proxy,13:30:00,81291.5,363,上詮,09:00:00,0.01,1850367525.58,4902726.75,199,time63,408.5,0,199,542,sell,2025-12-10,366,410.5,406.5,26111,3363,243,725
19000,215592.77,-467303,board,662,2025-12-12,0.00969350662602,liquid_universe-2025-12-11-6603,daily_high_low_midpoint_proxy,13:30:00,464550,26.65,富強鑫,08:59:00,0.01,69396224.9075,3174936.85,19000,leader_entry,24.45,19000,21000,543,buy,2025-12-11,2091,24.75,24.15,1960075,6603,0,2753
149,211908.99,-3683.78,odd,20,2025-12-12,0.00997456152095,liquid_universe-2025-12-11-6603,daily_high_low_midpoint_proxy,13:30:00,3646.78,26.65,富強鑫,09:00:00,0.01,69396224.9075,3174936.85,149,leader_entry,24.475,19149,604,544,buy,2025-12-11,17,24.8,24.15,14938,6603,0,37
1679,618445.49,406536.5,odd,585,2026-01-14,0.000613124434497,liquid_universe-2025-11-11-6669,daily_high_low_midpoint_proxy,13:30:00,410197.5,3510,緯穎,09:00:00,0.01,7107014348,1651395.25,103,loss12,3982.5,0,103,545,sell,2026-01-13,1846,4005,3960,167992,6669,1230,3661
12000,89831.49,-528614,board,749,2026-01-15,0.00353713353528,liquid_universe-2026-01-14-1713,daily_high_low_midpoint_proxy,13:30:00,525500,57.9,國化,08:59:00,0.01,62434157.62,1239099.55,10000,leader_entry,52.55,10000,10000,546,buy,2026-01-14,2365,53,52.1,2827148,1713,0,3114
128,83028.49,-6803,odd,20,2026-01-15,0.00998517825103,liquid_universe-2026-01-14-1713,daily_high_low_midpoint_proxy,13:30:00,6752,57.9,國化,09:00:00,0.01,62434157.62,1239099.55,128,leader_entry,52.75,10128,618,547,buy,2026-01-14,31,53.1,52.4,12819,1713,0,51
1000,129014.49,45986,board,66,2026-03-05,0.00970195591431,liquid_universe-2026-01-14-1713,daily_high_low_midpoint_proxy,13:30:00,46400,41.1,國化,08:59:00,0.01,17164076.7725,355595.3,1000,loss12,46.4,9128,10000,548,sell,2026-03-04,209,46.7,46.1,103072,1713,139,414
1000,174826.49,45812,board,66,2026-03-06,0.00691271317079,liquid_universe-2026-01-14-1713,daily_high_low_midpoint_proxy,13:30:00,46225,41.85,國化,08:59:00,0.01,16684749.7325,346135.7,1000,loss12,46.225,8128,9000,549,sell,2026-03-04,209,46.5,45.95,144661,1713,138,413
12,175361.69,535.2,odd,20,2026-03-06,0.00936037441498,liquid_universe-2026-01-14-1713,daily_high_low_midpoint_proxy,13:30:00,559.2,41.85,國化,09:00:00,0.01,16684749.7325,346135.7,12,loss12,46.6,8116,128,550,sell,2026-03-04,3,47.3,45.9,1282,1713,1,24
1000,219191.69,43830,board,63,2026-03-09,0.0053470788908,liquid_universe-2026-01-14-1713,daily_high_low_midpoint_proxy,13:30:00,44225,41.5,國化,08:59:00,0.01,16380005.3775,340397.45,1000,loss12,44.225,7116,8000,551,sell,2026-03-04,200,44.8,43.65,187018,1713,132,395
30,220525.69,1334,odd,20,2026-03-09,0.00994694960212,liquid_universe-2026-01-14-1713,daily_high_low_midpoint_proxy,13:30:00,1365,41.5,國化,09:00:00,0.01,16380005.3775,340397.45,30,loss12,45.5,7086,116,552,sell,2026-03-04,7,47,44,3016,1713,4,31
79000,1024783.69,804258,board,1156,2026-03-10,0.000377169905613,liquid_universe-2025-11-25-3105,daily_high_low_midpoint_proxy,13:30:00,811500,242.5,穩懋,08:59:00,0.01,6357930433.12,23228147.85,3000,time63,270.5,395,3000,553,sell,2026-03-06,3652,281,260,7953975,3105,2434,7242
2550,1130678.19,105894.5,odd,152,2026-03-10,0.00154901353328,liquid_universe-2025-11-25-3105,daily_high_low_midpoint_proxy,13:30:00,106847.5,242.5,穩懋,09:00:00,0.01,6357930433.12,23228147.85,395,time63,270.5,0,395,554,sell,2026-03-06,481,279.5,261.5,255001,3105,320,953
1000,1175747.19,45069,board,65,2026-03-10,0.00568133397722,liquid_universe-2026-01-14-1713,daily_high_low_midpoint_proxy,13:30:00,45475,40.1,國化,08:59:00,0.01,14154819.3975,297228.1,1000,loss12,45.475,6086,7000,555,sell,2026-03-04,205,46.35,44.6,176015,1713,136,406
18,1176536.14,788.95,odd,20,2026-03-10,0.00951877313591,liquid_universe-2026-01-14-1713,daily_high_low_midpoint_proxy,13:30:00,814.95,40.1,國化,09:00:00,0.01,14154819.3975,297228.1,18,loss12,45.275,6068,86,556,sell,2026-03-04,4,46.05,44.5,1891,1713,2,26
2000,1267220.14,90684,board,130,2026-03-11,0.00642419609216,liquid_universe-2026-01-14-1713,daily_high_low_midpoint_proxy,13:30:00,91500,40.5,國化,08:59:00,0.01,13346968.5075,281559.65,2000,loss12,45.75,4068,6000,557,sell,2026-03-04,412,46.5,45,311323,1713,274,816
25,1268337.39,1117.25,odd,20,2026-03-11,0.00973899493572,liquid_universe-2026-01-14-1713,daily_high_low_midpoint_proxy,13:30:00,1146.25,40.5,國化,09:00:00,0.01,13346968.5075,281559.65,25,loss12,45.85,4043,68,558,sell,2026-03-04,6,46.45,45.25,2567,1713,3,29
78000,778451.39,-489886,board,694,2026-03-11,0.000227925994253,liquid_universe-2026-03-10-5340,daily_high_low_midpoint_proxy,13:30:00,487000,126.5,建榮,08:59:00,0.01,824957531.405,7825851.6,4000,leader_entry,121.75,4000,4000,559,buy,2026-03-10,2192,126,117.5,17549556,5340,0,2886
1706,660878.39,-117573,odd,167,2026-03-11,0.005625714202,liquid_universe-2026-03-10-5340,daily_high_low_midpoint_proxy,13:30:00,116880,126.5,建榮,09:00:00,0.01,824957531.405,7825851.6,960,leader_entry,121.75,4960,960,560,buy,2026-03-10,526,125,118.5,170645,5340,0,693
2000,753047.39,92169,board,133,2026-03-12,0.00882215419361,liquid_universe-2026-01-14-1713,daily_high_low_midpoint_proxy,13:30:00,93000,41.6,國化,08:59:00,0.01,13217501.1475,279482.9,2000,loss12,46.5,2043,4000,561,sell,2026-03-04,419,47.2,45.8,226702,1713,279,831
37,754737.67,1690.28,odd,20,2026-03-12,0.01,liquid_universe-2026-01-14-1713,daily_high_low_midpoint_proxy,13:30:00,1723.28,41.6,國化,09:00:00,0.01,13217501.1475,279482.9,37,loss12,46.575,2006,43,562,sell,2026-03-04,8,47.05,46.1,3700,1713,5,33
2000,849235.67,94498,board,136,2026-03-13,0.00420521446594,liquid_universe-2026-01-14-1713,daily_high_low_midpoint_proxy,13:30:00,95350,42.25,國化,08:59:00,0.01,12931847.8325,273826.95,2000,loss12,47.675,6,2000,563,sell,2026-03-04,430,48.45,46.9,475600,1713,286,852
35,849500.17,264.5,odd,20,2026-03-13,0.00167691447736,liquid_universe-2026-01-14-1713,daily_high_low_midpoint_proxy,13:30:00,286.5,42.25,國化,09:00:00,0.01,12931847.8325,273826.95,6,loss12,47.75,0,6,564,sell,2026-03-04,2,48.5,47,3578,1713,0,22
41000,300969.17,-548531,board,777,2026-03-16,0.00460576360409,liquid_universe-2026-03-13-1529,daily_high_low_midpoint_proxy,13:30:00,545300,31.7,樂事綠能,08:59:00,0.01,124669829.53,4701111.1,19000,leader_entry,28.7,19000,19000,565,buy,2026-03-13,2454,29.4,28,4125266,1529,0,3231
158,296413.32,-4555.85,odd,20,2026-03-16,0.00994210923735,liquid_universe-2026-03-13-1529,daily_high_low_midpoint_proxy,13:30:00,4514.85,31.7,樂事綠能,09:00:00,0.01,124669829.53,4701111.1,158,leader_entry,28.575,19158,605,566,buy,2026-03-13,21,29.05,28.1,15892,1529,0,41
9000,698194.32,401781,board,578,2026-03-24,0.00407802484944,liquid_universe-2026-03-10-5340,daily_high_low_midpoint_proxy,13:30:00,405400,92.7,建榮,08:59:00,0.01,551662881.925,4808562.3,4000,loss12,101.35,960,4000,567,sell,2026-03-23,1825,106.5,96.2,980867,5340,1216,3619
325,731354.07,33159.75,odd,48,2026-03-24,0.00997973346435,liquid_universe-2026-03-10-5340,daily_high_low_midpoint_proxy,13:30:00,33458.75,92.7,建榮,09:00:00,0.01,551662881.925,4808562.3,325,loss12,102.95,635,960,568,sell,2026-03-23,151,106,99.9,32566,5340,100,299
7000,885194.07,153840,board,221,2026-03-25,0.00967072560836,liquid_universe-2025-12-11-6603,daily_high_low_midpoint_proxy,13:30:00,155225,19.8,富強鑫,08:59:00,0.01,23576706.3375,1004101.1,7000,time63,22.175,12149,19000,569,sell,2026-03-24,699,22.6,21.75,723834,6603,465,1385
64,886580.67,1386.6,odd,20,2026-03-25,0.0098628448143,liquid_universe-2025-12-11-6603,daily_high_low_midpoint_proxy,13:30:00,1417.6,19.8,富強鑫,09:00:00,0.01,23576706.3375,1004101.1,64,time63,22.15,12085,149,570,sell,2026-03-24,7,22.55,21.75,6489,6603,4,31
234,910814.67,24234,odd,35,2026-03-25,0.00997825252654,liquid_universe-2026-03-10-5340,daily_high_low_midpoint_proxy,13:30:00,24453,89.3,建榮,09:00:00,0.01,543666824.045,4730267.45,234,loss12,104.5,401,635,571,sell,2026-03-23,111,107,102,23451,5340,73,219
6000,1063638.67,152824,board,220,2026-03-25,0.00907903756149,liquid_universe-2026-03-13-1529,daily_high_low_midpoint_proxy,13:30:00,154200,22.7,樂事綠能,08:59:00,0.01,140725810.65,5207354.85,6000,loss12,25.7,13158,19000,572,sell,2026-03-24,694,25.95,25.45,660863,1529,462,1376
45,1064767.3,1128.63,odd,20,2026-03-25,0.00994255413168,liquid_universe-2026-03-13-1529,daily_high_low_midpoint_proxy,13:30:00,1157.63,22.7,樂事綠能,09:00:00,0.01,140725810.65,5207354.85,45,loss12,25.725,13113,158,573,sell,2026-03-24,6,26,25.45,4526,1529,3,29
35000,619644.3,-445123,board,631,2026-03-25,0.00039112224471,liquid_universe-2026-03-24-4739,daily_high_low_midpoint_proxy,13:30:00,442500,95.5,康普,08:59:00,0.01,283087823.17,3519810.15,5000,leader_entry,88.5,5000,5000,574,buy,2026-03-24,1992,92,85,12783727,4739,0,2623
1360,560285.6,-59358.7,odd,84,2026-03-25,0.00495500793978,liquid_universe-2026-03-24-4739,daily_high_low_midpoint_proxy,13:30:00,59008.7,95.5,康普,09:00:00,0.01,283087823.17,3519810.15,674,leader_entry,87.55,5674,674,575,buy,2026-03-24,266,90,85.1,136024,4739,0,350
8000,736300.6,176015,board,253,2026-03-26,0.00960417589568,liquid_universe-2025-12-11-6603,daily_high_low_midpoint_proxy,13:30:00,177600,19.65,富強鑫,08:59:00,0.01,22269042.3975,957747.8,8000,time63,22.2,4085,12000,576,sell,2026-03-24,800,22.65,21.75,832971,6603,532,1585
8,736456.8,156.2,odd,20,2026-03-26,0.00953516090584,liquid_universe-2025-12-11-6603,daily_high_low_midpoint_proxy,13:30:00,177.2,19.65,富強鑫,09:00:00,0.01,22269042.3975,957747.8,8,time63,22.15,4077,85,577,sell,2026-03-24,1,22.5,21.8,839,6603,0,21
218,759737.3,23280.5,odd,33,2026-03-26,0.00996207101403,liquid_universe-2026-03-10-5340,daily_high_low_midpoint_proxy,13:30:00,23489.5,94.5,建榮,09:00:00,0.01,529641654.17,4604225.25,218,loss12,107.75,183,401,578,sell,2026-03-23,106,109,106.5,21883,5340,70,209
9000,986966.3,227229,board,327,2026-03-26,0.00907205022287,liquid_universe-2026-03-13-1529,daily_high_low_midpoint_proxy,13:30:00,229275,23.05,樂事綠能,08:59:00,0.01,140059155.215,5179160.75,9000,loss12,25.475,4113,13000,579,sell,2026-03-24,1032,25.95,25,992058,1529,687,2046
60,988463.8,1497.5,odd,20,2026-03-26,0.00995355009954,liquid_universe-2026-03-13-1529,daily_high_low_midpoint_proxy,13:30:00,1528.5,23.05,樂事綠能,09:00:00,0.01,140059155.215,5179160.75,60,loss12,25.475,4053,113,580,sell,2026-03-24,7,25.85,25.1,6028,1529,4,31
8000,1073497.8,85034,board,122,2026-03-27,0.00460167869239,liquid_universe-2025-12-11-6603,daily_high_low_midpoint_proxy,13:30:00,85800,19.6,富強鑫,08:59:00,0.01,21357355.0425,925059.2,4000,time63,21.45,77,4000,581,sell,2026-03-24,387,21.7,21.2,869248,6603,257,766
21,1073935.8,438,odd,20,2026-03-27,0.0097312326228,liquid_universe-2025-12-11-6603,daily_high_low_midpoint_proxy,13:30:00,462,19.6,富強鑫,09:00:00,0.01,21357355.0425,925059.2,21,time63,22,56,77,582,sell,2026-03-24,3,22.65,21.35,2158,6603,1,24
153,1089782.3,15846.5,odd,23,2026-03-27,0.00996028904368,liquid_universe-2026-03-10-5340,daily_high_low_midpoint_proxy,13:30:00,15988.5,94.5,建榮,09:00:00,0.01,521319979.82,4528212.45,153,loss12,104.5,30,183,583,sell,2026-03-23,72,107.5,101.5,15361,5340,47,142
12000,1186511.3,96729,board,139,2026-03-27,0.00331837850753,liquid_universe-2026-03-13-1529,daily_high_low_midpoint_proxy,13:30:00,97600,22.5,樂事綠能,08:59:00,0.01,128414411.825,4743459.85,4000,loss12,24.4,53,4000,584,sell,2026-03-24,440,24.7,24.1,1205408,1529,292,871
74,1187776.83,1265.53,odd,20,2026-03-27,0.00715442764579,liquid_universe-2026-03-13-1529,daily_high_low_midpoint_proxy,13:30:00,1294.53,22.5,樂事綠能,09:00:00,0.01,128414411.825,4743459.85,53,loss12,24.425,0,53,585,sell,2026-03-24,6,24.6,24.25,7408,1529,3,29
44,1188716.73,939.9,odd,20,2026-03-30,0.00991661032229,liquid_universe-2025-12-11-6603,daily_high_low_midpoint_proxy,13:30:00,966.9,19.4,富強鑫,09:00:00,0.01,21089280.0025,919945.4,44,time63,21.975,12,56,586,sell,2026-03-24,5,22.3,21.65,4437,6603,2,27
258,1191845.23,3128.5,odd,20,2026-03-30,0.00116040691603,liquid_universe-2026-03-10-5340,daily_high_low_midpoint_proxy,13:30:00,3172.5,96.3,建榮,09:00:00,0.01,512917345.67,4452609.45,30,loss12,105.75,0,30,587,sell,2026-03-23,15,108,103.5,25853,5340,9,44
1048000,726805.23,-465040,board,659,2026-03-30,5.23000279666e-05,liquid_universe-2026-03-27-2367,daily_high_low_midpoint_proxy,13:30:00,462300,86,燿華,08:59:00,0.01,7666470578.96,104869353.2,6000,leader_entry,77.05,6000,6000,588,buy,2026-03-27,2081,78.6,75.5,114722692,2367,0,2740
6252,692801.23,-34004,odd,48,2026-03-30,0.00070209557136,liquid_universe-2026-03-27-2367,daily_high_low_midpoint_proxy,13:30:00,33803,86,燿華,09:00:00,0.01,7666470578.96,104869353.2,439,leader_entry,77,6439,439,589,buy,2026-03-27,153,78.2,75.8,625271,2367,0,201
208000,232439.23,-460362,board,652,2026-03-30,0.000148850226274,liquid_universe-2026-03-27-2355,daily_high_low_midpoint_proxy,13:30:00,457650,55.5,敬鵬,08:59:00,0.01,956659385.833,20889595.15,9000,leader_entry,50.85,9000,9000,590,buy,2026-03-27,2060,53,48.7,60463462,2355,0,2712
3229,182265.23,-50174,odd,71,2026-03-30,0.00302797627156,liquid_universe-2026-03-27-2355,daily_high_low_midpoint_proxy,13:30:00,49878,55.5,敬鵬,09:00:00,0.01,956659385.833,20889595.15,978,leader_entry,51,9978,978,591,buy,2026-03-27,225,53,49,322988,2355,0,296
32,182500.33,235.1,odd,20,2026-03-31,0.0036496350365,liquid_universe-2025-12-11-6603,daily_high_low_midpoint_proxy,13:30:00,257.1,19.45,富強鑫,09:00:00,0.01,20616032.6325,908957.6,12,time63,21.425,0,12,592,sell,2026-03-24,2,21.85,21,3288,6603,0,22
882000,580317.33,397817,board,572,2026-04-21,6.80011653586e-05,liquid_universe-2026-03-27-2367,daily_high_low_midpoint_proxy,13:30:00,401400,59.1,燿華,08:59:00,0.01,8377849979.62,112989635.05,6000,loss12,66.9,439,6000,593,sell,2026-04-20,1807,70.5,63.3,88233782,2367,1204,3583
7896,609577.08,29259.75,odd,42,2026-04-21,0.000555956587262,liquid_universe-2026-03-27-2367,daily_high_low_midpoint_proxy,13:30:00,29522.75,59.1,燿華,09:00:00,0.01,8377849979.62,112989635.05,439,loss12,67.25,0,439,594,sell,2026-04-20,133,71,63.5,789630,2367,88,263
35000,95196.08,-514381,board,729,2026-04-22,0.00151007250721,liquid_universe-2026-04-21-3162,daily_high_low_midpoint_proxy,13:30:00,511350,76.3,精確,08:59:00,0.01,231702686.34,3596848.1,7000,leader_entry,73.05,7000,7000,595,buy,2026-04-21,2302,76.3,69.8,4635539,3162,0,3031
723,78141.33,-17054.75,odd,24,2026-04-22,0.00311147373225,liquid_universe-2026-04-21-3162,daily_high_low_midpoint_proxy,13:30:00,16953.75,76.3,精確,09:00:00,0.01,231702686.34,3596848.1,225,leader_entry,75.35,7225,225,596,buy,2026-04-21,77,76.3,74.4,72313,3162,0,101
42000,626949.33,548808,board,789,2026-06-26,0.00118815504473,liquid_universe-2026-03-24-4739,daily_high_low_midpoint_proxy,13:30:00,553750,102.5,康普,08:59:00,0.01,840842153.595,7062715.6,5000,time63,110.75,674,5000,597,sell,2026-06-25,2492,116,105.5,4208205,4739,1661,4942
544,686659.33,59710,odd,86,2026-06-26,0.00998275039454,liquid_universe-2026-03-24-4739,daily_high_low_midpoint_proxy,13:30:00,60248,102.5,康普,09:00:00,0.01,840842153.595,7062715.6,544,time63,110.75,130,674,598,sell,2026-06-25,272,116,105.5,54494,4739,180,538
375,700283.83,13624.5,odd,20,2026-06-29,0.00345983925055,liquid_universe-2026-03-24-4739,daily_high_low_midpoint_proxy,13:30:00,13747.5,95.4,康普,09:00:00,0.01,839271000.775,7030003.25,130,time63,105.75,0,130,599,sell,2026-06-25,62,108,103.5,37574,4739,41,123
12000,144006.83,-556277,board,788,2026-06-30,0.000192607159401,liquid_universe-2026-06-29-5434,daily_high_low_midpoint_proxy,13:30:00,553000,592,崇越,08:59:00,0.01,584048243.1,1206680.35,1000,leader_entry,553,1000,1000,600,buy,2026-06-29,2489,587,519,5191915,5434,0,3277
739,142277.83,-1729,odd,20,2026-06-30,4.05487598838e-05,liquid_universe-2026-06-29-5434,daily_high_low_midpoint_proxy,13:30:00,1701,592,崇越,09:00:00,0.01,584048243.1,1206680.35,3,leader_entry,567,1003,3,601,buy,2026-06-29,8,589,545,73985,5434,0,28
54000,619926.83,477649,board,687,2026-07-01,0.00166115378943,liquid_universe-2026-03-27-2355,daily_high_low_midpoint_proxy,13:30:00,481950,48.8,敬鵬,08:59:00,0.01,821094831.385,14224550.2,9000,time63,53.55,978,9000,602,sell,2026-06-30,2169,55,52.1,5417921,2355,1445,4301
868,665821.63,45894.8,odd,66,2026-07-01,0.00999194198227,liquid_universe-2026-03-27-2355,daily_high_low_midpoint_proxy,13:30:00,46307.8,48.8,敬鵬,09:00:00,0.01,821094831.385,14224550.2,868,time63,53.35,110,978,603,sell,2026-06-30,209,54.4,52.3,86870,2355,138,413
383,671506.13,5684.5,odd,20,2026-07-02,0.00286966503183,liquid_universe-2026-03-27-2355,daily_high_low_midpoint_proxy,13:30:00,5747.5,46.9,敬鵬,09:00:00,0.01,785098304.535,13661665.7,110,time63,52.25,0,110,604,sell,2026-06-30,26,52.9,51.6,38332,2355,17,63
606000,154309.13,-517197,board,733,2026-07-02,0.000214301358285,liquid_universe-2026-07-01-2890,daily_high_low_midpoint_proxy,13:30:00,514150,44,永豐金,08:59:00,0.01,2491575168.72,67457070.55,13000,leader_entry,39.55,13000,13000,605,buy,2026-07-01,2314,39.9,39.2,60662238,2890,0,3047
1381,136041.43,-18267.7,odd,26,2026-07-02,0.00331485314766,liquid_universe-2026-07-01-2890,daily_high_low_midpoint_proxy,13:30:00,18159.7,44,永豐金,09:00:00,0.01,2491575168.72,67457070.55,458,leader_entry,39.65,13458,458,606,buy,2026-07-01,82,39.9,39.4,138166,2890,0,108
6000,541911.34,400196,board,575,2026-07-23,0.00930869012767,liquid_universe-2026-04-21-3162,daily_high_low_midpoint_proxy,13:30:00,403800,60.9,精確,08:59:00,0.01,87646087.695,1108549.15,6000,time63,67.3,1225,7000,607,sell,2026-07-22,1818,68.5,66.1,644559,3162,1211,3604
75,546900.84,4989.5,odd,20,2026-07-23,0.00992194734753,liquid_universe-2026-04-21-3162,daily_high_low_midpoint_proxy,13:30:00,5047.5,60.9,精確,09:00:00,0.01,87646087.695,1108549.15,75,time63,67.3,1150,225,608,sell,2026-07-22,23,68.3,66.3,7559,3162,15,58
6000,612162.84,65262,board,94,2026-07-24,0.00148506764483,liquid_universe-2026-04-21-3162,daily_high_low_midpoint_proxy,13:30:00,65850,60.3,精確,08:59:00,0.01,85607430.71,1090177.5,1000,time63,65.85,150,1000,609,sell,2026-07-22,297,67.7,64,673370,3162,197,588
104,618950.64,6787.8,odd,20,2026-07-24,0.00991609458429,liquid_universe-2026-04-21-3162,daily_high_low_midpoint_proxy,13:30:00,6858.8,60.3,精確,09:00:00,0.01,85607430.71,1090177.5,104,time63,65.95,46,150,610,sell,2026-07-22,31,67.3,64.6,10488,3162,20,71
90,621859.54,2908.9,odd,20,2026-07-27,0.00507838374917,liquid_universe-2026-04-21-3162,daily_high_low_midpoint_proxy,13:30:00,2950.9,59,精確,09:00:00,0.01,84419142.8,1082611.8,46,time63,64.15,0,46,611,sell,2026-07-22,14,65.5,62.8,9058,3162,8,42
23000,185790.54,-436069,board,618,2026-07-27,0.0021738780724,liquid_universe-2026-07-24-9921,daily_high_low_midpoint_proxy,13:30:00,433500,97.5,巨大,08:59:00,0.01,243137661.78,2940617.9,5000,leader_entry,86.7,5000,5000,612,buy,2026-07-24,1951,88.7,84.7,2300037,9921,0,2569
391,151728.94,-34061.6,odd,48,2026-07-27,0.01,liquid_universe-2026-07-24-9921,daily_high_low_midpoint_proxy,13:30:00,33860.6,97.5,巨大,09:00:00,0.01,243137661.78,2940617.9,391,leader_entry,86.6,5391,901,613,buy,2026-07-24,153,88.4,84.8,39100,9921,0,201
