capacity_qty,cash_after,cash_change,channel,commission,date,day_participation,event_id,execution_evidence,expires_at,gross,limit_price,name,order_time,participation_limit,prior_avg_amount20,prior_avg_volume20,qty,reason,reference_price,remaining_shares,requested_qty,sequence,side,signal_date,slippage,source_high,source_low,source_volume,stock_id,tax,total_cost
56000,739415,-260585,board,369,2019-02-22,0.000701074139058,liquid_universe-2019-02-21-6188,daily_high_low_midpoint_proxy,13:30:00,259050,47.65,廣明,08:59:00,0.01,204300690.805,5623364.9,6000,leader_entry,43.175,6000,6000,1,buy,2019-02-21,1166,44.05,42.3,8558296,6188,0,1535
12,738873.6,-541.4,odd,20,2019-02-22,0.00925925925926,liquid_universe-2019-02-21-6188,after_hours_single_auction_proxy,14:30:00,518.4,47.65,廣明,13:40:00,0.01,204300690.805,5623364.9,12,leader_entry,43.2,6012,954,2,buy,2019-02-21,3,43.2,43.2,1296,6188,0,23
56000,441471.6,-297402,board,421,2019-02-22,0.00112262546472,liquid_universe-2019-02-21-3049,daily_high_low_midpoint_proxy,13:30:00,295650,10.9,精金,08:59:00,0.01,51436623.7895,5682439.3,30000,leader_entry,9.855,30000,30000,3,buy,2019-02-21,1331,10.15,9.56,26723071,3049,0,1752
90,440579.1,-892.5,odd,20,2019-02-22,0.0099217285856,liquid_universe-2019-02-21-3049,after_hours_single_auction_proxy,14:30:00,868.5,10.9,精金,13:40:00,0.01,51436623.7895,5682439.3,90,leader_entry,9.65,30090,399,4,buy,2019-02-21,4,9.65,9.65,9071,3049,0,24
22000,140008.1,-300571,board,426,2019-02-22,0.00224251197221,liquid_universe-2019-02-21-3356,daily_high_low_midpoint_proxy,13:30:00,298800,41.05,奇偶,08:59:00,0.01,74394521.845,2216203.85,8000,leader_entry,37.35,8000,8000,5,buy,2019-02-21,1345,38.35,36.35,3567428,3356,0,1771
24,139110.5,-897.6,odd,20,2019-02-22,0.00988467874794,liquid_universe-2019-02-21-3356,after_hours_single_auction_proxy,14:30:00,873.6,41.05,奇偶,13:40:00,0.01,74394521.845,2216203.85,24,leader_entry,36.4,8024,71,6,buy,2019-02-21,4,36.4,36.4,2428,3356,0,24
4000,259822.5,120712,board,174,2019-05-09,0.00596997104564,liquid_universe-2019-02-21-3356,daily_high_low_midpoint_proxy,13:30:00,121800,28.2,奇偶,08:59:00,0.01,16334686.64,485982.85,4000,loss12,30.45,4024,8000,7,sell,2019-05-08,549,31.4,29.5,670020,3356,365,1088
10,260100,277.5,odd,20,2019-05-09,0.00980392156863,liquid_universe-2019-02-21-3356,after_hours_single_auction_proxy,14:30:00,299.5,28.2,奇偶,13:40:00,0.01,16334686.64,485982.85,10,loss12,29.95,4014,24,8,sell,2019-05-08,2,29.95,29.95,1020,3356,0,22
4000,377047,116947,board,168,2019-05-10,0.00576534193522,liquid_universe-2019-02-21-3356,daily_high_low_midpoint_proxy,13:30:00,118000,26.95,奇偶,08:59:00,0.01,16631430.22,499457.25,4000,loss12,29.5,14,4000,9,sell,2019-05-08,531,30.3,28.7,693801,3356,354,1053
8,377257.8,210.8,odd,20,2019-05-10,0.00998751560549,liquid_universe-2019-02-21-3356,after_hours_single_auction_proxy,14:30:00,232.8,26.95,奇偶,13:40:00,0.01,16631430.22,499457.25,8,loss12,29.1,6,14,10,sell,2019-05-08,2,29.1,29.1,801,3356,0,22
8,377406.9,149.1,odd,20,2019-05-13,0.00680272108844,liquid_universe-2019-02-21-3356,after_hours_single_auction_proxy,14:30:00,170.1,26.2,奇偶,13:40:00,0.01,16326671.0875,495887.05,6,loss12,28.35,0,6,11,sell,2019-05-08,1,28.35,28.35,882,3356,0,21
103000,127937.9,-249469,board,353,2019-05-13,8.97448070514e-05,liquid_universe-2019-05-10-3227,daily_high_low_midpoint_proxy,13:30:00,248000,133,原相,08:59:00,0.01,1106869131.36,10331302.25,2000,leader_entry,124,2000,2000,12,buy,2019-05-10,1116,126.5,121.5,22285412,3227,0,1469
84,117454.9,-10483,odd,20,2019-05-13,0.00998573466476,liquid_universe-2019-05-10-3227,after_hours_single_auction_proxy,14:30:00,10416,133,原相,13:40:00,0.01,1106869131.36,10331302.25,84,leader_entry,124,2084,718,13,buy,2019-05-10,47,124,124,8412,3227,0,67
72000,355757.9,238303,board,343,2019-05-29,0.000824162465498,liquid_universe-2019-02-21-6188,daily_high_low_midpoint_proxy,13:30:00,240450,37.05,廣明,08:59:00,0.01,621999021.655,12848375.2,6000,time63,40.075,12,6000,14,sell,2019-05-28,1083,40.6,39.55,7280118,6188,721,2147
1,355777.4,19.5,odd,20,2019-05-29,0.00847457627119,liquid_universe-2019-02-21-6188,after_hours_single_auction_proxy,14:30:00,40.5,37.05,廣明,13:40:00,0.01,621999021.655,12848375.2,1,time63,40.5,11,12,15,sell,2019-05-28,1,40.5,40.5,118,6188,0,21
355000,757906.4,402129,board,578,2019-05-29,0.000645113066387,liquid_universe-2019-02-21-3049,daily_high_low_midpoint_proxy,13:30:00,405750,12.25,精金,08:59:00,0.01,489535782.363,35542043.95,30000,time63,13.525,90,30000,16,sell,2019-05-28,1826,13.75,13.3,46503476,3049,1217,3621
64,758731.6,825.2,odd,20,2019-05-29,0.00988264360716,liquid_universe-2019-02-21-3049,after_hours_single_auction_proxy,14:30:00,851.2,12.25,精金,13:40:00,0.01,489535782.363,35542043.95,64,time63,13.3,26,90,17,sell,2019-05-28,4,13.3,13.3,6476,3049,2,26
15,759158.6,427,odd,20,2019-05-30,0.00700190961171,liquid_universe-2019-02-21-6188,after_hours_single_auction_proxy,14:30:00,451,36.1,廣明,13:40:00,0.01,596527691.485,12506959.15,11,time63,41,0,11,18,sell,2019-05-28,3,41,41,1571,6188,1,24
66,759486.6,328,odd,20,2019-05-30,0.00390507659958,liquid_universe-2019-02-21-3049,after_hours_single_auction_proxy,14:30:00,351,12.1,精金,13:40:00,0.01,494457493.01,36123987.3,26,time63,13.5,0,26,19,sell,2019-05-28,2,13.5,13.5,6658,3049,1,23
78000,448277.6,-311209,board,441,2019-05-31,0.000530699827108,liquid_universe-2019-05-30-2520,daily_high_low_midpoint_proxy,13:30:00,309375,30.8,冠德,08:59:00,0.01,192779430.032,7856790.75,11000,leader_entry,28.125,11000,11000,20,buy,2019-05-30,1393,28.95,27.3,20727348,2520,0,1834
23,447606,-671.6,odd,20,2019-05-31,0.00979557069847,liquid_universe-2019-05-30-2520,after_hours_single_auction_proxy,14:30:00,648.6,30.8,冠德,13:40:00,0.01,192779430.032,7856790.75,23,leader_entry,28.2,11023,29,21,buy,2019-05-30,3,28.2,28.2,2348,2520,0,23
100000,148846,-298760,board,423,2019-05-31,0.000581001416365,liquid_universe-2019-05-30-2801,daily_high_low_midpoint_proxy,13:30:00,297000,21.45,彰銀,08:59:00,0.01,189750668.73,10091167.45,15000,leader_entry,19.8,15000,15000,22,buy,2019-05-30,1337,20.1,19.5,25817493,2801,0,1760
524,138377.6,-10468.4,odd,20,2019-05-31,0.00998228335207,liquid_universe-2019-05-30-2801,after_hours_single_auction_proxy,14:30:00,10401.4,21.45,彰銀,13:40:00,0.01,189750668.73,10091167.45,524,leader_entry,19.85,15524,837,23,buy,2019-05-30,47,19.85,19.85,52493,2801,0,67
41000,379907.92,219523,board,316,2019-08-12,0.000285684900982,liquid_universe-2019-05-10-3227,daily_high_low_midpoint_proxy,13:30:00,221500,103.5,原相,08:59:00,0.01,460854046.85,4124989.8,2000,time63,110.75,84,2000,24,sell,2019-08-08,997,113.5,108,7000720,3227,664,1977
7,380651.92,744,odd,20,2019-08-12,0.00972222222222,liquid_universe-2019-05-10-3227,after_hours_single_auction_proxy,14:30:00,770,103.5,原相,13:40:00,0.01,460854046.85,4124989.8,7,time63,110,77,84,25,sell,2019-08-08,4,110,110,720,3227,2,26
7,381388.92,737,odd,20,2019-08-13,0.00897435897436,liquid_universe-2019-05-10-3227,after_hours_single_auction_proxy,14:30:00,763,97.7,原相,13:40:00,0.01,471802479.85,4238951.8,7,time63,109,70,77,26,sell,2019-08-08,4,109,109,780,3227,2,26
66000,84941.92,-296447,board,420,2019-08-13,0.000350484597529,liquid_universe-2019-08-12-2421,daily_high_low_midpoint_proxy,13:30:00,294700,46.95,建準,08:59:00,0.01,250865323.637,6640192.7,7000,leader_entry,42.1,7000,7000,27,buy,2019-08-12,1327,43.2,41,19972347,2421,0,1747
43,83115.52,-1826.4,odd,20,2019-08-13,0.0098918794571,liquid_universe-2019-08-12-2421,after_hours_single_auction_proxy,14:30:00,1797.4,46.95,建準,13:40:00,0.01,250865323.637,6640192.7,43,leader_entry,41.8,7043,257,28,buy,2019-08-12,9,41.8,41.8,4347,2421,0,29
8,83937.52,822,odd,20,2019-08-14,0.00984009840098,liquid_universe-2019-05-10-3227,after_hours_single_auction_proxy,14:30:00,848,96.8,原相,13:40:00,0.01,459926705.725,4146430.05,8,time63,106,62,70,29,sell,2019-08-08,4,106,106,813,3227,2,26
14,85369.52,1432,odd,20,2019-08-15,0.00953029271613,liquid_universe-2019-05-10-3227,after_hours_single_auction_proxy,14:30:00,1463,94.1,原相,13:40:00,0.01,471169850.3,4267678.6,14,time63,104.5,48,62,30,sell,2019-08-08,7,104.5,104.5,1469,3227,4,31
22,87620.52,2251,odd,20,2019-08-16,0.00973451327434,liquid_universe-2019-05-10-3227,after_hours_single_auction_proxy,14:30:00,2288,91.8,原相,13:40:00,0.01,469694529.5,4271476.5,22,time63,104,26,48,31,sell,2019-08-08,11,104,104,2260,3227,6,37
20,89704.52,2084,odd,20,2019-08-19,0.00969932104753,liquid_universe-2019-05-10-3227,after_hours_single_auction_proxy,14:30:00,2120,92.7,原相,13:40:00,0.01,473112294.1,4314818.3,20,time63,106,6,26,32,sell,2019-08-08,10,106,106,2062,3227,6,36
14,90334.52,630,odd,20,2019-08-20,0.00423728813559,liquid_universe-2019-05-10-3227,after_hours_single_auction_proxy,14:30:00,654,94.5,原相,13:40:00,0.01,478233624.1,4370455.65,6,time63,109,0,6,33,sell,2019-08-08,3,109,109,1416,3227,1,24
37000,411120.52,320786,board,461,2019-08-30,0.00296890076449,liquid_universe-2019-05-30-2520,daily_high_low_midpoint_proxy,13:30:00,323675,26.5,冠德,08:59:00,0.01,218619589.297,7615705.3,11000,time63,29.425,23,11000,34,sell,2019-08-29,1457,29.7,29.15,3705075,2520,971,2889
51000,710301.52,299181,board,430,2019-08-30,0.00289962484654,liquid_universe-2019-05-30-2801,daily_high_low_midpoint_proxy,13:30:00,301875,18.1,彰銀,08:59:00,0.01,168215541.085,8239409.55,15000,time63,20.125,524,15000,35,sell,2019-08-29,1359,20.2,20.05,5173083,2801,905,2694
120,712669.52,2368,odd,20,2019-08-30,0.00993130844989,liquid_universe-2019-05-30-2801,after_hours_single_auction_proxy,14:30:00,2406,18.1,彰銀,13:40:00,0.01,168215541.085,8239409.55,120,time63,20.05,404,524,36,sell,2019-08-29,11,20.05,20.05,12083,2801,7,38
9,712919.32,249.8,odd,20,2019-09-02,0.00957446808511,liquid_universe-2019-05-30-2520,after_hours_single_auction_proxy,14:30:00,271.8,26.5,冠德,13:40:00,0.01,222358765.545,7732804,9,time63,30.2,14,23,37,sell,2019-08-29,2,30.2,30.2,940,2520,0,22
114,715173.72,2254.4,odd,20,2019-09-02,0.00996155190493,liquid_universe-2019-05-30-2801,after_hours_single_auction_proxy,14:30:00,2291.4,18.2,彰銀,13:40:00,0.01,163653097.87,8045996.4,114,time63,20.1,290,404,38,sell,2019-08-29,11,20.1,20.1,11444,2801,6,37
321000,440177.72,-274996,board,390,2019-09-02,0.000169239705666,liquid_universe-2019-08-30-2367,daily_high_low_midpoint_proxy,13:30:00,273375,32.85,燿華,08:59:00,0.01,820324076.933,32137212.2,9000,leader_entry,30.375,9000,9000,39,buy,2019-08-30,1231,31.1,29.65,53179010,2367,0,1621
810,414918.72,-25259,odd,36,2019-09-02,0.0099987655845,liquid_universe-2019-08-30-2367,after_hours_single_auction_proxy,14:30:00,25110,32.85,燿華,13:40:00,0.01,820324076.933,32137212.2,810,leader_entry,31,9810,988,40,buy,2019-08-30,113,31,31,81010,2367,0,149
18000,99862.72,-315056,board,446,2019-09-02,0.00065209963039,liquid_universe-2019-08-30-3218,daily_high_low_midpoint_proxy,13:30:00,313200,54,大學光,08:59:00,0.01,79723327.2525,1812011,6000,leader_entry,52.2,6000,6000,41,buy,2019-08-30,1410,54,50.4,9201048,3218,0,1856
60,96641.72,-3221,odd,20,2019-09-02,0.00992063492063,liquid_universe-2019-08-30-3218,after_hours_single_auction_proxy,14:30:00,3186,54,大學光,13:40:00,0.01,79723327.2525,1812011,60,leader_entry,53.1,6060,76,42,buy,2019-08-30,15,53.1,53.1,6048,3218,0,35
3,96716.72,75,odd,20,2019-09-03,0.009375,liquid_universe-2019-05-30-2520,after_hours_single_auction_proxy,14:30:00,96,26.65,冠德,13:40:00,0.01,213167138.433,7368379.35,3,time63,32,11,14,43,sell,2019-08-29,1,32,32,320,2520,0,21
100,98685.72,1969,odd,20,2019-09-03,0.00992555831266,liquid_universe-2019-05-30-2801,after_hours_single_auction_proxy,14:30:00,2005,18.25,彰銀,13:40:00,0.01,149413617.92,7382047.8,100,time63,20.05,190,290,44,sell,2019-08-29,10,20.05,20.05,10075,2801,6,36
93,100511.72,1826,odd,20,2019-09-04,0.00990309871153,liquid_universe-2019-05-30-2801,after_hours_single_auction_proxy,14:30:00,1860,18.05,彰銀,13:40:00,0.01,131106020.755,6523238.2,93,time63,20,97,190,45,sell,2019-08-29,9,20,20,9391,2801,5,34
3,100580.12,68.4,odd,20,2019-09-05,0.00849858356941,liquid_universe-2019-05-30-2520,after_hours_single_auction_proxy,14:30:00,89.4,26.85,冠德,13:40:00,0.01,184490972.297,6290408.85,3,time63,29.8,8,11,46,sell,2019-08-29,1,29.8,29.8,353,2520,0,21
93,102415.42,1835.3,odd,20,2019-09-05,0.00991788418471,liquid_universe-2019-05-30-2801,after_hours_single_auction_proxy,14:30:00,1869.3,18.15,彰銀,13:40:00,0.01,118876704.188,5909850.35,93,time63,20.1,4,97,47,sell,2019-08-29,9,20.1,20.1,9377,2801,5,34
3,112420.12,65.7,odd,20,2019-09-06,0.00872093023256,liquid_universe-2019-05-30-2520,after_hours_single_auction_proxy,14:30:00,86.7,26.6,冠德,13:40:00,0.01,172808714.655,5863685.1,3,time63,28.9,5,8,48,sell,2019-08-29,1,28.9,28.9,344,2520,0,21
496,118726.32,6306.2,odd,20,2019-09-06,0.00631854311299,liquid_universe-2019-05-30-2801,after_hours_single_auction_proxy,14:30:00,6374.2,18.2,彰銀,13:40:00,0.01,113447453.162,5638491.25,314,time63,20.3,0,314,49,sell,2019-08-29,29,20.3,20.3,49695,2801,19,68
3,118792.32,66,odd,20,2019-09-09,0.00892857142857,liquid_universe-2019-05-30-2520,after_hours_single_auction_proxy,14:30:00,87,25.75,冠德,13:40:00,0.01,169205745.395,5738469.1,3,time63,29,2,5,50,sell,2019-08-29,1,29,29,336,2520,0,21
5,118828.62,36.3,odd,20,2019-09-11,0.00393700787402,liquid_universe-2019-05-30-2520,after_hours_single_auction_proxy,14:30:00,57.3,25.9,冠德,13:40:00,0.01,155644410.808,5270804.85,2,time63,28.65,0,2,51,sell,2019-08-29,1,28.65,28.65,508,2520,0,21
38000,381586.62,262758,board,378,2019-10-07,0.000798179057104,liquid_universe-2019-08-12-2421,daily_high_low_midpoint_proxy,13:30:00,265125,33,建準,08:59:00,0.01,148250449.338,3839502.2,7000,loss12,37.875,43,7000,52,sell,2019-10-04,1194,39.05,36.7,8769962,2421,795,2367
9,381914.62,328,odd,20,2019-10-07,0.00935550935551,liquid_universe-2019-08-12-2421,after_hours_single_auction_proxy,14:30:00,351,33,建準,13:40:00,0.01,148250449.338,3839502.2,9,loss12,39,34,43,53,sell,2019-10-04,2,39,39,962,2421,1,23
3,382007.62,93,odd,20,2019-10-08,0.00817438692098,liquid_universe-2019-08-12-2421,after_hours_single_auction_proxy,14:30:00,114,34.8,建準,13:40:00,0.01,158771685.403,4111935.3,3,loss12,38,31,34,54,sell,2019-10-04,1,38,38,367,2421,0,21
69000,156176.62,-225831,board,320,2019-10-08,7.64352086253e-05,liquid_universe-2019-10-07-3324,daily_high_low_midpoint_proxy,13:30:00,224500,245,雙鴻,08:59:00,0.01,1317460381.55,6929417.05,1000,leader_entry,224.5,1000,1000,55,buy,2019-10-07,1011,228.5,220.5,13082976,3324,0,1331
39,147341.62,-8835,odd,20,2019-10-08,0.00980885311871,liquid_universe-2019-10-07-3324,after_hours_single_auction_proxy,14:30:00,8775,245,雙鴻,13:40:00,0.01,1317460381.55,6929417.05,39,leader_entry,225,1039,418,56,buy,2019-10-07,40,225,225,3976,3324,0,60
5,147505.87,164.25,odd,20,2019-10-09,0.00998003992016,liquid_universe-2019-08-12-2421,after_hours_single_auction_proxy,14:30:00,185.25,33.85,建準,13:40:00,0.01,163324976.82,4236302.2,5,loss12,37.05,26,31,57,sell,2019-10-04,1,37.05,37.05,501,2421,0,21
8,147780.67,274.8,odd,20,2019-10-15,0.0093023255814,liquid_universe-2019-08-12-2421,after_hours_single_auction_proxy,14:30:00,296.8,33,建準,13:40:00,0.01,158441446.912,4122524.8,8,loss12,37.1,18,26,58,sell,2019-10-04,2,37.1,37.1,860,2421,0,22
14,148280.97,500.3,odd,20,2019-10-16,0.00952380952381,liquid_universe-2019-08-12-2421,after_hours_single_auction_proxy,14:30:00,524.3,33.25,建準,13:40:00,0.01,152337835.733,3961545.25,14,loss12,37.45,4,18,59,sell,2019-10-04,3,37.45,37.45,1470,2421,1,24
9,148411.97,131,odd,20,2019-10-17,0.00403225806452,liquid_universe-2019-08-12-2421,after_hours_single_auction_proxy,14:30:00,152,33.75,建準,13:40:00,0.01,151190972.028,3935716.45,4,loss12,38,0,4,60,sell,2019-10-04,1,38,38,992,2421,0,21
119000,439416.97,291005,board,418,2019-12-04,0.00075490201917,liquid_universe-2019-08-30-2367,daily_high_low_midpoint_proxy,13:30:00,293625,29.25,燿華,08:59:00,0.01,781408425.815,22603347.8,9000,time63,32.625,810,9000,61,sell,2019-12-03,1322,32.9,32.35,11922077,2367,880,2620
40,440697.97,1281,odd,20,2019-12-04,0.00981113563895,liquid_universe-2019-08-30-2367,after_hours_single_auction_proxy,14:30:00,1310,29.25,燿華,13:40:00,0.01,781408425.815,22603347.8,40,time63,32.75,770,810,62,sell,2019-12-03,6,32.75,32.75,4077,2367,3,29
17000,839109.97,398412,board,573,2019-12-04,0.00344574106404,liquid_universe-2019-08-30-3218,daily_high_low_midpoint_proxy,13:30:00,402000,60.3,大學光,08:59:00,0.01,205952005.11,3029176.7,6000,time63,67,60,6000,63,sell,2019-12-03,1809,67.8,66.2,1741280,3218,1206,3588
2,839223.77,113.8,odd,20,2019-12-04,0.00714285714286,liquid_universe-2019-08-30-3218,after_hours_single_auction_proxy,14:30:00,134.8,60.3,大學光,13:40:00,0.01,205952005.11,3029176.7,2,time63,67.4,58,60,64,sell,2019-12-03,1,67.4,67.4,280,3218,0,21
43,840598.87,1375.1,odd,20,2019-12-05,0.00979945305378,liquid_universe-2019-08-30-2367,after_hours_single_auction_proxy,14:30:00,1406.1,29.45,燿華,13:40:00,0.01,768871406.72,22262913.2,43,time63,32.7,727,770,65,sell,2019-12-03,7,32.7,32.7,4388,2367,4,31
624000,511157.87,-329441,board,467,2019-12-05,8.76062757754e-05,liquid_universe-2019-12-04-2303,daily_high_low_midpoint_proxy,13:30:00,327500,17.4,聯電,08:59:00,0.01,934582765.748,62440765.05,20000,leader_entry,16.375,20000,20000,66,buy,2019-12-04,1474,16.7,16.05,228294147,2303,0,1941
941,509214.87,-1943,odd,20,2019-12-05,0.00123211573391,liquid_universe-2019-12-04-2303,after_hours_single_auction_proxy,14:30:00,1914,17.4,聯電,13:40:00,0.01,934582765.748,62440765.05,116,leader_entry,16.5,20116,116,67,buy,2019-12-04,9,16.5,16.5,94147,2303,0,29
41000,209548.87,-299666,board,425,2019-12-05,0.00208077523212,liquid_universe-2019-12-04-2520,daily_high_low_midpoint_proxy,13:30:00,297900,36.4,冠德,08:59:00,0.01,128263301.205,4107954.3,9000,leader_entry,33.1,9000,9000,68,buy,2019-12-04,1341,33.45,32.75,4325311,2520,0,1766
3,209428.42,-120.45,odd,20,2019-12-05,0.0096463022508,liquid_universe-2019-12-04-2520,after_hours_single_auction_proxy,14:30:00,99.45,36.4,冠德,13:40:00,0.01,128263301.205,4107954.3,3,leader_entry,33.15,9003,616,69,buy,2019-12-04,1,33.15,33.15,311,2520,0,21
52,211095.82,1667.4,odd,20,2019-12-06,0.00996741422273,liquid_universe-2019-08-30-2367,after_hours_single_auction_proxy,14:30:00,1700.4,29.35,燿華,13:40:00,0.01,745369154.495,21612086.3,52,time63,32.7,675,727,70,sell,2019-12-03,8,32.7,32.7,5217,2367,5,33
3,211274.92,179.1,odd,20,2019-12-06,0.00854700854701,liquid_universe-2019-08-30-3218,after_hours_single_auction_proxy,14:30:00,200.1,59.6,大學光,13:40:00,0.01,191487364.51,2820328.45,3,time63,66.7,55,58,71,sell,2019-12-03,1,66.7,66.7,351,3218,0,21
69,213525.27,2250.35,odd,20,2019-12-09,0.00994093070163,liquid_universe-2019-08-30-2367,after_hours_single_auction_proxy,14:30:00,2287.35,29.45,燿華,13:40:00,0.01,694555912.35,20163498.25,69,time63,33.15,606,675,72,sell,2019-12-03,11,33.15,33.15,6941,2367,6,37
77,215988.77,2463.5,odd,20,2019-12-10,0.0098730606488,liquid_universe-2019-08-30-2367,after_hours_single_auction_proxy,14:30:00,2502.5,29.85,燿華,13:40:00,0.01,678309721.058,19695455.3,77,time63,32.5,529,606,73,sell,2019-12-03,12,32.5,32.5,7799,2367,7,39
14,216941.77,953,odd,20,2019-12-10,0.00964851826327,liquid_universe-2019-08-30-3218,after_hours_single_auction_proxy,14:30:00,980,59.4,大學光,13:40:00,0.01,182548444.165,2686367.3,14,time63,70,41,55,74,sell,2019-12-03,5,70,70,1451,3218,2,27
93,219894.37,2952.6,odd,20,2019-12-11,0.00990415335463,liquid_universe-2019-08-30-2367,after_hours_single_auction_proxy,14:30:00,2994.6,29.25,燿華,13:40:00,0.01,674378506.913,19637500.35,93,time63,32.2,436,529,75,sell,2019-12-03,14,32.2,32.2,9390,2367,8,42
4,220145.97,251.6,odd,20,2019-12-11,0.00961538461538,liquid_universe-2019-08-30-3218,after_hours_single_auction_proxy,14:30:00,273.6,62.4,大學光,13:40:00,0.01,185363953,2724318.65,4,time63,68.4,37,41,76,sell,2019-12-03,2,68.4,68.4,416,3218,0,22
114,223746.97,3601,odd,20,2019-12-12,0.00999473961073,liquid_universe-2019-08-30-2367,after_hours_single_auction_proxy,14:30:00,3648,29,燿華,13:40:00,0.01,631250863.402,18436749,114,time63,32,322,436,77,sell,2019-12-03,17,32,32,11406,2367,10,47
3,223929.97,183,odd,20,2019-12-12,0.00955414012739,liquid_universe-2019-08-30-3218,after_hours_single_auction_proxy,14:30:00,204,61.1,大學光,13:40:00,0.01,190335719.26,2796684.6,3,time63,68,34,37,78,sell,2019-12-03,1,68,68,314,3218,0,21
78,226333.37,2403.4,odd,20,2019-12-13,0.00996677740864,liquid_universe-2019-08-30-2367,after_hours_single_auction_proxy,14:30:00,2441.4,28.8,燿華,13:40:00,0.01,615242576.252,18025588.25,78,time63,31.3,244,322,79,sell,2019-12-03,11,31.3,31.3,7826,2367,7,38
6,226710.57,377.2,odd,20,2019-12-13,0.01,liquid_universe-2019-08-30-3218,after_hours_single_auction_proxy,14:30:00,400.2,60.8,大學光,13:40:00,0.01,176511793.21,2572998.3,6,time63,66.7,28,34,80,sell,2019-12-03,2,66.7,66.7,600,3218,1,23
86,229464.57,2754,odd,20,2019-12-16,0.00993071593533,liquid_universe-2019-08-30-2367,after_hours_single_auction_proxy,14:30:00,2795,28.2,燿華,13:40:00,0.01,588937779.192,17379212.7,86,time63,32.5,158,244,81,sell,2019-12-03,13,32.5,32.5,8660,2367,8,41
10,230118.57,654,odd,20,2019-12-16,0.00954198473282,liquid_universe-2019-08-30-3218,after_hours_single_auction_proxy,14:30:00,680,59.7,大學光,13:40:00,0.01,176004323.18,2561757,10,time63,68,18,28,82,sell,2019-12-03,4,68,68,1048,3218,2,26
110,233581.57,3463,odd,20,2019-12-17,0.00997732426304,liquid_universe-2019-08-30-2367,after_hours_single_auction_proxy,14:30:00,3509,29.3,燿華,13:40:00,0.01,575053181.803,17055956.05,110,time63,31.9,48,158,83,sell,2019-12-03,16,31.9,31.9,11025,2367,10,46
4,233831.17,249.6,odd,20,2019-12-17,0.01,liquid_universe-2019-08-30-3218,after_hours_single_auction_proxy,14:30:00,271.6,61.2,大學光,13:40:00,0.01,177351267.57,2577244.75,4,time63,67.9,14,18,84,sell,2019-12-03,2,67.9,67.9,400,3218,0,22
65,235324.17,1493,odd,20,2019-12-18,0.00736874424317,liquid_universe-2019-08-30-2367,after_hours_single_auction_proxy,14:30:00,1524,28.75,燿華,13:40:00,0.01,561341301.652,16772835.8,48,time63,31.75,0,48,85,sell,2019-12-03,7,31.75,31.75,6514,2367,4,31
7,235769.17,445,odd,20,2019-12-18,0.00994318181818,liquid_universe-2019-08-30-3218,after_hours_single_auction_proxy,14:30:00,469,60.9,大學光,13:40:00,0.01,174265563.83,2528082.15,7,time63,67,7,14,86,sell,2019-12-03,3,67,67,704,3218,1,24
6,236149.37,380.2,odd,20,2019-12-19,0.00931677018634,liquid_universe-2019-08-30-3218,after_hours_single_auction_proxy,14:30:00,403.2,59.9,大學光,13:40:00,0.01,173250606.655,2510991.8,6,time63,67.2,1,7,87,sell,2019-12-03,2,67.2,67.2,644,3218,1,23
2,236196.37,47,odd,20,2019-12-20,0.00396825396825,liquid_universe-2019-08-30-3218,after_hours_single_auction_proxy,14:30:00,68,60.2,大學光,13:40:00,0.01,167457576.49,2423750.75,1,time63,68,0,1,88,sell,2019-12-03,1,68,68,252,3218,0,21
59000,421031.37,184835,board,266,2020-01-08,0.0001566939335,liquid_universe-2019-10-07-3324,daily_high_low_midpoint_proxy,13:30:00,186500,171,雙鴻,08:59:00,0.01,1271466876.4,5944844.1,1000,loss12,186.5,39,1000,89,sell,2020-01-07,840,192,181,6381868,3324,559,1665
18,424414.37,3383,odd,20,2020-01-08,0.00963597430407,liquid_universe-2019-10-07-3324,after_hours_single_auction_proxy,14:30:00,3429,171,雙鴻,13:40:00,0.01,1271466876.4,5944844.1,18,loss12,190.5,21,39,90,sell,2020-01-07,16,190.5,190.5,1868,3324,10,46
7,425734.37,1320,odd,20,2020-01-09,0.00944669365722,liquid_universe-2019-10-07-3324,after_hours_single_auction_proxy,14:30:00,1351,171,雙鴻,13:40:00,0.01,1293955448.9,6092858.1,7,loss12,193,14,21,91,sell,2020-01-07,7,193,193,741,3324,4,31
26000,142263.37,-283471,board,402,2020-01-09,0.000405623853035,liquid_universe-2020-01-08-8996,daily_high_low_midpoint_proxy,13:30:00,281800,77.9,高力,08:59:00,0.01,163563863.037,2658021.3,4000,leader_entry,70.45,4000,4000,92,buy,2020-01-08,1269,72.2,68.7,9861353,8996,0,1671
73,137065.57,-5197.8,odd,20,2020-01-09,0.00992792057664,liquid_universe-2020-01-08-8996,after_hours_single_auction_proxy,14:30:00,5153.8,77.9,高力,13:40:00,0.01,163563863.037,2658021.3,73,leader_entry,70.6,4073,344,93,buy,2020-01-08,24,70.6,70.6,7353,8996,0,44
6,138176.57,1111,odd,20,2020-01-10,0.00886262924668,liquid_universe-2019-10-07-3324,after_hours_single_auction_proxy,14:30:00,1140,172,雙鴻,13:40:00,0.01,1286039097.85,6078116.55,6,loss12,190,8,14,94,sell,2020-01-07,6,190,190,677,3324,3,29
17,139681.57,1505,odd,20,2020-01-13,0.00459770114943,liquid_universe-2019-10-07-3324,after_hours_single_auction_proxy,14:30:00,1536,168,雙鴻,13:40:00,0.01,1278984794.62,6069131.5,8,loss12,192,0,8,95,sell,2020-01-07,7,192,192,1740,3324,4,31
16000,389209.57,249528,board,359,2020-01-31,0.00307276827401,liquid_universe-2019-12-04-2520,daily_high_low_midpoint_proxy,13:30:00,251775,25.3,冠德,08:59:00,0.01,49924069.365,1605565.45,9000,loss12,27.975,3,9000,96,sell,2020-01-30,1133,28.5,27.45,2928955,2520,755,2247
9,389273.32,63.75,odd,20,2020-01-31,0.00314136125654,liquid_universe-2019-12-04-2520,after_hours_single_auction_proxy,14:30:00,84.75,25.3,冠德,13:40:00,0.01,49924069.365,1605565.45,3,loss12,28.25,0,3,97,sell,2020-01-30,1,28.25,28.25,955,2520,0,21
25000,129115.32,-260158,board,369,2020-02-03,0.000785286865292,liquid_universe-2020-01-31-3178,daily_high_low_midpoint_proxy,13:30:00,258625,55,公準,08:59:00,0.01,115137384.552,2595433.7,5000,leader_entry,51.725,5000,5000,98,buy,2020-01-31,1164,54.3,49.15,6367100,3178,0,1533
1,129040.32,-75,odd,20,2020-02-03,0.01,liquid_universe-2020-01-31-3178,after_hours_single_auction_proxy,14:30:00,54,55,公準,13:40:00,0.01,115137384.552,2595433.7,1,leader_entry,54,5001,932,99,buy,2020-01-31,1,54,54,100,3178,0,21
7000,358226.32,229186,board,330,2020-02-12,0.00676498444054,liquid_universe-2020-01-31-3178,daily_high_low_midpoint_proxy,13:30:00,231250,41.1,公準,08:59:00,0.01,137049040.857,2900019.75,5000,loss12,46.25,1,5000,100,sell,2020-02-11,1041,46.9,45.6,739100,3178,693,2064
1,358250.97,24.65,odd,20,2020-02-12,0.01,liquid_universe-2020-01-31-3178,after_hours_single_auction_proxy,14:30:00,45.65,41.1,公準,13:40:00,0.01,137049040.857,2900019.75,1,loss12,45.65,0,1,101,sell,2020-02-11,1,45.65,45.65,100,3178,0,21
42000,70555.97,-287695,board,408,2020-02-13,0.00170418797999,liquid_universe-2020-02-12-4707,daily_high_low_midpoint_proxy,13:30:00,286000,14.5,磐亞,08:59:00,0.01,50067863.2835,4232867.85,22000,leader_entry,13,22000,22000,102,buy,2020-02-12,1287,13.5,12.5,12909374,4707,0,1695
133,68858.82,-1697.15,odd,20,2020-02-13,0.00994466876028,liquid_universe-2020-02-12-4707,after_hours_single_auction_proxy,14:30:00,1669.15,14.5,磐亞,13:40:00,0.01,50067863.2835,4232867.85,133,leader_entry,12.55,22133,816,103,buy,2020-02-12,8,12.55,12.55,13374,4707,0,28
66000,296012.82,227154,board,327,2020-03-12,0.000594409725138,liquid_universe-2020-01-08-8996,daily_high_low_midpoint_proxy,13:30:00,229200,54.7,高力,08:59:00,0.01,499475923,6605185.05,4000,loss12,57.3,73,4000,104,sell,2020-03-11,1032,59.9,54.7,6729365,8996,687,2046
13,296714.82,702,odd,20,2020-03-12,0.00952380952381,liquid_universe-2020-01-08-8996,after_hours_single_auction_proxy,14:30:00,728,54.7,高力,13:40:00,0.01,499475923,6605185.05,13,loss12,56,60,73,105,sell,2020-03-11,4,56,56,1365,8996,2,26
641000,573720.82,277006,board,398,2020-03-13,9.43822829882e-05,liquid_universe-2019-12-04-2303,daily_high_low_midpoint_proxy,13:30:00,279500,12.95,聯電,08:59:00,0.01,995029987.227,64127580.85,20000,loss12,13.975,116,20000,106,sell,2020-03-12,1258,14.3,13.65,211904177,2303,838,2494
291,575312.82,1592,odd,20,2020-03-13,0.00397573431127,liquid_universe-2019-12-04-2303,after_hours_single_auction_proxy,14:30:00,1624,12.95,聯電,13:40:00,0.01,995029987.227,64127580.85,116,loss12,14,0,116,107,sell,2020-03-12,8,14,14,29177,2303,4,32
1,575350.32,37.5,odd,20,2020-03-13,0.00793650793651,liquid_universe-2020-01-08-8996,after_hours_single_auction_proxy,14:30:00,58.5,49.95,高力,13:40:00,0.01,498886072.215,6680271.5,1,loss12,58.5,59,60,108,sell,2020-03-11,1,58.5,58.5,126,8996,0,21
4,575568.32,218,odd,20,2020-03-16,0.01,liquid_universe-2020-01-08-8996,after_hours_single_auction_proxy,14:30:00,240,49.8,高力,13:40:00,0.01,504530470.005,6841314.8,4,loss12,60,55,59,109,sell,2020-03-11,2,60,60,400,8996,0,22
5,575771.32,203,odd,20,2020-03-17,0.00915750915751,liquid_universe-2020-01-08-8996,after_hours_single_auction_proxy,14:30:00,225,44.85,高力,13:40:00,0.01,499226501.505,6842531.05,5,loss12,45,50,55,110,sell,2020-03-11,2,45,45,546,8996,0,22
12,576284.92,513.6,odd,20,2020-03-18,0.0093023255814,liquid_universe-2020-01-08-8996,after_hours_single_auction_proxy,14:30:00,537.6,40.4,高力,13:40:00,0.01,502108217.055,6987805.8,12,loss12,44.8,38,50,111,sell,2020-03-11,3,44.8,44.8,1290,8996,1,24
11,576708.62,423.7,odd,20,2020-03-20,0.00948275862069,liquid_universe-2020-01-08-8996,after_hours_single_auction_proxy,14:30:00,447.7,36.05,高力,13:40:00,0.01,396848102.217,5808952,11,loss12,40.7,27,38,112,sell,2020-03-11,3,40.7,40.7,1160,8996,1,24
69000,833446.62,256738,board,369,2020-03-20,0.00315485143733,liquid_universe-2020-02-12-4707,daily_high_low_midpoint_proxy,13:30:00,259050,9.9,磐亞,08:59:00,0.01,156927762.483,11259188.6,22000,loss12,11.775,133,22000,113,sell,2020-03-19,1166,12.1,11.45,6973387,4707,777,2312
23,833697.17,250.55,odd,20,2020-03-20,0.00963552576456,liquid_universe-2020-02-12-4707,after_hours_single_auction_proxy,14:30:00,272.55,9.9,磐亞,13:40:00,0.01,156927762.483,11259188.6,23,loss12,11.85,110,133,114,sell,2020-03-19,2,11.85,11.85,2387,4707,0,22
2,833752.57,55.4,odd,20,2020-03-23,0.00913242009132,liquid_universe-2020-01-08-8996,after_hours_single_auction_proxy,14:30:00,76.4,36.4,高力,13:40:00,0.01,344238650.667,5333764.65,2,loss12,38.2,25,27,115,sell,2020-03-11,1,38.2,38.2,219,8996,0,21
28,834063.77,311.2,odd,20,2020-03-23,0.00988002822865,liquid_universe-2020-02-12-4707,after_hours_single_auction_proxy,14:30:00,333.2,10.8,磐亞,13:40:00,0.01,156870995.042,11286585.25,28,loss12,11.9,82,110,116,sell,2020-03-19,2,11.9,11.9,2834,4707,0,22
4,834209.37,145.6,odd,20,2020-03-24,0.00990099009901,liquid_universe-2020-01-08-8996,after_hours_single_auction_proxy,14:30:00,166.6,34.15,高力,13:40:00,0.01,297306207.002,4866372.65,4,loss12,41.65,21,25,117,sell,2020-03-11,1,41.65,41.65,404,8996,0,21
14,834360.57,151.2,odd,20,2020-03-24,0.00961538461538,liquid_universe-2020-02-12-4707,after_hours_single_auction_proxy,14:30:00,172.2,10.8,磐亞,13:40:00,0.01,146541694.142,10580232.95,14,loss12,12.3,68,82,118,sell,2020-03-19,1,12.3,12.3,1456,4707,0,21
1,834384.07,23.5,odd,20,2020-03-25,0.00549450549451,liquid_universe-2020-01-08-8996,after_hours_single_auction_proxy,14:30:00,44.5,37.45,高力,13:40:00,0.01,274878909.123,4655455.95,1,loss12,44.5,20,21,119,sell,2020-03-11,1,44.5,44.5,182,8996,0,21
18,834580.87,196.8,odd,20,2020-03-25,0.00968262506724,liquid_universe-2020-02-12-4707,after_hours_single_auction_proxy,14:30:00,217.8,11.1,磐亞,13:40:00,0.01,136845941.275,9924503.9,18,loss12,12.1,50,68,120,sell,2020-03-19,1,12.1,12.1,1859,4707,0,21
18,835414.37,833.5,odd,20,2020-03-26,0.00968262506724,liquid_universe-2020-01-08-8996,after_hours_single_auction_proxy,14:30:00,859.5,39.15,高力,13:40:00,0.01,250104485.118,4466464.8,18,loss12,47.75,2,20,121,sell,2020-03-11,4,47.75,47.75,1859,8996,2,26
18,835607.57,193.2,odd,20,2020-03-26,0.00973499188751,liquid_universe-2020-02-12-4707,after_hours_single_auction_proxy,14:30:00,214.2,10.9,磐亞,13:40:00,0.01,134895291.17,9801440.85,18,loss12,11.9,32,50,122,sell,2020-03-19,1,11.9,11.9,1849,4707,0,21
5,835691.57,84,odd,20,2020-03-27,0.00399201596806,liquid_universe-2020-01-08-8996,after_hours_single_auction_proxy,14:30:00,105,43,高力,13:40:00,0.01,241752068.755,4467583.5,2,loss12,52.5,0,2,123,sell,2020-03-11,1,52.5,52.5,501,8996,0,21
24,835950.37,258.8,odd,20,2020-03-27,0.00987654320988,liquid_universe-2020-02-12-4707,after_hours_single_auction_proxy,14:30:00,280.8,10.75,磐亞,13:40:00,0.01,138288280.385,10110741.5,24,loss12,11.7,8,32,124,sell,2020-03-19,2,11.7,11.7,2430,4707,0,22
6,835999.87,49.5,odd,20,2020-03-30,0.00986842105263,liquid_universe-2020-02-12-4707,after_hours_single_auction_proxy,14:30:00,70.5,10.5,磐亞,13:40:00,0.01,133407493.36,9782113,6,loss12,11.75,2,8,125,sell,2020-03-19,1,11.75,11.75,608,4707,0,21
2,836001.87,2,odd,20,2020-03-31,0.00985221674877,liquid_universe-2020-02-12-4707,after_hours_single_auction_proxy,14:30:00,23,10.55,磐亞,13:40:00,0.01,115417449.93,8571853.05,2,loss12,11.5,0,2,126,sell,2020-03-19,1,11.5,11.5,203,4707,0,21
10000,592165.87,-243836,board,345,2020-06-04,0.000723436148079,liquid_universe-2020-06-03-3693,daily_high_low_midpoint_proxy,13:30:00,242400,83.6,營邦,08:59:00,0.01,65551668.92,1088972.55,3000,leader_entry,80.8,3000,3000,127,buy,2020-06-03,1091,83.6,78,4146876,3693,0,1436
8,591482.87,-683,odd,20,2020-06-04,0.00913242009132,liquid_universe-2020-06-03-3693,after_hours_single_auction_proxy,14:30:00,660,83.6,營邦,13:40:00,0.01,65551668.92,1088972.55,8,leader_entry,82.5,3008,313,128,buy,2020-06-03,3,82.5,82.5,876,3693,0,23
97000,352876.87,-238606,board,338,2020-06-04,0.00125729229531,liquid_universe-2020-06-03-1309,daily_high_low_midpoint_proxy,13:30:00,237200,16.6,台達化,08:59:00,0.01,123919952.13,9737080.75,16000,leader_entry,14.825,16000,16000,129,buy,2020-06-03,1068,15.35,14.3,12725760,1309,0,1406
77,351726.67,-1150.2,odd,20,2020-06-04,0.00992268041237,liquid_universe-2020-06-03-1309,after_hours_single_auction_proxy,14:30:00,1124.2,16.6,台達化,13:40:00,0.01,123919952.13,9737080.75,77,leader_entry,14.6,16077,688,130,buy,2020-06-03,6,14.6,14.6,7760,1309,0,26
39000,138973.67,-212753,board,301,2020-06-04,0.000401969381992,liquid_universe-2020-06-03-3556,daily_high_low_midpoint_proxy,13:30:00,211500,79.5,禾瑞亞,08:59:00,0.01,260682835.945,3958624,3000,leader_entry,70.5,3000,3000,131,buy,2020-06-03,952,72,69,7463255,3556,0,1253
82,133220.47,-5753.2,odd,20,2020-06-04,0.0099333737129,liquid_universe-2020-06-03-3556,after_hours_single_auction_proxy,14:30:00,5707.2,79.5,禾瑞亞,13:40:00,0.01,260682835.945,3958624,82,leader_entry,69.6,3082,484,132,buy,2020-06-03,26,69.6,69.6,8255,3556,0,46
25000,314438.47,181218,board,261,2020-06-11,0.00118999122183,liquid_universe-2020-06-03-3556,daily_high_low_midpoint_proxy,13:30:00,182850,54.2,禾瑞亞,08:59:00,0.01,320513625.535,4817781.6,3000,loss12,60.95,82,3000,133,sell,2020-06-10,823,61.8,60.1,2521027,3556,548,1632
30,316240.47,1802,odd,20,2020-06-11,0.00991080277502,liquid_universe-2020-06-03-3556,after_hours_single_auction_proxy,14:30:00,1836,54.2,禾瑞亞,13:40:00,0.01,320513625.535,4817781.6,30,loss12,61.2,52,82,134,sell,2020-06-10,9,61.2,61.2,3027,3556,5,34
20,317421.47,1181,odd,20,2020-06-12,0.00956022944551,liquid_universe-2020-06-03-3556,after_hours_single_auction_proxy,14:30:00,1210,54.9,禾瑞亞,13:40:00,0.01,314033365.87,4698055.4,20,loss12,60.5,32,52,135,sell,2020-06-10,6,60.5,60.5,2092,3556,3,29
36,307329.47,-10092,odd,20,2020-06-12,0.0097852677358,liquid_universe-2020-06-11-3653,after_hours_single_auction_proxy,14:30:00,10026,304.5,健策,13:40:00,0.01,1137454500.7,4650067.6,36,leader_entry,278.5,36,839,136,buy,2020-06-11,46,278.5,278.5,3679,3653,0,66
137,309215.47,1886,odd,20,2020-06-15,0.00233423298563,liquid_universe-2020-06-03-3556,after_hours_single_auction_proxy,14:30:00,1920,54.3,禾瑞亞,13:40:00,0.01,313357028.29,4681499.15,32,loss12,60,0,32,137,sell,2020-06-10,9,60,60,13709,3556,5,34
14000,529977.47,220762,board,317,2020-06-16,0.00209612112785,liquid_universe-2020-06-03-3693,daily_high_low_midpoint_proxy,13:30:00,222750,63.9,營邦,08:59:00,0.01,134681990.655,1907192.6,3000,loss12,74.25,8,3000,138,sell,2020-06-15,1003,76.5,72,1431215,3693,668,1988
12,530557.47,580,odd,20,2020-06-16,0.00658436213992,liquid_universe-2020-06-03-3693,after_hours_single_auction_proxy,14:30:00,604,63.9,營邦,13:40:00,0.01,134681990.655,1907192.6,8,loss12,75.5,0,8,139,sell,2020-06-15,3,75.5,75.5,1215,3693,1,24
29000,301281.47,-229276,board,325,2020-06-17,0.00231212090851,liquid_universe-2020-06-16-1799,daily_high_low_midpoint_proxy,13:30:00,227925,28.45,易威,08:59:00,0.01,59464960.775,2946142.25,9000,leader_entry,25.325,9000,9000,140,buy,2020-06-16,1026,26.65,24,3892530,1799,0,1351
15,300875.47,-406,odd,20,2020-06-17,0.00980392156863,liquid_universe-2020-06-16-1799,after_hours_single_auction_proxy,14:30:00,384,28.45,易威,13:40:00,0.01,59464960.775,2946142.25,15,leader_entry,25.6,9015,102,141,buy,2020-06-16,2,25.6,25.6,1530,1799,0,22
8000,479268.47,178393,board,257,2020-06-22,0.00898371701291,liquid_universe-2020-06-16-1799,daily_high_low_midpoint_proxy,13:30:00,180000,20,易威,08:59:00,0.01,58897541.5875,2782264.45,8000,loss12,22.5,1015,9000,142,sell,2020-06-19,810,22.7,22.3,890500,1799,540,1607
5,479358.47,90,odd,20,2020-06-22,0.01,liquid_universe-2020-06-16-1799,after_hours_single_auction_proxy,14:30:00,111,20,易威,13:40:00,0.01,58897541.5875,2782264.45,5,loss12,22.2,1010,15,143,sell,2020-06-19,1,22.2,22.2,500,1799,0,21
4000,502152.47,22794,board,33,2020-06-23,0.00236944926891,liquid_universe-2020-06-16-1799,daily_high_low_midpoint_proxy,13:30:00,23000,20.45,易威,08:59:00,0.01,56601340.9375,2658498.45,1000,loss12,23,10,1000,144,sell,2020-06-19,104,23.4,22.6,422039,1799,69,206
4,502213.07,60.6,odd,20,2020-06-24,0.00943396226415,liquid_universe-2020-06-16-1799,after_hours_single_auction_proxy,14:30:00,81.6,20.35,易威,13:40:00,0.01,55387306.2875,2601316.2,4,loss12,20.4,6,10,145,sell,2020-06-19,1,20.4,20.4,424,1799,0,21
22000,312545.07,-189668,board,269,2020-06-29,0.0013138072382,liquid_universe-2020-06-24-3228,daily_high_low_midpoint_proxy,13:30:00,188550,65.7,金麗科,08:59:00,0.01,107149958.982,2296072.7,3000,leader_entry,62.85,3000,3000,146,buy,2020-06-24,849,65.7,60,2283440,3228,0,1118
1,312547.02,1.95,odd,20,2020-06-30,0.01,liquid_universe-2020-06-16-1799,after_hours_single_auction_proxy,14:30:00,22.95,20.1,易威,13:40:00,0.01,47777895.4225,2193353.8,1,loss12,22.95,5,6,147,sell,2020-06-19,1,22.95,22.95,100,1799,0,21
19,312646.02,99,odd,20,2020-07-01,0.00258665287118,liquid_universe-2020-06-16-1799,after_hours_single_auction_proxy,14:30:00,120,21.15,易威,13:40:00,0.01,46787047.7975,2130067.05,5,loss12,24,0,5,148,sell,2020-06-19,1,24,24,1933,1799,0,21
10000,474836.02,162190,board,233,2020-07-16,0.0028017221252,liquid_universe-2020-06-24-3228,daily_high_low_midpoint_proxy,13:30:00,163650,51.1,金麗科,08:59:00,0.01,165715145.1,2663656.2,3000,loss12,54.55,0,3000,149,sell,2020-07-15,737,56.1,53,1070770,3228,490,1460
149000,259165.02,-215671,board,306,2020-07-17,0.000451501475211,liquid_universe-2020-07-16-6443,daily_high_low_midpoint_proxy,13:30:00,214400,15.4,元晶,08:59:00,0.01,163689464.103,14934172.95,16000,leader_entry,13.4,16000,16000,150,buy,2020-07-16,965,14.2,12.6,35437315,6443,0,1271
423,258799.82,-365.2,odd,20,2020-07-17,0.000614439324117,liquid_universe-2020-07-16-6443,after_hours_single_auction_proxy,14:30:00,343.2,15.4,元晶,13:40:00,0.01,163689464.103,14934172.95,26,leader_entry,13.2,16026,26,151,buy,2020-07-16,2,13.2,13.2,42315,6443,0,22
127000,639441.92,375816,board,540,2020-09-03,0.00125671922607,liquid_universe-2020-06-03-1309,daily_high_low_midpoint_proxy,13:30:00,379200,21.15,台達化,08:59:00,0.01,322987728.153,15536096.3,16000,time63,23.7,559,16000,152,sell,2020-09-02,1707,24.2,23.2,12731563,1309,1137,3384
365,647935.42,8493.5,odd,20,2020-09-03,0.0099827694664,liquid_universe-2020-06-03-1309,after_hours_single_auction_proxy,14:30:00,8577.5,21.15,台達化,13:40:00,0.01,322987728.153,15536096.3,365,time63,23.5,194,559,153,sell,2020-09-02,39,23.5,23.5,36563,1309,25,84
233,652440.42,4505,odd,20,2020-09-04,0.00829130694931,liquid_universe-2020-06-03-1309,after_hours_single_auction_proxy,14:30:00,4559,21.3,台達化,13:40:00,0.01,328799264.26,15635259.5,194,time63,23.5,0,194,154,sell,2020-09-02,21,23.5,23.5,23398,1309,13,54
85000,344274.42,-308166,board,437,2020-09-04,0.000506059254478,liquid_universe-2020-09-03-4934,daily_high_low_midpoint_proxy,13:30:00,306350,30.8,太極,08:59:00,0.01,187277152.16,8569899.75,11000,leader_entry,27.85,11000,11000,155,buy,2020-09-03,1379,29.8,25.9,21736585,4934,0,1816
455,332300.82,-11973.6,odd,20,2020-09-04,0.00919162005046,liquid_universe-2020-09-03-4934,after_hours_single_auction_proxy,14:30:00,11899.6,30.8,太極,13:40:00,0.01,187277152.16,8569899.75,419,leader_entry,28.4,11419,419,156,buy,2020-09-03,54,28.4,28.4,45585,4934,0,74
5,333709.82,1409,odd,20,2020-09-11,0.00970873786408,liquid_universe-2020-06-11-3653,after_hours_single_auction_proxy,14:30:00,1440,257,健策,13:40:00,0.01,738477444.45,2374896.9,5,time63,288,31,36,157,sell,2020-09-10,7,288,288,515,3653,4,31
2,334269.82,560,odd,20,2020-09-14,0.00966183574879,liquid_universe-2020-06-11-3653,after_hours_single_auction_proxy,14:30:00,584,257,健策,13:40:00,0.01,676802424.075,2197014.25,2,time63,292,29,31,158,sell,2020-09-10,3,292,292,207,3653,1,24
10000,170303.82,-163966,board,232,2020-09-14,0.00984258749814,liquid_universe-2020-09-11-3686,daily_high_low_midpoint_proxy,13:30:00,163000,19.9,達能,08:59:00,0.01,96053845.3035,6914628.75,10000,leader_entry,16.3,10000,16000,159,buy,2020-09-11,734,16.3,16.3,1015993,3686,0,966
19,169972.12,-331.7,odd,20,2020-09-14,0.00953336678374,liquid_universe-2020-09-11-3686,after_hours_single_auction_proxy,14:30:00,309.7,19.9,達能,13:40:00,0.01,96053845.3035,6914628.75,19,leader_entry,16.3,10019,670,160,buy,2020-09-11,2,16.3,16.3,1993,3686,0,22
14,174044.12,4072,odd,20,2020-09-15,0.00995024875622,liquid_universe-2020-06-11-3653,after_hours_single_auction_proxy,14:30:00,4123,261,健策,13:40:00,0.01,657881401.575,2147551.8,14,time63,294.5,15,29,161,sell,2020-09-10,19,294.5,294.5,1407,3653,12,51
14,178331.12,4107,odd,20,2020-09-16,0.00988002822865,liquid_universe-2020-06-11-3653,after_hours_single_auction_proxy,14:30:00,4158,263,健策,13:40:00,0.01,630688242.875,2071273.7,14,time63,297,1,15,162,sell,2020-09-10,19,297,297,1417,3653,12,51
8,178605.12,274,odd,20,2020-09-17,0.00121212121212,liquid_universe-2020-06-11-3653,after_hours_single_auction_proxy,14:30:00,296,269,健策,13:40:00,0.01,629430013.1,2076737.55,1,time63,296,0,1,163,sell,2020-09-10,2,296,296,825,3653,0,22
47000,327266.12,148661,board,214,2020-09-30,0.00209047273323,liquid_universe-2020-09-11-3686,daily_high_low_midpoint_proxy,13:30:00,150000,12.9,達能,08:59:00,0.01,102006418.323,6648505.85,10000,loss12,15,19,10000,164,sell,2020-09-29,675,15.7,14.3,4783607,3686,450,1339
216,327542.42,276.3,odd,20,2020-09-30,0.000879344656824,liquid_universe-2020-09-11-3686,after_hours_single_auction_proxy,14:30:00,298.3,12.9,達能,13:40:00,0.01,102006418.323,6648505.85,19,loss12,15.7,0,19,165,sell,2020-09-29,2,15.7,15.7,21607,3686,0,22
38000,50711.42,-276831,board,392,2020-10-05,0.00113545043745,liquid_universe-2020-09-30-6283,daily_high_low_midpoint_proxy,13:30:00,275200,38.7,淳安,08:59:00,0.01,118251864.93,3833704.35,8000,leader_entry,34.4,8000,8000,166,buy,2020-09-30,1239,35.5,33.3,7045662,6283,0,1631
6,50480.42,-231,odd,20,2020-10-05,0.00906344410876,liquid_universe-2020-09-30-6283,after_hours_single_auction_proxy,14:30:00,210,38.7,淳安,13:40:00,0.01,118251864.93,3833704.35,6,leader_entry,35,8006,413,167,buy,2020-09-30,1,35,35,662,6283,0,21
177000,609446.42,558966,board,804,2020-10-19,0.000902740335995,liquid_universe-2020-07-16-6443,daily_high_low_midpoint_proxy,13:30:00,564000,31.55,元晶,08:59:00,0.01,1118841345.58,35252768.9,16000,time63,35.25,26,16000,168,sell,2020-10-16,2538,36.5,34,17723812,6443,1692,5034
238,610361.92,915.5,odd,20,2020-10-19,0.00109188644381,liquid_universe-2020-07-16-6443,after_hours_single_auction_proxy,14:30:00,942.5,31.55,元晶,13:40:00,0.01,1118841345.58,35252768.9,26,time63,36.25,0,26,169,sell,2020-10-16,5,36.25,36.25,23812,6443,2,27
816000,232661.92,-377700,board,535,2020-10-20,0.000167859500605,liquid_universe-2020-10-19-3576,daily_high_low_midpoint_proxy,13:30:00,375475,18,聯合再生,08:59:00,0.01,1128003281.71,81683714.8,23000,leader_entry,16.325,23000,23000,170,buy,2020-10-19,1690,16.95,15.7,137019352,3576,0,2225
683,221458.02,-11203.9,odd,20,2020-10-20,0.0099923923221,liquid_universe-2020-10-19-3576,after_hours_single_auction_proxy,14:30:00,11132.9,18,聯合再生,13:40:00,0.01,1128003281.71,81683714.8,683,leader_entry,16.3,23683,724,171,buy,2020-10-19,51,16.3,16.3,68352,3576,0,71
247000,545144.02,323686,board,465,2020-11-13,0.000929470110706,liquid_universe-2020-10-19-3576,daily_high_low_midpoint_proxy,13:30:00,326600,12.95,聯合再生,08:59:00,0.01,1303764965.01,83226636.7,23000,loss12,14.2,683,23000,172,sell,2020-11-12,1470,14.45,13.95,24745282,3576,979,2914
125,546891.27,1747.25,odd,20,2020-11-13,0.00995777901697,liquid_universe-2020-10-19-3576,daily_high_low_midpoint_proxy,13:30:00,1781.25,12.95,聯合再生,09:00:00,0.01,1303764965.01,83226636.7,125,loss12,14.25,558,683,173,sell,2020-11-12,9,14.35,14.15,12553,3576,5,34
191,549543.37,2652.1,odd,20,2020-11-16,0.00995465679887,liquid_universe-2020-10-19-3576,daily_high_low_midpoint_proxy,13:30:00,2693.1,12.8,聯合再生,09:00:00,0.01,1190958841.29,75801091.9,191,loss12,14.1,367,558,174,sell,2020-11-12,13,14.2,14,19187,3576,8,41
62000,204610.37,-344933,board,489,2020-11-16,0.000408157351189,liquid_universe-2020-11-13-3092,daily_high_low_midpoint_proxy,13:30:00,342900,62.8,鴻碩,08:59:00,0.01,309512658.665,6229932.8,6000,leader_entry,57.15,6000,6000,175,buy,2020-11-13,1544,58.8,55.5,14700213,3092,0,2033
181,202723.47,-1886.9,odd,20,2020-11-16,0.00181738076881,liquid_universe-2020-11-13-3092,daily_high_low_midpoint_proxy,13:30:00,1857.9,62.8,鴻碩,09:00:00,0.01,309512658.665,6229932.8,33,leader_entry,56.3,6033,33,176,buy,2020-11-13,9,56.8,55.8,18158,3092,0,29
289,206834.07,4110.6,odd,20,2020-11-17,0.00999827019547,liquid_universe-2020-10-19-3576,daily_high_low_midpoint_proxy,13:30:00,4161.6,12.6,聯合再生,09:00:00,0.01,1067436589.33,68478326.9,289,loss12,14.4,78,367,177,sell,2020-11-12,19,14.8,14,28905,3576,12,51
145,207936.07,1102,odd,20,2020-11-18,0.00534832693363,liquid_universe-2020-10-19-3576,daily_high_low_midpoint_proxy,13:30:00,1131,13.15,聯合再生,09:00:00,0.01,996626447.583,64496419.25,78,loss12,14.5,0,78,178,sell,2020-11-12,6,14.65,14.35,14584,3576,3,29
37000,527632.07,319696,board,460,2020-12-07,0.00202996936038,liquid_universe-2020-09-03-4934,daily_high_low_midpoint_proxy,13:30:00,322575,27,太極,08:59:00,0.01,106492219.248,3707130.1,11000,time63,29.325,419,11000,179,sell,2020-12-04,1452,30,28.65,5418801,4934,967,2879
29,528476.8,844.73,odd,20,2020-12-07,0.00972501676727,liquid_universe-2020-09-03-4934,daily_high_low_midpoint_proxy,13:30:00,870.73,27,太極,09:00:00,0.01,106492219.248,3707130.1,29,time63,30.025,390,419,180,sell,2020-12-04,4,30.75,29.3,2982,4934,2,26
16,528913.2,436.4,odd,20,2020-12-08,0.00973236009732,liquid_universe-2020-09-03-4934,daily_high_low_midpoint_proxy,13:30:00,460.4,26.1,太極,09:00:00,0.01,109073607.847,3796143.5,16,time63,28.775,374,390,181,sell,2020-12-04,3,29,28.55,1644,4934,1,24
1602000,192506.2,-336407,board,477,2020-12-08,4.0754018307e-05,liquid_universe-2020-12-07-2344,daily_high_low_midpoint_proxy,13:30:00,334425,28.65,華邦電,08:59:00,0.01,3316922105.34,160259874.05,13000,leader_entry,25.725,13000,13000,182,buy,2020-12-07,1505,26.4,25.05,318986950,2344,0,1982
841,186323.75,-6182.45,odd,20,2020-12-08,0.00282737564893,liquid_universe-2020-12-07-2344,daily_high_low_midpoint_proxy,13:30:00,6134.45,28.65,華邦電,09:00:00,0.01,3316922105.34,160259874.05,238,leader_entry,25.775,13238,238,183,buy,2020-12-07,28,26.25,25.3,84177,2344,0,48
79,188593.55,2269.8,odd,20,2020-12-09,0.00994836922302,liquid_universe-2020-09-03-4934,daily_high_low_midpoint_proxy,13:30:00,2306.8,25.95,太極,09:00:00,0.01,109918386.162,3825090.2,79,time63,29.2,295,374,184,sell,2020-12-04,11,29.6,28.8,7941,4934,6,37
32,189495.35,901.8,odd,20,2020-12-10,0.01,liquid_universe-2020-09-03-4934,daily_high_low_midpoint_proxy,13:30:00,928.8,26.7,太極,09:00:00,0.01,112118013.835,3896714.05,32,time63,29.025,263,295,185,sell,2020-12-04,5,29.5,28.55,3200,4934,2,27
13,189843.83,348.48,odd,20,2020-12-11,0.00955882352941,liquid_universe-2020-09-03-4934,daily_high_low_midpoint_proxy,13:30:00,371.48,25.85,太極,09:00:00,0.01,109999929.897,3817694.7,13,time63,28.575,250,263,186,sell,2020-12-04,2,28.7,28.45,1360,4934,1,23
18,190334.18,490.35,odd,20,2020-12-14,0.00958466453674,liquid_universe-2020-09-03-4934,daily_high_low_midpoint_proxy,13:30:00,514.35,25.15,太極,09:00:00,0.01,111811588.665,3882765.4,18,time63,28.575,232,250,187,sell,2020-12-04,3,29.2,27.95,1878,4934,1,24
33,191254.28,920.1,odd,20,2020-12-15,0.00978938000593,liquid_universe-2020-09-03-4934,daily_high_low_midpoint_proxy,13:30:00,947.1,25.85,太極,09:00:00,0.01,110395646.617,3824767.15,33,time63,28.7,199,232,188,sell,2020-12-04,5,29.1,28.3,3371,4934,2,27
6,191405.18,150.9,odd,20,2020-12-16,0.00975609756098,liquid_universe-2020-09-03-4934,daily_high_low_midpoint_proxy,13:30:00,171.9,25.3,太極,09:00:00,0.01,107849269.61,3731705.9,6,time63,28.65,193,199,189,sell,2020-12-04,1,28.8,28.5,615,4934,0,21
13,191752.68,347.5,odd,20,2020-12-17,0.00999231360492,liquid_universe-2020-09-03-4934,daily_high_low_midpoint_proxy,13:30:00,370.5,25.5,太極,09:00:00,0.01,103771866.24,3577292.7,13,time63,28.5,180,193,190,sell,2020-12-04,2,29,28,1301,4934,1,23
6,191897.58,144.9,odd,20,2020-12-18,0.00913242009132,liquid_universe-2020-09-03-4934,daily_high_low_midpoint_proxy,13:30:00,165.9,25.2,太極,09:00:00,0.01,101766118.478,3501486.9,6,time63,27.65,174,180,191,sell,2020-12-04,1,28.1,27.2,657,4934,0,21
12,192209.68,312.1,odd,20,2020-12-21,0.00977995110024,liquid_universe-2020-09-03-4934,daily_high_low_midpoint_proxy,13:30:00,335.1,25.05,太極,09:00:00,0.01,100396150.148,3450914.1,12,time63,27.925,162,174,192,sell,2020-12-04,2,28,27.85,1227,4934,1,23
11,192494.58,284.9,odd,20,2020-12-22,0.00952380952381,liquid_universe-2020-09-03-4934,daily_high_low_midpoint_proxy,13:30:00,306.9,25.05,太極,09:00:00,0.01,99070480.9925,3402119.35,11,time63,27.9,151,162,193,sell,2020-12-04,2,28,27.8,1155,4934,0,22
40,193621.58,1127,odd,20,2020-12-23,0.00982559567674,liquid_universe-2020-09-03-4934,daily_high_low_midpoint_proxy,13:30:00,1156,24.7,太極,09:00:00,0.01,95443641.7,3277662.75,40,time63,28.9,111,151,194,sell,2020-12-04,6,30,27.8,4071,4934,3,29
23,194259.98,638.4,odd,20,2020-12-24,0.00959132610509,liquid_universe-2020-09-03-4934,daily_high_low_midpoint_proxy,13:30:00,662.4,25.95,太極,09:00:00,0.01,93881632.6225,3224682.05,23,time63,28.8,88,111,195,sell,2020-12-04,3,28.9,28.7,2398,4934,1,24
11,194551.76,291.78,odd,20,2020-12-25,0.00993676603433,liquid_universe-2020-09-03-4934,daily_high_low_midpoint_proxy,13:30:00,313.78,25.4,太極,09:00:00,0.01,93413878.2325,3209529.35,11,time63,28.525,77,88,196,sell,2020-12-04,2,28.95,28.1,1107,4934,0,22
68,196457.46,1905.7,odd,20,2020-12-28,0.0099955901808,liquid_universe-2020-09-03-4934,daily_high_low_midpoint_proxy,13:30:00,1939.7,25.15,太極,09:00:00,0.01,93268046.3775,3205685.65,68,time63,28.525,9,77,197,sell,2020-12-04,9,29,28.05,6803,4934,5,34
71,196702.76,245.3,odd,20,2020-12-29,0.00125470514429,liquid_universe-2020-09-03-4934,daily_high_low_midpoint_proxy,13:30:00,267.3,26.2,太極,09:00:00,0.01,96149397.505,3303193.85,9,time63,29.7,0,9,198,sell,2020-12-04,2,30.1,29.3,7173,4934,0,22
52000,518405.76,321703,board,463,2021-01-04,0.00153127690501,liquid_universe-2020-09-30-6283,daily_high_low_midpoint_proxy,13:30:00,324600,35.25,淳安,08:59:00,0.01,278236697.78,6967029,8000,time63,40.575,6,8000,199,sell,2020-12-31,1461,41.85,39.3,5224398,6283,973,2897
19,518626.76,221,odd,20,2021-01-04,0.00307850179579,liquid_universe-2020-09-30-6283,daily_high_low_midpoint_proxy,13:30:00,243,35.25,淳安,09:00:00,0.01,278236697.78,6967029,6,time63,40.5,0,6,200,sell,2020-12-31,2,41.35,39.65,1949,6283,0,22
101000,146434.76,-372192,board,527,2021-01-05,0.00197658185352,liquid_universe-2021-01-04-6129,daily_high_low_midpoint_proxy,13:30:00,370000,20.75,普誠,08:59:00,0.01,139699649.088,10281520.5,20000,leader_entry,18.5,20000,20000,201,buy,2021-01-04,1665,19,18,10118478,6129,0,2192
59,145315.31,-1119.45,odd,20,2021-01-05,0.00994270306707,liquid_universe-2021-01-04-6129,daily_high_low_midpoint_proxy,13:30:00,1094.45,20.75,普誠,09:00:00,0.01,139699649.088,10281520.5,59,leader_entry,18.55,20059,135,202,buy,2021-01-04,5,19,18.1,5934,6129,0,25
31000,467910.31,322595,board,464,2021-01-14,0.00641202177138,liquid_universe-2021-01-04-6129,daily_high_low_midpoint_proxy,13:30:00,325500,14.2,普誠,08:59:00,0.01,146572014.558,9572358.8,20000,loss12,16.275,59,20000,203,sell,2021-01-13,1465,16.8,15.75,3119141,6129,976,2905
12,468085.21,174.9,odd,20,2021-01-14,0.00924499229584,liquid_universe-2021-01-04-6129,daily_high_low_midpoint_proxy,13:30:00,195.9,14.2,普誠,09:00:00,0.01,146572014.558,9572358.8,12,loss12,16.325,47,59,204,sell,2021-01-13,1,16.9,15.75,1298,6129,0,21
18,468357.51,272.3,odd,20,2021-01-15,0.00971397733405,liquid_universe-2021-01-04-6129,daily_high_low_midpoint_proxy,13:30:00,294.3,14.9,普誠,09:00:00,0.01,143509680.195,9265740.15,18,loss12,16.35,29,47,205,sell,2021-01-13,2,16.9,15.8,1853,6129,0,22
189000,76649.51,-391708,board,555,2021-01-15,8.78760625891e-05,liquid_universe-2021-01-14-4976,daily_high_low_midpoint_proxy,13:30:00,389400,102,佳凌,08:59:00,0.01,1416652623.15,18939007.3,4000,leader_entry,97.35,4000,4000,206,buy,2021-01-14,1753,101.5,93.2,45518653,4976,0,2308
162,69487.51,-7162,odd,20,2021-01-15,0.00442423497604,liquid_universe-2021-01-14-4976,daily_high_low_midpoint_proxy,13:30:00,7110,102,佳凌,09:00:00,0.01,1416652623.15,18939007.3,72,leader_entry,98.75,4072,72,207,buy,2021-01-14,32,102,95.5,16274,4976,0,52
15,69710.01,222.5,odd,20,2021-01-18,0.00990099009901,liquid_universe-2021-01-04-6129,daily_high_low_midpoint_proxy,13:30:00,244.5,14.7,普誠,09:00:00,0.01,139263377.565,8916397.15,15,loss12,16.3,14,29,208,sell,2021-01-13,2,17,15.6,1515,6129,0,22
88,69944.91,234.9,odd,20,2021-01-19,0.00157977883096,liquid_universe-2021-01-04-6129,daily_high_low_midpoint_proxy,13:30:00,256.9,15.05,普誠,09:00:00,0.01,134917877.572,8543101.75,14,loss12,18.35,0,14,209,sell,2021-01-13,2,18.35,18.35,8862,6129,0,22
199000,416622.91,346678,board,498,2021-01-27,0.000190406565142,liquid_universe-2021-01-14-4976,daily_high_low_midpoint_proxy,13:30:00,349800,74.8,佳凌,08:59:00,0.01,1670584974.65,19968824.75,4000,loss12,87.45,72,4000,210,sell,2021-01-26,1575,91.3,83.6,21007679,4976,1049,3122
112,422823.51,6200.6,odd,20,2021-01-27,0.0063869422514,liquid_universe-2021-01-14-4976,daily_high_low_midpoint_proxy,13:30:00,6267.6,74.8,佳凌,09:00:00,0.01,1670584974.65,19968824.75,72,loss12,87.05,0,72,211,sell,2021-01-26,29,91,83.1,11273,4976,18,67
114000,87849.51,-334974,board,475,2021-01-28,2.77435784228e-05,liquid_universe-2021-01-27-3552,daily_high_low_midpoint_proxy,13:30:00,333000,376,同致,08:59:00,0.01,2944026502.5,11457126.3,1000,leader_entry,333,1000,1000,212,buy,2021-01-27,1499,357,309,36044377,3552,0,1974
514,74167.51,-13682,odd,20,2021-01-28,0.000777106444155,liquid_universe-2021-01-27-3552,daily_high_low_midpoint_proxy,13:30:00,13600,376,同致,09:00:00,0.01,2944026502.5,11457126.3,40,leader_entry,340,1040,40,213,buy,2021-01-27,62,358,322,51473,3552,0,82
39000,515096.51,440929,board,634,2021-02-23,0.00152345318086,liquid_universe-2020-11-13-3092,daily_high_low_midpoint_proxy,13:30:00,444900,67,鴻碩,08:59:00,0.01,614820913.235,8915022.8,6000,time63,74.15,33,6000,214,sell,2021-02-22,2003,75.5,72.8,3938421,3092,1334,3971
66,517497.21,2400.7,odd,20,2021-02-23,0.00496389891697,liquid_universe-2020-11-13-3092,daily_high_low_midpoint_proxy,13:30:00,2438.7,67,鴻碩,09:00:00,0.01,614820913.235,8915022.8,33,time63,73.9,0,33,215,sell,2021-02-22,11,74.7,73.1,6648,3092,7,38
74000,122243.21,-395254,board,560,2021-02-24,0.00272936721646,liquid_universe-2021-02-23-3710,daily_high_low_midpoint_proxy,13:30:00,392925,13.95,連展投控,08:59:00,0.01,82937104.076,7487459.55,31000,leader_entry,12.675,31000,31000,216,buy,2021-02-23,1769,13.3,12.05,11357944,3710,0,2329
35,121777.58,-465.63,odd,20,2021-02-24,0.00979294907666,liquid_universe-2021-02-23-3710,daily_high_low_midpoint_proxy,13:30:00,443.63,13.95,連展投控,09:00:00,0.01,82937104.076,7487459.55,35,leader_entry,12.675,31035,524,217,buy,2021-02-23,2,13.25,12.1,3574,3710,0,22
12000,379456.58,257679,board,371,2021-03-09,0.000797400474453,liquid_universe-2021-01-27-3552,daily_high_low_midpoint_proxy,13:30:00,260000,230.5,同致,08:59:00,0.01,2389543970.05,7668337.1,1000,loss12,260,40,1000,218,sell,2021-03-08,1170,269,251,1254075,3552,780,2321
105,389877.58,10421,odd,20,2021-03-09,0.00380481308856,liquid_universe-2021-01-27-3552,daily_high_low_midpoint_proxy,13:30:00,10520,230.5,同致,09:00:00,0.01,2389543970.05,7668337.1,40,loss12,263,0,40,219,sell,2021-03-08,48,273,253,10513,3552,31,99
16000,566685.58,176808,board,254,2021-03-10,0.00978721972614,liquid_universe-2021-02-23-3710,daily_high_low_midpoint_proxy,13:30:00,178400,9.81,連展投控,08:59:00,0.01,91152204.275,7860243.9,16000,loss12,11.15,15035,31000,220,sell,2021-03-09,803,11.3,11,1634785,3710,535,1592
17,566860.93,175.35,odd,20,2021-03-10,0.00971983990852,liquid_universe-2021-02-23-3710,daily_high_low_midpoint_proxy,13:30:00,196.35,9.81,連展投控,09:00:00,0.01,91152204.275,7860243.9,17,loss12,11.55,15018,35,221,sell,2021-03-09,1,11.95,11.15,1749,3710,0,21
39000,262492.93,-304368,board,431,2021-03-10,0.00346340105619,liquid_universe-2021-03-09-5452,daily_high_low_midpoint_proxy,13:30:00,302575,17.9,佶優,08:59:00,0.01,55848752.37,3940817.7,19000,leader_entry,15.925,19000,19000,222,buy,2021-03-09,1362,16.3,15.55,5485937,5452,0,1793
33,261940.28,-552.65,odd,20,2021-03-10,0.0099607606399,liquid_universe-2021-03-09-5452,daily_high_low_midpoint_proxy,13:30:00,529.65,17.9,佶優,09:00:00,0.01,55848752.37,3940817.7,33,leader_entry,16.05,19033,986,223,buy,2021-03-09,3,16.6,15.5,3313,5452,0,23
23000,431785.28,169845,board,244,2021-03-11,0.00643097018045,liquid_universe-2021-02-23-3710,daily_high_low_midpoint_proxy,13:30:00,171375,9.9,連展投控,08:59:00,0.01,78585293.88,6728826.2,15000,loss12,11.425,18,15000,224,sell,2021-03-09,772,11.65,11.2,2332463,3710,514,1530
14,431922.83,137.55,odd,20,2021-03-11,0.00949796472185,liquid_universe-2021-02-23-3710,daily_high_low_midpoint_proxy,13:30:00,158.55,9.9,連展投控,09:00:00,0.01,78585293.88,6728826.2,14,loss12,11.325,4,18,225,sell,2021-03-09,1,11.6,11.05,1474,3710,0,21
10,431948.53,25.7,odd,20,2021-03-12,0.00383509108341,liquid_universe-2021-02-23-3710,daily_high_low_midpoint_proxy,13:30:00,46.7,10.45,連展投控,09:00:00,0.01,72786244.5575,6186290.1,4,loss12,11.675,0,4,226,sell,2021-03-09,1,11.8,11.55,1043,3710,0,21
48000,166384.53,-265564,board,376,2021-03-12,0.000187489078761,liquid_universe-2021-03-11-3169,daily_high_low_midpoint_proxy,13:30:00,264000,136.5,亞信,08:59:00,0.01,495993089.625,4833595.55,2000,leader_entry,132,2000,2000,227,buy,2021-03-11,1188,136.5,127.5,10667288,3169,0,1564
192,140455.53,-25929,odd,37,2021-03-12,0.00999739651133,liquid_universe-2021-03-11-3169,daily_high_low_midpoint_proxy,13:30:00,25776,136.5,亞信,09:00:00,0.01,495993089.625,4833595.55,192,leader_entry,134.25,2192,721,228,buy,2021-03-11,116,136.5,132,19205,3169,0,153
453000,507327.53,366872,board,527,2021-03-18,0.000286962363871,liquid_universe-2020-12-07-2344,daily_high_low_midpoint_proxy,13:30:00,370175,25.35,華邦電,08:59:00,0.01,3963907892.2,132863138.2,13000,time63,28.475,238,13000,229,sell,2021-03-17,1666,28.75,28.2,45302108,2344,1110,3303
340,514015.73,6688.2,odd,20,2021-03-18,0.00698602794411,liquid_universe-2020-12-07-2344,daily_high_low_midpoint_proxy,13:30:00,6759.2,25.35,華邦電,09:00:00,0.01,3963907892.2,132863138.2,238,time63,28.4,0,238,230,sell,2021-03-17,31,28.6,28.2,34068,2344,20,71
109000,129550.73,-384465,board,545,2021-03-19,0.000637710829478,liquid_universe-2021-03-18-8040,daily_high_low_midpoint_proxy,13:30:00,382200,58.3,九暘,08:59:00,0.01,548946071.028,14324970.95,7000,leader_entry,54.6,7000,7000,231,buy,2021-03-18,1720,58.3,50.9,10976762,8040,0,2265
358,109959.53,-19591.2,odd,28,2021-03-19,0.00999553272281,liquid_universe-2021-03-18-8040,daily_high_low_midpoint_proxy,13:30:00,19475.2,58.3,九暘,09:00:00,0.01,548946071.028,14324970.95,358,leader_entry,54.4,7358,421,232,buy,2021-03-18,88,58.3,50.5,35816,8040,0,116
37000,479035.53,369076,board,531,2021-03-25,0.00186158231305,liquid_universe-2021-03-18-8040,daily_high_low_midpoint_proxy,13:30:00,372400,45.85,九暘,08:59:00,0.01,597547246.413,14332804.9,7000,loss12,53.2,358,7000,233,sell,2021-03-24,1676,54.6,51.8,3760242,8040,1117,3324
116,485071.13,6035.6,odd,20,2021-03-25,0.00992980653998,liquid_universe-2021-03-18-8040,daily_high_low_midpoint_proxy,13:30:00,6101.6,45.85,九暘,09:00:00,0.01,597547246.413,14332804.9,116,loss12,52.6,242,358,234,sell,2021-03-24,28,54.2,51,11682,8040,18,66
94,490070.33,4999.2,odd,20,2021-03-26,0.00993237531699,liquid_universe-2021-03-18-8040,daily_high_low_midpoint_proxy,13:30:00,5057.2,49.15,九暘,09:00:00,0.01,596700068.313,14041823.95,94,loss12,53.8,148,242,235,sell,2021-03-24,23,55,52.6,9464,8040,15,58
26000,117676.33,-372394,board,528,2021-03-26,0.000894548798532,liquid_universe-2021-03-25-4999,daily_high_low_midpoint_proxy,13:30:00,370200,69,鑫禾,08:59:00,0.01,150601998.88,2613602.05,6000,leader_entry,61.7,6000,6000,236,buy,2021-03-25,1666,62.9,60.5,6707292,4999,0,2194
59,114013.78,-3662.55,odd,20,2021-03-26,0.00984317650984,liquid_universe-2021-03-25-4999,daily_high_low_midpoint_proxy,13:30:00,3625.55,69,鑫禾,09:00:00,0.01,150601998.88,2613602.05,59,leader_entry,61.45,6059,721,237,buy,2021-03-25,17,62,60.9,5994,4999,0,37
65,117632.78,3619,odd,20,2021-03-29,0.0099176075679,liquid_universe-2021-03-18-8040,daily_high_low_midpoint_proxy,13:30:00,3666,49.7,九暘,09:00:00,0.01,599062023.938,14003108.15,65,loss12,56.4,83,148,238,sell,2021-03-24,17,58,54.8,6554,8040,10,47
153,122564.08,4931.3,odd,20,2021-03-30,0.00539696989401,liquid_universe-2021-03-18-8040,daily_high_low_midpoint_proxy,13:30:00,4988.3,52,九暘,09:00:00,0.01,601812275.548,13992858.05,83,loss12,60.1,0,83,239,sell,2021-03-24,23,61.5,58.7,15379,8040,14,57
69000,372315.08,249751,board,359,2021-05-06,0.00028932958285,liquid_universe-2021-03-11-3169,daily_high_low_midpoint_proxy,13:30:00,252000,108,亞信,08:59:00,0.01,1424171546.65,8900796.9,2000,loss12,126,192,2000,240,sell,2021-05-05,1134,131,121,6912532,3169,756,2249
81,382344.08,10029,odd,20,2021-05-06,0.009902200489,liquid_universe-2021-03-11-3169,daily_high_low_midpoint_proxy,13:30:00,10125,108,亞信,09:00:00,0.01,1424171546.65,8900796.9,81,loss12,125,111,192,241,sell,2021-05-05,46,129.5,120.5,8180,3169,30,96
63,390437.33,8093.25,odd,20,2021-05-07,0.00994632143985,liquid_universe-2021-03-11-3169,daily_high_low_midpoint_proxy,13:30:00,8174.25,112,亞信,09:00:00,0.01,1384018919.03,8838510.35,63,loss12,129.75,48,111,242,sell,2021-05-05,37,134.5,125,6334,3169,24,81
4000,602527.33,212090,board,305,2021-05-07,0.0086797267622,liquid_universe-2021-03-25-4999,daily_high_low_midpoint_proxy,13:30:00,214000,47.65,鑫禾,08:59:00,0.01,58215542.54,1018403.65,4000,loss12,53.5,2059,6000,243,sell,2021-05-06,963,54,53,460844,4999,642,1910
8,602947.13,419.8,odd,20,2021-05-07,0.00948991696323,liquid_universe-2021-03-25-4999,daily_high_low_midpoint_proxy,13:30:00,442.8,47.65,鑫禾,09:00:00,0.01,58215542.54,1018403.65,8,loss12,55.35,2051,59,244,sell,2021-05-06,2,57.5,53.2,843,4999,1,23
247000,256054.13,-346893,board,491,2021-05-07,0.000351777462763,liquid_universe-2021-05-06-2022,daily_high_low_midpoint_proxy,13:30:00,344850,16.9,聚亨,08:59:00,0.01,316719048.171,24756437.7,22000,leader_entry,15.675,22000,22000,245,buy,2021-05-06,1552,16.8,14.55,62539538,2022,0,2043
552,248158.13,-7896,odd,20,2021-05-07,0.00886492745233,liquid_universe-2021-05-06-2022,daily_high_low_midpoint_proxy,13:30:00,7840,16.9,聚亨,09:00:00,0.01,316719048.171,24756437.7,490,leader_entry,16,22490,490,246,buy,2021-05-06,36,16.7,15.3,55274,2022,0,56
73,254188.13,6030,odd,20,2021-05-10,0.00656544932294,liquid_universe-2021-03-11-3169,daily_high_low_midpoint_proxy,13:30:00,6096,118.5,亞信,09:00:00,0.01,1356608905.95,8814238.4,48,loss12,127,0,48,247,sell,2021-05-05,28,131,123,7311,3169,18,66
7000,358747.13,104559,board,150,2021-05-10,0.00273995122887,liquid_universe-2021-03-25-4999,daily_high_low_midpoint_proxy,13:30:00,105500,48,鑫禾,08:59:00,0.01,54916171.22,966486.9,2000,loss12,52.75,51,2000,248,sell,2021-05-06,475,53.5,52,729940,4999,316,941
16,359565.93,818.8,odd,20,2021-05-10,0.00951814396193,liquid_universe-2021-03-25-4999,daily_high_low_midpoint_proxy,13:30:00,844.8,48,鑫禾,09:00:00,0.01,54916171.22,966486.9,16,loss12,52.8,35,51,249,sell,2021-05-06,4,53.3,52.3,1681,4999,2,26
28,360960.13,1394.2,odd,20,2021-05-11,0.00991150442478,liquid_universe-2021-03-25-4999,daily_high_low_midpoint_proxy,13:30:00,1425.2,46.9,鑫禾,09:00:00,0.01,48449635.635,859449.95,28,loss12,50.9,7,35,250,sell,2021-05-06,7,51.8,50,2825,4999,4,31
2651000,64010.13,-296950,board,421,2021-05-11,5.51370762761e-06,liquid_universe-2021-05-10-2609,daily_high_low_midpoint_proxy,13:30:00,295200,110.5,陽明,08:59:00,0.01,20848999709.7,265131670.65,3000,leader_entry,98.4,3000,3000,251,buy,2021-05-10,1329,105.5,91.3,544098491,2609,0,1750
9639,40471.13,-23539,odd,33,2021-05-11,0.000242743877201,liquid_universe-2021-05-10-2609,daily_high_low_midpoint_proxy,13:30:00,23400,110.5,陽明,09:00:00,0.01,20848999709.7,265131670.65,234,leader_entry,100,3234,234,252,buy,2021-05-10,106,105,95,963979,2609,0,139
34,40786.58,315.45,odd,20,2021-05-12,0.00202780996524,liquid_universe-2021-03-25-4999,daily_high_low_midpoint_proxy,13:30:00,338.45,44.1,鑫禾,09:00:00,0.01,47773492.555,857727.75,7,loss12,48.35,0,7,253,sell,2021-05-06,2,50,46.7,3452,4999,1,23
212000,345492.58,304706,board,438,2021-05-14,0.0010334690842,liquid_universe-2021-05-06-2022,daily_high_low_midpoint_proxy,13:30:00,307450,13.15,聚亨,08:59:00,0.01,480037594.411,32238696.8,22000,loss12,13.975,490,22000,254,sell,2021-05-13,1384,14.8,13.15,21287526,2022,922,2744
341,350167.96,4675.38,odd,20,2021-05-14,0.00997163493874,liquid_universe-2021-05-06-2022,daily_high_low_midpoint_proxy,13:30:00,4731.38,13.15,聚亨,09:00:00,0.01,480037594.411,32238696.8,341,loss12,13.875,149,490,255,sell,2021-05-13,22,14.6,13.15,34197,2022,14,56
3312000,580741.96,230574,board,332,2021-05-14,4.63149131045e-06,liquid_universe-2021-05-10-2609,daily_high_low_midpoint_proxy,13:30:00,232650,71.3,陽明,08:59:00,0.01,27013866913.7,331237855,3000,loss12,77.55,234,3000,256,sell,2021-05-13,1047,83.8,71.3,647739529,2609,697,2076
7200,598541.46,17799.5,odd,26,2021-05-14,0.00032497607815,liquid_universe-2021-05-10-2609,daily_high_low_midpoint_proxy,13:30:00,17959.5,71.3,陽明,09:00:00,0.01,27013866913.7,331237855,234,loss12,76.75,0,234,257,sell,2021-05-13,81,82,71.5,720053,2609,53,160
1743,342126.46,-256415,odd,363,2021-05-17,0.00357806371706,liquid_universe-2021-05-14-6547,daily_high_low_midpoint_proxy,13:30:00,254904,417,高端疫苗,09:00:00,0.01,1775271699.95,5690389.4,624,leader_entry,408.5,624,624,258,buy,2021-05-14,1148,417,400,174396,6547,0,1511
254,343910.26,1783.8,odd,20,2021-05-18,0.00586475635677,liquid_universe-2021-05-06-2022,daily_high_low_midpoint_proxy,13:30:00,1817.8,10.7,聚亨,09:00:00,0.01,474940275.842,31411321.35,149,loss12,12.2,0,149,259,sell,2021-05-13,9,13,11.4,25406,2022,5,34
54000,99470.26,-244440,board,346,2021-05-19,0.000521152539264,liquid_universe-2021-05-18-1732,daily_high_low_midpoint_proxy,13:30:00,243000,54.8,毛寶,08:59:00,0.01,203123253.287,5457029.95,5000,leader_entry,48.6,5000,5000,260,buy,2021-05-18,1094,52.3,44.9,9594120,1732,0,1440
280,85780.26,-13690,odd,20,2021-05-19,0.00997897287858,liquid_universe-2021-05-18-1732,daily_high_low_midpoint_proxy,13:30:00,13608,54.8,毛寶,09:00:00,0.01,203123253.287,5457029.95,280,leader_entry,48.6,5280,942,261,buy,2021-05-18,62,52.3,44.9,28059,1732,0,82
820,305477.26,219697,odd,316,2021-05-20,0.00760697305864,liquid_universe-2021-05-14-6547,daily_high_low_midpoint_proxy,13:30:00,221676,310.5,高端疫苗,09:00:00,0.01,2216417597.07,6723097.75,624,loss12,355.25,0,624,262,sell,2021-05-19,998,365,345.5,82030,6547,665,1979
50000,77132.26,-228345,board,323,2021-05-21,0.000182834742989,liquid_universe-2021-05-20-8044,daily_high_low_midpoint_proxy,13:30:00,227000,127.5,網家,08:59:00,0.01,524799733.435,5073248.15,2000,leader_entry,113.5,2000,2000,263,buy,2021-05-20,1022,117,110,10938840,8044,0,1345
267,46581.01,-30551.25,odd,43,2021-05-21,0.0099678936758,liquid_universe-2021-05-20-8044,daily_high_low_midpoint_proxy,13:30:00,30371.25,127.5,網家,09:00:00,0.01,524799733.435,5073248.15,267,leader_entry,113.75,2267,381,264,buy,2021-05-20,137,116,111.5,26786,8044,0,180
34000,249380.01,202799,board,292,2021-05-24,0.00146774641921,liquid_universe-2021-05-18-1732,daily_high_low_midpoint_proxy,13:30:00,204625,37.7,毛寶,08:59:00,0.01,237712868.153,6028279.35,5000,loss12,40.925,280,5000,265,sell,2021-05-21,921,43.7,38.15,3406583,1732,613,1826
102,253571.21,4191.2,odd,20,2021-05-24,0.00991928425557,liquid_universe-2021-05-18-1732,daily_high_low_midpoint_proxy,13:30:00,4243.2,37.7,毛寶,09:00:00,0.01,237712868.153,6028279.35,102,loss12,41.6,178,280,266,sell,2021-05-21,20,43.5,39.7,10283,1732,12,52
134,258624.31,5053.1,odd,20,2021-05-25,0.00994286562291,liquid_universe-2021-05-18-1732,daily_high_low_midpoint_proxy,13:30:00,5112.1,35.75,毛寶,09:00:00,0.01,243167439.768,6149082.15,134,loss12,38.15,44,178,267,sell,2021-05-21,24,39.7,36.6,13477,1732,15,59
674000,133889.31,-124735,board,177,2021-05-25,5.97187810353e-06,liquid_universe-2021-05-24-2615,daily_high_low_midpoint_proxy,13:30:00,124000,137.5,萬海,08:59:00,0.01,6537043960.12,67431133.4,1000,leader_entry,124,1000,1000,268,buy,2021-05-24,558,135.5,112.5,167451509,2615,0,735
1761,31241.81,-102647.5,odd,145,2021-05-25,0.00472777011573,liquid_universe-2021-05-24-2615,daily_high_low_midpoint_proxy,13:30:00,102042.5,137.5,萬海,09:00:00,0.01,6537043960.12,67431133.4,833,leader_entry,122.5,1833,833,269,buy,2021-05-24,460,131.5,113.5,176193,2615,0,605
127,32934.71,1692.9,odd,20,2021-05-26,0.00345504515116,liquid_universe-2021-05-18-1732,daily_high_low_midpoint_proxy,13:30:00,1725.9,33.65,毛寶,09:00:00,0.01,246056975.17,6189398.45,44,loss12,39.225,0,44,270,sell,2021-05-21,8,40.95,37.5,12735,1732,5,33
38000,226293.71,193359,board,278,2021-06-01,0.000518396196216,liquid_universe-2021-05-20-8044,daily_high_low_midpoint_proxy,13:30:00,195100,87.3,網家,08:59:00,0.01,747609382.35,7141140.4,2000,loss12,97.55,267,2000,271,sell,2021-05-31,878,100,95.1,3858053,8044,585,1741
153,241124.11,14830.4,odd,21,2021-06-01,0.00996612819177,liquid_universe-2021-05-20-8044,daily_high_low_midpoint_proxy,13:30:00,14963.4,87.3,網家,09:00:00,0.01,747609382.35,7141140.4,153,loss12,97.8,114,267,272,sell,2021-05-31,68,99.6,96,15352,8044,44,133
300,252549.21,11425.1,odd,20,2021-06-02,0.00379544546544,liquid_universe-2021-05-20-8044,daily_high_low_midpoint_proxy,13:30:00,11531.1,86.9,網家,09:00:00,0.01,760262780.4,7258673.8,114,loss12,101.15,0,114,273,sell,2021-05-31,52,106,96.3,30036,8044,34,106
110000,128820.21,-123729,board,175,2021-06-02,6.44270658877e-05,liquid_universe-2021-06-01-2636,daily_high_low_midpoint_proxy,13:30:00,123000,124,台驊控股,08:59:00,0.01,927873188.19,11072224.5,1000,leader_entry,123,1000,1000,274,buy,2021-06-01,554,124,122,15521427,2636,0,729
24000,672078.21,543258,board,781,2021-06-10,0.00780288756121,liquid_universe-2021-03-09-5452,daily_high_low_midpoint_proxy,13:30:00,548150,25.6,佶優,08:59:00,0.01,94927896.8625,3729577.75,19000,time63,28.85,33,19000,275,sell,2021-06-09,2467,29.35,28.35,2434996,5452,1644,4892
24,672743.41,665.2,odd,20,2021-06-10,0.00966572694321,liquid_universe-2021-03-09-5452,daily_high_low_midpoint_proxy,13:30:00,691.2,25.6,佶優,09:00:00,0.01,94927896.8625,3729577.75,24,time63,28.8,9,33,276,sell,2021-06-09,4,29.2,28.4,2483,5452,2,26
31,672986.01,242.6,odd,20,2021-06-11,0.00285986653956,liquid_universe-2021-03-09-5452,daily_high_low_midpoint_proxy,13:30:00,264.6,26.1,佶優,09:00:00,0.01,92138636.5125,3557373.85,9,time63,29.4,0,9,277,sell,2021-06-09,2,29.8,29,3147,5452,0,22
99000,401386.01,-271600,board,385,2021-06-11,5.6419585461e-05,liquid_universe-2021-06-10-5609,daily_high_low_midpoint_proxy,13:30:00,270000,143.5,中菲行,08:59:00,0.01,1077638094.54,9915514.9,2000,leader_entry,135,2000,2000,278,buy,2021-06-10,1215,141,129,35448683,5609,0,1600
517,331177.01,-70209,odd,99,2021-06-11,0.00999767945545,liquid_universe-2021-06-10-5609,daily_high_low_midpoint_proxy,13:30:00,69795,143.5,中菲行,09:00:00,0.01,1077638094.54,9915514.9,517,leader_entry,135,2517,517,279,buy,2021-06-10,315,140,130,51712,5609,0,414
53000,554373.41,210108,board,302,2021-07-22,0.000376662872416,liquid_universe-2021-06-10-5609,daily_high_low_midpoint_proxy,13:30:00,212000,95,中菲行,08:59:00,0.01,1752024456.38,13756321.85,2000,loss12,106,517,2000,280,sell,2021-07-21,954,110,102,5309788,5609,636,1892
238,579376.41,25003,odd,36,2021-07-22,0.009979872526,liquid_universe-2021-06-10-5609,daily_high_low_midpoint_proxy,13:30:00,25228,95,中菲行,09:00:00,0.01,1752024456.38,13756321.85,238,loss12,106,279,517,281,sell,2021-07-21,114,109,103,23848,5609,75,225
79,587980.41,8604,odd,20,2021-07-23,0.00998230983068,liquid_universe-2021-06-10-5609,daily_high_low_midpoint_proxy,13:30:00,8690,98.6,中菲行,09:00:00,0.01,1475732515.72,11751454.15,79,loss12,110,200,279,282,sell,2021-07-21,40,111.5,108.5,7914,5609,26,86
445000,207539.41,-380441,board,539,2021-07-23,7.52612598206e-05,liquid_universe-2021-07-22-5351,daily_high_low_midpoint_proxy,13:30:00,378200,50.4,鈺創,08:59:00,0.01,1627182760.18,44568023.3,8000,leader_entry,47.275,8000,8000,283,buy,2021-07-22,1702,49.5,45.05,106296387,5351,0,2241
1274,199135.86,-8403.55,odd,20,2021-07-23,0.00138862737714,liquid_universe-2021-07-22-5351,daily_high_low_midpoint_proxy,13:30:00,8345.55,50.4,鈺創,09:00:00,0.01,1627182760.18,44568023.3,177,leader_entry,47.15,8177,177,284,buy,2021-07-22,38,49,45.3,127464,5351,0,58
92,209228.86,10093,odd,20,2021-07-26,0.00996102208748,liquid_universe-2021-06-10-5609,daily_high_low_midpoint_proxy,13:30:00,10189,98.1,中菲行,09:00:00,0.01,1317628394.62,10604102.5,92,loss12,110.75,108,200,285,sell,2021-07-21,46,112.5,109,9236,5609,30,96
142,220785.86,11557,odd,20,2021-07-27,0.00760563380282,liquid_universe-2021-06-10-5609,daily_high_low_midpoint_proxy,13:30:00,11664,101.5,中菲行,09:00:00,0.01,1138308408.38,9324169.2,108,loss12,108,0,108,286,sell,2021-07-21,53,111,105,14200,5609,34,107
327000,529009.86,308224,board,443,2021-08-18,0.000244448796991,liquid_universe-2021-07-22-5351,daily_high_low_midpoint_proxy,13:30:00,311000,33.95,鈺創,08:59:00,0.01,2348344369.53,49923608.25,8000,loss12,38.875,177,8000,287,sell,2021-08-17,1400,41.45,36.3,32726690,5351,933,2776
238,535916.09,6906.23,odd,20,2021-08-18,0.00740709742216,liquid_universe-2021-07-22-5351,daily_high_low_midpoint_proxy,13:30:00,6978.23,33.95,鈺創,09:00:00,0.01,2348344369.53,49923608.25,177,loss12,39.425,0,177,288,sell,2021-08-17,32,41.45,37.4,23896,5351,20,72
1302000,773774.09,237858,board,342,2021-08-23,7.67865628184e-06,liquid_universe-2021-05-24-2615,daily_high_low_midpoint_proxy,13:30:00,240000,203,萬海,08:59:00,0.01,29385724380,131169200,1000,time63,240,833,1000,289,sell,2021-08-20,1080,248,232,130231119,2615,720,2142
4321,975005.84,201231.75,odd,289,2021-08-23,0.00192752684191,liquid_universe-2021-05-24-2615,daily_high_low_midpoint_proxy,13:30:00,203043.75,203,萬海,09:00:00,0.01,29385724380,131169200,833,time63,243.75,0,833,290,sell,2021-08-20,914,248,239.5,432160,2615,609,1812
10000,737354.84,-237651,board,337,2021-08-26,0.000841148302016,liquid_universe-2021-08-25-6568,daily_high_low_midpoint_proxy,13:30:00,236250,257,宏觀,08:59:00,0.01,248895683.65,1091750.05,1000,leader_entry,236.25,1000,1000,291,buy,2021-08-25,1064,243,229.5,1188851,6568,0,1401
17,733308.09,-4046.75,odd,20,2021-08-26,0.00994152046784,liquid_universe-2021-08-25-6568,daily_high_low_midpoint_proxy,13:30:00,4007.75,257,宏觀,09:00:00,0.01,248895683.65,1091750.05,17,leader_entry,235.75,1017,495,292,buy,2021-08-25,19,240.5,231,1710,6568,0,39
42000,392299.09,-341009,board,483,2021-08-26,0.000127827932014,liquid_universe-2021-08-25-3504,daily_high_low_midpoint_proxy,13:30:00,339000,116.5,揚明光,08:59:00,0.01,396494682.605,4250804.8,3000,leader_entry,113,3000,3000,293,buy,2021-08-25,1526,116.5,109.5,23469049,3504,0,2009
165,373418.34,-18880.75,odd,27,2021-08-26,0.00997340425532,liquid_universe-2021-08-25-3504,daily_high_low_midpoint_proxy,13:30:00,18768.75,116.5,揚明光,09:00:00,0.01,396494682.605,4250804.8,165,leader_entry,113.75,3165,299,294,buy,2021-08-25,85,116.5,111,16544,3504,0,112
43000,554289.34,180871,board,260,2021-08-31,0.000232429330443,liquid_universe-2021-06-01-2636,daily_high_low_midpoint_proxy,13:30:00,182500,164.5,台驊控股,08:59:00,0.01,3287897125.1,18090060.35,1000,time63,182.5,0,1000,295,sell,2021-08-30,822,186,179,4302383,2636,547,1629
19000,234806.34,-319483,board,453,2021-09-01,0.000326681152253,liquid_universe-2021-08-31-1762,daily_high_low_midpoint_proxy,13:30:00,317600,87.2,中化生,08:59:00,0.01,135771021.56,1948500.85,4000,leader_entry,79.4,4000,4000,296,buy,2021-08-31,1430,81.2,77.6,12244355,1762,0,1883
68,229334.94,-5471.4,odd,20,2021-09-01,0.00996336996337,liquid_universe-2021-08-31-1762,daily_high_low_midpoint_proxy,13:30:00,5426.4,87.2,中化生,09:00:00,0.01,135771021.56,1948500.85,68,leader_entry,79.8,4068,570,297,buy,2021-08-31,25,81,78.6,6825,1762,0,45
30000,528886.94,299552,board,431,2021-09-15,0.000971805020928,liquid_universe-2021-08-25-3504,daily_high_low_midpoint_proxy,13:30:00,302250,91.4,揚明光,08:59:00,0.01,1004763540.5,8976392.6,3000,loss12,100.75,165,3000,298,sell,2021-09-14,1361,103.5,98,3087039,3504,906,2698
42,533035.94,4149,odd,20,2021-09-15,0.00978336827393,liquid_universe-2021-08-25-3504,daily_high_low_midpoint_proxy,13:30:00,4200,91.4,揚明光,09:00:00,0.01,1004763540.5,8976392.6,42,loss12,100,123,165,299,sell,2021-09-14,19,101.5,98.5,4293,3504,12,51
30,535957.94,2922,odd,20,2021-09-16,0.0098167539267,liquid_universe-2021-08-25-3504,daily_high_low_midpoint_proxy,13:30:00,2964,88.2,揚明光,09:00:00,0.01,1002984868.79,8945177.45,30,loss12,98.8,93,123,300,sell,2021-09-14,14,99.9,97.7,3056,3504,8,42
263000,171057.94,-364900,board,517,2021-09-16,6.65224336131e-05,liquid_universe-2021-09-15-1727,daily_high_low_midpoint_proxy,13:30:00,362750,38.35,中華化,08:59:00,0.01,691157962.63,26322623.8,10000,leader_entry,36.275,10000,10000,301,buy,2021-09-15,1633,38.35,34.2,150325228,1727,0,2150
906,151411.84,-19646.1,odd,28,2021-09-16,0.00596688982761,liquid_universe-2021-09-15-1727,daily_high_low_midpoint_proxy,13:30:00,19530.1,38.35,中華化,09:00:00,0.01,691157962.63,26322623.8,541,leader_entry,36.1,10541,541,302,buy,2021-09-15,88,37.75,34.45,90667,1727,0,116
20,153327.84,1916,odd,20,2021-09-17,0.0098231827112,liquid_universe-2021-08-25-3504,daily_high_low_midpoint_proxy,13:30:00,1950,87.3,揚明光,09:00:00,0.01,1007061245.48,8978719.75,20,loss12,97.5,73,93,303,sell,2021-09-14,9,98,97,2036,3504,5,34
128,160789.09,7461.25,odd,20,2021-09-22,0.00568314519268,liquid_universe-2021-08-25-3504,daily_high_low_midpoint_proxy,13:30:00,7537.25,87.4,揚明光,09:00:00,0.01,999701506.44,8883893.2,73,loss12,103.25,0,73,304,sell,2021-09-14,34,106.5,100,12845,3504,22,76
47000,434821.09,274032,board,394,2021-10-04,0.00210610249516,liquid_universe-2021-09-15-1727,daily_high_low_midpoint_proxy,13:30:00,276500,26.1,中華化,08:59:00,0.01,938482842.553,31584221.95,10000,loss12,27.65,541,10000,305,sell,2021-10-01,1245,29.2,26.1,4748107,1727,829,2468
77,436860.24,2039.15,odd,20,2021-10-04,0.0099239592731,liquid_universe-2021-09-15-1727,daily_high_low_midpoint_proxy,13:30:00,2075.15,26.1,中華化,09:00:00,0.01,938482842.553,31584221.95,77,loss12,26.95,464,541,306,sell,2021-10-01,10,27.7,26.2,7759,1727,6,36
100,439551.74,2691.5,odd,20,2021-10-05,0.00993048659384,liquid_universe-2021-09-15-1727,daily_high_low_midpoint_proxy,13:30:00,2732.5,23.5,中華化,09:00:00,0.01,924000995.542,30832243.25,100,loss12,27.325,364,464,307,sell,2021-10-01,13,28.7,25.95,10070,1727,8,41
198,445668.29,6116.55,odd,20,2021-10-06,0.00996477101158,liquid_universe-2021-09-15-1727,daily_high_low_midpoint_proxy,13:30:00,6182.55,25.85,中華化,09:00:00,0.01,902735997.583,29615447.2,198,loss12,31.225,166,364,308,sell,2021-10-01,28,31.55,30.9,19870,1727,18,66
333,451101.89,5433.6,odd,20,2021-10-07,0.00497482618077,liquid_universe-2021-09-15-1727,daily_high_low_midpoint_proxy,13:30:00,5494.6,28.4,中華化,09:00:00,0.01,916272095.383,29816794.75,166,loss12,33.1,0,166,309,sell,2021-10-01,25,34.4,31.8,33368,1727,16,61
17000,721863.89,270762,board,389,2021-10-13,0.00136587298064,liquid_universe-2021-08-31-1762,daily_high_low_midpoint_proxy,13:30:00,273200,63.4,中化生,08:59:00,0.01,141591285.895,1786723.85,4000,loss12,68.3,68,4000,310,sell,2021-10-12,1230,70.4,66.2,2928530,1762,819,2438
15,722865.64,1001.75,odd,20,2021-10-13,0.01,liquid_universe-2021-08-31-1762,daily_high_low_midpoint_proxy,13:30:00,1029.75,63.4,中化生,09:00:00,0.01,141591285.895,1786723.85,15,loss12,68.65,53,68,311,sell,2021-10-12,5,69.8,67.5,1500,1762,3,28
11,723582.69,717.05,odd,20,2021-10-14,0.00992779783394,liquid_universe-2021-08-31-1762,daily_high_low_midpoint_proxy,13:30:00,743.05,60.3,中化生,09:00:00,0.01,131736891.02,1689046.9,11,loss12,67.55,42,53,312,sell,2021-10-12,4,68.1,67,1108,1762,2,26
3,723767.19,184.5,odd,20,2021-10-15,0.00751879699248,liquid_universe-2021-08-31-1762,daily_high_low_midpoint_proxy,13:30:00,205.5,60.6,中化生,09:00:00,0.01,118316475.445,1536145.55,3,loss12,68.5,39,42,313,sell,2021-10-12,1,69,68,399,1762,0,21
6,724146.19,379,odd,20,2021-10-18,0.00961538461538,liquid_universe-2021-08-31-1762,daily_high_low_midpoint_proxy,13:30:00,402,60.8,中化生,09:00:00,0.01,108685789.68,1425474.4,6,loss12,67,33,39,314,sell,2021-10-12,2,67.4,66.6,624,1762,1,23
5,724459.44,313.25,odd,20,2021-10-19,0.00967117988395,liquid_universe-2021-08-31-1762,daily_high_low_midpoint_proxy,13:30:00,336.25,60.7,中化生,09:00:00,0.01,105409835.93,1391507.15,5,loss12,67.25,28,33,315,sell,2021-10-12,2,67.6,66.9,517,1762,1,23
5,724767.19,307.75,odd,20,2021-10-20,0.00836120401338,liquid_universe-2021-08-31-1762,daily_high_low_midpoint_proxy,13:30:00,329.75,60.2,中化生,09:00:00,0.01,102318799.255,1356027,5,loss12,65.95,23,28,316,sell,2021-10-12,2,66.3,65.6,598,1762,0,22
37000,473537.19,-251230,board,356,2021-10-20,0.000247652195276,liquid_universe-2021-10-19-4743,daily_high_low_midpoint_proxy,13:30:00,249750,262.5,合一,08:59:00,0.01,761543266.425,3702420.25,1000,leader_entry,249.75,1000,1000,317,buy,2021-10-19,1124,259.5,240,4037921,4743,0,1480
896,399748.19,-73789,odd,105,2021-10-20,0.00328092044326,liquid_universe-2021-10-19-4743,daily_high_low_midpoint_proxy,13:30:00,73353,262.5,合一,09:00:00,0.01,761543266.425,3702420.25,294,leader_entry,249.5,1294,294,318,buy,2021-10-19,331,259,240,89609,4743,0,436
27000,219687.19,-180061,board,255,2021-10-20,0.000158407259361,liquid_universe-2021-10-19-3515,daily_high_low_midpoint_proxy,13:30:00,179000,201,華擎,08:59:00,0.01,451882733.725,2734552.65,1000,leader_entry,179,1000,1000,319,buy,2021-10-19,806,184,174,6312842,3515,0,1061
104,201065.19,-18622,odd,26,2021-10-20,0.00993978782376,liquid_universe-2021-10-19-3515,daily_high_low_midpoint_proxy,13:30:00,18512,201,華擎,09:00:00,0.01,451882733.725,2734552.65,104,leader_entry,178,1104,690,320,buy,2021-10-19,84,181,175,10463,3515,0,110
1,201110.44,45.25,odd,20,2021-10-21,0.00537634408602,liquid_universe-2021-08-31-1762,daily_high_low_midpoint_proxy,13:30:00,66.25,59.8,中化生,09:00:00,0.01,103225902.135,1376589.8,1,loss12,66.25,22,23,321,sell,2021-10-12,1,66.5,66,186,1762,0,21
1,201155.54,45.1,odd,20,2021-10-25,0.00537634408602,liquid_universe-2021-08-31-1762,daily_high_low_midpoint_proxy,13:30:00,66.1,58.7,中化生,09:00:00,0.01,98378951.36,1329705.6,1,loss12,66.1,21,22,322,sell,2021-10-12,1,66.9,65.3,186,1762,0,21
4,201405.94,250.4,odd,20,2021-10-26,0.00877192982456,liquid_universe-2021-08-31-1762,daily_high_low_midpoint_proxy,13:30:00,272.4,58.4,中化生,09:00:00,0.01,91260027.08,1247128.6,4,loss12,68.1,17,21,323,sell,2021-10-12,2,71.2,65,456,1762,0,22
5,201715.19,309.25,odd,20,2021-10-27,0.00837520938023,liquid_universe-2021-08-31-1762,daily_high_low_midpoint_proxy,13:30:00,331.25,57.6,中化生,09:00:00,0.01,87834975.53,1212968.4,5,loss12,66.25,12,17,324,sell,2021-10-12,2,68.5,64,597,1762,0,22
4,201956.99,241.8,odd,20,2021-10-28,0.00803212851406,liquid_universe-2021-08-31-1762,daily_high_low_midpoint_proxy,13:30:00,263.8,58.9,中化生,09:00:00,0.01,90499730.295,1261729.9,4,loss12,65.95,8,12,325,sell,2021-10-12,2,66.8,65.1,498,1762,0,22
2,202068.59,111.6,odd,20,2021-10-29,0.00816326530612,liquid_universe-2021-08-31-1762,daily_high_low_midpoint_proxy,13:30:00,132.6,59,中化生,09:00:00,0.01,84740030.77,1193363.6,2,loss12,66.3,6,8,326,sell,2021-10-12,1,67.1,65.5,245,1762,0,21
2,202180.79,112.2,odd,20,2021-11-01,0.00709219858156,liquid_universe-2021-08-31-1762,daily_high_low_midpoint_proxy,13:30:00,133.2,58.7,中化生,09:00:00,0.01,83947786.32,1191745,2,loss12,66.6,4,6,327,sell,2021-10-12,1,67.5,65.7,282,1762,0,21
6,202421.19,240.4,odd,20,2021-11-02,0.00576368876081,liquid_universe-2021-08-31-1762,daily_high_low_midpoint_proxy,13:30:00,262.4,58.9,中化生,09:00:00,0.01,80512553.71,1152093.85,4,loss12,65.6,0,4,328,sell,2021-10-12,2,66.2,65,694,1762,0,22
16000,529228.19,326807,board,470,2021-11-26,0.000497153547365,liquid_universe-2021-08-25-6568,daily_high_low_midpoint_proxy,13:30:00,329750,308,宏觀,08:59:00,0.01,607524566,1682331.55,1000,time63,329.75,17,1000,329,sell,2021-11-25,1484,344.5,315,2011451,6568,989,2943
175,534788.94,5560.75,odd,20,2021-11-26,0.000967228038234,liquid_universe-2021-08-25-6568,daily_high_low_midpoint_proxy,13:30:00,5622.75,308,宏觀,09:00:00,0.01,607524566,1682331.55,17,time63,330.75,0,17,330,sell,2021-11-25,26,342.5,319,17576,6568,16,62
38000,232507.94,-302281,board,428,2021-11-29,9.88786293302e-05,liquid_universe-2021-11-26-2497,daily_high_low_midpoint_proxy,13:30:00,300500,65.7,怡利電,08:59:00,0.01,184760069.657,3848559.1,5000,leader_entry,60.1,5000,5000,331,buy,2021-11-26,1353,62.7,57.5,50567044,2497,0,1781
226,218820.74,-13687.2,odd,20,2021-11-29,0.0099700017646,liquid_universe-2021-11-26-2497,daily_high_low_midpoint_proxy,13:30:00,13605.2,65.7,怡利電,09:00:00,0.01,184760069.657,3848559.1,226,leader_entry,60.2,5226,958,332,buy,2021-11-26,62,62.1,58.3,22668,2497,0,82
9000,466836.74,248016,board,357,2022-01-18,0.00100513523592,liquid_universe-2021-10-19-4743,daily_high_low_midpoint_proxy,13:30:00,250250,226.5,合一,08:59:00,0.01,512240081.075,1880307.35,1000,time63,250.25,294,1000,333,sell,2022-01-17,1127,253.5,247,994891,4743,750,2234
228,523497.74,56661,odd,81,2022-01-18,0.00997462595153,liquid_universe-2021-10-19-4743,daily_high_low_midpoint_proxy,13:30:00,57171,226.5,合一,09:00:00,0.01,512240081.075,1880307.35,228,time63,250.75,66,294,334,sell,2022-01-17,258,253.5,248,22858,4743,171,510
8000,778699.74,255202,board,367,2022-01-18,0.00115993805931,liquid_universe-2021-10-19-3515,daily_high_low_midpoint_proxy,13:30:00,257500,230.5,華擎,08:59:00,0.01,653321286.35,2443723.6,1000,time63,257.5,104,1000,335,sell,2022-01-17,1159,261.5,253.5,862115,3515,772,2298
28,785884.74,7185,odd,20,2022-01-18,0.00967519004838,liquid_universe-2021-10-19-3515,daily_high_low_midpoint_proxy,13:30:00,7259,230.5,華擎,09:00:00,0.01,653321286.35,2443723.6,28,time63,259.25,76,104,336,sell,2022-01-17,33,261.5,257,2894,3515,21,74
135,802090.24,16205.5,odd,23,2022-01-19,0.00488563180102,liquid_universe-2021-10-19-4743,daily_high_low_midpoint_proxy,13:30:00,16351.5,223.5,合一,09:00:00,0.01,500676056.275,1845894.6,66,time63,247.75,0,66,337,sell,2022-01-17,74,249.5,246,13509,4743,49,146
12,805116.24,3026,odd,20,2022-01-19,0.00990099009901,liquid_universe-2021-10-19-3515,daily_high_low_midpoint_proxy,13:30:00,3069,232.5,華擎,09:00:00,0.01,634287642.95,2374729.25,12,time63,255.75,64,76,338,sell,2022-01-17,14,258,253.5,1212,3515,9,43
61000,542720.24,-262396,board,372,2022-01-19,0.000409380489963,liquid_universe-2022-01-18-3036,daily_high_low_midpoint_proxy,13:30:00,260850,99.2,文曄,08:59:00,0.01,483406717.435,6136955.75,3000,leader_entry,86.95,3000,3000,339,buy,2022-01-18,1174,88.8,85.1,7328146,3036,0,1546
299,516537.29,-26182.95,odd,37,2022-01-19,0.00996733115541,liquid_universe-2022-01-18-3036,daily_high_low_midpoint_proxy,13:30:00,26027.95,99.2,文曄,09:00:00,0.01,483406717.435,6136955.75,299,leader_entry,87.05,3299,944,340,buy,2022-01-18,118,88.6,85.5,29998,3036,0,155
16000,277630.29,-238907,board,338,2022-01-19,0.000562899042649,liquid_universe-2022-01-18-4171,daily_high_low_midpoint_proxy,13:30:00,237500,131,瑞基,08:59:00,0.01,172967130.325,1603370.2,2000,leader_entry,118.75,2000,2000,341,buy,2022-01-18,1069,122,115.5,3553035,4171,0,1407
66,269786.29,-7844,odd,20,2022-01-19,0.00999545661063,liquid_universe-2022-01-18-4171,daily_high_low_midpoint_proxy,13:30:00,7788,131,瑞基,09:00:00,0.01,172967130.325,1603370.2,66,leader_entry,118,2066,885,342,buy,2022-01-18,36,119.5,116.5,6603,4171,0,56
20,274823.29,5037,odd,20,2022-01-20,0.0099850224663,liquid_universe-2021-10-19-3515,daily_high_low_midpoint_proxy,13:30:00,5095,228,華擎,09:00:00,0.01,615665367.1,2306902.95,20,time63,254.75,44,64,343,sell,2022-01-17,23,258.5,251,2003,3515,15,58
39,284402.29,9579,odd,20,2022-01-21,0.00978670012547,liquid_universe-2021-10-19-3515,daily_high_low_midpoint_proxy,13:30:00,9672,226.5,華擎,09:00:00,0.01,607828124.825,2280606.6,39,time63,248,5,44,344,sell,2022-01-17,44,252,244,3985,3515,29,93
41,285570.79,1168.5,odd,20,2022-01-24,0.001196744854,liquid_universe-2021-10-19-3515,daily_high_low_midpoint_proxy,13:30:00,1197.5,223,華擎,09:00:00,0.01,600237183.7,2256857.25,5,time63,239.5,0,5,345,sell,2022-01-17,6,244,235,4178,3515,3,29
4000,477146.79,191576,board,275,2022-02-07,0.00451671183379,liquid_universe-2022-01-18-4171,daily_high_low_midpoint_proxy,13:30:00,193300,86.5,瑞基,08:59:00,0.01,263559880.29,2444665.9,2000,loss12,96.65,66,2000,346,sell,2022-01-26,870,97.5,95.8,442800,4171,579,1724
46,481552.49,4405.7,odd,20,2022-02-07,0.0098564388258,liquid_universe-2022-01-18-4171,daily_high_low_midpoint_proxy,13:30:00,4459.7,86.5,瑞基,09:00:00,0.01,263559880.29,2444665.9,46,loss12,96.95,20,66,347,sell,2022-01-26,21,97.9,96,4667,4171,13,54
64,483390.49,1838,odd,20,2022-02-08,0.00311817898347,liquid_universe-2022-01-18-4171,daily_high_low_midpoint_proxy,13:30:00,1872,86.8,瑞基,09:00:00,0.01,264942244.53,2458133.1,20,loss12,93.6,0,20,348,sell,2022-01-26,9,95,92.2,6414,4171,5,34
53000,124274.49,-359116,board,509,2022-02-08,0.00223939297521,liquid_universe-2022-02-07-1529,daily_high_low_midpoint_proxy,13:30:00,357000,32.05,樂事綠能,08:59:00,0.01,250237230.765,10131767.55,12000,leader_entry,29.75,12000,12000,349,buy,2022-02-07,1607,31,28.5,5358595,1529,0,2116
152,119787.49,-4487,odd,20,2022-02-08,0.00999868438363,liquid_universe-2022-02-07-1529,daily_high_low_midpoint_proxy,13:30:00,4446,32.05,樂事綠能,09:00:00,0.01,250237230.765,10131767.55,152,leader_entry,29.25,12152,588,350,buy,2022-02-07,21,30.1,28.4,15202,1529,0,41
79000,423948.49,304161,board,437,2022-03-02,0.00150184952769,liquid_universe-2022-02-07-1529,daily_high_low_midpoint_proxy,13:30:00,306900,23.15,樂事綠能,08:59:00,0.01,308466400.688,11179718,12000,loss12,25.575,152,12000,351,sell,2022-03-01,1382,26.3,24.85,7990148,1529,920,2739
64,425543.69,1595.2,odd,20,2022-03-02,0.00989945862336,liquid_universe-2022-02-07-1529,daily_high_low_midpoint_proxy,13:30:00,1627.2,23.15,樂事綠能,09:00:00,0.01,308466400.688,11179718,64,loss12,25.425,88,152,352,sell,2022-03-01,8,25.9,24.95,6465,1529,4,32
121,427790.29,2246.6,odd,20,2022-03-03,0.00722851979629,liquid_universe-2022-02-07-1529,daily_high_low_midpoint_proxy,13:30:00,2283.6,23.05,樂事綠能,09:00:00,0.01,304196606.785,10930581.85,88,loss12,25.95,0,88,353,sell,2022-03-01,11,27.1,24.8,12174,1529,6,37
109000,34347.29,-393443,board,557,2022-03-03,0.000725282832502,liquid_universe-2022-03-02-2906,daily_high_low_midpoint_proxy,13:30:00,391125,27.5,高林,08:59:00,0.01,233385665.59,10925649.4,15000,leader_entry,26.075,15000,15000,354,buy,2022-03-02,1761,27.5,24.65,20681587,2906,0,2318
135,30770.91,-3576.38,odd,20,2022-03-03,0.00993304392613,liquid_universe-2022-03-02-2906,daily_high_low_midpoint_proxy,13:30:00,3540.38,27.5,高林,09:00:00,0.01,233385665.59,10925649.4,135,leader_entry,26.225,15135,382,355,buy,2022-03-02,16,27.5,24.95,13591,2906,0,36
16000,547368.91,516598,board,743,2022-03-09,0.00298870032182,liquid_universe-2021-11-26-2497,daily_high_low_midpoint_proxy,13:30:00,521250,88.7,怡利電,08:59:00,0.01,975103263.175,9906670.5,5000,time63,104.25,226,5000,356,sell,2022-03-08,2346,106.5,102,1672968,2497,1563,4652
76,555343.91,7975,odd,20,2022-03-09,0.00999605418914,liquid_universe-2021-11-26-2497,daily_high_low_midpoint_proxy,13:30:00,8056,88.7,怡利電,09:00:00,0.01,975103263.175,9906670.5,76,time63,106,150,226,357,sell,2022-03-08,37,107.5,104.5,7603,2497,24,81
23,557743.91,2400,odd,20,2022-03-10,0.00968828980623,liquid_universe-2021-11-26-2497,daily_high_low_midpoint_proxy,13:30:00,2438,93.6,怡利電,09:00:00,0.01,871247543.675,8681538.05,23,time63,106,127,150,358,sell,2022-03-08,11,107.5,104.5,2374,2497,7,38
180000,889630.91,331887,board,477,2022-03-10,0.000695130757339,liquid_universe-2022-03-02-2906,daily_high_low_midpoint_proxy,13:30:00,334875,18.9,高林,08:59:00,0.01,410890942.535,18054746.15,15000,loss12,22.325,135,15000,359,sell,2022-03-09,1507,23.1,21.55,21578674,2906,1004,2988
91,891644.69,2013.78,odd,20,2022-03-10,0.00997588248191,liquid_universe-2022-03-02-2906,daily_high_low_midpoint_proxy,13:30:00,2049.78,18.9,高林,09:00:00,0.01,410890942.535,18054746.15,91,loss12,22.525,44,135,360,sell,2022-03-09,10,23.1,21.95,9122,2906,6,36
37,895388.19,3743.5,odd,20,2022-03-11,0.00973940510661,liquid_universe-2021-11-26-2497,daily_high_low_midpoint_proxy,13:30:00,3792.5,94.5,怡利電,09:00:00,0.01,691830770.415,6781724.15,37,time63,102.5,90,127,361,sell,2022-03-08,18,104,101,3799,2497,11,49
132,896427.19,1039,odd,20,2022-03-11,0.00330876823582,liquid_universe-2022-03-02-2906,daily_high_low_midpoint_proxy,13:30:00,1067,20.8,高林,09:00:00,0.01,435730470.83,19128200.1,44,loss12,24.25,0,44,362,sell,2022-03-09,5,25,23.5,13298,2906,3,28
30,899474.19,3047,odd,20,2022-03-14,0.00991080277502,liquid_universe-2021-11-26-2497,daily_high_low_midpoint_proxy,13:30:00,3090,93.2,怡利電,09:00:00,0.01,508357091.415,4868694.9,30,time63,103,60,90,363,sell,2022-03-08,14,104,102,3027,2497,9,43
47,904118.19,4644,odd,20,2022-03-15,0.00985118423811,liquid_universe-2021-11-26-2497,daily_high_low_midpoint_proxy,13:30:00,4700,91.8,怡利電,09:00:00,0.01,350725899.615,3291583,47,time63,100,13,60,364,sell,2022-03-08,22,103,97,4771,2497,14,56
50,905345.64,1227.45,odd,20,2022-03-16,0.00259377494014,liquid_universe-2021-11-26-2497,daily_high_low_midpoint_proxy,13:30:00,1256.45,86.9,怡利電,09:00:00,0.01,332877598.265,3101188.5,13,time63,96.65,0,13,365,sell,2022-03-08,6,98.7,94.6,5012,2497,3,29
38000,556087.64,-349258,board,495,2022-03-31,0.0018198101938,liquid_universe-2022-03-30-5603,daily_high_low_midpoint_proxy,13:30:00,347200,55.1,陸海,08:59:00,0.01,219187266.502,5114690.35,7000,leader_entry,49.6,7000,7000,366,buy,2022-03-30,1563,50.7,48.5,3846555,5603,0,2058
192,552828.64,-3259,odd,20,2022-03-31,0.00338541666667,liquid_universe-2022-03-30-5603,daily_high_low_midpoint_proxy,13:30:00,3224,55.1,陸海,09:00:00,0.01,219187266.502,5114690.35,65,leader_entry,49.6,7065,65,367,buy,2022-03-30,15,50.6,48.6,19200,5603,0,35
36000,205783.64,-347045,board,492,2022-03-31,0.000143157536451,liquid_universe-2022-03-30-3122,daily_high_low_midpoint_proxy,13:30:00,345000,73.8,笙泉,08:59:00,0.01,213364686.11,3621511.35,5000,leader_entry,69,5000,5000,368,buy,2022-03-30,1553,71.8,66.2,34926558,3122,0,2045
157,194913.04,-10870.6,odd,20,2022-03-31,0.00998410174881,liquid_universe-2022-03-30-3122,daily_high_low_midpoint_proxy,13:30:00,10801.6,73.8,笙泉,09:00:00,0.01,213364686.11,3621511.35,157,leader_entry,68.8,5157,275,369,buy,2022-03-30,49,70.4,67.2,15725,3122,0,69
33000,487528.04,292615,board,421,2022-04-12,0.00149756780014,liquid_universe-2022-03-30-3122,daily_high_low_midpoint_proxy,13:30:00,295250,53.1,笙泉,08:59:00,0.01,372824471.89,5832940.95,5000,loss12,59.05,157,5000,370,sell,2022-04-11,1329,60.6,57.5,3338747,3122,885,2635
25,489000.79,1472.75,odd,20,2022-04-12,0.00983090837593,liquid_universe-2022-03-30-3122,daily_high_low_midpoint_proxy,13:30:00,1503.75,53.1,笙泉,09:00:00,0.01,372824471.89,5832940.95,25,loss12,60.15,132,157,371,sell,2022-04-11,7,61.3,59,2543,3122,4,31
20,490173.79,1173,odd,20,2022-04-13,0.009765625,liquid_universe-2022-03-30-3122,daily_high_low_midpoint_proxy,13:30:00,1202,52.2,笙泉,09:00:00,0.01,378951020.49,5932787.4,20,loss12,60.1,112,132,372,sell,2022-04-11,6,61.5,58.7,2048,3122,3,29
46,492927.29,2753.5,odd,20,2022-04-14,0.009907387465,liquid_universe-2022-03-30-3122,daily_high_low_midpoint_proxy,13:30:00,2794.5,54.1,笙泉,09:00:00,0.01,390152214.1,6115294.95,46,loss12,60.75,66,112,373,sell,2022-04-11,13,62,59.5,4643,3122,8,41
43,495373.69,2446.4,odd,20,2022-04-15,0.00991697416974,liquid_universe-2022-03-30-3122,daily_high_low_midpoint_proxy,13:30:00,2485.4,54,笙泉,09:00:00,0.01,401533729.285,6298892.75,43,loss12,57.8,23,66,374,sell,2022-04-11,12,58.8,56.8,4336,3122,7,39
12,496019.09,645.4,odd,20,2022-04-18,0.0096,liquid_universe-2022-03-30-3122,daily_high_low_midpoint_proxy,13:30:00,671.4,50.2,笙泉,09:00:00,0.01,408244512.465,6416807.85,12,loss12,55.95,11,23,375,sell,2022-04-11,4,56.2,55.7,1250,3122,2,26
3,496164.59,145.5,odd,20,2022-04-19,0.00952380952381,liquid_universe-2022-03-30-3122,daily_high_low_midpoint_proxy,13:30:00,166.5,49.5,笙泉,09:00:00,0.01,405918704.595,6374071.7,3,loss12,55.5,8,11,376,sell,2022-04-11,1,56,55,315,3122,0,21
8,496593.39,428.8,odd,20,2022-04-20,0.00987654320988,liquid_universe-2022-03-30-3122,daily_high_low_midpoint_proxy,13:30:00,452.8,49.15,笙泉,09:00:00,0.01,407392285.01,6401572.85,8,loss12,56.6,0,8,377,sell,2022-04-11,3,57.9,55.3,810,3122,1,24
25000,716166.39,219573,board,316,2022-04-21,0.000307814833782,liquid_universe-2022-01-18-3036,daily_high_low_midpoint_proxy,13:30:00,221550,66.9,文曄,08:59:00,0.01,198572344.38,2518632.8,3000,loss12,73.85,299,3000,378,sell,2022-04-20,997,74.8,72.9,9746119,3036,664,1977
104,723784.39,7618,odd,20,2022-04-21,0.00999423409571,liquid_universe-2022-01-18-3036,daily_high_low_midpoint_proxy,13:30:00,7696,66.9,文曄,09:00:00,0.01,198572344.38,2518632.8,104,loss12,74,195,299,379,sell,2022-04-20,35,74.8,73.2,10406,3036,23,78
173,736282.09,12497.7,odd,20,2022-04-22,0.00998672285401,liquid_universe-2022-01-18-3036,daily_high_low_midpoint_proxy,13:30:00,12611.7,66.5,文曄,09:00:00,0.01,227507075.14,2922958.25,173,loss12,72.9,22,195,380,sell,2022-04-20,57,73.5,72.3,17323,3036,37,114
181,737800.99,1518.9,odd,20,2022-04-25,0.00121078701156,liquid_universe-2022-01-18-3036,daily_high_low_midpoint_proxy,13:30:00,1549.9,65,文曄,09:00:00,0.01,248947779.985,3230180.85,22,loss12,70.45,0,22,381,sell,2022-04-20,7,71,69.9,18170,3036,4,31
3000,868102.99,130302,board,187,2022-06-15,0.00772345897685,liquid_universe-2022-03-30-5603,daily_high_low_midpoint_proxy,13:30:00,131475,38.95,陸海,08:59:00,0.01,26418357.93,575461.7,3000,loss12,43.825,4065,7000,382,sell,2022-06-14,592,44.4,43.25,388427,5603,394,1173
19,868910.62,807.63,odd,20,2022-06-15,0.00996329313057,liquid_universe-2022-03-30-5603,daily_high_low_midpoint_proxy,13:30:00,833.63,38.95,陸海,09:00:00,0.01,26418357.93,575461.7,19,loss12,43.875,4046,65,383,sell,2022-06-14,4,44.25,43.5,1907,5603,2,26
5000,1039375.62,170465,board,245,2022-06-16,0.00739538306235,liquid_universe-2022-03-30-5603,daily_high_low_midpoint_proxy,13:30:00,172000,39.4,陸海,08:59:00,0.01,25995282.1925,567917.8,4000,loss12,43,46,4000,384,sell,2022-06-14,774,44.2,41.8,540878,5603,516,1535
59,1041327.67,1952.05,odd,20,2022-06-16,0.00766922307436,liquid_universe-2022-03-30-5603,daily_high_low_midpoint_proxy,13:30:00,1986.05,39.4,陸海,09:00:00,0.01,25995282.1925,567917.8,46,loss12,43.175,0,46,385,sell,2022-06-14,9,44.35,42,5998,5603,5,34
97000,739398.67,-301929,board,428,2022-11-16,0.000922892533881,liquid_universe-2022-11-15-2009,daily_high_low_midpoint_proxy,13:30:00,300150,37.6,第一銅,08:59:00,0.01,375364601.117,12951036.05,9000,leader_entry,33.35,9000,9000,386,buy,2022-11-15,1351,34.05,32.65,9751948,2009,0,1779
156,734136.47,-5262.2,odd,20,2022-11-16,0.00999615532488,liquid_universe-2022-11-15-2009,daily_high_low_midpoint_proxy,13:30:00,5218.2,37.6,第一銅,09:00:00,0.01,375364601.117,12951036.05,156,leader_entry,33.45,9156,176,387,buy,2022-11-15,24,33.85,33.05,15606,2009,0,44
569,497031.22,-237105.25,odd,336,2022-11-16,0.00999876992286,liquid_universe-2022-11-15-6472,daily_high_low_midpoint_proxy,13:30:00,235708.25,441.5,保瑞,09:00:00,0.01,1783658141.1,5624083.3,569,leader_entry,414.25,569,781,388,buy,2022-11-15,1061,427.5,401,56907,6472,0,1397
647000,205815.22,-291216,board,413,2022-11-16,3.70013474102e-05,liquid_universe-2022-11-15-1605,daily_high_low_midpoint_proxy,13:30:00,289500,53.1,華新,08:59:00,0.01,2631869398.66,64727168.85,6000,leader_entry,48.25,6000,6000,389,buy,2022-11-15,1303,49.3,47.2,162156257,1605,0,1716
1572,181769.22,-24046,odd,34,2022-11-16,0.00316602562065,liquid_universe-2022-11-15-1605,daily_high_low_midpoint_proxy,13:30:00,23904,53.1,華新,09:00:00,0.01,2631869398.66,64727168.85,498,leader_entry,48,6498,498,390,buy,2022-11-15,108,48.6,47.4,157295,1605,0,142
27000,503769.22,322000,board,463,2023-02-24,0.0032898392219,liquid_universe-2022-11-15-2009,daily_high_low_midpoint_proxy,13:30:00,324900,32.75,第一銅,08:59:00,0.01,329651570.23,9058098.45,9000,time63,36.1,156,9000,391,sell,2023-02-23,1463,36.5,35.7,2735696,2009,974,2900
98,507263.47,3494.25,odd,20,2023-02-24,0.00997861724875,liquid_universe-2022-11-15-2009,daily_high_low_midpoint_proxy,13:30:00,3540.25,32.75,第一銅,09:00:00,0.01,329651570.23,9058098.45,98,time63,36.125,58,156,392,sell,2023-02-23,16,36.35,35.9,9821,2009,10,46
102,558414.47,51151,odd,74,2023-02-24,0.00994345876389,liquid_universe-2022-11-15-6472,daily_high_low_midpoint_proxy,13:30:00,51612,459,保瑞,09:00:00,0.01,1875646694.45,3878119.7,102,time63,506,467,569,393,sell,2023-02-23,233,512,500,10258,6472,154,461
466000,897659.47,339245,board,488,2023-02-24,0.000128610691578,liquid_universe-2022-11-15-1605,daily_high_low_midpoint_proxy,13:30:00,342300,51.6,華新,08:59:00,0.01,3651922884.07,66979301.8,6000,time63,57.05,498,6000,394,sell,2023-02-23,1541,57.9,56.2,46652420,1605,1026,3055
838,925841.27,28181.8,odd,41,2023-02-24,0.00594087753203,liquid_universe-2022-11-15-1605,daily_high_low_midpoint_proxy,13:30:00,28435.8,51.6,華新,09:00:00,0.01,3651922884.07,66979301.8,498,time63,57.1,0,498,395,sell,2023-02-23,128,57.6,56.6,83826,1605,85,254
164,927878.77,2037.5,odd,20,2023-03-01,0.00352948335666,liquid_universe-2022-11-15-2009,daily_high_low_midpoint_proxy,13:30:00,2073.5,32.35,第一銅,09:00:00,0.01,330812191.738,9076774.5,58,time63,35.75,0,58,396,sell,2023-02-23,10,36.4,35.1,16433,2009,6,36
102,979231.77,51353,odd,74,2023-03-01,0.00992990654206,liquid_universe-2022-11-15-6472,daily_high_low_midpoint_proxy,13:30:00,51816,453,保瑞,09:00:00,0.01,1832492137.65,3760613.25,102,time63,508,365,467,397,sell,2023-02-23,234,512,504,10272,6472,155,463
162,1062238.77,83007,odd,119,2023-03-02,0.00997967104047,liquid_universe-2022-11-15-6472,daily_high_low_midpoint_proxy,13:30:00,83754,463,保瑞,09:00:00,0.01,1804331780.75,3682705.8,162,time63,517,203,365,398,sell,2023-02-23,377,520,514,16233,6472,251,747
125,1126596.27,64357.5,odd,93,2023-03-03,0.00993719691549,liquid_universe-2022-11-15-6472,daily_high_low_midpoint_proxy,13:30:00,64937.5,463,保瑞,09:00:00,0.01,1769946523.65,3592779.05,125,time63,519.5,78,203,399,sell,2023-02-23,293,522,517,12579,6472,194,580
371,1166176.27,39580,odd,57,2023-03-06,0.00210180270001,liquid_universe-2022-11-15-6472,daily_high_low_midpoint_proxy,13:30:00,39936,469,保瑞,09:00:00,0.01,1749503167.83,3532331.65,78,time63,512,0,78,400,sell,2023-02-23,180,534,490,37111,6472,119,356
7000,976558.27,-189618,board,269,2023-03-06,0.000539675018497,liquid_universe-2023-03-03-6556,daily_high_low_midpoint_proxy,13:30:00,188500,196.5,勝品,08:59:00,0.01,114178747.6,746746.1,1000,leader_entry,188.5,1000,1000,401,buy,2023-03-03,849,194.5,182.5,1852967,6556,0,1118
53,966608.77,-9949.5,odd,20,2023-03-06,0.00982209043736,liquid_universe-2023-03-03-6556,daily_high_low_midpoint_proxy,13:30:00,9884.5,196.5,勝品,09:00:00,0.01,114178747.6,746746.1,53,leader_entry,186.5,1053,899,402,buy,2023-03-03,45,190,183,5396,6556,0,65
4000,754357.77,-212251,board,301,2023-03-06,0.00056473724188,liquid_universe-2023-03-03-6811,daily_high_low_midpoint_proxy,13:30:00,211000,229.5,宏碁資訊,08:59:00,0.01,72337027.875,410735.55,1000,leader_entry,211,1000,1000,403,buy,2023-03-03,950,217,205,1770735,6811,0,1251
75,738344.02,-16013.75,odd,23,2023-03-06,0.00987101868913,liquid_universe-2023-03-03-6811,daily_high_low_midpoint_proxy,13:30:00,15918.75,229.5,宏碁資訊,09:00:00,0.01,72337027.875,410735.55,75,leader_entry,212.25,1075,626,404,buy,2023-03-03,72,216.5,208,7598,6811,0,95
58000,423740.02,-314604,board,446,2023-03-06,6.60029396389e-05,liquid_universe-2023-03-03-3362,daily_high_low_midpoint_proxy,13:30:00,312750,108,先進光,08:59:00,0.01,508395470.4,5859920,3000,leader_entry,104.25,3000,3000,405,buy,2023-03-03,1408,108,100.5,45452521,3362,0,1854
533,401876.02,-21864,odd,31,2023-03-06,0.00387938304691,liquid_universe-2023-03-03-3362,daily_high_low_midpoint_proxy,13:30:00,21735,108,先進光,09:00:00,0.01,508395470.4,5859920,207,leader_entry,105,3207,207,406,buy,2023-03-03,98,108,102,53359,3362,0,129
3000,592410.02,190534,board,274,2023-03-17,0.00297754632318,liquid_universe-2023-03-03-6811,daily_high_low_midpoint_proxy,13:30:00,192250,165.5,宏碁資訊,08:59:00,0.01,116804906.575,608317.05,1000,loss12,192.25,75,1000,407,sell,2023-03-16,866,198.5,186,335847,6811,576,1716
28,597760.02,5350,odd,20,2023-03-17,0.00999286224126,liquid_universe-2023-03-03-6811,daily_high_low_midpoint_proxy,13:30:00,5411,165.5,宏碁資訊,09:00:00,0.01,116804906.575,608317.05,28,loss12,193.25,47,75,408,sell,2023-03-16,25,199.5,187,2802,6811,16,61
44,606660.02,8900,odd,20,2023-03-20,0.00990321854603,liquid_universe-2023-03-03-6811,daily_high_low_midpoint_proxy,13:30:00,8987,177.5,宏碁資訊,09:00:00,0.01,117754685.875,609066.45,44,loss12,204.25,3,47,409,sell,2023-03-16,41,211.5,197,4443,6811,26,87
120,455469.02,-151191,odd,214,2023-03-20,0.00994530084535,liquid_universe-2023-03-17-5269,daily_high_low_midpoint_proxy,13:30:00,150300,1390,祥碩,09:00:00,0.01,1406670710.45,1326389.5,120,leader_entry,1252.5,120,273,410,buy,2023-03-17,677,1280,1225,12066,5269,0,891
35,456073.52,604.5,odd,20,2023-03-21,0.000840336134454,liquid_universe-2023-03-03-6811,daily_high_low_midpoint_proxy,13:30:00,628.5,189,宏碁資訊,09:00:00,0.01,120959458.95,618787.3,3,loss12,209.5,0,3,411,sell,2023-03-16,3,213.5,205.5,3570,6811,1,24
1000,613406.52,157333,board,226,2023-03-29,0.00658982925752,liquid_universe-2023-03-03-6556,daily_high_low_midpoint_proxy,13:30:00,158750,141,勝品,08:59:00,0.01,105476853.675,596907.3,1000,loss12,158.75,53,1000,412,sell,2023-03-28,715,161.5,156,151749,6556,476,1417
7,614486.27,1079.75,odd,20,2023-03-29,0.00934579439252,liquid_universe-2023-03-03-6556,daily_high_low_midpoint_proxy,13:30:00,1107.75,141,勝品,09:00:00,0.01,105476853.675,596907.3,7,loss12,158.25,46,53,413,sell,2023-03-28,5,160.5,156,749,6556,3,28
8,615733.27,1247,odd,20,2023-03-30,0.00891861761427,liquid_universe-2023-03-03-6556,daily_high_low_midpoint_proxy,13:30:00,1276,141,勝品,09:00:00,0.01,102268759.675,576762.7,8,loss12,159.5,38,46,414,sell,2023-03-28,6,160.5,158.5,897,6556,3,29
10000,292831.27,-322902,board,457,2023-03-30,0.00206257863581,liquid_universe-2023-03-29-8931,daily_high_low_midpoint_proxy,13:30:00,321000,87.2,大汽電,08:59:00,0.01,68999554.65,1049342.45,4000,leader_entry,80.25,4000,4000,415,buy,2023-03-29,1445,82.5,78,1939320,8931,0,1902
92,285412.67,-7418.6,odd,20,2023-03-30,0.00993949870354,liquid_universe-2023-03-29-8931,daily_high_low_midpoint_proxy,13:30:00,7364.6,87.2,大汽電,09:00:00,0.01,68999554.65,1049342.45,92,leader_entry,80.05,4092,109,416,buy,2023-03-29,34,82,78.1,9256,8931,0,54
8,286653.67,1241,odd,20,2023-03-31,0.00959232613909,liquid_universe-2023-03-03-6556,daily_high_low_midpoint_proxy,13:30:00,1270,141,勝品,09:00:00,0.01,99763962.85,561812.6,8,loss12,158.75,30,38,417,sell,2023-03-28,6,161.5,156,834,6556,3,29
22,290039.67,3386,odd,20,2023-04-06,0.00992779783394,liquid_universe-2023-03-03-6556,daily_high_low_midpoint_proxy,13:30:00,3432,143.5,勝品,09:00:00,0.01,84305103.7,476404.75,22,loss12,156,8,30,418,sell,2023-03-28,16,157.5,154.5,2216,6556,10,46
2,290326.67,287,odd,20,2023-04-07,0.00990099009901,liquid_universe-2023-03-03-6556,daily_high_low_midpoint_proxy,13:30:00,309,138.5,勝品,09:00:00,0.01,67941717.575,389117.2,2,loss12,154.5,6,8,419,sell,2023-03-28,2,155.5,153.5,202,6556,0,22
6,291217.67,891,odd,20,2023-04-10,0.00947867298578,liquid_universe-2023-03-03-6556,daily_high_low_midpoint_proxy,13:30:00,918,138.5,勝品,09:00:00,0.01,58900323.3,339618.75,6,loss12,153,0,6,420,sell,2023-03-28,5,154,152,633,6556,2,27
25000,561780.67,270563,board,389,2023-04-26,0.00118295410454,liquid_universe-2023-03-03-3362,daily_high_low_midpoint_proxy,13:30:00,273000,81.3,先進光,08:59:00,0.01,407605418.775,3928734.05,3000,loss12,91,207,3000,421,sell,2023-04-25,1229,92.6,89.4,2536024,3362,819,2437
78,568824.17,7043.5,odd,20,2023-04-26,0.00995405819296,liquid_universe-2023-03-03-3362,daily_high_low_midpoint_proxy,13:30:00,7117.5,81.3,先進光,09:00:00,0.01,407605418.775,3928734.05,78,loss12,91.25,129,207,422,sell,2023-04-25,33,92.5,90,7836,3362,21,74
67,574878.62,6054.45,odd,20,2023-04-27,0.0099821215733,liquid_universe-2023-03-03-3362,daily_high_low_midpoint_proxy,13:30:00,6120.45,82.8,先進光,09:00:00,0.01,394793650.675,3848974.25,67,loss12,91.35,62,129,423,sell,2023-04-25,28,92.5,90.2,6712,3362,18,66
124000,273703.62,-301175,board,427,2023-04-27,0.000253234265838,liquid_universe-2023-04-26-1905,daily_high_low_midpoint_proxy,13:30:00,299400,27.4,華紙,08:59:00,0.01,282751192.462,12450616.6,12000,leader_entry,24.95,12000,12000,424,buy,2023-04-26,1348,25.7,24.2,47386952,1905,0,1775
929,270170.82,-3532.8,odd,20,2023-04-27,0.00151733637518,liquid_universe-2023-04-26-1905,daily_high_low_midpoint_proxy,13:30:00,3496.8,27.4,華紙,09:00:00,0.01,282751192.462,12450616.6,141,leader_entry,24.8,12141,141,425,buy,2023-04-26,16,25.3,24.3,92926,1905,0,36
86,275861.42,5690.6,odd,20,2023-04-28,0.00713381659188,liquid_universe-2023-03-03-3362,daily_high_low_midpoint_proxy,13:30:00,5753.6,83,先進光,09:00:00,0.01,387544310.325,3800655.35,62,loss12,92.8,0,62,426,sell,2023-04-25,26,93.6,92,8691,3362,17,63
61,343572.42,67711,odd,97,2023-05-05,0.00994457124226,liquid_universe-2023-03-17-5269,daily_high_low_midpoint_proxy,13:30:00,68320,981,祥碩,09:00:00,0.01,1175582523.5,978132.25,61,loss12,1120,59,120,427,sell,2023-05-04,308,1140,1100,6134,5269,204,609
45,394638.42,51066,odd,73,2023-05-08,0.00984467293809,liquid_universe-2023-03-17-5269,daily_high_low_midpoint_proxy,13:30:00,51525,1030,祥碩,09:00:00,0.01,1128323051.75,935492.25,45,loss12,1145,14,59,428,sell,2023-05-04,232,1160,1130,4571,5269,154,459
59,410109.42,15471,odd,22,2023-05-09,0.00236366706061,liquid_universe-2023-03-17-5269,daily_high_low_midpoint_proxy,13:30:00,15610,1015,祥碩,09:00:00,0.01,1096629018,909881.8,14,loss12,1115,0,14,429,sell,2023-05-04,71,1130,1100,5923,5269,46,139
9000,108331.42,-301778,board,428,2023-05-09,0.000302052932964,liquid_universe-2023-05-08-4175,daily_high_low_midpoint_proxy,13:30:00,300000,156,杏一,08:59:00,0.01,112579255.99,964350.8,2000,leader_entry,150,2000,2000,430,buy,2023-05-08,1350,156,144,6621356,4175,0,1778
332,87020.17,-21311.25,odd,30,2023-05-09,0.00424583697191,liquid_universe-2023-05-08-4175,daily_high_low_midpoint_proxy,13:30:00,21185.25,156,杏一,09:00:00,0.01,112579255.99,964350.8,141,leader_entry,150.25,2141,141,431,buy,2023-05-08,96,154.5,146,33209,4175,0,126
5000,354809.17,267789,board,385,2023-05-12,0.00730037578684,liquid_universe-2023-03-29-8931,daily_high_low_midpoint_proxy,13:30:00,270200,61.2,大汽電,08:59:00,0.01,47951578.255,638886.75,4000,loss12,67.55,92,4000,432,sell,2023-05-11,1216,68.5,66.6,547917,8931,810,2411
24,356424.77,1615.6,odd,20,2023-05-12,0.00992966487381,liquid_universe-2023-03-29-8931,daily_high_low_midpoint_proxy,13:30:00,1647.6,61.2,大汽電,09:00:00,0.01,47951578.255,638886.75,24,loss12,68.65,68,92,433,sell,2023-05-11,8,70,67.3,2417,8931,4,32
7,356877.12,452.35,odd,20,2023-05-15,0.00961538461538,liquid_universe-2023-03-29-8931,daily_high_low_midpoint_proxy,13:30:00,476.35,61.1,大汽電,09:00:00,0.01,43398673.96,586253.35,7,loss12,68.05,61,68,434,sell,2023-05-11,3,69,67.1,728,8931,1,24
18000,604150.12,247273,board,356,2023-05-15,0.0010582010582,liquid_universe-2023-05-08-4175,daily_high_low_midpoint_proxy,13:30:00,249500,116.5,杏一,08:59:00,0.01,262413791.165,1982271.2,2000,loss12,124.75,141,2000,435,sell,2023-05-12,1123,127,122.5,1890000,4175,748,2227
139,621334.37,17184.25,odd,25,2023-05-15,0.00995274237434,liquid_universe-2023-05-08-4175,daily_high_low_midpoint_proxy,13:30:00,17340.25,116.5,杏一,09:00:00,0.01,262413791.165,1982271.2,139,loss12,124.75,2,141,436,sell,2023-05-12,79,127,122.5,13966,4175,52,156
7000,427944.37,-193390,board,274,2023-05-15,0.000530861923345,liquid_universe-2023-05-12-5209,daily_high_low_midpoint_proxy,13:30:00,192250,214.5,新鼎,08:59:00,0.01,130734841.75,775064.45,1000,leader_entry,192.25,1000,1000,437,buy,2023-05-12,866,201,183.5,1883729,5209,0,1140
195,390331.12,-37613.25,odd,53,2023-05-15,0.009987707437,liquid_universe-2023-05-12-5209,daily_high_low_midpoint_proxy,13:30:00,37391.25,214.5,新鼎,09:00:00,0.01,130734841.75,775064.45,195,leader_entry,191.75,1195,428,438,buy,2023-05-12,169,198,185.5,19524,5209,0,222
10,390983.12,652,odd,20,2023-05-16,0.00915750915751,liquid_universe-2023-03-29-8931,daily_high_low_midpoint_proxy,13:30:00,678,61,大汽電,09:00:00,0.01,40207451.77,546605.35,10,loss12,67.8,51,61,439,sell,2023-05-11,4,68,67.6,1092,8931,2,26
92,391212.12,229,odd,20,2023-05-16,0.00021734405564,liquid_universe-2023-05-08-4175,daily_high_low_midpoint_proxy,13:30:00,251,112.5,杏一,09:00:00,0.01,272367284.875,2057743.5,2,loss12,125.5,0,2,440,sell,2023-05-12,2,127.5,123.5,9202,4175,0,22
20000,132739.12,-258473,board,366,2023-05-16,0.000236928721416,liquid_universe-2023-05-15-2743,daily_high_low_midpoint_proxy,13:30:00,256950,89.1,山富,08:59:00,0.01,148952693.865,2065700.35,3000,leader_entry,85.65,3000,3000,441,buy,2023-05-15,1157,89.1,82.2,12662036,2743,0,1523
165,118332.12,-14407,odd,20,2023-05-16,0.00999939397612,liquid_universe-2023-05-15-2743,daily_high_low_midpoint_proxy,13:30:00,14322,89.1,山富,09:00:00,0.01,148952693.865,2065700.35,165,leader_entry,86.8,3165,355,442,buy,2023-05-15,65,89.1,84.5,16501,2743,0,85
14,119257.12,925,odd,20,2023-05-17,0.00939597315436,liquid_universe-2023-03-29-8931,daily_high_low_midpoint_proxy,13:30:00,952,60.4,大汽電,09:00:00,0.01,37793801.74,517585.3,14,loss12,68,37,51,443,sell,2023-05-11,5,68.7,67.3,1490,8931,2,27
25,120947.87,1690.75,odd,20,2023-05-18,0.00993640699523,liquid_universe-2023-03-29-8931,daily_high_low_midpoint_proxy,13:30:00,1723.75,61.2,大汽電,09:00:00,0.01,35727186.225,491724.35,25,loss12,68.95,12,37,444,sell,2023-05-11,8,69.5,68.4,2516,8931,5,33
46,121740.87,793,odd,20,2023-05-19,0.00260529743812,liquid_universe-2023-03-29-8931,daily_high_low_midpoint_proxy,13:30:00,819,61.7,大汽電,09:00:00,0.01,35014398.81,484155.2,12,loss12,68.25,0,12,445,sell,2023-05-11,4,69.3,67.2,4606,8931,2,26
263000,514229.92,383546,board,551,2023-07-28,6.22243467919e-05,liquid_universe-2023-04-26-1905,daily_high_low_midpoint_proxy,13:30:00,387000,28.35,華紙,08:59:00,0.01,767750502.25,26398513.8,12000,time63,32.25,141,12000,446,sell,2023-07-27,1742,33.9,30.6,192850558,1905,1161,3454
2808,518709.07,4479.15,odd,20,2023-07-28,0.000502100989958,liquid_universe-2023-04-26-1905,daily_high_low_midpoint_proxy,13:30:00,4533.15,28.35,華紙,09:00:00,0.01,767750502.25,26398513.8,141,time63,32.15,0,141,447,sell,2023-07-27,21,33.5,30.8,280820,1905,13,54
587000,184591.07,-334118,board,473,2023-07-31,4.70378150973e-05,liquid_universe-2023-07-28-2329,daily_high_low_midpoint_proxy,13:30:00,332150,53,華泰,08:59:00,0.01,2059411502.52,58762449.9,7000,leader_entry,47.45,7000,7000,448,buy,2023-07-28,1495,51.2,43.7,148816436,2329,0,1968
2789,155136.42,-29454.65,odd,42,2023-07-31,0.0022298942055,liquid_universe-2023-07-28-2329,daily_high_low_midpoint_proxy,13:30:00,29280.65,53,華泰,09:00:00,0.01,2059411502.52,58762449.9,622,leader_entry,47.075,7622,622,449,buy,2023-07-28,132,50.2,43.95,278937,2329,0,174
7,156258.92,1122.5,odd,20,2023-08-15,0.00915032679739,liquid_universe-2023-05-12-5209,daily_high_low_midpoint_proxy,13:30:00,1151.5,147,新鼎,09:00:00,0.01,29485094.6,174475.15,7,time63,164.5,1188,195,450,sell,2023-08-14,6,165.5,163.5,765,5209,3,29
1000,316069.92,159811,board,230,2023-08-16,0.00847816871556,liquid_universe-2023-05-12-5209,daily_high_low_midpoint_proxy,13:30:00,161250,148,新鼎,08:59:00,0.01,28527032.75,168783.85,1000,time63,161.25,188,1000,451,sell,2023-08-14,726,162.5,160,117950,5209,483,1439
19,319114.42,3044.5,odd,20,2023-08-16,0.00974858902001,liquid_universe-2023-05-12-5209,daily_high_low_midpoint_proxy,13:30:00,3087.5,148,新鼎,09:00:00,0.01,28527032.75,168783.85,19,time63,162.5,169,188,452,sell,2023-08-14,14,164,161,1949,5209,9,43
4000,639479.42,320365,board,461,2023-08-16,0.00740022644693,liquid_universe-2023-05-15-2743,daily_high_low_midpoint_proxy,13:30:00,323250,95.4,山富,08:59:00,0.01,217158370.15,1573512.9,3000,time63,107.75,165,3000,453,sell,2023-08-15,1455,109.5,106,405393,2743,969,2885
30,642660.42,3181,odd,20,2023-08-16,0.00975927130774,liquid_universe-2023-05-15-2743,daily_high_low_midpoint_proxy,13:30:00,3225,95.4,山富,09:00:00,0.01,217158370.15,1573512.9,30,time63,107.5,135,165,454,sell,2023-08-15,15,109,106,3074,2743,9,44
15,645059.92,2399.5,odd,20,2023-08-17,0.00964010282776,liquid_universe-2023-05-12-5209,daily_high_low_midpoint_proxy,13:30:00,2437.5,146,新鼎,09:00:00,0.01,28266476.65,167289.55,15,time63,162.5,154,169,455,sell,2023-08-14,11,164.5,160.5,1556,5209,7,38
52,650768.92,5709,odd,20,2023-08-17,0.00997697620875,liquid_universe-2023-05-15-2743,daily_high_low_midpoint_proxy,13:30:00,5772,95.4,山富,09:00:00,0.01,216007564.15,1566958.25,52,time63,111,83,135,456,sell,2023-08-15,26,116,106,5212,2743,17,63
80000,372126.92,-278642,board,395,2023-08-17,0.000144262668273,liquid_universe-2023-08-16-3689,daily_high_low_midpoint_proxy,13:30:00,277000,74.8,湧德,08:59:00,0.01,493243396.67,8003862,4000,leader_entry,69.25,4000,4000,457,buy,2023-08-16,1247,72.3,66.2,27727201,3689,0,1642
479,338469.77,-33657.15,odd,48,2023-08-17,0.00999478351591,liquid_universe-2023-08-16-3689,daily_high_low_midpoint_proxy,13:30:00,33458.15,74.8,湧德,09:00:00,0.01,493243396.67,8003862,479,leader_entry,69.85,4479,514,458,buy,2023-08-16,151,72.7,67,47925,3689,0,199
58000,104692.77,-233777,board,331,2023-08-17,0.000417833008338,liquid_universe-2023-08-16-3051,daily_high_low_midpoint_proxy,13:30:00,232400,32.1,力特,08:59:00,0.01,148192519.728,5825837.1,8000,leader_entry,29.05,8000,8000,459,buy,2023-08-16,1046,30.45,27.65,19146405,3051,0,1377
347,94494.37,-10198.4,odd,20,2023-08-17,0.00998906097069,liquid_universe-2023-08-16-3051,daily_high_low_midpoint_proxy,13:30:00,10132.4,32.1,力特,09:00:00,0.01,148192519.728,5825837.1,347,leader_entry,29.2,8347,952,460,buy,2023-08-16,46,30.5,27.9,34738,3051,0,66
18,97386.37,2892,odd,20,2023-08-18,0.0098414434117,liquid_universe-2023-05-12-5209,daily_high_low_midpoint_proxy,13:30:00,2934,146.5,新鼎,09:00:00,0.01,27779624.1,164490.95,18,time63,163,136,154,461,sell,2023-08-14,14,164.5,161.5,1829,5209,8,42
17,99273.37,1887,odd,20,2023-08-18,0.00956668542487,liquid_universe-2023-05-15-2743,daily_high_low_midpoint_proxy,13:30:00,1921,103.5,山富,09:00:00,0.01,216008721.55,1568397.55,17,time63,113,66,83,462,sell,2023-08-15,9,116.5,109.5,1777,2743,5,34
10,100866.37,1593,odd,20,2023-08-21,0.00913242009132,liquid_universe-2023-05-12-5209,daily_high_low_midpoint_proxy,13:30:00,1625,146,新鼎,09:00:00,0.01,25525348.9,151544.1,10,time63,162.5,126,136,463,sell,2023-08-14,8,164,161,1095,5209,4,32
11,102074.87,1208.5,odd,20,2023-08-21,0.00947459086994,liquid_universe-2023-05-15-2743,daily_high_low_midpoint_proxy,13:30:00,1237.5,101,山富,09:00:00,0.01,212516197.725,1543418.05,11,time63,112.5,55,66,464,sell,2023-08-15,6,114,111,1161,2743,3,29
7,103190.37,1115.5,odd,20,2023-08-22,0.00969529085873,liquid_universe-2023-05-12-5209,daily_high_low_midpoint_proxy,13:30:00,1144.5,146,新鼎,09:00:00,0.01,25358372.5,150727.45,7,time63,163.5,119,126,465,sell,2023-08-14,6,166,161,722,5209,3,29
14,104743.87,1553.5,odd,20,2023-08-22,0.00988002822865,liquid_universe-2023-05-15-2743,daily_high_low_midpoint_proxy,13:30:00,1585.5,102.5,山富,09:00:00,0.01,210710378.3,1529824.5,14,time63,113.25,41,55,466,sell,2023-08-15,8,115,111.5,1417,2743,4,32
10,106334.37,1590.5,odd,20,2023-08-23,0.009765625,liquid_universe-2023-05-12-5209,daily_high_low_midpoint_proxy,13:30:00,1622.5,145,新鼎,09:00:00,0.01,24442512.1,145358.8,10,time63,162.25,109,119,467,sell,2023-08-14,8,163,161.5,1024,5209,4,32
27,109516.87,3182.5,odd,20,2023-08-23,0.00969827586207,liquid_universe-2023-05-15-2743,daily_high_low_midpoint_proxy,13:30:00,3226.5,103.5,山富,09:00:00,0.01,209389246.05,1519636.65,27,time63,119.5,14,41,468,sell,2023-08-15,15,121,118,2784,2743,9,44
13,111606.37,2089.5,odd,20,2023-08-24,0.00961538461538,liquid_universe-2023-05-12-5209,daily_high_low_midpoint_proxy,13:30:00,2125.5,146.5,新鼎,09:00:00,0.01,23152032.325,137822.9,13,time63,163.5,96,109,469,sell,2023-08-14,10,166,161,1352,5209,6,36
20,113222.87,1616.5,odd,20,2023-08-24,0.00676328502415,liquid_universe-2023-05-15-2743,daily_high_low_midpoint_proxy,13:30:00,1648.5,110,山富,09:00:00,0.01,209472324.55,1520857.55,14,time63,117.75,0,14,470,sell,2023-08-15,8,121,114.5,2070,2743,4,32
87000,349891.87,236669,board,340,2023-08-24,0.000457709056323,liquid_universe-2023-08-16-3689,daily_high_low_midpoint_proxy,13:30:00,238800,54.3,湧德,08:59:00,0.01,636517697.115,9840843,4000,loss12,59.7,479,4000,471,sell,2023-08-23,1075,61.2,58.2,8739176,3689,716,2131
250,364696.37,14804.5,odd,21,2023-08-24,0.00996571793032,liquid_universe-2023-08-16-3689,daily_high_low_midpoint_proxy,13:30:00,14937.5,54.3,湧德,09:00:00,0.01,636517697.115,9840843,250,loss12,59.75,229,479,472,sell,2023-08-23,68,60.8,58.7,25086,3689,44,133
11,370083.92,1745.25,odd,20,2023-08-25,0.00978647686833,liquid_universe-2023-05-12-5209,daily_high_low_midpoint_proxy,13:30:00,1779.25,145.5,新鼎,09:00:00,0.01,22201980.65,132306.45,11,time63,161.75,85,96,473,sell,2023-08-14,9,163.5,160,1124,5209,5,34
144,378567.92,8484,odd,20,2023-08-25,0.00996608761852,liquid_universe-2023-08-16-3689,daily_high_low_midpoint_proxy,13:30:00,8568,53.8,湧德,09:00:00,0.01,612324648.76,9441204.65,144,loss12,59.5,85,229,474,sell,2023-08-23,39,60.5,58.5,14449,3689,25,84
609,103996.42,-274571.5,odd,389,2023-08-25,0.00928660497473,liquid_universe-2023-08-24-2345,daily_high_low_midpoint_proxy,13:30:00,272953.5,565,智邦,09:00:00,0.01,2071442122.28,4945154.7,566,leader_entry,482.25,566,566,475,buy,2023-08-24,1229,495.5,469,60948,2345,0,1618
13,106066.42,2070,odd,20,2023-08-28,0.00957995578482,liquid_universe-2023-05-12-5209,daily_high_low_midpoint_proxy,13:30:00,2106,145,新鼎,09:00:00,0.01,21134134.95,126042.75,13,time63,162,72,85,476,sell,2023-08-14,10,165,159,1357,5209,6,36
76,110368.22,4301.8,odd,20,2023-08-28,0.00992167101828,liquid_universe-2023-08-16-3689,daily_high_low_midpoint_proxy,13:30:00,4354.8,52.4,湧德,09:00:00,0.01,605286901.71,9341775.8,76,loss12,57.3,9,85,477,sell,2023-08-23,20,58,56.6,7660,3689,13,53
18,113202.72,2834.5,odd,20,2023-08-29,0.00969827586207,liquid_universe-2023-05-12-5209,daily_high_low_midpoint_proxy,13:30:00,2875.5,143.5,新鼎,09:00:00,0.01,20776539.05,124293.05,18,time63,159.75,54,72,478,sell,2023-08-14,13,161,158.5,1856,5209,8,41
65,113708.37,505.65,odd,20,2023-08-29,0.00137048880767,liquid_universe-2023-08-16-3689,daily_high_low_midpoint_proxy,13:30:00,529.65,52.1,湧德,09:00:00,0.01,591396162.91,9140537,9,loss12,58.85,0,9,479,sell,2023-08-23,3,59.9,57.8,6567,3689,1,24
122000,314104.37,200396,board,288,2023-08-29,0.000366290588488,liquid_universe-2023-08-16-3051,daily_high_low_midpoint_proxy,13:30:00,202200,21.95,力特,08:59:00,0.01,365951385.535,12273283.5,8000,loss12,25.275,347,8000,480,sell,2023-08-28,910,25.85,24.7,21840583,3051,606,1804
279,321097.05,6992.68,odd,20,2023-08-29,0.00997033913447,liquid_universe-2023-08-16-3051,daily_high_low_midpoint_proxy,13:30:00,7065.68,21.95,力特,09:00:00,0.01,365951385.535,12273283.5,279,loss12,25.325,68,347,481,sell,2023-08-28,32,25.85,24.8,27983,3051,21,73
12,322983.05,1886,odd,20,2023-08-30,0.00930954228084,liquid_universe-2023-05-12-5209,daily_high_low_midpoint_proxy,13:30:00,1920,142,新鼎,09:00:00,0.01,19100618.55,114647.4,12,time63,160,42,54,482,sell,2023-08-14,9,161,159,1289,5209,5,34
341,324762.95,1779.9,odd,20,2023-08-30,0.00199039925067,liquid_universe-2023-08-16-3051,daily_high_low_midpoint_proxy,13:30:00,1813.9,22.95,力特,09:00:00,0.01,387855374.602,13128840.65,68,loss12,26.675,0,68,483,sell,2023-08-28,9,27.2,26.15,34164,3051,5,34
173000,86508.95,-238254,board,338,2023-08-30,0.00012842561138,liquid_universe-2023-08-29-2331,daily_high_low_midpoint_proxy,13:30:00,236850,44.1,精英,08:59:00,0.01,631187089.725,17325655.85,6000,leader_entry,39.475,6000,6000,484,buy,2023-08-29,1066,40.65,38.3,46719653,2331,0,1404
252,76578.15,-9930.8,odd,20,2023-08-30,0.00997229916898,liquid_universe-2023-08-29-2331,daily_high_low_midpoint_proxy,13:30:00,9865.8,44.1,精英,09:00:00,0.01,631187089.725,17325655.85,252,leader_entry,39.15,6252,960,485,buy,2023-08-29,45,39.7,38.6,25270,2331,0,65
7,77669.15,1091,odd,20,2023-08-31,0.00880503144654,liquid_universe-2023-05-12-5209,daily_high_low_midpoint_proxy,13:30:00,1120,144,新鼎,09:00:00,0.01,18286883.325,109957.35,7,time63,160,35,42,486,sell,2023-08-14,6,161,159,795,5209,3,29
10,79254.65,1585.5,odd,20,2023-09-01,0.00989119683482,liquid_universe-2023-05-12-5209,daily_high_low_midpoint_proxy,13:30:00,1617.5,144,新鼎,09:00:00,0.01,15917544.3,95820.9,10,time63,161.75,25,35,487,sell,2023-08-14,8,163,160.5,1011,5209,4,32
16,81851.65,2597,odd,20,2023-09-04,0.00944510035419,liquid_universe-2023-05-12-5209,daily_high_low_midpoint_proxy,13:30:00,2636,147.5,新鼎,09:00:00,0.01,14929005.975,90174.95,16,time63,164.75,9,25,488,sell,2023-08-14,12,166.5,163,1694,5209,7,39
14,83334.9,1483.25,odd,20,2023-09-05,0.00602409638554,liquid_universe-2023-05-12-5209,daily_high_low_midpoint_proxy,13:30:00,1514.25,148.5,新鼎,09:00:00,0.01,14727832.8,89149.2,9,time63,168.25,0,9,489,sell,2023-08-14,7,170.5,166,1494,5209,4,31
163000,278526.9,195192,board,281,2023-09-11,0.000368040040794,liquid_universe-2023-08-29-2331,daily_high_low_midpoint_proxy,13:30:00,196950,31.2,精英,08:59:00,0.01,992226990.842,26394823.35,6000,loss12,32.825,252,6000,490,sell,2023-09-08,887,33.6,32.05,16302574,2331,590,1758
278,286697.9,8171,odd,20,2023-09-11,0.00903776494638,liquid_universe-2023-08-29-2331,daily_high_low_midpoint_proxy,13:30:00,8253,31.2,精英,09:00:00,0.01,992226990.842,26394823.35,252,loss12,32.75,0,252,491,sell,2023-09-08,38,33.35,32.15,27883,2331,24,82
136000,63381.9,-223316,board,316,2023-09-12,0.000458779320357,liquid_universe-2023-09-11-1471,daily_high_low_midpoint_proxy,13:30:00,222000,26,首利,08:59:00,0.01,262487702.625,13673748.8,10000,leader_entry,22.2,10000,10000,492,buy,2023-09-11,1000,23.1,21.3,21796972,1471,0,1316
461,53127.8,-10254.1,odd,20,2023-09-12,0.0099870017331,liquid_universe-2023-09-11-1471,daily_high_low_midpoint_proxy,13:30:00,10188.1,26,首利,09:00:00,0.01,262487702.625,13673748.8,461,leader_entry,22.1,10461,961,493,buy,2023-09-11,46,22.75,21.45,46160,1471,0,66
21000,240688.8,187561,board,270,2023-10-12,0.00457693763511,liquid_universe-2023-09-11-1471,daily_high_low_midpoint_proxy,13:30:00,189250,16.85,首利,08:59:00,0.01,148917999.907,7140314.7,10000,loss12,18.925,461,10000,494,sell,2023-10-11,852,19.2,18.65,2184867,1471,567,1689
53,241674.43,985.63,odd,20,2023-10-12,0.00996990218209,liquid_universe-2023-09-11-1471,daily_high_low_midpoint_proxy,13:30:00,1013.63,16.85,首利,09:00:00,0.01,148917999.907,7140314.7,53,loss12,19.125,408,461,495,sell,2023-10-11,5,19.5,18.75,5316,1471,3,28
45,242506.81,832.38,odd,20,2023-10-13,0.00993158243213,liquid_universe-2023-09-11-1471,daily_high_low_midpoint_proxy,13:30:00,858.38,17.05,首利,09:00:00,0.01,121348734.835,5996536.3,45,loss12,19.075,363,408,496,sell,2023-10-11,4,19.3,18.85,4531,1471,2,26
16000,33978.81,-208528,board,295,2023-10-13,0.000660016487212,liquid_universe-2023-10-12-6684,daily_high_low_midpoint_proxy,13:30:00,207300,77.7,安格,08:59:00,0.01,106187845.24,1679183.05,3000,leader_entry,69.1,3000,3000,497,buy,2023-10-12,933,72.1,66.1,4545341,6684,0,1228
208,27655.36,-6323.45,odd,20,2023-10-13,0.00436492709133,liquid_universe-2023-10-12-6684,daily_high_low_midpoint_proxy,13:30:00,6274.45,77.7,安格,09:00:00,0.01,106187845.24,1679183.05,91,leader_entry,68.95,3091,91,498,buy,2023-10-12,29,71.9,66,20848,6684,0,49
90,29270.36,1615,odd,20,2023-10-16,0.00992829564258,liquid_universe-2023-09-11-1471,daily_high_low_midpoint_proxy,13:30:00,1647,16.85,首利,09:00:00,0.01,100106208.305,5015016.1,90,loss12,18.3,273,363,499,sell,2023-10-11,8,18.75,17.85,9065,1471,4,32
179,32629.84,3359.48,odd,20,2023-10-17,0.00994831323292,liquid_universe-2023-09-11-1471,daily_high_low_midpoint_proxy,13:30:00,3405.48,16.2,首利,09:00:00,0.01,92070634.735,4635209.1,179,loss12,19.025,94,273,500,sell,2023-10-11,16,19.7,18.35,17993,1471,10,46
174,34496.99,1867.15,odd,20,2023-10-18,0.00538250114521,liquid_universe-2023-09-11-1471,daily_high_low_midpoint_proxy,13:30:00,1901.15,17.75,首利,09:00:00,0.01,92192821.935,4650572,94,loss12,20.225,0,94,501,sell,2023-10-11,9,20.8,19.65,17464,1471,5,34
55000,325004.99,290508,board,418,2023-11-01,0.00126011603148,liquid_universe-2023-07-28-2329,daily_high_low_midpoint_proxy,13:30:00,293125,37.3,華泰,08:59:00,0.01,618134543.492,14344165,7000,time63,41.875,622,7000,502,sell,2023-10-31,1320,42.3,41.45,5555044,2329,879,2617
118,329883.34,4878.35,odd,20,2023-11-01,0.00996537454607,liquid_universe-2023-07-28-2329,daily_high_low_midpoint_proxy,13:30:00,4935.35,37.3,華泰,09:00:00,0.01,618134543.492,14344165,118,time63,41.825,504,622,503,sell,2023-10-31,23,42.15,41.5,11841,2329,14,57
266,341328.39,11445.05,odd,20,2023-11-02,0.00997599759976,liquid_universe-2023-07-28-2329,daily_high_low_midpoint_proxy,13:30:00,11551.05,37.85,華泰,09:00:00,0.01,559305757.28,13006607.55,266,time63,43.425,238,504,504,sell,2023-10-31,52,43.7,43.15,26664,2329,34,106
564,351832.29,10503.9,odd,20,2023-11-03,0.00421440334319,liquid_universe-2023-07-28-2329,daily_high_low_midpoint_proxy,13:30:00,10602.9,39.2,華泰,09:00:00,0.01,548348388.612,12758679.9,238,time63,44.55,0,238,505,sell,2023-10-31,48,45.35,43.75,56473,2329,31,99
19000,116244.29,-235588,board,334,2023-11-06,0.000870535675423,liquid_universe-2023-11-03-3176,daily_high_low_midpoint_proxy,13:30:00,234200,61.1,基亞,08:59:00,0.01,88821097.2325,1940629.2,4000,leader_entry,58.55,4000,4000,506,buy,2023-11-03,1054,61,56.1,4594872,3176,0,1388
195,104628.29,-11616,odd,20,2023-11-06,0.00995050262795,liquid_universe-2023-11-03-3176,daily_high_low_midpoint_proxy,13:30:00,11544,61.1,基亞,09:00:00,0.01,88821097.2325,1940629.2,195,leader_entry,59.2,4195,576,507,buy,2023-11-03,52,61,57.4,19597,3176,0,72
4000,274250.29,169622,board,244,2023-11-10,0.00662213647782,liquid_universe-2023-10-12-6684,daily_high_low_midpoint_proxy,13:30:00,171150,51.4,安格,08:59:00,0.01,188703976.83,2939076.1,3000,loss12,57.05,91,3000,508,sell,2023-11-09,771,57.8,56.3,453026,6684,513,1528
48,276954.89,2704.6,odd,20,2023-11-10,0.00995024875622,liquid_universe-2023-10-12-6684,daily_high_low_midpoint_proxy,13:30:00,2745.6,51.4,安格,09:00:00,0.01,188703976.83,2939076.1,48,loss12,57.2,43,91,509,sell,2023-11-09,13,57.8,56.6,4824,6684,8,41
112,279414.19,2459.3,odd,20,2023-11-13,0.00383278367056,liquid_universe-2023-10-12-6684,daily_high_low_midpoint_proxy,13:30:00,2498.3,50.8,安格,09:00:00,0.01,174868251.325,2734460.35,43,loss12,58.1,0,43,510,sell,2023-11-09,12,60.1,56.1,11219,6684,7,39
14000,107652.19,-171762,board,243,2023-11-13,0.000263004037375,liquid_universe-2023-11-10-3228,daily_high_low_midpoint_proxy,13:30:00,170750,181.5,金麗科,08:59:00,0.01,204313507.25,1473215.55,1000,leader_entry,170.75,1000,1000,511,buy,2023-11-10,769,180,161.5,3802223,3228,0,1012
513,23126.94,-84525.25,odd,120,2023-11-13,0.00943873579324,liquid_universe-2023-11-10-3228,daily_high_low_midpoint_proxy,13:30:00,84026.25,181.5,金麗科,09:00:00,0.01,204313507.25,1473215.55,485,leader_entry,173.25,1485,485,512,buy,2023-11-10,379,180,166.5,51384,3228,0,499
20000,233829.94,210703,board,303,2023-11-14,0.00194509199799,liquid_universe-2023-11-03-3176,daily_high_low_midpoint_proxy,13:30:00,212600,46.35,基亞,08:59:00,0.01,150354641.365,2942925.9,4000,loss12,53.15,195,4000,513,sell,2023-11-13,957,54.3,52,2056458,3176,637,1897
102,239185.14,5355.2,odd,20,2023-11-14,0.00997750171183,liquid_universe-2023-11-03-3176,daily_high_low_midpoint_proxy,13:30:00,5416.2,46.35,基亞,09:00:00,0.01,150354641.365,2942925.9,102,loss12,53.1,93,195,514,sell,2023-11-13,25,54.1,52.1,10223,3176,16,61
138,244181.69,4996.55,odd,20,2023-11-15,0.00672208167691,liquid_universe-2023-11-03-3176,daily_high_low_midpoint_proxy,13:30:00,5054.55,47.55,基亞,09:00:00,0.01,153009805.84,2968048.95,93,loss12,54.35,0,93,515,sell,2023-11-13,23,56.2,52.5,13835,3176,15,58
31000,25895.69,-218286,board,309,2023-11-15,0.00187443567771,liquid_universe-2023-11-14-1449,daily_high_low_midpoint_proxy,13:30:00,217000,23.4,佳和,08:59:00,0.01,58357622.8325,3102095.8,10000,leader_entry,21.7,10000,10000,516,buy,2023-11-14,977,22.3,21.1,5334939,1449,0,1286
64,24481.49,-1414.2,odd,20,2023-11-15,0.00987959246681,liquid_universe-2023-11-14-1449,daily_high_low_midpoint_proxy,13:30:00,1387.2,23.4,佳和,09:00:00,0.01,58357622.8325,3102095.8,64,leader_entry,21.675,10064,160,517,buy,2023-11-14,7,22.25,21.1,6478,1449,0,27
339,204563.49,180082,odd,259,2023-11-27,0.00997939358257,liquid_universe-2023-08-24-2345,daily_high_low_midpoint_proxy,13:30:00,181704,486,智邦,09:00:00,0.01,1737096696.03,3251858.35,339,time63,536,227,566,518,sell,2023-11-24,818,543,529,33970,2345,545,1622
125,270842.49,66279,odd,95,2023-11-28,0.00996254084642,liquid_universe-2023-08-24-2345,daily_high_low_midpoint_proxy,13:30:00,66875,474.5,智邦,09:00:00,0.01,1750213690.12,3273847.65,125,time63,535,102,227,519,sell,2023-11-24,301,543,527,12547,2345,200,596
230,325784.49,54942,odd,79,2023-11-29,0.00441979374296,liquid_universe-2023-08-24-2345,daily_high_low_midpoint_proxy,13:30:00,55437,484.5,智邦,09:00:00,0.01,1722203375.85,3205807.4,102,time63,543.5,0,102,520,sell,2023-11-24,250,551,536,23078,2345,166,495
9000,82350.49,-243434,board,345,2023-11-30,0.00221006929672,liquid_universe-2023-11-29-6204,daily_high_low_midpoint_proxy,13:30:00,242000,133,艾華,08:59:00,0.01,141936553.295,1437572.85,2000,leader_entry,121,2000,2000,521,buy,2023-11-29,1089,125,117,904949,6204,0,1434
96,70854.49,-11496,odd,20,2023-11-30,0.00998128509046,liquid_universe-2023-11-29-6204,daily_high_low_midpoint_proxy,13:30:00,11424,133,艾華,09:00:00,0.01,141936553.295,1437572.85,96,leader_entry,119,2096,361,522,buy,2023-11-29,52,122,116,9618,6204,0,72
3000,126453.49,55599,board,80,2024-01-29,0.00978693835208,liquid_universe-2023-11-14-1449,daily_high_low_midpoint_proxy,13:30:00,56100,16.65,佳和,08:59:00,0.01,39795418.1925,1852168.7,3000,loss12,18.7,7064,10000,523,sell,2024-01-26,253,18.85,18.55,306531,1449,168,501
23,126862.32,408.83,odd,20,2024-01-29,0.00967199327166,liquid_universe-2023-11-14-1449,daily_high_low_midpoint_proxy,13:30:00,431.83,16.65,佳和,09:00:00,0.01,39795418.1925,1852168.7,23,loss12,18.775,7041,64,524,sell,2024-01-26,2,18.95,18.6,2378,1449,1,23
6000,238061.32,111199,board,160,2024-01-30,0.00995863845495,liquid_universe-2023-11-14-1449,daily_high_low_midpoint_proxy,13:30:00,112200,17,佳和,08:59:00,0.01,39541165.2975,1840539.5,6000,loss12,18.7,1041,7000,525,sell,2024-01-26,505,19,18.4,602492,1449,336,1001
20,238411.82,350.5,odd,20,2024-01-30,0.00999000999001,liquid_universe-2023-11-14-1449,daily_high_low_midpoint_proxy,13:30:00,373.5,17,佳和,09:00:00,0.01,39541165.2975,1840539.5,20,loss12,18.675,1021,41,526,sell,2024-01-26,2,18.85,18.5,2002,1449,1,23
2000,256845.82,18434,board,27,2024-01-31,0.00387977357641,liquid_universe-2023-11-14-1449,daily_high_low_midpoint_proxy,13:30:00,18600,16.8,佳和,08:59:00,0.01,39831603.85,1857195.85,1000,loss12,18.6,21,1000,527,sell,2024-01-26,84,18.75,18.45,257747,1449,55,166
6,256936.87,91.05,odd,20,2024-01-31,0.00865800865801,liquid_universe-2023-11-14-1449,daily_high_low_midpoint_proxy,13:30:00,112.05,16.8,佳和,09:00:00,0.01,39831603.85,1857195.85,6,loss12,18.675,15,21,528,sell,2024-01-26,1,18.8,18.55,693,1449,0,21
5,257009.62,72.75,odd,20,2024-02-01,0.00998003992016,liquid_universe-2023-11-14-1449,daily_high_low_midpoint_proxy,13:30:00,93.75,16.85,佳和,09:00:00,0.01,39445403.1575,1839110.65,5,loss12,18.75,10,15,529,sell,2024-01-26,1,18.9,18.6,501,1449,0,21
88000,35957.62,-221052,board,313,2024-02-01,0.000993707545708,liquid_universe-2024-01-31-3360,daily_high_low_midpoint_proxy,13:30:00,219750,24.55,尚立,08:59:00,0.01,171651195.22,8891274.5,10000,leader_entry,21.975,10000,10000,530,buy,2024-01-31,989,22.8,21.15,10063323,3360,0,1302
353,28251.34,-7706.28,odd,20,2024-02-01,0.00999433748584,liquid_universe-2024-01-31-3360,daily_high_low_midpoint_proxy,13:30:00,7651.28,24.55,尚立,09:00:00,0.01,171651195.22,8891274.5,353,leader_entry,21.675,10353,403,531,buy,2024-01-31,35,22.35,21,35320,3360,0,55
27,28422.34,171,odd,20,2024-02-02,0.0036023054755,liquid_universe-2023-11-14-1449,daily_high_low_midpoint_proxy,13:30:00,192,16.75,佳和,09:00:00,0.01,37814901.1975,1763776.1,10,loss12,19.2,0,10,532,sell,2024-01-26,1,19.75,18.65,2776,1449,0,21
16000,542294.34,513872,board,739,2024-02-20,0.000411960532533,liquid_universe-2023-11-10-3228,daily_high_low_midpoint_proxy,13:30:00,518500,474.5,金麗科,08:59:00,0.01,731686398.525,1652028.95,1000,time63,518.5,485,1000,533,sell,2024-02-19,2334,532,505,2427417,3228,1555,4628
718,792003.84,249709.5,odd,359,2024-02-20,0.00675120756135,liquid_universe-2023-11-10-3228,daily_high_low_midpoint_proxy,13:30:00,251957.5,474.5,金麗科,09:00:00,0.01,731686398.525,1652028.95,485,time63,519.5,0,485,534,sell,2024-02-19,1134,532,507,71839,3228,755,2248
25000,423834.84,-368169,board,522,2024-02-21,0.00172821879941,liquid_universe-2024-02-20-4729,daily_high_low_midpoint_proxy,13:30:00,366000,25.1,熒茂,08:59:00,0.01,50404919,2530353.1,16000,leader_entry,22.875,16000,16000,535,buy,2024-02-20,1647,24.5,21.25,9258087,4729,0,2169
175,419881.21,-3953.63,odd,20,2024-02-21,0.00996356183102,liquid_universe-2024-02-20-4729,daily_high_low_midpoint_proxy,13:30:00,3915.63,25.1,熒茂,09:00:00,0.01,50404919,2530353.1,175,leader_entry,22.375,16175,829,536,buy,2024-02-20,18,23.4,21.35,17564,4729,0,38
41000,597283.21,177402,board,255,2024-03-08,0.00241085734427,liquid_universe-2024-01-31-3360,daily_high_low_midpoint_proxy,13:30:00,179000,16.5,尚立,08:59:00,0.01,214792711.205,10254649.25,10000,loss12,17.9,353,10000,537,sell,2024-03-07,806,18.7,17.1,4147902,3360,537,1598
90,598857.71,1574.5,odd,20,2024-03-08,0.00996236440115,liquid_universe-2024-01-31-3360,daily_high_low_midpoint_proxy,13:30:00,1606.5,16.5,尚立,09:00:00,0.01,214792711.205,10254649.25,90,loss12,17.85,263,353,538,sell,2024-03-07,8,18.3,17.4,9034,3360,4,32
11000,888746.71,289889,board,417,2024-03-11,0.00177853662007,liquid_universe-2023-11-29-6204,daily_high_low_midpoint_proxy,13:30:00,292500,127,艾華,08:59:00,0.01,187183176.35,1294959.15,2000,time63,146.25,96,2000,539,sell,2024-03-08,1317,149,143.5,1124520,6204,877,2611
43,895000.71,6254,odd,20,2024-03-11,0.00995831403428,liquid_universe-2023-11-29-6204,daily_high_low_midpoint_proxy,13:30:00,6321,127,艾華,09:00:00,0.01,187183176.35,1294959.15,43,time63,147,53,96,540,sell,2024-03-08,29,149,145,4318,6204,18,67
78,896305.46,1304.75,odd,20,2024-03-11,0.00998208343998,liquid_universe-2024-01-31-3360,daily_high_low_midpoint_proxy,13:30:00,1335.75,15.75,尚立,09:00:00,0.01,180149443.535,8581832.45,78,loss12,17.125,185,263,541,sell,2024-03-07,7,17.25,17,7814,3360,4,31
831,580535.21,-315770.25,odd,447,2024-03-11,0.00999494840153,liquid_universe-2024-03-08-2404,daily_high_low_midpoint_proxy,13:30:00,313910.25,428,漢唐,09:00:00,0.01,679870562.5,2033438.25,831,leader_entry,377.75,831,933,542,buy,2024-03-08,1413,389.5,366,83142,2404,0,1860
45,587180.46,6645.25,odd,20,2024-03-12,0.00985545335085,liquid_universe-2023-11-29-6204,daily_high_low_midpoint_proxy,13:30:00,6716.25,132,艾華,09:00:00,0.01,189868497.625,1307297.5,45,time63,149.25,8,53,543,sell,2024-03-08,31,152,146.5,4566,6204,20,71
118,589292.06,2111.6,odd,20,2024-03-12,0.00994689370311,liquid_universe-2024-01-31-3360,daily_high_low_midpoint_proxy,13:30:00,2147.6,15.5,尚立,09:00:00,0.01,129716734.07,6355402.05,118,loss12,18.2,67,185,544,sell,2024-03-07,10,18.9,17.5,11863,3360,6,36
28000,250546.06,-338746,board,480,2024-03-12,0.000632954791204,liquid_universe-2024-03-11-5225,daily_high_low_midpoint_proxy,13:30:00,336750,121,東科-KY,08:59:00,0.01,268188068.365,2822358.95,3000,leader_entry,112.25,3000,3000,545,buy,2024-03-11,1516,116,108.5,4739675,5225,0,1996
196,228316.06,-22230,odd,31,2024-03-12,0.00999337174323,liquid_universe-2024-03-11-5225,daily_high_low_midpoint_proxy,13:30:00,22099,121,東科-KY,09:00:00,0.01,268188068.365,2822358.95,196,leader_entry,112.75,3196,322,546,buy,2024-03-11,100,116,109.5,19613,5225,0,131
72,229439.06,1123,odd,20,2024-03-13,0.00110650069156,liquid_universe-2023-11-29-6204,daily_high_low_midpoint_proxy,13:30:00,1152,132.5,艾華,09:00:00,0.01,192897621.275,1323799.2,8,time63,144,0,8,547,sell,2024-03-08,6,148,140,7230,6204,3,29
126,230644.54,1205.48,odd,20,2024-03-13,0.00529686141197,liquid_universe-2024-01-31-3360,daily_high_low_midpoint_proxy,13:30:00,1234.48,17.05,尚立,09:00:00,0.01,122698986.747,6043993.4,67,loss12,18.425,0,67,548,sell,2024-03-07,6,19.35,17.5,12649,3360,3,29
6000,342586.54,111942,board,161,2024-03-13,0.00995290616566,liquid_universe-2024-02-20-4729,daily_high_low_midpoint_proxy,13:30:00,112950,17.2,熒茂,08:59:00,0.01,42293191.8875,1986355.25,6000,loss12,18.825,10175,16000,549,sell,2024-03-12,509,19.2,18.45,602839,4729,338,1008
10,342752.29,165.75,odd,20,2024-03-13,0.00942507068803,liquid_universe-2024-02-20-4729,daily_high_low_midpoint_proxy,13:30:00,186.75,17.2,熒茂,09:00:00,0.01,42293191.8875,1986355.25,10,loss12,18.675,10165,175,550,sell,2024-03-12,1,18.95,18.4,1061,4729,0,21
1000,360963.29,18211,board,26,2024-03-14,0.00501320980784,liquid_universe-2024-02-20-4729,daily_high_low_midpoint_proxy,13:30:00,18375,16.7,熒茂,08:59:00,0.01,41425605.16,1943519.2,1000,loss12,18.375,9165,10000,551,sell,2024-03-12,83,18.65,18.1,199473,4729,55,164
19,361289.42,326.13,odd,20,2024-03-14,0.00973360655738,liquid_universe-2024-02-20-4729,daily_high_low_midpoint_proxy,13:30:00,349.13,16.7,熒茂,09:00:00,0.01,41425605.16,1943519.2,19,loss12,18.375,9146,165,552,sell,2024-03-12,2,18.6,18.15,1952,4729,1,23
3000,415179.42,53890,board,77,2024-03-15,0.00817503290451,liquid_universe-2024-02-20-4729,daily_high_low_midpoint_proxy,13:30:00,54375,16.6,熒茂,08:59:00,0.01,40453351.47,1890163.05,3000,loss12,18.125,6146,9000,553,sell,2024-03-12,245,18.6,17.65,366971,4729,163,485
24,415588.42,409,odd,20,2024-03-15,0.00998751560549,liquid_universe-2024-02-20-4729,daily_high_low_midpoint_proxy,13:30:00,432,16.6,熒茂,09:00:00,0.01,40453351.47,1890163.05,24,loss12,18,6122,146,554,sell,2024-03-12,2,18.35,17.65,2403,4729,1,23
4000,488235.42,72647,board,104,2024-03-18,0.00800683783951,liquid_universe-2024-02-20-4729,daily_high_low_midpoint_proxy,13:30:00,73300,15.95,熒茂,08:59:00,0.01,40369851.825,1886383.2,4000,loss12,18.325,2122,6000,555,sell,2024-03-12,330,19.25,17.4,499573,4729,219,653
13,488449.7,214.28,odd,20,2024-03-18,0.00944081336238,liquid_universe-2024-02-20-4729,daily_high_low_midpoint_proxy,13:30:00,236.28,15.95,熒茂,09:00:00,0.01,40369851.825,1886383.2,13,loss12,18.175,2109,122,556,sell,2024-03-12,2,18.85,17.5,1377,4729,0,22
3000,526407.7,37958,board,55,2024-03-19,0.00588652544892,liquid_universe-2024-02-20-4729,daily_high_low_midpoint_proxy,13:30:00,38300,16.95,熒茂,08:59:00,0.01,40355261.8375,1885811,2000,loss12,19.15,109,2000,557,sell,2024-03-12,173,19.7,18.6,339759,4729,114,342
14,526651.7,244,odd,20,2024-03-19,0.00970200970201,liquid_universe-2024-02-20-4729,daily_high_low_midpoint_proxy,13:30:00,266,16.95,熒茂,09:00:00,0.01,40355261.8375,1885811,14,loss12,19,95,109,558,sell,2024-03-12,2,19.25,18.75,1443,4729,0,22
14,526901.3,249.6,odd,20,2024-03-20,0.00988002822865,liquid_universe-2024-02-20-4729,daily_high_low_midpoint_proxy,13:30:00,271.6,17.2,熒茂,09:00:00,0.01,37851534.8825,1766827.95,14,loss12,19.4,81,95,559,sell,2024-03-12,2,19.7,19.1,1417,4729,0,22
30000,257313.3,-269588,board,382,2024-03-20,0.000100009255857,liquid_universe-2024-03-19-3207,daily_high_low_midpoint_proxy,13:30:00,268000,147,耀勝,08:59:00,0.01,321207674.61,3046478.95,2000,leader_entry,134,2000,2000,560,buy,2024-03-19,1206,146,122,19998149,3207,0,1588
446,198092.3,-59221,odd,84,2024-03-20,0.00999686197158,liquid_universe-2024-03-19-3207,daily_high_low_midpoint_proxy,13:30:00,58872,147,耀勝,09:00:00,0.01,321207674.61,3046478.95,446,leader_entry,132,2446,791,561,buy,2024-03-19,265,140,124,44614,3207,0,349
5,198167.43,75.13,odd,20,2024-03-21,0.00934579439252,liquid_universe-2024-02-20-4729,daily_high_low_midpoint_proxy,13:30:00,96.13,16.95,熒茂,09:00:00,0.01,28920494.32,1378571.35,5,loss12,19.225,76,81,562,sell,2024-03-12,1,19.7,18.75,535,4729,0,21
12,198372.23,204.8,odd,20,2024-03-22,0.00936037441498,liquid_universe-2024-02-20-4729,daily_high_low_midpoint_proxy,13:30:00,226.8,16.9,熒茂,09:00:00,0.01,18992607.52,923148.75,12,loss12,18.9,64,76,563,sell,2024-03-12,2,19.2,18.6,1282,4729,0,22
16,198660.63,288.4,odd,20,2024-03-25,0.00970873786408,liquid_universe-2024-02-20-4729,daily_high_low_midpoint_proxy,13:30:00,310.4,17.25,熒茂,09:00:00,0.01,16753326.285,818805.65,16,loss12,19.4,48,64,564,sell,2024-03-12,2,19.5,19.3,1648,4729,0,22
5,198735.63,75,odd,20,2024-03-26,0.00863557858377,liquid_universe-2024-02-20-4729,daily_high_low_midpoint_proxy,13:30:00,96,17.5,熒茂,09:00:00,0.01,15623475.785,765600.15,5,loss12,19.2,43,48,565,sell,2024-03-12,1,19.5,18.9,579,4729,0,21
4,198790.23,54.6,odd,20,2024-03-27,0.0081466395112,liquid_universe-2024-02-20-4729,daily_high_low_midpoint_proxy,13:30:00,75.6,16.95,熒茂,09:00:00,0.01,14112750.0075,694968.35,4,loss12,18.9,39,43,566,sell,2024-03-12,1,18.9,18.9,491,4729,0,21
8,198920.43,130.2,odd,20,2024-03-28,0.00920598388953,liquid_universe-2024-02-20-4729,daily_high_low_midpoint_proxy,13:30:00,151.2,17.1,熒茂,09:00:00,0.01,12938141.4925,637311.25,8,loss12,18.9,31,39,567,sell,2024-03-12,1,18.9,18.9,869,4729,0,21
9,199068.18,147.75,odd,20,2024-03-29,0.00963597430407,liquid_universe-2024-02-20-4729,daily_high_low_midpoint_proxy,13:30:00,168.75,17.15,熒茂,09:00:00,0.01,12462388.72,614313.6,9,loss12,18.75,22,31,568,sell,2024-03-12,1,18.9,18.6,934,4729,0,21
19,199405.23,337.05,odd,20,2024-04-01,0.00983946141895,liquid_universe-2024-02-20-4729,daily_high_low_midpoint_proxy,13:30:00,360.05,16.8,熒茂,09:00:00,0.01,8859628.915,450133.35,19,loss12,18.95,3,22,569,sell,2024-03-12,2,19.35,18.55,1931,4729,1,23
9,199442.21,36.98,odd,20,2024-04-02,0.0031185031185,liquid_universe-2024-02-20-4729,daily_high_low_midpoint_proxy,13:30:00,57.98,17.55,熒茂,09:00:00,0.01,7947067.865,408772.1,3,loss12,19.325,0,3,570,sell,2024-03-12,1,19.45,19.2,962,4729,0,21
170,281015.91,60569,odd,87,2024-06-12,0.00995724242957,liquid_universe-2024-03-08-2404,daily_high_low_midpoint_proxy,13:30:00,61115,324,漢唐,09:00:00,0.01,869399158.675,2445326.85,170,time63,359.5,661,831,571,sell,2024-06-11,276,361,358,17073,2404,183,546
406,426776.41,145760.5,odd,210,2024-06-13,0.00997739113339,liquid_universe-2024-03-08-2404,daily_high_low_midpoint_proxy,13:30:00,147073.5,324,漢唐,09:00:00,0.01,864650631.4,2432468.65,406,time63,362.25,255,661,572,sell,2024-06-11,662,365,359.5,40692,2404,441,1313
18000,754574.41,327798,board,471,2024-06-13,0.00164514000964,liquid_universe-2024-03-11-5225,daily_high_low_midpoint_proxy,13:30:00,330750,100.5,東科-KY,08:59:00,0.01,241106529.325,2021244.05,3000,time63,110.25,196,3000,573,sell,2024-06-12,1489,112,108.5,1823553,5225,992,2952
94,764816.41,10242,odd,20,2024-06-13,0.00993552478596,liquid_universe-2024-03-11-5225,daily_high_low_midpoint_proxy,13:30:00,10340,100.5,東科-KY,09:00:00,0.01,241106529.325,2021244.05,94,time63,110,102,196,574,sell,2024-06-12,47,111,109,9461,5225,31,98
385,855102.16,90285.75,odd,130,2024-06-14,0.00661067039975,liquid_universe-2024-03-08-2404,daily_high_low_midpoint_proxy,13:30:00,91098.75,322.5,漢唐,09:00:00,0.01,877498769.45,2469215.1,255,time63,357.25,0,255,575,sell,2024-06-11,410,358.5,356,38574,2404,273,813
50,860602.66,5500.5,odd,20,2024-06-14,0.00984251968504,liquid_universe-2024-03-11-5225,daily_high_low_midpoint_proxy,13:30:00,5562.5,98.6,東科-KY,09:00:00,0.01,244456751.65,2055723.15,50,time63,111.25,52,102,576,sell,2024-06-12,26,112.5,110,5080,5225,16,62
86,866233.66,5631,odd,20,2024-06-17,0.00601364635134,liquid_universe-2024-03-11-5225,daily_high_low_midpoint_proxy,13:30:00,5694,98.6,東科-KY,09:00:00,0.01,242229940.45,2039338.3,52,time63,109.5,0,52,577,sell,2024-06-12,26,110.5,108.5,8647,5225,17,63
111000,484182.66,-382051,board,541,2024-06-17,0.000158693659189,liquid_universe-2024-06-14-4566,daily_high_low_midpoint_proxy,13:30:00,379800,99.4,時碩工業,08:59:00,0.01,855638788.94,11186833.55,4000,leader_entry,94.95,4000,4000,578,buy,2024-06-14,1710,99.4,90.5,25205796,4566,0,2251
265,473350.46,-10832.2,odd,20,2024-06-17,0.00421591507942,liquid_universe-2024-06-14-4566,daily_high_low_midpoint_proxy,13:30:00,10763.2,99.4,時碩工業,09:00:00,0.01,855638788.94,11186833.55,112,leader_entry,96.1,4112,112,579,buy,2024-06-14,49,99.4,92.8,26566,4566,0,69
78000,146424.46,-326926,board,463,2024-06-17,0.000254310725746,liquid_universe-2024-06-14-4967,daily_high_low_midpoint_proxy,13:30:00,325000,196.5,十銓,08:59:00,0.01,3331657777.6,23871860.05,2000,leader_entry,162.5,2000,2000,580,buy,2024-06-14,1463,163.5,161.5,7864395,4967,0,1926
1232,133425.46,-12999,odd,20,2024-06-17,0.000649166227127,liquid_universe-2024-06-14-4967,daily_high_low_midpoint_proxy,13:30:00,12920,196.5,十銓,09:00:00,0.01,3331657777.6,23871860.05,80,leader_entry,161.5,2080,80,581,buy,2024-06-14,59,161.5,161.5,123235,4967,0,79
264000,421332.46,287907,board,414,2024-06-20,7.05008035153e-05,liquid_universe-2024-06-14-4967,daily_high_low_midpoint_proxy,13:30:00,290500,126.5,十銓,08:59:00,0.01,3755152587.97,26402295.45,2000,loss12,145.25,80,2000,582,sell,2024-06-19,1308,150,140.5,28368471,4967,871,2593
953,432885.46,11553,odd,20,2024-06-20,0.000838926174497,liquid_universe-2024-06-14-4967,daily_high_low_midpoint_proxy,13:30:00,11660,126.5,十銓,09:00:00,0.01,3755152587.97,26402295.45,80,loss12,145.75,0,80,583,sell,2024-06-19,53,150,141.5,95360,4967,34,107
4000,723766.46,290881,board,418,2024-06-21,0.00421667822739,liquid_universe-2024-03-19-3207,daily_high_low_midpoint_proxy,13:30:00,293500,130,耀勝,08:59:00,0.01,128269220.025,901826.85,2000,time63,146.75,446,2000,584,sell,2024-06-20,1321,149.5,144,474307,3207,880,2619
32,728430.46,4664,odd,20,2024-06-21,0.00969990906335,liquid_universe-2024-03-19-3207,daily_high_low_midpoint_proxy,13:30:00,4720,130,耀勝,09:00:00,0.01,128269220.025,901826.85,32,time63,147.5,414,446,585,sell,2024-06-20,22,150,145,3299,3207,14,56
12000,366800.46,-361630,board,512,2024-06-21,0.0026710100852,liquid_universe-2024-06-20-5484,daily_high_low_midpoint_proxy,13:30:00,359500,74.3,慧友,08:59:00,0.01,64447371.6,1240324.05,5000,leader_entry,71.9,5000,5000,586,buy,2024-06-20,1618,74.3,69.5,1871951,5484,0,2130
291,346434.86,-20365.6,odd,29,2024-06-21,0.00945432124139,liquid_universe-2024-06-20-5484,daily_high_low_midpoint_proxy,13:30:00,20244.6,74.3,慧友,09:00:00,0.01,64447371.6,1240324.05,276,leader_entry,73.35,5276,276,587,buy,2024-06-20,92,74.3,72.4,29193,5484,0,121
12,348126.86,1692,odd,20,2024-06-24,0.0093896713615,liquid_universe-2024-03-19-3207,daily_high_low_midpoint_proxy,13:30:00,1725,130.5,耀勝,09:00:00,0.01,120578696.35,843191.15,12,time63,143.75,402,414,588,sell,2024-06-20,8,145,142.5,1278,3207,5,33
27,351965.86,3839,odd,20,2024-06-25,0.00996677740864,liquid_universe-2024-03-19-3207,daily_high_low_midpoint_proxy,13:30:00,3888,130,耀勝,09:00:00,0.01,117039097.05,816833.4,27,time63,144,375,402,589,sell,2024-06-20,18,146,142,2709,3207,11,49
7000,153295.86,-198670,board,281,2024-06-25,0.000338917565081,liquid_universe-2024-06-24-6895,daily_high_low_midpoint_proxy,13:30:00,197500,212.5,宏碩系統,08:59:00,0.01,106035593.735,730623.2,1000,leader_entry,197.5,1000,1000,590,buy,2024-06-24,889,205,190,2950570,6895,0,1170
110,131606.86,-21689,odd,31,2024-06-25,0.00994395226903,liquid_universe-2024-06-24-6895,daily_high_low_midpoint_proxy,13:30:00,21560,212.5,宏碩系統,09:00:00,0.01,106035593.735,730623.2,110,leader_entry,196,1110,628,591,buy,2024-06-24,98,203,189,11062,6895,0,129
21,134603.61,2996.75,odd,20,2024-06-26,0.00962861072902,liquid_universe-2024-03-19-3207,daily_high_low_midpoint_proxy,13:30:00,3039.75,130.5,耀勝,09:00:00,0.01,114744058.35,800030.7,21,time63,144.75,354,375,592,sell,2024-06-20,14,146,143.5,2181,3207,9,43
30,138885.61,4282,odd,20,2024-06-27,0.00969932104753,liquid_universe-2024-03-19-3207,daily_high_low_midpoint_proxy,13:30:00,4335,130,耀勝,09:00:00,0.01,108813505,756357.7,30,time63,144.5,324,354,593,sell,2024-06-20,20,146,143,3093,3207,13,53
16,141160.61,2275,odd,20,2024-06-28,0.00985221674877,liquid_universe-2024-03-19-3207,daily_high_low_midpoint_proxy,13:30:00,2312,129,耀勝,09:00:00,0.01,105827334.6,733256.9,16,time63,144.5,308,324,594,sell,2024-06-20,11,146,143,1624,3207,6,37
40,147026.61,5866,odd,20,2024-07-01,0.00994035785288,liquid_universe-2024-03-19-3207,daily_high_low_midpoint_proxy,13:30:00,5930,131,耀勝,09:00:00,0.01,100820294.125,693995.2,40,time63,148.25,268,308,595,sell,2024-06-20,27,150,146.5,4024,3207,17,64
19,149759.61,2733,odd,20,2024-07-02,0.00963000506842,liquid_universe-2024-03-19-3207,daily_high_low_midpoint_proxy,13:30:00,2774,132.5,耀勝,09:00:00,0.01,100852803.925,692144.1,19,time63,146,249,268,596,sell,2024-06-20,13,148,144,1973,3207,8,41
8,150892.61,1133,odd,20,2024-07-03,0.00898876404494,liquid_universe-2024-03-19-3207,daily_high_low_midpoint_proxy,13:30:00,1162,130.5,耀勝,09:00:00,0.01,99231739.6,679315.2,8,time63,145.25,241,249,597,sell,2024-06-20,6,146,144.5,890,3207,3,29
40,156638.61,5746,odd,20,2024-07-04,0.00993788819876,liquid_universe-2024-03-19-3207,daily_high_low_midpoint_proxy,13:30:00,5810,130,耀勝,09:00:00,0.01,97997132.55,669702.7,40,time63,145.25,201,241,598,sell,2024-06-20,27,146.5,144,4025,3207,17,64
14,158653.61,2015,odd,20,2024-07-05,0.00996441281139,liquid_universe-2024-03-19-3207,daily_high_low_midpoint_proxy,13:30:00,2051,132,耀勝,09:00:00,0.01,95992156.3,654217.7,14,time63,146.5,187,201,599,sell,2024-06-20,10,148,145,1405,3207,6,36
39,164197.86,5544.25,odd,20,2024-07-08,0.0099846390169,liquid_universe-2024-03-19-3207,daily_high_low_midpoint_proxy,13:30:00,5606.25,130.5,耀勝,09:00:00,0.01,92260863.1,627679.7,39,time63,143.75,148,187,600,sell,2024-06-20,26,145.5,142,3906,3207,16,62
26,167861.36,3663.5,odd,20,2024-07-09,0.00969425801641,liquid_universe-2024-03-19-3207,daily_high_low_midpoint_proxy,13:30:00,3711.5,129,耀勝,09:00:00,0.01,87311142.75,593849.15,26,time63,142.75,122,148,601,sell,2024-06-20,17,145,140.5,2682,3207,11,48
44,174042.36,6181,odd,20,2024-07-10,0.00996376811594,liquid_universe-2024-03-19-3207,daily_high_low_midpoint_proxy,13:30:00,6248,128.5,耀勝,09:00:00,0.01,72021403.95,491731.75,44,time63,142,78,122,602,sell,2024-06-20,29,143,141,4416,3207,18,67
33,178705.36,4663,odd,20,2024-07-11,0.00974889217134,liquid_universe-2024-03-19-3207,daily_high_low_midpoint_proxy,13:30:00,4719,126,耀勝,09:00:00,0.01,68539695.6,470346.65,33,time63,143,45,78,603,sell,2024-06-20,22,144,142,3385,3207,14,56
21,181619.11,2913.75,odd,20,2024-07-12,0.00994789199432,liquid_universe-2024-03-19-3207,daily_high_low_midpoint_proxy,13:30:00,2955.75,127.5,耀勝,09:00:00,0.01,64024309.625,440966.8,21,time63,140.75,24,45,604,sell,2024-06-20,14,141.5,140,2111,3207,8,42
31,185017.11,3398,odd,20,2024-07-15,0.00754479723357,liquid_universe-2024-03-19-3207,daily_high_low_midpoint_proxy,13:30:00,3444,127.5,耀勝,09:00:00,0.01,60398101.7,418873.05,24,time63,143.5,0,24,605,sell,2024-06-20,16,145,142,3181,3207,10,46
89000,488286.11,303269,board,436,2024-08-06,0.000444794745017,liquid_universe-2024-06-14-4566,daily_high_low_midpoint_proxy,13:30:00,306000,71.1,時碩工業,08:59:00,0.01,1358652620.59,13761414.15,4000,loss12,76.5,112,4000,606,sell,2024-08-05,1377,81.9,71.1,8992912,4566,918,2731
182,496747.71,8461.6,odd,20,2024-08-06,0.00614304519526,liquid_universe-2024-06-14-4566,daily_high_low_midpoint_proxy,13:30:00,8545.6,71.1,時碩工業,09:00:00,0.01,1358652620.59,13761414.15,112,loss12,76.3,0,112,607,sell,2024-08-05,39,80.6,72,18232,4566,25,84
7000,677370.71,180623,board,260,2024-08-07,0.000575591909941,liquid_universe-2024-06-24-6895,daily_high_low_midpoint_proxy,13:30:00,182250,161,宏碩系統,08:59:00,0.01,176911066.8,749024.65,1000,loss12,182.25,110,1000,608,sell,2024-08-06,821,196,168.5,1737342,6895,546,1627
23,681664.71,4294,odd,20,2024-08-07,0.00982066609735,liquid_universe-2024-06-24-6895,daily_high_low_midpoint_proxy,13:30:00,4347,161,宏碩系統,09:00:00,0.01,176911066.8,749024.65,23,loss12,189,87,110,609,sell,2024-08-06,20,196,182,2342,6895,13,53
332,519857.71,-161807,odd,229,2024-08-07,0.00998136011064,liquid_universe-2024-08-06-6561,daily_high_low_midpoint_proxy,13:30:00,160854,499.5,是方,09:00:00,0.01,120321287.7,285026.45,332,leader_entry,484.5,332,691,610,buy,2024-08-06,724,497,472,33262,6561,0,953
71,534404.96,14547.25,odd,21,2024-08-08,0.00995234090272,liquid_universe-2024-06-24-6895,daily_high_low_midpoint_proxy,13:30:00,14679.25,176.5,宏碩系統,09:00:00,0.01,191863409.4,827759.95,71,loss12,206.75,16,87,611,sell,2024-08-06,67,215.5,198,7134,6895,44,132
154000,230916.96,-303488,board,430,2024-08-08,8.94024494815e-05,liquid_universe-2024-08-07-4510,daily_high_low_midpoint_proxy,13:30:00,301700,45.75,高鋒,08:59:00,0.01,531885427.815,15425887.55,7000,leader_entry,43.1,7000,7000,612,buy,2024-08-07,1358,44.9,41.3,78297631,4510,0,1788
480,209779.96,-21137,odd,30,2024-08-08,0.00999229760393,liquid_universe-2024-08-07-4510,daily_high_low_midpoint_proxy,13:30:00,21012,45.75,高鋒,09:00:00,0.01,531885427.815,15425887.55,480,leader_entry,43.775,7480,726,613,buy,2024-08-07,95,45.7,41.85,48037,4510,0,125
57,213292.96,3513,odd,20,2024-08-09,0.00277248310518,liquid_universe-2024-06-24-6895,daily_high_low_midpoint_proxy,13:30:00,3560,194,宏碩系統,09:00:00,0.01,204850319.625,891853.75,16,loss12,222.5,0,16,614,sell,2024-08-06,17,232,213,5771,6895,10,47
5000,553727.96,340435,board,489,2024-09-23,0.00849877617623,liquid_universe-2024-06-20-5484,daily_high_low_midpoint_proxy,13:30:00,343500,62.6,慧友,08:59:00,0.01,88121146.15,1133518.45,5000,time63,68.7,276,5000,615,sell,2024-09-20,1546,69.4,68,588320,5484,1030,3065
112,561355.56,7627.6,odd,20,2024-09-23,0.0099387700772,liquid_universe-2024-06-20-5484,daily_high_low_midpoint_proxy,13:30:00,7705.6,62.6,慧友,09:00:00,0.01,88121146.15,1133518.45,112,time63,68.8,164,276,616,sell,2024-09-20,35,69.2,68.4,11269,5484,23,78
65,565754.06,4398.5,odd,20,2024-09-24,0.00990551661079,liquid_universe-2024-06-20-5484,daily_high_low_midpoint_proxy,13:30:00,4452.5,61.3,慧友,09:00:00,0.01,75962455.135,998833.4,65,time63,68.5,99,164,617,sell,2024-09-20,21,69,68,6562,5484,13,54
76000,262920.06,-302834,board,429,2024-09-24,0.000629812511114,liquid_universe-2024-09-23-1539,daily_high_low_midpoint_proxy,13:30:00,301050,38.5,巨庭,08:59:00,0.01,243758940.425,7608208.75,9000,leader_entry,33.45,9000,9000,618,buy,2024-09-23,1355,35.1,31.8,14289967,1539,0,1784
204,257021.31,-5898.75,odd,20,2024-09-24,0.00870245428767,liquid_universe-2024-09-23-1539,daily_high_low_midpoint_proxy,13:30:00,5851.75,38.5,巨庭,09:00:00,0.01,243758940.425,7608208.75,178,leader_entry,32.875,9178,178,619,buy,2024-09-23,27,33.85,31.9,20454,1539,0,47
112,263992.16,6970.85,odd,20,2024-09-25,0.00883612995359,liquid_universe-2024-06-20-5484,daily_high_low_midpoint_proxy,13:30:00,7043.85,61.1,慧友,09:00:00,0.01,67813457.685,902987.15,99,time63,71.15,0,99,620,sell,2024-09-20,32,71.7,70.6,11204,5484,21,73
8000,479253.16,215261,board,310,2024-10-11,0.00933681752241,liquid_universe-2024-09-23-1539,daily_high_low_midpoint_proxy,13:30:00,217200,24.75,巨庭,08:59:00,0.01,149053584.96,4692111.2,8000,loss12,27.15,1178,9000,621,sell,2024-10-09,978,27.6,26.7,856823,1539,651,1939
28,479995.06,741.9,odd,20,2024-10-11,0.00991852639036,liquid_universe-2024-09-23-1539,daily_high_low_midpoint_proxy,13:30:00,767.9,24.75,巨庭,09:00:00,0.01,149053584.96,4692111.2,28,loss12,27.425,1150,178,622,sell,2024-10-09,4,27.8,27.05,2823,1539,2,26
7000,506778.06,26783,board,39,2024-10-14,0.00139660708275,liquid_universe-2024-09-23-1539,daily_high_low_midpoint_proxy,13:30:00,27025,24.2,巨庭,08:59:00,0.01,129457974.833,4111952.5,1000,loss12,27.025,150,1000,623,sell,2024-10-09,122,27.35,26.7,716021,1539,81,242
20,507303.06,525,odd,20,2024-10-14,0.00999500249875,liquid_universe-2024-09-23-1539,daily_high_low_midpoint_proxy,13:30:00,549,24.2,巨庭,09:00:00,0.01,129457974.833,4111952.5,20,loss12,27.45,130,150,624,sell,2024-10-09,3,27.9,27,2001,1539,1,24
24,507940.26,637.2,odd,20,2024-10-15,0.00989282769992,liquid_universe-2024-09-23-1539,daily_high_low_midpoint_proxy,13:30:00,661.2,24.35,巨庭,09:00:00,0.01,118960204.235,3765547.25,24,loss12,27.55,106,130,625,sell,2024-10-09,3,27.7,27.4,2426,1539,1,24
3000,274817.26,-233123,board,330,2024-10-15,0.00078488191844,liquid_universe-2024-10-14-5314,daily_high_low_midpoint_proxy,13:30:00,231750,254,世紀*,08:59:00,0.01,72436166.575,361105.6,1000,leader_entry,231.75,1000,1000,626,buy,2024-10-14,1043,249.5,214,1274077,5314,0,1373
115,247920.76,-26896.5,odd,38,2024-10-15,0.00996879334258,liquid_universe-2024-10-14-5314,daily_high_low_midpoint_proxy,13:30:00,26737.5,254,世紀*,09:00:00,0.01,72436166.575,361105.6,115,leader_entry,232.5,1115,243,627,buy,2024-10-14,121,244,221,11536,5314,0,159
26,248620.16,699.4,odd,20,2024-10-16,0.00970149253731,liquid_universe-2024-09-23-1539,daily_high_low_midpoint_proxy,13:30:00,725.4,24.4,巨庭,09:00:00,0.01,110140690.64,3469450.4,26,loss12,27.9,80,106,628,sell,2024-10-09,4,28.9,26.9,2680,1539,2,26
50,250064.16,1444,odd,20,2024-10-17,0.00994826900119,liquid_universe-2024-09-23-1539,daily_high_low_midpoint_proxy,13:30:00,1475,25.25,巨庭,09:00:00,0.01,102447714.14,3224320.4,50,loss12,29.5,30,80,629,sell,2024-10-09,7,30.8,28.2,5026,1539,4,31
27,250825.21,761.05,odd,20,2024-10-18,0.00977198697068,liquid_universe-2024-09-23-1539,daily_high_low_midpoint_proxy,13:30:00,787.05,26.65,巨庭,09:00:00,0.01,101698823.28,3204642.8,27,loss12,29.15,3,30,630,sell,2024-10-09,4,29.4,28.9,2763,1539,2,26
26,250893.69,68.48,odd,20,2024-10-21,0.00112485939258,liquid_universe-2024-09-23-1539,daily_high_low_midpoint_proxy,13:30:00,89.48,26.1,巨庭,09:00:00,0.01,94273314.23,2967180.45,3,loss12,29.825,0,3,631,sell,2024-10-09,1,30.5,29.15,2667,1539,0,21
65,284617.19,33723.5,odd,48,2024-11-11,0.00985595147839,liquid_universe-2024-08-06-6561,daily_high_low_midpoint_proxy,13:30:00,34027.5,471,是方,09:00:00,0.01,83538856.575,164350.7,65,time63,523.5,267,332,632,sell,2024-11-08,154,526,521,6595,6561,102,304
136,353391.19,68774,odd,99,2024-11-12,0.00999191830137,liquid_universe-2024-08-06-6561,daily_high_low_midpoint_proxy,13:30:00,69394,467.5,是方,09:00:00,0.01,84285769.075,165315.75,136,time63,510.25,131,267,633,sell,2024-11-08,313,522,498.5,13611,6561,208,620
31000,648755.19,295364,board,425,2024-11-12,0.00218843624038,liquid_universe-2024-08-07-4510,daily_high_low_midpoint_proxy,13:30:00,298025,38.75,高鋒,08:59:00,0.01,574496446.097,12759141.35,7000,time63,42.575,480,7000,634,sell,2024-11-11,1342,44,41.15,3198631,4510,894,2661
136,654484.79,5729.6,odd,20,2024-11-12,0.00994952081352,liquid_universe-2024-08-07-4510,daily_high_low_midpoint_proxy,13:30:00,5793.6,38.75,高鋒,09:00:00,0.01,574496446.097,12759141.35,136,time63,42.6,344,480,635,sell,2024-11-11,27,44,41.2,13669,4510,17,64
68,688703.79,34219,odd,49,2024-11-13,0.01,liquid_universe-2024-08-06-6561,daily_high_low_midpoint_proxy,13:30:00,34527,446.5,是方,09:00:00,0.01,87805515.375,172052.9,68,time63,507.75,63,131,636,sell,2024-11-08,156,520,495.5,6800,6561,103,308
177,696316.44,7612.65,odd,20,2024-11-13,0.00995724572457,liquid_universe-2024-08-07-4510,daily_high_low_midpoint_proxy,13:30:00,7690.65,38.75,高鋒,09:00:00,0.01,563035178.02,12445007.75,177,time63,43.45,167,344,637,sell,2024-11-11,35,44.4,42.5,17776,4510,23,78
66,728628.94,32312.5,odd,46,2024-11-14,0.00946941229521,liquid_universe-2024-08-06-6561,daily_high_low_midpoint_proxy,13:30:00,32602.5,463,是方,09:00:00,0.01,91724520.975,179482.9,63,time63,517.5,0,63,638,sell,2024-11-08,147,526,509,6653,6561,97,290
67,731411.99,2783.05,odd,20,2024-11-14,0.00996578908225,liquid_universe-2024-08-07-4510,daily_high_low_midpoint_proxy,13:30:00,2824.05,38.2,高鋒,09:00:00,0.01,560015149.507,12345395.25,67,time63,42.15,100,167,639,sell,2024-11-11,13,42.6,41.7,6723,4510,8,41
71000,578258.99,-153153,board,217,2024-11-14,2.15219292533e-05,liquid_universe-2024-11-13-3211,daily_high_low_midpoint_proxy,13:30:00,152250,173,順達,08:59:00,0.01,999462734.125,7167044.1,1000,leader_entry,152.25,1000,1000,640,buy,2024-11-13,686,157,147.5,46464236,3211,0,903
2091,438892.99,-139366,odd,197,2024-11-14,0.00437956902363,liquid_universe-2024-11-13-3211,daily_high_low_midpoint_proxy,13:30:00,138545,173,順達,09:00:00,0.01,999462734.125,7167044.1,916,leader_entry,151.25,1916,916,641,buy,2024-11-13,624,154,148.5,209153,3211,0,821
11000,244999.99,-193893,board,275,2024-11-14,0.000297499074034,liquid_universe-2024-11-13-6859,daily_high_low_midpoint_proxy,13:30:00,192750,213.5,伯特光,08:59:00,0.01,201642560.7,1182392.5,1000,leader_entry,192.75,1000,1000,642,buy,2024-11-13,868,198.5,187,3361355,6859,0,1143
100,225660.99,-19339,odd,27,2024-11-14,0.00999200639488,liquid_universe-2024-11-13-6859,daily_high_low_midpoint_proxy,13:30:00,19225,213.5,伯特光,09:00:00,0.01,201642560.7,1182392.5,100,leader_entry,192.25,1100,553,643,buy,2024-11-13,87,198,186.5,10008,6859,0,114
90,229398.74,3737.75,odd,20,2024-11-15,0.00991080277502,liquid_universe-2024-08-07-4510,daily_high_low_midpoint_proxy,13:30:00,3786.75,37.4,高鋒,09:00:00,0.01,525134622.45,11516311.95,90,time63,42.075,10,100,644,sell,2024-11-11,18,42.95,41.2,9081,4510,11,49
109,229781.74,383,odd,20,2024-11-18,0.000909835319807,liquid_universe-2024-08-07-4510,daily_high_low_midpoint_proxy,13:30:00,406,37.75,高鋒,09:00:00,0.01,482382339.435,10608813.95,10,time63,40.6,0,10,645,sell,2024-11-11,2,41,40.2,10991,4510,1,23
45,266196.24,36414.5,odd,52,2025-01-14,0.0098814229249,liquid_universe-2024-10-14-5314,daily_high_low_midpoint_proxy,13:30:00,36742.5,734,世紀*,09:00:00,0.01,461580288.475,777573.25,45,time63,816.5,1070,115,646,sell,2025-01-13,166,825,808,4554,5314,110,328
58,314481.24,48285,odd,69,2025-01-15,0.00994854202401,liquid_universe-2024-10-14-5314,daily_high_low_midpoint_proxy,13:30:00,48720,740,世紀*,09:00:00,0.01,461698782.925,775929.95,58,time63,840,1012,70,647,sell,2025-01-13,220,854,826,5830,5314,146,435
57,324507.24,10026,odd,20,2025-01-16,0.00208116545265,liquid_universe-2024-10-14-5314,daily_high_low_midpoint_proxy,13:30:00,10122,746,世紀*,09:00:00,0.01,445400544.025,742648.05,12,time63,843.5,1000,12,648,sell,2025-01-13,46,849,838,5766,5314,30,96
6000,1210528.24,886021,board,1274,2025-01-20,0.000880808159102,liquid_universe-2024-10-14-5314,daily_high_low_midpoint_proxy,13:30:00,894000,818,世紀*,08:59:00,0.01,382126532.95,602486.25,1000,time63,894,0,1000,649,sell,2025-01-13,4023,970,818,1135321,5314,2682,7979
23000,710834.24,-499694,board,708,2025-01-21,0.000112480486042,liquid_universe-2025-01-20-3081,daily_high_low_midpoint_proxy,13:30:00,496750,542,聯亞,08:59:00,0.01,1060729280.8,2313471.1,1000,leader_entry,496.75,1000,1000,650,buy,2025-01-20,2236,512,481.5,8890431,3081,0,2944
392,661040.24,-49794,odd,71,2025-01-21,0.00251946862116,liquid_universe-2025-01-20-3081,daily_high_low_midpoint_proxy,13:30:00,49500,542,聯亞,09:00:00,0.01,1060729280.8,2313471.1,99,leader_entry,500,1099,99,651,buy,2025-01-20,223,512,488,39294,3081,0,294
43000,843398.24,182358,board,262,2025-02-21,0.000230457174028,liquid_universe-2024-11-13-3211,daily_high_low_midpoint_proxy,13:30:00,184000,163,順達,08:59:00,0.01,1697939321.45,9275682.8,1000,time63,184,916,1000,652,sell,2025-02-20,828,187,181,4339201,3211,552,1642
347,906676.24,63278,odd,91,2025-02-21,0.00998934853326,liquid_universe-2024-11-13-3211,daily_high_low_midpoint_proxy,13:30:00,63848,163,順達,09:00:00,0.01,1697939321.45,9275682.8,347,time63,184,569,916,653,sell,2025-02-20,288,187,181,34737,3211,191,570
1000,1096219.24,189543,board,273,2025-02-21,0.00918096602124,liquid_universe-2024-11-13-6859,daily_high_low_midpoint_proxy,13:30:00,191250,172,伯特光,08:59:00,0.01,144561869.925,709330.95,1000,time63,191.25,100,1000,654,sell,2025-02-20,861,193,189.5,108921,6859,573,1707
49,1105572.99,9353.75,odd,20,2025-02-21,0.0099573257468,liquid_universe-2024-11-13-6859,daily_high_low_midpoint_proxy,13:30:00,9444.75,172,伯特光,09:00:00,0.01,144561869.925,709330.95,49,time63,192.75,51,100,655,sell,2025-02-20,43,195,190.5,4921,6859,28,91
620,1208065.74,102492.75,odd,147,2025-02-24,0.00917623532447,liquid_universe-2024-11-13-3211,daily_high_low_midpoint_proxy,13:30:00,103415.75,166,順達,09:00:00,0.01,1668448308.55,9113344.15,569,time63,181.75,0,569,656,sell,2025-02-20,466,185,178.5,62008,3211,310,923
46,1216823.24,8757.5,odd,20,2025-02-24,0.00983326207781,liquid_universe-2024-11-13-6859,daily_high_low_midpoint_proxy,13:30:00,8843.5,171,伯特光,09:00:00,0.01,131077091.55,646126.75,46,time63,192.25,5,51,657,sell,2025-02-20,40,197,187.5,4678,6859,26,86
34,1217754.99,931.75,odd,20,2025-02-25,0.00143061516452,liquid_universe-2024-11-13-6859,daily_high_low_midpoint_proxy,13:30:00,958.75,171,伯特光,09:00:00,0.01,113238444.375,563684.5,5,time63,191.75,0,5,658,sell,2025-02-20,5,194,189.5,3495,6859,2,27
30000,821671.99,-396083,board,561,2025-02-25,0.000402548345721,liquid_universe-2025-02-24-3213,daily_high_low_midpoint_proxy,13:30:00,393750,144.5,茂訊,08:59:00,0.01,351503576.88,3065191.45,3000,leader_entry,131.25,3000,3000,659,buy,2025-02-24,1772,138,124.5,7452521,3213,0,2333
392,770113.99,-51558,odd,73,2025-02-25,0.00998293732651,liquid_universe-2025-02-24-3213,daily_high_low_midpoint_proxy,13:30:00,51254,144.5,茂訊,09:00:00,0.01,351503576.88,3065191.45,392,leader_entry,130.75,3392,954,660,buy,2025-02-24,231,137,124.5,39267,3213,0,304
49000,339577.99,-430536,board,610,2025-02-25,0.000176073534647,liquid_universe-2025-02-24-3022,daily_high_low_midpoint_proxy,13:30:00,428000,118.5,威強電,08:59:00,0.01,488290494.225,4906772.85,4000,leader_entry,107,4000,4000,661,buy,2025-02-24,1926,110,104,22717781,3022,0,2536
641,270583.99,-68994,odd,98,2025-02-25,0.00998893581213,liquid_universe-2025-02-24-3022,daily_high_low_midpoint_proxy,13:30:00,68587,118.5,威強電,09:00:00,0.01,488290494.225,4906772.85,641,leader_entry,107,4641,822,662,buy,2025-02-24,309,110,104,64171,3022,0,407
24000,701949.99,431366,board,620,2025-02-26,0.000407526027669,liquid_universe-2025-01-20-3081,daily_high_low_midpoint_proxy,13:30:00,435250,395.5,聯亞,08:59:00,0.01,1226748688.1,2563125.95,1000,loss12,435.25,99,1000,663,sell,2025-02-25,1959,445,425.5,2453831,3081,1305,3884
311,744655.74,42705.75,odd,61,2025-02-26,0.0031735855105,liquid_universe-2025-01-20-3081,daily_high_low_midpoint_proxy,13:30:00,43089.75,395.5,聯亞,09:00:00,0.01,1226748688.1,2563125.95,99,loss12,435.25,0,99,664,sell,2025-02-25,194,444,426.5,31195,3081,129,384
122000,262112.74,-482543,board,684,2025-02-27,0.000191662024719,liquid_universe-2025-02-26-1569,daily_high_low_midpoint_proxy,13:30:00,479700,88,濱川,08:59:00,0.01,846083326.505,12243187.3,6000,leader_entry,79.95,6000,6000,665,buy,2025-02-26,2159,82.8,77.1,31305106,1569,0,2843
508,230265.49,-31847.25,odd,45,2025-02-27,0.00777237756046,liquid_universe-2025-02-26-1569,daily_high_low_midpoint_proxy,13:30:00,31659.25,88,濱川,09:00:00,0.01,846083326.505,12243187.3,395,leader_entry,80.15,6395,395,666,buy,2025-02-26,143,82.9,77.4,50821,1569,0,188
174000,641165.49,410900,board,591,2025-03-11,0.000343088816031,liquid_universe-2025-02-26-1569,daily_high_low_midpoint_proxy,13:30:00,414600,63.6,濱川,08:59:00,0.01,1557968699.22,20663604.15,6000,loss12,69.1,395,6000,667,sell,2025-03-10,1866,72.6,65.6,17488183,1569,1243,3700
299,661804.84,20639.35,odd,30,2025-03-11,0.00997564474694,liquid_universe-2025-02-26-1569,daily_high_low_midpoint_proxy,13:30:00,20825.35,63.6,濱川,09:00:00,0.01,1557968699.22,20663604.15,299,loss12,69.65,96,395,668,sell,2025-03-10,94,73,66.3,29973,1569,62,186
23000,1025280.84,363476,board,523,2025-03-12,0.00126295050497,liquid_universe-2025-02-24-3213,daily_high_low_midpoint_proxy,13:30:00,366750,109,茂訊,08:59:00,0.01,901137818.98,7010157.65,3000,loss12,122.25,392,3000,669,sell,2025-03-11,1651,125.5,119,2375390,3213,1100,3274
147,1043091.59,17810.75,odd,26,2025-03-12,0.0099371324275,liquid_universe-2025-02-24-3213,daily_high_low_midpoint_proxy,13:30:00,17970.75,109,茂訊,09:00:00,0.01,901137818.98,7010157.65,147,loss12,122.25,245,392,670,sell,2025-03-11,81,125.5,119,14793,3213,53,160
322,1050079.39,6987.8,odd,20,2025-03-12,0.0029725043349,liquid_universe-2025-02-26-1569,daily_high_low_midpoint_proxy,13:30:00,7060.8,63.7,濱川,09:00:00,0.01,1611395312.23,21383140.35,96,loss12,73.55,0,96,671,sell,2025-03-10,32,76.5,70.6,32296,1569,21,73
149,1067836.64,17757.25,odd,26,2025-03-13,0.00999530421949,liquid_universe-2025-02-24-3213,daily_high_low_midpoint_proxy,13:30:00,17917.25,107.5,茂訊,09:00:00,0.01,904859688.54,7024392,149,loss12,120.25,96,245,672,sell,2025-03-11,81,122,118.5,14907,3213,53,160
147,1079012.64,11176,odd,20,2025-03-14,0.00651421591912,liquid_universe-2025-02-24-3213,daily_high_low_midpoint_proxy,13:30:00,11280,107.5,茂訊,09:00:00,0.01,914149077.49,7094532.05,96,loss12,117.5,0,96,673,sell,2025-03-11,51,119.5,115.5,14737,3213,33,104
47000,1440358.64,361346,board,520,2025-03-31,0.000850327120843,liquid_universe-2025-02-24-3022,daily_high_low_midpoint_proxy,13:30:00,364600,84.9,威強電,08:59:00,0.01,1259944356.65,11950723.7,4000,loss12,91.15,641,4000,674,sell,2025-03-28,1641,92.9,89.4,4704072,3022,1093,3254
233,1461407.59,21048.95,odd,30,2025-03-31,0.00999699661046,liquid_universe-2025-02-24-3022,daily_high_low_midpoint_proxy,13:30:00,21237.95,84.9,威強電,09:00:00,0.01,1259944356.65,11950723.7,233,loss12,91.15,408,641,675,sell,2025-03-28,96,92.7,89.6,23307,3022,63,189
100,1470329.59,8922,odd,20,2025-04-01,0.00997705277861,liquid_universe-2025-02-24-3022,daily_high_low_midpoint_proxy,13:30:00,9010,80.5,威強電,09:00:00,0.01,1193366838.59,11367191.6,100,loss12,90.1,308,408,676,sell,2025-03-28,41,91,89.2,10023,3022,27,88
110,1480201.59,9872,odd,20,2025-04-02,0.00997099347353,liquid_universe-2025-02-24-3022,daily_high_low_midpoint_proxy,13:30:00,9966,80.8,威強電,09:00:00,0.01,1012298036.46,9855688.55,110,loss12,90.6,198,308,677,sell,2025-03-28,45,92.4,88.8,11032,3022,29,94
176,1493344.19,13142.6,odd,20,2025-04-08,0.00997619317538,liquid_universe-2025-02-24-3022,daily_high_low_midpoint_proxy,13:30:00,13261.6,74.7,威強電,09:00:00,0.01,703517895.01,7081689.65,176,loss12,75.35,22,198,678,sell,2025-03-28,60,76,74.7,17642,3022,39,119
262,1494824.59,1480.4,odd,20,2025-04-09,0.000838191031356,liquid_universe-2025-02-24-3022,daily_high_low_midpoint_proxy,13:30:00,1511.4,67.3,威強電,09:00:00,0.01,627474749.41,6390495.55,22,loss12,68.7,0,22,679,sell,2025-03-28,7,70.1,67.3,26247,3022,4,31
82000,1120871.59,-373953,board,530,2025-06-11,0.00024631035706,liquid_universe-2025-06-10-2429,daily_high_low_midpoint_proxy,13:30:00,371750,86.4,銘旺科,08:59:00,0.01,541971225.79,8220496.9,5000,leader_entry,74.35,5000,5000,680,buy,2025-06-10,1673,77.9,70.8,20299593,2429,0,2203
454,1087326.29,-33545.3,odd,48,2025-06-11,0.00999053759655,liquid_universe-2025-06-10-2429,daily_high_low_midpoint_proxy,13:30:00,33346.3,86.4,銘旺科,09:00:00,0.01,541971225.79,8220496.9,454,leader_entry,73.45,5454,733,681,buy,2025-06-10,151,76,70.9,45443,2429,0,199
41000,633753.29,-453573,board,643,2025-06-11,0.000372459384701,liquid_universe-2025-06-10-4722,daily_high_low_midpoint_proxy,13:30:00,450900,81.9,國精化,08:59:00,0.01,271067310.85,4199158.15,6000,leader_entry,75.15,6000,6000,682,buy,2025-06-10,2030,77,73.3,16109139,4722,0,2673
360,630164.09,-3589.2,odd,20,2025-06-11,0.00130421511225,liquid_universe-2025-06-10-4722,daily_high_low_midpoint_proxy,13:30:00,3553.2,81.9,國精化,09:00:00,0.01,271067310.85,4199158.15,47,leader_entry,75.6,6047,47,683,buy,2025-06-10,16,77.5,73.7,36037,4722,0,36
2154,185416.59,-444747.5,odd,630,2025-06-11,0.0023443665568,liquid_universe-2025-06-10-2383,daily_high_low_midpoint_proxy,13:30:00,442127.5,979,台光電,09:00:00,0.01,4231739452.65,5645510.2,505,leader_entry,875.5,505,505,684,buy,2025-06-10,1990,886,865,215410,2383,0,2620
7000,581153.59,395737,board,569,2025-07-02,0.00755916939847,liquid_universe-2025-06-10-4722,daily_high_low_midpoint_proxy,13:30:00,399300,59.4,國精化,08:59:00,0.01,361975420.495,5002592.15,6000,loss12,66.55,47,6000,685,sell,2025-07-01,1797,67.5,65.6,793738,4722,1197,3563
60,584230.39,3076.8,odd,20,2025-07-02,0.0078073089701,liquid_universe-2025-06-10-4722,daily_high_low_midpoint_proxy,13:30:00,3120.8,59.4,國精化,09:00:00,0.01,361975420.495,5002592.15,47,loss12,66.4,0,47,686,sell,2025-07-01,15,67.1,65.7,6020,4722,9,44
88000,158950.39,-425280,board,602,2025-07-03,0.000275034092004,liquid_universe-2025-07-02-8021,daily_high_low_midpoint_proxy,13:30:00,422775,50,尖點,08:59:00,0.01,371574418.41,8890665.5,9000,leader_entry,46.975,9000,9000,687,buy,2025-07-02,1903,48.3,45.65,32723216,8021,0,2505
586,149183.26,-9767.13,odd,20,2025-07-03,0.00352790796762,liquid_universe-2025-07-02-8021,daily_high_low_midpoint_proxy,13:30:00,9703.13,50,尖點,09:00:00,0.01,371574418.41,8890665.5,207,leader_entry,46.875,9207,207,688,buy,2025-07-02,44,48.2,45.55,58675,8021,0,64
22000,447745.26,298562,board,429,2025-07-07,0.00221821760005,liquid_universe-2025-06-10-2429,daily_high_low_midpoint_proxy,13:30:00,301250,54.4,銘旺科,08:59:00,0.01,813653150.215,11165224.55,5000,loss12,60.25,454,5000,689,sell,2025-07-04,1356,61.5,59,2254062,2429,903,2688
89,453131.06,5385.8,odd,20,2025-07-07,0.00994191242181,liquid_universe-2025-06-10-2429,daily_high_low_midpoint_proxy,13:30:00,5446.8,54.4,銘旺科,09:00:00,0.01,813653150.215,11165224.55,89,loss12,61.2,365,454,690,sell,2025-07-04,25,63,59.4,8952,2429,16,61
105,459420.81,6289.75,odd,20,2025-07-08,0.0099677235618,liquid_universe-2025-06-10-2429,daily_high_low_midpoint_proxy,13:30:00,6357.75,53.5,銘旺科,09:00:00,0.01,750610478.93,10302581.7,105,loss12,60.55,260,365,691,sell,2025-07-04,29,62.1,59,10534,2429,19,68
38000,175749.81,-283671,board,402,2025-07-08,0.000102852225933,liquid_universe-2025-07-07-4971,daily_high_low_midpoint_proxy,13:30:00,282000,154.5,IET-KY,08:59:00,0.01,482936338.075,3837678.25,2000,leader_entry,141,2000,2000,692,buy,2025-07-07,1269,145,137,19445374,4971,0,1671
279,136317.31,-39432.5,odd,56,2025-07-08,0.00997247739214,liquid_universe-2025-07-07-4971,daily_high_low_midpoint_proxy,13:30:00,39199.5,154.5,IET-KY,09:00:00,0.01,482936338.075,3837678.25,279,leader_entry,140.5,2279,912,693,buy,2025-07-07,177,143.5,137.5,27977,4971,0,233
82,141335.11,5017.8,odd,20,2025-07-09,0.00988428158149,liquid_universe-2025-06-10-2429,daily_high_low_midpoint_proxy,13:30:00,5075.8,55.7,銘旺科,09:00:00,0.01,570381526.25,8041927.5,82,loss12,61.9,178,260,694,sell,2025-07-04,23,62.2,61.6,8296,2429,15,58
93,146973.01,5637.9,odd,20,2025-07-10,0.00990099009901,liquid_universe-2025-06-10-2429,daily_high_low_midpoint_proxy,13:30:00,5700.9,55.8,銘旺科,09:00:00,0.01,503684466.95,7110364.65,93,loss12,61.3,85,178,695,sell,2025-07-04,26,62.5,60.1,9393,2429,17,63
170,152245.76,5272.75,odd,20,2025-07-11,0.00498884845639,liquid_universe-2025-06-10-2429,daily_high_low_midpoint_proxy,13:30:00,5333.75,54.3,銘旺科,09:00:00,0.01,423425372.94,6019392.95,85,loss12,62.75,0,85,696,sell,2025-07-04,25,66,59.5,17038,2429,16,61
747,734068.26,581822.5,odd,837,2025-09-08,0.00675630476955,liquid_universe-2025-06-10-2383,daily_high_low_midpoint_proxy,13:30:00,587062.5,1050,台光電,09:00:00,0.01,5251912208.75,4371745.25,505,time63,1162.5,0,505,697,sell,2025-09-05,2642,1175,1150,74745,2383,1761,5240
34000,183827.26,-550241,board,779,2025-09-09,0.000754678250475,liquid_universe-2025-09-08-2231,daily_high_low_midpoint_proxy,13:30:00,547000,154,為升,08:59:00,0.01,380481974.57,3453571,4000,leader_entry,136.75,4000,4000,698,buy,2025-09-08,2462,142.5,131,5300272,2231,0,3241
413,156314.26,-27513,odd,39,2025-09-09,0.00483255207075,liquid_universe-2025-09-08-2231,daily_high_low_midpoint_proxy,13:30:00,27350,154,為升,09:00:00,0.01,380481974.57,3453571,200,leader_entry,136.75,4200,200,699,buy,2025-09-08,124,141,132.5,41386,2231,0,163
19000,624543.86,459859,board,661,2025-09-26,0.0020764033372,liquid_universe-2025-09-08-2231,daily_high_low_midpoint_proxy,13:30:00,464000,105,為升,08:59:00,0.01,646781522.425,4978634.1,4000,loss12,116,200,4000,700,sell,2025-09-25,2088,118,114,1926408,2231,1392,4141
133,639833.86,15290,odd,22,2025-09-26,0.0099939885783,liquid_universe-2025-09-08-2231,daily_high_low_midpoint_proxy,13:30:00,15428,105,為升,09:00:00,0.01,646781522.425,4978634.1,133,loss12,116,67,200,701,sell,2025-09-25,70,117,115,13308,2231,46,138
153,647727.86,7894,odd,20,2025-09-30,0.00436226316818,liquid_universe-2025-09-08-2231,daily_high_low_midpoint_proxy,13:30:00,7973,104.5,為升,09:00:00,0.01,630173896.975,4820084.85,67,loss12,119,0,67,702,sell,2025-09-25,36,125,113,15359,2231,23,79
410,66843.36,-580884.5,odd,823,2025-09-30,0.00635252884194,liquid_universe-2025-09-26-6515,daily_high_low_midpoint_proxy,13:30:00,577462.5,2315,穎崴,09:00:00,0.01,2413047034.5,1353498.1,261,leader_entry,2212.5,261,261,703,buy,2025-09-26,2599,2275,2150,41086,6515,0,3422
329000,1027938.36,961095,board,1382,2025-10-01,0.000272805658887,liquid_universe-2025-07-02-8021,daily_high_low_midpoint_proxy,13:30:00,969750,90.9,尖點,08:59:00,0.01,3290773952.19,35032942,9000,time63,107.75,207,9000,704,sell,2025-09-30,4364,111,104.5,32990518,8021,2909,8655
1101,1050710.36,22772,odd,33,2025-10-01,0.00187847108788,liquid_universe-2025-07-02-8021,daily_high_low_midpoint_proxy,13:30:00,22977,90.9,尖點,09:00:00,0.01,3290773952.19,35032942,207,time63,111,0,207,705,sell,2025-09-30,104,111,111,110196,8021,68,205
1435000,443383.36,-607327,board,860,2025-10-02,4.77578496905e-05,liquid_universe-2025-10-01-6770,daily_high_low_midpoint_proxy,13:30:00,603750,30.65,力積電,08:59:00,0.01,3246537043.33,143535260.05,21000,leader_entry,28.75,21000,21000,706,buy,2025-10-01,2717,30.1,27.4,439718290,6770,0,3577
9174,429880.98,-13502.38,odd,20,2025-10-02,0.0005155341446,liquid_universe-2025-10-01-6770,daily_high_low_midpoint_proxy,13:30:00,13421.38,30.65,力積電,09:00:00,0.01,3246537043.33,143535260.05,473,leader_entry,28.375,21473,473,707,buy,2025-10-01,61,29.3,27.45,917495,6770,0,81
4000,729185.98,299305,board,430,2025-10-07,0.00445932869266,liquid_universe-2025-07-07-4971,daily_high_low_midpoint_proxy,13:30:00,302000,135,IET-KY,08:59:00,0.01,233096504.675,1442879.55,2000,time63,151,279,2000,708,sell,2025-10-03,1359,153.5,148.5,448498,4971,906,2695
62,738472.48,9286.5,odd,20,2025-10-07,0.00985378258106,liquid_universe-2025-07-07-4971,daily_high_low_midpoint_proxy,13:30:00,9377.5,135,IET-KY,09:00:00,0.01,233096504.675,1442879.55,62,time63,151.25,217,279,709,sell,2025-10-03,43,153,149.5,6292,4971,28,91
81,750832.48,12360,odd,20,2025-10-08,0.00993865030675,liquid_universe-2025-07-07-4971,daily_high_low_midpoint_proxy,13:30:00,12474,138,IET-KY,09:00:00,0.01,206220735.275,1292616.25,81,time63,154,136,217,710,sell,2025-10-03,57,156,152,8150,4971,37,114
244000,202804.48,-548028,board,776,2025-10-08,0.000238670519286,liquid_universe-2025-10-07-8110,daily_high_low_midpoint_proxy,13:30:00,544800,25.65,華東,08:59:00,0.01,468762860.335,24467561.2,24000,leader_entry,22.7,24000,24000,711,buy,2025-10-07,2452,23.75,21.65,100557036,8110,0,3228
1449,180018.16,-22786.32,odd,32,2025-10-08,0.00689364873444,liquid_universe-2025-10-07-8110,daily_high_low_midpoint_proxy,13:30:00,22652.32,25.65,華東,09:00:00,0.01,468762860.335,24467561.2,999,leader_entry,22.675,24999,999,712,buy,2025-10-07,102,23.4,21.95,144916,8110,0,134
211,200303.16,20285,odd,29,2025-10-09,0.00642904415241,liquid_universe-2025-07-07-4971,daily_high_low_midpoint_proxy,13:30:00,20468,138,IET-KY,09:00:00,0.01,178538892.125,1129688.05,136,time63,150.5,0,136,713,sell,2025-10-03,93,154.5,146.5,21154,4971,61,183
261,940100.16,739797,odd,1064,2026-01-02,0.00997248968363,liquid_universe-2025-09-26-6515,daily_high_low_midpoint_proxy,13:30:00,746460,2560,穎崴,09:00:00,0.01,2244440997,826997.45,261,time63,2860,0,261,714,sell,2025-12-31,3360,2960,2760,26172,6515,2239,6663
56000,91954.16,-848146,board,1201,2026-01-05,0.000792776623007,liquid_universe-2026-01-02-8431,daily_high_low_midpoint_proxy,13:30:00,843150,81.5,匯鑽科,08:59:00,0.01,361096371.675,5653860,11000,leader_entry,76.65,11000,11000,715,buy,2026-01-02,3795,78.8,74.5,13875283,8431,0,4996
544,55898.91,-36055.25,odd,51,2026-01-05,0.00858093085644,liquid_universe-2026-01-02-8431,daily_high_low_midpoint_proxy,13:30:00,35842.25,81.5,匯鑽科,09:00:00,0.01,361096371.675,5653860,467,leader_entry,76.75,11467,467,716,buy,2026-01-02,162,79,74.5,54423,8431,0,213
2556000,1001310.91,945412,board,1359,2026-01-06,4.69454920095e-05,liquid_universe-2025-10-01-6770,daily_high_low_midpoint_proxy,13:30:00,953925,39.15,力積電,08:59:00,0.01,9758777577.35,255687394.75,21000,time63,45.425,473,21000,717,sell,2026-01-05,4293,47.75,43.1,447327296,6770,2861,8513
17888,1022734.01,21423.1,odd,31,2026-01-06,0.000264421450897,liquid_universe-2025-10-01-6770,daily_high_low_midpoint_proxy,13:30:00,21616.1,39.15,力積電,09:00:00,0.01,9758777577.35,255687394.75,473,time63,45.7,0,473,718,sell,2026-01-05,98,47.75,43.65,1788811,6770,64,193
139000,148182.01,-874552,board,1239,2026-01-07,0.00100099427331,liquid_universe-2026-01-06-5351,daily_high_low_midpoint_proxy,13:30:00,869400,69,鈺創,08:59:00,0.01,1160006983.12,22891033.5,14000,leader_entry,62.1,14000,14000,719,buy,2026-01-06,3913,63.2,61,13986094,5351,0,5152
1361,102256.21,-45925.8,odd,65,2026-01-07,0.00538996467884,liquid_universe-2026-01-06-5351,daily_high_low_midpoint_proxy,13:30:00,45654.8,69,鈺創,09:00:00,0.01,1160006983.12,22891033.5,734,leader_entry,62.2,14734,734,720,buy,2026-01-06,206,63.1,61.3,136179,5351,0,271
644000,1764883.21,1662627,board,2391,2026-01-09,0.000263370242771,liquid_universe-2025-10-07-8110,daily_high_low_midpoint_proxy,13:30:00,1677600,65.4,華東,08:59:00,0.01,3817044553.12,64432617.25,24000,time63,69.9,999,24000,721,sell,2026-01-08,7550,73.8,66,91126468,8110,5032,14973
4602,1834089.31,69206.1,odd,100,2026-01-09,0.0021705641946,liquid_universe-2025-10-07-8110,daily_high_low_midpoint_proxy,13:30:00,69830.1,65.4,華東,09:00:00,0.01,3817044553.12,64432617.25,999,time63,69.9,0,999,722,sell,2026-01-08,315,73.6,66.2,460249,8110,209,624
202000,735115.31,-1098974,board,1557,2026-01-12,0.000333546182611,liquid_universe-2026-01-09-8074,daily_high_low_midpoint_proxy,13:30:00,1092500,61.9,鉅橡,08:59:00,0.01,958189034.733,20229799.35,19000,leader_entry,57.5,19000,19000,723,buy,2026-01-09,4917,59.5,55.5,56963626,8074,0,6474
1069,719979.66,-15135.65,odd,21,2026-01-12,0.00244121443403,liquid_universe-2026-01-09-8074,daily_high_low_midpoint_proxy,13:30:00,15046.65,61.9,鉅橡,09:00:00,0.01,958189034.733,20229799.35,261,leader_entry,57.65,19261,261,724,buy,2026-01-09,68,59.5,55.8,106914,8074,0,89
45000,1417151.66,697172,board,1002,2026-01-19,0.00244060185242,liquid_universe-2026-01-02-8431,daily_high_low_midpoint_proxy,13:30:00,703450,59.5,匯鑽科,08:59:00,0.01,442004304.495,6201275.1,11000,loss12,63.95,467,11000,725,sell,2026-01-16,3166,66.3,61.6,4507085,8431,2110,6278
527,1446472.11,29320.45,odd,42,2026-01-19,0.00885912660773,liquid_universe-2026-01-02-8431,daily_high_low_midpoint_proxy,13:30:00,29584.45,59.5,匯鑽科,09:00:00,0.01,442004304.495,6201275.1,467,loss12,63.35,0,467,726,sell,2026-01-16,134,64.8,61.9,52714,8431,88,264
73000,383033.11,-1063439,board,1506,2026-01-20,0.00547408295425,liquid_universe-2026-01-19-1721,daily_high_low_midpoint_proxy,13:30:00,1057175,24.25,國慶科技,08:59:00,0.01,128580304.338,7363719.15,49000,leader_entry,21.575,49000,49000,727,buy,2026-01-19,4758,22.45,20.7,8951271,1721,0,6264
673,369061.11,-13972,odd,20,2026-01-20,0.00959197006593,liquid_universe-2026-01-19-1721,daily_high_low_midpoint_proxy,13:30:00,13889,24.25,國慶科技,09:00:00,0.01,128580304.338,7363719.15,646,leader_entry,21.5,49646,646,728,buy,2026-01-19,63,22.4,20.6,67348,1721,0,83
13000,599362.11,230301,board,331,2026-01-30,0.00981238715755,liquid_universe-2026-01-19-1721,daily_high_low_midpoint_proxy,13:30:00,232375,16.4,國慶科技,08:59:00,0.01,119423872.85,6354327.6,13000,loss12,17.875,36646,49000,729,sell,2026-01-29,1046,18.55,17.2,1324856,1721,697,2074
156,602082.31,2720.2,odd,20,2026-01-30,0.00996868809509,liquid_universe-2026-01-19-1721,daily_high_low_midpoint_proxy,13:30:00,2761.2,16.4,國慶科技,09:00:00,0.01,119423872.85,6354327.6,156,loss12,17.7,36490,646,730,sell,2026-01-29,13,18.1,17.3,15649,1721,8,41
9000,755500.31,153418,board,221,2026-02-02,0.00935674460142,liquid_universe-2026-01-19-1721,daily_high_low_midpoint_proxy,13:30:00,154800,15.75,國慶科技,08:59:00,0.01,109318642.133,5771511.75,9000,loss12,17.2,27490,36000,731,sell,2026-01-29,697,17.45,16.95,961873,1721,464,1382
93,757065.59,1565.28,odd,20,2026-02-02,0.00997854077253,liquid_universe-2026-01-19-1721,daily_high_low_midpoint_proxy,13:30:00,1597.28,15.75,國慶科技,09:00:00,0.01,109318642.133,5771511.75,93,loss12,17.175,27397,490,732,sell,2026-01-29,8,17.35,17,9320,1721,4,32
12000,964001.59,206936,board,298,2026-02-03,0.00963462298115,liquid_universe-2026-01-19-1721,daily_high_low_midpoint_proxy,13:30:00,208800,15.3,國慶科技,08:59:00,0.01,106699483.227,5600004.7,12000,loss12,17.4,15397,27000,733,sell,2026-01-29,940,18.1,16.7,1245508,1721,626,1864
120,966065.59,2064,odd,20,2026-02-03,0.00992884328976,liquid_universe-2026-01-19-1721,daily_high_low_midpoint_proxy,13:30:00,2100,15.3,國慶科技,09:00:00,0.01,106699483.227,5600004.7,120,loss12,17.5,15277,397,734,sell,2026-01-29,10,18,17,12086,1721,6,36
21000,1223621.59,257556,board,370,2026-02-04,0.00709070333159,liquid_universe-2026-01-19-1721,daily_high_low_midpoint_proxy,13:30:00,259875,15.05,國慶科技,08:59:00,0.01,99098217.7125,5149445.4,15000,loss12,17.325,277,15000,735,sell,2026-01-29,1170,18.35,16.3,2115446,1721,779,2319
193,1227054.42,3432.83,odd,20,2026-02-04,0.00998448008277,liquid_universe-2026-01-19-1721,daily_high_low_midpoint_proxy,13:30:00,3478.83,15.05,國慶科技,09:00:00,0.01,99098217.7125,5149445.4,193,loss12,18.025,84,277,736,sell,2026-01-29,16,18.35,17.7,19330,1721,10,46
377,1228654.12,1599.7,odd,20,2026-02-05,0.00222664015905,liquid_universe-2026-01-19-1721,daily_high_low_midpoint_proxy,13:30:00,1631.7,16.55,國慶科技,09:00:00,0.01,96277995.4175,4957646.2,84,loss12,19.425,0,84,737,sell,2026-01-29,8,19.9,18.95,37725,1721,4,32
35000,245362.12,-983292,board,1393,2026-02-05,0.000296594736511,liquid_universe-2026-02-04-3138,daily_high_low_midpoint_proxy,13:30:00,977500,217.5,耀登,08:59:00,0.01,568517471.95,3500273.45,5000,leader_entry,195.5,5000,5000,738,buy,2026-02-04,4399,209.5,181.5,16858020,3138,0,5792
1390,231398.62,-13963.5,odd,20,2026-02-05,0.000510438833611,liquid_universe-2026-02-04-3138,daily_high_low_midpoint_proxy,13:30:00,13880.5,217.5,耀登,09:00:00,0.01,568517471.95,3500273.45,71,leader_entry,195.5,5071,71,739,buy,2026-02-04,63,207,184,139096,3138,0,83
53000,1025051.62,793653,board,1141,2026-02-09,0.00259484097424,liquid_universe-2026-01-06-5351,daily_high_low_midpoint_proxy,13:30:00,800800,47.1,鈺創,08:59:00,0.01,1012038346.31,16730649.9,14000,loss12,57.2,734,14000,740,sell,2026-02-06,3604,57.5,56.9,5395321,5351,2402,7147
584,1058331.62,33280,odd,48,2026-02-09,0.00998768641401,liquid_universe-2026-01-06-5351,daily_high_low_midpoint_proxy,13:30:00,33580,47.1,鈺創,09:00:00,0.01,1012038346.31,16730649.9,584,loss12,57.5,150,734,741,sell,2026-02-06,152,57.5,57.5,58472,5351,100,300
762,1066730.12,8398.5,odd,20,2026-02-10,0.00196687777821,liquid_universe-2026-01-06-5351,daily_high_low_midpoint_proxy,13:30:00,8482.5,51.8,鈺創,09:00:00,0.01,1009388413.99,16707488.85,150,loss12,56.55,0,150,742,sell,2026-02-06,39,58,55.1,76263,5351,25,84
33000,229297.12,-837433,board,1186,2026-02-10,0.000402615227472,liquid_universe-2026-02-09-5386,daily_high_low_midpoint_proxy,13:30:00,832500,147.5,青雲,08:59:00,0.01,370692255.425,3393652.9,6000,leader_entry,138.75,6000,6000,743,buy,2026-02-09,3747,147,130.5,14902566,5386,0,4933
659,135992.87,-93304.25,odd,132,2026-02-10,0.01,liquid_universe-2026-02-09-5386,daily_high_low_midpoint_proxy,13:30:00,92754.25,147.5,青雲,09:00:00,0.01,370692255.425,3393652.9,659,leader_entry,140.75,6659,996,744,buy,2026-02-09,418,147.5,134,65900,5386,0,550
42000,940002.87,804010,board,1156,2026-02-23,0.000886311730726,liquid_universe-2026-02-04-3138,daily_high_low_midpoint_proxy,13:30:00,811250,140,耀登,08:59:00,0.01,736857563.825,4227318.1,5000,loss12,162.25,71,5000,745,sell,2026-02-11,3651,171,153.5,5641356,3138,2433,7240
697,951468.87,11466,odd,20,2026-02-23,0.00101767311193,liquid_universe-2026-02-04-3138,daily_high_low_midpoint_proxy,13:30:00,11573,140,耀登,09:00:00,0.01,736857563.825,4227318.1,71,loss12,163,0,71,746,sell,2026-02-11,53,171,155,69767,3138,34,107
75000,126307.87,-825161,board,1169,2026-02-24,0.00067848702404,liquid_universe-2026-02-23-6202,daily_high_low_midpoint_proxy,13:30:00,820300,68.3,盛群,08:59:00,0.01,390782898.875,7515309.95,13000,leader_entry,63.1,13000,13000,747,buy,2026-02-23,3692,65.7,60.5,19160278,6202,0,4861
719,80668.97,-45638.9,odd,65,2026-02-24,0.00999805323025,liquid_universe-2026-02-23-6202,daily_high_low_midpoint_proxy,13:30:00,45368.9,68.3,盛群,09:00:00,0.01,390782898.875,7515309.95,719,leader_entry,63.1,13719,848,748,buy,2026-02-23,205,64.4,61.8,71914,6202,0,270
35000,821497.97,740829,board,1065,2026-03-05,0.00364163713439,liquid_universe-2026-02-23-6202,daily_high_low_midpoint_proxy,13:30:00,747500,49.6,盛群,08:59:00,0.01,540388440.403,9643433.75,13000,loss12,57.5,719,13000,749,sell,2026-03-04,3364,59.2,55.8,3569823,6202,2242,6671
300,838608.97,17111,odd,25,2026-03-05,0.00998402555911,liquid_universe-2026-02-23-6202,daily_high_low_midpoint_proxy,13:30:00,17265,49.6,盛群,09:00:00,0.01,540388440.403,9643433.75,300,loss12,57.55,419,719,750,sell,2026-03-04,78,59.2,55.9,30048,6202,51,154
341,858462.72,19853.75,odd,29,2026-03-06,0.0099967752338,liquid_universe-2026-02-23-6202,daily_high_low_midpoint_proxy,13:30:00,20033.75,52.3,盛群,09:00:00,0.01,526547924.938,9321700.7,341,loss12,58.75,78,419,751,sell,2026-03-04,91,60,57.5,34111,6202,60,180
255,862681.22,4218.5,odd,20,2026-03-09,0.003048661325,liquid_universe-2026-02-23-6202,daily_high_low_midpoint_proxy,13:30:00,4270.5,53.2,盛群,09:00:00,0.01,521792218.238,9180322.2,78,loss12,54.75,0,78,752,sell,2026-03-04,20,56.2,53.3,25585,6202,12,52
1996,147594.22,-715087,odd,1013,2026-03-09,0.00258928526712,liquid_universe-2026-03-06-3081,daily_high_low_midpoint_proxy,13:30:00,710875,1650,聯亞,09:00:00,0.01,3514212694.15,2851754.65,517,leader_entry,1375,517,517,753,buy,2026-03-06,3199,1400,1350,199669,3081,0,4212
73000,1630490.22,1482896,board,2132,2026-04-23,0.00122397364978,liquid_universe-2026-01-09-8074,daily_high_low_midpoint_proxy,13:30:00,1496250,73.1,鉅橡,08:59:00,0.01,526599044.01,7309606.75,19000,time63,78.75,261,19000,754,sell,2026-04-22,6734,84,73.5,15523210,8074,4488,13354
1103,1650821.82,20331.6,odd,29,2026-04-23,0.00236475161048,liquid_universe-2026-01-09-8074,daily_high_low_midpoint_proxy,13:30:00,20514.6,73.1,鉅橡,09:00:00,0.01,526599044.01,7309606.75,261,time63,78.6,0,261,755,sell,2026-04-22,93,83.5,73.7,110371,8074,61,183
426,103849.82,-1546972,odd,2191,2026-04-24,0.00999694928778,liquid_universe-2026-04-23-7734,daily_high_low_midpoint_proxy,13:30:00,1537860,3810,印能科技,09:00:00,0.01,1563946085.5,644235.05,426,leader_entry,3610,426,430,756,buy,2026-04-23,6921,3805,3415,42613,7734,0,9112
58,299577.82,195728,odd,281,2026-04-30,0.00990775538094,liquid_universe-2026-04-23-7734,daily_high_low_midpoint_proxy,13:30:00,197490,2935,印能科技,09:00:00,0.01,1714795729.5,625169.3,58,loss12,3405,368,426,757,sell,2026-04-29,889,3550,3260,5854,7734,592,1762
106,670418.82,370841,odd,533,2026-05-04,0.00996146978667,liquid_universe-2026-04-23-7734,daily_high_low_midpoint_proxy,13:30:00,374180,3065,印能科技,09:00:00,0.01,1520848283.25,532918.6,106,loss12,3530,262,368,758,sell,2026-04-29,1684,3650,3410,10641,7734,1122,3339
74,943424.82,273006,odd,393,2026-05-05,0.00993022007515,liquid_universe-2026-04-23-7734,daily_high_low_midpoint_proxy,13:30:00,275465,3325,印能科技,09:00:00,0.01,1458517677.75,502229.25,74,loss12,3722.5,188,262,759,sell,2026-04-29,1240,3765,3680,7452,7734,826,2459
82,1237615.82,294191,odd,423,2026-05-06,0.00992255566312,liquid_universe-2026-04-23-7734,daily_high_low_midpoint_proxy,13:30:00,296840,3325,印能科技,09:00:00,0.01,1359837448.25,457768.1,82,loss12,3620,106,188,760,sell,2026-04-29,1336,3750,3490,8264,7734,890,2649
77,1523406.82,285791,odd,411,2026-05-07,0.00988827533068,liquid_universe-2026-04-23-7734,daily_high_low_midpoint_proxy,13:30:00,288365,3500,印能科技,09:00:00,0.01,1308430590.5,431850.15,77,loss12,3745,29,106,761,sell,2026-04-29,1298,3800,3690,7787,7734,865,2574
94,1624575.82,101169,odd,145,2026-05-08,0.00306813372831,liquid_universe-2026-04-23-7734,daily_high_low_midpoint_proxy,13:30:00,102080,3305,印能科技,09:00:00,0.01,1291922452.5,423649.15,29,loss12,3520,0,29,762,sell,2026-04-29,460,3600,3440,9452,7734,306,911
274000,387035.82,-1237540,board,1753,2026-05-08,0.000123367295527,liquid_universe-2026-05-07-1785,daily_high_low_midpoint_proxy,13:30:00,1230250,203.5,光洋科,08:59:00,0.01,4296412585.77,27404075.45,7000,leader_entry,175.75,7000,7000,763,buy,2026-05-07,5537,185,166.5,56741132,1785,0,7290
7434,309958.07,-77077.75,odd,109,2026-05-08,0.000593192410903,liquid_universe-2026-05-07-1785,daily_high_low_midpoint_proxy,13:30:00,76623.75,203.5,光洋科,09:00:00,0.01,4296412585.77,27404075.45,441,leader_entry,173.75,7441,441,764,buy,2026-05-07,345,180.5,167,743435,1785,0,454
186000,1314165.07,1004207,board,1444,2026-05-19,0.000375278094471,liquid_universe-2026-05-07-1785,daily_high_low_midpoint_proxy,13:30:00,1013250,129.5,光洋科,08:59:00,0.01,4947012320.57,30124942.2,7000,loss12,144.75,441,7000,765,sell,2026-05-18,4560,149.5,140,18652834,1785,3039,9043
1618,1376884.57,62719.5,odd,90,2026-05-19,0.00272557029932,liquid_universe-2026-05-07-1785,daily_high_low_midpoint_proxy,13:30:00,63283.5,129.5,光洋科,09:00:00,0.01,4947012320.57,30124942.2,441,loss12,143.5,0,441,766,sell,2026-05-18,285,146,141,161801,1785,189,564
43000,197436.57,-1179448,board,1671,2026-05-20,0.0012604475345,liquid_universe-2026-05-19-3055,daily_high_low_midpoint_proxy,13:30:00,1172500,136,蔚華科,08:59:00,0.01,440039028.425,4374597.45,10000,leader_entry,117.25,10000,10000,767,buy,2026-05-19,5277,122.5,112,7933690,3055,0,6948
1194,189878.57,-7558,odd,20,2026-05-20,0.000535851836967,liquid_universe-2026-05-19-3055,daily_high_low_midpoint_proxy,13:30:00,7504,136,蔚華科,09:00:00,0.01,440039028.425,4374597.45,64,leader_entry,117.25,10064,64,768,buy,2026-05-19,34,122.5,112,119436,3055,0,54
20000,3243380.57,3053502,board,4390,2026-05-25,0.00152883068914,liquid_universe-2026-02-09-5386,daily_high_low_midpoint_proxy,13:30:00,3081000,447.5,青雲,08:59:00,0.01,865167619.275,2043259.35,6000,time63,513.5,659,6000,769,sell,2026-05-22,13865,546,481,3924568,5386,9243,27498
1412,3580226.82,336846.25,odd,484,2026-05-25,0.00466406686814,liquid_universe-2026-02-09-5386,daily_high_low_midpoint_proxy,13:30:00,339879.25,447.5,青雲,09:00:00,0.01,865167619.275,2043259.35,659,time63,515.75,0,659,770,sell,2026-05-22,1530,546,485.5,141293,5386,1019,3033
12000,1812564.82,-1767662,board,2504,2026-05-26,0.00585807170386,liquid_universe-2026-05-25-3577,daily_high_low_midpoint_proxy,13:30:00,1757250,176,泓格,08:59:00,0.01,151664931.29,1255895.15,11000,leader_entry,159.75,11000,11000,771,buy,2026-05-25,7908,166,153.5,1877751,3577,0,10412
367,1754050.32,-58514.5,odd,83,2026-05-26,0.00997852035129,liquid_universe-2026-05-25-3577,daily_high_low_midpoint_proxy,13:30:00,58169.5,176,泓格,09:00:00,0.01,151664931.29,1255895.15,367,leader_entry,158.5,11367,823,772,buy,2026-05-25,262,163,154,36779,3577,0,345
1326,3024767.32,1270717,odd,1827,2026-06-09,0.00389885598365,liquid_universe-2026-03-06-3081,daily_high_low_midpoint_proxy,13:30:00,1282160,2250,聯亞,09:00:00,0.01,7323867833.5,2662972,517,time63,2480,0,517,773,sell,2026-06-08,5770,2530,2430,132603,3081,3846,11443
31000,3899390.32,874623,board,1258,2026-06-09,0.00322573361247,liquid_universe-2026-05-19-3055,daily_high_low_midpoint_proxy,13:30:00,882500,81.9,蔚華科,08:59:00,0.01,575612558.625,5106285.7,10000,loss12,88.25,64,10000,774,sell,2026-06-08,3972,91,85.5,3100070,3055,2647,7877
625,3904985.92,5595.6,odd,20,2026-06-09,0.00102291979669,liquid_universe-2026-05-19-3055,daily_high_low_midpoint_proxy,13:30:00,5657.6,81.9,蔚華科,09:00:00,0.01,575612558.625,5106285.7,64,loss12,88.4,0,64,775,sell,2026-06-08,26,90.6,86.2,62566,3055,16,62
80000,2334233.92,-1570752,board,2225,2026-06-10,0.000321948011549,liquid_universe-2026-06-09-2478,daily_high_low_midpoint_proxy,13:30:00,1561500,183.5,大毅,08:59:00,0.01,952919741.385,8053113.4,9000,leader_entry,173.5,9000,9000,776,buy,2026-06-09,7027,183.5,163.5,27954824,2478,0,9252
1893,2168463.17,-165770.75,odd,235,2026-06-10,0.00493857156439,liquid_universe-2026-06-09-2478,daily_high_low_midpoint_proxy,13:30:00,164793.75,183.5,大毅,09:00:00,0.01,952919741.385,8053113.4,935,leader_entry,176.25,9935,935,777,buy,2026-06-09,742,183.5,169,189326,2478,0,977
26000,1281186.17,-887277,board,1257,2026-06-10,0.0051143358966,liquid_universe-2026-06-09-5426,daily_high_low_midpoint_proxy,13:30:00,882050,39.65,振發,08:59:00,0.01,82101664.45,2670048.6,26000,leader_entry,33.925,26000,45000,778,buy,2026-06-09,3970,35.4,32.45,5083749,5426,0,5227
683,1257826.17,-23360,odd,33,2026-06-10,0.00999941438276,liquid_universe-2026-06-09-5426,daily_high_low_midpoint_proxy,13:30:00,23222,39.65,振發,09:00:00,0.01,82101664.45,2670048.6,683,leader_entry,34,26683,982,779,buy,2026-06-09,105,35.55,32.45,68304,5426,0,138
10000,2442160.17,1184334,board,1703,2026-06-11,0.00977339408475,liquid_universe-2026-05-25-3577,daily_high_low_midpoint_proxy,13:30:00,1195000,114,泓格,08:59:00,0.01,231954359.625,1694379.6,10000,loss12,119.5,1367,11000,780,sell,2026-06-10,5378,123,116,1023186,3577,3585,10666
90,2452791.67,10631.5,odd,20,2026-06-11,0.00997672098437,liquid_universe-2026-05-25-3577,daily_high_low_midpoint_proxy,13:30:00,10732.5,114,泓格,09:00:00,0.01,231954359.625,1694379.6,90,loss12,119.25,1277,367,781,sell,2026-06-10,49,122.5,116,9021,3577,32,101
4000,2576924.67,124133,board,178,2026-06-12,0.00217514720309,liquid_universe-2026-05-25-3577,daily_high_low_midpoint_proxy,13:30:00,125250,108,泓格,08:59:00,0.01,229318457.7,1665401.75,1000,loss12,125.25,277,1000,782,sell,2026-06-10,564,129,121.5,459739,3577,375,1117
55,2583673.67,6749,odd,20,2026-06-12,0.00994754928559,liquid_universe-2026-05-25-3577,daily_high_low_midpoint_proxy,13:30:00,6820,108,泓格,09:00:00,0.01,229318457.7,1665401.75,55,loss12,124,222,277,783,sell,2026-06-10,31,126,122,5529,3577,20,71
72,2592389.67,8716,odd,20,2026-06-15,0.00994475138122,liquid_universe-2026-05-25-3577,daily_high_low_midpoint_proxy,13:30:00,8802,111.5,泓格,09:00:00,0.01,214209387.625,1522203.9,72,loss12,122.25,150,222,784,sell,2026-06-10,40,124.5,120,7240,3577,26,86
139000,925068.67,-1667321,board,2362,2026-06-15,0.000429185562455,liquid_universe-2026-06-12-3090,daily_high_low_midpoint_proxy,13:30:00,1657500,281.5,日電貿,08:59:00,0.01,2919770142.8,14499912.5,6000,leader_entry,276.25,6000,6000,785,buy,2026-06-12,7459,281.5,271,13979967,3090,0,9821
1297,907122.67,-17946,odd,25,2026-06-15,0.000493077652026,liquid_universe-2026-06-12-3090,daily_high_low_midpoint_proxy,13:30:00,17840,281.5,日電貿,09:00:00,0.01,2919770142.8,14499912.5,64,leader_entry,278.75,6064,64,786,buy,2026-06-12,81,281.5,276,129797,3090,0,106
51,913163.92,6041.25,odd,20,2026-06-16,0.00988947062245,liquid_universe-2026-05-25-3577,daily_high_low_midpoint_proxy,13:30:00,6107.25,108.5,泓格,09:00:00,0.01,205943226.3,1452160.85,51,loss12,119.75,99,150,787,sell,2026-06-10,28,122,117.5,5157,3577,18,66
32,916891.92,3728,odd,20,2026-06-17,0.0099533437014,liquid_universe-2026-05-25-3577,daily_high_low_midpoint_proxy,13:30:00,3776,106.5,泓格,09:00:00,0.01,179747812.925,1246044.25,32,loss12,118,67,99,788,sell,2026-06-10,17,120,116,3215,3577,11,48
58,923966.42,7074.5,odd,20,2026-06-18,0.00997763633236,liquid_universe-2026-05-25-3577,daily_high_low_midpoint_proxy,13:30:00,7148.5,107.5,泓格,09:00:00,0.01,163951749.275,1129873.15,58,loss12,123.25,9,67,789,sell,2026-06-10,33,126,120.5,5813,3577,21,74
68,925051.17,1084.75,odd,20,2026-06-22,0.00131617431998,liquid_universe-2026-05-25-3577,daily_high_low_midpoint_proxy,13:30:00,1113.75,109.5,泓格,09:00:00,0.01,150757852.25,1032177,9,loss12,123.75,0,9,790,sell,2026-06-10,6,125,122.5,6838,3577,3,29
6000,1094971.17,169920,board,244,2026-07-15,0.00903779152526,liquid_universe-2026-06-09-5426,daily_high_low_midpoint_proxy,13:30:00,171450,25.4,振發,08:59:00,0.01,79795635.325,2346368.65,6000,loss12,28.575,20683,26000,791,sell,2026-07-14,772,29,28.15,663879,5426,514,1530
65,1096784.8,1813.63,odd,20,2026-07-15,0.0098829253459,liquid_universe-2026-06-09-5426,daily_high_low_midpoint_proxy,13:30:00,1847.63,25.4,振發,09:00:00,0.01,79795635.325,2346368.65,65,loss12,28.425,20618,683,792,sell,2026-07-14,9,28.6,28.25,6577,5426,5,34
88000,2431762.8,1334978,board,1919,2026-07-15,0.000583248179099,liquid_universe-2026-06-12-3090,daily_high_low_midpoint_proxy,13:30:00,1347000,209.5,日電貿,08:59:00,0.01,2635644280.15,8874174.2,6000,loss12,224.5,64,6000,793,sell,2026-07-14,6062,231,218,10287216,3090,4041,12022
1640,2446080.8,14318,odd,21,2026-07-15,0.000390212970923,liquid_universe-2026-06-12-3090,daily_high_low_midpoint_proxy,13:30:00,14448,209.5,日電貿,09:00:00,0.01,2635644280.15,8874174.2,64,loss12,225.75,0,64,794,sell,2026-07-14,66,230,221.5,164013,3090,43,130
5000,2585698.8,139618,board,201,2026-07-16,0.00942862530643,liquid_universe-2026-06-09-5426,daily_high_low_midpoint_proxy,13:30:00,140875,25.45,振發,08:59:00,0.01,75365489.6125,2228779.6,5000,loss12,28.175,15618,20000,795,sell,2026-07-14,634,28.65,27.7,530300,5426,422,1257
50,2587086.55,1387.75,odd,20,2026-07-16,0.01,liquid_universe-2026-06-09-5426,daily_high_low_midpoint_proxy,13:30:00,1418.75,25.45,振發,09:00:00,0.01,75365489.6125,2228779.6,50,loss12,28.375,15568,618,796,sell,2026-07-14,7,28.95,27.8,5000,5426,4,31
825000,1247194.55,-1339892,board,1898,2026-07-16,4.46608544038e-05,liquid_universe-2026-07-15-1303,daily_high_low_midpoint_proxy,13:30:00,1332000,250,南亞,08:59:00,0.01,14158277020,82590432.1,6000,leader_entry,222,6000,6000,797,buy,2026-07-15,5994,229,215,134345840,1303,0,7892
7941,1167021.3,-80173.25,odd,114,2026-07-16,0.000449519693873,liquid_universe-2026-07-15-1303,daily_high_low_midpoint_proxy,13:30:00,79700.25,250,南亞,09:00:00,0.01,14158277020,82590432.1,357,leader_entry,223.25,6357,357,798,buy,2026-07-15,359,229.5,217,794181,1303,0,473
8000,1378119.3,211098,board,304,2026-07-17,0.00969451375349,liquid_universe-2026-06-09-5426,daily_high_low_midpoint_proxy,13:30:00,213000,25.25,振發,08:59:00,0.01,70991388.1525,2119000.4,8000,loss12,26.625,7568,15000,799,sell,2026-07-14,959,27.4,25.85,825209,5426,639,1902
121,1381287.85,3168.55,odd,20,2026-07-17,0.0099310571241,liquid_universe-2026-06-09-5426,daily_high_low_midpoint_proxy,13:30:00,3212.55,25.25,振發,09:00:00,0.01,70991388.1525,2119000.4,121,loss12,26.55,7447,568,800,sell,2026-07-14,15,27.25,25.85,12184,5426,9,44
43000,2594363.85,1213076,board,1744,2026-07-20,0.00208987823208,liquid_universe-2026-06-09-2478,daily_high_low_midpoint_proxy,13:30:00,1224000,128.5,大毅,08:59:00,0.01,1249045273.62,6230039.6,9000,loss12,136,935,9000,801,sell,2026-07-17,5508,143.5,128.5,4306471,2478,3672,10924
541,2665808.1,71444.25,odd,103,2026-07-20,0.00999482707656,liquid_universe-2026-06-09-2478,daily_high_low_midpoint_proxy,13:30:00,72088.25,128.5,大毅,09:00:00,0.01,1249045273.62,6230039.6,541,loss12,133.25,394,935,802,sell,2026-07-17,325,138,128.5,54128,2478,216,644
7000,2842887.1,177079,board,255,2026-07-20,0.0087881405299,liquid_universe-2026-06-09-5426,daily_high_low_midpoint_proxy,13:30:00,178675,23.65,振發,08:59:00,0.01,69465024.78,2090302.4,7000,loss12,25.525,447,7000,803,sell,2026-07-14,805,26.35,24.7,796528,5426,536,1596
53,2844200.98,1313.88,odd,20,2026-07-20,0.00991952086843,liquid_universe-2026-06-09-5426,daily_high_low_midpoint_proxy,13:30:00,1344.88,23.65,振發,09:00:00,0.01,69465024.78,2090302.4,53,loss12,25.375,394,447,804,sell,2026-07-14,7,26.15,24.6,5343,5426,4,31
382,2895499.98,51299,odd,74,2026-07-21,0.00998588382914,liquid_universe-2026-06-09-2478,daily_high_low_midpoint_proxy,13:30:00,51761,118,大毅,09:00:00,0.01,851587377.075,4626280.75,382,loss12,135.5,12,394,805,sell,2026-07-17,233,140,131,38254,2478,155,462
30,2896256.98,757,odd,20,2026-07-21,0.00979431929481,liquid_universe-2026-06-09-5426,daily_high_low_midpoint_proxy,13:30:00,783,23,振發,09:00:00,0.01,67703634.335,2056805.45,30,loss12,26.1,364,394,806,sell,2026-07-14,4,26.3,25.9,3063,5426,2,26
841000,4043921.98,1147665,board,1650,2026-07-21,4.9155173716e-05,liquid_universe-2026-07-15-1303,daily_high_low_midpoint_proxy,13:30:00,1158000,168,南亞,08:59:00,0.01,15732818643.7,84135005.9,6000,loss12,193,357,6000,807,sell,2026-07-20,5211,201,185,122062431,1303,3474,10335
5592,4112297.23,68375.25,odd,98,2026-07-21,0.00063830586115,liquid_universe-2026-07-15-1303,daily_high_low_midpoint_proxy,13:30:00,68990.25,168,南亞,09:00:00,0.01,15732818643.7,84135005.9,357,loss12,193.25,0,357,808,sell,2026-07-20,311,201,185.5,559293,1303,206,615
17000,3246145.23,-866152,board,1227,2026-07-21,0.00709413711298,liquid_universe-2026-07-20-2527,daily_high_low_midpoint_proxy,13:30:00,861050,55.4,宏璟,08:59:00,0.01,77823203.2725,1750586.35,17000,leader_entry,50.65,17000,24000,809,buy,2026-07-20,3875,52,49.3,2396345,2527,0,5102
167,3237720.53,-8424.7,odd,20,2026-07-21,0.00998684367899,liquid_universe-2026-07-20-2527,daily_high_low_midpoint_proxy,13:30:00,8366.7,55.4,宏璟,09:00:00,0.01,77823203.2725,1750586.35,167,leader_entry,50.1,17167,396,810,buy,2026-07-20,38,50.9,49.3,16722,2527,0,58
6000,2407831.53,-829889,board,1176,2026-07-21,0.00385470338057,liquid_universe-2026-07-20-1736,daily_high_low_midpoint_proxy,13:30:00,825000,148.5,喬山,08:59:00,0.01,85605784.075,672282.95,6000,leader_entry,137.5,6000,9000,811,buy,2026-07-20,3713,142.5,132.5,1556540,1736,0,4889
234,2393760.03,-14071.5,odd,20,2026-07-21,0.00430080054505,liquid_universe-2026-07-20-1736,daily_high_low_midpoint_proxy,13:30:00,13988.5,148.5,喬山,09:00:00,0.01,85605784.075,672282.95,101,leader_entry,138.5,6101,101,812,buy,2026-07-20,63,144,133,23484,1736,0,83
545,2395470.03,1710,odd,20,2026-07-22,0.000220094640695,liquid_universe-2026-06-09-2478,daily_high_low_midpoint_proxy,13:30:00,1743,123,大毅,09:00:00,0.01,861083168.625,4789534.75,12,loss12,145.25,0,12,813,sell,2026-07-17,8,150,140.5,54522,2478,5,33
78,2397588.78,2118.75,odd,20,2026-07-22,0.00995278805665,liquid_universe-2026-06-09-5426,daily_high_low_midpoint_proxy,13:30:00,2154.75,23.55,振發,09:00:00,0.01,62278928.805,1926075.25,78,loss12,27.625,286,364,814,sell,2026-07-14,10,28.75,26.5,7837,5426,6,36
471000,1203102.78,-1194486,board,1692,2026-07-22,0.000110597256739,liquid_universe-2026-07-21-2634,daily_high_low_midpoint_proxy,13:30:00,1187450,78.6,漢翔,08:59:00,0.01,2950444653.03,47175126.45,17000,leader_entry,69.85,17000,17000,815,buy,2026-07-21,5344,75.3,64.4,153710865,2634,0,7036
9849,1162160.78,-40942,odd,58,2026-07-22,0.000601058553459,liquid_universe-2026-07-21-2634,daily_high_low_midpoint_proxy,13:30:00,40700,78.6,漢翔,09:00:00,0.01,2950444653.03,47175126.45,592,leader_entry,68.75,17592,592,816,buy,2026-07-21,184,73,64.5,984929,2634,0,242
155,1166421.66,4260.88,odd,20,2026-07-23,0.00995759989721,liquid_universe-2026-06-09-5426,daily_high_low_midpoint_proxy,13:30:00,4312.88,25.9,振發,09:00:00,0.01,58785069.4925,1842225.45,155,loss12,27.825,131,286,817,sell,2026-07-14,20,28.75,26.9,15566,5426,12,52
76,1168393.96,1972.3,odd,20,2026-07-24,0.009913905557,liquid_universe-2026-06-09-5426,daily_high_low_midpoint_proxy,13:30:00,2008.3,24.25,振發,09:00:00,0.01,53902100.8025,1740440.1,76,loss12,26.425,55,131,818,sell,2026-07-14,10,26.85,26,7666,5426,6,36
45,1169514.71,1120.75,odd,20,2026-07-27,0.00993377483444,liquid_universe-2026-06-09-5426,daily_high_low_midpoint_proxy,13:30:00,1149.75,23.45,振發,09:00:00,0.01,49149711.0125,1604409.95,45,loss12,25.55,10,55,819,sell,2026-07-14,6,26.05,25.05,4530,5426,3,29
86,1169736.46,221.75,odd,20,2026-07-28,0.00115247205255,liquid_universe-2026-06-09-5426,daily_high_low_midpoint_proxy,13:30:00,243.75,22.6,振發,09:00:00,0.01,45606524.8175,1502189.55,10,loss12,24.375,0,10,820,sell,2026-07-14,2,24.95,23.8,8677,5426,0,22
13000,1711830.46,542094,board,779,2026-07-29,0.00937470028002,liquid_universe-2026-07-20-2527,daily_high_low_midpoint_proxy,13:30:00,546975,38.85,宏璟,08:59:00,0.01,83556264.3625,1798266.1,13000,loss12,42.075,4167,17000,821,sell,2026-07-28,2462,43.6,40.55,1386711,2527,1640,4881
137,1717507.76,5677.3,odd,20,2026-07-29,0.00999051994458,liquid_universe-2026-07-20-2527,daily_high_low_midpoint_proxy,13:30:00,5740.3,38.85,宏璟,09:00:00,0.01,83556264.3625,1798266.1,137,loss12,41.9,4030,167,822,sell,2026-07-28,26,43.05,40.75,13713,2527,17,63
11000,1880043.76,162536,board,234,2026-07-30,0.00361717943199,liquid_universe-2026-07-20-2527,daily_high_low_midpoint_proxy,13:30:00,164000,37.5,宏璟,08:59:00,0.01,83792869.635,1802461.1,4000,loss12,41,30,4000,823,sell,2026-07-28,738,41.8,40.2,1105834,2527,492,1464
98,1881238.76,1195,odd,20,2026-07-30,0.00305530094714,liquid_universe-2026-07-20-2527,daily_high_low_midpoint_proxy,13:30:00,1224,37.5,宏璟,09:00:00,0.01,83792869.635,1802461.1,30,loss12,40.8,0,30,824,sell,2026-07-28,6,41.3,40.3,9819,2527,3,29
4000,810620.96,-1119595,board,1586,2026-07-31,0.00162356243693,liquid_universe-2026-07-30-2207,daily_high_low_midpoint_proxy,13:30:00,1113000,606,和泰車,08:59:00,0.01,248228736.2,495273.95,2000,leader_entry,556.5,2000,2000,825,buy,2026-07-30,5009,573,540,1231859,2207,0,6595
615,785723.96,-24897,odd,35,2026-07-31,0.000714390089461,liquid_universe-2026-07-30-2207,daily_high_low_midpoint_proxy,13:30:00,24750,606,和泰車,09:00:00,0.01,248228736.2,495273.95,44,leader_entry,562.5,2044,44,826,buy,2026-07-30,112,572,553,61591,2207,0,147
6000,1532002.96,746279,board,1073,2026-08-03,0.00851387477793,liquid_universe-2026-07-20-1736,daily_high_low_midpoint_proxy,13:30:00,753000,111,喬山,08:59:00,0.01,89745237.2,676235.3,6000,loss12,125.5,101,6000,827,sell,2026-07-31,3389,131,120,704732,1736,2259,6721
37,1536682.96,4680,odd,20,2026-08-03,0.00992223116117,liquid_universe-2026-07-20-1736,daily_high_low_midpoint_proxy,13:30:00,4736,111,喬山,09:00:00,0.01,89745237.2,676235.3,37,loss12,128,64,101,828,sell,2026-07-31,22,130.5,125.5,3729,1736,14,56
79,1544681.96,7999,odd,20,2026-08-04,0.00801904523243,liquid_universe-2026-07-20-1736,daily_high_low_midpoint_proxy,13:30:00,8080,113,喬山,09:00:00,0.01,88547589.325,667529.65,64,loss12,126.25,0,64,829,sell,2026-07-31,37,132,120.5,7981,1736,24,81
18000,933581.96,-611100,board,866,2026-08-04,0.00554185656505,liquid_universe-2026-08-03-5490,daily_high_low_midpoint_proxy,13:30:00,607500,38.9,同亨,08:59:00,0.01,59407410.2325,1845864.05,18000,leader_entry,33.75,18000,31000,830,buy,2026-08-03,2734,34.5,33,3248009,5490,0,3600
139,928786.16,-4795.8,odd,20,2026-08-04,0.00995559375448,liquid_universe-2026-08-03-5490,daily_high_low_midpoint_proxy,13:30:00,4753.8,38.9,同亨,09:00:00,0.01,59407410.2325,1845864.05,139,leader_entry,34.2,18139,275,831,buy,2026-08-03,22,35.35,33.05,13962,5490,0,42
4000,1045040.16,116254,board,167,2026-08-24,0.00913064816189,liquid_universe-2026-08-03-5490,daily_high_low_midpoint_proxy,13:30:00,117300,26.45,同亨,08:59:00,0.01,58889249.4825,1817636.75,4000,loss12,29.325,14139,18000,832,sell,2026-08-21,528,29.65,29,438085,5490,351,1046
50,1046476.66,1436.5,odd,20,2026-08-24,0.00984833563128,liquid_universe-2026-08-03-5490,daily_high_low_midpoint_proxy,13:30:00,1467.5,26.45,同亨,09:00:00,0.01,58889249.4825,1817636.75,50,loss12,29.35,14089,139,833,sell,2026-08-21,7,29.55,29.15,5077,5490,4,31
6000,1218625.66,172149,board,248,2026-08-25,0.00940786874142,liquid_universe-2026-08-03-5490,daily_high_low_midpoint_proxy,13:30:00,173700,26.15,同亨,08:59:00,0.01,57943893.47,1791171.75,6000,loss12,28.95,8089,14000,834,sell,2026-08-21,782,29.2,28.7,637764,5490,521,1551
37,1219671.59,1045.93,odd,20,2026-08-25,0.00988247863248,liquid_universe-2026-08-03-5490,daily_high_low_midpoint_proxy,13:30:00,1073.93,26.15,同亨,09:00:00,0.01,57943893.47,1791171.75,37,loss12,29.025,8052,89,835,sell,2026-08-21,5,29.4,28.65,3744,5490,3,28
3000,1306340.59,86669,board,125,2026-08-26,0.0075819418364,liquid_universe-2026-08-03-5490,daily_high_low_midpoint_proxy,13:30:00,87450,26.05,同亨,08:59:00,0.01,57464570.825,1779621.45,3000,loss12,29.15,5052,8000,836,sell,2026-08-21,394,29.4,28.9,395677,5490,262,781
26,1307069.89,729.3,odd,20,2026-08-26,0.00986342943854,liquid_universe-2026-08-03-5490,daily_high_low_midpoint_proxy,13:30:00,755.3,26.05,同亨,09:00:00,0.01,57464570.825,1779621.45,26,loss12,29.05,5026,52,837,sell,2026-08-21,4,29.2,28.9,2636,5490,2,26
5000,1449536.89,142467,board,205,2026-08-27,0.00965743158675,liquid_universe-2026-08-03-5490,daily_high_low_midpoint_proxy,13:30:00,143750,26.1,同亨,08:59:00,0.01,51004181.105,1587244.45,5000,loss12,28.75,26,5000,838,sell,2026-08-21,647,29.1,28.4,517736,5490,431,1283
95,1450265.54,728.65,odd,20,2026-08-27,0.00272679601468,liquid_universe-2026-08-03-5490,daily_high_low_midpoint_proxy,13:30:00,754.65,26.1,同亨,09:00:00,0.01,51004181.105,1587244.45,26,loss12,29.025,0,26,839,sell,2026-08-21,4,29.6,28.45,9535,5490,2,26
13000,727105.54,-723160,board,1024,2026-08-28,0.00300083330833,liquid_universe-2026-08-27-2491,daily_high_low_midpoint_proxy,13:30:00,718900,56.4,吉祥全,08:59:00,0.01,55662245.805,1332860.4,13000,leader_entry,55.3,13000,22000,840,buy,2026-08-27,3236,56.4,54.2,4332130,2491,0,4260
268,720538.64,-6566.9,odd,20,2026-08-28,0.00435689282788,liquid_universe-2026-08-27-2491,daily_high_low_midpoint_proxy,13:30:00,6516.9,56.4,吉祥全,09:00:00,0.01,55662245.805,1332860.4,117,leader_entry,55.7,13117,117,841,buy,2026-08-27,30,56.4,55,26854,2491,0,50
16000,1333137.64,612311,board,880,2026-09-02,0.00161497664744,liquid_universe-2026-08-27-2491,daily_high_low_midpoint_proxy,13:30:00,617825,41.2,吉祥全,08:59:00,0.01,72003943.245,1608569.35,13000,loss12,47.525,117,13000,842,sell,2026-09-01,2781,50.3,44.75,8049652,2491,1853,5514
317,1338828.12,5690.48,odd,20,2026-09-02,0.0036906188884,liquid_universe-2026-08-27-2491,daily_high_low_midpoint_proxy,13:30:00,5753.48,41.2,吉祥全,09:00:00,0.01,72003943.245,1608569.35,117,loss12,49.175,0,117,843,sell,2026-09-01,26,50.3,48.05,31702,2491,17,63
15000,739297.12,-599531,board,849,2026-09-03,0.000590368608448,liquid_universe-2026-09-02-7711,daily_high_low_midpoint_proxy,13:30:00,596000,671,永擎,08:59:00,0.01,748255677.825,1547163.55,1000,leader_entry,596,1000,1000,844,buy,2026-09-02,2682,617,575,1693857,7711,0,3531
580,392735.12,-346562,odd,491,2026-09-03,0.0099972421401,liquid_universe-2026-09-02-7711,daily_high_low_midpoint_proxy,13:30:00,344520,671,永擎,09:00:00,0.01,748255677.825,1547163.55,580,leader_entry,594,1580,759,845,buy,2026-09-02,1551,613,575,58016,7711,0,2042
