cash,cost,daily_return,date,dividend_entitlement,drawdown,execution_basis_pnl,holdings,market_pnl,market_value,nav,opening_nav,receivable,stale_holdings,total_return
1000000,0,0,2019-01-02,0,0,0,0,0,0,1000000,1000000,0,0,0
1000000,0,0,2019-01-03,0,0,0,0,0,0,1000000,1000000,0,0,0
1000000,0,0,2019-01-04,0,0,0,0,0,0,1000000,1000000,0,0,0
1000000,0,0,2019-01-07,0,0,0,0,0,0,1000000,1000000,0,0,0
1000000,0,0,2019-01-08,0,0,0,0,0,0,1000000,1000000,0,0,0
1000000,0,0,2019-01-09,0,0,0,0,0,0,1000000,1000000,0,0,0
1000000,0,0,2019-01-10,0,0,0,0,0,0,1000000,1000000,0,0,0
1000000,0,0,2019-01-11,0,0,0,0,0,0,1000000,1000000,0,0,0
1000000,0,0,2019-01-14,0,0,0,0,0,0,1000000,1000000,0,0,0
1000000,0,0,2019-01-15,0,0,0,0,0,0,1000000,1000000,0,0,0
1000000,0,0,2019-01-16,0,0,0,0,0,0,1000000,1000000,0,0,0
1000000,0,0,2019-01-17,0,0,0,0,0,0,1000000,1000000,0,0,0
1000000,0,0,2019-01-18,0,0,0,0,0,0,1000000,1000000,0,0,0
1000000,0,0,2019-01-21,0,0,0,0,0,0,1000000,1000000,0,0,0
1000000,0,0,2019-01-22,0,0,0,0,0,0,1000000,1000000,0,0,0
1000000,0,0,2019-01-23,0,0,0,0,0,0,1000000,1000000,0,0,0
1000000,0,0,2019-01-24,0,0,0,0,0,0,1000000,1000000,0,0,0
1000000,0,0,2019-01-25,0,0,0,0,0,0,1000000,1000000,0,0,0
1000000,0,0,2019-01-28,0,0,0,0,0,0,1000000,1000000,0,0,0
1000000,0,0,2019-01-29,0,0,0,0,0,0,1000000,1000000,0,0,0
1000000,0,0,2019-01-30,0,0,0,0,0,0,1000000,1000000,0,0,0
1000000,0,0,2019-02-11,0,0,0,0,0,0,1000000,1000000,0,0,0
1000000,0,0,2019-02-12,0,0,0,0,0,0,1000000,1000000,0,0,0
1000000,0,0,2019-02-13,0,0,0,0,0,0,1000000,1000000,0,0,0
1000000,0,0,2019-02-14,0,0,0,0,0,0,1000000,1000000,0,0,0
1000000,0,0,2019-02-15,0,0,0,0,0,0,1000000,1000000,0,0,0
1000000,0,0,2019-02-18,0,0,0,0,0,0,1000000,1000000,0,0,0
1000000,0,0,2019-02-19,0,0,0,0,0,0,1000000,1000000,0,0,0
1000000,0,0,2019-02-20,0,0,0,0,0,0,1000000,1000000,0,0,0
1000000,0,0,2019-02-21,0,0,0,0,0,0,1000000,1000000,0,0,0
139110.5,5129,-0.0140158,2019-02-22,0,-0.0140158,-8886.8,3,0,846873.7,985984.2,1000000,0,0,-0.0140158
139110.5,0,0.021346285265,2019-02-25,0,0,0,3,21047.1,867920.8,1007031.3,985984.2,0,0,0.0070313
139110.5,0,-0.0138383980716,2019-02-26,0,-0.0138383980716,0,3,-13935.7,853985.1,993095.6,1007031.3,0,0,-0.0069044
139110.5,0,0.0456399162377,2019-02-27,0,0,0,3,45324.8,899309.9,1038420.4,993095.6,0,0,0.0384204
139110.5,0,-0.0084043996054,2019-03-04,0,-0.0084043996054,0,3,-8727.3,890582.6,1029693.1,1038420.4,0,0,0.0296931
139110.5,0,-0.0386481175799,2019-03-05,0,-0.0467277029612,0,3,-39795.7,850786.9,989897.4,1029693.1,0,0,-0.0101026
139110.5,0,0.0166101052493,2019-03-06,0,-0.0308937497761,0,3,16442.3,867229.2,1006339.7,989897.4,0,0,0.0063397
139110.5,0,-0.00249796365979,2019-03-07,0,-0.0333145419716,0,3,-2513.8,864715.4,1003825.9,1006339.7,0,0,0.0038259
139110.5,0,0.0294742345261,2019-03-08,0,-0.00482222806871,0,3,29587,894302.4,1033412.9,1003825.9,0,0,0.0334129
139110.5,0,0.0127159240997,2019-03-11,0,0,0,3,13140.8,907443.2,1046553.7,1033412.9,0,0,0.0465537
139110.5,0,0.0133077738868,2019-03-12,0,0,0,3,13927.3,921370.5,1060481,1046553.7,0,0,0.060481
139110.5,0,-0.00954859162965,2019-03-13,0,-0.00954859162965,0,3,-10126.1,911244.4,1050354.9,1060481,0,0,0.0503549
139110.5,0,-0.045236709992,2019-03-14,0,-0.0543533547513,0,3,-47514.6,863729.8,1002840.3,1050354.9,0,0,0.0028403
139110.5,0,-0.0124010772204,2019-03-15,0,-0.0660803918222,0,3,-12436.3,851293.5,990404,1002840.3,0,0,-0.009596
139110.5,0,-0.00870392284361,2019-03-18,0,-0.0742091560339,0,3,-8620.4,842673.1,981783.6,990404,0,0,-0.0182164
139110.5,0,-0.0133833973189,2019-03-19,0,-0.0865993827329,0,3,-13139.6,829533.5,968644,981783.6,0,0,-0.031356
139110.5,0,0.0210110215931,2019-03-20,0,-0.0674079026404,0,3,20352.2,849885.7,988996.2,968644,0,0,-0.0110038
139110.5,0,0.00486826946352,2019-03-21,0,-0.0628677930109,0,3,4814.7,854700.4,993810.9,988996.2,0,0,-0.0061891
139110.5,0,-0.0187674536474,2019-03-22,0,-0.080455378267,0,3,-18651.3,836049.1,975159.6,993810.9,0,0,-0.0248404
139110.5,0,-0.0269301558432,2019-03-25,0,-0.105218858235,0,3,-26261.2,809787.9,948898.4,975159.6,0,0,-0.0511016
139110.5,0,0.0189164614462,2019-03-26,0,-0.0882927652641,0,3,17949.8,827737.7,966848.2,948898.4,0,0,-0.0331518
139110.5,0,-0.00559881065094,2019-03-27,0,-0.0933972414404,0,3,-5413.2,822324.5,961435,966848.2,0,0,-0.038565
139110.5,0,-0.0116773364814,2019-03-28,0,-0.103983946907,0,3,-11227,811097.5,950208,961435,0,0,-0.049792
139110.5,0,0.033545602647,2019-03-29,0,-0.0739265484247,0,3,31875.3,842972.8,982083.3,950208,0,0,-0.0179167
139110.5,0,0.0306404762203,2019-04-01,0,-0.0455512168535,0,3,30091.5,873064.3,1012174.8,982083.3,0,0,0.0121748
139110.5,0,0.00227915178287,2019-04-02,0,-0.0433758832077,0,3,2306.9,875371.2,1014481.7,1012174.8,0,0,0.0144817
139110.5,0,0.0488329163552,2019-04-03,0,0,0,3,49540.1,924911.3,1064021.8,1014481.7,0,0,0.0640218
139110.5,0,0.041099815812,2019-04-08,0,0,0,3,43731.1,968642.4,1107752.9,1064021.8,0,0,0.1077529
139110.5,0,-0.0242605548584,2019-04-09,0,-0.0242605548584,0,3,-26874.7,941767.7,1080878.2,1107752.9,0,0,0.0808782
139110.5,0,0.0414687797385,2019-04-10,0,0,0,3,44822.7,986590.4,1125700.9,1080878.2,0,0,0.1257009
139110.5,0,0.00781761833894,2019-04-11,0,0,0,3,8800.3,995390.7,1134501.2,1125700.9,0,0,0.1345012
139110.5,0,-0.0206005952219,2019-04-12,0,-0.0206005952219,0,3,-23371.4,972019.3,1111129.8,1134501.2,0,0,0.1111298
139110.5,0,0.0267013808828,2019-04-15,0,0,0,3,29668.7,1001688,1140798.5,1111129.8,0,0,0.1407985
139110.5,0,0.0291760551929,2019-04-16,0,0,0,3,33284,1034972,1174082.5,1140798.5,0,0,0.1740825
139110.5,0,-0.0140885329608,2019-04-17,0,-0.0140885329608,0,3,-16541.1,1018430.9,1157541.4,1174082.5,0,0,0.1575414
139110.5,0,0.0064810640898,2019-04-18,0,-0.00769877755609,0,3,7502.1,1025933,1165043.5,1157541.4,0,0,0.1650435
139110.5,0,0.0178971858132,2019-04-19,0,0,0,3,20851,1046784,1185894.5,1165043.5,0,0,0.1858945
139110.5,0,0.000847292908433,2019-04-22,0,0,0,3,1004.8,1047788.8,1186899.3,1185894.5,0,0,0.1868993
139110.5,0,-0.0110515694128,2019-04-23,0,-0.0110515694128,0,3,-13117.1,1034671.7,1173782.2,1186899.3,0,0,0.1737822
139110.5,0,0.0168260346766,2019-04-24,0,0,0,3,19750.1,1054421.8,1193532.3,1173782.2,0,0,0.1935323
139110.5,0,-0.028312681609,2019-04-25,0,-0.028312681609,0,3,-33792.1,1020629.7,1159740.2,1193532.3,0,0,0.1597402
139110.5,0,0.00389181990932,2019-04-26,0,-0.0245310495577,0,3,4513.5,1025143.2,1164253.7,1159740.2,0,0,0.1642537
139110.5,0,-0.0152381736043,2019-04-29,0,-0.0393954147701,0,3,-17741.1,1007402.1,1146512.6,1164253.7,0,0,0.1465126
139110.5,0,0.0416166381425,2019-04-30,0,0,0,3,47714,1055116.1,1194226.6,1146512.6,0,0,0.1942266
139110.5,0,0.00613660757515,2019-05-02,0,0,0,3,7328.5,1062444.6,1201555.1,1194226.6,0,0,0.2015551
139110.5,0,-0.00951117431069,2019-05-03,0,-0.00951117431069,0,3,-11428.2,1051016.4,1190126.9,1201555.1,0,0,0.1901269
139110.5,0,-0.0362263889674,2019-05-06,0,-0.045393007778,0,3,-43114,1007902.4,1147012.9,1190126.9,0,0,0.1470129
139110.5,0,0.00304957337446,2019-05-07,0,-0.0424818637115,0,3,3497.9,1011400.3,1150510.8,1147012.9,0,0,0.1505108
139110.5,0,-0.00906449552668,2019-05-08,0,-0.0511612825746,0,3,-10428.8,1000971.5,1140082,1150510.8,0,0,0.140082
260100,1110,-0.0445192538782,2019-05-09,0,-0.0934028743251,2200.5,3,-51846.1,829226.4,1089326.4,1140082,0,0,0.0893264
377257.8,1075,0.00168296664801,2019-05-10,0,-0.0918771015994,1600,3,1308.3,713901.9,1091159.7,1089326.4,0,0,0.0911597
117454.9,1557,-0.0285908652968,2019-05-13,0,-0.117841121061,1042.6,3,-30682.8,942507.6,1059962.5,1091159.7,0,0,0.0599625
117454.9,0,0.044008349352,2019-05-14,0,-0.0790187649322,0,3,46647.2,989154.8,1106609.7,1059962.5,0,0,0.1066097
117454.9,0,-0.0101929343291,2019-05-15,0,-0.0884062661796,0,3,-11279.6,977875.2,1095330.1,1106609.7,0,0,0.0953301
117454.9,0,-0.0317931553237,2019-05-16,0,-0.117388707351,0,3,-34824,943051.2,1060506.1,1095330.1,0,0,0.0605061
117454.9,0,-0.0431121518301,2019-05-17,0,-0.155439979407,0,3,-45720.7,897330.5,1014785.4,1060506.1,0,0,0.0147854
117454.9,0,-0.0229033645931,2019-05-20,0,-0.174783245479,0,3,-23242,874088.5,991543.4,1014785.4,0,0,-0.0084566
117454.9,0,0.0503411146703,2019-05-21,0,-0.133240914212,0,3,49915.4,924003.9,1041458.8,991543.4,0,0,0.0414588
117454.9,0,-0.0191097333855,2019-05-22,0,-0.149804449251,0,3,-19902,904101.9,1021556.8,1041458.8,0,0,0.0215568
117454.9,0,0.0143072808091,2019-05-23,0,-0.137640462764,0,3,14615.7,918717.6,1036172.5,1021556.8,0,0,0.0361725
117454.9,0,-0.0184751091155,2019-05-24,0,-0.153572649311,0,3,-19143.4,899574.2,1017029.1,1036172.5,0,0,0.0170291
117454.9,0,-0.00882727937677,2019-05-27,0,-0.161044300008,0,3,-8977.6,890596.6,1008051.5,1017029.1,0,0,0.0080515
117454.9,0,0.0211409833724,2019-05-28,0,-0.143307951504,0,3,21311.2,911907.8,1029362.7,1008051.5,0,0,0.0293627
758731.6,5815,-0.0141365137866,2019-05-29,0,-0.155418590458,3594,3,-12330.6,256079.5,1014811.1,1029362.7,0,0,0.0148111
759486.6,47,0.0102339243235,2019-05-30,0,-0.146775208228,-0.95,1,10433.45,265710,1025196.6,1014811.1,0,0,0.0251966
142559,3674,-0.00298854873299,2019-05-31,0,-0.149325112098,-1473.85,3,2084,879573.75,1022132.75,1025196.6,0,0,0.02213275
142559,0,-0.00518645939092,2019-06-03,0,-0.153737102859,0,3,-5301.25,874272.5,1016831.5,1022132.75,0,0,0.0168315
142559,0,-0.00519606247446,2019-06-04,0,-0.158134337743,0,3,-5283.52,868988.98,1011547.98,1016831.5,0,0,0.01154798
142559,0,-0.0143913391039,2019-06-05,0,-0.170249911968,0,3,-14557.53,854431.45,996990.45,1011547.98,0,0,-0.00300955
142559,0,-0.00823698963215,2019-06-06,0,-0.177084554841,0,3,-8212.2,846219.25,988778.25,996990.45,0,0,-0.01122175
142559,0,0.00774411249438,2019-06-10,0,-0.17071180506,0,3,7657.21,853876.46,996435.46,988778.25,0,0,-0.00356454
142559,0,0.0109345265573,2019-06-11,0,-0.161643931269,0,3,10895.55,864772.01,1007331.01,996435.46,0,0,0.00733101
142559,0,-0.00682093565252,2019-06-12,0,-0.167362304067,0,3,-6870.94,857901.07,1000460.07,1007331.01,0,0,0.00046007
142559,0,-0.0034836672692,2019-06-13,0,-0.170262936756,0,3,-3485.27,854415.8,996974.8,1000460.07,0,0,-0.0030252
142559,0,0.00857603421872,2019-06-14,0,-0.163147083309,0,3,8550.09,862965.89,1005524.89,996974.8,0,0,0.00552489
142559,0,-0.00383685181577,2019-06-17,0,-0.166357963942,0,3,-3858.05,859107.84,1001666.84,1005524.89,0,0,0.00166684
142559,0,0.00509160311227,2019-06-18,0,-0.162113389557,0,3,5100.09,864207.93,1006766.93,1001666.84,0,0,0.00676693
142559,0,0.010301798451,2019-06-19,0,-0.153481650571,0,3,10371.51,874579.44,1017138.44,1006766.93,0,0,0.01713844
142559,0,0.00176923802034,2019-06-20,0,-0.151983958122,0,3,1799.56,876379,1018938,1017138.44,0,0,0.018938
142559,0,-0.0143849674858,2019-06-21,0,-0.164182641312,0,3,-14657.39,861721.61,1004280.61,1018938,0,0,0.00428061
142559,0,0.00456942009465,2019-06-24,0,-0.160363440678,0,3,4588.98,866310.59,1008869.59,1004280.61,0,0,0.00886959
142559,0,0.0178006753083,2019-06-25,0,-0.145417342908,0,3,17958.56,884269.15,1026828.15,1008869.59,0,0,0.02682815
142559,0,-0.00522100022287,2019-06-26,0,-0.149879119152,0,3,-5361.07,878908.08,1021467.08,1026828.15,0,0,0.02146708
142559,0,-0.00795294352511,2019-06-27,0,-0.156640082506,0,3,-8123.67,870784.41,1013343.41,1021467.08,0,0,0.01334341
142559,0,-0.0155332830358,2019-06-28,0,-0.169740230806,0,3,-15740.55,855043.86,997602.86,1013343.41,0,0,-0.00239714
142559,0,-0.000237449198973,2019-07-01,0,-0.169937375323,0,3,-236.88,854806.98,997365.98,997602.86,0,0,-0.00263402
142559,0,0.00846500699773,2019-07-02,0,-0.162910889397,0,3,8442.71,863249.69,1005808.69,997365.98,0,0,0.00580869
142559,0,-0.0167338383207,2019-07-03,0,-0.176918603233,0,3,-16831.04,846418.65,988977.65,1005808.69,0,0,-0.01102235
142559,0,0.00396202077974,2019-07-04,11023,-0.173657537636,0,3,-7104.65,839314,992896,988977.65,11023,0,-0.007104
142559,0,-0.0181427863543,2019-07-05,0,-0.188649692386,0,3,-18013.9,821300.1,974882.1,992896,11023,0,-0.0251179
142559,0,-0.0148314857766,2019-07-08,0,-0.200683222933,0,3,-14458.95,806841.15,960423.15,974882.1,11023,0,-0.03957685
142559,0,0.0120439620807,2019-07-09,0,-0.19105628198,0,3,11567.3,818408.45,971990.45,960423.15,11023,0,-0.02800955
142559,0,-0.00549356220527,2019-07-10,0,-0.195500264615,0,3,-5339.69,813068.76,966650.76,971990.45,11023,0,-0.03334924
142559,0,0.00298804916886,2019-07-11,10984.32,-0.19309637985,0,3,-8095.92,804972.84,969539.16,966650.76,22007.32,0,-0.03046084
142559,0,0.00774988810148,2019-07-12,0,-0.186842967085,0,3,7513.82,812486.66,977052.98,969539.16,22007.32,0,-0.02294702
142559,0,-0.00899383163439,2019-07-15,0,-0.194156364531,0,3,-8787.45,803699.21,968265.53,977052.98,22007.32,0,-0.03173447
142559,0,-0.00476853699419,2019-07-16,0,-0.197999059719,0,3,-4617.21,799082,963648.32,968265.53,22007.32,0,-0.03635168
142559,0,0.00757858427024,2019-07-17,0,-0.191921028008,0,3,7303.09,806385.09,970951.41,963648.32,22007.32,0,-0.02904859
142559,0,0.00386142906986,2019-07-18,0,-0.188800688375,0,3,3749.26,810134.35,974700.67,970951.41,22007.32,0,-0.02529933
142559,0,0.00144890636014,2019-07-19,0,-0.187625336533,0,3,1412.25,811546.6,976112.92,974700.67,22007.32,0,-0.02388708
142559,0,-0.00524516159462,2019-07-22,0,-0.191886372918,0,3,-5119.87,806426.73,970993.05,976112.92,22007.32,0,-0.02900695
142559,0,-0.0163134535309,2019-07-23,0,-0.205069497021,0,3,-15840.25,790586.48,955152.8,970993.05,22007.32,0,-0.0448472
142559,0,-0.00289515981108,2019-07-24,0,-0.207370947866,0,3,-2765.32,787821.16,952387.48,955152.8,22007.32,0,-0.04761252
142559,0,0.00886814471774,2019-07-25,0,-0.200341798724,0,3,8445.91,796267.07,960833.39,952387.48,22007.32,0,-0.03916661
142559,0,0.000697967001334,2019-07-26,0,-0.199783663687,0,3,670.63,796937.7,961504.02,960833.39,22007.32,0,-0.03849598
142559,0,-0.000428380944263,2019-07-29,0,-0.200126461117,0,3,-411.89,796525.81,961092.13,961504.02,22007.32,0,-0.03890787
142559,0,-0.0200771387026,2019-07-30,0,-0.216185633102,0,3,-19295.98,777229.83,941796.15,961092.13,22007.32,0,-0.05820385
142559,0,0.00393437582008,2019-07-31,0,-0.213101812809,0,3,3705.38,780935.21,945501.53,941796.15,22007.32,0,-0.05449847
153582,0,-0.00377116259135,2019-08-01,0,-0.216069333816,0,3,-3565.64,777369.57,941935.89,945501.53,10984.32,0,-0.05806411
153582,0,0.017810320403,2019-08-02,0,-0.202107277477,0,3,16776.18,794145.75,958712.07,941935.89,10984.32,0,-0.04128793
153582,0,-0.00167605066243,2019-08-05,0,-0.203444586103,0,3,-1606.85,792538.9,957105.22,958712.07,10984.32,0,-0.04289478
298180.6,1323,-0.00893502597342,2019-08-06,0,-0.210561829416,-1018.88,3,-6209.88,639388.54,948553.46,957105.22,10984.32,0,-0.05144654
410722.9,1034,0.018418561248,2019-08-07,0,-0.196021514119,1300,3,17204.99,544317.23,966024.45,948553.46,10984.32,0,-0.03397555
190294.67,1403,0.00982218410725,2019-08-08,0,-0.188124689413,-441.9,3,11333.37,785218.25,975512.92,966024.45,0,0,-0.02448708
410561.67,2003,-0.0123810764085,2019-08-12,0,-0.198176579667,4510.5,3,-14585.4,552873.35,963435.02,975512.92,0,0,-0.03656498
397006.67,110,-0.0128040809644,2019-08-13,0,-0.208443191661,130.5,4,-12356.4,554092.45,951099.12,963435.02,0,0,-0.04890088
397828.67,26,0.017190269296,2019-08-14,0,-0.194836116962,12,4,16363.65,569620.1,967448.77,951099.12,0,0,-0.03255123
399260.67,31,-0.00142265931043,2019-08-15,0,-0.195981590857,35,4,-1380.35,566811.75,966072.42,967448.77,0,0,-0.03392758
401511.67,37,0.00992254804252,2019-08-16,0,-0.188003679565,22,4,9600.9,574146.65,975658.32,966072.42,0,0,-0.02434168
403595.67,36,0.00431723884648,2019-08-19,0,-0.184498097507,20,4,4228.15,576274.8,979870.47,975658.32,0,0,-0.02012953
404225.67,24,-0.00504479944171,2019-08-20,0,-0.18861214105,12,3,-4931.25,570701.55,974927.22,979870.47,0,0,-0.02507278
404225.67,0,-0.00352487850324,2019-08-21,0,-0.191472184671,0,3,-3436.5,567265.05,971490.72,974927.22,0,0,-0.02850928
404225.67,0,0.0191744703439,2019-08-22,768.47,-0.175969092054,0,3,17859.35,585124.4,990118.54,971490.72,768.47,0,-0.00988146
404225.67,0,-0.00134271801435,2019-08-23,0,-0.177075533199,0,3,-1329.45,583794.95,988789.09,990118.54,768.47,0,-0.01121091
404225.67,0,-0.00535210193308,2019-08-26,0,-0.181479908828,0,3,-5292.1,578502.85,983496.99,988789.09,768.47,0,-0.01650301
404225.67,0,-0.0164876457832,2019-08-27,0,-0.194975378158,0,3,-16215.55,562287.3,967281.44,983496.99,768.47,0,-0.03271856
404225.67,0,2.08315792765e-05,2019-08-28,0,-0.194958608224,0,3,20.1499999999,562307.45,967301.59,967281.44,768.47,0,-0.03269841
404225.67,0,-0.00192199622043,2019-08-29,0,-0.196505894736,0,3,-1859.15,560448.3,965442.44,967301.59,768.47,0,-0.03455756
725011.67,2889,-0.00352946986669,2019-08-30,0,-0.199341802969,275,3,-793.5,236254.8,962034.94,965442.44,768.47,0,-0.03796506
495660.97,1395,-0.00593159329535,2019-09-02,0,-0.204090981762,-1645.1,4,-2666.3,459899.1,956328.54,962034.94,768.47,0,-0.04367146
495735.97,21,-0.00687483403977,2019-09-03,0,-0.209562724173,9,4,-6562.6,453249.5,949753.94,956328.54,768.47,0,-0.05024606
495735.97,0,-0.0133321900197,2019-09-04,0,-0.220100984133,0,4,-12662.3,440587.2,937091.64,949753.94,768.47,0,-0.06290836
688767.37,1778,-0.00465834910234,2019-09-05,0,-0.223734026013,2100.25,3,-4687.55,243190.5,932726.34,937091.64,768.47,0,-0.06727366
432904.67,1530,-0.000292261500838,2019-09-06,0,-0.223960898672,-1147.3,4,2404.7,498780.6,932453.74,932726.34,768.47,0,-0.06754626
432970.67,21,-0.0172174761184,2019-09-09,0,-0.237322333366,0.75,4,-16034.25,482660.1,916399.24,932453.74,768.47,0,-0.08360076
432970.67,0,-0.00360312389609,2019-09-10,0,-0.240070355492,0,4,-3301.9,479358.2,913097.34,916399.24,768.47,0,-0.08690266
433775.44,21,0.00622989439439,2019-09-11,0,-0.235336074059,0.2,3,5709.3,485010.4,918785.84,913097.34,0,0,-0.08121416
433775.44,0,0.00282710060051,2019-09-12,0,-0.233174292215,0,3,2597.5,487607.9,921383.34,918785.84,0,0,-0.07861666
433775.44,0,-0.000844708132014,2019-09-16,0,-0.233822036126,0,3,-778.3,486829.6,920605.04,921383.34,0,0,-0.07939496
433775.44,0,0.00839991056317,2019-09-17,0,-0.227386209754,0,3,7733,494562.6,928338.04,920605.04,0,0,-0.07166196
433775.44,0,0.011341558297,2019-09-18,0,-0.218623565411,0,3,10528.8,505091.4,938866.84,928338.04,0,0,-0.06113316
433775.44,0,0.0257319770714,2019-09-19,0,-0.198517204912,0,3,24158.9,529250.3,963025.74,938866.84,0,0,-0.03697426
433775.44,0,0.0382608672537,2019-09-20,0,-0.167851778083,0,3,36846.2,566096.5,999871.94,963025.74,0,0,-0.00012806
433775.44,0,0.000258133056519,2019-09-23,0,-0.167636973119,0,3,258.1,566354.6,1000130.04,999871.94,0,0,0.00013004
433775.44,0,0.000528931217785,2019-09-24,0,-0.16719671033,0,3,529,566883.6,1000659.04,1000130.04,0,0,0.00065904
433775.44,0,0.00233256274785,2019-09-25,0,-0.1652541444,0,3,2334.1,569217.7,1002993.14,1000659.04,0,0,0.00299314
433775.44,0,-0.00324628341925,2019-09-26,0,-0.16796396603,0,3,-3256,565961.7,999737.14,1002993.14,0,0,-0.00026286
433775.44,0,0.0081772494718,2019-09-27,0,-0.161160199811,0,3,8175.1,574136.8,1007912.24,999737.14,0,0,0.00791224
433775.44,0,-0.000157354969714,2019-10-01,0,-0.161292195422,0,3,-158.6,573978.2,1007753.64,1007912.24,0,0,0.00775364
433775.44,0,0.010931342307,2019-10-02,0,-0.152123993315,0,3,11016.1,584994.3,1018769.74,1007753.64,0,0,0.01876974
433775.44,0,-0.00850682903087,2019-10-03,0,-0.159336729543,0,3,-8666.5,576327.8,1010103.24,1018769.74,0,0,0.01010324
433775.44,0,0.00809323213338,2019-10-04,0,-0.152533046549,0,3,8175,584502.8,1018278.24,1010103.24,0,0,0.01827824
433775.44,0,0.00697677679924,2019-10-07,0,-0.14662045877,0,3,7104.3,591607.1,1025382.54,1018278.24,0,0,0.02538254
433775.44,0,0.0293334427169,2019-10-08,0,-0.121587898882,0,3,30078,621685.1,1055460.54,1025382.54,0,0,0.05546054
433775.44,0,-0.000872794353828,2019-10-09,0,-0.122354572004,0,3,-921.2,620763.9,1054539.34,1055460.54,0,0,0.05453934
433775.44,0,0.0110414088487,2019-10-14,0,-0.11266413001,0,3,11643.6,632407.5,1066182.94,1054539.34,0,0,0.06618294
433775.44,0,-0.00388723158523,2019-10-15,0,-0.11611341003,0,3,-4144.5,628263,1062038.44,1066182.94,0,0,0.06203844
433775.44,0,0.00416952892967,2019-10-16,0,-0.112428019323,0,3,4428.2,632691.2,1066466.64,1062038.44,0,0,0.06646664
433775.44,0,-7.31387153363e-06,2019-10-17,0,-0.11243451091,0,3,-7.79999999993,632683.4,1066458.84,1066466.64,0,0,0.06645884
433775.44,0,0.0193529269259,2019-10-18,0,-0.0952575208578,0,3,20639.1,653322.5,1087097.94,1066458.84,0,0,0.08709794
433775.44,0,0.0144646580786,2019-10-21,0,-0.0821707302478,0,3,15724.5,669047,1102822.44,1087097.94,0,0,0.10282244
433775.44,0,-0.00106961914921,2019-10-22,0,-0.0831524580105,0,3,-1179.6,667867.4,1101642.84,1102822.44,0,0,0.10164284
433775.44,0,0.00590617917509,2019-10-23,0,-0.0777373921512,0,3,6506.5,674373.9,1108149.34,1101642.84,0,0,0.10814934
433775.44,0,0.0125016543348,2019-10-24,0,-0.066207583822,0,3,13853.7,688227.6,1122003.04,1108149.34,0,0,0.12200304
433775.44,0,-0.0147602095624,2019-10-25,0,-0.0799905555725,0,3,-16561,671666.6,1105442.04,1122003.04,0,0,0.10544204
433775.44,0,0.00208749072,2019-10-28,0,-0.078070044395,0,3,2307.6,673974.2,1107749.64,1105442.04,0,0,0.10774964
433775.44,0,-0.0292368409165,2019-10-29,0,-0.105024363843,0,3,-32387.1,641587.1,1075362.54,1107749.64,0,0,0.07536254
433775.44,0,0.0175658899184,2019-10-30,0,-0.0893033203388,0,3,18889.7,660476.8,1094252.24,1075362.54,0,0,0.09425224
433775.44,0,-0.0119824292066,2019-10-31,0,-0.100215678832,0,3,-13111.8,647365,1081140.44,1094252.24,0,0,0.08114044
433775.44,0,0.00718112070621,2019-11-01,0,-0.0937542190117,0,3,7763.8,655128.8,1088904.24,1081140.44,0,0,0.08890424
433775.44,0,-0.00653280585995,2019-11-04,0,-0.0996745467603,0,3,-7113.6,648015.2,1081790.64,1088904.24,0,0,0.08179064
433775.44,0,-0.000839164221277,2019-11-05,0,-0.100430067668,0,3,-907.8,647107.4,1080882.84,1081790.64,0,0,0.08088284
433775.44,0,0.0133297518166,2019-11-06,0,-0.0884390237285,0,3,14407.9,661515.3,1095290.74,1080882.84,0,0,0.09529074
433775.44,0,-0.0066983128151,2019-11-07,0,-0.0945449442976,0,3,-7336.6,654178.7,1087954.14,1095290.74,0,0,0.08795414
433775.44,0,0.000161495777754,2019-11-08,0,-0.0943987171292,0,3,175.7,654354.4,1088129.84,1087954.14,0,0,0.08812984
433775.44,0,-0.016406865563,2019-11-11,0,-0.109256795631,0,3,-17852.8,636501.6,1070277.04,1088129.84,0,0,0.07027704
794610.94,3267,0.00550427579013,2019-11-12,0,-0.104353899376,-8250,3,17408.1,281557.2,1076168.14,1070277.04,0,0,0.07616814
465854.69,1997,0.00175483730637,2019-11-13,0,-0.102782186185,5254.3,3,-1368.8,612201.95,1078056.64,1076168.14,0,0,0.07805664
474462.69,86,-0.0168037553203,2019-11-14,0,-0.117858814798,-36,3,-17993.4,585478.55,1059941.24,1078056.64,0,0,0.05994124
176731.69,1941,0.00295629595467,2019-11-15,0,-0.11525094438,15626,4,-10551.5,886343.05,1063074.74,1059941.24,0,0,0.06307474
178627.69,34,0.021994502475,2019-11-18,0,-0.0957913290868,0,3,23415.8,907828.85,1086456.54,1063074.74,0,0,0.08645654
178627.69,0,-0.0313847344506,2019-11-19,0,-0.124169678111,0,3,-34098.15,873730.7,1052358.39,1086456.54,0,0,0.05235839
178627.69,0,-0.045497760511,2019-11-20,0,-0.164017996345,0,3,-47879.95,825850.75,1004478.44,1052358.39,0,0,0.00447844
461276.19,2565,0.0339730537173,2019-11-21,0,-0.135617134828,-5775,3,42465.2,577327.45,1038603.64,1004478.44,0,0,0.03860364
163995.99,1791,-0.00165958401609,2019-11-22,0,-0.137051650815,-825.05,4,892.4,872884,1036879.99,1038603.64,0,0,0.03687999
164084.59,21,0.0197027623226,2019-11-25,0,-0.120049184594,-0.8,4,20451.2,893224.8,1057309.39,1036879.99,0,0,0.05730939
164118.99,21,-0.0119857064733,2019-11-26,0,-0.130596016779,0,4,-12651.6,880517.8,1044636.79,1057309.39,0,0,0.04463679
164139.69,21,0.00536655424514,2019-11-27,0,-0.125930313142,-0.3,4,5627.4,886103.2,1050242.89,1044636.79,0,0,0.05024289
164284.24,21,-0.00916126173442,2019-11-28,0,-0.133937894317,0,4,-9600.55,876337.1,1040621.34,1050242.89,0,0,0.04062134
164338.24,21,0.00279794377463,2019-11-29,0,-0.13151470124,-0.5,4,2933.1,879194.7,1043532.94,1040621.34,0,0,0.04353294
164331.69,21,0.00534448869434,2019-12-02,0,-0.12687309138,0,3,5598.15,884778.4,1049110.09,1043532.94,0,0,0.04911009
164331.69,0,-0.00850511312878,2019-12-03,0,-0.134299134513,0,3,-8922.8,875855.6,1040187.29,1049110.09,0,0,0.04018729
164331.69,0,0.00130168866032,2019-12-04,0,-0.133172261513,0,3,1354,877209.6,1041541.29,1040187.29,0,0,0.04154129
164331.69,0,-0.00398255934722,2019-12-05,0,-0.136624454426,0,3,-4148,873061.6,1037393.29,1041541.29,0,0,0.03739329
164331.69,0,0.00172316518454,2019-12-06,0,-0.135136715744,0,3,1787.6,874849.2,1039180.89,1037393.29,0,0,0.03918089
164331.69,0,0.00935621516289,2019-12-09,0,-0.12704486877,0,3,9722.8,884572,1048903.69,1039180.89,0,0,0.04890369
392784.19,2075,0.0179776276695,2019-12-10,0,-0.111351206449,525,3,20406.8,674976.3,1067760.49,1048903.69,0,0,0.06776049
75908.09,1930,-0.0236333899187,2019-12-11,0,-0.132352989888,6642.9,4,-29947.7,966617.6,1042525.69,1067760.49,0,0,0.04252569
79509.09,47,-0.0138457499306,2019-12-12,0,-0.144366213418,0,4,-14387.55,948582.05,1028091.14,1042525.69,0,0,0.02809114
81912.49,38,-0.0377936823772,2019-12-13,0,-0.176703764979,0,4,-38817.35,907323.3,989235.79,1028091.14,0,0,-0.01076421
82601.49,26,-0.0107955050838,2019-12-16,0,-0.18559166367,-1.1,3,-10652.2,895955,978556.49,989235.79,0,0,-0.02144351
357751.09,2493,-0.00160496610676,2019-12-17,0,-0.186898761447,-849.3,3,1771.75,619234.85,976985.94,978556.49,0,0,-0.02301406
84286.99,1677,-0.0122890202494,2019-12-18,0,-0.196890979032,-4000.9,4,-6328.3,880692.75,964979.74,976985.94,0,0,-0.03502026
86747.99,39,-0.00434921048187,2019-12-19,0,-0.200383869204,-15,4,-4142.9,874034.85,960782.84,964979.74,0,0,-0.03921716
88626.49,34,-0.0184221129511,2019-12-20,0,-0.215114487883,-11.25,3,-17654.4,854456.7,943083.19,960782.84,0,0,-0.05691681
88626.49,0,-0.0117515613866,2019-12-23,0,-0.22433811816,0,3,-11082.7,843374,932000.49,943083.19,0,0,-0.06799951
88626.49,0,0.0120992425658,2019-12-24,0,-0.214953196903,0,3,11276.5,854650.5,943276.99,932000.49,0,0,-0.05672301
88626.49,0,-0.0025953140233,2019-12-25,0,-0.21699063988,0,3,-2448.1,852202.4,940828.89,943276.99,0,0,-0.05917111
88626.49,0,0.00739932635359,2019-12-26,0,-0.211196898086,0,3,6961.5,859163.9,947790.39,940828.89,0,0,-0.05220961
88626.49,0,0.00124257432068,2019-12-27,0,-0.210216751608,0,3,1177.7,860341.6,948968.09,947790.39,0,0,-0.05103191
88626.49,0,-0.0191735635705,2019-12-30,0,-0.225359710928,0,3,-18195.1,842146.5,930772.99,948968.09,0,0,-0.06922701
369695.49,2531,0.00332261467965,2019-12-31,0,-0.222785879732,-2400,2,8023.6,564170.1,933865.59,930772.99,0,0,-0.06613441
95014.99,1619,0.0114678173333,2020-01-02,0,-0.213872930172,-750,3,13078.4,849560,944574.99,933865.59,0,0,-0.05542501
95014.99,0,0.00215059685203,2020-01-03,0,-0.21218228777,0,3,2031.4,851591.4,946606.39,944574.99,0,0,-0.05339361
95014.99,0,-0.0220744337042,2020-01-06,0,-0.22957291763,0,3,-20895.8,830695.6,925710.59,946606.39,0,0,-0.07428941
95014.99,0,-0.0183548726606,2020-01-07,0,-0.243714008621,0,3,-16991.3,813704.3,908719.29,925710.59,0,0,-0.09128071
95014.99,0,-0.00306288204799,2020-01-08,0,-0.246030423407,0,3,-2783.3,810921,905935.99,908719.29,0,0,-0.09406401
281733.99,1681,0.00395933050413,2020-01-09,0,-0.243045208663,0,3,5267.9,627788.9,909522.89,905935.99,0,0,-0.09047711
351901.99,632,0.00247448417708,2020-01-10,0,-0.241172136009,-450,3,3332.6,559871.5,911773.49,909522.89,0,0,-0.08822651
341435.09,89,0.00697607472663,2020-01-13,0,-0.235878496126,0,4,6449.6,576699,918134.09,911773.49,0,0,-0.08186591
341462.69,21,0.0103675488185,2020-01-14,0,-0.227956429131,-0.4,4,9540.2,586190.2,927652.89,918134.09,0,0,-0.07234711
341490.09,21,-0.0156008784708,2020-01-15,0,-0.240000987054,0.4,4,-14451.6,571690.6,913180.69,927652.89,0,0,-0.08681931
341490.09,0,0.00813124946827,2020-01-16,0,-0.233821245484,0,4,7425.3,579115.9,920605.99,913180.69,0,0,-0.07939401
341490.09,0,-0.00436104049247,2020-01-17,0,-0.237162582057,0,4,-4014.8,575101.1,916591.19,920605.99,0,0,-0.08340881
341490.09,0,0.00743613955094,2020-01-20,0,-0.231490016563,0,4,6815.9,581917,923407.09,916591.19,0,0,-0.07659291
341490.09,0,-0.0585112466485,2020-01-30,0,-0.276456493755,0,4,-54029.7,527887.3,869377.39,923407.09,0,0,-0.13062261
573320.09,2088,0.00634028451096,2020-01-31,0,-0.27186902207,-1000,4,8600.1,301569.4,874889.49,869377.39,0,0,-0.12511051
317592.79,1629,0.00321709202382,2020-02-03,0,-0.269526557708,1386.4,4,3057.2,560111.3,877704.09,874889.49,0,0,-0.12229591
317593.64,21,0.0054237527821,2020-02-04,0,-0.265564650344,0.2,4,4781.25,564870.9,882464.54,877704.09,0,0,-0.11753546
317667.44,21,-0.0095735858123,2020-02-05,0,-0.272595830187,6,3,-8433.35,556348.75,874016.19,882464.54,0,0,-0.12598381
317667.44,0,0.00367659093363,2020-02-06,0,-0.269921462611,0,3,3213.4,559562.15,877229.59,874016.19,0,0,-0.12277041
317667.44,0,-0.0205594410011,2020-02-07,0,-0.284931469227,0,3,-18035.35,541526.8,859194.24,877229.59,0,0,-0.14080576
317667.44,0,-0.00943989103093,2020-02-10,0,-0.291681638237,0,3,-8110.7,533416.1,851083.54,859194.24,0,0,-0.14891646
317667.44,0,0.00581640904487,2020-02-11,0,-0.287561768911,0,3,4950.25,538366.35,856033.79,851083.54,0,0,-0.14396621
546878.09,2085,0.00685942549067,2020-02-12,0,-0.282674851948,1249.65,2,6707.25,315027.6,861905.69,856033.79,0,0,-0.13809431
296716.94,1492,-0.012674588562,2020-02-13,0,-0.291766653065,-6636.7,3,-2795.6,554264.45,850981.39,861905.69,0,0,-0.14901861
296716.94,0,0.0145455002253,2020-02-14,0,-0.281465044757,0,3,12377.95,566642.4,863359.34,850981.39,0,0,-0.13664066
296716.94,0,0.0121968333603,2020-02-17,0,-0.272701193645,0,3,10530.25,577172.65,873889.59,863359.34,0,0,-0.12611041
296716.94,0,-0.019153392135,2020-02-18,0,-0.286631432882,0,3,-16737.95,560434.7,857151.64,873889.59,0,0,-0.14284836
296716.94,0,0.000379046116041,2020-02-19,0,-0.286361033298,0,3,324.9,560759.6,857476.54,857151.64,0,0,-0.14252346
296716.94,0,-0.00365036225947,2020-02-20,0,-0.288966074049,0,3,-3130.1,557629.5,854346.44,857476.54,0,0,-0.14565356
296716.94,0,0.0140914147193,2020-02-21,0,-0.278946600118,0,3,12038.95,569668.45,866385.39,854346.44,0,0,-0.13361461
296716.94,0,0.00100878894091,2020-02-24,0,-0.278219209423,0,3,874,570542.45,867259.39,866385.39,0,0,-0.13274061
296716.94,0,-0.01122461182,2020-02-25,0,-0.286320918616,0,3,-9734.65,560807.8,857524.74,867259.39,0,0,-0.14247526
296716.94,0,-0.0032353585507,2020-02-26,0,-0.288629926335,0,3,-2774.4,558033.4,854750.34,857524.74,0,0,-0.14524966
296716.94,0,-0.0119235986499,2020-02-27,0,-0.297112017585,0,3,-10191.7,547841.7,844558.64,854750.34,0,0,-0.15544136
296716.94,0,0.0147691343256,2020-03-02,0,-0.286730970556,0,3,12473.4,560315.1,857032.04,844558.64,0,0,-0.14296796
296716.94,0,0.0238986981164,2020-03-03,0,-0.269684769346,0,3,20481.95,580797.05,877513.99,857032.04,0,0,-0.12248601
296716.94,0,-0.00152800982694,2020-03-04,0,-0.270800698195,0,3,-1340.85,579456.2,876173.14,877513.99,0,0,-0.12382686
296716.94,0,0.0132977141938,2020-03-05,0,-0.261104014289,0,3,11651.1,591107.3,887824.24,876173.14,0,0,-0.11217576
296716.94,0,-0.0044056580388,2020-03-06,0,-0.264359337329,0,3,-3911.45,587195.85,883912.79,887824.24,0,0,-0.11608721
296716.94,0,-0.0066732827794,2020-03-09,0,-0.269268475495,0,3,-5898.6,581297.25,878014.19,883912.79,0,0,-0.12198581
296716.94,0,-0.00270787195364,2020-03-10,0,-0.271247202896,0,3,-2377.55,578919.7,875636.64,878014.19,0,0,-0.12436336
296716.94,0,-0.0161265522192,2020-03-11,0,-0.282999472933,0,3,-14121,564798.7,861515.64,875636.64,0,0,-0.13848436
296716.94,0,-0.0414244946267,2020-03-12,0,-0.312700857414,0,3,-35687.85,529110.85,825827.79,861515.64,0,0,-0.17417221
296716.94,0,-0.0433454170875,2020-03-13,0,-0.342492125413,0,3,-35795.85,493315,790031.94,825827.79,0,0,-0.20996806
523300.94,2059,-0.00514972850338,2020-03-16,0,-0.345878112456,11857.2,3,-13866.65,262662.55,785963.49,790031.94,0,0,-0.21403651
524295.64,28,-0.0279060672398,2020-03-17,0,-0.364132081833,3.15,2,-21908.3,239734.7,764030.34,785963.49,0,0,-0.23596966
524295.64,0,0.00671491658302,2020-03-18,0,-0.359862281805,0,2,5130.4,244865.1,769160.74,764030.34,0,0,-0.23083926
524295.64,0,-0.0313303822553,2020-03-19,0,-0.379918041212,0,2,-24098.1,220767,745062.64,769160.74,0,0,-0.25493736
746274.19,2019,0.018045529702,2020-03-20,0,-0.368728333807,-4278.45,2,19742.5,12233.5,758507.69,745062.64,0,0,-0.24149231
746585.39,22,-0.000275277367326,2020-03-23,0,-0.368902108609,-2.8,2,-184,11713.5,758298.89,758507.69,0,0,-0.24170111
746736.59,21,0.00141514119848,2020-03-24,0,-0.368009015983,0,2,1094.1,12635.4,759371.99,758298.89,0,0,-0.24062801
746933.39,21,-7.58521525135e-05,2020-03-25,0,-0.368056953859,0,2,-36.6,12381,759314.39,759371.99,0,0,-0.24068561
747126.59,21,0.000655854816606,2020-03-26,0,-0.367642490969,0,2,519,12685.8,759812.39,759314.39,0,0,-0.24018761
747385.39,22,0.000113449058129,2020-03-27,0,-0.367570750605,1.2,2,107,12513.2,759898.59,759812.39,0,0,-0.24010141
747434.89,21,0.00039702666115,2020-03-30,0,-0.367319659331,0.3,2,322.4,12765.4,760200.29,759898.59,0,0,-0.23979971
747436.89,21,-8.86608448939e-05,2020-03-31,0,-0.367375753305,0.1,1,-46.5,12696,760132.89,760200.29,0,0,-0.23986711
747436.89,0,0.000242062937179,2020-04-01,0,-0.367222618422,0,1,184,12880,760316.89,760132.89,0,0,-0.23968311
747436.89,0,0.00133102396292,2020-04-06,0,-0.366380376564,0,1,1012,13892,761328.89,760316.89,0,0,-0.23867111
747436.89,0,-0.000120841335733,2020-04-07,0,-0.366456944005,0,1,-92,13800,761236.89,761328.89,0,0,-0.23876311
747436.89,0,-0.000241711880253,2020-04-08,0,-0.366610078889,0,1,-184,13616,761052.89,761236.89,0,0,-0.23894711
747436.89,0,-9.06638696293e-05,2020-04-09,0,-0.36666750447,0,1,-69,13547,760983.89,761052.89,0,0,-0.23901611
747436.89,0,0.000120896120416,2020-04-10,0,-0.366590937028,0,1,92,13639,761075.89,760983.89,0,0,-0.23892411
747436.89,0,-0.00039286489551,2020-04-13,0,-0.366839781214,0,1,-299,13340,760776.89,761075.89,0,0,-0.23922311
747436.89,0,0.000151161268845,2020-04-14,0,-0.366744071911,0,1,115,13455,760891.89,760776.89,0,0,-0.23910811
747436.89,0,0,2020-04-15,0,-0.366744071911,0,1,0,13455,760891.89,760891.89,0,0,-0.23910811
747436.89,0,6.04553690275e-05,2020-04-16,0,-0.366705788191,0,1,46,13501,760937.89,760891.89,0,0,-0.23906211
747436.89,0,-0.00120903428794,2020-04-17,0,-0.367471462607,0,1,-920,12581,760017.89,760937.89,0,0,-0.23998211
747436.89,0,-3.02624455327e-05,2020-04-20,0,-0.367490604467,0,1,-23,12558,759994.89,760017.89,0,0,-0.24000511
747436.89,0,0.000121053445504,2020-04-21,0,-0.367414037026,0,1,92,12650,760086.89,759994.89,0,0,-0.23991311
747436.89,0,0.000817011855053,2020-04-22,0,-0.366897206795,0,1,621,13271,760707.89,760086.89,0,0,-0.23929211
752687.89,59,7.62447724842e-05,2020-04-23,0,-0.366848936016,117,1,0,8078,760765.89,760707.89,0,0,-0.23923411
760574.89,79,-0.000251062780956,2020-04-24,0,-0.367007896683,42,0,-154,0,760574.89,760765.89,0,0,-0.23942511
760574.89,0,0,2020-04-27,0,-0.367007896683,0,0,0,0,760574.89,760574.89,0,0,-0.23942511
760574.89,0,0,2020-04-28,0,-0.367007896683,0,0,0,0,760574.89,760574.89,0,0,-0.23942511
760574.89,0,0,2020-04-29,0,-0.367007896683,0,0,0,0,760574.89,760574.89,0,0,-0.23942511
760574.89,0,0,2020-04-30,0,-0.367007896683,0,0,0,0,760574.89,760574.89,0,0,-0.23942511
760574.89,0,0,2020-05-04,0,-0.367007896683,0,0,0,0,760574.89,760574.89,0,0,-0.23942511
760574.89,0,0,2020-05-05,0,-0.367007896683,0,0,0,0,760574.89,760574.89,0,0,-0.23942511
760574.89,0,0,2020-05-06,0,-0.367007896683,0,0,0,0,760574.89,760574.89,0,0,-0.23942511
760574.89,0,0,2020-05-07,0,-0.367007896683,0,0,0,0,760574.89,760574.89,0,0,-0.23942511
760574.89,0,0,2020-05-08,0,-0.367007896683,0,0,0,0,760574.89,760574.89,0,0,-0.23942511
760574.89,0,0,2020-05-11,0,-0.367007896683,0,0,0,0,760574.89,760574.89,0,0,-0.23942511
760574.89,0,0,2020-05-12,0,-0.367007896683,0,0,0,0,760574.89,760574.89,0,0,-0.23942511
760574.89,0,0,2020-05-13,0,-0.367007896683,0,0,0,0,760574.89,760574.89,0,0,-0.23942511
760574.89,0,0,2020-05-14,0,-0.367007896683,0,0,0,0,760574.89,760574.89,0,0,-0.23942511
760574.89,0,0,2020-05-15,0,-0.367007896683,0,0,0,0,760574.89,760574.89,0,0,-0.23942511
760574.89,0,0,2020-05-18,0,-0.367007896683,0,0,0,0,760574.89,760574.89,0,0,-0.23942511
760574.89,0,0,2020-05-19,0,-0.367007896683,0,0,0,0,760574.89,760574.89,0,0,-0.23942511
760574.89,0,0,2020-05-20,0,-0.367007896683,0,0,0,0,760574.89,760574.89,0,0,-0.23942511
760574.89,0,0,2020-05-21,0,-0.367007896683,0,0,0,0,760574.89,760574.89,0,0,-0.23942511
760574.89,0,0,2020-05-22,0,-0.367007896683,0,0,0,0,760574.89,760574.89,0,0,-0.23942511
760574.89,0,0,2020-05-25,0,-0.367007896683,0,0,0,0,760574.89,760574.89,0,0,-0.23942511
760574.89,0,0,2020-05-26,0,-0.367007896683,0,0,0,0,760574.89,760574.89,0,0,-0.23942511
760574.89,0,0,2020-05-27,0,-0.367007896683,0,0,0,0,760574.89,760574.89,0,0,-0.23942511
760574.89,0,0,2020-05-28,0,-0.367007896683,0,0,0,0,760574.89,760574.89,0,0,-0.23942511
760574.89,0,0,2020-05-29,0,-0.367007896683,0,0,0,0,760574.89,760574.89,0,0,-0.23942511
760574.89,0,0,2020-06-01,0,-0.367007896683,0,0,0,0,760574.89,760574.89,0,0,-0.23942511
760574.89,0,0,2020-06-02,0,-0.367007896683,0,0,0,0,760574.89,760574.89,0,0,-0.23942511
760574.89,0,0,2020-06-03,0,-0.367007896683,0,0,0,0,760574.89,760574.89,0,0,-0.23942511
72706.49,4102,-0.00981967732329,2020-06-04,0,-0.373223674886,-3366.6,3,0,680399.8,753106.29,760574.89,0,0,-0.24689371
72706.49,0,0.0155033893025,2020-06-05,0,-0.363506517512,0,3,11675.7,692075.5,764781.99,753106.29,0,0,-0.23521801
72706.49,0,-0.0639913081635,2020-06-08,0,-0.404236568094,0,3,-48939.4,643136.1,715842.59,764781.99,0,0,-0.28415741
72706.49,0,-0.0233600937323,2020-06-09,0,-0.418153657706,0,3,-16722.15,626413.95,699120.44,715842.59,0,0,-0.30087956
72706.49,0,0.0314729032955,2020-06-10,0,-0.399841264042,0,3,22003.35,648417.3,721123.79,699120.44,0,0,-0.27887621
255726.49,1666,-0.0299859750848,2020-06-11,0,-0.417837608945,159,3,-20116.6,443773.7,699500.19,721123.79,0,0,-0.30049981
42896.49,1290,0.0225707587013,2020-06-12,0,-0.404697762092,15754,4,1324.25,672391.95,715288.44,699500.19,0,0,-0.28471156
44782.49,34,0.0016261272166,2020-06-15,0,-0.403729724921,22.4,3,1174.75,671669.1,716451.59,715288.44,0,0,-0.28354841
266124.49,2012,0.0158111171196,2020-06-16,0,-0.394302025766,-4652.4,2,17992.3,461655,727779.49,716451.59,0,0,-0.27222051
61917.49,1223,0.010606784206,2020-06-17,0,-0.38787751806,196.25,3,8746.15,673581.4,735498.89,727779.49,0,0,-0.26450111
61917.49,0,-0.00281210485579,2020-06-18,0,-0.389598870664,0,3,-2068.3,671513.1,733430.59,735498.89,0,0,-0.26656941
61917.49,0,-0.0200875859296,2020-06-19,0,-0.401860355801,0,3,-14732.85,656780.25,718697.74,733430.59,0,0,-0.28130226
240400.49,1628,-0.000855992673638,2020-06-22,0,-0.402372358954,-1602.5,3,2615.3,477682.05,718082.54,718697.74,0,0,-0.28191746
90132.99,905,-0.0432246270742,2020-06-23,0,-0.428204590867,-4802,4,-25331.85,596910.7,687043.69,718082.54,0,0,-0.31295631
90193.59,21,0.00982775927976,2020-06-24,0,-0.422585123229,-3.6,4,6776.7,603602.2,693795.79,687043.69,0,0,-0.30620421
90193.59,0,0.0445654188821,2020-06-29,0,-0.396852387377,0,4,30919.3,634521.5,724715.09,693795.79,0,0,-0.27528491
90195.54,21,0.028396262592,2020-06-30,0,-0.379725249387,-0.5,4,20600.7,655098.75,745294.29,724715.09,0,0,-0.25470571
90294.54,21,0.00753829738854,2020-07-01,0,-0.375049433855,0,3,5639.25,660618,750912.54,745294.29,0,0,-0.24908746
90294.54,0,0.0323831987145,2020-07-02,0,-0.354811535484,0,3,24316.95,684934.95,775229.49,750912.54,0,0,-0.22477051
90294.54,0,0.0288819637137,2020-07-03,0,-0.336177225664,0,3,22390.15,707325.1,797619.64,775229.49,0,0,-0.20238036
90294.54,0,0.0650509433293,2020-07-06,1015.81,-0.29299492799,0,3,50870.1,758195.2,849505.55,797619.64,1015.81,0,-0.15049445
90294.54,0,0.0884844130801,2020-07-07,0,-0.230435999148,0,3,75168,833363.2,924673.55,849505.55,1015.81,0,-0.07532645
90294.54,0,0.05575751572,2020-07-08,0,-0.187527022273,0,3,51557.5,884920.7,976231.05,924673.55,1015.81,0,-0.02376895
90294.54,0,0.00896002027389,2020-07-09,0,-0.180247247921,0,3,8747.05,893667.75,984978.1,976231.05,1015.81,0,-0.0150219
90294.54,0,-0.0358430811812,2020-07-10,0,-0.209629712362,0,3,-35304.65,858363.1,949673.45,984978.1,1015.81,0,-0.05032655
90294.54,0,-0.00078379573526,2020-07-13,0,-0.210249201223,0,3,-744.35,857618.75,948929.1,949673.45,1015.81,0,-0.0510709
90294.54,0,-0.0169649133955,2020-07-14,0,-0.223647255128,0,3,-16098.5,841520.25,932830.6,948929.1,1015.81,0,-0.0671694
90294.54,0,-0.0437390775989,2020-07-15,0,-0.25760420808,0,3,-40801.15,800719.1,892029.45,932830.6,1015.81,0,-0.10797055
90294.54,0,-0.00534797365715,2020-07-16,0,-0.261574521218,0,3,-4770.55,795948.55,887258.9,892029.45,1015.81,0,-0.1127411
90294.54,0,-0.0220031041672,2020-07-17,0,-0.277822173948,0,3,-19522.45,776426.1,867736.45,887258.9,1015.81,0,-0.13226355
90294.54,0,-0.0613556109116,2020-07-20,0,-0.322131835652,0,3,-53240.5,723185.6,814495.95,867736.45,1015.81,0,-0.18550405
90294.54,0,0.00295851685941,2020-07-21,0,-0.320126351259,0,3,2409.7,725595.3,816905.65,814495.95,1015.81,0,-0.18309435
90294.54,0,0.033317923557,2020-07-22,0,-0.297474373002,0,3,27217.6,752812.9,844123.25,816905.65,1015.81,0,-0.15587675
90294.54,0,0.0185405389557,2020-07-23,4523,-0.284449169247,0,3,11127.5,756614.9,859773.75,844123.25,12864.31,0,-0.14022625
90294.54,0,-0.00910111526434,2020-07-24,0,-0.290961479836,0,3,-7824.9,749061.2,851948.85,859773.75,12593.11,0,-0.14805115
90294.54,0,-0.0383210799569,2020-07-27,0,-0.318132601659,0,3,-32647.6,716594.4,819301.25,851948.85,12412.31,0,-0.18069875
90294.54,0,-0.0542094864374,2020-07-28,0,-0.355096283142,0,3,-44413.9,672677.7,774887.35,819301.25,11915.11,0,-0.22511265
208470.74,1085,0.0471862135832,2020-07-29,0,-0.324665718617,-398.6,3,38047.6,590432.7,811451.35,774887.35,12547.91,0,-0.18854865
45309.74,981,0.0206848506691,2020-07-30,0,-0.310696529855,-1298.8,4,19064.55,770129.85,828236.1,811451.35,12796.51,0,-0.1717639
45576.54,22,-0.00973858782538,2020-07-31,0,-0.317409372238,0,3,-8043.85,761819.8,820170.25,828236.1,12773.91,0,-0.17982975
45576.54,0,-0.00486490457317,2020-08-03,0,-0.320730110504,0,3,-3990.05,757942.75,816180.2,820170.25,12660.91,0,-0.1838198
45576.54,0,0.0572124268636,2020-08-04,0,-0.281867431631,0,3,46695.65,804344.6,862875.85,816180.2,12954.71,0,-0.13712415
45576.54,0,0.0269245569916,2020-08-05,0,-0.262532030366,0,3,23232.55,827328.55,886108.4,862875.85,13203.31,0,-0.1138916
45576.54,0,0.0234378209257,2020-08-06,0,-0.245247388156,0,3,20768.45,847984,906876.85,886108.4,13316.31,0,-0.09312315
46592.35,0,-0.00623866404794,2020-08-07,0,-0.24995603614,0,3,-5657.7,842371.5,901219.15,906876.85,12255.3,0,-0.09878085
46592.35,0,0.0377621802644,2020-08-10,0,-0.221632740771,0,3,34032,875951.5,935251.15,901219.15,12707.3,0,-0.06474885
46592.35,0,0.0107050924236,2020-08-11,0,-0.213300247321,0,3,10011.95,885895.65,945263.1,935251.15,12775.1,0,-0.0547369
46592.35,0,-0.00779074101168,2020-08-12,0,-0.219429221348,0,3,-7364.3,878305.35,937898.8,945263.1,13001.1,0,-0.0621012
186911.95,1282,0.0231258425749,2020-08-13,0,-0.201377864403,920.8,3,22050.9,759811.05,959588.5,937898.8,12865.5,0,-0.0404115
51111.95,800,0.0410151851549,2020-08-14,0,-0.168622229642,9000,4,31157.7,934833.15,998946.2,959588.5,13001.1,0,-0.0010538
51242.95,21,0.0732974908959,2020-08-17,0,-0.107684325088,6,3,73235.25,1007086.2,1072166.45,998946.2,13837.3,0,0.07216645
51242.95,0,0.035639615472,2020-08-18,0,-0.0758825375549,0,3,38211.6,1045117,1110378.05,1072166.45,14018.1,0,0.11037805
51242.95,0,-0.0368659574998,2020-08-19,0,-0.10995101265,0,3,-40935.15,1004340.05,1069442.9,1110378.05,13859.9,0,0.0694429
51242.95,0,-0.0431008051014,2020-08-20,0,-0.148312840585,0,3,-46093.85,958540,1023349.05,1069442.9,13566.1,0,0.02334905
51242.95,0,0.0464162252361,2020-08-21,0,-0.108780737563,0,3,47500,1006040,1070849.05,1023349.05,13566.1,0,0.07084905
51242.95,0,0.029470073303,2020-08-24,0,-0.0825164405694,0,3,31558,1036694,1102407.05,1070849.05,14470.1,0,0.10240705
51242.95,0,0.0259005056254,2020-08-25,0,-0.0587531524772,0,3,28552.9,1065201.7,1130959.95,1102407.05,14515.3,0,0.13095995
51242.95,0,-0.0101110123307,2020-08-26,0,-0.0682701109587,0,3,-11435.15,1053924.75,1119524.8,1130959.95,14357.1,0,0.1195248
51242.95,0,0.00337326158384,2020-08-27,0,-0.0651271423175,0,3,3776.45,1057678.6,1123301.25,1119524.8,14379.7,0,0.12330125
55769.05,0,0.0478735779917,2020-08-28,0,-0.0203714336529,0,3,53776.45,1121308.65,1177077.7,1123301.25,0,0,0.1770777
177919.05,1100,0.0413659608028,2020-08-31,0,0,2750,2,47040.95,1047849.6,1225768.65,1177077.7,0,0,0.22576865
32831.55,871,-0.00883804623328,2020-09-01,0,-0.00883804623328,-5409.5,3,-4552.9,1182103.7,1214935.25,1225768.65,0,0,0.21493525
32831.55,0,0.0762035260727,2020-09-02,0,0,0,3,92582.35,1274686.05,1307517.6,1214935.25,0,0,0.3075176
393652.05,3257,0.0165826066127,2020-09-03,0,0,695.25,3,24243.8,935547.6,1329199.65,1307517.6,0,0,0.32919965
94125.05,1851,0.00225316038866,2020-09-04,0,0,8423.4,3,-3577.5,1238069.5,1332194.55,1329199.65,0,0,0.33219455
94125.05,0,-0.0805013802226,2020-09-07,0,-0.0805013802226,0,3,-107243.5,1130826,1224951.05,1332194.55,0,0,0.22495105
94125.05,0,-0.0456044753788,2020-09-08,0,-0.122434632389,0,3,-55863.25,1074962.75,1169087.8,1224951.05,0,0,0.1690878
350590.05,2324,0.0036306084111,2020-09-09,0,-0.119248536184,1487,2,5081.5,822742.25,1173332.3,1169087.8,0,0,0.1733323
63147.05,1693,-0.0157184797521,2020-09-10,0,-0.133092610235,20250,3,-37000,1091742.25,1154889.3,1173332.3,0,0,0.1548893
675631.05,5516,-0.0292149212916,2020-09-11,0,-0.158419241394,35000,2,-63224,445518.25,1121149.3,1154889.3,0,0,0.1211493
511333.35,988,-0.0122842693654,2020-09-14,0,-0.168757446125,0,3,-12784.5,596043.45,1107376.8,1121149.3,0,0,0.1073768
511333.35,0,-0.0337477722127,2020-09-15,0,-0.196810030487,0,3,-37371.5,558671.95,1070005.3,1107376.8,0,0,0.0700053
759102.35,2231,-0.0233930616979,2020-09-16,0,-0.215599102999,-4500,2,-18299.7,285872.25,1044974.6,1070005.3,0,0,0.0449746
442310.35,1867,0.010029095444,2020-09-17,0,-0.207732271536,8125,3,4222.15,613144.4,1055454.75,1044974.6,0,0,0.05545475
442310.35,0,0.00504536077932,2020-09-18,0,-0.203734995013,0,3,5325.15,618469.55,1060779.9,1055454.75,0,0,0.0607799
442310.35,0,-0.00182724050484,2020-09-21,0,-0.205189962682,0,3,-1938.3,616531.25,1058841.6,1060779.9,0,0,0.0588416
442310.35,0,-0.00449505383997,2020-09-22,0,-0.208762676593,0,3,-4759.55,611771.7,1054082.05,1058841.6,0,0,0.05408205
442310.35,0,0.034616375452,2020-09-23,0,-0.181372908334,0,3,36488.5,648260.2,1090570.55,1054082.05,0,0,0.09057055
442310.35,0,-0.00988134146846,2020-09-24,0,-0.189462042162,0,3,-10776.3,637483.9,1079794.25,1090570.55,0,0,0.07979425
442310.35,0,-0.0363650760318,2020-09-25,0,-0.218937316625,0,3,-39266.8,598217.1,1040527.45,1079794.25,0,0,0.04052745
442310.35,0,0.00376626296596,2020-09-28,0,-0.215995629167,0,3,3918.9,602136,1044446.35,1040527.45,0,0,0.04444635
442310.35,0,0.0143135164386,2020-09-29,0,-0.204773769717,0,3,14949.7,617085.7,1059396.05,1044446.35,0,0,0.05939605
591247.65,1361,-0.0036699211782,2020-09-30,0,-0.207692187301,-7000,2,4473.1,464260.5,1055508.15,1059396.05,0,0,0.05550815
279581.65,1856,-0.00355733870932,2020-10-05,0,-0.210510694553,7201.2,3,-9100,772171.7,1051753.35,1055508.15,0,0,0.05175335
279581.65,0,0.0317712322951,2020-10-06,0,-0.185427646435,0,3,33415.5,805587.2,1085168.85,1051753.35,0,0,0.08516885
279581.65,0,0.0158596517031,2020-10-07,0,-0.17250881262,0,3,17210.4,822797.6,1102379.25,1085168.85,0,0,0.10237925
279581.65,0,-0.00397630851633,2020-10-08,0,-0.175799172876,0,3,-4383.4,818414.2,1097995.85,1102379.25,0,0,0.09799585
279581.65,0,-0.0135926743257,2020-10-12,0,-0.187002266298,0,3,-14924.7,803489.5,1083071.15,1097995.85,0,0,0.08307115
279581.65,0,-0.0112325030539,2020-10-13,0,-0.196134265825,0,3,-12165.6,791323.9,1070905.55,1083071.15,0,0,0.07090555
279581.65,0,0.0732144398729,2020-10-14,0,-0.137279686364,0,3,78405.75,869729.65,1149311.3,1070905.55,0,0,0.1493113
279581.65,0,0.0354154266124,2020-10-15,0,-0.106726078409,0,3,40703.35,910433,1190014.65,1149311.3,0,0,0.19001465
279581.65,0,-0.0438620650595,2020-10-16,0,-0.145906917274,0,3,-52196.5,858236.5,1137818.15,1190014.65,0,0,0.13781815
279581.65,0,0.00594980841183,2020-10-19,0,-0.140825227066,0,3,6769.8,865006.3,1144587.95,1137818.15,0,0,0.14458795
279581.65,0,-0.00535419755205,2020-10-20,0,-0.145425418532,0,3,-6128.35,858877.95,1138459.6,1144587.95,0,0,0.1384596
279581.65,0,-0.0224156834375,2020-10-21,0,-0.164581291824,0,3,-25519.35,833358.6,1112940.25,1138459.6,0,0,0.11294025
279581.65,0,0.00130622466031,2020-10-22,0,-0.163490047306,0,3,1453.75,834812.35,1114394,1112940.25,0,0,0.114394
279581.65,0,-0.00165367903991,2020-10-23,0,-0.164873366281,0,3,-1842.85,832969.5,1112551.15,1114394,0,0,0.11255115
279581.65,0,-0.0140589491099,2020-10-26,0,-0.176614369125,0,3,-15641.3,817328.2,1096909.85,1112551.15,0,0,0.09690985
279581.65,0,-0.0353353103721,2020-10-27,0,-0.205708955948,0,3,-38759.65,778568.55,1058150.2,1096909.85,0,0,0.0581502
279581.65,0,-0.0117695484063,2020-10-28,0,-0.21505740284,0,3,-12453.95,766114.6,1045696.25,1058150.2,0,0,0.04569625
279581.65,0,0.0180388425415,2020-10-29,0,-0.200897946925,0,3,18863.15,784977.75,1064559.4,1045696.25,0,0,0.0645594
279581.65,0,-0.018088375341,2020-10-30,0,-0.215352404797,0,3,-19256.15,765721.6,1045303.25,1064559.4,0,0,0.04530325
279581.65,0,-0.00934618733846,2020-11-02,0,-0.222685868216,0,3,-9769.6,755952,1035533.65,1045303.25,0,0,0.03553365
279581.65,0,0.0369742209729,2020-11-03,0,-0.193945283743,0,3,38288.05,794240.05,1073821.7,1035533.65,0,0,0.0738217
279581.65,0,-0.00503412251773,2020-11-04,0,-0.19800306194,0,3,-5405.75,788834.3,1068415.95,1073821.7,0,0,0.06841595
279581.65,0,-0.00437722780159,2020-11-05,0,-0.201513585234,0,3,-4676.7,784157.6,1063739.25,1068415.95,0,0,0.06373925
279581.65,0,0.0246444793684,2020-11-06,0,-0.18183530326,0,3,26215.3,810372.9,1089954.55,1063739.25,0,0,0.08995455
279581.65,0,0.0254678509301,2020-11-09,0,-0.160998406727,0,3,27758.8,838131.7,1117713.35,1089954.55,0,0,0.11771335
279581.65,0,-0.0277841809799,2020-11-10,0,-0.184309378837,0,3,-31054.75,807076.95,1086658.6,1117713.35,0,0,0.0866586
279581.65,0,-0.0187097861279,2020-11-11,0,-0.199570775905,0,3,-20331.15,786745.8,1066327.45,1086658.6,0,0,0.06632745
279581.65,0,-0.0157719844875,2020-11-12,0,-0.212195133211,0,3,-16818.1,769927.7,1049509.35,1066327.45,0,0,0.04950935
279581.65,0,0.00959395931061,2020-11-13,0,-0.204636965374,0,3,10068.95,779996.65,1059578.3,1049509.35,0,0,0.0595783
279581.65,0,-0.00755626082565,2020-11-16,0,-0.210646935915,0,3,-8006.45,771990.2,1051571.85,1059578.3,0,0,0.05157185
279581.65,0,0.00632643409007,2020-11-17,0,-0.205653145781,0,3,6652.7,778642.9,1058224.55,1051571.85,0,0,0.05822455
279581.65,0,-0.00258376164114,2020-11-18,0,-0.207705548713,0,3,-2734.2,775908.7,1055490.35,1058224.55,0,0,0.05549035
279581.65,0,0.0128382509608,2020-11-19,0,-0.197533873712,0,3,13550.65,789459.35,1069041,1055490.35,0,0,0.069041
279581.65,0,0.0273543297217,2020-11-20,0,-0.175582950703,0,3,29242.9,818702.25,1098283.9,1069041,0,0,0.0982839
279581.65,0,0.0311409008181,2020-11-23,0,-0.149909861139,0,3,34201.55,852903.8,1132485.45,1098283.9,0,0,0.13248545
279581.65,0,0.0358485400408,2020-11-24,0,-0.119435370757,0,3,40597.95,893501.75,1173083.4,1132485.45,0,0,0.1730834
279581.65,0,0.0419194406809,2020-11-25,0,-0.082522594016,0,3,49175,942676.75,1222258.4,1173083.4,0,0,0.2222584
279581.65,0,-0.0152373671558,2020-11-26,0,-0.0965025341081,0,3,-18624,924052.75,1203634.4,1222258.4,0,0,0.2036344
279581.65,0,0.0199657803067,2020-11-27,0,-0.0784635021964,0,3,24031.5,948084.25,1227665.9,1203634.4,0,0,0.2276659
279581.65,0,-0.0130373011094,2020-11-30,0,-0.0904778510016,0,3,-16005.45,932078.8,1211660.45,1227665.9,0,0,0.21166045
279581.65,0,-0.00140872799801,2020-12-01,0,-0.0917591203177,0,3,-1706.9,930371.9,1209953.55,1211660.45,0,0,0.20995355
420423.65,1287,-0.0164930298357,2020-12-02,0,-0.106738764244,1929,3,-20597.8,769574.1,1189997.75,1209953.55,0,0,0.18999775
88739.67,1984,-0.0557215171205,2020-12-03,0,-0.156512635486,-16289.175,4,-48035.3,1034949.6,1123689.27,1189997.75,0,0,0.12368927
88941.8,22,-0.00794322793525,2020-12-04,0,-0.163212647882,3.575,4,-8907.3,1025821.75,1114763.55,1123689.27,0,0,0.11476355
89187.6,22,0.0135832840964,2020-12-07,0,-0.15184632755,1.3,4,15162.85,1040718.1,1129905.7,1114763.55,0,0,0.1299057
89585.6,23,-0.00433005161404,2020-12-08,0,-0.155518876729,-7,4,-4862.55,1035427.55,1125013.15,1129905.7,0,0,0.12501315
89586.13,21,0.0269817112804,2020-12-09,0,-0.132733330879,0.825,4,30374.95,1065781.8,1155367.93,1125013.15,0,0,0.15536793
89627.16,21,-0.0167109277475,2020-12-10,0,-0.147226161524,0.825,4,-19287.1,1046433.5,1136060.66,1155367.93,0,0,0.13606066
89966.41,23,-0.00550212697269,2020-12-11,0,-0.151918231463,-7.65,4,-6220.1,1039843.5,1129809.91,1136060.66,0,0,0.12980991
90586.44,24,0.0395444663784,2020-12-14,0,-0.11838129048,-6.975,4,44708.7,1083901.2,1174487.64,1129809.91,0,0,0.17448764
90628.37,21,-0.0257390277858,2020-12-15,0,-0.141073298941,1.575,4,-30210.75,1053629.1,1144257.47,1174487.64,0,0,0.14425747
90775.37,21,0.0155202395139,2020-12-16,0,-0.127742550816,-3.6,4,17783.75,1071241.25,1162016.62,1144257.47,0,0,0.16201662
91065.37,22,-0.000159679299596,2020-12-17,0,-0.127881832274,-1.5,4,-162.05,1070765.7,1161831.07,1162016.62,0,0,0.16183107
511404.85,3806,-0.000180852453877,2020-12-18,0,-0.128039556985,1624.875,3,1971,650216.1,1161620.95,1161831.07,0,0,0.16162095
149690.85,2152,0.0136856605418,2020-12-21,0,-0.116106202356,5623.2,4,12426.35,1027827.65,1177518.5,1161620.95,0,0,0.1775185
149755.65,21,-0.0192746440926,2020-12-22,0,-0.133142940721,3,3,-22678.25,1005066.6,1154822.25,1177518.5,0,0,0.15482225
149755.65,0,0.0552802823118,2020-12-23,0,-0.0852228377604,0,3,63838.9,1068905.5,1218661.15,1154822.25,0,0,0.21866115
149755.65,0,0.0412071066678,2020-12-24,0,-0.0475275176587,0,3,50217.5,1119123,1268878.65,1218661.15,0,0,0.26887865
149755.65,0,-0.0312621699482,2020-12-25,0,-0.0773038742727,0,3,-39667.9,1079455.1,1229210.75,1268878.65,0,0,0.22921075
149755.65,0,0.000522937177372,2020-12-28,0,-0.0768213621652,0,3,642.8,1080097.9,1229853.55,1229210.75,0,0,0.22985355
149755.65,0,-0.0127925800596,2020-12-29,0,-0.088631198799,0,3,-15733,1064364.9,1214120.55,1229853.55,0,0,0.21412055
149755.65,0,0.00465093849206,2020-12-30,0,-0.084392478561,0,3,5646.8,1070011.7,1219767.35,1214120.55,0,0,0.21976735
149755.65,0,0.00566083360077,2020-12-31,0,-0.0792093767386,0,3,6904.9,1076916.6,1226672.25,1219767.35,0,0,0.22667225
511892.65,3281,0.0463897345032,2021-01-04,0,-0.0364941441924,-10132.2,2,70318.2,771684.6,1283577.25,1226672.25,0,0,0.28357725
138581.2,2217,-0.0130639975116,2021-01-05,0,-0.0490813822951,-6020.65,3,-8531,1128227.4,1266808.6,1283577.25,0,0,0.2668086
138581.2,0,-0.0397964617544,2021-01-06,0,-0.0869245786961,0,3,-50414.5,1077812.9,1216394.1,1266808.6,0,0,0.2163941
138581.2,0,-0.01375504041,2021-01-07,0,-0.0994839680135,0,3,-16731.55,1061081.35,1199662.55,1216394.1,0,0,0.19966255
138581.2,0,0.0208484460901,2021-01-08,0,-0.0807096080674,0,3,25011.1,1086092.45,1224673.65,1199662.55,0,0,0.22467365
138581.2,0,0.0667595812158,2021-01-11,0,-0.0193381664863,0,3,81758.7,1167851.15,1306432.35,1224673.65,0,0,0.30643235
138581.2,0,-0.0508126578464,2021-01-12,0,-0.0691682006956,0,3,-66383.3,1101467.85,1240049.05,1306432.35,0,0,0.24004905
138581.2,0,-0.0324842795533,2021-01-13,0,-0.0994056010813,0,3,-40282.1,1061185.75,1199766.95,1240049.05,0,0,0.19976695
461351.1,2926,0.00819813381257,2021-01-14,0,-0.0920224076881,-5502.7,3,18264.55,748251.7,1209602.8,1199766.95,0,0,0.2096028
151749.9,1848,-0.0424009848522,2021-01-15,0,-0.130521551826,-7972.8,4,-41467.55,1006564.55,1158314.45,1209602.8,0,0,0.15831445
151972.4,22,-0.0426597458056,2021-01-18,0,-0.167613281408,-6,4,-49385.4,956928.65,1108901.05,1158314.45,0,0,0.10890105
152207.3,22,0.00143245423025,2021-01-19,0,-0.166420925532,0,3,1610.45,958282.2,1110489.5,1108901.05,0,0,0.1104895
152207.3,0,-0.054887821992,2021-01-20,0,-0.212174265388,0,3,-60952.35,897329.85,1049537.15,1110489.5,0,0,0.04953715
152207.3,0,-0.00133439773904,2021-01-21,0,-0.213225538267,0,3,-1400.5,895929.35,1048136.65,1049537.15,0,0,0.04813665
152207.3,0,0.0269168624148,2021-01-22,0,-0.192048038329,0,3,28212.55,924141.9,1076349.2,1048136.65,0,0,0.0763492
152207.3,0,-0.00259683381564,2021-01-25,0,-0.194146155304,0,3,-2795.1,921346.8,1073554.1,1076349.2,0,0,0.0735541
152207.3,0,-0.029131275266,2021-01-26,0,-0.217621705478,0,3,-31274,890072.8,1042280.1,1073554.1,0,0,0.0422801
421871.9,2435,0.0100834698849,2021-01-27,0,-0.209732617507,-1445.2,3,14390,630918,1052789.9,1042280.1,0,0,0.0527899
561921.9,3895,-0.0283015633034,2021-01-28,0,-0.232098419859,-10542,2,-15358.6,461072.4,1022994.3,1052789.9,0,0,0.0229943
264320.15,1773,-0.0338197387806,2021-01-29,0,-0.258068650709,-16247.5,3,-16576.9,724076.75,988396.9,1022994.3,0,0,-0.0116031
264320.15,0,-0.0293980080269,2021-02-01,0,-0.279879954471,0,3,-29056.9,695019.85,959340,988396.9,0,0,-0.04066
264320.15,0,0.0119786519899,2021-02-02,0,-0.271253887054,0,3,11491.6,706511.45,970831.6,959340,0,0,-0.0291684
264320.15,0,0.0226138086152,2021-02-03,0,-0.254774161927,0,3,21954.2,728465.65,992785.8,970831.6,0,0,-0.0072142
264320.15,0,-0.0258633332588,2021-02-04,0,-0.27404818613,0,3,-25676.75,702788.9,967109.05,992785.8,0,0,-0.03289095
264320.15,0,0.00352193995083,2021-02-05,0,-0.271491427435,0,3,3406.1,706195,970515.15,967109.05,0,0,-0.02948485
264320.15,0,0.0415683876753,2021-02-17,0,-0.241208500665,0,3,40342.75,746537.75,1010857.9,970515.15,0,0,0.0108579
264320.15,0,0.0354097742126,2021-02-18,0,-0.214339864999,0,3,35794.25,782332,1046652.15,1010857.9,0,0,0.04665215
264320.15,0,0.0232589690854,2021-02-19,0,-0.196066220208,0,3,24344.05,806676.05,1070996.2,1046652.15,0,0,0.0709962
264320.15,0,0.0513404716095,2021-02-22,0,-0.154791880811,0,3,54985.45,861661.5,1125981.65,1070996.2,0,0,0.12598165
264320.15,0,0.0165533337066,2021-02-23,0,-0.140800868762,0,3,18638.75,880300.25,1144620.4,1125981.65,0,0,0.1446204
264320.15,0,-0.0524108254579,2021-02-24,0,-0.185832204463,0,3,-59990.5,820309.75,1084629.9,1144620.4,0,0,0.0846299
264320.15,0,-0.00359505117829,2021-02-25,0,-0.188759179356,0,3,-3899.3,816410.45,1080730.6,1084629.9,0,0,0.0807306
264320.15,0,0.0191132739278,2021-02-26,0,-0.173253711329,0,3,20656.3,837066.75,1101386.9,1080730.6,0,0,0.1013869
264320.15,0,-0.00252449888409,2021-03-02,0,-0.175340831412,0,3,-2780.45,834286.3,1098606.45,1101386.9,0,0,0.09860645
264320.15,0,-0.00233272797552,2021-03-03,0,-0.177264536925,0,3,-2562.75,831723.55,1096043.7,1098606.45,0,0,0.0960437
264320.15,0,-0.00252193411631,2021-03-04,0,-0.179339421558,0,3,-2764.15,828959.4,1093279.55,1096043.7,0,0,0.09327955
264320.15,0,-0.0282408099557,2021-03-05,0,-0.202515540992,0,3,-30875.1,798084.3,1062404.45,1093279.55,0,0,0.06240445
264320.15,0,0.00187461564191,2021-03-08,0,-0.201020564151,0,3,1991.6,800075.9,1064396.05,1062404.45,0,0,0.06439605
291689.15,246,-0.00626233064281,2021-03-09,0,-0.206024037555,-577.5,3,-5842.1,766041.3,1057730.45,1064396.05,0,0,0.05773045
316485.15,224,0.0136472387648,2021-03-10,0,-0.195188458022,180,3,14479.1,755680.4,1072165.55,1057730.45,0,0,0.07216555
331804.65,138,-0.000170542692777,2021-03-11,0,-0.19532571275,13.5,3,-58.3499999999,740178.05,1071982.7,1072165.55,0,0,0.0719827
351191.15,175,-0.00962730088834,2021-03-12,0,-0.20307255423,241.5,3,-10386.8,710471.25,1061662.4,1071982.7,0,0,0.0616624
637893.48,2609,0.0330350589792,2021-03-15,0,-0.176746009057,398.325,3,37282.75,458841,1096734.48,1061662.4,0,0,0.09673448
655424.96,175,0.0367300205607,2021-03-16,0,-0.146507873043,131.575,3,40326.5,481592.6,1137017.56,1096734.48,0,0,0.13701756
320193.49,2203,-0.0377241051581,2021-03-17,0,-0.178705099792,-4934.075,5,-35755.9,773931.1,1094124.59,1137017.56,0,0,0.09412459
343433.59,227,0.00856771713722,2021-03-18,0,-0.171668477401,-587.7,4,10188.85,760065.15,1103498.74,1094124.59,0,0,0.10349874
344315.02,27,-0.00254098160547,2021-03-19,0,-0.173773252563,-6.525,4,-2770.45,756379.75,1100694.77,1103498.74,0,0,0.10069477
345174.52,26,0.0122655257097,2021-03-22,0,-0.16363914715,9.1,4,13517.5,769020.85,1114195.37,1100694.77,0,0,0.11419537
345559.07,23,-0.00448161977194,2021-03-23,0,-0.167387398485,6.5,4,-4976.9,763642.9,1109201.97,1114195.37,0,0,0.10920197
346562.32,28,0.044684513137,2021-03-24,0,-0.130182509754,-1.65,4,49593.8,812203.8,1158766.12,1109201.97,0,0,0.15876612
347200.35,24,-0.022141456811,2021-03-25,0,-0.149441536148,1.575,3,-25634.35,785909,1133109.35,1158766.12,0,0,0.13310935
347200.35,0,0.00341185076268,2021-03-26,0,-0.146539557604,0,3,3866,789775,1136975.35,1133109.35,0,0,0.13697535
347200.35,0,0.00907825310373,2021-03-29,0,-0.138791627694,0,3,10321.75,800096.75,1147297.1,1136975.35,0,0,0.1472971
347200.35,0,0.027437967027,2021-03-30,0,-0.115161820772,0,3,31479.5,831576.25,1178776.6,1147297.1,0,0,0.1787766
347200.35,0,0.0563614004554,2021-03-31,0,-0.0652911018139,0,3,66437.5,898013.75,1245214.1,1178776.6,0,0,0.2452141
347200.35,0,-0.0376346927006,2021-04-01,0,-0.100468583962,0,3,-46863.25,851150.5,1198350.85,1245214.1,0,0,0.19835085
347200.35,0,0.0210263964014,2021-04-06,0,-0.0815546798326,0,3,25197,876347.5,1223547.85,1198350.85,0,0,0.22354785
347200.35,0,0.0271043751987,2021-04-07,0,-0.0566607932753,0,3,33163.5,909511,1256711.35,1223547.85,0,0,0.25671135
347200.35,0,0.0166704947799,2021-04-08,0,-0.0409348619539,0,3,20950,930461,1277661.35,1256711.35,0,0,0.27766135
347200.35,0,-0.0437365503778,2021-04-09,0,-0.0828810626796,0,3,-55880.5,874580.5,1221780.85,1277661.35,0,0,0.22178085
347200.35,0,-0.0500705588895,2021-04-12,0,-0.128801720439,0,3,-61175.25,813405.25,1160605.6,1221780.85,0,0,0.1606056
347200.35,0,-0.0412997748762,2021-04-13,0,-0.164782013258,0,3,-47932.75,765472.5,1112672.85,1160605.6,0,0,0.11267285
435544.85,796,-0.0521811060637,2021-04-14,0,-0.20836461161,5218.5,2,-62483,619067.5,1054612.35,1112672.85,0,0,0.05461235
129261.92,1816,0.0269235136494,2021-04-15,0,-0.187051005426,-1660.125,3,31870,953744.3,1083006.22,1054612.35,0,0,0.08300622
129261.92,0,0.0120449446726,2021-04-16,0,-0.177259079764,0,3,13044.75,966789.05,1096050.97,1083006.22,0,0,0.09605097
129261.92,0,-0.00783950768275,2021-04-19,0,-0.183708963529,0,3,-8592.5,958196.55,1087458.47,1096050.97,0,0,0.08745847
129261.92,0,0.0310956702558,2021-04-20,0,-0.158325846627,0,3,33815.25,992011.8,1121273.72,1087458.47,0,0,0.12127372
129261.92,0,0.0325861556802,2021-04-21,0,-0.130898921633,0,3,36538,1028549.8,1157811.72,1121273.72,0,0,0.15781172
129261.92,0,-0.0784948868889,2021-04-22,0,-0.199118912474,0,3,-90882.3,937667.5,1066929.42,1157811.72,0,0,0.06692942
129261.92,0,0.000278368929034,2021-04-23,0,-0.198895972064,0,3,297,937964.5,1067226.42,1066929.42,0,0,0.06722642
129261.92,0,0.0511956497479,2021-04-26,0,-0.157882930838,0,3,54637.35,992601.85,1121863.77,1067226.42,0,0,0.12186377
129261.92,0,0.00254932914003,2021-04-27,0,-0.155736097254,0,3,2860,995461.85,1124723.77,1121863.77,0,0,0.12472377
129261.92,0,-0.0266772613866,2021-04-28,0,-0.178258746067,0,3,-30004.55,965457.3,1094719.22,1124723.77,0,0,0.09471922
129261.92,0,0.0010760293402,2021-04-29,0,-0.177374528367,0,3,1177.95,966635.25,1095897.17,1094719.22,0,0,0.09589717
129261.92,0,-0.0493841954168,2021-05-03,0,-0.217999225413,0,3,-54120,912515.25,1041777.17,1095897.17,0,0,0.04177717
129261.92,0,-0.0284512857966,2021-05-04,0,-0.240248152944,0,3,-29639.9,882875.35,1012137.27,1041777.17,0,0,0.01213727
129261.92,0,0.0323879487216,2021-05-05,0,-0.215641349081,0,3,32781.05,915656.4,1044918.32,1012137.27,0,0,0.04491832
129261.92,0,-0.00822164741068,2021-05-06,0,-0.222090069352,0,3,-8590.95,907065.45,1036327.37,1044918.32,0,0,0.03632737
129261.92,0,0.0863408635053,2021-05-07,0,-0.154924654211,0,3,89477.4,996542.85,1125804.77,1036327.37,0,0,0.12580477
129261.92,0,0.0353473364658,2021-05-10,0,-0.125053491624,0,3,39794.2,1036337.05,1165598.97,1125804.77,0,0,0.16559897
129261.92,0,-0.00444732719693,2021-05-11,0,-0.128944665027,0,3,-5183.8,1031153.25,1160415.17,1165598.97,0,0,0.16041517
129261.92,0,-0.086656959164,2021-05-12,0,-0.204427671619,0,3,-100558.05,930595.2,1059857.12,1160415.17,0,0,0.05985712
583150.47,4121,-0.0547152053854,2021-05-13,0,-0.247957574965,-6786.65,3,-47082.65,418716.35,1001866.82,1059857.12,0,0,0.00186682
585066.67,55,-0.0411837174127,2021-05-14,0,-0.27892947768,109.3,3,-41314.9,375539.55,960606.22,1001866.82,0,0,-0.03939378
329571.02,1597,-0.0343947387724,2021-05-17,0,-0.303730509932,5510.25,3,-36953.05,597995.4,927566.42,960606.22,0,0,-0.07243358
329746.67,21,-0.00318715720649,2021-05-18,0,-0.305949630255,-9,2,-2926.3,594863.45,924610.12,927566.42,0,0,-0.07538988
71616.67,1522,-0.00573003678567,2021-05-19,0,-0.309926564405,3168,3,-6944.05,847695.4,919312.07,924610.12,0,0,-0.08068793
293779.42,2000,-0.0160828411619,2021-05-20,0,-0.321024905859,2050.75,2,-14835.9,610747.5,904526.92,919312.07,0,0,-0.09547308
46484.67,1459,-0.004070636173,2021-05-21,0,-0.323788766438,-14193.75,3,11970.75,854360.25,900844.92,904526.92,0,0,-0.09915508
253474.87,1878,0.0617662360798,2021-05-24,0,-0.282021743746,6318.8,3,51201,703011.85,956486.72,900844.92,0,0,-0.04351328
31268.97,1398,-0.0183184456549,2021-05-25,0,-0.295173989415,-12384.8,4,-3738.55,907696.4,938965.37,956486.72,0,0,-0.06103463
32961.87,33,0.0380703071083,2021-05-26,0,-0.268341046734,-20.9,3,35800.6,941750.2,974712.07,938965.37,0,0,-0.02528793
32961.87,0,0.0443955208229,2021-05-27,0,-0.235858666439,0,3,43272.85,985023.05,1017984.92,974712.07,0,0,0.01798492
32961.87,0,0.0209420587488,2021-05-28,0,-0.219855973739,0,3,21318.7,1006341.75,1039303.62,1017984.92,0,0,0.03930362
32961.87,0,-0.0513591495044,2021-05-31,0,-0.259923507419,0,3,-53377.75,952964,985925.87,1039303.62,0,0,-0.01407413
32961.87,0,0.0508695445835,2021-06-01,0,-0.222276153284,0,3,50153.6,1003117.6,1036079.47,985925.87,0,0,0.03607947
32961.87,0,0.0162996184067,2021-06-02,0,-0.209599551357,0,3,16887.7,1020005.3,1052967.17,1036079.47,0,0,0.05296717
32961.87,0,0.0274244067837,2021-06-03,0,-0.187923287931,0,3,28877,1048882.3,1081844.17,1052967.17,0,0,0.08184417
32961.87,0,-0.0589954189058,2021-06-04,0,-0.235832093743,0,3,-63823.85,985058.45,1018020.32,1081844.17,0,0,0.01802032
32961.87,0,-0.00697815147737,2021-06-07,0,-0.241164573147,0,3,-7103.9,977954.55,1010916.42,1018020.32,0,0,0.01091642
32961.87,0,0.0556483690313,2021-06-08,0,-0.19893661928,0,3,56255.85,1034210.4,1067172.27,1010916.42,0,0,0.06717227
32961.87,0,0.0100276218759,2021-06-09,0,-0.190903858599,0,3,10701.2,1044911.6,1077873.47,1067172.27,0,0,0.07787347
32961.87,0,0.00223685809801,2021-06-10,0,-0.189094025343,0,3,2411.05,1047322.65,1080284.52,1077873.47,0,0,0.08028452
32961.87,0,0.0726462321241,2021-06-11,0,-0.130184761678,0,3,78478.6,1125801.25,1158763.12,1080284.52,0,0,0.15876312
32961.87,0,0.0584303632308,2021-06-15,0,-0.0793611413588,0,3,67706.95,1193508.2,1226470.07,1158763.12,0,0,0.22647007
32961.87,0,0.0670907933367,2021-06-16,0,-0.017594749956,0,3,82284.85,1275793.05,1308754.92,1226470.07,0,0,0.30875492
32961.87,0,0.0436963018256,2021-06-17,0,0,0,3,57187.75,1332980.8,1365942.67,1308754.92,0,0,0.36594267
32961.87,0,0.0813791108817,2021-06-18,0,0,0,3,111159.2,1444140,1477101.87,1365942.67,0,0,0.47710187
32961.87,0,0.0654493112246,2021-06-21,0,0,0,3,96675.3,1540815.3,1573777.17,1477101.87,0,0,0.57377717
32961.87,0,0.041037639401,2021-06-22,0,0,0,3,64584.1,1605399.4,1638361.27,1573777.17,0,0,0.63836127
32961.87,0,-0.0733744151557,2021-06-23,0,-0.0733744151557,0,3,-120213.8,1485185.6,1518147.47,1638361.27,0,0,0.51814747
32961.87,0,0.0109692900914,2021-06-24,1589.7,-0.0632099903094,0,3,15063.3,1500248.9,1534800.47,1518147.47,1589.7,0,0.53480047
32961.87,0,0.0162643291346,2021-06-25,0,-0.0479737292618,0,3,24962.5,1525211.4,1559762.97,1534800.47,1589.7,0,0.55976297
32961.87,0,0.0562818208205,2021-06-28,0,0,0,3,87786.3,1612997.7,1647549.27,1559762.97,1589.7,0,0.64754927
32961.87,0,-0.0395154798618,2021-06-29,0,-0.0395154798618,0,3,-65103.7,1547894,1582445.57,1647549.27,1589.7,0,0.58244557
32961.87,0,0.0754151689401,2021-06-30,0,0,0,3,119340.4,1667234.4,1701785.97,1582445.57,1589.7,0,0.70178597
32961.87,0,0.0518120383846,2021-07-01,0,0,0,3,88173,1755407.4,1789958.97,1701785.97,1589.7,0,0.78995897
32961.87,0,-0.0194570940361,2021-07-02,0,-0.0194570940361,0,3,-34827.4,1720580,1755131.57,1789958.97,1589.7,0,0.75513157
32961.87,0,-0.0637648492643,2021-07-05,0,-0.081981264632,0,3,-111915.7,1608664.3,1643215.87,1755131.57,1589.7,0,0.64321587
32961.87,0,0.0417416246108,2021-07-06,0,-0.0436616711946,0,3,68590.5,1677254.8,1711806.37,1643215.87,1589.7,0,0.71180637
32961.87,0,-0.00915927190994,2021-07-07,0,-0.052421033986,0,3,-15678.9,1661575.9,1696127.47,1711806.37,1589.7,0,0.69612747
32961.87,0,0.0071089586209,2021-07-08,0,-0.0456847343266,0,3,12057.7,1673633.6,1708185.17,1696127.47,1589.7,0,0.70818517
32961.87,0,-0.0765028301938,2021-07-09,0,-0.118692553048,0,3,-130681,1542952.6,1577504.17,1708185.17,1589.7,0,0.57750417
32961.87,0,-0.00773113645715,2021-07-12,0,-0.125506061181,0,3,-12195.9,1530756.7,1565308.27,1577504.17,1589.7,0,0.56530827
32961.87,0,-0.0910821866417,2021-07-13,0,-0.205156881333,0,3,-142571.7,1388185,1422736.57,1565308.27,1589.7,0,0.42273657
209300.87,1597,-0.0397024306474,2021-07-14,0,-0.236714085128,-1062.4,3,-53826.7,1155359.9,1366250.47,1422736.57,1589.7,0,0.36625047
729510.87,7542,0.0637466569362,2021-07-15,0,-0.188057159768,-17936.6,3,112572.5,722243.8,1453344.37,1366250.47,1589.7,0,0.45334437
304606.42,2588,0.00971197899917,2021-07-16,0,-0.180171587955,18042.85,4,-1340,1162852.8,1467459.22,1453344.37,0,0,0.46745922
306638.02,36,0.0328391408383,2021-07-19,0,-0.153249127269,-8.4,4,48234.5,1209011.3,1515649.32,1467459.22,0,0,0.51564932
312124.97,61,-0.0362943784384,2021-07-20,0,-0.183981423887,198.25,3,-55146.8,1148514.8,1460639.77,1515649.32,0,0,0.46063977
312124.97,0,0.0178695668406,2021-07-21,0,-0.169399525398,0,3,26101,1174615.8,1486740.77,1460639.77,0,0,0.48674077
312124.97,0,-0.00267982158046,2021-07-22,0,-0.171625386475,0,3,-3984.2,1170631.6,1482756.57,1486740.77,0,0,0.48275657
312124.97,0,-0.0125702359896,2021-07-23,0,-0.182038250854,0,3,-18638.6,1151993,1464117.97,1482756.57,0,0,0.46411797
312124.97,0,0.00646355020149,2021-07-26,0,-0.176751314026,0,3,9463.4,1161456.4,1473581.37,1464117.97,0,0,0.47358137
312124.97,0,-0.0354104639637,2021-07-27,0,-0.205902931954,0,3,-52180.2,1109276.2,1421401.17,1473581.37,0,0,0.42140117
312124.97,0,-0.0237365781822,2021-07-28,0,-0.224752079094,0,3,-33739.2,1075537,1387661.97,1421401.17,0,0,0.38766197
472730.57,1464,0.0681560798268,2021-07-29,0,-0.171914219911,-2441.6,3,98483.2,1009509,1482239.57,1387661.97,0,0,0.48223957
40137.17,2619,-0.0202284101753,2021-07-30,0,-0.188665078731,-19439.35,4,-7925,1412119.05,1452256.22,1482239.57,0,0,0.45225622
41604.75,31,0.0418589221122,2021-08-02,0,-0.154703473454,-26.325,4,60847.2,1471441.35,1513046.1,1452256.22,0,0,0.5130461
42174.38,24,-0.00867559157649,2021-08-03,0,-0.16203692088,-0.375,4,-13102.2,1457745.15,1499919.53,1513046.1,0,0,0.49991953
42854.43,26,-0.0386407729487,2021-08-04,0,-0.194416461959,7.65,4,-57939.7,1399107.05,1441961.48,1499919.53,0,0,0.44196148
44037.53,29,0.00951096835125,2021-08-05,0,-0.186754582425,12.4,4,13731.05,1411638.4,1455675.93,1441961.48,0,0,0.45567593
44993.03,27,-0.01917088785,2021-08-06,0,-0.20234521912,7.5,3,-27887.1,1382776.3,1427769.33,1455675.93,0,0,0.42776933
44993.03,0,-0.0409914254146,2021-08-09,0,-0.235042225577,0,3,-58526.3,1324250,1369243.03,1427769.33,0,0,0.36924303
44993.03,0,-0.0376475168181,2021-08-10,0,-0.263840986255,0,3,-51548.6,1272701.4,1317694.43,1369243.03,0,0,0.31769443
44993.03,0,-0.0190806756313,2021-08-11,0,-0.277887397609,0,3,-25142.5,1247558.9,1292551.93,1317694.43,0,0,0.29255193
44993.03,0,0.0137120216129,2021-08-12,0,-0.267985773998,0,3,17723.5,1265282.4,1310275.43,1292551.93,0,0,0.31027543
44993.03,0,-0.0452390380242,2021-08-13,0,-0.301101393402,0,3,-59275.6,1206006.8,1250999.83,1310275.43,0,0,0.25099983
44993.03,0,0.00439192705566,2021-08-16,0,-0.298031881703,0,3,5494.3,1211501.1,1256494.13,1250999.83,0,0,0.25649413
44993.03,0,-0.0336491424755,2021-08-17,0,-0.321652506929,0,3,-42279.95,1169221.15,1214214.18,1256494.13,0,0,0.21421418
44993.03,0,0.0950865604287,2021-08-18,0,-0.257150777037,0,3,115455.45,1284676.6,1329669.63,1214214.18,0,0,0.32966963
44993.03,0,-0.0344341172927,2021-08-19,0,-0.282730134311,0,3,-45786,1238890.6,1283883.63,1329669.63,0,0,0.28388363
44993.03,0,0.0807747661679,2021-08-20,0,-0.224792828631,0,3,103705.4,1342596,1387589.03,1283883.63,0,0,0.38758903
483841.03,3952,0.0446917989832,2021-08-23,0,-0.190147425558,-11536,2,77501.85,965761.85,1449602.88,1387589.03,0,0,0.44960288
483841.03,0,0.0192187118171,2021-08-24,0,-0.174583102315,0,2,27859.5,993621.35,1477462.38,1449602.88,0,0,0.47746238
483841.03,0,-0.00590055633092,2021-08-25,0,-0.179453521217,0,2,-8717.85,984903.5,1468744.53,1477462.38,0,0,0.46874453
242143.28,1440,-0.00388872937624,2021-08-26,0,-0.182644404413,262.75,3,-4534.3,1220889.7,1463032.98,1468744.53,0,0,0.46303298
242143.28,0,-0.0181293247402,2021-08-27,0,-0.197462509434,0,3,-26523.8,1194365.9,1436509.18,1463032.98,0,0,0.43650918
242143.28,0,0.0761356081275,2021-08-30,0,-0.136360829545,0,3,109369.5,1303735.4,1545878.68,1436509.18,0,0,0.54587868
242143.28,0,0.00837769494305,2021-08-31,0,-0.129125524034,0,3,12950.9,1316686.3,1558829.58,1545878.68,0,0,0.55882958
242143.28,0,0.0399629958267,2021-09-01,0,-0.0943227709851,0,3,62295.5,1378981.8,1621125.08,1558829.58,0,0,0.62112508
242143.28,0,0.0835005279173,2021-09-02,0,-0.0186982442396,0,3,135364.8,1514346.6,1756489.88,1621125.08,0,0,0.75648988
242143.28,0,0.00519328355026,2021-09-03,0,-0.0136020659736,0,3,9121.95,1523468.55,1765611.83,1756489.88,0,0,0.76561183
242143.28,0,-0.0309101916246,2021-09-06,0,-0.0440918151325,0,3,-54575.4,1468893.15,1711036.43,1765611.83,0,0,0.71103643
242143.28,0,-0.0575801299567,2021-09-07,0,-0.0991331326438,0,3,-98521.7,1370371.45,1612514.73,1711036.43,0,0,0.61251473
242143.28,0,-0.0137264172464,2021-09-08,0,-0.111498807149,0,3,-22134.05,1348237.4,1590380.68,1612514.73,0,0,0.59038068
242143.28,0,0.0292873590492,2021-09-09,0,-0.085476953698,0,3,46578.05,1394815.45,1636958.73,1590380.68,0,0,0.63695873
242143.28,0,0.00572903875225,2021-09-10,0,-0.0802376157259,0,3,9378.2,1404193.65,1646336.93,1636958.73,0,0,0.64633693
242143.28,0,-0.0106986302008,2021-09-13,0,-0.0900778133479,0,3,-17613.55,1386580.1,1628723.38,1646336.93,0,0,0.62872338
242143.28,0,0.0189175954483,2021-09-14,1701.48,-0.0728642735314,0,3,29110.05,1415690.15,1659534.91,1628723.38,1701.48,0,0.65953491
242143.28,0,0.0304118037505,2021-09-15,0,-0.0446684037679,0,3,50469.45,1466159.6,1710004.36,1659534.91,1701.48,0,0.71000436
242143.28,0,-0.00406077911988,2021-09-16,0,-0.0485477943665,0,3,-6943.95,1459215.65,1703060.41,1710004.36,1701.48,0,0.70306041
242143.28,0,0.0130811860044,2021-09-17,0,-0.0361016710903,0,3,22278.05,1481493.7,1725338.46,1703060.41,1701.48,0,0.72533846
242143.28,0,-0.0401976201238,2021-09-22,0,-0.0748480899537,0,3,-69354.5,1412139.2,1655983.96,1725338.46,1701.48,0,0.65598396
242143.28,0,0.0324912869325,2021-09-23,0,-0.0447887137882,0,3,53805.05,1465944.25,1709789.01,1655983.96,1701.48,0,0.70978901
242143.28,0,0.0291142648063,2021-09-24,0,-0.0169784394555,0,3,49779.25,1515723.5,1759568.26,1709789.01,1701.48,0,0.75956826
242143.28,0,-0.0215859201734,2021-09-27,0,-0.0381978643902,0,3,-37981.9,1477741.6,1721586.36,1759568.26,1701.48,0,0.72158636
242143.28,0,-0.0119433450902,2021-09-28,0,-0.0496849992042,0,3,-20561.5,1457180.1,1701024.86,1721586.36,1701.48,0,0.70102486
242143.28,0,-0.057798332236,2021-09-29,0,-0.104611621349,0,3,-98316.4,1358863.7,1602708.46,1701024.86,1701.48,0,0.60270846
242143.28,0,0.0313471234812,2021-09-30,0,-0.0765437712799,0,3,50240.3,1409104,1652948.76,1602708.46,1701.48,0,0.65294876
242143.28,0,-0.0536143056243,2021-10-01,0,-0.126054235757,0,3,-88621.7,1320482.3,1564327.06,1652948.76,1701.48,0,0.56432706
242143.28,0,-0.0533474118897,2021-10-04,0,-0.172676980411,0,3,-83452.8,1237029.5,1480874.26,1564327.06,1701.48,0,0.48087426
242143.28,0,0.00696419694674,2021-10-05,0,-0.166915339964,0,3,10313.1,1247342.6,1491187.36,1480874.26,1701.48,0,0.49118736
242143.28,0,-0.0382077407094,2021-10-06,0,-0.198745622644,0,3,-56974.9,1190367.7,1434212.46,1491187.36,1701.48,0,0.43421246
242143.28,0,0.0323329710857,2021-10-07,0,-0.172838688029,0,3,46372.35,1236740.05,1480584.81,1434212.46,1701.48,0,0.48058481
242143.28,0,0.0210980821828,2021-10-08,0,-0.15538717069,0,3,31237.5,1267977.55,1511822.31,1480584.81,1701.48,0,0.51182231
242143.28,0,-0.0355379396405,2021-10-12,0,-0.185402970438,0,3,-53727.05,1214250.5,1458095.26,1511822.31,1701.48,0,0.45809526
242143.28,0,-0.014992333217,2021-10-13,0,-0.197615680543,0,3,-21860.25,1192390.25,1436235.01,1458095.26,1701.48,0,0.43623501
243844.76,0,0.0058429504514,2021-10-14,0,-0.192927388721,0,3,8391.85,1200782.1,1444626.86,1436235.01,0,0,0.44462686
243844.76,0,0.0223684405259,2021-10-15,0,-0.174874433016,0,3,32314.05,1233096.15,1476940.91,1444626.86,0,0,0.47694091
733327.76,4408,-0.00693744748393,2021-10-18,0,-0.180598698304,-12377,3,6538.8,733366.95,1466694.71,1476940.91,0,0,0.46669471
768455.76,317,0.0264521987674,2021-10-19,0,-0.158923732202,-1112,2,40226.3,737036.25,1505492.01,1466694.71,0,0,0.50549201
732189.26,214,0.020202000275,2021-10-20,0,-0.141932309208,-82.5,3,30710.45,803716.7,1535905.96,1505492.01,0,0,0.53590596
732189.26,0,0.0042655280796,2021-10-21,0,-0.138272197379,0,3,6551.45,810268.15,1542457.41,1535905.96,0,0,0.54245741
732189.26,0,0.0328438241935,2021-10-22,0,-0.109969760927,0,3,50660.2,860928.35,1593117.61,1542457.41,0,0,0.59311761
732189.26,0,-0.00207244586293,2021-10-25,0,-0.111814300414,0,3,-3301.65,857626.7,1589815.96,1593117.61,0,0,0.58981596
732189.26,0,0.00501797075933,2021-10-26,0,-0.107357410544,0,3,7977.65,865604.35,1597793.61,1589815.96,0,0,0.59779361
732189.26,0,0.00033198906084,2021-10-27,0,-0.10706106297,0,3,530.45,866134.8,1598324.06,1597793.61,0,0,0.59832406
732189.26,0,-0.0242960429439,2021-10-28,0,-0.12875594573,0,3,-38832.95,827301.85,1559491.11,1598324.06,0,0,0.55949111
732189.26,0,0.00381056997497,2021-10-29,0,-0.125436009296,0,3,5942.55,833244.4,1565433.66,1559491.11,0,0,0.56543366
1189135.96,4132,0.0124967288617,2021-11-01,0,-0.114506820232,-10199.3,3,33894.1,395860.5,1584996.46,1565433.66,0,0,0.58499646
1190382.26,29,-0.00186826915689,2021-11-02,0,-0.116161159828,66.3,3,-2998.5,391653,1582035.26,1584996.46,0,0,0.58203526
1191065.24,26,-0.00536876150283,2021-11-03,0,-0.120906279768,-5.175,3,-8462.4,382476.45,1573541.69,1582035.26,0,0,0.57354169
1191719.59,26,0.00739974039074,2021-11-04,0,-0.114401214459,4.95,3,11664.85,393465.9,1585185.49,1573541.69,0,0,0.58518549
1192484.64,26,0.00870983243734,2021-11-05,0,-0.10668779743,9.75,3,13822.95,406507.55,1598992.19,1585185.49,0,0,0.59899219
686277.39,3012,-0.00520559140442,2021-11-08,0,-0.111338015754,12708.35,3,-18020.05,904391.1,1590668.49,1598992.19,0,0,0.59066849
686277.39,0,0.0274267707409,2021-11-09,0,-0.0869648872454,0,3,43626.9,948018,1634295.39,1590668.49,0,0,0.63429539
686277.39,0,0.032774797217,2021-11-10,0,-0.0570403465729,0,3,53563.7,1001581.7,1687859.09,1634295.39,0,0,0.68785909
686277.39,0,0.0174480797446,2021-11-11,0,-0.0405875113439,0,3,29449.9,1031031.6,1717308.99,1687859.09,0,0,0.71730899
686277.39,0,-0.0155798404107,2021-11-12,0,-0.0555350048052,0,3,-26755.4,1004276.2,1690553.59,1717308.99,0,0,0.69055359
686277.39,0,0.00574870862272,2021-11-15,0,-0.0501055507434,0,3,9718.5,1013994.7,1700272.09,1690553.59,0,0,0.70027209
686277.39,0,-0.0252554283826,2021-11-16,0,-0.0740955419777,0,3,-42941.1,971053.6,1657330.99,1700272.09,0,0,0.65733099
686277.39,0,0.00358057626135,2021-11-17,0,-0.070780270455,0,3,5934.2,976987.8,1663265.19,1657330.99,0,0,0.66326519
686277.39,0,0.0055090433294,2021-11-18,0,-0.0656611587024,0,3,9163,986150.8,1672428.19,1663265.19,0,0,0.67242819
686277.39,0,0.030513417739,2021-11-19,0,-0.0371512873281,0,3,51031.5,1037182.3,1723459.69,1672428.19,0,0,0.72345969
686277.39,0,-0.00810532447092,2021-11-22,0,-0.0449554885607,0,3,-13969.2,1023213.1,1709490.49,1723459.69,0,0,0.70949049
686277.39,0,-0.00908299875947,2021-11-23,0,-0.0536301566734,0,3,-15527.3,1007685.8,1693963.19,1709490.49,0,0,0.69396319
686277.39,0,-0.00830773660436,2021-11-24,0,-0.061492348062,0,3,-14073,993612.8,1679890.19,1693963.19,0,0,0.67989019
686277.39,0,0.00641815760589,2021-11-25,0,-0.0554688580376,0,3,10781.8,1004394.6,1690671.99,1679890.19,0,0,0.69067199
1018645.14,3005,-0.0252238460519,2021-11-26,0,-0.0792935661536,14509.25,2,-54149.5,629381.6,1648026.74,1690671.99,0,0,0.64802674
531481.44,2888,0.0162354768588,2021-11-29,0,-0.0643454581532,-5202.7,3,34847.2,1143301.8,1674783.24,1648026.74,0,0,0.67478324
531481.44,0,0.0420837743755,2021-11-30,0,-0.0249695835207,0,3,70481.2,1213783,1745264.44,1674783.24,0,0,0.74526444
531481.44,0,0.0431838856466,2021-12-01,0,0,0,3,75367.3,1289150.3,1820631.74,1745264.44,0,0,0.82063174
531481.44,0,-0.0406471547069,2021-12-02,0,-0.0406471547069,0,3,-74003.5,1215146.8,1746628.24,1820631.74,0,0,0.74662824
531481.44,0,0.00177473370063,2021-12-03,0,-0.0389445588815,0,3,3099.8,1218246.6,1749728.04,1746628.24,0,0,0.74972804
531481.44,0,0.00455030714373,2021-12-06,0,-0.0345714614423,0,3,7961.8,1226208.4,1757689.84,1749728.04,0,0,0.75768984
531481.44,0,0.000174604183864,2021-12-07,0,-0.0344028935802,0,3,306.9,1226515.3,1757996.74,1757689.84,0,0,0.75799674
531481.44,0,0.00966082565091,2021-12-08,0,-0.0250744282861,0,3,16983.7,1243499,1774980.44,1757996.74,0,0,0.77498044
531481.44,0,0.0361789902316,2021-12-09,0,0,0,3,64217,1307716,1839197.44,1774980.44,0,0,0.83919744
531481.44,0,-0.00439626536235,2021-12-10,0,-0.00439626536235,0,3,-8085.6,1299630.4,1831111.84,1839197.44,0,0,0.83111184
531481.44,0,0.0141102795775,2021-12-13,0,0,0,3,25837.5,1325467.9,1856949.34,1831111.84,0,0,0.85694934
531481.44,0,-0.00591125442334,2021-12-14,0,-0.00591125442334,0,3,-10976.9,1314491,1845972.44,1856949.34,0,0,0.84597244
531481.44,0,-0.020889044259,2021-12-15,0,-0.026676818227,0,3,-38560.6,1275930.4,1807411.84,1845972.44,0,0,0.80741184
531481.44,0,-0.00597777427418,2021-12-16,0,-0.0324951245035,0,3,-10804.3,1265126.1,1796607.54,1807411.84,0,0,0.79660754
531481.44,0,-0.0208895371774,2021-12-17,0,-0.0527058535695,0,3,-37530.3,1227595.8,1759077.24,1796607.54,0,0,0.75907724
531481.44,0,0.00934001056145,2021-12-20,0,-0.043858116237,0,3,16429.8,1244025.6,1775507.04,1759077.24,0,0,0.77550704
531481.44,0,0.0456034801191,2021-12-21,0,-0.000254718849788,0,3,80969.3,1324994.9,1856476.34,1775507.04,0,0,0.85647634
531481.44,0,0.0223030582765,2021-12-22,0,0,0,3,41405.1,1366400,1897881.44,1856476.34,0,0,0.89788144
531481.44,0,-0.00102972712563,2021-12-23,0,-0.00102972712563,0,3,-1954.3,1364445.7,1895927.14,1897881.44,0,0,0.89592714
531481.44,0,0.00433502945688,2021-12-24,0,0,0,3,8218.9,1372664.6,1904146.04,1895927.14,0,0,0.90414604
531481.44,0,-0.0180409481617,2021-12-27,0,-0.0180409481617,0,3,-34352.6,1338312,1869793.44,1904146.04,0,0,0.86979344
531481.44,0,-0.00478619713202,2021-12-28,0,-0.0227407977594,0,3,-8949.2,1329362.8,1860844.24,1869793.44,0,0,0.86084424
531481.44,0,0.0343279671812,2021-12-29,0,0,0,3,63879,1393241.8,1924723.24,1860844.24,0,0,0.92472324
531481.44,0,-0.0347455148928,2021-12-30,0,-0.0347455148928,0,3,-66875.5,1326366.3,1857847.74,1924723.24,0,0,0.85784774
531481.44,0,-0.0334264744429,2022-01-03,0,-0.0670105692702,0,3,-62101.3,1264265,1795746.44,1857847.74,0,0,0.79574644
531481.44,0,-0.00425449820187,2022-01-04,0,-0.0709799711256,0,3,-7640,1256625,1788106.44,1795746.44,0,0,0.78810644
531481.44,0,-0.00847611733897,2022-01-05,0,-0.0788544539006,0,3,-15156.2,1241468.8,1772950.24,1788106.44,0,0,0.77295024
531481.44,0,-0.0181908094612,2022-01-06,0,-0.0956108370157,0,3,-32251.4,1209217.4,1740698.84,1772950.24,0,0,0.74069884
531481.44,0,0.0192002770565,2022-01-07,0,-0.0782463145195,0,3,33421.9,1242639.3,1774120.74,1740698.84,0,0,0.77412074
531481.44,0,0.00439800957403,2022-01-10,0,-0.0741924329858,0,3,7802.6,1250441.9,1781923.34,1774120.74,0,0,0.78192334
531481.44,0,-0.0215940265982,2022-01-11,0,-0.0941843462128,0,3,-38478.9,1211963,1743444.44,1781923.34,0,0,0.74344444
531481.44,0,3.86017463223e-05,2022-01-12,0,-0.0941493801467,0,3,67.2999999998,1212030.3,1743511.74,1743444.44,0,0,0.74351174
531481.44,0,-0.000640316881376,2022-01-13,0,-0.0947294115906,0,3,-1116.4,1210913.9,1742395.34,1743511.74,0,0,0.74239534
531481.44,0,-0.0295591355289,2022-01-14,0,-0.121488427604,0,3,-51503.7,1159410.2,1690891.64,1742395.34,0,0,0.69089164
531481.44,0,0.0124546715483,2022-01-17,0,-0.110546854518,0,3,21059.5,1180469.7,1711951.14,1690891.64,0,0,0.71195114
579049.44,427,0.00590998175333,2022-01-18,0,-0.105290202658,435,3,10109.6,1143019.3,1722068.74,1711951.14,0,0,0.72206874
122000.49,2801,-0.0237530297426,2022-01-19,0,-0.126542271085,-9763.05,3,-28340.3,1559163.9,1681164.39,1722068.74,0,0,0.68116439
122000.49,0,0.000573650028359,2022-01-20,0,-0.126041212034,0,3,964.4,1560128.3,1682128.79,1681164.39,0,0,0.68212879
122000.49,0,-0.0254967992076,2022-01-21,0,-0.148324363767,0,3,-42888.9,1517239.4,1639239.89,1682128.79,0,0,0.63923989
122000.49,0,-0.00525658267137,2022-01-24,0,-0.152801267158,0,3,-8616.8,1508622.6,1630623.09,1639239.89,0,0,0.63062309
122000.49,0,-0.0131622691544,2022-01-25,0,-0.163952324907,0,3,-21462.7,1487159.9,1609160.39,1630623.09,0,0,0.60916039
122000.49,0,0.00300516967112,2022-01-26,0,-0.16143985979,0,3,4835.8,1491995.7,1613996.19,1609160.39,0,0,0.61399619
122000.49,0,0.0213391457882,2022-02-07,0,-0.143545702706,0,3,34441.3,1526437,1648437.49,1613996.19,0,0,0.64843749
122000.49,0,0.0145442579081,2022-02-08,0,-0.131089210519,0,3,23975.3,1550412.3,1672412.79,1648437.49,0,0,0.67241279
122000.49,0,0.00405210964693,2022-02-09,0,-0.127568288727,0,3,6776.8,1557189.1,1679189.59,1672412.79,0,0,0.67918959
122000.49,0,-0.00599324820731,2022-02-10,0,-0.132796988517,0,3,-10063.8,1547125.3,1669125.79,1679189.59,0,0,0.66912579
122000.49,0,0.00127761491241,2022-02-11,0,-0.131689037017,0,3,2132.5,1549257.8,1671258.29,1669125.79,0,0,0.67125829
122000.49,0,-0.00120346448663,2022-02-14,0,-0.132734018424,0,3,-2011.3,1547246.5,1669246.99,1671258.29,0,0,0.66924699
666329.64,4920,-0.0121401147472,2022-02-15,0,-0.143262726957,-1198.15,3,-14146.7,982652.5,1648982.14,1669246.99,0,0,0.64898214
271288.04,2382,0.00750356823149,2022-02-16,0,-0.136834140372,17359.4,4,-2604.15,1390067.35,1661355.39,1648982.14,0,0,0.66135539
272123.22,26,-0.0294218023995,2022-02-17,0,-0.162230035732,-2.775,4,-48851.3,1340352.1,1612475.32,1661355.39,0,0,0.61247532
273030.22,27,-0.00943468703757,2022-02-18,0,-0.170134133155,-8,4,-15178.2,1324231.9,1597262.12,1612475.32,0,0,0.59726212
274867.32,34,0.000402720375038,2022-02-21,0,-0.169799929262,20.25,4,657,1323038.05,1597905.37,1597262.12,0,0,0.59790537
277320.32,39,-0.015603489711,2022-02-22,0,-0.182753947523,22.4,4,-24916.3,1295652.15,1572972.47,1597905.37,0,0,0.57297247
621683.52,3141,0.00176764059958,2022-02-23,0,-0.181309350221,-9014.6,4,14936.05,954069.4,1575752.92,1572972.47,0,0,0.57575292
112082.97,3055,-8.1548317867e-05,2022-02-24,0,-0.181376113067,14329.25,4,-11402.75,1463541.45,1575624.42,1575752.92,0,0,0.57562442
112389.47,22,-0.0326757121472,2022-02-25,0,-0.208125231553,0,3,-51462.65,1411750.3,1524139.77,1575624.42,0,0,0.52413977
112389.47,0,0.000340946421207,2022-03-01,0,-0.207855244684,0,3,519.65,1412269.95,1524659.42,1524139.77,0,0,0.52465942
542936.47,3895,-0.000790045294181,2022-03-02,0,-0.208481074921,5985,3,-3294.55,980518.4,1523454.87,1524659.42,0,0,0.52345487
69883.34,2844,0.00297650431877,2022-03-03,0,-0.206125115422,2260.875,4,5117.7,1458106.1,1527989.44,1523454.87,0,0,0.52798944
71914.87,36,0.0226776632697,2022-03-04,0,-0.188121888111,78.975,4,34608.25,1490725.8,1562640.67,1527989.44,0,0,0.56264067
78085.77,67,-0.0326616675093,2022-03-07,0,-0.21463918106,23.9,4,-50995.35,1433516.45,1511602.22,1562640.67,0,0,0.51160222
80952.47,42,-0.037527696936,2022-03-08,0,-0.244111963858,76.7,4,-56761.65,1373922.8,1454875.27,1511602.22,0,0,0.45487527
122785.32,414,-0.0224916531848,2022-03-09,0,-0.261113135414,194.15,4,-32502.7,1299367.4,1422152.72,1454875.27,0,0,0.42215272
642733.85,4739,0.0262265996299,2022-03-10,0,-0.241734645444,-14310.775,3,56348,816717.1,1459450.95,1422152.72,0,0,0.45945095
682424.03,396,-0.00668804251352,2022-03-11,0,-0.246805956372,-458.925,3,-8905.95,767266.05,1449690.08,1459450.95,0,0,0.44969008
723230.63,407,0.0062833084986,2022-03-14,0,-0.242073405837,224.1,3,9291.75,735568.3,1458798.93,1449690.08,0,0,0.45879893
802869.38,735,-0.00901676696459,2022-03-15,0,-0.248907453313,139.1,3,-12557.75,642775.9,1445645.28,1458798.93,0,0,0.44564528
843834.19,407,-0.0031744924315,2022-03-16,0,-0.251291790917,-230.9,3,-3951.3,597221.9,1441056.09,1445645.28,0,0,0.44105609
883277.02,375,0.00840444732446,2022-03-17,0,-0.244999312213,-98.075,2,12584.35,569890.35,1453167.37,1441056.09,0,0,0.45316737
883277.02,0,0.00646202233401,2022-03-18,0,-0.240120480906,0,2,9390.4,579280.75,1462557.77,1453167.37,0,0,0.46255777
922071.02,371,-0.00459944224972,2022-03-21,0,-0.243615502871,-74.2,2,-6281.75,533759.8,1455830.82,1462557.77,0,0,0.45583082
960550.02,346,-0.00442915475577,2022-03-22,0,-0.246965646864,-475,2,-5627.1,488832.7,1449382.72,1455830.82,0,0,0.44938272
999375.02,350,-0.000328967631131,2022-03-23,0,-0.247213370791,-25,2,-101.8,449530.9,1448905.92,1449382.72,0,0,0.44890592
999375.02,0,0.00109841500268,2022-03-24,0,-0.246386498664,0,2,1591.5,451122.4,1450497.42,1448905.92,0,0,0.45049742
999375.02,0,-0.00658139743537,2022-03-25,0,-0.251346328629,0,2,-9546.3,441576.1,1440951.12,1450497.42,0,0,0.44095112
999513.42,21,-0.00333606042098,2022-03-28,0,-0.253843882511,10,2,-4796.1,436630.6,1436144.02,1440951.12,0,0,0.43614402
999529.77,21,-0.00334760994235,2022-03-29,0,-0.256341722148,1.35,2,-4788,431806.6,1431336.37,1436144.02,0,0,0.43133637
999583.77,21,0.00109652771556,2022-03-30,0,-0.255526280235,3.4,2,1587.1,433322.1,1432905.87,1431336.37,0,0,0.43290587
258551.57,4374,-0.013243786907,2022-03-31,0,-0.265385931538,-1882.2,4,-12720.9,1155377.2,1413928.77,1432905.87,0,0,0.41392877
258551.57,0,0.0179990679446,2022-04-01,0,-0.252163563007,0,4,25449.4,1180826.6,1439378.17,1413928.77,0,0,0.43937817
258551.57,0,0.0351220416244,2022-04-06,0,-0.225898020538,0,4,50553.9,1231380.5,1489932.07,1439378.17,0,0,0.48993207
258666.67,21,-0.0327337742317,2022-04-07,0,-0.251237299966,4.1,4,-48754.2,1182494.3,1441160.97,1489932.07,0,0,0.44116097
258666.67,0,0.0408764192386,2022-04-08,0,-0.22063056193,0,4,58909.5,1241403.8,1500070.47,1441160.97,0,0,0.50007047
258720.12,21,0.0129474583951,2022-04-11,0,-0.210539708556,5.55,4,19437.55,1260772.45,1519492.57,1500070.47,0,0,0.51949257
258720.12,0,-0.0104738583881,2022-04-12,0,-0.218808403851,0,4,-15914.95,1244857.5,1503577.62,1519492.57,0,0,0.50357762
258720.12,0,0.0380334870906,2022-04-13,0,-0.189096963364,0,4,57186.3,1302043.8,1560763.92,1503577.62,0,1,0.56076392
258720.12,0,-0.0126144958553,2022-04-14,0,-0.199326096359,0,4,-19688.25,1282355.55,1541075.67,1560763.92,0,0,0.54107567
258720.12,0,-0.00271599252488,2022-04-15,0,-0.201500720696,0,4,-4185.55,1278170,1536890.12,1541075.67,0,0,0.53689012
258720.12,0,-0.0189600737364,2022-04-18,0,-0.21664032591,0,4,-29139.55,1249030.45,1507750.57,1536890.12,0,0,0.50775057
258720.12,0,0.00763647530904,2022-04-19,0,-0.210658219101,0,4,11513.9,1260544.35,1519264.47,1507750.57,0,0,0.51926447
258720.12,0,-0.00909910701723,2022-04-20,0,-0.217840524438,0,4,-13823.95,1246720.4,1505440.52,1519264.47,0,0,0.50544052
632293.12,3373,-0.0266084242239,2022-04-21,0,-0.238652555575,270.8,4,-36955.2,833090,1465383.12,1505440.52,0,0,0.46538312
644938.82,135,-0.00245853794194,2022-04-22,0,-0.240524357154,122.1,3,-3589.8,816841.6,1461780.42,1465383.12,0,0,0.46178042
646457.72,31,-0.0139007881909,2022-04-25,0,-0.251081667201,7.7,2,-20296.6,795002.8,1441460.52,1461780.42,0,0,0.44146052
646457.72,0,-0.00289151172867,2022-04-26,0,-0.253247173344,0,2,-4168,790834.8,1437292.52,1441460.52,0,0,0.43729252
646457.72,0,0.0109700703097,2022-04-27,0,-0.245055242332,0,2,15767.2,806602,1453059.72,1437292.52,0,0,0.45305972
646457.72,0,0.0175714732496,2022-04-28,0,-0.231789750718,0,2,25532.4,832134.4,1478592.12,1453059.72,0,0,0.47859212
646457.72,0,0.00272150780839,2022-04-29,0,-0.229699060526,0,2,4024,836158.4,1482616.12,1478592.12,0,0,0.48261612
646457.72,0,0.00707668010516,2022-05-03,0,-0.224247887192,0,2,10492,846650.4,1493108.12,1482616.12,0,0,0.49310812
646457.72,0,-0.000149218932652,2022-05-04,0,-0.224363644095,0,2,-222.8,846427.6,1492885.32,1493108.12,0,0,0.49288532
646457.72,0,-0.00309039143074,2022-05-05,0,-0.226760664042,0,2,-4613.6,841814,1488271.72,1492885.32,0,0,0.48827172
646457.72,0,-0.0296569500091,2022-05-06,0,-0.249692584374,0,2,-44137.6,797676.4,1444134.12,1488271.72,0,0,0.44413412
646457.72,0,-0.0334791618939,2022-05-09,0,-0.274812247812,0,2,-48348.4,749328,1395785.72,1444134.12,0,0,0.39578572
646457.72,0,0.017726503177,2022-05-10,0,-0.261957204819,0,2,24742.4,774070.4,1420528.12,1395785.72,0,0,0.42052812
646457.72,0,0.000521214602918,2022-05-11,0,-0.261572526136,0,2,740.4,774810.8,1421268.52,1420528.12,0,0,0.42126852
646457.72,0,-0.0207451298506,2022-05-12,0,-0.276891299967,0,2,-29484.4,745326.4,1391784.12,1421268.52,0,0,0.39178412
646457.72,0,0.0170693138818,2022-05-13,0,-0.264548330595,0,2,23756.8,769083.2,1415540.92,1391784.12,0,0,0.41554092
646457.72,0,-0.00210661518708,2022-05-16,0,-0.266097644251,0,2,-2982,766101.2,1412558.92,1415540.92,0,0,0.41255892
646457.72,0,0.0242362987591,2022-05-17,0,-0.248310567497,0,2,34235.2,800336.4,1446794.12,1412558.92,0,0,0.44679412
646457.72,0,0.0085927913503,2022-05-18,0,-0.241851457044,0,2,12432,812768.4,1459226.12,1446794.12,0,0,0.45922612
646457.72,0,-0.00301365219532,2022-05-19,0,-0.244136253065,0,2,-4397.6,808370.8,1454828.52,1459226.12,0,0,0.45482852
646457.72,0,-0.0029933424731,2022-05-20,0,-0.246398812122,0,2,-4354.8,804016,1450473.72,1454828.52,0,0,0.45047372
646457.72,0,0.0164484193481,2022-05-23,0,-0.234003263763,0,2,23858,827874,1474331.72,1450473.72,0,0,0.47433172
646457.72,0,-0.0293328831045,2022-05-24,0,-0.256472156485,0,2,-43246.4,784627.6,1431085.32,1474331.72,0,0,0.43108532
646457.72,0,0.00132570712136,2022-05-25,0,-0.255486456328,0,2,1897.2,786524.8,1432982.52,1431085.32,0,0,0.43298252
646457.72,0,-0.0138960522701,2022-05-26,0,-0.265832255447,0,2,-19912.8,766612,1413069.72,1432982.52,0,0,0.41306972
646457.72,0,0.00692648059857,2022-05-27,0,-0.260747056808,0,2,9787.6,776399.6,1422857.32,1413069.72,0,0,0.42285732
646457.72,0,0.0118485527417,2022-05-30,0,-0.251987979321,0,2,16858.8,793258.4,1439716.12,1422857.32,0,0,0.43971612
646457.72,0,-0.00589477320015,2022-05-31,0,-0.256397340534,0,2,-8486.8,784771.6,1431229.32,1439716.12,0,0,0.43122932
646457.72,0,0.0312556481165,2022-06-01,0,-0.233155557471,0,2,44734,829505.6,1475963.32,1431229.32,0,0,0.47596332
646457.72,0,-0.00168947287931,2022-06-02,0,-0.23445112036,0,2,-2493.6,827012,1473469.72,1475963.32,0,0,0.47346972
646457.72,0,-0.0273506808134,2022-06-06,0,-0.255389403414,0,2,-40300.4,786711.6,1433169.32,1473469.72,0,0,0.43316932
646457.72,0,-0.00758151870011,2022-06-07,0,-0.261034682576,0,2,-10865.6,775846,1422303.72,1433169.32,0,0,0.42230372
646457.72,0,0.00149053958742,2022-06-08,0,-0.259933225517,0,2,2120,777966,1424423.72,1422303.72,0,0,0.42442372
646457.72,0,0.0132179770216,2022-06-09,0,-0.250151039897,0,2,18828,796794,1443251.72,1424423.72,0,0,0.44325172
646457.72,0,0.00249963325871,2022-06-10,0,-0.248276692497,0,2,3607.6,800401.6,1446859.32,1443251.72,0,0,0.44685932
646457.72,0,-0.0236415521034,2022-06-13,0,-0.266048598239,0,2,-34206,766195.6,1412653.32,1446859.32,0,0,0.41265332
646457.72,0,0.0189645963526,2022-06-14,0,-0.252129506162,0,2,26790.4,792986,1439443.72,1412653.32,0,0,0.43944372
777567.35,1199,-0.00651614222194,2022-06-15,0,-0.257002736664,227.375,2,-8408,652496.75,1430064.1,1439443.72,0,0,0.4300641
993156.68,1958,-0.02020064695,2022-06-16,0,-0.272011762065,6081.125,2,-33011.35,408019.2,1401175.88,1430064.1,0,0,0.40117588
994454.08,29,0.00736695524619,2022-06-17,0,-0.266648705296,11.2,2,10340.2,417044.2,1411498.28,1401175.88,0,0,0.41149828
997694.18,44,-0.00895084335491,2022-06-20,0,-0.273212817859,131.2,1,-12721.3,401170,1398864.18,1411498.28,0,0,0.39886418
997694.18,0,0.00521423030505,2022-06-21,0,-0.269423182109,0,1,7294,408464,1406158.18,1398864.18,0,0,0.40615818
997694.18,0,-0.00963334011256,2022-06-22,0,-0.276461077074,0,1,-13546,394918,1392612.18,1406158.18,0,0,0.39261218
997694.18,0,0.00224470246986,2022-06-23,0,-0.274836947467,0,1,3126,398044,1395738.18,1392612.18,0,0,0.39573818
997694.18,0,0.00223967506571,2022-06-24,0,-0.273212817859,0,1,3126,401170,1398864.18,1395738.18,0,0,0.39886418
997694.18,0,0.0067040103922,2022-06-27,0,-0.268340429037,0,1,9378,410548,1408242.18,1398864.18,0,0,0.40824218
997694.18,0,-0.0236777455423,2022-06-28,0,-0.285664478182,0,1,-33344,377204,1374898.18,1408242.18,0,0,0.37489818
997694.18,0,-0.0045472458186,2022-06-29,0,-0.288912737397,0,1,-6252,370952,1368646.18,1374898.18,0,0,0.36864618
997694.18,0,-0.00532935400441,2022-06-30,0,-0.292702373147,0,1,-7294,363658,1361352.18,1368646.18,0,0,0.36135218
997694.18,0,-0.0191353864068,2022-07-01,0,-0.306236786542,0,1,-26050,337608,1335302.18,1361352.18,0,0,0.33530218
1327439.18,2975,-0.00384519704746,2022-07-04,0,-0.308904442802,966.5,1,-3126,2728.5,1330167.68,1335302.18,0,0,0.33016768
1330139.43,41,-2.12379239285e-05,2022-07-05,0,-0.308919120237,-46.75,0,59.5,0,1330139.43,1330167.68,0,0,0.33013943
1330139.43,0,0,2022-07-06,0,-0.308919120237,0,0,0,0,1330139.43,1330139.43,0,0,0.33013943
1330139.43,0,0,2022-07-07,0,-0.308919120237,0,0,0,0,1330139.43,1330139.43,0,0,0.33013943
1330139.43,0,0,2022-07-08,0,-0.308919120237,0,0,0,0,1330139.43,1330139.43,0,0,0.33013943
1330139.43,0,0,2022-07-11,0,-0.308919120237,0,0,0,0,1330139.43,1330139.43,0,0,0.33013943
1330139.43,0,0,2022-07-12,0,-0.308919120237,0,0,0,0,1330139.43,1330139.43,0,0,0.33013943
1330139.43,0,0,2022-07-13,0,-0.308919120237,0,0,0,0,1330139.43,1330139.43,0,0,0.33013943
1330139.43,0,0,2022-07-14,0,-0.308919120237,0,0,0,0,1330139.43,1330139.43,0,0,0.33013943
1330139.43,0,0,2022-07-15,0,-0.308919120237,0,0,0,0,1330139.43,1330139.43,0,0,0.33013943
1330139.43,0,0,2022-07-18,0,-0.308919120237,0,0,0,0,1330139.43,1330139.43,0,0,0.33013943
1330139.43,0,0,2022-07-19,0,-0.308919120237,0,0,0,0,1330139.43,1330139.43,0,0,0.33013943
1330139.43,0,0,2022-07-20,0,-0.308919120237,0,0,0,0,1330139.43,1330139.43,0,0,0.33013943
1330139.43,0,0,2022-07-21,0,-0.308919120237,0,0,0,0,1330139.43,1330139.43,0,0,0.33013943
1330139.43,0,0,2022-07-22,0,-0.308919120237,0,0,0,0,1330139.43,1330139.43,0,0,0.33013943
1330139.43,0,0,2022-07-25,0,-0.308919120237,0,0,0,0,1330139.43,1330139.43,0,0,0.33013943
1330139.43,0,0,2022-07-26,0,-0.308919120237,0,0,0,0,1330139.43,1330139.43,0,0,0.33013943
1330139.43,0,0,2022-07-27,0,-0.308919120237,0,0,0,0,1330139.43,1330139.43,0,0,0.33013943
1330139.43,0,0,2022-07-28,0,-0.308919120237,0,0,0,0,1330139.43,1330139.43,0,0,0.33013943
1330139.43,0,0,2022-07-29,0,-0.308919120237,0,0,0,0,1330139.43,1330139.43,0,0,0.33013943
1330139.43,0,0,2022-08-01,0,-0.308919120237,0,0,0,0,1330139.43,1330139.43,0,0,0.33013943
1330139.43,0,0,2022-08-02,0,-0.308919120237,0,0,0,0,1330139.43,1330139.43,0,0,0.33013943
1330139.43,0,0,2022-08-03,0,-0.308919120237,0,0,0,0,1330139.43,1330139.43,0,0,0.33013943
1330139.43,0,0,2022-08-04,0,-0.308919120237,0,0,0,0,1330139.43,1330139.43,0,0,0.33013943
1330139.43,0,0,2022-08-05,0,-0.308919120237,0,0,0,0,1330139.43,1330139.43,0,0,0.33013943
1330139.43,0,0,2022-08-08,0,-0.308919120237,0,0,0,0,1330139.43,1330139.43,0,0,0.33013943
1330139.43,0,0,2022-08-09,0,-0.308919120237,0,0,0,0,1330139.43,1330139.43,0,0,0.33013943
1330139.43,0,0,2022-08-10,0,-0.308919120237,0,0,0,0,1330139.43,1330139.43,0,0,0.33013943
1330139.43,0,0,2022-08-11,0,-0.308919120237,0,0,0,0,1330139.43,1330139.43,0,0,0.33013943
1330139.43,0,0,2022-08-12,0,-0.308919120237,0,0,0,0,1330139.43,1330139.43,0,0,0.33013943
1330139.43,0,0,2022-08-15,0,-0.308919120237,0,0,0,0,1330139.43,1330139.43,0,0,0.33013943
1330139.43,0,0,2022-08-16,0,-0.308919120237,0,0,0,0,1330139.43,1330139.43,0,0,0.33013943
1330139.43,0,0,2022-08-17,0,-0.308919120237,0,0,0,0,1330139.43,1330139.43,0,0,0.33013943
1330139.43,0,0,2022-08-18,0,-0.308919120237,0,0,0,0,1330139.43,1330139.43,0,0,0.33013943
1330139.43,0,0,2022-08-19,0,-0.308919120237,0,0,0,0,1330139.43,1330139.43,0,0,0.33013943
1330139.43,0,0,2022-08-22,0,-0.308919120237,0,0,0,0,1330139.43,1330139.43,0,0,0.33013943
1330139.43,0,0,2022-08-23,0,-0.308919120237,0,0,0,0,1330139.43,1330139.43,0,0,0.33013943
1330139.43,0,0,2022-08-24,0,-0.308919120237,0,0,0,0,1330139.43,1330139.43,0,0,0.33013943
1330139.43,0,0,2022-08-25,0,-0.308919120237,0,0,0,0,1330139.43,1330139.43,0,0,0.33013943
1330139.43,0,0,2022-08-26,0,-0.308919120237,0,0,0,0,1330139.43,1330139.43,0,0,0.33013943
1330139.43,0,0,2022-08-29,0,-0.308919120237,0,0,0,0,1330139.43,1330139.43,0,0,0.33013943
1330139.43,0,0,2022-08-30,0,-0.308919120237,0,0,0,0,1330139.43,1330139.43,0,0,0.33013943
1330139.43,0,0,2022-08-31,0,-0.308919120237,0,0,0,0,1330139.43,1330139.43,0,0,0.33013943
1330139.43,0,0,2022-09-01,0,-0.308919120237,0,0,0,0,1330139.43,1330139.43,0,0,0.33013943
1330139.43,0,0,2022-09-02,0,-0.308919120237,0,0,0,0,1330139.43,1330139.43,0,0,0.33013943
1330139.43,0,0,2022-09-05,0,-0.308919120237,0,0,0,0,1330139.43,1330139.43,0,0,0.33013943
1330139.43,0,0,2022-09-06,0,-0.308919120237,0,0,0,0,1330139.43,1330139.43,0,0,0.33013943
1330139.43,0,0,2022-09-07,0,-0.308919120237,0,0,0,0,1330139.43,1330139.43,0,0,0.33013943
1330139.43,0,0,2022-09-08,0,-0.308919120237,0,0,0,0,1330139.43,1330139.43,0,0,0.33013943
1330139.43,0,0,2022-09-12,0,-0.308919120237,0,0,0,0,1330139.43,1330139.43,0,0,0.33013943
1330139.43,0,0,2022-09-13,0,-0.308919120237,0,0,0,0,1330139.43,1330139.43,0,0,0.33013943
1330139.43,0,0,2022-09-14,0,-0.308919120237,0,0,0,0,1330139.43,1330139.43,0,0,0.33013943
1330139.43,0,0,2022-09-15,0,-0.308919120237,0,0,0,0,1330139.43,1330139.43,0,0,0.33013943
1330139.43,0,0,2022-09-16,0,-0.308919120237,0,0,0,0,1330139.43,1330139.43,0,0,0.33013943
1330139.43,0,0,2022-09-19,0,-0.308919120237,0,0,0,0,1330139.43,1330139.43,0,0,0.33013943
1330139.43,0,0,2022-09-20,0,-0.308919120237,0,0,0,0,1330139.43,1330139.43,0,0,0.33013943
1330139.43,0,0,2022-09-21,0,-0.308919120237,0,0,0,0,1330139.43,1330139.43,0,0,0.33013943
1330139.43,0,0,2022-09-22,0,-0.308919120237,0,0,0,0,1330139.43,1330139.43,0,0,0.33013943
1330139.43,0,0,2022-09-23,0,-0.308919120237,0,0,0,0,1330139.43,1330139.43,0,0,0.33013943
1330139.43,0,0,2022-09-26,0,-0.308919120237,0,0,0,0,1330139.43,1330139.43,0,0,0.33013943
1330139.43,0,0,2022-09-27,0,-0.308919120237,0,0,0,0,1330139.43,1330139.43,0,0,0.33013943
1330139.43,0,0,2022-09-28,0,-0.308919120237,0,0,0,0,1330139.43,1330139.43,0,0,0.33013943
1330139.43,0,0,2022-09-29,0,-0.308919120237,0,0,0,0,1330139.43,1330139.43,0,0,0.33013943
1330139.43,0,0,2022-09-30,0,-0.308919120237,0,0,0,0,1330139.43,1330139.43,0,0,0.33013943
1330139.43,0,0,2022-10-03,0,-0.308919120237,0,0,0,0,1330139.43,1330139.43,0,0,0.33013943
1330139.43,0,0,2022-10-04,0,-0.308919120237,0,0,0,0,1330139.43,1330139.43,0,0,0.33013943
1330139.43,0,0,2022-10-05,0,-0.308919120237,0,0,0,0,1330139.43,1330139.43,0,0,0.33013943
1330139.43,0,0,2022-10-06,0,-0.308919120237,0,0,0,0,1330139.43,1330139.43,0,0,0.33013943
1330139.43,0,0,2022-10-07,0,-0.308919120237,0,0,0,0,1330139.43,1330139.43,0,0,0.33013943
1330139.43,0,0,2022-10-11,0,-0.308919120237,0,0,0,0,1330139.43,1330139.43,0,0,0.33013943
1330139.43,0,0,2022-10-12,0,-0.308919120237,0,0,0,0,1330139.43,1330139.43,0,0,0.33013943
1330139.43,0,0,2022-10-13,0,-0.308919120237,0,0,0,0,1330139.43,1330139.43,0,0,0.33013943
1330139.43,0,0,2022-10-14,0,-0.308919120237,0,0,0,0,1330139.43,1330139.43,0,0,0.33013943
1330139.43,0,0,2022-10-17,0,-0.308919120237,0,0,0,0,1330139.43,1330139.43,0,0,0.33013943
1330139.43,0,0,2022-10-18,0,-0.308919120237,0,0,0,0,1330139.43,1330139.43,0,0,0.33013943
1330139.43,0,0,2022-10-19,0,-0.308919120237,0,0,0,0,1330139.43,1330139.43,0,0,0.33013943
1330139.43,0,0,2022-10-20,0,-0.308919120237,0,0,0,0,1330139.43,1330139.43,0,0,0.33013943
1330139.43,0,0,2022-10-21,0,-0.308919120237,0,0,0,0,1330139.43,1330139.43,0,0,0.33013943
1330139.43,0,0,2022-10-24,0,-0.308919120237,0,0,0,0,1330139.43,1330139.43,0,0,0.33013943
1330139.43,0,0,2022-10-25,0,-0.308919120237,0,0,0,0,1330139.43,1330139.43,0,0,0.33013943
1330139.43,0,0,2022-10-26,0,-0.308919120237,0,0,0,0,1330139.43,1330139.43,0,0,0.33013943
1330139.43,0,0,2022-10-27,0,-0.308919120237,0,0,0,0,1330139.43,1330139.43,0,0,0.33013943
1330139.43,0,0,2022-10-28,0,-0.308919120237,0,0,0,0,1330139.43,1330139.43,0,0,0.33013943
1330139.43,0,0,2022-10-31,0,-0.308919120237,0,0,0,0,1330139.43,1330139.43,0,0,0.33013943
1330139.43,0,0,2022-11-01,0,-0.308919120237,0,0,0,0,1330139.43,1330139.43,0,0,0.33013943
1330139.43,0,0,2022-11-02,0,-0.308919120237,0,0,0,0,1330139.43,1330139.43,0,0,0.33013943
1330139.43,0,0,2022-11-03,0,-0.308919120237,0,0,0,0,1330139.43,1330139.43,0,0,0.33013943
1330139.43,0,0,2022-11-04,0,-0.308919120237,0,0,0,0,1330139.43,1330139.43,0,0,0.33013943
1330139.43,0,0,2022-11-07,0,-0.308919120237,0,0,0,0,1330139.43,1330139.43,0,0,0.33013943
1330139.43,0,0,2022-11-08,0,-0.308919120237,0,0,0,0,1330139.43,1330139.43,0,0,0.33013943
1330139.43,0,0,2022-11-09,0,-0.308919120237,0,0,0,0,1330139.43,1330139.43,0,0,0.33013943
1330139.43,0,0,2022-11-10,0,-0.308919120237,0,0,0,0,1330139.43,1330139.43,0,0,0.33013943
1330139.43,0,0,2022-11-11,0,-0.308919120237,0,0,0,0,1330139.43,1330139.43,0,0,0.33013943
1330139.43,0,0,2022-11-14,0,-0.308919120237,0,0,0,0,1330139.43,1330139.43,0,0,0.33013943
1330139.43,0,0,2022-11-15,0,-0.308919120237,0,0,0,0,1330139.43,1330139.43,0,0,0.33013943
315974.98,5988,-0.00396834337886,2022-11-16,0,-0.31166156647,709.55,3,0,1008886,1324860.98,1330139.43,0,0,0.32486098
315974.98,0,-0.0209186476305,2022-11-17,0,-0.326060675612,0,3,-27714.3,981171.7,1297146.68,1324860.98,0,0,0.29714668
315974.98,0,-0.0172601143303,2022-11-18,0,-0.337692945402,0,3,-22388.9,958782.8,1274757.78,1297146.68,0,0,0.27475778
315974.98,0,-0.00151401311706,2022-11-21,0,-0.338695686971,0,3,-1930,956852.8,1272827.78,1274757.78,0,0,0.27282778
315974.98,0,-0.00775108789659,2022-11-22,0,-0.343821514827,0,3,-9865.8,946987,1262961.98,1272827.78,0,0,0.26296198
315974.98,0,0.0165693823974,2022-11-23,0,-0.332949042585,0,3,20926.5,967913.5,1283888.48,1262961.98,0,0,0.28388848
315974.98,0,0.00489614175836,2022-11-24,0,-0.329683066538,0,3,6286.1,974199.6,1290174.58,1283888.48,0,0,0.29017458
315974.98,0,-0.00727885988887,2022-11-25,0,-0.334562209578,0,3,-9391,964808.6,1280783.58,1290174.58,0,0,0.28078358
315974.98,0,0.00638327983561,2022-11-28,0,-0.330314533948,0,3,8175.6,972984.2,1288959.18,1280783.58,0,0,0.28895918
315974.98,0,1.29561899702e-05,2022-11-29,0,-0.330305857376,0,3,16.7,973000.9,1288975.88,1288959.18,0,0,0.28897588
315974.98,0,0.0162503428691,2022-11-30,0,-0.319423097941,0,3,20946.3,993947.2,1309922.18,1288975.88,0,0,0.30992218
315974.98,0,-0.00318354789595,2022-12-01,0,-0.321589747106,0,3,-4170.2,989777,1305751.98,1309922.18,0,0,0.30575198
315974.98,0,0.0275505613248,2022-12-02,0,-0.30289916383,0,3,35974.2,1025751.2,1341726.18,1305751.98,0,0,0.34172618
315974.98,0,0.00301492216542,2022-12-05,0,-0.300797459067,0,3,4045.2,1029796.4,1345771.38,1341726.18,0,0,0.34577138
315974.98,0,-0.0336077885681,2022-12-06,0,-0.324296110229,0,3,-45228.4,984568,1300542.98,1345771.38,0,0,0.30054298
315974.98,0,-0.0176883043112,2022-12-07,0,-0.336248166256,0,3,-23004.4,961563.6,1277538.58,1300542.98,0,0,0.27753858
315974.98,0,0.00269698313142,2022-12-08,0,-0.334458038757,0,3,3445.5,965009.1,1280984.08,1277538.58,0,0,0.28098408
315974.98,0,0.00305015500271,2022-12-09,0,-0.332428032614,0,3,3907.2,968916.3,1284891.28,1280984.08,0,0,0.28489128
315974.98,0,-0.00758577799672,2022-12-12,0,-0.337492085356,0,3,-9746.9,959169.4,1275144.38,1284891.28,0,0,0.27514438
315974.98,0,0.0150183777621,2022-12-13,0,-0.327542291223,0,3,19150.6,978320,1294294.98,1275144.38,0,0,0.29429498
315974.98,0,0.00438895312721,2022-12-14,0,-0.324590905859,0,3,5680.6,984000.6,1299975.58,1294294.98,0,0,0.29997558
315974.98,0,-0.00265374215722,2022-12-15,0,-0.326383267446,0,3,-3449.8,980550.8,1296525.78,1299975.58,0,0,0.29652578
315974.98,0,-0.0122523595327,2022-12-16,0,-0.33463666184,0,3,-15885.5,964665.3,1280640.28,1296525.78,0,0,0.28064028
315974.98,0,-0.0049300339046,2022-12-19,0,-0.337916925656,0,3,-6313.6,958351.7,1274326.68,1280640.28,0,0,0.27432668
315974.98,0,-0.0189702533733,2022-12-20,0,-0.350476809331,0,3,-24174.3,934177.4,1250152.38,1274326.68,0,0,0.25015238
315974.98,0,0.0298467615604,2022-12-21,0,-0.331090645531,0,3,37313,971490.4,1287465.38,1250152.38,0,0,0.28746538
315974.98,0,0.010504204781,2022-12-22,0,-0.324064284692,0,3,13523.8,985014.2,1300989.18,1287465.38,0,0,0.30098918
315974.98,0,-0.00711497077939,2022-12-23,0,-0.328873547555,0,3,-9256.5,975757.7,1291732.68,1300989.18,0,0,0.29173268
315974.98,0,-0.000750077794734,2022-12-26,0,-0.329376944604,0,3,-968.9,974788.8,1290763.78,1291732.68,0,0,0.29076378
315974.98,0,0.00257963544654,2022-12-27,0,-0.327646981599,0,3,3329.7,978118.5,1294093.48,1290763.78,0,0,0.29409348
315974.98,0,-0.00710520541375,2022-12-28,0,-0.332424187906,0,3,-9194.8,968923.7,1284898.68,1294093.48,0,0,0.28489868
315974.98,0,-0.00616850193978,2022-12-29,0,-0.336542130597,0,3,-7925.9,960997.8,1276972.78,1284898.68,0,0,0.27697278
315974.98,0,0.000138687372804,2022-12-30,0,-0.336450117369,0,3,177.1,961174.9,1277149.88,1276972.78,0,0,0.27714988
315974.98,0,0.00946952287229,2023-01-03,0,-0.330166616578,0,3,12094,973268.9,1289243.88,1277149.88,0,0,0.28924388
315974.98,0,-0.00548205045581,2023-01-04,0,-0.333838676983,0,3,-7067.7,966201.2,1282176.18,1289243.88,0,0,0.28217618
315974.98,0,-0.0069549724438,2023-01-05,0,-0.338471810628,0,3,-8917.5,957283.7,1273258.68,1282176.18,0,0,0.27325868
315974.98,0,-0.000764338005534,2023-01-06,0,-0.338977441765,0,3,-973.2,956310.5,1272285.48,1273258.68,0,0,0.27228548
315974.98,0,0.0114526969214,2023-01-09,0,-0.331406950747,0,3,14571.1,970881.6,1286856.58,1272285.48,0,0,0.28685658
315974.98,0,-0.00695804034355,2023-01-10,0,-0.336059048157,0,3,-8954,961927.6,1277902.58,1286856.58,0,0,0.27790258
315974.98,0,0.0055701429134,2023-01-11,0,-0.332360802169,0,3,7118.1,969045.7,1285020.68,1277902.58,0,0,0.28502068
315974.98,0,-0.00355978706895,2023-01-12,0,-0.334737455552,0,3,-4574.4,964471.3,1280446.28,1285020.68,0,0,0.28044628
315974.98,0,-0.000322387597549,2023-01-13,0,-0.334951927946,0,3,-412.8,964058.5,1280033.48,1280446.28,0,0,0.28003348
315974.98,0,0.00683583682514,2023-01-16,0,-0.330405767844,0,3,8750.1,972808.6,1288783.58,1280033.48,0,0,0.28878358
315974.98,0,0.0046884520363,2023-01-17,0,-0.327266407403,0,3,6042.4,978851,1294825.98,1288783.58,0,0,0.29482598
315974.98,0,0.0387295287356,2023-01-30,0,-0.301211752397,0,3,50148,1028999,1344973.98,1294825.98,0,0,0.34497398
315974.98,0,0.0470829182881,2023-01-31,0,-0.268310762435,0,3,63325.3,1092324.3,1408299.28,1344973.98,0,0,0.40829928
315974.98,0,0.00229383061248,2023-02-01,0,-0.266632391263,0,3,3230.4,1095554.7,1411529.68,1408299.28,0,0,0.41152968
315974.98,0,-0.00627050222564,2023-02-02,0,-0.271230974485,0,3,-8851,1086703.7,1402678.68,1411529.68,0,0,0.40267868
315974.98,0,-0.00435195892476,2023-02-03,0,-0.27440254735,0,3,-6104.4,1080599.3,1396574.28,1402678.68,0,0,0.39657428
315974.98,0,0.00591805256502,2023-02-06,0,-0.270108423484,0,3,8265,1088864.3,1404839.28,1396574.28,0,0,0.40483928
315974.98,0,0.00953311897714,2023-02-07,0,-0.263150280245,0,3,13392.5,1102256.8,1418231.78,1404839.28,0,0,0.41823178
315974.98,0,0.028873277681,2023-02-08,0,-0.241875013677,0,3,40949,1143205.8,1459180.78,1418231.78,0,0,0.45918078
315974.98,0,0.00600049022027,2023-02-09,0,-0.237325892111,0,3,8755.8,1151961.6,1467936.58,1459180.78,0,0,0.46793658
315974.98,0,-0.00140251290693,2023-02-10,0,-0.238395552391,0,3,-2058.8,1149902.8,1465877.78,1467936.58,0,0,0.46587778
315974.98,0,-0.00712828868993,2023-02-13,0,-0.243824488761,0,3,-10449.2,1139453.6,1455428.58,1465877.78,0,0,0.45542858
315974.98,0,-0.0145790733338,2023-02-14,0,-0.254848826993,0,3,-21218.8,1118234.8,1434209.78,1455428.58,0,0,0.43420978
315974.98,0,0.00318265853688,2023-02-15,0,-0.252477265251,0,3,4564.6,1122799.4,1438774.38,1434209.78,0,0,0.43877438
315974.98,0,0.0156114817669,2023-02-16,0,-0.240807327707,0,3,22461.4,1145260.8,1461235.78,1438774.38,0,0,0.46123578
315974.98,0,0.0186850749028,2023-02-17,0,-0.22662175576,0,3,27303.3,1172564.1,1488539.08,1461235.78,0,0,0.48853908
315974.98,0,0.00383248251702,2023-02-20,0,-0.223657797159,0,3,5704.8,1178268.9,1494243.88,1488539.08,0,0,0.49424388
315974.98,0,-0.00270765706599,2023-02-21,0,-0.225759865611,0,3,-4045.9,1174223,1490197.98,1494243.88,0,0,0.49019798
315974.98,0,-0.00882647821063,2023-02-22,0,-0.232593679287,0,3,-13153.2,1161069.8,1477044.78,1490197.98,0,0,0.47704478
315974.98,0,0.00692653339867,2023-02-23,0,-0.227278213776,0,3,10230.8,1171300.6,1487275.58,1477044.78,0,0,0.48727558
1233480.23,8277,-0.0113039911541,2023-02-24,0,-0.236013054012,6278.05,2,-14813.2,236983.2,1470463.43,1487275.58,0,0,0.47046343
1286870.73,499,0.00273199585793,2023-03-01,0,-0.23392584484,-585.9,1,5102.2,187610,1474480.73,1470463.43,0,0,0.47448073
1369877.73,747,-0.00017701146898,2023-03-02,0,-0.234061448751,486,1,0,104342,1474219.73,1474480.73,0,0,0.47421973
1434235.23,580,0.000443285343902,2023-03-03,0,-0.233721919417,-187.5,1,1421,40638,1474873.23,1474219.73,0,0,0.47487323
450961.98,6406,-0.00648228593857,2023-03-06,0,-0.238689153044,-3232.55,3,78,1014350.7,1465312.68,1474873.23,0,0,0.46531268
450961.98,0,0.00122724659695,2023-03-07,0,-0.237754836898,0,3,1798.3,1016149,1467110.98,1465312.68,0,0,0.46711098
450961.98,0,0.0141458282863,2023-03-08,0,-0.226972247709,0,3,20753.5,1036902.5,1487864.48,1467110.98,0,0,0.48786448
450961.98,0,0.000135361790477,2023-03-09,0,-0.226867609288,0,3,201.4,1037103.9,1488065.88,1487864.48,0,0,0.48806588
450961.98,0,-0.0362272267139,2023-03-10,0,-0.254876051686,0,3,-53908.5,983195.4,1434157.38,1488065.88,0,0,0.43415738
450961.98,0,-0.0176376737677,2023-03-13,0,-0.268018304803,0,3,-25295.2,957900.2,1408862.18,1434157.38,0,0,0.40886218
450961.98,0,-0.00902231615019,2023-03-14,0,-0.274622475073,0,3,-12711.2,945189,1396150.98,1408862.18,0,0,0.39615098
450961.98,0,0.000983346371321,2023-03-15,0,-0.273909177716,0,3,1372.9,946561.9,1397523.88,1396150.98,0,0,0.39752388
450961.98,0,-0.0219300724936,2023-03-16,0,-0.289832402086,0,3,-30647.8,915914.1,1366876.08,1397523.88,0,0,0.36687608
646845.98,1777,0.0320141676632,2023-03-17,0,-0.267096977537,-4855,3,50391.4,763789.5,1410635.48,1366876.08,0,0,0.41063548
504554.98,978,0.024445720024,2023-03-20,0,-0.249180635446,647,4,34815,940564.5,1445119.48,1410635.48,0,0,0.44511948
505159.48,24,-0.0120697978551,2023-03-21,0,-0.258242873401,3,3,-17421.3,922517.7,1427677.18,1445119.48,0,0,0.42767718
505159.48,0,0.00644242278916,2023-03-22,0,-0.253464160385,0,3,9197.7,931715.4,1436874.88,1427677.18,0,0,0.43687488
505159.48,0,-0.00970961368606,2023-03-23,0,-0.26071273499,0,3,-13951.5,917763.9,1422923.38,1436874.88,0,0,0.42292338
505159.48,0,0.00215900591921,2023-03-24,0,-0.259116609409,0,3,3072.1,920836,1425995.48,1422923.38,0,0,0.42599548
505159.48,0,-0.0211998568186,2023-03-27,0,-0.274823231209,0,3,-30230.9,890605.1,1395764.58,1425995.48,0,0,0.39576458
505159.48,0,-0.0211481222715,2023-03-28,0,-0.290159358184,0,3,-29517.8,861087.3,1366246.78,1395764.58,0,0,0.36624678
663572.23,1445,0.00768268965289,2023-03-29,0,-0.28470587283,2262.25,3,9679.2,713171,1376743.23,1366246.78,0,0,0.37674323
823391.23,1457,-0.00201649802193,2023-03-30,0,-0.286148262022,3524,3,-4843.2,550575.8,1373967.03,1376743.23,0,0,0.37396703
410067.23,2472,-0.00655634364094,2023-03-31,0,-0.290828519325,-11460,4,4923.8,954891.6,1364958.83,1373967.03,0,0,0.36495883
413453.23,46,-0.00523004785426,2023-04-06,0,-0.294537520106,55,4,-7147.8,944366.8,1357820.03,1364958.83,0,0,0.35782003
413740.23,22,-0.00793536680999,2023-04-07,0,-0.300135623655,2,4,-10754.8,933305,1347045.23,1357820.03,0,0,0.34704523
414631.23,27,-0.00968460428014,2023-04-10,0,-0.306913533189,-9,3,-13009.6,919368.4,1333999.63,1347045.23,0,0,0.33399963
414631.23,0,0.0226042041706,2023-04-11,0,-0.291246865186,0,3,30154,949522.4,1364153.63,1333999.63,0,0,0.36415363
414631.23,0,0.00178806840106,2023-04-12,0,-0.289979566101,0,3,2439.2,951961.6,1366592.83,1364153.63,0,0,0.36659283
414631.23,0,-0.00145763972726,2023-04-13,0,-0.291014520093,0,3,-1992,949969.6,1364600.83,1366592.83,0,0,0.36460083
414631.23,0,0.0295500333237,2023-04-14,0,-0.270063975536,0,3,40324,990293.6,1404924.83,1364600.83,0,0,0.40492483
414631.23,0,-0.0105471835102,2023-04-17,0,-0.277762744736,0,3,-14818,975475.6,1390106.83,1404924.83,0,0,0.39010683
414631.23,0,-0.00482955687657,2023-04-18,0,-0.281250830639,0,3,-6713.6,968762,1383393.23,1390106.83,0,0,0.38339323
414631.23,0,0.00833053086432,2023-04-19,0,-0.2752632685,0,3,11524.4,980286.4,1394917.63,1383393.23,0,0,0.39491763
414631.23,0,-0.0245238853279,2023-04-20,0,-0.293036628996,0,3,-34208.8,946077.6,1360708.83,1394917.63,0,0,0.36070883
414631.23,0,-0.0264032974637,2023-04-21,0,-0.311702793177,0,3,-35927.2,910150.4,1324781.63,1360708.83,0,0,0.32478163
414631.23,0,0.00287866310465,2023-04-24,0,-0.309721417402,0,3,3813.6,913964,1328595.23,1324781.63,0,0,0.32859523
414631.23,0,-0.0209951077425,2023-04-25,0,-0.324213890616,0,3,-27894,886070,1300701.23,1328595.23,0,0,0.30070123
414631.23,0,0.00796954731872,2023-04-26,0,-0.31882818124,0,3,10366,896436,1311067.23,1300701.23,0,0,0.31106723
414631.23,0,0.0056430363224,2023-04-27,0,-0.314984303925,0,3,7398.4,903834.4,1318465.63,1311067.23,0,0,0.31846563
414631.23,0,0.0178486260579,2023-04-28,0,-0.302757714922,0,3,23532.8,927367.2,1341998.43,1318465.63,0,0,0.34199843
414631.23,0,-0.00826051637035,2023-05-02,0,-0.308517296232,0,3,-11085.6,916281.6,1330912.83,1341998.43,0,0,0.33091283
414631.23,0,-0.00503804595527,2023-05-03,0,-0.312001017871,0,3,-6705.2,909576.4,1324207.63,1330912.83,0,0,0.32420763
414631.23,0,0.00101857138521,2023-05-04,0,-0.311300241795,0,3,1348.8,910925.2,1325556.43,1324207.63,0,0,0.32555643
482342.23,609,-0.00773788257358,2023-05-05,0,-0.316629319652,-1220,3,-8428,832957.2,1315299.43,1325556.43,0,0,0.31529943
533408.23,459,0.00249829044631,2023-05-08,0,-0.31492206121,900,3,2845,785177.2,1318585.43,1315299.43,0,0,0.31858543
157172.88,2461,-0.0143419983034,2023-05-09,0,-0.324747447846,-3519.75,3,-12930.4,1142501.4,1299674.28,1318585.43,0,0,0.29967428
157172.88,0,0.0122533778232,2023-05-10,0,-0.316473323198,0,3,15925.4,1158426.8,1315599.68,1299674.28,0,0,0.31559968
157172.88,0,0.00367148158625,2023-05-11,0,-0.313963767591,0,3,4830.2,1163257,1320429.88,1315599.68,0,0,0.32042988
157172.88,0,0.0216347724576,2023-05-12,0,-0.299121529805,0,3,28567.2,1191824.2,1348997.08,1320429.88,0,0,0.34899708
157172.88,0,-0.0146098166499,2023-05-15,0,-0.309361235748,0,3,-19708.6,1172115.6,1329288.48,1348997.08,0,0,0.32928848
157172.88,0,0.0342356085114,2023-05-16,0,-0.285716797393,0,3,45509,1217624.6,1374797.48,1329288.48,0,0,0.37479748
157172.88,0,0.0144325984653,2023-05-17,0,-0.275407834739,0,3,19841.9,1237466.5,1394639.38,1374797.48,0,0,0.39463938
157172.88,0,0.00316784400567,2023-05-18,0,-0.273112439792,0,3,4418,1241884.5,1399057.38,1394639.38,0,0,0.39905738
157172.88,0,0.0164292046406,2023-05-19,0,-0.261170255314,0,3,22985.4,1264869.9,1422042.78,1399057.38,0,0,0.42204278
157172.88,0,0.0128577707064,2023-05-22,0,-0.251670551866,0,3,18284.3,1283154.2,1440327.08,1422042.78,0,0,0.44032708
157172.88,0,0.0317484831293,2023-05-23,0,-0.227912227007,0,3,45728.2,1328882.4,1486055.28,1440327.08,0,0,0.48605528
157172.88,0,0.0244906097975,2023-05-24,0,-0.209003326629,0,3,36394.4,1365276.8,1522449.68,1486055.28,0,0,0.52244968
157172.88,0,0.00645302115995,2023-05-25,0,-0.203899008358,0,3,9824.4,1375101.2,1532274.08,1522449.68,0,0,0.53227408
157172.88,0,0.0144291418152,2023-05-26,0,-0.192411954251,0,3,22109.4,1397210.6,1554383.48,1532274.08,0,0,0.55438348
157172.88,0,-0.0111156611109,2023-05-29,0,-0.201388829284,0,3,-17278,1379932.6,1537105.48,1554383.48,0,0,0.53710548
157172.88,0,-0.015674526123,2023-05-30,0,-0.213906680942,0,3,-24093.4,1355839.2,1513012.08,1537105.48,0,0,0.51301208
157172.88,0,0.0467926204528,2023-05-31,0,-0.177123314623,0,3,70797.8,1426637,1583809.88,1513012.08,0,0,0.58380988
157172.88,0,-0.0073061799564,2023-06-01,0,-0.183135399768,0,3,-11571.6,1415065.4,1572238.28,1583809.88,0,0,0.57223828
157172.88,0,-2.72223368075e-05,2023-06-02,0,-0.183157636731,0,3,-42.7999999998,1415022.6,1572195.48,1572238.28,0,0,0.57219548
157172.88,0,0.00851319073885,2023-06-05,0,-0.176203701889,0,3,13384.4,1428407,1585579.88,1572195.48,0,0,0.58557988
157172.88,0,-0.00444033131904,2023-06-06,0,-0.179861630392,0,3,-7040.5,1421366.5,1578539.38,1585579.88,0,0,0.57853938
769355.28,5528,0.0181940345384,2023-06-07,0,-0.164940004569,-5204.8,2,39452.8,837904.1,1607259.38,1578539.38,0,0,0.60725938
326078.28,2611,-0.0178215789912,2023-06-08,0,-0.17982209224,-15724,3,-10308.9,1252537.2,1578615.48,1607259.38,0,0,0.57861548
326078.28,0,0.0114214640794,2023-06-09,0,-0.170454459728,0,3,18030.1,1270567.3,1596645.58,1578615.48,0,0,0.59664558
326078.28,0,-0.030658338089,2023-06-12,0,-0.195886947362,0,3,-48950.5,1221616.8,1547695.08,1596645.58,0,0,0.54769508
326078.28,0,0.015801045255,2023-06-13,0,-0.183181120627,0,3,24455.2,1246072,1572150.28,1547695.08,0,0,0.57215028
326078.28,0,0.00233202897117,2023-06-14,0,-0.181276275336,0,3,3666.3,1249738.3,1575816.58,1572150.28,0,0,0.57581658
326078.28,0,0.00629933719824,2023-06-15,0,-0.176118858522,0,3,9926.6,1259664.9,1585743.18,1575816.58,0,0,0.58574318
326078.28,0,0.0161329402659,2023-06-16,0,-0.162827233281,0,3,25582.7,1285247.6,1611325.88,1585743.18,0,0,0.61132588
326078.28,0,0.0359292932104,2023-06-19,0,-0.132748207477,0,3,57893.8,1343141.4,1669219.68,1611325.88,0,0,0.66921968
326078.28,0,0.00645972494166,2023-06-20,0,-0.127145999442,0,3,10782.7,1353924.1,1680002.38,1669219.68,0,0,0.68000238
326078.28,0,0.00218493738086,2023-06-21,0,-0.125238868109,0,3,3670.7,1357594.8,1683673.08,1680002.38,0,0,0.68367308
326078.28,0,-0.00678320520513,2023-06-26,0,-0.131172552372,0,3,-11420.7,1346174.1,1672252.38,1683673.08,0,0,0.67225238
326078.28,0,-0.0192698185904,2023-06-27,0,-0.147914699674,0,3,-32224,1313950.1,1640028.38,1672252.38,0,0,0.64002838
326078.28,0,0.0292034580524,2023-06-28,0,-0.123030862349,0,3,47894.5,1361844.6,1687922.88,1640028.38,0,0,0.68792288
326078.28,0,0.00406197467979,2023-06-29,0,-0.119468635917,0,3,6856.3,1368700.9,1694779.18,1687922.88,0,0,0.69477918
326078.28,0,-0.000389018231862,2023-06-30,0,-0.119811178671,0,3,-659.3,1368041.6,1694119.88,1694779.18,0,0,0.69411988
326078.28,0,0.010937950861,2023-07-03,0,-0.110183716595,0,3,18530.2,1386571.8,1712650.08,1694119.88,0,0,0.71265008
326078.28,0,0.0113425388098,2023-07-04,0,-0.100090940867,0,3,19425.8,1405997.6,1732075.88,1712650.08,0,0,0.73207588
326078.28,0,-0.00376484660707,2023-07-05,0,-0.103478960435,0,3,-6521,1399476.6,1725554.88,1732075.88,0,0,0.72555488
752096.28,3837,-0.0207488040021,2023-07-06,1111.8,-0.122080699769,10175,3,-43253,936543.6,1689751.68,1725554.88,1111.8,0,0.68975168
603147.28,5966,-0.00566633554109,2023-07-07,0,-0.127055285102,27280,3,-30888.7,1075917.9,1680176.98,1689751.68,1111.8,0,0.68017698
142518.48,2916,-0.0266881409124,2023-07-10,0,-0.150352556662,-12081,4,-29843.8,1491705.9,1635336.18,1680176.98,1111.8,0,0.63533618
159770.23,156,0.00786471317476,2023-07-11,0,-0.14367032322,259.55,4,12757.9,1487315.6,1648197.63,1635336.18,1111.8,0,0.64819763
160491.03,26,0.0165017832237,2023-07-12,0,-0.129539356526,14,3,27210.2,1513793,1675395.83,1648197.63,1111.8,0,0.67539583
160491.03,0,0.00593770727005,2023-07-13,214.81,-0.124370816035,0,3,9733.2,1523526.2,1685343.84,1675395.83,1326.61,0,0.68534384
160491.03,0,0.0316448185434,2023-07-14,0,-0.096661689397,0,3,53332.4,1576858.6,1738676.24,1685343.84,1326.61,0,0.73867624
160491.03,0,-0.0240196530206,2023-07-17,0,-0.118359562178,0,3,-41762.4,1535096.2,1696913.84,1738676.24,1326.61,0,0.69691384
160491.03,0,-0.0539605475785,2023-07-18,0,-0.16593336297,0,3,-91566.4,1443529.8,1605347.44,1696913.84,1326.61,0,0.60534744
160491.03,0,-0.0160677990056,2023-07-19,0,-0.179334978051,0,3,-25794.4,1417735.4,1579553.04,1605347.44,1326.61,0,0.57955304
160491.03,0,0.048380648237,2023-07-20,0,-0.139630672304,0,3,76419.8,1494155.2,1655972.84,1579553.04,1326.61,0,0.65597284
160491.03,0,0.00474144249854,2023-07-21,0,-0.135551280609,0,3,7851.7,1502006.9,1663824.54,1655972.84,1326.61,0,0.66382454
582495.71,3817,0.0281613709099,2023-07-24,0,-0.11120721959,-15305.925,3,65978.5,1126857.8,1710680.12,1663824.54,1326.61,0,0.71068012
48946.01,3185,-0.0294094140756,2023-07-25,0,-0.137346094496,-16610.5,3,-30514.6,1610097.4,1660370.02,1710680.12,1326.61,0,0.66037002
48946.01,0,0.0118320011584,2023-07-26,0,-0.127139172487,0,3,19645.5,1629742.9,1680015.52,1660370.02,1326.61,0,0.68001552
48946.01,0,-0.00251872673176,2023-07-27,0,-0.129337670386,0,3,-4231.5,1625511.4,1675784.02,1680015.52,1326.61,0,0.67578402
48946.01,0,0.0524294294201,2023-07-28,0,-0.0836893412271,0,3,87860.4,1713371.8,1763644.42,1675784.02,1326.61,0,0.76364442
48946.01,0,-0.0491889402513,2023-07-31,0,-0.128761691473,0,3,-86751.8,1626620,1676892.62,1763644.42,1326.61,0,0.67689262
48946.01,0,-0.0173063556091,2023-08-01,0,-0.143839651461,0,3,-29020.9,1597599.1,1647871.72,1676892.62,1326.61,0,0.64787172
48946.01,0,-0.0693041203474,2023-08-02,0,-0.203175091293,0,3,-114204.3,1483394.8,1533667.42,1647871.72,1326.61,0,0.53366742
494639.01,4013,-0.0165955145608,2023-08-04,0,-0.216398810667,-6574,2,-14865,1012249.8,1508215.42,1533667.42,1326.61,0,0.50821542
47169.86,2654,0.0324692344015,2023-08-07,0,-0.190955879974,-2258.2,3,53882.8,1508689.55,1557186.02,1508215.42,1326.61,0,0.55718602
47169.86,0,-0.0225168345655,2023-08-08,0,-0.20917299258,0,3,-35062.9,1473626.65,1522123.12,1557186.02,1326.61,0,0.52212312
507836.87,4167,0.00887490625594,2023-08-09,0,-0.202154477025,6753.2,3,10922.5,1026683.15,1535631.82,1522123.12,1111.8,0,0.53563182
553720.37,423,-0.0378008903202,2023-08-10,0,-0.232313748131,1182.2,3,-58807.45,923863.2,1477583.57,1535631.82,0,0,0.47758357
116504.29,2614,0.0259770552267,2023-08-11,0,-0.21237151997,15442.875,4,25554.4,1399462.55,1515966.84,1477583.57,0,0,0.51596684
117056.52,24,-0.00857882880868,2023-08-14,0,-0.219128449865,5.525,4,-12986.75,1385905.1,1502961.62,1515966.84,0,0,0.50296162
117477.52,23,0.0528934997023,2023-08-15,0,-0.17782542076,2.5,4,79517.4,1464981,1582458.52,1502961.62,0,0,0.58245852
118059.37,24,0.0124302468288,2023-08-16,0,-0.167605587804,3.85,4,19690.5,1484069.5,1602128.87,1582458.52,0,0,0.60212887
118543.27,24,0.0171944345526,2023-08-17,0,-0.153293036561,0.9,4,27570.8,1511133.3,1629676.57,1602128.87,0,0,0.62967657
118730.77,21,-0.0298691475941,2023-08-18,0,-0.178583451821,2.75,4,-48658.8,1462268.75,1580999.52,1629676.57,0,0,0.58099952
118750.52,21,0.0469010895082,2023-08-21,0,-0.140058120772,-0.2,4,74171.8,1536399.6,1655150.12,1580999.52,0,0,0.65515012
119581.32,26,-0.00869576712474,2023-08-22,0,-0.147535975094,-3.15,4,-14363.65,1521176,1640757.32,1655150.12,0,0,0.64075732
120046.32,24,0.0409574890697,2023-08-23,0,-0.112621189112,2.4,4,67222.9,1587912.3,1707958.62,1640757.32,0,0,0.70795862
120402.22,23,0.00275756095309,2023-08-24,0,-0.110174187952,3.15,4,4729.65,1592266.2,1712668.42,1707958.62,0,0,0.71266842
120511.64,21,-0.0245228612319,2023-08-25,0,-0.131995262862,0.225,3,-41978.75,1550157.25,1670668.89,1712668.42,0,0,0.67066889
120511.64,0,-0.0260915554608,2023-08-28,0,-0.154642856601,0,3,-43590.35,1506566.9,1627078.54,1670668.89,0,0,0.62707854
120511.64,0,0.0171649673408,2023-08-29,0,-0.140132328843,0,3,27928.75,1534495.65,1655007.29,1627078.54,0,0,0.65500729
120511.64,0,-0.000636402030592,2023-08-30,0,-0.140679550375,0,3,-1053.25,1533442.4,1653954.04,1655007.29,0,0,0.65395404
120511.64,0,0.0052859389007,2023-08-31,0,-0.136137234982,0,3,8742.7,1542185.1,1662696.74,1653954.04,0,0,0.66269674
120511.64,0,-0.00161851523207,2023-09-01,0,-0.137535410026,0,3,-2691.1,1539494,1660005.64,1662696.74,0,0,0.66000564
120511.64,0,0.0438067788734,2023-09-04,0,-0.0997536144469,0,3,72719.5,1612213.5,1732725.14,1660005.64,0,0,0.73272514
120511.64,0,0.00592465577085,2023-09-05,0,-0.0944199645036,0,3,10265.8,1622479.3,1742990.94,1732725.14,0,0,0.74299094
120511.64,0,-0.0269995666185,2023-09-06,0,-0.118870233,0,3,-47060,1575419.3,1695930.94,1742990.94,0,0,0.69593094
120511.64,0,0.00942461725476,2023-09-07,0,-0.110565922195,0,3,15983.5,1591402.8,1711914.44,1695930.94,0,0,0.71191444
120511.64,0,-0.00624543478937,2023-09-08,0,-0.116120824727,0,3,-10691.65,1580711.15,1701222.79,1711914.44,0,0,0.70122279
120511.64,0,-0.0249984306876,2023-09-11,0,-0.138216417026,0,3,-42527.9,1538183.25,1658694.89,1701222.79,0,0,0.65869489
120511.64,0,-0.00899758604791,2023-09-12,0,-0.145970388969,0,3,-14924.25,1523259,1643770.64,1658694.89,0,0,0.64377064
120511.64,0,0.0387314984528,2023-09-13,0,-0.11289254241,0,3,63665.7,1586924.7,1707436.34,1643770.64,0,0,0.70743634
120511.64,0,0.0293992512775,2023-09-14,0,-0.0868122473546,0,3,50197.35,1637122.05,1757633.69,1707436.34,0,0,0.75763369
120511.64,0,-0.0376936618688,2023-09-15,0,-0.121233637725,0,3,-66251.65,1570870.4,1691382.04,1757633.69,0,0,0.69138204
120511.64,0,-0.0281964682562,2023-09-18,0,-0.146011745564,0,3,-47691,1523179.4,1643691.04,1691382.04,0,0,0.64369104
120511.64,0,-0.0410298823555,2023-09-19,0,-0.181050783176,0,3,-67440.45,1455738.95,1576250.59,1643691.04,0,0,0.57625059
120511.64,0,0.00163067345783,2023-09-20,0,-0.179715344425,0,3,2570.35,1458309.3,1578820.94,1576250.59,0,0,0.57882094
120511.64,0,-0.00869854817102,2023-09-21,0,-0.186850630016,0,3,-13733.45,1444575.85,1565087.49,1578820.94,0,0,0.56508749
120511.64,0,0.0212089101805,2023-09-22,0,-0.169604618064,0,3,33193.8,1477769.65,1598281.29,1565087.49,0,0,0.59828129
120511.64,0,-0.00254689210558,2023-09-25,0,-0.171719545507,0,3,-4070.65,1473699,1594210.64,1598281.29,0,0,0.59421064
120511.64,0,-0.00841290960146,2023-09-26,0,-0.178687794096,0,3,-13411.95,1460287.05,1580798.69,1594210.64,0,0,0.58079869
120511.64,0,0.0489569927465,2023-09-27,0,-0.138478818388,0,3,77391.15,1537678.2,1658189.84,1580798.69,0,0,0.65818984
120511.64,0,-0.00582273498914,2023-09-28,0,-0.143495227917,0,3,-9655.2,1528023,1648534.64,1658189.84,0,0,0.64853464
120511.64,0,0.00848495970943,2023-10-02,0,-0.136227819434,0,3,13987.75,1542010.75,1662522.39,1648534.64,0,0,0.66252239
120511.64,0,-0.0061656913986,2023-10-03,0,-0.141553572139,0,3,-10250.6,1531760.15,1652271.79,1662522.39,0,0,0.65227179
120511.64,0,0.0112338963313,2023-10-04,0,-0.131909873962,0,3,18561.45,1550321.6,1670833.24,1652271.79,0,0,0.67083324
120511.64,0,-0.00514925714549,2023-10-05,0,-0.136379893246,0,3,-8603.55,1541718.05,1662229.69,1670833.24,0,0,0.66222969
567213.14,4023,0.0077723614719,2023-10-06,0,-0.129667525602,3231,3,13711.45,1107936,1675149.14,1662229.69,0,0,0.67514914
603103.89,323,-0.0315849190598,2023-10-11,0,-0.157156906361,-195.75,3,-52390.7,1019135.8,1622239.69,1675149.14,0,0,0.62223969
123492.04,3132,0.0216325924069,2023-10-12,0,-0.138924025254,9947.05,3,28278.2,1533840.9,1657332.94,1622239.69,0,0,0.65733294
123492.04,0,-0.00891233115779,2023-10-13,0,-0.146598219493,0,3,-14770.7,1519070.2,1642562.24,1657332.94,0,0,0.64256224
123492.04,0,-0.0123042521664,2023-10-16,0,-0.157098690199,0,3,-20210.5,1498859.7,1622351.74,1642562.24,0,0,0.62235174
123492.04,0,0.0124362981853,2023-10-17,0,-0.14661611817,0,3,20176.05,1519035.75,1642527.79,1622351.74,0,0,0.64252779
123492.04,0,-0.0146968289651,2023-10-18,0,-0.159158155123,0,3,-24139.95,1494895.8,1618387.84,1642527.79,0,0,0.61838784
123492.04,0,-0.0365592835893,2023-10-19,0,-0.189898730583,0,3,-59167.1,1435728.7,1559220.74,1618387.84,0,0,0.55922074
123492.04,0,0.0104786638485,2023-10-20,0,-0.181409951698,0,3,16338.55,1452067.25,1575559.29,1559220.74,0,0,0.57555929
123492.04,0,-0.0158397720469,2023-10-23,0,-0.194376231463,0,3,-24956.5,1427110.75,1550602.79,1575559.29,0,0,0.55060279
123492.04,0,0.00720281175297,2023-10-24,0,-0.188573475114,0,3,11168.7,1438279.45,1561771.49,1550602.79,0,0,0.56177149
123492.04,0,0.00900346183167,2023-10-25,0,-0.181267827368,0,3,14061.35,1452340.8,1575832.84,1561771.49,0,0,0.57583284
123492.04,0,0.0154573818883,2023-10-26,0,-0.168612371512,0,3,24358.25,1476699.05,1600191.09,1575832.84,0,0,0.60019109
123492.04,0,0.0116214870313,2023-10-27,0,-0.158950410969,0,3,18596.6,1495295.65,1618787.69,1600191.09,0,0,0.61878769
123492.04,0,-0.0215249968944,2023-10-30,0,-0.177054000761,0,3,-34844.4,1460451.25,1583943.29,1618787.69,0,0,0.58394329
123492.04,0,-0.0441419528347,2023-10-31,0,-0.213380444245,0,3,-69918.35,1390532.9,1514024.94,1583943.29,0,0,0.51402494
123492.04,0,0.00625963928969,2023-11-01,0,-0.208456489568,0,3,9477.25,1400010.15,1523502.19,1514024.94,0,0,0.52350219
123492.04,0,0.0213382036556,2023-11-02,0,-0.19156637294,0,3,32508.8,1432518.95,1556010.99,1523502.19,0,0,0.55601099
123492.04,0,-0.00509209128401,2023-11-03,0,-0.195682990766,0,3,-7923.35,1424595.6,1548087.64,1556010.99,0,0,0.54808764
123492.04,0,0.0192346345456,2023-11-06,0,-0.180212247035,0,3,29776.9,1454372.5,1577864.54,1548087.64,0,0,0.57786454
232234.04,998,-0.0023482370673,2023-11-07,0,-0.182137303023,-298.4,3,-2408.8,1341925.3,1574159.34,1577864.54,0,0,0.57415934
342715.54,1013,0.0143680499332,2023-11-08,0,-0.170386210955,706.3,3,22924.3,1254061.4,1596776.94,1574159.34,0,0,0.59677694
627238.04,2581,0.0023029202814,2023-11-09,0,-0.168475676534,5260.5,2,997.75,973216.15,1600454.19,1596776.94,0,0,0.60045419
124299.04,2963,0.0173032443996,2023-11-10,0,-0.154087607941,22414,3,8242.05,1503848.2,1628147.24,1600454.19,0,0,0.62814724
251083.99,1162,0.0260294640183,2023-11-13,0,-0.132068961769,-1504.55,3,45046.35,1419443.05,1670527.04,1628147.24,0,0,0.67052704
380259.59,1183,0.051659475084,2023-11-14,0,-0.0872320999252,1204.4,3,86277.15,1376566,1756825.59,1670527.04,0,0,0.75682559
540442.59,1461,0.0125015255498,2023-11-15,0,-0.0758211087013,502,3,22922,1238346,1778788.59,1756825.59,0,0,0.77878859
604812.84,599,-0.0107754795077,2023-11-16,0,-0.0857795794059,150.65,3,-18718.95,1154808.45,1759621.29,1778788.59,0,0,0.75962129
53856.34,3276,0.0447762540995,2023-11-17,0,-0.0448442135504,29275.3,4,52789.95,1784554.2,1838410.54,1759621.29,0,0,0.83841054
53932.39,21,0.0303738739444,2023-11-20,0,-0.0158324320955,0.45,4,55860.2,1840317.8,1894250.19,1838410.54,0,0,0.89425019
54105.94,21,-0.0119599565673,2023-11-21,0,-0.0276030334626,-1.35,4,-22632.8,1817489.1,1871595.04,1894250.19,0,0,0.87159504
54441.82,23,0.060640217341,2023-11-22,0,0,0.275,4,113516.65,1930647.15,1985088.97,1871595.04,0,0,0.98508897
54453.65,21,-0.0409596603622,2023-11-23,0,-0.0409596603622,-0.125,3,-81287.45,1849326.75,1903780.4,1985088.97,0,0,0.9037804
54453.65,0,0.00386494156574,2023-11-24,0,-0.0372530254903,0,3,7358,1856684.75,1911138.4,1903780.4,0,0,0.9111384
54453.65,0,-0.0134956997358,2023-11-27,0,-0.0502459695799,0,3,-25792.15,1830892.6,1885346.25,1911138.4,0,0,0.88534625
54453.65,0,0.0299054881829,2023-11-28,0,-0.0218431116465,0,3,56382.2,1887274.8,1941728.45,1885346.25,0,0,0.94172845
54453.65,0,0.0206695740591,2023-11-29,0,-0.00162502540125,0,3,40134.7,1927409.5,1981863.15,1941728.45,0,0,0.98186315
54453.65,0,0.0290669666066,2023-11-30,0,0,0,3,57606.75,1985016.25,2039469.9,1981863.15,0,0,1.0394699
54453.65,0,0.0479693522322,2023-12-01,0,0,0,3,97832.05,2082848.3,2137301.95,2039469.9,0,0,1.13730195
54453.65,0,-0.047760144513,2023-12-04,0,-0.047760144513,0,3,-102077.85,1980770.45,2035224.1,2137301.95,0,0,1.0352241
54453.65,0,-0.0347610368804,2023-12-05,0,-0.0808609892486,0,3,-70746.5,1910023.95,1964477.6,2035224.1,0,0,0.9644776
54453.65,0,-0.0127030972509,2023-12-06,0,-0.0925369014893,0,3,-24954.95,1885069,1939522.65,1964477.6,0,0,0.93952265
553405.95,4508,-0.0289051535438,2023-12-07,0,-0.118767261687,6806.3,3,-58360.5,1330054.5,1883460.45,1939522.65,0,0,0.88346045
123345.55,2608,0.0401294330338,2023-12-08,0,-0.0834038915278,-7628.4,4,85818.6,1835697.1,1959042.65,1883460.45,0,0,0.95904265
124372.35,28,0.00832414240701,2023-12-11,0,-0.0757740149912,-25.2,3,16360.55,1850977.65,1975350,1959042.65,0,0,0.97535
124372.35,0,-0.0223722884552,2023-12-12,0,-0.0964510653256,0,3,-44193.1,1806784.55,1931156.9,1975350,0,0,0.9311569
124372.35,0,0.0122570568968,2023-12-13,0,-0.0853762146242,0,3,23670.3,1830454.85,1954827.2,1931156.9,0,0,0.9548272
124372.35,0,-0.0015535900053,2023-12-14,0,-0.0867971649958,0,3,-3037,1827417.85,1951790.2,1954827.2,0,0,0.9517902
124372.35,0,0.0018241970884,2023-12-15,0,-0.0851313030431,0,3,3560.45,1830978.3,1955350.65,1951790.2,0,0,0.95535065
124372.35,0,0.0269628621342,2023-12-18,0,-0.0604638244961,0,3,52721.85,1883700.15,2008072.5,1955350.65,0,0,1.0080725
124372.35,0,-0.0109496046582,2023-12-19,0,-0.07075137418,0,3,-21987.6,1861712.55,1986084.9,2008072.5,0,0,0.9860849
124372.35,0,0.0174990756941,2023-12-20,0,-0.0544903821381,0,3,34754.65,1896467.2,2020839.55,1986084.9,0,0,1.02083955
124372.35,0,-0.0214642968562,2023-12-21,0,-0.0747850812563,0,3,-43375.9,1853091.3,1977463.65,2020839.55,0,0,0.97746365
124372.35,0,-0.0170947010834,2023-12-22,0,-0.0906013537301,0,3,-33804.15,1819287.15,1943659.5,1977463.65,0,0,0.9436595
124372.35,0,-0.0366395708713,2023-12-25,0,-0.12392132988,0,3,-71214.85,1748072.3,1872444.65,1943659.5,0,0,0.87244465
124372.35,0,9.506289011e-05,2023-12-26,0,-0.12383804731,0,3,178,1748250.3,1872622.65,1872444.65,0,0,0.87262265
124372.35,0,-0.0187216308635,2023-12-27,0,-0.140241227965,0,3,-35058.55,1713191.75,1837564.1,1872622.65,0,0,0.8375641
124372.35,0,0.0281465555406,2023-12-28,0,-0.116041979936,0,3,51721.1,1764912.85,1889285.2,1837564.1,0,0,0.8892852
124372.35,0,0.00679129863506,2023-12-29,0,-0.110038757041,0,3,12830.7,1777743.55,1902115.9,1889285.2,0,0,0.9021159
124372.35,0,0.00122902605462,2024-01-02,0,-0.108944971486,0,3,2337.75,1780081.3,1904453.65,1902115.9,0,0,0.90445365
124372.35,0,0.0173952251345,2024-01-03,0,-0.0934448686579,0,3,33128.4,1813209.7,1937582.05,1904453.65,0,0,0.93758205
124372.35,0,0.0123256199654,2024-01-04,0,-0.0822710146313,0,3,23881.9,1837091.6,1961463.95,1937582.05,0,0,0.96146395
447049.18,2923,0.00151110602874,2024-01-05,0,-0.0808842288288,2030.975,3,3856,1517378.75,1964427.93,1961463.95,0,0,0.96442793
57249.2,2371,-0.0168427303923,2024-01-08,0,-0.0963646479619,-7579.125,3,-23136.2,1874092.4,1931341.6,1964427.93,0,0,0.9313416
57249.2,0,0.0339036346548,2024-01-09,0,-0.0657281251252,0,3,65479.5,1939571.9,1996821.1,1931341.6,0,0,0.9968211
166322.68,1002,0.0109969941724,2024-01-10,0,-0.0554539427618,378.375,3,22582.65,1852457.45,2018780.13,1996821.1,0,0,1.01878013
366123.68,1799,0.0469266061183,2024-01-11,0,-0.0111296019732,-900,3,97433.5,1747390.95,2113514.63,2018780.13,0,0,1.11351463
527247.68,1451,-0.0132651080821,2024-01-12,0,-0.0242470746822,1225,2,-27810,1558230.95,2085478.63,2113514.63,0,0,1.08547863
35312.68,2899,0.0566869630306,2024-01-15,0,0,18313.2,3,102805.25,2168385.4,2203698.08,2085478.63,0,0,1.20369808
35312.68,0,-0.0187299477976,2024-01-16,0,-0.0187299477976,0,3,-41275.15,2127110.25,2162422.93,2203698.08,0,0,1.16242293
35312.68,0,-0.0111865258477,2024-01-17,0,-0.0297069506001,0,3,-24190,2102920.25,2138232.93,2162422.93,0,0,1.13823293
35312.68,0,-0.0106830737098,2024-01-18,0,-0.0400726627669,0,3,-22842.9,2080077.35,2115390.03,2138232.93,0,0,1.11539003
35312.68,0,0.0110091518206,2024-01-19,0,-0.0295046769746,0,3,23288.65,2103366,2138678.68,2115390.03,0,0,1.13867868
35312.68,0,0.0220051522653,2024-01-22,0,-0.00814877961867,0,3,47061.95,2150427.95,2185740.63,2138678.68,0,0,1.18574063
35312.68,0,0.00781984365638,2024-01-23,0,-0.000392658144894,0,3,17092.15,2167520.1,2202832.78,2185740.63,0,0,1.20283278
35312.68,0,0.0123558402831,2024-01-24,0,0,0,3,27217.85,2194737.95,2230050.63,2202832.78,0,0,1.23005063
35312.68,0,0.00124663088927,2024-01-25,0,0,0,3,2780.05,2197518,2232830.68,2230050.63,0,0,1.23283068
35312.68,0,0.0299984905259,2024-01-26,0,0,0,3,66981.55,2264499.55,2299812.23,2232830.68,0,0,1.29981223
35312.68,0,0.0597005260729,2024-01-29,0,0,0,3,137300,2401799.55,2437112.23,2299812.23,0,0,1.43711223
35312.68,0,0.0236720530511,2024-01-30,0,0,0,3,57691.45,2459491,2494803.68,2437112.23,0,0,1.49480368
35312.68,0,0.0148983466306,2024-01-31,0,0,0,3,37168.45,2496659.45,2531972.13,2494803.68,0,0,1.53197213
35312.68,0,-0.020713024199,2024-02-01,0,-0.020713024199,0,3,-52444.8,2444214.65,2479527.33,2531972.13,0,0,1.47952733
35312.68,0,0.0481078786899,2024-02-02,0,0,0,3,119284.8,2563499.45,2598812.13,2479527.33,0,0,1.59881213
35312.68,0,-0.0113752355004,2024-02-05,0,-0.0113752355004,0,3,-29562.1,2533937.35,2569250.03,2598812.13,0,0,1.56925003
35312.68,0,0.056974096834,2024-02-15,0,0,0,3,146380.7,2680318.05,2715630.73,2569250.03,0,0,1.71563073
35312.68,0,0.0260489945185,2024-02-16,0,0,0,3,70739.45,2751057.5,2786370.18,2715630.73,0,0,1.78637018
1698151.68,14975,-0.0187322561714,2024-02-19,0,-0.0187322561714,9332,2,-46552,1036023.5,2734175.18,2786370.18,0,0,1.73417518
955841.18,4373,-0.00806597915207,2024-02-20,0,-0.0266471413357,-19687.5,3,2006.7,1756280.2,2712121.38,2734175.18,0,0,1.71212138
955841.18,0,-0.00114690663292,2024-02-21,0,-0.0277634861855,0,3,-3110.55,1753169.65,2709010.83,2712121.38,0,0,1.70901083
955841.18,0,-0.00826521243549,2024-02-22,0,-0.0357992275097,0,3,-22390.55,1730779.1,2686620.28,2709010.83,0,0,1.68662028
955841.18,0,0.0222329707122,2024-02-23,0,-0.0143621799742,0,3,59731.55,1790510.65,2746351.83,2686620.28,0,0,1.74635183
955841.18,0,0.0121020728797,2024-02-26,0,-0.00243391924328,0,3,33236.55,1823747.2,2779588.38,2746351.83,0,0,1.77958838
955841.18,0,-0.0149784587889,2024-02-27,0,-0.0173759216731,0,3,-41633.95,1782113.25,2737954.43,2779588.38,0,0,1.73795443
955841.18,0,0.0217089624826,2024-02-29,0,0,0,3,59438.15,1841551.4,2797392.58,2737954.43,0,0,1.79739258
955841.18,0,0.00534526333805,2024-03-01,0,0,0,3,14952.8,1856504.2,2812345.38,2797392.58,0,0,1.81234538
955841.18,0,-0.00543535659194,2024-03-04,0,-0.00543535659194,0,3,-15286.1,1841218.1,2797059.28,2812345.38,0,0,1.79705928
955841.18,0,0.00271388599243,2024-03-05,0,-0.00273622153763,0,3,7590.9,1848809,2804650.18,2797059.28,0,0,1.80465018
955841.18,0,0.0287516962276,2024-03-06,0,0,0,3,80638.45,1929447.45,2885288.63,2804650.18,0,0,1.88528863
955841.18,0,0.0122320864655,2024-03-07,0,0,0,3,35293.1,1964740.55,2920581.73,2885288.63,0,0,1.92058173
955841.18,0,-0.044446179563,2024-03-08,0,-0.044446179563,0,3,-129808.7,1834931.85,2790773.03,2920581.73,0,0,1.79077303
955841.18,0,-0.0261727303564,2024-03-11,0,-0.0694556320463,0,3,-73042.15,1761889.7,2717730.88,2790773.03,0,0,1.71773088
955841.18,0,0.0311424323221,2024-03-12,0,-0.0404762170446,0,3,84636.75,1846526.45,2802367.63,2717730.88,0,0,1.80236763
955841.18,0,-0.00421261645818,2024-03-13,0,-0.0445183227247,0,3,-11805.3,1834721.15,2790562.33,2802367.63,0,0,1.79056233
955841.18,0,-0.0190435810835,2024-03-14,0,-0.0627141155197,0,3,-53142.3,1781578.85,2737420.03,2790562.33,0,0,1.73742003
955841.18,0,0.00510135450423,2024-03-15,0,-0.0579326879512,0,3,13964.55,1795543.4,2751384.58,2737420.03,0,0,1.75138458
955841.18,0,0.00921132588451,2024-03-18,0,-0.0492549989347,0,3,25343.9,1820887.3,2776728.48,2751384.58,0,0,1.77672848
955841.18,0,-0.00393101092837,2024-03-19,0,-0.052992387924,0,3,-10915.35,1809971.95,2765813.13,2776728.48,0,0,1.76581313
955841.18,0,-0.00322058996083,2024-03-20,0,-0.0560423111323,0,3,-8907.55,1801064.4,2756905.58,2765813.13,0,0,1.75690558
955841.18,0,0.00264613705051,2024-03-21,0,-0.0535444697177,0,3,7295.15,1808359.55,2764200.73,2756905.58,0,0,1.76420073
955841.18,0,0.000937196771524,2024-03-22,0,-0.0526574546503,0,3,2590.6,1810950.15,2766791.33,2764200.73,0,0,1.76679133
955841.18,0,-0.0112265423356,2024-03-25,0,-0.063292835842,0,3,-31061.5,1779888.65,2735729.83,2766791.33,0,0,1.73572983
955841.18,0,-0.020410440164,2024-03-26,0,-0.0824114413672,0,3,-55837.45,1724051.2,2679892.38,2735729.83,0,0,1.67989238
955841.18,0,-0.00364201192288,2024-03-27,0,-0.085753309838,0,3,-9760.2,1714291,2670132.18,2679892.38,0,0,1.67013218
955841.18,0,0.000478534362295,2024-03-28,0,-0.0853158113812,0,3,1277.75,1715568.75,2671409.93,2670132.18,0,0,1.67140993
955841.18,0,0.0238531905135,2024-03-29,0,-0.0634976751704,0,3,63721.65,1779290.4,2735131.58,2671409.93,0,0,1.73513158
955841.18,0,0.00500175205465,2024-04-01,0,-0.058813522743,0,3,13680.45,1792970.85,2748812.03,2735131.58,0,0,1.74881203
955841.18,0,0.00672174008202,2024-04-02,0,-0.0524871118741,0,3,18476.8,1811447.65,2767288.83,2748812.03,0,0,1.76728883
955841.18,0,0.000525947990763,2024-04-03,0,-0.0519887693744,0,3,1455.45,1812903.1,2768744.28,2767288.83,0,0,1.76874428
955841.18,0,0.0169278543846,2024-04-08,0,-0.0359409733074,0,3,46868.9,1859772,2815613.18,2768744.28,0,0,1.81561318
955841.18,0,0.0136300683178,2024-04-09,0,-0.0228007829111,0,3,38377,1898149,2853990.18,2815613.18,0,0,1.85399018
955841.18,0,-0.00430863430651,2024-04-10,0,-0.0270111769822,0,3,-12296.8,1885852.2,2841693.38,2853990.18,0,0,1.84169338
955841.18,0,-0.0191201663003,2024-04-11,0,-0.0456148850866,0,3,-54333.65,1831518.55,2787359.73,2841693.38,0,0,1.78735973
955841.18,0,0.0136973888189,2024-04-12,0,-0.0325423010847,0,3,38179.55,1869698.1,2825539.28,2787359.73,0,0,1.82553928
955841.18,0,-0.0256481658255,2024-04-15,0,-0.0573558165756,0,3,-72469.9,1797228.2,2753069.38,2825539.28,0,0,1.75306938
955841.18,0,-0.0199964266792,2024-04-16,0,-0.0762053318741,0,3,-55051.55,1742176.65,2698017.83,2753069.38,0,0,1.69801783
955841.18,0,0.0160208911592,2024-04-17,0,-0.0614053180426,0,3,43224.65,1785401.3,2741242.48,2698017.83,0,0,1.74124248
1293254.18,3057,0.0182742316178,2024-04-18,0,-0.0442532214293,11329,3,41822.1,1498082.4,2791336.58,2741242.48,0,0,1.79133658
1352720.03,552,-0.00630031509851,2024-04-19,0,-0.0502747272887,-244.15,3,-16790.15,1421030.25,2773750.28,2791336.58,0,0,1.77375028
519052.23,4966,-0.0664206873014,2024-04-22,0,-0.11335613265,-78011.2,4,-101257.2,2070463.65,2589515.88,2773750.28,0,0,1.58951588
519618.86,24,-0.0135397007104,2024-04-23,0,-0.12536102525,-2.625,4,-35034.65,2034835.75,2554454.61,2589515.88,0,0,1.55445461
520231.76,24,0.0220509300809,2024-04-24,0,-0.106074422372,-5.5,4,56357.6,2090550.95,2610782.71,2554454.61,0,0,1.61078271
1077081.39,5049,-0.0142587392882,2024-04-25,0,-0.118820674126,-4566.025,3,-27611.45,1496474.85,2573556.24,2610782.71,0,0,1.57355624
306673.99,4606,-0.00549945238422,2024-04-26,0,-0.123666677871,-25590.2,4,16043.05,2252729.1,2559403.09,2573556.24,0,0,1.55940309
318283.99,108,-0.0250138011672,2024-04-29,0,-0.145587105347,98,4,-64010.4,2177098.7,2495382.69,2559403.09,0,0,1.49538269
322475.59,52,-0.00570281266157,2024-04-30,0,-0.150459662021,-46.35,3,-14132.35,2158676.4,2481151.99,2495382.69,0,0,1.48115199
322475.59,0,-0.015597553135,2024-05-02,0,-0.163710412583,0,3,-38699.9,2119976.5,2442452.09,2481151.99,0,0,1.44245209
322475.59,0,-0.000886424756852,2024-05-03,0,-0.164451720377,0,3,-2165.05,2117811.45,2440287.04,2442452.09,0,0,1.44028704
942184.19,5601,0.0552301216172,2024-05-06,0,-0.118304287276,14630.95,2,125747.4,1632880.2,2575064.39,2440287.04,0,0,1.57506439
151693.99,4658,-0.0462165530548,2024-05-07,0,-0.159053223962,-59862.8,3,-54489.8,2304359.8,2456053.79,2575064.39,0,0,1.45605379
151693.99,0,-0.0160156915782,2024-05-08,0,-0.17252156816,0,3,-39335.4,2265024.4,2416718.39,2456053.79,0,0,1.41671839
151693.99,0,-0.0188889198629,2024-05-09,0,-0.188151741948,0,3,-45649.2,2219375.2,2371069.19,2416718.39,0,0,1.37106919
151693.99,0,-0.0147934105626,2024-05-10,0,-0.200161746544,0,3,-35076.2,2184299,2335992.99,2371069.19,0,0,1.33599299
750224.99,5404,-0.0368530215495,2024-05-13,0,-0.229638202934,23259.4,3,-103943.8,1499679.6,2249904.59,2335992.99,0,0,1.24990459
103062.24,3874,-0.0140152387529,2024-05-14,0,-0.240435007446,-2883.75,4,-24775.2,2115309.4,2218371.64,2249904.59,0,0,1.21837164
104708.24,33,0.0313242374483,2024-05-15,0,-0.216642213262,21.9,4,69499.9,2183152.2,2287860.44,2218371.64,0,0,1.28786044
106414.47,33,0.00567334867681,2024-05-16,0,-0.212197951399,-82.125,3,13094.95,2194425.8,2300840.27,2287860.44,0,0,1.30084027
106414.47,0,-0.00765976683814,2024-05-17,0,-0.218232331406,0,3,-17623.9,2176801.9,2283216.37,2300840.27,0,0,1.28321637
106414.47,0,-0.0119825700093,2024-05-20,0,-0.227599917226,0,3,-27358.8,2149443.1,2255857.57,2283216.37,0,0,1.25585757
106414.47,0,0.0942657474603,2024-05-21,0,-0.154789046085,0,3,212650.1,2362093.2,2468507.67,2255857.57,0,0,1.46850767
106414.47,0,0.0188498502822,2024-05-22,0,-0.138856946147,0,3,46531,2408624.2,2515038.67,2468507.67,0,0,1.51503867
995381.47,8005,-0.0231259664886,2024-05-23,0,-0.158771711552,2115.5,3,-52273.2,1461494.5,2456875.97,2515038.67,0,0,1.45687597
258356.97,4428,0.00538997497704,2024-05-24,0,-0.154237512127,-8702.2,3,26372.7,2211761.5,2470118.47,2456875.97,0,0,1.47011847
258356.97,0,0.0499706801512,2024-05-27,0,-0.111974185362,0,3,123433.5,2335195,2593551.97,2470118.47,0,0,1.59355197
258356.97,0,0.0416955978715,2024-05-28,0,-0.0749474180954,0,3,108139.7,2443334.7,2701691.67,2593551.97,0,0,1.70169167
258356.97,0,0.0188846123955,2024-05-29,0,-0.0574781586407,0,3,51020.4,2494355.1,2752712.07,2701691.67,0,0,1.75271207
258356.97,0,-0.0403837732291,2024-05-30,0,-0.0955407469456,0,3,-111164.9,2383190.2,2641547.17,2752712.07,0,0,1.64154717
258356.97,0,0.0355501507096,2024-05-31,0,-0.0633870841889,0,3,93907.4,2477097.6,2735454.57,2641547.17,0,0,1.73545457
258356.97,0,0.0325461811636,2024-06-03,0,-0.0329039105507,0,3,89028.6,2566126.2,2824483.17,2735454.57,0,0,1.82448317
258356.97,0,-0.0142762047331,2024-06-04,0,-0.0467103723202,0,3,-40322.9,2525803.3,2784160.27,2824483.17,0,0,1.78416027
258356.97,0,-0.0407946702005,2024-06-05,0,-0.085599508287,0,3,-113578.9,2412224.4,2670581.37,2784160.27,0,0,1.67058137
258356.97,0,-0.0280487240874,2024-06-06,0,-0.111247275384,0,3,-74906.4,2337318,2595674.97,2670581.37,0,0,1.59567497
258356.97,0,0.0270687203953,2024-06-07,0,-0.0871898763812,0,3,70261.6,2407579.6,2665936.57,2595674.97,0,0,1.66593657
258356.97,0,-0.0394659802427,2024-06-11,0,-0.123214822685,0,3,-105213.8,2302365.8,2560722.77,2665936.57,0,0,1.56072277
258356.97,0,0.0459760038764,2024-06-12,0,-0.0829037439743,0,3,117731.8,2420097.6,2678454.57,2560722.77,0,0,1.67845457
258356.97,0,0.0480254925511,2024-06-13,0,-0.0388597445619,0,3,128634.1,2548731.7,2807088.67,2678454.57,0,0,1.80708867
258356.97,0,0.0374389669707,2024-06-14,0,-0.00287564628434,0,3,105094.5,2653826.2,2912183.17,2807088.67,0,0,1.91218317
258356.97,0,0.0409327274562,2024-06-17,0,0,0,3,119203.6,2773029.8,3031386.77,2912183.17,0,0,2.03138677
258356.97,0,-0.0182974342136,2024-06-18,0,-0.0182974342136,0,3,-55466.6,2717563.2,2975920.17,3031386.77,0,0,1.97592017
258356.97,0,-0.0383765334673,2024-06-19,0,-0.0559717755844,0,3,-114205.5,2603357.7,2861714.67,2975920.17,0,0,1.86171467
258356.97,0,0.0540856856285,2024-06-20,0,-0.00491336181427,0,3,154777.8,2758135.5,3016492.47,2861714.67,0,0,2.01649247
258356.97,0,-0.0158121727385,2024-06-21,17112,-0.020647843627,0,3,-64809.3,2693326.2,2968795.17,3016492.47,17112,0,1.96879517
258356.97,0,-0.0132812126611,2024-06-24,0,-0.0336548278859,0,3,-39429.2,2653897,2929365.97,2968795.17,17112,0,1.92936597
258356.97,0,0.0200073328496,2024-06-25,0,-0.0143208383799,0,3,58608.8,2712505.8,2987974.77,2929365.97,17112,0,1.98797477
258356.97,0,-0.00183736491189,2024-06-26,0,-0.0161318906858,0,3,-5490,2707015.8,2982484.77,2987974.77,17112,0,1.98248477
258356.97,0,-0.0224838700517,2024-06-27,0,-0.0382530534037,0,3,-67057.8,2639958,2915426.97,2982484.77,17112,0,1.91542697
258356.97,0,0.0378861831,2024-06-28,0,-0.00181613248909,0,3,110454.4,2750412.4,3025881.37,2915426.97,17112,0,2.02588137
258356.97,0,0.0439188400833,2024-07-01,0,0,0,3,132893.2,2883305.6,3158774.57,3025881.37,17112,0,2.15877457
258356.97,0,-0.012838712957,2024-07-02,0,-0.012838712957,0,3,-40554.6,2842751,3118219.97,3158774.57,17112,0,2.11821997
258356.97,0,0.0381693405677,2024-07-03,0,0,0,3,119020.4,2961771.4,3237240.37,3118219.97,17112,0,2.23724037
258356.97,0,0.0683844184236,2024-07-04,0,0,0,3,221376.8,3183148.2,3458617.17,3237240.37,17112,0,2.45861717
258356.97,0,0.0606029490104,2024-07-05,0,0,0,3,209602.4,3392750.6,3668219.57,3458617.17,17112,0,2.66821957
258356.97,0,-0.0254571456855,2024-07-08,0,-0.0254571456855,0,3,-93382.4,3299368.2,3574837.17,3668219.57,17112,0,2.57483717
258356.97,0,-0.0268770843065,2024-07-09,0,-0.0516500161412,0,3,-96081.2,3203287,3478755.97,3574837.17,17112,0,2.47875597
258356.97,0,0.0372118082201,2024-07-10,0,-0.0163601984164,0,3,129450.8,3332737.8,3608206.77,3478755.97,17112,0,2.60820677
258356.97,0,-0.0331921111051,2024-07-11,0,-0.0490092799979,0,3,-119764,3212973.8,3488442.77,3608206.77,17112,0,2.48844277
258356.97,0,-0.015663550645,2024-07-12,0,-0.0639051713036,0,3,-54641.4,3158332.4,3433801.37,3488442.77,17112,0,2.43380137
258356.97,0,-0.0163786410278,2024-07-15,0,-0.0792371324708,0,3,-56241,3102091.4,3377560.37,3433801.37,17112,0,2.37756037
258356.97,0,-0.0217327869701,2024-07-16,0,-0.0992478757208,0,3,-73403.8,3028687.6,3304156.57,3377560.37,17112,0,2.30415657
258356.97,0,0.0159868937446,2024-07-17,0,-0.0848476472198,0,3,52823.2,3081510.8,3356979.77,3304156.57,17112,0,2.35697977
258356.97,0,-0.0257816269176,2024-07-18,20168,-0.108441763752,0,3,-106716.4,2974794.4,3270431.37,3356979.77,37280,0,2.27043137
258356.97,0,-0.00442736702345,2024-07-19,0,-0.112389019287,0,3,-14479.4,2960315,3255951.97,3270431.37,37280,0,2.25595197
258356.97,0,-0.0122318757669,2024-07-22,0,-0.123246166532,0,3,-39826.4,2920488.6,3216125.57,3255951.97,37280,0,2.21612557
258356.97,0,-0.00371658374023,2024-07-23,0,-0.126504695574,0,3,-11953,2908535.6,3204172.57,3216125.57,37280,0,2.20417257
275468.97,0,-0.038769946776,2024-07-26,0,-0.160370062035,0,3,-124225.6,2784310,3079946.97,3204172.57,20168,0,2.07994697
275468.97,0,-0.0609948813502,2024-07-29,0,-0.21158319048,0,3,-187861,2596449,2892085.97,3079946.97,20168,0,1.89208597
982285.87,6371,0.0168669951398,2024-07-30,0,-0.198284967985,-13393.2,3,68545,1938412.9,2940866.77,2892085.97,20168,0,1.94086677
124050.52,5236,-0.00586441051187,2024-07-31,0,-0.202986554046,-17422.95,4,5412.5,2779401.8,2923620.32,2940866.77,20168,0,1.92362032
128501.02,54,0.0827791140814,2024-08-01,0,-0.137010487079,9.9,3,242058.8,3016966,3165635.02,2923620.32,20168,0,2.16563502
128501.02,0,0.0204020361134,2024-08-02,0,-0.119403743871,0,3,64585.4,3081551.4,3230220.42,3165635.02,20168,0,2.23022042
128501.02,0,-0.092438893071,2024-08-05,0,-0.20080508703,0,3,-298598,2782953.4,2931622.42,3230220.42,20168,0,1.93162242
128501.02,0,-0.0436227391111,2024-08-06,0,-0.235668158218,0,3,-127885.4,2655068,2803737.02,2931622.42,20168,0,1.80373702
765130.02,5747,0.0809894074873,2024-08-07,0,-0.173765375228,-23168,2,255988,2245512,3030810.02,2803737.02,20168,0,2.03081002
63256.04,4146,0.059442317008,2024-08-08,0,-0.124652074739,-9740.825,3,194045.2,3127544.35,3210968.39,3030810.02,20168,0,2.21096839
63256.04,0,0.0257713686182,2024-08-09,0,-0.102093160688,0,3,82751.05,3210295.4,3293719.44,3210968.39,20168,0,2.29371944
63256.04,0,-0.0290514118592,2024-08-12,0,-0.128178622088,0,3,-95687.2,3114608.2,3198032.24,3293719.44,20168,0,2.19803224
63256.04,0,0.0414829464008,2024-08-13,0,-0.0920129025973,0,3,132663.8,3247272,3330696.04,3198032.24,20168,0,2.33069604
1857104.94,16156,0.035378070705,2024-08-14,0,-0.0598900708662,50977.3,2,83012.3,1571256.7,3448529.64,3330696.04,20168,0,2.44852964
957698.94,5310,0.0180974521072,2024-08-15,0,-0.0428764764482,61267.2,3,6452.4,2533072.3,3510939.24,3448529.64,20168,0,2.51093924
977866.94,0,0.000163816563228,2024-08-16,0,-0.042719683762,0,3,575.15,2533647.45,3511514.39,3510939.24,0,0,2.51151439
977866.94,0,0.0250629472716,2024-08-19,0,-0.018727417672,0,3,88008.9,2621656.35,3599523.29,3511514.39,0,0,2.59952329
977866.94,0,0.0235287684442,2024-08-20,0,0,0,3,84692.35,2706348.7,3684215.64,3599523.29,0,0,2.68421564
977866.94,0,0.0205088429623,2024-08-21,0,0,0,3,75559,2781907.7,3759774.64,3684215.64,0,0,2.75977464
977866.94,0,-0.0344510409273,2024-08-22,0,-0.0344510409273,0,3,-129528.15,2652379.55,3630246.49,3759774.64,0,0,2.63024649
1560765.17,5263,-0.000424246674225,2024-08-23,0,-0.034860671862,-6408.475,3,10131.35,2067941.2,3628706.37,3630246.49,0,0,2.62870637
492240.27,6325,0.0024017925705,2024-08-26,0,-0.0325426073941,-14202.6,3,29243,3145181.5,3637421.77,3628706.37,0,0,2.63742177
492240.27,0,0.0434720552079,2024-08-27,0,0,0,3,158126.2,3303307.7,3795547.97,3637421.77,0,0,2.79554797
492240.27,0,0.00189179534991,2024-08-28,0,0,0,3,7180.4,3310488.1,3802728.37,3795547.97,0,0,2.80272837
492240.27,0,0.0240257759983,2024-08-29,0,0,0,3,91363.5,3144811.6,3894091.87,3802728.37,257040,0,2.89409187
492240.27,0,-0.00984956217789,2024-08-30,0,-0.00984956217789,0,3,-38355.1,3117472.5,3855736.77,3894091.87,246024,0,2.85573677
492240.27,0,0.00448844437065,2024-09-02,23344.86,-0.00540532701916,0,3,-6038.6,3124653.1,3873043.03,3855736.77,256149.66,0,2.87304303
492240.27,0,0.029682835721,2024-09-03,0,0,0,3,114962.9,3239860.8,3988005.93,3873043.03,255904.86,0,2.98800593
492240.27,0,-0.0420691701429,2024-09-04,0,-0.0420691701429,0,3,-167772.1,3070375.1,3820233.83,3988005.93,257618.46,0,2.82023383
492240.27,0,-0.0419470920187,2024-09-05,0,-0.0822515828105,0,3,-160247.7,2909882.6,3659986.13,3820233.83,257863.26,0,2.65998613
492240.27,0,-0.0157578192789,2024-09-06,0,-0.0967132965121,0,3,-57673.4,2851719.6,3602312.73,3659986.13,258352.86,0,2.60231273
492240.27,0,-0.0391289736802,2024-09-09,0,-0.132057978159,0,3,-140954.8,2715660.8,3461357.93,3602312.73,253456.86,0,2.46135793
492240.27,0,-0.0394877105356,2024-09-10,0,-0.166331021479,0,3,-136681.1,2573226.9,3324676.83,3461357.93,259209.66,0,2.32467683
492240.27,0,0.0227181779951,2024-09-11,0,-0.147391581236,0,3,75530.6,2627040.5,3400207.43,3324676.83,280926.66,0,2.40020743
492240.27,0,0.0310005498694,2024-09-12,0,-0.120960251431,0,3,105408.3,2727077.6,3505615.73,3400207.43,286297.86,0,2.50561573
492240.27,0,0.0245883766616,2024-09-13,0,-0.0993460909924,0,3,86197.4,2815183,3591813.13,3505615.73,284389.86,0,2.59181313
492240.27,0,0.0214186810994,2024-09-16,0,-0.0800552721345,0,3,76931.9,2898594.9,3668745.03,3591813.13,277909.86,0,2.66874503
492240.27,0,0.0303245112675,2024-09-18,0,-0.0521583978688,0,3,111252.9,3009738,3779997.93,3668745.03,278019.66,0,2.77999793
492240.27,0,0.044649918631,2024-09-19,0,-0.00983734745851,0,3,168776.6,3176685.8,3948774.53,3779997.93,279848.46,0,2.94877453
492240.27,0,-0.0267680515048,2024-09-20,0,-0.0363420723399,0,3,-105701,3076966.2,3843073.53,3948774.53,273867.06,0,2.84307353
1073010.27,5230,-0.0341152983352,2024-09-23,0,-0.0692175500351,4000,3,-129877.6,2364570.2,3711965.93,3843073.53,274385.46,0,2.71196593
178842.67,6078,0.035847446477,2024-09-24,0,-0.0358513759783,10065.8,3,129076.7,3375614.9,3845030.43,3711965.93,290572.86,0,2.84503043
178842.67,0,0.00802213417073,2024-09-25,0,-0.0281168463558,0,3,30845.35,3405776.25,3875875.78,3845030.43,291256.86,0,2.87587578
178842.67,0,-0.0226045944125,2024-09-26,0,-0.0500858708603,0,3,-87612.6,3328110.45,3788263.18,3875875.78,281310.06,0,2.78826318
178842.67,0,0.00636890808626,2024-09-27,0,-0.0440359550819,0,3,24127.1,3353681.15,3812390.28,3788263.18,279866.46,0,2.81239028
202187.53,0,0.0193183395694,2024-09-30,0,-0.0255683170461,0,3,73649.05,3426865.8,3886039.33,3812390.28,256986,0,2.88603933
202187.53,0,0.0107283525615,2024-10-01,0,-0.0151142704043,0,3,41690.8,3464974.6,3927730.13,3886039.33,260568,0,2.92773013
202187.53,0,-0.0280954766106,2024-10-04,0,-0.0427851043842,0,3,-110351.45,3366713.75,3817378.68,3927730.13,248477.4,0,2.81737868
202187.53,0,0.0190503762126,2024-10-07,0,-0.0245498005064,0,3,72722.5,3436144.05,3890101.18,3817378.68,251769.6,0,2.89010118
202187.53,0,-0.0152441536238,2024-10-08,0,-0.0394197131999,0,3,-59301.3,3373834.95,3830799.88,3890101.18,254777.4,0,2.83079988
202187.53,0,-0.0104142088466,2024-10-09,0,-0.0494233969206,0,3,-39894.75,3336213.6,3790905.13,3830799.88,252504,0,2.79090513
202187.53,0,-0.0568690702107,2024-10-11,0,-0.103481804502,0,3,-215585.25,3130645.35,3575319.88,3790905.13,242487,0,2.57531988
978985.53,7007,0.0341980449593,2024-10-14,0,-0.0728226349453,-13987,3,143262.95,2469906.3,3697588.83,3575319.88,248697,0,2.69758883
133058.23,5076,0.023664799961,2024-10-15,0,-0.0508811680729,-52378.8,3,144957.5,3408412.3,3785091.53,3697588.83,243621,0,2.78509153
133058.23,0,0.0204051340338,2024-10-16,0,-0.0315142710934,0,3,77235.3,3484738.6,3862326.83,3785091.53,244530,0,2.86232683
133058.23,0,0.0172036709799,2024-10-17,0,-0.0148527612646,0,3,66446.2,3547712.6,3928773.03,3862326.83,248002.2,0,2.92877303
133058.23,0,-0.0172649831085,2024-10-18,0,-0.0318613117007,0,3,-67830.2,3716049.6,3860942.83,3928773.03,11835,0,2.86094283
133058.23,0,-0.0266478175229,2024-10-21,0,-0.0576600948033,0,3,-102885.7,3613343.9,3758057.13,3860942.83,11655,0,2.75805713
133058.23,0,-0.00630349650911,2024-10-22,0,-0.0636001311061,0,3,-23688.9,3589700,3734368.23,3758057.13,11610,0,2.73436823
133058.23,0,-0.00283485702212,2024-10-23,0,-0.06625469085,0,3,-10586.4,3579338.6,3723781.83,3734368.23,11385,0,2.72378183
133058.23,0,-0.0244522381162,2024-10-24,0,-0.0890868534892,0,3,-91054.8,3488643.8,3632727.03,3723781.83,11025,0,2.63272703
133058.23,0,-0.0286719864003,2024-10-25,0,-0.115204542838,0,3,-104157.5,3384711.3,3528569.53,3632727.03,10800,0,2.52856953
133058.23,0,-0.0227055182897,2024-10-28,0,-0.135294282273,0,3,-80118,3304188.3,3448451.53,3528569.53,11205,0,2.44845153
133058.23,0,-0.00170885394466,2024-10-29,0,-0.13677193805,0,3,-5892.9,3298520.4,3442558.63,3448451.53,10980,0,2.44255863
133058.23,0,0.0398278474636,2024-10-30,0,-0.102391422472,0,3,137109.7,3435585.1,3579668.33,3442558.63,11025,0,2.57966833
144226.73,104,0.00546114840757,2024-11-01,0,-0.0974894488183,-202.5,3,19855.6,3454990.7,3599217.43,3579668.33,0,0,2.59921743
144226.73,0,-0.0037839058809,2024-11-04,0,-0.100904463801,0,3,-13619.1,3441371.6,3585598.33,3599217.43,0,0,2.58559833
406758.23,2376,0.00720094601338,2024-11-05,0,-0.0944301253835,-2310,3,30505.7,3204659.8,3611418.03,3585598.33,0,0,2.61141803
586456.03,1628,0.0202236903602,2024-11-06,0,-0.0761161606397,-641,3,75305.2,3097998.2,3684454.23,3611418.03,0,0,2.68445423
676685.23,828,-0.00620564093695,2024-11-07,0,-0.0818494520142,-214.4,3,-21822,2984904.6,3661589.83,3684454.23,0,0,2.66158983
852616.58,1598,-0.0380102514104,2024-11-08,0,-0.116748585176,1758.65,3,-139338.6,2669795.3,3522411.88,3661589.83,0,0,2.52241188
1029521.93,1607,0.0134021947484,2024-11-11,0,-0.104911077702,-414.75,3,49229.8,2540098,3569619.93,3522411.88,0,0,2.56961993
112944.93,5497,-0.0648783356608,2024-11-12,0,-0.16298295725,-67453.6,4,-158640.4,3225084,3338028.93,3569619.93,0,0,2.33802893
118865.93,64,0.00468108585266,2024-11-13,0,-0.159064808612,7,4,15682.6,3234788.6,3353654.53,3338028.93,0,0,2.35365453
125749.33,72,-0.0237706356713,2024-11-14,0,-0.17905437267,107.9,4,-79754.4,3148186.7,3273936.03,3353654.53,0,0,2.27393603
130455.68,56,0.00948590617392,2024-11-15,0,-0.171266959475,76.95,4,31035.3,3174536.6,3304992.28,3273936.03,0,0,2.30499228
132714.68,37,-0.00771747642327,2024-11-18,0,-0.177662687177,11.2,3,-25480.4,3146771.4,3279486.08,3304992.28,0,0,2.27948608
544129.18,3724,0.038310423321,2024-11-19,0,-0.14615859661,-5214.3,3,134576.8,2860995.4,3405124.58,3279486.08,0,0,2.40512458
1446615.68,8143,-0.0105330654305,2024-11-20,0,-0.155152163979,19594.4,3,-47317.8,1922642.5,3369258.18,3405124.58,0,0,2.36925818
1666896.93,1998,0.00376746135851,2024-11-21,0,-0.151969232403,-6480.75,3,21172.3,1715054.8,3381951.73,3369258.18,0,0,2.38195173
583238.53,6446,0.0169719157996,2024-11-22,0,-0.13757652562,-22309,4,86153.2,2856111.4,3439349.93,3381951.73,0,0,2.43934993
584053.28,26,0.0239372996862,2024-11-25,0,-0.116932436457,14.25,3,82340.5,2937625.4,3521678.68,3439349.93,0,0,2.52167868
584053.28,0,0.00159253597776,2024-11-26,0,-0.115526119591,0,3,5608.4,2943233.8,3527287.08,3521678.68,0,0,2.52728708
584053.28,0,-0.0171749558871,2024-11-27,0,-0.130716919471,0,3,-60581,2882652.8,3466706.08,3527287.08,0,0,2.46670608
1265903.78,6155,0.0329772116129,2024-11-28,0,-0.102050387372,4931.5,3,115545.8,2315124.6,3581028.38,3466706.08,0,0,2.58102838
147225.78,6624,0.0135821878072,2024-11-29,0,-0.0898542670923,40356.2,4,14906,3482440.8,3629666.58,3581028.38,0,0,2.62966658
150788.78,47,0.0443877134301,2024-12-02,0,-0.0494549791204,83.6,4,161076,3639990.4,3790779.18,3629666.58,0,0,2.79077918
151547.58,26,0.0390233492841,2024-12-03,0,-0.0123615287603,-31.2,3,147986.1,3787160.5,3938708.08,3790779.18,0,0,2.93870808
151547.58,0,0.0308718233315,2024-12-04,0,0,0,3,121595.1,3908755.6,4060303.18,3938708.08,0,0,3.06030318
151547.58,0,0.0146343997888,2024-12-05,0,0,0,3,59420.1,3968175.7,4119723.28,4060303.18,0,0,3.11972328
151547.58,0,-0.0390294903497,2024-12-06,0,-0.0390294903497,0,3,-160790.7,3807385,3958932.58,4119723.28,0,0,2.95893258
151547.58,0,0.00124414849217,2024-12-09,0,-0.0378339003391,0,3,4925.5,3812310.5,3963858.08,3958932.58,0,0,2.96385808
151547.58,0,-0.034720869724,2024-12-10,0,-0.0712411441382,0,3,-137628.6,3674681.9,3826229.48,3963858.08,0,0,2.82622948
151547.58,0,-0.0055549726202,2024-12-11,0,-0.0764003741533,0,3,-21254.6,3653427.3,3804974.88,3826229.48,0,0,2.80497488
151547.58,0,-0.0200324055753,2024-12-12,0,-0.0949022964474,0,3,-76222.8,3577204.5,3728752.08,3804974.88,0,0,2.72875208
151547.58,0,-0.0192392517552,2024-12-13,0,-0.112315699029,0,3,-71738.4,3505466.1,3657013.68,3728752.08,0,0,2.65701368
151547.58,0,-0.00957959227541,2024-12-16,0,-0.120819352702,0,3,-35032.7,3470433.4,3621980.98,3657013.68,0,0,2.62198098
151547.58,0,0.0486421383693,2024-12-17,0,-0.0780541260043,0,3,176180.9,3646614.3,3798161.88,3621980.98,0,0,2.79816188
151547.58,0,-0.056425820376,2024-12-18,0,-0.130075678287,0,3,-214314.4,3432299.9,3583847.48,3798161.88,0,0,2.58384748
151547.58,0,0.0257836028223,2024-12-19,0,-0.10764589509,0,3,92404.5,3524704.4,3676251.98,3583847.48,0,0,2.67625198
151547.58,0,-0.0017241745219,2024-12-20,0,-0.109184469303,0,3,-6338.5,3518365.9,3669913.48,3676251.98,0,0,2.66991348
1078305.78,8345,0.0455082390662,2024-12-23,0,-0.0686450231677,14697.6,2,160658.7,2758619,3836924.78,3669913.48,0,0,2.83692478
230074.78,4997,0.0350941203492,2024-12-24,0,-0.0359599395229,13440,3,126210.5,3741503.5,3971578.28,3836924.78,0,0,2.97157828
230074.78,0,0.0386192816021,2024-12-25,0,0,0,3,153379.5,3894883,4124957.78,3971578.28,0,0,3.12495778
230074.78,0,0.000297700016702,2024-12-26,0,0,0,3,1228,3896111,4126185.78,4124957.78,0,0,3.12618578
230074.78,0,0.0345802413191,2024-12-27,0,0,0,3,142684.5,4038795.5,4268870.28,4126185.78,0,0,3.26887028
230074.78,0,0.0469066724604,2024-12-30,0,0,0,3,200238.5,4239034,4469108.78,4268870.28,0,0,3.46910878
230074.78,0,0.0640593044594,2024-12-31,0,0,0,3,286288,4525322,4755396.78,4469108.78,0,0,3.75539678
230074.78,0,0.0190837913635,2025-01-02,0,0,0,3,90751,4616073,4846147.78,4755396.78,0,0,3.84614778
230074.78,0,-0.0447436829919,2025-01-03,0,-0.0447436829919,0,3,-216834.5,4399238.5,4629313.28,4846147.78,0,0,3.62931328
230074.78,0,-0.00892756603416,2025-01-06,0,-0.0532717968415,0,3,-41328.5,4357910,4587984.78,4629313.28,0,0,3.58798478
230074.78,0,0.00552203226794,2025-01-07,0,-0.0480439331547,0,3,25335,4383245,4613319.78,4587984.78,0,0,3.61331978
230074.78,0,0.0329734350217,2025-01-08,0,-0.0166546716411,0,3,152117,4535362,4765436.78,4613319.78,0,0,3.76543678
230074.78,0,-0.0372207225043,2025-01-09,0,-0.0532554952338,0,3,-177373,4357989,4588063.78,4765436.78,0,0,3.58806378
904425.78,6073,0.0100087972186,2025-01-10,0,-0.0437797214678,8844,3,43150,3729559,4633984.78,4588063.78,0,0,3.63398478
107010.23,4952,0.00598447153294,2025-01-13,0,-0.0380572484317,-28185.05,3,60869,4554706.5,4661716.73,4633984.78,0,0,3.66171673
107010.23,0,-0.017164535006,2025-01-14,0,-0.0545685484647,0,3,-80016.2,4474690.3,4581700.53,4661716.73,0,0,3.58170053
107010.23,0,0.00230000846432,2025-01-15,0,-0.0523940481237,0,3,10537.95,4485228.25,4592238.48,4581700.53,0,0,3.59223848
107010.23,0,0.0327481903771,2025-01-16,0,-0.0213616680092,0,3,150387.5,4635615.75,4742625.98,4592238.48,0,0,3.74262598
760578.48,5903,0.0244714638028,2025-01-17,0,0,2015,3,119947,4098106.5,4858684.98,4742625.98,0,0,3.85868498
66571.23,4137,-0.0602551310087,2025-01-20,0,-0.0602551310087,-21156.8,4,-267466.9,4499353.05,4565924.28,4858684.98,0,0,3.56592428
68205.66,32,-0.0330273370193,2025-01-21,0,-0.091292401509,-16.575,4,-150751.75,4346918.3,4415123.96,4565924.28,0,0,3.41512396
71604.71,46,0.0437727347524,2025-01-22,0,-0.0515157848328,-89.25,3,193397.3,4536781.3,4608386.01,4415123.96,0,0,3.60838601
71604.71,0,0.0244532684014,2025-02-03,0,-0.0283222457448,0,3,112690.1,4649471.4,4721076.11,4608386.01,0,0,3.72107611
71604.71,0,0.00779290550349,2025-02-04,0,-0.020750052826,0,3,36790.9,4686262.3,4757867.01,4721076.11,0,0,3.75786701
666197.71,5367,0.0359397182899,2025-02-05,0,0,-1660,3,178023.4,4262665.7,4928863.41,4757867.01,0,0,3.92886341
53938.86,3703,-0.00353518621852,2025-02-06,0,-0.00353518621852,9259.25,4,-22980.7,4857500.1,4911438.96,4928863.41,0,0,3.91143896
60754.26,71,0.0372729258148,2025-02-07,0,0,-268.8,4,183403.5,5033748.4,5094502.66,4911438.96,0,0,4.09450266
65516.26,56,-0.057898291489,2025-02-10,0,-0.057898291489,66,4,-294973,4734023.4,4799539.66,5094502.66,0,0,3.79953966
66776.41,29,-0.0127134796923,2025-02-11,0,-0.0698756824282,-21.85,3,-60968,4671744.4,4738520.81,4799539.66,0,0,3.73852081
66776.41,0,-0.0280173719444,2025-02-12,0,-0.0959353213882,0,3,-132760.9,4538983.5,4605759.91,4738520.81,0,0,3.60575991
66776.41,0,-0.00605003312038,2025-02-13,0,-0.101404942637,0,3,-27865,4511118.5,4577894.91,4605759.91,0,0,3.57789491
66776.41,0,-0.0279446563355,2025-02-14,0,-0.1265158727,0,3,-127927.7,4383190.8,4449967.21,4577894.91,0,0,3.44996721
66776.41,0,0.0296507353365,2025-02-17,0,-0.10061642602,0,3,131944.8,4515135.6,4581912.01,4449967.21,0,0,3.58191201
66776.41,0,0.0059796652446,2025-02-18,0,-0.0952384133214,0,3,27398.3,4542533.9,4609310.31,4581912.01,0,0,3.60931031
2580575.41,22638,-0.0144484739627,2025-02-19,0,-0.108310837549,-14639,3,-29320.5,1962137.4,4542712.81,4609310.31,0,0,3.54271281
1194865.41,8312,-0.0211986986692,2025-02-20,0,-0.12721348741,-20366,3,-67621.6,3251547.8,4446413.21,4542712.81,0,0,3.44641321
1194865.41,0,0.0197939093474,2025-02-21,0,-0.109937630301,0,3,88011.9,3339559.7,4534425.11,4446413.21,0,0,3.53442511
1194865.41,0,-0.0162382878124,2025-02-24,0,-0.124390719231,0,3,-73631.3,3265928.4,4460793.81,4534425.11,0,0,3.46079381
1194865.41,0,-0.0116526121166,2025-02-25,0,-0.134593854545,0,3,-51979.9,3213948.5,4408813.91,4460793.81,0,0,3.40881391
1194865.41,0,-0.00401638634823,2025-02-26,0,-0.138069659973,0,3,-17707.5,3196241,4391106.41,4408813.91,0,0,3.39110641
1194865.41,0,-0.0499197194358,2025-02-27,0,-0.181096980721,0,3,-219202.8,2977038.2,4171903.61,4391106.41,0,0,3.17190361
1686731.61,4429,-0.0217065178071,2025-03-03,0,-0.198872513691,13600.4,3,-99728.9,2394614.5,4081346.11,4171903.61,0,0,3.08134611
1702735.56,144,0.00392771148733,2025-03-04,0,-0.19572591606,122.85,3,16051.5,2394640.9,4097376.46,4081346.11,0,0,3.09737646
1711439.56,86,-0.0030337461352,2025-03-05,0,-0.198165879454,15,3,-12359.4,2373506.5,4084946.06,4097376.46,0,0,3.08494606
2887739.81,10607,-0.0129949696325,2025-03-06,0,-0.208585689501,20437.95,1,-62914.7,1144122.5,4031862.31,4084946.06,0,0,3.03186231
2887739.81,0,-0.00541251122239,2025-03-07,0,-0.212869228338,0,1,-21822.5,1122300,4010039.81,4031862.31,0,0,3.01003981
2887739.81,0,-0.000777423703432,2025-03-10,0,-0.213481162458,0,1,-3117.5,1119182.5,4006922.31,4010039.81,0,0,3.00692231
3955105.56,9613,-0.012931808004,2025-03-11,0,-0.223652273056,7676.25,0,-49880,0,3955105.56,4006922.31,0,0,2.95510556
3955105.56,0,0,2025-03-12,0,-0.223652273056,0,0,0,0,3955105.56,3955105.56,0,0,2.95510556
3955105.56,0,0,2025-03-13,0,-0.223652273056,0,0,0,0,3955105.56,3955105.56,0,0,2.95510556
3955105.56,0,0,2025-03-14,0,-0.223652273056,0,0,0,0,3955105.56,3955105.56,0,0,2.95510556
3955105.56,0,0,2025-03-17,0,-0.223652273056,0,0,0,0,3955105.56,3955105.56,0,0,2.95510556
3955105.56,0,0,2025-03-18,0,-0.223652273056,0,0,0,0,3955105.56,3955105.56,0,0,2.95510556
3955105.56,0,0,2025-03-19,0,-0.223652273056,0,0,0,0,3955105.56,3955105.56,0,0,2.95510556
3955105.56,0,0,2025-03-20,0,-0.223652273056,0,0,0,0,3955105.56,3955105.56,0,0,2.95510556
3955105.56,0,0,2025-03-21,0,-0.223652273056,0,0,0,0,3955105.56,3955105.56,0,0,2.95510556
3955105.56,0,0,2025-03-24,0,-0.223652273056,0,0,0,0,3955105.56,3955105.56,0,0,2.95510556
3955105.56,0,0,2025-03-25,0,-0.223652273056,0,0,0,0,3955105.56,3955105.56,0,0,2.95510556
3955105.56,0,0,2025-03-26,0,-0.223652273056,0,0,0,0,3955105.56,3955105.56,0,0,2.95510556
3955105.56,0,0,2025-03-27,0,-0.223652273056,0,0,0,0,3955105.56,3955105.56,0,0,2.95510556
3955105.56,0,0,2025-03-28,0,-0.223652273056,0,0,0,0,3955105.56,3955105.56,0,0,2.95510556
3955105.56,0,0,2025-03-31,0,-0.223652273056,0,0,0,0,3955105.56,3955105.56,0,0,2.95510556
3955105.56,0,0,2025-04-01,0,-0.223652273056,0,0,0,0,3955105.56,3955105.56,0,0,2.95510556
3955105.56,0,0,2025-04-02,0,-0.223652273056,0,0,0,0,3955105.56,3955105.56,0,0,2.95510556
3955105.56,0,0,2025-04-07,0,-0.223652273056,0,0,0,0,3955105.56,3955105.56,0,0,2.95510556
3955105.56,0,0,2025-04-08,0,-0.223652273056,0,0,0,0,3955105.56,3955105.56,0,0,2.95510556
3955105.56,0,0,2025-04-09,0,-0.223652273056,0,0,0,0,3955105.56,3955105.56,0,0,2.95510556
3955105.56,0,0,2025-04-10,0,-0.223652273056,0,0,0,0,3955105.56,3955105.56,0,0,2.95510556
3955105.56,0,0,2025-04-11,0,-0.223652273056,0,0,0,0,3955105.56,3955105.56,0,0,2.95510556
3955105.56,0,0,2025-04-14,0,-0.223652273056,0,0,0,0,3955105.56,3955105.56,0,0,2.95510556
3955105.56,0,0,2025-04-15,0,-0.223652273056,0,0,0,0,3955105.56,3955105.56,0,0,2.95510556
3955105.56,0,0,2025-04-16,0,-0.223652273056,0,0,0,0,3955105.56,3955105.56,0,0,2.95510556
3955105.56,0,0,2025-04-17,0,-0.223652273056,0,0,0,0,3955105.56,3955105.56,0,0,2.95510556
3955105.56,0,0,2025-04-18,0,-0.223652273056,0,0,0,0,3955105.56,3955105.56,0,0,2.95510556
3955105.56,0,0,2025-04-21,0,-0.223652273056,0,0,0,0,3955105.56,3955105.56,0,0,2.95510556
3955105.56,0,0,2025-04-22,0,-0.223652273056,0,0,0,0,3955105.56,3955105.56,0,0,2.95510556
3955105.56,0,0,2025-04-23,0,-0.223652273056,0,0,0,0,3955105.56,3955105.56,0,0,2.95510556
3955105.56,0,0,2025-04-24,0,-0.223652273056,0,0,0,0,3955105.56,3955105.56,0,0,2.95510556
3955105.56,0,0,2025-04-25,0,-0.223652273056,0,0,0,0,3955105.56,3955105.56,0,0,2.95510556
3955105.56,0,0,2025-04-28,0,-0.223652273056,0,0,0,0,3955105.56,3955105.56,0,0,2.95510556
3955105.56,0,0,2025-04-29,0,-0.223652273056,0,0,0,0,3955105.56,3955105.56,0,0,2.95510556
3955105.56,0,0,2025-04-30,0,-0.223652273056,0,0,0,0,3955105.56,3955105.56,0,0,2.95510556
3955105.56,0,0,2025-05-02,0,-0.223652273056,0,0,0,0,3955105.56,3955105.56,0,0,2.95510556
3955105.56,0,0,2025-05-05,0,-0.223652273056,0,0,0,0,3955105.56,3955105.56,0,0,2.95510556
3955105.56,0,0,2025-05-06,0,-0.223652273056,0,0,0,0,3955105.56,3955105.56,0,0,2.95510556
3955105.56,0,0,2025-05-07,0,-0.223652273056,0,0,0,0,3955105.56,3955105.56,0,0,2.95510556
3955105.56,0,0,2025-05-08,0,-0.223652273056,0,0,0,0,3955105.56,3955105.56,0,0,2.95510556
3955105.56,0,0,2025-05-09,0,-0.223652273056,0,0,0,0,3955105.56,3955105.56,0,0,2.95510556
3955105.56,0,0,2025-05-12,0,-0.223652273056,0,0,0,0,3955105.56,3955105.56,0,0,2.95510556
3955105.56,0,0,2025-05-13,0,-0.223652273056,0,0,0,0,3955105.56,3955105.56,0,0,2.95510556
3955105.56,0,0,2025-05-14,0,-0.223652273056,0,0,0,0,3955105.56,3955105.56,0,0,2.95510556
3955105.56,0,0,2025-05-15,0,-0.223652273056,0,0,0,0,3955105.56,3955105.56,0,0,2.95510556
3955105.56,0,0,2025-05-16,0,-0.223652273056,0,0,0,0,3955105.56,3955105.56,0,0,2.95510556
3955105.56,0,0,2025-05-19,0,-0.223652273056,0,0,0,0,3955105.56,3955105.56,0,0,2.95510556
3955105.56,0,0,2025-05-20,0,-0.223652273056,0,0,0,0,3955105.56,3955105.56,0,0,2.95510556
3955105.56,0,0,2025-05-21,0,-0.223652273056,0,0,0,0,3955105.56,3955105.56,0,0,2.95510556
3955105.56,0,0,2025-05-22,0,-0.223652273056,0,0,0,0,3955105.56,3955105.56,0,0,2.95510556
3955105.56,0,0,2025-05-23,0,-0.223652273056,0,0,0,0,3955105.56,3955105.56,0,0,2.95510556
3955105.56,0,0,2025-05-26,0,-0.223652273056,0,0,0,0,3955105.56,3955105.56,0,0,2.95510556
3955105.56,0,0,2025-05-27,0,-0.223652273056,0,0,0,0,3955105.56,3955105.56,0,0,2.95510556
3955105.56,0,0,2025-05-28,0,-0.223652273056,0,0,0,0,3955105.56,3955105.56,0,0,2.95510556
3955105.56,0,0,2025-05-29,0,-0.223652273056,0,0,0,0,3955105.56,3955105.56,0,0,2.95510556
3955105.56,0,0,2025-06-02,0,-0.223652273056,0,0,0,0,3955105.56,3955105.56,0,0,2.95510556
3955105.56,0,0,2025-06-03,0,-0.223652273056,0,0,0,0,3955105.56,3955105.56,0,0,2.95510556
3955105.56,0,0,2025-06-04,0,-0.223652273056,0,0,0,0,3955105.56,3955105.56,0,0,2.95510556
3955105.56,0,0,2025-06-05,0,-0.223652273056,0,0,0,0,3955105.56,3955105.56,0,0,2.95510556
3955105.56,0,0,2025-06-06,0,-0.223652273056,0,0,0,0,3955105.56,3955105.56,0,0,2.95510556
3955105.56,0,0,2025-06-09,0,-0.223652273056,0,0,0,0,3955105.56,3955105.56,0,0,2.95510556
3955105.56,0,0,2025-06-10,0,-0.223652273056,0,0,0,0,3955105.56,3955105.56,0,0,2.95510556
907654.66,17987,-0.0149922041524,2025-06-11,0,-0.235291436672,-41308.75,3,0,2988155.15,3895809.81,3955105.56,0,0,2.89580981
907654.66,0,0.017749364926,2025-06-12,0,-0.221718345319,0,3,69148.15,3057303.3,3964957.96,3895809.81,0,0,2.96495796
907654.66,0,-0.0204833193238,2025-06-13,0,-0.237660136976,0,3,-81215.5,2976087.8,3883742.46,3964957.96,0,0,2.88374246
907654.66,0,0.0206678483001,2025-06-16,0,-0.221904212334,0,3,80268.6,3056356.4,3964011.06,3883742.46,0,0,2.96401106
907654.66,0,-0.00483754957031,2025-06-17,0,-0.225668289277,0,3,-19176.1,3037180.3,3944834.96,3964011.06,0,0,2.94483496
907654.66,0,0.00583736714805,2025-06-18,0,-0.221148230787,0,3,23027.45,3060207.75,3967862.41,3944834.96,0,0,2.96786241
907654.66,0,-0.0262204656436,2025-06-19,0,-0.241570086843,0,3,-104039.2,2956168.55,3863823.21,3967862.41,0,0,2.86382321
907654.66,0,0.00631998377586,2025-06-20,0,-0.236776822097,0,3,24419.3,2980587.85,3888242.51,3863823.21,0,0,2.88824251
907654.66,0,0.00205661040417,2025-06-23,0,-0.235207169369,0,3,7996.6,2988584.45,3896239.11,3888242.51,0,0,2.89623911
907654.66,0,0.00290192662226,2025-06-24,0,-0.232987796693,0,3,11306.6,2999891.05,3907545.71,3896239.11,0,0,2.90754571
907654.66,0,0.00328117722774,2025-06-25,0,-0.230471093718,0,3,12821.35,3012712.4,3920367.06,3907545.71,0,0,2.92036706
907654.66,0,-0.011663754771,2025-06-26,0,-0.23944669017,0,3,-45726.2,2966986.2,3874640.86,3920367.06,0,0,2.87464086
907654.66,0,0.00993219794828,2025-06-27,0,-0.231892724147,0,3,38483.7,3005469.9,3913124.56,3874640.86,0,0,2.91312456
907654.66,0,-0.0258522820955,2025-06-30,0,-0.251750050122,0,3,-101163.2,2904306.7,3811961.36,3913124.56,0,0,2.81196136
907654.66,0,-0.00738244629006,2025-07-01,0,-0.257273965188,0,3,-28141.6,2876165.1,3783819.76,3811961.36,0,0,2.78381976
1369458.46,4179,-0.0252428382054,2025-07-02,0,-0.276022478316,6651.6,3,-97986.95,2318846.95,3688305.41,3783819.76,0,0,2.68830541
1827681.46,4127,-0.011149917219,2025-07-03,0,-0.284094767751,5950,3,-42947.3,1819499.65,3647181.11,3688305.41,0,0,2.64718111
1957214.46,1167,-0.0209743080184,2025-07-04,0,-0.299110384604,2500,2,-77830.1,1613469.55,3570684.01,3647181.11,0,0,2.57068401
1771942.26,14527,-0.0168794549815,2025-07-07,0,-0.310941019314,-34599.8,3,-11144.4,1738470.55,3510412.81,3570684.01,0,0,2.51041281
730376.26,6220,-0.000450531058767,2025-07-08,0,-0.311251461786,11530,3,-6891.55,2778455,3508831.26,3510412.81,0,0,2.50883126
730376.26,0,0.00701947405701,2025-07-09,0,-0.306416809291,0,3,24630.15,2803085.15,3533461.41,3508831.26,0,0,2.53346141
730376.26,0,0.0377035389782,2025-07-10,0,-0.280266268425,0,3,133224,2936309.15,3666685.41,3533461.41,0,0,2.66668541
730376.26,0,-0.0124910088755,2025-07-11,0,-0.289256468854,0,3,-45800.6,2890508.55,3620884.81,3666685.41,0,0,2.62088481
730376.26,0,-0.0239056624395,2025-07-14,0,-0.306247263791,0,3,-86559.65,2803948.9,3534325.16,3620884.81,0,0,2.53432516
730376.26,0,0.0184550506949,2025-07-15,0,-0.293444021874,0,3,65226.15,2869175.05,3599551.31,3534325.16,0,0,2.59955131
730376.26,0,0.00336040493891,2025-07-16,0,-0.291069707676,0,3,12095.95,2881271,3611647.26,3599551.31,0,0,2.61164726
730376.26,0,-0.0159847974744,2025-07-17,0,-0.302401814822,0,3,-57731.45,2823539.55,3553915.81,3611647.26,0,0,2.55391581
730376.26,0,-0.00493703310321,2025-07-18,0,-0.305845880155,0,3,-17545.8,2805993.75,3536370.01,3553915.81,0,0,2.53637001
730376.26,0,0.00360273386664,2025-07-21,0,-0.303345027599,0,3,12740.6,2818734.35,3549110.61,3536370.01,0,0,2.54911061
730376.26,0,-0.0447921232863,2025-07-22,0,-0.334549683011,0,3,-158972.2,2659762.15,3390138.41,3549110.61,0,0,2.39013841
730376.26,0,-0.00655659070864,2025-07-23,0,-0.338912768376,0,3,-22227.75,2637534.4,3367910.66,3390138.41,0,0,2.36791066
1629256.51,8098,0.0131385611042,2025-07-24,0,-0.330227033388,23567.75,3,28779.75,1782903.65,3412160.16,3367910.66,0,0,2.41216016
611669.71,6132,0.0164520852972,2025-07-25,0,-0.319207871412,7008.8,4,55260.35,2856627.6,3468297.31,3412160.16,0,0,2.46829731
614276.81,39,0.0301326676057,2025-07-28,0,-0.298693788492,18.8,3,104529.25,2958529.55,3572806.36,3468297.31,0,0,2.57280636
614276.81,0,-0.00393630344971,2025-07-29,0,-0.301454342552,0,3,-14063.65,2944465.9,3558742.71,3572806.36,0,0,2.55874271
614276.81,0,0.02226214606,2025-07-30,0,-0.285903217096,0,3,79225.25,3023691.15,3637967.96,3558742.71,0,0,2.63796796
614276.81,0,0.0254565188639,2025-07-31,0,-0.267724798872,0,3,92610,3116301.15,3730577.96,3637967.96,0,0,2.73057796
614276.81,0,-0.00872683813315,2025-08-01,0,-0.274115246021,0,3,-32556.15,3083745,3698021.81,3730577.96,0,0,2.69802181
614276.81,0,-0.0275499592037,2025-08-04,0,-0.29411334138,0,3,-101880.35,2981864.65,3596141.46,3698021.81,0,0,2.59614146
614276.81,0,-0.00140639628787,2025-08-05,0,-0.295106097756,0,3,-5057.6,2976807.05,3591083.86,3596141.46,0,0,2.59108386
614276.81,0,0.034327129303,2025-08-06,0,-0.270909113629,0,3,123271.6,3100078.65,3714355.46,3591083.86,0,0,2.71435546
614276.81,0,-0.00994837473094,2025-08-07,0,-0.278162382979,0,3,-36951.8,3063126.85,3677403.66,3714355.46,0,0,2.67740366
614276.81,0,0.018183481114,2025-08-08,0,-0.265036862303,0,3,66868,3129994.85,3744271.66,3677403.66,0,0,2.74427166
614276.81,0,0.03659794546,2025-08-11,0,-0.238138721474,0,3,137032.65,3267027.5,3881304.31,3744271.66,0,0,2.88130431
614276.81,0,0.0323200888106,2025-08-12,0,-0.213515297291,0,3,125444.1,3392471.6,4006748.41,3881304.31,0,0,3.00674841
614276.81,0,-0.00744860843409,2025-08-13,0,-0.219373513881,0,3,-29844.7,3362626.9,3976903.71,4006748.41,0,0,2.97690371
614276.81,0,0.0253942784046,2025-08-14,0,-0.199550067562,0,3,100990.6,3463617.5,4077894.31,3976903.71,0,0,3.07789431
614276.81,0,0.0424366074363,2025-08-15,0,-0.165581688007,0,3,173052,3636669.5,4250946.31,4077894.31,0,0,3.25094631
614276.81,0,0.0445461283655,2025-08-18,0,-0.128411582771,0,3,189363.2,3826032.7,4440309.51,4250946.31,0,0,3.44030951
614276.81,0,-0.0355732972317,2025-08-19,0,-0.1594168566,0,3,-157956.45,3668076.25,4282353.06,4440309.51,0,0,3.28235306
614276.81,0,-0.029774424998,2025-08-20,0,-0.184444736358,0,3,-127504.6,3540571.65,4154848.46,4282353.06,0,0,3.15484846
614276.81,0,0.0336067010251,2025-08-21,0,-0.157036614444,0,3,139630.75,3680202.4,4294479.21,4154848.46,0,0,3.29447921
614276.81,0,0.0146158583918,2025-08-22,0,-0.144715980971,0,3,62767.5,3742969.9,4357246.71,4294479.21,0,0,3.35724671
614276.81,0,0.0595900731083,2025-08-25,0,-0.0937495437484,0,3,259648.65,4002618.55,4616895.36,4357246.71,0,0,3.61689536
614276.81,0,0.0287283747319,2025-08-26,0,-0.0677144410403,0,3,132635.9,4135254.45,4749531.26,4616895.36,0,0,3.74953126
614276.81,0,0.0205131716514,2025-08-27,0,-0.0485903073412,0,3,97427.95,4232682.4,4846959.21,4749531.26,0,0,3.84695921
614276.81,0,-0.0393484124245,2025-08-28,0,-0.0860267683127,0,3,-190720.15,4041962.25,4656239.06,4846959.21,0,0,3.65623906
614276.81,0,0.0221676547681,2025-08-29,0,-0.0657661252453,0,3,103217.9,4145180.15,4759456.96,4656239.06,0,0,3.75945696
614276.81,0,-0.0437797424688,2025-09-01,0,-0.106666643688,0,3,-208367.8,3936812.35,4551089.16,4759456.96,0,0,3.55108916
614276.81,0,0.0529724185847,2025-09-02,0,-0.0593446152014,0,3,241082.2,4177894.55,4792171.36,4551089.16,0,0,3.79217136
614276.81,0,-0.0235784139405,2025-09-03,0,-0.0815237772395,0,3,-112991.8,4064902.75,4679179.56,4792171.36,0,0,3.67917956
614276.81,0,-0.0324061404474,2025-09-04,0,-0.111288046712,0,3,-151634.15,3913268.6,4527545.41,4679179.56,0,0,3.52754541
614276.81,0,0.0472382782794,2025-09-05,0,-0.0693068241523,0,3,213873.45,4127142.05,4741418.86,4527545.41,0,0,3.74141886
677418.81,589,0.0198311945804,2025-09-08,0,-0.0508500666874,252.4,3,94364.6,4158028.05,4835446.86,4741418.86,0,0,3.83544686
802016.31,1142,0.0530600702331,2025-09-09,0,-0.000488104564068,111.55,3,257599.6,4289999.7,5092016.01,4835446.86,0,0,4.09201601
863593.69,574,0.0208886676301,2025-09-10,0,0,-150.975,3,107090.4,4334787.75,5198381.44,5092016.01,0,0,4.19838144
955538.82,848,-0.0298790348097,2025-09-11,0,-0.0298790348097,984.375,3,-155459,4087520,5043058.82,5198381.44,0,0,4.04305882
986438,299,-0.0374349133608,2025-09-12,0,-0.0661954290911,230.525,3,-188718,3867834.35,4854272.35,5043058.82,0,0,3.85427235
1047295.4,568,-0.0570767418931,2025-09-15,0,-0.119493951564,452.25,3,-276950.3,3529910.9,4577206.3,4854272.35,0,0,3.5772063
1077852.78,296,0.021619908196,2025-09-16,0,-0.10045749163,-0.125,3,99254.9,3598312.3,4676165.08,4577206.3,0,0,3.67616508
1169686.35,847,-0.0118842532394,2025-09-17,0,-0.111147882599,454.725,3,-55180.45,3450906,4620592.35,4676165.08,0,0,3.62059235
1231331.35,555,0.0179754009245,2025-09-18,0,-0.0951704094265,400,2,83212,3472318,4703649.35,4620592.35,0,0,3.70364935
72901.07,6825,0.0479574907088,2025-09-19,0,-0.0517770527436,3508.225,3,228892,4856323.5,4929224.57,4703649.35,0,0,3.92922457
72901.07,0,0.0429415919267,2025-09-22,0,-0.0110588498869,0,3,211668.75,5067992.25,5140893.32,4929224.57,0,0,4.14089332
72901.07,0,-0.00178369777959,2025-09-23,0,-0.0128228220205,0,3,-9169.8,5058822.45,5131723.52,5140893.32,0,0,4.13172352
72901.07,0,-0.0371495559449,2025-09-24,0,-0.0494960158214,0,3,-190641.25,4868181.2,4941082.27,5131723.52,0,0,3.94108227
72901.07,0,-0.0282816177436,2025-09-25,0,-0.0763778061658,0,3,-139741.8,4728439.4,4801340.47,4941082.27,0,0,3.80134047
72901.07,0,-0.0673586891038,2025-09-26,0,-0.13859178637,0,3,-323412,4405027.4,4477928.47,4801340.47,0,0,3.47792847
72901.07,0,0.0563748732681,2025-09-30,0,-0.090030007494,0,3,252442.65,4657470.05,4730371.12,4477928.47,0,0,3.73037112
72901.07,0,-0.00548841715404,2025-10-01,0,-0.0950243024106,0,3,-25962.25,4631507.8,4704408.87,4730371.12,0,0,3.70440887
72901.07,0,0.0234877968845,2025-10-02,0,-0.0737684170402,0,3,110496.2,4742004,4814905.07,4704408.87,0,0,3.81490507
1095167.07,9207,0.0229598088421,2025-10-03,0,-0.0525023169519,-9204.5,3,128960.8,3830287.3,4925454.37,4814905.07,0,0,3.92545437
93315.82,6386,0.0780362726211,2025-10-07,0,0,15762.25,3,374987.85,5216502.65,5309818.47,4925454.37,0,0,4.30981847
93315.82,0,-0.0401445739067,2025-10-08,0,-0.0401445739067,0,3,-213160.4,5003342.25,5096658.07,5309818.47,0,0,4.09665807
93315.82,0,0.0119154942643,2025-10-09,0,-0.0287074220825,0,3,60729.2,5064071.45,5157387.27,5096658.07,0,0,4.15738727
93315.82,0,-0.0460660480903,2025-10-13,0,-0.0734510326866,0,3,-237580.45,4826491,4919806.82,5157387.27,0,0,3.91980682
93315.82,0,-0.0693708742003,2025-10-14,0,-0.137726544539,0,3,-341291.3,4485199.7,4578515.52,4919806.82,0,0,3.57851552
93315.82,0,0.0133917423087,2025-10-15,0,-0.126179200623,0,3,61314.3,4546514,4639829.82,4578515.52,0,0,3.63982982
93315.82,0,0.0509501445465,2025-10-16,0,-0.0816579045875,0,3,236400,4782914,4876229.82,4639829.82,0,0,3.87622982
93315.82,0,-0.0125236201439,2025-10-17,0,-0.0931588721526,0,3,-61068.05,4721845.95,4815161.77,4876229.82,0,0,3.81516177
93315.82,0,0.0457678081291,2025-10-20,0,-0.0516547414096,0,3,220379.4,4942225.35,5035541.17,4815161.77,0,0,4.03554117
93315.82,0,-0.0172642318005,2025-10-21,0,-0.0680271937809,0,3,-86934.75,4855290.6,4948606.42,5035541.17,0,0,3.94860642
93315.82,0,0.00509999136282,2025-10-22,0,-0.0632741405188,0,3,25237.85,4880528.45,4973844.27,4948606.42,0,0,3.97384427
93315.82,0,-0.00628691778482,2025-10-23,0,-0.0691632589843,0,3,-31270.15,4849258.3,4942574.12,4973844.27,0,0,3.94257412
93315.82,0,0.072545315719,2025-10-27,0,-0.00163541372442,0,3,358560.6,5207818.9,5301134.72,4942574.12,0,0,4.30113472
2389807.82,20681,0.0331102885082,2025-10-28,0,0,-57793,2,253996.1,3086849,5476656.82,5301134.72,0,0,4.47665682
717741.32,9849,0.00723132766972,2025-10-29,0,0,25552.5,3,23900,4798519,5516260.32,5476656.82,0,0,4.51626032
717741.32,0,0.0250327562496,2025-10-30,0,0,0,3,138087.2,4936606.2,5654347.52,5516260.32,0,0,4.65434752
717741.32,0,-0.0200971022029,2025-10-31,0,-0.0200971022029,0,3,-113636,4822970.2,5540711.52,5654347.52,0,0,4.54071152
717741.32,0,0.0349475693331,2025-11-03,0,0,0,3,193634.4,5016604.6,5734345.92,5540711.52,0,0,4.73434592
717741.32,0,-0.0455600871738,2025-11-04,0,-0.0455600871738,0,3,-261257.3,4755347.3,5473088.62,5734345.92,0,0,4.47308862
717741.32,0,0.040814924718,2025-11-05,0,-0.006604693984,0,3,223383.7,4978731,5696472.32,5473088.62,0,0,4.69647232
717741.32,0,0.0561694996527,2025-11-06,0,0,0,3,319968,5298699,6016440.32,5696472.32,0,0,5.01644032
717741.32,0,-0.00826034953506,2025-11-07,0,-0.00826034953506,0,3,-49697.9,5249001.1,5966742.42,6016440.32,0,0,4.96674242
717741.32,0,0.0873876838142,2025-11-10,0,0,0,3,521419.8,5770420.9,6488162.22,5966742.42,0,0,5.48816222
717741.32,0,0.0164235412721,2025-11-11,0,0,0,3,106558.6,5876979.5,6594720.82,6488162.22,0,0,5.59472082
717741.32,0,-0.000411799085075,2025-11-12,0,-0.000411799085075,0,3,-2715.7,5874263.8,6592005.12,6594720.82,0,0,5.59200512
717741.32,0,-0.00217590850415,2025-11-13,0,-0.00258681155209,0,3,-14343.6,5859920.2,6577661.52,6592005.12,0,0,5.57766152
717741.32,0,-0.0400827709359,2025-11-14,0,-0.0425658959131,0,3,-263650.9,5596269.3,6314010.62,6577661.52,0,0,5.31401062
717741.32,0,0.0539764534004,2025-11-17,0,0,0,3,340807.9,5937077.2,6654818.52,6314010.62,0,0,5.65481852
717741.32,0,-0.0533709219767,2025-11-18,0,-0.0533709219767,0,3,-355173.8,5581903.4,6299644.72,6654818.52,0,0,5.29964472
717741.32,0,-0.0261811589908,2025-11-19,0,-0.0781547683738,0,3,-164932,5416971.4,6134712.72,6299644.72,0,0,5.13471272
717741.32,0,-0.00548980882026,2025-11-20,0,-0.0832155224573,0,3,-33678.4,5383293,6101034.32,6134712.72,0,0,5.10103432
717741.32,0,-0.0875441395648,2025-11-21,0,-0.16347463071,0,3,-534109.8,4849183.2,5566924.52,6101034.32,0,0,4.56692452
717741.32,0,0.019557369533,2025-11-24,0,-0.147114394939,0,3,108874.4,4958057.6,5675798.92,5566924.52,0,0,4.67579892
717741.32,0,0.0282101079085,2025-11-25,0,-0.123054399987,0,3,160114.9,5118172.5,5835913.82,5675798.92,0,0,4.83591382
717741.32,0,-0.0556692422165,2025-11-26,0,-0.171873297005,0,3,-324880.9,4793291.6,5511032.92,5835913.82,0,0,4.51103292
717741.32,0,0.0511959017657,2025-11-27,0,-0.129476603669,0,3,282142.3,5075433.9,5793175.22,5511032.92,0,0,4.79317522
717741.32,0,0.0199552224143,2025-11-28,0,-0.112105115678,0,3,115604.1,5191038,5908779.32,5793175.22,0,0,4.90877932
717741.32,0,0.00214893792987,2025-12-01,0,-0.110197084683,0,3,12697.6,5203735.6,5921476.92,5908779.32,0,0,4.92147692
717741.32,0,-0.0128863121534,2025-12-02,0,-0.121663362805,0,3,-76306,5127429.6,5845170.92,5921476.92,0,0,4.84517092
717741.32,0,-0.00146271171827,2025-12-03,0,-0.122948116097,0,3,-8549.8,5118879.8,5836621.12,5845170.92,0,0,4.83662112
717741.32,0,0.00362572789374,2025-12-04,0,-0.119768164617,0,3,21162,5140041.8,5857783.12,5836621.12,0,0,4.85778312
717741.32,0,0.0380782277921,2025-12-05,0,-0.0862504962795,0,3,223054,5363095.8,6080837.12,5857783.12,0,0,5.08083712
717741.32,0,0.0712408655998,2025-12-08,0,-0.0211541906931,0,3,433204.1,5796299.9,6514041.22,6080837.12,0,0,5.51404122
717741.32,0,0.0150751886093,2025-12-09,0,-0.00639790549841,0,3,98200.4,5894500.3,6612241.62,6514041.22,0,0,5.61224162
717741.32,0,-0.0367527101951,2025-12-10,0,-0.0429154753269,0,3,-243017.8,5651482.5,6369223.82,6612241.62,0,0,5.36922382
717741.32,0,0.00111990098034,2025-12-11,0,-0.0418436354294,0,3,7132.9,5658615.4,6376356.72,6369223.82,0,0,5.37635672
717741.32,0,0.0492165375591,2025-12-12,0,0,0,3,313822.2,5972437.6,6690178.92,6376356.72,0,0,5.69017892
717741.32,0,-0.0170904995767,2025-12-15,0,-0.0170904995767,0,3,-114338.5,5858099.1,6575840.42,6690178.92,0,0,5.57584042
717741.32,0,-0.0247120747495,2025-12-16,7442.84,-0.0413802326231,0,3,-169945.5,5688153.6,6413337.76,6575840.42,7442.84,0,5.41333776
717741.32,0,0.0399202894937,2025-12-17,0,-0.00311185399508,0,3,256022.3,5944175.9,6669360.06,6413337.76,7442.84,0,5.66936006
717741.32,0,0.0108793946267,2025-12-18,0,0,0,3,72558.6,6016734.5,6741918.66,6669360.06,7442.84,0,5.74191866
717741.32,0,-0.00257852413782,2025-12-19,0,-0.00257852413782,0,3,-17384.2,5999350.3,6724534.46,6741918.66,7442.84,0,5.72453446
717741.32,0,0.0311598968295,2025-12-22,0,0,0,3,209535.8,6208886.1,6934070.26,6724534.46,7442.84,0,5.93407026
3226153.92,22589,-0.00815733009316,2025-12-23,0,-0.00815733009316,13888.6,2,-47863.1,3643910,6877506.76,6934070.26,7442.84,0,5.87750676
2282583.12,5571,0.0417087194546,2025-12-24,0,0,-3627,3,296050,4874332.8,7164358.76,6877506.76,7442.84,0,6.16435876
2282583.12,0,-0.00133993848181,2025-12-26,0,-0.00133993848181,0,3,-9599.8,4864733,7154758.96,7164358.76,7442.84,0,6.15475896
2282583.12,0,-0.0033423348199,2025-12-29,0,-0.00467779477866,0,3,-23913.6,4840819.4,7130845.36,7154758.96,7442.84,0,6.13084536
2282583.12,0,0.014613610973,2025-12-30,0,0,0,3,104207.4,4945026.8,7235052.76,7130845.36,7442.84,0,6.23505276
2282583.12,0,0.0121587503116,2025-12-31,0,0,0,3,87969.2,5032996,7323021.96,7235052.76,7442.84,0,6.32302196
2282583.12,0,0.0350664795767,2026-01-02,0,0,0,3,256792.6,5289788.6,7579814.56,7323021.96,7442.84,0,6.57981456
2282583.12,0,0.00537667507264,2026-01-05,0,0,0,3,40754.2,5330542.8,7620568.76,7579814.56,7442.84,0,6.62056876
2282583.12,0,0.0554492995612,2026-01-06,0,0,0,3,422555.2,5753098,8043123.96,7620568.76,7442.84,0,7.04312396
2282583.12,0,0.0251466471244,2026-01-07,0,0,0,3,202257.6,5955355.6,8245381.56,8043123.96,7442.84,0,7.24538156
4278123.62,17972,-0.00425087665682,2026-01-08,0,-0.00425087665682,-17987.5,2,909.4,3924765,8210331.46,8245381.56,7442.84,0,7.21033146
1810667.47,14540,-0.0314175135628,2026-01-09,0,-0.0355348382446,57530.2,3,-300938.4,6134272.95,7952383.26,8210331.46,7442.84,0,6.95238326
1810667.47,0,0.0703954062194,2026-01-12,0,0,0,3,559811.25,6694084.2,8512194.51,7952383.26,7442.84,0,7.51219451
1818110.31,0,0.00642387811225,2026-01-13,0,0,0,3,54681.3,6748765.5,8566875.81,8512194.51,0,0,7.56687581
1818110.31,0,0.0265308736861,2026-01-14,0,0,0,3,227286.7,6976052.2,8794162.51,8566875.81,0,0,7.79416251
1818110.31,0,0.00570903709625,2026-01-15,0,0,0,3,50206.2,7026258.4,8844368.71,8794162.51,0,0,7.84436871
1818110.31,0,0.00778169163416,2026-01-16,0,0,0,3,68824.15,7095082.55,8913192.86,8844368.71,0,0,7.91319286
1818110.31,0,0.026224985106,2026-01-19,0,0,0,3,233748.35,7328830.9,9146941.21,8913192.86,0,0,8.14694121
1818110.31,0,0.0289128675836,2026-01-20,0,0,0,3,264464.3,7593295.2,9411405.51,9146941.21,0,0,8.41140551
1818110.31,0,-0.0381866448766,2026-01-21,0,-0.0381866448766,0,3,-359390,7233905.2,9052015.51,9411405.51,0,0,8.05201551
1818110.31,0,0.010052098331,2026-01-22,0,-0.0285184024549,0,3,90991.75,7324896.95,9143007.26,9052015.51,0,0,8.14300726
1818110.31,0,0.00856603825993,2026-01-23,0,-0.0201966539215,0,3,78319.35,7403216.3,9221326.61,9143007.26,0,0,8.22132661
1818110.31,0,0.0397008332405,2026-01-26,0,0,0,3,366094.35,7769310.65,9587420.96,9221326.61,0,0,8.58742096
1818110.31,0,-0.00300884879472,2026-01-27,0,-0.00300884879472,0,3,-28847.1,7740463.55,9558573.86,9587420.96,0,0,8.55857386
5493492.31,33098,0.022088284622,2026-01-28,0,0,-60450,2,304680.5,4276214.05,9769706.36,9558573.86,0,0,8.76970636
2631932.16,16857,-0.0173867866383,2026-01-29,0,-0.0173867866383,-82064.95,3,-70941.85,6967910.4,9599842.56,9769706.36,0,0,8.59984256
2631932.16,0,-0.00262239717398,2026-01-30,0,-0.0199635887521,0,3,-25174.6,6942735.8,9574667.96,9599842.56,0,0,8.57466796
2631932.16,0,0.0109265303441,2026-02-02,0,-0.00925519116626,0,3,104617.9,7047353.7,9679285.86,9574667.96,0,0,8.67928586
2631932.16,0,0.0059708433903,2026-02-03,0,-0.00333960907296,0,3,57793.5,7105147.2,9737079.36,9679285.86,0,0,8.73707936
2631932.16,0,0.0303175099109,2026-02-04,0,0,0,3,295204,7400351.2,10032283.36,9737079.36,0,0,9.03228336
2631932.16,0,-0.0353828971194,2026-02-05,0,-0.0353828971194,0,3,-354971.25,7045379.95,9677312.11,10032283.36,0,0,8.67731211
3590011.26,8637,-0.0328204615486,2026-02-06,0,-0.0670420756537,6576.3,3,-315553.15,5769687,9359698.26,9677312.11,0,0,8.35969826
4743322.31,10399,0.0130309168749,2026-02-09,0,-0.0548847784937,28106.65,3,104257.8,4738341.4,9481663.71,9359698.26,0,0,8.48166371
4963588.31,1984,-0.0003222535721,2026-02-10,0,-0.0551893452499,3500,2,-4571.5,4515019.9,9478608.21,9481663.71,0,0,8.47860821
2011122.31,17391,0.0280935021366,2026-02-11,0,-0.028646305102,179162.5,3,104515.8,7733773.2,9744895.51,9478608.21,0,0,8.74489551
2011122.31,0,0.0667219416907,2026-02-23,0,0,0,3,650198.35,8383971.55,10395093.86,9744895.51,0,0,9.39509386
2011122.31,0,0.0659322040984,2026-02-24,0,0,0,3,685371.45,9069343,11080465.31,10395093.86,0,0,10.08046531
2011122.31,0,0.0176441597469,2026-02-25,0,0,0,3,195505.5,9264848.5,11275970.81,11080465.31,0,0,10.27597081
2011122.31,0,0.0492286127158,2026-02-26,0,0,0,3,555100.4,9819948.9,11831071.21,11275970.81,0,0,10.83107121
2011122.31,0,0.0127212487634,2026-03-02,0,0,0,3,150506,9970454.9,11981577.21,11831071.21,0,0,10.98157721
2011122.31,0,-0.0211231414332,2026-03-03,0,-0.0211231414332,0,3,-253088.55,9717366.35,11728488.66,11981577.21,0,0,10.72848866
2011122.31,0,-0.0189974391807,2026-03-04,0,-0.0397192950193,0,3,-222811.25,9494555.1,11505677.41,11728488.66,0,0,10.50567741
2011122.31,0,0.0546023825989,2026-03-05,0,0,0,3,628237.4,10122792.5,12133914.81,11505677.41,0,0,11.13391481
2011122.31,0,0.0180817323539,2026-03-06,0,0,0,3,219402.2,10342194.7,12353317.01,12133914.81,0,0,11.35331701
2011122.31,0,0.0345041902232,2026-03-09,0,0,0,3,426241.2,10768435.9,12779558.21,12353317.01,0,0,11.77955821
2011122.31,0,0.0361829252938,2026-03-10,0,0,0,3,462401.8,11230837.7,13241960.01,12779558.21,0,0,12.24196001
2011122.31,0,0.0446338306077,2026-03-11,0,0,0,3,591039.4,11821877.1,13832999.41,13241960.01,0,0,12.83299941
2011122.31,0,-0.0519158700665,2026-03-12,0,-0.0519158700665,0,3,-718152.2,11103724.9,13114847.21,13832999.41,0,0,12.11484721
2011122.31,0,0.041451531329,2026-03-13,0,-0.0126163310521,0,3,543630.5,11647355.4,13658477.71,13114847.21,0,0,12.65847771
2011122.31,0,0.0536010099767,2026-03-16,0,0,0,3,732108.2,12379463.6,14390585.91,13658477.71,0,0,13.39058591
2011122.31,0,0.0620403161889,2026-03-17,0,0,0,3,892796.5,13272260.1,15283382.41,14390585.91,0,0,14.28338241
2011122.31,0,0.0365848530777,2026-03-18,0,0,0,3,559140.3,13831400.4,15842522.71,15283382.41,0,0,14.84252271
2011122.31,0,0.0318548762238,2026-03-19,0,0,0,3,504661.6,14336062,16347184.31,15842522.71,0,0,15.34718431
2011122.31,0,-0.0510276561505,2026-03-20,0,-0.0510276561505,0,3,-834158.5,13501903.5,15513025.81,16347184.31,0,0,14.51302581
2011122.31,0,-0.0635480313173,2026-03-23,0,-0.111332980377,0,3,-985822.25,12516081.25,14527203.56,15513025.81,0,0,13.52720356
2011122.31,0,-0.0671825514091,2026-03-24,0,-0.171035898108,0,3,-975974.6,11540106.65,13551228.96,14527203.56,0,0,12.55122896
2011122.31,0,0.0208483231177,2026-03-25,0,-0.153753386659,0,3,282520.4,11822627.05,13833749.36,13551228.96,0,0,12.83374936
2011122.31,0,-0.0405401554854,2026-03-26,0,-0.188060355943,0,3,-560822.35,11261804.7,13272927.01,13833749.36,0,0,12.27292701
2011122.31,0,-0.0353684759696,2026-03-27,0,-0.216777423732,0,3,-469443.2,10792361.5,12803483.81,13272927.01,0,0,11.80348381
2011122.31,0,0.0413553340526,2026-03-30,0,-0.184386992453,0,3,529492.35,11321853.85,13332976.16,12803483.81,0,0,12.33297616
2011122.31,0,-0.0580775207806,2026-03-31,0,-0.231755773848,0,3,-774346.2,10547507.65,12558629.96,13332976.16,0,0,11.55862996
2011122.31,0,0.0572876342636,2026-04-01,0,-0.187744879595,0,3,719454.2,11266961.85,13278084.16,12558629.96,0,0,12.27808416
2011122.31,0,-0.0322589196482,2026-04-02,0,-0.213947352258,0,3,-428336.65,10838625.2,12849747.51,13278084.16,0,0,11.84974751
2011122.31,0,0.0416111911603,2026-04-07,0,-0.181238765271,0,3,534693.3,11373318.5,13384440.81,12849747.51,0,0,12.38444081
4406777.31,21574,0.0551694023293,2026-04-08,0,-0.1360681973,117513,2,642472.6,9716075.1,14122852.41,13384440.81,0,0,13.12285241
359891.31,23846,-0.044470807438,2026-04-09,0,-0.174487942138,-65140,3,-539068.65,13134906.45,13494797.76,14122852.41,0,0,12.49479776
359891.31,0,0.0220731762934,2026-04-10,0,-0.156266268952,0,3,297873.05,13432779.5,13792670.81,13494797.76,0,0,12.79267081
359891.31,0,-0.0146628272933,2026-04-13,0,-0.168637790932,0,3,-202239.55,13230539.95,13590431.26,13792670.81,0,0,12.59043126
359891.31,0,0.0522174783437,2026-04-14,0,-0.125226152784,0,3,709658.05,13940198,14300089.31,13590431.26,0,0,13.30008931
359891.31,0,0.0587895139516,2026-04-15,0,-0.0737986234891,0,3,840695.3,14780893.3,15140784.61,14300089.31,0,0,14.14078461
359891.31,0,-0.0623273346995,2026-04-16,0,-0.131526286682,0,3,-943684.75,13837208.55,14197099.86,15140784.61,0,0,13.19709986
359891.31,0,-0.00516919305518,2026-04-17,0,-0.136015594969,0,3,-73387.55,13763821,14123712.31,14197099.86,0,0,13.12371231
359891.31,0,-0.0193012710835,2026-04-20,0,-0.152691592183,0,3,-272605.6,13491215.4,13851106.71,14123712.31,0,0,12.85110671
359891.31,0,0.0449203744529,2026-04-21,0,-0.114630181227,0,3,622196.9,14113412.3,14473303.61,13851106.71,0,0,13.47330361
2020709.89,14958,0.0405371362206,2026-04-22,0,-0.0787398242774,4176.075,3,597488.2,13039300,15060009.89,14473303.61,0,0,14.06000989
3426995.89,12664,-0.0330749450789,2026-04-23,0,-0.109210453993,31450,2,-516895,11134905,14561900.89,15060009.89,0,0,13.56190089
2425408.09,5903,0.0150618248027,2026-04-24,0,-0.0957935379148,-97983.2,3,323215,12355821.6,14781229.69,14561900.89,0,0,13.78122969
2425408.09,0,0.0575510642782,2026-04-27,0,-0.0437554936946,0,3,850675.5,13206497.1,15631905.19,14781229.69,0,0,14.63190519
2425408.09,0,0.0377851959068,2026-04-28,0,-0.00762360768905,0,3,590654.6,13797151.7,16222559.79,15631905.19,0,0,15.22255979
2425408.09,0,-0.031578012757,2026-04-29,0,-0.0389608820652,0,3,-512276.2,13284875.5,15710283.59,16222559.79,0,0,14.71028359
2425408.09,0,-0.0116414257548,2026-04-30,0,-0.0501487476041,0,3,-182890.1,13101985.4,15527393.49,15710283.59,0,0,14.52739349
2425408.09,0,0.0545535089676,2026-05-04,0,0,0,3,847073.8,13949059.2,16374467.29,15527393.49,0,0,15.37446729
2425408.09,0,0.0516339423461,2026-05-05,0,0,0,3,845478.3,14794537.5,17219945.59,16374467.29,0,0,16.21994559
2425408.09,0,0.0170436252813,2026-05-06,0,0,0,3,293490.3,15088027.8,17513435.89,17219945.59,0,0,16.51343589
2425408.09,0,0.0247679440359,2026-05-07,0,0,0,3,433771.8,15521799.6,17947207.69,17513435.89,0,0,16.94720769
2425408.09,0,-0.0813008477532,2026-05-08,0,-0.0813008477532,0,3,-1459123.2,14062676.4,16488084.49,17947207.69,0,0,15.48808449
2425408.09,0,-0.0592107895003,2026-05-11,0,-0.135697749871,0,3,-976272.5,13086403.9,15511811.99,16488084.49,0,0,14.51181199
2425408.09,0,0.0254410574506,2026-05-12,0,-0.113708986671,0,3,394636.9,13481040.8,15906448.89,15511811.99,0,0,14.90644889
2425408.09,0,-0.0558105838795,2026-05-13,0,-0.163173405612,0,3,-887748.2,12593292.6,15018700.69,15906448.89,0,0,14.01870069
5677769.09,29299,0.007198925009,2026-05-14,0,-0.157149153713,175460,2,-38042.5,9449050.1,15126819.19,15018700.69,0,0,14.12681919
4745377.09,5508,-0.0279033876652,2026-05-15,0,-0.180667547621,-13479.2,3,-403102.3,9959352.6,14704729.69,15126819.19,0,0,13.70472969
4745377.09,0,0.0437770168899,2026-05-18,0,-0.144799617015,0,3,643729.2,10603081.8,15348458.89,14704729.69,0,0,14.34845889
4745377.09,0,-0.0369106894744,2026-05-19,0,-0.17636565279,0,3,-566522.2,10036559.6,14781936.69,15348458.89,0,0,13.78193669
4745377.09,0,0.012261201208,2026-05-20,0,-0.166266906337,0,3,181244.3,10217803.9,14963180.99,14781936.69,0,0,13.96318099
4745377.09,0,0.0536221877244,2026-05-21,0,-0.121560313876,0,3,802358.5,11020162.4,15765539.49,14963180.99,0,0,14.76553949
4745377.09,0,0.0415738770256,2026-05-22,0,-0.085040170391,0,3,655434.6,11675597,16420974.09,15765539.49,0,0,15.42097409
4745377.09,0,0.0540337129294,2026-05-25,0,-0.035601493616,0,3,887286.2,12562883.2,17308260.29,16420974.09,0,0,16.30826029
15781592.09,99385,0.0216679547058,2026-05-26,0,-0.0147049504613,416375,2,58044.6,1901702.8,17683294.89,17308260.29,0,0,16.68329489
10760534.09,29574,-0.0141663418248,2026-05-27,0,-0.0286629769313,-192798,3,-28135.6,6672253.2,17432787.29,17683294.89,0,0,16.43278729
10760534.09,0,-0.0271737497923,2026-05-28,0,-0.0550578461601,0,3,-473714.2,6198539,16959073.09,17432787.29,0,0,15.95907309
10760534.09,0,-0.00492365352498,2026-05-29,0,-0.0597104139268,0,3,-83500.6,6115038.4,16875572.49,16959073.09,0,0,15.87557249
11459603.09,6313,-0.00188160727696,2026-06-01,0,-0.0614796696544,17212,3,-42652.2,5384216.2,16843819.29,16875572.49,0,0,15.84381929
11528320.16,638,-0.0162528774078,2026-06-02,0,-0.0767333255283,-376.325,2,-272746.2,5041738.6,16570058.76,16843819.29,0,0,15.57005876
10232051.21,67084,-0.00637785004451,2026-06-03,0,-0.0826217819291,48328.25,2,-86925.6,6232326.2,16464377.41,16570058.76,0,0,15.46437741
5114240.41,30146,-0.0315909546439,2026-06-04,0,-0.111602635608,-112967.8,3,-377011.6,10830011.6,15944252.01,16464377.41,0,0,14.94425201
5114240.41,0,-0.00548724392622,2026-06-05,0,-0.116477488649,0,3,-87490,10742521.6,15856762.01,15944252.01,0,0,14.85676201
5114240.41,0,-0.0371575230573,2026-06-08,0,-0.149306996736,0,3,-589198,10153323.6,15267564.01,15856762.01,0,0,14.26756401
9361763.91,38250,0.0060694882261,2026-06-09,0,-0.144143725569,-89520.3,2,220436.6,5998466.4,15360230.31,15267564.01,0,0,14.36023031
4518841.66,28526,-0.0209350799767,2026-06-10,0,-0.162061145123,-99106.25,3,-193935.4,10519821,15038662.66,15360230.31,0,0,14.03866266
4518841.66,0,0.00776092945488,2026-06-11,0,-0.155557960783,0,3,116714,10636535,15155376.66,15038662.66,0,0,14.15537666
4518841.66,0,-0.00517087115405,2026-06-12,0,-0.159924461765,0,3,-78366.5,10558168.5,15077010.16,15155376.66,0,0,14.07701016
4518841.66,0,0.0434668275106,2026-06-15,0,-0.123409043248,0,3,655349.8,11213518.3,15732359.96,15077010.16,0,0,14.73235996
4518841.66,0,0.0326414283239,2026-06-16,0,-0.094795862364,0,3,513526.7,11727045,16245886.66,15732359.96,0,0,15.24588666
4518841.66,0,0.0533825711179,2026-06-17,0,-0.0464737381105,0,3,867247.2,12594292.2,17113133.86,16245886.66,0,0,16.11313386
4518841.66,0,0.00796518049325,2026-06-18,0,-0.0388787293295,0,3,136309.2,12730601.4,17249443.06,17113133.86,0,0,16.24944306
4518841.66,0,0.0313921555679,2026-06-22,4861.2,-0.00870706088096,0,3,536636,13267237.4,17790940.26,17249443.06,4861.2,0,16.79094026
4518841.66,0,-0.0522135191521,2026-06-23,0,-0.060465953743,0,3,-928927.6,12338309.8,16862012.66,17790940.26,4861.2,0,15.86201266
4518841.66,0,0.0530417701632,2026-06-24,0,-0.010631404801,0,3,894391,13232700.8,17756403.66,16862012.66,4861.2,0,16.75640366
4518841.66,0,-0.00476715902729,2026-06-25,0,-0.0153478822309,0,3,-84647.6,13148053.2,17671756.06,17756403.66,4861.2,0,16.67175606
4518841.66,0,-0.0475928366793,2026-06-26,0,-0.0622102696578,0,3,-841049,12307004.2,16830707.06,17671756.06,4861.2,0,15.83070706
4518841.66,0,-0.038470439637,2026-06-29,0,-0.0982874528712,0,3,-647484.7,11659519.5,16183222.36,16830707.06,4861.2,0,15.18322236
4518841.66,0,0.0649622477288,2026-06-30,0,-0.0397101790045,0,3,1051298.5,12710818,17234520.86,16183222.36,4861.2,0,16.23452086
4518841.66,0,-0.0236955876707,2026-07-01,0,-0.0624648106471,0,3,-408382.1,12302435.9,16826138.76,17234520.86,4861.2,0,15.82613876
4518841.66,0,-0.00185720565162,2026-07-02,0,-0.0642060062994,0,3,-31249.6,12271186.3,16794889.16,16826138.76,4861.2,0,15.79488916
4518841.66,0,0.00316870802141,2026-07-03,0,-0.0612407483651,0,3,53218.1,12324404.4,16848107.26,16794889.16,4861.2,0,15.84810726
4518841.66,0,-0.0370362136453,2026-07-06,0,-0.0960088365702,0,3,-623990.1,11700414.3,16224117.16,16848107.26,4861.2,0,15.22411716
4518841.66,0,-0.0472789115386,2026-07-07,0,-0.138748554818,0,3,-767058.6,10933355.7,15457058.56,16224117.16,4861.2,0,14.45705856
4518841.66,0,-0.0256402082234,2026-07-08,0,-0.160831221205,0,3,-396322.2,10537033.5,15060736.36,15457058.56,4861.2,0,14.06073636
4518841.66,0,0.0050955144666,2026-07-09,55474,-0.156555224553,0,3,21268.2,10558301.7,15137478.56,15060736.36,60335.2,0,14.13747856
4523702.86,0,-0.00891364433417,2026-07-13,0,-0.164073391296,0,3,-134930.1,10423371.6,15002548.46,15137478.56,55474,0,14.00254846
4523702.86,0,-0.0310402863381,2026-07-14,0,-0.190020792588,0,3,-465683.4,9957688.2,14536865.06,15002548.46,55474,0,13.53686506
4523702.86,0,0.0408147834867,2026-07-15,0,-0.156961666609,0,3,593319,10551007.2,15130184.06,14536865.06,55474,0,14.13018406
4523702.86,0,-0.0168602509387,2026-07-16,0,-0.171175504461,0,3,-255098.7,10295908.5,14875085.36,15130184.06,55474,0,13.87508536
4523702.86,0,-0.0839073638768,2026-07-17,0,-0.240719982998,0,3,-1248129.2,9047779.3,13626956.16,14875085.36,55474,0,12.62695616
8367867.69,34638,-0.0302081561845,2026-07-20,0,-0.263656432339,133507.475,3,-510514.7,4791969.25,13215310.94,13626956.16,55474,0,12.21531094
7565715.49,5830,-3.01468502566e-05,2026-07-21,0,-0.263678630779,-2431.8,3,7863.4,5593723.05,13214912.54,13215310.94,55474,0,12.21491254
7658186.27,852,-0.0156965412652,2026-07-22,0,-0.275236329535,-88.175,3,-206488.25,5293823.85,13007484.12,13214912.54,55474,0,12.00748412
11508067.55,34688,-0.0135148095034,2026-07-23,0,-0.285031372476,92349.375,2,-233455.05,1268148.9,12831690.45,13007484.12,55474,0,11.83169045
7813791.4,22484,-0.0133047162153,2026-07-24,0,-0.294543827168,-93476.15,3,-54761.85,4791703.05,12660968.45,12831690.45,55474,0,11.66096845
7814230.65,24,-0.0280117473952,2026-07-27,0,-0.31430488728,6.25,3,-354638.1,4436607.95,12306312.6,12660968.45,55474,0,11.3063126
7945181.35,1199,-0.0329698272088,2026-07-28,0,-0.336912136665,1513.6,3,-406051.6,3899920.25,11900575.6,12306312.6,55474,0,10.9005756
11271830.3,29986,-0.0257073951952,2026-07-29,0,-0.353958398416,58769.9,3,-334716.7,267338.5,11594642.8,11900575.6,55474,0,10.5946428
11528145.15,2347,-0.000711988298596,2026-07-30,0,-0.354418372477,1490.4,1,-7398.65,2768.4,11586387.55,11594642.8,55474,0,10.58638755
5143882.4,37969,-0.0065893834183,2026-07-31,0,-0.358672357349,-38630.15,4,252,6366158,11510040.4,11586387.55,0,0,10.5100404
5144533.6,26,-0.0141442857142,2026-08-03,0,-0.367743478763,9.2,4,-162784.5,6202705.5,11347239.1,11510040.4,0,0,10.3472391
5145557.4,28,0.000473648255107,2026-08-04,0,-0.367444011565,25.8,3,5376.8,6207056.3,11352613.7,11347239.1,0,0,10.3526137
5145557.4,0,-0.000624217487467,2026-08-05,0,-0.367838864075,0,3,-7086.5,6199969.8,11345527.2,11352613.7,0,0,10.3455272
5145557.4,0,0.00740661042177,2026-08-06,0,-0.363156692817,0,3,84031.9,6284001.7,11429559.1,11345527.2,0,0,10.4295591
5145557.4,0,-0.0141723139609,2026-08-07,0,-0.37218223611,0,3,-161983.3,6122018.4,11267575.8,11429559.1,0,0,10.2675758
5145557.4,0,-0.0128588617971,2026-08-10,68676,-0.38025525797,0,3,-213564.2,5908454.2,11122687.6,11267575.8,68676,0,10.1226876
5642284.28,4474,-0.00668591285437,2026-08-11,0,-0.384398817307,3780.875,3,-73672.2,5337362,11048322.28,11122687.6,68676,0,10.04832228
2387828.88,19272,-0.0108477013037,2026-08-12,0,-0.391076675059,93.1,3,-100670,8471968.5,10928473.38,11048322.28,68676,0,9.92847338
2387828.88,0,-0.00123548820869,2026-08-13,0,-0.391828992647,0,3,-13502,8458466.5,10914971.38,10928473.38,68676,0,9.91497138
2387828.88,0,-0.018739169612,2026-08-14,0,-0.403225612307,0,3,-204537.5,8253929,10710433.88,10914971.38,68676,0,9.71043388
2387828.88,0,-0.0144116383827,2026-08-17,0,-0.411826108978,0,3,-154354.9,8099574.1,10556078.98,10710433.88,68676,0,9.55607898
2387828.88,0,-0.00656721119,2026-08-18,0,-0.415688771137,0,3,-69324,8030250.1,10486754.98,10556078.98,68676,0,9.48675498
2387828.88,0,0.0171321252707,2026-08-19,0,-0.405678277967,0,3,179660.4,8209910.5,10666415.38,10486754.98,68676,0,9.66641538
2387828.88,0,0.0112291239121,2026-08-20,0,-0.399004565707,0,3,119774.5,8329685,10786189.88,10666415.38,68676,0,9.78618988
2387828.88,0,0.00902408552815,2026-08-21,0,-0.393581131506,0,3,97335.5,8427020.5,10883525.38,10786189.88,68676,0,9.88352538
2387828.88,0,-0.0105582976093,2026-08-24,0,-0.399983882395,0,3,-114911.5,8312109,10768613.88,10883525.38,68676,0,9.76861388
2387828.88,0,0.00868240435045,2026-08-25,54081.96,-0.394774299845,0,3,39415.5,8351524.5,10862111.34,10768613.88,122757.96,0,9.86211134
2387828.88,0,-0.000996583413773,2026-08-26,0,-0.39537745774,0,3,-10825,8340699.5,10851286.34,10862111.34,122757.96,0,9.85128634
2456504.88,0,0.00123777952025,2026-08-27,0,-0.394629068339,0,3,13431.5,8354131,10864717.84,10851286.34,54081.96,0,9.86471784
2456504.88,0,-0.010426731892,2026-08-28,0,-0.400941108739,0,3,-113283.5,8240847.5,10751434.34,10864717.84,54081.96,0,9.75143434
2456504.88,0,-0.00777054459508,2026-08-31,0,-0.405596122569,0,3,-83544.5,8157303,10667889.84,10751434.34,54081.96,0,9.66788984
2456504.88,0,0.00826480225446,2026-09-01,0,-0.400683492062,0,3,88168,8245471,10756057.84,10667889.84,54081.96,0,9.75605784
2456504.88,0,-0.00360415503307,2026-09-02,0,-0.402843521671,0,3,-38766.5,8206704.5,10717291.34,10756057.84,54081.96,0,9.71729134
2456504.88,0,-0.0015952258325,2026-09-03,0,-0.403796121111,0,3,-17096.5,8189608,10700194.84,10717291.34,54081.96,0,9.70019484
2456504.88,0,0.00240519919355,2026-09-04,0,-0.402362132023,0,3,25736.1,8215344.1,10725930.94,10700194.84,54081.96,0,9.72593094
2456504.88,0,-0.0105623838745,2026-09-07,0,-0.408674612602,0,3,-113291.4,8102052.7,10612639.54,10725930.94,54081.96,0,9.61263954
2456504.88,0,-0.011704373783,2026-09-08,0,-0.415595705964,0,3,-124214.3,7977838.4,10488425.24,10612639.54,54081.96,0,9.48842524
5217235.13,24862,0.000877476817482,2026-09-09,0,-0.415082904743,11733.75,2,22331.6,5226311.5,10497628.59,10488425.24,54081.96,0,9.49762859
