capacity_qty,cash_after,cash_change,channel,commission,date,day_participation,event_id,execution_evidence,expires_at,gross,limit_price,name,order_time,participation_limit,prior_avg_amount20,prior_avg_volume20,qty,reason,reference_price,remaining_shares,requested_qty,sequence,side,signal_date,slippage,source_high,source_low,source_volume,stock_id,tax,total_cost
56000,739415,-260585,board,369,2019-02-22,0.000701074139058,liquid_universe-2019-02-21-6188,daily_high_low_midpoint_proxy,13:30:00,259050,47.65,廣明,08:59:00,0.01,204300690.805,5623364.9,6000,leader_entry,43.175,6000,6000,1,buy,2019-02-21,1166,44.05,42.3,8558296,6188,0,1535
12,738873.6,-541.4,odd,20,2019-02-22,0.00925925925926,liquid_universe-2019-02-21-6188,after_hours_single_auction_proxy,14:30:00,518.4,47.65,廣明,13:40:00,0.01,204300690.805,5623364.9,12,leader_entry,43.2,6012,954,2,buy,2019-02-21,3,43.2,43.2,1296,6188,0,23
56000,441471.6,-297402,board,421,2019-02-22,0.00112262546472,liquid_universe-2019-02-21-3049,daily_high_low_midpoint_proxy,13:30:00,295650,10.9,精金,08:59:00,0.01,51436623.7895,5682439.3,30000,leader_entry,9.855,30000,30000,3,buy,2019-02-21,1331,10.15,9.56,26723071,3049,0,1752
90,440579.1,-892.5,odd,20,2019-02-22,0.0099217285856,liquid_universe-2019-02-21-3049,after_hours_single_auction_proxy,14:30:00,868.5,10.9,精金,13:40:00,0.01,51436623.7895,5682439.3,90,leader_entry,9.65,30090,399,4,buy,2019-02-21,4,9.65,9.65,9071,3049,0,24
22000,140008.1,-300571,board,426,2019-02-22,0.00224251197221,liquid_universe-2019-02-21-3356,daily_high_low_midpoint_proxy,13:30:00,298800,41.05,奇偶,08:59:00,0.01,74394521.845,2216203.85,8000,leader_entry,37.35,8000,8000,5,buy,2019-02-21,1345,38.35,36.35,3567428,3356,0,1771
24,139110.5,-897.6,odd,20,2019-02-22,0.00988467874794,liquid_universe-2019-02-21-3356,after_hours_single_auction_proxy,14:30:00,873.6,41.05,奇偶,13:40:00,0.01,74394521.845,2216203.85,24,leader_entry,36.4,8024,71,6,buy,2019-02-21,4,36.4,36.4,2428,3356,0,24
21000,407493.5,268383,board,386,2019-03-15,0.00375225193745,liquid_universe-2019-02-21-3356,daily_high_low_midpoint_proxy,13:30:00,270800,31.5,奇偶,08:59:00,0.01,80701856.7125,2265502,8000,stall5weak,33.85,24,8000,7,sell,2019-03-14,1219,34.7,33,2132053,3356,812,2417
20,408142.5,649,odd,20,2019-03-15,0.00974184120799,liquid_universe-2019-02-21-3356,after_hours_single_auction_proxy,14:30:00,675,31.5,奇偶,13:40:00,0.01,80701856.7125,2265502,20,stall5weak,33.75,4,24,8,sell,2019-03-14,4,33.75,33.75,2053,3356,2,26
14,408257.7,115.2,odd,20,2019-03-18,0.0027397260274,liquid_universe-2019-02-21-3356,after_hours_single_auction_proxy,14:30:00,136.2,30.4,奇偶,13:40:00,0.01,81936129.885,2297544.2,4,stall5weak,34.05,0,4,9,sell,2019-03-14,1,34.05,34.05,1460,3356,0,21
35000,135450.7,-272807,board,386,2019-03-18,0.00118605390378,liquid_universe-2019-03-15-3511,daily_high_low_midpoint_proxy,13:30:00,271200,36.45,矽瑪,08:59:00,0.01,98809025.465,3501189.95,8000,leader_entry,33.9,8000,8000,10,buy,2019-03-15,1221,35.15,32.65,6745056,3511,0,1607
30,134380.2,-1070.5,odd,20,2019-03-18,0.0098167539267,liquid_universe-2019-03-15-3511,after_hours_single_auction_proxy,14:30:00,1045.5,36.45,矽瑪,13:40:00,0.01,98809025.465,3501189.95,30,leader_entry,34.85,8030,987,11,buy,2019-03-15,5,34.85,34.85,3056,3511,0,25
72000,372683.2,238303,board,343,2019-05-29,0.000824162465498,liquid_universe-2019-02-21-6188,daily_high_low_midpoint_proxy,13:30:00,240450,37.05,廣明,08:59:00,0.01,621999021.655,12848375.2,6000,time63,40.075,12,6000,12,sell,2019-05-28,1083,40.6,39.55,7280118,6188,721,2147
1,372702.7,19.5,odd,20,2019-05-29,0.00847457627119,liquid_universe-2019-02-21-6188,after_hours_single_auction_proxy,14:30:00,40.5,37.05,廣明,13:40:00,0.01,621999021.655,12848375.2,1,time63,40.5,11,12,13,sell,2019-05-28,1,40.5,40.5,118,6188,0,21
355000,774831.7,402129,board,578,2019-05-29,0.000645113066387,liquid_universe-2019-02-21-3049,daily_high_low_midpoint_proxy,13:30:00,405750,12.25,精金,08:59:00,0.01,489535782.363,35542043.95,30000,time63,13.525,90,30000,14,sell,2019-05-28,1826,13.75,13.3,46503476,3049,1217,3621
64,775656.9,825.2,odd,20,2019-05-29,0.00988264360716,liquid_universe-2019-02-21-3049,after_hours_single_auction_proxy,14:30:00,851.2,12.25,精金,13:40:00,0.01,489535782.363,35542043.95,64,time63,13.3,26,90,15,sell,2019-05-28,4,13.3,13.3,6476,3049,2,26
15,776083.9,427,odd,20,2019-05-30,0.00700190961171,liquid_universe-2019-02-21-6188,after_hours_single_auction_proxy,14:30:00,451,36.1,廣明,13:40:00,0.01,596527691.485,12506959.15,11,time63,41,0,11,16,sell,2019-05-28,3,41,41,1571,6188,1,24
66,776411.9,328,odd,20,2019-05-30,0.00390507659958,liquid_universe-2019-02-21-3049,after_hours_single_auction_proxy,14:30:00,351,12.1,精金,13:40:00,0.01,494457493.01,36123987.3,26,time63,13.5,0,26,17,sell,2019-05-28,2,13.5,13.5,6658,3049,1,23
78000,465202.9,-311209,board,441,2019-05-31,0.000530699827108,liquid_universe-2019-05-30-2520,daily_high_low_midpoint_proxy,13:30:00,309375,30.8,冠德,08:59:00,0.01,192779430.032,7856790.75,11000,leader_entry,28.125,11000,11000,18,buy,2019-05-30,1393,28.95,27.3,20727348,2520,0,1834
23,464531.3,-671.6,odd,20,2019-05-31,0.00979557069847,liquid_universe-2019-05-30-2520,after_hours_single_auction_proxy,14:30:00,648.6,30.8,冠德,13:40:00,0.01,192779430.032,7856790.75,23,leader_entry,28.2,11023,95,19,buy,2019-05-30,3,28.2,28.2,2348,2520,0,23
54000,159886.3,-304645,board,432,2019-05-31,0.00330839611383,liquid_universe-2019-05-30-2841,daily_high_low_midpoint_proxy,13:30:00,302850,11.15,台開,08:59:00,0.01,50868903.9445,5405780.25,30000,leader_entry,10.095,30000,30000,20,buy,2019-05-30,1363,10.2,9.99,9067838,2841,0,1795
38,159484.3,-402,odd,20,2019-05-31,0.00990099009901,liquid_universe-2019-05-30-2841,after_hours_single_auction_proxy,14:30:00,380,11.15,台開,13:40:00,0.01,50868903.9445,5405780.25,38,leader_entry,10,30038,650,21,buy,2019-05-30,2,10,10,3838,2841,0,22
6000,366123.3,206639,board,297,2019-06-19,0.00891529135915,liquid_universe-2019-03-15-3511,daily_high_low_midpoint_proxy,13:30:00,208500,30.9,矽瑪,08:59:00,0.01,44609842.8,1297973.1,6000,time63,34.75,2030,8000,22,sell,2019-06-18,939,35.1,34.4,673001,3511,625,1861
5000,435647.3,69524,board,100,2019-06-20,0.00347222222222,liquid_universe-2019-03-15-3511,daily_high_low_midpoint_proxy,13:30:00,70150,31.35,矽瑪,08:59:00,0.01,44549194.1875,1295344.2,2000,time63,35.075,30,2000,23,sell,2019-06-18,316,35.65,34.5,576000,3511,210,626
77000,174458.3,-261189,board,370,2019-06-21,0.000287986001576,liquid_universe-2019-06-20-4968,daily_high_low_midpoint_proxy,13:30:00,259650,95.5,立積,08:59:00,0.01,558354102.135,7755985.55,3000,leader_entry,86.55,3000,3000,24,buy,2019-06-20,1169,88.9,84.2,10417173,4968,0,1539
81,167538.5,-6919.8,odd,20,2019-06-21,0.0099106815123,liquid_universe-2019-06-20-4968,after_hours_single_auction_proxy,14:30:00,6868.8,95.5,立積,13:40:00,0.01,558354102.135,7755985.55,81,leader_entry,84.8,3081,663,25,buy,2019-06-20,31,84.8,84.8,8173,4968,0,51
3,167616.2,77.7,odd,20,2019-06-25,0.0078125,liquid_universe-2019-03-15-3511,after_hours_single_auction_proxy,14:30:00,98.7,30.25,矽瑪,13:40:00,0.01,44194793.2425,1278809.45,3,time63,32.9,27,30,26,sell,2019-06-18,1,32.9,32.9,384,3511,0,21
1,167628.2,12,odd,20,2019-06-27,0.01,liquid_universe-2019-03-15-3511,after_hours_single_auction_proxy,14:30:00,33,30.15,矽瑪,13:40:00,0.01,43548031.4,1254518.9,1,time63,33,26,27,27,sell,2019-06-18,1,33,33,100,3511,0,21
27000,430267.2,262639,board,378,2019-06-27,0.00996456673879,liquid_universe-2019-05-30-2841,daily_high_low_midpoint_proxy,13:30:00,265005,8.88,台開,08:59:00,0.01,44914414.115,4528507.35,27000,stall5weak,9.815,3038,30000,28,sell,2019-06-26,1193,9.94,9.69,2709601,2841,795,2366
26,430497.4,230.2,odd,20,2019-06-27,0.00999615532488,liquid_universe-2019-05-30-2841,after_hours_single_auction_proxy,14:30:00,252.2,8.88,台開,13:40:00,0.01,44914414.115,4528507.35,26,stall5weak,9.7,3012,38,29,sell,2019-06-26,2,9.7,9.7,2601,2841,0,22
2,430541.7,44.3,odd,20,2019-06-28,0.01,liquid_universe-2019-03-15-3511,after_hours_single_auction_proxy,14:30:00,65.3,29.7,矽瑪,13:40:00,0.01,43767374.525,1259773.6,2,time63,32.65,24,26,30,sell,2019-06-18,1,32.65,32.65,200,3511,0,21
35000,459173.7,28632,board,41,2019-06-28,0.000848521154905,liquid_universe-2019-05-30-2841,daily_high_low_midpoint_proxy,13:30:00,28890,8.75,台開,08:59:00,0.01,41326673.915,4171557.05,3000,stall5weak,9.63,12,3000,31,sell,2019-06-26,131,9.74,9.52,3535563,2841,86,258
25,459267.66,93.96,odd,20,2019-06-28,0.0046820132657,liquid_universe-2019-05-30-2841,after_hours_single_auction_proxy,14:30:00,114.96,8.75,台開,13:40:00,0.01,41326673.915,4171557.05,12,stall5weak,9.58,0,12,32,sell,2019-06-26,1,9.58,9.58,2563,2841,0,21
42000,148813.66,-310454,board,440,2019-07-01,0.00136135596863,liquid_universe-2019-06-28-2461,daily_high_low_midpoint_proxy,13:30:00,308625,22.65,光群雷,08:59:00,0.01,79941443.5275,4260023.7,15000,leader_entry,20.575,15000,15000,33,buy,2019-06-28,1389,21.05,20.1,11018426,2461,0,1829
14,148494.86,-318.8,odd,20,2019-07-01,0.00981767180926,liquid_universe-2019-06-28-2461,after_hours_single_auction_proxy,14:30:00,296.8,22.65,光群雷,13:40:00,0.01,79941443.5275,4260023.7,14,leader_entry,21.2,15014,257,34,buy,2019-06-28,2,21.2,21.2,1426,2461,0,22
14,148990.26,495.4,odd,20,2019-07-02,0.00955631399317,liquid_universe-2019-03-15-3511,after_hours_single_auction_proxy,14:30:00,519.4,30.4,矽瑪,13:40:00,0.01,43658119.2125,1253614.85,14,time63,37.1,10,24,35,sell,2019-06-18,3,37.1,37.1,1465,3511,1,24
8,149273.86,283.6,odd,20,2019-07-03,0.00960384153661,liquid_universe-2019-03-15-3511,after_hours_single_auction_proxy,14:30:00,305.6,33.4,矽瑪,13:40:00,0.01,51827851.7875,1471238.1,8,time63,38.2,2,10,36,sell,2019-06-18,2,38.2,38.2,833,3511,0,22
1,149290.36,16.5,odd,20,2019-07-04,0.00531914893617,liquid_universe-2019-03-15-3511,after_hours_single_auction_proxy,14:30:00,37.5,34.1,矽瑪,13:40:00,0.01,71288642.24,1976174.75,1,time63,37.5,1,2,37,sell,2019-06-18,1,37.5,37.5,188,3511,0,21
4,149307.21,16.85,odd,20,2019-07-05,0.00230946882217,liquid_universe-2019-03-15-3511,after_hours_single_auction_proxy,14:30:00,37.85,33.6,矽瑪,13:40:00,0.01,75838532.86,2093584.15,1,time63,37.85,0,1,38,sell,2019-06-18,1,37.85,37.85,433,3511,0,21
78000,452204.21,302897,board,436,2019-07-18,0.00112749469476,liquid_universe-2019-06-28-2461,daily_high_low_midpoint_proxy,13:30:00,305625,17.65,光群雷,08:59:00,0.01,153297786.697,7800586.15,15000,stall5weak,20.375,14,15000,39,sell,2019-07-17,1376,21.3,19.45,13303832,2461,916,2728
18,452474.11,269.9,odd,20,2019-07-18,0.00764192139738,liquid_universe-2019-06-28-2461,after_hours_single_auction_proxy,14:30:00,291.9,17.65,光群雷,13:40:00,0.01,153297786.697,7800586.15,14,stall5weak,20.85,0,14,40,sell,2019-07-17,2,20.85,20.85,1832,2461,0,22
69000,102261.11,-350213,board,496,2019-07-19,0.00120663279466,liquid_universe-2019-07-18-2387,daily_high_low_midpoint_proxy,13:30:00,348150,33.3,精元,08:59:00,0.01,174611708.365,6915200.45,11000,leader_entry,31.65,11000,11000,41,buy,2019-07-18,1567,33,30.3,9116278,2387,0,2063
482,94099.16,-8161.95,odd,20,2019-07-19,0.00515762873358,liquid_universe-2019-07-18-2387,after_hours_single_auction_proxy,14:30:00,8104.95,33.3,精元,13:40:00,0.01,174611708.365,6915200.45,249,leader_entry,32.55,11249,249,42,buy,2019-07-18,37,32.55,32.55,48278,2387,0,57
37000,441814.39,320786,board,461,2019-08-30,0.00296890076449,liquid_universe-2019-05-30-2520,daily_high_low_midpoint_proxy,13:30:00,323675,26.5,冠德,08:59:00,0.01,218619589.297,7615705.3,11000,time63,29.425,23,11000,43,sell,2019-08-29,1457,29.7,29.15,3705075,2520,971,2889
9,442064.19,249.8,odd,20,2019-09-02,0.00957446808511,liquid_universe-2019-05-30-2520,after_hours_single_auction_proxy,14:30:00,271.8,26.5,冠德,13:40:00,0.01,222358765.545,7732804,9,time63,30.2,14,23,44,sell,2019-08-29,2,30.2,30.2,940,2520,0,22
13000,60064.19,-382000,board,541,2019-09-02,0.00272844149239,liquid_universe-2019-08-30-6231,daily_high_low_midpoint_proxy,13:30:00,379750,83.6,系微,08:59:00,0.01,88029984.655,1388334.8,5000,leader_entry,75.95,5000,5000,45,buy,2019-08-30,1709,76.9,75,1832548,6231,0,2250
5,59664.69,-399.5,odd,20,2019-09-02,0.00912408759124,liquid_universe-2019-08-30-6231,after_hours_single_auction_proxy,14:30:00,377.5,83.6,系微,13:40:00,0.01,88029984.655,1388334.8,5,leader_entry,75.5,5005,227,46,buy,2019-08-30,2,75.5,75.5,548,6231,0,22
3,59739.69,75,odd,20,2019-09-03,0.009375,liquid_universe-2019-05-30-2520,after_hours_single_auction_proxy,14:30:00,96,26.65,冠德,13:40:00,0.01,213167138.433,7368379.35,3,time63,32,11,14,47,sell,2019-08-29,1,32,32,320,2520,0,21
3,59808.09,68.4,odd,20,2019-09-05,0.00849858356941,liquid_universe-2019-05-30-2520,after_hours_single_auction_proxy,14:30:00,89.4,26.85,冠德,13:40:00,0.01,184490972.297,6290408.85,3,time63,29.8,8,11,48,sell,2019-08-29,1,29.8,29.8,353,2520,0,21
14000,380916.09,321108,board,462,2019-09-05,0.00350778974869,liquid_universe-2019-08-30-6231,daily_high_low_midpoint_proxy,13:30:00,324000,59.1,系微,08:59:00,0.01,105511981.138,1622838.3,5000,loss12,64.8,5,5000,49,sell,2019-09-04,1458,65.6,64,1425399,6231,972,2892
13,381214.09,298,odd,20,2019-09-05,0.0035739814153,liquid_universe-2019-08-30-6231,after_hours_single_auction_proxy,14:30:00,320,59.1,系微,13:40:00,0.01,105511981.138,1622838.3,5,loss12,64,0,5,50,sell,2019-09-04,2,64,64,1399,6231,0,22
3,381279.79,65.7,odd,20,2019-09-06,0.00872093023256,liquid_universe-2019-05-30-2520,after_hours_single_auction_proxy,14:30:00,86.7,26.6,冠德,13:40:00,0.01,172808714.655,5863685.1,3,time63,28.9,5,8,51,sell,2019-08-29,1,28.9,28.9,344,2520,0,21
420000,69165.79,-312114,board,442,2019-09-06,0.000113100150397,liquid_universe-2019-09-05-2367,daily_high_low_midpoint_proxy,13:30:00,310275,39.05,燿華,08:59:00,0.01,1189241176.86,42042522.75,9000,leader_entry,34.475,9000,9000,52,buy,2019-09-05,1397,35.5,33.45,79575491,2367,0,1839
384,55992.39,-13173.4,odd,20,2019-09-06,0.00997635810969,liquid_universe-2019-09-05-2367,after_hours_single_auction_proxy,14:30:00,13094.4,39.05,燿華,13:40:00,0.01,1189241176.86,42042522.75,384,leader_entry,34.1,9384,704,53,buy,2019-09-05,59,34.1,34.1,38491,2367,0,79
3,56058.39,66,odd,20,2019-09-09,0.00892857142857,liquid_universe-2019-05-30-2520,after_hours_single_auction_proxy,14:30:00,87,25.75,冠德,13:40:00,0.01,169205745.395,5738469.1,3,time63,29,2,5,54,sell,2019-08-29,1,29,29,336,2520,0,21
5,56094.69,36.3,odd,20,2019-09-11,0.00393700787402,liquid_universe-2019-05-30-2520,after_hours_single_auction_proxy,14:30:00,57.3,25.9,冠德,13:40:00,0.01,155644410.808,5270804.85,2,time63,28.65,0,2,55,sell,2019-08-29,1,28.65,28.65,508,2520,0,21
37000,545933.69,489839,board,704,2019-09-20,0.000188082904186,liquid_universe-2019-06-20-4968,daily_high_low_midpoint_proxy,13:30:00,494250,139.5,立積,08:59:00,0.01,555004256.9,3723334.9,3000,time63,164.75,81,3000,56,sell,2019-09-19,2225,170.5,159,15950413,4968,1482,4411
204,559620.19,13686.5,odd,20,2019-09-20,0.00396805956988,liquid_universe-2019-06-20-4968,after_hours_single_auction_proxy,14:30:00,13810.5,139.5,立積,13:40:00,0.01,555004256.9,3723334.9,81,time63,170.5,0,81,57,sell,2019-09-19,63,170.5,170.5,20413,4968,41,124
66000,231688.19,-327932,board,465,2019-09-23,0.000241645382743,liquid_universe-2019-09-20-3661,daily_high_low_midpoint_proxy,13:30:00,326000,180,世芯-KY,08:59:00,0.01,931327003.725,6697887.65,2000,leader_entry,163,2000,2000,58,buy,2019-09-20,1467,166,160,8276591,3661,0,1932
15,229203.69,-2484.5,odd,20,2019-09-23,0.00942803268385,liquid_universe-2019-09-20-3661,after_hours_single_auction_proxy,14:30:00,2452.5,180,世芯-KY,13:40:00,0.01,931327003.725,6697887.65,15,leader_entry,163.5,2015,426,59,buy,2019-09-20,12,163.5,163.5,1591,3661,0,32
72000,713516.69,484313,board,696,2019-10-23,0.00151284120242,liquid_universe-2019-07-18-2387,daily_high_low_midpoint_proxy,13:30:00,488675,39.55,精元,08:59:00,0.01,492069507.493,12042333.75,11000,time63,44.425,249,11000,60,sell,2019-10-22,2200,45.05,43.8,7271087,2387,1466,4362
60,716105.69,2589,odd,20,2019-10-23,0.00985707244948,liquid_universe-2019-07-18-2387,after_hours_single_auction_proxy,14:30:00,2628,39.55,精元,13:40:00,0.01,492069507.493,12042333.75,60,time63,43.8,189,249,61,sell,2019-10-22,12,43.8,43.8,6087,2387,7,39
54,718396.09,2290.4,odd,20,2019-10-24,0.00991553433713,liquid_universe-2019-07-18-2387,after_hours_single_auction_proxy,14:30:00,2327.4,39.45,精元,13:40:00,0.01,486632434.71,11850341.85,54,time63,43.1,135,189,62,sell,2019-10-22,11,43.1,43.1,5446,2387,6,37
15000,321306.09,-397090,board,563,2019-10-24,0.00187166340904,liquid_universe-2019-10-23-2362,daily_high_low_midpoint_proxy,13:30:00,394750,43.25,藍天,08:59:00,0.01,56168073.075,1539109.7,10000,leader_entry,39.475,10000,10000,63,buy,2019-10-23,1777,40.6,38.35,5342841,2362,0,2340
48,319395.49,-1910.6,odd,20,2019-10-24,0.0099153067548,liquid_universe-2019-10-23-2362,after_hours_single_auction_proxy,14:30:00,1881.6,43.25,藍天,13:40:00,0.01,56168073.075,1539109.7,48,leader_entry,39.2,10048,897,64,buy,2019-10-23,9,39.2,39.2,4841,2362,0,29
80,322671.49,3276,odd,20,2019-10-25,0.00997008973081,liquid_universe-2019-07-18-2387,after_hours_single_auction_proxy,14:30:00,3320,38.8,精元,13:40:00,0.01,490435146.99,11903321.4,80,time63,41.5,55,135,65,sell,2019-10-22,15,41.5,41.5,8024,2387,9,44
77,324963.74,2292.25,odd,20,2019-10-28,0.0071068613516,liquid_universe-2019-07-18-2387,after_hours_single_auction_proxy,14:30:00,2329.25,37.35,精元,13:40:00,0.01,499616087.02,12108064.05,55,time63,42.35,0,55,66,sell,2019-10-22,11,42.35,42.35,7739,2387,6,37
166000,615521.74,290558,board,418,2019-12-10,0.00054064448066,liquid_universe-2019-09-05-2367,daily_high_low_midpoint_proxy,13:30:00,293175,29.85,燿華,08:59:00,0.01,678309721.058,19695455.3,9000,time63,32.575,384,9000,67,sell,2019-12-09,1320,33.05,32.1,16646799,2367,879,2617
77,617985.24,2463.5,odd,20,2019-12-10,0.0098730606488,liquid_universe-2019-09-05-2367,after_hours_single_auction_proxy,14:30:00,2502.5,29.85,燿華,13:40:00,0.01,678309721.058,19695455.3,77,time63,32.5,307,384,68,sell,2019-12-09,12,32.5,32.5,7799,2367,7,39
93,620937.84,2952.6,odd,20,2019-12-11,0.00990415335463,liquid_universe-2019-09-05-2367,after_hours_single_auction_proxy,14:30:00,2994.6,29.25,燿華,13:40:00,0.01,674378506.913,19637500.35,93,time63,32.2,214,307,69,sell,2019-12-09,14,32.2,32.2,9390,2367,8,42
56000,200963.84,-419974,board,595,2019-12-11,0.000879700592144,liquid_universe-2019-12-10-6667,daily_high_low_midpoint_proxy,13:30:00,417500,97.9,信紘科,08:59:00,0.01,493456998.58,6126462.35,5000,leader_entry,83.5,5000,5000,70,buy,2019-12-10,1879,86,81,5683752,6667,0,2474
7,200359.84,-604,odd,20,2019-12-11,0.0093085106383,liquid_universe-2019-12-10-6667,after_hours_single_auction_proxy,14:30:00,581,97.9,信紘科,13:40:00,0.01,493456998.58,6126462.35,7,leader_entry,83,5007,48,71,buy,2019-12-10,3,83,83,752,6667,0,23
114,203960.84,3601,odd,20,2019-12-12,0.00999473961073,liquid_universe-2019-09-05-2367,after_hours_single_auction_proxy,14:30:00,3648,29,燿華,13:40:00,0.01,631250863.402,18436749,114,time63,32,100,214,72,sell,2019-12-09,17,32,32,11406,2367,10,47
78,206364.24,2403.4,odd,20,2019-12-13,0.00996677740864,liquid_universe-2019-09-05-2367,after_hours_single_auction_proxy,14:30:00,2441.4,28.8,燿華,13:40:00,0.01,615242576.252,18025588.25,78,time63,31.3,22,100,73,sell,2019-12-09,11,31.3,31.3,7826,2367,7,38
86,207053.24,689,odd,20,2019-12-16,0.00254041570439,liquid_universe-2019-09-05-2367,after_hours_single_auction_proxy,14:30:00,715,28.2,燿華,13:40:00,0.01,588937779.192,17379212.7,22,time63,32.5,0,22,74,sell,2019-12-09,4,32.5,32.5,8660,2367,2,26
13000,603483.24,396430,board,570,2019-12-18,0.00371071282793,liquid_universe-2019-12-10-6667,daily_high_low_midpoint_proxy,13:30:00,400000,72.3,信紘科,08:59:00,0.01,393479171.93,4806168.35,5000,stall5weak,80,7,5000,75,sell,2019-12-17,1800,81.5,78.5,1347450,6667,1200,3570
4,603774.44,291.2,odd,20,2019-12-18,0.00888888888889,liquid_universe-2019-12-10-6667,after_hours_single_auction_proxy,14:30:00,313.2,72.3,信紘科,13:40:00,0.01,393479171.93,4806168.35,4,stall5weak,78.3,3,7,76,sell,2019-12-17,2,78.3,78.3,450,6667,0,22
10,603984.34,209.9,odd,20,2019-12-19,0.00288461538462,liquid_universe-2019-12-10-6667,after_hours_single_auction_proxy,14:30:00,231.9,71.1,信紘科,13:40:00,0.01,381080023.43,4627407.85,3,stall5weak,77.3,0,3,77,sell,2019-12-17,2,77.3,77.3,1040,6667,0,22
76000,236016.34,-367968,board,521,2019-12-19,0.00052095346466,liquid_universe-2019-12-18-6196,daily_high_low_midpoint_proxy,13:30:00,365800,102.5,帆宣,08:59:00,0.01,794847488.42,9864736.4,4000,leader_entry,91.45,4000,4000,78,buy,2019-12-18,1647,93.5,89.4,7678229,6196,0,2168
42,232194.14,-3822.2,odd,20,2019-12-19,0.009931425869,liquid_universe-2019-12-18-6196,after_hours_single_auction_proxy,14:30:00,3784.2,102.5,帆宣,13:40:00,0.01,794847488.42,9864736.4,42,leader_entry,90.1,4042,692,79,buy,2019-12-18,18,90.1,90.1,4229,6196,0,38
38000,672727.14,440533,board,633,2019-12-24,0.000524724906409,liquid_universe-2019-09-20-3661,daily_high_low_midpoint_proxy,13:30:00,444500,201,世芯-KY,08:59:00,0.01,1683479445.62,7325002,2000,time63,222.25,15,2000,80,sell,2019-12-23,2001,227,217.5,3811521,3661,1333,3967
5,673810.64,1083.5,odd,20,2019-12-24,0.00959692898273,liquid_universe-2019-09-20-3661,after_hours_single_auction_proxy,14:30:00,1112.5,201,世芯-KY,13:40:00,0.01,1683479445.62,7325002,5,time63,222.5,10,15,81,sell,2019-12-23,6,222.5,222.5,521,3661,3,29
7,675381.64,1571,odd,20,2019-12-25,0.00994318181818,liquid_universe-2019-09-20-3661,after_hours_single_auction_proxy,14:30:00,1603,198.5,世芯-KY,13:40:00,0.01,1630484277.17,7084661.1,7,time63,229,3,10,82,sell,2019-12-23,8,229,229,704,3661,4,32
74000,276632.64,-398749,board,565,2019-12-25,0.000174801353557,liquid_universe-2019-12-24-3019,daily_high_low_midpoint_proxy,13:30:00,396400,106,亞光,08:59:00,0.01,654555619.575,7407258.2,4000,leader_entry,99.1,4000,4000,83,buy,2019-12-24,1784,101.5,96.7,22883118,3019,0,2349
91,267288.64,-9344,odd,20,2019-12-25,0.00998025882869,liquid_universe-2019-12-24-3019,after_hours_single_auction_proxy,14:30:00,9282,106,亞光,13:40:00,0.01,654555619.575,7407258.2,91,leader_entry,102,4091,359,84,buy,2019-12-24,42,102,102,9118,3019,0,62
3,267934.64,646,odd,20,2019-12-26,0.00763358778626,liquid_universe-2019-09-20-3661,after_hours_single_auction_proxy,14:30:00,672,204.5,世芯-KY,13:40:00,0.01,1603438662.42,6952048.35,3,time63,224,0,3,85,sell,2019-12-23,4,224,224,393,3661,2,26
27000,593403.64,325469,board,468,2020-01-07,0.00146006876194,liquid_universe-2019-12-18-6196,daily_high_low_midpoint_proxy,13:30:00,328400,74.2,帆宣,08:59:00,0.01,709985039.775,8158263.2,4000,stall5weak,82.1,42,4000,86,sell,2020-01-06,1478,84.1,80.1,2739597,6196,985,2931
25,595387.64,1984,odd,20,2020-01-07,0.00962649210628,liquid_universe-2019-12-18-6196,after_hours_single_auction_proxy,14:30:00,2020,74.2,帆宣,13:40:00,0.01,709985039.775,8158263.2,25,stall5weak,80.8,17,42,87,sell,2020-01-06,10,80.8,80.8,2597,6196,6,36
14,596506.64,1119,odd,20,2020-01-08,0.00939597315436,liquid_universe-2019-12-18-6196,after_hours_single_auction_proxy,14:30:00,1148,72.6,帆宣,13:40:00,0.01,715607676.135,8221024.7,14,stall5weak,82,3,17,88,sell,2020-01-06,6,82,82,1490,6196,3,29
18000,186691.64,-409815,board,581,2020-01-08,0.000364852649697,liquid_universe-2020-01-07-8996,daily_high_low_midpoint_proxy,13:30:00,407400,70.9,高力,08:59:00,0.01,105856666.857,1848802.7,6000,leader_entry,67.9,6000,6000,89,buy,2020-01-07,1834,70.9,64.9,16444995,8996,0,2415
179,174030.94,-12660.7,odd,20,2020-01-08,0.00994720755765,liquid_universe-2020-01-07-8996,after_hours_single_auction_proxy,14:30:00,12583.7,70.9,高力,13:40:00,0.01,105856666.857,1848802.7,179,leader_entry,70.3,6179,402,90,buy,2020-01-07,57,70.3,70.3,17995,8996,0,77
27,174257.34,226.4,odd,20,2020-01-09,0.00107913669065,liquid_universe-2019-12-18-6196,after_hours_single_auction_proxy,14:30:00,248.4,73.8,帆宣,13:40:00,0.01,718738284.035,8250419.45,3,stall5weak,82.8,0,3,91,sell,2020-01-06,2,82.8,82.8,2780,6196,0,22
9000,473513.34,299256,board,430,2020-01-31,0.00645943831595,liquid_universe-2019-10-23-2362,daily_high_low_midpoint_proxy,13:30:00,301950,30,藍天,08:59:00,0.01,34124101.185,943888.6,9000,loss12,33.55,1048,10000,92,sell,2020-01-30,1359,34.6,32.5,1393310,2362,905,2694
33,474619.54,1106.2,odd,20,2020-01-31,0.00996978851964,liquid_universe-2019-10-23-2362,after_hours_single_auction_proxy,14:30:00,1135.2,30,藍天,13:40:00,0.01,34124101.185,943888.6,33,loss12,34.4,1015,48,93,sell,2020-01-30,6,34.4,34.4,3310,2362,3,29
53000,817332.54,342713,board,493,2020-01-31,0.000745820746831,liquid_universe-2019-12-24-3019,daily_high_low_midpoint_proxy,13:30:00,345800,78,亞光,08:59:00,0.01,1511338855.34,14841679.45,4000,loss12,86.45,91,4000,94,sell,2020-01-30,1557,88.6,84.3,5363219,3019,1037,3087
12,818354.54,1022,odd,20,2020-01-31,0.00984413453651,liquid_universe-2019-12-24-3019,after_hours_single_auction_proxy,14:30:00,1050,78,亞光,13:40:00,0.01,1511338855.34,14841679.45,12,loss12,87.5,79,91,95,sell,2020-01-30,5,87.5,87.5,1219,3019,3,28
9000,851035.54,32681,board,47,2020-02-03,0.00070529123591,liquid_universe-2019-10-23-2362,daily_high_low_midpoint_proxy,13:30:00,32975,31.1,藍天,08:59:00,0.01,35571819.21,987629.1,1000,loss12,32.975,15,1000,96,sell,2020-01-30,149,33.6,32.35,1417854,2362,98,294
8,851281.54,246,odd,20,2020-02-03,0.00936768149883,liquid_universe-2019-10-23-2362,after_hours_single_auction_proxy,14:30:00,268,31.1,藍天,13:40:00,0.01,35571819.21,987629.1,8,loss12,33.5,7,15,97,sell,2020-01-30,2,33.5,33.5,854,2362,0,22
14,852456.54,1175,odd,20,2020-02-03,0.00958904109589,liquid_universe-2019-12-24-3019,after_hours_single_auction_proxy,14:30:00,1204,77.9,亞光,13:40:00,0.01,1444188201.34,14173606.45,14,loss12,86,65,79,98,sell,2020-01-30,6,86,86,1460,3019,3,29
25000,488235.54,-364221,board,516,2020-02-03,0.00109940161141,liquid_universe-2020-01-31-3178,daily_high_low_midpoint_proxy,13:30:00,362075,55,公準,08:59:00,0.01,115137384.552,2595433.7,7000,leader_entry,51.725,7000,7000,99,buy,2020-01-31,1630,54.3,49.15,6367100,3178,0,2146
1,488160.54,-75,odd,20,2020-02-03,0.01,liquid_universe-2020-01-31-3178,after_hours_single_auction_proxy,14:30:00,54,55,公準,13:40:00,0.01,115137384.552,2595433.7,1,leader_entry,54,7001,844,100,buy,2020-01-31,1,54,54,100,3178,0,21
4,488275.14,114.6,odd,20,2020-02-04,0.00888888888889,liquid_universe-2019-10-23-2362,after_hours_single_auction_proxy,14:30:00,135.6,30.25,藍天,13:40:00,0.01,36983100.5675,1032601.55,4,loss12,33.9,3,7,101,sell,2020-01-30,1,33.9,33.9,450,2362,0,21
25,490431.64,2156.5,odd,20,2020-02-04,0.00983090837593,liquid_universe-2019-12-24-3019,after_hours_single_auction_proxy,14:30:00,2192.5,76.4,亞光,13:40:00,0.01,1350517607.89,13294323.55,25,loss12,87.7,40,65,102,sell,2020-01-30,10,87.7,87.7,2543,3019,6,36
21000,112505.64,-377926,board,535,2020-02-04,0.000417023101123,liquid_universe-2020-02-03-9944,daily_high_low_midpoint_proxy,13:30:00,375700,31.5,新麗,08:59:00,0.01,51903149.1375,2102532.7,13000,leader_entry,28.9,13000,13000,103,buy,2020-02-03,1691,31.5,26.3,31173333,9944,0,2226
63,110764.04,-1741.6,odd,20,2020-02-04,0.00994789199432,liquid_universe-2020-02-03-9944,after_hours_single_auction_proxy,14:30:00,1713.6,31.5,新麗,13:40:00,0.01,51903149.1375,2102532.7,63,leader_entry,27.2,13063,443,104,buy,2020-02-03,8,27.2,27.2,6333,9944,0,28
2,110810.14,46.1,odd,20,2020-02-05,0.01,liquid_universe-2019-10-23-2362,after_hours_single_auction_proxy,14:30:00,67.1,30.5,藍天,13:40:00,0.01,36177163.7875,1014808.15,2,loss12,33.55,1,3,105,sell,2020-01-30,1,33.55,33.55,200,2362,0,21
42,114272.14,3462,odd,20,2020-02-05,0.00938526513374,liquid_universe-2019-12-24-3019,after_hours_single_auction_proxy,14:30:00,3508,78.9,亞光,13:40:00,0.01,1175985542.53,11705210.9,40,loss12,87.7,0,40,106,sell,2020-01-30,16,87.7,87.7,4262,3019,10,46
2,114284.84,12.7,odd,20,2020-02-06,0.00342465753425,liquid_universe-2019-10-23-2362,after_hours_single_auction_proxy,14:30:00,33.7,30.2,藍天,13:40:00,0.01,34933449.66,985613.1,1,loss12,33.7,0,1,107,sell,2020-01-30,1,33.7,33.7,292,2362,0,21
39000,398698.84,284414,board,409,2020-02-07,0.00212115066223,liquid_universe-2020-02-03-9944,daily_high_low_midpoint_proxy,13:30:00,286975,20.05,新麗,08:59:00,0.01,100825487.565,3925400.15,13000,loss12,22.075,63,13000,108,sell,2020-02-06,1292,23.45,20.7,6128749,9944,860,2561
17,399068.54,369.7,odd,20,2020-02-07,0.00971983990852,liquid_universe-2020-02-03-9944,after_hours_single_auction_proxy,14:30:00,392.7,20.05,新麗,13:40:00,0.01,100825487.565,3925400.15,17,loss12,23.1,46,63,109,sell,2020-02-06,2,23.1,23.1,1749,9944,1,23
18,399441.54,373,odd,20,2020-02-10,0.009977827051,liquid_universe-2020-02-03-9944,after_hours_single_auction_proxy,14:30:00,396,20.65,新麗,13:40:00,0.01,107726172.92,4225128.85,18,loss12,22,28,46,110,sell,2020-02-06,2,22,22,1804,9944,1,23
114000,41834.54,-357607,board,507,2020-02-10,0.000116573322522,liquid_universe-2020-02-07-3227,daily_high_low_midpoint_proxy,13:30:00,355500,194,原相,08:59:00,0.01,1869704863.42,11477804.2,2000,leader_entry,177.75,2000,2000,111,buy,2020-02-07,1600,182,173.5,17156584,3227,0,2107
55,39177.54,-2657,odd,20,2020-02-10,0.00268624641834,liquid_universe-2020-02-07-3227,after_hours_single_auction_proxy,14:30:00,2625,194,原相,13:40:00,0.01,1869704863.42,11477804.2,15,leader_entry,175,2015,15,112,buy,2020-02-07,12,175,175,5584,3227,0,32
4,39242.14,64.6,odd,20,2020-02-11,0.00973236009732,liquid_universe-2020-02-03-9944,after_hours_single_auction_proxy,14:30:00,85.6,19.8,新麗,13:40:00,0.01,108677897.32,4250819.05,4,loss12,21.4,24,28,113,sell,2020-02-06,1,21.4,21.4,411,9944,0,21
7000,360103.14,320861,board,461,2020-02-12,0.00947097821675,liquid_universe-2020-01-31-3178,daily_high_low_midpoint_proxy,13:30:00,323750,41.1,公準,08:59:00,0.01,137049040.857,2900019.75,7000,loss12,46.25,1,7000,114,sell,2020-02-11,1457,46.9,45.6,739100,3178,971,2889
1,360127.79,24.65,odd,20,2020-02-12,0.01,liquid_universe-2020-01-31-3178,after_hours_single_auction_proxy,14:30:00,45.65,41.1,公準,13:40:00,0.01,137049040.857,2900019.75,1,loss12,45.65,0,1,115,sell,2020-02-11,1,45.65,45.65,100,3178,0,21
7,360248.19,120.4,odd,20,2020-02-12,0.00935828877005,liquid_universe-2020-02-03-9944,after_hours_single_auction_proxy,14:30:00,141.4,19.2,新麗,13:40:00,0.01,109631255.035,4291239.6,7,loss12,20.2,17,24,116,sell,2020-02-06,1,20.2,20.2,748,9944,0,21
14,360517.39,269.2,odd,20,2020-02-13,0.00960219478738,liquid_universe-2020-02-03-9944,after_hours_single_auction_proxy,14:30:00,291.2,18,新麗,13:40:00,0.01,111651378.835,4389288,14,loss12,20.8,3,17,117,sell,2020-02-06,2,20.8,20.8,1458,9944,0,22
42000,46668.39,-313849,board,445,2020-02-13,0.00185911415999,liquid_universe-2020-02-12-4707,daily_high_low_midpoint_proxy,13:30:00,312000,14.5,磐亞,08:59:00,0.01,50067863.2835,4232867.85,24000,leader_entry,13,24000,24000,118,buy,2020-02-12,1404,13.5,12.5,12909374,4707,0,1849
133,44971.24,-1697.15,odd,20,2020-02-13,0.00994466876028,liquid_universe-2020-02-12-4707,after_hours_single_auction_proxy,14:30:00,1669.15,14.5,磐亞,13:40:00,0.01,50067863.2835,4232867.85,133,leader_entry,12.55,24133,697,119,buy,2020-02-12,8,12.55,12.55,13374,4707,0,28
9,45012.94,41.7,odd,20,2020-02-17,0.00306435137896,liquid_universe-2020-02-03-9944,after_hours_single_auction_proxy,14:30:00,62.7,18.25,新麗,13:40:00,0.01,114291570.073,4516850.75,3,loss12,20.9,0,3,120,sell,2020-02-06,1,20.9,20.9,979,9944,0,21
66000,385743.94,340731,board,490,2020-03-12,0.000891614587706,liquid_universe-2020-01-07-8996,daily_high_low_midpoint_proxy,13:30:00,343800,54.7,高力,08:59:00,0.01,499475923,6605185.05,6000,loss12,57.3,179,6000,121,sell,2020-03-11,1548,59.9,54.7,6729365,8996,1031,3069
13,386445.94,702,odd,20,2020-03-12,0.00952380952381,liquid_universe-2020-01-07-8996,after_hours_single_auction_proxy,14:30:00,728,54.7,高力,13:40:00,0.01,499475923,6605185.05,13,loss12,56,166,179,122,sell,2020-03-11,4,56,56,1365,8996,2,26
1,386483.44,37.5,odd,20,2020-03-13,0.00793650793651,liquid_universe-2020-01-07-8996,after_hours_single_auction_proxy,14:30:00,58.5,49.95,高力,13:40:00,0.01,498886072.215,6680271.5,1,loss12,58.5,165,166,123,sell,2020-03-11,1,58.5,58.5,126,8996,0,21
4,386701.44,218,odd,20,2020-03-16,0.01,liquid_universe-2020-01-07-8996,after_hours_single_auction_proxy,14:30:00,240,49.8,高力,13:40:00,0.01,504530470.005,6841314.8,4,loss12,60,161,165,124,sell,2020-03-11,2,60,60,400,8996,0,22
5,386904.44,203,odd,20,2020-03-17,0.00915750915751,liquid_universe-2020-01-07-8996,after_hours_single_auction_proxy,14:30:00,225,44.85,高力,13:40:00,0.01,499226501.505,6842531.05,5,loss12,45,156,161,125,sell,2020-03-11,2,45,45,546,8996,0,22
125000,673324.44,286420,board,412,2020-03-17,0.000107339067207,liquid_universe-2020-02-07-3227,daily_high_low_midpoint_proxy,13:30:00,289000,130.5,原相,08:59:00,0.01,2323948456.25,12594621.95,2000,loss12,144.5,15,2000,126,sell,2020-03-16,1301,152,137,18632545,3227,867,2580
35,675463.44,2139,odd,20,2020-03-17,0.00423131170663,liquid_universe-2020-02-07-3227,after_hours_single_auction_proxy,14:30:00,2175,130.5,原相,13:40:00,0.01,2323948456.25,12594621.95,15,loss12,145,0,15,127,sell,2020-03-16,10,145,145,3545,3227,6,36
12,675977.04,513.6,odd,20,2020-03-18,0.0093023255814,liquid_universe-2020-01-07-8996,after_hours_single_auction_proxy,14:30:00,537.6,40.4,高力,13:40:00,0.01,502108217.055,6987805.8,12,loss12,44.8,144,156,128,sell,2020-03-11,3,44.8,44.8,1290,8996,1,24
11,676400.74,423.7,odd,20,2020-03-20,0.00948275862069,liquid_universe-2020-01-07-8996,after_hours_single_auction_proxy,14:30:00,447.7,36.05,高力,13:40:00,0.01,396848102.217,5808952,11,loss12,40.7,133,144,129,sell,2020-03-11,3,40.7,40.7,1160,8996,1,24
69000,956478.74,280078,board,403,2020-03-20,0.00344165611345,liquid_universe-2020-02-12-4707,daily_high_low_midpoint_proxy,13:30:00,282600,9.9,磐亞,08:59:00,0.01,156927762.483,11259188.6,24000,loss12,11.775,133,24000,130,sell,2020-03-19,1272,12.1,11.45,6973387,4707,847,2522
23,956729.29,250.55,odd,20,2020-03-20,0.00963552576456,liquid_universe-2020-02-12-4707,after_hours_single_auction_proxy,14:30:00,272.55,9.9,磐亞,13:40:00,0.01,156927762.483,11259188.6,23,loss12,11.85,110,133,131,sell,2020-03-19,2,11.85,11.85,2387,4707,0,22
2,956784.69,55.4,odd,20,2020-03-23,0.00913242009132,liquid_universe-2020-01-07-8996,after_hours_single_auction_proxy,14:30:00,76.4,36.4,高力,13:40:00,0.01,344238650.667,5333764.65,2,loss12,38.2,131,133,132,sell,2020-03-11,1,38.2,38.2,219,8996,0,21
28,957095.89,311.2,odd,20,2020-03-23,0.00988002822865,liquid_universe-2020-02-12-4707,after_hours_single_auction_proxy,14:30:00,333.2,10.8,磐亞,13:40:00,0.01,156870995.042,11286585.25,28,loss12,11.9,82,110,133,sell,2020-03-19,2,11.9,11.9,2834,4707,0,22
4,957241.49,145.6,odd,20,2020-03-24,0.00990099009901,liquid_universe-2020-01-07-8996,after_hours_single_auction_proxy,14:30:00,166.6,34.15,高力,13:40:00,0.01,297306207.002,4866372.65,4,loss12,41.65,127,131,134,sell,2020-03-11,1,41.65,41.65,404,8996,0,21
14,957392.69,151.2,odd,20,2020-03-24,0.00961538461538,liquid_universe-2020-02-12-4707,after_hours_single_auction_proxy,14:30:00,172.2,10.8,磐亞,13:40:00,0.01,146541694.142,10580232.95,14,loss12,12.3,68,82,135,sell,2020-03-19,1,12.3,12.3,1456,4707,0,21
1,957416.19,23.5,odd,20,2020-03-25,0.00549450549451,liquid_universe-2020-01-07-8996,after_hours_single_auction_proxy,14:30:00,44.5,37.45,高力,13:40:00,0.01,274878909.123,4655455.95,1,loss12,44.5,126,127,136,sell,2020-03-11,1,44.5,44.5,182,8996,0,21
18,957612.99,196.8,odd,20,2020-03-25,0.00968262506724,liquid_universe-2020-02-12-4707,after_hours_single_auction_proxy,14:30:00,217.8,11.1,磐亞,13:40:00,0.01,136845941.275,9924503.9,18,loss12,12.1,50,68,137,sell,2020-03-19,1,12.1,12.1,1859,4707,0,21
18,958446.49,833.5,odd,20,2020-03-26,0.00968262506724,liquid_universe-2020-01-07-8996,after_hours_single_auction_proxy,14:30:00,859.5,39.15,高力,13:40:00,0.01,250104485.118,4466464.8,18,loss12,47.75,108,126,138,sell,2020-03-11,4,47.75,47.75,1859,8996,2,26
18,958639.69,193.2,odd,20,2020-03-26,0.00973499188751,liquid_universe-2020-02-12-4707,after_hours_single_auction_proxy,14:30:00,214.2,10.9,磐亞,13:40:00,0.01,134895291.17,9801440.85,18,loss12,11.9,32,50,139,sell,2020-03-19,1,11.9,11.9,1849,4707,0,21
5,958880.19,240.5,odd,20,2020-03-27,0.00998003992016,liquid_universe-2020-01-07-8996,after_hours_single_auction_proxy,14:30:00,262.5,43,高力,13:40:00,0.01,241752068.755,4467583.5,5,loss12,52.5,103,108,140,sell,2020-03-11,2,52.5,52.5,501,8996,0,22
24,959138.99,258.8,odd,20,2020-03-27,0.00987654320988,liquid_universe-2020-02-12-4707,after_hours_single_auction_proxy,14:30:00,280.8,10.75,磐亞,13:40:00,0.01,138288280.385,10110741.5,24,loss12,11.7,8,32,141,sell,2020-03-19,2,11.7,11.7,2430,4707,0,22
7,959472.99,334,odd,20,2020-03-30,0.00899742930591,liquid_universe-2020-01-07-8996,after_hours_single_auction_proxy,14:30:00,357,42.4,高力,13:40:00,0.01,241200163.21,4586006.55,7,loss12,51,96,103,142,sell,2020-03-11,2,51,51,778,8996,1,23
6,959522.49,49.5,odd,20,2020-03-30,0.00986842105263,liquid_universe-2020-02-12-4707,after_hours_single_auction_proxy,14:30:00,70.5,10.5,磐亞,13:40:00,0.01,133407493.36,9782113,6,loss12,11.75,2,8,143,sell,2020-03-19,1,11.75,11.75,608,4707,0,21
5,959765.49,243,odd,20,2020-03-31,0.00891265597148,liquid_universe-2020-01-07-8996,after_hours_single_auction_proxy,14:30:00,265,43.65,高力,13:40:00,0.01,236579108.095,4578749.25,5,loss12,53,91,96,144,sell,2020-03-11,2,53,53,561,8996,0,22
2,959767.49,2,odd,20,2020-03-31,0.00985221674877,liquid_universe-2020-02-12-4707,after_hours_single_auction_proxy,14:30:00,23,10.55,磐亞,13:40:00,0.01,115417449.93,8571853.05,2,loss12,11.5,0,2,145,sell,2020-03-19,1,11.5,11.5,203,4707,0,21
6,960068.89,301.4,odd,20,2020-04-01,0.0093896713615,liquid_universe-2020-01-07-8996,after_hours_single_auction_proxy,14:30:00,323.4,44.55,高力,13:40:00,0.01,242207438.567,4756415.55,6,loss12,53.9,85,91,146,sell,2020-03-11,2,53.9,53.9,639,8996,0,22
13,960776.09,707.2,odd,20,2020-04-06,0.00973053892216,liquid_universe-2020-01-07-8996,after_hours_single_auction_proxy,14:30:00,733.2,46.2,高力,13:40:00,0.01,245153178.752,4853009,13,loss12,56.4,72,85,147,sell,2020-03-11,4,56.4,56.4,1336,8996,2,26
13,961517.09,741,odd,20,2020-04-07,0.00931899641577,liquid_universe-2020-01-07-8996,after_hours_single_auction_proxy,14:30:00,767,50.8,高力,13:40:00,0.01,257627267.743,5110397.15,13,loss12,59,59,72,148,sell,2020-03-11,4,59,59,1395,8996,2,26
10,962084.09,567,odd,20,2020-04-08,0.00946073793756,liquid_universe-2020-01-07-8996,after_hours_single_auction_proxy,14:30:00,591,53.1,高力,13:40:00,0.01,271749489.993,5365761.9,10,loss12,59.1,49,59,149,sell,2020-03-11,3,59.1,59.1,1057,8996,1,24
11,962710.19,626.1,odd,20,2020-04-09,0.00990099009901,liquid_universe-2020-01-07-8996,after_hours_single_auction_proxy,14:30:00,650.1,52.7,高力,13:40:00,0.01,269831915.658,5351893.9,11,loss12,59.1,38,49,150,sell,2020-03-11,3,59.1,59.1,1111,8996,1,24
3,962870.69,160.5,odd,20,2020-04-10,0.00974025974026,liquid_universe-2020-01-07-8996,after_hours_single_auction_proxy,14:30:00,181.5,53.2,高力,13:40:00,0.01,274329447.363,5451749.2,3,loss12,60.5,35,38,151,sell,2020-03-11,1,60.5,60.5,308,8996,0,21
4,963092.69,222,odd,20,2020-04-13,0.00847457627119,liquid_universe-2020-01-07-8996,after_hours_single_auction_proxy,14:30:00,244,54.5,高力,13:40:00,0.01,270245520.373,5384997.9,4,loss12,61,31,35,152,sell,2020-03-11,2,61,61,472,8996,0,22
10,963683.69,591,odd,20,2020-04-14,0.00925069380204,liquid_universe-2020-01-07-8996,after_hours_single_auction_proxy,14:30:00,615,53.7,高力,13:40:00,0.01,260599359.058,5200003.25,10,loss12,61.5,21,31,153,sell,2020-03-11,3,61.5,61.5,1081,8996,1,24
15,964610.69,927,odd,20,2020-04-15,0.00941028858218,liquid_universe-2020-01-07-8996,after_hours_single_auction_proxy,14:30:00,954,55.3,高力,13:40:00,0.01,249462924.338,4982251,15,loss12,63.6,6,21,154,sell,2020-03-11,5,63.6,63.6,1594,8996,2,27
10,964971.69,361,odd,20,2020-04-16,0.00597609561753,liquid_universe-2020-01-07-8996,after_hours_single_auction_proxy,14:30:00,384,57.3,高力,13:40:00,0.01,249584867.257,4934160.7,6,loss12,64,0,6,155,sell,2020-03-11,2,64,64,1004,8996,1,23
10000,721135.69,-243836,board,345,2020-06-04,0.000723436148079,liquid_universe-2020-06-03-3693,daily_high_low_midpoint_proxy,13:30:00,242400,83.6,營邦,08:59:00,0.01,65551668.92,1088972.55,3000,leader_entry,80.8,3000,3000,156,buy,2020-06-03,1091,83.6,78,4146876,3693,0,1436
8,720452.69,-683,odd,20,2020-06-04,0.00913242009132,liquid_universe-2020-06-03-3693,after_hours_single_auction_proxy,14:30:00,660,83.6,營邦,13:40:00,0.01,65551668.92,1088972.55,8,leader_entry,82.5,3008,824,157,buy,2020-06-03,3,82.5,82.5,876,3693,0,23
97000,437108.69,-283344,board,401,2020-06-04,0.00149303460068,liquid_universe-2020-06-03-1309,daily_high_low_midpoint_proxy,13:30:00,281675,16.6,台達化,08:59:00,0.01,123919952.13,9737080.75,19000,leader_entry,14.825,19000,19000,158,buy,2020-06-03,1268,15.35,14.3,12725760,1309,0,1669
77,435958.49,-1150.2,odd,20,2020-06-04,0.00992268041237,liquid_universe-2020-06-03-1309,after_hours_single_auction_proxy,14:30:00,1124.2,16.6,台達化,13:40:00,0.01,123919952.13,9737080.75,77,leader_entry,14.6,19077,261,159,buy,2020-06-03,6,14.6,14.6,7760,1309,0,26
39000,152287.49,-283671,board,402,2020-06-04,0.00053595917599,liquid_universe-2020-06-03-3556,daily_high_low_midpoint_proxy,13:30:00,282000,79.5,禾瑞亞,08:59:00,0.01,260682835.945,3958624,4000,leader_entry,70.5,4000,4000,160,buy,2020-06-03,1269,72,69,7463255,3556,0,1671
82,150798.89,-1488.6,odd,20,2020-06-04,0.00254391278013,liquid_universe-2020-06-03-3556,after_hours_single_auction_proxy,14:30:00,1461.6,79.5,禾瑞亞,13:40:00,0.01,260682835.945,3958624,21,leader_entry,69.6,4021,21,161,buy,2020-06-03,7,69.6,69.6,8255,3556,0,27
25000,392422.89,241624,board,347,2020-06-11,0.00158665496244,liquid_universe-2020-06-03-3556,daily_high_low_midpoint_proxy,13:30:00,243800,54.2,禾瑞亞,08:59:00,0.01,320513625.535,4817781.6,4000,loss12,60.95,21,4000,162,sell,2020-06-10,1098,61.8,60.1,2521027,3556,731,2176
30,393679.09,1256.2,odd,20,2020-06-11,0.00693756194252,liquid_universe-2020-06-03-3556,after_hours_single_auction_proxy,14:30:00,1285.2,54.2,禾瑞亞,13:40:00,0.01,320513625.535,4817781.6,21,loss12,61.2,0,21,163,sell,2020-06-10,6,61.2,61.2,3027,3556,3,29
92000,136866.09,-256813,board,364,2020-06-12,0.000243237747385,liquid_universe-2020-06-11-2417,daily_high_low_midpoint_proxy,13:30:00,255300,22.85,圓剛,08:59:00,0.01,160151413.06,9225106.75,12000,leader_entry,21.275,12000,12000,164,buy,2020-06-11,1149,22.85,19.7,49334448,2417,0,1513
14000,357628.09,220762,board,317,2020-06-16,0.00209612112785,liquid_universe-2020-06-03-3693,daily_high_low_midpoint_proxy,13:30:00,222750,63.9,營邦,08:59:00,0.01,134681990.655,1907192.6,3000,loss12,74.25,8,3000,165,sell,2020-06-15,1003,76.5,72,1431215,3693,668,1988
12,358208.09,580,odd,20,2020-06-16,0.00658436213992,liquid_universe-2020-06-03-3693,after_hours_single_auction_proxy,14:30:00,604,63.9,營邦,13:40:00,0.01,134681990.655,1907192.6,8,loss12,75.5,0,8,166,sell,2020-06-15,3,75.5,75.5,1215,3693,1,24
29000,103457.09,-254751,board,361,2020-06-17,0.00256902323168,liquid_universe-2020-06-16-1799,daily_high_low_midpoint_proxy,13:30:00,253250,28.45,易威,08:59:00,0.01,59464960.775,2946142.25,10000,leader_entry,25.325,10000,10000,167,buy,2020-06-16,1140,26.65,24,3892530,1799,0,1501
15,103051.09,-406,odd,20,2020-06-17,0.00980392156863,liquid_universe-2020-06-16-1799,after_hours_single_auction_proxy,14:30:00,384,28.45,易威,13:40:00,0.01,59464960.775,2946142.25,15,leader_entry,25.6,10015,796,168,buy,2020-06-16,2,25.6,25.6,1530,1799,0,22
8000,281444.09,178393,board,257,2020-06-22,0.00898371701291,liquid_universe-2020-06-16-1799,daily_high_low_midpoint_proxy,13:30:00,180000,20,易威,08:59:00,0.01,58897541.5875,2782264.45,8000,loss12,22.5,2015,10000,169,sell,2020-06-19,810,22.7,22.3,890500,1799,540,1607
5,281534.09,90,odd,20,2020-06-22,0.01,liquid_universe-2020-06-16-1799,after_hours_single_auction_proxy,14:30:00,111,20,易威,13:40:00,0.01,58897541.5875,2782264.45,5,loss12,22.2,2010,15,170,sell,2020-06-19,1,22.2,22.2,500,1799,0,21
4000,327123.09,45589,board,66,2020-06-23,0.00473889853781,liquid_universe-2020-06-16-1799,daily_high_low_midpoint_proxy,13:30:00,46000,20.45,易威,08:59:00,0.01,56601340.9375,2658498.45,2000,loss12,23,10,2000,171,sell,2020-06-19,207,23.4,22.6,422039,1799,138,411
4,327183.69,60.6,odd,20,2020-06-24,0.00943396226415,liquid_universe-2020-06-16-1799,after_hours_single_auction_proxy,14:30:00,81.6,20.35,易威,13:40:00,0.01,55387306.2875,2601316.2,4,loss12,20.4,6,10,172,sell,2020-06-19,1,20.4,20.4,424,1799,0,21
22000,74293.69,-252890,board,358,2020-06-29,0.00175174298427,liquid_universe-2020-06-24-3228,daily_high_low_midpoint_proxy,13:30:00,251400,65.7,金麗科,08:59:00,0.01,107149958.982,2296072.7,4000,leader_entry,62.85,4000,4000,173,buy,2020-06-24,1132,65.7,60,2283440,3228,0,1490
1,74295.64,1.95,odd,20,2020-06-30,0.01,liquid_universe-2020-06-16-1799,after_hours_single_auction_proxy,14:30:00,22.95,20.1,易威,13:40:00,0.01,47777895.4225,2193353.8,1,loss12,22.95,5,6,174,sell,2020-06-19,1,22.95,22.95,100,1799,0,21
19,74394.64,99,odd,20,2020-07-01,0.00258665287118,liquid_universe-2020-06-16-1799,after_hours_single_auction_proxy,14:30:00,120,21.15,易威,13:40:00,0.01,46787047.7975,2130067.05,5,loss12,24,0,5,175,sell,2020-06-19,1,24,24,1933,1799,0,21
10000,290647.64,216253,board,311,2020-07-16,0.00373562950027,liquid_universe-2020-06-24-3228,daily_high_low_midpoint_proxy,13:30:00,218200,51.1,金麗科,08:59:00,0.01,165715145.1,2663656.2,4000,loss12,54.55,0,4000,176,sell,2020-07-15,982,56.1,53,1070770,3228,654,1947
149000,48017.64,-242630,board,344,2020-07-17,0.000507939159612,liquid_universe-2020-07-16-6443,daily_high_low_midpoint_proxy,13:30:00,241200,15.4,元晶,08:59:00,0.01,163689464.103,14934172.95,18000,leader_entry,13.4,18000,18000,177,buy,2020-07-16,1086,14.2,12.6,35437315,6443,0,1430
423,42388.04,-5629.6,odd,20,2020-07-17,0.00999645515775,liquid_universe-2020-07-16-6443,after_hours_single_auction_proxy,14:30:00,5583.6,15.4,元晶,13:40:00,0.01,163689464.103,14934172.95,423,leader_entry,13.2,18423,761,178,buy,2020-07-16,26,13.2,13.2,42315,6443,0,46
127000,495614.11,446281,board,642,2020-09-03,0.00149235408096,liquid_universe-2020-06-03-1309,daily_high_low_midpoint_proxy,13:30:00,450300,21.15,台達化,08:59:00,0.01,322987728.153,15536096.3,19000,time63,23.7,649,19000,179,sell,2020-09-02,2027,24.2,23.2,12731563,1309,1350,4019
365,504107.61,8493.5,odd,20,2020-09-03,0.0099827694664,liquid_universe-2020-06-03-1309,after_hours_single_auction_proxy,14:30:00,8577.5,21.15,台達化,13:40:00,0.01,322987728.153,15536096.3,365,time63,23.5,284,649,180,sell,2020-09-02,39,23.5,23.5,36563,1309,25,84
233,509522.11,5414.5,odd,20,2020-09-04,0.0099581160783,liquid_universe-2020-06-03-1309,after_hours_single_auction_proxy,14:30:00,5475.5,21.3,台達化,13:40:00,0.01,328799264.26,15635259.5,233,time63,23.5,51,284,181,sell,2020-09-02,25,23.5,23.5,23398,1309,16,61
117000,60627.11,-448895,board,636,2020-09-04,0.00017325327492,liquid_universe-2020-09-03-3669,daily_high_low_midpoint_proxy,13:30:00,446250,167,圓展,08:59:00,0.01,1444119216.46,11793928.4,3000,leader_entry,148.75,3000,3000,182,buy,2020-09-03,2009,154,143.5,17315690,3669,0,2645
692,61924.11,1297,odd,20,2020-09-07,0.000736909027858,liquid_universe-2020-06-03-1309,after_hours_single_auction_proxy,14:30:00,1326,21.3,台達化,13:40:00,0.01,333516980.645,15763536.9,51,time63,26,0,51,183,sell,2020-09-02,6,26,26,69208,1309,3,29
133000,441754.11,379830,board,546,2020-09-09,0.000147138126652,liquid_universe-2020-09-03-3669,daily_high_low_midpoint_proxy,13:30:00,383250,117,圓展,08:59:00,0.01,1772494414.45,13395272.2,3000,loss12,127.75,0,3000,184,sell,2020-09-08,1725,132.5,123,20389005,3669,1149,3420
20000,154311.11,-287443,board,407,2020-09-10,0.000228678371645,liquid_universe-2020-09-09-6492,daily_high_low_midpoint_proxy,13:30:00,285750,306.5,生華科,08:59:00,0.01,391366573.8,2019918.4,1000,leader_entry,285.75,1000,1000,185,buy,2020-09-09,1286,306.5,265,4372954,6492,0,1693
160000,889292.11,734981,board,1057,2020-09-11,0.000274154239312,liquid_universe-2020-06-11-2417,daily_high_low_midpoint_proxy,13:30:00,741600,57.9,圓剛,08:59:00,0.01,1032093625.21,16083171.9,12000,time63,61.8,0,12000,186,sell,2020-09-10,3338,65.3,58.3,43770981,2417,2224,6619
10000,725326.11,-163966,board,232,2020-09-14,0.00984258749814,liquid_universe-2020-09-11-3686,daily_high_low_midpoint_proxy,13:30:00,163000,19.9,達能,08:59:00,0.01,96053845.3035,6914628.75,10000,leader_entry,16.3,10000,28000,187,buy,2020-09-11,734,16.3,16.3,1015993,3686,0,966
19,724994.41,-331.7,odd,20,2020-09-14,0.00953336678374,liquid_universe-2020-09-11-3686,after_hours_single_auction_proxy,14:30:00,309.7,19.9,達能,13:40:00,0.01,96053845.3035,6914628.75,19,leader_entry,16.3,10019,212,188,buy,2020-09-11,2,16.3,16.3,1993,3686,0,22
18000,972763.41,247769,board,356,2020-09-16,0.000532260296575,liquid_universe-2020-09-09-6492,daily_high_low_midpoint_proxy,13:30:00,250000,239,生華科,08:59:00,0.01,493705649.65,2227841.8,1000,loss12,250,0,1000,189,sell,2020-09-15,1125,259.5,240.5,1878780,6492,750,2231
82000,485392.41,-487371,board,690,2020-09-17,0.0009739672672,liquid_universe-2020-09-16-6233,daily_high_low_midpoint_proxy,13:30:00,484500,26.15,旺玖,08:59:00,0.01,165045012.12,8286935.6,20000,leader_entry,24.225,20000,20000,190,buy,2020-09-16,2181,24.85,23.6,20534571,6233,0,2871
47000,634053.41,148661,board,214,2020-09-30,0.00209047273323,liquid_universe-2020-09-11-3686,daily_high_low_midpoint_proxy,13:30:00,150000,12.9,達能,08:59:00,0.01,102006418.323,6648505.85,10000,loss12,15,19,10000,191,sell,2020-09-29,675,15.7,14.3,4783607,3686,450,1339
216,634329.71,276.3,odd,20,2020-09-30,0.000879344656824,liquid_universe-2020-09-11-3686,after_hours_single_auction_proxy,14:30:00,298.3,12.9,達能,13:40:00,0.01,102006418.323,6648505.85,19,loss12,15.7,0,19,192,sell,2020-09-29,2,15.7,15.7,21607,3686,0,22
38000,149875.71,-484454,board,686,2020-10-05,0.00198703826553,liquid_universe-2020-09-30-6283,daily_high_low_midpoint_proxy,13:30:00,481600,38.7,淳安,08:59:00,0.01,118251864.93,3833704.35,14000,leader_entry,34.4,14000,14000,193,buy,2020-09-30,2168,35.5,33.3,7045662,6283,0,2854
6,149644.71,-231,odd,20,2020-10-05,0.00906344410876,liquid_universe-2020-09-30-6283,after_hours_single_auction_proxy,14:30:00,210,38.7,淳安,13:40:00,0.01,118251864.93,3833704.35,6,leader_entry,35,14006,203,194,buy,2020-09-30,1,35,35,662,6283,0,21
177000,778481.71,628837,board,904,2020-10-19,0.00101558287799,liquid_universe-2020-07-16-6443,daily_high_low_midpoint_proxy,13:30:00,634500,31.55,元晶,08:59:00,0.01,1118841345.58,35252768.9,18000,time63,35.25,423,18000,195,sell,2020-10-16,2856,36.5,34,17723812,6443,1903,5663
238,787025.21,8543.5,odd,20,2020-10-19,0.00999496052411,liquid_universe-2020-07-16-6443,after_hours_single_auction_proxy,14:30:00,8627.5,31.55,元晶,13:40:00,0.01,1118841345.58,35252768.9,238,time63,36.25,185,423,196,sell,2020-10-16,39,36.25,36.25,23812,6443,25,84
129,791634.56,4609.35,odd,20,2020-10-20,0.00993530499076,liquid_universe-2020-07-16-6443,after_hours_single_auction_proxy,14:30:00,4663.35,32.85,元晶,13:40:00,0.01,1120067229.28,34983726.65,129,time63,36.15,56,185,197,sell,2020-10-16,21,36.15,36.15,12984,6443,13,54
22000,238174.56,-553460,board,784,2020-10-20,0.00608900825278,liquid_universe-2020-10-19-3580,daily_high_low_midpoint_proxy,13:30:00,550200,42.65,友威科,08:59:00,0.01,80140372.7275,2393689.85,14000,leader_entry,39.3,14000,14000,198,buy,2020-10-19,2476,40.2,38.4,2299225,3580,0,3260
22,237287.06,-887.5,odd,20,2020-10-20,0.00988764044944,liquid_universe-2020-10-19-3580,after_hours_single_auction_proxy,14:30:00,863.5,42.65,友威科,13:40:00,0.01,80140372.7275,2393689.85,22,leader_entry,39.25,14022,509,199,buy,2020-10-19,4,39.25,39.25,2225,3580,0,24
164,239283.86,1996.8,odd,20,2020-10-21,0.0034032209055,liquid_universe-2020-07-16-6443,after_hours_single_auction_proxy,14:30:00,2032.8,32.75,元晶,13:40:00,0.01,1106867049,34321548.6,56,time63,36.3,0,56,200,sell,2020-10-16,10,36.3,36.3,16455,6443,6,36
61000,885959.86,646676,board,930,2020-12-18,0.00322587096903,liquid_universe-2020-09-16-6233,daily_high_low_midpoint_proxy,13:30:00,652500,29.25,旺玖,08:59:00,0.01,521987298.258,16045546.55,20000,time63,32.625,0,20000,201,sell,2020-12-17,2937,33.25,32,6199876,6233,1957,5824
93000,162447.86,-723512,board,1025,2020-12-21,0.00319679979029,liquid_universe-2020-12-18-2009,daily_high_low_midpoint_proxy,13:30:00,719250,24.35,第一銅,08:59:00,0.01,334733430.062,19325064.95,30000,leader_entry,23.975,30000,30000,202,buy,2020-12-18,3237,24.35,23.6,9384385,2009,0,4262
52000,725427.86,562980,board,809,2021-01-04,0.00267973458377,liquid_universe-2020-09-30-6283,daily_high_low_midpoint_proxy,13:30:00,568050,35.25,淳安,08:59:00,0.01,278236697.78,6967029,14000,time63,40.575,6,14000,203,sell,2020-12-31,2557,41.85,39.3,5224398,6283,1704,5070
19,725648.86,221,odd,20,2021-01-04,0.00307850179579,liquid_universe-2020-09-30-6283,daily_high_low_midpoint_proxy,13:30:00,243,35.25,淳安,09:00:00,0.01,278236697.78,6967029,6,time63,40.5,0,6,204,sell,2020-12-31,2,41.35,39.65,1949,6283,0,22
101000,92921.86,-632727,board,896,2021-01-05,0.00336018915098,liquid_universe-2021-01-04-6129,daily_high_low_midpoint_proxy,13:30:00,629000,20.75,普誠,08:59:00,0.01,139699649.088,10281520.5,34000,leader_entry,18.5,34000,34000,205,buy,2021-01-04,2831,19,18,10118478,6129,0,3727
59,91802.41,-1119.45,odd,20,2021-01-05,0.00994270306707,liquid_universe-2021-01-04-6129,daily_high_low_midpoint_proxy,13:30:00,1094.45,20.75,普誠,09:00:00,0.01,139699649.088,10281520.5,59,leader_entry,18.55,34059,765,206,buy,2021-01-04,5,19,18.1,5934,6129,0,25
31000,591824.41,500022,board,719,2021-01-14,0.00993863374564,liquid_universe-2021-01-04-6129,daily_high_low_midpoint_proxy,13:30:00,504525,14.2,普誠,08:59:00,0.01,146572014.558,9572358.8,31000,loss12,16.275,3059,34000,207,sell,2021-01-13,2271,16.8,15.75,3119141,6129,1513,4503
12,591999.31,174.9,odd,20,2021-01-14,0.00924499229584,liquid_universe-2021-01-04-6129,daily_high_low_midpoint_proxy,13:30:00,195.9,14.2,普誠,09:00:00,0.01,146572014.558,9572358.8,12,loss12,16.325,3047,59,208,sell,2021-01-13,1,16.9,15.75,1298,6129,0,21
29000,640908.31,48909,board,70,2021-01-15,0.00100024472654,liquid_universe-2021-01-04-6129,daily_high_low_midpoint_proxy,13:30:00,49350,14.9,普誠,08:59:00,0.01,143509680.195,9265740.15,3000,loss12,16.45,47,3000,209,sell,2021-01-13,223,16.9,16,2999266,6129,148,441
18,641180.61,272.3,odd,20,2021-01-15,0.00971397733405,liquid_universe-2021-01-04-6129,daily_high_low_midpoint_proxy,13:30:00,294.3,14.9,普誠,09:00:00,0.01,143509680.195,9265740.15,18,loss12,16.35,29,47,210,sell,2021-01-13,2,16.9,15.8,1853,6129,0,22
8000,1090335.61,449155,board,646,2021-01-18,0.00930761793625,liquid_universe-2020-10-19-3580,daily_high_low_midpoint_proxy,13:30:00,453200,51.3,友威科,08:59:00,0.01,79333717.3,1331867.25,8000,time63,56.65,6022,14000,211,sell,2021-01-15,2040,58.7,54.6,859511,3580,1359,4045
5,1090606.11,270.5,odd,20,2021-01-18,0.00990099009901,liquid_universe-2020-10-19-3580,daily_high_low_midpoint_proxy,13:30:00,292.5,51.3,友威科,09:00:00,0.01,79333717.3,1331867.25,5,time63,58.5,6017,22,212,sell,2021-01-15,2,61,56,505,3580,0,22
15,1090828.61,222.5,odd,20,2021-01-18,0.00990099009901,liquid_universe-2021-01-04-6129,daily_high_low_midpoint_proxy,13:30:00,244.5,14.7,普誠,09:00:00,0.01,139263377.565,8916397.15,15,loss12,16.3,14,29,213,sell,2021-01-13,2,17,15.6,1515,6129,0,22
91000,529522.61,-561306,board,795,2021-01-18,0.00118319546915,liquid_universe-2021-01-15-3149,daily_high_low_midpoint_proxy,13:30:00,558000,34.95,正達,08:59:00,0.01,224631217.123,9182276.8,18000,leader_entry,31,18000,18000,214,buy,2021-01-15,2511,33,29,15213040,3149,0,3306
202,523110.61,-6412,odd,20,2021-01-18,0.00995613386564,liquid_universe-2021-01-15-3149,daily_high_low_midpoint_proxy,13:30:00,6363,34.95,正達,09:00:00,0.01,224631217.123,9182276.8,202,leader_entry,31.5,18202,237,215,buy,2021-01-15,29,33,30,20289,3149,0,49
7000,864733.61,341623,board,491,2021-01-19,0.00824701458072,liquid_universe-2020-10-19-3580,daily_high_low_midpoint_proxy,13:30:00,344700,52.2,友威科,08:59:00,0.01,75952646.8,1279491.3,6000,time63,57.45,17,6000,216,sell,2021-01-15,1552,58.9,56,727536,3580,1034,3077
6,865055.31,321.7,odd,20,2021-01-19,0.00974025974026,liquid_universe-2020-10-19-3580,daily_high_low_midpoint_proxy,13:30:00,344.7,52.2,友威科,09:00:00,0.01,75952646.8,1279491.3,6,time63,57.45,11,17,217,sell,2021-01-15,2,58.4,56.5,616,3580,1,23
88,865290.21,234.9,odd,20,2021-01-19,0.00157977883096,liquid_universe-2021-01-04-6129,daily_high_low_midpoint_proxy,13:30:00,256.9,15.05,普誠,09:00:00,0.01,134917877.572,8543101.75,14,loss12,18.35,0,14,218,sell,2021-01-13,2,18.35,18.35,8862,6129,0,22
20,865854.71,564.5,odd,20,2021-01-20,0.00545905707196,liquid_universe-2020-10-19-3580,daily_high_low_midpoint_proxy,13:30:00,588.5,50.5,友威科,09:00:00,0.01,74525637.1,1257879,11,time63,53.5,0,11,219,sell,2021-01-15,3,55,52,2015,3580,1,24
423000,264311.71,-601543,board,852,2021-01-20,0.000179582564857,liquid_universe-2021-01-19-2401,daily_high_low_midpoint_proxy,13:30:00,598000,29.9,凌陽,08:59:00,0.01,928496208.41,42323859.55,23000,leader_entry,26,23000,23000,220,buy,2021-01-19,2691,27.5,24.5,128074794,2401,0,3543
295,256667.83,-7643.88,odd,20,2021-01-20,0.0099966113182,liquid_universe-2021-01-19-2401,daily_high_low_midpoint_proxy,13:30:00,7588.88,29.9,凌陽,09:00:00,0.01,928496208.41,42323859.55,295,leader_entry,25.725,23295,722,221,buy,2021-01-19,35,26.85,24.6,29510,2401,0,55
65000,753494.83,496827,board,714,2021-01-22,0.00275424513333,liquid_universe-2021-01-15-3149,daily_high_low_midpoint_proxy,13:30:00,501300,25.2,正達,08:59:00,0.01,293164209.492,11230726.9,18000,loss12,27.85,202,18000,222,sell,2021-01-21,2256,28.7,27,6535366,3149,1503,4473
54,754986.63,1491.8,odd,20,2021-01-22,0.00990825688073,liquid_universe-2021-01-15-3149,daily_high_low_midpoint_proxy,13:30:00,1522.8,25.2,正達,09:00:00,0.01,293164209.492,11230726.9,54,loss12,28.2,148,202,223,sell,2021-01-21,7,28.5,27.9,5450,3149,4,31
63,756732.38,1745.75,odd,20,2021-01-25,0.00985452839043,liquid_universe-2021-01-15-3149,daily_high_low_midpoint_proxy,13:30:00,1779.75,25.15,正達,09:00:00,0.01,289898121.308,10865711.75,63,loss12,28.25,85,148,224,sell,2021-01-21,9,28.6,27.9,6393,3149,5,34
182,622444.38,-134288,odd,190,2021-01-25,0.00998135351541,liquid_universe-2021-01-22-6531,daily_high_low_midpoint_proxy,13:30:00,133497,825,愛普*,09:00:00,0.01,3814409737.65,6712202.65,182,leader_entry,733.5,182,813,225,buy,2021-01-22,601,762,705,18234,6531,0,791
39,623469.38,1025,odd,20,2021-01-26,0.00991861648016,liquid_universe-2021-01-15-3149,daily_high_low_midpoint_proxy,13:30:00,1053,24.8,正達,09:00:00,0.01,277152636.312,10104892.85,39,loss12,27,46,85,226,sell,2021-01-21,5,28,26,3932,3149,3,28
42,624584.88,1115.5,odd,20,2021-01-27,0.0099573257468,liquid_universe-2021-01-15-3149,daily_high_low_midpoint_proxy,13:30:00,1144.5,23.4,正達,09:00:00,0.01,272332629.95,9819581.85,42,loss12,27.25,4,46,227,sell,2021-01-21,6,28.5,26,4218,3149,3,29
59000,1247474.88,622890,board,896,2021-01-28,0.00502144996041,liquid_universe-2020-12-18-2009,daily_high_low_midpoint_proxy,13:30:00,628500,19.25,第一銅,08:59:00,0.01,397370456.957,15206288.25,30000,loss12,20.95,0,30000,228,sell,2021-01-27,2829,21.6,20.3,5974370,2009,1885,5610
115,1247569.88,95,odd,20,2021-01-28,0.000345632074657,liquid_universe-2021-01-15-3149,daily_high_low_midpoint_proxy,13:30:00,116,25.65,正達,09:00:00,0.01,262078362.635,9308490.2,4,loss12,29,0,4,229,sell,2021-01-21,1,30,28,11573,3149,0,21
31000,653671.88,-593898,board,841,2021-01-29,0.00681415333719,liquid_universe-2021-01-28-8024,daily_high_low_midpoint_proxy,13:30:00,590400,27.05,佑華,08:59:00,0.01,54815635.9025,3149447.55,24000,leader_entry,24.6,24000,24000,230,buy,2021-01-28,2657,26,23.2,3522081,8024,0,3498
25,653020.13,-651.75,odd,20,2021-01-29,0.00963762528913,liquid_universe-2021-01-28-8024,daily_high_low_midpoint_proxy,13:30:00,628.75,27.05,佑華,09:00:00,0.01,54815635.9025,3149447.55,25,leader_entry,25.15,24025,163,231,buy,2021-01-28,3,26.4,23.9,2594,8024,0,23
150000,1203512.13,550492,board,792,2021-02-05,0.00152476142953,liquid_universe-2021-01-19-2401,daily_high_low_midpoint_proxy,13:30:00,555450,21.55,凌陽,08:59:00,0.01,1585709836.04,65633583.55,23000,stall5weak,24.15,295,23000,232,sell,2021-02-04,2500,24.5,23.8,15084327,2401,1666,4958
43,1204517.21,1005.08,odd,20,2021-02-05,0.00984657659721,liquid_universe-2021-01-19-2401,daily_high_low_midpoint_proxy,13:30:00,1033.08,21.55,凌陽,09:00:00,0.01,1585709836.04,65633583.55,43,stall5weak,24.025,252,295,233,sell,2021-02-04,5,24.25,23.8,4367,2401,3,28
104,1207054.81,2537.6,odd,20,2021-02-17,0.00993978782376,liquid_universe-2021-01-19-2401,daily_high_low_midpoint_proxy,13:30:00,2576.6,21.45,凌陽,09:00:00,0.01,1583224556.75,65289110.2,104,stall5weak,24.775,148,252,234,sell,2021-02-04,12,25.3,24.25,10463,2401,7,39
165,1210864.91,3810.1,odd,20,2021-02-18,0.00891781152085,liquid_universe-2021-01-19-2401,daily_high_low_midpoint_proxy,13:30:00,3859.1,22.45,凌陽,09:00:00,0.01,1542371869.96,63006614.85,148,stall5weak,26.075,0,148,235,sell,2021-02-04,18,26.55,25.6,16596,2401,11,49
75000,676215.91,-534649,board,757,2021-02-18,6.3805276505e-05,liquid_universe-2021-02-17-3034,daily_high_low_midpoint_proxy,13:30:00,531500,578,聯詠,08:59:00,0.01,3202859207.18,7544830.45,1000,leader_entry,531.5,1000,1000,236,buy,2021-02-17,2392,547,516,15672685,3034,0,3149
971,631008.91,-45207,odd,64,2021-02-18,0.000864713512178,liquid_universe-2021-02-17-3034,daily_high_low_midpoint_proxy,13:30:00,44940,578,聯詠,09:00:00,0.01,3202859207.18,7544830.45,84,leader_entry,535,1084,84,237,buy,2021-02-17,203,547,523,97142,3034,0,267
94000,1128280.91,497272,board,715,2021-03-02,8.22869044835e-05,liquid_universe-2021-02-17-3034,daily_high_low_midpoint_proxy,13:30:00,501750,427,聯詠,08:59:00,0.01,4429834572.48,9406263.9,1000,loss12,501.75,84,1000,238,sell,2021-02-26,2258,511,492.5,12152602,3034,1505,4478
681,1170030.91,41750,odd,60,2021-03-02,0.00123215935928,liquid_universe-2021-02-17-3034,daily_high_low_midpoint_proxy,13:30:00,42126,427,聯詠,09:00:00,0.01,4429834572.48,9406263.9,84,loss12,501.5,0,84,239,sell,2021-02-26,190,508,495,68173,3034,126,376
71000,583978.91,-586052,board,830,2021-03-03,0.00150440508614,liquid_universe-2021-03-02-6129,daily_high_low_midpoint_proxy,13:30:00,582600,27.4,普誠,08:59:00,0.01,143245109.51,7170321.3,24000,leader_entry,24.275,24000,24000,240,buy,2021-03-02,2622,26,22.55,15953150,6129,0,3452
166,579856.31,-4122.6,odd,20,2021-03-03,0.00998796630566,liquid_universe-2021-03-02-6129,daily_high_low_midpoint_proxy,13:30:00,4083.6,27.4,普誠,09:00:00,0.01,143245109.51,7170321.3,166,leader_entry,24.6,24166,811,241,buy,2021-03-02,19,26.2,23,16620,6129,0,39
89,634191.31,54335,odd,78,2021-05-06,0.00989438576987,liquid_universe-2021-01-22-6531,daily_high_low_midpoint_proxy,13:30:00,54824,553,愛普*,09:00:00,0.01,3205491909.6,4312360.05,89,loss12,616,93,182,242,sell,2021-05-05,247,632,600,8995,6531,164,489
109,693272.31,59081,odd,85,2021-05-07,0.00850947021685,liquid_universe-2021-01-22-6531,daily_high_low_midpoint_proxy,13:30:00,59613,549,愛普*,09:00:00,0.01,3179134691.8,4344841.95,93,loss12,641,0,93,243,sell,2021-05-05,269,662,620,10929,6531,178,532
247000,109861.31,-583411,board,826,2021-05-07,0.000591625732828,liquid_universe-2021-05-06-2022,daily_high_low_midpoint_proxy,13:30:00,579975,16.9,聚亨,08:59:00,0.01,316719048.171,24756437.7,37000,leader_entry,15.675,37000,37000,244,buy,2021-05-06,2610,16.8,14.55,62539538,2022,0,3436
552,104955.31,-4906,odd,20,2021-05-07,0.00549987335818,liquid_universe-2021-05-06-2022,daily_high_low_midpoint_proxy,13:30:00,4864,16.9,聚亨,09:00:00,0.01,316719048.171,24756437.7,304,leader_entry,16,37304,304,245,buy,2021-05-06,22,16.7,15.3,55274,2022,0,42
14000,407779.31,302824,board,435,2021-05-13,0.00953805171668,liquid_universe-2021-01-28-8024,daily_high_low_midpoint_proxy,13:30:00,305550,19.95,佑華,08:59:00,0.01,60721488.125,2211470.8,14000,time63,21.825,10025,24000,246,sell,2021-05-12,1375,23.7,19.95,1467805,8024,916,2726
8,407933.91,154.6,odd,20,2021-05-13,0.00996264009963,liquid_universe-2021-01-28-8024,daily_high_low_midpoint_proxy,13:30:00,175.6,19.95,佑華,09:00:00,0.01,60721488.125,2211470.8,8,time63,21.95,10017,25,247,sell,2021-05-12,1,22.35,21.55,803,8024,0,21
8000,594056.91,186123,board,268,2021-05-14,0.00921548570217,liquid_universe-2021-01-28-8024,daily_high_low_midpoint_proxy,13:30:00,187800,20.65,佑華,08:59:00,0.01,55114063.605,2032679,8000,time63,23.475,2017,10000,248,sell,2021-05-12,846,24.35,22.6,868104,8024,563,1677
6,594173.61,116.7,odd,20,2021-05-14,0.00862068965517,liquid_universe-2021-01-28-8024,daily_high_low_midpoint_proxy,13:30:00,137.7,20.65,佑華,09:00:00,0.01,55114063.605,2032679,6,time63,22.95,2011,17,249,sell,2021-05-12,1,22.95,22.95,696,8024,0,21
212000,1106633.61,512460,board,737,2021-05-14,0.00173810709615,liquid_universe-2021-05-06-2022,daily_high_low_midpoint_proxy,13:30:00,517075,13.15,聚亨,08:59:00,0.01,480037594.411,32238696.8,37000,loss12,13.975,304,37000,250,sell,2021-05-13,2327,14.8,13.15,21287526,2022,1551,4615
341,1110800.61,4167,odd,20,2021-05-14,0.00888966868439,liquid_universe-2021-05-06-2022,daily_high_low_midpoint_proxy,13:30:00,4218,13.15,聚亨,09:00:00,0.01,480037594.411,32238696.8,304,loss12,13.875,0,304,251,sell,2021-05-13,19,14.6,13.15,34197,2022,12,51
9000,1153664.61,42864,board,62,2021-05-17,0.00217997194376,liquid_universe-2021-01-28-8024,daily_high_low_midpoint_proxy,13:30:00,43250,20.8,佑華,08:59:00,0.01,47606301.1,1797053.95,2000,time63,21.625,11,2000,252,sell,2021-05-12,195,22.45,20.8,917443,8024,129,386
2,1153685.71,21.1,odd,20,2021-05-17,0.0082304526749,liquid_universe-2021-01-28-8024,daily_high_low_midpoint_proxy,13:30:00,42.1,20.8,佑華,09:00:00,0.01,47606301.1,1797053.95,2,time63,21.05,9,11,253,sell,2021-05-12,1,21.3,20.8,243,8024,0,21
10,1153861.36,175.65,odd,20,2021-05-18,0.00875486381323,liquid_universe-2021-01-28-8024,daily_high_low_midpoint_proxy,13:30:00,196.65,18.75,佑華,09:00:00,0.01,44058152.03,1691842.55,9,time63,21.85,0,9,254,sell,2021-05-12,1,22.4,21.3,1028,8024,0,21
54000,664981.36,-488880,board,693,2021-05-19,0.00104230507853,liquid_universe-2021-05-18-1732,daily_high_low_midpoint_proxy,13:30:00,486000,54.8,毛寶,08:59:00,0.01,203123253.287,5457029.95,10000,leader_entry,48.6,10000,10000,255,buy,2021-05-18,2187,52.3,44.9,9594120,1732,0,2880
280,651291.36,-13690,odd,20,2021-05-19,0.00997897287858,liquid_universe-2021-05-18-1732,daily_high_low_midpoint_proxy,13:30:00,13608,54.8,毛寶,09:00:00,0.01,203123253.287,5457029.95,280,leader_entry,48.6,10280,805,256,buy,2021-05-18,62,52.3,44.9,28059,1732,0,82
11000,311791.36,-339500,board,481,2021-05-19,0.000232261061433,liquid_universe-2021-05-18-4171,daily_high_low_midpoint_proxy,13:30:00,337500,185.5,瑞基,08:59:00,0.01,165752807.175,1196060.65,2000,leader_entry,168.75,2000,2000,257,buy,2021-05-18,1519,179,158.5,8611000,4171,0,2000
161,283610.36,-28181,odd,40,2021-05-19,0.00997089242584,liquid_universe-2021-05-18-4171,daily_high_low_midpoint_proxy,13:30:00,28014,185.5,瑞基,09:00:00,0.01,165752807.175,1196060.65,161,leader_entry,174,2161,991,258,buy,2021-05-18,127,185,163,16147,4171,0,167
34000,689208.36,405598,board,583,2021-05-24,0.00293549283842,liquid_universe-2021-05-18-1732,daily_high_low_midpoint_proxy,13:30:00,409250,37.7,毛寶,08:59:00,0.01,237712868.153,6028279.35,10000,loss12,40.925,280,10000,259,sell,2021-05-21,1842,43.7,38.15,3406583,1732,1227,3652
102,693399.56,4191.2,odd,20,2021-05-24,0.00991928425557,liquid_universe-2021-05-18-1732,daily_high_low_midpoint_proxy,13:30:00,4243.2,37.7,毛寶,09:00:00,0.01,237712868.153,6028279.35,102,loss12,41.6,178,280,260,sell,2021-05-21,20,43.5,39.7,10283,1732,12,52
134,698452.66,5053.1,odd,20,2021-05-25,0.00994286562291,liquid_universe-2021-05-18-1732,daily_high_low_midpoint_proxy,13:30:00,5112.1,35.75,毛寶,09:00:00,0.01,243167439.768,6149082.15,134,loss12,38.15,44,178,261,sell,2021-05-21,24,39.7,36.6,13477,1732,15,59
674000,199513.66,-498939,board,707,2021-05-25,2.38875124141e-05,liquid_universe-2021-05-24-2615,daily_high_low_midpoint_proxy,13:30:00,496000,137.5,萬海,08:59:00,0.01,6537043960.12,67431133.4,4000,leader_entry,124,4000,4000,262,buy,2021-05-24,2232,135.5,112.5,167451509,2615,0,2939
1761,165872.16,-33641.5,odd,48,2021-05-25,0.00154943726482,liquid_universe-2021-05-24-2615,daily_high_low_midpoint_proxy,13:30:00,33442.5,137.5,萬海,09:00:00,0.01,6537043960.12,67431133.4,273,leader_entry,122.5,4273,273,263,buy,2021-05-24,151,131.5,113.5,176193,2615,0,199
127,167565.06,1692.9,odd,20,2021-05-26,0.00345504515116,liquid_universe-2021-05-18-1732,daily_high_low_midpoint_proxy,13:30:00,1725.9,33.65,毛寶,09:00:00,0.01,246056975.17,6189398.45,44,loss12,39.225,0,44,264,sell,2021-05-21,8,40.95,37.5,12735,1732,5,33
39000,943576.06,776011,board,1116,2021-06-03,0.00602969322428,liquid_universe-2021-03-02-6129,daily_high_low_midpoint_proxy,13:30:00,783000,29.7,普誠,08:59:00,0.01,176535240.84,5848261.3,24000,time63,32.625,166,24000,265,sell,2021-06-02,3524,33.15,32.1,3980302,6129,2349,6989
71,945895.26,2319.2,odd,20,2021-06-03,0.00997751545812,liquid_universe-2021-03-02-6129,daily_high_low_midpoint_proxy,13:30:00,2357.2,29.7,普誠,09:00:00,0.01,176535240.84,5848261.3,71,time63,33.2,95,166,266,sell,2021-06-02,11,34,32.4,7116,6129,7,38
95,948805.39,2910.13,odd,20,2021-06-04,0.00992685475444,liquid_universe-2021-03-02-6129,daily_high_low_midpoint_proxy,13:30:00,2952.13,29.05,普誠,09:00:00,0.01,175454644.725,5792214.05,95,time63,31.075,0,95,267,sell,2021-06-02,14,31.35,30.8,9570,6129,8,42
65000,380206.39,-568599,board,805,2021-06-04,0.00259547175676,liquid_universe-2021-06-03-4121,daily_high_low_midpoint_proxy,13:30:00,565250,38,優盛,08:59:00,0.01,249866298.5,9275673.2,17000,leader_entry,33.25,17000,17000,268,buy,2021-06-03,2544,34.5,32,6549869,4121,0,3349
146,375795.14,-4411.25,odd,20,2021-06-04,0.00884775062955,liquid_universe-2021-06-03-4121,daily_high_low_midpoint_proxy,13:30:00,4371.25,38,優盛,09:00:00,0.01,249866298.5,9275673.2,130,leader_entry,33.625,17130,130,269,buy,2021-06-03,20,35,32.25,14693,4121,0,40
10000,648340.14,272545,board,392,2021-06-16,0.00185426755041,liquid_universe-2021-05-18-4171,daily_high_low_midpoint_proxy,13:30:00,275000,125,瑞基,08:59:00,0.01,355699357.25,2246806.95,2000,loss12,137.5,161,2000,270,sell,2021-06-15,1238,142,133,1078593,4171,825,2455
73,658299.89,9959.75,odd,20,2021-06-16,0.00995771381803,liquid_universe-2021-05-18-4171,daily_high_low_midpoint_proxy,13:30:00,10055.75,125,瑞基,09:00:00,0.01,355699357.25,2246806.95,73,loss12,137.75,88,161,271,sell,2021-06-15,46,142,133.5,7331,4171,30,96
22,661189.39,2889.5,odd,20,2021-06-17,0.00992779783394,liquid_universe-2021-05-18-4171,daily_high_low_midpoint_proxy,13:30:00,2931.5,118.5,瑞基,09:00:00,0.01,299651264.775,1926489.85,22,loss12,133.25,66,88,272,sell,2021-06-15,14,136,130.5,2216,4171,8,42
756000,44355.39,-616834,board,874,2021-06-17,6.71397535118e-05,liquid_universe-2021-06-16-5608,daily_high_low_midpoint_proxy,13:30:00,613200,52.8,四維航,08:59:00,0.01,2853254686.88,75689911.8,12000,leader_entry,51.1,12000,12000,273,buy,2021-06-16,2760,52.8,49.4,178731666,5608,0,3634
2067,23982.79,-20372.6,odd,29,2021-06-17,0.0019057200623,liquid_universe-2021-06-16-5608,daily_high_low_midpoint_proxy,13:30:00,20251.6,52.8,四維航,09:00:00,0.01,2853254686.88,75689911.8,394,leader_entry,51.4,12394,394,274,buy,2021-06-16,92,52.8,50,206746,5608,0,121
36,28804.79,4822,odd,20,2021-06-18,0.00997506234414,liquid_universe-2021-05-18-4171,daily_high_low_midpoint_proxy,13:30:00,4878,119.5,瑞基,09:00:00,0.01,236902358.65,1539023.2,36,loss12,135.5,30,66,275,sell,2021-06-15,22,138,133,3609,4171,14,56
28,32452.79,3648,odd,20,2021-06-21,0.00970200970201,liquid_universe-2021-05-18-4171,daily_high_low_midpoint_proxy,13:30:00,3696,121.5,瑞基,09:00:00,0.01,225120590.9,1477734.6,28,loss12,132,2,30,276,sell,2021-06-15,17,133,131,2886,4171,11,48
31,32694.29,241.5,odd,20,2021-06-22,0.000640614990391,liquid_universe-2021-05-18-4171,daily_high_low_midpoint_proxy,13:30:00,263.5,117.5,瑞基,09:00:00,0.01,213794681.025,1418963.95,2,loss12,131.75,0,2,277,sell,2021-06-15,2,133.5,130,3122,4171,0,22
29000,506973.29,474279,board,682,2021-06-22,0.005777372682,liquid_universe-2021-06-03-4121,daily_high_low_midpoint_proxy,13:30:00,478550,25.1,優盛,08:59:00,0.01,245041393.325,8131806.1,17000,loss12,28.15,130,17000,278,sell,2021-06-21,2154,28.75,27.55,2942514,4121,1435,4271
41,508099.47,1126.18,odd,20,2021-06-22,0.00999025341131,liquid_universe-2021-06-03-4121,daily_high_low_midpoint_proxy,13:30:00,1155.18,25.1,優盛,09:00:00,0.01,245041393.325,8131806.1,41,loss12,28.175,89,130,279,sell,2021-06-21,6,28.5,27.85,4104,4121,3,29
110,510502.3,2402.83,odd,20,2021-06-23,0.00806378544894,liquid_universe-2021-06-03-4121,daily_high_low_midpoint_proxy,13:30:00,2440.83,24.8,優盛,09:00:00,0.01,246530579.08,8155656.45,89,loss12,27.425,0,89,280,sell,2021-06-21,11,28,26.85,11037,4121,7,38
34000,163457.3,-347045,board,492,2021-06-23,0.000533043926018,liquid_universe-2021-06-22-2643,daily_high_low_midpoint_proxy,13:30:00,345000,134,捷迅,08:59:00,0.01,302288940.68,3410030.95,3000,leader_entry,115,3000,3000,281,buy,2021-06-22,1553,120,110,5628054,2643,0,2045
126,148944.3,-14513,odd,21,2021-06-23,0.00992282249173,liquid_universe-2021-06-22-2643,daily_high_low_midpoint_proxy,13:30:00,14427,134,捷迅,09:00:00,0.01,302288940.68,3410030.95,126,leader_entry,114.5,3126,769,282,buy,2021-06-22,65,119,110,12698,2643,0,86
11000,424116.3,275172,board,396,2021-07-14,0.00265835605489,liquid_universe-2021-06-22-2643,daily_high_low_midpoint_proxy,13:30:00,277650,84.6,捷迅,08:59:00,0.01,506705719.52,4505461.45,3000,loss12,92.55,126,3000,283,sell,2021-07-13,1250,97,88.1,1128517,2643,832,2478
64,429911.5,5795.2,odd,20,2021-07-14,0.00987806760303,liquid_universe-2021-06-22-2643,daily_high_low_midpoint_proxy,13:30:00,5859.2,84.6,捷迅,09:00:00,0.01,506705719.52,4505461.45,64,loss12,91.55,62,126,284,sell,2021-07-13,27,94,89.1,6479,2643,17,64
56,435290.9,5379.4,odd,20,2021-07-15,0.00987132028909,liquid_universe-2021-06-22-2643,daily_high_low_midpoint_proxy,13:30:00,5440.4,82.8,捷迅,09:00:00,0.01,501142844.935,4433317.8,56,loss12,97.15,6,62,285,sell,2021-07-13,25,101,93.3,5673,2643,16,61
42000,32190.9,-403100,board,571,2021-07-15,0.00138459876943,liquid_universe-2021-07-14-6170,daily_high_low_midpoint_proxy,13:30:00,400725,47.15,統振,08:59:00,0.01,158125238.505,4294976.3,9000,leader_entry,44.525,9000,9000,286,buy,2021-07-14,1804,47.15,41.9,6500078,6170,0,2375
252,29333.92,-2856.98,odd,20,2021-07-15,0.00249386430211,liquid_universe-2021-07-14-6170,daily_high_low_midpoint_proxy,13:30:00,2823.98,47.15,統振,09:00:00,0.01,158125238.505,4294976.3,63,leader_entry,44.825,9063,63,287,buy,2021-07-14,13,47.15,42.5,25262,6170,0,33
51,29909.92,576,odd,20,2021-07-16,0.00115406809002,liquid_universe-2021-06-22-2643,daily_high_low_midpoint_proxy,13:30:00,600,90.9,捷迅,09:00:00,0.01,486766726.515,4263177.8,6,loss12,100,0,6,288,sell,2021-07-13,3,103,97,5199,2643,1,24
28000,386696.92,356787,board,513,2021-07-29,0.00313803920666,liquid_universe-2021-07-14-6170,daily_high_low_midpoint_proxy,13:30:00,360000,34.65,統振,08:59:00,0.01,269432910.37,6442798.95,9000,loss12,40,63,9000,289,sell,2021-07-28,1620,40.9,39.1,2868033,6170,1080,3213
52,388730.52,2033.6,odd,20,2021-07-29,0.00981317229666,liquid_universe-2021-07-14-6170,daily_high_low_midpoint_proxy,13:30:00,2069.6,34.65,統振,09:00:00,0.01,269432910.37,6442798.95,52,loss12,39.8,11,63,290,sell,2021-07-28,10,40.5,39.1,5299,6170,6,36
72,389143.4,412.88,odd,20,2021-07-30,0.0015227021041,liquid_universe-2021-07-14-6170,daily_high_low_midpoint_proxy,13:30:00,435.88,36.55,統振,09:00:00,0.01,235801931.973,5581026.45,11,loss12,39.625,0,11,291,sell,2021-07-28,2,40.65,38.6,7224,6170,1,23
53000,20672.4,-368471,board,522,2021-07-30,0.000596183797702,liquid_universe-2021-07-29-8289,daily_high_low_midpoint_proxy,13:30:00,366300,32.1,泰藝,08:59:00,0.01,136569610.12,5340294.05,12000,leader_entry,30.525,12000,12000,292,buy,2021-07-29,1649,32,29.05,20128021,8289,0,2171
179,19483.6,-1188.8,odd,20,2021-07-30,0.00212041738742,liquid_universe-2021-07-29-8289,daily_high_low_midpoint_proxy,13:30:00,1162.8,32.1,泰藝,09:00:00,0.01,136569610.12,5340294.05,38,leader_entry,30.6,12038,38,293,buy,2021-07-29,6,32,29.2,17921,8289,0,26
36000,327509.6,308026,board,443,2021-08-10,0.00327837501878,liquid_universe-2021-07-29-8289,daily_high_low_midpoint_proxy,13:30:00,310800,23.4,泰藝,08:59:00,0.01,187824415.75,6896234.3,12000,stall5weak,25.9,38,12000,294,sell,2021-08-09,1399,26.75,25.05,3660350,8289,932,2774
63,328466.8,957.2,odd,20,2021-08-10,0.00603174603175,liquid_universe-2021-07-29-8289,daily_high_low_midpoint_proxy,13:30:00,984.2,23.4,泰藝,09:00:00,0.01,187824415.75,6896234.3,38,stall5weak,25.9,0,38,295,sell,2021-08-09,5,26.6,25.2,6300,8289,2,27
37000,159973.8,-168493,board,239,2021-08-11,0.000160905110555,liquid_universe-2021-08-10-3527,daily_high_low_midpoint_proxy,13:30:00,167500,194,聚積,08:59:00,0.01,607044585.55,3744238.95,1000,leader_entry,167.5,1000,1000,296,buy,2021-08-10,754,173,162,6214843,3527,0,993
100,143249.8,-16724,odd,24,2021-08-11,0.00998302885095,liquid_universe-2021-08-10-3527,daily_high_low_midpoint_proxy,13:30:00,16625,194,聚積,09:00:00,0.01,607044585.55,3744238.95,100,leader_entry,166.25,1100,683,297,buy,2021-08-10,75,169.5,163,10017,3527,0,99
1302000,1094681.8,951432,board,1368,2021-08-23,3.07146251273e-05,liquid_universe-2021-05-24-2615,daily_high_low_midpoint_proxy,13:30:00,960000,203,萬海,08:59:00,0.01,29385724380,131169200,4000,time63,240,273,4000,298,sell,2021-08-20,4320,248,232,130231119,2615,2880,8568
4321,1160631.55,65949.75,odd,95,2021-08-23,0.000631710477601,liquid_universe-2021-05-24-2615,daily_high_low_midpoint_proxy,13:30:00,66543.75,203,萬海,09:00:00,0.01,29385724380,131169200,273,time63,243.75,0,273,299,sell,2021-08-20,300,248,239.5,432160,2615,199,594
10000,685331.55,-475300,board,673,2021-08-26,0.00168229660403,liquid_universe-2021-08-25-6568,daily_high_low_midpoint_proxy,13:30:00,472500,257,宏觀,08:59:00,0.01,248895683.65,1091750.05,2000,leader_entry,236.25,2000,2000,300,buy,2021-08-25,2127,243,229.5,1188851,6568,0,2800
17,681284.8,-4046.75,odd,20,2021-08-26,0.00994152046784,liquid_universe-2021-08-25-6568,daily_high_low_midpoint_proxy,13:30:00,4007.75,257,宏觀,09:00:00,0.01,248895683.65,1091750.05,17,leader_entry,235.75,2017,922,301,buy,2021-08-25,19,240.5,231,1710,6568,0,39
431000,1410914.8,729630,board,1049,2021-09-14,0.000278381078549,liquid_universe-2021-06-16-5608,daily_high_low_midpoint_proxy,13:30:00,736200,55.4,四維航,08:59:00,0.01,4120859461.16,67709594.75,12000,time63,61.35,394,12000,302,sell,2021-09-13,3313,64.2,58.5,43106378,5608,2208,6570
308,1429550.2,18635.4,odd,27,2021-09-14,0.00999902606889,liquid_universe-2021-06-16-5608,daily_high_low_midpoint_proxy,13:30:00,18803.4,55.4,四維航,09:00:00,0.01,4120859461.16,67709594.75,308,time63,61.05,86,394,303,sell,2021-09-13,85,63,59.1,30803,5608,56,168
146,1434553.3,5003.1,odd,20,2021-09-15,0.00588960416381,liquid_universe-2021-06-16-5608,daily_high_low_midpoint_proxy,13:30:00,5061.1,53.2,四維航,09:00:00,0.01,4203412163.13,68925151.7,86,time63,58.85,0,86,304,sell,2021-09-13,23,59.9,57.8,14602,5608,15,58
225000,687653.3,-746900,board,1058,2021-09-15,0.000266175422985,liquid_universe-2021-09-14-1727,daily_high_low_midpoint_proxy,13:30:00,742500,34.9,中華化,08:59:00,0.01,553113190.45,22539356.6,22000,leader_entry,33.75,22000,22000,305,buy,2021-09-14,3342,34.9,32.6,82652259,1727,0,4400
964,655516.35,-32136.95,odd,46,2021-09-15,0.00975887995852,liquid_universe-2021-09-14-1727,daily_high_low_midpoint_proxy,13:30:00,31946.95,34.9,中華化,09:00:00,0.01,553113190.45,22539356.6,941,leader_entry,33.95,22941,941,306,buy,2021-09-14,144,34.9,33,96425,1727,0,190
49000,1346147.35,690631,board,993,2021-09-27,0.00440680675371,liquid_universe-2021-09-14-1727,daily_high_low_midpoint_proxy,13:30:00,696850,27.4,中華化,08:59:00,0.01,942229551.72,32398762.95,22000,loss12,31.675,941,22000,307,sell,2021-09-24,3136,32.95,30.4,4992277,1727,2090,6219
222,1353073.9,6926.55,odd,20,2021-09-27,0.00998605550807,liquid_universe-2021-09-14-1727,daily_high_low_midpoint_proxy,13:30:00,6998.55,27.4,中華化,09:00:00,0.01,942229551.72,32398762.95,222,loss12,31.525,719,941,308,sell,2021-09-24,32,32.65,30.4,22231,1727,20,72
85,1355699.65,2625.75,odd,20,2021-09-28,0.00989753143922,liquid_universe-2021-09-14-1727,daily_high_low_midpoint_proxy,13:30:00,2664.75,29.1,中華化,09:00:00,0.01,945464387.275,32380171.7,85,loss12,31.35,634,719,309,sell,2021-09-24,12,32,30.7,8588,1727,7,39
23000,694806.65,-660893,board,936,2021-09-28,0.000342934842094,liquid_universe-2021-09-27-5321,daily_high_low_midpoint_proxy,13:30:00,657000,117.5,美而快,08:59:00,0.01,185333631.605,2391724.85,6000,leader_entry,109.5,6000,6000,310,buy,2021-09-27,2957,114.5,104.5,17496035,5321,0,3893
204,672079.65,-22727,odd,32,2021-09-28,0.0099921630094,liquid_universe-2021-09-27-5321,daily_high_low_midpoint_proxy,13:30:00,22593,117.5,美而快,09:00:00,0.01,185333631.605,2391724.85,204,leader_entry,110.75,6204,605,311,buy,2021-09-27,102,116,105.5,20416,5321,0,134
47,675700.95,1421.3,odd,20,2021-09-29,0.00986980260395,liquid_universe-2021-09-14-1727,daily_high_low_midpoint_proxy,13:30:00,1452.3,27.9,中華化,09:00:00,0.01,947250260.462,32377470.95,47,loss12,30.9,587,634,312,sell,2021-09-24,7,31.3,30.5,4762,1727,4,31
108,679027.25,3326.3,odd,20,2021-09-30,0.00995391705069,liquid_universe-2021-09-14-1727,daily_high_low_midpoint_proxy,13:30:00,3372.3,27.5,中華化,09:00:00,0.01,949107123.322,32406231.35,108,loss12,31.225,479,587,313,sell,2021-09-24,16,32.1,30.35,10850,1727,10,46
118,682488.8,3461.55,odd,20,2021-10-01,0.00995864629927,liquid_universe-2021-09-14-1727,daily_high_low_midpoint_proxy,13:30:00,3507.55,28.3,中華化,09:00:00,0.01,943220400.653,31959296.35,118,loss12,29.725,361,479,314,sell,2021-09-24,16,31.15,28.3,11849,1727,10,46
77,684527.95,2039.15,odd,20,2021-10-04,0.0099239592731,liquid_universe-2021-09-14-1727,daily_high_low_midpoint_proxy,13:30:00,2075.15,26.1,中華化,09:00:00,0.01,938482842.553,31584221.95,77,loss12,26.95,284,361,315,sell,2021-09-24,10,27.7,26.2,7759,1727,6,36
100,687219.45,2691.5,odd,20,2021-10-05,0.00993048659384,liquid_universe-2021-09-14-1727,daily_high_low_midpoint_proxy,13:30:00,2732.5,23.5,中華化,09:00:00,0.01,924000995.542,30832243.25,100,loss12,27.325,184,284,316,sell,2021-09-24,13,28.7,25.95,10070,1727,8,41
198,692901.85,5682.4,odd,20,2021-10-06,0.00926019124308,liquid_universe-2021-09-14-1727,daily_high_low_midpoint_proxy,13:30:00,5745.4,25.85,中華化,09:00:00,0.01,902735997.583,29615447.2,184,loss12,31.225,0,184,317,sell,2021-09-24,26,31.55,30.9,19870,1727,17,63
14000,882692.85,189791,board,273,2021-11-11,0.000713804406172,liquid_universe-2021-08-10-3527,daily_high_low_midpoint_proxy,13:30:00,191500,173.5,聚積,08:59:00,0.01,790919281.975,3841707.55,1000,time63,191.5,100,1000,318,sell,2021-11-10,862,195,188,1400944,3527,574,1709
69,895839.1,13146.25,odd,20,2021-11-11,0.00996533795494,liquid_universe-2021-08-10-3527,daily_high_low_midpoint_proxy,13:30:00,13265.25,173.5,聚積,09:00:00,0.01,790919281.975,3841707.55,69,time63,192.25,31,100,319,sell,2021-11-10,60,195,189.5,6924,3527,39,119
56,901750.35,5911.25,odd,20,2021-11-12,0.00550426136364,liquid_universe-2021-08-10-3527,daily_high_low_midpoint_proxy,13:30:00,5975.25,170,聚積,09:00:00,0.01,789065081.625,3827631.3,31,time63,192.75,0,31,320,sell,2021-11-10,27,194.5,191,5632,3527,17,64
271000,170845.35,-730905,board,1035,2021-11-12,0.000144731278521,liquid_universe-2021-11-11-3508,daily_high_low_midpoint_proxy,13:30:00,726600,53.9,位速,08:59:00,0.01,1019588568.01,27145143.6,14000,leader_entry,51.9,14000,14000,321,buy,2021-11-11,3270,53.9,49.9,96730991,3508,0,4305
459,146558.95,-24286.4,odd,34,2021-11-12,0.00999303317948,liquid_universe-2021-11-11-3508,daily_high_low_midpoint_proxy,13:30:00,24143.4,53.9,位速,09:00:00,0.01,1019588568.01,27145143.6,459,leader_entry,52.6,14459,720,322,buy,2021-11-11,109,53.9,51.3,45932,3508,0,143
16000,800172.95,653614,board,940,2021-11-26,0.000994307094729,liquid_universe-2021-08-25-6568,daily_high_low_midpoint_proxy,13:30:00,659500,308,宏觀,08:59:00,0.01,607524566,1682331.55,2000,time63,329.75,17,2000,323,sell,2021-11-25,2968,344.5,315,2011451,6568,1978,5886
175,805733.7,5560.75,odd,20,2021-11-26,0.000967228038234,liquid_universe-2021-08-25-6568,daily_high_low_midpoint_proxy,13:30:00,5622.75,308,宏觀,09:00:00,0.01,607524566,1682331.55,17,time63,330.75,0,17,324,sell,2021-11-25,26,342.5,319,17576,6568,16,62
13000,319921.7,-485812,board,688,2021-11-29,0.00952210740351,liquid_universe-2021-11-26-3672,daily_high_low_midpoint_proxy,13:30:00,482950,41.8,康聯訊,08:59:00,0.01,67112267.2175,2181326.7,13000,leader_entry,37.15,13000,16000,325,buy,2021-11-26,2174,38.1,36.2,1365244,3672,0,2862
36,318570,-1351.7,odd,20,2021-11-29,0.01,liquid_universe-2021-11-26-3672,daily_high_low_midpoint_proxy,13:30:00,1325.7,41.8,康聯訊,09:00:00,0.01,67112267.2175,2181326.7,36,leader_entry,36.825,13036,746,326,buy,2021-11-26,6,38.5,35.15,3600,3672,0,26
10000,1030657,712087,board,1024,2021-12-27,0.00123555812735,liquid_universe-2021-09-27-5321,daily_high_low_midpoint_proxy,13:30:00,718500,105.5,美而快,08:59:00,0.01,116720027.375,1069897.65,6000,time63,119.75,204,6000,327,sell,2021-12-24,3234,126,113.5,4856105,5321,2155,6413
28,1033950,3293,odd,20,2021-12-27,0.00997150997151,liquid_universe-2021-09-27-5321,daily_high_low_midpoint_proxy,13:30:00,3339,105.5,美而快,09:00:00,0.01,116720027.375,1069897.65,28,time63,119.25,176,204,328,sell,2021-12-24,16,123,115.5,2808,5321,10,46
30,1037324,3374,odd,20,2021-12-28,0.00997340425532,liquid_universe-2021-09-27-5321,daily_high_low_midpoint_proxy,13:30:00,3420,103.5,美而快,09:00:00,0.01,143699391.125,1303270.5,30,time63,114,146,176,329,sell,2021-12-24,16,117,111,3008,5321,10,46
49000,251445,-785879,board,1113,2021-12-28,0.000710579837411,liquid_universe-2021-12-27-4755,daily_high_low_midpoint_proxy,13:30:00,781250,162,三福化,08:59:00,0.01,594792223.045,4969129.95,5000,leader_entry,156.25,5000,5000,330,buy,2021-12-27,3516,162,150.5,7036507,4755,0,4629
74,239420,-12025,odd,20,2021-12-28,0.00995560339029,liquid_universe-2021-12-27-4755,daily_high_low_midpoint_proxy,13:30:00,11951,162,三福化,09:00:00,0.01,594792223.045,4969129.95,74,leader_entry,161.5,5074,382,331,buy,2021-12-27,54,162,161,7433,4755,0,74
16,241127,1707,odd,20,2021-12-30,0.00999375390381,liquid_universe-2021-09-27-5321,daily_high_low_midpoint_proxy,13:30:00,1740,98.1,美而快,09:00:00,0.01,156850154.25,1423097.1,16,time63,108.75,130,146,332,sell,2021-12-24,8,110,107.5,1601,5321,5,33
7,241865.75,738.75,odd,20,2022-01-03,0.00907911802853,liquid_universe-2021-09-27-5321,daily_high_low_midpoint_proxy,13:30:00,764.75,97.2,美而快,09:00:00,0.01,157944057.47,1432418.35,7,time63,109.25,123,130,333,sell,2021-12-24,4,110,108.5,771,5321,2,26
10,242945.25,1079.5,odd,20,2022-01-04,0.00985221674877,liquid_universe-2021-09-27-5321,daily_high_low_midpoint_proxy,13:30:00,1107.5,97.7,美而快,09:00:00,0.01,158971914.045,1441615.8,10,time63,110.75,113,123,334,sell,2021-12-24,5,112,109.5,1015,5321,3,28
16,244632.25,1687,odd,20,2022-01-05,0.00990712074303,liquid_universe-2021-09-27-5321,daily_high_low_midpoint_proxy,13:30:00,1720,97.2,美而快,09:00:00,0.01,162245009.045,1471786.55,16,time63,107.5,97,113,335,sell,2021-12-24,8,108,107,1615,5321,5,33
7,245346.5,714.25,odd,20,2022-01-06,0.00923482849604,liquid_universe-2021-09-27-5321,daily_high_low_midpoint_proxy,13:30:00,740.25,95,美而快,09:00:00,0.01,163847000.875,1486849.35,7,time63,105.75,90,97,336,sell,2021-12-24,4,107.5,104,758,5321,2,26
25,247882.5,2536,odd,20,2022-01-07,0.00963762528913,liquid_universe-2021-09-27-5321,daily_high_low_midpoint_proxy,13:30:00,2575,95,美而快,09:00:00,0.01,164368802,1491636.9,25,time63,103,65,90,337,sell,2021-12-24,12,105,101,2594,5321,7,39
7,248586.25,703.75,odd,20,2022-01-10,0.00903225806452,liquid_universe-2021-09-27-5321,daily_high_low_midpoint_proxy,13:30:00,729.75,91.4,美而快,09:00:00,0.01,159392365.15,1450005.65,7,time63,104.25,58,65,338,sell,2021-12-24,4,105,103.5,775,5321,2,26
19,250476,1889.75,odd,20,2022-01-11,0.00972364380757,liquid_universe-2021-09-27-5321,daily_high_low_midpoint_proxy,13:30:00,1923.75,93.2,美而快,09:00:00,0.01,136657596.55,1230346.05,19,time63,101.25,39,58,339,sell,2021-12-24,9,102,100.5,1954,5321,5,34
13,251790.5,1314.5,odd,20,2022-01-12,0.00957995578482,liquid_universe-2021-09-27-5321,daily_high_low_midpoint_proxy,13:30:00,1345.5,90.5,美而快,09:00:00,0.01,124723566.125,1126770,13,time63,103.5,26,39,340,sell,2021-12-24,7,105,102,1357,5321,4,31
15,253371,1580.5,odd,20,2022-01-13,0.00948766603416,liquid_universe-2021-09-27-5321,daily_high_low_midpoint_proxy,13:30:00,1612.5,93.6,美而快,09:00:00,0.01,112664407.975,1017716.65,15,time63,107.5,11,26,341,sell,2021-12-24,8,114,101,1581,5321,4,32
18,254461.25,1090.25,odd,20,2022-01-14,0.00598476605005,liquid_universe-2021-09-27-5321,daily_high_low_midpoint_proxy,13:30:00,1119.25,91.8,美而快,09:00:00,0.01,108370714.525,977767,11,time63,101.75,0,11,342,sell,2021-12-24,6,102.5,101,1838,5321,3,29
43000,898660.25,644199,board,926,2022-01-24,0.00114118696682,liquid_universe-2021-12-27-4755,daily_high_low_midpoint_proxy,13:30:00,650000,117.5,三福化,08:59:00,0.01,921641414.65,5666077.45,5000,loss12,130,74,5000,343,sell,2022-01-21,2925,134.5,125.5,4381403,4755,1950,5801
57,906051.25,7391,odd,20,2022-01-24,0.00983946141895,liquid_universe-2021-12-27-4755,daily_high_low_midpoint_proxy,13:30:00,7467,117.5,三福化,09:00:00,0.01,921641414.65,5666077.45,57,loss12,131,17,74,344,sell,2022-01-21,34,134,128,5793,4755,22,76
73,908216.75,2165.5,odd,20,2022-01-25,0.00231166711993,liquid_universe-2021-12-27-4755,daily_high_low_midpoint_proxy,13:30:00,2201.5,121,三福化,09:00:00,0.01,876181717.85,5356419,17,loss12,129.5,0,17,345,sell,2022-01-21,10,132,127,7354,4755,6,36
108000,296865.75,-611351,board,866,2022-01-25,0.000452684903763,liquid_universe-2022-01-24-2101,daily_high_low_midpoint_proxy,13:30:00,607750,51.5,南港,08:59:00,0.01,444670466.675,10826394,13000,leader_entry,46.75,13000,13000,346,buy,2022-01-24,2735,48,45.5,28717547,2101,0,3601
294,282979.45,-13886.3,odd,20,2022-01-25,0.00999082475278,liquid_universe-2022-01-24-2101,daily_high_low_midpoint_proxy,13:30:00,13803.3,51.5,南港,09:00:00,0.01,444670466.675,10826394,294,leader_entry,46.95,13294,636,347,buy,2022-01-24,63,47.8,46.1,29427,2101,0,83
87000,931291.45,648312,board,932,2022-01-26,0.00105351716706,liquid_universe-2021-11-11-3508,daily_high_low_midpoint_proxy,13:30:00,654150,40.55,位速,08:59:00,0.01,506682052.645,8752378.15,14000,loss12,46.725,459,14000,348,sell,2022-01-25,2944,47.95,45.5,13288820,3508,1962,5838
61,934106.78,2815.33,odd,20,2022-01-26,0.00984029682207,liquid_universe-2021-11-11-3508,daily_high_low_midpoint_proxy,13:30:00,2856.33,40.55,位速,09:00:00,0.01,506682052.645,8752378.15,61,loss12,46.825,398,459,349,sell,2022-01-25,13,47.65,46,6199,3508,8,41
98,938644.08,4537.3,odd,20,2022-02-07,0.00996441281139,liquid_universe-2021-11-11-3508,daily_high_low_midpoint_proxy,13:30:00,4591.3,41.4,位速,09:00:00,0.01,531988204.945,9341162.55,98,loss12,46.85,300,398,350,sell,2022-01-25,21,49.5,44.2,9835,3508,13,54
85000,290828.08,-647816,board,918,2022-02-07,0.000665981574317,liquid_universe-2022-01-26-1529,daily_high_low_midpoint_proxy,13:30:00,644000,29.15,樂事綠能,08:59:00,0.01,202567286.368,8523725,23000,leader_entry,28,23000,23000,351,buy,2022-01-26,2898,29.15,26.85,34535490,1529,0,3816
216,284715.88,-6112.2,odd,20,2022-02-07,0.00995667004702,liquid_universe-2022-01-26-1529,daily_high_low_midpoint_proxy,13:30:00,6064.2,29.15,樂事綠能,09:00:00,0.01,202567286.368,8523725,216,leader_entry,28.075,23216,303,352,buy,2022-01-26,28,29.15,27,21694,1529,0,48
50,287109.13,2393.25,odd,20,2022-02-08,0.00991276764473,liquid_universe-2021-11-11-3508,daily_high_low_midpoint_proxy,13:30:00,2431.25,43.85,位速,09:00:00,0.01,558238783.955,9937382.85,50,loss12,48.625,250,300,353,sell,2022-01-25,11,49.55,47.7,5044,3508,7,38
258,300227.63,13118.5,odd,20,2022-02-09,0.00966669244451,liquid_universe-2021-11-11-3508,daily_high_low_midpoint_proxy,13:30:00,13237.5,44.3,位速,09:00:00,0.01,570900812.405,10230321.2,250,loss12,52.95,0,250,354,sell,2022-01-25,60,54.1,51.8,25862,3508,39,119
27000,850695.63,550468,board,791,2022-02-18,0.0047046374335,liquid_universe-2022-01-24-2101,daily_high_low_midpoint_proxy,13:30:00,555425,38.1,南港,08:59:00,0.01,475455116.865,10543012.15,13000,stall5weak,42.725,294,13000,355,sell,2022-02-17,2500,43.1,42.35,2763231,2101,1666,4957
44,852556.93,1861.3,odd,20,2022-02-18,0.00999772778914,liquid_universe-2022-01-24-2101,daily_high_low_midpoint_proxy,13:30:00,1895.3,38.1,南港,09:00:00,0.01,475455116.865,10543012.15,44,stall5weak,43.075,250,294,356,sell,2022-02-17,9,43.5,42.65,4401,2101,5,34
17,853257.26,700.33,odd,20,2022-02-21,0.00987797791981,liquid_universe-2022-01-24-2101,daily_high_low_midpoint_proxy,13:30:00,726.33,38.65,南港,09:00:00,0.01,467820134.16,10331634.7,17,stall5weak,42.725,233,250,357,sell,2022-02-17,4,43,42.45,1721,2101,2,26
29000,259258.26,-593999,board,841,2022-02-21,0.000517207145548,liquid_universe-2022-02-18-5706,daily_high_low_midpoint_proxy,13:30:00,590500,65,鳳凰,08:59:00,0.01,163227771.065,2956550.85,10000,leader_entry,59.05,10000,10000,358,buy,2022-02-18,2658,61.5,56.6,19334613,5706,0,3499
235,245345.51,-13912.75,odd,20,2022-02-21,0.00999447114362,liquid_universe-2022-02-18-5706,daily_high_low_midpoint_proxy,13:30:00,13829.75,65,鳳凰,09:00:00,0.01,163227771.065,2956550.85,235,leader_entry,58.85,10235,643,359,buy,2022-02-18,63,60.7,57,23513,5706,0,83
72,248310.31,2964.8,odd,20,2022-02-22,0.00992419021365,liquid_universe-2022-01-24-2101,daily_high_low_midpoint_proxy,13:30:00,3007.8,38.2,南港,09:00:00,0.01,461646154.84,10173681.35,72,stall5weak,41.775,161,233,360,sell,2022-02-17,14,42.35,41.2,7255,2101,9,43
18,249037.16,726.85,odd,20,2022-02-23,0.00969827586207,liquid_universe-2022-01-24-2101,daily_high_low_midpoint_proxy,13:30:00,752.85,37.35,南港,09:00:00,0.01,443835963.517,9725250.55,18,stall5weak,41.825,143,161,361,sell,2022-02-17,4,41.95,41.7,1856,2101,2,26
63,251596.91,2559.75,odd,20,2022-02-24,0.00994318181818,liquid_universe-2022-01-24-2101,daily_high_low_midpoint_proxy,13:30:00,2598.75,37.5,南港,09:00:00,0.01,443971844.28,9726685.75,63,stall5weak,41.25,80,143,362,sell,2022-02-17,12,42,40.5,6336,2101,7,39
38,253112.51,1515.6,odd,20,2022-02-25,0.00976612695965,liquid_universe-2022-01-24-2101,daily_high_low_midpoint_proxy,13:30:00,1546.6,36.45,南港,09:00:00,0.01,447114180.577,9803725.85,38,stall5weak,40.7,42,80,363,sell,2022-02-17,7,40.95,40.45,3891,2101,4,31
16,253747.71,635.2,odd,20,2022-03-01,0.00951814396193,liquid_universe-2022-01-24-2101,daily_high_low_midpoint_proxy,13:30:00,659.2,36.25,南港,09:00:00,0.01,448670064.64,9841792.4,16,stall5weak,41.2,26,42,364,sell,2022-02-17,3,41.8,40.6,1681,2101,1,24
25,254759.09,1011.38,odd,20,2022-03-02,0.00963762528913,liquid_universe-2022-01-24-2101,daily_high_low_midpoint_proxy,13:30:00,1039.38,37.45,南港,09:00:00,0.01,450136961.855,9875071.65,25,stall5weak,41.575,1,26,365,sell,2022-02-17,5,42,41.15,2594,2101,3,28
24,254779.49,20.4,odd,20,2022-03-03,0.000410340582684,liquid_universe-2022-01-24-2101,daily_high_low_midpoint_proxy,13:30:00,41.4,37.25,南港,09:00:00,0.01,405835240.63,8874783.65,1,stall5weak,41.4,0,1,366,sell,2022-02-17,1,41.7,41.1,2437,2101,0,21
109000,844023.49,589244,board,847,2022-03-03,0.000621389121324,liquid_universe-2022-01-26-1529,daily_high_low_midpoint_proxy,13:30:00,594550,23.05,樂事綠能,08:59:00,0.01,304196606.785,10930581.85,23000,loss12,25.85,216,23000,367,sell,2022-03-02,2676,27.4,24.3,37013844,1529,1783,5306
121,847119.44,3095.95,odd,20,2022-03-03,0.00993921471989,liquid_universe-2022-01-26-1529,daily_high_low_midpoint_proxy,13:30:00,3139.95,23.05,樂事綠能,09:00:00,0.01,304196606.785,10930581.85,121,loss12,25.95,95,216,368,sell,2022-03-02,15,27.1,24.8,12174,1529,9,44
89,849270.62,2151.18,odd,20,2022-03-04,0.0099452452788,liquid_universe-2022-01-26-1529,daily_high_low_midpoint_proxy,13:30:00,2187.18,22.25,樂事綠能,09:00:00,0.01,332095786.32,12055696.95,89,loss12,24.575,6,95,369,sell,2022-03-02,10,25.25,23.9,8949,1529,6,36
119000,211286.62,-637984,board,904,2022-03-04,0.000629729853012,liquid_universe-2022-03-03-2906,daily_high_low_midpoint_proxy,13:30:00,634225,28.8,高林,08:59:00,0.01,260249041.755,11944580.05,23000,leader_entry,27.575,23000,23000,370,buy,2022-03-03,2855,28.75,26.4,36523598,2906,0,3759
230,204832.12,-6454.5,odd,20,2022-03-04,0.00999913051039,liquid_universe-2022-03-03-2906,daily_high_low_midpoint_proxy,13:30:00,6405.5,28.8,高林,09:00:00,0.01,260249041.755,11944580.05,230,leader_entry,27.85,23230,723,371,buy,2022-03-03,29,28.7,27,23002,2906,0,49
66,204945.07,112.95,odd,20,2022-03-07,0.000901984365604,liquid_universe-2022-01-26-1529,daily_high_low_midpoint_proxy,13:30:00,133.95,21.35,樂事綠能,09:00:00,0.01,293237049.875,10523250.85,6,loss12,22.325,0,6,372,sell,2022-03-02,1,22.65,22,6652,1529,0,21
1000,244439.07,39494,board,57,2022-03-09,0.00691223534779,liquid_universe-2021-11-26-3672,daily_high_low_midpoint_proxy,13:30:00,39850,35.85,康聯訊,08:59:00,0.01,12169440.945,315017.4,1000,time63,39.85,12036,13000,373,sell,2022-03-08,180,40.15,39.55,144671,3672,119,356
6,244655.72,216.65,odd,20,2022-03-09,0.00907715582451,liquid_universe-2021-11-26-3672,daily_high_low_midpoint_proxy,13:30:00,238.65,35.85,康聯訊,09:00:00,0.01,12169440.945,315017.4,6,time63,39.775,12030,36,374,sell,2022-03-08,2,40,39.55,661,3672,0,22
154000,762095.72,517440,board,744,2022-03-09,0.000441233323107,liquid_universe-2022-03-03-2906,daily_high_low_midpoint_proxy,13:30:00,522100,20.9,高林,08:59:00,0.01,356381524.897,15463073,23000,loss12,22.7,230,23000,375,sell,2022-03-08,2350,24.5,20.9,52126616,2906,1566,4660
166,765843.97,3748.25,odd,20,2022-03-09,0.00996697688382,liquid_universe-2022-03-03-2906,daily_high_low_midpoint_proxy,13:30:00,3797.25,20.9,高林,09:00:00,0.01,356381524.897,15463073,166,loss12,22.875,64,230,376,sell,2022-03-08,18,24.3,21.45,16655,2906,11,49
3000,884474.97,118631,board,171,2022-03-10,0.00820845087379,liquid_universe-2021-11-26-3672,daily_high_low_midpoint_proxy,13:30:00,119700,35.7,康聯訊,08:59:00,0.01,11778929.5025,305189.95,3000,time63,39.9,9030,12000,377,sell,2022-03-08,539,40.3,39.5,365477,3672,359,1069
2,884533.57,58.6,odd,20,2022-03-10,0.00840336134454,liquid_universe-2021-11-26-3672,daily_high_low_midpoint_proxy,13:30:00,79.6,35.7,康聯訊,09:00:00,0.01,11778929.5025,305189.95,2,time63,39.8,9028,30,378,sell,2022-03-08,1,40,39.6,238,3672,0,21
91,885944.17,1410.6,odd,20,2022-03-10,0.007016005262,liquid_universe-2022-03-03-2906,daily_high_low_midpoint_proxy,13:30:00,1441.6,18.9,高林,09:00:00,0.01,410890942.535,18054746.15,64,loss12,22.525,0,64,379,sell,2022-03-08,7,23.1,21.95,9122,2906,4,31
1000,924546.17,38602,board,56,2022-03-11,0.00501039657289,liquid_universe-2021-11-26-3672,daily_high_low_midpoint_proxy,13:30:00,38950,36,康聯訊,08:59:00,0.01,11791287.21,305108.85,1000,time63,38.95,8028,9000,380,sell,2022-03-08,176,39.75,38.15,199585,3672,116,348
5,924721.8,175.63,odd,20,2022-03-11,0.00900900900901,liquid_universe-2021-11-26-3672,daily_high_low_midpoint_proxy,13:30:00,196.63,36,康聯訊,09:00:00,0.01,11791287.21,305108.85,5,time63,39.325,8023,28,381,sell,2022-03-08,1,39.6,39.05,555,3672,0,21
1000,964116.8,39395,board,57,2022-03-14,0.0053440499348,liquid_universe-2021-11-26-3672,daily_high_low_midpoint_proxy,13:30:00,39750,35.5,康聯訊,08:59:00,0.01,11624815.76,300738,1000,time63,39.75,7023,8000,382,sell,2022-03-08,179,40,39.5,187124,3672,119,355
1,964135.5,18.7,odd,20,2022-03-14,0.00806451612903,liquid_universe-2021-11-26-3672,daily_high_low_midpoint_proxy,13:30:00,39.7,35.5,康聯訊,09:00:00,0.01,11624815.76,300738,1,time63,39.7,7022,23,383,sell,2022-03-08,1,39.7,39.7,124,3672,0,21
2000,1041884.5,77749,board,112,2022-03-15,0.00969946216482,liquid_universe-2021-11-26-3672,daily_high_low_midpoint_proxy,13:30:00,78450,35.55,康聯訊,08:59:00,0.01,10845472.3,280291,2000,time63,39.225,5022,7000,384,sell,2022-03-08,354,39.5,38.95,206197,3672,235,701
1000,1080982.5,39098,board,56,2022-03-16,0.00560736134397,liquid_universe-2021-11-26-3672,daily_high_low_midpoint_proxy,13:30:00,39450,35.3,康聯訊,08:59:00,0.01,10810798.775,279037.75,1000,time63,39.45,4022,5000,385,sell,2022-03-08,178,39.9,39,178337,3672,118,352
3,1081085.18,102.68,odd,20,2022-03-16,0.00917431192661,liquid_universe-2021-11-26-3672,daily_high_low_midpoint_proxy,13:30:00,123.68,35.3,康聯訊,09:00:00,0.01,10810798.775,279037.75,3,time63,41.225,4019,22,386,sell,2022-03-08,1,43.1,39.35,327,3672,0,21
1000,1120381.18,39296,board,57,2022-03-17,0.0085276209643,liquid_universe-2021-11-26-3672,daily_high_low_midpoint_proxy,13:30:00,39650,35.7,康聯訊,08:59:00,0.01,10862174.965,280054.55,1000,time63,39.65,3019,4000,387,sell,2022-03-08,179,39.9,39.4,117266,3672,118,354
1000,1159156.18,38775,board,56,2022-03-21,0.00632511068944,liquid_universe-2021-11-26-3672,daily_high_low_midpoint_proxy,13:30:00,39125,35.45,康聯訊,08:59:00,0.01,9699741.5325,249116.05,1000,time63,39.125,2019,3000,388,sell,2022-03-08,177,39.4,38.85,158100,3672,117,350
1,1159175.18,19,odd,20,2022-03-21,0.01,liquid_universe-2021-11-26-3672,daily_high_low_midpoint_proxy,13:30:00,40,35.45,康聯訊,09:00:00,0.01,9699741.5325,249116.05,1,time63,40,2018,19,389,sell,2022-03-08,1,40,40,100,3672,0,21
1000,1197654.18,38479,board,55,2022-03-22,0.00584788482006,liquid_universe-2021-11-26-3672,daily_high_low_midpoint_proxy,13:30:00,38825,35.3,康聯訊,08:59:00,0.01,9570716.295,245455.8,1000,time63,38.825,1018,2000,390,sell,2022-03-08,175,39.65,38,171002,3672,116,346
1000,1236479.18,38825,board,56,2022-03-23,0.00573417511024,liquid_universe-2021-11-26-3672,daily_high_low_midpoint_proxy,13:30:00,39175,35.4,康聯訊,08:59:00,0.01,9576378.45,245149.15,1000,time63,39.175,18,1000,391,sell,2022-03-08,177,39.6,38.75,174393,3672,117,350
4,1236617.58,138.4,odd,20,2022-03-28,0.00966183574879,liquid_universe-2021-11-26-3672,daily_high_low_midpoint_proxy,13:30:00,159.4,35,康聯訊,09:00:00,0.01,8974399.0125,227833.35,4,time63,39.85,14,18,392,sell,2022-03-08,1,42,37.7,414,3672,0,21
1,1236633.93,16.35,odd,20,2022-03-29,0.00512820512821,liquid_universe-2021-11-26-3672,daily_high_low_midpoint_proxy,13:30:00,37.35,33.65,康聯訊,09:00:00,0.01,8724531.4175,221607.25,1,time63,37.35,13,14,393,sell,2022-03-08,1,37.65,37.05,195,3672,0,21
2,1236687.93,54,odd,20,2022-03-30,0.00913242009132,liquid_universe-2021-11-26-3672,daily_high_low_midpoint_proxy,13:30:00,75,32.4,康聯訊,09:00:00,0.01,8067260.845,206752.7,2,time63,37.5,11,13,394,sell,2022-03-08,1,39.6,35.4,219,3672,0,21
38000,687854.93,-548833,board,777,2022-03-31,0.00285970173311,liquid_universe-2022-03-30-5603,daily_high_low_midpoint_proxy,13:30:00,545600,55.1,陸海,08:59:00,0.01,219187266.502,5114690.35,11000,leader_entry,49.6,11000,11000,395,buy,2022-03-30,2456,50.7,48.5,3846555,5603,0,3233
192,678268.73,-9586.2,odd,20,2022-03-31,0.01,liquid_universe-2022-03-30-5603,daily_high_low_midpoint_proxy,13:30:00,9523.2,55.1,陸海,09:00:00,0.01,219187266.502,5114690.35,192,leader_entry,49.6,11192,561,396,buy,2022-03-30,43,50.6,48.6,19200,5603,0,63
20000,199950.73,-478318,board,678,2022-03-31,0.00111906058594,liquid_universe-2022-03-30-3558,daily_high_low_midpoint_proxy,13:30:00,475500,177,神準,08:59:00,0.01,291321213.75,2027555.25,3000,leader_entry,158.5,3000,3000,397,buy,2022-03-30,2140,163,154,2680820,3558,0,2818
84,186534.73,-13416,odd,20,2022-03-31,0.00990799716914,liquid_universe-2022-03-30-3558,daily_high_low_midpoint_proxy,13:30:00,13335,177,神準,09:00:00,0.01,291321213.75,2027555.25,84,leader_entry,158.75,3084,345,398,buy,2022-03-30,61,162,155.5,8478,3558,0,81
4,186649.83,115.1,odd,20,2022-04-07,0.00860215053763,liquid_universe-2021-11-26-3672,daily_high_low_midpoint_proxy,13:30:00,136.1,30.45,康聯訊,09:00:00,0.01,8358116.215,220138.9,4,time63,34.025,7,11,399,sell,2022-03-08,1,34.85,33.2,465,3672,0,21
2,186703.28,53.45,odd,20,2022-04-11,0.00995024875622,liquid_universe-2021-11-26-3672,daily_high_low_midpoint_proxy,13:30:00,74.45,31.5,康聯訊,09:00:00,0.01,8426710.2475,227305,2,time63,37.225,5,7,400,sell,2022-03-08,1,38.5,35.95,201,3672,0,21
5,186851.28,148,odd,20,2022-04-22,0.00965250965251,liquid_universe-2021-11-26-3672,daily_high_low_midpoint_proxy,13:30:00,169,30.45,康聯訊,09:00:00,0.01,7086460.75,199613.4,5,time63,33.8,0,5,401,sell,2022-03-08,1,33.8,33.8,518,3672,0,21
19000,819652.28,632801,board,910,2022-05-25,0.00508728768205,liquid_universe-2022-02-18-5706,daily_high_low_midpoint_proxy,13:30:00,638500,56.7,鳳凰,08:59:00,0.01,354829249.85,5257742.5,10000,time63,63.85,235,10000,402,sell,2022-05-24,2874,65.1,62.6,1965684,5706,1915,5699
33,821728.28,2076,odd,20,2022-05-25,0.00999091734787,liquid_universe-2022-02-18-5706,daily_high_low_midpoint_proxy,13:30:00,2112,56.7,鳳凰,09:00:00,0.01,354829249.85,5257742.5,33,time63,64,202,235,403,sell,2022-05-24,10,65,63,3303,5706,6,36
37,824093.43,2365.15,odd,20,2022-05-26,0.00992489270386,liquid_universe-2022-02-18-5706,daily_high_low_midpoint_proxy,13:30:00,2403.15,58.5,鳳凰,09:00:00,0.01,340461438.725,5051235.45,37,time63,64.95,165,202,404,sell,2022-05-24,11,65.5,64.4,3728,5706,7,38
49,827283.43,3190,odd,20,2022-05-27,0.00991300829456,liquid_universe-2022-02-18-5706,daily_high_low_midpoint_proxy,13:30:00,3234,57.6,鳳凰,09:00:00,0.01,337620560.95,5014801.1,49,time63,66,116,165,405,sell,2022-05-24,15,67,65,4943,5706,9,44
225,835299.23,8015.8,odd,20,2022-05-30,0.00515509732468,liquid_universe-2022-02-18-5706,daily_high_low_midpoint_proxy,13:30:00,8096.8,59,鳳凰,09:00:00,0.01,353648860.6,5261181.55,116,time63,69.8,0,116,406,sell,2022-05-24,37,72,67.6,22502,5706,24,81
3000,965601.23,130302,board,187,2022-06-15,0.00772345897685,liquid_universe-2022-03-30-5603,daily_high_low_midpoint_proxy,13:30:00,131475,38.95,陸海,08:59:00,0.01,26418357.93,575461.7,3000,loss12,43.825,8192,11000,407,sell,2022-06-14,592,44.4,43.25,388427,5603,394,1173
19,966408.86,807.63,odd,20,2022-06-15,0.00996329313057,liquid_universe-2022-03-30-5603,daily_high_low_midpoint_proxy,13:30:00,833.63,38.95,陸海,09:00:00,0.01,26418357.93,575461.7,19,loss12,43.875,8173,192,408,sell,2022-06-14,4,44.25,43.5,1907,5603,2,26
5000,1179489.86,213081,board,306,2022-06-16,0.00924422882794,liquid_universe-2022-03-30-5603,daily_high_low_midpoint_proxy,13:30:00,215000,39.4,陸海,08:59:00,0.01,25995282.1925,567917.8,5000,loss12,43,3173,8000,409,sell,2022-06-14,968,44.2,41.8,540878,5603,645,1919
59,1181998.19,2508.33,odd,20,2022-06-16,0.00983661220407,liquid_universe-2022-03-30-5603,daily_high_low_midpoint_proxy,13:30:00,2547.33,39.4,陸海,09:00:00,0.01,25995282.1925,567917.8,59,loss12,43.175,3114,173,410,sell,2022-06-14,12,44.35,42,5998,5603,7,39
5000,1304792.19,122794,board,177,2022-06-17,0.00540842632822,liquid_universe-2022-03-30-5603,daily_high_low_midpoint_proxy,13:30:00,123900,37.65,陸海,08:59:00,0.01,25636124.9175,563733.35,3000,loss12,41.3,114,3000,411,sell,2022-06-14,558,41.7,40.9,554690,5603,371,1106
32,1306089.59,1297.4,odd,20,2022-06-17,0.00978294099664,liquid_universe-2022-03-30-5603,daily_high_low_midpoint_proxy,13:30:00,1326.4,37.65,陸海,09:00:00,0.01,25636124.9175,563733.35,32,loss12,41.45,82,114,412,sell,2022-06-14,6,41.8,41.1,3271,5603,3,29
91,1309329.69,3240.1,odd,20,2022-06-20,0.00899616017553,liquid_universe-2022-03-30-5603,daily_high_low_midpoint_proxy,13:30:00,3284.1,37,陸海,09:00:00,0.01,24381413.2675,539860.1,82,loss12,40.05,0,82,413,sell,2022-06-14,15,41.1,39,9115,5603,9,44
53000,1788018.69,478689,board,688,2022-07-04,0.000565848870443,liquid_universe-2022-03-30-3558,daily_high_low_midpoint_proxy,13:30:00,483000,146,神準,08:59:00,0.01,1641590668.05,8496711.95,3000,time63,161,84,3000,414,sell,2022-07-01,2174,164.5,157.5,5301769,3558,1449,4311
67,1798637.69,10619,odd,20,2022-07-04,0.0099821215733,liquid_universe-2022-03-30-3558,daily_high_low_midpoint_proxy,13:30:00,10720,146,神準,09:00:00,0.01,1641590668.05,8496711.95,67,time63,160,17,84,415,sell,2022-07-01,49,162,158,6712,3558,32,101
45,1801337.94,2700.25,odd,20,2022-07-05,0.00374202069117,liquid_universe-2022-03-30-3558,daily_high_low_midpoint_proxy,13:30:00,2741.25,144.5,神準,09:00:00,0.01,1547338135.62,8062060.1,17,time63,161.25,0,17,416,sell,2022-07-01,13,165.5,157,4543,3558,8,41
97000,1298122.94,-503215,board,713,2022-11-16,0.00153815422314,liquid_universe-2022-11-15-2009,daily_high_low_midpoint_proxy,13:30:00,500250,37.6,第一銅,08:59:00,0.01,375364601.117,12951036.05,15000,leader_entry,33.35,15000,15000,417,buy,2022-11-15,2252,34.05,32.65,9751948,2009,0,2965
156,1292860.74,-5262.2,odd,20,2022-11-16,0.00999615532488,liquid_universe-2022-11-15-2009,daily_high_low_midpoint_proxy,13:30:00,5218.2,37.6,第一銅,09:00:00,0.01,375364601.117,12951036.05,156,leader_entry,33.45,15156,875,418,buy,2022-11-15,24,33.85,33.05,15606,2009,0,44
56000,875149.74,-417711,board,592,2022-11-16,9.0976057558e-05,liquid_universe-2022-11-15-6472,daily_high_low_midpoint_proxy,13:30:00,415250,441.5,保瑞,08:59:00,0.01,1783658141.1,5624083.3,1000,leader_entry,415.25,1000,1000,419,buy,2022-11-15,1869,430,400.5,10991903,6472,0,2461
569,728468.74,-146681,odd,208,2022-11-16,0.00618553077829,liquid_universe-2022-11-15-6472,daily_high_low_midpoint_proxy,13:30:00,145816,441.5,保瑞,09:00:00,0.01,1783658141.1,5624083.3,352,leader_entry,414.25,1352,352,420,buy,2022-11-15,657,427.5,401,56907,6472,0,865
647000,194573.74,-533895,board,756,2022-11-16,6.78358035854e-05,liquid_universe-2022-11-15-1605,daily_high_low_midpoint_proxy,13:30:00,530750,53.1,華新,08:59:00,0.01,2631869398.66,64727168.85,11000,leader_entry,48.25,11000,11000,421,buy,2022-11-15,2389,49.3,47.2,162156257,1605,0,3145
1572,182932.74,-11641,odd,20,2022-11-16,0.001532152961,liquid_universe-2022-11-15-1605,daily_high_low_midpoint_proxy,13:30:00,11568,53.1,華新,09:00:00,0.01,2631869398.66,64727168.85,241,leader_entry,48,11241,241,422,buy,2022-11-15,53,48.6,47.4,157295,1605,0,73
20000,640810.74,457878,board,658,2022-12-07,0.00719041661274,liquid_universe-2022-11-15-2009,daily_high_low_midpoint_proxy,13:30:00,462000,27.9,第一銅,08:59:00,0.01,225945794.508,7028589.15,15000,stall5weak,30.8,156,15000,423,sell,2022-12-06,2079,31.4,30.2,2086110,2009,1385,4122
50,642317.24,1506.5,odd,20,2022-12-07,0.00998003992016,liquid_universe-2022-11-15-2009,daily_high_low_midpoint_proxy,13:30:00,1537.5,27.9,第一銅,09:00:00,0.01,225945794.508,7028589.15,50,stall5weak,30.75,106,156,424,sell,2022-12-06,7,31.2,30.3,5010,2009,4,31
66,644363.54,2046.3,odd,20,2022-12-08,0.00999697061497,liquid_universe-2022-11-15-2009,daily_high_low_midpoint_proxy,13:30:00,2082.3,27.55,第一銅,09:00:00,0.01,216283220.428,6701541.55,66,stall5weak,31.55,40,106,425,sell,2022-12-06,10,31.8,31.3,6602,2009,6,36
48000,144418.54,-499945,board,708,2022-12-08,0.000548713885984,liquid_universe-2022-12-07-1519,daily_high_low_midpoint_proxy,13:30:00,497000,54.6,華城,08:59:00,0.01,219207157.595,4802979,10000,leader_entry,49.7,10000,10000,426,buy,2022-12-07,2237,50.9,48.5,18224434,1519,0,2945
226,133126.64,-11291.9,odd,20,2022-12-08,0.00997352162401,liquid_universe-2022-12-07-1519,daily_high_low_midpoint_proxy,13:30:00,11220.9,54.6,華城,09:00:00,0.01,219207157.595,4802979,226,leader_entry,49.65,10226,407,427,buy,2022-12-07,51,50.5,48.8,22660,1519,0,71
42,134366.64,1240,odd,20,2022-12-09,0.00937426763534,liquid_universe-2022-11-15-2009,daily_high_low_midpoint_proxy,13:30:00,1269,28,第一銅,09:00:00,0.01,212994685.248,6588206.75,40,stall5weak,31.725,0,40,428,sell,2022-12-06,6,31.9,31.55,4267,2009,3,29
895000,661742.64,527376,board,758,2022-12-21,7.00572226758e-05,liquid_universe-2022-11-15-1605,daily_high_low_midpoint_proxy,13:30:00,532125,41.5,華新,08:59:00,0.01,4194406242.19,89546896.2,11000,stall5weak,48.375,241,11000,429,sell,2022-12-20,2395,49.65,47.1,157014503,1605,1596,4749
1235,673335.19,11592.55,odd,20,2022-12-21,0.00195125900737,liquid_universe-2022-11-15-1605,daily_high_low_midpoint_proxy,13:30:00,11700.55,41.5,華新,09:00:00,0.01,4194406242.19,89546896.2,241,stall5weak,48.55,0,241,430,sell,2022-12-20,53,49.4,47.7,123510,1605,35,108
122000,171579.19,-501756,board,711,2022-12-23,0.000151020539228,liquid_universe-2022-12-22-1752,daily_high_low_midpoint_proxy,13:30:00,498800,65.1,南光,08:59:00,0.01,655889343.17,12209131,8000,leader_entry,62.35,8000,8000,431,buy,2022-12-22,2245,65.1,59.6,52972927,1752,0,2956
179,160204.34,-11374.85,odd,20,2022-12-23,0.00994886616274,liquid_universe-2022-12-22-1752,daily_high_low_midpoint_proxy,13:30:00,11303.85,65.1,南光,09:00:00,0.01,655889343.17,12209131,179,leader_entry,63.15,8179,783,432,buy,2022-12-22,51,65.1,61.2,17992,1752,0,71
46000,599845.34,439641,board,632,2023-01-30,0.00172433191838,liquid_universe-2022-12-22-1752,daily_high_low_midpoint_proxy,13:30:00,443600,49.7,南光,08:59:00,0.01,1524582591.88,24832499.8,8000,loss12,55.45,179,8000,433,sell,2023-01-17,1997,56.1,54.8,4639478,1752,1330,3959
23,601097.44,1252.1,odd,20,2023-01-30,0.00969237252423,liquid_universe-2022-12-22-1752,daily_high_low_midpoint_proxy,13:30:00,1281.1,49.7,南光,09:00:00,0.01,1524582591.88,24832499.8,23,loss12,55.7,156,179,434,sell,2023-01-17,6,56.5,54.9,2373,1752,3,29
59,604417.39,3319.95,odd,20,2023-01-31,0.00994940978078,liquid_universe-2022-12-22-1752,daily_high_low_midpoint_proxy,13:30:00,3365.95,50.5,南光,09:00:00,0.01,1470751248.97,23803245.8,59,loss12,57.05,97,156,435,sell,2023-01-17,16,58,56.1,5930,1752,10,46
50000,219650.39,-384767,board,545,2023-01-31,0.000397602931447,liquid_universe-2023-01-30-3105,daily_high_low_midpoint_proxy,13:30:00,382500,213,穩懋,08:59:00,0.01,1166029280.53,6874031.35,2000,leader_entry,191.25,2000,2000,436,buy,2023-01-30,1722,193,189.5,5030144,3105,0,2267
267,168350.39,-51300,odd,73,2023-01-31,0.00998802932815,liquid_universe-2023-01-30-3105,daily_high_low_midpoint_proxy,13:30:00,50997,213,穩懋,09:00:00,0.01,1166029280.53,6874031.35,267,leader_entry,191,2267,637,437,buy,2023-01-30,230,192,190,26732,3105,0,303
66,172096.39,3746,odd,20,2023-02-01,0.00997430859906,liquid_universe-2022-12-22-1752,daily_high_low_midpoint_proxy,13:30:00,3795,52.2,南光,09:00:00,0.01,1411505877.86,22788053.8,66,loss12,57.5,31,97,438,sell,2023-01-17,18,58,57,6617,1752,11,49
49,173839.69,1743.3,odd,20,2023-02-02,0.00624496373892,liquid_universe-2022-12-22-1752,daily_high_low_midpoint_proxy,13:30:00,1776.3,51.2,南光,09:00:00,0.01,1254950758.7,20150012.5,31,loss12,57.3,0,31,439,sell,2023-01-17,8,57.8,56.8,4964,1752,5,33
84000,503866.69,330027,board,475,2023-02-10,0.000109020895872,liquid_universe-2023-01-30-3105,daily_high_low_midpoint_proxy,13:30:00,333000,155.5,穩懋,08:59:00,0.01,1489265077.6,8418907.2,2000,stall5weak,166.5,267,2000,440,sell,2023-02-09,1499,173,160,18345107,3105,999,2973
827,548189.19,44322.5,odd,64,2023-02-10,0.00322510508769,liquid_universe-2023-01-30-3105,daily_high_low_midpoint_proxy,13:30:00,44722.5,155.5,穩懋,09:00:00,0.01,1489265077.6,8418907.2,267,stall5weak,167.5,0,267,441,sell,2023-02-09,202,174,161,82788,3105,134,400
56000,94315.19,-453874,board,643,2023-02-13,0.00108654035907,liquid_universe-2023-02-10-3624,daily_high_low_midpoint_proxy,13:30:00,451200,63.3,光頡,08:59:00,0.01,288058353.21,5623854.7,8000,leader_entry,56.4,8000,8000,442,buy,2023-02-10,2031,57.5,55.3,7362819,3624,0,2674
159,85334.29,-8980.9,odd,20,2023-02-13,0.00995056011014,liquid_universe-2023-02-10-3624,daily_high_low_midpoint_proxy,13:30:00,8919.9,63.3,光頡,09:00:00,0.01,288058353.21,5623854.7,159,leader_entry,56.1,8159,609,443,buy,2023-02-10,41,56.7,55.5,15979,3624,0,61
8000,585826.29,500492,board,720,2023-02-24,0.00123682472462,liquid_universe-2022-11-15-6472,daily_high_low_midpoint_proxy,13:30:00,505000,459,保瑞,08:59:00,0.01,1875646694.45,3878119.7,1000,time63,505,352,1000,444,sell,2023-02-23,2273,512,498,808522,6472,1515,4508
102,636977.29,51151,odd,74,2023-02-24,0.00994345876389,liquid_universe-2022-11-15-6472,daily_high_low_midpoint_proxy,13:30:00,51612,459,保瑞,09:00:00,0.01,1875646694.45,3878119.7,102,time63,506,250,352,445,sell,2023-02-23,233,512,500,10258,6472,154,461
102,688330.29,51353,odd,74,2023-03-01,0.00992990654206,liquid_universe-2022-11-15-6472,daily_high_low_midpoint_proxy,13:30:00,51816,453,保瑞,09:00:00,0.01,1832492137.65,3760613.25,102,time63,508,148,250,446,sell,2023-02-23,234,512,504,10272,6472,155,463
162,764163.29,75833,odd,109,2023-03-02,0.00911723033327,liquid_universe-2022-11-15-6472,daily_high_low_midpoint_proxy,13:30:00,76516,463,保瑞,09:00:00,0.01,1804331780.75,3682705.8,148,time63,517,0,148,447,sell,2023-02-23,345,520,514,16233,6472,229,683
42000,214223.29,-549940,board,779,2023-03-02,0.00119921146707,liquid_universe-2023-03-01-2230,daily_high_low_midpoint_proxy,13:30:00,546700,82.7,泰茂,08:59:00,0.01,258598220.865,4291133.5,7000,leader_entry,78.1,7000,7000,448,buy,2023-03-01,2461,81,75.2,5837169,2230,0,3240
31,211731.44,-2491.85,odd,20,2023-03-02,0.0099518459069,liquid_universe-2023-03-01-2230,daily_high_low_midpoint_proxy,13:30:00,2459.85,82.7,泰茂,09:00:00,0.01,258598220.865,4291133.5,31,leader_entry,79.35,7031,197,449,buy,2023-03-01,12,81.2,77.5,3115,2230,0,32
86000,920349.44,708618,board,1019,2023-03-22,0.00115075540188,liquid_universe-2022-12-07-1519,daily_high_low_midpoint_proxy,13:30:00,715000,64.1,華城,08:59:00,0.01,1252698333.35,18619439.1,10000,time63,71.5,226,10000,450,sell,2023-03-21,3218,72.9,70.1,8689944,1519,2145,6382
289,936353.14,16003.7,odd,23,2023-03-22,0.00780305907537,liquid_universe-2022-12-07-1519,daily_high_low_midpoint_proxy,13:30:00,16147.7,64.1,華城,09:00:00,0.01,1252698333.35,18619439.1,226,time63,71.45,0,226,451,sell,2023-03-21,73,72.5,70.4,28963,1519,48,144
173000,375851.14,-560502,board,794,2023-03-23,0.000428460487909,liquid_universe-2023-03-22-2453,daily_high_low_midpoint_proxy,13:30:00,557200,77,凌群,08:59:00,0.01,1065084739.89,17348817.25,8000,leader_entry,69.65,8000,8000,452,buy,2023-03-22,2508,71.1,68.2,18671500,2453,0,3302
248,358524.54,-17326.6,odd,25,2023-03-23,0.00997065090661,liquid_universe-2023-03-22-2453,daily_high_low_midpoint_proxy,13:30:00,17223.6,77,凌群,09:00:00,0.01,1065084739.89,17348817.25,248,leader_entry,69.45,8248,797,453,buy,2023-03-22,78,70.5,68.4,24873,2453,0,103
5000,738105.54,379581,board,546,2023-03-27,0.00833433345335,liquid_universe-2023-03-01-2230,daily_high_low_midpoint_proxy,13:30:00,383000,69.8,泰茂,08:59:00,0.01,232682755.87,3026058.7,5000,stall5weak,76.6,2031,7000,454,sell,2023-03-24,1724,78.2,75,599928,2230,1149,3419
24,739929.14,1823.6,odd,20,2023-03-27,0.00962695547533,liquid_universe-2023-03-01-2230,daily_high_low_midpoint_proxy,13:30:00,1857.6,69.8,泰茂,09:00:00,0.01,232682755.87,3026058.7,24,stall5weak,77.4,2007,31,455,sell,2023-03-24,9,78,76.8,2493,2230,5,34
18000,885022.14,145093,board,209,2023-03-28,0.00107787135498,liquid_universe-2023-03-01-2230,daily_high_low_midpoint_proxy,13:30:00,146400,67.5,泰茂,08:59:00,0.01,220200169.095,2856159.35,2000,stall5weak,73.2,7,2000,456,sell,2023-03-24,659,74.9,71.5,1855509,2230,439,1307
75,885518.59,496.45,odd,20,2023-03-28,0.000932214675722,liquid_universe-2023-03-01-2230,daily_high_low_midpoint_proxy,13:30:00,520.45,67.5,泰茂,09:00:00,0.01,220200169.095,2856159.35,7,stall5weak,74.35,0,7,457,sell,2023-03-24,3,76.8,71.9,7509,2230,1,24
17000,274418.59,-611100,board,866,2023-03-29,0.000381185327541,liquid_universe-2023-03-28-6485,daily_high_low_midpoint_proxy,13:30:00,607500,110,點序,08:59:00,0.01,155247973.585,1732167.15,6000,leader_entry,101.25,6000,6000,458,buy,2023-03-28,2734,103,99.5,15740375,6485,0,3600
116000,819906.59,545488,board,784,2023-04-14,0.000689043290092,liquid_universe-2023-03-22-2453,daily_high_low_midpoint_proxy,13:30:00,550400,58.9,凌群,08:59:00,0.01,1066185764.29,16146210.85,8000,stall5weak,68.8,248,8000,459,sell,2023-04-13,2477,71.9,65.7,11610301,2453,1651,4912
384,836854.19,16947.6,odd,24,2023-04-14,0.0064454089456,liquid_universe-2023-03-22-2453,daily_high_low_midpoint_proxy,13:30:00,17099.6,58.9,凌群,09:00:00,0.01,1066185764.29,16146210.85,248,stall5weak,68.95,0,248,460,sell,2023-04-13,77,71.9,66,38477,2453,51,152
34000,284601.19,-552253,board,782,2023-04-17,0.000559914489859,liquid_universe-2023-04-14-3693,daily_high_low_midpoint_proxy,13:30:00,549000,198,營邦,08:59:00,0.01,517193684.225,3475614.65,3000,leader_entry,183,3000,3000,461,buy,2023-04-14,2471,188,178,5357961,3693,0,3253
179,251738.69,-32862.5,odd,47,2023-04-17,0.00998883928571,liquid_universe-2023-04-14-3693,daily_high_low_midpoint_proxy,13:30:00,32667.5,198,營邦,09:00:00,0.01,517193684.225,3475614.65,179,leader_entry,182.5,3179,522,462,buy,2023-04-14,148,186.5,178.5,17920,3693,0,195
28000,762736.69,510998,board,735,2023-05-19,0.00282186550707,liquid_universe-2023-02-10-3624,daily_high_low_midpoint_proxy,13:30:00,515600,59,光頡,08:59:00,0.01,313255438.025,4437667.35,8000,time63,64.45,159,8000,463,sell,2023-05-18,2321,66.4,62.5,2835004,3624,1546,4602
128,770897.89,8161.2,odd,20,2023-05-19,0.0099595393713,liquid_universe-2023-02-10-3624,daily_high_low_midpoint_proxy,13:30:00,8243.2,59,光頡,09:00:00,0.01,313255438.025,4437667.35,128,time63,64.4,31,159,464,sell,2023-05-18,38,66,62.8,12852,3624,24,82
52,772823.09,1925.2,odd,20,2023-05-22,0.0059364228265,liquid_universe-2023-02-10-3624,daily_high_low_midpoint_proxy,13:30:00,1959.2,56.5,光頡,09:00:00,0.01,303786731.865,4324820.55,31,time63,63.2,0,31,465,sell,2023-05-18,9,64.1,62.3,5222,3624,5,34
46000,162779.09,-610044,board,864,2023-05-22,0.000535829684144,liquid_universe-2023-05-19-2427,daily_high_low_midpoint_proxy,13:30:00,606450,24.95,三商電,08:59:00,0.01,82018950.7275,4628901.2,26000,leader_entry,23.325,26000,26000,466,buy,2023-05-19,2730,24.5,22.15,48522881,2427,0,3594
289,155834.44,-6944.65,odd,20,2023-05-22,0.00997033050438,liquid_universe-2023-05-19-2427,daily_high_low_midpoint_proxy,13:30:00,6892.65,24.95,三商電,09:00:00,0.01,82018950.7275,4628901.2,289,leader_entry,23.85,26289,381,467,buy,2023-05-19,32,24.95,22.75,28986,2427,0,52
13000,835216.44,679382,board,977,2023-07-04,0.00428924985309,liquid_universe-2023-03-28-6485,daily_high_low_midpoint_proxy,13:30:00,685500,102.5,點序,08:59:00,0.01,237603480.95,2137974.15,6000,time63,114.25,0,6000,468,sell,2023-07-03,3085,116,112.5,1398846,6485,2056,6118
74000,88820.44,-746396,board,1057,2023-07-05,0.000537414891955,liquid_universe-2023-07-04-8210,daily_high_low_midpoint_proxy,13:30:00,742000,206,勤誠,08:59:00,0.01,1827835562.22,12486009.7,4000,leader_entry,185.5,4000,4000,469,buy,2023-07-04,3339,189,182,7443039,8210,0,4396
324,83194.44,-5626,odd,20,2023-07-05,0.000925840199981,liquid_universe-2023-07-04-8210,daily_high_low_midpoint_proxy,13:30:00,5580,206,勤誠,09:00:00,0.01,1827835562.22,12486009.7,30,leader_entry,186,4030,30,470,buy,2023-07-04,26,189,183,32403,8210,0,46
43000,1090374.44,1007180,board,1448,2023-07-18,0.000685377001901,liquid_universe-2023-04-14-3693,daily_high_low_midpoint_proxy,13:30:00,1016250,308,營邦,08:59:00,0.01,2579123977.97,7854377.65,3000,time63,338.75,179,3000,471,sell,2023-07-17,4574,349,328.5,4377153,3693,3048,9070
248,1150203.19,59828.75,odd,86,2023-07-18,0.00720873102171,liquid_universe-2023-04-14-3693,daily_high_low_midpoint_proxy,13:30:00,60367.75,308,營邦,09:00:00,0.01,2579123977.97,7854377.65,179,time63,337.25,0,179,472,sell,2023-07-17,272,344,330.5,24831,3693,181,539
230,932953.19,-217250,odd,308,2023-07-19,0.00998220563344,liquid_universe-2023-07-18-2059,daily_high_low_midpoint_proxy,13:30:00,215970,958,川湖,09:00:00,0.01,1037678233.9,1583138.4,230,leader_entry,939,230,947,473,buy,2023-07-18,972,958,920,23041,2059,0,1280
176,1076247.19,143294,odd,206,2023-08-04,0.00999659207088,liquid_universe-2023-07-18-2059,daily_high_low_midpoint_proxy,13:30:00,144584,740,川湖,09:00:00,0.01,1725989669.5,1901745.15,176,loss12,821.5,54,230,474,sell,2023-08-02,651,838,805,17606,2059,433,1290
233,1122192.19,45945,odd,66,2023-08-07,0.00231243576567,liquid_universe-2023-07-18-2059,daily_high_low_midpoint_proxy,13:30:00,46359,736,川湖,09:00:00,0.01,1817466629.1,2010993.95,54,loss12,858.5,0,54,475,sell,2023-08-02,209,891,826,23352,2059,139,414
11000,577785.19,-544407,board,771,2023-08-07,0.00693403900838,liquid_universe-2023-08-04-6170,daily_high_low_midpoint_proxy,13:30:00,541200,54.3,統振,08:59:00,0.01,54349732.465,1193755.45,11000,leader_entry,49.2,11000,15000,476,buy,2023-08-04,2436,50.1,48.3,1586377,6170,0,3207
41,575740.04,-2045.15,odd,20,2023-08-07,0.00978987583572,liquid_universe-2023-08-04-6170,daily_high_low_midpoint_proxy,13:30:00,2015.15,54.3,統振,09:00:00,0.01,54349732.465,1193755.45,41,leader_entry,49.15,11041,523,477,buy,2023-08-04,10,49.8,48.5,4188,6170,0,30
23000,1103521.19,518580,board,746,2023-08-22,0.00959702508913,liquid_universe-2023-05-19-2427,daily_high_low_midpoint_proxy,13:30:00,523250,20.7,三商電,08:59:00,0.01,97295617.9175,3699474.75,23000,time63,22.75,3289,26000,478,sell,2023-08-21,2355,23.2,22.3,2396576,2427,1569,4670
75,1105194.44,1673.25,odd,20,2023-08-22,0.00995222929936,liquid_universe-2023-05-19-2427,daily_high_low_midpoint_proxy,13:30:00,1706.25,20.7,三商電,09:00:00,0.01,97295617.9175,3699474.75,75,time63,22.75,3214,289,479,sell,2023-08-21,8,23,22.5,7536,2427,5,33
13000,1173430.44,68236,board,98,2023-08-23,0.00217390201644,liquid_universe-2023-05-19-2427,daily_high_low_midpoint_proxy,13:30:00,68850,20.45,三商電,08:59:00,0.01,94430971.3975,3607759.6,3000,time63,22.95,214,3000,480,sell,2023-08-21,310,23.25,22.65,1380007,2427,206,614
36,1174231.54,801.1,odd,20,2023-08-23,0.0097852677358,liquid_universe-2023-05-19-2427,daily_high_low_midpoint_proxy,13:30:00,827.1,20.45,三商電,09:00:00,0.01,94430971.3975,3607759.6,36,time63,22.975,178,214,481,sell,2023-08-21,4,23.15,22.8,3679,2427,2,26
39,1175102.52,870.98,odd,20,2023-08-24,0.00981873111782,liquid_universe-2023-05-19-2427,daily_high_low_midpoint_proxy,13:30:00,897.98,20.45,三商電,09:00:00,0.01,91796645.0925,3518245.45,39,time63,23.025,139,178,482,sell,2023-08-21,5,23.4,22.65,3972,2427,2,27
217000,336311.52,-838791,board,1188,2023-08-24,0.000395162908466,liquid_universe-2023-08-23-3715,daily_high_low_midpoint_proxy,13:30:00,833850,53.7,定穎投控,08:59:00,0.01,831906579.25,21795019.05,17000,leader_entry,49.05,17000,17000,483,buy,2023-08-23,3753,51,47.1,43020232,3715,0,4941
575,318110.52,-18201,odd,26,2023-08-24,0.00642762837885,liquid_universe-2023-08-23-3715,daily_high_low_midpoint_proxy,13:30:00,18093,53.7,定穎投控,09:00:00,0.01,831906579.25,21795019.05,370,leader_entry,48.9,17370,370,484,buy,2023-08-23,82,50.5,47.3,57564,3715,0,108
40,318987.52,877,odd,20,2023-08-25,0.00983525940497,liquid_universe-2023-05-19-2427,daily_high_low_midpoint_proxy,13:30:00,904,20.3,三商電,09:00:00,0.01,86026773.935,3309583.6,40,time63,22.6,99,139,485,sell,2023-08-21,5,22.85,22.35,4067,2427,2,27
34,319719.72,732.2,odd,20,2023-08-28,0.00976730824476,liquid_universe-2023-05-19-2427,daily_high_low_midpoint_proxy,13:30:00,758.2,20.25,三商電,09:00:00,0.01,77965207.97,3045177.75,34,time63,22.3,65,99,486,sell,2023-08-21,4,22.5,22.1,3481,2427,2,26
38,320540.17,820.45,odd,20,2023-08-29,0.00987012987013,liquid_universe-2023-05-19-2427,daily_high_low_midpoint_proxy,13:30:00,846.45,19.95,三商電,09:00:00,0.01,57866471.045,2334889.05,38,time63,22.275,27,65,487,sell,2023-08-21,4,22.45,22.1,3850,2427,2,26
26,321101.82,561.65,odd,20,2023-08-30,0.00995787054768,liquid_universe-2023-05-19-2427,daily_high_low_midpoint_proxy,13:30:00,585.65,20,三商電,09:00:00,0.01,52112879.245,2126191.8,26,time63,22.525,1,27,488,sell,2023-08-21,3,22.6,22.45,2611,2427,1,24
12,321103.3,1.48,odd,20,2023-08-31,0.00077101002313,liquid_universe-2023-05-19-2427,daily_high_low_midpoint_proxy,13:30:00,22.48,20.3,三商電,09:00:00,0.01,49821674.21,2047824.85,1,time63,22.475,0,1,489,sell,2023-08-21,1,22.6,22.35,1297,2427,0,21
65000,1224963.3,903860,board,1300,2023-10-04,0.000329478109969,liquid_universe-2023-07-04-8210,daily_high_low_midpoint_proxy,13:30:00,912000,202.5,勤誠,08:59:00,0.01,1408139523.5,6599227.6,4000,time63,228,30,4000,490,sell,2023-10-03,4104,237,219,12140412,8210,2736,8140
613,1231739.8,6776.5,odd,20,2023-10-04,0.000488917861799,liquid_universe-2023-07-04-8210,daily_high_low_midpoint_proxy,13:30:00,6847.5,202.5,勤誠,09:00:00,0.01,1408139523.5,6599227.6,30,time63,228.25,0,30,491,sell,2023-10-03,31,235.5,221,61360,8210,20,71
62000,163447.8,-1068292,board,1513,2023-10-12,0.00447330910655,liquid_universe-2023-10-11-3276,daily_high_low_midpoint_proxy,13:30:00,1062000,25.3,宇環,08:59:00,0.01,122497179.045,6252766.95,45000,leader_entry,23.6,45000,45000,492,buy,2023-10-11,4779,24.9,22.3,10059667,3276,0,6292
136,160128.4,-3319.4,odd,20,2023-10-12,0.00994152046784,liquid_universe-2023-10-11-3276,daily_high_low_midpoint_proxy,13:30:00,3284.4,25.3,宇環,09:00:00,0.01,122497179.045,6252766.95,136,leader_entry,24.15,45136,154,493,buy,2023-10-11,15,25.3,23,13680,3276,0,35
2000,268453.4,108325,board,156,2023-11-07,0.00743956285129,liquid_universe-2023-08-04-6170,daily_high_low_midpoint_proxy,13:30:00,109300,49.25,統振,08:59:00,0.01,48574025.63,838039.7,2000,time63,54.65,9041,11000,494,sell,2023-11-06,492,55.1,54.2,268833,6170,327,975
8,268870.4,417,odd,20,2023-11-07,0.00961538461538,liquid_universe-2023-08-04-6170,daily_high_low_midpoint_proxy,13:30:00,440,49.25,統振,09:00:00,0.01,48574025.63,838039.7,8,time63,55,9033,41,495,sell,2023-11-06,2,55.5,54.5,832,6170,1,23
2000,378384.4,109514,board,157,2023-11-08,0.0084068936528,liquid_universe-2023-08-04-6170,daily_high_low_midpoint_proxy,13:30:00,110500,49.35,統振,08:59:00,0.01,45965841.35,794790.05,2000,time63,55.25,7033,9000,496,sell,2023-11-06,498,55.7,54.8,237900,6170,331,986
18,379351.9,967.5,odd,20,2023-11-08,0.00947867298578,liquid_universe-2023-08-04-6170,daily_high_low_midpoint_proxy,13:30:00,994.5,49.35,統振,09:00:00,0.01,45965841.35,794790.05,18,time63,55.25,7015,33,497,sell,2023-11-06,5,55.6,54.9,1899,6170,2,27
6000,719786.9,340435,board,489,2023-11-09,0.00341614058102,liquid_universe-2023-08-04-6170,daily_high_low_midpoint_proxy,13:30:00,343500,49.45,統振,08:59:00,0.01,39383742.25,681941.35,6000,time63,57.25,1015,7000,498,sell,2023-11-06,1546,58.5,56,1756368,6170,1030,3065
32,720614.4,827.5,odd,20,2023-11-09,0.00456899177581,liquid_universe-2023-08-04-6170,daily_high_low_midpoint_proxy,13:30:00,853.5,49.45,統振,09:00:00,0.01,39383742.25,681941.35,15,time63,56.9,1000,15,499,sell,2023-11-06,4,57.5,56.3,3283,6170,2,26
6000,775519.4,54905,board,79,2023-11-10,0.000974073096393,liquid_universe-2023-08-04-6170,daily_high_low_midpoint_proxy,13:30:00,55400,50.6,統振,08:59:00,0.01,34507820.59,607856.85,1000,time63,55.4,0,1000,500,sell,2023-11-06,250,57,53.8,1026617,6170,166,495
14000,88472.4,-687047,board,973,2023-11-13,0.0010520161495,liquid_universe-2023-11-10-3228,daily_high_low_midpoint_proxy,13:30:00,683000,181.5,金麗科,08:59:00,0.01,204313507.25,1473215.55,4000,leader_entry,170.75,4000,4000,501,buy,2023-11-10,3074,180,161.5,3802223,3228,0,4047
513,45425.65,-43046.75,odd,61,2023-11-13,0.00480694379573,liquid_universe-2023-11-10-3228,daily_high_low_midpoint_proxy,13:30:00,42792.75,181.5,金麗科,09:00:00,0.01,204313507.25,1473215.55,247,leader_entry,173.25,4247,247,502,buy,2023-11-10,193,180,166.5,51384,3228,0,254
291000,1652750.65,1607325,board,2311,2023-11-24,0.000582463284513,liquid_universe-2023-08-23-3715,daily_high_low_midpoint_proxy,13:30:00,1621800,85.2,定穎投控,08:59:00,0.01,3294797170.47,37023051,17000,time63,95.4,370,17000,503,sell,2023-11-23,7299,97.5,93.3,29186389,3715,4865,14475
780,1687806.65,35056,odd,50,2023-11-24,0.00473988291208,liquid_universe-2023-08-23-3715,daily_high_low_midpoint_proxy,13:30:00,35372,85.2,定穎投控,09:00:00,0.01,3294797170.47,37023051,370,time63,95.6,0,370,504,sell,2023-11-23,160,97.2,94,78061,3715,106,316
29000,603922.65,-1083884,board,1535,2023-11-27,0.00317131306315,liquid_universe-2023-11-24-3147,daily_high_low_midpoint_proxy,13:30:00,1077500,123.5,大綜,08:59:00,0.01,288476343.725,2983618.8,10000,leader_entry,107.75,10000,10000,505,buy,2023-11-24,4849,113,102.5,3153268,3147,0,6384
155,587277.4,-16645.25,odd,24,2023-11-27,0.00994929071186,liquid_universe-2023-11-24-3147,daily_high_low_midpoint_proxy,13:30:00,16546.25,123.5,大綜,09:00:00,0.01,288476343.725,2983618.8,155,leader_entry,106.75,10155,362,506,buy,2023-11-24,75,111,102.5,15579,3147,0,99
5000,696171.4,108894,board,157,2024-01-10,0.00889747792091,liquid_universe-2023-10-11-3276,daily_high_low_midpoint_proxy,13:30:00,109875,19.9,宇環,08:59:00,0.01,25494674.15,1100448.7,5000,time63,21.975,40136,45000,507,sell,2024-01-09,495,22.1,21.85,561957,3276,329,981
9,696350.88,179.48,odd,20,2024-01-10,0.00943396226415,liquid_universe-2023-10-11-3276,daily_high_low_midpoint_proxy,13:30:00,200.48,19.9,宇環,09:00:00,0.01,25494674.15,1100448.7,9,time63,22.275,40127,136,508,sell,2024-01-09,1,22.65,21.9,954,3276,0,21
1000,786340.88,89990,board,129,2024-01-10,0.00702424770307,liquid_universe-2023-11-24-3147,daily_high_low_midpoint_proxy,13:30:00,90800,81.9,大綜,08:59:00,0.01,42663341.12,460385.9,1000,loss12,90.8,9155,10000,509,sell,2024-01-09,409,91.3,90.3,142364,3147,272,810
13,787492.28,1151.4,odd,20,2024-01-10,0.00981873111782,liquid_universe-2023-11-24-3147,daily_high_low_midpoint_proxy,13:30:00,1180.4,81.9,大綜,09:00:00,0.01,42663341.12,460385.9,13,loss12,90.8,9142,155,510,sell,2024-01-09,6,91.1,90.5,1324,3147,3,29
9000,987293.28,199801,board,287,2024-01-11,0.00982593895035,liquid_universe-2023-10-11-3276,daily_high_low_midpoint_proxy,13:30:00,201600,19.75,宇環,08:59:00,0.01,21755859.005,948250.15,9000,time63,22.4,31127,40000,511,sell,2024-01-09,908,22.8,22,915943,3276,604,1799
19,987697.31,404.03,odd,20,2024-01-11,0.00978876867594,liquid_universe-2023-10-11-3276,daily_high_low_midpoint_proxy,13:30:00,427.03,19.75,宇環,09:00:00,0.01,21755859.005,948250.15,19,time63,22.475,31108,127,512,sell,2024-01-09,2,22.9,22.05,1941,3276,1,23
3000,1269559.31,281862,board,405,2024-01-11,0.00195365157015,liquid_universe-2023-11-24-3147,daily_high_low_midpoint_proxy,13:30:00,284400,81.6,大綜,08:59:00,0.01,32102610.91,345305.2,3000,loss12,94.8,6142,9000,513,sell,2024-01-09,1280,96.4,93.2,1535586,3147,853,2538
73,1276396.76,6837.45,odd,20,2024-01-11,0.00993738088756,liquid_universe-2023-11-24-3147,daily_high_low_midpoint_proxy,13:30:00,6909.45,81.6,大綜,09:00:00,0.01,32102610.91,345305.2,73,loss12,94.65,6069,142,514,sell,2024-01-09,32,96,93.3,7346,3147,20,72
9000,1483555.76,207159,board,298,2024-01-12,0.00373959768577,liquid_universe-2023-10-11-3276,daily_high_low_midpoint_proxy,13:30:00,209025,20.25,宇環,08:59:00,0.01,21316497.53,933437.1,9000,time63,23.225,22108,31000,515,sell,2024-01-09,941,23.95,22.5,2406676,3276,627,1866
44,1484551.86,996.1,odd,20,2024-01-12,0.00998411617881,liquid_universe-2023-10-11-3276,daily_high_low_midpoint_proxy,13:30:00,1024.1,20.25,宇環,09:00:00,0.01,21316497.53,933437.1,44,time63,23.275,22064,108,516,sell,2024-01-09,5,24,22.55,4407,3276,3,28
3000,1761804.86,277253,board,399,2024-01-12,0.003981721245,liquid_universe-2023-11-24-3147,daily_high_low_midpoint_proxy,13:30:00,279750,85.8,大綜,08:59:00,0.01,34609302.04,370248.55,3000,loss12,93.25,3069,6000,517,sell,2024-01-09,1259,94.6,91.9,753443,3147,839,2497
50,1766413.36,4608.5,odd,20,2024-01-12,0.00991473329367,liquid_universe-2023-11-24-3147,daily_high_low_midpoint_proxy,13:30:00,4662.5,85.8,大綜,09:00:00,0.01,34609302.04,370248.55,50,loss12,93.25,3019,69,518,sell,2024-01-09,21,94,92.5,5043,3147,13,54
9000,1975579.36,209166,board,301,2024-01-15,0.00610279548719,liquid_universe-2023-10-11-3276,daily_high_low_midpoint_proxy,13:30:00,211050,20.75,宇環,08:59:00,0.01,22246177.47,975799.9,9000,time63,23.45,13064,22000,519,sell,2024-01-09,950,23.9,23,1474734,3276,633,1884
27,1976191.89,612.53,odd,20,2024-01-15,0.00990825688073,liquid_universe-2023-10-11-3276,daily_high_low_midpoint_proxy,13:30:00,636.53,20.75,宇環,09:00:00,0.01,22246177.47,975799.9,27,time63,23.575,13037,64,520,sell,2024-01-09,3,23.85,23.3,2725,3276,1,24
2000,2160531.89,184340,board,265,2024-01-15,0.0074686503402,liquid_universe-2023-11-24-3147,daily_high_low_midpoint_proxy,13:30:00,186000,82.8,大綜,08:59:00,0.01,34235248.28,366627.65,2000,loss12,93,1019,3000,521,sell,2024-01-09,837,94.3,91.7,267786,3147,558,1660
17,2162076.64,1544.75,odd,20,2024-01-15,0.00962627406569,liquid_universe-2023-11-24-3147,daily_high_low_midpoint_proxy,13:30:00,1576.75,82.8,大綜,09:00:00,0.01,34235248.28,366627.65,17,loss12,92.75,1002,19,522,sell,2024-01-09,8,93.9,91.6,1766,3147,4,32
6000,2300778.64,138702,board,199,2024-01-16,0.00865074353141,liquid_universe-2023-10-11-3276,daily_high_low_midpoint_proxy,13:30:00,139950,21.3,宇環,08:59:00,0.01,21748578.125,954154.8,6000,time63,23.325,7037,13000,523,sell,2024-01-09,630,23.8,22.85,693582,3276,419,1248
25,2301335.27,556.63,odd,20,2024-01-16,0.00969367972082,liquid_universe-2023-10-11-3276,daily_high_low_midpoint_proxy,13:30:00,580.63,21.3,宇環,09:00:00,0.01,21748578.125,954154.8,25,time63,23.225,7012,37,524,sell,2024-01-09,3,23.65,22.8,2579,3276,1,24
3000,2396379.27,95044,board,137,2024-01-16,0.000855219102858,liquid_universe-2023-11-24-3147,daily_high_low_midpoint_proxy,13:30:00,95900,84.7,大綜,08:59:00,0.01,33570265.66,359207.05,1000,loss12,95.9,2,1000,525,sell,2024-01-09,432,98.3,93.5,1169291,3147,287,856
92,2396550.07,170.8,odd,20,2024-01-16,0.000215959399633,liquid_universe-2023-11-24-3147,daily_high_low_midpoint_proxy,13:30:00,191.8,84.7,大綜,09:00:00,0.01,33570265.66,359207.05,2,loss12,95.9,0,2,526,sell,2024-01-09,1,97.8,94,9261,3147,0,21
9000,2556980.07,160430,board,231,2024-01-17,0.00568216870521,liquid_universe-2023-10-11-3276,daily_high_low_midpoint_proxy,13:30:00,161875,20.6,宇環,08:59:00,0.01,21239470.0625,933094.05,7000,time63,23.125,12,7000,527,sell,2024-01-09,729,23.45,22.8,1231924,3276,485,1445
8,2557144.27,164.2,odd,20,2024-01-17,0.00967351874244,liquid_universe-2023-10-11-3276,daily_high_low_midpoint_proxy,13:30:00,185.2,20.6,宇環,09:00:00,0.01,21239470.0625,933094.05,8,time63,23.15,4,12,528,sell,2024-01-09,1,23.35,22.95,827,3276,0,21
8000,1791836.27,-765308,board,1084,2024-01-17,0.00216174441966,liquid_universe-2024-01-16-6535,daily_high_low_midpoint_proxy,13:30:00,760800,102.5,順藥,08:59:00,0.01,64452947.865,810001.95,8000,leader_entry,95.1,8000,13000,529,buy,2024-01-16,3424,99.5,90.7,3700715,6535,0,4508
229,1769629.67,-22206.6,odd,31,2024-01-17,0.00998169296487,liquid_universe-2024-01-16-6535,daily_high_low_midpoint_proxy,13:30:00,22075.6,102.5,順藥,09:00:00,0.01,64452947.865,810001.95,229,leader_entry,96.4,8229,764,530,buy,2024-01-16,100,100,92.8,22942,6535,0,131
13,1769701.77,72.1,odd,20,2024-01-18,0.0028818443804,liquid_universe-2023-10-11-3276,daily_high_low_midpoint_proxy,13:30:00,93.1,20.7,宇環,09:00:00,0.01,21149260.4175,929029.15,4,time63,23.275,0,4,531,sell,2024-01-09,1,23.75,22.8,1388,3276,0,21
204,1484460.77,-285241,odd,404,2024-01-18,0.00997506234414,liquid_universe-2024-01-17-6643,daily_high_low_midpoint_proxy,13:30:00,283560,1540,M31,09:00:00,0.01,1377962986.35,1125137.6,204,leader_entry,1390,204,913,532,buy,2024-01-17,1277,1410,1370,20451,6643,0,1681
16000,3539950.77,2055490,board,2955,2024-02-20,0.00164784213013,liquid_universe-2023-11-10-3228,daily_high_low_midpoint_proxy,13:30:00,2074000,474.5,金麗科,08:59:00,0.01,731686398.525,1652028.95,4000,time63,518.5,247,4000,533,sell,2024-02-19,9333,532,505,2427417,3228,6222,18510
718,3667122.27,127171.5,odd,183,2024-02-20,0.00343824385083,liquid_universe-2023-11-10-3228,daily_high_low_midpoint_proxy,13:30:00,128316.5,474.5,金麗科,09:00:00,0.01,731686398.525,1652028.95,247,time63,519.5,0,247,534,sell,2024-02-19,578,532,507,71839,3228,384,1145
46000,2094861.27,-1572261,board,2227,2024-02-21,0.00121612804693,liquid_universe-2024-02-20-6442,daily_high_low_midpoint_proxy,13:30:00,1563000,137.5,光聖,08:59:00,0.01,456755851.295,4694167.3,12000,leader_entry,130.25,12000,12000,535,buy,2024-02-20,7034,137.5,123,9867382,6442,0,9261
163,2072930.02,-21931.25,odd,31,2024-02-21,0.0099578471501,liquid_universe-2024-02-20-6442,daily_high_low_midpoint_proxy,13:30:00,21801.25,137.5,光聖,09:00:00,0.01,456755851.295,4694167.3,163,leader_entry,133.75,12163,541,536,buy,2024-02-20,99,137.5,130,16369,6442,0,130
41000,3538729.02,1465799,board,2108,2024-03-15,0.00158984512921,liquid_universe-2024-02-20-6442,daily_high_low_midpoint_proxy,13:30:00,1479000,108,光聖,08:59:00,0.01,552883006.75,4162327.75,12000,loss12,123.25,163,12000,537,sell,2024-03-14,6656,132,114.5,7547905,6442,4437,13201
235,3558962.77,20233.75,odd,29,2024-03-15,0.00692997746694,liquid_universe-2024-02-20-6442,daily_high_low_midpoint_proxy,13:30:00,20415.75,108,光聖,09:00:00,0.01,552883006.75,4162327.75,163,loss12,125.25,0,163,538,sell,2024-03-14,92,131.5,119,23521,6442,61,182
48000,2374786.77,-1184176,board,1678,2024-03-18,0.00214134357621,liquid_universe-2024-03-15-2611,daily_high_low_midpoint_proxy,13:30:00,1177200,26.95,志信,08:59:00,0.01,100537218.91,4867885.1,48000,leader_entry,24.525,48000,63000,539,buy,2024-03-15,5298,25.35,23.7,22415833,2611,0,6976
695,2357640.89,-17145.88,odd,24,2024-03-18,0.00999568531569,liquid_universe-2024-03-15-2611,daily_high_low_midpoint_proxy,13:30:00,17044.88,26.95,志信,09:00:00,0.01,100537218.91,4867885.1,695,leader_entry,24.525,48695,968,540,buy,2024-03-15,77,25.15,23.9,69530,2611,0,101
39000,3270791.89,913151,board,1313,2024-04-12,0.00982077093052,liquid_universe-2024-03-15-2611,daily_high_low_midpoint_proxy,13:30:00,921375,21.25,志信,08:59:00,0.01,173441708.5,7250982.3,39000,stall5weak,23.625,9695,48000,541,sell,2024-04-11,4147,24.05,23.2,3971175,2611,2764,8224
191,3275245.49,4453.6,odd,20,2024-04-12,0.00999372122227,liquid_universe-2024-03-15-2611,daily_high_low_midpoint_proxy,13:30:00,4507.6,21.25,志信,09:00:00,0.01,173441708.5,7250982.3,191,stall5weak,23.6,9504,695,542,sell,2024-04-11,21,23.95,23.25,19112,2611,13,54
25000,3488203.49,212958,board,306,2024-04-15,0.0035960659039,liquid_universe-2024-03-15-2611,daily_high_low_midpoint_proxy,13:30:00,214875,21.55,志信,08:59:00,0.01,165663995.785,6843087.45,9000,stall5weak,23.875,504,9000,543,sell,2024-04-11,967,24.1,23.65,2502735,2611,644,1917
100,3490555.49,2352,odd,20,2024-04-15,0.00991669972233,liquid_universe-2024-03-15-2611,daily_high_low_midpoint_proxy,13:30:00,2390,21.55,志信,09:00:00,0.01,165663995.785,6843087.45,100,stall5weak,23.9,404,504,544,sell,2024-04-11,11,24.1,23.7,10084,2611,7,38
323,3745807.49,255252,odd,367,2024-04-16,0.00629765690118,liquid_universe-2024-01-17-6643,daily_high_low_midpoint_proxy,13:30:00,257550,1100,M31,09:00:00,0.01,1121383499.25,795942.05,204,loss12,1262.5,0,204,545,sell,2024-04-15,1159,1335,1190,32393,6643,772,2298
126,3748707.59,2900.1,odd,20,2024-04-16,0.00996914312841,liquid_universe-2024-03-15-2611,daily_high_low_midpoint_proxy,13:30:00,2942.1,21.35,志信,09:00:00,0.01,163665733.675,6749545.65,126,stall5weak,23.35,278,404,546,sell,2024-04-11,14,23.6,23.1,12639,2611,8,42
27000,2745824.59,-1002883,board,1421,2024-04-16,0.00198084682522,liquid_universe-2024-04-15-4127,daily_high_low_midpoint_proxy,13:30:00,996975,39.2,天良,08:59:00,0.01,74823133.48,2775197.5,27000,leader_entry,36.925,27000,44000,547,buy,2024-04-15,4487,39.2,34.65,13630534,4127,0,5908
178,2739062.99,-6761.6,odd,20,2024-04-16,0.00998653500898,liquid_universe-2024-04-15-4127,daily_high_low_midpoint_proxy,13:30:00,6710.6,39.2,天良,09:00:00,0.01,74823133.48,2775197.5,178,leader_entry,37.7,27178,897,548,buy,2024-04-15,31,39.2,36.2,17824,4127,0,51
354,2745802.99,6740,odd,20,2024-04-17,0.00784380113989,liquid_universe-2024-03-15-2611,daily_high_low_midpoint_proxy,13:30:00,6811,20.9,志信,09:00:00,0.01,129935150.555,5380149.05,278,stall5weak,24.5,0,278,549,sell,2024-04-11,31,25,24,35442,2611,20,71
34000,1455552.99,-1290250,board,1828,2024-04-17,0.00233342582393,liquid_universe-2024-04-16-9955,daily_high_low_midpoint_proxy,13:30:00,1282650,38.6,佳龍,08:59:00,0.01,101831058.667,3444801.35,34000,leader_entry,37.725,34000,45000,550,buy,2024-04-16,5772,38.6,36.85,14570851,9955,0,7600
809,1440508.24,-15044.75,odd,21,2024-04-17,0.00482960510876,liquid_universe-2024-04-16-9955,daily_high_low_midpoint_proxy,13:30:00,14955.75,38.6,佳龍,09:00:00,0.01,101831058.667,3444801.35,391,leader_entry,38.25,34391,391,551,buy,2024-04-16,68,38.6,37.9,80959,9955,0,89
23000,2165380.24,724872,board,1042,2024-04-22,0.00997208682826,liquid_universe-2024-04-15-4127,daily_high_low_midpoint_proxy,13:30:00,731400,28.45,天良,08:59:00,0.01,121811819.625,3784124.1,23000,loss12,31.8,4178,27000,552,sell,2024-04-19,3292,33.5,30.1,2306438,4127,2194,6528
64,2167382.64,2002.4,odd,20,2024-04-22,0.00999687597626,liquid_universe-2024-04-15-4127,daily_high_low_midpoint_proxy,13:30:00,2038.4,28.45,天良,09:00:00,0.01,121811819.625,3784124.1,64,loss12,31.85,4114,178,553,sell,2024-04-19,10,33.3,30.4,6402,4127,6,36
12000,2290870.64,123488,board,178,2024-04-23,0.00330609114232,liquid_universe-2024-04-15-4127,daily_high_low_midpoint_proxy,13:30:00,124600,27.75,天良,08:59:00,0.01,115833844.968,3474952.05,4000,loss12,31.15,114,4000,554,sell,2024-04-19,561,32,30.3,1209888,4127,373,1112
26,2291655.84,785.2,odd,20,2024-04-23,0.00976709241172,liquid_universe-2024-04-15-4127,daily_high_low_midpoint_proxy,13:30:00,811.2,27.75,天良,09:00:00,0.01,115833844.968,3474952.05,26,loss12,31.2,88,114,555,sell,2024-04-19,4,31.95,30.45,2662,4127,2,26
66,2293687.29,2031.45,odd,20,2024-04-24,0.00985368766796,liquid_universe-2024-04-15-4127,daily_high_low_midpoint_proxy,13:30:00,2067.45,27.35,天良,09:00:00,0.01,109935540.292,3221681.35,66,loss12,31.325,22,88,556,sell,2024-04-19,10,32.05,30.6,6698,4127,6,36
15000,2781296.29,487609,board,701,2024-04-24,0.00972094409809,liquid_universe-2024-04-16-9955,daily_high_low_midpoint_proxy,13:30:00,492000,28.8,佳龍,08:59:00,0.01,220976574.135,6556822.45,15000,loss12,32.8,19391,34000,557,sell,2024-04-23,2214,33.5,32.1,1543060,9955,1476,4391
151,2786207.19,4910.9,odd,20,2024-04-24,0.00995976518699,liquid_universe-2024-04-16-9955,daily_high_low_midpoint_proxy,13:30:00,4967.9,28.8,佳龍,09:00:00,0.01,220976574.135,6556822.45,151,loss12,32.9,19240,391,558,sell,2024-04-23,23,33.6,32.2,15161,9955,14,57
241000,1365589.19,-1420618,board,2012,2024-04-24,0.000634735069667,liquid_universe-2024-04-23-2501,daily_high_low_midpoint_proxy,13:30:00,1412250,37.1,國建,08:59:00,0.01,705291941.465,24153466.85,42000,leader_entry,33.625,42000,42000,559,buy,2024-04-23,6356,35,32.25,66169339,2501,0,8368
978,1343981.69,-21607.5,odd,31,2024-04-24,0.00660349392295,liquid_universe-2024-04-23-2501,daily_high_low_midpoint_proxy,13:30:00,21479.5,37.1,國建,09:00:00,0.01,705291941.465,24153466.85,646,leader_entry,33.25,42646,646,560,buy,2024-04-23,97,33.95,32.55,97827,2501,0,128
13,1344375.99,394.3,odd,20,2024-04-25,0.00943396226415,liquid_universe-2024-04-15-4127,daily_high_low_midpoint_proxy,13:30:00,417.3,27.45,天良,09:00:00,0.01,106338669.528,3084126.4,13,loss12,32.1,9,22,561,sell,2024-04-19,2,33,31.2,1378,4127,1,23
8000,1600865.99,256490,board,369,2024-04-25,0.00894722479455,liquid_universe-2024-04-16-9955,daily_high_low_midpoint_proxy,13:30:00,258800,29.6,佳龍,08:59:00,0.01,223234252.615,6622345.3,8000,loss12,32.35,11240,19000,562,sell,2024-04-23,1165,33.1,31.6,894132,9955,776,2310
90,1603739.99,2874,odd,20,2024-04-25,0.00998668442077,liquid_universe-2024-04-16-9955,daily_high_low_midpoint_proxy,13:30:00,2916,29.6,佳龍,09:00:00,0.01,223234252.615,6622345.3,90,loss12,32.4,11150,240,563,sell,2024-04-23,14,32.85,31.95,9012,9955,8,42
54,1604000.82,260.83,odd,20,2024-04-26,0.00165562913907,liquid_universe-2024-04-15-4127,daily_high_low_midpoint_proxy,13:30:00,282.83,27.45,天良,09:00:00,0.01,105148949.14,3043531.35,9,loss12,31.425,0,9,564,sell,2024-04-19,2,33.45,29.4,5436,4127,0,22
13000,1964306.82,360306,board,518,2024-04-26,0.00822270678052,liquid_universe-2024-04-16-9955,daily_high_low_midpoint_proxy,13:30:00,363550,28.65,佳龍,08:59:00,0.01,224251696.635,6649740.3,11000,loss12,33.05,150,11000,565,sell,2024-04-23,1636,33.9,32.2,1337759,9955,1090,3244
89,1967201.82,2895,odd,20,2024-04-26,0.00996863799283,liquid_universe-2024-04-16-9955,daily_high_low_midpoint_proxy,13:30:00,2937,28.65,佳龍,09:00:00,0.01,224251696.635,6649740.3,89,loss12,33,61,150,566,sell,2024-04-23,14,34,32,8928,9955,8,42
5000,2825720.82,858519,board,1234,2024-04-29,0.00904697369683,liquid_universe-2024-01-16-6535,daily_high_low_midpoint_proxy,13:30:00,866250,155,順藥,08:59:00,0.01,246730122.35,1294477.65,5000,time63,173.25,3229,8000,567,sell,2024-04-26,3899,178,168.5,552671,6535,2598,7731
99,2842768.07,17047.25,odd,25,2024-04-29,0.00992879350115,liquid_universe-2024-01-16-6535,daily_high_low_midpoint_proxy,13:30:00,17201.25,155,順藥,09:00:00,0.01,246730122.35,1294477.65,99,time63,173.75,3130,229,568,sell,2024-04-26,78,178,169.5,9971,6535,51,154
110,2844751.17,1983.1,odd,20,2024-04-29,0.00553137468263,liquid_universe-2024-04-16-9955,daily_high_low_midpoint_proxy,13:30:00,2019.1,29.7,佳龍,09:00:00,0.01,226224440.36,6706625.75,61,loss12,33.1,0,61,569,sell,2024-04-23,10,33.7,32.5,11028,9955,6,36
61000,1317757.17,-1526994,board,2163,2024-04-29,0.000704448158647,liquid_universe-2024-04-26-1587,daily_high_low_midpoint_proxy,13:30:00,1518000,68.5,吉茂,08:59:00,0.01,281661379.238,6140288.45,24000,leader_entry,63.25,24000,24000,570,buy,2024-04-26,6831,66.9,59.6,34069221,1587,0,8994
417,1307353.97,-10403.2,odd,20,2024-04-29,0.00385499473231,liquid_universe-2024-04-26-1587,daily_high_low_midpoint_proxy,13:30:00,10336.2,68.5,吉茂,09:00:00,0.01,281661379.238,6140288.45,161,leader_entry,64.2,24161,161,571,buy,2024-04-26,47,68,60.4,41764,1587,0,67
2000,1648778.97,341425,board,491,2024-04-30,0.00751693188908,liquid_universe-2024-01-16-6535,daily_high_low_midpoint_proxy,13:30:00,344500,155,順藥,08:59:00,0.01,242999092.6,1274714.55,2000,time63,172.25,1130,3000,572,sell,2024-04-26,1551,174,170.5,266066,6535,1033,3075
39,1655435.47,6656.5,odd,20,2024-04-30,0.00983358547655,liquid_universe-2024-01-16-6535,daily_high_low_midpoint_proxy,13:30:00,6727.5,155,順藥,09:00:00,0.01,242999092.6,1274714.55,39,time63,172.5,1091,130,573,sell,2024-04-26,31,173.5,171.5,3966,6535,20,71
4000,1828377.47,172942,board,249,2024-05-02,0.00244832204249,liquid_universe-2024-01-16-6535,daily_high_low_midpoint_proxy,13:30:00,174500,155,順藥,08:59:00,0.01,239969403.4,1258142.25,1000,time63,174.5,91,1000,574,sell,2024-04-26,786,177,172,408443,6535,523,1558
54,1837722.97,9345.5,odd,20,2024-05-02,0.00992099944883,liquid_universe-2024-01-16-6535,daily_high_low_midpoint_proxy,13:30:00,9436.5,155,順藥,09:00:00,0.01,239969403.4,1258142.25,54,time63,174.75,37,91,575,sell,2024-04-26,43,176.5,173,5443,6535,28,91
67,1844037.47,6314.5,odd,20,2024-05-03,0.00551415797317,liquid_universe-2024-01-16-6535,daily_high_low_midpoint_proxy,13:30:00,6382.5,155.5,順藥,09:00:00,0.01,225428867.225,1183991.85,37,time63,172.5,0,37,576,sell,2024-04-26,29,174.5,170.5,6710,6535,19,68
39000,483020.47,-1361017,board,1928,2024-05-03,0.000456562527037,liquid_universe-2024-05-02-5508,daily_high_low_midpoint_proxy,13:30:00,1353000,248,永信建,08:59:00,0.01,710226982.625,3972385.55,6000,leader_entry,225.5,6000,6000,577,buy,2024-05-02,6089,231.5,219.5,13141683,5508,0,8017
772,341020.47,-142000,odd,201,2024-05-03,0.00810314029047,liquid_universe-2024-05-02-5508,daily_high_low_midpoint_proxy,13:30:00,141163,248,永信建,09:00:00,0.01,710226982.625,3972385.55,626,leader_entry,225.5,6626,626,578,buy,2024-05-02,636,230,221,77254,5508,0,837
60000,1497604.47,1156584,board,1663,2024-05-15,0.000986239493467,liquid_universe-2024-05-02-5508,daily_high_low_midpoint_proxy,13:30:00,1167000,171.5,永信建,08:59:00,0.01,1367864147.2,6776529,6000,loss12,194.5,626,6000,579,sell,2024-05-14,5252,199,190,6083715,5508,3501,10416
575,1608586.72,110982.25,odd,160,2024-05-15,0.00998419891997,liquid_universe-2024-05-02-5508,daily_high_low_midpoint_proxy,13:30:00,111981.25,171.5,永信建,09:00:00,0.01,1367864147.2,6776529,575,loss12,194.75,51,626,580,sell,2024-05-14,504,198,191.5,57591,5508,335,999
900,1619082.97,10496.25,odd,20,2024-05-16,0.000566087998934,liquid_universe-2024-05-02-5508,daily_high_low_midpoint_proxy,13:30:00,10595.25,177.5,永信建,09:00:00,0.01,1412176542.85,6970769.7,51,loss12,207.75,0,51,581,sell,2024-05-14,48,216,199.5,90092,5508,31,99
219000,195698.97,-1423384,board,2016,2024-05-16,0.000910097973867,liquid_universe-2024-05-15-2615,daily_high_low_midpoint_proxy,13:30:00,1415000,77.5,萬海,08:59:00,0.01,2983972316.38,47630287.4,20000,leader_entry,70.75,20000,20000,582,buy,2024-05-15,6368,72,69.5,21975656,2615,0,8384
2283,168420.57,-27278.4,odd,39,2024-05-16,0.0016774849114,liquid_universe-2024-05-15-2615,daily_high_low_midpoint_proxy,13:30:00,27116.4,77.5,萬海,09:00:00,0.01,2983972316.38,47630287.4,383,leader_entry,70.8,20383,383,583,buy,2024-05-15,123,71.8,69.8,228318,2615,0,162
7000,573902.24,393357,board,566,2024-07-10,0.00901125892436,liquid_universe-2024-04-26-1587,daily_high_low_midpoint_proxy,13:30:00,396900,49.05,吉茂,08:59:00,0.01,286002999.32,4437967.35,7000,loss12,56.7,17161,24000,584,sell,2024-07-09,1787,58,55.4,776806,1587,1190,3543
93,579102.39,5200.15,odd,20,2024-07-10,0.00993059263214,liquid_universe-2024-04-26-1587,daily_high_low_midpoint_proxy,13:30:00,5259.15,49.05,吉茂,09:00:00,0.01,286002999.32,4437967.35,93,loss12,56.55,17068,161,585,sell,2024-07-09,24,57.7,55.4,9365,1587,15,59
4000,807049.39,227947,board,328,2024-07-11,0.00827237626076,liquid_universe-2024-04-26-1587,daily_high_low_midpoint_proxy,13:30:00,230000,51.3,吉茂,08:59:00,0.01,269799452.755,4170361,4000,loss12,57.5,13068,17000,586,sell,2024-07-09,1035,58,57,483537,1587,690,2053
80,810927.39,3878,odd,20,2024-07-11,0.00847035376183,liquid_universe-2024-04-26-1587,daily_high_low_midpoint_proxy,13:30:00,3927,51.3,吉茂,09:00:00,0.01,269799452.755,4170361,68,loss12,57.75,13000,68,587,sell,2024-07-09,18,58.5,57,8028,1587,11,49
4000,1064097.89,222596,board,320,2024-07-12,0.00817086921707,liquid_universe-2024-04-26-1587,daily_high_low_midpoint_proxy,13:30:00,224600,51.3,吉茂,08:59:00,0.01,247395705.045,3834752.25,4000,loss12,56.15,9000,13000,588,sell,2024-07-09,1011,57,55.3,489544,1587,673,2004
5000,1336394.89,272297,board,392,2024-07-15,0.00982048159642,liquid_universe-2024-04-26-1587,daily_high_low_midpoint_proxy,13:30:00,274750,49.8,吉茂,08:59:00,0.01,190627364.525,3001973.85,5000,loss12,54.95,4000,9000,589,sell,2024-07-09,1237,55.6,54.3,509140,1587,824,2453
4000,1556214.89,219820,board,316,2024-07-16,0.0098000543903,liquid_universe-2024-04-26-1587,daily_high_low_midpoint_proxy,13:30:00,221800,49,吉茂,08:59:00,0.01,173318280.64,2745470.9,4000,loss12,55.45,0,4000,590,sell,2024-07-09,999,56.3,54.6,408161,1587,665,1980
46000,148673.89,-1407541,board,1994,2024-07-17,0.00199713404378,liquid_universe-2024-07-16-3379,daily_high_low_midpoint_proxy,13:30:00,1399250,50.8,彬台,08:59:00,0.01,178678691.71,4614648.75,29000,leader_entry,48.25,29000,29000,591,buy,2024-07-16,6297,49.85,46.65,14520808,3379,0,8291
229,146168.39,-2505.5,odd,20,2024-07-17,0.00222649087575,liquid_universe-2024-07-16-3379,daily_high_low_midpoint_proxy,13:30:00,2473.5,50.8,彬台,09:00:00,0.01,178678691.71,4614648.75,51,leader_entry,48.5,29051,51,592,buy,2024-07-16,12,50,47,22906,3379,0,32
54000,1456320.39,1310152,board,1884,2024-07-26,0.00765576752715,liquid_universe-2024-04-23-2501,daily_high_low_midpoint_proxy,13:30:00,1321950,28.55,國建,08:59:00,0.01,273038520.958,8744588.75,42000,time63,31.475,646,42000,593,sell,2024-07-23,5949,32.05,30.9,5486060,2501,3965,11798
186,1462106.09,5785.7,odd,20,2024-07-26,0.00997586484312,liquid_universe-2024-04-23-2501,daily_high_low_midpoint_proxy,13:30:00,5849.7,28.55,國建,09:00:00,0.01,273038520.958,8744588.75,186,time63,31.45,460,646,594,sell,2024-07-23,27,31.9,31,18645,2501,17,64
190,1468044.09,5938,odd,20,2024-07-29,0.00995807127883,liquid_universe-2024-04-23-2501,daily_high_low_midpoint_proxy,13:30:00,6004,28.1,國建,09:00:00,0.01,266450707.688,8534991.85,190,time63,31.6,270,460,595,sell,2024-07-23,28,32.15,31.05,19080,2501,18,66
17000,135444.09,-1332600,board,1888,2024-07-29,0.000533503160092,liquid_universe-2024-07-26-9906,daily_high_low_midpoint_proxy,13:30:00,1324750,199.5,欣巴巴,08:59:00,0.01,248634769.505,1723054.3,7000,leader_entry,189.25,7000,7000,596,buy,2024-07-26,5962,199.5,179,13120822,9906,0,7850
733,100750.09,-34694,odd,49,2024-07-29,0.00247980052594,liquid_universe-2024-07-26-9906,daily_high_low_midpoint_proxy,13:30:00,34489,199.5,欣巴巴,09:00:00,0.01,248634769.505,1723054.3,182,leader_entry,189.5,7182,182,597,buy,2024-07-26,156,199,180,73393,9906,0,205
175,106087.84,5337.75,odd,20,2024-07-30,0.00999428897773,liquid_universe-2024-04-23-2501,daily_high_low_midpoint_proxy,13:30:00,5398.75,27.95,國建,09:00:00,0.01,265625688.037,8498627.05,175,time63,30.85,95,270,598,sell,2024-07-23,25,31.25,30.45,17510,2501,16,61
125,109007.47,2919.63,odd,20,2024-07-31,0.00755887969446,liquid_universe-2024-04-23-2501,daily_high_low_midpoint_proxy,13:30:00,2961.63,28.25,國建,09:00:00,0.01,266424362.165,8511231.4,95,time63,31.175,0,95,599,sell,2024-07-23,14,31.55,30.8,12568,2501,8,42
22000,943541.47,834534,board,1200,2024-08-06,0.00999261001069,liquid_universe-2024-07-16-3379,daily_high_low_midpoint_proxy,13:30:00,842050,35.65,彬台,08:59:00,0.01,200835250.522,4752607.8,22000,loss12,38.275,7051,29000,600,sell,2024-08-05,3790,40.9,35.65,2201627,3379,2526,7516
103,945380.44,1838.97,odd,20,2024-08-06,0.00493182477517,liquid_universe-2024-07-16-3379,daily_high_low_midpoint_proxy,13:30:00,1872.97,35.65,彬台,09:00:00,0.01,200835250.522,4752607.8,51,loss12,36.725,7000,51,601,sell,2024-08-05,9,37.8,35.65,10341,3379,5,34
20000,1202068.44,256688,board,369,2024-08-07,0.00342381163167,liquid_universe-2024-07-16-3379,daily_high_low_midpoint_proxy,13:30:00,259000,32.1,彬台,08:59:00,0.01,200753374.037,4755138.1,7000,loss12,37,0,7000,602,sell,2024-08-05,1166,39.2,34.8,2044505,3379,777,2312
283000,114411.44,-1087657,board,1541,2024-08-08,0.000407374083604,liquid_universe-2024-08-07-1540,daily_high_low_midpoint_proxy,13:30:00,1081250,47.15,喬福,08:59:00,0.01,1079950532.11,28375046.6,25000,leader_entry,43.25,25000,25000,603,buy,2024-08-07,4866,45,41.5,61368656,1540,0,6407
523,99281.04,-15130.4,odd,21,2024-08-08,0.00657002616551,liquid_universe-2024-08-07-1540,daily_high_low_midpoint_proxy,13:30:00,15041.4,47.15,喬福,09:00:00,0.01,1079950532.11,28375046.6,344,leader_entry,43.725,25344,344,604,buy,2024-08-07,68,44.85,42.6,52359,1540,0,89
248000,1742513.04,1600586,board,2301,2024-08-16,0.000804037845901,liquid_universe-2024-05-15-2615,daily_high_low_midpoint_proxy,13:30:00,1615000,72.4,萬海,08:59:00,0.01,2809491292.76,36063689.75,20000,time63,80.75,383,20000,605,sell,2024-08-15,7268,81.8,79.7,24874451,2615,4845,14414
956,1773221.74,30708.7,odd,44,2024-08-16,0.00400254992737,liquid_universe-2024-05-15-2615,daily_high_low_midpoint_proxy,13:30:00,30984.7,72.4,萬海,09:00:00,0.01,2809491292.76,36063689.75,383,time63,80.9,0,383,606,sell,2024-08-15,140,81.6,80.2,95689,2615,92,276
75000,460036.74,-1313185,board,1860,2024-08-19,0.00250564931118,liquid_universe-2024-08-16-8043,daily_high_low_midpoint_proxy,13:30:00,1305450,51,蜜望實,08:59:00,0.01,275282106.65,7528894.2,27000,leader_entry,48.35,27000,27000,607,buy,2024-08-16,5875,49.7,47,10775650,8043,0,7735
246,448013.29,-12023.45,odd,20,2024-08-19,0.01,liquid_universe-2024-08-16-8043,daily_high_low_midpoint_proxy,13:30:00,11949.45,51,蜜望實,09:00:00,0.01,275282106.65,7528894.2,246,leader_entry,48.575,27246,981,608,buy,2024-08-16,54,49.45,47.7,24600,8043,0,74
16000,1026801.29,578788,board,832,2024-08-23,0.0094726908244,liquid_universe-2024-08-07-1540,daily_high_low_midpoint_proxy,13:30:00,584000,33.35,喬福,08:59:00,0.01,1057029451.49,26302653.3,16000,loss12,36.5,9344,25000,609,sell,2024-08-22,2628,37,36,1689066,1540,1752,5212
113,1030911.52,4110.23,odd,20,2024-08-23,0.00991663010092,liquid_universe-2024-08-07-1540,daily_high_low_midpoint_proxy,13:30:00,4161.23,33.35,喬福,09:00:00,0.01,1057029451.49,26302653.3,113,loss12,36.825,9231,344,610,sell,2024-08-22,19,37.2,36.45,11395,1540,12,51
38000,1374318.52,343407,board,494,2024-08-26,0.00232738797764,liquid_universe-2024-08-07-1540,daily_high_low_midpoint_proxy,13:30:00,346500,33.25,喬福,08:59:00,0.01,1013996662.94,25045562.55,9000,loss12,38.5,231,9000,611,sell,2024-08-22,1560,39.6,37.4,3866996,1540,1039,3093
246,1383085.6,8767.08,odd,20,2024-08-26,0.00936777647107,liquid_universe-2024-08-07-1540,daily_high_low_midpoint_proxy,13:30:00,8853.08,33.25,喬福,09:00:00,0.01,1013996662.94,25045562.55,231,loss12,38.325,0,231,612,sell,2024-08-22,40,39.6,37.05,24659,1540,26,86
29000,704839.6,-678246,board,961,2024-08-27,0.00972799192778,liquid_universe-2024-08-26-5481,daily_high_low_midpoint_proxy,13:30:00,674250,25.85,新華,08:59:00,0.01,57838658.105,2937440.75,29000,leader_entry,23.25,29000,52000,613,buy,2024-08-26,3035,24.5,22,2981088,5481,0,3996
123,701953,-2886.6,odd,20,2024-08-27,0.00992655959971,liquid_universe-2024-08-26-5481,daily_high_low_midpoint_proxy,13:30:00,2853.6,25.85,新華,09:00:00,0.01,57838658.105,2937440.75,123,leader_entry,23.2,29123,342,614,buy,2024-08-26,13,24.45,21.95,12391,5481,0,33
31000,1794849.2,1087086,board,1563,2024-09-11,0.00858046393615,liquid_universe-2024-08-16-8043,daily_high_low_midpoint_proxy,13:30:00,1096875,37.35,蜜望實,08:59:00,0.01,549608690.12,11558548.05,27000,loss12,40.625,246,27000,615,sell,2024-09-10,4936,42,39.25,3146683,8043,3290,9789
134,1800218.55,5369.35,odd,20,2024-09-11,0.00993844099978,liquid_universe-2024-08-16-8043,daily_high_low_midpoint_proxy,13:30:00,5430.35,37.35,蜜望實,09:00:00,0.01,549608690.12,11558548.05,134,loss12,40.525,112,246,616,sell,2024-09-10,25,41.55,39.5,13483,8043,16,61
75,1803188.68,2970.13,odd,20,2024-09-12,0.00996545309593,liquid_universe-2024-08-16-8043,daily_high_low_midpoint_proxy,13:30:00,3013.13,35.9,蜜望實,09:00:00,0.01,517689735.798,10784450,75,loss12,40.175,37,112,617,sell,2024-09-10,14,40.45,39.9,7526,8043,9,43
6000,1934902.68,131714,board,189,2024-09-12,0.00989437751997,liquid_universe-2024-08-26-5481,daily_high_low_midpoint_proxy,13:30:00,132900,20.1,新華,08:59:00,0.01,56879018.68,2534120.5,6000,stall5weak,22.15,23123,29000,618,sell,2024-09-11,599,22.85,21.45,606405,5481,398,1186
61,1936207.58,1304.9,odd,20,2024-09-12,0.00985778926955,liquid_universe-2024-08-26-5481,daily_high_low_midpoint_proxy,13:30:00,1335.9,20.1,新華,09:00:00,0.01,56879018.68,2534120.5,61,stall5weak,21.9,23062,123,619,sell,2024-09-11,7,22.35,21.45,6188,5481,4,31
61,1937728.73,1521.15,odd,20,2024-09-13,0.00599093264249,liquid_universe-2024-08-16-8043,daily_high_low_midpoint_proxy,13:30:00,1552.15,36.15,蜜望實,09:00:00,0.01,507855198.282,10578696.45,37,loss12,41.95,0,37,620,sell,2024-09-10,7,42.7,41.2,6176,8043,4,31
4000,2024645.73,86917,board,125,2024-09-13,0.00991043444867,liquid_universe-2024-08-26-5481,daily_high_low_midpoint_proxy,13:30:00,87700,19.6,新華,08:59:00,0.01,54651603.0575,2419371.35,4000,stall5weak,21.925,19062,23000,621,sell,2024-09-11,395,22.2,21.65,403615,5481,263,783
53,2025773.46,1127.73,odd,20,2024-09-13,0.00986413549228,liquid_universe-2024-08-26-5481,daily_high_low_midpoint_proxy,13:30:00,1156.73,19.6,新華,09:00:00,0.01,54651603.0575,2419371.35,53,stall5weak,21.825,19009,62,622,sell,2024-09-11,6,22.05,21.6,5373,5481,3,29
85000,929616.46,-1096157,board,1553,2024-09-13,0.000686027520115,liquid_universe-2024-09-12-6530,daily_high_low_midpoint_proxy,13:30:00,1089700,69.8,創威,08:59:00,0.01,495342989.252,8591157.65,17000,leader_entry,64.1,17000,17000,623,buy,2024-09-12,4904,66,62.2,24780347,6530,0,6457
223,915292.91,-14323.55,odd,20,2024-09-13,0.00996024833624,liquid_universe-2024-09-12-6530,daily_high_low_midpoint_proxy,13:30:00,14238.55,69.8,創威,09:00:00,0.01,495342989.252,8591157.65,223,leader_entry,63.85,17223,829,624,buy,2024-09-12,65,65.5,62.2,22389,6530,0,85
4000,1002011.91,86719,board,125,2024-09-16,0.0097834434786,liquid_universe-2024-08-26-5481,daily_high_low_midpoint_proxy,13:30:00,87500,19.65,新華,08:59:00,0.01,53658282.9475,2365289.9,4000,stall5weak,21.875,15009,19000,625,sell,2024-09-11,394,22.3,21.45,408854,5481,262,781
18,1002187.79,175.88,odd,20,2024-09-16,0.00499445061043,liquid_universe-2024-08-26-5481,daily_high_low_midpoint_proxy,13:30:00,196.88,19.65,新華,09:00:00,0.01,53658282.9475,2365289.9,9,stall5weak,21.875,15000,9,626,sell,2024-09-11,1,22.15,21.6,1802,5481,0,21
19000,1341506.79,339319,board,488,2024-09-18,0.00762292732606,liquid_universe-2024-08-26-5481,daily_high_low_midpoint_proxy,13:30:00,342375,19.6,新華,08:59:00,0.01,48317974.7075,2095032.25,15000,stall5weak,22.825,0,15000,627,sell,2024-09-11,1541,23.9,21.75,1967748,5481,1027,3056
40000,334575.79,-1006931,board,1426,2024-09-19,0.00017432554319,liquid_universe-2024-09-18-5234,daily_high_low_midpoint_proxy,13:30:00,1001000,273,達興材料,08:59:00,0.01,765490950.725,4076033.75,4000,leader_entry,250.25,4000,4000,628,buy,2024-09-18,4505,267,233.5,22945576,5234,0,5931
696,194383.79,-140192,odd,199,2024-09-19,0.00818883158303,liquid_universe-2024-09-18-5234,daily_high_low_midpoint_proxy,13:30:00,139365,273,達興材料,09:00:00,0.01,765490950.725,4076033.75,570,leader_entry,244.5,4570,570,629,buy,2024-09-18,628,254,235,69607,5234,0,827
14000,1231543.79,1037160,board,1491,2024-09-24,0.0015191803024,liquid_universe-2024-07-26-9906,daily_high_low_midpoint_proxy,13:30:00,1046500,131,欣巴巴,08:59:00,0.01,271598205.75,1420305,7000,loss12,149.5,182,7000,630,sell,2024-09-23,4710,160,139,4607748,9906,3139,9340
417,1259186.29,27642.5,odd,40,2024-09-24,0.00436314817922,liquid_universe-2024-07-26-9906,daily_high_low_midpoint_proxy,13:30:00,27891.5,131,欣巴巴,09:00:00,0.01,271598205.75,1420305,182,loss12,153.25,0,182,631,sell,2024-09-23,126,160,146.5,41713,9906,83,249
90000,441368.29,-817818,board,1159,2024-09-25,0.000123102321295,liquid_universe-2024-09-24-3081,daily_high_low_midpoint_proxy,13:30:00,813000,290,聯亞,08:59:00,0.01,1777002168.72,9014180.4,3000,leader_entry,271,3000,3000,632,buy,2024-09-24,3659,289,253,24369971,3081,0,4818
894,213595.29,-227773,odd,323,2024-09-25,0.00931937289783,liquid_universe-2024-09-24-3081,daily_high_low_midpoint_proxy,13:30:00,226431,290,聯亞,09:00:00,0.01,1777002168.72,9014180.4,834,leader_entry,271.5,3834,834,633,buy,2024-09-24,1019,289,254,89491,3081,0,1342
212,270563.95,18496.25,odd,27,2024-11-01,0.00701176470588,liquid_universe-2024-07-26-9906,daily_high_low_midpoint_proxy,13:30:00,18662.25,110.5,欣巴巴,09:00:00,0.01,128532230.725,965642.9,149,loss12,125.25,0,149,634,sell,2024-09-23,84,129.5,121,21250,9906,55,166
21000,1078289.95,807726,board,1161,2024-11-29,0.00178736999676,liquid_universe-2024-09-18-5234,daily_high_low_midpoint_proxy,13:30:00,815000,184.5,達興材料,08:59:00,0.01,508738921.25,2186274.05,4000,loss12,203.75,570,4000,635,sell,2024-11-28,3668,209,198.5,2237925,5234,2445,7274
169,1112792.95,34503,odd,50,2024-11-29,0.00999290444655,liquid_universe-2024-09-18-5234,daily_high_low_midpoint_proxy,13:30:00,34814,184.5,達興材料,09:00:00,0.01,508738921.25,2186274.05,169,loss12,206,401,570,636,sell,2024-11-28,157,209,203,16912,5234,104,311
317,1175391.2,62598.25,odd,90,2024-12-02,0.00998897116748,liquid_universe-2024-09-18-5234,daily_high_low_midpoint_proxy,13:30:00,63162.25,184.5,達興材料,09:00:00,0.01,511638934.4,2209946.15,317,loss12,199.25,84,401,637,sell,2024-11-28,285,203.5,195,31735,5234,189,564
148000,148090.2,-1027301,board,1455,2024-12-02,8.1848693523e-05,liquid_universe-2024-11-29-3211,daily_high_low_midpoint_proxy,13:30:00,1021250,217.5,順達,08:59:00,0.01,2375449985.15,14827165.85,5000,leader_entry,204.25,5000,5000,638,buy,2024-11-29,4596,210.5,198,61088330,3211,0,6051
1354,130355.2,-17735,odd,25,2024-12-02,0.000634976889795,liquid_universe-2024-11-29-3211,daily_high_low_midpoint_proxy,13:30:00,17630,217.5,順達,09:00:00,0.01,2375449985.15,14827165.85,86,leader_entry,205,5086,86,639,buy,2024-11-29,80,210,200,135438,3211,0,105
146,147213.2,16858,odd,24,2024-12-03,0.00574358974359,liquid_universe-2024-09-18-5234,daily_high_low_midpoint_proxy,13:30:00,17010,179,達興材料,09:00:00,0.01,532930988.05,2323535.7,84,loss12,202.5,0,84,640,sell,2024-11-28,77,205,200,14625,5234,51,152
18000,1357761.2,1210548,board,1741,2024-12-18,0.00903370688597,liquid_universe-2024-09-12-6530,daily_high_low_midpoint_proxy,13:30:00,1221450,66,創威,08:59:00,0.01,477966316.16,6142660.25,17000,time63,71.85,223,17000,641,sell,2024-12-17,5497,73,70.7,1881841,6530,3664,10902
66,1362463.8,4702.6,odd,20,2024-12-18,0.00993826230989,liquid_universe-2024-09-12-6530,daily_high_low_midpoint_proxy,13:30:00,4758.6,66,創威,09:00:00,0.01,477966316.16,6142660.25,66,time63,72.1,157,223,642,sell,2024-12-17,22,73.3,70.9,6641,6530,14,56
251000,2273013.8,910550,board,1309,2024-12-18,0.000151097463182,liquid_universe-2024-11-29-3211,daily_high_low_midpoint_proxy,13:30:00,918750,160,順達,08:59:00,0.01,5098002604.07,25112218,5000,loss12,183.75,86,5000,643,sell,2024-12-17,4135,192,175.5,33091224,3211,2756,8200
1398,2288717.3,15703.5,odd,23,2024-12-18,0.00061482588274,liquid_universe-2024-11-29-3211,daily_high_low_midpoint_proxy,13:30:00,15845.5,160,順達,09:00:00,0.01,5098002604.07,25112218,86,loss12,184.25,0,86,644,sell,2024-12-17,72,192,176.5,139877,3211,47,142
60,2293023.3,4306,odd,20,2024-12-19,0.00988630746416,liquid_universe-2024-09-12-6530,daily_high_low_midpoint_proxy,13:30:00,4359,65.1,創威,09:00:00,0.01,472945864.96,6074120.85,60,time63,72.65,97,157,645,sell,2024-12-17,20,74.2,71.1,6069,6530,13,53
74000,1288103.3,-1004920,board,1424,2024-12-19,0.00242054559098,liquid_universe-2024-12-18-4540,daily_high_low_midpoint_proxy,13:30:00,999000,63.5,全球傳動,08:59:00,0.01,666724347.397,12571770.4,18000,leader_entry,55.5,18000,18000,646,buy,2024-12-18,4496,57.8,53.2,7436340,4540,0,5920
440,1263493.3,-24610,odd,35,2024-12-19,0.00999591076378,liquid_universe-2024-12-18-4540,daily_high_low_midpoint_proxy,13:30:00,24464,63.5,全球傳動,09:00:00,0.01,666724347.397,12571770.4,440,leader_entry,55.6,18440,946,647,buy,2024-12-18,111,57.9,53.3,44018,4540,0,146
217000,285734.3,-977759,board,1385,2024-12-19,4.01077540267e-05,liquid_universe-2024-12-18-3019,daily_high_low_midpoint_proxy,13:30:00,972000,174,亞光,08:59:00,0.01,2845497527.25,21771979.25,6000,leader_entry,162,6000,6000,648,buy,2024-12-18,4374,169.5,154.5,149597008,3019,0,5759
3323,262672.3,-23062,odd,33,2024-12-19,0.000421262946313,liquid_universe-2024-12-18-3019,daily_high_low_midpoint_proxy,13:30:00,22925,174,亞光,09:00:00,0.01,2845497527.25,21771979.25,140,leader_entry,163.75,6140,140,649,buy,2024-12-18,104,169.5,158,332334,3019,0,137
49,266156.75,3484.45,odd,20,2024-12-20,0.0099776013032,liquid_universe-2024-09-12-6530,daily_high_low_midpoint_proxy,13:30:00,3530.45,64.6,創威,09:00:00,0.01,471898137.355,6059751.4,49,time63,72.05,48,97,650,sell,2024-12-17,16,73,71.1,4911,6530,10,46
43,269194.7,3037.95,odd,20,2024-12-23,0.00994219653179,liquid_universe-2024-09-12-6530,daily_high_low_midpoint_proxy,13:30:00,3080.95,63.9,創威,09:00:00,0.01,471345982.275,6052479.5,43,time63,71.65,5,48,651,sell,2024-12-17,14,72.3,71,4325,6530,9,43
100,269521.2,326.5,odd,20,2024-12-24,0.000496968492198,liquid_universe-2024-09-12-6530,daily_high_low_midpoint_proxy,13:30:00,349.5,63.7,創威,09:00:00,0.01,440844510.91,5650188.95,5,time63,69.9,0,5,652,sell,2024-12-17,2,71.8,68,10061,6530,1,23
8000,1404550.2,1135029,board,1632,2024-12-27,0.00341396356618,liquid_universe-2024-09-24-3081,daily_high_low_midpoint_proxy,13:30:00,1145250,337.5,聯亞,08:59:00,0.01,786732980.85,2191883.3,3000,time63,381.75,834,3000,653,sell,2024-12-26,5154,386,377.5,878744,3081,3435,10221
120,1449684.2,45134,odd,65,2024-12-27,0.00998668442077,liquid_universe-2024-09-24-3081,daily_high_low_midpoint_proxy,13:30:00,45540,337.5,聯亞,09:00:00,0.01,786732980.85,2191883.3,120,time63,379.5,714,834,654,sell,2024-12-26,205,385,374,12016,3081,136,406
107,1490273.45,40589.25,odd,58,2024-12-30,0.00991842788283,liquid_universe-2024-09-24-3081,daily_high_low_midpoint_proxy,13:30:00,40954.25,345,聯亞,09:00:00,0.01,794598612.85,2209691.3,107,time63,382.75,607,714,655,sell,2024-12-26,185,385.5,380,10788,3081,122,365
104,1530137.45,39864,odd,57,2024-12-31,0.00997601918465,liquid_universe-2024-09-24-3081,daily_high_low_midpoint_proxy,13:30:00,40222,345,聯亞,09:00:00,0.01,794393205.7,2206403.25,104,time63,386.75,503,607,656,sell,2024-12-26,181,389,384.5,10425,3081,120,358
117,1573244.2,43106.75,odd,62,2025-01-02,0.00997442455243,liquid_universe-2024-09-24-3081,daily_high_low_midpoint_proxy,13:30:00,43494.75,348.5,聯亞,09:00:00,0.01,790133579.8,2191913.55,117,time63,371.75,386,503,657,sell,2024-12-26,196,376.5,367,11730,3081,130,388
54000,452644.2,-1120600,board,1587,2025-01-02,0.000650678413581,liquid_universe-2024-12-31-2233,daily_high_low_midpoint_proxy,13:30:00,1114000,310.5,宇隆,08:59:00,0.01,1321080224.17,5494298.7,4000,leader_entry,278.5,4000,4000,658,buy,2024-12-31,5013,285.5,271.5,6147430,2233,0,6600
452,430831.2,-21813,odd,31,2025-01-02,0.00172269093158,liquid_universe-2024-12-31-2233,daily_high_low_midpoint_proxy,13:30:00,21684,310.5,宇隆,09:00:00,0.01,1321080224.17,5494298.7,78,leader_entry,278,4078,78,659,buy,2024-12-31,98,285.5,270.5,45278,2233,0,129
88,462926.2,32095,odd,46,2025-01-03,0.00998638220608,liquid_universe-2024-09-24-3081,daily_high_low_midpoint_proxy,13:30:00,32384,329.5,聯亞,09:00:00,0.01,782550364.875,2171669.05,88,time63,368,298,386,660,sell,2024-12-26,146,373,363,8812,3081,97,289
61,485173.2,22247,odd,32,2025-01-06,0.0098721475967,liquid_universe-2024-09-24-3081,daily_high_low_midpoint_proxy,13:30:00,22448,329,聯亞,09:00:00,0.01,778355113.05,2160507.7,61,time63,368,237,298,661,sell,2024-12-26,102,369,367,6179,3081,67,201
72,511825.2,26652,odd,38,2025-01-07,0.00993788819876,liquid_universe-2024-09-24-3081,daily_high_low_midpoint_proxy,13:30:00,26892,330,聯亞,09:00:00,0.01,775131030.575,2151318.2,72,time63,373.5,165,237,662,sell,2024-12-26,122,377,370,7245,3081,80,240
55,532102.2,20277,odd,29,2025-01-08,0.00997641937239,liquid_universe-2024-09-24-3081,daily_high_low_midpoint_proxy,13:30:00,20460,334.5,聯亞,09:00:00,0.01,772024692.925,2141092.15,55,time63,372,110,165,663,sell,2024-12-26,93,374.5,369.5,5513,3081,61,183
134,573447.7,41345.5,odd,59,2025-01-09,0.00819427890346,liquid_universe-2024-09-24-3081,daily_high_low_midpoint_proxy,13:30:00,41717.5,335.5,聯亞,09:00:00,0.01,773472194.975,2144151.25,110,time63,379.25,0,110,664,sell,2024-12-26,188,384,374.5,13424,3081,125,372
34000,1490191.7,916744,board,1318,2025-01-13,0.00114576739203,liquid_universe-2024-12-31-2233,daily_high_low_midpoint_proxy,13:30:00,925000,211.5,宇隆,08:59:00,0.01,1691904139.35,6780030.35,4000,loss12,231.25,78,4000,665,sell,2025-01-10,4163,238,224.5,3491110,2233,2775,8256
282,1508086.7,17895,odd,26,2025-01-13,0.00276380128977,liquid_universe-2024-12-31-2233,daily_high_low_midpoint_proxy,13:30:00,18057,211.5,宇隆,09:00:00,0.01,1691904139.35,6780030.35,78,loss12,231.5,0,78,666,sell,2025-01-10,82,239,224,28222,2233,54,162
19000,950954.7,-557132,board,789,2025-01-14,0.00249818060136,liquid_universe-2025-01-13-3373,daily_high_low_midpoint_proxy,13:30:00,553850,33.85,熱映,08:59:00,0.01,55249959.195,1994624.2,19000,leader_entry,29.15,19000,33000,667,buy,2025-01-13,2493,30.5,27.8,7605535,3373,0,3282
104,947948.9,-3005.8,odd,20,2025-01-14,0.00991987790919,liquid_universe-2025-01-13-3373,daily_high_low_midpoint_proxy,13:30:00,2971.8,33.85,熱映,09:00:00,0.01,55249959.195,1994624.2,104,leader_entry,28.575,19104,496,668,buy,2025-01-13,14,29.15,28,10484,3373,0,34
7000,1116357.9,168409,board,242,2025-01-22,0.00899754495559,liquid_universe-2025-01-13-3373,daily_high_low_midpoint_proxy,13:30:00,169925,21.8,熱映,08:59:00,0.01,85945978.7475,3160832.55,7000,loss12,24.275,12104,19000,669,sell,2025-01-21,765,24.55,24,777990,3373,509,1516
18,1116792,434.1,odd,20,2025-01-22,0.00953389830508,liquid_universe-2025-01-13-3373,daily_high_low_midpoint_proxy,13:30:00,458.1,21.8,熱映,09:00:00,0.01,85945978.7475,3160832.55,18,loss12,25.45,12086,104,670,sell,2025-01-21,3,26.6,24.3,1888,3373,1,24
31000,1416196,299404,board,430,2025-02-03,0.00275600027193,liquid_universe-2025-01-13-3373,daily_high_low_midpoint_proxy,13:30:00,302100,22.05,熱映,08:59:00,0.01,86859760.1925,3197779,12000,loss12,25.175,86,12000,671,sell,2025-01-21,1360,26.95,23.4,4354136,3373,906,2696
61,1417709.83,1513.83,odd,20,2025-02-03,0.00994781474234,liquid_universe-2025-01-13-3373,daily_high_low_midpoint_proxy,13:30:00,1544.83,22.05,熱映,09:00:00,0.01,86859760.1925,3197779,61,loss12,25.325,25,86,672,sell,2025-01-21,7,26.95,23.7,6132,3373,4,31
43000,2269538.83,851829,board,1225,2025-02-04,0.00418555495227,liquid_universe-2024-12-18-4540,daily_high_low_midpoint_proxy,13:30:00,859500,43.45,全球傳動,08:59:00,0.01,423522521.87,7627497.45,18000,loss12,47.75,440,18000,673,sell,2025-02-03,3868,49.4,46.1,4300505,4540,2578,7671
193,2278733.13,9194.3,odd,20,2025-02-04,0.00995872033024,liquid_universe-2024-12-18-4540,daily_high_low_midpoint_proxy,13:30:00,9283.3,43.45,全球傳動,09:00:00,0.01,423522521.87,7627497.45,193,loss12,48.1,247,440,674,sell,2025-02-03,42,49.6,46.6,19380,4540,27,89
15,2279093.38,360.25,odd,20,2025-02-04,0.0094696969697,liquid_universe-2025-01-13-3373,daily_high_low_midpoint_proxy,13:30:00,383.25,23.5,熱映,09:00:00,0.01,92323011.5925,3404755.6,15,loss12,25.55,10,25,675,sell,2025-01-21,2,26.05,25.05,1584,3373,1,23
11000,1274927.38,-1004166,board,1423,2025-02-04,0.00185964451374,liquid_universe-2025-02-03-2466,daily_high_low_midpoint_proxy,13:30:00,998250,96.8,冠西電,08:59:00,0.01,85760992.555,1160975.2,11000,leader_entry,90.75,11000,11000,676,buy,2025-02-03,4493,95,86.5,5915109,2466,0,5916
106,1264908.98,-10018.4,odd,20,2025-02-04,0.00990746798766,liquid_universe-2025-02-03-2466,daily_high_low_midpoint_proxy,13:30:00,9953.4,96.8,冠西電,09:00:00,0.01,85760992.555,1160975.2,106,leader_entry,93.9,11106,240,677,buy,2025-02-03,45,96.8,91,10699,2466,0,65
307,1277287.01,12378.03,odd,20,2025-02-05,0.00803330406218,liquid_universe-2024-12-18-4540,daily_high_low_midpoint_proxy,13:30:00,12492.03,43.45,全球傳動,09:00:00,0.01,419865960.522,7607094.35,247,loss12,50.575,0,247,678,sell,2025-02-03,57,53,48.15,30747,4540,37,114
33,1277513.26,226.25,odd,20,2025-02-05,0.0030193236715,liquid_universe-2025-01-13-3373,daily_high_low_midpoint_proxy,13:30:00,248.25,22.55,熱映,09:00:00,0.01,94732356.38,3499403.8,10,loss12,24.825,0,10,679,sell,2025-01-21,2,25.05,24.6,3312,3373,0,22
7000,421219.26,-856294,board,1213,2025-02-05,0.00116751696928,liquid_universe-2025-02-04-6568,daily_high_low_midpoint_proxy,13:30:00,851250,182,宏觀,08:59:00,0.01,105768506.575,733435.7,5000,leader_entry,170.25,5000,5000,680,buy,2025-02-04,3831,177.5,163,4282593,6568,0,5044
261,376388.51,-44830.75,odd,64,2025-02-05,0.00998890122087,liquid_universe-2025-02-04-6568,daily_high_low_midpoint_proxy,13:30:00,44565.75,182,宏觀,09:00:00,0.01,105768506.575,733435.7,261,leader_entry,170.75,5261,911,681,buy,2025-02-04,201,178,163.5,26129,6568,0,265
3000,846158.51,469770,board,675,2025-02-21,0.00824153182605,liquid_universe-2025-02-04-6568,daily_high_low_midpoint_proxy,13:30:00,474000,140,宏觀,08:59:00,0.01,175963389.4,1116212.95,3000,stall5weak,158,2261,5000,682,sell,2025-02-20,2133,160.5,155.5,364010,6568,1422,4230
49,853822.51,7664,odd,20,2025-02-21,0.00981963927856,liquid_universe-2025-02-04-6568,daily_high_low_midpoint_proxy,13:30:00,7742,140,宏觀,09:00:00,0.01,175963389.4,1116212.95,49,stall5weak,158,2212,261,683,sell,2025-02-20,35,160.5,155.5,4990,6568,23,78
4000,1174435.51,320613,board,461,2025-02-24,0.00446869456026,liquid_universe-2025-02-04-6568,daily_high_low_midpoint_proxy,13:30:00,323500,144,宏觀,08:59:00,0.01,174679944.125,1104338,2000,stall5weak,161.75,212,2000,684,sell,2025-02-20,1456,166,157.5,447558,6568,970,2887
64,1184562.51,10127,odd,20,2025-02-24,0.0099117237107,liquid_universe-2025-02-04-6568,daily_high_low_midpoint_proxy,13:30:00,10224,144,宏觀,09:00:00,0.01,174679944.125,1104338,64,stall5weak,159.75,148,212,685,sell,2025-02-20,47,165,154.5,6457,6568,30,97
207,1207187.51,22625,odd,33,2025-02-25,0.00713184271396,liquid_universe-2025-02-04-6568,daily_high_low_midpoint_proxy,13:30:00,22829,145,宏觀,09:00:00,0.01,162646235.925,1016599.35,148,stall5weak,154.25,0,148,686,sell,2025-02-20,103,160,148.5,20752,6568,68,204
210000,195175.51,-1012012,board,1434,2025-02-25,0.000429234046528,liquid_universe-2025-02-24-4916,daily_high_low_midpoint_proxy,13:30:00,1006050,57.5,事欣科,08:59:00,0.01,953410597.055,21048896.15,19000,leader_entry,52.95,19000,19000,687,buy,2025-02-24,4528,54.8,51.1,44264895,4916,0,5962
616,162240.11,-32935.4,odd,47,2025-02-25,0.00999902606889,liquid_universe-2025-02-24-4916,daily_high_low_midpoint_proxy,13:30:00,32740.4,57.5,事欣科,09:00:00,0.01,953410597.055,21048896.15,616,leader_entry,53.15,19616,900,688,buy,2025-02-24,148,54.8,51.5,61606,4916,0,195
7000,767192.11,604952,board,870,2025-02-27,0.0092269770446,liquid_universe-2025-02-03-2466,daily_high_low_midpoint_proxy,13:30:00,610400,79,冠西電,08:59:00,0.01,132402664.775,1503699.8,7000,stall5weak,87.2,4106,11000,689,sell,2025-02-26,2747,90.3,84.1,758645,2466,1831,5448
45,771080.61,3888.5,odd,20,2025-02-27,0.00990752972259,liquid_universe-2025-02-03-2466,daily_high_low_midpoint_proxy,13:30:00,3937.5,79,冠西電,09:00:00,0.01,132402664.775,1503699.8,45,stall5weak,87.5,4061,106,690,sell,2025-02-26,18,89.8,85.2,4542,2466,11,49
13000,1086043.61,314963,board,453,2025-03-03,0.00290388925147,liquid_universe-2025-02-03-2466,daily_high_low_midpoint_proxy,13:30:00,317800,76.3,冠西電,08:59:00,0.01,128810123.19,1451254.85,4000,stall5weak,79.45,61,4000,691,sell,2025-02-26,1431,82.6,76.3,1377463,2466,953,2837
83,1090724.26,4680.65,odd,20,2025-03-03,0.00734585741811,liquid_universe-2025-02-03-2466,daily_high_low_midpoint_proxy,13:30:00,4736.65,76.3,冠西電,09:00:00,0.01,128810123.19,1451254.85,61,stall5weak,77.65,0,61,692,sell,2025-02-26,22,79,76.3,8304,2466,14,56
123000,1955982.26,865258,board,1244,2025-03-12,0.00153973671475,liquid_universe-2025-02-24-4916,daily_high_low_midpoint_proxy,13:30:00,873050,40.85,事欣科,08:59:00,0.01,1434146500.68,29490675.6,19000,loss12,45.95,616,19000,693,sell,2025-03-11,3929,47.4,44.5,12339772,4916,2619,7792
285,1968967.13,12984.87,odd,20,2025-03-12,0.00997340425532,liquid_universe-2025-02-24-4916,daily_high_low_midpoint_proxy,13:30:00,13102.87,40.85,事欣科,09:00:00,0.01,1434146500.68,29490675.6,285,loss12,45.975,331,616,694,sell,2025-03-11,59,47.3,44.65,28576,4916,39,118
296,1982138.53,13171.4,odd,20,2025-03-13,0.00997943427396,liquid_universe-2025-02-24-4916,daily_high_low_midpoint_proxy,13:30:00,13290.4,41.1,事欣科,09:00:00,0.01,1429097037.74,29241562.7,296,loss12,44.9,35,331,695,sell,2025-03-11,60,46.15,43.65,29661,4916,39,119
148,1983646.66,1508.13,odd,20,2025-03-14,0.00236342764535,liquid_universe-2025-02-24-4916,daily_high_low_midpoint_proxy,13:30:00,1539.13,39.25,事欣科,09:00:00,0.01,1428169737.59,29150809,35,loss12,43.975,0,35,696,sell,2025-03-11,7,44.6,43.35,14809,4916,4,31
182000,2819122.66,835476,board,1201,2025-03-31,0.000327999711798,liquid_universe-2024-12-18-3019,daily_high_low_midpoint_proxy,13:30:00,843000,135,亞光,08:59:00,0.01,3076489229.2,18711228.4,6000,time63,140.5,140,6000,697,sell,2025-03-28,3794,145,136,18292699,3019,2529,7524
1520,2838582.66,19460,odd,28,2025-03-31,0.000920882995238,liquid_universe-2024-12-18-3019,daily_high_low_midpoint_proxy,13:30:00,19635,135,亞光,09:00:00,0.01,3076489229.2,18711228.4,140,time63,140.25,0,140,698,sell,2025-03-28,89,144,136.5,152028,3019,58,175
82000,2090677.66,-747905,board,1059,2025-06-11,0.00049262071412,liquid_universe-2025-06-10-2429,daily_high_low_midpoint_proxy,13:30:00,743500,86.4,銘旺科,08:59:00,0.01,541971225.79,8220496.9,10000,leader_entry,74.35,10000,10000,699,buy,2025-06-10,3346,77.9,70.8,20299593,2429,0,4405
454,2057132.36,-33545.3,odd,48,2025-06-11,0.00999053759655,liquid_universe-2025-06-10-2429,daily_high_low_midpoint_proxy,13:30:00,33346.3,86.4,銘旺科,09:00:00,0.01,541971225.79,8220496.9,454,leader_entry,73.45,10454,886,700,buy,2025-06-10,151,76,70.9,45443,2429,0,199
20000,1358014.36,-699118,board,990,2025-06-11,0.00555332188609,liquid_universe-2025-06-10-6838,daily_high_low_midpoint_proxy,13:30:00,695000,38.15,台新藥,08:59:00,0.01,62207334.405,2013298.25,20000,leader_entry,34.75,20000,24000,701,buy,2025-06-10,3128,36,33.5,3601448,6838,0,4118
123,1353724.71,-4289.65,odd,20,2025-06-11,0.00996920084292,liquid_universe-2025-06-10-6838,daily_high_low_midpoint_proxy,13:30:00,4249.65,38.15,台新藥,09:00:00,0.01,62207334.405,2013298.25,123,leader_entry,34.55,20123,655,702,buy,2025-06-10,20,35.45,33.65,12338,6838,0,40
41000,522176.71,-831548,board,1178,2025-06-11,0.000682842205285,liquid_universe-2025-06-10-4722,daily_high_low_midpoint_proxy,13:30:00,826650,81.9,國精化,08:59:00,0.01,271067310.85,4199158.15,11000,leader_entry,75.15,11000,11000,703,buy,2025-06-10,3720,77,73.3,16109139,4722,0,4898
360,494798.71,-27378,odd,39,2025-06-11,0.00998973277465,liquid_universe-2025-06-10-4722,daily_high_low_midpoint_proxy,13:30:00,27216,81.9,國精化,09:00:00,0.01,271067310.85,4199158.15,360,leader_entry,75.6,11360,484,704,buy,2025-06-10,123,77.5,73.7,36037,4722,0,162
7000,956490.71,461692,board,664,2025-07-02,0.00881903096488,liquid_universe-2025-06-10-4722,daily_high_low_midpoint_proxy,13:30:00,465850,59.4,國精化,08:59:00,0.01,361975420.495,5002592.15,7000,loss12,66.55,4360,11000,705,sell,2025-07-01,2097,67.5,65.6,793738,4722,1397,4158
60,960425.71,3935,odd,20,2025-07-02,0.00996677740864,liquid_universe-2025-06-10-4722,daily_high_low_midpoint_proxy,13:30:00,3984,59.4,國精化,09:00:00,0.01,361975420.495,5002592.15,60,loss12,66.4,4300,360,706,sell,2025-07-01,18,67.1,65.7,6020,4722,11,49
7000,1222268.71,261843,board,376,2025-07-03,0.00543908362319,liquid_universe-2025-06-10-4722,daily_high_low_midpoint_proxy,13:30:00,264200,59.1,國精化,08:59:00,0.01,352738051.415,4857842.45,4000,loss12,66.05,300,4000,707,sell,2025-07-01,1189,67,65.1,735418,4722,792,2357
37,1224675.41,2406.7,odd,20,2025-07-03,0.00993555316864,liquid_universe-2025-06-10-4722,daily_high_low_midpoint_proxy,13:30:00,2445.7,59.1,國精化,09:00:00,0.01,352738051.415,4857842.45,37,loss12,66.1,263,300,708,sell,2025-07-01,12,66.8,65.4,3724,4722,7,39
44,1227494.41,2819,odd,20,2025-07-04,0.00996151233869,liquid_universe-2025-06-10-4722,daily_high_low_midpoint_proxy,13:30:00,2860,58.7,國精化,09:00:00,0.01,346120788.83,4753094.9,44,loss12,65,219,263,709,sell,2025-07-01,13,66,64,4417,4722,8,41
184000,461783.41,-765711,board,1085,2025-07-04,0.000183127540707,liquid_universe-2025-07-03-3297,daily_high_low_midpoint_proxy,13:30:00,761200,72.7,杭特,08:59:00,0.01,976869906.01,18477159.1,11000,leader_entry,69.2,11000,11000,710,buy,2025-07-03,3426,71.2,67.2,60067426,3297,0,4511
605,419638.16,-42145.25,odd,60,2025-07-04,0.00998415737012,liquid_universe-2025-07-03-3297,daily_high_low_midpoint_proxy,13:30:00,41896.25,72.7,杭特,09:00:00,0.01,976869906.01,18477159.1,605,leader_entry,69.25,11605,935,711,buy,2025-07-03,189,71,67.5,60596,3297,0,249
22000,1016760.16,597122,board,859,2025-07-07,0.0044364352001,liquid_universe-2025-06-10-2429,daily_high_low_midpoint_proxy,13:30:00,602500,54.4,銘旺科,08:59:00,0.01,813653150.215,11165224.55,10000,loss12,60.25,454,10000,712,sell,2025-07-04,2712,61.5,59,2254062,2429,1807,5378
89,1022145.96,5385.8,odd,20,2025-07-07,0.00994191242181,liquid_universe-2025-06-10-2429,daily_high_low_midpoint_proxy,13:30:00,5446.8,54.4,銘旺科,09:00:00,0.01,813653150.215,11165224.55,89,loss12,61.2,365,454,713,sell,2025-07-04,25,63,59.4,8952,2429,16,61
46,1025029.56,2883.6,odd,20,2025-07-07,0.0098374679213,liquid_universe-2025-06-10-4722,daily_high_low_midpoint_proxy,13:30:00,2925.6,57.7,國精化,09:00:00,0.01,335261312.89,4588474.4,46,loss12,63.6,173,219,714,sell,2025-07-01,14,63.8,63.4,4676,4722,8,42
105,1031319.31,6289.75,odd,20,2025-07-08,0.0099677235618,liquid_universe-2025-06-10-2429,daily_high_low_midpoint_proxy,13:30:00,6357.75,53.5,銘旺科,09:00:00,0.01,750610478.93,10302581.7,105,loss12,60.55,260,365,715,sell,2025-07-04,29,62.1,59,10534,2429,19,68
53,1034577.21,3257.9,odd,20,2025-07-08,0.00998304765493,liquid_universe-2025-06-10-4722,daily_high_low_midpoint_proxy,13:30:00,3301.9,56.7,國精化,09:00:00,0.01,314597046.31,4293079.6,53,loss12,62.3,120,173,716,sell,2025-07-01,15,62.8,61.8,5309,4722,9,44
38000,325399.21,-709178,board,1005,2025-07-08,0.000257130564833,liquid_universe-2025-07-07-4971,daily_high_low_midpoint_proxy,13:30:00,705000,154.5,IET-KY,08:59:00,0.01,482936338.075,3837678.25,5000,leader_entry,141,5000,5000,717,buy,2025-07-07,3173,145,137,19445374,4971,0,4178
279,285966.71,-39432.5,odd,56,2025-07-08,0.00997247739214,liquid_universe-2025-07-07-4971,daily_high_low_midpoint_proxy,13:30:00,39199.5,154.5,IET-KY,09:00:00,0.01,482936338.075,3837678.25,279,leader_entry,140.5,5279,395,718,buy,2025-07-07,177,143.5,137.5,27977,4971,0,233
82,290984.51,5017.8,odd,20,2025-07-09,0.00988428158149,liquid_universe-2025-06-10-2429,daily_high_low_midpoint_proxy,13:30:00,5075.8,55.7,銘旺科,09:00:00,0.01,570381526.25,8041927.5,82,loss12,61.9,178,260,719,sell,2025-07-04,23,62.2,61.6,8296,2429,15,58
31,292903.51,1919,odd,20,2025-07-09,0.0099806825499,liquid_universe-2025-06-10-4722,daily_high_low_midpoint_proxy,13:30:00,1953,55.8,國精化,09:00:00,0.01,271909656.465,3732777.45,31,loss12,63,89,120,720,sell,2025-07-01,9,64,62,3106,4722,5,34
93,298541.41,5637.9,odd,20,2025-07-10,0.00990099009901,liquid_universe-2025-06-10-2429,daily_high_low_midpoint_proxy,13:30:00,5700.9,55.8,銘旺科,09:00:00,0.01,503684466.95,7110364.65,93,loss12,61.3,85,178,721,sell,2025-07-04,26,62.5,60.1,9393,2429,17,63
49,301613.81,3072.4,odd,20,2025-07-10,0.00992304576752,liquid_universe-2025-06-10-4722,daily_high_low_midpoint_proxy,13:30:00,3116.4,56,國精化,09:00:00,0.01,212285429.5,2956776.1,49,loss12,63.6,40,89,722,sell,2025-07-01,15,65,62.2,4938,4722,9,44
170,306886.56,5272.75,odd,20,2025-07-11,0.00498884845639,liquid_universe-2025-06-10-2429,daily_high_low_midpoint_proxy,13:30:00,5333.75,54.3,銘旺科,09:00:00,0.01,423425372.94,6019392.95,85,loss12,62.75,0,85,723,sell,2025-07-04,25,66,59.5,17038,2429,16,61
29,308676.66,1790.1,odd,20,2025-07-11,0.00991452991453,liquid_universe-2025-06-10-4722,daily_high_low_midpoint_proxy,13:30:00,1824.1,57,國精化,09:00:00,0.01,193586940.16,2715544.3,29,loss12,62.9,11,40,724,sell,2025-07-01,9,63.3,62.5,2925,4722,5,34
35,309344.21,667.55,odd,20,2025-07-14,0.00306406685237,liquid_universe-2025-06-10-4722,daily_high_low_midpoint_proxy,13:30:00,693.55,56.3,國精化,09:00:00,0.01,171849336.535,2424735.05,11,loss12,63.05,0,11,725,sell,2025-07-01,4,64.1,62,3590,4722,2,26
24000,974355.21,665011,board,956,2025-07-23,0.00443992917102,liquid_universe-2025-07-03-3297,daily_high_low_midpoint_proxy,13:30:00,671000,55,杭特,08:59:00,0.01,1463399736.38,22982757.75,11000,stall5weak,61,605,11000,726,sell,2025-07-22,3020,62.2,59.8,2477517,3297,2013,5989
156,983756.81,9401.6,odd,20,2025-07-23,0.00994834513105,liquid_universe-2025-07-03-3297,daily_high_low_midpoint_proxy,13:30:00,9492.6,55,杭特,09:00:00,0.01,1463399736.38,22982757.75,156,stall5weak,60.85,449,605,727,sell,2025-07-22,43,61.6,60.1,15681,3297,28,91
205,995873.06,12116.25,odd,20,2025-07-24,0.00996064331179,liquid_universe-2025-07-03-3297,daily_high_low_midpoint_proxy,13:30:00,12228.25,54,杭特,09:00:00,0.01,1460578901.84,22882786.65,205,stall5weak,59.65,244,449,728,sell,2025-07-22,56,61.5,57.8,20581,3297,36,112
320000,303797.06,-692076,board,980,2025-07-24,0.000114475534346,liquid_universe-2025-07-23-3167,daily_high_low_midpoint_proxy,13:30:00,688000,189,大量,08:59:00,0.01,4783708980.88,32037096.85,4000,leader_entry,172,4000,4000,729,buy,2025-07-23,3096,177.5,166.5,34941964,3167,0,4076
648,260305.31,-43491.75,odd,62,2025-07-24,0.00386939631251,liquid_universe-2025-07-23-3167,daily_high_low_midpoint_proxy,13:30:00,43234.75,189,大量,09:00:00,0.01,4783708980.88,32037096.85,251,leader_entry,172.25,4251,251,730,buy,2025-07-23,195,177.5,167,64868,3167,0,257
148,268921.71,8616.4,odd,20,2025-07-25,0.00999797338377,liquid_universe-2025-07-03-3297,daily_high_low_midpoint_proxy,13:30:00,8702.4,52.3,杭特,09:00:00,0.01,1448890499.99,22623635.2,148,stall5weak,58.8,96,244,731,sell,2025-07-22,40,60.8,56.8,14803,3297,26,86
106,274265.51,5343.8,odd,20,2025-07-28,0.00901239203905,liquid_universe-2025-07-03-3297,daily_high_low_midpoint_proxy,13:30:00,5404.8,51.2,杭特,09:00:00,0.01,1394073748.66,21616812.25,96,stall5weak,56.3,0,96,732,sell,2025-07-22,25,57.3,55.3,10652,3297,16,61
2000,337049.51,62784,board,90,2025-09-08,0.00737226627151,liquid_universe-2025-06-10-6838,daily_high_low_midpoint_proxy,13:30:00,63350,28.25,台新藥,08:59:00,0.01,15572462.4375,481006.05,2000,time63,31.675,18123,20000,733,sell,2025-09-05,286,31.95,31.4,271287,6838,190,566
12,337407.51,358,odd,20,2025-09-08,0.00932400932401,liquid_universe-2025-06-10-6838,daily_high_low_midpoint_proxy,13:30:00,381,28.25,台新藥,09:00:00,0.01,15572462.4375,481006.05,12,time63,31.75,18111,123,734,sell,2025-09-05,2,32,31.5,1287,6838,1,23
4000,460993.51,123586,board,178,2025-09-09,0.00890010301869,liquid_universe-2025-06-10-6838,daily_high_low_midpoint_proxy,13:30:00,124700,28.4,台新藥,08:59:00,0.01,15559297.705,480107.45,4000,time63,31.175,14111,18000,735,sell,2025-09-05,562,31.65,30.7,449433,6838,374,1114
33,462005.01,1011.5,odd,20,2025-09-09,0.00990099009901,liquid_universe-2025-06-10-6838,daily_high_low_midpoint_proxy,13:30:00,1039.5,28.4,台新藥,09:00:00,0.01,15559297.705,480107.45,33,time63,31.5,14078,111,736,sell,2025-09-05,5,32,31,3333,6838,3,28
2000,523204.01,61199,board,88,2025-09-10,0.00713490681812,liquid_universe-2025-06-10-6838,daily_high_low_midpoint_proxy,13:30:00,61750,28.05,台新藥,08:59:00,0.01,15880793.0425,490447.8,2000,time63,30.875,12078,14000,737,sell,2025-09-05,278,31.15,30.6,280312,6838,185,551
13,523582.39,378.38,odd,20,2025-09-10,0.00990853658537,liquid_universe-2025-06-10-6838,daily_high_low_midpoint_proxy,13:30:00,401.38,28.05,台新藥,09:00:00,0.01,15880793.0425,490447.8,13,time63,30.875,12065,78,738,sell,2025-09-05,2,31.05,30.7,1312,6838,1,23
3000,614785.39,91203,board,131,2025-09-11,0.00868299262235,liquid_universe-2025-06-10-6838,daily_high_low_midpoint_proxy,13:30:00,92025,27.9,台新藥,08:59:00,0.01,14357171.6375,443862.65,3000,time63,30.675,9065,12000,739,sell,2025-09-05,415,31,30.35,345503,6838,276,822
25,615527.52,742.13,odd,20,2025-09-11,0.00998801438274,liquid_universe-2025-06-10-6838,daily_high_low_midpoint_proxy,13:30:00,768.13,27.9,台新藥,09:00:00,0.01,14357171.6375,443862.65,25,time63,30.725,9040,65,740,sell,2025-09-05,4,30.95,30.5,2503,6838,2,26
1000,645927.52,30400,board,44,2025-09-12,0.0065459591794,liquid_universe-2025-06-10-6838,daily_high_low_midpoint_proxy,13:30:00,30675,27.35,台新藥,08:59:00,0.01,14239670.565,441390.05,1000,time63,30.675,8040,9000,741,sell,2025-09-05,139,30.95,30.4,152766,6838,92,275
17,646426.7,499.18,odd,20,2025-09-12,0.00962627406569,liquid_universe-2025-06-10-6838,daily_high_low_midpoint_proxy,13:30:00,523.18,27.35,台新藥,09:00:00,0.01,14239670.565,441390.05,17,time63,30.775,8023,40,742,sell,2025-09-05,3,30.9,30.65,1766,6838,1,24
2000,707030.7,60604,board,87,2025-09-15,0.00803193497345,liquid_universe-2025-06-10-6838,daily_high_low_midpoint_proxy,13:30:00,61150,27.45,台新藥,08:59:00,0.01,13739178.675,426472.1,2000,time63,30.575,6023,8000,743,sell,2025-09-05,276,30.85,30.3,249006,6838,183,546
9,707284.1,253.4,odd,20,2025-09-15,0.00905432595573,liquid_universe-2025-06-10-6838,daily_high_low_midpoint_proxy,13:30:00,275.4,27.45,台新藥,09:00:00,0.01,13739178.675,426472.1,9,time63,30.6,6014,23,744,sell,2025-09-05,2,30.7,30.5,994,6838,0,22
1000,737709.1,30425,board,44,2025-09-16,0.00530315484682,liquid_universe-2025-06-10-6838,daily_high_low_midpoint_proxy,13:30:00,30700,27.35,台新藥,08:59:00,0.01,13373840.86,416332.6,1000,time63,30.7,5014,6000,745,sell,2025-09-05,139,30.9,30.5,188567,6838,92,275
5,737841.48,132.38,odd,20,2025-09-16,0.00881834215168,liquid_universe-2025-06-10-6838,daily_high_low_midpoint_proxy,13:30:00,153.38,27.35,台新藥,09:00:00,0.01,13373840.86,416332.6,5,time63,30.675,5009,14,746,sell,2025-09-05,1,30.8,30.55,567,6838,0,21
3000,829416.48,91575,board,132,2025-09-17,0.00930610573597,liquid_universe-2025-06-10-6838,daily_high_low_midpoint_proxy,13:30:00,92400,27.65,台新藥,08:59:00,0.01,13183063.2175,411097.5,3000,time63,30.8,2009,5000,747,sell,2025-09-05,416,31.15,30.45,322369,6838,277,825
23,829675.05,258.57,odd,20,2025-09-17,0.00379907133812,liquid_universe-2025-06-10-6838,daily_high_low_midpoint_proxy,13:30:00,280.57,27.65,台新藥,09:00:00,0.01,13183063.2175,411097.5,9,time63,31.175,2000,9,748,sell,2025-09-05,2,31.9,30.45,2369,6838,0,22
2000,895565.81,61645,board,89,2025-09-18,0.00762834693722,liquid_universe-2025-06-10-6838,daily_high_low_midpoint_proxy,13:30:00,62200,27.6,台新藥,08:59:00,0.01,13025260.43,407190.35,2000,time63,31.1,0,2000,749,sell,2025-09-05,280,31.5,30.7,262180,6838,186,555
2197000,122813.81,-772752,board,1095,2025-09-19,3.95287249298e-05,liquid_universe-2025-09-18-2344,daily_high_low_midpoint_proxy,13:30:00,768200,35.5,華邦電,08:59:00,0.01,5693438433.16,219774127.9,23000,leader_entry,33.4,23000,23000,750,buy,2025-09-18,3457,34.3,32.5,581855348,2344,0,4552
11611,97474.63,-25339.18,odd,36,2025-09-19,0.000651916306692,liquid_universe-2025-09-18-2344,daily_high_low_midpoint_proxy,13:30:00,25189.18,35.5,華邦電,09:00:00,0.01,5693438433.16,219774127.9,757,leader_entry,33.275,23757,757,751,buy,2025-09-18,114,34,32.55,1161192,2344,0,150
4000,696083.63,598609,board,861,2025-10-07,0.00891865738532,liquid_universe-2025-07-07-4971,daily_high_low_midpoint_proxy,13:30:00,604000,135,IET-KY,08:59:00,0.01,233096504.675,1442879.55,4000,time63,151,1279,5000,752,sell,2025-10-03,2718,153.5,148.5,448498,4971,1812,5391
62,705370.13,9286.5,odd,20,2025-10-07,0.00985378258106,liquid_universe-2025-07-07-4971,daily_high_low_midpoint_proxy,13:30:00,9377.5,135,IET-KY,09:00:00,0.01,233096504.675,1442879.55,62,time63,151.25,1217,279,753,sell,2025-10-03,43,153,149.5,6292,4971,28,91
8000,857500.13,152130,board,219,2025-10-08,0.00121775684318,liquid_universe-2025-07-07-4971,daily_high_low_midpoint_proxy,13:30:00,153500,138,IET-KY,08:59:00,0.01,206220735.275,1292616.25,1000,time63,153.5,217,1000,754,sell,2025-10-03,691,156.5,150.5,821182,4971,460,1370
81,869860.13,12360,odd,20,2025-10-08,0.00993865030675,liquid_universe-2025-07-07-4971,daily_high_low_midpoint_proxy,13:30:00,12474,138,IET-KY,09:00:00,0.01,206220735.275,1292616.25,81,time63,154,136,217,755,sell,2025-10-03,57,156,152,8150,4971,37,114
211,890145.13,20285,odd,29,2025-10-09,0.00642904415241,liquid_universe-2025-07-07-4971,daily_high_low_midpoint_proxy,13:30:00,20468,138,IET-KY,09:00:00,0.01,178538892.125,1129688.05,136,time63,150.5,0,136,756,sell,2025-10-03,93,154.5,146.5,21154,4971,61,183
2112000,108038.13,-782107,board,1108,2025-10-09,7.58024806877e-05,liquid_universe-2025-10-08-6770,daily_high_low_midpoint_proxy,13:30:00,777500,34.1,力積電,08:59:00,0.01,5271528190.72,211278188.15,25000,leader_entry,31.1,25000,25000,757,buy,2025-10-08,3499,32,30.2,329804510,6770,0,4607
8426,96950.68,-11087.45,odd,20,2025-10-09,0.000424868830649,liquid_universe-2025-10-08-6770,daily_high_low_midpoint_proxy,13:30:00,11017.45,34.1,力積電,09:00:00,0.01,5271528190.72,211278188.15,358,leader_entry,30.775,25358,358,758,buy,2025-10-08,50,31.3,30.25,842613,6770,0,70
19000,735202.68,638252,board,918,2025-10-27,0.00200981594106,liquid_universe-2025-07-23-3167,daily_high_low_midpoint_proxy,13:30:00,644000,142,大量,08:59:00,0.01,699452854.9,3910149.45,4000,time63,161,251,4000,759,sell,2025-10-23,2898,163.5,158.5,1990232,3167,1932,5748
228,771527.68,36325,odd,52,2025-10-27,0.00995937622854,liquid_universe-2025-07-23-3167,daily_high_low_midpoint_proxy,13:30:00,36651,142,大量,09:00:00,0.01,699452854.9,3910149.45,228,time63,160.75,23,251,760,sell,2025-10-23,165,163,158.5,22893,3167,109,326
233,775182.68,3655,odd,20,2025-10-28,0.000984546894397,liquid_universe-2025-07-23-3167,daily_high_low_midpoint_proxy,13:30:00,3703,146.5,大量,09:00:00,0.01,685289096.65,3861688.4,23,time63,161,0,23,761,sell,2025-10-23,17,164,158,23361,3167,11,48
34000,158348.68,-616834,board,874,2025-10-28,0.00347153313897,liquid_universe-2025-10-27-8043,daily_high_low_midpoint_proxy,13:30:00,613200,59.6,蜜望實,08:59:00,0.01,828489127.503,18489604.05,12000,leader_entry,51.1,12000,12000,762,buy,2025-10-27,2760,52.5,49.7,3456686,8043,0,3634
367,139298.48,-19050.2,odd,27,2025-10-28,0.00998802525582,liquid_universe-2025-10-27-8043,daily_high_low_midpoint_proxy,13:30:00,18937.2,59.6,蜜望實,09:00:00,0.01,828489127.503,18489604.05,367,leader_entry,51.6,12367,868,763,buy,2025-10-27,86,53,50.2,36744,8043,0,113
16000,698562.48,559264,board,804,2025-11-06,0.00717232343832,liquid_universe-2025-10-27-8043,daily_high_low_midpoint_proxy,13:30:00,564300,40.45,蜜望實,08:59:00,0.01,635094138.737,13225429.35,12000,loss12,47.025,367,12000,764,sell,2025-11-05,2540,48.6,45.45,1673098,8043,1692,5036
134,704823.63,6261.15,odd,20,2025-11-06,0.00997023809524,liquid_universe-2025-10-27-8043,daily_high_low_midpoint_proxy,13:30:00,6328.15,40.45,蜜望實,09:00:00,0.01,635094138.737,13225429.35,134,loss12,47.225,233,367,765,sell,2025-11-05,29,48.9,45.55,13440,8043,18,67
64,707798.23,2974.6,odd,20,2025-11-07,0.00984918436442,liquid_universe-2025-10-27-8043,daily_high_low_midpoint_proxy,13:30:00,3017.6,43.65,蜜望實,09:00:00,0.01,545947089.362,11151673.85,64,loss12,47.15,169,233,766,sell,2025-11-05,14,47.6,46.7,6498,8043,9,43
1760000,107260.23,-600538,board,851,2025-11-07,1.71597814431e-05,liquid_universe-2025-11-06-2408,daily_high_low_midpoint_proxy,13:30:00,597000,162.5,南亞科,08:59:00,0.01,20294140888.8,176040383.45,4000,leader_entry,149.25,4000,4000,767,buy,2025-11-06,2687,153.5,145,233103202,2408,0,3538
14160,60568.48,-46691.75,odd,66,2025-11-07,0.000219631682612,liquid_universe-2025-11-06-2408,daily_high_low_midpoint_proxy,13:30:00,46416.75,162.5,南亞科,09:00:00,0.01,20294140888.8,176040383.45,311,leader_entry,149.25,4311,311,768,buy,2025-11-06,209,153.5,145,1416007,2408,0,275
154,67911.43,7342.95,odd,20,2025-11-10,0.00997473929659,liquid_universe-2025-10-27-8043,daily_high_low_midpoint_proxy,13:30:00,7418.95,41.85,蜜望實,09:00:00,0.01,518869849.282,10519588.65,154,loss12,48.175,15,169,769,sell,2025-11-05,34,49.7,46.65,15439,8043,22,76
365,68654.56,743.13,odd,20,2025-11-11,0.000410161056575,liquid_universe-2025-10-27-8043,daily_high_low_midpoint_proxy,13:30:00,769.13,44.25,蜜望實,09:00:00,0.01,503144684.528,10114850.65,15,loss12,51.275,0,15,770,sell,2025-11-05,4,52.7,49.85,36571,8043,2,26
1551000,1741787.56,1673133,board,2406,2025-12-23,0.000148199450455,liquid_universe-2025-09-18-2344,daily_high_low_midpoint_proxy,13:30:00,1688200,65.8,華邦電,08:59:00,0.01,21588590188.5,318199423.6,23000,time63,73.4,757,23000,771,sell,2025-12-22,7597,74.4,72.4,155196257,2344,5064,15067
6150,1797005.76,55218.2,odd,79,2025-12-23,0.00123089430894,liquid_universe-2025-09-18-2344,daily_high_low_midpoint_proxy,13:30:00,55715.2,65.8,華邦電,09:00:00,0.01,21588590188.5,318199423.6,757,time63,73.6,0,757,772,sell,2025-12-22,251,74.3,72.9,615000,2344,167,497
18000,859080.76,-937925,board,1329,2025-12-24,0.00986118195031,liquid_universe-2025-12-23-6588,daily_high_low_midpoint_proxy,13:30:00,932400,57,東典光電,08:59:00,0.01,111041036.808,2421281.5,18000,leader_entry,51.8,18000,20000,773,buy,2025-12-23,4196,52.8,50.8,1825339,6588,0,5525
108,853434.96,-5645.8,odd,20,2025-12-24,0.00994658316449,liquid_universe-2025-12-23-6588,daily_high_low_midpoint_proxy,13:30:00,5599.8,57,東典光電,09:00:00,0.01,111041036.808,2421281.5,108,leader_entry,51.85,18108,619,774,buy,2025-12-23,26,52.8,50.9,10858,6588,0,46
6000,1139904.96,286470,board,412,2026-01-09,0.00923972465621,liquid_universe-2025-12-23-6588,daily_high_low_midpoint_proxy,13:30:00,289050,42.75,東典光電,08:59:00,0.01,120015077.122,2453289.7,6000,stall5weak,48.175,12108,18000,775,sell,2026-01-08,1301,49.1,47.25,649370,6588,867,2580
63,1142898.56,2993.6,odd,20,2026-01-09,0.00989010989011,liquid_universe-2025-12-23-6588,daily_high_low_midpoint_proxy,13:30:00,3036.6,42.75,東典光電,09:00:00,0.01,120015077.122,2453289.7,63,stall5weak,48.2,12045,108,776,sell,2026-01-08,14,49.4,47,6370,6588,9,43
709000,2356964.56,1214066,board,1746,2026-01-12,0.000352409479291,liquid_universe-2025-10-08-6770,daily_high_low_midpoint_proxy,13:30:00,1225000,42.75,力積電,08:59:00,0.01,11634827097.8,281338046.15,25000,time63,49,358,25000,777,sell,2026-01-09,5513,50,48,70940203,6770,3675,10934
6034,2374341.61,17377.05,odd,25,2026-01-12,0.000593222024113,liquid_universe-2025-10-08-6770,daily_high_low_midpoint_proxy,13:30:00,17533.05,42.75,力積電,09:00:00,0.01,11634827097.8,281338046.15,358,time63,48.975,0,358,778,sell,2026-01-09,79,50,47.95,603484,6770,52,156
5000,2616659.61,242318,board,348,2026-01-12,0.00851497187505,liquid_universe-2025-12-23-6588,daily_high_low_midpoint_proxy,13:30:00,244500,42.95,東典光電,08:59:00,0.01,120380459.272,2455415.5,5000,stall5weak,48.9,7045,12000,779,sell,2026-01-08,1101,49.95,47.85,587201,6588,733,2182
49,2618833.11,2173.5,odd,20,2026-01-12,0.00900720576461,liquid_universe-2025-12-23-6588,daily_high_low_midpoint_proxy,13:30:00,2209.5,42.95,東典光電,09:00:00,0.01,120380459.272,2455415.5,45,stall5weak,49.1,7000,45,780,sell,2026-01-08,10,50,48.2,4996,6588,6,36
6000,2908573.11,289740,board,417,2026-01-13,0.00902528433406,liquid_universe-2025-12-23-6588,daily_high_low_midpoint_proxy,13:30:00,292350,44.8,東典光電,08:59:00,0.01,113729535.635,2293914.7,6000,stall5weak,48.725,1000,7000,781,sell,2026-01-08,1316,50.2,47.25,664799,6588,877,2610
710000,1699954.11,-1208619,board,1712,2026-01-13,4.62301372601e-05,liquid_universe-2026-01-12-2313,daily_high_low_midpoint_proxy,13:30:00,1201500,139.5,華通,08:59:00,0.01,7147984919.86,71063090.6,9000,leader_entry,133.5,9000,9000,782,buy,2026-01-12,5407,138,129,194678202,2313,0,7119
8732,1633230.11,-66724,odd,95,2026-01-13,0.000566847332554,liquid_universe-2026-01-12-2313,daily_high_low_midpoint_proxy,13:30:00,66330,139.5,華通,09:00:00,0.01,7147984919.86,71063090.6,495,leader_entry,134,9495,495,783,buy,2026-01-12,299,138,130,873251,2313,0,394
5000,1680628.11,47398,board,68,2026-01-14,0.00199967205378,liquid_universe-2025-12-23-6588,daily_high_low_midpoint_proxy,13:30:00,47825,42.55,東典光電,08:59:00,0.01,106200499.91,2132510.3,1000,stall5weak,47.825,0,1000,784,sell,2026-01-08,216,48.85,46.8,500082,6588,143,427
659000,535382.11,-1145246,board,1622,2026-01-15,0.000278988800999,liquid_universe-2026-01-14-6443,daily_high_low_midpoint_proxy,13:30:00,1138500,43.1,元晶,08:59:00,0.01,2085597638.49,65986692.3,30000,leader_entry,37.95,30000,30000,785,buy,2026-01-14,5124,38.8,37.1,107531198,6443,0,6746
4621,518769.91,-16612.2,odd,24,2026-01-15,0.000934727057535,liquid_universe-2026-01-14-6443,daily_high_low_midpoint_proxy,13:30:00,16513.2,43.1,元晶,09:00:00,0.01,2085597638.49,65986692.3,432,leader_entry,38.225,30432,432,786,buy,2026-01-14,75,39.15,37.3,462167,6443,0,99
686000,1566335.91,1047566,board,1506,2026-02-06,3.00455562742e-05,liquid_universe-2025-11-06-2408,daily_high_low_midpoint_proxy,13:30:00,1057000,247.5,南亞科,08:59:00,0.01,19524246205.4,68658790.2,4000,time63,264.25,311,4000,787,sell,2026-02-05,4757,277.5,251,133131168,2408,3171,9434
14431,1647938.16,81602.25,odd,117,2026-02-06,0.000215497529054,liquid_universe-2025-11-06-2408,daily_high_low_midpoint_proxy,13:30:00,82337.25,247.5,南亞科,09:00:00,0.01,19524246205.4,68658790.2,311,time63,264.75,0,311,788,sell,2026-02-05,371,277.5,252,1443172,2408,247,735
322000,290567.16,-1357371,board,1923,2026-02-09,0.00102689617466,liquid_universe-2026-02-06-3576,daily_high_low_midpoint_proxy,13:30:00,1349375,17.45,聯合再生,08:59:00,0.01,404512211.616,32286003.3,85000,leader_entry,15.875,85000,85000,789,buy,2026-02-06,6073,16.85,14.9,82773704,3576,0,7996
3367,290295.96,-271.2,odd,20,2026-02-09,4.75162371892e-05,liquid_universe-2026-02-06-3576,daily_high_low_midpoint_proxy,13:30:00,249.2,17.45,聯合再生,09:00:00,0.01,404512211.616,32286003.3,16,leader_entry,15.575,85016,16,790,buy,2026-02-06,2,16,15.15,336727,3576,0,22
958000,2203565.96,1913270,board,2751,2026-04-24,8.27848568284e-05,liquid_universe-2026-01-12-2313,daily_high_low_midpoint_proxy,13:30:00,1930500,200.5,華通,08:59:00,0.01,24942990272.8,95836535.1,9000,time63,214.5,495,9000,791,sell,2026-04-23,8688,224,205,108715535,2313,5791,17230
22032,2309040.96,105475,odd,152,2026-04-24,0.000224668511823,liquid_universe-2026-01-12-2313,daily_high_low_midpoint_proxy,13:30:00,106425,200.5,華通,09:00:00,0.01,24942990272.8,95836535.1,495,time63,215,0,495,792,sell,2026-04-23,479,224,206,2203246,2313,319,950
5000,1658960.96,-650080,board,921,2026-04-27,0.0016595620814,liquid_universe-2026-04-24-6735,daily_high_low_midpoint_proxy,13:30:00,646250,133.5,美達科技,08:59:00,0.01,57504528.835,588130.85,5000,leader_entry,129.25,5000,11000,793,buy,2026-04-24,2909,133.5,125,3012843,6735,0,3830
518,1591872.46,-67088.5,odd,95,2026-04-27,0.00999344059883,liquid_universe-2026-04-24-6735,daily_high_low_midpoint_proxy,13:30:00,66692.5,133.5,美達科技,09:00:00,0.01,57504528.835,588130.85,518,leader_entry,128.75,5518,675,794,buy,2026-04-24,301,133.5,124,51834,6735,0,396
45000,2648853.46,1056981,board,1520,2026-04-28,0.00658811438284,liquid_universe-2026-01-14-6443,daily_high_low_midpoint_proxy,13:30:00,1066500,33.75,元晶,08:59:00,0.01,828451297.658,21109603.8,30000,time63,35.55,432,30000,795,sell,2026-04-27,4800,36.05,35.05,4553655,6443,3199,9519
588,2664148.66,15295.2,odd,22,2026-04-28,0.0073362089461,liquid_universe-2026-01-14-6443,daily_high_low_midpoint_proxy,13:30:00,15433.2,33.75,元晶,09:00:00,0.01,828451297.658,21109603.8,432,time63,35.725,0,432,796,sell,2026-04-27,70,36,35.45,58886,6443,46,138
257,2038523.66,-625625,odd,886,2026-04-29,0.00999961091008,liquid_universe-2026-04-28-7750,daily_high_low_midpoint_proxy,13:30:00,621940,2640,新代,09:00:00,0.01,1110868235,600611.75,257,leader_entry,2420,257,592,797,buy,2026-04-28,2799,2490,2350,25701,7750,0,3685
13000,2577420.66,538897,board,775,2026-05-19,0.00332005752996,liquid_universe-2026-04-24-6735,daily_high_low_midpoint_proxy,13:30:00,543750,103,美達科技,08:59:00,0.01,164390246.19,1328477.1,5000,loss12,108.75,518,5000,798,sell,2026-05-18,2447,113.5,104,1505998,6735,1631,4853
187,2597901.16,20480.5,odd,29,2026-05-19,0.00997972035436,liquid_universe-2026-04-24-6735,daily_high_low_midpoint_proxy,13:30:00,20663.5,103,美達科技,09:00:00,0.01,164390246.19,1328477.1,187,loss12,110.5,331,518,799,sell,2026-05-18,93,114.5,106.5,18738,6735,61,183
86,2607014.16,9113,odd,20,2026-05-20,0.00999418942475,liquid_universe-2026-04-24-6735,daily_high_low_midpoint_proxy,13:30:00,9202,95.4,美達科技,09:00:00,0.01,171579994.13,1394280.1,86,loss12,107,245,331,800,sell,2026-05-18,42,109,105,8605,6735,27,89
43000,1309622.16,-1297392,board,1838,2026-05-20,0.00138649228795,liquid_universe-2026-05-19-3055,daily_high_low_midpoint_proxy,13:30:00,1289750,136,蔚華科,08:59:00,0.01,440039028.425,4374597.45,11000,leader_entry,117.25,11000,11000,801,buy,2026-05-19,5804,122.5,112,7933690,3055,0,7642
1194,1216681.16,-92941,odd,132,2026-05-20,0.00659767574266,liquid_universe-2026-05-19-3055,daily_high_low_midpoint_proxy,13:30:00,92393,136,蔚華科,09:00:00,0.01,440039028.425,4374597.45,788,leader_entry,117.25,11788,788,802,buy,2026-05-19,416,122.5,112,119436,3055,0,548
104,1227809.16,11128,odd,20,2026-05-21,0.00991042500476,liquid_universe-2026-04-24-6735,daily_high_low_midpoint_proxy,13:30:00,11232,96.8,美達科技,09:00:00,0.01,175424283.925,1428753.25,104,loss12,108,141,245,803,sell,2026-05-18,51,110,106,10494,6735,33,104
280000,2729411.16,1501602,board,2159,2026-05-22,0.00290279994862,liquid_universe-2026-02-06-3576,daily_high_low_midpoint_proxy,13:30:00,1515125,15.75,聯合再生,08:59:00,0.01,477053981.102,28046466,85000,time63,17.825,16,85000,804,sell,2026-05-21,6819,18.45,17.2,29282073,3576,4545,13523
1308,2729674.36,263.2,odd,20,2026-05-22,0.000122281154946,liquid_universe-2026-02-06-3576,daily_high_low_midpoint_proxy,13:30:00,285.2,15.75,聯合再生,09:00:00,0.01,477053981.102,28046466,16,time63,17.825,0,16,805,sell,2026-05-21,2,18.35,17.3,130846,3576,0,22
120,2743172.36,13498,odd,20,2026-05-22,0.00996677740864,liquid_universe-2026-04-24-6735,daily_high_low_midpoint_proxy,13:30:00,13620,97.7,美達科技,09:00:00,0.01,178039707.075,1450619.55,120,loss12,113.5,21,141,806,sell,2026-05-18,62,117,110,12040,6735,40,122
226,2745496.86,2324.5,odd,20,2026-05-25,0.000925517849273,liquid_universe-2026-04-24-6735,daily_high_low_midpoint_proxy,13:30:00,2362.5,102,美達科技,09:00:00,0.01,149045572.55,1187376,21,loss12,112.5,0,21,807,sell,2026-05-18,11,114,111,22690,6735,7,38
32000,1291934.86,-1453562,board,2059,2026-05-25,0.00620496359858,liquid_universe-2026-05-22-6834,daily_high_low_midpoint_proxy,13:30:00,1445000,77.5,天二科技,08:59:00,0.01,210641395.79,3982250.55,20000,leader_entry,72.25,20000,20000,808,buy,2026-05-22,6503,77.5,67,3223226,6834,0,8562
272,1272165.86,-19769,odd,28,2026-05-25,0.00999191830137,liquid_universe-2026-05-22-6834,daily_high_low_midpoint_proxy,13:30:00,19652,77.5,天二科技,09:00:00,0.01,210641395.79,3982250.55,272,leader_entry,72.25,20272,302,809,buy,2026-05-22,89,77.5,67,27222,6834,0,117
31000,2234251.86,962086,board,1383,2026-06-09,0.00354830697371,liquid_universe-2026-05-19-3055,daily_high_low_midpoint_proxy,13:30:00,970750,81.9,蔚華科,08:59:00,0.01,575612558.625,5106285.7,11000,loss12,88.25,788,11000,810,sell,2026-06-08,4369,91,85.5,3100070,3055,2912,8664
625,2289008.86,54757,odd,79,2026-06-09,0.0099894511396,liquid_universe-2026-05-19-3055,daily_high_low_midpoint_proxy,13:30:00,55250,81.9,蔚華科,09:00:00,0.01,575612558.625,5106285.7,625,loss12,88.4,163,788,811,sell,2026-06-08,249,90.6,86.2,62566,3055,165,493
8000,2851939.86,562931,board,809,2026-06-09,0.00993456844856,liquid_universe-2026-05-22-6834,daily_high_low_midpoint_proxy,13:30:00,568000,61.4,天二科技,08:59:00,0.01,219452960.642,3618656.05,8000,loss12,71,12272,20000,812,sell,2026-06-08,2556,75,67,805269,6834,1704,5069
106,2859546.86,7607,odd,20,2026-06-09,0.0099633424194,liquid_universe-2026-05-22-6834,daily_high_low_midpoint_proxy,13:30:00,7685,61.4,天二科技,09:00:00,0.01,219452960.642,3618656.05,106,loss12,72.5,12166,272,813,sell,2026-06-08,35,75,70,10639,6834,23,78
516,2873463.31,13916.45,odd,20,2026-06-10,0.00315317058073,liquid_universe-2026-05-19-3055,daily_high_low_midpoint_proxy,13:30:00,14042.45,79.1,蔚華科,09:00:00,0.01,564912646.925,5040296.3,163,loss12,86.15,0,163,814,sell,2026-06-08,64,90.4,81.9,51694,3055,42,126
12000,3763647.31,890184,board,1280,2026-06-10,0.0097040977979,liquid_universe-2026-05-22-6834,daily_high_low_midpoint_proxy,13:30:00,898200,67.5,天二科技,08:59:00,0.01,213945765.152,3462445.9,12000,loss12,74.85,166,12000,815,sell,2026-06-08,4042,79.7,70,1236591,6834,2694,8016
186,3775991.61,12344.3,odd,20,2026-06-10,0.0089247311828,liquid_universe-2026-05-22-6834,daily_high_low_midpoint_proxy,13:30:00,12458.3,67.5,天二科技,09:00:00,0.01,213945765.152,3462445.9,166,loss12,75.05,0,166,816,sell,2026-06-08,57,79.6,70.5,18600,6834,37,114
80000,2554294.61,-1221697,board,1731,2026-06-10,0.000250404008982,liquid_universe-2026-06-09-2478,daily_high_low_midpoint_proxy,13:30:00,1214500,183.5,大毅,08:59:00,0.01,952919741.385,8053113.4,7000,leader_entry,173.5,7000,7000,817,buy,2026-06-09,5466,183.5,163.5,27954824,2478,0,7197
1893,2405543.86,-148750.75,odd,211,2026-06-10,0.00443150967115,liquid_universe-2026-06-09-2478,daily_high_low_midpoint_proxy,13:30:00,147873.75,183.5,大毅,09:00:00,0.01,952919741.385,8053113.4,839,leader_entry,176.25,7839,839,818,buy,2026-06-09,666,183.5,169,189326,2478,0,877
23000,1579678.86,-825865,board,1170,2026-06-11,0.000840588664242,liquid_universe-2026-06-10-8454,daily_high_low_midpoint_proxy,13:30:00,821000,483,富邦媒,08:59:00,0.01,832911576.125,2807142.2,2000,leader_entry,410.5,2000,2000,819,buy,2026-06-10,3695,425,396,2379285,8454,0,4865
1500,1193475.86,-386203,odd,547,2026-06-11,0.00627333333333,liquid_universe-2026-06-10-8454,daily_high_low_midpoint_proxy,13:30:00,383928,483,富邦媒,09:00:00,0.01,832911576.125,2807142.2,941,leader_entry,408,2941,941,820,buy,2026-06-10,1728,420,396,150000,8454,0,2275
191,1609925.86,416450,odd,599,2026-06-12,0.00997389033943,liquid_universe-2026-04-28-7750,daily_high_low_midpoint_proxy,13:30:00,420200,1885,新代,09:00:00,0.01,1464108810,608427.95,191,loss12,2200,66,257,821,sell,2026-06-11,1891,2275,2125,19150,7750,1260,3750
318,1757591.86,147666,odd,212,2026-06-15,0.00207390648567,liquid_universe-2026-04-28-7750,daily_high_low_midpoint_proxy,13:30:00,148995,2010,新代,09:00:00,0.01,1402319423.25,587222.35,66,loss12,2257.5,0,66,822,sell,2026-06-11,671,2335,2180,31824,7750,446,1329
421000,821577.86,-936014,board,1326,2026-06-15,2.37517837887e-05,liquid_universe-2026-06-12-2327,daily_high_low_midpoint_proxy,13:30:00,930500,940,國巨*,08:59:00,0.01,37142506951.2,52862425.8,1000,leader_entry,930.5,1000,1000,823,buy,2026-06-12,4188,940,921,42102101,2327,0,5514
23687,434808.36,-386769.5,odd,548,2026-06-15,0.000173512824118,liquid_universe-2026-06-12-2327,daily_high_low_midpoint_proxy,13:30:00,384490.5,940,國巨*,09:00:00,0.01,37142506951.2,52862425.8,411,leader_entry,935.5,1411,411,824,buy,2026-06-12,1731,940,931,2368701,2327,0,2279
21000,1050265.36,615457,board,885,2026-06-16,0.000916981535201,liquid_universe-2026-06-10-8454,daily_high_low_midpoint_proxy,13:30:00,621000,289,富邦媒,08:59:00,0.01,910829196.6,2981603.55,2000,loss12,310.5,941,2000,825,sell,2026-06-15,2795,321,300,2181069,8454,1863,5543
935,1341697.86,291432.5,odd,419,2026-06-16,0.0099934801894,liquid_universe-2026-06-10-8454,daily_high_low_midpoint_proxy,13:30:00,294057.5,289,富邦媒,09:00:00,0.01,910829196.6,2981603.55,935,loss12,314.5,6,941,826,sell,2026-06-15,1324,328,301,93561,8454,882,2625
578,1343601.86,1904,odd,20,2026-06-17,0.000103791862718,liquid_universe-2026-06-10-8454,daily_high_low_midpoint_proxy,13:30:00,1938,289,富邦媒,09:00:00,0.01,931580370.825,3019203.45,6,loss12,323,0,6,827,sell,2026-06-15,9,329,317,57808,8454,5,34
20000,429717.86,-913884,board,1295,2026-06-17,0.00901240693,liquid_universe-2026-06-16-2243,daily_high_low_midpoint_proxy,13:30:00,908500,49.4,宏旭-KY,08:59:00,0.01,64983482.6625,2065220.7,20000,leader_entry,45.425,20000,26000,828,buy,2026-06-16,4089,48.2,42.65,2219163,2243,0,5384
130,423801.36,-5916.5,odd,20,2026-06-17,0.00995024875622,liquid_universe-2026-06-16-2243,daily_high_low_midpoint_proxy,13:30:00,5869.5,49.4,宏旭-KY,09:00:00,0.01,64983482.6625,2065220.7,130,leader_entry,45.15,20130,999,829,buy,2026-06-16,27,49.3,41,13065,2243,0,47
601000,1196839.36,773038,board,1112,2026-07-14,1.20802396091e-05,liquid_universe-2026-06-12-2327,daily_high_low_midpoint_proxy,13:30:00,780000,735,國巨*,08:59:00,0.01,59934585714.4,60178350.75,1000,loss12,780,411,1000,830,sell,2026-07-13,3510,823,737,82779815,2327,2340,6962
34146,1510484.36,313645,odd,451,2026-07-14,0.000120365136868,liquid_universe-2026-06-12-2327,daily_high_low_midpoint_proxy,13:30:00,316470,735,國巨*,09:00:00,0.01,59934585714.4,60178350.75,411,loss12,770,0,411,831,sell,2026-07-13,1425,800,740,3414610,2327,949,2825
7000,942941.36,-567543,board,804,2026-07-15,0.00923259951753,liquid_universe-2026-07-14-2434,daily_high_low_midpoint_proxy,13:30:00,564200,82.6,統懋,08:59:00,0.01,61560662.44,1151092.4,7000,leader_entry,80.6,7000,15000,832,buy,2026-07-14,2539,82.6,78.6,758183,2434,0,3343
168,929040.36,-13901,odd,20,2026-07-15,0.00999286224126,liquid_universe-2026-07-14-2434,daily_high_low_midpoint_proxy,13:30:00,13818,82.6,統懋,09:00:00,0.01,61560662.44,1151092.4,168,leader_entry,82.25,7168,210,833,buy,2026-07-14,63,82.6,81.9,16812,2434,0,83
43000,1872543.36,943503,board,1357,2026-07-20,0.00162546084718,liquid_universe-2026-06-09-2478,daily_high_low_midpoint_proxy,13:30:00,952000,128.5,大毅,08:59:00,0.01,1249045273.62,6230039.6,7000,loss12,136,839,7000,834,sell,2026-07-17,4284,143.5,128.5,4306471,2478,2856,8497
541,1943987.61,71444.25,odd,103,2026-07-20,0.00999482707656,liquid_universe-2026-06-09-2478,daily_high_low_midpoint_proxy,13:30:00,72088.25,128.5,大毅,09:00:00,0.01,1249045273.62,6230039.6,541,loss12,133.25,298,839,835,sell,2026-07-17,325,138,128.5,54128,2478,216,644
382,1984005.61,40018,odd,58,2026-07-21,0.00779003502902,liquid_universe-2026-06-09-2478,daily_high_low_midpoint_proxy,13:30:00,40379,118,大毅,09:00:00,0.01,851587377.075,4626280.75,298,loss12,135.5,0,298,836,sell,2026-07-17,182,140,131,38254,2478,121,361
17000,1117853.61,-866152,board,1227,2026-07-21,0.00709413711298,liquid_universe-2026-07-20-2527,daily_high_low_midpoint_proxy,13:30:00,861050,55.4,宏璟,08:59:00,0.01,77823203.2725,1750586.35,17000,leader_entry,50.65,17000,21000,837,buy,2026-07-20,3875,52,49.3,2396345,2527,0,5102
167,1111894.81,-5958.8,odd,20,2026-07-21,0.00705657218036,liquid_universe-2026-07-20-2527,daily_high_low_midpoint_proxy,13:30:00,5911.8,55.4,宏璟,09:00:00,0.01,77823203.2725,1750586.35,118,leader_entry,50.1,17118,118,838,buy,2026-07-20,27,50.9,49.3,16722,2527,0,47
1000,1183944.81,72050,board,104,2026-07-22,0.00622990854494,liquid_universe-2026-07-14-2434,daily_high_low_midpoint_proxy,13:30:00,72700,63.1,統懋,08:59:00,0.01,67961404.79,1149430.65,1000,loss12,72.7,6168,7000,839,sell,2026-07-21,328,75,70.4,160516,2434,218,650
57,1188014.91,4070.1,odd,20,2026-07-22,0.00996677740864,liquid_universe-2026-07-14-2434,daily_high_low_midpoint_proxy,13:30:00,4121.1,63.1,統懋,09:00:00,0.01,67961404.79,1149430.65,57,loss12,72.3,6111,168,840,sell,2026-07-21,19,73.2,71.4,5719,2434,12,51
2000,1331026.91,143012,board,206,2026-07-23,0.00790435727695,liquid_universe-2026-07-14-2434,daily_high_low_midpoint_proxy,13:30:00,144300,64.7,統懋,08:59:00,0.01,66976872.5575,1124212.9,2000,loss12,72.15,4111,6000,841,sell,2026-07-21,650,74.4,69.9,253025,2434,432,1288
67,1335835.11,4808.2,odd,20,2026-07-23,0.00999254287845,liquid_universe-2026-07-14-2434,daily_high_low_midpoint_proxy,13:30:00,4864.2,64.7,統懋,09:00:00,0.01,66976872.5575,1124212.9,67,loss12,72.6,4044,111,842,sell,2026-07-21,22,74.6,70.6,6705,2434,14,56
1000,1403228.11,67393,board,97,2026-07-24,0.00512415835699,liquid_universe-2026-07-14-2434,daily_high_low_midpoint_proxy,13:30:00,68000,63,統懋,08:59:00,0.01,64176108.0325,1054146.15,1000,loss12,68,3044,4000,843,sell,2026-07-21,306,69.1,66.9,195154,2434,204,607
47,1406199.11,2971,odd,20,2026-07-24,0.00931414055885,liquid_universe-2026-07-14-2434,daily_high_low_midpoint_proxy,13:30:00,3014,63,統懋,09:00:00,0.01,64176108.0325,1054146.15,44,loss12,68.5,3000,44,844,sell,2026-07-21,14,69.7,67.3,4724,2434,9,43
2000,1539003.11,132804,board,191,2026-07-27,0.00867253797488,liquid_universe-2026-07-14-2434,daily_high_low_midpoint_proxy,13:30:00,134000,62,統懋,08:59:00,0.01,63651001.6425,1034686.85,2000,loss12,67,1000,3000,845,sell,2026-07-21,603,69.7,64.3,230613,2434,402,1196
2000,1600846.11,61843,board,89,2026-07-28,0.00435805804933,liquid_universe-2026-07-14-2434,daily_high_low_midpoint_proxy,13:30:00,62400,59.3,統懋,08:59:00,0.01,60894515.7625,962721,1000,loss12,62.4,0,1000,846,sell,2026-07-21,281,65.5,59.3,229460,2434,187,557
13000,2142940.11,542094,board,779,2026-07-29,0.00937470028002,liquid_universe-2026-07-20-2527,daily_high_low_midpoint_proxy,13:30:00,546975,38.85,宏璟,08:59:00,0.01,83556264.3625,1798266.1,13000,loss12,42.075,4118,17000,847,sell,2026-07-28,2462,43.6,40.55,1386711,2527,1640,4881
137,2147827.31,4887.2,odd,20,2026-07-29,0.00860497338292,liquid_universe-2026-07-20-2527,daily_high_low_midpoint_proxy,13:30:00,4944.2,38.85,宏璟,09:00:00,0.01,83556264.3625,1798266.1,118,loss12,41.9,4000,118,848,sell,2026-07-28,23,43.05,40.75,13713,2527,14,57
294000,1162020.31,-985807,board,1397,2026-07-29,0.000845857057685,liquid_universe-2026-07-28-1101,daily_high_low_midpoint_proxy,13:30:00,980000,27.25,台泥,08:59:00,0.01,695230479.458,29449018.35,40000,leader_entry,24.5,40000,40000,849,buy,2026-07-28,4410,25.05,23.95,47289314,1101,0,5807
2003,1156665.23,-5355.08,odd,20,2026-07-29,0.00108322351344,liquid_universe-2026-07-28-1101,daily_high_low_midpoint_proxy,13:30:00,5311.08,27.25,台泥,09:00:00,0.01,695230479.458,29449018.35,217,leader_entry,24.475,40217,217,850,buy,2026-07-28,24,24.95,24,200328,1101,0,44
11000,1319201.23,162536,board,234,2026-07-30,0.00361717943199,liquid_universe-2026-07-20-2527,daily_high_low_midpoint_proxy,13:30:00,164000,37.5,宏璟,08:59:00,0.01,83792869.635,1802461.1,4000,loss12,41,0,4000,851,sell,2026-07-28,738,41.8,40.2,1105834,2527,492,1464
6000,1581656.23,246777,board,355,2026-07-31,0.00943920131771,liquid_universe-2026-06-16-2243,daily_high_low_midpoint_proxy,13:30:00,249000,35.9,宏旭-KY,08:59:00,0.01,47857296.775,916686.6,6000,loss12,41.5,14130,20000,852,sell,2026-07-30,1121,42.55,40.45,635647,2243,747,2223
26,1582705.93,1049.7,odd,20,2026-07-31,0.0098261526833,liquid_universe-2026-06-16-2243,daily_high_low_midpoint_proxy,13:30:00,1077.7,35.9,宏旭-KY,09:00:00,0.01,47857296.775,916686.6,26,loss12,41.45,14104,130,853,sell,2026-07-30,5,42.3,40.6,2646,2243,3,28
4000,1022907.93,-559798,board,793,2026-07-31,0.000811781218467,liquid_universe-2026-07-30-2207,daily_high_low_midpoint_proxy,13:30:00,556500,606,和泰車,08:59:00,0.01,248228736.2,495273.95,1000,leader_entry,556.5,1000,1000,854,buy,2026-07-30,2505,573,540,1231859,2207,0,3298
615,674920.43,-347987.5,odd,493,2026-07-31,0.00998522511406,liquid_universe-2026-07-30-2207,daily_high_low_midpoint_proxy,13:30:00,345937.5,606,和泰車,09:00:00,0.01,248228736.2,495273.95,615,leader_entry,562.5,1615,697,855,buy,2026-07-30,1557,572,553,61591,2207,0,2050
3000,802398.43,127478,board,183,2026-08-03,0.00788386540665,liquid_universe-2026-06-16-2243,daily_high_low_midpoint_proxy,13:30:00,128625,37.4,宏旭-KY,08:59:00,0.01,48172346.0575,932432.15,3000,loss12,42.875,11104,14000,856,sell,2026-07-30,579,44.2,41.55,380524,2243,385,1147
35,803842.68,1444.25,odd,20,2026-08-03,0.00993189557321,liquid_universe-2026-06-16-2243,daily_high_low_midpoint_proxy,13:30:00,1475.25,37.4,宏旭-KY,09:00:00,0.01,48172346.0575,932432.15,35,loss12,42.15,11069,104,857,sell,2026-07-30,7,44.05,40.25,3524,2243,4,31
2000,890660.68,86818,board,125,2026-08-04,0.0073939886872,liquid_universe-2026-06-16-2243,daily_high_low_midpoint_proxy,13:30:00,87600,38.9,宏旭-KY,08:59:00,0.01,47667648.2925,931327.4,2000,loss12,43.8,9069,11000,858,sell,2026-07-30,395,45.2,42.4,270490,2243,262,782
24,891671.28,1010.6,odd,20,2026-08-04,0.00967741935484,liquid_universe-2026-06-16-2243,daily_high_low_midpoint_proxy,13:30:00,1038.6,38.9,宏旭-KY,09:00:00,0.01,47667648.2925,931327.4,24,loss12,43.275,9045,69,859,sell,2026-07-30,5,44,42.55,2480,2243,3,28
2000,977994.28,86323,board,124,2026-08-05,0.00801497196764,liquid_universe-2026-06-16-2243,daily_high_low_midpoint_proxy,13:30:00,87100,39,宏旭-KY,08:59:00,0.01,47090890.2425,927240.25,2000,loss12,43.55,7045,9000,860,sell,2026-07-30,392,44.5,42.6,249533,2243,261,777
35,979487.53,1493.25,odd,20,2026-08-05,0.00990659496179,liquid_universe-2026-06-16-2243,daily_high_low_midpoint_proxy,13:30:00,1524.25,39,宏旭-KY,09:00:00,0.01,47090890.2425,927240.25,35,loss12,43.55,7010,45,861,sell,2026-07-30,7,44.4,42.7,3533,2243,4,31
203000,1922990.53,943503,board,1357,2026-08-05,0.00196220806882,liquid_universe-2026-07-28-1101,daily_high_low_midpoint_proxy,13:30:00,952000,21.2,台泥,08:59:00,0.01,709639329.525,29860410.9,40000,stall5weak,23.8,217,40000,862,sell,2026-08-04,4284,24.05,23.55,20385198,1101,2856,8497
987,1928101.56,5111.03,odd,20,2026-08-05,0.00219726809708,liquid_universe-2026-07-28-1101,daily_high_low_midpoint_proxy,13:30:00,5170.03,21.2,台泥,09:00:00,0.01,709639329.525,29860410.9,217,stall5weak,23.825,0,217,863,sell,2026-08-04,24,24.05,23.6,98759,1101,15,59
1000,1970394.56,42293,board,61,2026-08-06,0.00601460345719,liquid_universe-2026-06-16-2243,daily_high_low_midpoint_proxy,13:30:00,42675,39.1,宏旭-KY,08:59:00,0.01,41754541.9225,840763.45,1000,loss12,42.675,6010,7000,864,sell,2026-07-30,193,43.45,41.9,166262,2243,128,382
12,1970796.81,402.25,odd,20,2026-08-06,0.00796178343949,liquid_universe-2026-06-16-2243,daily_high_low_midpoint_proxy,13:30:00,425.25,39.1,宏旭-KY,09:00:00,0.01,41754541.9225,840763.45,10,loss12,42.525,6000,10,865,sell,2026-07-30,2,43.5,41.55,1256,2243,1,23
1888,1031402.81,-939394,odd,1331,2026-08-06,0.00112263161797,liquid_universe-2026-08-05-3653,daily_high_low_midpoint_proxy,13:30:00,933860,4770,健策,09:00:00,0.01,5486955874.25,1543121.05,212,leader_entry,4405,212,212,866,buy,2026-08-05,4203,4590,4220,188842,3653,0,5534
4000,1195623.81,164221,board,236,2026-08-07,0.00892618048737,liquid_universe-2026-06-16-2243,daily_high_low_midpoint_proxy,13:30:00,165700,38.65,宏旭-KY,08:59:00,0.01,37437943.5625,761726.45,4000,loss12,41.425,2000,6000,867,sell,2026-07-30,746,43.55,39.3,448120,2243,497,1479
2000,1276296.81,80673,board,116,2026-08-10,0.0097920175473,liquid_universe-2026-06-16-2243,daily_high_low_midpoint_proxy,13:30:00,81400,36.05,宏旭-KY,08:59:00,0.01,33192864.2125,683300.3,2000,loss12,40.7,0,2000,868,sell,2026-07-30,367,41.7,39.7,204248,2243,244,727
386,353045.31,-923251.5,odd,1308,2026-08-11,0.00193903668657,liquid_universe-2026-08-10-2059,daily_high_low_midpoint_proxy,13:30:00,917812.5,13095,川湖,09:00:00,0.01,5701769150,661461.3,75,leader_entry,12237.5,75,75,869,buy,2026-08-10,4131,12570,11905,38679,2059,0,5439
4000,870386.31,517341,board,744,2026-08-13,0.00226727036519,liquid_universe-2026-07-30-2207,daily_high_low_midpoint_proxy,13:30:00,522000,454,和泰車,08:59:00,0.01,293322230.85,566902.5,1000,stall5weak,522,615,1000,870,sell,2026-08-12,2349,529,515,441059,2207,1566,4659
206,976959.31,106573,odd,153,2026-08-13,0.00999805862939,liquid_universe-2026-07-30-2207,daily_high_low_midpoint_proxy,13:30:00,107532,454,和泰車,09:00:00,0.01,293322230.85,566902.5,206,stall5weak,522,409,615,871,sell,2026-08-12,484,526,518,20604,2207,322,959
98,1027319.31,50360,odd,72,2026-08-14,0.00993008410173,liquid_universe-2026-07-30-2207,daily_high_low_midpoint_proxy,13:30:00,50813,472,和泰車,09:00:00,0.01,288695128.4,556130.2,98,stall5weak,518.5,311,409,872,sell,2026-08-12,229,523,514,9869,2207,152,453
43,1049372.81,22053.5,odd,32,2026-08-17,0.00982408042038,liquid_universe-2026-07-30-2207,daily_high_low_midpoint_proxy,13:30:00,22252.5,463,和泰車,09:00:00,0.01,275415874.7,528098.25,43,stall5weak,517.5,268,311,873,sell,2026-08-12,101,521,514,4377,2207,66,199
83,1091735.81,42363,odd,61,2026-08-18,0.00989508822127,liquid_universe-2026-07-30-2207,daily_high_low_midpoint_proxy,13:30:00,42745,463.5,和泰車,09:00:00,0.01,267703613.7,511952.35,83,stall5weak,515,185,268,874,sell,2026-08-12,193,520,510,8388,2207,128,382
24000,201491.81,-890244,board,1261,2026-08-18,0.00106037154712,liquid_universe-2026-08-17-3234,daily_high_low_midpoint_proxy,13:30:00,885000,165,光環,08:59:00,0.01,298768647.31,2400064.45,6000,leader_entry,147.5,6000,6000,875,buy,2026-08-17,3983,154,141,5658394,3234,0,5244
1628,153472.31,-48019.5,odd,68,2026-08-18,0.00197707331749,liquid_universe-2026-08-17-3234,daily_high_low_midpoint_proxy,13:30:00,47736.5,165,光環,09:00:00,0.01,298768647.31,2400064.45,322,leader_entry,148.25,6322,322,876,buy,2026-08-17,215,154.5,142,162867,3234,0,283
119,213562.81,60090.5,odd,86,2026-08-19,0.00996483001172,liquid_universe-2026-07-30-2207,daily_high_low_midpoint_proxy,13:30:00,60630.5,461,和泰車,09:00:00,0.01,264923419.5,505864.75,119,stall5weak,509.5,66,185,877,sell,2026-08-12,273,512,507,11942,2207,181,540
35,231340.31,17777.5,odd,26,2026-08-20,0.00990659496179,liquid_universe-2026-07-30-2207,daily_high_low_midpoint_proxy,13:30:00,17937.5,455.5,和泰車,09:00:00,0.01,266330744.9,508245.75,35,stall5weak,512.5,31,66,878,sell,2026-08-12,81,516,509,3533,2207,53,160
39,247116.81,15776.5,odd,23,2026-08-21,0.00784810126582,liquid_universe-2026-07-30-2207,daily_high_low_midpoint_proxy,13:30:00,15918.5,457.5,和泰車,09:00:00,0.01,265684661.3,506591.85,31,stall5weak,513.5,0,31,879,sell,2026-08-12,72,519,508,3950,2207,47,142
