date,event_id,mark_date,market_value,name,price,qty,stale,stock_id
2019-02-22,liquid_universe-2019-02-21-6188,2019-02-22,260620.2,廣明,43.35,6012,False,6188
2019-02-22,liquid_universe-2019-02-21-3049,2019-02-22,293377.5,精金,9.75,30090,False,3049
2019-02-22,liquid_universe-2019-02-21-3356,2019-02-22,292876,奇偶,36.5,8024,False,3356
2019-02-25,liquid_universe-2019-02-21-6188,2019-02-25,276552,廣明,46,6012,False,6188
2019-02-25,liquid_universe-2019-02-21-3049,2019-02-25,300900,精金,10,30090,False,3049
2019-02-25,liquid_universe-2019-02-21-3356,2019-02-25,290468.8,奇偶,36.2,8024,False,3356
2019-02-26,liquid_universe-2019-02-21-6188,2019-02-26,270540,廣明,45,6012,False,6188
2019-02-26,liquid_universe-2019-02-21-3049,2019-02-26,300599.1,精金,9.99,30090,False,3049
2019-02-26,liquid_universe-2019-02-21-3356,2019-02-26,282846,奇偶,35.25,8024,False,3356
2019-02-27,liquid_universe-2019-02-21-6188,2019-02-27,281361.6,廣明,46.8,6012,False,6188
2019-02-27,liquid_universe-2019-02-21-3049,2019-02-27,329485.5,精金,10.95,30090,False,3049
2019-02-27,liquid_universe-2019-02-21-3356,2019-02-27,288462.8,奇偶,35.95,8024,False,3356
2019-03-04,liquid_universe-2019-02-21-6188,2019-03-04,282564,廣明,47,6012,False,6188
2019-03-04,liquid_universe-2019-02-21-3049,2019-03-04,321963,精金,10.7,30090,False,3049
2019-03-04,liquid_universe-2019-02-21-3356,2019-03-04,286055.6,奇偶,35.65,8024,False,3356
2019-03-05,liquid_universe-2019-02-21-6188,2019-03-05,259117.2,廣明,43.1,6012,False,6188
2019-03-05,liquid_universe-2019-02-21-3049,2019-03-05,308422.5,精金,10.25,30090,False,3049
2019-03-05,liquid_universe-2019-02-21-3356,2019-03-05,283247.2,奇偶,35.3,8024,False,3356
2019-03-06,liquid_universe-2019-02-21-6188,2019-03-06,266031,廣明,44.25,6012,False,6188
2019-03-06,liquid_universe-2019-02-21-3049,2019-03-06,315945,精金,10.5,30090,False,3049
2019-03-06,liquid_universe-2019-02-21-3356,2019-03-06,285253.2,奇偶,35.55,8024,False,3356
2019-03-07,liquid_universe-2019-02-21-6188,2019-03-07,272343.6,廣明,45.3,6012,False,6188
2019-03-07,liquid_universe-2019-02-21-3049,2019-03-07,309927,精金,10.3,30090,False,3049
2019-03-07,liquid_universe-2019-02-21-3356,2019-03-07,282444.8,奇偶,35.2,8024,False,3356
2019-03-08,liquid_universe-2019-02-21-6188,2019-03-08,273846.6,廣明,45.55,6012,False,6188
2019-03-08,liquid_universe-2019-02-21-3049,2019-03-08,333999,精金,11.1,30090,False,3049
2019-03-08,liquid_universe-2019-02-21-3356,2019-03-08,286456.8,奇偶,35.7,8024,False,3356
2019-03-11,liquid_universe-2019-02-21-6188,2019-03-11,272343.6,廣明,45.3,6012,False,6188
2019-03-11,liquid_universe-2019-02-21-3049,2019-03-11,337008,精金,11.2,30090,False,3049
2019-03-11,liquid_universe-2019-02-21-3356,2019-03-11,298091.6,奇偶,37.15,8024,False,3356
2019-03-12,liquid_universe-2019-02-21-6188,2019-03-12,286772.4,廣明,47.7,6012,False,6188
2019-03-12,liquid_universe-2019-02-21-3049,2019-03-12,338512.5,精金,11.25,30090,False,3049
2019-03-12,liquid_universe-2019-02-21-3356,2019-03-12,110.7,奇偶,36.9,3,False,3356
2019-03-13,liquid_universe-2019-02-21-6188,2019-03-13,282564,廣明,47,6012,False,6188
2019-03-13,liquid_universe-2019-02-21-3049,2019-03-13,337008,精金,11.2,30090,False,3049
2019-03-13,liquid_universe-2019-03-12-6158,2019-03-13,285690,禾昌,35.6,8025,False,6158
2019-03-14,liquid_universe-2019-02-21-6188,2019-03-14,254908.8,廣明,42.4,6012,False,6188
2019-03-14,liquid_universe-2019-02-21-3049,2019-03-14,327981,精金,10.9,30090,False,3049
2019-03-14,liquid_universe-2019-03-12-6158,2019-03-14,285690,禾昌,35.6,8025,False,6158
2019-03-15,liquid_universe-2019-02-21-6188,2019-03-15,254007,廣明,42.25,6012,False,6188
2019-03-15,liquid_universe-2019-02-21-3049,2019-03-15,326476.5,精金,10.85,30090,False,3049
2019-03-15,liquid_universe-2019-03-12-6158,2019-03-15,296925,禾昌,37,8025,False,6158
2019-03-18,liquid_universe-2019-02-21-6188,2019-03-18,248596.2,廣明,41.35,6012,False,6188
2019-03-18,liquid_universe-2019-02-21-3049,2019-03-18,320458.5,精金,10.65,30090,False,3049
2019-03-18,liquid_universe-2019-03-12-6158,2019-03-18,289301.25,禾昌,36.05,8025,False,6158
2019-03-19,liquid_universe-2019-02-21-6188,2019-03-19,248896.8,廣明,41.4,6012,False,6188
2019-03-19,liquid_universe-2019-02-21-3049,2019-03-19,311431.5,精金,10.35,30090,False,3049
2019-03-19,liquid_universe-2019-03-12-6158,2019-03-19,287295,禾昌,35.8,8025,False,6158
2019-03-20,liquid_universe-2019-02-21-6188,2019-03-20,257614.2,廣明,42.85,6012,False,6188
2019-03-20,liquid_universe-2019-02-21-3049,2019-03-20,323467.5,精金,10.75,30090,False,3049
2019-03-20,liquid_universe-2019-03-12-6158,2019-03-20,296925,禾昌,37,8025,False,6158
2019-03-21,liquid_universe-2019-02-21-6188,2019-03-21,257313.6,廣明,42.8,6012,False,6188
2019-03-21,liquid_universe-2019-02-21-3049,2019-03-21,324972,精金,10.8,30090,False,3049
2019-03-21,liquid_universe-2019-03-12-6158,2019-03-21,304548.75,禾昌,37.95,8025,False,6158
2019-03-22,liquid_universe-2019-02-21-6188,2019-03-22,252804.6,廣明,42.05,6012,False,6188
2019-03-22,liquid_universe-2019-02-21-3049,2019-03-22,314440.5,精金,10.45,30090,False,3049
2019-03-22,liquid_universe-2019-03-12-6158,2019-03-22,295320,禾昌,36.8,8025,False,6158
2019-03-25,liquid_universe-2019-02-21-6188,2019-03-25,235369.8,廣明,39.15,6012,False,6188
2019-03-25,liquid_universe-2019-02-21-3049,2019-03-25,308422.5,精金,10.25,30090,False,3049
2019-03-25,liquid_universe-2019-03-12-6158,2019-03-25,295320,禾昌,36.8,8025,False,6158
2019-03-26,liquid_universe-2019-02-21-6188,2019-03-26,239277.6,廣明,39.8,6012,False,6188
2019-03-26,liquid_universe-2019-02-21-3049,2019-03-26,320458.5,精金,10.65,30090,False,3049
2019-03-26,liquid_universe-2019-03-12-6158,2019-03-26,286893.75,禾昌,35.75,8025,False,6158
2019-03-27,liquid_universe-2019-02-21-6188,2019-03-27,236271.6,廣明,39.3,6012,False,6188
2019-03-27,liquid_universe-2019-02-21-3049,2019-03-27,314440.5,精金,10.45,30090,False,3049
2019-03-27,liquid_universe-2019-03-12-6158,2019-03-27,298931.25,禾昌,37.25,8025,False,6158
2019-03-28,liquid_universe-2019-02-21-6188,2019-03-28,229658.4,廣明,38.2,6012,False,6188
2019-03-28,liquid_universe-2019-02-21-3049,2019-03-28,311431.5,精金,10.35,30090,False,3049
2019-03-28,liquid_universe-2019-03-12-6158,2019-03-28,289702.5,禾昌,36.1,8025,False,6158
2019-03-29,liquid_universe-2019-02-21-6188,2019-03-29,249798.6,廣明,41.55,6012,False,6188
2019-03-29,liquid_universe-2019-02-21-3049,2019-03-29,321963,精金,10.7,30090,False,3049
2019-03-29,liquid_universe-2019-03-12-6158,2019-03-29,295320,禾昌,36.8,8025,False,6158
2019-04-01,liquid_universe-2019-02-21-6188,2019-04-01,248295.6,廣明,41.3,6012,False,6188
2019-04-01,liquid_universe-2019-02-21-3049,2019-04-01,353557.5,精金,11.75,30090,False,3049
2019-04-01,liquid_universe-2019-03-12-6158,2019-04-01,287295,禾昌,35.8,8025,False,6158
2019-04-02,liquid_universe-2019-02-21-6188,2019-04-02,248295.6,廣明,41.3,6012,False,6188
2019-04-02,liquid_universe-2019-02-21-3049,2019-04-02,355062,精金,11.8,30090,False,3049
2019-04-02,liquid_universe-2019-03-12-6158,2019-04-02,268035,禾昌,33.4,8025,False,6158
2019-04-03,liquid_universe-2019-02-21-6188,2019-04-03,256411.8,廣明,42.65,6012,False,6188
2019-04-03,liquid_universe-2019-02-21-3049,2019-04-03,389665.5,精金,12.95,30090,False,3049
2019-04-03,liquid_universe-2019-03-12-6158,2019-04-03,260411.25,禾昌,32.45,8025,False,6158
2019-04-08,liquid_universe-2019-02-21-6188,2019-04-08,256111.2,廣明,42.6,6012,False,6188
2019-04-08,liquid_universe-2019-02-21-3049,2019-04-08,427278,精金,14.2,30090,False,3049
2019-04-08,liquid_universe-2019-03-12-6158,2019-04-08,258806.25,禾昌,32.25,8025,False,6158
2019-04-09,liquid_universe-2019-02-21-6188,2019-04-09,250399.8,廣明,41.65,6012,False,6188
2019-04-09,liquid_universe-2019-02-21-3049,2019-04-09,407719.5,精金,13.55,30090,False,3049
2019-04-09,liquid_universe-2019-03-12-6158,2019-04-09,267633.75,禾昌,33.35,8025,False,6158
2019-04-10,liquid_universe-2019-02-21-6188,2019-04-10,261822.6,廣明,43.55,6012,False,6188
2019-04-10,liquid_universe-2019-02-21-3049,2019-04-10,442323,精金,14.7,30090,False,3049
2019-04-10,liquid_universe-2019-03-12-6158,2019-04-10,264825,禾昌,33,8025,False,6158
2019-04-11,liquid_universe-2019-02-21-6188,2019-04-11,287974.8,廣明,47.9,6012,False,6188
2019-04-11,liquid_universe-2019-02-21-3049,2019-04-11,431791.5,精金,14.35,30090,False,3049
2019-04-11,liquid_universe-2019-03-12-6158,2019-04-11,265627.5,禾昌,33.1,8025,False,6158
2019-04-12,liquid_universe-2019-02-21-6188,2019-04-12,289477.8,廣明,48.15,6012,False,6188
2019-04-12,liquid_universe-2019-02-21-3049,2019-04-12,413737.5,精金,13.75,30090,False,3049
2019-04-12,liquid_universe-2019-03-12-6158,2019-04-12,263220,禾昌,32.8,8025,False,6158
2019-04-15,liquid_universe-2019-02-21-6188,2019-04-15,309618,廣明,51.5,6012,False,6188
2019-04-15,liquid_universe-2019-02-21-3049,2019-04-15,421260,精金,14,30090,False,3049
2019-04-15,liquid_universe-2019-03-12-6158,2019-04-15,265226.25,禾昌,33.05,8025,False,6158
2019-04-16,liquid_universe-2019-02-21-6188,2019-04-16,325249.2,廣明,54.1,6012,False,6188
2019-04-16,liquid_universe-2019-02-21-3049,2019-04-16,433296,精金,14.4,30090,False,3049
2019-04-16,liquid_universe-2019-03-12-6158,2019-04-16,280072.5,禾昌,34.9,8025,False,6158
2019-04-17,liquid_universe-2019-02-21-6188,2019-04-17,316832.4,廣明,52.7,6012,False,6188
2019-04-17,liquid_universe-2019-02-21-3049,2019-04-17,422764.5,精金,14.05,30090,False,3049
2019-04-17,liquid_universe-2019-03-12-6158,2019-04-17,276461.25,禾昌,34.45,8025,False,6158
2019-04-18,liquid_universe-2019-02-21-6188,2019-04-18,337273.2,廣明,56.1,6012,False,6188
2019-04-18,liquid_universe-2019-02-21-3049,2019-04-18,418251,精金,13.9,30090,False,3049
2019-04-18,liquid_universe-2019-03-12-6158,2019-04-18,270041.25,禾昌,33.65,8025,False,6158
2019-04-19,liquid_universe-2019-02-21-6188,2019-04-19,348696,廣明,58,6012,False,6188
2019-04-19,liquid_universe-2019-02-21-3049,2019-04-19,427278,精金,14.2,30090,False,3049
2019-04-19,liquid_universe-2019-03-12-6158,2019-04-19,276060,禾昌,34.4,8025,False,6158
2019-04-22,liquid_universe-2019-02-21-6188,2019-04-22,346892.4,廣明,57.7,6012,False,6188
2019-04-22,liquid_universe-2019-02-21-3049,2019-04-22,421260,精金,14,30090,False,3049
2019-04-22,liquid_universe-2019-03-12-6158,2019-04-22,275658.75,禾昌,34.35,8025,False,6158
2019-04-23,liquid_universe-2019-02-21-6188,2019-04-23,324648,廣明,54,6012,False,6188
2019-04-23,liquid_universe-2019-02-21-3049,2019-04-23,434800.5,精金,14.45,30090,False,3049
2019-04-23,liquid_universe-2019-03-12-6158,2019-04-23,280875,禾昌,35,8025,False,6158
2019-04-24,liquid_universe-2019-02-21-6188,2019-04-24,333666,廣明,55.5,6012,False,6188
2019-04-24,liquid_universe-2019-02-21-3049,2019-04-24,448341,精金,14.9,30090,False,3049
2019-04-24,liquid_universe-2019-03-12-6158,2019-04-24,308962.5,禾昌,38.5,8025,False,6158
2019-04-25,liquid_universe-2019-02-21-6188,2019-04-25,324648,廣明,54,6012,False,6188
2019-04-25,liquid_universe-2019-02-21-3049,2019-04-25,422764.5,精金,14.05,30090,False,3049
2019-04-25,liquid_universe-2019-03-12-6158,2019-04-25,339858.75,禾昌,42.35,8025,False,6158
2019-04-26,liquid_universe-2019-02-21-6188,2019-04-26,324648,廣明,54,6012,False,6188
2019-04-26,liquid_universe-2019-02-21-3049,2019-04-26,433296,精金,14.4,30090,False,3049
2019-04-26,liquid_universe-2019-03-12-6158,2019-04-26,373563.75,禾昌,46.55,8025,False,6158
2019-04-29,liquid_universe-2019-02-21-6188,2019-04-29,312624,廣明,52,6012,False,6188
2019-04-29,liquid_universe-2019-02-21-3049,2019-04-29,428782.5,精金,14.25,30090,False,3049
2019-04-29,liquid_universe-2019-03-12-6158,2019-04-29,392422.5,禾昌,48.9,8025,False,6158
2019-04-30,liquid_universe-2019-02-21-6188,2019-04-30,341481.6,廣明,56.8,6012,False,6188
2019-04-30,liquid_universe-2019-02-21-3049,2019-04-30,452854.5,精金,15.05,30090,False,3049
2019-04-30,liquid_universe-2019-03-12-6158,2019-04-30,385200,禾昌,48,8025,False,6158
2019-05-02,liquid_universe-2019-02-21-6188,2019-05-02,334868.4,廣明,55.7,6012,False,6188
2019-05-02,liquid_universe-2019-02-21-3049,2019-05-02,466395,精金,15.5,30090,False,3049
2019-05-02,liquid_universe-2019-03-12-6158,2019-05-02,373162.5,禾昌,46.5,8025,False,6158
2019-05-03,liquid_universe-2019-02-21-6188,2019-05-03,328856.4,廣明,54.7,6012,False,6188
2019-05-03,liquid_universe-2019-02-21-3049,2019-05-03,457368,精金,15.2,30090,False,3049
2019-05-03,liquid_universe-2019-03-12-6158,2019-05-03,370755,禾昌,46.2,8025,False,6158
2019-05-06,liquid_universe-2019-02-21-6188,2019-05-06,313826.4,廣明,52.2,6012,False,6188
2019-05-06,liquid_universe-2019-02-21-3049,2019-05-06,433296,精金,14.4,30090,False,3049
2019-05-06,liquid_universe-2019-03-12-6158,2019-05-06,377175,禾昌,47,8025,False,6158
2019-05-07,liquid_universe-2019-02-21-6188,2019-05-07,326451.6,廣明,54.3,6012,False,6188
2019-05-07,liquid_universe-2019-02-21-3049,2019-05-07,425773.5,精金,14.15,30090,False,3049
2019-05-07,liquid_universe-2019-03-12-6158,2019-05-07,373162.5,禾昌,46.5,8025,False,6158
2019-05-08,liquid_universe-2019-02-21-6188,2019-05-08,324046.8,廣明,53.9,6012,False,6188
2019-05-08,liquid_universe-2019-02-21-3049,2019-05-08,425773.5,精金,14.15,30090,False,3049
2019-05-08,liquid_universe-2019-03-12-6158,2019-05-08,368347.5,禾昌,45.9,8025,False,6158
2019-05-09,liquid_universe-2019-02-21-6188,2019-05-09,315028.8,廣明,52.4,6012,False,6188
2019-05-09,liquid_universe-2019-02-21-3049,2019-05-09,394179,精金,13.1,30090,False,3049
2019-05-09,liquid_universe-2019-03-12-6158,2019-05-09,363933.75,禾昌,45.35,8025,False,6158
2019-05-10,liquid_universe-2019-02-21-6188,2019-05-10,309016.8,廣明,51.4,6012,False,6188
2019-05-10,liquid_universe-2019-02-21-3049,2019-05-10,404710.5,精金,13.45,30090,False,3049
2019-05-10,liquid_universe-2019-03-12-6158,2019-05-10,353902.5,禾昌,44.1,8025,False,6158
2019-05-13,liquid_universe-2019-02-21-6188,2019-05-13,294888.6,廣明,49.05,6012,False,6188
2019-05-13,liquid_universe-2019-02-21-3049,2019-05-13,388161,精金,12.9,30090,False,3049
2019-05-13,liquid_universe-2019-03-12-6158,2019-05-13,354705,禾昌,44.2,8025,False,6158
2019-05-14,liquid_universe-2019-02-21-6188,2019-05-14,315028.8,廣明,52.4,6012,False,6188
2019-05-14,liquid_universe-2019-02-21-3049,2019-05-14,403206,精金,13.4,30090,False,3049
2019-05-14,liquid_universe-2019-03-12-6158,2019-05-14,351093.75,禾昌,43.75,8025,False,6158
2019-05-15,liquid_universe-2019-02-21-6188,2019-05-15,299698.2,廣明,49.85,6012,False,6188
2019-05-15,liquid_universe-2019-02-21-3049,2019-05-15,406215,精金,13.5,30090,False,3049
2019-05-15,liquid_universe-2019-03-12-6158,2019-05-15,359520,禾昌,44.8,8025,False,6158
2019-05-16,liquid_universe-2019-02-21-6188,2019-05-16,286171.2,廣明,47.6,6012,False,6188
2019-05-16,liquid_universe-2019-02-21-3049,2019-05-16,391170,精金,13,30090,False,3049
2019-05-16,liquid_universe-2019-03-12-6158,2019-05-16,325413.75,禾昌,40.55,8025,False,6158
2019-05-17,liquid_universe-2019-02-21-6188,2019-05-17,264528,廣明,44,6012,False,6188
2019-05-17,liquid_universe-2019-02-21-3049,2019-05-17,380638.5,精金,12.65,30090,False,3049
2019-05-17,liquid_universe-2019-03-12-6158,2019-05-17,331432.5,禾昌,41.3,8025,False,6158
2019-05-20,liquid_universe-2019-02-21-6188,2019-05-20,247995,廣明,41.25,6012,False,6188
2019-05-20,liquid_universe-2019-02-21-3049,2019-05-20,365593.5,精金,12.15,30090,False,3049
2019-05-20,liquid_universe-2019-03-12-6158,2019-05-20,322203.75,禾昌,40.15,8025,False,6158
2019-05-21,liquid_universe-2019-02-21-6188,2019-05-21,259718.4,廣明,43.2,6012,False,6188
2019-05-21,liquid_universe-2019-02-21-3049,2019-05-21,401701.5,精金,13.35,30090,False,3049
2019-05-21,liquid_universe-2019-03-12-6158,2019-05-21,330630,禾昌,41.2,8025,False,6158
2019-05-22,liquid_universe-2019-02-21-6188,2019-05-22,252203.4,廣明,41.95,6012,False,6188
2019-05-22,liquid_universe-2019-02-21-3049,2019-05-22,398692.5,精金,13.25,30090,False,3049
2019-05-22,liquid_universe-2019-03-12-6158,2019-05-22,331432.5,禾昌,41.3,8025,False,6158
2019-05-23,liquid_universe-2019-02-21-6188,2019-05-23,246792.6,廣明,41.05,6012,False,6188
2019-05-23,liquid_universe-2019-02-21-3049,2019-05-23,406215,精金,13.5,30090,False,3049
2019-05-23,liquid_universe-2019-03-12-6158,2019-05-23,324611.25,禾昌,40.45,8025,False,6158
2019-05-24,liquid_universe-2019-02-21-6188,2019-05-24,244087.2,廣明,40.6,6012,False,6188
2019-05-24,liquid_universe-2019-02-21-3049,2019-05-24,400197,精金,13.3,30090,False,3049
2019-05-24,liquid_universe-2019-03-12-6158,2019-05-24,327420,禾昌,40.8,8025,False,6158
2019-05-27,liquid_universe-2019-02-21-6188,2019-05-27,239277.6,廣明,39.8,6012,False,6188
2019-05-27,liquid_universe-2019-02-21-3049,2019-05-27,400197,精金,13.3,30090,False,3049
2019-05-27,liquid_universe-2019-03-12-6158,2019-05-27,322203.75,禾昌,40.15,8025,False,6158
2019-05-28,liquid_universe-2019-02-21-6188,2019-05-28,247393.8,廣明,41.15,6012,False,6188
2019-05-28,liquid_universe-2019-02-21-3049,2019-05-28,409224,精金,13.6,30090,False,3049
2019-05-28,liquid_universe-2019-03-12-6158,2019-05-28,320598.75,禾昌,39.95,8025,False,6158
2019-05-29,liquid_universe-2019-02-21-6188,2019-05-29,441.1,廣明,40.1,11,False,6188
2019-05-29,liquid_universe-2019-02-21-3049,2019-05-29,348.4,精金,13.4,26,False,3049
2019-05-29,liquid_universe-2019-03-12-6158,2019-05-29,316185,禾昌,39.4,8025,False,6158
2019-05-30,liquid_universe-2019-03-12-6158,2019-05-30,347482.5,禾昌,43.3,8025,False,6158
2019-05-31,liquid_universe-2019-03-12-6158,2019-05-31,350291.25,禾昌,43.65,8025,False,6158
2019-05-31,liquid_universe-2019-05-30-2520,2019-05-31,339649.75,冠德,28.25,12023,False,2520
2019-05-31,liquid_universe-2019-05-30-2841,2019-05-31,330380,台開,10,33038,False,2841
2019-06-03,liquid_universe-2019-03-12-6158,2019-06-03,335043.75,禾昌,41.75,8025,False,6158
2019-06-03,liquid_universe-2019-05-30-2520,2019-06-03,339048.6,冠德,28.2,12023,False,2520
2019-06-03,liquid_universe-2019-05-30-2841,2019-06-03,332031.9,台開,10.05,33038,False,2841
2019-06-04,liquid_universe-2019-03-12-6158,2019-06-04,335445,禾昌,41.8,8025,False,6158
2019-06-04,liquid_universe-2019-05-30-2520,2019-06-04,345060.1,冠德,28.7,12023,False,2520
2019-06-04,liquid_universe-2019-05-30-2841,2019-06-04,322450.88,台開,9.76,33038,False,2841
2019-06-05,liquid_universe-2019-03-12-6158,2019-06-05,333037.5,禾昌,41.5,8025,False,6158
2019-06-05,liquid_universe-2019-05-30-2520,2019-06-05,352875.05,冠德,29.35,12023,False,2520
2019-06-05,liquid_universe-2019-05-30-2841,2019-06-05,323772.4,台開,9.8,33038,False,2841
2019-06-06,liquid_universe-2019-03-12-6158,2019-06-06,322605,禾昌,40.2,8025,False,6158
2019-06-06,liquid_universe-2019-05-30-2520,2019-06-06,350470.45,冠德,29.15,12023,False,2520
2019-06-06,liquid_universe-2019-05-30-2841,2019-06-06,317164.8,台開,9.6,33038,False,2841
2019-06-10,liquid_universe-2019-03-12-6158,2019-06-10,322203.75,禾昌,40.15,8025,False,6158
2019-06-10,liquid_universe-2019-05-30-2520,2019-06-10,342655.5,冠德,28.5,12023,False,2520
2019-06-10,liquid_universe-2019-05-30-2841,2019-06-10,327736.96,台開,9.92,33038,False,2841
2019-06-11,liquid_universe-2019-03-12-6158,2019-06-11,327821.25,禾昌,40.85,8025,False,6158
2019-06-11,liquid_universe-2019-05-30-2520,2019-06-11,360088.85,冠德,29.95,12023,False,2520
2019-06-11,liquid_universe-2019-05-30-2841,2019-06-11,324433.16,台開,9.82,33038,False,2841
2019-06-12,liquid_universe-2019-03-12-6158,2019-06-12,327420,禾昌,40.8,8025,False,6158
2019-06-12,liquid_universe-2019-05-30-2520,2019-06-12,351672.75,冠德,29.25,12023,False,2520
2019-06-12,liquid_universe-2019-05-30-2841,2019-06-12,318486.32,台開,9.64,33038,False,2841
2019-06-13,liquid_universe-2019-03-12-6158,2019-06-13,322605,禾昌,40.2,8025,False,6158
2019-06-13,liquid_universe-2019-05-30-2520,2019-06-13,335441.7,冠德,27.9,12023,False,2520
2019-06-13,liquid_universe-2019-05-30-2841,2019-06-13,328728.1,台開,9.95,33038,False,2841
2019-06-14,liquid_universe-2019-03-12-6158,2019-06-14,955.65,禾昌,41.55,23,False,6158
2019-06-14,liquid_universe-2019-05-30-2520,2019-06-14,350470.45,冠德,29.15,12023,False,2520
2019-06-14,liquid_universe-2019-05-30-2841,2019-06-14,326415.44,台開,9.88,33038,False,2841
2019-06-17,liquid_universe-2019-03-12-6158,2019-06-17,42.55,禾昌,42.55,1,False,6158
2019-06-17,liquid_universe-2019-05-30-2520,2019-06-17,346262.4,冠德,28.8,12023,False,2520
2019-06-17,liquid_universe-2019-05-30-2841,2019-06-17,128588.2,台開,9.88,13015,False,2841
2019-06-17,liquid_universe-2019-06-14-1809,2019-06-17,333743,中釉,16.6,20105,False,1809
2019-06-18,liquid_universe-2019-05-30-2520,2019-06-18,345661.25,冠德,28.75,12023,False,2520
2019-06-18,liquid_universe-2019-05-30-2841,2019-06-18,49300,台開,9.86,5000,False,2841
2019-06-18,liquid_universe-2019-06-14-1809,2019-06-18,300569.75,中釉,14.95,20105,False,1809
2019-06-19,liquid_universe-2019-05-30-2520,2019-06-19,352273.9,冠德,29.3,12023,False,2520
2019-06-19,liquid_universe-2019-06-14-1809,2019-06-19,307606.5,中釉,15.3,20105,False,1809
2019-06-20,liquid_universe-2019-05-30-2520,2019-06-20,348667,冠德,29,12023,False,2520
2019-06-20,liquid_universe-2019-06-14-1809,2019-06-20,306601.25,中釉,15.25,20105,False,1809
2019-06-20,liquid_universe-2019-06-19-8086,2019-06-20,283679.2,宏捷科,56.6,5012,False,8086
2019-06-21,liquid_universe-2019-05-30-2520,2019-06-21,343256.65,冠德,28.55,12023,False,2520
2019-06-21,liquid_universe-2019-06-14-1809,2019-06-21,311627.5,中釉,15.5,20105,False,1809
2019-06-21,liquid_universe-2019-06-19-8086,2019-06-21,281173.2,宏捷科,56.1,5012,False,8086
2019-06-24,liquid_universe-2019-05-30-2520,2019-06-24,345661.25,冠德,28.75,12023,False,2520
2019-06-24,liquid_universe-2019-06-14-1809,2019-06-24,327711.5,中釉,16.3,20105,False,1809
2019-06-24,liquid_universe-2019-06-19-8086,2019-06-24,287688.8,宏捷科,57.4,5012,False,8086
2019-06-25,liquid_universe-2019-05-30-2520,2019-06-25,368504.95,冠德,30.65,12023,False,2520
2019-06-25,liquid_universe-2019-06-14-1809,2019-06-25,321680,中釉,16,20105,False,1809
2019-06-25,liquid_universe-2019-06-19-8086,2019-06-25,286185.2,宏捷科,57.1,5012,False,8086
2019-06-26,liquid_universe-2019-05-30-2520,2019-06-26,358285.4,冠德,29.8,12023,False,2520
2019-06-26,liquid_universe-2019-06-14-1809,2019-06-26,311627.5,中釉,15.5,20105,False,1809
2019-06-26,liquid_universe-2019-06-19-8086,2019-06-26,301722.4,宏捷科,60.2,5012,False,8086
2019-06-27,liquid_universe-2019-05-30-2520,2019-06-27,352875.05,冠德,29.35,12023,False,2520
2019-06-27,liquid_universe-2019-06-14-1809,2019-06-27,308611.75,中釉,15.35,20105,False,1809
2019-06-27,liquid_universe-2019-06-19-8086,2019-06-27,325780,宏捷科,65,5012,False,8086
2019-06-28,liquid_universe-2019-05-30-2520,2019-06-28,337846.3,冠德,28.1,12023,False,2520
2019-06-28,liquid_universe-2019-06-14-1809,2019-06-28,311627.5,中釉,15.5,20105,False,1809
2019-06-28,liquid_universe-2019-06-19-8086,2019-06-28,323274,宏捷科,64.5,5012,False,8086
2019-07-01,liquid_universe-2019-05-30-2520,2019-07-01,334239.4,冠德,27.8,12023,False,2520
2019-07-01,liquid_universe-2019-06-14-1809,2019-07-01,1464.75,中釉,13.95,105,False,1809
2019-07-01,liquid_universe-2019-06-19-8086,2019-07-01,328787.2,宏捷科,65.6,5012,False,8086
2019-07-02,liquid_universe-2019-05-30-2520,2019-07-02,339649.75,冠德,28.25,12023,False,2520
2019-07-02,liquid_universe-2019-06-14-1809,2019-07-02,874.25,中釉,13.45,65,False,1809
2019-07-02,liquid_universe-2019-06-19-8086,2019-07-02,330792,宏捷科,66,5012,False,8086
2019-07-02,liquid_universe-2019-07-01-2461,2019-07-02,316774.3,光群雷,21.1,15013,False,2461
2019-07-03,liquid_universe-2019-05-30-2520,2019-07-03,331233.65,冠德,27.55,12023,False,2520
2019-07-03,liquid_universe-2019-06-14-1809,2019-07-03,81.9,中釉,13.65,6,False,1809
2019-07-03,liquid_universe-2019-06-19-8086,2019-07-03,325780,宏捷科,65,5012,False,8086
2019-07-03,liquid_universe-2019-07-01-2461,2019-07-03,308517.15,光群雷,20.55,15013,False,2461
2019-07-04,liquid_universe-2019-05-30-2520,2019-07-04,324621,冠德,27,12023,False,2520
2019-07-04,liquid_universe-2019-06-19-8086,2019-07-04,320768,宏捷科,64,5012,False,8086
2019-07-04,liquid_universe-2019-07-01-2461,2019-07-04,301010.65,光群雷,20.05,15013,False,2461
2019-07-05,liquid_universe-2019-05-30-2520,2019-07-05,316204.9,冠德,26.3,12023,False,2520
2019-07-05,liquid_universe-2019-06-19-8086,2019-07-05,326281.2,宏捷科,65.1,5012,False,8086
2019-07-05,liquid_universe-2019-07-01-2461,2019-07-05,303262.6,光群雷,20.2,15013,False,2461
2019-07-08,liquid_universe-2019-05-30-2520,2019-07-08,308389.95,冠德,25.65,12023,False,2520
2019-07-08,liquid_universe-2019-06-19-8086,2019-07-08,332796.8,宏捷科,66.4,5012,False,8086
2019-07-08,liquid_universe-2019-07-01-2461,2019-07-08,310018.45,光群雷,20.65,15013,False,2461
2019-07-09,liquid_universe-2019-05-30-2520,2019-07-09,328829.05,冠德,27.35,12023,False,2520
2019-07-09,liquid_universe-2019-06-19-8086,2019-07-09,338310,宏捷科,67.5,5012,False,8086
2019-07-09,liquid_universe-2019-07-01-2461,2019-07-09,313771.7,光群雷,20.9,15013,False,2461
2019-07-10,liquid_universe-2019-05-30-2520,2019-07-10,322216.4,冠德,26.8,12023,False,2520
2019-07-10,liquid_universe-2019-06-19-8086,2019-07-10,342820.8,宏捷科,68.4,5012,False,8086
2019-07-10,liquid_universe-2019-07-01-2461,2019-07-10,303262.6,光群雷,20.2,15013,False,2461
2019-07-11,liquid_universe-2019-05-30-2520,2019-07-11,321014.1,冠德,26.7,12023,False,2520
2019-07-11,liquid_universe-2019-06-19-8086,2019-07-11,363370,宏捷科,72.5,5012,False,8086
2019-07-11,liquid_universe-2019-07-01-2461,2019-07-11,294254.8,光群雷,19.6,15013,False,2461
2019-07-12,liquid_universe-2019-05-30-2520,2019-07-12,322216.4,冠德,26.8,12023,False,2520
2019-07-12,liquid_universe-2019-06-19-8086,2019-07-12,360864,宏捷科,72,5012,False,8086
2019-07-12,liquid_universe-2019-07-01-2461,2019-07-12,298008.05,光群雷,19.85,15013,False,2461
2019-07-15,liquid_universe-2019-05-30-2520,2019-07-15,311996.85,冠德,25.95,12023,False,2520
2019-07-15,liquid_universe-2019-06-19-8086,2019-07-15,349837.6,宏捷科,69.8,5012,False,8086
2019-07-15,liquid_universe-2019-07-01-2461,2019-07-15,303262.6,光群雷,20.2,15013,False,2461
2019-07-16,liquid_universe-2019-05-30-2520,2019-07-16,313800.3,冠德,26.1,12023,False,2520
2019-07-16,liquid_universe-2019-06-19-8086,2019-07-16,343322,宏捷科,68.5,5012,False,8086
2019-07-16,liquid_universe-2019-07-01-2461,2019-07-16,20,光群雷,20,1,False,2461
2019-07-17,liquid_universe-2019-05-30-2520,2019-07-17,318008.35,冠德,26.45,12023,False,2520
2019-07-17,liquid_universe-2019-06-19-8086,2019-07-17,345828,宏捷科,69,5012,False,8086
2019-07-17,liquid_universe-2019-07-16-8924,2019-07-17,330015,大田,52.5,6286,False,8924
2019-07-18,liquid_universe-2019-05-30-2520,2019-07-18,327626.75,冠德,27.25,12023,False,2520
2019-07-18,liquid_universe-2019-06-19-8086,2019-07-18,345326.8,宏捷科,68.9,5012,False,8086
2019-07-18,liquid_universe-2019-07-16-8924,2019-07-18,322471.8,大田,51.3,6286,False,8924
2019-07-19,liquid_universe-2019-05-30-2520,2019-07-19,324621,冠德,27,12023,False,2520
2019-07-19,liquid_universe-2019-06-19-8086,2019-07-19,362868.8,宏捷科,72.4,5012,False,8086
2019-07-19,liquid_universe-2019-07-16-8924,2019-07-19,323100.4,大田,51.4,6286,False,8924
2019-07-22,liquid_universe-2019-05-30-2520,2019-07-22,319210.65,冠德,26.55,12023,False,2520
2019-07-22,liquid_universe-2019-06-19-8086,2019-07-22,370888,宏捷科,74,5012,False,8086
2019-07-22,liquid_universe-2019-07-16-8924,2019-07-22,318071.6,大田,50.6,6286,False,8924
2019-07-23,liquid_universe-2019-05-30-2520,2019-07-23,313800.3,冠德,26.1,12023,False,2520
2019-07-23,liquid_universe-2019-06-19-8086,2019-07-23,364873.6,宏捷科,72.8,5012,False,8086
2019-07-23,liquid_universe-2019-07-16-8924,2019-07-23,330015,大田,52.5,6286,False,8924
2019-07-24,liquid_universe-2019-05-30-2520,2019-07-24,315002.6,冠德,26.2,12023,False,2520
2019-07-24,liquid_universe-2019-06-19-8086,2019-07-24,364873.6,宏捷科,72.8,5012,False,8086
2019-07-24,liquid_universe-2019-07-16-8924,2019-07-24,319328.8,大田,50.8,6286,False,8924
2019-07-25,liquid_universe-2019-05-30-2520,2019-07-25,315603.75,冠德,26.25,12023,False,2520
2019-07-25,liquid_universe-2019-06-19-8086,2019-07-25,373895.2,宏捷科,74.6,5012,False,8086
2019-07-25,liquid_universe-2019-07-16-8924,2019-07-25,290727.5,大田,46.25,6286,False,8924
2019-07-26,liquid_universe-2019-05-30-2520,2019-07-26,312598,冠德,26,12023,False,2520
2019-07-26,liquid_universe-2019-06-19-8086,2019-07-26,372391.6,宏捷科,74.3,5012,False,8086
2019-07-26,liquid_universe-2019-07-16-8924,2019-07-26,291041.8,大田,46.3,6286,False,8924
2019-07-29,liquid_universe-2019-05-30-2520,2019-07-29,314401.45,冠德,26.15,12023,False,2520
2019-07-29,liquid_universe-2019-06-19-8086,2019-07-29,369885.6,宏捷科,73.8,5012,False,8086
2019-07-29,liquid_universe-2019-07-16-8924,2019-07-29,298585,大田,47.5,6286,False,8924
2019-07-30,liquid_universe-2019-05-30-2520,2019-07-30,307187.65,冠德,25.55,12023,False,2520
2019-07-30,liquid_universe-2019-06-19-8086,2019-07-30,359360.4,宏捷科,71.7,5012,False,8086
2019-07-30,liquid_universe-2019-07-16-8924,2019-07-30,297956.4,大田,47.4,6286,False,8924
2019-07-31,liquid_universe-2019-05-30-2520,2019-07-31,303580.75,冠德,25.25,12023,False,2520
2019-07-31,liquid_universe-2019-06-19-8086,2019-07-31,355852,宏捷科,71,5012,False,8086
2019-07-31,liquid_universe-2019-07-16-8924,2019-07-31,10704,大田,48,223,False,8924
2019-08-01,liquid_universe-2019-05-30-2520,2019-08-01,301176.15,冠德,25.05,12023,False,2520
2019-08-01,liquid_universe-2019-06-19-8086,2019-08-01,368382,宏捷科,73.5,5012,False,8086
2019-08-01,liquid_universe-2019-07-16-8924,2019-08-01,6984,大田,48.5,144,False,8924
2019-08-01,liquid_universe-2019-07-31-2387,2019-08-01,322393.5,精元,42.9,7515,False,2387
2019-08-02,liquid_universe-2019-05-30-2520,2019-08-02,315603.75,冠德,26.25,12023,False,2520
2019-08-02,liquid_universe-2019-06-19-8086,2019-08-02,364372.4,宏捷科,72.7,5012,False,8086
2019-08-02,liquid_universe-2019-07-16-8924,2019-08-02,5539.45,大田,46.55,119,False,8924
2019-08-02,liquid_universe-2019-07-31-2387,2019-08-02,297218.25,精元,39.55,7515,False,2387
2019-08-05,liquid_universe-2019-05-30-2520,2019-08-05,330632.5,冠德,27.5,12023,False,2520
2019-08-05,liquid_universe-2019-06-19-8086,2019-08-05,334801.6,宏捷科,66.8,5012,False,8086
2019-08-05,liquid_universe-2019-07-16-8924,2019-08-05,3889.3,大田,43.7,89,False,8924
2019-08-05,liquid_universe-2019-07-31-2387,2019-08-05,281061,精元,37.4,7515,False,2387
2019-08-06,liquid_universe-2019-05-30-2520,2019-08-06,323418.7,冠德,26.9,12023,False,2520
2019-08-06,liquid_universe-2019-06-19-8086,2019-08-06,346830.4,宏捷科,69.2,5012,False,8086
2019-08-06,liquid_universe-2019-07-16-8924,2019-08-06,1507.2,大田,47.1,32,False,8924
2019-08-06,liquid_universe-2019-07-31-2387,2019-08-06,13752,精元,36,382,False,2387
2019-08-07,liquid_universe-2019-05-30-2520,2019-08-07,336644,冠德,28,12023,False,2520
2019-08-07,liquid_universe-2019-06-19-8086,2019-08-07,350338.8,宏捷科,69.9,5012,False,8086
2019-08-07,liquid_universe-2019-07-16-8924,2019-08-07,608.4,大田,46.8,13,False,8924
2019-08-07,liquid_universe-2019-07-31-2387,2019-08-07,11209.8,精元,35.7,314,False,2387
2019-08-07,liquid_universe-2019-08-06-8028,2019-08-07,219372,昇陽半導體,72.4,3030,False,8028
2019-08-08,liquid_universe-2019-05-30-2520,2019-08-08,344458.95,冠德,28.65,12023,False,2520
2019-08-08,liquid_universe-2019-06-19-8086,2019-08-08,357856.8,宏捷科,71.4,5012,False,8086
2019-08-08,liquid_universe-2019-07-31-2387,2019-08-08,235.5,精元,39.25,6,False,2387
2019-08-08,liquid_universe-2019-08-06-8028,2019-08-08,222099,昇陽半導體,73.3,3030,False,8028
2019-08-12,liquid_universe-2019-05-30-2520,2019-08-12,349268.15,冠德,29.05,12023,False,2520
2019-08-12,liquid_universe-2019-06-19-8086,2019-08-12,356353.2,宏捷科,71.1,5012,False,8086
2019-08-12,liquid_universe-2019-08-06-8028,2019-08-12,225735,昇陽半導體,74.5,3030,False,8028
2019-08-13,liquid_universe-2019-05-30-2520,2019-08-13,344458.95,冠德,28.65,12023,False,2520
2019-08-13,liquid_universe-2019-06-19-8086,2019-08-13,357355.6,宏捷科,71.3,5012,False,8086
2019-08-13,liquid_universe-2019-08-06-8028,2019-08-13,234219,昇陽半導體,77.3,3030,False,8028
2019-08-14,liquid_universe-2019-05-30-2520,2019-08-14,349869.3,冠德,29.1,12023,False,2520
2019-08-14,liquid_universe-2019-06-19-8086,2019-08-14,371890.4,宏捷科,74.2,5012,False,8086
2019-08-14,liquid_universe-2019-08-06-8028,2019-08-14,237855,昇陽半導體,78.5,3030,False,8028
2019-08-15,liquid_universe-2019-05-30-2520,2019-08-15,348065.85,冠德,28.95,12023,False,2520
2019-08-15,liquid_universe-2019-06-19-8086,2019-08-15,356854.4,宏捷科,71.2,5012,False,8086
2019-08-15,liquid_universe-2019-08-06-8028,2019-08-15,242097,昇陽半導體,79.9,3030,False,8028
2019-08-16,liquid_universe-2019-05-30-2520,2019-08-16,351672.75,冠德,29.25,12023,False,2520
2019-08-16,liquid_universe-2019-06-19-8086,2019-08-16,351341.2,宏捷科,70.1,5012,False,8086
2019-08-16,liquid_universe-2019-08-06-8028,2019-08-16,260883,昇陽半導體,86.1,3030,False,8028
2019-08-19,liquid_universe-2019-05-30-2520,2019-08-19,357083.1,冠德,29.7,12023,False,2520
2019-08-19,liquid_universe-2019-06-19-8086,2019-08-19,354849.6,宏捷科,70.8,5012,False,8086
2019-08-19,liquid_universe-2019-08-06-8028,2019-08-19,258156,昇陽半導體,85.2,3030,False,8028
2019-08-20,liquid_universe-2019-05-30-2520,2019-08-20,358886.55,冠德,29.85,12023,False,2520
2019-08-20,liquid_universe-2019-06-19-8086,2019-08-20,353346,宏捷科,70.5,5012,False,8086
2019-08-20,liquid_universe-2019-08-06-8028,2019-08-20,254823,昇陽半導體,84.1,3030,False,8028
2019-08-21,liquid_universe-2019-05-30-2520,2019-08-21,358886.55,冠德,29.85,12023,False,2520
2019-08-21,liquid_universe-2019-06-19-8086,2019-08-21,357856.8,宏捷科,71.4,5012,False,8086
2019-08-21,liquid_universe-2019-08-06-8028,2019-08-21,267246,昇陽半導體,88.2,3030,False,8028
2019-08-22,liquid_universe-2019-05-30-2520,2019-08-22,366701.5,冠德,30.5,12023,False,2520
2019-08-22,liquid_universe-2019-06-19-8086,2019-08-22,358358,宏捷科,71.5,5012,False,8086
2019-08-22,liquid_universe-2019-08-06-8028,2019-08-22,261186,昇陽半導體,86.2,3030,False,8028
2019-08-23,liquid_universe-2019-05-30-2520,2019-08-23,368504.95,冠德,30.65,12023,False,2520
2019-08-23,liquid_universe-2019-06-19-8086,2019-08-23,348334,宏捷科,69.5,5012,False,8086
2019-08-23,liquid_universe-2019-08-06-8028,2019-08-23,247854,昇陽半導體,81.8,3030,False,8028
2019-08-26,liquid_universe-2019-05-30-2520,2019-08-26,367302.65,冠德,30.55,12023,False,2520
2019-08-26,liquid_universe-2019-06-19-8086,2019-08-26,330792,宏捷科,66,5012,False,8086
2019-08-26,liquid_universe-2019-08-06-8028,2019-08-26,234219,昇陽半導體,77.3,3030,False,8028
2019-08-27,liquid_universe-2019-05-30-2520,2019-08-27,349869.3,冠德,29.1,12023,False,2520
2019-08-27,liquid_universe-2019-06-19-8086,2019-08-27,330792,宏捷科,66,5012,False,8086
2019-08-27,liquid_universe-2019-08-06-8028,2019-08-27,233310,昇陽半導體,77,3030,False,8028
2019-08-28,liquid_universe-2019-05-30-2520,2019-08-28,357684.25,冠德,29.75,12023,False,2520
2019-08-28,liquid_universe-2019-06-19-8086,2019-08-28,330290.8,宏捷科,65.9,5012,False,8086
2019-08-28,liquid_universe-2019-08-06-8028,2019-08-28,237249,昇陽半導體,78.3,3030,False,8028
2019-08-29,liquid_universe-2019-05-30-2520,2019-08-29,353476.2,冠德,29.4,12023,False,2520
2019-08-29,liquid_universe-2019-06-19-8086,2019-08-29,338310,宏捷科,67.5,5012,False,8086
2019-08-29,liquid_universe-2019-08-06-8028,2019-08-29,216645,昇陽半導體,71.5,3030,False,8028
2019-08-30,liquid_universe-2019-05-30-2520,2019-08-30,676.2,冠德,29.4,23,False,2520
2019-08-30,liquid_universe-2019-06-19-8086,2019-08-30,335804,宏捷科,67,5012,False,8086
2019-08-30,liquid_universe-2019-08-06-8028,2019-08-30,218160,昇陽半導體,72,3030,False,8028
2019-09-02,liquid_universe-2019-05-30-2520,2019-09-02,414.4,冠德,29.6,14,False,2520
2019-09-02,liquid_universe-2019-06-19-8086,2019-09-02,344324.4,宏捷科,68.7,5012,False,8086
2019-09-02,liquid_universe-2019-08-06-8028,2019-09-02,222705,昇陽半導體,73.5,3030,False,8028
2019-09-02,liquid_universe-2019-08-30-6231,2019-09-02,301977,系微,75.4,4005,False,6231
2019-09-03,liquid_universe-2019-05-30-2520,2019-09-03,319,冠德,29,11,False,2520
2019-09-03,liquid_universe-2019-06-19-8086,2019-09-03,351341.2,宏捷科,70.1,5012,False,8086
2019-09-03,liquid_universe-2019-08-06-8028,2019-09-03,218160,昇陽半導體,72,3030,False,8028
2019-09-03,liquid_universe-2019-08-30-6231,2019-09-03,291564,系微,72.8,4005,False,6231
2019-09-04,liquid_universe-2019-05-30-2520,2019-09-04,327.8,冠德,29.8,11,False,2520
2019-09-04,liquid_universe-2019-06-19-8086,2019-09-04,386425.2,宏捷科,77.1,5012,False,8086
2019-09-04,liquid_universe-2019-08-06-8028,2019-09-04,226038,昇陽半導體,74.6,3030,False,8028
2019-09-04,liquid_universe-2019-08-30-6231,2019-09-04,262728,系微,65.6,4005,False,6231
2019-09-05,liquid_universe-2019-05-30-2520,2019-09-05,236.4,冠德,29.55,8,False,2520
2019-09-05,liquid_universe-2019-06-19-8086,2019-09-05,381914.4,宏捷科,76.2,5012,False,8086
2019-09-05,liquid_universe-2019-08-06-8028,2019-09-05,227553,昇陽半導體,75.1,3030,False,8028
2019-09-06,liquid_universe-2019-05-30-2520,2019-09-06,143,冠德,28.6,5,False,2520
2019-09-06,liquid_universe-2019-06-19-8086,2019-09-06,390936,宏捷科,78,5012,False,8086
2019-09-06,liquid_universe-2019-08-06-8028,2019-09-06,222705,昇陽半導體,73.5,3030,False,8028
2019-09-06,liquid_universe-2019-09-05-2367,2019-09-06,287571.2,燿華,34.3,8384,False,2367
2019-09-09,liquid_universe-2019-05-30-2520,2019-09-09,57.5,冠德,28.75,2,False,2520
2019-09-09,liquid_universe-2019-06-19-8086,2019-09-09,415996,宏捷科,83,5012,False,8086
2019-09-09,liquid_universe-2019-08-06-8028,2019-09-09,221190,昇陽半導體,73,3030,False,8028
2019-09-09,liquid_universe-2019-09-05-2367,2019-09-09,264934.4,燿華,31.6,8384,False,2367
2019-09-10,liquid_universe-2019-05-30-2520,2019-09-10,57.5,冠德,28.75,2,False,2520
2019-09-10,liquid_universe-2019-06-19-8086,2019-09-10,406974.4,宏捷科,81.2,5012,False,8086
2019-09-10,liquid_universe-2019-08-06-8028,2019-09-10,222705,昇陽半導體,73.5,3030,False,8028
2019-09-10,liquid_universe-2019-09-05-2367,2019-09-10,265353.6,燿華,31.65,8384,False,2367
2019-09-11,liquid_universe-2019-06-19-8086,2019-09-11,403466,宏捷科,80.5,5012,False,8086
2019-09-11,liquid_universe-2019-08-06-8028,2019-09-11,215736,昇陽半導體,71.2,3030,False,8028
2019-09-11,liquid_universe-2019-09-05-2367,2019-09-11,272480,燿華,32.5,8384,False,2367
2019-09-12,liquid_universe-2019-06-19-8086,2019-09-12,410984,宏捷科,82,5012,False,8086
2019-09-12,liquid_universe-2019-08-06-8028,2019-09-12,215736,昇陽半導體,71.2,3030,False,8028
2019-09-12,liquid_universe-2019-09-05-2367,2019-09-12,275833.6,燿華,32.9,8384,False,2367
2019-09-16,liquid_universe-2019-06-19-8086,2019-09-16,421008,宏捷科,84,5012,False,8086
2019-09-16,liquid_universe-2019-08-06-8028,2019-09-16,213615,昇陽半導體,70.5,3030,False,8028
2019-09-16,liquid_universe-2019-09-05-2367,2019-09-16,281283.2,燿華,33.55,8384,False,2367
2019-09-17,liquid_universe-2019-06-19-8086,2019-09-17,428024.8,宏捷科,85.4,5012,False,8086
2019-09-17,liquid_universe-2019-08-06-8028,2019-09-17,211494,昇陽半導體,69.8,3030,False,8028
2019-09-17,liquid_universe-2019-09-05-2367,2019-09-17,290505.6,燿華,34.65,8384,False,2367
2019-09-18,liquid_universe-2019-06-19-8086,2019-09-18,431032,宏捷科,86,5012,False,8086
2019-09-18,liquid_universe-2019-08-06-8028,2019-09-18,211191,昇陽半導體,69.7,3030,False,8028
2019-09-18,liquid_universe-2019-09-05-2367,2019-09-18,281702.4,燿華,33.6,8384,False,2367
2019-09-19,liquid_universe-2019-08-06-8028,2019-09-19,222099,昇陽半導體,73.3,3030,False,8028
2019-09-19,liquid_universe-2019-09-05-2367,2019-09-19,280864,燿華,33.5,8384,False,2367
2019-09-20,liquid_universe-2019-08-06-8028,2019-09-20,216039,昇陽半導體,71.3,3030,False,8028
2019-09-20,liquid_universe-2019-09-05-2367,2019-09-20,291344,燿華,34.75,8384,False,2367
2019-09-20,liquid_universe-2019-09-19-3661,2019-09-20,331280,世芯-KY,164,2020,False,3661
2019-09-23,liquid_universe-2019-08-06-8028,2019-09-23,218766,昇陽半導體,72.2,3030,False,8028
2019-09-23,liquid_universe-2019-09-05-2367,2019-09-23,8499.3,燿華,34.55,246,False,2367
2019-09-23,liquid_universe-2019-09-19-3661,2019-09-23,331280,世芯-KY,164,2020,False,3661
2019-09-24,liquid_universe-2019-08-06-8028,2019-09-24,226947,昇陽半導體,74.9,3030,False,8028
2019-09-24,liquid_universe-2019-09-05-2367,2019-09-24,4915.5,燿華,33.9,145,False,2367
2019-09-24,liquid_universe-2019-09-19-3661,2019-09-24,320170,世芯-KY,158.5,2020,False,3661
2019-09-24,liquid_universe-2019-09-23-6233,2019-09-24,309956.5,旺玖,14.75,21014,False,6233
2019-09-25,liquid_universe-2019-08-06-8028,2019-09-25,224220,昇陽半導體,74,3030,False,8028
2019-09-25,liquid_universe-2019-09-19-3661,2019-09-25,320170,世芯-KY,158.5,2020,False,3661
2019-09-25,liquid_universe-2019-09-23-6233,2019-09-25,330970.5,旺玖,15.75,21014,False,6233
2019-09-26,liquid_universe-2019-08-06-8028,2019-09-26,221796,昇陽半導體,73.2,3030,False,8028
2019-09-26,liquid_universe-2019-09-19-3661,2019-09-26,316130,世芯-KY,156.5,2020,False,3661
2019-09-26,liquid_universe-2019-09-23-6233,2019-09-26,343578.9,旺玖,16.35,21014,False,6233
2019-09-27,liquid_universe-2019-08-06-8028,2019-09-27,215130,昇陽半導體,71,3030,False,8028
2019-09-27,liquid_universe-2019-09-19-3661,2019-09-27,322190,世芯-KY,159.5,2020,False,3661
2019-09-27,liquid_universe-2019-09-23-6233,2019-09-27,336224,旺玖,16,21014,False,6233
2019-10-01,liquid_universe-2019-08-06-8028,2019-10-01,215130,昇陽半導體,71,3030,False,8028
2019-10-01,liquid_universe-2019-09-19-3661,2019-10-01,309060,世芯-KY,153,2020,False,3661
2019-10-01,liquid_universe-2019-09-23-6233,2019-10-01,308905.8,旺玖,14.7,21014,False,6233
2019-10-02,liquid_universe-2019-08-06-8028,2019-10-02,219069,昇陽半導體,72.3,3030,False,8028
2019-10-02,liquid_universe-2019-09-19-3661,2019-10-02,313100,世芯-KY,155,2020,False,3661
2019-10-02,liquid_universe-2019-09-23-6233,2019-10-02,321514.2,旺玖,15.3,21014,False,6233
2019-10-03,liquid_universe-2019-08-06-8028,2019-10-03,215130,昇陽半導體,71,3030,False,8028
2019-10-03,liquid_universe-2019-09-19-3661,2019-10-03,314110,世芯-KY,155.5,2020,False,3661
2019-10-03,liquid_universe-2019-09-23-6233,2019-10-03,336224,旺玖,16,21014,False,6233
2019-10-04,liquid_universe-2019-08-06-8028,2019-10-04,211797,昇陽半導體,69.9,3030,False,8028
2019-10-04,liquid_universe-2019-09-19-3661,2019-10-04,345420,世芯-KY,171,2020,False,3661
2019-10-04,liquid_universe-2019-09-23-6233,2019-10-04,329919.8,旺玖,15.7,21014,False,6233
2019-10-07,liquid_universe-2019-08-06-8028,2019-10-07,211797,昇陽半導體,69.9,3030,False,8028
2019-10-07,liquid_universe-2019-09-19-3661,2019-10-07,344410,世芯-KY,170.5,2020,False,3661
2019-10-07,liquid_universe-2019-09-23-6233,2019-10-07,330970.5,旺玖,15.75,21014,False,6233
2019-10-08,liquid_universe-2019-08-06-8028,2019-10-08,206343,昇陽半導體,68.1,3030,False,8028
2019-10-08,liquid_universe-2019-09-19-3661,2019-10-08,350470,世芯-KY,173.5,2020,False,3661
2019-10-08,liquid_universe-2019-09-23-6233,2019-10-08,308905.8,旺玖,14.7,21014,False,6233
2019-10-09,liquid_universe-2019-08-06-8028,2019-10-09,204828,昇陽半導體,67.6,3030,False,8028
2019-10-09,liquid_universe-2019-09-19-3661,2019-10-09,346430,世芯-KY,171.5,2020,False,3661
2019-10-09,liquid_universe-2019-09-23-6233,2019-10-09,311007.2,旺玖,14.8,21014,False,6233
2019-10-14,liquid_universe-2019-08-06-8028,2019-10-14,213918,昇陽半導體,70.6,3030,False,8028
2019-10-14,liquid_universe-2019-09-19-3661,2019-10-14,363600,世芯-KY,180,2020,False,3661
2019-10-14,liquid_universe-2019-09-23-6233,2019-10-14,307855.1,旺玖,14.65,21014,False,6233
2019-10-15,liquid_universe-2019-08-06-8028,2019-10-15,212100,昇陽半導體,70,3030,False,8028
2019-10-15,liquid_universe-2019-09-19-3661,2019-10-15,353500,世芯-KY,175,2020,False,3661
2019-10-15,liquid_universe-2019-09-23-6233,2019-10-15,286841.1,旺玖,13.65,21014,False,6233
2019-10-16,liquid_universe-2019-08-06-8028,2019-10-16,220281,昇陽半導體,72.7,3030,False,8028
2019-10-16,liquid_universe-2019-09-19-3661,2019-10-16,347440,世芯-KY,172,2020,False,3661
2019-10-16,liquid_universe-2019-09-23-6233,2019-10-16,283689,旺玖,13.5,21014,False,6233
2019-10-17,liquid_universe-2019-08-06-8028,2019-10-17,225432,昇陽半導體,74.4,3030,False,8028
2019-10-17,liquid_universe-2019-09-19-3661,2019-10-17,353500,世芯-KY,175,2020,False,3661
2019-10-17,liquid_universe-2019-09-23-6233,2019-10-17,291043.9,旺玖,13.85,21014,False,6233
2019-10-18,liquid_universe-2019-08-06-8028,2019-10-18,226644,昇陽半導體,74.8,3030,False,8028
2019-10-18,liquid_universe-2019-09-19-3661,2019-10-18,367640,世芯-KY,182,2020,False,3661
2019-10-18,liquid_universe-2019-09-23-6233,2019-10-18,293145.3,旺玖,13.95,21014,False,6233
2019-10-21,liquid_universe-2019-08-06-8028,2019-10-21,226038,昇陽半導體,74.6,3030,False,8028
2019-10-21,liquid_universe-2019-09-19-3661,2019-10-21,360570,世芯-KY,178.5,2020,False,3661
2019-10-21,liquid_universe-2019-09-23-6233,2019-10-21,287891.8,旺玖,13.7,21014,False,6233
2019-10-22,liquid_universe-2019-08-06-8028,2019-10-22,228765,昇陽半導體,75.5,3030,False,8028
2019-10-22,liquid_universe-2019-09-19-3661,2019-10-22,372690,世芯-KY,184.5,2020,False,3661
2019-10-22,liquid_universe-2019-09-23-6233,2019-10-22,287891.8,旺玖,13.7,21014,False,6233
2019-10-23,liquid_universe-2019-08-06-8028,2019-10-23,223614,昇陽半導體,73.8,3030,False,8028
2019-10-23,liquid_universe-2019-09-19-3661,2019-10-23,370670,世芯-KY,183.5,2020,False,3661
2019-10-23,liquid_universe-2019-09-23-6233,2019-10-23,316260.7,旺玖,15.05,21014,False,6233
2019-10-24,liquid_universe-2019-08-06-8028,2019-10-24,234825,昇陽半導體,77.5,3030,False,8028
2019-10-24,liquid_universe-2019-09-19-3661,2019-10-24,381780,世芯-KY,189,2020,False,3661
2019-10-24,liquid_universe-2019-09-23-6233,2019-10-24,330970.5,旺玖,15.75,21014,False,6233
2019-10-25,liquid_universe-2019-08-06-8028,2019-10-25,233310,昇陽半導體,77,3030,False,8028
2019-10-25,liquid_universe-2019-09-19-3661,2019-10-25,376730,世芯-KY,186.5,2020,False,3661
2019-10-25,liquid_universe-2019-09-23-6233,2019-10-25,324666.3,旺玖,15.45,21014,False,6233
2019-10-28,liquid_universe-2019-08-06-8028,2019-10-28,239370,昇陽半導體,79,3030,False,8028
2019-10-28,liquid_universe-2019-09-19-3661,2019-10-28,386830,世芯-KY,191.5,2020,False,3661
2019-10-28,liquid_universe-2019-09-23-6233,2019-10-28,323615.6,旺玖,15.4,21014,False,6233
2019-10-29,liquid_universe-2019-08-06-8028,2019-10-29,241188,昇陽半導體,79.6,3030,False,8028
2019-10-29,liquid_universe-2019-09-19-3661,2019-10-29,379760,世芯-KY,188,2020,False,3661
2019-10-29,liquid_universe-2019-09-23-6233,2019-10-29,317311.4,旺玖,15.1,21014,False,6233
2019-10-30,liquid_universe-2019-08-06-8028,2019-10-30,242097,昇陽半導體,79.9,3030,False,8028
2019-10-30,liquid_universe-2019-09-19-3661,2019-10-30,389860,世芯-KY,193,2020,False,3661
2019-10-30,liquid_universe-2019-09-23-6233,2019-10-30,309956.5,旺玖,14.75,21014,False,6233
2019-10-31,liquid_universe-2019-08-06-8028,2019-10-31,232704,昇陽半導體,76.8,3030,False,8028
2019-10-31,liquid_universe-2019-09-19-3661,2019-10-31,376730,世芯-KY,186.5,2020,False,3661
2019-10-31,liquid_universe-2019-09-23-6233,2019-10-31,304703,旺玖,14.5,21014,False,6233
2019-11-01,liquid_universe-2019-08-06-8028,2019-11-01,241491,昇陽半導體,79.7,3030,False,8028
2019-11-01,liquid_universe-2019-09-19-3661,2019-11-01,397940,世芯-KY,197,2020,False,3661
2019-11-01,liquid_universe-2019-09-23-6233,2019-11-01,313108.6,旺玖,14.9,21014,False,6233
2019-11-04,liquid_universe-2019-08-06-8028,2019-11-04,241794,昇陽半導體,79.8,3030,False,8028
2019-11-04,liquid_universe-2019-09-19-3661,2019-11-04,391880,世芯-KY,194,2020,False,3661
2019-11-04,liquid_universe-2019-09-23-6233,2019-11-04,308905.8,旺玖,14.7,21014,False,6233
2019-11-05,liquid_universe-2019-08-06-8028,2019-11-05,239673,昇陽半導體,79.1,3030,False,8028
2019-11-05,liquid_universe-2019-09-19-3661,2019-11-05,391880,世芯-KY,194,2020,False,3661
2019-11-05,liquid_universe-2019-09-23-6233,2019-11-05,312057.9,旺玖,14.85,21014,False,6233
2019-11-06,liquid_universe-2019-08-06-8028,2019-11-06,233613,昇陽半導體,77.1,3030,False,8028
2019-11-06,liquid_universe-2019-09-19-3661,2019-11-06,391880,世芯-KY,194,2020,False,3661
2019-11-06,liquid_universe-2019-09-23-6233,2019-11-06,313108.6,旺玖,14.9,21014,False,6233
2019-11-07,liquid_universe-2019-08-06-8028,2019-11-07,231492,昇陽半導體,76.4,3030,False,8028
2019-11-07,liquid_universe-2019-09-19-3661,2019-11-07,374710,世芯-KY,185.5,2020,False,3661
2019-11-07,liquid_universe-2019-09-23-6233,2019-11-07,295246.7,旺玖,14.05,21014,False,6233
2019-11-08,liquid_universe-2019-08-06-8028,2019-11-08,231795,昇陽半導體,76.5,3030,False,8028
2019-11-08,liquid_universe-2019-09-19-3661,2019-11-08,412080,世芯-KY,204,2020,False,3661
2019-11-08,liquid_universe-2019-09-23-6233,2019-11-08,324666.3,旺玖,15.45,21014,False,6233
2019-11-11,liquid_universe-2019-08-06-8028,2019-11-11,1669.8,昇陽半導體,72.6,23,False,8028
2019-11-11,liquid_universe-2019-09-19-3661,2019-11-11,410060,世芯-KY,203,2020,False,3661
2019-11-11,liquid_universe-2019-09-23-6233,2019-11-11,336224,旺玖,16,21014,False,6233
2019-11-12,liquid_universe-2019-08-06-8028,2019-11-12,1570.8,昇陽半導體,74.8,21,False,8028
2019-11-12,liquid_universe-2019-09-19-3661,2019-11-12,426220,世芯-KY,211,2020,False,3661
2019-11-12,liquid_universe-2019-09-23-6233,2019-11-12,344629.6,旺玖,16.4,21014,False,6233
2019-11-12,liquid_universe-2019-11-11-3044,2019-11-12,272288,健鼎,134,2032,False,3044
2019-11-13,liquid_universe-2019-08-06-8028,2019-11-13,888,昇陽半導體,74,12,False,8028
2019-11-13,liquid_universe-2019-09-19-3661,2019-11-13,433290,世芯-KY,214.5,2020,False,3661
2019-11-13,liquid_universe-2019-09-23-6233,2019-11-13,337274.7,旺玖,16.05,21014,False,6233
2019-11-13,liquid_universe-2019-11-11-3044,2019-11-13,273304,健鼎,134.5,2032,False,3044
2019-11-14,liquid_universe-2019-08-06-8028,2019-11-14,799.7,昇陽半導體,72.7,11,False,8028
2019-11-14,liquid_universe-2019-09-19-3661,2019-11-14,431270,世芯-KY,213.5,2020,False,3661
2019-11-14,liquid_universe-2019-09-23-6233,2019-11-14,327818.4,旺玖,15.6,21014,False,6233
2019-11-14,liquid_universe-2019-11-11-3044,2019-11-14,263144,健鼎,129.5,2032,False,3044
2019-11-15,liquid_universe-2019-08-06-8028,2019-11-15,668.7,昇陽半導體,74.3,9,False,8028
2019-11-15,liquid_universe-2019-09-19-3661,2019-11-15,473690,世芯-KY,234.5,2020,False,3661
2019-11-15,liquid_universe-2019-09-23-6233,2019-11-15,333071.9,旺玖,15.85,21014,False,6233
2019-11-15,liquid_universe-2019-11-11-3044,2019-11-15,263144,健鼎,129.5,2032,False,3044
2019-11-18,liquid_universe-2019-08-06-8028,2019-11-18,370,昇陽半導體,74,5,False,8028
2019-11-18,liquid_universe-2019-09-19-3661,2019-11-18,478740,世芯-KY,237,2020,False,3661
2019-11-18,liquid_universe-2019-09-23-6233,2019-11-18,334122.6,旺玖,15.9,21014,False,6233
2019-11-18,liquid_universe-2019-11-11-3044,2019-11-18,268224,健鼎,132,2032,False,3044
2019-11-19,liquid_universe-2019-09-19-3661,2019-11-19,456520,世芯-KY,226,2020,False,3661
2019-11-19,liquid_universe-2019-09-23-6233,2019-11-19,329919.8,旺玖,15.7,21014,False,6233
2019-11-19,liquid_universe-2019-11-11-3044,2019-11-19,270256,健鼎,133,2032,False,3044
2019-11-20,liquid_universe-2019-09-19-3661,2019-11-20,440360,世芯-KY,218,2020,False,3661
2019-11-20,liquid_universe-2019-09-23-6233,2019-11-20,325717,旺玖,15.5,21014,False,6233
2019-11-20,liquid_universe-2019-11-11-3044,2019-11-20,263144,健鼎,129.5,2032,False,3044
2019-11-21,liquid_universe-2019-09-19-3661,2019-11-21,444400,世芯-KY,220,2020,False,3661
2019-11-21,liquid_universe-2019-09-23-6233,2019-11-21,336224,旺玖,16,21014,False,6233
2019-11-21,liquid_universe-2019-11-11-3044,2019-11-21,267208,健鼎,131.5,2032,False,3044
2019-11-22,liquid_universe-2019-09-19-3661,2019-11-22,416120,世芯-KY,206,2020,False,3661
2019-11-22,liquid_universe-2019-09-23-6233,2019-11-22,329919.8,旺玖,15.7,21014,False,6233
2019-11-22,liquid_universe-2019-11-11-3044,2019-11-22,262128,健鼎,129,2032,False,3044
2019-11-25,liquid_universe-2019-09-19-3661,2019-11-25,432280,世芯-KY,214,2020,False,3661
2019-11-25,liquid_universe-2019-09-23-6233,2019-11-25,328869.1,旺玖,15.65,21014,False,6233
2019-11-25,liquid_universe-2019-11-11-3044,2019-11-25,258064,健鼎,127,2032,False,3044
2019-11-26,liquid_universe-2019-09-19-3661,2019-11-26,445410,世芯-KY,220.5,2020,False,3661
2019-11-26,liquid_universe-2019-09-23-6233,2019-11-26,329919.8,旺玖,15.7,21014,False,6233
2019-11-26,liquid_universe-2019-11-11-3044,2019-11-26,1566,健鼎,130.5,12,False,3044
2019-11-27,liquid_universe-2019-09-19-3661,2019-11-27,438340,世芯-KY,217,2020,False,3661
2019-11-27,liquid_universe-2019-09-23-6233,2019-11-27,323615.6,旺玖,15.4,21014,False,6233
2019-11-27,liquid_universe-2019-11-11-3044,2019-11-27,530,健鼎,132.5,4,False,3044
2019-11-27,liquid_universe-2019-11-26-1736,2019-11-27,288463.7,喬山,94.3,3059,False,1736
2019-11-28,liquid_universe-2019-09-19-3661,2019-11-28,448440,世芯-KY,222,2020,False,3661
2019-11-28,liquid_universe-2019-09-23-6233,2019-11-28,315210,旺玖,15,21014,False,6233
2019-11-28,liquid_universe-2019-11-26-1736,2019-11-28,282957.5,喬山,92.5,3059,False,1736
2019-11-29,liquid_universe-2019-09-19-3661,2019-11-29,442380,世芯-KY,219,2020,False,3661
2019-11-29,liquid_universe-2019-09-23-6233,2019-11-29,320463.5,旺玖,15.25,21014,False,6233
2019-11-29,liquid_universe-2019-11-26-1736,2019-11-29,272251,喬山,89,3059,False,1736
2019-12-02,liquid_universe-2019-09-19-3661,2019-12-02,422180,世芯-KY,209,2020,False,3661
2019-12-02,liquid_universe-2019-09-23-6233,2019-12-02,308905.8,旺玖,14.7,21014,False,6233
2019-12-02,liquid_universe-2019-11-26-1736,2019-12-02,276839.5,喬山,90.5,3059,False,1736
2019-12-03,liquid_universe-2019-09-19-3661,2019-12-03,432280,世芯-KY,214,2020,False,3661
2019-12-03,liquid_universe-2019-09-23-6233,2019-12-03,314159.3,旺玖,14.95,21014,False,6233
2019-12-03,liquid_universe-2019-11-26-1736,2019-12-03,274698.2,喬山,89.8,3059,False,1736
2019-12-04,liquid_universe-2019-09-19-3661,2019-12-04,427230,世芯-KY,211.5,2020,False,3661
2019-12-04,liquid_universe-2019-09-23-6233,2019-12-04,316260.7,旺玖,15.05,21014,False,6233
2019-12-04,liquid_universe-2019-11-26-1736,2019-12-04,271945.1,喬山,88.9,3059,False,1736
2019-12-05,liquid_universe-2019-09-19-3661,2019-12-05,438340,世芯-KY,217,2020,False,3661
2019-12-05,liquid_universe-2019-09-23-6233,2019-12-05,313108.6,旺玖,14.9,21014,False,6233
2019-12-05,liquid_universe-2019-11-26-1736,2019-12-05,274086.4,喬山,89.6,3059,False,1736
2019-12-06,liquid_universe-2019-09-19-3661,2019-12-06,481770,世芯-KY,238.5,2020,False,3661
2019-12-06,liquid_universe-2019-09-23-6233,2019-12-06,312057.9,旺玖,14.85,21014,False,6233
2019-12-06,liquid_universe-2019-11-26-1736,2019-12-06,277145.4,喬山,90.6,3059,False,1736
2019-12-09,liquid_universe-2019-09-19-3661,2019-12-09,467630,世芯-KY,231.5,2020,False,3661
2019-12-09,liquid_universe-2019-09-23-6233,2019-12-09,300500.2,旺玖,14.3,21014,False,6233
2019-12-09,liquid_universe-2019-11-26-1736,2019-12-09,272251,喬山,89,3059,False,1736
2019-12-10,liquid_universe-2019-09-19-3661,2019-12-10,494900,世芯-KY,245,2020,False,3661
2019-12-10,liquid_universe-2019-09-23-6233,2019-12-10,302601.6,旺玖,14.4,21014,False,6233
2019-12-10,liquid_universe-2019-11-26-1736,2019-12-10,263685.8,喬山,86.2,3059,False,1736
2019-12-11,liquid_universe-2019-09-19-3661,2019-12-11,492880,世芯-KY,244,2020,False,3661
2019-12-11,liquid_universe-2019-09-23-6233,2019-12-11,314159.3,旺玖,14.95,21014,False,6233
2019-12-11,liquid_universe-2019-11-26-1736,2019-12-11,4451.2,喬山,85.6,52,False,1736
2019-12-12,liquid_universe-2019-09-19-3661,2019-12-12,481770,世芯-KY,238.5,2020,False,3661
2019-12-12,liquid_universe-2019-09-23-6233,2019-12-12,307855.1,旺玖,14.65,21014,False,6233
2019-12-12,liquid_universe-2019-11-26-1736,2019-12-12,2607.1,喬山,84.1,31,False,1736
2019-12-12,liquid_universe-2019-12-11-6531,2019-12-12,343820.4,愛普*,85.4,4026,False,6531
2019-12-13,liquid_universe-2019-09-19-3661,2019-12-13,469650,世芯-KY,232.5,2020,False,3661
2019-12-13,liquid_universe-2019-09-23-6233,2019-12-13,304703,旺玖,14.5,21014,False,6233
2019-12-13,liquid_universe-2019-11-26-1736,2019-12-13,1749.3,喬山,83.3,21,False,1736
2019-12-13,liquid_universe-2019-12-11-6531,2019-12-13,333755.4,愛普*,82.9,4026,False,6531
2019-12-16,liquid_universe-2019-09-19-3661,2019-12-16,479750,世芯-KY,237.5,2020,False,3661
2019-12-16,liquid_universe-2019-09-23-6233,2019-12-16,307855.1,旺玖,14.65,21014,False,6233
2019-12-16,liquid_universe-2019-11-26-1736,2019-12-16,432.5,喬山,86.5,5,False,1736
2019-12-16,liquid_universe-2019-12-11-6531,2019-12-16,341404.8,愛普*,84.8,4026,False,6531
2019-12-17,liquid_universe-2019-09-19-3661,2019-12-17,471670,世芯-KY,233.5,2020,False,3661
2019-12-17,liquid_universe-2019-09-23-6233,2019-12-17,305753.7,旺玖,14.55,21014,False,6233
2019-12-17,liquid_universe-2019-12-11-6531,2019-12-17,368379,愛普*,91.5,4026,False,6531
2019-12-18,liquid_universe-2019-09-19-3661,2019-12-18,464600,世芯-KY,230,2020,False,3661
2019-12-18,liquid_universe-2019-09-23-6233,2019-12-18,306804.4,旺玖,14.6,21014,False,6233
2019-12-18,liquid_universe-2019-12-11-6531,2019-12-18,361937.4,愛普*,89.9,4026,False,6531
2019-12-19,liquid_universe-2019-09-19-3661,2019-12-19,475710,世芯-KY,235.5,2020,False,3661
2019-12-19,liquid_universe-2019-09-23-6233,2019-12-19,305753.7,旺玖,14.55,21014,False,6233
2019-12-19,liquid_universe-2019-12-11-6531,2019-12-19,357106.2,愛普*,88.7,4026,False,6531
2019-12-20,liquid_universe-2019-09-19-3661,2019-12-20,466620,世芯-KY,231,2020,False,3661
2019-12-20,liquid_universe-2019-09-23-6233,2019-12-20,307855.1,旺玖,14.65,21014,False,6233
2019-12-20,liquid_universe-2019-12-11-6531,2019-12-20,336976.2,愛普*,83.7,4026,False,6531
2019-12-23,liquid_universe-2019-09-23-6233,2019-12-23,303652.3,旺玖,14.45,21014,False,6233
2019-12-23,liquid_universe-2019-12-11-6531,2019-12-23,330132,愛普*,82,4026,False,6531
2019-12-24,liquid_universe-2019-09-23-6233,2019-12-24,299449.5,旺玖,14.25,21014,False,6233
2019-12-24,liquid_universe-2019-12-11-6531,2019-12-24,353885.4,愛普*,87.9,4026,False,6531
2019-12-24,liquid_universe-2019-12-23-2419,2019-12-24,339461.1,仲琦,28.05,12102,False,2419
2019-12-25,liquid_universe-2019-09-23-6233,2019-12-25,158050.9,旺玖,14.35,11014,False,6233
2019-12-25,liquid_universe-2019-12-11-6531,2019-12-25,351067.2,愛普*,87.2,4026,False,6531
2019-12-25,liquid_universe-2019-12-23-2419,2019-12-25,338250.9,仲琦,27.95,12102,False,2419
2019-12-26,liquid_universe-2019-09-23-6233,2019-12-26,86902.3,旺玖,14.45,6014,False,6233
2019-12-26,liquid_universe-2019-12-11-6531,2019-12-26,350262,愛普*,87,4026,False,6531
2019-12-26,liquid_universe-2019-12-23-2419,2019-12-26,340066.2,仲琦,28.1,12102,False,2419
2019-12-27,liquid_universe-2019-09-23-6233,2019-12-27,14652.3,旺玖,14.45,1014,False,6233
2019-12-27,liquid_universe-2019-12-11-6531,2019-12-27,349054.2,愛普*,86.7,4026,False,6531
2019-12-27,liquid_universe-2019-12-23-2419,2019-12-27,351563.1,仲琦,29.05,12102,False,2419
2019-12-30,liquid_universe-2019-09-23-6233,2019-12-30,191.1,旺玖,14.7,13,False,6233
2019-12-30,liquid_universe-2019-12-11-6531,2019-12-30,353885.4,愛普*,87.9,4026,False,6531
2019-12-30,liquid_universe-2019-12-23-2419,2019-12-30,342486.6,仲琦,28.3,12102,False,2419
2019-12-31,liquid_universe-2019-09-23-6233,2019-12-31,175.2,旺玖,14.6,12,False,6233
2019-12-31,liquid_universe-2019-12-11-6531,2019-12-31,350664.6,愛普*,87.1,4026,False,6531
2019-12-31,liquid_universe-2019-12-23-2419,2019-12-31,338856,仲琦,28,12102,False,2419
2019-12-31,liquid_universe-2019-12-30-2492,2019-12-31,281542,華新科,239,1178,False,2492
2020-01-02,liquid_universe-2019-09-23-6233,2020-01-02,174,旺玖,14.5,12,False,6233
2020-01-02,liquid_universe-2019-12-11-6531,2020-01-02,353482.8,愛普*,87.8,4026,False,6531
2020-01-02,liquid_universe-2019-12-23-2419,2020-01-02,346722.3,仲琦,28.65,12102,False,2419
2020-01-02,liquid_universe-2019-12-30-2492,2020-01-02,282131,華新科,239.5,1178,False,2492
2020-01-03,liquid_universe-2019-09-23-6233,2020-01-03,113.6,旺玖,14.2,8,False,6233
2020-01-03,liquid_universe-2019-12-11-6531,2020-01-03,345430.8,愛普*,85.8,4026,False,6531
2020-01-03,liquid_universe-2019-12-23-2419,2020-01-03,334015.2,仲琦,27.6,12102,False,2419
2020-01-03,liquid_universe-2019-12-30-2492,2020-01-03,300979,華新科,255.5,1178,False,2492
2020-01-06,liquid_universe-2019-09-23-6233,2020-01-06,108.4,旺玖,13.55,8,False,6233
2020-01-06,liquid_universe-2019-12-11-6531,2020-01-06,347846.4,愛普*,86.4,4026,False,6531
2020-01-06,liquid_universe-2019-12-23-2419,2020-01-06,309206.1,仲琦,25.55,12102,False,2419
2020-01-06,liquid_universe-2019-12-30-2492,2020-01-06,297445,華新科,252.5,1178,False,2492
2020-01-07,liquid_universe-2019-09-23-6233,2020-01-07,92.05,旺玖,13.15,7,False,6233
2020-01-07,liquid_universe-2019-12-11-6531,2020-01-07,358314,愛普*,89,4026,False,6531
2020-01-07,liquid_universe-2019-12-23-2419,2020-01-07,293473.5,仲琦,24.25,12102,False,2419
2020-01-07,liquid_universe-2019-12-30-2492,2020-01-07,276830,華新科,235,1178,False,2492
2020-01-08,liquid_universe-2019-09-23-6233,2020-01-08,91.7,旺玖,13.1,7,False,6233
2020-01-08,liquid_universe-2019-12-11-6531,2020-01-08,350262,愛普*,87,4026,False,6531
2020-01-08,liquid_universe-2019-12-30-2492,2020-01-08,278008,華新科,236,1178,False,2492
2020-01-09,liquid_universe-2019-09-23-6233,2020-01-09,92.4,旺玖,13.2,7,False,6233
2020-01-09,liquid_universe-2019-12-11-6531,2020-01-09,370392,愛普*,92,4026,False,6531
2020-01-09,liquid_universe-2019-12-30-2492,2020-01-09,278597,華新科,236.5,1178,False,2492
2020-01-09,liquid_universe-2020-01-08-8996,2020-01-09,289997.6,高力,71.2,4073,False,8996
2020-01-10,liquid_universe-2019-09-23-6233,2020-01-10,78.6,旺玖,13.1,6,False,6233
2020-01-10,liquid_universe-2019-12-11-6531,2020-01-10,358314,愛普*,89,4026,False,6531
2020-01-10,liquid_universe-2019-12-30-2492,2020-01-10,273885,華新科,232.5,1178,False,2492
2020-01-10,liquid_universe-2020-01-08-8996,2020-01-10,292848.7,高力,71.9,4073,False,8996
2020-01-13,liquid_universe-2019-12-11-6531,2020-01-13,361534.8,愛普*,89.8,4026,False,6531
2020-01-13,liquid_universe-2019-12-30-2492,2020-01-13,267995,華新科,227.5,1178,False,2492
2020-01-13,liquid_universe-2020-01-08-8996,2020-01-13,317694,高力,78,4073,False,8996
2020-01-14,liquid_universe-2019-12-11-6531,2020-01-14,397366.2,愛普*,98.7,4026,False,6531
2020-01-14,liquid_universe-2019-12-30-2492,2020-01-14,278008,華新科,236,1178,False,2492
2020-01-14,liquid_universe-2020-01-08-8996,2020-01-14,322174.3,高力,79.1,4073,False,8996
2020-01-15,liquid_universe-2019-12-11-6531,2020-01-15,396561,愛普*,98.5,4026,False,6531
2020-01-15,liquid_universe-2019-12-30-2492,2020-01-15,270351,華新科,229.5,1178,False,2492
2020-01-15,liquid_universe-2020-01-08-8996,2020-01-15,325432.7,高力,79.9,4073,False,8996
2020-01-16,liquid_universe-2019-12-11-6531,2020-01-16,434808,愛普*,108,4026,False,6531
2020-01-16,liquid_universe-2019-12-30-2492,2020-01-16,275063,華新科,233.5,1178,False,2492
2020-01-16,liquid_universe-2020-01-08-8996,2020-01-16,321359.7,高力,78.9,4073,False,8996
2020-01-17,liquid_universe-2019-12-11-6531,2020-01-17,477081,愛普*,118.5,4026,False,6531
2020-01-17,liquid_universe-2019-12-30-2492,2020-01-17,270351,華新科,229.5,1178,False,2492
2020-01-17,liquid_universe-2020-01-08-8996,2020-01-17,321767,高力,79,4073,False,8996
2020-01-20,liquid_universe-2019-12-11-6531,2020-01-20,491172,愛普*,122,4026,False,6531
2020-01-20,liquid_universe-2019-12-30-2492,2020-01-20,273296,華新科,232,1178,False,2492
2020-01-20,liquid_universe-2020-01-08-8996,2020-01-20,350278,高力,86,4073,False,8996
2020-01-30,liquid_universe-2019-12-11-6531,2020-01-30,442860,愛普*,110,4026,False,6531
2020-01-30,liquid_universe-2019-12-30-2492,2020-01-30,246202,華新科,209,1178,False,2492
2020-01-30,liquid_universe-2020-01-08-8996,2020-01-30,315250.2,高力,77.4,4073,False,8996
2020-01-31,liquid_universe-2019-12-11-6531,2020-01-31,438834,愛普*,109,4026,False,6531
2020-01-31,liquid_universe-2019-12-30-2492,2020-01-31,13051,華新科,210.5,62,False,2492
2020-01-31,liquid_universe-2020-01-08-8996,2020-01-31,295699.8,高力,72.6,4073,False,8996
2020-02-03,liquid_universe-2019-12-11-6531,2020-02-03,448899,愛普*,111.5,4026,False,6531
2020-02-03,liquid_universe-2020-01-08-8996,2020-02-03,280629.7,高力,68.9,4073,False,8996
2020-02-03,liquid_universe-2020-01-31-3178,2020-02-03,312052,公準,52,6001,False,3178
2020-02-04,liquid_universe-2019-12-11-6531,2020-02-04,448899,愛普*,111.5,4026,False,6531
2020-02-04,liquid_universe-2020-01-08-8996,2020-02-04,292034.1,高力,71.7,4073,False,8996
2020-02-04,liquid_universe-2020-01-31-3178,2020-02-04,315652.6,公準,52.6,6001,False,3178
2020-02-05,liquid_universe-2019-12-11-6531,2020-02-05,477081,愛普*,118.5,4026,False,6531
2020-02-05,liquid_universe-2020-01-08-8996,2020-02-05,303438.5,高力,74.5,4073,False,8996
2020-02-05,liquid_universe-2020-01-31-3178,2020-02-05,295549.25,公準,49.25,6001,False,3178
2020-02-06,liquid_universe-2019-12-11-6531,2020-02-06,497211,愛普*,123.5,4026,False,6531
2020-02-06,liquid_universe-2020-01-08-8996,2020-02-06,309548,高力,76,4073,False,8996
2020-02-06,liquid_universe-2020-01-31-3178,2020-02-06,296149.35,公準,49.35,6001,False,3178
2020-02-07,liquid_universe-2019-12-11-6531,2020-02-07,448899,愛普*,111.5,4026,False,6531
2020-02-07,liquid_universe-2020-01-08-8996,2020-02-07,294477.9,高力,72.3,4073,False,8996
2020-02-07,liquid_universe-2020-01-31-3178,2020-02-07,286247.7,公準,47.7,6001,False,3178
2020-02-10,liquid_universe-2019-12-11-6531,2020-02-10,404613,愛普*,100.5,4026,False,6531
2020-02-10,liquid_universe-2020-01-08-8996,2020-02-10,291219.5,高力,71.5,4073,False,8996
2020-02-10,liquid_universe-2020-01-31-3178,2020-02-10,276046,公準,46,6001,False,3178
2020-02-11,liquid_universe-2019-12-11-6531,2020-02-11,414678,愛普*,103,4026,False,6531
2020-02-11,liquid_universe-2020-01-08-8996,2020-02-11,294070.6,高力,72.2,4073,False,8996
2020-02-11,liquid_universe-2020-01-31-3178,2020-02-11,273945.65,公準,45.65,6001,False,3178
2020-02-12,liquid_universe-2019-12-11-6531,2020-02-12,418704,愛普*,104,4026,False,6531
2020-02-12,liquid_universe-2020-01-08-8996,2020-02-12,300180.1,高力,73.7,4073,False,8996
2020-02-13,liquid_universe-2019-12-11-6531,2020-02-13,424743,愛普*,105.5,4026,False,6531
2020-02-13,liquid_universe-2020-01-08-8996,2020-02-13,289997.6,高力,71.2,4073,False,8996
2020-02-13,liquid_universe-2020-02-12-4707,2020-02-13,317578.25,磐亞,12.65,25105,False,4707
2020-02-14,liquid_universe-2019-12-11-6531,2020-02-14,465003,愛普*,115.5,4026,False,6531
2020-02-14,liquid_universe-2020-01-08-8996,2020-02-14,298143.6,高力,73.2,4073,False,8996
2020-02-14,liquid_universe-2020-02-12-4707,2020-02-14,326365,磐亞,13,25105,False,4707
2020-02-17,liquid_universe-2019-12-11-6531,2020-02-17,465003,愛普*,115.5,4026,False,6531
2020-02-17,liquid_universe-2020-01-08-8996,2020-02-17,293663.3,高力,72.1,4073,False,8996
2020-02-17,liquid_universe-2020-02-12-4707,2020-02-17,347704.25,磐亞,13.85,25105,False,4707
2020-02-18,liquid_universe-2019-12-11-6531,2020-02-18,462990,愛普*,115,4026,False,6531
2020-02-18,liquid_universe-2020-01-08-8996,2020-02-18,303845.8,高力,74.6,4073,False,8996
2020-02-18,liquid_universe-2020-02-12-4707,2020-02-18,341428,磐亞,13.6,25105,False,4707
2020-02-19,liquid_universe-2019-12-11-6531,2020-02-19,467016,愛普*,116,4026,False,6531
2020-02-19,liquid_universe-2020-01-08-8996,2020-02-19,321767,高力,79,4073,False,8996
2020-02-19,liquid_universe-2020-02-12-4707,2020-02-19,338917.5,磐亞,13.5,25105,False,4707
2020-02-20,liquid_universe-2019-12-11-6531,2020-02-20,495198,愛普*,123,4026,False,6531
2020-02-20,liquid_universe-2020-01-08-8996,2020-02-20,346205,高力,85,4073,False,8996
2020-02-20,liquid_universe-2020-02-12-4707,2020-02-20,331386,磐亞,13.2,25105,False,4707
2020-02-21,liquid_universe-2019-12-11-6531,2020-02-21,509289,愛普*,126.5,4026,False,6531
2020-02-21,liquid_universe-2020-01-08-8996,2020-02-21,336429.8,高力,82.6,4073,False,8996
2020-02-21,liquid_universe-2020-02-12-4707,2020-02-21,350214.75,磐亞,13.95,25105,False,4707
2020-02-24,liquid_universe-2019-12-11-6531,2020-02-24,505263,愛普*,125.5,4026,False,6531
2020-02-24,liquid_universe-2020-01-08-8996,2020-02-24,317694,高力,78,4073,False,8996
2020-02-24,liquid_universe-2020-02-12-4707,2020-02-24,350214.75,磐亞,13.95,25105,False,4707
2020-02-25,liquid_universe-2019-12-11-6531,2020-02-25,555588,愛普*,138,4026,False,6531
2020-02-25,liquid_universe-2020-01-08-8996,2020-02-25,316064.8,高力,77.6,4073,False,8996
2020-02-25,liquid_universe-2020-02-12-4707,2020-02-25,333896.5,磐亞,13.3,25105,False,4707
2020-02-26,liquid_universe-2019-12-11-6531,2020-02-26,553575,愛普*,137.5,4026,False,6531
2020-02-26,liquid_universe-2020-01-08-8996,2020-02-26,300180.1,高力,73.7,4073,False,8996
2020-02-26,liquid_universe-2020-02-12-4707,2020-02-26,333896.5,磐亞,13.3,25105,False,4707
2020-02-27,liquid_universe-2019-12-11-6531,2020-02-27,509289,愛普*,126.5,4026,False,6531
2020-02-27,liquid_universe-2020-01-08-8996,2020-02-27,285924.6,高力,70.2,4073,False,8996
2020-02-27,liquid_universe-2020-02-12-4707,2020-02-27,343938.5,磐亞,13.7,25105,False,4707
2020-03-02,liquid_universe-2019-12-11-6531,2020-03-02,515328,愛普*,128,4026,False,6531
2020-03-02,liquid_universe-2020-01-08-8996,2020-03-02,289590.3,高力,71.1,4073,False,8996
2020-03-02,liquid_universe-2020-02-12-4707,2020-03-02,366533,磐亞,14.6,25105,False,4707
2020-03-03,liquid_universe-2019-12-11-6531,2020-03-03,535458,愛普*,133,4026,False,6531
2020-03-03,liquid_universe-2020-01-08-8996,2020-03-03,289997.6,高力,71.2,4073,False,8996
2020-03-03,liquid_universe-2020-02-12-4707,2020-03-03,372809.25,磐亞,14.85,25105,False,4707
2020-03-04,liquid_universe-2019-12-11-6531,2020-03-04,509289,愛普*,126.5,4026,False,6531
2020-03-04,liquid_universe-2020-01-08-8996,2020-03-04,285517.3,高力,70.1,4073,False,8996
2020-03-04,liquid_universe-2020-02-12-4707,2020-03-04,374064.5,磐亞,14.9,25105,False,4707
2020-03-05,liquid_universe-2019-12-11-6531,2020-03-05,543510,愛普*,135,4026,False,6531
2020-03-05,liquid_universe-2020-01-08-8996,2020-03-05,294070.6,高力,72.2,4073,False,8996
2020-03-05,liquid_universe-2020-02-12-4707,2020-03-05,366533,磐亞,14.6,25105,False,4707
2020-03-06,liquid_universe-2019-12-11-6531,2020-03-06,547536,愛普*,136,4026,False,6531
2020-03-06,liquid_universe-2020-01-08-8996,2020-03-06,287553.8,高力,70.6,4073,False,8996
2020-03-06,liquid_universe-2020-02-12-4707,2020-03-06,365277.75,磐亞,14.55,25105,False,4707
2020-03-09,liquid_universe-2019-12-11-6531,2020-03-09,501237,愛普*,124.5,4026,False,6531
2020-03-09,liquid_universe-2020-01-08-8996,2020-03-09,259042.8,高力,63.6,4073,False,8996
2020-03-09,liquid_universe-2020-02-12-4707,2020-03-09,377830.25,磐亞,15.05,25105,False,4707
2020-03-10,liquid_universe-2019-12-11-6531,2020-03-10,527406,愛普*,131,4026,False,6531
2020-03-10,liquid_universe-2020-01-08-8996,2020-03-10,265559.6,高力,65.2,4073,False,8996
2020-03-10,liquid_universe-2020-02-12-4707,2020-03-10,369043.5,磐亞,14.7,25105,False,4707
2020-03-11,liquid_universe-2019-12-11-6531,2020-03-11,475068,愛普*,118,4026,False,6531
2020-03-11,liquid_universe-2020-01-08-8996,2020-03-11,247231.1,高力,60.7,4073,False,8996
2020-03-11,liquid_universe-2020-02-12-4707,2020-03-11,366533,磐亞,14.6,25105,False,4707
2020-03-12,liquid_universe-2019-12-11-6531,2020-03-12,430782,愛普*,107,4026,False,6531
2020-03-12,liquid_universe-2020-01-08-8996,2020-03-12,3330,高力,55.5,60,False,8996
2020-03-12,liquid_universe-2020-02-12-4707,2020-03-12,352725.25,磐亞,14.05,25105,False,4707
2020-03-13,liquid_universe-2019-12-11-6531,2020-03-13,395353.2,愛普*,98.2,4026,False,6531
2020-03-13,liquid_universe-2020-01-08-8996,2020-03-13,3262.7,高力,55.3,59,False,8996
2020-03-13,liquid_universe-2020-02-12-4707,2020-03-13,321344,磐亞,12.8,25105,False,4707
2020-03-16,liquid_universe-2019-12-11-6531,2020-03-16,362742.6,愛普*,90.1,4026,False,6531
2020-03-16,liquid_universe-2020-01-08-8996,2020-03-16,2739,高力,49.8,55,False,8996
2020-03-16,liquid_universe-2020-02-12-4707,2020-03-16,327620.25,磐亞,13.05,25105,False,4707
2020-03-17,liquid_universe-2019-12-11-6531,2020-03-17,334560.6,愛普*,83.1,4026,False,6531
2020-03-17,liquid_universe-2020-01-08-8996,2020-03-17,2242.5,高力,44.85,50,False,8996
2020-03-17,liquid_universe-2020-02-12-4707,2020-03-17,298749.5,磐亞,11.9,25105,False,4707
2020-03-18,liquid_universe-2019-12-11-6531,2020-03-18,331742.4,愛普*,82.4,4026,False,6531
2020-03-18,liquid_universe-2020-01-08-8996,2020-03-18,1691,高力,44.5,38,False,8996
2020-03-18,liquid_universe-2020-02-12-4707,2020-03-18,306281,磐亞,12.2,25105,False,4707
2020-03-19,liquid_universe-2019-12-11-6531,2020-03-19,298729.2,愛普*,74.2,4026,False,6531
2020-03-19,liquid_universe-2020-01-08-8996,2020-03-19,1521.9,高力,40.05,38,False,8996
2020-03-19,liquid_universe-2020-02-12-4707,2020-03-19,276155,磐亞,11,25105,False,4707
2020-03-20,liquid_universe-2019-12-11-6531,2020-03-20,1387.2,愛普*,81.6,17,False,6531
2020-03-20,liquid_universe-2020-01-08-8996,2020-03-20,1090.8,高力,40.4,27,False,8996
2020-03-20,liquid_universe-2020-02-12-4707,2020-03-20,984,磐亞,12,82,False,4707
2020-03-23,liquid_universe-2019-12-11-6531,2020-03-23,1170,愛普*,78,15,False,6531
2020-03-23,liquid_universe-2020-01-08-8996,2020-03-23,947.5,高力,37.9,25,False,8996
2020-03-23,liquid_universe-2020-02-12-4707,2020-03-23,648,磐亞,12,54,False,4707
2020-03-24,liquid_universe-2019-12-11-6531,2020-03-24,429,愛普*,85.8,5,False,6531
2020-03-24,liquid_universe-2020-01-08-8996,2020-03-24,873.6,高力,41.6,21,False,8996
2020-03-24,liquid_universe-2020-02-12-4707,2020-03-24,492,磐亞,12.3,40,False,4707
2020-03-25,liquid_universe-2020-01-08-8996,2020-03-25,869,高力,43.45,20,False,8996
2020-03-25,liquid_universe-2020-02-12-4707,2020-03-25,266.2,磐亞,12.1,22,False,4707
2020-03-26,liquid_universe-2020-01-08-8996,2020-03-26,95.5,高力,47.75,2,False,8996
2020-03-26,liquid_universe-2020-02-12-4707,2020-03-26,47.6,磐亞,11.9,4,False,4707
2020-06-04,liquid_universe-2020-06-03-3693,2020-06-04,245152,營邦,81.5,3008,False,3693
2020-06-04,liquid_universe-2020-06-03-1309,2020-06-04,249324.2,台達化,14.6,17077,False,1309
2020-06-04,liquid_universe-2020-06-03-3556,2020-06-04,215123.6,禾瑞亞,69.8,3082,False,3556
2020-06-05,liquid_universe-2020-06-03-3693,2020-06-05,249664,營邦,83,3008,False,3693
2020-06-05,liquid_universe-2020-06-03-1309,2020-06-05,261278.1,台達化,15.3,17077,False,1309
2020-06-05,liquid_universe-2020-06-03-3556,2020-06-05,211733.4,禾瑞亞,68.7,3082,False,3556
2020-06-08,liquid_universe-2020-06-03-3693,2020-06-08,224697.6,營邦,74.7,3008,False,3693
2020-06-08,liquid_universe-2020-06-03-1309,2020-06-08,257862.7,台達化,15.1,17077,False,1309
2020-06-08,liquid_universe-2020-06-03-3556,2020-06-08,190775.8,禾瑞亞,61.9,3082,False,3556
2020-06-09,liquid_universe-2020-06-03-3693,2020-06-09,216576,營邦,72,3008,False,3693
2020-06-09,liquid_universe-2020-06-03-1309,2020-06-09,248470.35,台達化,14.55,17077,False,1309
2020-06-09,liquid_universe-2020-06-03-3556,2020-06-09,190467.6,禾瑞亞,61.8,3082,False,3556
2020-06-10,liquid_universe-2020-06-03-3693,2020-06-10,238233.6,營邦,79.2,3008,False,3693
2020-06-10,liquid_universe-2020-06-03-1309,2020-06-10,254447.3,台達化,14.9,17077,False,1309
2020-06-10,liquid_universe-2020-06-03-3556,2020-06-10,185536.4,禾瑞亞,60.2,3082,False,3556
2020-06-11,liquid_universe-2020-06-03-3693,2020-06-11,221990.4,營邦,73.8,3008,False,3693
2020-06-11,liquid_universe-2020-06-03-1309,2020-06-11,247616.5,台達化,14.5,17077,False,1309
2020-06-11,liquid_universe-2020-06-03-3556,2020-06-11,3166.8,禾瑞亞,60.9,52,False,3556
2020-06-12,liquid_universe-2020-06-03-3693,2020-06-12,222592,營邦,74,3008,False,3693
2020-06-12,liquid_universe-2020-06-03-1309,2020-06-12,248470.35,台達化,14.55,17077,False,1309
2020-06-12,liquid_universe-2020-06-03-3556,2020-06-12,1929.6,禾瑞亞,60.3,32,False,3556
2020-06-12,liquid_universe-2020-06-11-2417,2020-06-12,251350,圓剛,22.85,11000,False,2417
2020-06-15,liquid_universe-2020-06-03-3693,2020-06-15,213568,營邦,71,3008,False,3693
2020-06-15,liquid_universe-2020-06-03-1309,2020-06-15,244201.1,台達化,14.3,17077,False,1309
2020-06-15,liquid_universe-2020-06-11-2417,2020-06-15,266750,圓剛,24.25,11000,False,2417
2020-06-16,liquid_universe-2020-06-03-1309,2020-06-16,256155,台達化,15,17077,False,1309
2020-06-16,liquid_universe-2020-06-11-2417,2020-06-16,259050,圓剛,23.55,11000,False,2417
2020-06-17,liquid_universe-2020-06-03-1309,2020-06-17,255301.15,台達化,14.95,17077,False,1309
2020-06-17,liquid_universe-2020-06-11-2417,2020-06-17,269500,圓剛,24.5,11000,False,2417
2020-06-17,liquid_universe-2020-06-16-1799,2020-06-17,228530.25,易威,25.35,9015,False,1799
2020-06-18,liquid_universe-2020-06-03-1309,2020-06-18,160.05,台達化,14.55,11,False,1309
2020-06-18,liquid_universe-2020-06-11-2417,2020-06-18,295900,圓剛,26.9,11000,False,2417
2020-06-18,liquid_universe-2020-06-16-1799,2020-06-18,205992.75,易威,22.85,9015,False,1799
2020-06-19,liquid_universe-2020-06-11-2417,2020-06-19,290400,圓剛,26.4,11000,False,2417
2020-06-19,liquid_universe-2020-06-16-1799,2020-06-19,200133,易威,22.2,9015,False,1799
2020-06-19,liquid_universe-2020-06-18-1474,2020-06-19,251951.4,弘裕,20.85,12084,False,1474
2020-06-22,liquid_universe-2020-06-11-2417,2020-06-22,265650,圓剛,24.15,11000,False,2417
2020-06-22,liquid_universe-2020-06-16-1799,2020-06-22,22927,易威,22.7,1010,False,1799
2020-06-22,liquid_universe-2020-06-18-1474,2020-06-22,230200.2,弘裕,19.05,12084,False,1474
2020-06-23,liquid_universe-2020-06-11-2417,2020-06-23,255200,圓剛,23.2,11000,False,2417
2020-06-23,liquid_universe-2020-06-16-1799,2020-06-23,226,易威,22.6,10,False,1799
2020-06-23,liquid_universe-2020-06-18-1474,2020-06-23,207240.6,弘裕,17.15,12084,False,1474
2020-06-24,liquid_universe-2020-06-11-2417,2020-06-24,268950,圓剛,24.45,11000,False,2417
2020-06-24,liquid_universe-2020-06-16-1799,2020-06-24,127.8,易威,21.3,6,False,1799
2020-06-24,liquid_universe-2020-06-18-1474,2020-06-24,1102.15,弘裕,16.45,67,False,1474
2020-06-29,liquid_universe-2020-06-11-2417,2020-06-29,295350,圓剛,26.85,11000,False,2417
2020-06-29,liquid_universe-2020-06-16-1799,2020-06-29,133.8,易威,22.3,6,False,1799
2020-06-29,liquid_universe-2020-06-18-1474,2020-06-29,910,弘裕,16.25,56,False,1474
2020-06-29,liquid_universe-2020-06-24-3228,2020-06-29,197100,金麗科,65.7,3000,False,3228
2020-06-29,liquid_universe-2020-06-24-3661,2020-06-29,28842,世芯-KY,506,57,False,3661
2020-06-30,liquid_universe-2020-06-11-2417,2020-06-30,319000,圓剛,29,11000,False,2417
2020-06-30,liquid_universe-2020-06-16-1799,2020-06-30,117.25,易威,23.45,5,False,1799
2020-06-30,liquid_universe-2020-06-18-1474,2020-06-30,708.4,弘裕,16.1,44,False,1474
2020-06-30,liquid_universe-2020-06-24-3228,2020-06-30,209400,金麗科,69.8,3000,False,3228
2020-06-30,liquid_universe-2020-06-24-3661,2020-06-30,28500,世芯-KY,500,57,False,3661
2020-07-01,liquid_universe-2020-06-11-2417,2020-07-01,309100,圓剛,28.1,11000,False,2417
2020-07-01,liquid_universe-2020-06-18-1474,2020-07-01,579.6,弘裕,16.1,36,False,1474
2020-07-01,liquid_universe-2020-06-24-3228,2020-07-01,200700,金麗科,66.9,3000,False,3228
2020-07-01,liquid_universe-2020-06-24-3661,2020-07-01,29070,世芯-KY,510,57,False,3661
2020-07-02,liquid_universe-2020-06-11-2417,2020-07-02,312400,圓剛,28.4,11000,False,2417
2020-07-02,liquid_universe-2020-06-18-1474,2020-07-02,518.4,弘裕,16.2,32,False,1474
2020-07-02,liquid_universe-2020-06-24-3228,2020-07-02,218700,金麗科,72.9,3000,False,3228
2020-07-02,liquid_universe-2020-06-24-3661,2020-07-02,31065,世芯-KY,545,57,False,3661
2020-07-03,liquid_universe-2020-06-11-2417,2020-07-03,318450,圓剛,28.95,11000,False,2417
2020-07-03,liquid_universe-2020-06-18-1474,2020-07-03,448.2,弘裕,16.6,27,False,1474
2020-07-03,liquid_universe-2020-06-24-3228,2020-07-03,238500,金麗科,79.5,3000,False,3228
2020-07-03,liquid_universe-2020-06-24-3661,2020-07-03,30552,世芯-KY,536,57,False,3661
2020-07-06,liquid_universe-2020-06-11-2417,2020-07-06,348700,圓剛,31.7,11000,False,2417
2020-07-06,liquid_universe-2020-06-18-1474,2020-07-06,313.5,弘裕,16.5,19,False,1474
2020-07-06,liquid_universe-2020-06-24-3228,2020-07-06,228000,金麗科,76,3000,False,3228
2020-07-06,liquid_universe-2020-06-24-3661,2020-07-06,31977,世芯-KY,561,57,False,3661
2020-07-07,liquid_universe-2020-06-11-2417,2020-07-07,383350,圓剛,34.85,11000,False,2417
2020-07-07,liquid_universe-2020-06-18-1474,2020-07-07,61,弘裕,15.25,4,False,1474
2020-07-07,liquid_universe-2020-06-24-3228,2020-07-07,214500,金麗科,71.5,3000,False,3228
2020-07-07,liquid_universe-2020-06-24-3661,2020-07-07,31236,世芯-KY,548,57,False,3661
2020-07-08,liquid_universe-2020-06-11-2417,2020-07-08,414700,圓剛,37.7,11000,False,2417
2020-07-08,liquid_universe-2020-06-24-3228,2020-07-08,216600,金麗科,72.2,3000,False,3228
2020-07-08,liquid_universe-2020-06-24-3661,2020-07-08,32775,世芯-KY,575,57,False,3661
2020-07-09,liquid_universe-2020-06-11-2417,2020-07-09,410850,圓剛,37.35,11000,False,2417
2020-07-09,liquid_universe-2020-06-24-3228,2020-07-09,195000,金麗科,65,3000,False,3228
2020-07-09,liquid_universe-2020-06-24-3661,2020-07-09,32262,世芯-KY,566,57,False,3661
2020-07-10,liquid_universe-2020-06-11-2417,2020-07-10,388300,圓剛,35.3,11000,False,2417
2020-07-10,liquid_universe-2020-06-24-3228,2020-07-10,177000,金麗科,59,3000,False,3228
2020-07-10,liquid_universe-2020-06-24-3661,2020-07-10,29754,世芯-KY,522,57,False,3661
2020-07-13,liquid_universe-2020-06-11-2417,2020-07-13,401500,圓剛,36.5,11000,False,2417
2020-07-13,liquid_universe-2020-06-24-3228,2020-07-13,186000,金麗科,62,3000,False,3228
2020-07-13,liquid_universe-2020-06-24-3661,2020-07-13,31635,世芯-KY,555,57,False,3661
2020-07-14,liquid_universe-2020-06-11-2417,2020-07-14,418550,圓剛,38.05,11000,False,2417
2020-07-14,liquid_universe-2020-06-24-3228,2020-07-14,189000,金麗科,63,3000,False,3228
2020-07-14,liquid_universe-2020-06-24-3661,2020-07-14,30609,世芯-KY,537,57,False,3661
2020-07-15,liquid_universe-2020-06-11-2417,2020-07-15,397100,圓剛,36.1,11000,False,2417
2020-07-15,liquid_universe-2020-06-24-3228,2020-07-15,170100,金麗科,56.7,3000,False,3228
2020-07-15,liquid_universe-2020-06-24-3661,2020-07-15,28728,世芯-KY,504,57,False,3661
2020-07-16,liquid_universe-2020-06-11-2417,2020-07-16,407000,圓剛,37,11000,False,2417
2020-07-16,liquid_universe-2020-06-24-3661,2020-07-16,27930,世芯-KY,490,57,False,3661
2020-07-17,liquid_universe-2020-06-11-2417,2020-07-17,411400,圓剛,37.4,11000,False,2417
2020-07-17,liquid_universe-2020-06-24-3661,2020-07-17,27360,世芯-KY,480,57,False,3661
2020-07-17,liquid_universe-2020-07-16-6443,2020-07-17,256608,元晶,13.5,19008,False,6443
2020-07-20,liquid_universe-2020-06-11-2417,2020-07-20,370700,圓剛,33.7,11000,False,2417
2020-07-20,liquid_universe-2020-06-24-3661,2020-07-20,26904,世芯-KY,472,57,False,3661
2020-07-20,liquid_universe-2020-07-16-6443,2020-07-20,261360,元晶,13.75,19008,False,6443
2020-07-21,liquid_universe-2020-06-11-2417,2020-07-21,379500,圓剛,34.5,11000,False,2417
2020-07-21,liquid_universe-2020-06-24-3661,2020-07-21,29583,世芯-KY,519,57,False,3661
2020-07-21,liquid_universe-2020-07-16-6443,2020-07-21,275616,元晶,14.5,19008,False,6443
2020-07-22,liquid_universe-2020-06-11-2417,2020-07-22,398200,圓剛,36.2,11000,False,2417
2020-07-22,liquid_universe-2020-06-24-3661,2020-07-22,31350,世芯-KY,550,57,False,3661
2020-07-22,liquid_universe-2020-07-16-6443,2020-07-22,269913.6,元晶,14.2,19008,False,6443
2020-07-23,liquid_universe-2020-06-11-2417,2020-07-23,401500,圓剛,36.5,11000,False,2417
2020-07-23,liquid_universe-2020-06-24-3661,2020-07-23,33060,世芯-KY,580,57,False,3661
2020-07-23,liquid_universe-2020-07-16-6443,2020-07-23,256608,元晶,13.5,19008,False,6443
2020-07-24,liquid_universe-2020-06-11-2417,2020-07-24,406450,圓剛,36.95,11000,False,2417
2020-07-24,liquid_universe-2020-06-24-3661,2020-07-24,30153,世芯-KY,529,57,False,3661
2020-07-24,liquid_universe-2020-07-16-6443,2020-07-24,249955.2,元晶,13.15,19008,False,6443
2020-07-27,liquid_universe-2020-06-11-2417,2020-07-27,393250,圓剛,35.75,11000,False,2417
2020-07-27,liquid_universe-2020-06-24-3661,2020-07-27,31806,世芯-KY,558,57,False,3661
2020-07-27,liquid_universe-2020-07-16-6443,2020-07-27,238550.4,元晶,12.55,19008,False,6443
2020-07-28,liquid_universe-2020-06-11-2417,2020-07-28,377300,圓剛,34.3,11000,False,2417
2020-07-28,liquid_universe-2020-06-24-3661,2020-07-28,30552,世芯-KY,536,57,False,3661
2020-07-28,liquid_universe-2020-07-16-6443,2020-07-28,235699.2,元晶,12.4,19008,False,6443
2020-07-29,liquid_universe-2020-06-11-2417,2020-07-29,392150,圓剛,35.65,11000,False,2417
2020-07-29,liquid_universe-2020-06-24-3661,2020-07-29,32148,世芯-KY,564,57,False,3661
2020-07-29,liquid_universe-2020-07-16-6443,2020-07-29,258508.8,元晶,13.6,19008,False,6443
2020-07-30,liquid_universe-2020-06-11-2417,2020-07-30,403700,圓剛,36.7,11000,False,2417
2020-07-30,liquid_universe-2020-06-24-3661,2020-07-30,32205,世芯-KY,565,57,False,3661
2020-07-30,liquid_universe-2020-07-16-6443,2020-07-30,280368,元晶,14.75,19008,False,6443
2020-07-31,liquid_universe-2020-06-11-2417,2020-07-31,393250,圓剛,35.75,11000,False,2417
2020-07-31,liquid_universe-2020-06-24-3661,2020-07-31,34143,世芯-KY,599,57,False,3661
2020-07-31,liquid_universe-2020-07-16-6443,2020-07-31,306028.8,元晶,16.1,19008,False,6443
2020-08-03,liquid_universe-2020-06-11-2417,2020-08-03,396000,圓剛,36,11000,False,2417
2020-08-03,liquid_universe-2020-06-24-3661,2020-08-03,35055,世芯-KY,615,57,False,3661
2020-08-03,liquid_universe-2020-07-16-6443,2020-08-03,329788.8,元晶,17.35,19008,False,6443
2020-08-04,liquid_universe-2020-06-11-2417,2020-08-04,435600,圓剛,39.6,11000,False,2417
2020-08-04,liquid_universe-2020-06-24-3661,2020-08-04,37962,世芯-KY,666,57,False,3661
2020-08-04,liquid_universe-2020-07-16-6443,2020-08-04,322185.6,元晶,16.95,19008,False,6443
2020-08-05,liquid_universe-2020-06-11-2417,2020-08-05,454850,圓剛,41.35,11000,False,2417
2020-08-05,liquid_universe-2020-06-24-3661,2020-08-05,37962,世芯-KY,666,57,False,3661
2020-08-05,liquid_universe-2020-07-16-6443,2020-08-05,331689.6,元晶,17.45,19008,False,6443
2020-08-06,liquid_universe-2020-06-11-2417,2020-08-06,478500,圓剛,43.5,11000,False,2417
2020-08-06,liquid_universe-2020-06-24-3661,2020-08-06,39387,世芯-KY,691,57,False,3661
2020-08-06,liquid_universe-2020-07-16-6443,2020-08-06,324086.4,元晶,17.05,19008,False,6443
2020-08-07,liquid_universe-2020-06-11-2417,2020-08-07,475750,圓剛,43.25,11000,False,2417
2020-08-07,liquid_universe-2020-06-24-3661,2020-08-07,38190,世芯-KY,670,57,False,3661
2020-08-07,liquid_universe-2020-07-16-6443,2020-08-07,351648,元晶,18.5,19008,False,6443
2020-08-10,liquid_universe-2020-06-11-2417,2020-08-10,495000,圓剛,45,11000,False,2417
2020-08-10,liquid_universe-2020-06-24-3661,2020-08-10,38418,世芯-KY,674,57,False,3661
2020-08-10,liquid_universe-2020-07-16-6443,2020-08-10,377308.8,元晶,19.85,19008,False,6443
2020-08-11,liquid_universe-2020-06-11-2417,2020-08-11,509850,圓剛,46.35,11000,False,2417
2020-08-11,liquid_universe-2020-06-24-3661,2020-08-11,37335,世芯-KY,655,57,False,3661
2020-08-11,liquid_universe-2020-07-16-6443,2020-08-11,340243.2,元晶,17.9,19008,False,6443
2020-08-12,liquid_universe-2020-06-11-2417,2020-08-12,503800,圓剛,45.8,11000,False,2417
2020-08-12,liquid_universe-2020-06-24-3661,2020-08-12,34770,世芯-KY,610,57,False,3661
2020-08-12,liquid_universe-2020-07-16-6443,2020-08-12,350697.6,元晶,18.45,19008,False,6443
2020-08-13,liquid_universe-2020-06-11-2417,2020-08-13,529650,圓剛,48.15,11000,False,2417
2020-08-13,liquid_universe-2020-06-24-3661,2020-08-13,36252,世芯-KY,636,57,False,3661
2020-08-13,liquid_universe-2020-07-16-6443,2020-08-13,337392,元晶,17.75,19008,False,6443
2020-08-14,liquid_universe-2020-06-11-2417,2020-08-14,558800,圓剛,50.8,11000,False,2417
2020-08-14,liquid_universe-2020-06-24-3661,2020-08-14,37677,世芯-KY,661,57,False,3661
2020-08-14,liquid_universe-2020-07-16-6443,2020-08-14,361152,元晶,19,19008,False,6443
2020-08-17,liquid_universe-2020-06-11-2417,2020-08-17,613800,圓剛,55.8,11000,False,2417
2020-08-17,liquid_universe-2020-06-24-3661,2020-08-17,36765,世芯-KY,645,57,False,3661
2020-08-17,liquid_universe-2020-07-16-6443,2020-08-17,358300.8,元晶,18.85,19008,False,6443
2020-08-18,liquid_universe-2020-06-11-2417,2020-08-18,649000,圓剛,59,11000,False,2417
2020-08-18,liquid_universe-2020-06-24-3661,2020-08-18,36252,世芯-KY,636,57,False,3661
2020-08-18,liquid_universe-2020-07-16-6443,2020-08-18,355449.6,元晶,18.7,19008,False,6443
2020-08-19,liquid_universe-2020-06-11-2417,2020-08-19,606100,圓剛,55.1,11000,False,2417
2020-08-19,liquid_universe-2020-06-24-3661,2020-08-19,36651,世芯-KY,643,57,False,3661
2020-08-19,liquid_universe-2020-07-16-6443,2020-08-19,332640,元晶,17.5,19008,False,6443
2020-08-20,liquid_universe-2020-06-11-2417,2020-08-20,581900,圓剛,52.9,11000,False,2417
2020-08-20,liquid_universe-2020-06-24-3661,2020-08-20,33915,世芯-KY,595,57,False,3661
2020-08-20,liquid_universe-2020-07-16-6443,2020-08-20,345945.6,元晶,18.2,19008,False,6443
2020-08-21,liquid_universe-2020-06-11-2417,2020-08-21,620400,圓剛,56.4,11000,False,2417
2020-08-21,liquid_universe-2020-06-24-3661,2020-08-21,34314,世芯-KY,602,57,False,3661
2020-08-21,liquid_universe-2020-07-16-6443,2020-08-21,338342.4,元晶,17.8,19008,False,6443
2020-08-24,liquid_universe-2020-06-11-2417,2020-08-24,630300,圓剛,57.3,11000,False,2417
2020-08-24,liquid_universe-2020-06-24-3661,2020-08-24,34428,世芯-KY,604,57,False,3661
2020-08-24,liquid_universe-2020-07-16-6443,2020-08-24,336441.6,元晶,17.7,19008,False,6443
2020-08-25,liquid_universe-2020-06-11-2417,2020-08-25,663300,圓剛,60.3,11000,False,2417
2020-08-25,liquid_universe-2020-06-24-3661,2020-08-25,34029,世芯-KY,597,57,False,3661
2020-08-25,liquid_universe-2020-07-16-6443,2020-08-25,351648,元晶,18.5,19008,False,6443
2020-08-26,liquid_universe-2020-06-11-2417,2020-08-26,654500,圓剛,59.5,11000,False,2417
2020-08-26,liquid_universe-2020-06-24-3661,2020-08-26,33972,世芯-KY,596,57,False,3661
2020-08-26,liquid_universe-2020-07-16-6443,2020-08-26,346896,元晶,18.25,19008,False,6443
2020-08-27,liquid_universe-2020-06-11-2417,2020-08-27,660000,圓剛,60,11000,False,2417
2020-08-27,liquid_universe-2020-06-24-3661,2020-08-27,32718,世芯-KY,574,57,False,3661
2020-08-27,liquid_universe-2020-07-16-6443,2020-08-27,340243.2,元晶,17.9,19008,False,6443
2020-08-28,liquid_universe-2020-06-11-2417,2020-08-28,724900,圓剛,65.9,11000,False,2417
2020-08-28,liquid_universe-2020-06-24-3661,2020-08-28,31521,世芯-KY,553,57,False,3661
2020-08-28,liquid_universe-2020-07-16-6443,2020-08-28,334540.8,元晶,17.6,19008,False,6443
2020-08-31,liquid_universe-2020-06-11-2417,2020-08-31,770000,圓剛,70,11000,False,2417
2020-08-31,liquid_universe-2020-06-24-3661,2020-08-31,30039,世芯-KY,527,57,False,3661
2020-08-31,liquid_universe-2020-07-16-6443,2020-08-31,367804.8,元晶,19.35,19008,False,6443
2020-09-01,liquid_universe-2020-06-11-2417,2020-09-01,766700,圓剛,69.7,11000,False,2417
2020-09-01,liquid_universe-2020-06-24-3661,2020-09-01,30837,世芯-KY,541,57,False,3661
2020-09-01,liquid_universe-2020-07-16-6443,2020-09-01,395366.4,元晶,20.8,19008,False,6443
2020-09-02,liquid_universe-2020-06-11-2417,2020-09-02,842600,圓剛,76.6,11000,False,2417
2020-09-02,liquid_universe-2020-06-24-3661,2020-09-02,30153,世芯-KY,529,57,False,3661
2020-09-02,liquid_universe-2020-07-16-6443,2020-09-02,434332.8,元晶,22.85,19008,False,6443
2020-09-03,liquid_universe-2020-06-11-2417,2020-09-03,869000,圓剛,79,11000,False,2417
2020-09-03,liquid_universe-2020-06-24-3661,2020-09-03,33117,世芯-KY,581,57,False,3661
2020-09-03,liquid_universe-2020-07-16-6443,2020-09-03,477100.8,元晶,25.1,19008,False,6443
2020-09-04,liquid_universe-2020-06-11-2417,2020-09-04,869000,圓剛,79,11000,False,2417
2020-09-04,liquid_universe-2020-06-24-3661,2020-09-04,30951,世芯-KY,543,57,False,3661
2020-09-04,liquid_universe-2020-07-16-6443,2020-09-04,468547.2,元晶,24.65,19008,False,6443
2020-09-07,liquid_universe-2020-06-11-2417,2020-09-07,782100,圓剛,71.1,11000,False,2417
2020-09-07,liquid_universe-2020-06-24-3661,2020-09-07,27873,世芯-KY,489,57,False,3661
2020-09-07,liquid_universe-2020-07-16-6443,2020-09-07,432432,元晶,22.75,19008,False,6443
2020-09-08,liquid_universe-2020-06-11-2417,2020-09-08,739200,圓剛,67.2,11000,False,2417
2020-09-08,liquid_universe-2020-06-24-3661,2020-09-08,25165.5,世芯-KY,441.5,57,False,3661
2020-09-08,liquid_universe-2020-07-16-6443,2020-09-08,429580.8,元晶,22.6,19008,False,6443
2020-09-09,liquid_universe-2020-06-11-2417,2020-09-09,748000,圓剛,68,11000,False,2417
2020-09-09,liquid_universe-2020-06-24-3661,2020-09-09,12415.5,世芯-KY,400.5,31,False,3661
2020-09-09,liquid_universe-2020-07-16-6443,2020-09-09,472348.8,元晶,24.85,19008,False,6443
2020-09-10,liquid_universe-2020-06-11-2417,2020-09-10,707300,圓剛,64.3,11000,False,2417
2020-09-10,liquid_universe-2020-06-24-3661,2020-09-10,3735,世芯-KY,415,9,False,3661
2020-09-10,liquid_universe-2020-07-16-6443,2020-09-10,515116.8,元晶,27.1,19008,False,6443
2020-09-11,liquid_universe-2020-06-24-3661,2020-09-11,2055,世芯-KY,411,5,False,3661
2020-09-11,liquid_universe-2020-07-16-6443,2020-09-11,512265.6,元晶,26.95,19008,False,6443
2020-09-11,liquid_universe-2020-09-10-6492,2020-09-11,15733.5,生華科,308.5,51,False,6492
2020-09-14,liquid_universe-2020-07-16-6443,2020-09-14,503712,元晶,26.5,19008,False,6443
2020-09-14,liquid_universe-2020-09-10-6492,2020-09-14,15045,生華科,295,51,False,6492
2020-09-14,liquid_universe-2020-09-11-3686,2020-09-14,163309.7,達能,16.3,10019,False,3686
2020-09-15,liquid_universe-2020-07-16-6443,2020-09-15,517017.6,元晶,27.2,19008,False,6443
2020-09-15,liquid_universe-2020-09-10-6492,2020-09-15,13540.5,生華科,265.5,51,False,6492
2020-09-15,liquid_universe-2020-09-11-3686,2020-09-15,158300.2,達能,15.8,10019,False,3686
2020-09-16,liquid_universe-2020-07-16-6443,2020-09-16,511315.2,元晶,26.9,19008,False,6443
2020-09-16,liquid_universe-2020-09-10-6492,2020-09-16,3563,生華科,254.5,14,False,6492
2020-09-16,liquid_universe-2020-09-11-3686,2020-09-16,150285,達能,15,10019,False,3686
2020-09-17,liquid_universe-2020-07-16-6443,2020-09-17,517017.6,元晶,27.2,19008,False,6443
2020-09-17,liquid_universe-2020-09-11-3686,2020-09-17,153791.65,達能,15.35,10019,False,3686
2020-09-17,liquid_universe-2020-09-16-6233,2020-09-17,422450,旺玖,24.85,17000,False,6233
2020-09-18,liquid_universe-2020-07-16-6443,2020-09-18,513216,元晶,27,19008,False,6443
2020-09-18,liquid_universe-2020-09-11-3686,2020-09-18,154793.55,達能,15.45,10019,False,3686
2020-09-18,liquid_universe-2020-09-16-6233,2020-09-18,426700,旺玖,25.1,17000,False,6233
2020-09-21,liquid_universe-2020-07-16-6443,2020-09-21,497059.2,元晶,26.15,19008,False,6443
2020-09-21,liquid_universe-2020-09-11-3686,2020-09-21,152789.75,達能,15.25,10019,False,3686
2020-09-21,liquid_universe-2020-09-16-6233,2020-09-21,425850,旺玖,25.05,17000,False,6233
2020-09-22,liquid_universe-2020-07-16-6443,2020-09-22,482803.2,元晶,25.4,19008,False,6443
2020-09-22,liquid_universe-2020-09-11-3686,2020-09-22,153290.7,達能,15.3,10019,False,3686
2020-09-22,liquid_universe-2020-09-16-6233,2020-09-22,410550,旺玖,24.15,17000,False,6233
2020-09-23,liquid_universe-2020-07-16-6443,2020-09-23,530323.2,元晶,27.9,19008,False,6443
2020-09-23,liquid_universe-2020-09-11-3686,2020-09-23,168319.2,達能,16.8,10019,False,3686
2020-09-23,liquid_universe-2020-09-16-6233,2020-09-23,419900,旺玖,24.7,17000,False,6233
2020-09-24,liquid_universe-2020-07-16-6443,2020-09-24,560736,元晶,29.5,19008,False,6443
2020-09-24,liquid_universe-2020-09-11-3686,2020-09-24,166315.4,達能,16.6,10019,False,3686
2020-09-24,liquid_universe-2020-09-16-6233,2020-09-24,403750,旺玖,23.75,17000,False,6233
2020-09-25,liquid_universe-2020-07-16-6443,2020-09-25,551232,元晶,29,19008,False,6443
2020-09-25,liquid_universe-2020-09-11-3686,2020-09-25,156797.35,達能,15.65,10019,False,3686
2020-09-25,liquid_universe-2020-09-16-6233,2020-09-25,385900,旺玖,22.7,17000,False,6233
2020-09-28,liquid_universe-2020-07-16-6443,2020-09-28,527472,元晶,27.75,19008,False,6443
2020-09-28,liquid_universe-2020-09-16-6233,2020-09-28,403750,旺玖,23.75,17000,False,6233
2020-09-29,liquid_universe-2020-07-16-6443,2020-09-29,510364.8,元晶,26.85,19008,False,6443
2020-09-29,liquid_universe-2020-09-16-6233,2020-09-29,443700,旺玖,26.1,17000,False,6233
2020-09-29,liquid_universe-2020-09-28-6283,2020-09-29,446620.3,淳安,34.3,13021,False,6283
2020-09-30,liquid_universe-2020-07-16-6443,2020-09-30,536976,元晶,28.25,19008,False,6443
2020-09-30,liquid_universe-2020-09-16-6233,2020-09-30,428400,旺玖,25.2,17000,False,6233
2020-09-30,liquid_universe-2020-09-28-6283,2020-09-30,458339.2,淳安,35.2,13021,False,6283
2020-10-05,liquid_universe-2020-07-16-6443,2020-10-05,528422.4,元晶,27.8,19008,False,6443
2020-10-05,liquid_universe-2020-09-16-6233,2020-10-05,416500,旺玖,24.5,17000,False,6233
2020-10-05,liquid_universe-2020-09-28-6283,2020-10-05,458339.2,淳安,35.2,13021,False,6283
2020-10-06,liquid_universe-2020-07-16-6443,2020-10-06,580694.4,元晶,30.55,19008,False,6443
2020-10-06,liquid_universe-2020-09-16-6233,2020-10-06,401200,旺玖,23.6,17000,False,6233
2020-10-06,liquid_universe-2020-09-28-6283,2020-10-06,503912.7,淳安,38.7,13021,False,6283
2020-10-07,liquid_universe-2020-07-16-6443,2020-10-07,595900.8,元晶,31.35,19008,False,6443
2020-10-07,liquid_universe-2020-09-16-6233,2020-10-07,403750,旺玖,23.75,17000,False,6233
2020-10-07,liquid_universe-2020-09-28-6283,2020-10-07,515631.6,淳安,39.6,13021,False,6283
2020-10-08,liquid_universe-2020-07-16-6443,2020-10-08,632966.4,元晶,33.3,19008,False,6443
2020-10-08,liquid_universe-2020-09-16-6233,2020-10-08,404600,旺玖,23.8,17000,False,6233
2020-10-08,liquid_universe-2020-09-28-6283,2020-10-08,510423.2,淳安,39.2,13021,False,6283
2020-10-12,liquid_universe-2020-07-16-6443,2020-10-12,695692.8,元晶,36.6,19008,False,6443
2020-10-12,liquid_universe-2020-09-16-6233,2020-10-12,394400,旺玖,23.2,17000,False,6233
2020-10-12,liquid_universe-2020-09-28-6283,2020-10-12,498053.25,淳安,38.25,13021,False,6283
2020-10-13,liquid_universe-2020-07-16-6443,2020-10-13,749865.6,元晶,39.45,19008,False,6443
2020-10-13,liquid_universe-2020-09-16-6233,2020-10-13,389300,旺玖,22.9,17000,False,6233
2020-10-13,liquid_universe-2020-09-28-6283,2020-10-13,490240.65,淳安,37.65,13021,False,6283
2020-10-14,liquid_universe-2020-07-16-6443,2020-10-14,736560,元晶,38.75,19008,False,6443
2020-10-14,liquid_universe-2020-09-16-6233,2020-10-14,427550,旺玖,25.15,17000,False,6233
2020-10-14,liquid_universe-2020-09-28-6283,2020-10-14,539069.4,淳安,41.4,13021,False,6283
2020-10-15,liquid_universe-2020-07-16-6443,2020-10-15,705196.8,元晶,37.1,19008,False,6443
2020-10-15,liquid_universe-2020-09-16-6233,2020-10-15,470050,旺玖,27.65,17000,False,6233
2020-10-15,liquid_universe-2020-09-28-6283,2020-10-15,533861,淳安,41,13021,False,6283
2020-10-16,liquid_universe-2020-07-16-6443,2020-10-16,666230.4,元晶,35.05,19008,False,6443
2020-10-16,liquid_universe-2020-09-16-6233,2020-10-16,442850,旺玖,26.05,17000,False,6233
2020-10-16,liquid_universe-2020-09-28-6283,2020-10-16,514329.5,淳安,39.5,13021,False,6283
2020-10-19,liquid_universe-2020-09-16-6233,2020-10-19,432650,旺玖,25.45,17000,False,6233
2020-10-19,liquid_universe-2020-09-28-6283,2020-10-19,531256.8,淳安,40.8,13021,False,6283
2020-10-20,liquid_universe-2020-09-16-6233,2020-10-20,436050,旺玖,25.65,17000,False,6233
2020-10-20,liquid_universe-2020-09-28-6283,2020-10-20,520188.95,淳安,39.95,13021,False,6283
2020-10-20,liquid_universe-2020-10-19-3580,2020-10-20,471863.5,友威科,39.25,12022,False,3580
2020-10-21,liquid_universe-2020-09-16-6233,2020-10-21,436050,旺玖,25.65,17000,False,6233
2020-10-21,liquid_universe-2020-09-28-6283,2020-10-21,476568.6,淳安,36.6,13021,False,6283
2020-10-21,liquid_universe-2020-10-19-3580,2020-10-21,455032.7,友威科,37.85,12022,False,3580
2020-10-22,liquid_universe-2020-09-16-6233,2020-10-22,435200,旺玖,25.6,17000,False,6233
2020-10-22,liquid_universe-2020-09-28-6283,2020-10-22,486334.35,淳安,37.35,13021,False,6283
2020-10-22,liquid_universe-2020-10-19-3580,2020-10-22,443611.8,友威科,36.9,12022,False,3580
2020-10-23,liquid_universe-2020-09-16-6233,2020-10-23,433500,旺玖,25.5,17000,False,6233
2020-10-23,liquid_universe-2020-09-28-6283,2020-10-23,485032.25,淳安,37.25,13021,False,6283
2020-10-23,liquid_universe-2020-10-19-3580,2020-10-23,438803,友威科,36.5,12022,False,3580
2020-10-26,liquid_universe-2020-09-16-6233,2020-10-26,425000,旺玖,25,17000,False,6233
2020-10-26,liquid_universe-2020-09-28-6283,2020-10-26,481125.95,淳安,36.95,13021,False,6283
2020-10-26,liquid_universe-2020-10-19-3580,2020-10-26,451426.1,友威科,37.55,12022,False,3580
2020-10-27,liquid_universe-2020-09-16-6233,2020-10-27,408000,旺玖,24,17000,False,6233
2020-10-27,liquid_universe-2020-09-28-6283,2020-10-27,443365.05,淳安,34.05,13021,False,6283
2020-10-27,liquid_universe-2020-10-19-3580,2020-10-27,438803,友威科,36.5,12022,False,3580
2020-10-28,liquid_universe-2020-09-16-6233,2020-10-28,394400,旺玖,23.2,17000,False,6233
2020-10-28,liquid_universe-2020-09-28-6283,2020-10-28,444016.1,淳安,34.1,13021,False,6283
2020-10-28,liquid_universe-2020-10-19-3580,2020-10-28,449622.8,友威科,37.4,12022,False,3580
2020-10-29,liquid_universe-2020-09-16-6233,2020-10-29,408000,旺玖,24,17000,False,6233
2020-10-29,liquid_universe-2020-09-28-6283,2020-10-29,455735,淳安,35,13021,False,6283
2020-10-29,liquid_universe-2020-10-19-3580,2020-10-29,468256.9,友威科,38.95,12022,False,3580
2020-10-30,liquid_universe-2020-09-16-6233,2020-10-30,399500,旺玖,23.5,17000,False,6233
2020-10-30,liquid_universe-2020-09-28-6283,2020-10-30,444016.1,淳安,34.1,13021,False,6283
2020-10-30,liquid_universe-2020-10-19-3580,2020-10-30,498913,友威科,41.5,12022,False,3580
2020-11-02,liquid_universe-2020-09-16-6233,2020-11-02,395250,旺玖,23.25,17000,False,6233
2020-11-02,liquid_universe-2020-09-28-6283,2020-11-02,445969.25,淳安,34.25,13021,False,6283
2020-11-02,liquid_universe-2020-10-19-3580,2020-11-02,526563.6,友威科,43.8,12022,False,3580
2020-11-03,liquid_universe-2020-09-16-6233,2020-11-03,425000,旺玖,25,17000,False,6233
2020-11-03,liquid_universe-2020-09-28-6283,2020-11-03,459641.3,淳安,35.3,13021,False,6283
2020-11-03,liquid_universe-2020-10-19-3580,2020-11-03,526563.6,友威科,43.8,12022,False,3580
2020-11-04,liquid_universe-2020-09-16-6233,2020-11-04,424150,旺玖,24.95,17000,False,6233
2020-11-04,liquid_universe-2020-09-28-6283,2020-11-04,456386.05,淳安,35.05,13021,False,6283
2020-11-04,liquid_universe-2020-10-19-3580,2020-11-04,508530.6,友威科,42.3,12022,False,3580
2020-11-05,liquid_universe-2020-09-16-6233,2020-11-05,421600,旺玖,24.8,17000,False,6233
2020-11-05,liquid_universe-2020-09-28-6283,2020-11-05,447271.35,淳安,34.35,13021,False,6283
2020-11-05,liquid_universe-2020-10-19-3580,2020-11-05,551809.8,友威科,45.9,12022,False,3580
2020-11-06,liquid_universe-2020-09-16-6233,2020-11-06,425850,旺玖,25.05,17000,False,6233
2020-11-06,liquid_universe-2020-09-28-6283,2020-11-06,480474.9,淳安,36.9,13021,False,6283
2020-11-06,liquid_universe-2020-10-19-3580,2020-11-06,535580.1,友威科,44.55,12022,False,3580
2020-11-09,liquid_universe-2020-09-16-6233,2020-11-09,435200,旺玖,25.6,17000,False,6233
2020-11-09,liquid_universe-2020-09-28-6283,2020-11-09,507167.95,淳安,38.95,13021,False,6283
2020-11-09,liquid_universe-2020-10-19-3580,2020-11-09,547602.1,友威科,45.55,12022,False,3580
2020-11-10,liquid_universe-2020-09-16-6233,2020-11-10,418200,旺玖,24.6,17000,False,6233
2020-11-10,liquid_universe-2020-09-28-6283,2020-11-10,490891.7,淳安,37.7,13021,False,6283
2020-11-10,liquid_universe-2020-10-19-3580,2020-11-10,565635.1,友威科,47.05,12022,False,3580
2020-11-11,liquid_universe-2020-09-16-6233,2020-11-11,418200,旺玖,24.6,17000,False,6233
2020-11-11,liquid_universe-2020-09-28-6283,2020-11-11,466151.8,淳安,35.8,13021,False,6283
2020-11-11,liquid_universe-2020-10-19-3580,2020-11-11,583067,友威科,48.5,12022,False,3580
2020-11-12,liquid_universe-2020-09-16-6233,2020-11-12,421600,旺玖,24.8,17000,False,6233
2020-11-12,liquid_universe-2020-09-28-6283,2020-11-12,445318.2,淳安,34.2,13021,False,6283
2020-11-12,liquid_universe-2020-10-19-3580,2020-11-12,560225.2,友威科,46.6,12022,False,3580
2020-11-13,liquid_universe-2020-09-16-6233,2020-11-13,422450,旺玖,24.85,17000,False,6233
2020-11-13,liquid_universe-2020-09-28-6283,2020-11-13,451177.65,淳安,34.65,13021,False,6283
2020-11-13,liquid_universe-2020-10-19-3580,2020-11-13,541591.1,友威科,45.05,12022,False,3580
2020-11-16,liquid_universe-2020-09-16-6233,2020-11-16,429250,旺玖,25.25,17000,False,6233
2020-11-16,liquid_universe-2020-09-28-6283,2020-11-16,438807.7,淳安,33.7,13021,False,6283
2020-11-16,liquid_universe-2020-10-19-3580,2020-11-16,578258.2,友威科,48.1,12022,False,3580
2020-11-17,liquid_universe-2020-09-16-6233,2020-11-17,432650,旺玖,25.45,17000,False,6233
2020-11-17,liquid_universe-2020-09-28-6283,2020-11-17,444667.15,淳安,34.15,13021,False,6283
2020-11-17,liquid_universe-2020-10-19-3580,2020-11-17,577657.1,友威科,48.05,12022,False,3580
2020-11-18,liquid_universe-2020-09-16-6233,2020-11-18,427550,旺玖,25.15,17000,False,6233
2020-11-18,liquid_universe-2020-09-28-6283,2020-11-18,445318.2,淳安,34.2,13021,False,6283
2020-11-18,liquid_universe-2020-10-19-3580,2020-11-18,578258.2,友威科,48.1,12022,False,3580
2020-11-19,liquid_universe-2020-09-16-6233,2020-11-19,429250,旺玖,25.25,17000,False,6233
2020-11-19,liquid_universe-2020-09-28-6283,2020-11-19,463547.6,淳安,35.6,13021,False,6283
2020-11-19,liquid_universe-2020-10-19-3580,2020-11-19,583067,友威科,48.5,12022,False,3580
2020-11-20,liquid_universe-2020-09-16-6233,2020-11-20,471750,旺玖,27.75,17000,False,6233
2020-11-20,liquid_universe-2020-09-28-6283,2020-11-20,455735,淳安,35,13021,False,6283
2020-11-20,liquid_universe-2020-10-19-3580,2020-11-20,578258.2,友威科,48.1,12022,False,3580
2020-11-23,liquid_universe-2020-09-16-6233,2020-11-23,518500,旺玖,30.5,17000,False,6233
2020-11-23,liquid_universe-2020-09-28-6283,2020-11-23,449875.55,淳安,34.55,13021,False,6283
2020-11-23,liquid_universe-2020-10-19-3580,2020-11-23,574050.5,友威科,47.75,12022,False,3580
2020-11-24,liquid_universe-2020-09-16-6233,2020-11-24,551650,旺玖,32.45,17000,False,6233
2020-11-24,liquid_universe-2020-09-28-6283,2020-11-24,458990.25,淳安,35.25,13021,False,6283
2020-11-24,liquid_universe-2020-10-19-3580,2020-11-24,573449.4,友威科,47.7,12022,False,3580
2020-11-25,liquid_universe-2020-09-16-6233,2020-11-25,606050,旺玖,35.65,17000,False,6233
2020-11-25,liquid_universe-2020-09-28-6283,2020-11-25,472011.25,淳安,36.25,13021,False,6283
2020-11-25,liquid_universe-2020-10-19-3580,2020-11-25,613122,友威科,51,12022,False,3580
2020-11-26,liquid_universe-2020-09-16-6233,2020-11-26,560150,旺玖,32.95,17000,False,6233
2020-11-26,liquid_universe-2020-09-28-6283,2020-11-26,494798,淳安,38,13021,False,6283
2020-11-26,liquid_universe-2020-10-19-3580,2020-11-26,674434.2,友威科,56.1,12022,False,3580
2020-11-27,liquid_universe-2020-09-16-6233,2020-11-27,598400,旺玖,35.2,17000,False,6233
2020-11-27,liquid_universe-2020-09-28-6283,2020-11-27,488287.5,淳安,37.5,13021,False,6283
2020-11-27,liquid_universe-2020-10-19-3580,2020-11-27,637166,友威科,53,12022,False,3580
2020-11-30,liquid_universe-2020-09-16-6233,2020-11-30,583100,旺玖,34.3,17000,False,6233
2020-11-30,liquid_universe-2020-09-28-6283,2020-11-30,485683.3,淳安,37.3,13021,False,6283
2020-11-30,liquid_universe-2020-10-19-3580,2020-11-30,694871.6,友威科,57.8,12022,False,3580
2020-12-01,liquid_universe-2020-09-16-6233,2020-12-01,574600,旺玖,33.8,17000,False,6233
2020-12-01,liquid_universe-2020-09-28-6283,2020-12-01,496751.15,淳安,38.15,13021,False,6283
2020-12-01,liquid_universe-2020-10-19-3580,2020-12-01,697276,友威科,58,12022,False,3580
2020-12-02,liquid_universe-2020-09-16-6233,2020-12-02,562700,旺玖,33.1,17000,False,6233
2020-12-02,liquid_universe-2020-09-28-6283,2020-12-02,486334.35,淳安,37.35,13021,False,6283
2020-12-02,liquid_universe-2020-10-19-3580,2020-12-02,676838.6,友威科,56.3,12022,False,3580
2020-12-03,liquid_universe-2020-09-16-6233,2020-12-03,515100,旺玖,30.3,17000,False,6233
2020-12-03,liquid_universe-2020-09-28-6283,2020-12-03,469407.05,淳安,36.05,13021,False,6283
2020-12-03,liquid_universe-2020-10-19-3580,2020-12-03,661210,友威科,55,12022,False,3580
2020-12-04,liquid_universe-2020-09-16-6233,2020-12-04,522750,旺玖,30.75,17000,False,6233
2020-12-04,liquid_universe-2020-09-28-6283,2020-12-04,462245.5,淳安,35.5,13021,False,6283
2020-12-04,liquid_universe-2020-10-19-3580,2020-12-04,682849.6,友威科,56.8,12022,False,3580
2020-12-07,liquid_universe-2020-09-16-6233,2020-12-07,517650,旺玖,30.45,17000,False,6233
2020-12-07,liquid_universe-2020-09-28-6283,2020-12-07,485032.25,淳安,37.25,13021,False,6283
2020-12-07,liquid_universe-2020-10-19-3580,2020-12-07,709298,友威科,59,12022,False,3580
2020-12-08,liquid_universe-2020-09-16-6233,2020-12-08,521050,旺玖,30.65,17000,False,6233
2020-12-08,liquid_universe-2020-09-28-6283,2020-12-08,469407.05,淳安,36.05,13021,False,6283
2020-12-08,liquid_universe-2020-10-19-3580,2020-12-08,750172.8,友威科,62.4,12022,False,3580
2020-12-09,liquid_universe-2020-09-16-6233,2020-12-09,541450,旺玖,31.85,17000,False,6233
2020-12-09,liquid_universe-2020-09-28-6283,2020-12-09,470058.1,淳安,36.1,13021,False,6283
2020-12-09,liquid_universe-2020-10-19-3580,2020-12-09,742959.6,友威科,61.8,12022,False,3580
2020-12-10,liquid_universe-2020-09-16-6233,2020-12-10,528700,旺玖,31.1,17000,False,6233
2020-12-10,liquid_universe-2020-09-28-6283,2020-12-10,458990.25,淳安,35.25,13021,False,6283
2020-12-10,liquid_universe-2020-10-19-3580,2020-12-10,748970.6,友威科,62.3,12022,False,3580
2020-12-11,liquid_universe-2020-09-16-6233,2020-12-11,518500,旺玖,30.5,17000,False,6233
2020-12-11,liquid_universe-2020-09-28-6283,2020-12-11,472662.3,淳安,36.3,13021,False,6283
2020-12-11,liquid_universe-2020-10-19-3580,2020-12-11,791047.6,友威科,65.8,12022,False,3580
2020-12-14,liquid_universe-2020-09-16-6233,2020-12-14,536350,旺玖,31.55,17000,False,6233
2020-12-14,liquid_universe-2020-09-28-6283,2020-12-14,519537.9,淳安,39.9,13021,False,6283
2020-12-14,liquid_universe-2020-10-19-3580,2020-12-14,804271.8,友威科,66.9,12022,False,3580
2020-12-15,liquid_universe-2020-09-16-6233,2020-12-15,532950,旺玖,31.35,17000,False,6233
2020-12-15,liquid_universe-2020-09-28-6283,2020-12-15,485683.3,淳安,37.3,13021,False,6283
2020-12-15,liquid_universe-2020-10-19-3580,2020-12-15,738150.8,友威科,61.4,12022,False,3580
2020-12-16,liquid_universe-2020-09-16-6233,2020-12-16,538050,旺玖,31.65,17000,False,6233
2020-12-16,liquid_universe-2020-09-28-6283,2020-12-16,488938.55,淳安,37.55,13021,False,6283
2020-12-16,liquid_universe-2020-10-19-3580,2020-12-16,714106.8,友威科,59.4,12022,False,3580
2020-12-17,liquid_universe-2020-09-16-6233,2020-12-17,551650,旺玖,32.45,17000,False,6233
2020-12-17,liquid_universe-2020-09-28-6283,2020-12-17,483079.1,淳安,37.1,13021,False,6283
2020-12-17,liquid_universe-2020-10-19-3580,2020-12-17,714106.8,友威科,59.4,12022,False,3580
2020-12-18,liquid_universe-2020-09-28-6283,2020-12-18,486334.35,淳安,37.35,13021,False,6283
2020-12-18,liquid_universe-2020-10-19-3580,2020-12-18,740555.2,友威科,61.6,12022,False,3580
2020-12-21,liquid_universe-2020-09-28-6283,2020-12-21,491542.75,淳安,37.75,13021,False,6283
2020-12-21,liquid_universe-2020-10-19-3580,2020-12-21,718915.6,友威科,59.8,12022,False,3580
2020-12-21,liquid_universe-2020-12-18-2009,2020-12-21,657450,第一銅,24.35,27000,False,2009
2020-12-22,liquid_universe-2020-09-28-6283,2020-12-22,488287.5,淳安,37.5,13021,False,6283
2020-12-22,liquid_universe-2020-10-19-3580,2020-12-22,676838.6,友威科,56.3,12022,False,3580
2020-12-22,liquid_universe-2020-12-18-2009,2020-12-22,639900,第一銅,23.7,27000,False,2009
2020-12-23,liquid_universe-2020-09-28-6283,2020-12-23,518886.85,淳安,39.85,13021,False,6283
2020-12-23,liquid_universe-2020-10-19-3580,2020-12-23,703287,友威科,58.5,12022,False,3580
2020-12-23,liquid_universe-2020-12-18-2009,2020-12-23,703350,第一銅,26.05,27000,False,2009
2020-12-24,liquid_universe-2020-09-28-6283,2020-12-24,570319.8,淳安,43.8,13021,False,6283
2020-12-24,liquid_universe-2020-10-19-3580,2020-12-24,697276,友威科,58,12022,False,3580
2020-12-24,liquid_universe-2020-12-18-2009,2020-12-24,733050,第一銅,27.15,27000,False,2009
2020-12-25,liquid_universe-2020-09-28-6283,2020-12-25,544928.85,淳安,41.85,13021,False,6283
2020-12-25,liquid_universe-2020-10-19-3580,2020-12-25,710500.2,友威科,59.1,12022,False,3580
2020-12-25,liquid_universe-2020-12-18-2009,2020-12-25,696600,第一銅,25.8,27000,False,2009
2020-12-28,liquid_universe-2020-09-28-6283,2020-12-28,536465.2,淳安,41.2,13021,False,6283
2020-12-28,liquid_universe-2020-10-19-3580,2020-12-28,704489.2,友威科,58.6,12022,False,3580
2020-12-28,liquid_universe-2020-12-18-2009,2020-12-28,696600,第一銅,25.8,27000,False,2009
2020-12-29,liquid_universe-2020-09-28-6283,2020-12-29,512376.35,淳安,39.35,13021,False,6283
2020-12-29,liquid_universe-2020-10-19-3580,2020-12-29,692467.2,友威科,57.6,12022,False,3580
2020-12-29,liquid_universe-2020-12-18-2009,2020-12-29,696600,第一銅,25.8,27000,False,2009
2020-12-30,liquid_universe-2020-09-28-6283,2020-12-30,79.7,淳安,39.85,2,False,6283
2020-12-30,liquid_universe-2020-10-19-3580,2020-12-30,704489.2,友威科,58.6,12022,False,3580
2020-12-30,liquid_universe-2020-12-18-2009,2020-12-30,702000,第一銅,26,27000,False,2009
2020-12-31,liquid_universe-2020-10-19-3580,2020-12-31,724926.6,友威科,60.3,12022,False,3580
2020-12-31,liquid_universe-2020-12-18-2009,2020-12-31,707400,第一銅,26.2,27000,False,2009
2020-12-31,liquid_universe-2020-12-30-3149,2020-12-31,595640.4,正達,26.85,22184,False,3149
2021-01-04,liquid_universe-2020-10-19-3580,2021-01-04,759790.4,友威科,63.2,12022,False,3580
2021-01-04,liquid_universe-2020-12-18-2009,2021-01-04,777600,第一銅,28.8,27000,False,2009
2021-01-04,liquid_universe-2020-12-30-3149,2021-01-04,601186.4,正達,27.1,22184,False,3149
2021-01-05,liquid_universe-2020-10-19-3580,2021-01-05,770610.2,友威科,64.1,12022,False,3580
2021-01-05,liquid_universe-2020-12-18-2009,2021-01-05,778950,第一銅,28.85,27000,False,2009
2021-01-05,liquid_universe-2020-12-30-3149,2021-01-05,586766.8,正達,26.45,22184,False,3149
2021-01-06,liquid_universe-2020-10-19-3580,2021-01-06,709298,友威科,59,12022,False,3580
2021-01-06,liquid_universe-2020-12-18-2009,2021-01-06,754650,第一銅,27.95,27000,False,2009
2021-01-06,liquid_universe-2020-12-30-3149,2021-01-06,571238,正達,25.75,22184,False,3149
2021-01-07,liquid_universe-2020-10-19-3580,2021-01-07,727331,友威科,60.5,12022,False,3580
2021-01-07,liquid_universe-2020-12-18-2009,2021-01-07,745200,第一銅,27.6,27000,False,2009
2021-01-07,liquid_universe-2020-12-30-3149,2021-01-07,555709.2,正達,25.05,22184,False,3149
2021-01-08,liquid_universe-2020-10-19-3580,2021-01-08,716511.2,友威科,59.6,12022,False,3580
2021-01-08,liquid_universe-2020-12-18-2009,2021-01-08,756000,第一銅,28,27000,False,2009
2021-01-08,liquid_universe-2020-12-30-3149,2021-01-08,587876,正達,26.5,22184,False,3149
2021-01-11,liquid_universe-2020-10-19-3580,2021-01-11,730937.6,友威科,60.8,12022,False,3580
2021-01-11,liquid_universe-2020-12-18-2009,2021-01-11,831600,第一銅,30.8,27000,False,2009
2021-01-11,liquid_universe-2020-12-30-3149,2021-01-11,595640.4,正達,26.85,22184,False,3149
2021-01-12,liquid_universe-2020-10-19-3580,2021-01-12,691265,友威科,57.5,12022,False,3580
2021-01-12,liquid_universe-2020-12-18-2009,2021-01-12,770850,第一銅,28.55,27000,False,2009
2021-01-12,liquid_universe-2020-12-30-3149,2021-01-12,581220.8,正達,26.2,22184,False,3149
2021-01-13,liquid_universe-2020-10-19-3580,2021-01-13,697276,友威科,58,12022,False,3580
2021-01-13,liquid_universe-2020-12-18-2009,2021-01-13,731700,第一銅,27.1,27000,False,2009
2021-01-13,liquid_universe-2020-12-30-3149,2021-01-13,593422,正達,26.75,22184,False,3149
2021-01-14,liquid_universe-2020-10-19-3580,2021-01-14,697276,友威科,58,12022,False,3580
2021-01-14,liquid_universe-2020-12-18-2009,2021-01-14,746550,第一銅,27.65,27000,False,2009
2021-01-14,liquid_universe-2020-12-30-3149,2021-01-14,652209.6,正達,29.4,22184,False,3149
2021-01-15,liquid_universe-2020-10-19-3580,2021-01-15,685254,友威科,57,12022,False,3580
2021-01-15,liquid_universe-2020-12-18-2009,2021-01-15,702000,第一銅,26,27000,False,2009
2021-01-15,liquid_universe-2020-12-30-3149,2021-01-15,705451.2,正達,31.8,22184,False,3149
2021-01-18,liquid_universe-2020-10-19-3580,2021-01-18,232986,友威科,58,4017,False,3580
2021-01-18,liquid_universe-2020-12-18-2009,2021-01-18,638550,第一銅,23.65,27000,False,2009
2021-01-18,liquid_universe-2020-12-30-3149,2021-01-18,730962.8,正達,32.95,22184,False,3149
2021-01-19,liquid_universe-2020-10-19-3580,2021-01-19,617.1,友威科,56.1,11,False,3580
2021-01-19,liquid_universe-2020-12-18-2009,2021-01-19,643950,第一銅,23.85,27000,False,2009
2021-01-19,liquid_universe-2020-12-30-3149,2021-01-19,682158,正達,30.75,22184,False,3149
2021-01-20,liquid_universe-2020-12-18-2009,2021-01-20,602100,第一銅,22.3,27000,False,2009
2021-01-20,liquid_universe-2020-12-30-3149,2021-01-20,649991.2,正達,29.3,22184,False,3149
2021-01-20,liquid_universe-2021-01-19-2401,2021-01-20,549571.75,凌陽,24.65,22295,False,2401
2021-01-21,liquid_universe-2020-12-18-2009,2021-01-21,591300,第一銅,21.9,27000,False,2009
2021-01-21,liquid_universe-2020-12-30-3149,2021-01-21,621152,正達,28,22184,False,3149
2021-01-21,liquid_universe-2021-01-19-2401,2021-01-21,559604.5,凌陽,25.1,22295,False,2401
2021-01-22,liquid_universe-2020-12-18-2009,2021-01-22,612900,第一銅,22.7,27000,False,2009
2021-01-22,liquid_universe-2020-12-30-3149,2021-01-22,618933.6,正達,27.9,22184,False,3149
2021-01-22,liquid_universe-2021-01-19-2401,2021-01-22,562948.75,凌陽,25.25,22295,False,2401
2021-01-25,liquid_universe-2020-12-18-2009,2021-01-25,615600,第一銅,22.8,27000,False,2009
2021-01-25,liquid_universe-2020-12-30-3149,2021-01-25,611169.2,正達,27.55,22184,False,3149
2021-01-25,liquid_universe-2021-01-19-2401,2021-01-25,560719.25,凌陽,25.15,22295,False,2401
2021-01-26,liquid_universe-2020-12-18-2009,2021-01-26,584550,第一銅,21.65,27000,False,2009
2021-01-26,liquid_universe-2020-12-30-3149,2021-01-26,575674.8,正達,25.95,22184,False,3149
2021-01-26,liquid_universe-2021-01-19-2401,2021-01-26,557375,凌陽,25,22295,False,2401
2021-01-27,liquid_universe-2020-12-18-2009,2021-01-27,576450,第一銅,21.35,27000,False,2009
2021-01-27,liquid_universe-2020-12-30-3149,2021-01-27,632244,正達,28.5,22184,False,3149
2021-01-27,liquid_universe-2021-01-19-2401,2021-01-27,570752,凌陽,25.6,22295,False,2401
2021-01-28,liquid_universe-2020-12-30-3149,2021-01-28,645554.4,正達,29.1,22184,False,3149
2021-01-28,liquid_universe-2021-01-19-2401,2021-01-28,575211,凌陽,25.8,22295,False,2401
2021-01-29,liquid_universe-2020-12-30-3149,2021-01-29,615606,正達,27.75,22184,False,3149
2021-01-29,liquid_universe-2021-01-19-2401,2021-01-29,559604.5,凌陽,25.1,22295,False,2401
2021-01-29,liquid_universe-2021-01-28-8024,2021-01-29,535331.25,佑華,23.25,23025,False,8024
2021-02-01,liquid_universe-2020-12-30-3149,2021-02-01,582330,正達,26.25,22184,False,3149
2021-02-01,liquid_universe-2021-01-19-2401,2021-02-01,530621,凌陽,23.8,22295,False,2401
2021-02-01,liquid_universe-2021-01-28-8024,2021-02-01,482373.75,佑華,20.95,23025,False,8024
2021-02-02,liquid_universe-2020-12-30-3149,2021-02-02,598968,正達,27,22184,False,3149
2021-02-02,liquid_universe-2021-01-19-2401,2021-02-02,538424.25,凌陽,24.15,22295,False,2401
2021-02-02,liquid_universe-2021-01-28-8024,2021-02-02,485827.5,佑華,21.1,23025,False,8024
2021-02-03,liquid_universe-2020-12-30-3149,2021-02-03,583439.2,正達,26.3,22184,False,3149
2021-02-03,liquid_universe-2021-01-19-2401,2021-02-03,5589,凌陽,24.3,230,False,2401
2021-02-03,liquid_universe-2021-01-28-8024,2021-02-03,534180,佑華,23.2,23025,False,8024
2021-02-04,liquid_universe-2020-12-30-3149,2021-02-04,554600,正達,25,22184,False,3149
2021-02-04,liquid_universe-2021-01-19-2401,2021-02-04,3632.8,凌陽,23.9,152,False,2401
2021-02-04,liquid_universe-2021-01-28-8024,2021-02-04,483525,佑華,21,23025,False,8024
2021-02-04,liquid_universe-2021-02-03-6485,2021-02-04,560621.1,點序,55.9,10029,False,6485
2021-02-05,liquid_universe-2020-12-30-3149,2021-02-05,533525.2,正達,24.05,22184,False,3149
2021-02-05,liquid_universe-2021-01-19-2401,2021-02-05,2594.2,凌陽,23.8,109,False,2401
2021-02-05,liquid_universe-2021-01-28-8024,2021-02-05,478920,佑華,20.8,23025,False,8024
2021-02-05,liquid_universe-2021-02-03-6485,2021-02-05,615780.6,點序,61.4,10029,False,6485
2021-02-17,liquid_universe-2020-12-30-3149,2021-02-17,586766.8,正達,26.45,22184,False,3149
2021-02-17,liquid_universe-2021-01-19-2401,2021-02-17,124.5,凌陽,24.9,5,False,2401
2021-02-17,liquid_universe-2021-01-28-8024,2021-02-17,526121.25,佑華,22.85,23025,False,8024
2021-02-17,liquid_universe-2021-02-03-6485,2021-02-17,676957.5,點序,67.5,10029,False,6485
2021-02-18,liquid_universe-2020-12-30-3149,2021-02-18,638899.2,正達,28.8,22184,False,3149
2021-02-18,liquid_universe-2021-01-28-8024,2021-02-18,577927.5,佑華,25.1,23025,False,8024
2021-02-18,liquid_universe-2021-02-03-6485,2021-02-18,744151.8,點序,74.2,10029,False,6485
2021-02-19,liquid_universe-2020-12-30-3149,2021-02-19,628916.4,正達,28.35,22184,False,3149
2021-02-19,liquid_universe-2021-01-28-8024,2021-02-19,635490,佑華,27.6,23025,False,8024
2021-02-19,liquid_universe-2021-02-03-6485,2021-02-19,818366.4,點序,81.6,10029,False,6485
2021-02-22,liquid_universe-2020-12-30-3149,2021-02-22,636680.8,正達,28.7,22184,False,3149
2021-02-22,liquid_universe-2021-01-28-8024,2021-02-22,698808.75,佑華,30.35,23025,False,8024
2021-02-22,liquid_universe-2021-02-03-6485,2021-02-22,892581,點序,89,10029,False,6485
2021-02-23,liquid_universe-2020-12-30-3149,2021-02-23,665520,正達,30,22184,False,3149
2021-02-23,liquid_universe-2021-01-28-8024,2021-02-23,734497.5,佑華,31.9,23025,False,8024
2021-02-23,liquid_universe-2021-02-03-6485,2021-02-23,814354.8,點序,81.2,10029,False,6485
2021-02-24,liquid_universe-2020-12-30-3149,2021-02-24,634462.4,正達,28.6,22184,False,3149
2021-02-24,liquid_universe-2021-01-28-8024,2021-02-24,665422.5,佑華,28.9,23025,False,8024
2021-02-24,liquid_universe-2021-02-03-6485,2021-02-24,822378,點序,82,10029,False,6485
2021-02-25,liquid_universe-2020-12-30-3149,2021-02-25,635571.6,正達,28.65,22184,False,3149
2021-02-25,liquid_universe-2021-01-28-8024,2021-02-25,653910,佑華,28.4,23025,False,8024
2021-02-25,liquid_universe-2021-02-03-6485,2021-02-25,852465,點序,85,10029,False,6485
2021-02-26,liquid_universe-2020-12-30-3149,2021-02-26,635571.6,正達,28.65,22184,False,3149
2021-02-26,liquid_universe-2021-01-28-8024,2021-02-26,713775,佑華,31,23025,False,8024
2021-02-26,liquid_universe-2021-02-03-6485,2021-02-26,937711.5,點序,93.5,10029,False,6485
2021-03-02,liquid_universe-2020-12-30-3149,2021-03-02,621152,正達,28,22184,False,3149
2021-03-02,liquid_universe-2021-01-28-8024,2021-03-02,732195,佑華,31.8,23025,False,8024
2021-03-02,liquid_universe-2021-02-03-6485,2021-03-02,911636.1,點序,90.9,10029,False,6485
2021-03-03,liquid_universe-2020-12-30-3149,2021-03-03,654428,正達,29.5,22184,False,3149
2021-03-03,liquid_universe-2021-01-28-8024,2021-03-03,732195,佑華,31.8,23025,False,8024
2021-03-03,liquid_universe-2021-02-03-6485,2021-03-03,890575.2,點序,88.8,10029,False,6485
2021-03-04,liquid_universe-2020-12-30-3149,2021-03-04,656646.4,正達,29.6,22184,False,3149
2021-03-04,liquid_universe-2021-01-28-8024,2021-03-04,720682.5,佑華,31.3,23025,False,8024
2021-03-04,liquid_universe-2021-02-03-6485,2021-03-04,922668,點序,92,10029,False,6485
2021-03-05,liquid_universe-2020-12-30-3149,2021-03-05,644445.2,正達,29.05,22184,False,3149
2021-03-05,liquid_universe-2021-01-28-8024,2021-03-05,695355,佑華,30.2,23025,False,8024
2021-03-05,liquid_universe-2021-02-03-6485,2021-03-05,903612.9,點序,90.1,10029,False,6485
2021-03-08,liquid_universe-2020-12-30-3149,2021-03-08,627807.2,正達,28.3,22184,False,3149
2021-03-08,liquid_universe-2021-01-28-8024,2021-03-08,726438.75,佑華,31.55,23025,False,8024
2021-03-08,liquid_universe-2021-02-03-6485,2021-03-08,813351.9,點序,81.1,10029,False,6485
2021-03-09,liquid_universe-2020-12-30-3149,2021-03-09,634462.4,正達,28.6,22184,False,3149
2021-03-09,liquid_universe-2021-01-28-8024,2021-03-09,709170,佑華,30.8,23025,False,8024
2021-03-09,liquid_universe-2021-02-03-6485,2021-03-09,866505.6,點序,86.4,10029,False,6485
2021-03-10,liquid_universe-2020-12-30-3149,2021-03-10,622261.2,正達,28.05,22184,False,3149
2021-03-10,liquid_universe-2021-01-28-8024,2021-03-10,711472.5,佑華,30.9,23025,False,8024
2021-03-10,liquid_universe-2021-02-03-6485,2021-03-10,952755,點序,95,10029,False,6485
2021-03-11,liquid_universe-2020-12-30-3149,2021-03-11,645554.4,正達,29.1,22184,False,3149
2021-03-11,liquid_universe-2021-01-28-8024,2021-03-11,711472.5,佑華,30.9,23025,False,8024
2021-03-11,liquid_universe-2021-02-03-6485,2021-03-11,1048030.5,點序,104.5,10029,False,6485
2021-03-12,liquid_universe-2020-12-30-3149,2021-03-12,638899.2,正達,28.8,22184,False,3149
2021-03-12,liquid_universe-2021-01-28-8024,2021-03-12,699960,佑華,30.4,23025,False,8024
2021-03-12,liquid_universe-2021-02-03-6485,2021-03-12,1138291.5,點序,113.5,10029,False,6485
2021-03-15,liquid_universe-2020-12-30-3149,2021-03-15,655537.2,正達,29.55,22184,False,3149
2021-03-15,liquid_universe-2021-01-28-8024,2021-03-15,769035,佑華,33.4,23025,False,8024
2021-03-15,liquid_universe-2021-02-03-6485,2021-03-15,1153335,點序,115,10029,False,6485
2021-03-16,liquid_universe-2020-12-30-3149,2021-03-16,720980,正達,32.5,22184,False,3149
2021-03-16,liquid_universe-2021-01-28-8024,2021-03-16,845017.5,佑華,36.7,23025,False,8024
2021-03-16,liquid_universe-2021-02-03-6485,2021-03-16,1173393,點序,117,10029,False,6485
2021-03-17,liquid_universe-2020-12-30-3149,2021-03-17,793078,正達,35.75,22184,False,3149
2021-03-17,liquid_universe-2021-01-28-8024,2021-03-17,775942.5,佑華,33.7,23025,False,8024
2021-03-17,liquid_universe-2021-02-03-6485,2021-03-17,1123248,點序,112,10029,False,6485
2021-03-18,liquid_universe-2020-12-30-3149,2021-03-18,799733.2,正達,36.05,22184,False,3149
2021-03-18,liquid_universe-2021-01-28-8024,2021-03-18,788606.25,佑華,34.25,23025,False,8024
2021-03-18,liquid_universe-2021-02-03-6485,2021-03-18,1138291.5,點序,113.5,10029,False,6485
2021-03-19,liquid_universe-2020-12-30-3149,2021-03-19,879595.6,正達,39.65,22184,False,3149
2021-03-19,liquid_universe-2021-01-28-8024,2021-03-19,794362.5,佑華,34.5,23025,False,8024
2021-03-19,liquid_universe-2021-02-03-6485,2021-03-19,1128262.5,點序,112.5,10029,False,6485
2021-03-22,liquid_universe-2020-12-30-3149,2021-03-22,879595.6,正達,39.65,22184,False,3149
2021-03-22,liquid_universe-2021-01-28-8024,2021-03-22,816236.25,佑華,35.45,23025,False,8024
2021-03-22,liquid_universe-2021-02-03-6485,2021-03-22,1133277,點序,113,10029,False,6485
2021-03-23,liquid_universe-2020-12-30-3149,2021-03-23,839664.4,正達,37.85,22184,False,3149
2021-03-23,liquid_universe-2021-01-28-8024,2021-03-23,840412.5,佑華,36.5,23025,False,8024
2021-03-23,liquid_universe-2021-02-03-6485,2021-03-23,1048030.5,點序,104.5,10029,False,6485
2021-03-24,liquid_universe-2020-12-30-3149,2021-03-24,821917.2,正達,37.05,22184,False,3149
2021-03-24,liquid_universe-2021-01-28-8024,2021-03-24,909487.5,佑華,39.5,23025,False,8024
2021-03-24,liquid_universe-2021-02-03-6485,2021-03-24,1103190,點序,110,10029,False,6485
2021-03-25,liquid_universe-2020-12-30-3149,2021-03-25,807497.6,正達,36.4,22184,False,3149
2021-03-25,liquid_universe-2021-01-28-8024,2021-03-25,879555,佑華,38.2,23025,False,8024
2021-03-25,liquid_universe-2021-02-03-6485,2021-03-25,1058059.5,點序,105.5,10029,False,6485
2021-03-26,liquid_universe-2020-12-30-3149,2021-03-26,845210.4,正達,38.1,22184,False,3149
2021-03-26,liquid_universe-2021-01-28-8024,2021-03-26,874950,佑華,38,23025,False,8024
2021-03-26,liquid_universe-2021-02-03-6485,2021-03-26,1063074,點序,106,10029,False,6485
2021-03-29,liquid_universe-2020-12-30-3149,2021-03-29,835227.6,正達,37.65,22184,False,3149
2021-03-29,liquid_universe-2021-01-28-8024,2021-03-29,894521.25,佑華,38.85,23025,False,8024
2021-03-29,liquid_universe-2021-02-03-6485,2021-03-29,1108204.5,點序,110.5,10029,False,6485
2021-03-30,liquid_universe-2020-12-30-3149,2021-03-30,918417.6,正達,41.4,22184,False,3149
2021-03-30,liquid_universe-2021-01-28-8024,2021-03-30,903731.25,佑華,39.25,23025,False,8024
2021-03-30,liquid_universe-2021-02-03-6485,2021-03-30,1218523.5,點序,121.5,10029,False,6485
2021-03-31,liquid_universe-2020-12-30-3149,2021-03-31,931728,正達,42,22184,False,3149
2021-03-31,liquid_universe-2021-01-28-8024,2021-03-31,993528.75,佑華,43.15,23025,False,8024
2021-03-31,liquid_universe-2021-02-03-6485,2021-03-31,1283712,點序,128,10029,False,6485
2021-04-01,liquid_universe-2020-12-30-3149,2021-04-01,1024900.8,正達,46.2,22184,False,3149
2021-04-01,liquid_universe-2021-01-28-8024,2021-04-01,923302.5,佑華,40.1,23025,False,8024
2021-04-01,liquid_universe-2021-02-03-6485,2021-04-01,1183422,點序,118,10029,False,6485
2021-04-06,liquid_universe-2020-12-30-3149,2021-04-06,1126947.2,正達,50.8,22184,False,3149
2021-04-06,liquid_universe-2021-01-28-8024,2021-04-06,925605,佑華,40.2,23025,False,8024
2021-04-06,liquid_universe-2021-02-03-6485,2021-04-06,1298755.5,點序,129.5,10029,False,6485
2021-04-07,liquid_universe-2020-12-30-3149,2021-04-07,1171315.2,正達,52.8,22184,False,3149
2021-04-07,liquid_universe-2021-01-28-8024,2021-04-07,944025,佑華,41,23025,False,8024
2021-04-07,liquid_universe-2021-02-03-6485,2021-04-07,1424118,點序,142,10029,False,6485
2021-04-08,liquid_universe-2020-12-30-3149,2021-04-08,1133602.4,正達,51.1,22184,False,3149
2021-04-08,liquid_universe-2021-01-28-8024,2021-04-08,944025,佑華,41,23025,False,8024
2021-04-08,liquid_universe-2021-02-03-6485,2021-04-08,1564524,點序,156,10029,False,6485
2021-04-09,liquid_universe-2020-12-30-3149,2021-04-09,1064832,正達,48,22184,False,3149
2021-04-09,liquid_universe-2021-01-28-8024,2021-04-09,891067.5,佑華,38.7,23025,False,8024
2021-04-09,liquid_universe-2021-02-03-6485,2021-04-09,1479277.5,點序,147.5,10029,False,6485
2021-04-12,liquid_universe-2020-12-30-3149,2021-04-12,1033774.4,正達,46.6,22184,False,3149
2021-04-12,liquid_universe-2021-01-28-8024,2021-04-12,802421.25,佑華,34.85,23025,False,8024
2021-04-12,liquid_universe-2021-02-03-6485,2021-04-12,1424118,點序,142,10029,False,6485
2021-04-13,liquid_universe-2020-12-30-3149,2021-04-13,1039320.4,正達,46.85,22184,False,3149
2021-04-13,liquid_universe-2021-01-28-8024,2021-04-13,722985,佑華,31.4,23025,False,8024
2021-04-13,liquid_universe-2021-02-03-6485,2021-04-13,1404060,點序,140,10029,False,6485
2021-04-14,liquid_universe-2021-01-28-8024,2021-04-14,665422.5,佑華,28.9,23025,False,8024
2021-04-14,liquid_universe-2021-02-03-6485,2021-04-14,1293741,點序,129,10029,False,6485
2021-04-15,liquid_universe-2021-01-28-8024,2021-04-15,702262.5,佑華,30.5,23025,False,8024
2021-04-15,liquid_universe-2021-02-03-6485,2021-04-15,1353915,點序,135,10029,False,6485
2021-04-15,liquid_universe-2021-04-14-5608,2021-04-15,918406.8,四維航,22.8,40281,False,5608
2021-04-16,liquid_universe-2021-01-28-8024,2021-04-16,686145,佑華,29.8,23025,False,8024
2021-04-16,liquid_universe-2021-02-03-6485,2021-04-16,1313799,點序,131,10029,False,6485
2021-04-16,liquid_universe-2021-04-14-5608,2021-04-16,1009039.05,四維航,25.05,40281,False,5608
2021-04-19,liquid_universe-2021-01-28-8024,2021-04-19,658515,佑華,28.6,23025,False,8024
2021-04-19,liquid_universe-2021-02-03-6485,2021-04-19,1183422,點序,118,10029,False,6485
2021-04-19,liquid_universe-2021-04-14-5608,2021-04-19,1109741.55,四維航,27.55,40281,False,5608
2021-04-20,liquid_universe-2021-01-28-8024,2021-04-20,665422.5,佑華,28.9,23025,False,8024
2021-04-20,liquid_universe-2021-02-03-6485,2021-04-20,1153335,點序,115,10029,False,6485
2021-04-20,liquid_universe-2021-04-14-5608,2021-04-20,1220514.3,四維航,30.3,40281,False,5608
2021-04-21,liquid_universe-2021-01-28-8024,2021-04-21,647002.5,佑華,28.1,23025,False,8024
2021-04-21,liquid_universe-2021-02-03-6485,2021-04-21,1183422,點序,118,10029,False,6485
2021-04-21,liquid_universe-2021-04-14-5608,2021-04-21,1341357.3,四維航,33.3,40281,False,5608
2021-04-22,liquid_universe-2021-01-28-8024,2021-04-22,603255,佑華,26.2,23025,False,8024
2021-04-22,liquid_universe-2021-02-03-6485,2021-04-22,1068088.5,點序,106.5,10029,False,6485
2021-04-22,liquid_universe-2021-04-14-5608,2021-04-22,1208430,四維航,30,40281,False,5608
2021-04-23,liquid_universe-2021-01-28-8024,2021-04-23,637792.5,佑華,27.7,23025,False,8024
2021-04-23,liquid_universe-2021-02-03-6485,2021-04-23,1173393,點序,117,10029,False,6485
2021-04-23,liquid_universe-2021-04-14-5608,2021-04-23,1087587,四維航,27,40281,False,5608
2021-04-26,liquid_universe-2021-01-28-8024,2021-04-26,663120,佑華,28.8,23025,False,8024
2021-04-26,liquid_universe-2021-02-03-6485,2021-04-26,1253625,點序,125,10029,False,6485
2021-04-26,liquid_universe-2021-04-14-5608,2021-04-26,1162106.85,四維航,28.85,40281,False,5608
2021-04-27,liquid_universe-2021-01-28-8024,2021-04-27,642397.5,佑華,27.9,23025,False,8024
2021-04-27,liquid_universe-2021-02-03-6485,2021-04-27,1318813.5,點序,131.5,10029,False,6485
2021-04-27,liquid_universe-2021-04-14-5608,2021-04-27,1162106.85,四維航,28.85,40281,False,5608
2021-04-28,liquid_universe-2021-01-28-8024,2021-04-28,617070,佑華,26.8,23025,False,8024
2021-04-28,liquid_universe-2021-02-03-6485,2021-04-28,1273683,點序,127,10029,False,6485
2021-04-28,liquid_universe-2021-04-14-5608,2021-04-28,1139952.3,四維航,28.3,40281,False,5608
2021-04-29,liquid_universe-2021-01-28-8024,2021-04-29,613616.25,佑華,26.65,23025,False,8024
2021-04-29,liquid_universe-2021-02-03-6485,2021-04-29,1243596,點序,124,10029,False,6485
2021-04-29,liquid_universe-2021-04-14-5608,2021-04-29,1168149,四維航,29,40281,False,5608
2021-05-03,liquid_universe-2021-01-28-8024,2021-05-03,558356.25,佑華,24.25,23025,False,8024
2021-05-03,liquid_universe-2021-02-03-6485,2021-05-03,1123248,點序,112,10029,False,6485
2021-05-03,liquid_universe-2021-04-14-5608,2021-05-03,1168149,四維航,29,40281,False,5608
2021-05-04,liquid_universe-2021-01-28-8024,2021-05-04,533028.75,佑華,23.15,23025,False,8024
2021-05-04,liquid_universe-2021-02-03-6485,2021-05-04,1228552.5,點序,122.5,10029,False,6485
2021-05-04,liquid_universe-2021-04-14-5608,2021-05-04,1051334.1,四維航,26.1,40281,False,5608
2021-05-05,liquid_universe-2021-01-28-8024,2021-05-05,585986.25,佑華,25.45,23025,False,8024
2021-05-05,liquid_universe-2021-02-03-6485,2021-05-05,1123248,點序,112,10029,False,6485
2021-05-05,liquid_universe-2021-04-14-5608,2021-05-05,1133910.15,四維航,28.15,40281,False,5608
2021-05-06,liquid_universe-2021-01-28-8024,2021-05-06,552600,佑華,24,23025,False,8024
2021-05-06,liquid_universe-2021-02-03-6485,2021-05-06,1083132,點序,108,10029,False,6485
2021-05-06,liquid_universe-2021-04-14-5608,2021-05-06,1186275.45,四維航,29.45,40281,False,5608
2021-05-07,liquid_universe-2021-01-28-8024,2021-05-07,607860,佑華,26.4,23025,False,8024
2021-05-07,liquid_universe-2021-02-03-6485,2021-05-07,1188436.5,點序,118.5,10029,False,6485
2021-05-07,liquid_universe-2021-04-14-5608,2021-05-07,1303090.35,四維航,32.35,40281,False,5608
2021-05-10,liquid_universe-2021-01-28-8024,2021-05-10,598650,佑華,26,23025,False,8024
2021-05-10,liquid_universe-2021-02-03-6485,2021-05-10,1198465.5,點序,119.5,10029,False,6485
2021-05-10,liquid_universe-2021-04-14-5608,2021-05-10,1431989.55,四維航,35.55,40281,False,5608
2021-05-11,liquid_universe-2021-01-28-8024,2021-05-11,566415,佑華,24.6,23025,False,8024
2021-05-11,liquid_universe-2021-02-03-6485,2021-05-11,1083132,點序,108,10029,False,6485
2021-05-11,liquid_universe-2021-04-14-5608,2021-05-11,1540748.25,四維航,38.25,40281,False,5608
2021-05-12,liquid_universe-2021-01-28-8024,2021-05-12,510003.75,佑華,22.15,23025,False,8024
2021-05-12,liquid_universe-2021-02-03-6485,2021-05-12,984847.8,點序,98.2,10029,False,6485
2021-05-12,liquid_universe-2021-04-14-5608,2021-05-12,1387680.45,四維航,34.45,40281,False,5608
2021-05-13,liquid_universe-2021-01-28-8024,2021-05-13,206489.3,佑華,22.9,9017,False,8024
2021-05-13,liquid_universe-2021-02-03-6485,2021-05-13,932697,點序,93,10029,False,6485
2021-05-13,liquid_universe-2021-04-14-5608,2021-05-13,1250725.05,四維航,31.05,40281,False,5608
2021-05-14,liquid_universe-2021-01-28-8024,2021-05-14,23354.1,佑華,23.1,1011,False,8024
2021-05-14,liquid_universe-2021-02-03-6485,2021-05-14,909630.3,點序,90.7,10029,False,6485
2021-05-14,liquid_universe-2021-04-14-5608,2021-05-14,1125853.95,四維航,27.95,40281,False,5608
2021-05-17,liquid_universe-2021-01-28-8024,2021-05-17,187.2,佑華,20.8,9,False,8024
2021-05-17,liquid_universe-2021-02-03-6485,2021-05-17,819369.3,點序,81.7,10029,False,6485
2021-05-17,liquid_universe-2021-04-14-5608,2021-05-17,1015081.2,四維航,25.2,40281,False,5608
2021-05-18,liquid_universe-2021-02-03-6485,2021-05-18,900604.2,點序,89.8,10029,False,6485
2021-05-18,liquid_universe-2021-04-14-5608,2021-05-18,1085572.95,四維航,26.95,40281,False,5608
2021-05-19,liquid_universe-2021-02-03-6485,2021-05-19,1025.2,點序,93.2,11,False,6485
2021-05-19,liquid_universe-2021-04-14-5608,2021-05-19,1123839.9,四維航,27.9,40281,False,5608
2021-05-19,liquid_universe-2021-05-18-1732,2021-05-19,604176,毛寶,49.2,12280,False,1732
2021-05-20,liquid_universe-2021-04-14-5608,2021-05-20,1107727.5,四維航,27.5,40281,False,5608
2021-05-20,liquid_universe-2021-05-18-1732,2021-05-20,571020,毛寶,46.5,12280,False,1732
2021-05-20,liquid_universe-2021-05-19-1760,2021-05-20,818662.5,寶齡富錦,112.5,7277,False,1760
2021-05-21,liquid_universe-2021-04-14-5608,2021-05-21,1218500.25,四維航,30.25,40281,False,5608
2021-05-21,liquid_universe-2021-05-18-1732,2021-05-21,513918,毛寶,41.85,12280,False,1732
2021-05-21,liquid_universe-2021-05-19-1760,2021-05-21,742254,寶齡富錦,102,7277,False,1760
2021-05-24,liquid_universe-2021-04-14-5608,2021-05-24,1339343.25,四維航,33.25,40281,False,5608
2021-05-24,liquid_universe-2021-05-18-1732,2021-05-24,7066.6,毛寶,39.7,178,False,1732
2021-05-24,liquid_universe-2021-05-19-1760,2021-05-24,815024,寶齡富錦,112,7277,False,1760
2021-05-25,liquid_universe-2021-04-14-5608,2021-05-25,1329273,四維航,33,40281,False,5608
2021-05-25,liquid_universe-2021-05-18-1732,2021-05-25,1643.4,毛寶,37.35,44,False,1732
2021-05-25,liquid_universe-2021-05-19-1760,2021-05-25,815024,寶齡富錦,112,7277,False,1760
2021-05-25,liquid_universe-2021-05-24-2615,2021-05-25,573995.5,萬海,116.5,4927,False,2615
2021-05-26,liquid_universe-2021-04-14-5608,2021-05-26,1397750.7,四維航,34.7,40281,False,5608
2021-05-26,liquid_universe-2021-05-19-1760,2021-05-26,789554.5,寶齡富錦,108.5,7277,False,1760
2021-05-26,liquid_universe-2021-05-24-2615,2021-05-26,630656,萬海,128,4927,False,2615
2021-05-27,liquid_universe-2021-04-14-5608,2021-05-27,1431989.55,四維航,35.55,40281,False,5608
2021-05-27,liquid_universe-2021-05-19-1760,2021-05-27,818662.5,寶齡富錦,112.5,7277,False,1760
2021-05-27,liquid_universe-2021-05-24-2615,2021-05-27,692243.5,萬海,140.5,4927,False,2615
2021-05-28,liquid_universe-2021-04-14-5608,2021-05-28,1460186.25,四維航,36.25,40281,False,5608
2021-05-28,liquid_universe-2021-05-19-1760,2021-05-28,775000.5,寶齡富錦,106.5,7277,False,1760
2021-05-28,liquid_universe-2021-05-24-2615,2021-05-28,761221.5,萬海,154.5,4927,False,2615
2021-05-31,liquid_universe-2021-04-14-5608,2021-05-31,1417891.2,四維航,35.2,40281,False,5608
2021-05-31,liquid_universe-2021-05-19-1760,2021-05-31,704413.6,寶齡富錦,96.8,7277,False,1760
2021-05-31,liquid_universe-2021-05-24-2615,2021-05-31,714415,萬海,145,4927,False,2615
2021-06-01,liquid_universe-2021-04-14-5608,2021-06-01,1474284.6,四維航,36.6,40281,False,5608
2021-06-01,liquid_universe-2021-05-19-1760,2021-06-01,12078,寶齡富錦,99,122,False,1760
2021-06-01,liquid_universe-2021-05-24-2615,2021-06-01,785856.5,萬海,159.5,4927,False,2615
2021-06-02,liquid_universe-2021-04-14-5608,2021-06-02,1518593.7,四維航,37.7,40281,False,5608
2021-06-02,liquid_universe-2021-05-19-1760,2021-06-02,4880.4,寶齡富錦,99.6,49,False,1760
2021-06-02,liquid_universe-2021-05-24-2615,2021-06-02,788320,萬海,160,4927,False,2615
2021-06-02,liquid_universe-2021-06-01-2636,2021-06-02,620000,台驊控股,124,5000,False,2636
2021-06-03,liquid_universe-2021-04-14-5608,2021-06-03,1542762.3,四維航,38.3,40281,False,5608
2021-06-03,liquid_universe-2021-05-24-2615,2021-06-03,793247,萬海,161,4927,False,2615
2021-06-03,liquid_universe-2021-06-01-2636,2021-06-03,660000,台驊控股,132,5000,False,2636
2021-06-04,liquid_universe-2021-04-14-5608,2021-06-04,1427961.45,四維航,35.45,40281,False,5608
2021-06-04,liquid_universe-2021-05-24-2615,2021-06-04,766148.5,萬海,155.5,4927,False,2615
2021-06-04,liquid_universe-2021-06-01-2636,2021-06-04,665000,台驊控股,133,5000,False,2636
2021-06-07,liquid_universe-2021-04-14-5608,2021-06-07,1351427.55,四維航,33.55,40281,False,5608
2021-06-07,liquid_universe-2021-05-24-2615,2021-06-07,753831,萬海,153,4927,False,2615
2021-06-07,liquid_universe-2021-06-01-2636,2021-06-07,612500,台驊控股,122.5,5000,False,2636
2021-06-08,liquid_universe-2021-04-14-5608,2021-06-08,1486368.9,四維航,36.9,40281,False,5608
2021-06-08,liquid_universe-2021-05-24-2615,2021-06-08,812955,萬海,165,4927,False,2615
2021-06-08,liquid_universe-2021-06-01-2636,2021-06-08,642500,台驊控股,128.5,5000,False,2636
2021-06-09,liquid_universe-2021-04-14-5608,2021-06-09,1474284.6,四維航,36.6,40281,False,5608
2021-06-09,liquid_universe-2021-05-24-2615,2021-06-09,788320,萬海,160,4927,False,2615
2021-06-09,liquid_universe-2021-06-01-2636,2021-06-09,625000,台驊控股,125,5000,False,2636
2021-06-10,liquid_universe-2021-04-14-5608,2021-06-10,1456158.15,四維航,36.15,40281,False,5608
2021-06-10,liquid_universe-2021-05-24-2615,2021-06-10,783393,萬海,159,4927,False,2615
2021-06-10,liquid_universe-2021-06-01-2636,2021-06-10,630000,台驊控股,126,5000,False,2636
2021-06-11,liquid_universe-2021-04-14-5608,2021-06-11,1601169.75,四維航,39.75,40281,False,5608
2021-06-11,liquid_universe-2021-05-24-2615,2021-06-11,859761.5,萬海,174.5,4927,False,2615
2021-06-11,liquid_universe-2021-06-01-2636,2021-06-11,665000,台驊控股,133,5000,False,2636
2021-06-15,liquid_universe-2021-04-14-5608,2021-06-15,1760279.7,四維航,43.7,40281,False,5608
2021-06-15,liquid_universe-2021-05-24-2615,2021-06-15,943520.5,萬海,191.5,4927,False,2615
2021-06-15,liquid_universe-2021-06-01-2636,2021-06-15,730000,台驊控股,146,5000,False,2636
2021-06-16,liquid_universe-2021-04-14-5608,2021-06-16,1935502.05,四維航,48.05,40281,False,5608
2021-06-16,liquid_universe-2021-05-24-2615,2021-06-16,1012498.5,萬海,205.5,4927,False,2615
2021-06-16,liquid_universe-2021-06-01-2636,2021-06-16,785000,台驊控股,157,5000,False,2636
2021-06-17,liquid_universe-2021-04-14-5608,2021-06-17,2126836.8,四維航,52.8,40281,False,5608
2021-06-17,liquid_universe-2021-05-24-2615,2021-06-17,1014962,萬海,206,4927,False,2615
2021-06-17,liquid_universe-2021-06-01-2636,2021-06-17,862500,台驊控股,172.5,5000,False,2636
2021-06-18,liquid_universe-2021-04-14-5608,2021-06-18,2336298,四維航,58,40281,False,5608
2021-06-18,liquid_universe-2021-05-24-2615,2021-06-18,1115965.5,萬海,226.5,4927,False,2615
2021-06-18,liquid_universe-2021-06-01-2636,2021-06-18,947500,台驊控股,189.5,5000,False,2636
2021-06-21,liquid_universe-2021-04-14-5608,2021-06-21,2569927.8,四維航,63.8,40281,False,5608
2021-06-21,liquid_universe-2021-05-24-2615,2021-06-21,1226823,萬海,249,4927,False,2615
2021-06-21,liquid_universe-2021-06-01-2636,2021-06-21,1027500,台驊控股,205.5,5000,False,2636
2021-06-22,liquid_universe-2021-04-14-5608,2021-06-22,2775360.9,四維航,68.9,40281,False,5608
2021-06-22,liquid_universe-2021-05-24-2615,2021-06-22,1236677,萬海,251,4927,False,2615
2021-06-22,liquid_universe-2021-06-01-2636,2021-06-22,985000,台驊控股,197,5000,False,2636
2021-06-23,liquid_universe-2021-04-14-5608,2021-06-23,2501450.1,四維航,62.1,40281,False,5608
2021-06-23,liquid_universe-2021-05-24-2615,2021-06-23,1113502,萬海,226,4927,False,2615
2021-06-23,liquid_universe-2021-06-01-2636,2021-06-23,920000,台驊控股,184,5000,False,2636
2021-06-24,liquid_universe-2021-04-14-5608,2021-06-24,2453112.9,四維航,60.9,40281,False,5608
2021-06-24,liquid_universe-2021-05-24-2615,2021-06-24,1224359.5,萬海,248.5,4927,False,2615
2021-06-24,liquid_universe-2021-06-01-2636,2021-06-24,1010000,台驊控股,202,5000,False,2636
2021-06-25,liquid_universe-2021-04-14-5608,2021-06-25,2392691.4,四維航,59.4,40281,False,5608
2021-06-25,liquid_universe-2021-05-24-2615,2021-06-25,1345071,萬海,273,4927,False,2615
2021-06-25,liquid_universe-2021-06-01-2636,2021-06-25,1110000,台驊控股,222,5000,False,2636
2021-06-28,liquid_universe-2021-04-14-5608,2021-06-28,2505478.2,四維航,62.2,40281,False,5608
2021-06-28,liquid_universe-2021-05-24-2615,2021-06-28,1478100,萬海,300,4927,False,2615
2021-06-28,liquid_universe-2021-06-01-2636,2021-06-28,1220000,台驊控股,244,5000,False,2636
2021-06-29,liquid_universe-2021-04-14-5608,2021-06-29,2376579,四維航,59,40281,False,5608
2021-06-29,liquid_universe-2021-05-24-2615,2021-06-29,1438684,萬海,292,4927,False,2615
2021-06-29,liquid_universe-2021-06-01-2636,2021-06-29,1185000,台驊控股,237,5000,False,2636
2021-06-30,liquid_universe-2021-04-14-5608,2021-06-30,2573955.9,四維航,63.9,40281,False,5608
2021-06-30,liquid_universe-2021-05-24-2615,2021-06-30,1581567,萬海,321,4927,False,2615
2021-06-30,liquid_universe-2021-06-01-2636,2021-06-30,1302500,台驊控股,260.5,5000,False,2636
2021-07-01,liquid_universe-2021-04-14-5608,2021-07-01,2779389,四維航,69,40281,False,5608
2021-07-01,liquid_universe-2021-05-24-2615,2021-07-01,1655472,萬海,336,4927,False,2615
2021-07-01,liquid_universe-2021-06-01-2636,2021-07-01,1432500,台驊控股,286.5,5000,False,2636
2021-07-02,liquid_universe-2021-04-14-5608,2021-07-02,2718967.5,四維航,67.5,40281,False,5608
2021-07-02,liquid_universe-2021-05-24-2615,2021-07-02,1608665.5,萬海,326.5,4927,False,2615
2021-07-02,liquid_universe-2021-06-01-2636,2021-07-02,1535000,台驊控股,307,5000,False,2636
2021-07-05,liquid_universe-2021-04-14-5608,2021-07-05,2537703,四維航,63,40281,False,5608
2021-07-05,liquid_universe-2021-05-24-2615,2021-07-05,1487954,萬海,302,4927,False,2615
2021-07-05,liquid_universe-2021-06-01-2636,2021-07-05,1470000,台驊控股,294,5000,False,2636
2021-07-06,liquid_universe-2021-04-14-5608,2021-07-06,2791473.3,四維航,69.3,40281,False,5608
2021-07-06,liquid_universe-2021-05-24-2615,2021-07-06,1458392,萬海,296,4927,False,2615
2021-07-06,liquid_universe-2021-06-01-2636,2021-07-06,1415000,台驊控股,283,5000,False,2636
2021-07-07,liquid_universe-2021-04-14-5608,2021-07-07,2863979.1,四維航,71.1,40281,False,5608
2021-07-07,liquid_universe-2021-05-24-2615,2021-07-07,1362315.5,萬海,276.5,4927,False,2615
2021-07-07,liquid_universe-2021-06-01-2636,2021-07-07,1450000,台驊控股,290,5000,False,2636
2021-07-08,liquid_universe-2021-04-14-5608,2021-07-08,2751192.3,四維航,68.3,40281,False,5608
2021-07-08,liquid_universe-2021-05-24-2615,2021-07-08,1497808,萬海,304,4927,False,2615
2021-07-08,liquid_universe-2021-06-01-2636,2021-07-08,1477500,台驊控股,295.5,5000,False,2636
2021-07-09,liquid_universe-2021-04-14-5608,2021-07-09,2525618.7,四維航,62.7,40281,False,5608
2021-07-09,liquid_universe-2021-05-24-2615,2021-07-09,1354925,萬海,275,4927,False,2615
2021-07-09,liquid_universe-2021-06-01-2636,2021-07-09,1400000,台驊控股,280,5000,False,2636
2021-07-12,liquid_universe-2021-04-14-5608,2021-07-12,2432972.4,四維航,60.4,40281,False,5608
2021-07-12,liquid_universe-2021-05-24-2615,2021-07-12,1414049,萬海,287,4927,False,2615
2021-07-12,liquid_universe-2021-06-01-2636,2021-07-12,1397500,台驊控股,279.5,5000,False,2636
2021-07-13,liquid_universe-2021-04-14-5608,2021-07-13,2191286.4,四維航,54.4,40281,False,5608
2021-07-13,liquid_universe-2021-05-24-2615,2021-07-13,1273629.5,萬海,258.5,4927,False,2615
2021-07-13,liquid_universe-2021-06-01-2636,2021-07-13,1260000,台驊控股,252,5000,False,2636
2021-07-14,liquid_universe-2021-04-14-5608,2021-07-14,2050302.9,四維航,50.9,40281,False,5608
2021-07-14,liquid_universe-2021-05-24-2615,2021-07-14,1248994.5,萬海,253.5,4927,False,2615
2021-07-14,liquid_universe-2021-06-01-2636,2021-07-14,1172500,台驊控股,234.5,5000,False,2636
2021-07-15,liquid_universe-2021-05-24-2615,2021-07-15,1372169.5,萬海,278.5,4927,False,2615
2021-07-15,liquid_universe-2021-06-01-2636,2021-07-15,1287500,台驊控股,257.5,5000,False,2636
2021-07-16,liquid_universe-2021-05-24-2615,2021-07-16,1409122,萬海,286,4927,False,2615
2021-07-16,liquid_universe-2021-06-01-2636,2021-07-16,1220000,台驊控股,244,5000,False,2636
2021-07-16,liquid_universe-2021-07-15-6170,2021-07-16,1359086.4,統振,43.65,31136,False,6170
2021-07-19,liquid_universe-2021-05-24-2615,2021-07-19,1409122,萬海,286,4927,False,2615
2021-07-19,liquid_universe-2021-06-01-2636,2021-07-19,1175000,台驊控股,235,5000,False,2636
2021-07-19,liquid_universe-2021-07-15-6170,2021-07-19,1390222.4,統振,44.65,31136,False,6170
2021-07-20,liquid_universe-2021-05-24-2615,2021-07-20,1283483.5,萬海,260.5,4927,False,2615
2021-07-20,liquid_universe-2021-06-01-2636,2021-07-20,1145000,台驊控股,229,5000,False,2636
2021-07-20,liquid_universe-2021-07-15-6170,2021-07-20,1327950.4,統振,42.65,31136,False,6170
2021-07-21,liquid_universe-2021-05-24-2615,2021-07-21,1175089.5,萬海,238.5,4927,False,2615
2021-07-21,liquid_universe-2021-06-01-2636,2021-07-21,1040000,台驊控股,208,5000,False,2636
2021-07-21,liquid_universe-2021-07-15-6170,2021-07-21,1460278.4,統振,46.9,31136,False,6170
2021-07-22,liquid_universe-2021-05-24-2615,2021-07-22,1182480,萬海,240,4927,False,2615
2021-07-22,liquid_universe-2021-06-01-2636,2021-07-22,1122500,台驊控股,224.5,5000,False,2636
2021-07-22,liquid_universe-2021-07-15-6170,2021-07-22,1394892.8,統振,44.8,31136,False,6170
2021-07-23,liquid_universe-2021-05-24-2615,2021-07-23,1182480,萬海,240,4927,False,2615
2021-07-23,liquid_universe-2021-06-01-2636,2021-07-23,1050000,台驊控股,210,5000,False,2636
2021-07-23,liquid_universe-2021-07-15-6170,2021-07-23,1338848,統振,43,31136,False,6170
2021-07-26,liquid_universe-2021-05-24-2615,2021-07-26,1066695.5,萬海,216.5,4927,False,2615
2021-07-26,liquid_universe-2021-06-01-2636,2021-07-26,1032500,台驊控股,206.5,5000,False,2636
2021-07-26,liquid_universe-2021-07-15-6170,2021-07-26,1337291.2,統振,42.95,31136,False,6170
2021-07-27,liquid_universe-2021-05-24-2615,2021-07-27,1010035,萬海,205,4927,False,2615
2021-07-27,liquid_universe-2021-06-01-2636,2021-07-27,950000,台驊控股,190,5000,False,2636
2021-07-27,liquid_universe-2021-07-15-6170,2021-07-27,1318609.6,統振,42.35,31136,False,6170
2021-07-28,liquid_universe-2021-05-24-2615,2021-07-28,1111038.5,萬海,225.5,4927,False,2615
2021-07-28,liquid_universe-2021-06-01-2636,2021-07-28,917500,台驊控股,183.5,5000,False,2636
2021-07-28,liquid_universe-2021-07-15-6170,2021-07-28,1198736,統振,38.5,31136,False,6170
2021-07-29,liquid_universe-2021-05-24-2615,2021-07-29,1221896,萬海,248,4927,False,2615
2021-07-29,liquid_universe-2021-06-01-2636,2021-07-29,1007500,台驊控股,201.5,5000,False,2636
2021-07-29,liquid_universe-2021-07-15-6170,2021-07-29,1264121.6,統振,40.6,31136,False,6170
2021-07-30,liquid_universe-2021-05-24-2615,2021-07-30,1101184.5,萬海,223.5,4927,False,2615
2021-07-30,liquid_universe-2021-06-01-2636,2021-07-30,915000,台驊控股,183,5000,False,2636
2021-07-30,liquid_universe-2021-07-15-6170,2021-07-30,1203406.4,統振,38.65,31136,False,6170
2021-08-02,liquid_universe-2021-05-24-2615,2021-08-02,1143064,萬海,232,4927,False,2615
2021-08-02,liquid_universe-2021-06-01-2636,2021-08-02,950000,台驊控股,190,5000,False,2636
2021-08-02,liquid_universe-2021-07-15-6170,2021-08-02,1217417.6,統振,39.1,31136,False,6170
2021-08-03,liquid_universe-2021-05-24-2615,2021-08-03,1128283,萬海,229,4927,False,2615
2021-08-03,liquid_universe-2021-06-01-2636,2021-08-03,912500,台驊控股,182.5,5000,False,2636
2021-08-03,liquid_universe-2021-07-15-6170,2021-08-03,1232985.6,統振,39.6,31136,False,6170
2021-08-04,liquid_universe-2021-05-24-2615,2021-08-04,1147991,萬海,233,4927,False,2615
2021-08-04,liquid_universe-2021-06-01-2636,2021-08-04,922500,台驊控股,184.5,5000,False,2636
2021-08-04,liquid_universe-2021-07-15-6170,2021-08-04,1208076.8,統振,38.8,31136,False,6170
2021-08-05,liquid_universe-2021-05-24-2615,2021-08-05,1088867,萬海,221,4927,False,2615
2021-08-05,liquid_universe-2021-06-01-2636,2021-08-05,902500,台驊控股,180.5,5000,False,2636
2021-08-05,liquid_universe-2021-07-15-6170,2021-08-05,1204963.2,統振,38.7,31136,False,6170
2021-08-06,liquid_universe-2021-05-24-2615,2021-08-06,1138137,萬海,231,4927,False,2615
2021-08-06,liquid_universe-2021-06-01-2636,2021-08-06,900000,台驊控股,180,5000,False,2636
2021-08-06,liquid_universe-2021-07-15-6170,2021-08-06,1214304,統振,39,31136,False,6170
2021-08-09,liquid_universe-2021-05-24-2615,2021-08-09,1128283,萬海,229,4927,False,2615
2021-08-09,liquid_universe-2021-06-01-2636,2021-08-09,915000,台驊控股,183,5000,False,2636
2021-08-09,liquid_universe-2021-07-15-6170,2021-08-09,1200292.8,統振,38.55,31136,False,6170
2021-08-10,liquid_universe-2021-05-24-2615,2021-08-10,1108575,萬海,225,4927,False,2615
2021-08-10,liquid_universe-2021-06-01-2636,2021-08-10,935000,台驊控股,187,5000,False,2636
2021-08-10,liquid_universe-2021-07-15-6170,2021-08-10,1226758.4,統振,39.4,31136,False,6170
2021-08-11,liquid_universe-2021-05-24-2615,2021-08-11,1069159,萬海,217,4927,False,2615
2021-08-11,liquid_universe-2021-06-01-2636,2021-08-11,887500,台驊控股,177.5,5000,False,2636
2021-08-11,liquid_universe-2021-07-15-6170,2021-08-11,1208076.8,統振,38.8,31136,False,6170
2021-08-12,liquid_universe-2021-05-24-2615,2021-08-12,1133210,萬海,230,4927,False,2615
2021-08-12,liquid_universe-2021-06-01-2636,2021-08-12,920000,台驊控股,184,5000,False,2636
2021-08-12,liquid_universe-2021-07-15-6170,2021-08-12,1206520,統振,38.75,31136,False,6170
2021-08-13,liquid_universe-2021-05-24-2615,2021-08-13,1059305,萬海,215,4927,False,2615
2021-08-13,liquid_universe-2021-06-01-2636,2021-08-13,875000,台驊控股,175,5000,False,2636
2021-08-13,liquid_universe-2021-07-15-6170,2021-08-13,1195622.4,統振,38.4,31136,False,6170
2021-08-16,liquid_universe-2021-05-24-2615,2021-08-16,1059305,萬海,215,4927,False,2615
2021-08-16,liquid_universe-2021-06-01-2636,2021-08-16,912500,台驊控股,182.5,5000,False,2636
2021-08-16,liquid_universe-2021-07-15-6170,2021-08-16,107087,統振,34.6,3095,False,6170
2021-08-17,liquid_universe-2021-05-24-2615,2021-08-17,1012498.5,萬海,205.5,4927,False,2615
2021-08-17,liquid_universe-2021-06-01-2636,2021-08-17,872500,台驊控股,174.5,5000,False,2636
2021-08-17,liquid_universe-2021-07-15-6170,2021-08-17,1559.4,統振,33.9,46,False,6170
2021-08-18,liquid_universe-2021-05-24-2615,2021-08-18,1113502,萬海,226,4927,False,2615
2021-08-18,liquid_universe-2021-06-01-2636,2021-08-18,957500,台驊控股,191.5,5000,False,2636
2021-08-19,liquid_universe-2021-05-24-2615,2021-08-19,1049451,萬海,213,4927,False,2615
2021-08-19,liquid_universe-2021-06-01-2636,2021-08-19,870000,台驊控股,174,5000,False,2636
2021-08-20,liquid_universe-2021-05-24-2615,2021-08-20,1111038.5,萬海,225.5,4927,False,2615
2021-08-20,liquid_universe-2021-06-01-2636,2021-08-20,885000,台驊控股,177,5000,False,2636
2021-08-23,liquid_universe-2021-06-01-2636,2021-08-23,920000,台驊控股,184,5000,False,2636
2021-08-24,liquid_universe-2021-06-01-2636,2021-08-24,900000,台驊控股,180,5000,False,2636
2021-08-25,liquid_universe-2021-06-01-2636,2021-08-25,925000,台驊控股,185,5000,False,2636
2021-08-26,liquid_universe-2021-06-01-2636,2021-08-26,910000,台驊控股,182,5000,False,2636
2021-08-26,liquid_universe-2021-08-25-6568,2021-08-26,1186520.5,宏觀,236.5,5017,False,6568
2021-08-26,liquid_universe-2021-08-25-6469,2021-08-26,1325190,大樹,326,4065,False,6469
2021-08-27,liquid_universe-2021-06-01-2636,2021-08-27,890000,台驊控股,178,5000,False,2636
2021-08-27,liquid_universe-2021-08-25-6568,2021-08-27,1153910,宏觀,230,5017,False,6568
2021-08-27,liquid_universe-2021-08-25-6469,2021-08-27,1286572.5,大樹,316.5,4065,False,6469
2021-08-30,liquid_universe-2021-06-01-2636,2021-08-30,912500,台驊控股,182.5,5000,False,2636
2021-08-30,liquid_universe-2021-08-25-6568,2021-08-30,1269301,宏觀,253,5017,False,6568
2021-08-30,liquid_universe-2021-08-25-6469,2021-08-30,1089420,大樹,268,4065,False,6469
2021-08-31,liquid_universe-2021-08-25-6568,2021-08-31,1309437,宏觀,261,5017,False,6568
2021-08-31,liquid_universe-2021-08-25-6469,2021-08-31,1128037.5,大樹,277.5,4065,False,6469
2021-09-01,liquid_universe-2021-08-25-6568,2021-09-01,1439879,宏觀,287,5017,False,6568
2021-09-01,liquid_universe-2021-08-25-6469,2021-09-01,1085355,大樹,267,4065,False,6469
2021-09-01,liquid_universe-2021-08-31-3689,2021-09-01,1412574.35,湧德,46.85,30151,False,3689
2021-09-02,liquid_universe-2021-08-25-6568,2021-09-02,1580355,宏觀,315,5017,False,6568
2021-09-02,liquid_universe-2021-08-25-6469,2021-09-02,1075192.5,大樹,264.5,4065,False,6469
2021-09-02,liquid_universe-2021-08-31-3689,2021-09-02,1489459.4,湧德,49.4,30151,False,3689
2021-09-03,liquid_universe-2021-08-25-6568,2021-09-03,1532693.5,宏觀,305.5,5017,False,6568
2021-09-03,liquid_universe-2021-08-25-6469,2021-09-03,1073160,大樹,264,4065,False,6469
2021-09-03,liquid_universe-2021-08-31-3689,2021-09-03,1492474.5,湧德,49.5,30151,False,3689
2021-09-06,liquid_universe-2021-08-25-6568,2021-09-06,1605440,宏觀,320,5017,False,6568
2021-09-06,liquid_universe-2021-08-25-6469,2021-09-06,1060965,大樹,261,4065,False,6469
2021-09-06,liquid_universe-2021-08-31-3689,2021-09-06,1356795,湧德,45,30151,False,3689
2021-09-07,liquid_universe-2021-08-25-6568,2021-09-07,1605440,宏觀,320,5017,False,6568
2021-09-07,liquid_universe-2021-08-25-6469,2021-09-07,1105680,大樹,272,4065,False,6469
2021-09-07,liquid_universe-2021-08-31-3689,2021-09-07,1435187.6,湧德,47.6,30151,False,3689
2021-09-08,liquid_universe-2021-08-25-6568,2021-09-08,1530185,宏觀,305,5017,False,6568
2021-09-08,liquid_universe-2021-08-25-6469,2021-09-08,1024380,大樹,252,4065,False,6469
2021-09-08,liquid_universe-2021-08-31-3689,2021-09-08,1415589.45,湧德,46.95,30151,False,3689
2021-09-09,liquid_universe-2021-08-25-6568,2021-09-09,1517642.5,宏觀,302.5,5017,False,6568
2021-09-09,liquid_universe-2021-08-25-6469,2021-09-09,1018282.5,大樹,250.5,4065,False,6469
2021-09-09,liquid_universe-2021-08-31-3689,2021-09-09,1555791.6,湧德,51.6,30151,False,3689
2021-09-10,liquid_universe-2021-08-25-6568,2021-09-10,1580355,宏觀,315,5017,False,6568
2021-09-10,liquid_universe-2021-08-25-6469,2021-09-10,973567.5,大樹,239.5,4065,False,6469
2021-09-10,liquid_universe-2021-08-31-3689,2021-09-10,1579912.4,湧德,52.4,30151,False,3689
2021-09-13,liquid_universe-2021-08-25-6568,2021-09-13,1730865,宏觀,345,5017,False,6568
2021-09-13,liquid_universe-2021-08-25-6469,2021-09-13,973567.5,大樹,239.5,4065,False,6469
2021-09-13,liquid_universe-2021-08-31-3689,2021-09-13,1573882.2,湧德,52.2,30151,False,3689
2021-09-14,liquid_universe-2021-08-25-6568,2021-09-14,1856290,宏觀,370,5017,False,6568
2021-09-14,liquid_universe-2021-08-25-6469,2021-09-14,945112.5,大樹,232.5,4065,False,6469
2021-09-14,liquid_universe-2021-08-31-3689,2021-09-14,1598003,湧德,53,30151,False,3689
2021-09-15,liquid_universe-2021-08-25-6568,2021-09-15,1783543.5,宏觀,355.5,5017,False,6568
2021-09-15,liquid_universe-2021-08-25-6469,2021-09-15,945112.5,大樹,232.5,4065,False,6469
2021-09-15,liquid_universe-2021-08-31-3689,2021-09-15,1510565.1,湧德,50.1,30151,False,3689
2021-09-16,liquid_universe-2021-08-25-6568,2021-09-16,1771001,宏觀,353,5017,False,6568
2021-09-16,liquid_universe-2021-08-25-6469,2021-09-16,884137.5,大樹,217.5,4065,False,6469
2021-09-16,liquid_universe-2021-08-31-3689,2021-09-16,1543731.2,湧德,51.2,30151,False,3689
2021-09-17,liquid_universe-2021-08-25-6568,2021-09-17,1776018,宏觀,354,5017,False,6568
2021-09-17,liquid_universe-2021-08-31-3689,2021-09-17,1528655.7,湧德,50.7,30151,False,3689
2021-09-22,liquid_universe-2021-08-25-6568,2021-09-22,1625508,宏觀,324,5017,False,6568
2021-09-22,liquid_universe-2021-08-31-3689,2021-09-22,1417097,湧德,47,30151,False,3689
2021-09-23,liquid_universe-2021-08-25-6568,2021-09-23,1786052,宏觀,356,5017,False,6568
2021-09-23,liquid_universe-2021-08-31-3689,2021-09-23,1500012.25,湧德,49.75,30151,False,3689
2021-09-24,liquid_universe-2021-08-25-6568,2021-09-24,1949104.5,宏觀,388.5,5017,False,6568
2021-09-24,liquid_universe-2021-08-31-3689,2021-09-24,1537701,湧德,51,30151,False,3689
2021-09-27,liquid_universe-2021-08-25-6568,2021-09-27,1891409,宏觀,377,5017,False,6568
2021-09-27,liquid_universe-2021-08-31-3689,2021-09-27,1480414.1,湧德,49.1,30151,False,3689
2021-09-28,liquid_universe-2021-08-25-6568,2021-09-28,1703271.5,宏觀,339.5,5017,False,6568
2021-09-28,liquid_universe-2021-08-31-3689,2021-09-28,1377900.7,湧德,45.7,30151,False,3689
2021-09-29,liquid_universe-2021-08-25-6568,2021-09-29,1557778.5,宏觀,310.5,5017,False,6568
2021-09-29,liquid_universe-2021-08-31-3689,2021-09-29,1356795,湧德,45,30151,False,3689
2021-09-30,liquid_universe-2021-08-25-6568,2021-09-30,1713305.5,宏觀,341.5,5017,False,6568
2021-09-30,liquid_universe-2021-08-31-3689,2021-09-30,1337196.85,湧德,44.35,30151,False,3689
2021-10-01,liquid_universe-2021-08-25-6568,2021-10-01,1580355,宏觀,315,5017,False,6568
2021-10-01,liquid_universe-2021-08-31-3689,2021-10-01,1248251.4,湧德,41.4,30151,False,3689
2021-10-04,liquid_universe-2021-08-25-6568,2021-10-04,1545236,宏觀,308,5017,False,6568
2021-10-04,liquid_universe-2021-08-31-3689,2021-10-04,1242221.2,湧德,41.2,30151,False,3689
2021-10-05,liquid_universe-2021-08-25-6568,2021-10-05,1422319.5,宏觀,283.5,5017,False,6568
2021-10-05,liquid_universe-2021-08-31-3689,2021-10-05,4611.7,湧德,43.1,107,False,3689
2021-10-06,liquid_universe-2021-08-25-6568,2021-10-06,1467472.5,宏觀,292.5,5017,False,6568
2021-10-06,liquid_universe-2021-08-31-3689,2021-10-06,2982.2,湧德,40.3,74,False,3689
2021-10-07,liquid_universe-2021-08-25-6568,2021-10-07,1469981,宏觀,293,5017,False,6568
2021-10-07,liquid_universe-2021-08-31-3689,2021-10-07,1812.3,湧德,43.15,42,False,3689
2021-10-08,liquid_universe-2021-08-25-6568,2021-10-08,1409777,宏觀,281,5017,False,6568
2021-10-08,liquid_universe-2021-08-31-3689,2021-10-08,672,湧德,42,16,False,3689
2021-10-12,liquid_universe-2021-08-25-6568,2021-10-12,1379675,宏觀,275,5017,False,6568
2021-10-13,liquid_universe-2021-08-25-6568,2021-10-13,1259267,宏觀,251,5017,False,6568
2021-10-14,liquid_universe-2021-08-25-6568,2021-10-14,1279335,宏觀,255,5017,False,6568
2021-10-15,liquid_universe-2021-08-25-6568,2021-10-15,1407268.5,宏觀,280.5,5017,False,6568
2021-10-18,liquid_universe-2021-08-25-6568,2021-10-18,1382183.5,宏觀,275.5,5017,False,6568
2021-10-19,liquid_universe-2021-08-25-6568,2021-10-19,1485032,宏觀,296,5017,False,6568
2021-10-20,liquid_universe-2021-08-25-6568,2021-10-20,1633033.5,宏觀,325.5,5017,False,6568
2021-10-20,liquid_universe-2021-10-19-6781,2021-10-20,1125970,AES-KY,1090,1033,False,6781
2021-10-20,liquid_universe-2021-10-19-3035,2021-10-20,1156315.5,智原,153.5,7533,False,3035
2021-10-21,liquid_universe-2021-08-25-6568,2021-10-21,1645576,宏觀,328,5017,False,6568
2021-10-21,liquid_universe-2021-10-19-6781,2021-10-21,1229270,AES-KY,1190,1033,False,6781
2021-10-21,liquid_universe-2021-10-19-3035,2021-10-21,1141249.5,智原,151.5,7533,False,3035
2021-10-22,liquid_universe-2021-08-25-6568,2021-10-22,1808628.5,宏觀,360.5,5017,False,6568
2021-10-22,liquid_universe-2021-10-19-6781,2021-10-22,1203445,AES-KY,1165,1033,False,6781
2021-10-22,liquid_universe-2021-10-19-3035,2021-10-22,1254244.5,智原,166.5,7533,False,3035
2021-10-25,liquid_universe-2021-08-25-6568,2021-10-25,1781035,宏觀,355,5017,False,6568
2021-10-25,liquid_universe-2021-10-19-6781,2021-10-25,1208610,AES-KY,1170,1033,False,6781
2021-10-25,liquid_universe-2021-10-19-3035,2021-10-25,1325808,智原,176,7533,False,3035
2021-10-26,liquid_universe-2021-08-25-6568,2021-10-26,1908968.5,宏觀,380.5,5017,False,6568
2021-10-26,liquid_universe-2021-10-19-6781,2021-10-26,1156960,AES-KY,1120,1033,False,6781
2021-10-26,liquid_universe-2021-10-19-3035,2021-10-26,1227879,智原,163,7533,False,3035
2021-10-27,liquid_universe-2021-08-25-6568,2021-10-27,1906460,宏觀,380,5017,False,6568
2021-10-27,liquid_universe-2021-10-19-6781,2021-10-27,1167290,AES-KY,1130,1033,False,6781
2021-10-27,liquid_universe-2021-10-19-3035,2021-10-27,1348407,智原,179,7533,False,3035
2021-10-28,liquid_universe-2021-08-25-6568,2021-10-28,1720831,宏觀,343,5017,False,6568
2021-10-28,liquid_universe-2021-10-19-6781,2021-10-28,1151795,AES-KY,1115,1033,False,6781
2021-10-28,liquid_universe-2021-10-19-3035,2021-10-28,1480234.5,智原,196.5,7533,False,3035
2021-10-29,liquid_universe-2021-08-25-6568,2021-10-29,1700763,宏觀,339,5017,False,6568
2021-10-29,liquid_universe-2021-10-19-6781,2021-10-29,1265425,AES-KY,1225,1033,False,6781
2021-10-29,liquid_universe-2021-10-19-3035,2021-10-29,1514133,智原,201,7533,False,3035
2021-11-01,liquid_universe-2021-08-25-6568,2021-11-01,1735882,宏觀,346,5017,False,6568
2021-11-01,liquid_universe-2021-10-19-6781,2021-11-01,1260260,AES-KY,1220,1033,False,6781
2021-11-01,liquid_universe-2021-10-19-3035,2021-11-01,1581930,智原,210,7533,False,3035
2021-11-02,liquid_universe-2021-08-25-6568,2021-11-02,1720831,宏觀,343,5017,False,6568
2021-11-02,liquid_universe-2021-10-19-6781,2021-11-02,1270590,AES-KY,1230,1033,False,6781
2021-11-02,liquid_universe-2021-10-19-3035,2021-11-02,1548031.5,智原,205.5,7533,False,3035
2021-11-03,liquid_universe-2021-08-25-6568,2021-11-03,1680695,宏觀,335,5017,False,6568
2021-11-03,liquid_universe-2021-10-19-6781,2021-11-03,1260260,AES-KY,1220,1033,False,6781
2021-11-03,liquid_universe-2021-10-19-3035,2021-11-03,1457635.5,智原,193.5,7533,False,3035
2021-11-04,liquid_universe-2021-08-25-6568,2021-11-04,1735882,宏觀,346,5017,False,6568
2021-11-04,liquid_universe-2021-10-19-6781,2021-11-04,1275755,AES-KY,1235,1033,False,6781
2021-11-04,liquid_universe-2021-10-19-3035,2021-11-04,1435036.5,智原,190.5,7533,False,3035
2021-11-05,liquid_universe-2021-08-25-6568,2021-11-05,1793577.5,宏觀,357.5,5017,False,6568
2021-11-05,liquid_universe-2021-10-19-6781,2021-11-05,1342900,AES-KY,1300,1033,False,6781
2021-11-05,liquid_universe-2021-10-19-3035,2021-11-05,1484001,智原,197,7533,False,3035
2021-11-08,liquid_universe-2021-08-25-6568,2021-11-08,1725848,宏觀,344,5017,False,6568
2021-11-08,liquid_universe-2021-10-19-6781,2021-11-08,1208610,AES-KY,1170,1033,False,6781
2021-11-08,liquid_universe-2021-10-19-3035,2021-11-08,1363473,智原,181,7533,False,3035
2021-11-09,liquid_universe-2021-08-25-6568,2021-11-09,1693237.5,宏觀,337.5,5017,False,6568
2021-11-09,liquid_universe-2021-10-19-6781,2021-11-09,1177620,AES-KY,1140,1033,False,6781
2021-11-09,liquid_universe-2021-10-19-3035,2021-11-09,1363473,智原,181,7533,False,3035
2021-11-10,liquid_universe-2021-08-25-6568,2021-11-10,1680695,宏觀,335,5017,False,6568
2021-11-10,liquid_universe-2021-10-19-6781,2021-11-10,1177620,AES-KY,1140,1033,False,6781
2021-11-10,liquid_universe-2021-10-19-3035,2021-11-10,1461402,智原,194,7533,False,3035
2021-11-11,liquid_universe-2021-08-25-6568,2021-11-11,1705780,宏觀,340,5017,False,6568
2021-11-11,liquid_universe-2021-10-19-6781,2021-11-11,1291250,AES-KY,1250,1033,False,6781
2021-11-11,liquid_universe-2021-10-19-3035,2021-11-11,1438803,智原,191,7533,False,3035
2021-11-12,liquid_universe-2021-08-25-6568,2021-11-12,1866324,宏觀,372,5017,False,6568
2021-11-12,liquid_universe-2021-10-19-6781,2021-11-12,1420375,AES-KY,1375,1033,False,6781
2021-11-12,liquid_universe-2021-10-19-3035,2021-11-12,1423737,智原,189,7533,False,3035
2021-11-15,liquid_universe-2021-08-25-6568,2021-11-15,1893917.5,宏觀,377.5,5017,False,6568
2021-11-15,liquid_universe-2021-10-19-6781,2021-11-15,1549500,AES-KY,1500,1033,False,6781
2021-11-15,liquid_universe-2021-10-19-3035,2021-11-15,1495300.5,智原,198.5,7533,False,3035
2021-11-16,liquid_universe-2021-08-25-6568,2021-11-16,1796086,宏觀,358,5017,False,6568
2021-11-16,liquid_universe-2021-10-19-6781,2021-11-16,1513345,AES-KY,1465,1033,False,6781
2021-11-16,liquid_universe-2021-10-19-3035,2021-11-16,1457635.5,智原,193.5,7533,False,3035
2021-11-17,liquid_universe-2021-08-25-6568,2021-11-17,1813645.5,宏觀,361.5,5017,False,6568
2021-11-17,liquid_universe-2021-10-19-6781,2021-11-17,1549500,AES-KY,1500,1033,False,6781
2021-11-17,liquid_universe-2021-10-19-3035,2021-11-17,1551798,智原,206,7533,False,3035
2021-11-18,liquid_universe-2021-08-25-6568,2021-11-18,1831205,宏觀,365,5017,False,6568
2021-11-18,liquid_universe-2021-10-19-6781,2021-11-18,1534005,AES-KY,1485,1033,False,6781
2021-11-18,liquid_universe-2021-10-19-3035,2021-11-18,1476468,智原,196,7533,False,3035
2021-11-19,liquid_universe-2021-08-25-6568,2021-11-19,1996766,宏觀,398,5017,False,6568
2021-11-19,liquid_universe-2021-10-19-6781,2021-11-19,1508180,AES-KY,1460,1033,False,6781
2021-11-19,liquid_universe-2021-10-19-3035,2021-11-19,1435036.5,智原,190.5,7533,False,3035
2021-11-22,liquid_universe-2021-08-25-6568,2021-11-22,1956630,宏觀,390,5017,False,6568
2021-11-22,liquid_universe-2021-10-19-6781,2021-11-22,1554665,AES-KY,1505,1033,False,6781
2021-11-22,liquid_universe-2021-10-19-3035,2021-11-22,1431270,智原,190,7533,False,3035
2021-11-23,liquid_universe-2021-08-25-6568,2021-11-23,1821171,宏觀,363,5017,False,6568
2021-11-23,liquid_universe-2021-10-19-6781,2021-11-23,1508180,AES-KY,1460,1033,False,6781
2021-11-23,liquid_universe-2021-10-19-3035,2021-11-23,1389838.5,智原,184.5,7533,False,3035
2021-11-24,liquid_universe-2021-08-25-6568,2021-11-24,1750933,宏觀,349,5017,False,6568
2021-11-24,liquid_universe-2021-10-19-6781,2021-11-24,1513345,AES-KY,1465,1033,False,6781
2021-11-24,liquid_universe-2021-10-19-3035,2021-11-24,1348407,智原,179,7533,False,3035
2021-11-25,liquid_universe-2021-08-25-6568,2021-11-25,1715814,宏觀,342,5017,False,6568
2021-11-25,liquid_universe-2021-10-19-6781,2021-11-25,1539170,AES-KY,1490,1033,False,6781
2021-11-25,liquid_universe-2021-10-19-3035,2021-11-25,1329574.5,智原,176.5,7533,False,3035
2021-11-26,liquid_universe-2021-10-19-6781,2021-11-26,1451365,AES-KY,1405,1033,False,6781
2021-11-26,liquid_universe-2021-10-19-3035,2021-11-26,1371006,智原,182,7533,False,3035
2021-11-29,liquid_universe-2021-10-19-6781,2021-11-29,1549500,AES-KY,1500,1033,False,6781
2021-11-29,liquid_universe-2021-10-19-3035,2021-11-29,1378539,智原,183,7533,False,3035
2021-11-29,liquid_universe-2021-11-26-3672,2021-11-29,479073,康聯訊,36.75,13036,False,3672
2021-11-30,liquid_universe-2021-10-19-6781,2021-11-30,1663130,AES-KY,1610,1033,False,6781
2021-11-30,liquid_universe-2021-10-19-3035,2021-11-30,1401138,智原,186,7533,False,3035
2021-11-30,liquid_universe-2021-11-26-3672,2021-11-30,484939.2,康聯訊,37.2,13036,False,3672
2021-12-01,liquid_universe-2021-10-19-6781,2021-12-01,1595985,AES-KY,1545,1033,False,6781
2021-12-01,liquid_universe-2021-10-19-3035,2021-12-01,1408671,智原,187,7533,False,3035
2021-12-01,liquid_universe-2021-11-26-3672,2021-12-01,495368,康聯訊,38,13036,False,3672
2021-12-02,liquid_universe-2021-10-19-6781,2021-12-02,1575325,AES-KY,1525,1033,False,6781
2021-12-02,liquid_universe-2021-10-19-3035,2021-12-02,1389838.5,智原,184.5,7533,False,3035
2021-12-02,liquid_universe-2021-11-26-3672,2021-12-02,454956.4,康聯訊,34.9,13036,False,3672
2021-12-03,liquid_universe-2021-10-19-6781,2021-12-03,1523675,AES-KY,1475,1033,False,6781
2021-12-03,liquid_universe-2021-10-19-3035,2021-12-03,1431270,智原,190,7533,False,3035
2021-12-03,liquid_universe-2021-11-26-3672,2021-12-03,471903.2,康聯訊,36.2,13036,False,3672
2021-12-06,liquid_universe-2021-10-19-6781,2021-12-06,1503015,AES-KY,1455,1033,False,6781
2021-12-06,liquid_universe-2021-10-19-3035,2021-12-06,1344640.5,智原,178.5,7533,False,3035
2021-12-06,liquid_universe-2021-11-26-3672,2021-12-06,473206.8,康聯訊,36.3,13036,False,3672
2021-12-07,liquid_universe-2021-10-19-6781,2021-12-07,1544335,AES-KY,1495,1033,False,6781
2021-12-07,liquid_universe-2021-10-19-3035,2021-12-07,1333341,智原,177,7533,False,3035
2021-12-07,liquid_universe-2021-11-26-3672,2021-12-07,495368,康聯訊,38,13036,False,3672
2021-12-08,liquid_universe-2021-10-19-6781,2021-12-08,1523675,AES-KY,1475,1033,False,6781
2021-12-08,liquid_universe-2021-10-19-3035,2021-12-08,1465168.5,智原,194.5,7533,False,3035
2021-12-08,liquid_universe-2021-11-26-3672,2021-12-08,494716.2,康聯訊,37.95,13036,False,3672
2021-12-09,liquid_universe-2021-10-19-6781,2021-12-09,1621810,AES-KY,1570,1033,False,6781
2021-12-09,liquid_universe-2021-10-19-3035,2021-12-09,1419970.5,智原,188.5,7533,False,3035
2021-12-09,liquid_universe-2021-11-26-3672,2021-12-09,543601.2,康聯訊,41.7,13036,False,3672
2021-12-10,liquid_universe-2021-10-19-6781,2021-12-10,1704450,AES-KY,1650,1033,False,6781
2021-12-10,liquid_universe-2021-10-19-3035,2021-12-10,1412437.5,智原,187.5,7533,False,3035
2021-12-10,liquid_universe-2021-11-26-3672,2021-12-10,547512,康聯訊,42,13036,False,3672
2021-12-13,liquid_universe-2021-10-19-6781,2021-12-13,1601150,AES-KY,1550,1033,False,6781
2021-12-13,liquid_universe-2021-10-19-3035,2021-12-13,1461402,智原,194,7533,False,3035
2021-12-13,liquid_universe-2021-11-26-3672,2021-12-13,602263.2,康聯訊,46.2,13036,False,3672
2021-12-14,liquid_universe-2021-10-19-6781,2021-12-14,1528840,AES-KY,1480,1033,False,6781
2021-12-14,liquid_universe-2021-10-19-3035,2021-12-14,1355940,智原,180,7533,False,3035
2021-12-14,liquid_universe-2021-11-26-3672,2021-12-14,619210,康聯訊,47.5,13036,False,3672
2021-12-15,liquid_universe-2021-10-19-6781,2021-12-15,1590820,AES-KY,1540,1033,False,6781
2021-12-15,liquid_universe-2021-10-19-3035,2021-12-15,1491534,智原,198,7533,False,3035
2021-12-15,liquid_universe-2021-11-26-3672,2021-12-15,595745.2,康聯訊,45.7,13036,False,3672
2021-12-16,liquid_universe-2021-10-19-6781,2021-12-16,1652800,AES-KY,1600,1033,False,6781
2021-12-16,liquid_universe-2021-10-19-3035,2021-12-16,1638427.5,智原,217.5,7533,False,3035
2021-12-16,liquid_universe-2021-11-26-3672,2021-12-16,586620,康聯訊,45,13036,False,3672
2021-12-17,liquid_universe-2021-10-19-6781,2021-12-17,1611480,AES-KY,1560,1033,False,6781
2021-12-17,liquid_universe-2021-10-19-3035,2021-12-17,1698691.5,智原,225.5,7533,False,3035
2021-12-17,liquid_universe-2021-11-26-3672,2021-12-17,573584,康聯訊,44,13036,False,3672
2021-12-20,liquid_universe-2021-10-19-6781,2021-12-20,1564995,AES-KY,1515,1033,False,6781
2021-12-20,liquid_universe-2021-10-19-3035,2021-12-20,1634661,智原,217,7533,False,3035
2021-12-20,liquid_universe-2021-11-26-3672,2021-12-20,586620,康聯訊,45,13036,False,3672
2021-12-21,liquid_universe-2021-10-19-6781,2021-12-21,1616645,AES-KY,1565,1033,False,6781
2021-12-21,liquid_universe-2021-10-19-3035,2021-12-21,1796620.5,智原,238.5,7533,False,3035
2021-12-21,liquid_universe-2021-11-26-3672,2021-12-21,606174,康聯訊,46.5,13036,False,3672
2021-12-22,liquid_universe-2021-10-19-6781,2021-12-22,1652800,AES-KY,1600,1033,False,6781
2021-12-22,liquid_universe-2021-10-19-3035,2021-12-22,1830519,智原,243,7533,False,3035
2021-12-22,liquid_universe-2021-11-26-3672,2021-12-22,606174,康聯訊,46.5,13036,False,3672
2021-12-23,liquid_universe-2021-10-19-6781,2021-12-23,1818080,AES-KY,1760,1033,False,6781
2021-12-23,liquid_universe-2021-10-19-3035,2021-12-23,1830519,智原,243,7533,False,3035
2021-12-23,liquid_universe-2021-11-26-3672,2021-12-23,607477.6,康聯訊,46.6,13036,False,3672
2021-12-24,liquid_universe-2021-10-19-6781,2021-12-24,1823245,AES-KY,1765,1033,False,6781
2021-12-24,liquid_universe-2021-10-19-3035,2021-12-24,1875717,智原,249,7533,False,3035
2021-12-24,liquid_universe-2021-11-26-3672,2021-12-24,609433,康聯訊,46.75,13036,False,3672
2021-12-27,liquid_universe-2021-10-19-6781,2021-12-27,1812915,AES-KY,1755,1033,False,6781
2021-12-27,liquid_universe-2021-10-19-3035,2021-12-27,1796620.5,智原,238.5,7533,False,3035
2021-12-27,liquid_universe-2021-11-26-3672,2021-12-27,592486.2,康聯訊,45.45,13036,False,3672
2021-12-28,liquid_universe-2021-10-19-6781,2021-12-28,1833575,AES-KY,1775,1033,False,6781
2021-12-28,liquid_universe-2021-10-19-3035,2021-12-28,1849351.5,智原,245.5,7533,False,3035
2021-12-28,liquid_universe-2021-11-26-3672,2021-12-28,585316.4,康聯訊,44.9,13036,False,3672
2021-12-29,liquid_universe-2021-10-19-6781,2021-12-29,1864565,AES-KY,1805,1033,False,6781
2021-12-29,liquid_universe-2021-10-19-3035,2021-12-29,1792854,智原,238,7533,False,3035
2021-12-29,liquid_universe-2021-11-26-3672,2021-12-29,643326.6,康聯訊,49.35,13036,False,3672
2021-12-30,liquid_universe-2021-10-19-6781,2021-12-30,1885225,AES-KY,1825,1033,False,6781
2021-12-30,liquid_universe-2021-10-19-3035,2021-12-30,1800387,智原,239,7533,False,3035
2021-12-30,liquid_universe-2021-11-26-3672,2021-12-30,579450.2,康聯訊,44.45,13036,False,3672
2022-01-03,liquid_universe-2021-10-19-6781,2022-01-03,2004020,AES-KY,1940,1033,False,6781
2022-01-03,liquid_universe-2021-10-19-3035,2022-01-03,1702458,智原,226,7533,False,3035
2022-01-03,liquid_universe-2021-11-26-3672,2022-01-03,522091.8,康聯訊,40.05,13036,False,3672
2022-01-04,liquid_universe-2021-10-19-6781,2022-01-04,2014350,AES-KY,1950,1033,False,6781
2022-01-04,liquid_universe-2021-10-19-3035,2022-01-04,1664793,智原,221,7533,False,3035
2022-01-04,liquid_universe-2021-11-26-3672,2022-01-04,521440,康聯訊,40,13036,False,3672
2022-01-05,liquid_universe-2021-10-19-6781,2022-01-05,1973030,AES-KY,1910,1033,False,6781
2022-01-05,liquid_universe-2021-10-19-3035,2022-01-05,1645960.5,智原,218.5,7533,False,3035
2022-01-05,liquid_universe-2021-11-26-3672,2022-01-05,514922,康聯訊,39.5,13036,False,3672
2022-01-06,liquid_universe-2021-10-19-6781,2022-01-06,1931710,AES-KY,1870,1033,False,6781
2022-01-06,liquid_universe-2021-10-19-3035,2022-01-06,1589463,智原,211,7533,False,3035
2022-01-06,liquid_universe-2021-11-26-3672,2022-01-06,498627,康聯訊,38.25,13036,False,3672
2022-01-07,liquid_universe-2021-10-19-6781,2022-01-07,1849070,AES-KY,1790,1033,False,6781
2022-01-07,liquid_universe-2021-10-19-3035,2022-01-07,1499067,智原,199,7533,False,3035
2022-01-07,liquid_universe-2021-11-26-3672,2022-01-07,518832.8,康聯訊,39.8,13036,False,3672
2022-01-10,liquid_universe-2021-10-19-6781,2022-01-10,1776760,AES-KY,1720,1033,False,6781
2022-01-10,liquid_universe-2021-10-19-3035,2022-01-10,1559331,智原,207,7533,False,3035
2022-01-10,liquid_universe-2021-11-26-3672,2022-01-10,533824.2,康聯訊,40.95,13036,False,3672
2022-01-11,liquid_universe-2021-10-19-6781,2022-01-11,1735440,AES-KY,1680,1033,False,6781
2022-01-11,liquid_universe-2021-10-19-3035,2022-01-11,1499067,智原,199,7533,False,3035
2022-01-11,liquid_universe-2021-11-26-3672,2022-01-11,534476,康聯訊,41,13036,False,3672
2022-01-12,liquid_universe-2021-10-19-6781,2022-01-12,1730275,AES-KY,1675,1033,False,6781
2022-01-12,liquid_universe-2021-10-19-3035,2022-01-12,1510366.5,智原,200.5,7533,False,3035
2022-01-12,liquid_universe-2021-11-26-3672,2022-01-12,528609.8,康聯訊,40.55,13036,False,3672
2022-01-13,liquid_universe-2021-10-19-6781,2022-01-13,1730275,AES-KY,1675,1033,False,6781
2022-01-13,liquid_universe-2021-10-19-3035,2022-01-13,1510366.5,智原,200.5,7533,False,3035
2022-01-13,liquid_universe-2021-11-26-3672,2022-01-13,539690.4,康聯訊,41.4,13036,False,3672
2022-01-14,liquid_universe-2021-10-19-6781,2022-01-14,1668295,AES-KY,1615,1033,False,6781
2022-01-14,liquid_universe-2021-10-19-3035,2022-01-14,1604529,智原,213,7533,False,3035
2022-01-14,liquid_universe-2021-11-26-3672,2022-01-14,537735,康聯訊,41.25,13036,False,3672
2022-01-17,liquid_universe-2021-10-19-6781,2022-01-17,1652800,AES-KY,1600,1033,False,6781
2022-01-17,liquid_universe-2021-10-19-3035,2022-01-17,1615828.5,智原,214.5,7533,False,3035
2022-01-17,liquid_universe-2021-11-26-3672,2022-01-17,540994,康聯訊,41.5,13036,False,3672
2022-01-18,liquid_universe-2021-10-19-6781,2022-01-18,6560,AES-KY,1640,4,False,6781
2022-01-18,liquid_universe-2021-10-19-3035,2022-01-18,6479,智原,209,31,False,3035
2022-01-18,liquid_universe-2021-11-26-3672,2022-01-18,544904.8,康聯訊,41.8,13036,False,3672
2022-01-19,liquid_universe-2021-11-26-3672,2022-01-19,532520.6,康聯訊,40.85,13036,False,3672
2022-01-19,liquid_universe-2022-01-18-3036,2022-01-19,1472144.9,文曄,85.1,17299,False,3036
2022-01-19,liquid_universe-2022-01-18-4171,2022-01-19,1509123,瑞基,115.5,13066,False,4171
2022-01-20,liquid_universe-2021-11-26-3672,2022-01-20,513618.4,康聯訊,39.4,13036,False,3672
2022-01-20,liquid_universe-2022-01-18-3036,2022-01-20,1556910,文曄,90,17299,False,3036
2022-01-20,liquid_universe-2022-01-18-4171,2022-01-20,1358864,瑞基,104,13066,False,4171
2022-01-21,liquid_universe-2021-11-26-3672,2022-01-21,500582.4,康聯訊,38.4,13036,False,3672
2022-01-21,liquid_universe-2022-01-18-3036,2022-01-21,1543070.8,文曄,89.2,17299,False,3036
2022-01-21,liquid_universe-2022-01-18-4171,2022-01-21,1384996,瑞基,106,13066,False,4171
2022-01-24,liquid_universe-2021-11-26-3672,2022-01-24,501234.2,康聯訊,38.45,13036,False,3672
2022-01-24,liquid_universe-2022-01-18-3036,2022-01-24,1492903.7,文曄,86.3,17299,False,3036
2022-01-24,liquid_universe-2022-01-18-4171,2022-01-24,1437260,瑞基,110,13066,False,4171
2022-01-25,liquid_universe-2021-11-26-3672,2022-01-25,501886,康聯訊,38.5,13036,False,3672
2022-01-25,liquid_universe-2022-01-18-3036,2022-01-25,1496363.5,文曄,86.5,17299,False,3036
2022-01-25,liquid_universe-2022-01-18-4171,2022-01-25,1339265,瑞基,102.5,13066,False,4171
2022-01-26,liquid_universe-2021-11-26-3672,2022-01-26,511011.2,康聯訊,39.2,13036,False,3672
2022-01-26,liquid_universe-2022-01-18-3036,2022-01-26,1470415,文曄,85,17299,False,3036
2022-01-26,liquid_universe-2022-01-18-4171,2022-01-26,1255642.6,瑞基,96.1,13066,False,4171
2022-02-07,liquid_universe-2021-11-26-3672,2022-02-07,503841.4,康聯訊,38.65,13036,False,3672
2022-02-07,liquid_universe-2022-01-18-3036,2022-02-07,1546530.6,文曄,89.4,17299,False,3036
2022-02-07,liquid_universe-2022-01-18-4171,2022-02-07,869528,瑞基,96.4,9020,False,4171
2022-02-08,liquid_universe-2021-11-26-3672,2022-02-08,517529.2,康聯訊,39.7,13036,False,3672
2022-02-08,liquid_universe-2022-01-18-3036,2022-02-08,1548260.5,文曄,89.5,17299,False,3036
2022-02-09,liquid_universe-2021-11-26-3672,2022-02-09,510359.4,康聯訊,39.15,13036,False,3672
2022-02-09,liquid_universe-2022-01-18-3036,2022-02-09,1549990.4,文曄,89.6,17299,False,3036
2022-02-09,liquid_universe-2022-02-08-8440,2022-02-09,1472829.75,綠電,36.75,40077,False,8440
2022-02-10,liquid_universe-2021-11-26-3672,2022-02-10,508404,康聯訊,39,13036,False,3672
2022-02-10,liquid_universe-2022-01-18-3036,2022-02-10,1527501.7,文曄,88.3,17299,False,3036
2022-02-10,liquid_universe-2022-02-08-8440,2022-02-10,1619110.8,綠電,40.4,40077,False,8440
2022-02-11,liquid_universe-2021-11-26-3672,2022-02-11,502537.8,康聯訊,38.55,13036,False,3672
2022-02-11,liquid_universe-2022-01-18-3036,2022-02-11,1565559.5,文曄,90.5,17299,False,3036
2022-02-11,liquid_universe-2022-02-08-8440,2022-02-11,1617106.95,綠電,40.35,40077,False,8440
2022-02-14,liquid_universe-2021-11-26-3672,2022-02-14,494716.2,康聯訊,37.95,13036,False,3672
2022-02-14,liquid_universe-2022-01-18-3036,2022-02-14,1664163.8,文曄,96.2,17299,False,3036
2022-02-14,liquid_universe-2022-02-08-8440,2022-02-14,1675218.6,綠電,41.8,40077,False,8440
2022-02-15,liquid_universe-2021-11-26-3672,2022-02-15,498627,康聯訊,38.25,13036,False,3672
2022-02-15,liquid_universe-2022-01-18-3036,2022-02-15,1553450.2,文曄,89.8,17299,False,3036
2022-02-15,liquid_universe-2022-02-08-8440,2022-02-15,1733330.25,綠電,43.25,40077,False,8440
2022-02-16,liquid_universe-2021-11-26-3672,2022-02-16,495368,康聯訊,38,13036,False,3672
2022-02-16,liquid_universe-2022-01-18-3036,2022-02-16,1555180.1,文曄,89.9,17299,False,3036
2022-02-16,liquid_universe-2022-02-08-8440,2022-02-16,1643157,綠電,41,40077,False,8440
2022-02-17,liquid_universe-2021-11-26-3672,2022-02-17,494716.2,康聯訊,37.95,13036,False,3672
2022-02-17,liquid_universe-2022-01-18-3036,2022-02-17,1491173.8,文曄,86.2,17299,False,3036
2022-02-17,liquid_universe-2022-02-08-8440,2022-02-17,1603080,綠電,40,40077,False,8440
2022-02-18,liquid_universe-2021-11-26-3672,2022-02-18,494716.2,康聯訊,37.95,13036,False,3672
2022-02-18,liquid_universe-2022-01-18-3036,2022-02-18,1480794.4,文曄,85.6,17299,False,3036
2022-02-18,liquid_universe-2022-02-08-8440,2022-02-18,1639149.3,綠電,40.9,40077,False,8440
2022-02-21,liquid_universe-2021-11-26-3672,2022-02-21,486242.8,康聯訊,37.3,13036,False,3672
2022-02-21,liquid_universe-2022-01-18-3036,2022-02-21,1496363.5,文曄,86.5,17299,False,3036
2022-02-21,liquid_universe-2022-02-08-8440,2022-02-21,1611095.4,綠電,40.2,40077,False,8440
2022-02-22,liquid_universe-2021-11-26-3672,2022-02-22,486242.8,康聯訊,37.3,13036,False,3672
2022-02-22,liquid_universe-2022-01-18-3036,2022-02-22,1484254.2,文曄,85.8,17299,False,3036
2022-02-22,liquid_universe-2022-02-08-8440,2022-02-22,1575026.1,綠電,39.3,40077,False,8440
2022-02-23,liquid_universe-2021-11-26-3672,2022-02-23,487546.4,康聯訊,37.4,13036,False,3672
2022-02-23,liquid_universe-2022-01-18-3036,2022-02-23,1518852.2,文曄,87.8,17299,False,3036
2022-02-23,liquid_universe-2022-02-08-8440,2022-02-23,1633137.75,綠電,40.75,40077,False,8440
2022-02-24,liquid_universe-2021-11-26-3672,2022-02-24,481028.4,康聯訊,36.9,13036,False,3672
2022-02-24,liquid_universe-2022-01-18-3036,2022-02-24,1503283.1,文曄,86.9,17299,False,3036
2022-02-24,liquid_universe-2022-02-08-8440,2022-02-24,1558995.3,綠電,38.9,40077,False,8440
2022-02-25,liquid_universe-2021-11-26-3672,2022-02-25,496019.8,康聯訊,38.05,13036,False,3672
2022-02-25,liquid_universe-2022-01-18-3036,2022-02-25,1435817,文曄,83,17299,False,3036
2022-02-25,liquid_universe-2022-02-08-8440,2022-02-25,1563003,綠電,39,40077,False,8440
2022-03-01,liquid_universe-2021-11-26-3672,2022-03-01,515573.8,康聯訊,39.55,13036,False,3672
2022-03-01,liquid_universe-2022-01-18-3036,2022-03-01,1470415,文曄,85,17299,False,3036
2022-03-01,liquid_universe-2022-02-08-8440,2022-03-01,1599072.3,綠電,39.9,40077,False,8440
2022-03-02,liquid_universe-2021-11-26-3672,2022-03-02,513618.4,康聯訊,39.4,13036,False,3672
2022-03-02,liquid_universe-2022-01-18-3036,2022-03-02,1451386.1,文曄,83.9,17299,False,3036
2022-03-02,liquid_universe-2022-02-08-8440,2022-03-02,1643157,綠電,41,40077,False,8440
2022-03-03,liquid_universe-2021-11-26-3672,2022-03-03,513618.4,康聯訊,39.4,13036,False,3672
2022-03-03,liquid_universe-2022-01-18-3036,2022-03-03,1470415,文曄,85,17299,False,3036
2022-03-03,liquid_universe-2022-02-08-8440,2022-03-03,1645160.85,綠電,41.05,40077,False,8440
2022-03-04,liquid_universe-2021-11-26-3672,2022-03-04,513618.4,康聯訊,39.4,13036,False,3672
2022-03-04,liquid_universe-2022-01-18-3036,2022-03-04,1441006.7,文曄,83.3,17299,False,3036
2022-03-04,liquid_universe-2022-02-08-8440,2022-03-04,1484852.85,綠電,37.05,40077,False,8440
2022-03-07,liquid_universe-2021-11-26-3672,2022-03-07,522091.8,康聯訊,40.05,13036,False,3672
2022-03-07,liquid_universe-2022-01-18-3036,2022-03-07,1411598.4,文曄,81.6,17299,False,3036
2022-03-07,liquid_universe-2022-02-08-8440,2022-03-07,1633137.75,綠電,40.75,40077,False,8440
2022-03-08,liquid_universe-2021-11-26-3672,2022-03-08,518832.8,康聯訊,39.8,13036,False,3672
2022-03-08,liquid_universe-2022-01-18-3036,2022-03-08,1390839.6,文曄,80.4,17299,False,3036
2022-03-08,liquid_universe-2022-02-08-8440,2022-03-08,1763388,綠電,44,40077,False,8440
2022-03-09,liquid_universe-2021-11-26-3672,2022-03-09,476989.5,康聯訊,39.65,12030,False,3672
2022-03-09,liquid_universe-2022-01-18-3036,2022-03-09,1420247.9,文曄,82.1,17299,False,3036
2022-03-09,liquid_universe-2022-02-08-8440,2022-03-09,1939726.8,綠電,48.4,40077,False,8440
2022-03-10,liquid_universe-2021-11-26-3672,2022-03-10,361120,康聯訊,40,9028,False,3672
2022-03-10,liquid_universe-2022-01-18-3036,2022-03-10,1466955.2,文曄,84.8,17299,False,3036
2022-03-10,liquid_universe-2022-02-08-8440,2022-03-10,2132096.4,綠電,53.2,40077,False,8440
2022-03-11,liquid_universe-2021-11-26-3672,2022-03-11,316106.2,康聯訊,39.4,8023,False,3672
2022-03-11,liquid_universe-2022-01-18-3036,2022-03-11,1454845.9,文曄,84.1,17299,False,3036
2022-03-11,liquid_universe-2022-02-08-8440,2022-03-11,2344504.5,綠電,58.5,40077,False,8440
2022-03-14,liquid_universe-2021-11-26-3672,2022-03-14,277369,康聯訊,39.5,7022,False,3672
2022-03-14,liquid_universe-2022-01-18-3036,2022-03-14,1482524.3,文曄,85.7,17299,False,3036
2022-03-14,liquid_universe-2022-02-08-8440,2022-03-14,2164158,綠電,54,40077,False,8440
2022-03-15,liquid_universe-2021-11-26-3672,2022-03-15,196862.4,康聯訊,39.2,5022,False,3672
2022-03-15,liquid_universe-2022-01-18-3036,2022-03-15,1449656.2,文曄,83.8,17299,False,3036
2022-03-15,liquid_universe-2022-02-08-8440,2022-03-15,1967780.7,綠電,49.1,40077,False,8440
2022-03-16,liquid_universe-2021-11-26-3672,2022-03-16,159353.35,康聯訊,39.65,4019,False,3672
2022-03-16,liquid_universe-2022-01-18-3036,2022-03-16,1428897.4,文曄,82.6,17299,False,3036
2022-03-16,liquid_universe-2022-02-08-8440,2022-03-16,2164158,綠電,54,40077,False,8440
2022-03-17,liquid_universe-2021-11-26-3672,2022-03-17,120005.25,康聯訊,39.75,3019,False,3672
2022-03-17,liquid_universe-2022-01-18-3036,2022-03-17,1468685.1,文曄,84.9,17299,False,3036
2022-03-17,liquid_universe-2022-02-08-8440,2022-03-17,2380573.8,綠電,59.4,40077,False,8440
2022-03-18,liquid_universe-2021-11-26-3672,2022-03-18,118797.65,康聯訊,39.35,3019,False,3672
2022-03-18,liquid_universe-2022-01-18-3036,2022-03-18,1503283.1,文曄,86.9,17299,False,3036
2022-03-18,liquid_universe-2022-02-08-8440,2022-03-18,2617028.1,綠電,65.3,40077,False,8440
2022-03-21,liquid_universe-2021-11-26-3672,2022-03-21,79105.6,康聯訊,39.2,2018,False,3672
2022-03-21,liquid_universe-2022-01-18-3036,2022-03-21,1484254.2,文曄,85.8,17299,False,3036
2022-03-21,liquid_universe-2022-02-08-8440,2022-03-21,2877528.6,綠電,71.8,40077,False,8440
2022-03-22,liquid_universe-2021-11-26-3672,2022-03-22,40007.4,康聯訊,39.3,1018,False,3672
2022-03-22,liquid_universe-2022-01-18-3036,2022-03-22,1465225.3,文曄,84.7,17299,False,3036
2022-03-22,liquid_universe-2022-02-08-8440,2022-03-22,3146044.5,綠電,78.5,40077,False,8440
2022-03-23,liquid_universe-2021-11-26-3672,2022-03-23,705.6,康聯訊,39.2,18,False,3672
2022-03-23,liquid_universe-2022-01-18-3036,2022-03-23,1465225.3,文曄,84.7,17299,False,3036
2022-03-23,liquid_universe-2022-02-08-8440,2022-03-23,3053867.4,綠電,76.2,40077,False,8440
2022-03-24,liquid_universe-2021-11-26-3672,2022-03-24,707.4,康聯訊,39.3,18,False,3672
2022-03-24,liquid_universe-2022-01-18-3036,2022-03-24,1470415,文曄,85,17299,False,3036
2022-03-24,liquid_universe-2022-02-08-8440,2022-03-24,3242229.3,綠電,80.9,40077,False,8440
2022-03-25,liquid_universe-2021-11-26-3672,2022-03-25,699.3,康聯訊,38.85,18,False,3672
2022-03-25,liquid_universe-2022-01-18-3036,2022-03-25,1439276.8,文曄,83.2,17299,False,3036
2022-03-25,liquid_universe-2022-02-08-8440,2022-03-25,2921613.3,綠電,72.9,40077,False,8440
2022-03-28,liquid_universe-2021-11-26-3672,2022-03-28,522.9,康聯訊,37.35,14,False,3672
2022-03-28,liquid_universe-2022-01-18-3036,2022-03-28,1423707.7,文曄,82.3,17299,False,3036
2022-03-28,liquid_universe-2022-02-08-8440,2022-03-28,2633058.9,綠電,65.7,40077,False,8440
2022-03-29,liquid_universe-2021-11-26-3672,2022-03-29,468,康聯訊,36,13,False,3672
2022-03-29,liquid_universe-2022-01-18-3036,2022-03-29,1408138.6,文曄,81.4,17299,False,3036
2022-03-29,liquid_universe-2022-02-08-8440,2022-03-29,2713212.9,綠電,67.7,40077,False,8440
2022-03-30,liquid_universe-2021-11-26-3672,2022-03-30,393.8,康聯訊,35.8,11,False,3672
2022-03-30,liquid_universe-2022-01-18-3036,2022-03-30,1413328.3,文曄,81.7,17299,False,3036
2022-03-30,liquid_universe-2022-02-08-8440,2022-03-30,2669128.2,綠電,66.6,40077,False,8440
2022-03-31,liquid_universe-2021-11-26-3672,2022-03-31,390.5,康聯訊,35.5,11,False,3672
2022-03-31,liquid_universe-2022-01-18-3036,2022-03-31,1371810.7,文曄,79.3,17299,False,3036
2022-03-31,liquid_universe-2022-02-08-8440,2022-03-31,2753289.9,綠電,68.7,40077,False,8440
2022-03-31,liquid_universe-2022-03-30-5603,2022-03-31,1741954.5,陸海,49.5,35191,False,5603
2022-04-01,liquid_universe-2021-11-26-3672,2022-04-01,379.5,康聯訊,34.5,11,False,3672
2022-04-01,liquid_universe-2022-01-18-3036,2022-04-01,1371810.7,文曄,79.3,17299,False,3036
2022-04-01,liquid_universe-2022-02-08-8440,2022-04-01,2829436.2,綠電,70.6,40077,False,8440
2022-04-01,liquid_universe-2022-03-30-5603,2022-04-01,1784183.7,陸海,50.7,35191,False,5603
2022-04-06,liquid_universe-2021-11-26-3672,2022-04-06,371.8,康聯訊,33.8,11,False,3672
2022-04-06,liquid_universe-2022-01-18-3036,2022-04-06,1357971.5,文曄,78.5,17299,False,3036
2022-04-06,liquid_universe-2022-02-08-8440,2022-04-06,2873520.9,綠電,71.7,40077,False,8440
2022-04-06,liquid_universe-2022-03-30-5603,2022-04-06,1939024.1,陸海,55.1,35191,False,5603
2022-04-07,liquid_universe-2021-11-26-3672,2022-04-07,231,康聯訊,33,7,False,3672
2022-04-07,liquid_universe-2022-01-18-3036,2022-04-07,1333752.9,文曄,77.1,17299,False,3036
2022-04-07,liquid_universe-2022-02-08-8440,2022-04-07,2869513.2,綠電,71.6,40077,False,8440
2022-04-07,liquid_universe-2022-03-30-5603,2022-04-07,1801779.2,陸海,51.2,35191,False,5603
2022-04-08,liquid_universe-2021-11-26-3672,2022-04-08,245,康聯訊,35,7,False,3672
2022-04-08,liquid_universe-2022-01-18-3036,2022-04-08,1335482.8,文曄,77.2,17299,False,3036
2022-04-08,liquid_universe-2022-02-08-8440,2022-04-08,3013790.4,綠電,75.2,40077,False,8440
2022-04-08,liquid_universe-2022-03-30-5603,2022-04-08,1900314,陸海,54,35191,False,5603
2022-04-11,liquid_universe-2021-11-26-3672,2022-04-11,172.25,康聯訊,34.45,5,False,3672
2022-04-11,liquid_universe-2022-01-18-3036,2022-04-11,1352781.8,文曄,78.2,17299,False,3036
2022-04-11,liquid_universe-2022-02-08-8440,2022-04-11,2949667.2,綠電,73.6,40077,False,8440
2022-04-11,liquid_universe-2022-03-30-5603,2022-04-11,1907352.2,陸海,54.2,35191,False,5603
2022-04-12,liquid_universe-2021-11-26-3672,2022-04-12,169,康聯訊,33.8,5,False,3672
2022-04-12,liquid_universe-2022-01-18-3036,2022-04-12,1340672.5,文曄,77.5,17299,False,3036
2022-04-12,liquid_universe-2022-02-08-8440,2022-04-12,3025813.5,綠電,75.5,40077,False,8440
2022-04-12,liquid_universe-2022-03-30-5603,2022-04-12,1935505,陸海,55,35191,False,5603
2022-04-13,liquid_universe-2021-11-26-3672,2022-04-13,182.5,康聯訊,36.5,5,False,3672
2022-04-13,liquid_universe-2022-01-18-3036,2022-04-12,1340672.5,文曄,77.5,17299,True,3036
2022-04-13,liquid_universe-2022-02-08-8440,2022-04-13,2925621,綠電,73,40077,False,8440
2022-04-13,liquid_universe-2022-03-30-5603,2022-04-13,2019963.4,陸海,57.4,35191,False,5603
2022-04-14,liquid_universe-2021-11-26-3672,2022-04-14,175.25,康聯訊,35.05,5,False,3672
2022-04-14,liquid_universe-2022-01-18-3036,2022-04-14,1378730.3,文曄,79.7,17299,False,3036
2022-04-14,liquid_universe-2022-02-08-8440,2022-04-14,3218183.1,綠電,80.3,40077,False,8440
2022-04-14,liquid_universe-2022-03-30-5603,2022-04-14,1988291.5,陸海,56.5,35191,False,5603
2022-04-15,liquid_universe-2021-11-26-3672,2022-04-15,170,康聯訊,34,5,False,3672
2022-04-15,liquid_universe-2022-01-18-3036,2022-04-15,1377000.4,文曄,79.6,17299,False,3036
2022-04-15,liquid_universe-2022-02-08-8440,2022-04-15,3538799.1,綠電,88.3,40077,False,8440
2022-04-15,liquid_universe-2022-03-30-5603,2022-04-15,1963657.8,陸海,55.8,35191,False,5603
2022-04-18,liquid_universe-2021-11-26-3672,2022-04-18,175.25,康聯訊,35.05,5,False,3672
2022-04-18,liquid_universe-2022-01-18-3036,2022-04-18,1342402.4,文曄,77.6,17299,False,3036
2022-04-18,liquid_universe-2022-02-08-8440,2022-04-18,3891476.7,綠電,97.1,40077,False,8440
2022-04-18,liquid_universe-2022-03-30-5603,2022-04-18,1861603.9,陸海,52.9,35191,False,5603
2022-04-19,liquid_universe-2021-11-26-3672,2022-04-19,173.75,康聯訊,34.75,5,False,3672
2022-04-19,liquid_universe-2022-01-18-3036,2022-04-19,1352781.8,文曄,78.2,17299,False,3036
2022-04-19,liquid_universe-2022-02-08-8440,2022-04-19,3502729.8,綠電,87.4,40077,False,8440
2022-04-19,liquid_universe-2022-03-30-5603,2022-04-19,1861603.9,陸海,52.9,35191,False,5603
2022-04-20,liquid_universe-2021-11-26-3672,2022-04-20,167.5,康聯訊,33.5,5,False,3672
2022-04-20,liquid_universe-2022-01-18-3036,2022-04-20,1285315.7,文曄,74.3,17299,False,3036
2022-04-20,liquid_universe-2022-02-08-8440,2022-04-20,3562845.3,綠電,88.9,40077,False,8440
2022-04-20,liquid_universe-2022-03-30-5603,2022-04-20,1868642.1,陸海,53.1,35191,False,5603
2022-04-21,liquid_universe-2021-11-26-3672,2022-04-21,169,康聯訊,33.8,5,False,3672
2022-04-21,liquid_universe-2022-01-18-3036,2022-04-21,14391,文曄,73.8,195,False,3036
2022-04-21,liquid_universe-2022-02-08-8440,2022-04-21,3446622,綠電,86,40077,False,8440
2022-04-21,liquid_universe-2022-03-30-5603,2022-04-21,1900314,陸海,54,35191,False,5603
2022-04-22,liquid_universe-2022-01-18-3036,2022-04-22,1588.4,文曄,72.2,22,False,3036
2022-04-22,liquid_universe-2022-02-08-8440,2022-04-22,3194136.9,綠電,79.7,40077,False,8440
2022-04-22,liquid_universe-2022-03-30-5603,2022-04-22,1886237.6,陸海,53.6,35191,False,5603
2022-04-25,liquid_universe-2022-02-08-8440,2022-04-25,3081921.3,綠電,76.9,40077,False,8440
2022-04-25,liquid_universe-2022-03-30-5603,2022-04-25,1844008.4,陸海,52.4,35191,False,5603
2022-04-26,liquid_universe-2022-02-08-8440,2022-04-26,3386506.5,綠電,84.5,40077,False,8440
2022-04-26,liquid_universe-2022-03-30-5603,2022-04-26,1844008.4,陸海,52.4,35191,False,5603
2022-04-27,liquid_universe-2022-02-08-8440,2022-04-27,3518760.6,綠電,87.8,40077,False,8440
2022-04-27,liquid_universe-2022-03-30-5603,2022-04-27,1759550,陸海,50,35191,False,5603
2022-04-28,liquid_universe-2022-02-08-8440,2022-04-28,3334406.4,綠電,83.2,40077,False,8440
2022-04-28,liquid_universe-2022-03-30-5603,2022-04-28,1784183.7,陸海,50.7,35191,False,5603
2022-04-29,liquid_universe-2022-02-08-8440,2022-04-29,3374483.4,綠電,84.2,40077,False,8440
2022-04-29,liquid_universe-2022-03-30-5603,2022-04-29,1819374.7,陸海,51.7,35191,False,5603
2022-05-03,liquid_universe-2022-02-08-8440,2022-05-03,3270283.2,綠電,81.6,40077,False,8440
2022-05-03,liquid_universe-2022-03-30-5603,2022-05-03,1801779.2,陸海,51.2,35191,False,5603
2022-05-04,liquid_universe-2022-02-08-8440,2022-05-04,3105967.5,綠電,77.5,40077,False,8440
2022-05-04,liquid_universe-2022-03-30-5603,2022-05-04,1805298.3,陸海,51.3,35191,False,5603
2022-05-05,liquid_universe-2022-02-08-8440,2022-05-05,3158067.6,綠電,78.8,40077,False,8440
2022-05-05,liquid_universe-2022-03-30-5603,2022-05-05,1812336.5,陸海,51.5,35191,False,5603
2022-05-06,liquid_universe-2022-02-08-8440,2022-05-06,2973713.4,綠電,74.2,40077,False,8440
2022-05-06,liquid_universe-2022-03-30-5603,2022-05-06,1801779.2,陸海,51.2,35191,False,5603
2022-05-09,liquid_universe-2022-02-08-8440,2022-05-09,2885544,綠電,72,40077,False,8440
2022-05-09,liquid_universe-2022-03-30-5603,2022-05-09,1750752.25,陸海,49.75,35191,False,5603
2022-05-10,liquid_universe-2022-02-08-8440,2022-05-10,2889551.7,綠電,72.1,40077,False,8440
2022-05-10,liquid_universe-2022-03-30-5603,2022-05-10,1713801.7,陸海,48.7,35191,False,5603
2022-05-11,liquid_universe-2022-02-08-8440,2022-05-11,2629051.2,綠電,65.6,40077,False,8440
2022-05-11,liquid_universe-2022-03-30-5603,2022-05-11,1685648.9,陸海,47.9,35191,False,5603
2022-05-12,liquid_universe-2022-02-08-8440,2022-05-12,2496797.1,綠電,62.3,40077,False,8440
2022-05-12,liquid_universe-2022-03-30-5603,2022-05-12,1608228.7,陸海,45.7,35191,False,5603
2022-05-13,liquid_universe-2022-02-08-8440,2022-05-13,258.4,綠電,64.6,4,False,8440
2022-05-13,liquid_universe-2022-03-30-5603,2022-05-13,1710282.6,陸海,48.6,35191,False,5603
2022-05-16,liquid_universe-2022-03-30-5603,2022-05-16,1675091.6,陸海,47.6,35191,False,5603
2022-05-17,liquid_universe-2022-03-30-5603,2022-05-17,1661015.2,陸海,47.2,35191,False,5603
2022-05-18,liquid_universe-2022-03-30-5603,2022-05-18,1678610.7,陸海,47.7,35191,False,5603
2022-05-19,liquid_universe-2022-03-30-5603,2022-05-19,1632862.4,陸海,46.4,35191,False,5603
2022-05-20,liquid_universe-2022-03-30-5603,2022-05-20,1627583.75,陸海,46.25,35191,False,5603
2022-05-23,liquid_universe-2022-03-30-5603,2022-05-23,1653977,陸海,47,35191,False,5603
2022-05-24,liquid_universe-2022-03-30-5603,2022-05-24,1629343.3,陸海,46.3,35191,False,5603
2022-05-25,liquid_universe-2022-03-30-5603,2022-05-25,1624064.65,陸海,46.15,35191,False,5603
2022-05-26,liquid_universe-2022-03-30-5603,2022-05-26,1601190.5,陸海,45.5,35191,False,5603
2022-05-27,liquid_universe-2022-03-30-5603,2022-05-27,1602950.05,陸海,45.55,35191,False,5603
2022-05-30,liquid_universe-2022-03-30-5603,2022-05-30,1608228.7,陸海,45.7,35191,False,5603
2022-05-31,liquid_universe-2022-03-30-5603,2022-05-31,1594152.3,陸海,45.3,35191,False,5603
2022-06-01,liquid_universe-2022-03-30-5603,2022-06-01,1611747.8,陸海,45.8,35191,False,5603
2022-06-02,liquid_universe-2022-03-30-5603,2022-06-02,1609988.25,陸海,45.75,35191,False,5603
2022-06-06,liquid_universe-2022-03-30-5603,2022-06-06,1629343.3,陸海,46.3,35191,False,5603
2022-06-07,liquid_universe-2022-03-30-5603,2022-06-07,1636381.5,陸海,46.5,35191,False,5603
2022-06-08,liquid_universe-2022-03-30-5603,2022-06-08,1627583.75,陸海,46.25,35191,False,5603
2022-06-09,liquid_universe-2022-03-30-5603,2022-06-09,1609988.25,陸海,45.75,35191,False,5603
2022-06-10,liquid_universe-2022-03-30-5603,2022-06-10,1594152.3,陸海,45.3,35191,False,5603
2022-06-13,liquid_universe-2022-03-30-5603,2022-06-13,1550163.55,陸海,44.05,35191,False,5603
2022-06-14,liquid_universe-2022-03-30-5603,2022-06-14,1522010.75,陸海,43.25,35191,False,5603
2022-06-15,liquid_universe-2022-03-30-5603,2022-06-15,1407525,陸海,43.75,32172,False,5603
2022-06-16,liquid_universe-2022-03-30-5603,2022-06-16,1133323.4,陸海,41.8,27113,False,5603
2022-06-17,liquid_universe-2022-03-30-5603,2022-06-17,907529.1,陸海,41.1,22081,False,5603
2022-06-20,liquid_universe-2022-03-30-5603,2022-06-20,653650,陸海,38.45,17000,False,5603
2022-06-21,liquid_universe-2022-03-30-5603,2022-06-21,469200,陸海,39.1,12000,False,5603
2022-06-22,liquid_universe-2022-03-30-5603,2022-06-22,269500,陸海,38.5,7000,False,5603
2022-06-23,liquid_universe-2022-03-30-5603,2022-06-23,75900,陸海,37.95,2000,False,5603
2022-11-16,liquid_universe-2022-11-15-2009,2022-11-16,1567937,第一銅,33.25,47156,False,2009
2022-11-16,liquid_universe-2022-11-15-6472,2022-11-16,1712628,保瑞,421,4068,False,6472
2022-11-16,liquid_universe-2022-11-15-1605,2022-11-16,1623696,華新,48,33827,False,1605
2022-11-17,liquid_universe-2022-11-15-2009,2022-11-17,1553790.2,第一銅,32.95,47156,False,2009
2022-11-17,liquid_universe-2022-11-15-6472,2022-11-17,1743138,保瑞,428.5,4068,False,6472
2022-11-17,liquid_universe-2022-11-15-1605,2022-11-17,1506992.85,華新,44.55,33827,False,1605
2022-11-18,liquid_universe-2022-11-15-2009,2022-11-18,1487771.8,第一銅,31.55,47156,False,2009
2022-11-18,liquid_universe-2022-11-15-6472,2022-11-18,1745172,保瑞,429,4068,False,6472
2022-11-18,liquid_universe-2022-11-15-1605,2022-11-18,1478239.9,華新,43.7,33827,False,1605
2022-11-21,liquid_universe-2022-11-15-2009,2022-11-21,1499560.8,第一銅,31.8,47156,False,2009
2022-11-21,liquid_universe-2022-11-15-6472,2022-11-21,1741104,保瑞,428,4068,False,6472
2022-11-21,liquid_universe-2022-11-15-1605,2022-11-21,1461326.4,華新,43.2,33827,False,1605
2022-11-22,liquid_universe-2022-11-15-2009,2022-11-22,1450047,第一銅,30.75,47156,False,2009
2022-11-22,liquid_universe-2022-11-15-6472,2022-11-22,1789920,保瑞,440,4068,False,6472
2022-11-22,liquid_universe-2022-11-15-1605,2022-11-22,1441030.2,華新,42.6,33827,False,1605
2022-11-23,liquid_universe-2022-11-15-2009,2022-11-23,1461836,第一銅,31,47156,False,2009
2022-11-23,liquid_universe-2022-11-15-6472,2022-11-23,1901790,保瑞,467.5,4068,False,6472
2022-11-23,liquid_universe-2022-11-15-1605,2022-11-23,1451178.3,華新,42.9,33827,False,1605
2022-11-24,liquid_universe-2022-11-15-2009,2022-11-24,1466551.6,第一銅,31.1,47156,False,2009
2022-11-24,liquid_universe-2022-11-15-6472,2022-11-24,1879416,保瑞,462,4068,False,6472
2022-11-24,liquid_universe-2022-11-15-1605,2022-11-24,1485005.3,華新,43.9,33827,False,1605
2022-11-25,liquid_universe-2022-11-15-2009,2022-11-25,1490129.6,第一銅,31.6,47156,False,2009
2022-11-25,liquid_universe-2022-11-15-6472,2022-11-25,1692288,保瑞,416,4068,False,6472
2022-11-25,liquid_universe-2022-11-15-1605,2022-11-25,1530671.75,華新,45.25,33827,False,1605
2022-11-28,liquid_universe-2022-11-15-2009,2022-11-28,1471267.2,第一銅,31.2,47156,False,2009
2022-11-28,liquid_universe-2022-11-15-6472,2022-11-28,1741104,保瑞,428,4068,False,6472
2022-11-28,liquid_universe-2022-11-15-1605,2022-11-28,1554350.65,華新,45.95,33827,False,1605
2022-11-29,liquid_universe-2022-11-15-2009,2022-11-29,1492487.4,第一銅,31.65,47156,False,2009
2022-11-29,liquid_universe-2022-11-15-6472,2022-11-29,1735002,保瑞,426.5,4068,False,6472
2022-11-29,liquid_universe-2022-11-15-1605,2022-11-29,1537437.15,華新,45.45,33827,False,1605
2022-11-30,liquid_universe-2022-11-15-2009,2022-11-30,3490.95,第一銅,31.45,111,False,2009
2022-11-30,liquid_universe-2022-11-15-6472,2022-11-30,1826532,保瑞,449,4068,False,6472
2022-12-01,liquid_universe-2022-11-15-2009,2022-12-01,2095.5,第一銅,31.75,66,False,2009
2022-12-01,liquid_universe-2022-11-15-6472,2022-12-01,1814328,保瑞,446,4068,False,6472
2022-12-01,liquid_universe-2022-11-30-4979,2022-12-01,1755639.9,華星光,51.3,34223,False,4979
2022-12-01,liquid_universe-2022-11-30-3441,2022-12-01,1366102,聯一光電,47,29066,False,3441
2022-12-02,liquid_universe-2022-11-15-2009,2022-12-02,1278,第一銅,31.95,40,False,2009
2022-12-02,liquid_universe-2022-11-15-6472,2022-12-02,1883484,保瑞,463,4068,False,6472
2022-12-02,liquid_universe-2022-11-30-4979,2022-12-02,1752217.6,華星光,51.2,34223,False,4979
2022-12-02,liquid_universe-2022-11-30-3441,2022-12-02,1331222.8,聯一光電,45.8,29066,False,3441
2022-12-05,liquid_universe-2022-11-15-6472,2022-12-05,1887552,保瑞,464,4068,False,6472
2022-12-05,liquid_universe-2022-11-30-4979,2022-12-05,1813819,華星光,53,34223,False,4979
2022-12-05,liquid_universe-2022-11-30-3441,2022-12-05,1321049.7,聯一光電,45.45,29066,False,3441
2022-12-06,liquid_universe-2022-11-15-6472,2022-12-06,1700424,保瑞,418,4068,False,6472
2022-12-06,liquid_universe-2022-11-30-4979,2022-12-06,1806974.4,華星光,52.8,34223,False,4979
2022-12-06,liquid_universe-2022-11-30-3441,2022-12-06,1293437,聯一光電,44.5,29066,False,3441
2022-12-07,liquid_universe-2022-11-15-6472,2022-12-07,1627200,保瑞,400,4068,False,6472
2022-12-07,liquid_universe-2022-11-30-4979,2022-12-07,1683771.6,華星光,49.2,34223,False,4979
2022-12-07,liquid_universe-2022-11-30-3441,2022-12-07,1248384.7,聯一光電,42.95,29066,False,3441
2022-12-08,liquid_universe-2022-11-15-6472,2022-12-08,1576350,保瑞,387.5,4068,False,6472
2022-12-08,liquid_universe-2022-11-30-4979,2022-12-08,1728261.5,華星光,50.5,34223,False,4979
2022-12-08,liquid_universe-2022-11-30-3441,2022-12-08,1287623.8,聯一光電,44.3,29066,False,3441
2022-12-09,liquid_universe-2022-11-15-6472,2022-12-09,1604826,保瑞,394.5,4068,False,6472
2022-12-09,liquid_universe-2022-11-30-4979,2022-12-09,1762484.5,華星光,51.5,34223,False,4979
2022-12-09,liquid_universe-2022-11-30-3441,2022-12-09,1249838,聯一光電,43,29066,False,3441
2022-12-12,liquid_universe-2022-11-15-6472,2022-12-12,1614996,保瑞,397,4068,False,6472
2022-12-12,liquid_universe-2022-11-30-4979,2022-12-12,1779596,華星光,52,34223,False,4979
2022-12-12,liquid_universe-2022-11-30-3441,2022-12-12,1235305,聯一光電,42.5,29066,False,3441
2022-12-13,liquid_universe-2022-11-15-6472,2022-12-13,1635336,保瑞,402,4068,False,6472
2022-12-13,liquid_universe-2022-11-30-4979,2022-12-13,1769329.1,華星光,51.7,34223,False,4979
2022-12-13,liquid_universe-2022-11-30-3441,2022-12-13,1214958.8,聯一光電,41.8,29066,False,3441
2022-12-14,liquid_universe-2022-11-15-6472,2022-12-14,1635336,保瑞,402,4068,False,6472
2022-12-14,liquid_universe-2022-11-30-4979,2022-12-14,1871998.1,華星光,54.7,34223,False,4979
2022-12-14,liquid_universe-2022-11-30-3441,2022-12-14,1225131.9,聯一光電,42.15,29066,False,3441
2022-12-15,liquid_universe-2022-11-15-6472,2022-12-15,1602792,保瑞,394,4068,False,6472
2022-12-15,liquid_universe-2022-11-30-4979,2022-12-15,1848042,華星光,54,34223,False,4979
2022-12-15,liquid_universe-2022-11-30-3441,2022-12-15,968772,聯一光電,42,23066,False,3441
2022-12-16,liquid_universe-2022-11-15-6472,2022-12-16,1560078,保瑞,383.5,4068,False,6472
2022-12-16,liquid_universe-2022-11-30-4979,2022-12-16,1745373,華星光,51,34223,False,4979
2022-12-16,liquid_universe-2022-11-30-3441,2022-12-16,571010.55,聯一光電,40.65,14047,False,3441
2022-12-19,liquid_universe-2022-11-15-6472,2022-12-19,1617030,保瑞,397.5,4068,False,6472
2022-12-19,liquid_universe-2022-11-30-4979,2022-12-19,1694038.5,華星光,49.5,34223,False,4979
2022-12-19,liquid_universe-2022-11-30-3441,2022-12-19,366739.8,聯一光電,40.6,9033,False,3441
2022-12-20,liquid_universe-2022-11-15-6472,2022-12-20,1578384,保瑞,388,4068,False,6472
2022-12-20,liquid_universe-2022-11-30-4979,2022-12-20,1601636.4,華星光,46.8,34223,False,4979
2022-12-20,liquid_universe-2022-11-30-3441,2022-12-20,1094.8,聯一光電,39.1,28,False,3441
2022-12-21,liquid_universe-2022-11-15-6472,2022-12-21,1647540,保瑞,405,4068,False,6472
2022-12-21,liquid_universe-2022-11-30-4979,2022-12-21,1637570.55,華星光,47.85,34223,False,4979
2022-12-21,liquid_universe-2022-11-30-3441,2022-12-21,520.65,聯一光電,40.05,13,False,3441
2022-12-22,liquid_universe-2022-11-15-6472,2022-12-22,1692288,保瑞,416,4068,False,6472
2022-12-22,liquid_universe-2022-11-30-4979,2022-12-22,1475011.3,華星光,43.1,34223,False,4979
2022-12-23,liquid_universe-2022-11-15-6472,2022-12-23,1653642,保瑞,406.5,4068,False,6472
2022-12-23,liquid_universe-2022-11-30-4979,2022-12-23,6905.6,華星光,41.6,166,False,4979
2022-12-23,liquid_universe-2022-12-22-1752,2022-12-23,1525694.9,南光,63.1,24179,False,1752
2022-12-26,liquid_universe-2022-11-15-6472,2022-12-26,1704492,保瑞,419,4068,False,6472
2022-12-26,liquid_universe-2022-11-30-4979,2022-12-26,5703.75,華星光,42.25,135,False,4979
2022-12-26,liquid_universe-2022-12-22-1752,2022-12-26,1646589.9,南光,68.1,24179,False,1752
2022-12-27,liquid_universe-2022-11-15-6472,2022-12-27,1678050,保瑞,412.5,4068,False,6472
2022-12-27,liquid_universe-2022-11-30-4979,2022-12-27,3887.4,華星光,41.8,93,False,4979
2022-12-27,liquid_universe-2022-12-22-1752,2022-12-27,1595814,南光,66,24179,False,1752
2022-12-28,liquid_universe-2022-11-15-6472,2022-12-28,1673982,保瑞,411.5,4068,False,6472
2022-12-28,liquid_universe-2022-11-30-4979,2022-12-28,814,華星光,40.7,20,False,4979
2022-12-28,liquid_universe-2022-12-22-1752,2022-12-28,1516023.3,南光,62.7,24179,False,1752
2022-12-28,liquid_universe-2022-12-27-3479,2022-12-28,1336051,安勤,83,16097,False,3479
2022-12-29,liquid_universe-2022-11-15-6472,2022-12-29,1708560,保瑞,420,4068,False,6472
2022-12-29,liquid_universe-2022-12-22-1752,2022-12-29,1552291.8,南光,64.2,24179,False,1752
2022-12-29,liquid_universe-2022-12-27-3479,2022-12-29,1292589.1,安勤,80.3,16097,False,3479
2022-12-30,liquid_universe-2022-11-15-6472,2022-12-30,1686186,保瑞,414.5,4068,False,6472
2022-12-30,liquid_universe-2022-12-22-1752,2022-12-30,1545038.1,南光,63.9,24179,False,1752
2022-12-30,liquid_universe-2022-12-27-3479,2022-12-30,1310295.8,安勤,81.4,16097,False,3479
2023-01-03,liquid_universe-2022-11-15-6472,2023-01-03,1767546,保瑞,434.5,4068,False,6472
2023-01-03,liquid_universe-2022-12-22-1752,2023-01-03,1474919,南光,61,24179,False,1752
2023-01-03,liquid_universe-2022-12-27-3479,2023-01-03,1368245,安勤,85,16097,False,3479
2023-01-04,liquid_universe-2022-11-15-6472,2023-01-04,1732968,保瑞,426,4068,False,6472
2023-01-04,liquid_universe-2022-12-22-1752,2023-01-04,1489426.4,南光,61.6,24179,False,1752
2023-01-04,liquid_universe-2022-12-27-3479,2023-01-04,1336051,安勤,83,16097,False,3479
2023-01-05,liquid_universe-2022-11-15-6472,2023-01-05,1686186,保瑞,414.5,4068,False,6472
2023-01-05,liquid_universe-2022-12-22-1752,2023-01-05,1460411.6,南光,60.4,24179,False,1752
2023-01-05,liquid_universe-2022-12-27-3479,2023-01-05,1419755.4,安勤,88.2,16097,False,3479
2023-01-06,liquid_universe-2022-11-15-6472,2023-01-06,1653642,保瑞,406.5,4068,False,6472
2023-01-06,liquid_universe-2022-12-22-1752,2023-01-06,1457993.7,南光,60.3,24179,False,1752
2023-01-06,liquid_universe-2022-12-27-3479,2023-01-06,1394000.2,安勤,86.6,16097,False,3479
2023-01-09,liquid_universe-2022-11-15-6472,2023-01-09,1676016,保瑞,412,4068,False,6472
2023-01-09,liquid_universe-2022-12-22-1752,2023-01-09,1448322.1,南光,59.9,24179,False,1752
2023-01-09,liquid_universe-2022-12-27-3479,2023-01-09,1373074.1,安勤,85.3,16097,False,3479
2023-01-10,liquid_universe-2022-11-15-6472,2023-01-10,1655676,保瑞,407,4068,False,6472
2023-01-10,liquid_universe-2022-12-22-1752,2023-01-10,1409635.7,南光,58.3,24179,False,1752
2023-01-10,liquid_universe-2022-12-27-3479,2023-01-10,1365025.6,安勤,84.8,16097,False,3479
2023-01-11,liquid_universe-2022-11-15-6472,2023-01-11,1604826,保瑞,394.5,4068,False,6472
2023-01-11,liquid_universe-2022-12-22-1752,2023-01-11,1392710.4,南光,57.6,24179,False,1752
2023-01-11,liquid_universe-2022-12-27-3479,2023-01-11,1307076.4,安勤,81.2,16097,False,3479
2023-01-12,liquid_universe-2022-11-15-6472,2023-01-12,1564146,保瑞,384.5,4068,False,6472
2023-01-12,liquid_universe-2022-12-22-1752,2023-01-12,1363695.6,南光,56.4,24179,False,1752
2023-01-12,liquid_universe-2022-12-27-3479,2023-01-12,1287760,安勤,80,16097,False,3479
2023-01-13,liquid_universe-2022-11-15-6472,2023-01-13,1560078,保瑞,383.5,4068,False,6472
2023-01-13,liquid_universe-2022-12-22-1752,2023-01-13,1354024,南光,56,24179,False,1752
2023-01-13,liquid_universe-2022-12-27-3479,2023-01-13,1244298.1,安勤,77.3,16097,False,3479
2023-01-16,liquid_universe-2022-11-15-6472,2023-01-16,1602792,保瑞,394,4068,False,6472
2023-01-16,liquid_universe-2022-12-22-1752,2023-01-16,1373367.2,南光,56.8,24179,False,1752
2023-01-16,liquid_universe-2022-12-27-3479,2023-01-16,1260395.1,安勤,78.3,16097,False,3479
2023-01-17,liquid_universe-2022-11-15-6472,2023-01-17,1635336,保瑞,402,4068,False,6472
2023-01-17,liquid_universe-2022-12-22-1752,2023-01-17,1334680.8,南光,55.2,24179,False,1752
2023-01-17,liquid_universe-2022-12-27-3479,2023-01-17,1279711.5,安勤,79.5,16097,False,3479
2023-01-30,liquid_universe-2022-11-15-6472,2023-01-30,1619064,保瑞,398,4068,False,6472
2023-01-30,liquid_universe-2022-12-22-1752,2023-01-30,8751.6,南光,56.1,156,False,1752
2023-01-30,liquid_universe-2022-12-27-3479,2023-01-30,1290979.4,安勤,80.2,16097,False,3479
2023-01-31,liquid_universe-2022-11-15-6472,2023-01-31,1678050,保瑞,412.5,4068,False,6472
2023-01-31,liquid_universe-2022-12-22-1752,2023-01-31,5626,南光,58,97,False,1752
2023-01-31,liquid_universe-2022-12-27-3479,2023-01-31,1313515.2,安勤,81.6,16097,False,3479
2023-01-31,liquid_universe-2023-01-30-3105,2023-01-31,1203264,穩懋,192,6267,False,3105
2023-02-01,liquid_universe-2022-11-15-6472,2023-02-01,1645506,保瑞,404.5,4068,False,6472
2023-02-01,liquid_universe-2022-12-22-1752,2023-02-01,1760.8,南光,56.8,31,False,1752
2023-02-01,liquid_universe-2022-12-27-3479,2023-02-01,1340880.1,安勤,83.3,16097,False,3479
2023-02-01,liquid_universe-2023-01-30-3105,2023-02-01,1200130.5,穩懋,191.5,6267,False,3105
2023-02-02,liquid_universe-2022-11-15-6472,2023-02-02,1657710,保瑞,407.5,4068,False,6472
2023-02-02,liquid_universe-2022-12-27-3479,2023-02-02,1329612.2,安勤,82.6,16097,False,3479
2023-02-02,liquid_universe-2023-01-30-3105,2023-02-02,1175062.5,穩懋,187.5,6267,False,3105
2023-02-03,liquid_universe-2022-11-15-6472,2023-02-03,1673982,保瑞,411.5,4068,False,6472
2023-02-03,liquid_universe-2022-12-27-3479,2023-02-03,1311905.5,安勤,81.5,16097,False,3479
2023-02-03,liquid_universe-2023-01-30-3105,2023-02-03,1146861,穩懋,183,6267,False,3105
2023-02-06,liquid_universe-2022-11-15-6472,2023-02-06,1730934,保瑞,425.5,4068,False,6472
2023-02-06,liquid_universe-2022-12-27-3479,2023-02-06,1292589.1,安勤,80.3,16097,False,3479
2023-02-06,liquid_universe-2023-01-30-3105,2023-02-06,1102992,穩懋,176,6267,False,3105
2023-02-07,liquid_universe-2022-11-15-6472,2023-02-07,1903824,保瑞,468,4068,False,6472
2023-02-07,liquid_universe-2022-12-27-3479,2023-02-07,1355367.4,安勤,84.2,16097,False,3479
2023-02-07,liquid_universe-2023-01-30-3105,2023-02-07,1084191,穩懋,173,6267,False,3105
2023-02-08,liquid_universe-2022-11-15-6472,2023-02-08,2090952,保瑞,514,4068,False,6472
2023-02-08,liquid_universe-2022-12-27-3479,2023-02-08,1377903.2,安勤,85.6,16097,False,3479
2023-02-08,liquid_universe-2023-01-30-3105,2023-02-08,1099858.5,穩懋,175.5,6267,False,3105
2023-02-09,liquid_universe-2022-11-15-6472,2023-02-09,2147904,保瑞,528,4068,False,6472
2023-02-09,liquid_universe-2022-12-27-3479,2023-02-09,1514727.7,安勤,94.1,16097,False,3479
2023-02-09,liquid_universe-2023-01-30-3105,2023-02-09,1081057.5,穩懋,172.5,6267,False,3105
2023-02-10,liquid_universe-2022-11-15-6472,2023-02-10,2200788,保瑞,541,4068,False,6472
2023-02-10,liquid_universe-2022-12-27-3479,2023-02-10,1397219.6,安勤,86.8,16097,False,3479
2023-02-10,liquid_universe-2023-01-30-3105,2023-02-10,1071657,穩懋,171,6267,False,3105
2023-02-13,liquid_universe-2022-11-15-6472,2023-02-13,2156040,保瑞,530,4068,False,6472
2023-02-13,liquid_universe-2022-12-27-3479,2023-02-13,1355367.4,安勤,84.2,16097,False,3479
2023-02-13,liquid_universe-2023-01-30-3105,2023-02-13,1059123,穩懋,169,6267,False,3105
2023-02-14,liquid_universe-2022-11-15-6472,2023-02-14,1940436,保瑞,477,4068,False,6472
2023-02-14,liquid_universe-2022-12-27-3479,2023-02-14,1373074.1,安勤,85.3,16097,False,3479
2023-02-14,liquid_universe-2023-01-30-3105,2023-02-14,17732,穩懋,170.5,104,False,3105
2023-02-15,liquid_universe-2022-11-15-6472,2023-02-15,1907892,保瑞,469,4068,False,6472
2023-02-15,liquid_universe-2022-12-27-3479,2023-02-15,1392390.5,安勤,86.5,16097,False,3479
2023-02-15,liquid_universe-2023-02-14-2453,2023-02-15,1266517,凌群,40.6,31195,False,2453
2023-02-16,liquid_universe-2022-11-15-6472,2023-02-16,1911960,保瑞,470,4068,False,6472
2023-02-16,liquid_universe-2022-12-27-3479,2023-02-16,1410097.2,安勤,87.6,16097,False,3479
2023-02-16,liquid_universe-2023-02-14-2453,2023-02-16,1286793.75,凌群,41.25,31195,False,2453
2023-02-17,liquid_universe-2022-11-15-6472,2023-02-17,2031966,保瑞,499.5,4068,False,6472
2023-02-17,liquid_universe-2022-12-27-3479,2023-02-17,1429413.6,安勤,88.8,16097,False,3479
2023-02-17,liquid_universe-2023-02-14-2453,2023-02-17,1341385,凌群,43,31195,False,2453
2023-02-20,liquid_universe-2022-11-15-6472,2023-02-20,2003490,保瑞,492.5,4068,False,6472
2023-02-20,liquid_universe-2022-12-27-3479,2023-02-20,1424584.5,安勤,88.5,16097,False,3479
2023-02-20,liquid_universe-2023-02-14-2453,2023-02-20,1403775,凌群,45,31195,False,2453
2023-02-21,liquid_universe-2022-11-15-6472,2023-02-21,2034000,保瑞,500,4068,False,6472
2023-02-21,liquid_universe-2022-12-27-3479,2023-02-21,1413316.6,安勤,87.8,16097,False,3479
2023-02-21,liquid_universe-2023-02-14-2453,2023-02-21,1347624,凌群,43.2,31195,False,2453
2023-02-22,liquid_universe-2022-11-15-6472,2023-02-22,2005524,保瑞,493,4068,False,6472
2023-02-22,liquid_universe-2022-12-27-3479,2023-02-22,1397219.6,安勤,86.8,16097,False,3479
2023-02-22,liquid_universe-2023-02-14-2453,2023-02-22,1372580,凌群,44,31195,False,2453
2023-02-23,liquid_universe-2022-11-15-6472,2023-02-23,2074680,保瑞,510,4068,False,6472
2023-02-23,liquid_universe-2022-12-27-3479,2023-02-23,1413316.6,安勤,87.8,16097,False,3479
2023-02-23,liquid_universe-2023-02-14-2453,2023-02-23,1369460.5,凌群,43.9,31195,False,2453
2023-02-24,liquid_universe-2022-12-27-3479,2023-02-24,1382732.3,安勤,85.9,16097,False,3479
2023-02-24,liquid_universe-2023-02-14-2453,2023-02-24,1416253,凌群,45.4,31195,False,2453
2023-03-01,liquid_universe-2022-12-27-3479,2023-03-01,1363415.9,安勤,84.7,16097,False,3479
2023-03-01,liquid_universe-2023-02-14-2453,2023-03-01,1556630.5,凌群,49.9,31195,False,2453
2023-03-01,liquid_universe-2023-02-24-6556,2023-03-01,799632.5,勝品,158.5,5045,False,6556
2023-03-02,liquid_universe-2022-12-27-3479,2023-03-02,1366635.3,安勤,84.9,16097,False,3479
2023-03-02,liquid_universe-2023-02-14-2453,2023-03-02,1559750,凌群,50,31195,False,2453
2023-03-02,liquid_universe-2023-02-24-6556,2023-03-02,822335,勝品,163,5045,False,6556
2023-03-03,liquid_universe-2022-12-27-3479,2023-03-03,1419755.4,安勤,88.2,16097,False,3479
2023-03-03,liquid_universe-2023-02-14-2453,2023-03-03,1528555,凌群,49,31195,False,2453
2023-03-03,liquid_universe-2023-02-24-6556,2023-03-03,903055,勝品,179,5045,False,6556
2023-03-06,liquid_universe-2022-12-27-3479,2023-03-06,1456778.5,安勤,90.5,16097,False,3479
2023-03-06,liquid_universe-2023-02-14-2453,2023-03-06,1590945,凌群,51,31195,False,2453
2023-03-06,liquid_universe-2023-02-24-6556,2023-03-06,935847.5,勝品,185.5,5045,False,6556
2023-03-07,liquid_universe-2022-12-27-3479,2023-03-07,1448730,安勤,90,16097,False,3479
2023-03-07,liquid_universe-2023-02-14-2453,2023-03-07,1622140,凌群,52,31195,False,2453
2023-03-07,liquid_universe-2023-02-24-6556,2023-03-07,910622.5,勝品,180.5,5045,False,6556
2023-03-08,liquid_universe-2022-12-27-3479,2023-03-08,1434242.7,安勤,89.1,16097,False,3479
2023-03-08,liquid_universe-2023-02-14-2453,2023-03-08,1784354,凌群,57.2,31195,False,2453
2023-03-08,liquid_universe-2023-02-24-6556,2023-03-08,935847.5,勝品,185.5,5045,False,6556
2023-03-09,liquid_universe-2022-12-27-3479,2023-03-09,1405268.1,安勤,87.3,16097,False,3479
2023-03-09,liquid_universe-2023-02-14-2453,2023-03-09,1962165.5,凌群,62.9,31195,False,2453
2023-03-09,liquid_universe-2023-02-24-6556,2023-03-09,938370,勝品,186,5045,False,6556
2023-03-10,liquid_universe-2022-12-27-3479,2023-03-10,1368245,安勤,85,16097,False,3479
2023-03-10,liquid_universe-2023-02-14-2453,2023-03-10,1871700,凌群,60,31195,False,2453
2023-03-10,liquid_universe-2023-02-24-6556,2023-03-10,892965,勝品,177,5045,False,6556
2023-03-13,liquid_universe-2022-12-27-3479,2023-03-13,1347318.9,安勤,83.7,16097,False,3479
2023-03-13,liquid_universe-2023-02-14-2453,2023-03-13,1915373,凌群,61.4,31195,False,2453
2023-03-13,liquid_universe-2023-02-24-6556,2023-03-13,882875,勝品,175,5045,False,6556
2023-03-14,liquid_universe-2022-12-27-3479,2023-03-14,1347318.9,安勤,83.7,16097,False,3479
2023-03-14,liquid_universe-2023-02-14-2453,2023-03-14,1877939,凌群,60.2,31195,False,2453
2023-03-14,liquid_universe-2023-02-24-6556,2023-03-14,837470,勝品,166,5045,False,6556
2023-03-15,liquid_universe-2022-12-27-3479,2023-03-15,1353757.7,安勤,84.1,16097,False,3479
2023-03-15,liquid_universe-2023-02-14-2453,2023-03-15,1849863.5,凌群,59.3,31195,False,2453
2023-03-15,liquid_universe-2023-02-24-6556,2023-03-15,850082.5,勝品,168.5,5045,False,6556
2023-03-16,liquid_universe-2022-12-27-3479,2023-03-16,1323173.4,安勤,82.2,16097,False,3479
2023-03-16,liquid_universe-2023-02-14-2453,2023-03-16,1697008,凌群,54.4,31195,False,2453
2023-03-16,liquid_universe-2023-02-24-6556,2023-03-16,837470,勝品,166,5045,False,6556
2023-03-17,liquid_universe-2022-12-27-3479,2023-03-17,1413316.6,安勤,87.8,16097,False,3479
2023-03-17,liquid_universe-2023-02-14-2453,2023-03-17,1865461,凌群,59.8,31195,False,2453
2023-03-17,liquid_universe-2023-02-24-6556,2023-03-17,870262.5,勝品,172.5,5045,False,6556
2023-03-20,liquid_universe-2022-12-27-3479,2023-03-20,1435852.4,安勤,89.2,16097,False,3479
2023-03-20,liquid_universe-2023-02-14-2453,2023-03-20,2049511.5,凌群,65.7,31195,False,2453
2023-03-20,liquid_universe-2023-02-24-6556,2023-03-20,870262.5,勝品,172.5,5045,False,6556
2023-03-21,liquid_universe-2022-12-27-3479,2023-03-21,1419755.4,安勤,88.2,16097,False,3479
2023-03-21,liquid_universe-2023-02-14-2453,2023-03-21,2143096.5,凌群,68.7,31195,False,2453
2023-03-21,liquid_universe-2023-02-24-6556,2023-03-21,850082.5,勝品,168.5,5045,False,6556
2023-03-22,liquid_universe-2022-12-27-3479,2023-03-22,1561409,安勤,97,16097,False,3479
2023-03-22,liquid_universe-2023-02-14-2453,2023-03-22,2183650,凌群,70,31195,False,2453
2023-03-22,liquid_universe-2023-02-24-6556,2023-03-22,892965,勝品,177,5045,False,6556
2023-03-23,liquid_universe-2022-12-27-3479,2023-03-23,1530824.7,安勤,95.1,16097,False,3479
2023-03-23,liquid_universe-2023-02-14-2453,2023-03-23,2171172,凌群,69.6,31195,False,2453
2023-03-23,liquid_universe-2023-02-24-6556,2023-03-23,885397.5,勝品,175.5,5045,False,6556
2023-03-24,liquid_universe-2022-12-27-3479,2023-03-24,1524385.9,安勤,94.7,16097,False,3479
2023-03-24,liquid_universe-2023-02-14-2453,2023-03-24,2139977,凌群,68.6,31195,False,2453
2023-03-24,liquid_universe-2023-02-24-6556,2023-03-24,867740,勝品,172,5045,False,6556
2023-03-27,liquid_universe-2022-12-27-3479,2023-03-27,1543702.3,安勤,95.9,16097,False,3479
2023-03-27,liquid_universe-2023-02-14-2453,2023-03-27,2146216,凌群,68.8,31195,False,2453
2023-03-27,liquid_universe-2023-02-24-6556,2023-03-27,834947.5,勝品,165.5,5045,False,6556
2023-03-28,liquid_universe-2022-12-27-3479,2023-03-28,1456778.5,安勤,90.5,16097,False,3479
2023-03-28,liquid_universe-2023-02-14-2453,2023-03-28,2052631,凌群,65.8,31195,False,2453
2023-03-28,liquid_universe-2023-02-24-6556,2023-03-28,789542.5,勝品,156.5,5045,False,6556
2023-03-29,liquid_universe-2022-12-27-3479,2023-03-29,1450339.7,安勤,90.1,16097,False,3479
2023-03-29,liquid_universe-2023-02-14-2453,2023-03-29,2118140.5,凌群,67.9,31195,False,2453
2023-03-29,liquid_universe-2023-02-24-6556,2023-03-29,789542.5,勝品,156.5,5045,False,6556
2023-03-30,liquid_universe-2022-12-27-3479,2023-03-30,1487362.8,安勤,92.4,16097,False,3479
2023-03-30,liquid_universe-2023-02-14-2453,2023-03-30,2124379.5,凌群,68.1,31195,False,2453
2023-03-30,liquid_universe-2023-02-24-6556,2023-03-30,789542.5,勝品,156.5,5045,False,6556
2023-03-31,liquid_universe-2022-12-27-3479,2023-03-31,1534044.1,安勤,95.3,16097,False,3479
2023-03-31,liquid_universe-2023-02-14-2453,2023-03-31,2130618.5,凌群,68.3,31195,False,2453
2023-03-31,liquid_universe-2023-02-24-6556,2023-03-31,802155,勝品,159,5045,False,6556
2023-04-06,liquid_universe-2022-12-27-3479,2023-04-06,1567847.8,安勤,97.4,16097,False,3479
2023-04-06,liquid_universe-2023-02-14-2453,2023-04-06,2108782,凌群,67.6,31195,False,2453
2023-04-06,liquid_universe-2023-02-24-6556,2023-04-06,774407.5,勝品,153.5,5045,False,6556
2023-04-07,liquid_universe-2022-12-27-3479,2023-04-07,1641894,安勤,102,16097,False,3479
2023-04-07,liquid_universe-2023-02-14-2453,2023-04-07,2090065,凌群,67,31195,False,2453
2023-04-07,liquid_universe-2023-02-24-6556,2023-04-07,774407.5,勝品,153.5,5045,False,6556
2023-04-10,liquid_universe-2022-12-27-3479,2023-04-10,1553360.5,安勤,96.5,16097,False,3479
2023-04-10,liquid_universe-2023-02-14-2453,2023-04-10,2111901.5,凌群,67.7,31195,False,2453
2023-04-10,liquid_universe-2023-02-24-6556,2023-04-10,779452.5,勝品,154.5,5045,False,6556
2023-04-11,liquid_universe-2022-12-27-3479,2023-04-11,1574286.6,安勤,97.8,16097,False,3479
2023-04-11,liquid_universe-2023-02-14-2453,2023-04-11,2071348,凌群,66.4,31195,False,2453
2023-04-11,liquid_universe-2023-02-24-6556,2023-04-11,766840,勝品,152,5045,False,6556
2023-04-12,liquid_universe-2022-12-27-3479,2023-04-12,1582335.1,安勤,98.3,16097,False,3479
2023-04-12,liquid_universe-2023-02-14-2453,2023-04-12,2099423.5,凌群,67.3,31195,False,2453
2023-04-12,liquid_universe-2023-02-24-6556,2023-04-12,792065,勝品,157,5045,False,6556
2023-04-13,liquid_universe-2022-12-27-3479,2023-04-13,1609700,安勤,100,16097,False,3479
2023-04-13,liquid_universe-2023-02-14-2453,2023-04-13,2040153,凌群,65.4,31195,False,2453
2023-04-13,liquid_universe-2023-02-24-6556,2023-04-13,754227.5,勝品,149.5,5045,False,6556
2023-04-14,liquid_universe-2023-02-14-2453,2023-04-14,2242920.5,凌群,71.9,31195,False,2453
2023-04-14,liquid_universe-2023-02-24-6556,2023-04-14,764317.5,勝品,151.5,5045,False,6556
2023-04-17,liquid_universe-2023-02-14-2453,2023-04-17,2464405,凌群,79,31195,False,2453
2023-04-17,liquid_universe-2023-02-24-6556,2023-04-17,756750,勝品,150,5045,False,6556
2023-04-17,liquid_universe-2023-04-14-3693,2023-04-17,1877750,營邦,185,10150,False,3693
2023-04-18,liquid_universe-2023-02-14-2453,2023-04-18,2405134.5,凌群,77.1,31195,False,2453
2023-04-18,liquid_universe-2023-02-24-6556,2023-04-18,771885,勝品,153,5045,False,6556
2023-04-18,liquid_universe-2023-04-14-3693,2023-04-18,1974175,營邦,194.5,10150,False,3693
2023-04-19,liquid_universe-2023-02-14-2453,2023-04-19,2423851.5,凌群,77.7,31195,False,2453
2023-04-19,liquid_universe-2023-02-24-6556,2023-04-19,741615,勝品,147,5045,False,6556
2023-04-19,liquid_universe-2023-04-14-3693,2023-04-19,1984325,營邦,195.5,10150,False,3693
2023-04-20,liquid_universe-2023-02-14-2453,2023-04-20,2295952,凌群,73.6,31195,False,2453
2023-04-20,liquid_universe-2023-02-24-6556,2023-04-20,701255,勝品,139,5045,False,6556
2023-04-20,liquid_universe-2023-04-14-3693,2023-04-20,1964025,營邦,193.5,10150,False,3693
2023-04-21,liquid_universe-2023-02-14-2453,2023-04-21,2155574.5,凌群,69.1,31195,False,2453
2023-04-21,liquid_universe-2023-02-24-6556,2023-04-21,675226,勝品,134,5039,False,6556
2023-04-21,liquid_universe-2023-04-14-3693,2023-04-21,1994475,營邦,196.5,10150,False,3693
2023-04-24,liquid_universe-2023-02-14-2453,2023-04-24,2230442.5,凌群,71.5,31195,False,2453
2023-04-24,liquid_universe-2023-02-24-6556,2023-04-24,592116,勝品,147,4028,False,6556
2023-04-24,liquid_universe-2023-04-14-3693,2023-04-24,2192400,營邦,216,10150,False,3693
2023-04-25,liquid_universe-2023-02-14-2453,2023-04-25,2146216,凌群,68.8,31195,False,2453
2023-04-25,liquid_universe-2023-02-24-6556,2023-04-25,408000,勝品,136,3000,False,6556
2023-04-25,liquid_universe-2023-04-14-3693,2023-04-25,1974175,營邦,194.5,10150,False,3693
2023-04-26,liquid_universe-2023-02-14-2453,2023-04-26,2177411,凌群,69.8,31195,False,2453
2023-04-26,liquid_universe-2023-02-24-6556,2023-04-26,255000,勝品,127.5,2000,False,6556
2023-04-26,liquid_universe-2023-04-14-3693,2023-04-26,1811775,營邦,178.5,10150,False,3693
2023-04-27,liquid_universe-2023-02-14-2453,2023-04-27,2164933,凌群,69.4,31195,False,2453
2023-04-27,liquid_universe-2023-02-24-6556,2023-04-27,127500,勝品,127.5,1000,False,6556
2023-04-27,liquid_universe-2023-04-14-3693,2023-04-27,1761025,營邦,173.5,10150,False,3693
2023-04-28,liquid_universe-2023-02-14-2453,2023-04-28,2283474,凌群,73.2,31195,False,2453
2023-04-28,liquid_universe-2023-04-14-3693,2023-04-28,1811775,營邦,178.5,10150,False,3693
2023-05-02,liquid_universe-2023-02-14-2453,2023-05-02,2270996,凌群,72.8,31195,False,2453
2023-05-02,liquid_universe-2023-04-14-3693,2023-05-02,1887900,營邦,186,10150,False,3693
2023-05-02,liquid_universe-2023-04-28-6625,2023-05-02,1504500,必應,88.5,17000,False,6625
2023-05-03,liquid_universe-2023-02-14-2453,2023-05-03,2177411,凌群,69.8,31195,False,2453
2023-05-03,liquid_universe-2023-04-14-3693,2023-05-03,1877750,營邦,185,10150,False,3693
2023-05-03,liquid_universe-2023-04-28-6625,2023-05-03,1514700,必應,89.1,17000,False,6625
2023-05-04,liquid_universe-2023-02-14-2453,2023-05-04,2136857.5,凌群,68.5,31195,False,2453
2023-05-04,liquid_universe-2023-04-14-3693,2023-05-04,1908200,營邦,188,10150,False,3693
2023-05-04,liquid_universe-2023-04-28-6625,2023-05-04,1499400,必應,88.2,17000,False,6625
2023-05-05,liquid_universe-2023-02-14-2453,2023-05-05,2096304,凌群,67.2,31195,False,2453
2023-05-05,liquid_universe-2023-04-14-3693,2023-05-05,1827000,營邦,180,10150,False,3693
2023-05-05,liquid_universe-2023-04-28-6625,2023-05-05,1462000,必應,86,17000,False,6625
2023-05-08,liquid_universe-2023-02-14-2453,2023-05-08,2136857.5,凌群,68.5,31195,False,2453
2023-05-08,liquid_universe-2023-04-14-3693,2023-05-08,2009700,營邦,198,10150,False,3693
2023-05-08,liquid_universe-2023-04-28-6625,2023-05-08,1499400,必應,88.2,17000,False,6625
2023-05-09,liquid_universe-2023-02-14-2453,2023-05-09,2058870,凌群,66,31195,False,2453
2023-05-09,liquid_universe-2023-04-14-3693,2023-05-09,1811775,營邦,178.5,10150,False,3693
2023-05-09,liquid_universe-2023-04-28-6625,2023-05-09,1465400,必應,86.2,17000,False,6625
2023-05-10,liquid_universe-2023-02-14-2453,2023-05-10,2099423.5,凌群,67.3,31195,False,2453
2023-05-10,liquid_universe-2023-04-14-3693,2023-05-10,1786400,營邦,176,10150,False,3693
2023-05-10,liquid_universe-2023-04-28-6625,2023-05-10,1489200,必應,87.6,17000,False,6625
2023-05-11,liquid_universe-2023-02-14-2453,2023-05-11,2008958,凌群,64.4,31195,False,2453
2023-05-11,liquid_universe-2023-04-14-3693,2023-05-11,1730575,營邦,170.5,10150,False,3693
2023-05-11,liquid_universe-2023-04-28-6625,2023-05-11,1417800,必應,83.4,17000,False,6625
2023-05-12,liquid_universe-2023-02-14-2453,2023-05-12,2139977,凌群,68.6,31195,False,2453
2023-05-12,liquid_universe-2023-04-14-3693,2023-05-12,1867600,營邦,184,10150,False,3693
2023-05-12,liquid_universe-2023-04-28-6625,2023-05-12,1462000,必應,86,17000,False,6625
2023-05-15,liquid_universe-2023-02-14-2453,2023-05-15,2055750.5,凌群,65.9,31195,False,2453
2023-05-15,liquid_universe-2023-04-14-3693,2023-05-15,1776250,營邦,175,10150,False,3693
2023-05-15,liquid_universe-2023-04-28-6625,2023-05-15,1536800,必應,90.4,17000,False,6625
2023-05-16,liquid_universe-2023-02-14-2453,2023-05-16,2068228.5,凌群,66.3,31195,False,2453
2023-05-16,liquid_universe-2023-04-14-3693,2023-05-16,1913275,營邦,188.5,10150,False,3693
2023-05-17,liquid_universe-2023-02-14-2453,2023-05-17,2115021,凌群,67.8,31195,False,2453
2023-05-17,liquid_universe-2023-04-14-3693,2023-05-17,1948800,營邦,192,10150,False,3693
2023-05-17,liquid_universe-2023-05-16-2743,2023-05-17,1894830,山富,98,19335,False,2743
2023-05-18,liquid_universe-2023-02-14-2453,2023-05-18,2324027.5,凌群,74.5,31195,False,2453
2023-05-18,liquid_universe-2023-04-14-3693,2023-05-18,1943725,營邦,191.5,10150,False,3693
2023-05-18,liquid_universe-2023-05-16-2743,2023-05-18,2078512.5,山富,107.5,19335,False,2743
2023-05-19,liquid_universe-2023-02-14-2453,2023-05-19,2093184.5,凌群,67.1,31195,False,2453
2023-05-19,liquid_universe-2023-04-14-3693,2023-05-19,1984325,營邦,195.5,10150,False,3693
2023-05-19,liquid_universe-2023-05-16-2743,2023-05-19,2126850,山富,110,19335,False,2743
2023-05-22,liquid_universe-2023-02-14-2453,2023-05-22,2136857.5,凌群,68.5,31195,False,2453
2023-05-22,liquid_universe-2023-04-14-3693,2023-05-22,2004625,營邦,197.5,10150,False,3693
2023-05-22,liquid_universe-2023-05-16-2743,2023-05-22,2339535,山富,121,19335,False,2743
2023-05-23,liquid_universe-2023-02-14-2453,2023-05-23,7649.6,凌群,68.3,112,False,2453
2023-05-23,liquid_universe-2023-04-14-3693,2023-05-23,2019850,營邦,199,10150,False,3693
2023-05-23,liquid_universe-2023-05-16-2743,2023-05-23,2455545,山富,127,19335,False,2743
2023-05-24,liquid_universe-2023-02-14-2453,2023-05-24,2448,凌群,68,36,False,2453
2023-05-24,liquid_universe-2023-04-14-3693,2023-05-24,2050300,營邦,202,10150,False,3693
2023-05-24,liquid_universe-2023-05-16-2743,2023-05-24,2242860,山富,116,19335,False,2743
2023-05-24,liquid_universe-2023-05-23-2745,2023-05-24,501544,五福,71,7064,False,2745
2023-05-25,liquid_universe-2023-04-14-3693,2023-05-25,2253300,營邦,222,10150,False,3693
2023-05-25,liquid_universe-2023-05-16-2743,2023-05-25,2387872.5,山富,123.5,19335,False,2743
2023-05-25,liquid_universe-2023-05-23-2745,2023-05-25,515672,五福,73,7064,False,2745
2023-05-26,liquid_universe-2023-04-14-3693,2023-05-26,2136575,營邦,210.5,10150,False,3693
2023-05-26,liquid_universe-2023-05-16-2743,2023-05-26,2291197.5,山富,118.5,19335,False,2743
2023-05-26,liquid_universe-2023-05-23-2745,2023-05-26,481764.8,五福,68.2,7064,False,2745
2023-05-29,liquid_universe-2023-04-14-3693,2023-05-29,2182250,營邦,215,10150,False,3693
2023-05-29,liquid_universe-2023-05-16-2743,2023-05-29,2436210,山富,126,19335,False,2743
2023-05-29,liquid_universe-2023-05-23-2745,2023-05-29,494480,五福,70,7064,False,2745
2023-05-30,liquid_universe-2023-04-14-3693,2023-05-30,2172100,營邦,214,10150,False,3693
2023-05-30,liquid_universe-2023-05-16-2743,2023-05-30,2436210,山富,126,19335,False,2743
2023-05-30,liquid_universe-2023-05-23-2745,2023-05-30,498012,五福,70.5,7064,False,2745
2023-05-31,liquid_universe-2023-04-14-3693,2023-05-31,2248225,營邦,221.5,10150,False,3693
2023-05-31,liquid_universe-2023-05-16-2743,2023-05-31,2619892.5,山富,135.5,19335,False,2743
2023-05-31,liquid_universe-2023-05-23-2745,2023-05-31,529800,五福,75,7064,False,2745
2023-06-01,liquid_universe-2023-04-14-3693,2023-06-01,2324350,營邦,229,10150,False,3693
2023-06-01,liquid_universe-2023-05-16-2743,2023-06-01,2677897.5,山富,138.5,19335,False,2743
2023-06-01,liquid_universe-2023-05-23-2745,2023-06-01,535451.2,五福,75.8,7064,False,2745
2023-06-02,liquid_universe-2023-04-14-3693,2023-06-02,2248225,營邦,221.5,10150,False,3693
2023-06-02,liquid_universe-2023-05-16-2743,2023-06-02,2755237.5,山富,142.5,19335,False,2743
2023-06-02,liquid_universe-2023-05-23-2745,2023-06-02,561588,五福,79.5,7064,False,2745
2023-06-05,liquid_universe-2023-04-14-3693,2023-06-05,2334500,營邦,230,10150,False,3693
2023-06-05,liquid_universe-2023-05-16-2743,2023-06-05,2784240,山富,144,19335,False,2743
2023-06-05,liquid_universe-2023-05-23-2745,2023-06-05,575716,五福,81.5,7064,False,2745
2023-06-06,liquid_universe-2023-04-14-3693,2023-06-06,2329425,營邦,229.5,10150,False,3693
2023-06-06,liquid_universe-2023-05-16-2743,2023-06-06,2822910,山富,146,19335,False,2743
2023-06-06,liquid_universe-2023-05-23-2745,2023-06-06,632934.4,五福,89.6,7064,False,2745
2023-06-07,liquid_universe-2023-04-14-3693,2023-06-07,2491825,營邦,245.5,10150,False,3693
2023-06-07,liquid_universe-2023-05-16-2743,2023-06-07,3103267.5,山富,160.5,19335,False,2743
2023-06-07,liquid_universe-2023-05-23-2745,2023-06-07,695804,五福,98.5,7064,False,2745
2023-06-08,liquid_universe-2023-04-14-3693,2023-06-08,2446150,營邦,241,10150,False,3693
2023-06-08,liquid_universe-2023-05-16-2743,2023-06-08,3412627.5,山富,176.5,19335,False,2743
2023-06-08,liquid_universe-2023-05-23-2745,2023-06-08,762912,五福,108,7064,False,2745
2023-06-09,liquid_universe-2023-04-14-3693,2023-06-09,2517200,營邦,248,10150,False,3693
2023-06-09,liquid_universe-2023-05-16-2743,2023-06-09,3141937.5,山富,162.5,19335,False,2743
2023-06-09,liquid_universe-2023-05-23-2745,2023-06-09,745252,五福,105.5,7064,False,2745
2023-06-12,liquid_universe-2023-04-14-3693,2023-06-12,2476600,營邦,244,10150,False,3693
2023-06-12,liquid_universe-2023-05-16-2743,2023-06-12,2938920,山富,152,19335,False,2743
2023-06-12,liquid_universe-2023-05-23-2745,2023-06-12,671080,五福,95,7064,False,2745
2023-06-13,liquid_universe-2023-04-14-3693,2023-06-13,2491825,營邦,245.5,10150,False,3693
2023-06-13,liquid_universe-2023-05-16-2743,2023-06-13,3228945,山富,167,19335,False,2743
2023-06-13,liquid_universe-2023-05-23-2745,2023-06-13,738188,五福,104.5,7064,False,2745
2023-06-14,liquid_universe-2023-04-14-3693,2023-06-14,2496900,營邦,246,10150,False,3693
2023-06-14,liquid_universe-2023-05-16-2743,2023-06-14,3209610,山富,166,19335,False,2743
2023-06-14,liquid_universe-2023-05-23-2745,2023-06-14,716996,五福,101.5,7064,False,2745
2023-06-15,liquid_universe-2023-04-14-3693,2023-06-15,2694825,營邦,265.5,10150,False,3693
2023-06-15,liquid_universe-2023-05-16-2743,2023-06-15,3132270,山富,162,19335,False,2743
2023-06-15,liquid_universe-2023-05-23-2745,2023-06-15,720528,五福,102,7064,False,2745
2023-06-16,liquid_universe-2023-04-14-3693,2023-06-16,2963800,營邦,292,10150,False,3693
2023-06-16,liquid_universe-2023-05-16-2743,2023-06-16,3083932.5,山富,159.5,19335,False,2743
2023-06-16,liquid_universe-2023-05-23-2745,2023-06-16,713464,五福,101,7064,False,2745
2023-06-19,liquid_universe-2023-04-14-3693,2023-06-19,3116050,營邦,307,10150,False,3693
2023-06-19,liquid_universe-2023-05-16-2743,2023-06-19,3151605,山富,163,19335,False,2743
2023-06-19,liquid_universe-2023-05-23-2745,2023-06-19,748784,五福,106,7064,False,2745
2023-06-20,liquid_universe-2023-04-14-3693,2023-06-20,3425625,營邦,337.5,10150,False,3693
2023-06-20,liquid_universe-2023-05-16-2743,2023-06-20,3151605,山富,163,19335,False,2743
2023-06-20,liquid_universe-2023-05-23-2745,2023-06-20,762912,五福,108,7064,False,2745
2023-06-21,liquid_universe-2023-04-14-3693,2023-06-21,3379950,營邦,333,10150,False,3693
2023-06-21,liquid_universe-2023-05-16-2743,2023-06-21,3170940,山富,164,19335,False,2743
2023-06-21,liquid_universe-2023-05-23-2745,2023-06-21,798232,五福,113,7064,False,2745
2023-06-26,liquid_universe-2023-04-14-3693,2023-06-26,3095750,營邦,305,10150,False,3693
2023-06-26,liquid_universe-2023-05-16-2743,2023-06-26,3257947.5,山富,168.5,19335,False,2743
2023-06-26,liquid_universe-2023-05-23-2745,2023-06-26,784104,五福,111,7064,False,2745
2023-06-27,liquid_universe-2023-04-14-3693,2023-06-27,2984100,營邦,294,10150,False,3693
2023-06-27,liquid_universe-2023-05-16-2743,2023-06-27,3093600,山富,160,19335,False,2743
2023-06-27,liquid_universe-2023-05-23-2745,2023-06-27,741720,五福,105,7064,False,2745
2023-06-28,liquid_universe-2023-04-14-3693,2023-06-28,2984100,營邦,294,10150,False,3693
2023-06-28,liquid_universe-2023-05-16-2743,2023-06-28,3277282.5,山富,169.5,19335,False,2743
2023-06-28,liquid_universe-2023-05-23-2745,2023-06-28,815892,五福,115.5,7064,False,2745
2023-06-29,liquid_universe-2023-04-14-3693,2023-06-29,3187100,營邦,314,10150,False,3693
2023-06-29,liquid_universe-2023-05-16-2743,2023-06-29,3344955,山富,173,19335,False,2743
2023-06-29,liquid_universe-2023-05-23-2745,2023-06-29,798232,五福,113,7064,False,2745
2023-06-30,liquid_universe-2023-04-14-3693,2023-06-30,3308900,營邦,326,10150,False,3693
2023-06-30,liquid_universe-2023-05-16-2743,2023-06-30,3402960,山富,176,19335,False,2743
2023-06-30,liquid_universe-2023-05-23-2745,2023-06-30,784104,五福,111,7064,False,2745
2023-07-03,liquid_universe-2023-04-14-3693,2023-07-03,3374875,營邦,332.5,10150,False,3693
2023-07-03,liquid_universe-2023-05-16-2743,2023-07-03,3518970,山富,182,19335,False,2743
2023-07-03,liquid_universe-2023-05-23-2745,2023-07-03,766444,五福,108.5,7064,False,2745
2023-07-04,liquid_universe-2023-04-14-3693,2023-07-04,3445925,營邦,339.5,10150,False,3693
2023-07-04,liquid_universe-2023-05-16-2743,2023-07-04,3344955,山富,173,19335,False,2743
2023-07-04,liquid_universe-2023-05-23-2745,2023-07-04,709932,五福,100.5,7064,False,2745
2023-07-05,liquid_universe-2023-04-14-3693,2023-07-05,3532200,營邦,348,10150,False,3693
2023-07-05,liquid_universe-2023-05-16-2743,2023-07-05,3335287.5,山富,172.5,19335,False,2743
2023-07-05,liquid_universe-2023-05-23-2745,2023-07-05,724060,五福,102.5,7064,False,2745
2023-07-06,liquid_universe-2023-04-14-3693,2023-07-06,3369800,營邦,332,10150,False,3693
2023-07-06,liquid_universe-2023-05-16-2743,2023-07-06,3006592.5,山富,155.5,19335,False,2743
2023-07-06,liquid_universe-2023-05-23-2745,2023-07-06,657658.4,五福,93.1,7064,False,2745
2023-07-07,liquid_universe-2023-04-14-3693,2023-07-07,3522050,營邦,347,10150,False,3693
2023-07-07,liquid_universe-2023-05-16-2743,2023-07-07,3170940,山富,164,19335,False,2743
2023-07-07,liquid_universe-2023-05-23-2745,2023-07-07,703574.4,五福,99.6,7064,False,2745
2023-07-10,liquid_universe-2023-04-14-3693,2023-07-10,3430700,營邦,338,10150,False,3693
2023-07-10,liquid_universe-2023-05-16-2743,2023-07-10,3112935,山富,161,19335,False,2743
2023-07-10,liquid_universe-2023-05-23-2745,2023-07-10,713464,五福,101,7064,False,2745
2023-07-11,liquid_universe-2023-04-14-3693,2023-07-11,3466225,營邦,341.5,10150,False,3693
2023-07-11,liquid_universe-2023-05-16-2743,2023-07-11,2929252.5,山富,151.5,19335,False,2743
2023-07-11,liquid_universe-2023-05-23-2745,2023-07-11,720528,五福,102,7064,False,2745
2023-07-12,liquid_universe-2023-04-14-3693,2023-07-12,3811325,營邦,375.5,10150,False,3693
2023-07-12,liquid_universe-2023-05-16-2743,2023-07-12,2639227.5,山富,136.5,19335,False,2743
2023-07-12,liquid_universe-2023-05-23-2745,2023-07-12,662603.2,五福,93.8,7064,False,2745
2023-07-13,liquid_universe-2023-04-14-3693,2023-07-13,3430700,營邦,338,10150,False,3693
2023-07-13,liquid_universe-2023-05-16-2743,2023-07-13,2445877.5,山富,126.5,19335,False,2743
2023-07-13,liquid_universe-2023-05-23-2745,2023-07-13,619512.8,五福,87.7,7064,False,2745
2023-07-14,liquid_universe-2023-04-14-3693,2023-07-14,3440850,營邦,339,10150,False,3693
2023-07-14,liquid_universe-2023-05-16-2743,2023-07-14,2474880,山富,128,19335,False,2743
2023-07-14,liquid_universe-2023-05-23-2745,2023-07-14,639292,五福,90.5,7064,False,2745
2023-07-17,liquid_universe-2023-04-14-3693,2023-07-17,3471300,營邦,342,10150,False,3693
2023-07-17,liquid_universe-2023-05-16-2743,2023-07-17,2474880,山富,128,19335,False,2743
2023-07-17,liquid_universe-2023-05-23-2745,2023-07-17,599733.6,五福,84.9,7064,False,2745
2023-07-18,liquid_universe-2023-05-16-2743,2023-07-18,2378205,山富,123,19335,False,2743
2023-07-18,liquid_universe-2023-05-23-2745,2023-07-18,554524,五福,78.5,7064,False,2745
2023-07-19,liquid_universe-2023-05-16-2743,2023-07-19,2358870,山富,122,19335,False,2743
2023-07-19,liquid_universe-2023-05-23-2745,2023-07-19,550992,五福,78,7064,False,2745
2023-07-19,liquid_universe-2023-07-18-2059,2023-07-19,2136340,川湖,958,2230,False,2059
2023-07-20,liquid_universe-2023-05-16-2743,2023-07-20,2561887.5,山富,132.5,19335,False,2743
2023-07-20,liquid_universe-2023-05-23-2745,2023-07-20,606091.2,五福,85.8,7064,False,2745
2023-07-20,liquid_universe-2023-07-18-2059,2023-07-20,2111810,川湖,947,2230,False,2059
2023-07-21,liquid_universe-2023-05-16-2743,2023-07-21,2465212.5,山富,127.5,19335,False,2743
2023-07-21,liquid_universe-2023-05-23-2745,2023-07-21,607504,五福,86,7064,False,2745
2023-07-21,liquid_universe-2023-07-18-2059,2023-07-21,2098430,川湖,941,2230,False,2059
2023-07-24,liquid_universe-2023-05-16-2743,2023-07-24,2397540,山富,124,19335,False,2743
2023-07-24,liquid_universe-2023-05-23-2745,2023-07-24,565120,五福,80,7064,False,2745
2023-07-24,liquid_universe-2023-07-18-2059,2023-07-24,2209930,川湖,991,2230,False,2059
2023-07-25,liquid_universe-2023-05-16-2743,2023-07-25,2474880,山富,128,19335,False,2743
2023-07-25,liquid_universe-2023-05-23-2745,2023-07-25,581367.2,五福,82.3,7064,False,2745
2023-07-25,liquid_universe-2023-07-18-2059,2023-07-25,2263450,川湖,1015,2230,False,2059
2023-07-26,liquid_universe-2023-05-16-2743,2023-07-26,2590890,山富,134,19335,False,2743
2023-07-26,liquid_universe-2023-05-23-2745,2023-07-26,604678.4,五福,85.6,7064,False,2745
2023-07-26,liquid_universe-2023-07-18-2059,2023-07-26,2102890,川湖,943,2230,False,2059
2023-07-27,liquid_universe-2023-05-16-2743,2023-07-27,2745570,山富,142,19335,False,2743
2023-07-27,liquid_universe-2023-05-23-2745,2023-07-27,636466.4,五福,90.1,7064,False,2745
2023-07-27,liquid_universe-2023-07-18-2059,2023-07-27,2100660,川湖,942,2230,False,2059
2023-07-28,liquid_universe-2023-05-16-2743,2023-07-28,3016260,山富,156,19335,False,2743
2023-07-28,liquid_universe-2023-05-23-2745,2023-07-28,699336,五福,99,7064,False,2745
2023-07-28,liquid_universe-2023-07-18-2059,2023-07-28,2089510,川湖,937,2230,False,2059
2023-07-31,liquid_universe-2023-05-16-2743,2023-07-31,2716567.5,山富,140.5,19335,False,2743
2023-07-31,liquid_universe-2023-05-23-2745,2023-07-31,629402.4,五福,89.1,7064,False,2745
2023-07-31,liquid_universe-2023-07-18-2059,2023-07-31,2022610,川湖,907,2230,False,2059
2023-08-01,liquid_universe-2023-05-16-2743,2023-08-01,2658562.5,山富,137.5,19335,False,2743
2023-08-01,liquid_universe-2023-05-23-2745,2023-08-01,615274.4,五福,87.1,7064,False,2745
2023-08-01,liquid_universe-2023-07-18-2059,2023-08-01,1962400,川湖,880,2230,False,2059
2023-08-02,liquid_universe-2023-05-16-2743,2023-08-02,2610225,山富,135,19335,False,2743
2023-08-02,liquid_universe-2023-05-23-2745,2023-08-02,607504,五福,86,7064,False,2745
2023-08-02,liquid_universe-2023-07-18-2059,2023-08-02,1833060,川湖,822,2230,False,2059
2023-08-04,liquid_universe-2023-05-16-2743,2023-08-04,2697232.5,山富,139.5,19335,False,2743
2023-08-04,liquid_universe-2023-05-23-2745,2023-08-04,622338.4,五福,88.1,7064,False,2745
2023-08-04,liquid_universe-2023-07-18-2059,2023-08-04,44118,川湖,817,54,False,2059
2023-08-07,liquid_universe-2023-05-16-2743,2023-08-07,2726235,山富,141,19335,False,2743
2023-08-07,liquid_universe-2023-05-23-2745,2023-08-07,630815.2,五福,89.3,7064,False,2745
2023-08-07,liquid_universe-2023-08-04-6170,2023-08-07,540456.95,統振,48.95,11041,False,6170
2023-08-08,liquid_universe-2023-05-16-2743,2023-08-08,2842245,山富,147,19335,False,2743
2023-08-08,liquid_universe-2023-05-23-2745,2023-08-08,642117.6,五福,90.9,7064,False,2745
2023-08-08,liquid_universe-2023-08-04-6170,2023-08-08,518374.95,統振,46.95,11041,False,6170
2023-08-09,liquid_universe-2023-05-16-2743,2023-08-09,2668230,山富,138,19335,False,2743
2023-08-09,liquid_universe-2023-05-23-2745,2023-08-09,614568,五福,87,7064,False,2745
2023-08-09,liquid_universe-2023-08-04-6170,2023-08-09,537144.65,統振,48.65,11041,False,6170
2023-08-10,liquid_universe-2023-05-16-2743,2023-08-10,2416875,山富,125,19335,False,2743
2023-08-10,liquid_universe-2023-05-23-2745,2023-08-10,575716,五福,81.5,7064,False,2745
2023-08-10,liquid_universe-2023-08-04-6170,2023-08-10,532176.2,統振,48.2,11041,False,6170
2023-08-11,liquid_universe-2023-05-16-2743,2023-08-11,2426542.5,山富,125.5,19335,False,2743
2023-08-11,liquid_universe-2023-05-23-2745,2023-08-11,599733.6,五福,84.9,7064,False,2745
2023-08-11,liquid_universe-2023-08-04-6170,2023-08-11,529968,統振,48,11041,False,6170
2023-08-14,liquid_universe-2023-05-16-2743,2023-08-14,2184855,山富,113,19335,False,2743
2023-08-14,liquid_universe-2023-05-23-2745,2023-08-14,604678.4,五福,85.6,7064,False,2745
2023-08-14,liquid_universe-2023-08-04-6170,2023-08-14,533280.3,統振,48.3,11041,False,6170
2023-08-15,liquid_universe-2023-05-16-2743,2023-08-15,2049510,山富,106,19335,False,2743
2023-08-15,liquid_universe-2023-05-23-2745,2023-08-15,595495.2,五福,84.3,7064,False,2745
2023-08-15,liquid_universe-2023-08-04-6170,2023-08-15,554258.2,統振,50.2,11041,False,6170
2023-08-16,liquid_universe-2023-05-16-2743,2023-08-16,2049510,山富,106,19335,False,2743
2023-08-16,liquid_universe-2023-05-23-2745,2023-08-16,563707.2,五福,79.8,7064,False,2745
2023-08-16,liquid_universe-2023-08-04-6170,2023-08-16,550945.9,統振,49.9,11041,False,6170
2023-08-17,liquid_universe-2023-05-16-2743,2023-08-17,1757545,山富,115,15283,False,2743
2023-08-17,liquid_universe-2023-05-23-2745,2023-08-17,602559.2,五福,85.3,7064,False,2745
2023-08-17,liquid_universe-2023-08-04-6170,2023-08-17,547633.6,統振,49.6,11041,False,6170
2023-08-18,liquid_universe-2023-05-16-2743,2023-08-18,1597792,山富,112,14266,False,2743
2023-08-18,liquid_universe-2023-05-23-2745,2023-08-18,564413.6,五福,79.9,7064,False,2745
2023-08-18,liquid_universe-2023-08-04-6170,2023-08-18,554258.2,統振,50.2,11041,False,6170
2023-08-21,liquid_universe-2023-05-16-2743,2023-08-21,1504442.5,山富,113.5,13255,False,2743
2023-08-21,liquid_universe-2023-05-23-2745,2023-08-21,552404.8,五福,78.2,7064,False,2745
2023-08-22,liquid_universe-2023-05-16-2743,2023-08-22,1401594.5,山富,114.5,12241,False,2743
2023-08-22,liquid_universe-2023-05-23-2745,2023-08-22,524855.2,五福,74.3,7064,False,2745
2023-08-22,liquid_universe-2023-08-21-3051,2023-08-22,2413725.45,力特,36.55,66039,False,3051
2023-08-23,liquid_universe-2023-05-16-2743,2023-08-23,1246108,山富,122,10214,False,2743
2023-08-23,liquid_universe-2023-05-23-2745,2023-08-23,538983.2,五福,76.3,7064,False,2745
2023-08-23,liquid_universe-2023-08-21-3051,2023-08-23,2172683.1,力特,32.9,66039,False,3051
2023-08-24,liquid_universe-2023-05-16-2743,2023-08-24,1112474,山富,121,9194,False,2743
2023-08-24,liquid_universe-2023-05-23-2745,2023-08-24,151619.6,五福,74.8,2027,False,2745
2023-08-24,liquid_universe-2023-08-21-3051,2023-08-24,1958056.35,力特,29.65,66039,False,3051
2023-08-25,liquid_universe-2023-05-16-2743,2023-08-25,5500,山富,125,44,False,2743
2023-08-25,liquid_universe-2023-08-21-3051,2023-08-25,1763241.3,力特,26.7,66039,False,3051
2023-08-28,liquid_universe-2023-08-25-6418,2023-08-28,625247,詠昇,24.95,25060,False,6418
2023-08-28,liquid_universe-2023-08-25-3308,2023-08-28,2182710,聯德,62,35205,False,3308
2023-08-29,liquid_universe-2023-08-25-6418,2023-08-29,607705,詠昇,24.25,25060,False,6418
2023-08-29,liquid_universe-2023-08-25-3308,2023-08-29,2126382,聯德,60.4,35205,False,3308
2023-08-29,liquid_universe-2023-08-28-6829,2023-08-29,1876012.5,千附精密,142.5,13165,False,6829
2023-08-30,liquid_universe-2023-08-25-6418,2023-08-30,606452,詠昇,24.2,25060,False,6418
2023-08-30,liquid_universe-2023-08-25-3308,2023-08-30,2143984.5,聯德,60.9,35205,False,3308
2023-08-30,liquid_universe-2023-08-28-6829,2023-08-30,1974750,千附精密,150,13165,False,6829
2023-08-31,liquid_universe-2023-08-25-6418,2023-08-31,611464,詠昇,24.4,25060,False,6418
2023-08-31,liquid_universe-2023-08-25-3308,2023-08-31,2217915,聯德,63,35205,False,3308
2023-08-31,liquid_universe-2023-08-28-6829,2023-08-31,2001080,千附精密,152,13165,False,6829
2023-09-01,liquid_universe-2023-08-25-6418,2023-09-01,616476,詠昇,24.6,25060,False,6418
2023-09-01,liquid_universe-2023-08-25-3308,2023-09-01,2235517.5,聯德,63.5,35205,False,3308
2023-09-01,liquid_universe-2023-08-28-6829,2023-09-01,2027410,千附精密,154,13165,False,6829
2023-09-04,liquid_universe-2023-08-25-6418,2023-09-04,651560,詠昇,26,25060,False,6418
2023-09-04,liquid_universe-2023-08-25-3308,2023-09-04,2179189.5,聯德,61.9,35205,False,3308
2023-09-04,liquid_universe-2023-08-28-6829,2023-09-04,1987915,千附精密,151,13165,False,6829
2023-09-05,liquid_universe-2023-08-25-6418,2023-09-05,646548,詠昇,25.8,25060,False,6418
2023-09-05,liquid_universe-2023-08-25-3308,2023-09-05,2196792,聯德,62.4,35205,False,3308
2023-09-05,liquid_universe-2023-08-28-6829,2023-09-05,1882595,千附精密,143,13165,False,6829
2023-09-06,liquid_universe-2023-08-25-6418,2023-09-06,639030,詠昇,25.5,25060,False,6418
2023-09-06,liquid_universe-2023-08-25-3308,2023-09-06,2161587,聯德,61.4,35205,False,3308
2023-09-06,liquid_universe-2023-08-28-6829,2023-09-06,1869430,千附精密,142,13165,False,6829
2023-09-07,liquid_universe-2023-08-25-6418,2023-09-07,627753,詠昇,25.05,25060,False,6418
2023-09-07,liquid_universe-2023-08-25-3308,2023-09-07,2165107.5,聯德,61.5,35205,False,3308
2023-09-07,liquid_universe-2023-08-28-6829,2023-09-07,1836517.5,千附精密,139.5,13165,False,6829
2023-09-08,liquid_universe-2023-08-25-6418,2023-09-08,573874,詠昇,22.9,25060,False,6418
2023-09-08,liquid_universe-2023-08-25-3308,2023-09-08,2059492.5,聯德,58.5,35205,False,3308
2023-09-08,liquid_universe-2023-08-28-6829,2023-09-08,1843100,千附精密,140,13165,False,6829
2023-09-11,liquid_universe-2023-08-25-6418,2023-09-11,329073.85,詠昇,23.45,14033,False,6418
2023-09-11,liquid_universe-2023-08-25-3308,2023-09-11,64806.3,聯德,57.3,1131,False,3308
2023-09-11,liquid_universe-2023-08-28-6829,2023-09-11,1731197.5,千附精密,131.5,13165,False,6829
2023-09-12,liquid_universe-2023-08-25-6418,2023-09-12,185825.05,詠昇,23.15,8027,False,6418
2023-09-12,liquid_universe-2023-08-25-3308,2023-09-12,2825,聯德,56.5,50,False,3308
2023-09-12,liquid_universe-2023-08-28-6829,2023-09-12,1711450,千附精密,130,13165,False,6829
2023-09-13,liquid_universe-2023-08-25-6418,2023-09-13,451.25,詠昇,23.75,19,False,6418
2023-09-13,liquid_universe-2023-08-28-6829,2023-09-13,1718032.5,千附精密,130.5,13165,False,6829
2023-09-13,liquid_universe-2023-09-12-8086,2023-09-13,1918208,宏捷科,118,16256,False,8086
2023-09-14,liquid_universe-2023-08-25-6418,2023-09-14,357,詠昇,23.8,15,False,6418
2023-09-14,liquid_universe-2023-08-28-6829,2023-09-14,1704867.5,千附精密,129.5,13165,False,6829
2023-09-14,liquid_universe-2023-09-12-8086,2023-09-14,1918208,宏捷科,118,16256,False,8086
2023-09-14,liquid_universe-2023-09-13-8068,2023-09-14,631400,全達,45.1,14000,False,8068
2023-09-15,liquid_universe-2023-08-25-6418,2023-09-15,165.55,詠昇,23.65,7,False,6418
2023-09-15,liquid_universe-2023-08-28-6829,2023-09-15,1612712.5,千附精密,122.5,13165,False,6829
2023-09-15,liquid_universe-2023-09-12-8086,2023-09-15,1901952,宏捷科,117,16256,False,8086
2023-09-15,liquid_universe-2023-09-13-8068,2023-09-15,597800,全達,42.7,14000,False,8068
2023-09-18,liquid_universe-2023-08-28-6829,2023-09-18,2808,千附精密,117,24,False,6829
2023-09-18,liquid_universe-2023-09-12-8086,2023-09-18,1934464,宏捷科,119,16256,False,8086
2023-09-18,liquid_universe-2023-09-13-8068,2023-09-18,599200,全達,42.8,14000,False,8068
2023-09-19,liquid_universe-2023-09-12-8086,2023-09-19,1845056,宏捷科,113.5,16256,False,8086
2023-09-19,liquid_universe-2023-09-13-8068,2023-09-19,599900,全達,42.85,14000,False,8068
2023-09-19,liquid_universe-2023-09-18-5321,2023-09-19,1312396,美而快,118,11122,False,5321
2023-09-20,liquid_universe-2023-09-12-8086,2023-09-20,1828800,宏捷科,112.5,16256,False,8086
2023-09-20,liquid_universe-2023-09-13-8068,2023-09-20,659400,全達,47.1,14000,False,8068
2023-09-20,liquid_universe-2023-09-18-5321,2023-09-20,1312396,美而快,118,11122,False,5321
2023-09-21,liquid_universe-2023-09-12-8086,2023-09-21,1796288,宏捷科,110.5,16256,False,8086
2023-09-21,liquid_universe-2023-09-13-8068,2023-09-21,627900,全達,44.85,14000,False,8068
2023-09-21,liquid_universe-2023-09-18-5321,2023-09-21,1334640,美而快,120,11122,False,5321
2023-09-22,liquid_universe-2023-09-12-8086,2023-09-22,1812544,宏捷科,111.5,16256,False,8086
2023-09-22,liquid_universe-2023-09-13-8068,2023-09-22,638400,全達,45.6,14000,False,8068
2023-09-22,liquid_universe-2023-09-18-5321,2023-09-22,1373567,美而快,123.5,11122,False,5321
2023-09-25,liquid_universe-2023-09-12-8086,2023-09-25,1804416,宏捷科,111,16256,False,8086
2023-09-25,liquid_universe-2023-09-13-8068,2023-09-25,618100,全達,44.15,14000,False,8068
2023-09-25,liquid_universe-2023-09-18-5321,2023-09-25,1423616,美而快,128,11122,False,5321
2023-09-26,liquid_universe-2023-09-12-8086,2023-09-26,1763776,宏捷科,108.5,16256,False,8086
2023-09-26,liquid_universe-2023-09-13-8068,2023-09-26,578200,全達,41.3,14000,False,8068
2023-09-26,liquid_universe-2023-09-18-5321,2023-09-26,1445860,美而快,130,11122,False,5321
2023-09-27,liquid_universe-2023-09-12-8086,2023-09-27,447012,宏捷科,108,4139,False,8086
2023-09-27,liquid_universe-2023-09-13-8068,2023-09-27,554400,全達,39.6,14000,False,8068
2023-09-27,liquid_universe-2023-09-18-5321,2023-09-27,1445860,美而快,130,11122,False,5321
2023-09-28,liquid_universe-2023-09-12-8086,2023-09-28,6127.5,宏捷科,107.5,57,False,8086
2023-09-28,liquid_universe-2023-09-18-5321,2023-09-28,1368006,美而快,123,11122,False,5321
2023-10-02,liquid_universe-2023-09-18-5321,2023-10-02,1273469,美而快,114.5,11122,False,5321
2023-10-03,liquid_universe-2023-09-18-5321,2023-10-03,1284591,美而快,115.5,11122,False,5321
2023-10-03,liquid_universe-2023-10-02-3450,2023-10-03,1874624,聯鈞,64,29291,False,3450
2023-10-03,liquid_universe-2023-10-02-3032,2023-10-03,1869467.6,偉訓,81.2,23023,False,3032
2023-10-04,liquid_universe-2023-09-18-5321,2023-10-04,1279030,美而快,115,11122,False,5321
2023-10-04,liquid_universe-2023-10-02-3450,2023-10-04,1836545.7,聯鈞,62.7,29291,False,3450
2023-10-04,liquid_universe-2023-10-02-3032,2023-10-04,1830328.5,偉訓,79.5,23023,False,3032
2023-10-05,liquid_universe-2023-09-18-5321,2023-10-05,1195615,美而快,107.5,11122,False,5321
2023-10-05,liquid_universe-2023-10-02-3450,2023-10-05,1851191.2,聯鈞,63.2,29291,False,3450
2023-10-05,liquid_universe-2023-10-02-3032,2023-10-05,1742841.1,偉訓,75.7,23023,False,3032
2023-10-06,liquid_universe-2023-09-18-5321,2023-10-06,1156688,美而快,104,11122,False,5321
2023-10-06,liquid_universe-2023-10-02-3450,2023-10-06,1839474.8,聯鈞,62.8,29291,False,3450
2023-10-06,liquid_universe-2023-10-02-3032,2023-10-06,1733631.9,偉訓,75.3,23023,False,3032
2023-10-11,liquid_universe-2023-09-18-5321,2023-10-11,1067712,美而快,96,11122,False,5321
2023-10-11,liquid_universe-2023-10-02-3450,2023-10-11,1807254.7,聯鈞,61.7,29291,False,3450
2023-10-11,liquid_universe-2023-10-02-3032,2023-10-11,1634633,偉訓,71,23023,False,3032
2023-10-12,liquid_universe-2023-10-02-3450,2023-10-12,1804325.6,聯鈞,61.6,29291,False,3450
2023-10-13,liquid_universe-2023-10-02-3450,2023-10-13,1786751,聯鈞,61,29291,False,3450
2023-10-13,liquid_universe-2023-10-12-3276,2023-10-13,1298724.05,宇環,24.05,54001,False,3276
2023-10-13,liquid_universe-2023-10-12-6684,2023-10-13,1077832,安格,66.5,16208,False,6684
2023-10-16,liquid_universe-2023-10-02-3450,2023-10-16,1745743.6,聯鈞,59.6,29291,False,3450
2023-10-16,liquid_universe-2023-10-12-3276,2023-10-16,1304124.15,宇環,24.15,54001,False,3276
2023-10-16,liquid_universe-2023-10-12-6684,2023-10-16,1029208,安格,63.5,16208,False,6684
2023-10-17,liquid_universe-2023-10-02-3450,2023-10-17,1722310.8,聯鈞,58.8,29291,False,3450
2023-10-17,liquid_universe-2023-10-12-3276,2023-10-17,1404026,宇環,26,54001,False,3276
2023-10-17,liquid_universe-2023-10-12-6684,2023-10-17,1016241.6,安格,62.7,16208,False,6684
2023-10-18,liquid_universe-2023-10-02-3450,2023-10-18,1669587,聯鈞,57,29291,False,3450
2023-10-18,liquid_universe-2023-10-12-3276,2023-10-18,1336524.75,宇環,24.75,54001,False,3276
2023-10-18,liquid_universe-2023-10-12-6684,2023-10-18,978963.2,安格,60.4,16208,False,6684
2023-10-19,liquid_universe-2023-10-02-3450,2023-10-19,9048.2,聯鈞,56.2,161,False,3450
2023-10-19,liquid_universe-2023-10-12-3276,2023-10-19,1206922.35,宇環,22.35,54001,False,3276
2023-10-19,liquid_universe-2023-10-12-6684,2023-10-19,1006516.8,安格,62.1,16208,False,6684
2023-10-20,liquid_universe-2023-10-02-3450,2023-10-20,1443,聯鈞,55.5,26,False,3450
2023-10-20,liquid_universe-2023-10-12-3276,2023-10-20,1260923.35,宇環,23.35,54001,False,3276
2023-10-20,liquid_universe-2023-10-12-6684,2023-10-20,1050278.4,安格,64.8,16208,False,6684
2023-10-20,liquid_universe-2023-10-19-6530,2023-10-20,1551149.6,創威,57.2,27118,False,6530
2023-10-23,liquid_universe-2023-10-12-3276,2023-10-23,1220422.6,宇環,22.6,54001,False,3276
2023-10-23,liquid_universe-2023-10-12-6684,2023-10-23,988688,安格,61,16208,False,6684
2023-10-23,liquid_universe-2023-10-19-6530,2023-10-23,1410136,創威,52,27118,False,6530
2023-10-24,liquid_universe-2023-10-12-3276,2023-10-24,1212322.45,宇環,22.45,54001,False,3276
2023-10-24,liquid_universe-2023-10-12-6684,2023-10-24,1014620.8,安格,62.6,16208,False,6684
2023-10-24,liquid_universe-2023-10-19-6530,2023-10-24,1545726,創威,57,27118,False,6530
2023-10-25,liquid_universe-2023-10-12-3276,2023-10-25,1188022,宇環,22,54001,False,3276
2023-10-25,liquid_universe-2023-10-12-6684,2023-10-25,1115110.4,安格,68.8,16208,False,6684
2023-10-25,liquid_universe-2023-10-19-6530,2023-10-25,1494201.8,創威,55.1,27118,False,6530
2023-10-26,liquid_universe-2023-10-12-3276,2023-10-26,1306824.2,宇環,24.2,54001,False,3276
2023-10-26,liquid_universe-2023-10-12-6684,2023-10-26,1055140.8,安格,65.1,16208,False,6684
2023-10-26,liquid_universe-2023-10-19-6530,2023-10-26,1453524.8,創威,53.6,27118,False,6530
2023-10-27,liquid_universe-2023-10-12-3276,2023-10-27,1360825.2,宇環,25.2,54001,False,3276
2023-10-27,liquid_universe-2023-10-12-6684,2023-10-27,6324.4,安格,65.2,97,False,6684
2023-10-27,liquid_universe-2023-10-19-6530,2023-10-27,1410136,創威,52,27118,False,6530
2023-10-30,liquid_universe-2023-10-12-3276,2023-10-30,1290623.9,宇環,23.9,54001,False,3276
2023-10-30,liquid_universe-2023-10-12-6684,2023-10-30,2112,安格,64,33,False,6684
2023-10-30,liquid_universe-2023-10-19-6530,2023-10-30,1380306.2,創威,50.9,27118,False,6530
2023-10-31,liquid_universe-2023-10-12-3276,2023-10-31,1193422.1,宇環,22.1,54001,False,3276
2023-10-31,liquid_universe-2023-10-19-6530,2023-10-31,1307087.6,創威,48.2,27118,False,6530
2023-11-01,liquid_universe-2023-10-12-3276,2023-11-01,1206922.35,宇環,22.35,54001,False,3276
2023-11-01,liquid_universe-2023-10-19-6530,2023-11-01,826214.5,創威,51.5,16043,False,6530
2023-11-02,liquid_universe-2023-10-12-3276,2023-11-02,1239322.95,宇環,22.95,54001,False,3276
2023-11-02,liquid_universe-2023-10-19-6530,2023-11-02,209600,創威,52.4,4000,False,6530
2023-11-03,liquid_universe-2023-10-12-3276,2023-11-03,1201522.25,宇環,22.25,54001,False,3276
2023-11-06,liquid_universe-2023-10-12-3276,2023-11-06,1242023,宇環,23,54001,False,3276
2023-11-06,liquid_universe-2023-11-03-3176,2023-11-06,1170895,基亞,61,19195,False,3176
2023-11-06,liquid_universe-2023-11-03-5439,2023-11-06,1495602.5,高技,122.5,12209,False,5439
2023-11-07,liquid_universe-2023-10-12-3276,2023-11-07,1239322.95,宇環,22.95,54001,False,3276
2023-11-07,liquid_universe-2023-11-03-3176,2023-11-07,1170895,基亞,61,19195,False,3176
2023-11-07,liquid_universe-2023-11-03-5439,2023-11-07,1513916,高技,124,12209,False,5439
2023-11-08,liquid_universe-2023-10-12-3276,2023-11-08,1290623.9,宇環,23.9,54001,False,3276
2023-11-08,liquid_universe-2023-11-03-3176,2023-11-08,1090276,基亞,56.8,19195,False,3176
2023-11-08,liquid_universe-2023-11-03-5439,2023-11-08,1538334,高技,126,12209,False,5439
2023-11-09,liquid_universe-2023-10-12-3276,2023-11-09,1260923.35,宇環,23.35,54001,False,3276
2023-11-09,liquid_universe-2023-11-03-3176,2023-11-09,1149780.5,基亞,59.9,19195,False,3176
2023-11-09,liquid_universe-2023-11-03-5439,2023-11-09,1507811.5,高技,123.5,12209,False,5439
2023-11-10,liquid_universe-2023-10-12-3276,2023-11-10,1287923.85,宇環,23.85,54001,False,3276
2023-11-10,liquid_universe-2023-11-03-3176,2023-11-10,1044208,基亞,54.4,19195,False,3176
2023-11-10,liquid_universe-2023-11-03-5439,2023-11-10,1495602.5,高技,122.5,12209,False,5439
2023-11-13,liquid_universe-2023-10-12-3276,2023-11-13,1306824.2,宇環,24.2,54001,False,3276
2023-11-13,liquid_universe-2023-11-03-3176,2023-11-13,988542.5,基亞,51.5,19195,False,3176
2023-11-13,liquid_universe-2023-11-03-5439,2023-11-13,1489498,高技,122,12209,False,5439
2023-11-14,liquid_universe-2023-10-12-3276,2023-11-14,1436426.6,宇環,26.6,54001,False,3276
2023-11-14,liquid_universe-2023-11-03-3176,2023-11-14,4910.4,基亞,52.8,93,False,3176
2023-11-14,liquid_universe-2023-11-03-5439,2023-11-14,1495602.5,高技,122.5,12209,False,5439
2023-11-15,liquid_universe-2023-10-12-3276,2023-11-15,1501227.8,宇環,27.8,54001,False,3276
2023-11-15,liquid_universe-2023-11-03-5439,2023-11-15,1434557.5,高技,117.5,12209,False,5439
2023-11-15,liquid_universe-2023-11-14-3228,2023-11-15,1581000,金麗科,186,8500,False,3228
2023-11-16,liquid_universe-2023-10-12-3276,2023-11-16,1460727.05,宇環,27.05,54001,False,3276
2023-11-16,liquid_universe-2023-11-03-5439,2023-11-16,1458975.5,高技,119.5,12209,False,5439
2023-11-16,liquid_universe-2023-11-14-3228,2023-11-16,1572500,金麗科,185,8500,False,3228
2023-11-17,liquid_universe-2023-10-12-3276,2023-11-17,1449926.85,宇環,26.85,54001,False,3276
2023-11-17,liquid_universe-2023-11-03-5439,2023-11-17,1404035,高技,115,12209,False,5439
2023-11-17,liquid_universe-2023-11-14-3228,2023-11-17,1725500,金麗科,203,8500,False,3228
2023-11-20,liquid_universe-2023-10-12-3276,2023-11-20,1387825.7,宇環,25.7,54001,False,3276
2023-11-20,liquid_universe-2023-11-14-3228,2023-11-20,1887000,金麗科,222,8500,False,3228
2023-11-21,liquid_universe-2023-10-12-3276,2023-11-21,1350025,宇環,25,54001,False,3276
2023-11-21,liquid_universe-2023-11-14-3228,2023-11-21,1967750,金麗科,231.5,8500,False,3228
2023-11-21,liquid_universe-2023-11-20-2543,2023-11-21,1529766.8,皇昌,32.35,47288,False,2543
2023-11-22,liquid_universe-2023-10-12-3276,2023-11-22,1374325.45,宇環,25.45,54001,False,3276
2023-11-22,liquid_universe-2023-11-14-3228,2023-11-22,2159000,金麗科,254,8500,False,3228
2023-11-22,liquid_universe-2023-11-20-2543,2023-11-22,1619614,皇昌,34.25,47288,False,2543
2023-11-23,liquid_universe-2023-10-12-3276,2023-11-23,1358125.15,宇環,25.15,54001,False,3276
2023-11-23,liquid_universe-2023-11-14-3228,2023-11-23,2001750,金麗科,235.5,8500,False,3228
2023-11-23,liquid_universe-2023-11-20-2543,2023-11-23,1574690.4,皇昌,33.3,47288,False,2543
2023-11-24,liquid_universe-2023-10-12-3276,2023-11-24,1368925.35,宇環,25.35,54001,False,3276
2023-11-24,liquid_universe-2023-11-14-3228,2023-11-24,2061250,金麗科,242.5,8500,False,3228
2023-11-24,liquid_universe-2023-11-20-2543,2023-11-24,1522673.6,皇昌,32.2,47288,False,2543
2023-11-27,liquid_universe-2023-10-12-3276,2023-11-27,1339224.8,宇環,24.8,54001,False,3276
2023-11-27,liquid_universe-2023-11-14-3228,2023-11-27,1972000,金麗科,232,8500,False,3228
2023-11-27,liquid_universe-2023-11-20-2543,2023-11-27,1574690.4,皇昌,33.3,47288,False,2543
2023-11-28,liquid_universe-2023-10-12-3276,2023-11-28,1382425.6,宇環,25.6,54001,False,3276
2023-11-28,liquid_universe-2023-11-14-3228,2023-11-28,2078250,金麗科,244.5,8500,False,3228
2023-11-28,liquid_universe-2023-11-20-2543,2023-11-28,1574690.4,皇昌,33.3,47288,False,2543
2023-11-29,liquid_universe-2023-10-12-3276,2023-11-29,1398625.9,宇環,25.9,54001,False,3276
2023-11-29,liquid_universe-2023-11-14-3228,2023-11-29,2099500,金麗科,247,8500,False,3228
2023-11-29,liquid_universe-2023-11-20-2543,2023-11-29,1645622.4,皇昌,34.8,47288,False,2543
2023-11-30,liquid_universe-2023-10-12-3276,2023-11-30,1428326.45,宇環,26.45,54001,False,3276
2023-11-30,liquid_universe-2023-11-14-3228,2023-11-30,2218500,金麗科,261,8500,False,3228
2023-11-30,liquid_universe-2023-11-20-2543,2023-11-30,1650351.2,皇昌,34.9,47288,False,2543
2023-12-01,liquid_universe-2023-10-12-3276,2023-12-01,1452626.9,宇環,26.9,54001,False,3276
2023-12-01,liquid_universe-2023-11-14-3228,2023-12-01,2363000,金麗科,278,8500,False,3228
2023-12-01,liquid_universe-2023-11-20-2543,2023-12-01,1744927.2,皇昌,36.9,47288,False,2543
2023-12-04,liquid_universe-2023-10-12-3276,2023-12-04,1433726.55,宇環,26.55,54001,False,3276
2023-12-04,liquid_universe-2023-11-14-3228,2023-12-04,2278000,金麗科,268,8500,False,3228
2023-12-04,liquid_universe-2023-11-20-2543,2023-12-04,1572326,皇昌,33.25,47288,False,2543
2023-12-05,liquid_universe-2023-10-12-3276,2023-12-05,1439126.65,宇環,26.65,54001,False,3276
2023-12-05,liquid_universe-2023-11-14-3228,2023-12-05,2235500,金麗科,263,8500,False,3228
2023-12-05,liquid_universe-2023-11-20-2543,2023-12-05,1416275.6,皇昌,29.95,47288,False,2543
2023-12-06,liquid_universe-2023-10-12-3276,2023-12-06,1436426.6,宇環,26.6,54001,False,3276
2023-12-06,liquid_universe-2023-11-14-3228,2023-12-06,2252500,金麗科,265,8500,False,3228
2023-12-06,liquid_universe-2023-11-20-2543,2023-12-06,1333521.6,皇昌,28.2,47288,False,2543
2023-12-07,liquid_universe-2023-10-12-3276,2023-12-07,1377025.5,宇環,25.5,54001,False,3276
2023-12-07,liquid_universe-2023-11-14-3228,2023-12-07,2120750,金麗科,249.5,8500,False,3228
2023-12-07,liquid_universe-2023-11-20-2543,2023-12-07,4698,皇昌,29,162,False,2543
2023-12-08,liquid_universe-2023-10-12-3276,2023-12-08,1398625.9,宇環,25.9,54001,False,3276
2023-12-08,liquid_universe-2023-11-14-3228,2023-12-08,2329000,金麗科,274,8500,False,3228
2023-12-08,liquid_universe-2023-11-20-2543,2023-12-08,1288,皇昌,28,46,False,2543
2023-12-08,liquid_universe-2023-12-07-5210,2023-12-08,943072,寶碩,52,18136,False,5210
2023-12-11,liquid_universe-2023-10-12-3276,2023-12-11,1363525.25,宇環,25.25,54001,False,3276
2023-12-11,liquid_universe-2023-11-14-3228,2023-12-11,2422500,金麗科,285,8500,False,3228
2023-12-11,liquid_universe-2023-12-07-5210,2023-12-11,932190.4,寶碩,51.4,18136,False,5210
2023-12-12,liquid_universe-2023-10-12-3276,2023-12-12,1304124.15,宇環,24.15,54001,False,3276
2023-12-12,liquid_universe-2023-11-14-3228,2023-12-12,2337500,金麗科,275,8500,False,3228
2023-12-12,liquid_universe-2023-12-07-5210,2023-12-12,955767.2,寶碩,52.7,18136,False,5210
2023-12-13,liquid_universe-2023-10-12-3276,2023-12-13,1309524.25,宇環,24.25,54001,False,3276
2023-12-13,liquid_universe-2023-11-14-3228,2023-12-13,2375750,金麗科,279.5,8500,False,3228
2023-12-13,liquid_universe-2023-12-07-5210,2023-12-13,972089.6,寶碩,53.6,18136,False,5210
2023-12-14,liquid_universe-2023-10-12-3276,2023-12-14,1277123.65,宇環,23.65,54001,False,3276
2023-12-14,liquid_universe-2023-11-14-3228,2023-12-14,2316250,金麗科,272.5,8500,False,3228
2023-12-14,liquid_universe-2023-12-07-5210,2023-12-14,1042820,寶碩,57.5,18136,False,5210
2023-12-15,liquid_universe-2023-10-12-3276,2023-12-15,1269023.5,宇環,23.5,54001,False,3276
2023-12-15,liquid_universe-2023-11-14-3228,2023-12-15,2218500,金麗科,261,8500,False,3228
2023-12-15,liquid_universe-2023-12-07-5210,2023-12-15,1138940.8,寶碩,62.8,18136,False,5210
2023-12-18,liquid_universe-2023-10-12-3276,2023-12-18,1260923.35,宇環,23.35,54001,False,3276
2023-12-18,liquid_universe-2023-11-14-3228,2023-12-18,2244000,金麗科,264,8500,False,3228
2023-12-18,liquid_universe-2023-12-07-5210,2023-12-18,1242316,寶碩,68.5,18136,False,5210
2023-12-19,liquid_universe-2023-10-12-3276,2023-12-19,1239322.95,宇環,22.95,54001,False,3276
2023-12-19,liquid_universe-2023-11-14-3228,2023-12-19,2142000,金麗科,252,8500,False,3228
2023-12-19,liquid_universe-2023-12-07-5210,2023-12-19,1296724,寶碩,71.5,18136,False,5210
2023-12-20,liquid_universe-2023-10-12-3276,2023-12-20,1252823.2,宇環,23.2,54001,False,3276
2023-12-20,liquid_universe-2023-11-14-3228,2023-12-20,2278000,金麗科,268,8500,False,3228
2023-12-20,liquid_universe-2023-12-07-5210,2023-12-20,1249570.4,寶碩,68.9,18136,False,5210
2023-12-21,liquid_universe-2023-10-12-3276,2023-12-21,1225822.7,宇環,22.7,54001,False,3276
2023-12-21,liquid_universe-2023-11-14-3228,2023-12-21,2231250,金麗科,262.5,8500,False,3228
2023-12-21,liquid_universe-2023-12-07-5210,2023-12-21,1215112,寶碩,67,18136,False,5210
2023-12-22,liquid_universe-2023-10-12-3276,2023-12-22,1206922.35,宇環,22.35,54001,False,3276
2023-12-22,liquid_universe-2023-11-14-3228,2023-12-22,2193000,金麗科,258,8500,False,3228
2023-12-22,liquid_universe-2023-12-07-5210,2023-12-22,1187908,寶碩,65.5,18136,False,5210
2023-12-25,liquid_universe-2023-10-12-3276,2023-12-25,1204222.3,宇環,22.3,54001,False,3276
2023-12-25,liquid_universe-2023-11-14-3228,2023-12-25,2133500,金麗科,251,8500,False,3228
2023-12-25,liquid_universe-2023-12-07-5210,2023-12-25,1080905.6,寶碩,59.6,18136,False,5210
2023-12-26,liquid_universe-2023-10-12-3276,2023-12-26,1215022.5,宇環,22.5,54001,False,3276
2023-12-26,liquid_universe-2023-11-14-3228,2023-12-26,2129250,金麗科,250.5,8500,False,3228
2023-12-26,liquid_universe-2023-12-07-5210,2023-12-26,1075464.8,寶碩,59.3,18136,False,5210
2023-12-27,liquid_universe-2023-10-12-3276,2023-12-27,1206922.35,宇環,22.35,54001,False,3276
2023-12-27,liquid_universe-2023-11-14-3228,2023-12-27,2146250,金麗科,252.5,8500,False,3228
2023-12-27,liquid_universe-2023-12-07-5210,2023-12-27,990225.6,寶碩,54.6,18136,False,5210
2023-12-28,liquid_universe-2023-10-12-3276,2023-12-28,1201522.25,宇環,22.25,54001,False,3276
2023-12-28,liquid_universe-2023-11-14-3228,2023-12-28,2290750,金麗科,269.5,8500,False,3228
2023-12-28,liquid_universe-2023-12-07-5210,2023-12-28,990225.6,寶碩,54.6,18136,False,5210
2023-12-29,liquid_universe-2023-10-12-3276,2023-12-29,1228522.75,宇環,22.75,54001,False,3276
2023-12-29,liquid_universe-2023-11-14-3228,2023-12-29,2380000,金麗科,280,8500,False,3228
2023-12-29,liquid_universe-2023-12-07-5210,2023-12-29,921308.8,寶碩,50.8,18136,False,5210
2024-01-02,liquid_universe-2023-10-12-3276,2024-01-02,1236622.9,宇環,22.9,54001,False,3276
2024-01-02,liquid_universe-2023-11-14-3228,2024-01-02,2380000,金麗科,280,8500,False,3228
2024-01-02,liquid_universe-2023-12-07-5210,2024-01-02,919495.2,寶碩,50.7,18136,False,5210
2024-01-03,liquid_universe-2023-10-12-3276,2024-01-03,1236622.9,宇環,22.9,54001,False,3276
2024-01-03,liquid_universe-2023-11-14-3228,2024-01-03,2558500,金麗科,301,8500,False,3228
2024-01-03,liquid_universe-2023-12-07-5210,2024-01-03,845137.6,寶碩,46.6,18136,False,5210
2024-01-04,liquid_universe-2023-10-12-3276,2024-01-04,1231222.8,宇環,22.8,54001,False,3276
2024-01-04,liquid_universe-2023-11-14-3228,2024-01-04,2720000,金麗科,320,8500,False,3228
2024-01-04,liquid_universe-2023-12-07-5210,2024-01-04,768966.4,寶碩,42.4,18136,False,5210
2024-01-05,liquid_universe-2023-10-12-3276,2024-01-05,1231222.8,宇環,22.8,54001,False,3276
2024-01-05,liquid_universe-2023-11-14-3228,2024-01-05,2779500,金麗科,327,8500,False,3228
2024-01-05,liquid_universe-2023-12-07-5210,2024-01-05,3091.55,寶碩,40.15,77,False,5210
2024-01-08,liquid_universe-2023-10-12-3276,2024-01-08,1220422.6,宇環,22.6,54001,False,3276
2024-01-08,liquid_universe-2023-11-14-3228,2024-01-08,2728500,金麗科,321,8500,False,3228
2024-01-08,liquid_universe-2024-01-05-6113,2024-01-08,1543003,亞矽,29,53207,False,6113
2024-01-09,liquid_universe-2023-10-12-3276,2024-01-09,1193422.1,宇環,22.1,54001,False,3276
2024-01-09,liquid_universe-2023-11-14-3228,2024-01-09,2932500,金麗科,345,8500,False,3228
2024-01-09,liquid_universe-2024-01-05-6113,2024-01-09,1543003,亞矽,29,53207,False,6113
2024-01-10,liquid_universe-2023-10-12-3276,2024-01-10,1182621.9,宇環,21.9,54001,False,3276
2024-01-10,liquid_universe-2023-11-14-3228,2024-01-10,2992000,金麗科,352,8500,False,3228
2024-01-10,liquid_universe-2024-01-05-6113,2024-01-10,1561625.45,亞矽,29.35,53207,False,6113
2024-01-11,liquid_universe-2023-10-12-3276,2024-01-11,1012500,宇環,22.5,45000,False,3276
2024-01-11,liquid_universe-2023-11-14-3228,2024-01-11,3281000,金麗科,386,8500,False,3228
2024-01-11,liquid_universe-2024-01-05-6113,2024-01-11,1481814.95,亞矽,27.85,53207,False,6113
2024-01-12,liquid_universe-2023-10-12-3276,2024-01-12,829800,宇環,23.05,36000,False,3276
2024-01-12,liquid_universe-2023-11-14-3228,2024-01-12,3196000,金麗科,376,8500,False,3228
2024-01-12,liquid_universe-2024-01-05-6113,2024-01-12,1481814.95,亞矽,27.85,53207,False,6113
2024-01-15,liquid_universe-2023-10-12-3276,2024-01-15,638550,宇環,23.65,27000,False,3276
2024-01-15,liquid_universe-2023-11-14-3228,2024-01-15,3374500,金麗科,397,8500,False,3228
2024-01-15,liquid_universe-2024-01-05-6113,2024-01-15,1628134.2,亞矽,30.6,53207,False,6113
2024-01-16,liquid_universe-2023-10-12-3276,2024-01-16,479850,宇環,22.85,21000,False,3276
2024-01-16,liquid_universe-2023-11-14-3228,2024-01-16,3404250,金麗科,400.5,8500,False,3228
2024-01-16,liquid_universe-2024-01-05-6113,2024-01-16,1481814.95,亞矽,27.85,53207,False,6113
2024-01-17,liquid_universe-2023-10-12-3276,2024-01-17,276000,宇環,23,12000,False,3276
2024-01-17,liquid_universe-2023-11-14-3228,2024-01-17,3370250,金麗科,396.5,8500,False,3228
2024-01-17,liquid_universe-2024-01-05-6113,2024-01-17,1476494.25,亞矽,27.75,53207,False,6113
2024-01-18,liquid_universe-2023-10-12-3276,2024-01-18,158900,宇環,22.7,7000,False,3276
2024-01-18,liquid_universe-2023-11-14-3228,2024-01-18,3242750,金麗科,381.5,8500,False,3228
2024-01-18,liquid_universe-2024-01-05-6113,2024-01-18,1481814.95,亞矽,27.85,53207,False,6113
2024-01-19,liquid_universe-2023-10-12-3276,2024-01-19,90400,宇環,22.6,4000,False,3276
2024-01-19,liquid_universe-2023-11-14-3228,2024-01-19,3247000,金麗科,382,8500,False,3228
2024-01-19,liquid_universe-2024-01-05-6113,2024-01-19,1516399.5,亞矽,28.5,53207,False,6113
2024-01-22,liquid_universe-2023-10-12-3276,2024-01-22,23000,宇環,23,1000,False,3276
2024-01-22,liquid_universe-2023-11-14-3228,2024-01-22,3353250,金麗科,394.5,8500,False,3228
2024-01-22,liquid_universe-2024-01-05-6113,2024-01-22,1593549.65,亞矽,29.95,53207,False,6113
2024-01-23,liquid_universe-2023-11-14-3228,2024-01-23,3353250,金麗科,394.5,8500,False,3228
2024-01-23,liquid_universe-2024-01-05-6113,2024-01-23,1750510.3,亞矽,32.9,53207,False,6113
2024-01-24,liquid_universe-2023-11-14-3228,2024-01-24,3315000,金麗科,390,8500,False,3228
2024-01-24,liquid_universe-2024-01-05-6113,2024-01-24,1923433.05,亞矽,36.15,53207,False,6113
2024-01-24,liquid_universe-2024-01-23-6643,2024-01-24,221010,M31,1390,159,False,6643
2024-01-25,liquid_universe-2023-11-14-3228,2024-01-25,3323500,金麗科,391,8500,False,3228
2024-01-25,liquid_universe-2024-01-05-6113,2024-01-25,1910131.3,亞矽,35.9,53207,False,6113
2024-01-25,liquid_universe-2024-01-23-6643,2024-01-25,226575,M31,1425,159,False,6643
2024-01-26,liquid_universe-2023-11-14-3228,2024-01-26,3565750,金麗科,419.5,8500,False,3228
2024-01-26,liquid_universe-2024-01-05-6113,2024-01-26,1822339.75,亞矽,34.25,53207,False,6113
2024-01-26,liquid_universe-2024-01-23-6643,2024-01-26,244065,M31,1535,159,False,6643
2024-01-29,liquid_universe-2023-11-14-3228,2024-01-29,3782500,金麗科,445,8500,False,3228
2024-01-29,liquid_universe-2024-01-05-6113,2024-01-29,2003243.55,亞矽,37.65,53207,False,6113
2024-01-29,liquid_universe-2024-01-23-6643,2024-01-29,255990,M31,1610,159,False,6643
2024-01-30,liquid_universe-2023-11-14-3228,2024-01-30,3812250,金麗科,448.5,8500,False,3228
2024-01-30,liquid_universe-2024-01-05-6113,2024-01-30,2202769.8,亞矽,41.4,53207,False,6113
2024-01-30,liquid_universe-2024-01-23-6643,2024-01-30,278250,M31,1750,159,False,6643
2024-01-31,liquid_universe-2023-11-14-3228,2024-01-31,3863250,金麗科,454.5,8500,False,3228
2024-01-31,liquid_universe-2024-01-05-6113,2024-01-31,2261297.5,亞矽,42.5,53207,False,6113
2024-01-31,liquid_universe-2024-01-23-6643,2024-01-31,279840,M31,1760,159,False,6643
2024-02-01,liquid_universe-2023-11-14-3228,2024-02-01,3723000,金麗科,438,8500,False,3228
2024-02-01,liquid_universe-2024-01-05-6113,2024-02-01,2269278.55,亞矽,42.65,53207,False,6113
2024-02-01,liquid_universe-2024-01-23-6643,2024-02-01,274275,M31,1725,159,False,6643
2024-02-02,liquid_universe-2023-11-14-3228,2024-02-02,4080000,金麗科,480,8500,False,3228
2024-02-02,liquid_universe-2024-01-05-6113,2024-02-02,2234694,亞矽,42,53207,False,6113
2024-02-02,liquid_universe-2024-01-23-6643,2024-02-02,286995,M31,1805,159,False,6643
2024-02-05,liquid_universe-2023-11-14-3228,2024-02-05,4101250,金麗科,482.5,8500,False,3228
2024-02-05,liquid_universe-2024-01-05-6113,2024-02-05,2048469.5,亞矽,38.5,53207,False,6113
2024-02-05,liquid_universe-2024-01-23-6643,2024-02-05,271890,M31,1710,159,False,6643
2024-02-15,liquid_universe-2023-11-14-3228,2024-02-15,4411500,金麗科,519,8500,False,3228
2024-02-15,liquid_universe-2024-01-05-6113,2024-02-15,2040488.45,亞矽,38.35,53207,False,6113
2024-02-15,liquid_universe-2024-01-23-6643,2024-02-15,289380,M31,1820,159,False,6643
2024-02-16,liquid_universe-2023-11-14-3228,2024-02-16,4539000,金麗科,534,8500,False,3228
2024-02-16,liquid_universe-2024-01-05-6113,2024-02-16,2128280,亞矽,40,53207,False,6113
2024-02-16,liquid_universe-2024-01-23-6643,2024-02-16,281430,M31,1770,159,False,6643
2024-02-19,liquid_universe-2023-11-14-3228,2024-02-19,4479500,金麗科,527,8500,False,3228
2024-02-19,liquid_universe-2024-01-05-6113,2024-02-19,2056450.55,亞矽,38.65,53207,False,6113
2024-02-19,liquid_universe-2024-01-23-6643,2024-02-19,268710,M31,1690,159,False,6643
2024-02-20,liquid_universe-2023-11-14-3228,2024-02-20,4292500,金麗科,505,8500,False,3228
2024-02-20,liquid_universe-2024-01-05-6113,2024-02-20,2035167.75,亞矽,38.25,53207,False,6113
2024-02-20,liquid_universe-2024-01-23-6643,2024-02-20,267915,M31,1685,159,False,6643
2024-02-21,liquid_universe-2023-11-14-3228,2024-02-21,3863250,金麗科,454.5,8500,False,3228
2024-02-21,liquid_universe-2024-01-05-6113,2024-02-21,1995262.5,亞矽,37.5,53207,False,6113
2024-02-21,liquid_universe-2024-01-23-6643,2024-02-21,255195,M31,1605,159,False,6643
2024-02-22,liquid_universe-2024-01-05-6113,2024-02-22,2011224.6,亞矽,37.8,53207,False,6113
2024-02-22,liquid_universe-2024-01-23-6643,2024-02-22,262350,M31,1650,159,False,6643
2024-02-23,liquid_universe-2024-01-05-6113,2024-02-23,2210750.85,亞矽,41.55,53207,False,6113
2024-02-23,liquid_universe-2024-01-23-6643,2024-02-23,277455,M31,1745,159,False,6643
2024-02-23,liquid_universe-2024-02-22-1809,2024-02-23,1875517.5,中釉,28.25,66390,False,1809
2024-02-26,liquid_universe-2024-01-05-6113,2024-02-26,2431559.9,亞矽,45.7,53207,False,6113
2024-02-26,liquid_universe-2024-01-23-6643,2024-02-26,279045,M31,1755,159,False,6643
2024-02-26,liquid_universe-2024-02-22-1809,2024-02-26,2061409.5,中釉,31.05,66390,False,1809
2024-02-27,liquid_universe-2024-01-05-6113,2024-02-27,2189468.05,亞矽,41.15,53207,False,6113
2024-02-27,liquid_universe-2024-01-23-6643,2024-02-27,286200,M31,1800,159,False,6643
2024-02-27,liquid_universe-2024-02-22-1809,2024-02-27,2124480,中釉,32,66390,False,1809
2024-02-29,liquid_universe-2024-01-05-6113,2024-02-29,2189468.05,亞矽,41.15,53207,False,6113
2024-02-29,liquid_universe-2024-01-23-6643,2024-02-29,286995,M31,1805,159,False,6643
2024-02-29,liquid_universe-2024-02-22-1809,2024-02-29,2041492.5,中釉,30.75,66390,False,1809
2024-03-01,liquid_universe-2024-01-05-6113,2024-03-01,2226712.95,亞矽,41.85,53207,False,6113
2024-03-01,liquid_universe-2024-01-23-6643,2024-03-01,315615,M31,1985,159,False,6643
2024-03-01,liquid_universe-2024-02-22-1809,2024-03-01,2107882.5,中釉,31.75,66390,False,1809
2024-03-04,liquid_universe-2024-01-05-6113,2024-03-04,2136261.05,亞矽,40.15,53207,False,6113
2024-03-04,liquid_universe-2024-01-23-6643,2024-03-04,318795,M31,2005,159,False,6643
2024-03-04,liquid_universe-2024-02-22-1809,2024-03-04,2121160.5,中釉,31.95,66390,False,1809
2024-03-05,liquid_universe-2024-01-05-6113,2024-03-05,2114978.25,亞矽,39.75,53207,False,6113
2024-03-05,liquid_universe-2024-01-23-6643,2024-03-05,286995,M31,1805,159,False,6643
2024-03-05,liquid_universe-2024-02-22-1809,2024-03-05,2273857.5,中釉,34.25,66390,False,1809
2024-03-06,liquid_universe-2024-01-05-6113,2024-03-06,2091035.1,亞矽,39.3,53207,False,6113
2024-03-06,liquid_universe-2024-01-23-6643,2024-03-06,258375,M31,1625,159,False,6643
2024-03-06,liquid_universe-2024-02-22-1809,2024-03-06,2370123,中釉,35.7,66390,False,1809
2024-03-07,liquid_universe-2024-01-05-6113,2024-03-07,1976640.05,亞矽,37.15,53207,False,6113
2024-03-07,liquid_universe-2024-01-23-6643,2024-03-07,253605,M31,1595,159,False,6643
2024-03-07,liquid_universe-2024-02-22-1809,2024-03-07,2257260,中釉,34,66390,False,1809
2024-03-08,liquid_universe-2024-01-05-6113,2024-03-08,1888848.5,亞矽,35.5,53207,False,6113
2024-03-08,liquid_universe-2024-01-23-6643,2024-03-08,236910,M31,1490,159,False,6643
2024-03-08,liquid_universe-2024-02-22-1809,2024-03-08,2154355.5,中釉,32.45,66390,False,1809
2024-03-11,liquid_universe-2024-01-05-6113,2024-03-11,1870226.05,亞矽,35.15,53207,False,6113
2024-03-11,liquid_universe-2024-01-23-6643,2024-03-11,247245,M31,1555,159,False,6643
2024-03-11,liquid_universe-2024-02-22-1809,2024-03-11,2154355.5,中釉,32.45,66390,False,1809
2024-03-12,liquid_universe-2024-01-05-6113,2024-03-12,1891508.85,亞矽,35.55,53207,False,6113
2024-03-12,liquid_universe-2024-01-23-6643,2024-03-12,236910,M31,1490,159,False,6643
2024-03-12,liquid_universe-2024-02-22-1809,2024-03-12,2197509,中釉,33.1,66390,False,1809
2024-03-13,liquid_universe-2024-01-05-6113,2024-03-13,1811698.35,亞矽,34.05,53207,False,6113
2024-03-13,liquid_universe-2024-01-23-6643,2024-03-13,229755,M31,1445,159,False,6643
2024-03-13,liquid_universe-2024-02-22-1809,2024-03-13,2074687.5,中釉,31.25,66390,False,1809
2024-03-14,liquid_universe-2024-01-05-6113,2024-03-14,1755831,亞矽,33,53207,False,6113
2024-03-14,liquid_universe-2024-01-23-6643,2024-03-14,232935,M31,1465,159,False,6643
2024-03-14,liquid_universe-2024-02-22-1809,2024-03-14,1991700,中釉,30,66390,False,1809
2024-03-15,liquid_universe-2024-01-05-6113,2024-03-15,1715925.75,亞矽,32.25,53207,False,6113
2024-03-15,liquid_universe-2024-01-23-6643,2024-03-15,209880,M31,1320,159,False,6643
2024-03-15,liquid_universe-2024-02-22-1809,2024-03-15,1819086,中釉,27.4,66390,False,1809
2024-03-18,liquid_universe-2024-01-05-6113,2024-03-18,1747849.95,亞矽,32.85,53207,False,6113
2024-03-18,liquid_universe-2024-01-23-6643,2024-03-18,218625,M31,1375,159,False,6643
2024-03-18,liquid_universe-2024-02-22-1809,2024-03-18,1775932.5,中釉,26.75,66390,False,1809
2024-03-19,liquid_universe-2024-01-05-6113,2024-03-19,1721246.45,亞矽,32.35,53207,False,6113
2024-03-19,liquid_universe-2024-01-23-6643,2024-03-19,217830,M31,1370,159,False,6643
2024-03-19,liquid_universe-2024-02-22-1809,2024-03-19,1756015.5,中釉,26.45,66390,False,1809
2024-03-20,liquid_universe-2024-01-05-6113,2024-03-20,1697303.3,亞矽,31.9,53207,False,6113
2024-03-20,liquid_universe-2024-01-23-6643,2024-03-20,223395,M31,1405,159,False,6643
2024-03-20,liquid_universe-2024-02-22-1809,2024-03-20,1719501,中釉,25.9,66390,False,1809
2024-03-21,liquid_universe-2024-01-05-6113,2024-03-21,1670699.8,亞矽,31.4,53207,False,6113
2024-03-21,liquid_universe-2024-01-23-6643,2024-03-21,233730,M31,1470,159,False,6643
2024-03-21,liquid_universe-2024-02-22-1809,2024-03-21,1736098.5,中釉,26.15,66390,False,1809
2024-03-22,liquid_universe-2024-01-05-6113,2024-03-22,1633454.9,亞矽,30.7,53207,False,6113
2024-03-22,liquid_universe-2024-01-23-6643,2024-03-22,230550,M31,1450,159,False,6643
2024-03-22,liquid_universe-2024-02-22-1809,2024-03-22,1762654.5,中釉,26.55,66390,False,1809
2024-03-25,liquid_universe-2024-01-05-6113,2024-03-25,1668039.45,亞矽,31.35,53207,False,6113
2024-03-25,liquid_universe-2024-01-23-6643,2024-03-25,221805,M31,1395,159,False,6643
2024-03-25,liquid_universe-2024-02-22-1809,2024-03-25,1772613,中釉,26.7,66390,False,1809
2024-03-26,liquid_universe-2024-01-05-6113,2024-03-26,1617492.8,亞矽,30.4,53207,False,6113
2024-03-26,liquid_universe-2024-01-23-6643,2024-03-26,217035,M31,1365,159,False,6643
2024-03-26,liquid_universe-2024-02-22-1809,2024-03-26,1789210.5,中釉,26.95,66390,False,1809
2024-03-27,liquid_universe-2024-01-05-6113,2024-03-27,1593549.65,亞矽,29.95,53207,False,6113
2024-03-27,liquid_universe-2024-01-23-6643,2024-03-27,215445,M31,1355,159,False,6643
2024-03-27,liquid_universe-2024-02-22-1809,2024-03-27,1799169,中釉,27.1,66390,False,1809
2024-03-28,liquid_universe-2024-01-05-6113,2024-03-28,1572266.85,亞矽,29.55,53207,False,6113
2024-03-28,liquid_universe-2024-01-23-6643,2024-03-28,204315,M31,1285,159,False,6643
2024-03-28,liquid_universe-2024-02-22-1809,2024-03-28,1822405.5,中釉,27.45,66390,False,1809
2024-03-29,liquid_universe-2024-01-05-6113,2024-03-29,1564285.8,亞矽,29.4,53207,False,6113
2024-03-29,liquid_universe-2024-01-23-6643,2024-03-29,224190,M31,1410,159,False,6643
2024-03-29,liquid_universe-2024-02-22-1809,2024-03-29,1785891,中釉,26.9,66390,False,1809
2024-04-01,liquid_universe-2024-01-05-6113,2024-04-01,1601530.7,亞矽,30.1,53207,False,6113
2024-04-01,liquid_universe-2024-01-23-6643,2024-04-01,235320,M31,1480,159,False,6643
2024-04-01,liquid_universe-2024-02-22-1809,2024-04-01,1825725,中釉,27.5,66390,False,1809
2024-04-02,liquid_universe-2024-01-05-6113,2024-04-02,1574927.2,亞矽,29.6,53207,False,6113
2024-04-02,liquid_universe-2024-01-23-6643,2024-04-02,253605,M31,1595,159,False,6643
2024-04-02,liquid_universe-2024-02-22-1809,2024-04-02,1789210.5,中釉,26.95,66390,False,1809
2024-04-03,liquid_universe-2024-01-05-6113,2024-04-03,1532361.6,亞矽,28.8,53207,False,6113
2024-04-03,liquid_universe-2024-01-23-6643,2024-04-03,247245,M31,1555,159,False,6643
2024-04-03,liquid_universe-2024-02-22-1809,2024-04-03,1746057,中釉,26.3,66390,False,1809
2024-04-08,liquid_universe-2024-01-05-6113,2024-04-08,1684001.55,亞矽,31.65,53207,False,6113
2024-04-08,liquid_universe-2024-01-23-6643,2024-04-08,222600,M31,1400,159,False,6643
2024-04-08,liquid_universe-2024-02-22-1809,2024-04-08,1782571.5,中釉,26.85,66390,False,1809
2024-04-09,liquid_universe-2024-01-05-6113,2024-04-09,1851603.6,亞矽,34.8,53207,False,6113
2024-04-09,liquid_universe-2024-01-23-6643,2024-04-09,214650,M31,1350,159,False,6643
2024-04-09,liquid_universe-2024-02-22-1809,2024-04-09,1785891,中釉,26.9,66390,False,1809
2024-04-10,liquid_universe-2024-01-05-6113,2024-04-10,1843622.55,亞矽,34.65,53207,False,6113
2024-04-10,liquid_universe-2024-01-23-6643,2024-04-10,209880,M31,1320,159,False,6643
2024-04-10,liquid_universe-2024-02-22-1809,2024-04-10,1746057,中釉,26.3,66390,False,1809
2024-04-11,liquid_universe-2024-01-05-6113,2024-04-11,1755831,亞矽,33,53207,False,6113
2024-04-11,liquid_universe-2024-01-23-6643,2024-04-11,205905,M31,1295,159,False,6643
2024-04-11,liquid_universe-2024-02-22-1809,2024-04-11,1706223,中釉,25.7,66390,False,1809
2024-04-12,liquid_universe-2024-01-05-6113,2024-04-12,1846282.9,亞矽,34.7,53207,False,6113
2024-04-12,liquid_universe-2024-01-23-6643,2024-04-12,205905,M31,1295,159,False,6643
2024-04-12,liquid_universe-2024-02-22-1809,2024-04-12,1666389,中釉,25.1,66390,False,1809
2024-04-15,liquid_universe-2024-01-05-6113,2024-04-15,1729227.5,亞矽,32.5,53207,False,6113
2024-04-15,liquid_universe-2024-01-23-6643,2024-04-15,193980,M31,1220,159,False,6643
2024-04-15,liquid_universe-2024-02-22-1809,2024-04-15,1606638,中釉,24.2,66390,False,1809
2024-04-16,liquid_universe-2024-01-05-6113,2024-04-16,1593549.65,亞矽,29.95,53207,False,6113
2024-04-16,liquid_universe-2024-02-22-1809,2024-04-16,868903.6,中釉,23.3,37292,False,1809
2024-04-17,liquid_universe-2024-01-05-6113,2024-04-17,1638775.6,亞矽,30.8,53207,False,6113
2024-04-17,liquid_universe-2024-02-22-1809,2024-04-17,501523.6,中釉,23.6,21251,False,1809
2024-04-17,liquid_universe-2024-04-16-4127,2024-04-17,1316221.4,天良,38.6,34099,False,4127
2024-04-18,liquid_universe-2024-01-05-6113,2024-04-18,1256427.6,亞矽,29.8,42162,False,6113
2024-04-18,liquid_universe-2024-02-22-1809,2024-04-18,4702.5,中釉,23.75,198,False,1809
2024-04-18,liquid_universe-2024-04-16-4127,2024-04-18,1191760.05,天良,34.95,34099,False,4127
2024-04-19,liquid_universe-2024-01-05-6113,2024-04-19,988436,亞矽,29,34084,False,6113
2024-04-19,liquid_universe-2024-02-22-1809,2024-04-19,2856.25,中釉,22.85,125,False,1809
2024-04-19,liquid_universe-2024-04-16-4127,2024-04-19,1077528.4,天良,31.6,34099,False,4127
2024-04-19,liquid_universe-2024-04-18-3666,2024-04-19,1314387.9,光耀,42.3,31073,False,3666
2024-04-22,liquid_universe-2024-01-05-6113,2024-04-22,808875.4,亞矽,27.85,29044,False,6113
2024-04-22,liquid_universe-2024-02-22-1809,2024-04-22,2083.8,中釉,22.65,92,False,1809
2024-04-22,liquid_universe-2024-04-16-4127,2024-04-22,339878,天良,30.8,11035,False,4127
2024-04-22,liquid_universe-2024-04-18-3666,2024-04-22,1194756.85,光耀,38.45,31073,False,3666
2024-04-23,liquid_universe-2024-01-05-6113,2024-04-23,735149.75,亞矽,28.25,26023,False,6113
2024-04-23,liquid_universe-2024-02-22-1809,2024-04-23,1691.25,中釉,22.55,75,False,1809
2024-04-23,liquid_universe-2024-04-16-4127,2024-04-23,273.15,天良,30.35,9,False,4127
2024-04-23,liquid_universe-2024-04-18-3666,2024-04-23,1210293.35,光耀,38.95,31073,False,3666
2024-04-24,liquid_universe-2024-01-05-6113,2024-04-24,642429.2,亞矽,29.2,22001,False,6113
2024-04-24,liquid_universe-2024-04-18-3666,2024-04-24,1197864.15,光耀,38.55,31073,False,3666
2024-04-24,liquid_universe-2024-04-23-2501,2024-04-24,1805797.35,國建,32.85,54971,False,2501
2024-04-25,liquid_universe-2024-01-05-6113,2024-04-25,569000,亞矽,28.45,20000,False,6113
2024-04-25,liquid_universe-2024-04-18-3666,2024-04-25,1165237.5,光耀,37.5,31073,False,3666
2024-04-25,liquid_universe-2024-04-23-2501,2024-04-25,1891002.4,國建,34.4,54971,False,2501
2024-04-26,liquid_universe-2024-01-05-6113,2024-04-26,481100,亞矽,28.3,17000,False,6113
2024-04-26,liquid_universe-2024-04-18-3666,2024-04-26,1149701,光耀,37,31073,False,3666
2024-04-26,liquid_universe-2024-04-23-2501,2024-04-26,2077903.8,國建,37.8,54971,False,2501
2024-04-29,liquid_universe-2024-01-05-6113,2024-04-29,124400,亞矽,31.1,4000,False,6113
2024-04-29,liquid_universe-2024-04-18-3666,2024-04-29,696163.8,光耀,38.65,18012,False,3666
2024-04-29,liquid_universe-2024-04-23-2501,2024-04-29,2284045.05,國建,41.55,54971,False,2501
2024-04-30,liquid_universe-2024-04-23-2501,2024-04-30,2105389.3,國建,38.3,54971,False,2501
2024-05-02,liquid_universe-2024-04-23-2501,2024-05-02,2149366.1,國建,39.1,54971,False,2501
2024-05-02,liquid_universe-2024-04-30-6230,2024-05-02,1839004,尼得科超眾,334,5506,False,6230
2024-05-02,liquid_universe-2024-04-30-4760,2024-05-02,1037742,勤凱科技,114,9103,False,4760
2024-05-03,liquid_universe-2024-04-23-2501,2024-05-03,2226325.5,國建,40.5,54971,False,2501
2024-05-03,liquid_universe-2024-04-30-6230,2024-05-03,1794956,尼得科超眾,326,5506,False,6230
2024-05-03,liquid_universe-2024-04-30-4760,2024-05-03,1042293.5,勤凱科技,114.5,9103,False,4760
2024-05-06,liquid_universe-2024-04-23-2501,2024-05-06,2163108.85,國建,39.35,54971,False,2501
2024-05-06,liquid_universe-2024-04-30-6230,2024-05-06,1731637,尼得科超眾,314.5,5506,False,6230
2024-05-06,liquid_universe-2024-04-30-4760,2024-05-06,983124,勤凱科技,108,9103,False,4760
2024-05-07,liquid_universe-2024-04-23-2501,2024-05-07,2069658.15,國建,37.65,54971,False,2501
2024-05-07,liquid_universe-2024-04-30-6230,2024-05-07,1805968,尼得科超眾,328,5506,False,6230
2024-05-07,liquid_universe-2024-04-30-4760,2024-05-07,1060499.5,勤凱科技,116.5,9103,False,4760
2024-05-08,liquid_universe-2024-04-23-2501,2024-05-08,1978956,國建,36,54971,False,2501
2024-05-08,liquid_universe-2024-04-30-6230,2024-05-08,1775685,尼得科超眾,322.5,5506,False,6230
2024-05-08,liquid_universe-2024-04-30-4760,2024-05-08,1069602.5,勤凱科技,117.5,9103,False,4760
2024-05-09,liquid_universe-2024-04-23-2501,2024-05-09,1912990.8,國建,34.8,54971,False,2501
2024-05-09,liquid_universe-2024-04-30-6230,2024-05-09,1767426,尼得科超眾,321,5506,False,6230
2024-05-09,liquid_universe-2024-04-30-4760,2024-05-09,1037742,勤凱科技,114,9103,False,4760
2024-05-10,liquid_universe-2024-04-23-2501,2024-05-10,1918487.9,國建,34.9,54971,False,2501
2024-05-10,liquid_universe-2024-04-30-6230,2024-05-10,1695848,尼得科超眾,308,5506,False,6230
2024-05-10,liquid_universe-2024-04-30-4760,2024-05-10,1010433,勤凱科技,111,9103,False,4760
2024-05-13,liquid_universe-2024-04-23-2501,2024-05-13,1934979.2,國建,35.2,54971,False,2501
2024-05-13,liquid_universe-2024-04-30-6230,2024-05-13,1558198,尼得科超眾,283,5506,False,6230
2024-05-13,liquid_universe-2024-04-30-4760,2024-05-13,1014984.5,勤凱科技,111.5,9103,False,4760
2024-05-14,liquid_universe-2024-04-23-2501,2024-05-14,1874511.1,國建,34.1,54971,False,2501
2024-05-14,liquid_universe-2024-04-30-6230,2024-05-14,1020016,尼得科超眾,296,3446,False,6230
2024-05-14,liquid_universe-2024-04-30-4760,2024-05-14,1051396.5,勤凱科技,115.5,9103,False,4760
2024-05-15,liquid_universe-2024-04-23-2501,2024-05-15,1888253.85,國建,34.35,54971,False,2501
2024-05-15,liquid_universe-2024-04-30-6230,2024-05-15,417487,尼得科超眾,301,1387,False,6230
2024-05-15,liquid_universe-2024-04-30-4760,2024-05-15,1055948,勤凱科技,116,9103,False,4760
2024-05-16,liquid_universe-2024-04-23-2501,2024-05-16,1934979.2,國建,35.2,54971,False,2501
2024-05-16,liquid_universe-2024-04-30-6230,2024-05-16,90345.5,尼得科超眾,290.5,311,False,6230
2024-05-16,liquid_universe-2024-04-30-4760,2024-05-16,362605,勤凱科技,117.5,3086,False,4760
2024-05-17,liquid_universe-2024-04-23-2501,2024-05-17,1978956,國建,36,54971,False,2501
2024-05-17,liquid_universe-2024-04-30-6230,2024-05-17,34506,尼得科超眾,319.5,108,False,6230
2024-05-17,liquid_universe-2024-04-30-4760,2024-05-17,4902,勤凱科技,129,38,False,4760
2024-05-17,liquid_universe-2024-05-16-2609,2024-05-17,1714863,陽明,71,24153,False,2609
2024-05-20,liquid_universe-2024-04-23-2501,2024-05-20,1932230.65,國建,35.15,54971,False,2501
2024-05-20,liquid_universe-2024-05-16-2609,2024-05-20,1751092.5,陽明,72.5,24153,False,2609
2024-05-20,liquid_universe-2024-05-17-2745,2024-05-20,1605350.5,五福,128.5,12493,False,2745
2024-05-21,liquid_universe-2024-04-23-2501,2024-05-21,1896499.5,國建,34.5,54971,False,2501
2024-05-21,liquid_universe-2024-05-16-2609,2024-05-21,1724524.2,陽明,71.4,24153,False,2609
2024-05-21,liquid_universe-2024-05-17-2745,2024-05-21,1624090,五福,130,12493,False,2745
2024-05-22,liquid_universe-2024-04-23-2501,2024-05-22,1888253.85,國建,34.35,54971,False,2501
2024-05-22,liquid_universe-2024-05-16-2609,2024-05-22,1739016,陽明,72,24153,False,2609
2024-05-22,liquid_universe-2024-05-17-2745,2024-05-22,1530392.5,五福,122.5,12493,False,2745
2024-05-23,liquid_universe-2024-04-23-2501,2024-05-23,1775563.3,國建,32.3,54971,False,2501
2024-05-23,liquid_universe-2024-05-16-2609,2024-05-23,1722108.9,陽明,71.3,24153,False,2609
2024-05-23,liquid_universe-2024-05-17-2745,2024-05-23,1386723,五福,111,12493,False,2745
2024-05-24,liquid_universe-2024-04-23-2501,2024-05-24,1775563.3,國建,32.3,54971,False,2501
2024-05-24,liquid_universe-2024-05-16-2609,2024-05-24,1775245.5,陽明,73.5,24153,False,2609
2024-05-24,liquid_universe-2024-05-17-2745,2024-05-24,28560,五福,119,240,False,2745
2024-05-27,liquid_universe-2024-04-23-2501,2024-05-27,1781060.4,國建,32.4,54971,False,2501
2024-05-27,liquid_universe-2024-05-16-2609,2024-05-27,1891179.9,陽明,78.3,24153,False,2609
2024-05-27,liquid_universe-2024-05-17-2745,2024-05-27,14101.5,五福,118.5,119,False,2745
2024-05-27,liquid_universe-2024-05-24-3466,2024-05-27,1824858.2,德晉,82.7,22066,False,3466
2024-05-28,liquid_universe-2024-04-23-2501,2024-05-28,1822288.65,國建,33.15,54971,False,2501
2024-05-28,liquid_universe-2024-05-16-2609,2024-05-28,1920163.5,陽明,79.5,24153,False,2609
2024-05-28,liquid_universe-2024-05-24-3466,2024-05-28,1897676,德晉,86,22066,False,3466
2024-05-29,liquid_universe-2024-04-23-2501,2024-05-29,1849774.15,國建,33.65,54971,False,2501
2024-05-29,liquid_universe-2024-05-16-2609,2024-05-29,1864611.6,陽明,77.2,24153,False,2609
2024-05-29,liquid_universe-2024-05-24-3466,2024-05-29,1785139.4,德晉,80.9,22066,False,3466
2024-05-30,liquid_universe-2024-04-23-2501,2024-05-30,1849774.15,國建,33.65,54971,False,2501
2024-05-30,liquid_universe-2024-05-16-2609,2024-05-30,1891179.9,陽明,78.3,24153,False,2609
2024-05-30,liquid_universe-2024-05-24-3466,2024-05-30,1782932.8,德晉,80.8,22066,False,3466
2024-05-31,liquid_universe-2024-04-23-2501,2024-05-31,1951470.5,國建,35.5,54971,False,2501
2024-05-31,liquid_universe-2024-05-16-2609,2024-05-31,1726939.5,陽明,71.5,24153,False,2609
2024-05-31,liquid_universe-2024-05-24-3466,2024-05-31,1758660.2,德晉,79.7,22066,False,3466
2024-06-03,liquid_universe-2024-04-23-2501,2024-06-03,1976207.45,國建,35.95,54971,False,2501
2024-06-03,liquid_universe-2024-05-16-2609,2024-06-03,1833212.7,陽明,75.9,24153,False,2609
2024-06-03,liquid_universe-2024-05-24-3466,2024-06-03,1800585.6,德晉,81.6,22066,False,3466
2024-06-04,liquid_universe-2024-04-23-2501,2024-06-04,1989950.2,國建,36.2,54971,False,2501
2024-06-04,liquid_universe-2024-05-16-2609,2024-06-04,1828382.1,陽明,75.7,24153,False,2609
2024-06-04,liquid_universe-2024-05-24-3466,2024-06-04,1853544,德晉,84,22066,False,3466
2024-06-05,liquid_universe-2024-04-23-2501,2024-06-05,1956967.6,國建,35.6,54971,False,2501
2024-06-05,liquid_universe-2024-05-16-2609,2024-06-05,1941901.2,陽明,80.4,24153,False,2609
2024-06-05,liquid_universe-2024-05-24-3466,2024-06-05,1853544,德晉,84,22066,False,3466
2024-06-06,liquid_universe-2024-04-23-2501,2024-06-06,1940476.3,國建,35.3,54971,False,2501
2024-06-06,liquid_universe-2024-05-16-2609,2024-06-06,2021606.1,陽明,83.7,24153,False,2609
2024-06-06,liquid_universe-2024-05-24-3466,2024-06-06,1844717.6,德晉,83.6,22066,False,3466
2024-06-07,liquid_universe-2024-04-23-2501,2024-06-07,2050418.3,國建,37.3,54971,False,2501
2024-06-07,liquid_universe-2024-05-16-2609,2024-06-07,2002283.7,陽明,82.9,24153,False,2609
2024-06-07,liquid_universe-2024-05-24-3466,2024-06-07,1853544,德晉,84,22066,False,3466
2024-06-11,liquid_universe-2024-04-23-2501,2024-06-11,1907493.7,國建,34.7,54971,False,2501
2024-06-11,liquid_universe-2024-05-16-2609,2024-06-11,1804229.1,陽明,74.7,24153,False,2609
2024-06-11,liquid_universe-2024-05-24-3466,2024-06-11,1124443.8,德晉,80.1,14038,False,3466
2024-06-12,liquid_universe-2024-04-23-2501,2024-06-12,1822288.65,國建,33.15,54971,False,2501
2024-06-12,liquid_universe-2024-05-16-2609,2024-06-12,1712447.7,陽明,70.9,24153,False,2609
2024-06-12,liquid_universe-2024-05-24-3466,2024-06-12,782534.5,德晉,86.9,9005,False,3466
2024-06-13,liquid_universe-2024-04-23-2501,2024-06-13,1819540.1,國建,33.1,54971,False,2501
2024-06-13,liquid_universe-2024-05-16-2609,2024-06-13,1748677.2,陽明,72.4,24153,False,2609
2024-06-14,liquid_universe-2024-04-23-2501,2024-06-14,1849774.15,國建,33.65,54971,False,2501
2024-06-14,liquid_universe-2024-05-16-2609,2024-06-14,1821136.2,陽明,75.4,24153,False,2609
2024-06-14,liquid_universe-2024-06-13-4967,2024-06-14,1821683,十銓,179,10177,False,4967
2024-06-17,liquid_universe-2024-04-23-2501,2024-06-17,1805797.35,國建,32.85,54971,False,2501
2024-06-17,liquid_universe-2024-05-16-2609,2024-06-17,1780076.1,陽明,73.7,24153,False,2609
2024-06-17,liquid_universe-2024-06-13-4967,2024-06-17,1643585.5,十銓,161.5,10177,False,4967
2024-06-18,liquid_universe-2024-04-23-2501,2024-06-18,1814043,國建,33,54971,False,2501
2024-06-18,liquid_universe-2024-05-16-2609,2024-06-18,1789737.3,陽明,74.1,24153,False,2609
2024-06-18,liquid_universe-2024-06-13-4967,2024-06-18,1521461.5,十銓,149.5,10177,False,4967
2024-06-19,liquid_universe-2024-04-23-2501,2024-06-19,1797551.7,國建,32.7,54971,False,2501
2024-06-19,liquid_universe-2024-05-16-2609,2024-06-19,1811475,陽明,75,24153,False,2609
2024-06-20,liquid_universe-2024-04-23-2501,2024-06-20,1808545.9,國建,32.9,54971,False,2501
2024-06-20,liquid_universe-2024-05-16-2609,2024-06-20,1852535.1,陽明,76.7,24153,False,2609
2024-06-20,liquid_universe-2024-06-19-4545,2024-06-20,1535076.4,銘鈺,61.1,25124,False,4545
2024-06-21,liquid_universe-2024-04-23-2501,2024-06-21,1794803.15,國建,32.65,54971,False,2501
2024-06-21,liquid_universe-2024-05-16-2609,2024-06-21,1833212.7,陽明,75.9,24153,False,2609
2024-06-21,liquid_universe-2024-06-19-4545,2024-06-21,1545126,銘鈺,61.5,25124,False,4545
2024-06-24,liquid_universe-2024-04-23-2501,2024-06-24,1761820.55,國建,32.05,54971,False,2501
2024-06-24,liquid_universe-2024-05-16-2609,2024-06-24,1792152.6,陽明,74.2,24153,False,2609
2024-06-24,liquid_universe-2024-06-19-4545,2024-06-24,1457192,銘鈺,58,25124,False,4545
2024-06-25,liquid_universe-2024-04-23-2501,2024-06-25,1750826.35,國建,31.85,54971,False,2501
2024-06-25,liquid_universe-2024-05-16-2609,2024-06-25,1847704.5,陽明,76.5,24153,False,2609
2024-06-25,liquid_universe-2024-06-19-4545,2024-06-25,1434580.4,銘鈺,57.1,25124,False,4545
2024-06-26,liquid_universe-2024-04-23-2501,2024-06-26,1720592.3,國建,31.3,54971,False,2501
2024-06-26,liquid_universe-2024-05-16-2609,2024-06-26,1811475,陽明,75,24153,False,2609
2024-06-26,liquid_universe-2024-06-19-4545,2024-06-26,1442117.6,銘鈺,57.4,25124,False,4545
2024-06-27,liquid_universe-2024-04-23-2501,2024-06-27,1673866.95,國建,30.45,54971,False,2501
2024-06-27,liquid_universe-2024-05-16-2609,2024-06-27,1816305.6,陽明,75.2,24153,False,2609
2024-06-27,liquid_universe-2024-06-19-4545,2024-06-27,1356696,銘鈺,54,25124,False,4545
2024-06-28,liquid_universe-2024-04-23-2501,2024-06-28,1660124.2,國建,30.2,54971,False,2501
2024-06-28,liquid_universe-2024-05-16-2609,2024-06-28,1801813.8,陽明,74.6,24153,False,2609
2024-06-28,liquid_universe-2024-06-19-4545,2024-06-28,1459704.4,銘鈺,58.1,25124,False,4545
2024-07-01,liquid_universe-2024-04-23-2501,2024-07-01,1704101,國建,31,54971,False,2501
2024-07-01,liquid_universe-2024-05-16-2609,2024-07-01,1780076.1,陽明,73.7,24153,False,2609
2024-07-01,liquid_universe-2024-06-19-4545,2024-07-01,1391869.6,銘鈺,55.4,25124,False,4545
2024-07-02,liquid_universe-2024-04-23-2501,2024-07-02,1676615.5,國建,30.5,54971,False,2501
2024-07-02,liquid_universe-2024-05-16-2609,2024-07-02,1789737.3,陽明,74.1,24153,False,2609
2024-07-02,liquid_universe-2024-06-19-4545,2024-07-02,1384332.4,銘鈺,55.1,25124,False,4545
2024-07-03,liquid_universe-2024-04-23-2501,2024-07-03,1684861.15,國建,30.65,54971,False,2501
2024-07-03,liquid_universe-2024-05-16-2609,2024-07-03,1806644.4,陽明,74.8,24153,False,2609
2024-07-03,liquid_universe-2024-06-19-4545,2024-07-03,1444630,銘鈺,57.5,25124,False,4545
2024-07-04,liquid_universe-2024-04-23-2501,2024-07-04,1712346.65,國建,31.15,54971,False,2501
2024-07-04,liquid_universe-2024-05-16-2609,2024-07-04,1782491.4,陽明,73.8,24153,False,2609
2024-07-04,liquid_universe-2024-06-19-4545,2024-07-04,62816,銘鈺,60.4,1040,False,4545
2024-07-05,liquid_universe-2024-04-23-2501,2024-07-05,1698603.9,國建,30.9,54971,False,2501
2024-07-05,liquid_universe-2024-05-16-2609,2024-07-05,1746261.9,陽明,72.3,24153,False,2609
2024-07-08,liquid_universe-2024-04-23-2501,2024-07-08,1671118.4,國建,30.4,54971,False,2501
2024-07-08,liquid_universe-2024-05-16-2609,2024-07-08,1630327.5,陽明,67.5,24153,False,2609
2024-07-08,liquid_universe-2024-07-05-5484,2024-07-08,764515,慧友,107,7145,False,5484
2024-07-09,liquid_universe-2024-04-23-2501,2024-07-09,1665621.3,國建,30.3,54971,False,2501
2024-07-09,liquid_universe-2024-05-16-2609,2024-07-09,1574775.6,陽明,65.2,24153,False,2609
2024-07-09,liquid_universe-2024-07-05-5484,2024-07-09,688063.5,慧友,96.3,7145,False,5484
2024-07-10,liquid_universe-2024-04-23-2501,2024-07-10,1709598.1,國建,31.1,54971,False,2501
2024-07-10,liquid_universe-2024-05-16-2609,2024-07-10,1572360.3,陽明,65.1,24153,False,2609
2024-07-10,liquid_universe-2024-07-05-5484,2024-07-10,619471.5,慧友,86.7,7145,False,5484
2024-07-11,liquid_universe-2024-04-23-2501,2024-07-11,1687609.7,國建,30.7,54971,False,2501
2024-07-11,liquid_universe-2024-05-16-2609,2024-07-11,1572360.3,陽明,65.1,24153,False,2609
2024-07-12,liquid_universe-2024-04-23-2501,2024-07-12,1662872.75,國建,30.25,54971,False,2501
2024-07-12,liquid_universe-2024-05-16-2609,2024-07-12,1545792,陽明,64,24153,False,2609
2024-07-12,liquid_universe-2024-07-11-2438,2024-07-12,1351542.5,翔耀,83.3,16225,False,2438
2024-07-15,liquid_universe-2024-04-23-2501,2024-07-15,1726089.4,國建,31.4,54971,False,2501
2024-07-15,liquid_universe-2024-05-16-2609,2024-07-15,1524054.3,陽明,63.1,24153,False,2609
2024-07-15,liquid_universe-2024-07-11-2438,2024-07-15,1216875,翔耀,75,16225,False,2438
2024-07-16,liquid_universe-2024-04-23-2501,2024-07-16,1706849.55,國建,31.05,54971,False,2501
2024-07-16,liquid_universe-2024-05-16-2609,2024-07-16,1507147.2,陽明,62.4,24153,False,2609
2024-07-16,liquid_universe-2024-07-11-2438,2024-07-16,1095187.5,翔耀,67.5,16225,False,2438
2024-07-17,liquid_universe-2024-04-23-2501,2024-07-17,1750826.35,國建,31.85,54971,False,2501
2024-07-17,liquid_universe-2024-05-16-2609,2024-07-17,1495070.7,陽明,61.9,24153,False,2609
2024-07-17,liquid_universe-2024-07-11-2438,2024-07-17,151000.2,翔耀,71.7,2106,False,2438
2024-07-18,liquid_universe-2024-04-23-2501,2024-07-18,1781060.4,國建,32.4,54971,False,2501
2024-07-18,liquid_universe-2024-05-16-2609,2024-07-18,1492655.4,陽明,61.8,24153,False,2609
2024-07-19,liquid_universe-2024-04-23-2501,2024-07-19,1737083.6,國建,31.6,54971,False,2501
2024-07-19,liquid_universe-2024-05-16-2609,2024-07-19,1454010.6,陽明,60.2,24153,False,2609
2024-07-19,liquid_universe-2024-07-18-3073,2024-07-19,714000,天方能源,102,7000,False,3073
2024-07-22,liquid_universe-2024-04-23-2501,2024-07-22,1682112.6,國建,30.6,54971,False,2501
2024-07-22,liquid_universe-2024-07-18-3073,2024-07-22,784000,天方能源,112,7000,False,3073
2024-07-23,liquid_universe-2024-04-23-2501,2024-07-23,1742580.7,國建,31.7,54971,False,2501
2024-07-23,liquid_universe-2024-07-18-3073,2024-07-23,707000,天方能源,101,7000,False,3073
2024-07-23,liquid_universe-2024-07-22-3686,2024-07-23,1211676.1,達能,30.05,40322,False,3686
2024-07-26,liquid_universe-2024-04-23-2501,2024-07-26,24492,國建,31.2,785,False,2501
2024-07-26,liquid_universe-2024-07-18-3073,2024-07-26,636300,天方能源,90.9,7000,False,3073
2024-07-26,liquid_universe-2024-07-22-3686,2024-07-26,1139096.5,達能,28.25,40322,False,3686
2024-07-29,liquid_universe-2024-04-23-2501,2024-07-29,18474.75,國建,31.05,595,False,2501
2024-07-29,liquid_universe-2024-07-18-3073,2024-07-29,586600,天方能源,83.8,7000,False,3073
2024-07-29,liquid_universe-2024-07-22-3686,2024-07-29,1064500.8,達能,26.4,40322,False,3686
2024-07-29,liquid_universe-2024-07-26-9906,2024-07-29,1301940,欣巴巴,180,7233,False,9906
2024-07-30,liquid_universe-2024-04-23-2501,2024-07-30,13167,國建,31.35,420,False,2501
2024-07-30,liquid_universe-2024-07-22-3686,2024-07-30,176436,達能,29,6084,False,3686
2024-07-30,liquid_universe-2024-07-26-9906,2024-07-30,1395969,欣巴巴,193,7233,False,9906
2024-07-31,liquid_universe-2024-04-23-2501,2024-07-31,9174.5,國建,31.1,295,False,2501
2024-07-31,liquid_universe-2024-07-26-9906,2024-07-31,1406818.5,欣巴巴,194.5,7233,False,9906
2024-07-31,liquid_universe-2024-07-30-2524,2024-07-31,1302961.5,京城,103.5,12589,False,2524
2024-08-01,liquid_universe-2024-07-26-9906,2024-08-01,1544245.5,欣巴巴,213.5,7233,False,9906
2024-08-01,liquid_universe-2024-07-30-2524,2024-08-01,1428851.5,京城,113.5,12589,False,2524
2024-08-01,liquid_universe-2024-07-31-3188,2024-08-01,1280294,鑫龍騰,55.4,23110,False,3188
2024-08-02,liquid_universe-2024-07-26-9906,2024-08-02,1504464,欣巴巴,208,7233,False,9906
2024-08-02,liquid_universe-2024-07-30-2524,2024-08-02,1454029.5,京城,115.5,12589,False,2524
2024-08-02,liquid_universe-2024-07-31-3188,2024-08-02,1162433,鑫龍騰,50.3,23110,False,3188
2024-08-05,liquid_universe-2024-07-26-9906,2024-08-05,1367037,欣巴巴,189,7233,False,9906
2024-08-05,liquid_universe-2024-07-30-2524,2024-08-05,1309256,京城,104,12589,False,2524
2024-08-05,liquid_universe-2024-07-31-3188,2024-08-05,1046883,鑫龍騰,45.3,23110,False,3188
2024-08-06,liquid_universe-2024-07-26-9906,2024-08-06,1283857.5,欣巴巴,177.5,7233,False,9906
2024-08-06,liquid_universe-2024-07-30-2524,2024-08-06,1178330.4,京城,93.6,12589,False,2524
2024-08-07,liquid_universe-2024-07-26-9906,2024-08-07,1410435,欣巴巴,195,7233,False,9906
2024-08-07,liquid_universe-2024-07-30-2524,2024-08-07,1290372.5,京城,102.5,12589,False,2524
2024-08-07,liquid_universe-2024-08-06-1540,2024-08-07,1122092.4,喬福,42.9,26156,False,1540
2024-08-08,liquid_universe-2024-07-26-9906,2024-08-08,1500847.5,欣巴巴,207.5,7233,False,9906
2024-08-08,liquid_universe-2024-07-30-2524,2024-08-08,1284078,京城,102,12589,False,2524
2024-08-08,liquid_universe-2024-08-06-1540,2024-08-08,1115553.4,喬福,42.65,26156,False,1540
2024-08-09,liquid_universe-2024-07-26-9906,2024-08-09,1439367,欣巴巴,199,7233,False,9906
2024-08-09,liquid_universe-2024-07-30-2524,2024-08-09,1359612,京城,108,12589,False,2524
2024-08-09,liquid_universe-2024-08-06-1540,2024-08-09,1061933.6,喬福,40.6,26156,False,1540
2024-08-12,liquid_universe-2024-07-26-9906,2024-08-12,1500847.5,欣巴巴,207.5,7233,False,9906
2024-08-12,liquid_universe-2024-07-30-2524,2024-08-12,1334434,京城,106,12589,False,2524
2024-08-12,liquid_universe-2024-08-06-1540,2024-08-12,1051471.2,喬福,40.2,26156,False,1540
2024-08-13,liquid_universe-2024-07-26-9906,2024-08-13,1522546.5,欣巴巴,210.5,7233,False,9906
2024-08-13,liquid_universe-2024-07-30-2524,2024-08-13,1340728.5,京城,106.5,12589,False,2524
2024-08-13,liquid_universe-2024-08-06-1540,2024-08-13,993928,喬福,38,26156,False,1540
2024-08-14,liquid_universe-2024-07-26-9906,2024-08-14,1598493,欣巴巴,221,7233,False,9906
2024-08-14,liquid_universe-2024-07-30-2524,2024-08-14,1384790,京城,110,12589,False,2524
2024-08-14,liquid_universe-2024-08-06-1540,2024-08-14,986081.2,喬福,37.7,26156,False,1540
2024-08-15,liquid_universe-2024-07-26-9906,2024-08-15,1598493,欣巴巴,221,7233,False,9906
2024-08-15,liquid_universe-2024-07-30-2524,2024-08-15,1523269,京城,121,12589,False,2524
2024-08-15,liquid_universe-2024-08-06-1540,2024-08-15,38366.7,喬福,38.1,1007,False,1540
2024-08-16,liquid_universe-2024-07-26-9906,2024-08-16,1576794,欣巴巴,218,7233,False,9906
2024-08-16,liquid_universe-2024-07-30-2524,2024-08-16,1561036,京城,124,12589,False,2524
2024-08-19,liquid_universe-2024-07-26-9906,2024-08-19,1533396,欣巴巴,212,7233,False,9906
2024-08-19,liquid_universe-2024-07-30-2524,2024-08-19,1712104,京城,136,12589,False,2524
2024-08-19,liquid_universe-2024-08-16-8043,2024-08-19,1005998.1,蜜望實,47.35,21246,False,8043
2024-08-20,liquid_universe-2024-07-26-9906,2024-08-20,1511697,欣巴巴,209,7233,False,9906
2024-08-20,liquid_universe-2024-07-30-2524,2024-08-20,1554741.5,京城,123.5,12589,False,2524
2024-08-20,liquid_universe-2024-08-16-8043,2024-08-20,998562,蜜望實,47,21246,False,8043
2024-08-21,liquid_universe-2024-07-26-9906,2024-08-21,1486381.5,欣巴巴,205.5,7233,False,9906
2024-08-21,liquid_universe-2024-07-30-2524,2024-08-21,1422557,京城,113,12589,False,2524
2024-08-21,liquid_universe-2024-08-16-8043,2024-08-21,1043178.6,蜜望實,49.1,21246,False,8043
2024-08-22,liquid_universe-2024-07-26-9906,2024-08-22,1482765,欣巴巴,205,7233,False,9906
2024-08-22,liquid_universe-2024-07-30-2524,2024-08-22,1561036,京城,124,12589,False,2524
2024-08-22,liquid_universe-2024-08-16-8043,2024-08-22,1083546,蜜望實,51,21246,False,8043
2024-08-23,liquid_universe-2024-07-26-9906,2024-08-23,1442983.5,欣巴巴,199.5,7233,False,9906
2024-08-23,liquid_universe-2024-07-30-2524,2024-08-23,1523269,京城,121,12589,False,2524
2024-08-23,liquid_universe-2024-08-16-8043,2024-08-23,1077172.2,蜜望實,50.7,21246,False,8043
2024-08-26,liquid_universe-2024-07-26-9906,2024-08-26,1442983.5,欣巴巴,199.5,7233,False,9906
2024-08-26,liquid_universe-2024-07-30-2524,2024-08-26,1466618.5,京城,116.5,12589,False,2524
2024-08-26,liquid_universe-2024-08-16-8043,2024-08-26,983689.8,蜜望實,46.3,21246,False,8043
2024-08-27,liquid_universe-2024-07-26-9906,2024-08-27,1515313.5,欣巴巴,209.5,7233,False,9906
2024-08-27,liquid_universe-2024-07-30-2524,2024-08-27,1510680,京城,120,12589,False,2524
2024-08-27,liquid_universe-2024-08-16-8043,2024-08-27,1004935.8,蜜望實,47.3,21246,False,8043
2024-08-28,liquid_universe-2024-07-26-9906,2024-08-28,1439367,欣巴巴,199,7233,False,9906
2024-08-28,liquid_universe-2024-07-30-2524,2024-08-28,1498091,京城,119,12589,False,2524
2024-08-28,liquid_universe-2024-08-16-8043,2024-08-28,989001.3,蜜望實,46.55,21246,False,8043
2024-08-29,liquid_universe-2024-07-26-9906,2024-08-29,1428517.5,欣巴巴,197.5,7233,False,9906
2024-08-29,liquid_universe-2024-07-30-2524,2024-08-29,1460324,京城,116,12589,False,2524
2024-08-29,liquid_universe-2024-08-16-8043,2024-08-29,961381.5,蜜望實,45.25,21246,False,8043
2024-08-30,liquid_universe-2024-07-26-9906,2024-08-30,1461066,欣巴巴,202,7233,False,9906
2024-08-30,liquid_universe-2024-07-30-2524,2024-08-30,1567330.5,京城,124.5,12589,False,2524
2024-08-30,liquid_universe-2024-08-16-8043,2024-08-30,1056988.5,蜜望實,49.75,21246,False,8043
2024-09-02,liquid_universe-2024-07-26-9906,2024-09-02,1424901,欣巴巴,197,7233,False,9906
2024-09-02,liquid_universe-2024-07-30-2524,2024-09-02,1523269,京城,121,12589,False,2524
2024-09-02,liquid_universe-2024-08-16-8043,2024-09-02,1058050.8,蜜望實,49.8,21246,False,8043
2024-09-03,liquid_universe-2024-07-26-9906,2024-09-03,1457449.5,欣巴巴,201.5,7233,False,9906
2024-09-03,liquid_universe-2024-07-30-2524,2024-09-03,1485502,京城,118,12589,False,2524
2024-09-03,liquid_universe-2024-08-16-8043,2024-09-03,1048490.1,蜜望實,49.35,21246,False,8043
2024-09-04,liquid_universe-2024-07-26-9906,2024-09-04,1428517.5,欣巴巴,197.5,7233,False,9906
2024-09-04,liquid_universe-2024-07-30-2524,2024-09-04,1422557,京城,113,12589,False,2524
2024-09-04,liquid_universe-2024-08-16-8043,2024-09-04,975191.4,蜜望實,45.9,21246,False,8043
2024-09-05,liquid_universe-2024-07-26-9906,2024-09-05,1395969,欣巴巴,193,7233,False,9906
2024-09-05,liquid_universe-2024-07-30-2524,2024-09-05,1397379,京城,111,12589,False,2524
2024-09-05,liquid_universe-2024-08-16-8043,2024-09-05,930574.8,蜜望實,43.8,21246,False,8043
2024-09-06,liquid_universe-2024-07-26-9906,2024-09-06,1367037,欣巴巴,189,7233,False,9906
2024-09-06,liquid_universe-2024-07-30-2524,2024-09-06,1416262.5,京城,112.5,12589,False,2524
2024-09-06,liquid_universe-2024-08-16-8043,2024-09-06,972004.5,蜜望實,45.75,21246,False,8043
2024-09-09,liquid_universe-2024-07-26-9906,2024-09-09,1352571,欣巴巴,187,7233,False,9906
2024-09-09,liquid_universe-2024-07-30-2524,2024-09-09,1378495.5,京城,109.5,12589,False,2524
2024-09-09,liquid_universe-2024-08-16-8043,2024-09-09,932699.4,蜜望實,43.9,21246,False,8043
2024-09-10,liquid_universe-2024-07-26-9906,2024-09-10,1229610,欣巴巴,170,7233,False,9906
2024-09-10,liquid_universe-2024-07-30-2524,2024-09-10,1315550.5,京城,104.5,12589,False,2524
2024-09-10,liquid_universe-2024-08-16-8043,2024-09-10,880646.7,蜜望實,41.45,21246,False,8043
2024-09-11,liquid_universe-2024-07-26-9906,2024-09-11,1204294.5,欣巴巴,166.5,7233,False,9906
2024-09-11,liquid_universe-2024-07-30-2524,2024-09-11,1403673.5,京城,111.5,12589,False,2524
2024-09-11,liquid_universe-2024-08-16-8043,2024-09-11,4463.2,蜜望實,39.85,112,False,8043
2024-09-12,liquid_universe-2024-07-26-9906,2024-09-12,1262158.5,欣巴巴,174.5,7233,False,9906
2024-09-12,liquid_universe-2024-07-30-2524,2024-09-12,1435146,京城,114,12589,False,2524
2024-09-12,liquid_universe-2024-08-16-8043,2024-09-12,1485.55,蜜望實,40.15,37,False,8043
2024-09-13,liquid_universe-2024-07-26-9906,2024-09-13,1305556.5,欣巴巴,180.5,7233,False,9906
2024-09-13,liquid_universe-2024-07-30-2524,2024-09-13,1516974.5,京城,120.5,12589,False,2524
2024-09-13,liquid_universe-2024-09-12-6530,2024-09-13,849594,創威,64.5,13172,False,6530
2024-09-16,liquid_universe-2024-07-26-9906,2024-09-16,1276624.5,欣巴巴,176.5,7233,False,9906
2024-09-16,liquid_universe-2024-07-30-2524,2024-09-16,1542152.5,京城,122.5,12589,False,2524
2024-09-16,liquid_universe-2024-09-12-6530,2024-09-16,877255.2,創威,66.6,13172,False,6530
2024-09-18,liquid_universe-2024-07-26-9906,2024-09-18,1265775,欣巴巴,175,7233,False,9906
2024-09-18,liquid_universe-2024-07-30-2524,2024-09-18,1479207.5,京城,117.5,12589,False,2524
2024-09-18,liquid_universe-2024-09-12-6530,2024-09-18,843008,創威,64,13172,False,6530
2024-09-19,liquid_universe-2024-07-26-9906,2024-09-19,1294707,欣巴巴,179,7233,False,9906
2024-09-19,liquid_universe-2024-07-30-2524,2024-09-19,1535858,京城,122,12589,False,2524
2024-09-19,liquid_universe-2024-09-12-6530,2024-09-19,849594,創威,64.5,13172,False,6530
2024-09-20,liquid_universe-2024-07-26-9906,2024-09-20,1168129.5,欣巴巴,161.5,7233,False,9906
2024-09-20,liquid_universe-2024-07-30-2524,2024-09-20,1384790,京城,110,12589,False,2524
2024-09-20,liquid_universe-2024-09-12-6530,2024-09-20,810078,創威,61.5,13172,False,6530
2024-09-23,liquid_universe-2024-07-26-9906,2024-09-23,1052401.5,欣巴巴,145.5,7233,False,9906
2024-09-23,liquid_universe-2024-07-30-2524,2024-09-23,1315550.5,京城,104.5,12589,False,2524
2024-09-23,liquid_universe-2024-09-12-6530,2024-09-23,821932.8,創威,62.4,13172,False,6530
2024-09-24,liquid_universe-2024-07-30-2524,2024-09-24,1347023,京城,107,12589,False,2524
2024-09-24,liquid_universe-2024-09-12-6530,2024-09-24,782416.8,創威,59.4,13172,False,6530
2024-09-25,liquid_universe-2024-07-30-2524,2024-09-25,1284078,京城,102,12589,False,2524
2024-09-25,liquid_universe-2024-09-12-6530,2024-09-25,786368.4,創威,59.7,13172,False,6530
2024-09-25,liquid_universe-2024-09-24-3081,2024-09-25,1021674.5,聯亞,269.5,3791,False,3081
2024-09-26,liquid_universe-2024-07-30-2524,2024-09-26,1240016.5,京城,98.5,12589,False,2524
2024-09-26,liquid_universe-2024-09-12-6530,2024-09-26,798223.2,創威,60.6,13172,False,6530
2024-09-26,liquid_universe-2024-09-24-3081,2024-09-26,1038734,聯亞,274,3791,False,3081
2024-09-27,liquid_universe-2024-07-30-2524,2024-09-27,1237498.7,京城,98.3,12589,False,2524
2024-09-27,liquid_universe-2024-09-12-6530,2024-09-27,843008,創威,64,13172,False,6530
2024-09-27,liquid_universe-2024-09-24-3081,2024-09-27,1038734,聯亞,274,3791,False,3081
2024-09-30,liquid_universe-2024-07-30-2524,2024-09-30,1223650.8,京城,97.2,12589,False,2524
2024-09-30,liquid_universe-2024-09-12-6530,2024-09-30,966,創威,64.4,15,False,6530
2024-09-30,liquid_universe-2024-09-24-3081,2024-09-30,1120240.5,聯亞,295.5,3791,False,3081
2024-10-01,liquid_universe-2024-07-30-2524,2024-10-01,1188401.6,京城,94.4,12589,False,2524
2024-10-01,liquid_universe-2024-09-24-3081,2024-10-01,1232075,聯亞,325,3791,False,3081
2024-10-01,liquid_universe-2024-09-30-3430,2024-10-01,878037.2,奇鈦科,93.2,9421,False,3430
2024-10-04,liquid_universe-2024-07-30-2524,2024-10-04,1138045.6,京城,90.4,12589,False,2524
2024-10-04,liquid_universe-2024-09-24-3081,2024-10-04,1311686,聯亞,346,3791,False,3081
2024-10-04,liquid_universe-2024-09-30-3430,2024-10-04,797016.6,奇鈦科,84.6,9421,False,3430
2024-10-07,liquid_universe-2024-07-30-2524,2024-10-07,46906.2,京城,92.7,506,False,2524
2024-10-07,liquid_universe-2024-09-24-3081,2024-10-07,1288940,聯亞,340,3791,False,3081
2024-10-07,liquid_universe-2024-09-30-3430,2024-10-07,801727.1,奇鈦科,85.1,9421,False,3430
2024-10-08,liquid_universe-2024-07-30-2524,2024-10-08,41085.6,京城,90.1,456,False,2524
2024-10-08,liquid_universe-2024-09-24-3081,2024-10-08,1307895,聯亞,345,3791,False,3081
2024-10-08,liquid_universe-2024-09-30-3430,2024-10-08,772522,奇鈦科,82,9421,False,3430
2024-10-08,liquid_universe-2024-10-07-4903,2024-10-08,952031.85,聯光通,48.65,19569,False,4903
2024-10-09,liquid_universe-2024-07-30-2524,2024-10-09,35625.2,京城,88.4,403,False,2524
2024-10-09,liquid_universe-2024-09-24-3081,2024-10-09,1296522,聯亞,342,3791,False,3081
2024-10-09,liquid_universe-2024-09-30-3430,2024-10-09,24852.8,奇鈦科,78.4,317,False,3430
2024-10-09,liquid_universe-2024-10-07-4903,2024-10-09,1046941.5,聯光通,53.5,19569,False,4903
2024-10-11,liquid_universe-2024-07-30-2524,2024-10-11,27610.7,京城,87.1,317,False,2524
2024-10-11,liquid_universe-2024-09-24-3081,2024-10-11,1334432,聯亞,352,3791,False,3081
2024-10-11,liquid_universe-2024-09-30-3430,2024-10-11,15010,奇鈦科,79,190,False,3430
2024-10-11,liquid_universe-2024-10-07-4903,2024-10-11,1044984.6,聯光通,53.4,19569,False,4903
2024-10-11,liquid_universe-2024-10-09-3234,2024-10-11,841289.6,光環,54.8,15352,False,3234
2024-10-14,liquid_universe-2024-07-30-2524,2024-10-14,20484.8,京城,86.8,236,False,2524
2024-10-14,liquid_universe-2024-09-24-3081,2024-10-14,1440580,聯亞,380,3791,False,3081
2024-10-14,liquid_universe-2024-09-30-3430,2024-10-14,5453,奇鈦科,77.9,70,False,3430
2024-10-14,liquid_universe-2024-10-07-4903,2024-10-14,1027372.5,聯光通,52.5,19569,False,4903
2024-10-14,liquid_universe-2024-10-09-3234,2024-10-14,812120.8,光環,52.9,15352,False,3234
2024-10-15,liquid_universe-2024-07-30-2524,2024-10-15,13944,京城,84,166,False,2524
2024-10-15,liquid_universe-2024-09-24-3081,2024-10-15,1296522,聯亞,342,3791,False,3081
2024-10-15,liquid_universe-2024-09-30-3430,2024-10-15,309.2,奇鈦科,77.3,4,False,3430
2024-10-15,liquid_universe-2024-10-07-4903,2024-10-15,968665.5,聯光通,49.5,19569,False,4903
2024-10-15,liquid_universe-2024-10-09-3234,2024-10-15,778346.4,光環,50.7,15352,False,3234
2024-10-16,liquid_universe-2024-07-30-2524,2024-10-16,11488.5,京城,85.1,135,False,2524
2024-10-16,liquid_universe-2024-09-24-3081,2024-10-16,1285149,聯亞,339,3791,False,3081
2024-10-16,liquid_universe-2024-10-07-4903,2024-10-16,1064553.6,聯光通,54.4,19569,False,4903
2024-10-16,liquid_universe-2024-10-09-3234,2024-10-16,815191.2,光環,53.1,15352,False,3234
2024-10-17,liquid_universe-2024-07-30-2524,2024-10-17,7725.9,京城,84.9,91,False,2524
2024-10-17,liquid_universe-2024-09-24-3081,2024-10-17,1275671.5,聯亞,336.5,3791,False,3081
2024-10-17,liquid_universe-2024-10-07-4903,2024-10-17,1050855.3,聯光通,53.7,19569,False,4903
2024-10-17,liquid_universe-2024-10-09-3234,2024-10-17,810585.6,光環,52.8,15352,False,3234
2024-10-18,liquid_universe-2024-07-30-2524,2024-10-18,1405.9,京城,82.7,17,False,2524
2024-10-18,liquid_universe-2024-09-24-3081,2024-10-18,1287044.5,聯亞,339.5,3791,False,3081
2024-10-18,liquid_universe-2024-10-07-4903,2024-10-18,999975.9,聯光通,51.1,19569,False,4903
2024-10-18,liquid_universe-2024-10-09-3234,2024-10-18,798304,光環,52,15352,False,3234
2024-10-21,liquid_universe-2024-09-24-3081,2024-10-21,1287044.5,聯亞,339.5,3791,False,3081
2024-10-21,liquid_universe-2024-10-07-4903,2024-10-21,1009760.4,聯光通,51.6,19569,False,4903
2024-10-21,liquid_universe-2024-10-09-3234,2024-10-21,836684,光環,54.5,15352,False,3234
2024-10-22,liquid_universe-2024-09-24-3081,2024-10-22,1336327.5,聯亞,352.5,3791,False,3081
2024-10-22,liquid_universe-2024-10-07-4903,2024-10-22,978450,聯光通,50,19569,False,4903
2024-10-22,liquid_universe-2024-10-09-3234,2024-10-22,844360,光環,55,15352,False,3234
2024-10-23,liquid_universe-2024-09-24-3081,2024-10-23,1372342,聯亞,362,3791,False,3081
2024-10-23,liquid_universe-2024-10-07-4903,2024-10-23,1013674.2,聯光通,51.8,19569,False,4903
2024-10-23,liquid_universe-2024-10-09-3234,2024-10-23,850500.8,光環,55.4,15352,False,3234
2024-10-24,liquid_universe-2024-09-24-3081,2024-10-24,1307895,聯亞,345,3791,False,3081
2024-10-24,liquid_universe-2024-10-07-4903,2024-10-24,967687.05,聯光通,49.45,19569,False,4903
2024-10-24,liquid_universe-2024-10-09-3234,2024-10-24,801374.4,光環,52.2,15352,False,3234
2024-10-25,liquid_universe-2024-09-24-3081,2024-10-25,1364760,聯亞,360,3791,False,3081
2024-10-25,liquid_universe-2024-10-07-4903,2024-10-25,966708.6,聯光通,49.4,19569,False,4903
2024-10-25,liquid_universe-2024-10-09-3234,2024-10-25,118911.6,光環,52.2,2278,False,3234
2024-10-28,liquid_universe-2024-09-24-3081,2024-10-28,1228284,聯亞,324,3791,False,3081
2024-10-28,liquid_universe-2024-10-07-4903,2024-10-28,872777.4,聯光通,44.6,19569,False,4903
2024-10-29,liquid_universe-2024-09-24-3081,2024-10-29,1252925.5,聯亞,330.5,3791,False,3081
2024-10-29,liquid_universe-2024-10-07-4903,2024-10-29,854186.85,聯光通,43.65,19569,False,4903
2024-10-29,liquid_universe-2024-10-28-3447,2024-10-29,815027.2,展達,80.6,10112,False,3447
2024-10-30,liquid_universe-2024-09-24-3081,2024-10-30,1222597.5,聯亞,322.5,3791,False,3081
2024-10-30,liquid_universe-2024-10-07-4903,2024-10-30,828747.15,聯光通,42.35,19569,False,4903
2024-10-30,liquid_universe-2024-10-28-3447,2024-10-30,800870.4,展達,79.2,10112,False,3447
2024-11-01,liquid_universe-2024-09-24-3081,2024-11-01,1300313,聯亞,343,3791,False,3081
2024-11-01,liquid_universe-2024-10-07-4903,2024-11-01,12940.9,聯光通,46.55,278,False,4903
2024-11-01,liquid_universe-2024-10-28-3447,2024-11-01,835251.2,展達,82.6,10112,False,3447
2024-11-04,liquid_universe-2024-09-24-3081,2024-11-04,1345805,聯亞,355,3791,False,3081
2024-11-04,liquid_universe-2024-10-28-3447,2024-11-04,851430.4,展達,84.2,10112,False,3447
2024-11-04,liquid_universe-2024-11-01-4991,2024-11-04,916353,環宇-KY,81,11313,False,4991
2024-11-05,liquid_universe-2024-09-24-3081,2024-11-05,1379924,聯亞,364,3791,False,3081
2024-11-05,liquid_universe-2024-10-28-3447,2024-11-05,815027.2,展達,80.6,10112,False,3447
2024-11-05,liquid_universe-2024-11-01-4991,2024-11-05,944635.5,環宇-KY,83.5,11313,False,4991
2024-11-06,liquid_universe-2024-09-24-3081,2024-11-06,1391297,聯亞,367,3791,False,3081
2024-11-06,liquid_universe-2024-10-28-3447,2024-11-06,895923.2,展達,88.6,10112,False,3447
2024-11-06,liquid_universe-2024-11-01-4991,2024-11-06,957079.8,環宇-KY,84.6,11313,False,4991
2024-11-07,liquid_universe-2024-09-24-3081,2024-11-07,1427311.5,聯亞,376.5,3791,False,3081
2024-11-07,liquid_universe-2024-10-28-3447,2024-11-07,931315.2,展達,92.1,10112,False,3447
2024-11-07,liquid_universe-2024-11-01-4991,2024-11-07,1052109,環宇-KY,93,11313,False,4991
2024-11-08,liquid_universe-2024-09-24-3081,2024-11-08,1421625,聯亞,375,3791,False,3081
2024-11-08,liquid_universe-2024-10-28-3447,2024-11-08,931315.2,展達,92.1,10112,False,3447
2024-11-08,liquid_universe-2024-11-01-4991,2024-11-08,1011382.2,環宇-KY,89.4,11313,False,4991
2024-11-11,liquid_universe-2024-09-24-3081,2024-11-11,1440580,聯亞,380,3791,False,3081
2024-11-11,liquid_universe-2024-10-28-3447,2024-11-11,1000076.8,展達,98.9,10112,False,3447
2024-11-11,liquid_universe-2024-11-01-4991,2024-11-11,1049846.4,環宇-KY,92.8,11313,False,4991
2024-11-12,liquid_universe-2024-09-24-3081,2024-11-12,1417834,聯亞,374,3791,False,3081
2024-11-12,liquid_universe-2024-10-28-3447,2024-11-12,995020.8,展達,98.4,10112,False,3447
2024-11-12,liquid_universe-2024-11-01-4991,2024-11-12,1031745.6,環宇-KY,91.2,11313,False,4991
2024-11-13,liquid_universe-2024-09-24-3081,2024-11-13,1279462.5,聯亞,337.5,3791,False,3081
2024-11-13,liquid_universe-2024-10-28-3447,2024-11-13,1011200,展達,100,10112,False,3447
2024-11-13,liquid_universe-2024-11-01-4991,2024-11-13,1001200.5,環宇-KY,88.5,11313,False,4991
2024-11-14,liquid_universe-2024-09-24-3081,2024-11-14,1264298.5,聯亞,333.5,3791,False,3081
2024-11-14,liquid_universe-2024-10-28-3447,2024-11-14,910080,展達,90,10112,False,3447
2024-11-14,liquid_universe-2024-11-01-4991,2024-11-14,995544,環宇-KY,88,11313,False,4991
2024-11-15,liquid_universe-2024-09-24-3081,2024-11-15,1281358,聯亞,338,3791,False,3081
2024-11-15,liquid_universe-2024-10-28-3447,2024-11-15,910080,展達,90,10112,False,3447
2024-11-15,liquid_universe-2024-11-01-4991,2024-11-15,970655.4,環宇-KY,85.8,11313,False,4991
2024-11-18,liquid_universe-2024-09-24-3081,2024-11-18,1154359.5,聯亞,304.5,3791,False,3081
2024-11-18,liquid_universe-2024-10-28-3447,2024-11-18,922214.4,展達,91.2,10112,False,3447
2024-11-18,liquid_universe-2024-11-01-4991,2024-11-18,914090.4,環宇-KY,80.8,11313,False,4991
2024-11-19,liquid_universe-2024-09-24-3081,2024-11-19,1268089.5,聯亞,334.5,3791,False,3081
2024-11-19,liquid_universe-2024-10-28-3447,2024-11-19,1011200,展達,100,10112,False,3447
2024-11-19,liquid_universe-2024-11-01-4991,2024-11-19,971786.7,環宇-KY,85.9,11313,False,4991
2024-11-20,liquid_universe-2024-09-24-3081,2024-11-20,1357178,聯亞,358,3791,False,3081
2024-11-20,liquid_universe-2024-10-28-3447,2024-11-20,910080,展達,90,10112,False,3447
2024-11-20,liquid_universe-2024-11-01-4991,2024-11-20,978574.5,環宇-KY,86.5,11313,False,4991
2024-11-21,liquid_universe-2024-09-24-3081,2024-11-21,1396983.5,聯亞,368.5,3791,False,3081
2024-11-21,liquid_universe-2024-10-28-3447,2024-11-21,819072,展達,81,10112,False,3447
2024-11-21,liquid_universe-2024-11-01-4991,2024-11-21,1023826.5,環宇-KY,90.5,11313,False,4991
2024-11-22,liquid_universe-2024-09-24-3081,2024-11-22,1355282.5,聯亞,357.5,3791,False,3081
2024-11-22,liquid_universe-2024-10-28-3447,2024-11-22,806937.6,展達,79.8,10112,False,3447
2024-11-22,liquid_universe-2024-11-01-4991,2024-11-22,1049846.4,環宇-KY,92.8,11313,False,4991
2024-11-25,liquid_universe-2024-09-24-3081,2024-11-25,1372342,聯亞,362,3791,False,3081
2024-11-25,liquid_universe-2024-10-28-3447,2024-11-25,821094.4,展達,81.2,10112,False,3447
2024-11-25,liquid_universe-2024-11-01-4991,2024-11-25,1057765.5,環宇-KY,93.5,11313,False,4991
2024-11-26,liquid_universe-2024-09-24-3081,2024-11-26,1294626.5,聯亞,341.5,3791,False,3081
2024-11-26,liquid_universe-2024-10-28-3447,2024-11-26,805926.4,展達,79.7,10112,False,3447
2024-11-26,liquid_universe-2024-11-01-4991,2024-11-26,1057765.5,環宇-KY,93.5,11313,False,4991
2024-11-27,liquid_universe-2024-09-24-3081,2024-11-27,1266194,聯亞,334,3791,False,3081
2024-11-27,liquid_universe-2024-10-28-3447,2024-11-27,726041.6,展達,71.8,10112,False,3447
2024-11-27,liquid_universe-2024-11-01-4991,2024-11-27,1159582.5,環宇-KY,102.5,11313,False,4991
2024-11-28,liquid_universe-2024-09-24-3081,2024-11-28,1220702,聯亞,322,3791,False,3081
2024-11-28,liquid_universe-2024-10-28-3447,2024-11-28,720985.6,展達,71.3,10112,False,3447
2024-11-28,liquid_universe-2024-11-01-4991,2024-11-28,1044189.9,環宇-KY,92.3,11313,False,4991
2024-11-29,liquid_universe-2024-09-24-3081,2024-11-29,1300313,聯亞,343,3791,False,3081
2024-11-29,liquid_universe-2024-10-28-3447,2024-11-29,729075.2,展達,72.1,10112,False,3447
2024-11-29,liquid_universe-2024-11-01-4991,2024-11-29,1099623.6,環宇-KY,97.2,11313,False,4991
2024-12-02,liquid_universe-2024-09-24-3081,2024-12-02,1300313,聯亞,343,3791,False,3081
2024-12-02,liquid_universe-2024-10-28-3447,2024-12-02,742220.8,展達,73.4,10112,False,3447
2024-12-02,liquid_universe-2024-11-01-4991,2024-12-02,1204834.5,環宇-KY,106.5,11313,False,4991
2024-12-03,liquid_universe-2024-09-24-3081,2024-12-03,1345805,聯亞,355,3791,False,3081
2024-12-03,liquid_universe-2024-10-28-3447,2024-12-03,723008,展達,71.5,10112,False,3447
2024-12-03,liquid_universe-2024-11-01-4991,2024-12-03,1216147.5,環宇-KY,107.5,11313,False,4991
2024-12-04,liquid_universe-2024-09-24-3081,2024-12-04,1400774.5,聯亞,369.5,3791,False,3081
2024-12-04,liquid_universe-2024-10-28-3447,2024-12-04,740198.4,展達,73.2,10112,False,3447
2024-12-04,liquid_universe-2024-11-01-4991,2024-12-04,1221804,環宇-KY,108,11313,False,4991
2024-12-05,liquid_universe-2024-09-24-3081,2024-12-05,1400774.5,聯亞,369.5,3791,False,3081
2024-12-05,liquid_universe-2024-10-28-3447,2024-12-05,736153.6,展達,72.8,10112,False,3447
2024-12-05,liquid_universe-2024-11-01-4991,2024-12-05,1199178,環宇-KY,106,11313,False,4991
2024-12-06,liquid_universe-2024-09-24-3081,2024-12-06,1368551,聯亞,361,3791,False,3081
2024-12-06,liquid_universe-2024-10-28-3447,2024-12-06,693683.2,展達,68.6,10112,False,3447
2024-12-06,liquid_universe-2024-11-01-4991,2024-12-06,1255743,環宇-KY,111,11313,False,4991
2024-12-09,liquid_universe-2024-09-24-3081,2024-12-09,1311686,聯亞,346,3791,False,3081
2024-12-09,liquid_universe-2024-10-28-3447,2024-12-09,4026,展達,66,61,False,3447
2024-12-09,liquid_universe-2024-11-01-4991,2024-12-09,1210491,環宇-KY,107,11313,False,4991
2024-12-10,liquid_universe-2024-09-24-3081,2024-12-10,1347700.5,聯亞,355.5,3791,False,3081
2024-12-10,liquid_universe-2024-11-01-4991,2024-12-10,1089441.9,環宇-KY,96.3,11313,False,4991
2024-12-10,liquid_universe-2024-12-09-3029,2024-12-10,719032,零壹,155.5,4624,False,3029
2024-12-11,liquid_universe-2024-09-24-3081,2024-12-11,1342014,聯亞,354,3791,False,3081
2024-12-11,liquid_universe-2024-11-01-4991,2024-12-11,1066815.9,環宇-KY,94.3,11313,False,4991
2024-12-11,liquid_universe-2024-12-09-3029,2024-12-11,790704,零壹,171,4624,False,3029
2024-12-12,liquid_universe-2024-09-24-3081,2024-12-12,1387506,聯亞,366,3791,False,3081
2024-12-12,liquid_universe-2024-11-01-4991,2024-12-12,1107542.7,環宇-KY,97.9,11313,False,4991
2024-12-12,liquid_universe-2024-12-09-3029,2024-12-12,712096,零壹,154,4624,False,3029
2024-12-13,liquid_universe-2024-09-24-3081,2024-12-13,1357178,聯亞,358,3791,False,3081
2024-12-13,liquid_universe-2024-11-01-4991,2024-12-13,1052109,環宇-KY,93,11313,False,4991
2024-12-13,liquid_universe-2024-12-09-3029,2024-12-13,712096,零壹,154,4624,False,3029
2024-12-16,liquid_universe-2024-09-24-3081,2024-12-16,1374237.5,聯亞,362.5,3791,False,3081
2024-12-16,liquid_universe-2024-11-01-4991,2024-12-16,1043058.6,環宇-KY,92.2,11313,False,4991
2024-12-16,liquid_universe-2024-12-09-3029,2024-12-16,684352,零壹,148,4624,False,3029
2024-12-17,liquid_universe-2024-09-24-3081,2024-12-17,1351491.5,聯亞,356.5,3791,False,3081
2024-12-17,liquid_universe-2024-11-01-4991,2024-12-17,1095098.4,環宇-KY,96.8,11313,False,4991
2024-12-17,liquid_universe-2024-12-09-3029,2024-12-17,649672,零壹,140.5,4624,False,3029
2024-12-18,liquid_universe-2024-09-24-3081,2024-12-18,1326850,聯亞,350,3791,False,3081
2024-12-18,liquid_universe-2024-11-01-4991,2024-12-18,1199178,環宇-KY,106,11313,False,4991
2024-12-18,liquid_universe-2024-12-09-3029,2024-12-18,661232,零壹,143,4624,False,3029
2024-12-19,liquid_universe-2024-09-24-3081,2024-12-19,1343909.5,聯亞,354.5,3791,False,3081
2024-12-19,liquid_universe-2024-11-01-4991,2024-12-19,1317964.5,環宇-KY,116.5,11313,False,4991
2024-12-19,liquid_universe-2024-12-09-3029,2024-12-19,651984,零壹,141,4624,False,3029
2024-12-20,liquid_universe-2024-09-24-3081,2024-12-20,1315477,聯亞,347,3791,False,3081
2024-12-20,liquid_universe-2024-11-01-4991,2024-12-20,1385842.5,環宇-KY,122.5,11313,False,4991
2024-12-20,liquid_universe-2024-12-09-3029,2024-12-20,642736,零壹,139,4624,False,3029
2024-12-23,liquid_universe-2024-09-24-3081,2024-12-23,1336327.5,聯亞,352.5,3791,False,3081
2024-12-23,liquid_universe-2024-11-01-4991,2024-12-23,1521598.5,環宇-KY,134.5,11313,False,4991
2024-12-23,liquid_universe-2024-12-09-3029,2024-12-23,635800,零壹,137.5,4624,False,3029
2024-12-24,liquid_universe-2024-09-24-3081,2024-12-24,1330641,聯亞,351,3791,False,3081
2024-12-24,liquid_universe-2024-11-01-4991,2024-12-24,1408468.5,環宇-KY,124.5,11313,False,4991
2024-12-24,liquid_universe-2024-12-09-3029,2024-12-24,619616,零壹,134,4624,False,3029
2024-12-25,liquid_universe-2024-09-24-3081,2024-12-25,1391297,聯亞,367,3791,False,3081
2024-12-25,liquid_universe-2024-11-01-4991,2024-12-25,1385842.5,環宇-KY,122.5,11313,False,4991
2024-12-26,liquid_universe-2024-09-24-3081,2024-12-26,1421625,聯亞,375,3791,False,3081
2024-12-26,liquid_universe-2024-11-01-4991,2024-12-26,1521598.5,環宇-KY,134.5,11313,False,4991
2024-12-26,liquid_universe-2024-12-25-5314,2024-12-26,642600,世紀*,600,1071,False,5314
2024-12-27,liquid_universe-2024-09-24-3081,2024-12-27,256993,聯亞,383,671,False,3081
2024-12-27,liquid_universe-2024-11-01-4991,2024-12-27,1549881,環宇-KY,137,11313,False,4991
2024-12-27,liquid_universe-2024-12-25-5314,2024-12-27,706860,世紀*,660,1071,False,5314
2024-12-30,liquid_universe-2024-09-24-3081,2024-12-30,216012,聯亞,383,564,False,3081
2024-12-30,liquid_universe-2024-11-01-4991,2024-12-30,1487659.5,環宇-KY,131.5,11313,False,4991
2024-12-30,liquid_universe-2024-12-25-5314,2024-12-30,777546,世紀*,726,1071,False,5314
2024-12-31,liquid_universe-2024-09-24-3081,2024-12-31,178020,聯亞,387,460,False,3081
2024-12-31,liquid_universe-2024-11-01-4991,2024-12-31,1538568,環宇-KY,136,11313,False,4991
2024-12-31,liquid_universe-2024-12-25-5314,2024-12-31,835380,世紀*,780,1071,False,5314
2025-01-02,liquid_universe-2024-09-24-3081,2025-01-02,125538,聯亞,366,343,False,3081
2025-01-02,liquid_universe-2024-11-01-4991,2025-01-02,1465033.5,環宇-KY,129.5,11313,False,4991
2025-01-02,liquid_universe-2024-12-25-5314,2025-01-02,876078,世紀*,818,1071,False,5314
2025-01-02,liquid_universe-2024-12-31-2233,2025-01-02,945848,宇隆,274,3452,False,2233
2025-01-03,liquid_universe-2024-09-24-3081,2025-01-03,93202.5,聯亞,365.5,255,False,3081
2025-01-03,liquid_universe-2024-11-01-4991,2025-01-03,1368873,環宇-KY,121,11313,False,4991
2025-01-03,liquid_universe-2024-12-25-5314,2025-01-03,789327,世紀*,737,1071,False,5314
2025-01-03,liquid_universe-2024-12-31-2233,2025-01-03,935492,宇隆,271,3452,False,2233
2025-01-06,liquid_universe-2024-09-24-3081,2025-01-06,71101,聯亞,366.5,194,False,3081
2025-01-06,liquid_universe-2024-11-01-4991,2025-01-06,1363216.5,環宇-KY,120.5,11313,False,4991
2025-01-06,liquid_universe-2024-12-25-5314,2025-01-06,785043,世紀*,733,1071,False,5314
2025-01-06,liquid_universe-2024-12-31-2233,2025-01-06,932040,宇隆,270,3452,False,2233
2025-01-07,liquid_universe-2024-09-24-3081,2025-01-07,45323,聯亞,371.5,122,False,3081
2025-01-07,liquid_universe-2024-11-01-4991,2025-01-07,1346247,環宇-KY,119,11313,False,4991
2025-01-07,liquid_universe-2024-12-25-5314,2025-01-07,797895,世紀*,745,1071,False,5314
2025-01-07,liquid_universe-2024-12-31-2233,2025-01-07,911328,宇隆,264,3452,False,2233
2025-01-08,liquid_universe-2024-09-24-3081,2025-01-08,24957.5,聯亞,372.5,67,False,3081
2025-01-08,liquid_universe-2024-11-01-4991,2025-01-08,1476346.5,環宇-KY,130.5,11313,False,4991
2025-01-08,liquid_universe-2024-12-25-5314,2025-01-08,835380,世紀*,780,1071,False,5314
2025-01-08,liquid_universe-2024-12-31-2233,2025-01-08,881986,宇隆,255.5,3452,False,2233
2025-01-09,liquid_universe-2024-11-01-4991,2025-01-09,1498972.5,環宇-KY,132.5,11313,False,4991
2025-01-09,liquid_universe-2024-12-25-5314,2025-01-09,811818,世紀*,758,1071,False,5314
2025-01-09,liquid_universe-2024-12-31-2233,2025-01-09,847466,宇隆,245.5,3452,False,2233
2025-01-10,liquid_universe-2024-11-01-4991,2025-01-10,1549881,環宇-KY,137,11313,False,4991
2025-01-10,liquid_universe-2024-12-25-5314,2025-01-10,828954,世紀*,774,1071,False,5314
2025-01-10,liquid_universe-2024-12-31-2233,2025-01-10,809494,宇隆,234.5,3452,False,2233
2025-01-13,liquid_universe-2024-11-01-4991,2025-01-13,1397155.5,環宇-KY,123.5,11313,False,4991
2025-01-13,liquid_universe-2024-12-25-5314,2025-01-13,872865,世紀*,815,1071,False,5314
2025-01-13,liquid_universe-2024-12-31-2233,2025-01-13,39100,宇隆,230,170,False,2233
2025-01-14,liquid_universe-2024-11-01-4991,2025-01-14,1374529.5,環宇-KY,121.5,11313,False,4991
2025-01-14,liquid_universe-2024-12-25-5314,2025-01-14,880362,世紀*,822,1071,False,5314
2025-01-14,liquid_universe-2025-01-13-3373,2025-01-14,531091.2,熱映,27.8,19104,False,3373
2025-01-15,liquid_universe-2024-11-01-4991,2025-01-15,1436751,環宇-KY,127,11313,False,4991
2025-01-15,liquid_universe-2024-12-25-5314,2025-01-15,886788,世紀*,828,1071,False,5314
2025-01-15,liquid_universe-2025-01-13-3373,2025-01-15,529180.8,熱映,27.7,19104,False,3373
2025-01-16,liquid_universe-2024-11-01-4991,2025-01-16,1578163.5,環宇-KY,139.5,11313,False,4991
2025-01-16,liquid_universe-2024-12-25-5314,2025-01-16,916776,世紀*,856,1071,False,5314
2025-01-16,liquid_universe-2025-01-13-3373,2025-01-16,491928,熱映,25.75,19104,False,3373
2025-01-17,liquid_universe-2024-11-01-4991,2025-01-17,1425438,環宇-KY,126,11313,False,4991
2025-01-17,liquid_universe-2024-12-25-5314,2025-01-17,972468,世紀*,908,1071,False,5314
2025-01-17,liquid_universe-2025-01-13-3373,2025-01-17,482376,熱映,25.25,19104,False,3373
2025-01-20,liquid_universe-2024-11-01-4991,2025-01-20,1498972.5,環宇-KY,132.5,11313,False,4991
2025-01-20,liquid_universe-2024-12-25-5314,2025-01-20,876078,世紀*,818,1071,False,5314
2025-01-20,liquid_universe-2025-01-13-3373,2025-01-20,469958.4,熱映,24.6,19104,False,3373
2025-01-21,liquid_universe-2024-11-01-4991,2025-01-21,1544224.5,環宇-KY,136.5,11313,False,4991
2025-01-21,liquid_universe-2024-12-25-5314,2025-01-21,789327,世紀*,737,1071,False,5314
2025-01-21,liquid_universe-2025-01-13-3373,2025-01-21,462316.8,熱映,24.2,19104,False,3373
2025-01-22,liquid_universe-2024-11-01-4991,2025-01-22,1572507,環宇-KY,139,11313,False,4991
2025-01-22,liquid_universe-2024-12-25-5314,2025-01-22,806463,世紀*,753,1071,False,5314
2025-01-22,liquid_universe-2025-01-13-3373,2025-01-22,296107,熱映,24.5,12086,False,3373
2025-02-03,liquid_universe-2024-11-01-4991,2025-02-03,1419781.5,環宇-KY,125.5,11313,False,4991
2025-02-03,liquid_universe-2024-12-25-5314,2025-02-03,880362,世紀*,822,1071,False,5314
2025-02-03,liquid_universe-2025-01-13-3373,2025-02-03,652.5,熱映,26.1,25,False,3373
2025-02-04,liquid_universe-2024-11-01-4991,2025-02-04,1368873,環宇-KY,121,11313,False,4991
2025-02-04,liquid_universe-2024-12-25-5314,2025-02-04,921060,世紀*,860,1071,False,5314
2025-02-04,liquid_universe-2025-01-13-3373,2025-02-04,250.5,熱映,25.05,10,False,3373
2025-02-04,liquid_universe-2025-02-03-2466,2025-02-04,992610,冠西電,90,11029,False,2466
2025-02-05,liquid_universe-2024-11-01-4991,2025-02-05,1419781.5,環宇-KY,125.5,11313,False,4991
2025-02-05,liquid_universe-2024-12-25-5314,2025-02-05,974610,世紀*,910,1071,False,5314
2025-02-05,liquid_universe-2025-02-03-2466,2025-02-05,981581,冠西電,89,11029,False,2466
2025-02-06,liquid_universe-2024-11-01-4991,2025-02-06,1493316,環宇-KY,132,11313,False,4991
2025-02-06,liquid_universe-2024-12-25-5314,2025-02-06,953190,世紀*,890,1071,False,5314
2025-02-06,liquid_universe-2025-02-03-2466,2025-02-06,987095.5,冠西電,89.5,11029,False,2466
2025-02-07,liquid_universe-2024-11-01-4991,2025-02-07,1640385,環宇-KY,145,11313,False,4991
2025-02-07,liquid_universe-2024-12-25-5314,2025-02-07,960687,世紀*,897,1071,False,5314
2025-02-07,liquid_universe-2025-02-03-2466,2025-02-07,1003639,冠西電,91,11029,False,2466
2025-02-10,liquid_universe-2024-11-01-4991,2025-02-10,1646041.5,環宇-KY,145.5,11313,False,4991
2025-02-10,liquid_universe-2024-12-25-5314,2025-02-10,865368,世紀*,808,1071,False,5314
2025-02-10,liquid_universe-2025-02-03-2466,2025-02-10,1029005.7,冠西電,93.3,11029,False,2466
2025-02-11,liquid_universe-2024-12-25-5314,2025-02-11,846090,世紀*,790,1071,False,5314
2025-02-11,liquid_universe-2025-02-03-2466,2025-02-11,1014668,冠西電,92,11029,False,2466
2025-02-12,liquid_universe-2024-12-25-5314,2025-02-12,856800,世紀*,800,1071,False,5314
2025-02-12,liquid_universe-2025-02-03-2466,2025-02-12,947391.1,冠西電,85.9,11029,False,2466
2025-02-12,liquid_universe-2025-02-11-8096,2025-02-12,1223887.5,擎亞,64.5,18975,False,8096
2025-02-13,liquid_universe-2024-12-25-5314,2025-02-13,843948,世紀*,788,1071,False,5314
2025-02-13,liquid_universe-2025-02-03-2466,2025-02-13,977169.4,冠西電,88.6,11029,False,2466
2025-02-13,liquid_universe-2025-02-11-8096,2025-02-13,1225785,擎亞,64.6,18975,False,8096
2025-02-14,liquid_universe-2024-12-25-5314,2025-02-14,815031,世紀*,761,1071,False,5314
2025-02-14,liquid_universe-2025-02-03-2466,2025-02-14,971654.9,冠西電,88.1,11029,False,2466
2025-02-14,liquid_universe-2025-02-11-8096,2025-02-14,1347225,擎亞,71,18975,False,8096
2025-02-17,liquid_universe-2024-12-25-5314,2025-02-17,860013,世紀*,803,1071,False,5314
2025-02-17,liquid_universe-2025-02-03-2466,2025-02-17,966140.4,冠西電,87.6,11029,False,2466
2025-02-17,liquid_universe-2025-02-11-8096,2025-02-17,1341532.5,擎亞,70.7,18975,False,8096
2025-02-18,liquid_universe-2024-12-25-5314,2025-02-18,870723,世紀*,813,1071,False,5314
2025-02-18,liquid_universe-2025-02-03-2466,2025-02-18,526200,冠西電,87.7,6000,False,2466
2025-02-18,liquid_universe-2025-02-11-8096,2025-02-18,1474357.5,擎亞,77.7,18975,False,8096
2025-02-19,liquid_universe-2024-12-25-5314,2025-02-19,871794,世紀*,814,1071,False,5314
2025-02-19,liquid_universe-2025-02-11-8096,2025-02-19,1497127.5,擎亞,78.9,18975,False,8096
2025-02-20,liquid_universe-2024-12-25-5314,2025-02-20,856800,世紀*,800,1071,False,5314
2025-02-20,liquid_universe-2025-02-11-8096,2025-02-20,1413637.5,擎亞,74.5,18975,False,8096
2025-02-20,liquid_universe-2025-02-19-6206,2025-02-20,1218780,飛捷,166.5,7320,False,6206
2025-02-21,liquid_universe-2024-12-25-5314,2025-02-21,929628,世紀*,868,1071,False,5314
2025-02-21,liquid_universe-2025-02-11-8096,2025-02-21,1411740,擎亞,74.4,18975,False,8096
2025-02-21,liquid_universe-2025-02-19-6206,2025-02-21,1262700,飛捷,172.5,7320,False,6206
2025-02-24,liquid_universe-2024-12-25-5314,2025-02-24,885717,世紀*,827,1071,False,5314
2025-02-24,liquid_universe-2025-02-11-8096,2025-02-24,1487640,擎亞,78.4,18975,False,8096
2025-02-24,liquid_universe-2025-02-19-6206,2025-02-24,1226100,飛捷,167.5,7320,False,6206
2025-02-25,liquid_universe-2024-12-25-5314,2025-02-25,870723,世紀*,813,1071,False,5314
2025-02-25,liquid_universe-2025-02-11-8096,2025-02-25,1480050,擎亞,78,18975,False,8096
2025-02-25,liquid_universe-2025-02-19-6206,2025-02-25,1207800,飛捷,165,7320,False,6206
2025-02-26,liquid_universe-2024-12-25-5314,2025-02-26,865368,世紀*,808,1071,False,5314
2025-02-26,liquid_universe-2025-02-11-8096,2025-02-26,1356712.5,擎亞,71.5,18975,False,8096
2025-02-26,liquid_universe-2025-02-19-6206,2025-02-26,1193160,飛捷,163,7320,False,6206
2025-02-27,liquid_universe-2024-12-25-5314,2025-02-27,846090,世紀*,790,1071,False,5314
2025-02-27,liquid_universe-2025-02-11-8096,2025-02-27,1318762.5,擎亞,69.5,18975,False,8096
2025-02-27,liquid_universe-2025-02-19-6206,2025-02-27,1116300,飛捷,152.5,7320,False,6206
2025-03-03,liquid_universe-2024-12-25-5314,2025-03-03,856800,世紀*,800,1071,False,5314
2025-03-03,liquid_universe-2025-02-11-8096,2025-03-03,1210605,擎亞,63.8,18975,False,8096
2025-03-03,liquid_universe-2025-02-19-6206,2025-03-03,1094340,飛捷,149.5,7320,False,6206
2025-03-04,liquid_universe-2024-12-25-5314,2025-03-04,873936,世紀*,816,1071,False,5314
2025-03-04,liquid_universe-2025-02-11-8096,2025-03-04,1328250,擎亞,70,18975,False,8096
2025-03-04,liquid_universe-2025-02-19-6206,2025-03-04,1083360,飛捷,148,7320,False,6206
2025-03-05,liquid_universe-2024-12-25-5314,2025-03-05,960687,世紀*,897,1071,False,5314
2025-03-05,liquid_universe-2025-02-11-8096,2025-03-05,1277017.5,擎亞,67.3,18975,False,8096
2025-03-05,liquid_universe-2025-02-19-6206,2025-03-05,1072380,飛捷,146.5,7320,False,6206
2025-03-06,liquid_universe-2024-12-25-5314,2025-03-06,1051722,世紀*,982,1071,False,5314
2025-03-06,liquid_universe-2025-02-11-8096,2025-03-06,1225785,擎亞,64.6,18975,False,8096
2025-03-07,liquid_universe-2024-12-25-5314,2025-03-07,1061361,世紀*,991,1071,False,5314
2025-03-07,liquid_universe-2025-02-11-8096,2025-03-07,1282710,擎亞,67.6,18975,False,8096
2025-03-10,liquid_universe-2024-12-25-5314,2025-03-10,1167390,世紀*,1090,1071,False,5314
2025-03-10,liquid_universe-2025-02-11-8096,2025-03-10,1242862.5,擎亞,65.5,18975,False,8096
2025-03-11,liquid_universe-2024-12-25-5314,2025-03-11,1226295,世紀*,1145,1071,False,5314
2025-03-11,liquid_universe-2025-02-11-8096,2025-03-11,1233375,擎亞,65,18975,False,8096
2025-03-12,liquid_universe-2024-12-25-5314,2025-03-12,1167390,世紀*,1090,1071,False,5314
2025-03-12,liquid_universe-2025-02-11-8096,2025-03-12,1193527.5,擎亞,62.9,18975,False,8096
2025-03-13,liquid_universe-2024-12-25-5314,2025-03-13,1188810,世紀*,1110,1071,False,5314
2025-03-13,liquid_universe-2025-02-11-8096,2025-03-13,1174552.5,擎亞,61.9,18975,False,8096
2025-03-14,liquid_universe-2024-12-25-5314,2025-03-14,1295910,世紀*,1210,1071,False,5314
2025-03-14,liquid_universe-2025-02-11-8096,2025-03-14,1290300,擎亞,68,18975,False,8096
2025-03-17,liquid_universe-2024-12-25-5314,2025-03-17,1295910,世紀*,1210,1071,False,5314
2025-03-17,liquid_universe-2025-02-11-8096,2025-03-17,1419330,擎亞,74.8,18975,False,8096
2025-03-18,liquid_universe-2024-12-25-5314,2025-03-18,1424430,世紀*,1330,1071,False,5314
2025-03-18,liquid_universe-2025-02-11-8096,2025-03-18,1373790,擎亞,72.4,18975,False,8096
2025-03-19,liquid_universe-2024-12-25-5314,2025-03-19,1488690,世紀*,1390,1071,False,5314
2025-03-19,liquid_universe-2025-02-11-8096,2025-03-19,1347225,擎亞,71,18975,False,8096
2025-03-20,liquid_universe-2024-12-25-5314,2025-03-19,1488690,世紀*,1390,1071,True,5314
2025-03-20,liquid_universe-2025-02-11-8096,2025-03-20,1356712.5,擎亞,71.5,18975,False,8096
2025-03-21,liquid_universe-2024-12-25-5314,2025-03-19,1488690,世紀*,1390,1071,True,5314
2025-03-21,liquid_universe-2025-02-11-8096,2025-03-21,1316865,擎亞,69.4,18975,False,8096
2025-03-24,liquid_universe-2024-12-25-5314,2025-03-19,1488690,世紀*,1390,1071,True,5314
2025-03-24,liquid_universe-2025-02-11-8096,2025-03-24,1252350,擎亞,66,18975,False,8096
2025-03-25,liquid_universe-2024-12-25-5314,2025-03-19,1488690,世紀*,1390,1071,True,5314
2025-03-25,liquid_universe-2025-02-11-8096,2025-03-25,1261837.5,擎亞,66.5,18975,False,8096
2025-03-26,liquid_universe-2024-12-25-5314,2025-03-19,1488690,世紀*,1390,1071,True,5314
2025-03-26,liquid_universe-2025-02-11-8096,2025-03-26,1233375,擎亞,65,18975,False,8096
2025-03-27,liquid_universe-2024-12-25-5314,2025-03-19,1488690,世紀*,1390,1071,True,5314
2025-03-27,liquid_universe-2025-02-11-8096,2025-03-27,1233375,擎亞,65,18975,False,8096
2025-03-28,liquid_universe-2024-12-25-5314,2025-03-19,1488690,世紀*,1390,1071,True,5314
2025-03-28,liquid_universe-2025-02-11-8096,2025-03-28,1195425,擎亞,63,18975,False,8096
2025-03-31,liquid_universe-2024-12-25-5314,2025-03-31,1623636,世紀*,75.8,21420,False,5314
2025-03-31,liquid_universe-2025-02-11-8096,2025-03-31,1176450,擎亞,62,18975,False,8096
2025-04-01,liquid_universe-2024-12-25-5314,2025-04-01,1700748,世紀*,79.4,21420,False,5314
2025-04-01,liquid_universe-2025-02-11-8096,2025-04-01,1195425,擎亞,63,18975,False,8096
2025-04-02,liquid_universe-2024-12-25-5314,2025-04-02,1531530,世紀*,71.5,21420,False,5314
2025-04-02,liquid_universe-2025-02-11-8096,2025-04-02,1305480,擎亞,68.8,18975,False,8096
2025-04-07,liquid_universe-2024-12-25-5314,2025-04-07,1379448,世紀*,64.4,21420,False,5314
2025-04-07,liquid_universe-2025-02-11-8096,2025-04-07,1176450,擎亞,62,18975,False,8096
2025-04-08,liquid_universe-2024-12-25-5314,2025-04-08,1242360,世紀*,58,21420,False,5314
2025-04-08,liquid_universe-2025-02-11-8096,2025-04-08,1058805,擎亞,55.8,18975,False,8096
2025-04-09,liquid_universe-2024-12-25-5314,2025-04-09,1118124,世紀*,52.2,21420,False,5314
2025-04-09,liquid_universe-2025-02-11-8096,2025-04-09,22785.9,擎亞,50.3,453,False,8096
2025-04-10,liquid_universe-2024-12-25-5314,2025-04-10,756991.2,世紀*,57.4,13188,False,5314
2025-04-10,liquid_universe-2025-02-11-8096,2025-04-10,18138.4,擎亞,55.3,328,False,8096
2025-04-11,liquid_universe-2024-12-25-5314,2025-04-11,250400,世紀*,62.6,4000,False,5314
2025-06-11,liquid_universe-2025-06-10-2429,2025-06-11,1013785.2,銘旺科,70.8,14319,False,2429
2025-06-11,liquid_universe-2025-06-10-6838,2025-06-11,693237.35,台新藥,34.45,20123,False,6838
2025-06-11,liquid_universe-2025-06-10-4722,2025-06-11,1152587.8,國精化,76.3,15106,False,4722
2025-06-12,liquid_universe-2025-06-10-2429,2025-06-12,1038127.5,銘旺科,72.5,14319,False,2429
2025-06-12,liquid_universe-2025-06-10-6838,2025-06-12,752600.2,台新藥,37.4,20123,False,6838
2025-06-12,liquid_universe-2025-06-10-4722,2025-06-12,1137481.8,國精化,75.3,15106,False,4722
2025-06-13,liquid_universe-2025-06-10-2429,2025-06-13,1020944.7,銘旺科,71.3,14319,False,2429
2025-06-13,liquid_universe-2025-06-10-6838,2025-06-13,718391.1,台新藥,35.7,20123,False,6838
2025-06-13,liquid_universe-2025-06-10-4722,2025-06-13,1110291,國精化,73.5,15106,False,4722
2025-06-16,liquid_universe-2025-06-10-2429,2025-06-16,1025240.4,銘旺科,71.6,14319,False,2429
2025-06-16,liquid_universe-2025-06-10-6838,2025-06-16,736501.8,台新藥,36.6,20123,False,6838
2025-06-16,liquid_universe-2025-06-10-4722,2025-06-16,1164672.6,國精化,77.1,15106,False,4722
2025-06-17,liquid_universe-2025-06-10-2429,2025-06-17,1071061.2,銘旺科,74.8,14319,False,2429
2025-06-17,liquid_universe-2025-06-10-6838,2025-06-17,718391.1,台新藥,35.7,20123,False,6838
2025-06-17,liquid_universe-2025-06-10-4722,2025-06-17,1117844,國精化,74,15106,False,4722
2025-06-18,liquid_universe-2025-06-10-2429,2025-06-18,1099699.2,銘旺科,76.8,14319,False,2429
2025-06-18,liquid_universe-2025-06-10-6838,2025-06-18,733483.35,台新藥,36.45,20123,False,6838
2025-06-18,liquid_universe-2025-06-10-4722,2025-06-18,1096695.6,國精化,72.6,15106,False,4722
2025-06-19,liquid_universe-2025-06-10-2429,2025-06-19,1030968,銘旺科,72,14319,False,2429
2025-06-19,liquid_universe-2025-06-10-6838,2025-06-19,729458.75,台新藥,36.25,20123,False,6838
2025-06-19,liquid_universe-2025-06-10-4722,2025-06-19,1071015.4,國精化,70.9,15106,False,4722
2025-06-20,liquid_universe-2025-06-10-2429,2025-06-20,1003761.9,銘旺科,70.1,14319,False,2429
2025-06-20,liquid_universe-2025-06-10-6838,2025-06-20,801901.55,台新藥,39.85,20123,False,6838
2025-06-20,liquid_universe-2025-06-10-4722,2025-06-20,1052888.2,國精化,69.7,15106,False,4722
2025-06-23,liquid_universe-2025-06-10-2429,2025-06-23,1010921.4,銘旺科,70.6,14319,False,2429
2025-06-23,liquid_universe-2025-06-10-6838,2025-06-23,803913.85,台新藥,39.95,20123,False,6838
2025-06-23,liquid_universe-2025-06-10-4722,2025-06-23,1051377.6,國精化,69.6,15106,False,4722
2025-06-24,liquid_universe-2025-06-10-2429,2025-06-24,996602.4,銘旺科,69.6,14319,False,2429
2025-06-24,liquid_universe-2025-06-10-6838,2025-06-24,815987.65,台新藥,40.55,20123,False,6838
2025-06-24,liquid_universe-2025-06-10-4722,2025-06-24,1064973,國精化,70.5,15106,False,4722
2025-06-25,liquid_universe-2025-06-10-2429,2025-06-25,1025240.4,銘旺科,71.6,14319,False,2429
2025-06-25,liquid_universe-2025-06-10-6838,2025-06-25,796870.8,台新藥,39.6,20123,False,6838
2025-06-25,liquid_universe-2025-06-10-4722,2025-06-25,1200.2,國精化,70.6,17,False,4722
2025-06-26,liquid_universe-2025-06-10-2429,2025-06-26,1058174.1,銘旺科,73.9,14319,False,2429
2025-06-26,liquid_universe-2025-06-10-6838,2025-06-26,762661.7,台新藥,37.9,20123,False,6838
2025-06-26,liquid_universe-2025-06-25-6739,2025-06-26,881358.5,竹陞科技,390.5,2257,False,6739
2025-06-27,liquid_universe-2025-06-10-2429,2025-06-27,1063901.7,銘旺科,74.3,14319,False,2429
2025-06-27,liquid_universe-2025-06-10-6838,2025-06-27,764674,台新藥,38,20123,False,6838
2025-06-27,liquid_universe-2025-06-25-6739,2025-06-27,832833,竹陞科技,369,2257,False,6739
2025-06-30,liquid_universe-2025-06-10-2429,2025-06-30,1019512.8,銘旺科,71.2,14319,False,2429
2025-06-30,liquid_universe-2025-06-10-6838,2025-06-30,742538.7,台新藥,36.9,20123,False,6838
2025-06-30,liquid_universe-2025-06-25-6739,2025-06-30,837347,竹陞科技,371,2257,False,6739
2025-07-01,liquid_universe-2025-06-10-2429,2025-07-01,1015217.1,銘旺科,70.9,14319,False,2429
2025-07-01,liquid_universe-2025-06-10-6838,2025-07-01,744551,台新藥,37,20123,False,6838
2025-07-01,liquid_universe-2025-06-25-6739,2025-07-01,822676.5,竹陞科技,364.5,2257,False,6739
2025-07-02,liquid_universe-2025-06-10-2429,2025-07-02,916416,銘旺科,64,14319,False,2429
2025-07-02,liquid_universe-2025-06-10-6838,2025-07-02,757630.95,台新藥,37.65,20123,False,6838
2025-07-02,liquid_universe-2025-06-25-6739,2025-07-02,821548,竹陞科技,364,2257,False,6739
2025-07-03,liquid_universe-2025-06-10-2429,2025-07-03,896369.4,銘旺科,62.6,14319,False,2429
2025-07-03,liquid_universe-2025-06-10-6838,2025-07-03,739520.25,台新藥,36.75,20123,False,6838
2025-07-03,liquid_universe-2025-06-25-6739,2025-07-03,850889,竹陞科技,377,2257,False,6739
2025-07-04,liquid_universe-2025-06-10-2429,2025-07-04,864867.6,銘旺科,60.4,14319,False,2429
2025-07-04,liquid_universe-2025-06-10-6838,2025-07-04,697261.95,台新藥,34.65,20123,False,6838
2025-07-04,liquid_universe-2025-06-25-6739,2025-07-04,830576,竹陞科技,368,2257,False,6739
2025-07-07,liquid_universe-2025-06-10-2429,2025-07-07,13662,銘旺科,59.4,230,False,2429
2025-07-07,liquid_universe-2025-06-10-6838,2025-07-07,701286.55,台新藥,34.85,20123,False,6838
2025-07-07,liquid_universe-2025-06-25-6739,2025-07-07,910699.5,竹陞科技,403.5,2257,False,6739
2025-07-08,liquid_universe-2025-06-10-2429,2025-07-08,7725,銘旺科,61.8,125,False,2429
2025-07-08,liquid_universe-2025-06-10-6838,2025-07-08,664059,台新藥,33,20123,False,6838
2025-07-08,liquid_universe-2025-06-25-6739,2025-07-08,875716,竹陞科技,388,2257,False,6739
2025-07-08,liquid_universe-2025-07-07-3297,2025-07-08,1050180.8,杭特,68.3,15376,False,3297
2025-07-09,liquid_universe-2025-06-10-2429,2025-07-09,2661.7,銘旺科,61.9,43,False,2429
2025-07-09,liquid_universe-2025-06-10-6838,2025-07-09,665065.15,台新藥,33.05,20123,False,6838
2025-07-09,liquid_universe-2025-06-25-6739,2025-07-09,859917,竹陞科技,381,2257,False,6739
2025-07-09,liquid_universe-2025-07-07-3297,2025-07-09,1062481.6,杭特,69.1,15376,False,3297
2025-07-10,liquid_universe-2025-06-10-6838,2025-07-10,665065.15,台新藥,33.05,20123,False,6838
2025-07-10,liquid_universe-2025-06-25-6739,2025-07-10,55692,竹陞科技,409.5,136,False,6739
2025-07-10,liquid_universe-2025-07-07-3297,2025-07-10,1090158.4,杭特,70.9,15376,False,3297
2025-07-11,liquid_universe-2025-06-10-6838,2025-07-11,661040.55,台新藥,32.85,20123,False,6838
2025-07-11,liquid_universe-2025-07-07-3297,2025-07-11,1074782.4,杭特,69.9,15376,False,3297
2025-07-14,liquid_universe-2025-06-10-6838,2025-07-14,649972.9,台新藥,32.3,20123,False,6838
2025-07-14,liquid_universe-2025-07-07-3297,2025-07-14,1033267.2,杭特,67.2,15376,False,3297
2025-07-15,liquid_universe-2025-06-10-6838,2025-07-15,650979.05,台新藥,32.35,20123,False,6838
2025-07-15,liquid_universe-2025-07-07-3297,2025-07-15,1040955.2,杭特,67.7,15376,False,3297
2025-07-16,liquid_universe-2025-06-10-6838,2025-07-16,664059,台新藥,33,20123,False,6838
2025-07-16,liquid_universe-2025-07-07-3297,2025-07-16,994827.2,杭特,64.7,15376,False,3297
2025-07-17,liquid_universe-2025-06-10-6838,2025-07-17,681163.55,台新藥,33.85,20123,False,6838
2025-07-17,liquid_universe-2025-07-07-3297,2025-07-17,984064,杭特,64,15376,False,3297
2025-07-17,liquid_universe-2025-07-16-8499,2025-07-17,926035,鼎炫-KY,282.5,3278,False,8499
2025-07-18,liquid_universe-2025-06-10-6838,2025-07-18,669089.75,台新藥,33.25,20123,False,6838
2025-07-18,liquid_universe-2025-07-07-3297,2025-07-18,974838.4,杭特,63.4,15376,False,3297
2025-07-18,liquid_universe-2025-07-16-8499,2025-07-18,953898,鼎炫-KY,291,3278,False,8499
2025-07-21,liquid_universe-2025-06-10-6838,2025-07-21,673114.35,台新藥,33.45,20123,False,6838
2025-07-21,liquid_universe-2025-07-07-3297,2025-07-21,994827.2,杭特,64.7,15376,False,3297
2025-07-21,liquid_universe-2025-07-16-8499,2025-07-21,930952,鼎炫-KY,284,3278,False,8499
2025-07-22,liquid_universe-2025-06-10-6838,2025-07-22,644942.15,台新藥,32.05,20123,False,6838
2025-07-22,liquid_universe-2025-07-07-3297,2025-07-22,13197.6,杭特,61.1,216,False,3297
2025-07-22,liquid_universe-2025-07-16-8499,2025-07-22,863753,鼎炫-KY,263.5,3278,False,8499
2025-07-23,liquid_universe-2025-06-10-6838,2025-07-23,660034.4,台新藥,32.8,20123,False,6838
2025-07-23,liquid_universe-2025-07-07-3297,2025-07-23,3594,杭特,59.9,60,False,3297
2025-07-23,liquid_universe-2025-07-16-8499,2025-07-23,885060,鼎炫-KY,270,3278,False,8499
2025-07-23,liquid_universe-2025-07-22-6933,2025-07-23,219440,AMAX-KY,211,1040,False,6933
2025-07-24,liquid_universe-2025-06-10-6838,2025-07-24,644942.15,台新藥,32.05,20123,False,6838
2025-07-24,liquid_universe-2025-07-16-8499,2025-07-24,878504,鼎炫-KY,268,3278,False,8499
2025-07-24,liquid_universe-2025-07-22-6933,2025-07-24,226720,AMAX-KY,218,1040,False,6933
2025-07-25,liquid_universe-2025-06-10-6838,2025-07-25,643936,台新藥,32,20123,False,6838
2025-07-25,liquid_universe-2025-07-16-8499,2025-07-25,878504,鼎炫-KY,268,3278,False,8499
2025-07-25,liquid_universe-2025-07-22-6933,2025-07-25,223080,AMAX-KY,214.5,1040,False,6933
2025-07-28,liquid_universe-2025-06-10-6838,2025-07-28,640917.55,台新藥,31.85,20123,False,6838
2025-07-28,liquid_universe-2025-07-16-8499,2025-07-28,916201,鼎炫-KY,279.5,3278,False,8499
2025-07-28,liquid_universe-2025-07-22-6933,2025-07-28,218400,AMAX-KY,210,1040,False,6933
2025-07-29,liquid_universe-2025-06-10-6838,2025-07-29,629849.9,台新藥,31.3,20123,False,6838
2025-07-29,liquid_universe-2025-07-16-8499,2025-07-29,885060,鼎炫-KY,270,3278,False,8499
2025-07-29,liquid_universe-2025-07-22-6933,2025-07-29,228800,AMAX-KY,220,1040,False,6933
2025-07-30,liquid_universe-2025-06-10-6838,2025-07-30,624819.15,台新藥,31.05,20123,False,6838
2025-07-30,liquid_universe-2025-07-16-8499,2025-07-30,904728,鼎炫-KY,276,3278,False,8499
2025-07-30,liquid_universe-2025-07-22-6933,2025-07-30,227760,AMAX-KY,219,1040,False,6933
2025-07-31,liquid_universe-2025-06-10-6838,2025-07-31,624819.15,台新藥,31.05,20123,False,6838
2025-07-31,liquid_universe-2025-07-16-8499,2025-07-31,623554,鼎炫-KY,278,2243,False,8499
2025-07-31,liquid_universe-2025-07-22-6933,2025-07-31,224120,AMAX-KY,215.5,1040,False,6933
2025-08-01,liquid_universe-2025-06-10-6838,2025-08-01,623813,台新藥,31,20123,False,6838
2025-08-01,liquid_universe-2025-07-16-8499,2025-08-01,51084,鼎炫-KY,297,172,False,8499
2025-08-01,liquid_universe-2025-07-22-6933,2025-08-01,230880,AMAX-KY,222,1040,False,6933
2025-08-04,liquid_universe-2025-06-10-6838,2025-08-04,634880.65,台新藥,31.55,20123,False,6838
2025-08-04,liquid_universe-2025-07-22-6933,2025-08-04,229840,AMAX-KY,221,1040,False,6933
2025-08-04,liquid_universe-2025-08-01-3715,2025-08-04,947595,定穎投控,82.5,11486,False,3715
2025-08-05,liquid_universe-2025-06-10-6838,2025-08-05,650979.05,台新藥,32.35,20123,False,6838
2025-08-05,liquid_universe-2025-07-22-6933,2025-08-05,228800,AMAX-KY,220,1040,False,6933
2025-08-05,liquid_universe-2025-08-01-3715,2025-08-05,964824,定穎投控,84,11486,False,3715
2025-08-06,liquid_universe-2025-06-10-6838,2025-08-06,634880.65,台新藥,31.55,20123,False,6838
2025-08-06,liquid_universe-2025-07-22-6933,2025-08-06,232960,AMAX-KY,224,1040,False,6933
2025-08-06,liquid_universe-2025-08-01-3715,2025-08-06,1061306.4,定穎投控,92.4,11486,False,3715
2025-08-07,liquid_universe-2025-06-10-6838,2025-08-07,622806.85,台新藥,30.95,20123,False,6838
2025-08-07,liquid_universe-2025-07-22-6933,2025-08-07,255840,AMAX-KY,246,1040,False,6933
2025-08-07,liquid_universe-2025-08-01-3715,2025-08-07,1056712,定穎投控,92,11486,False,3715
2025-08-08,liquid_universe-2025-06-10-6838,2025-08-08,622806.85,台新藥,30.95,20123,False,6838
2025-08-08,liquid_universe-2025-07-22-6933,2025-08-08,248040,AMAX-KY,238.5,1040,False,6933
2025-08-08,liquid_universe-2025-08-01-3715,2025-08-08,1084278.4,定穎投控,94.4,11486,False,3715
2025-08-11,liquid_universe-2025-06-10-6838,2025-08-11,613751.5,台新藥,30.5,20123,False,6838
2025-08-11,liquid_universe-2025-07-22-6933,2025-08-11,223600,AMAX-KY,215,1040,False,6933
2025-08-11,liquid_universe-2025-08-01-3715,2025-08-11,1100358.8,定穎投控,95.8,11486,False,3715
2025-08-12,liquid_universe-2025-06-10-6838,2025-08-12,627837.6,台新藥,31.2,20123,False,6838
2025-08-12,liquid_universe-2025-07-22-6933,2025-08-12,203840,AMAX-KY,196,1040,False,6933
2025-08-12,liquid_universe-2025-08-01-3715,2025-08-12,1134816.8,定穎投控,98.8,11486,False,3715
2025-08-13,liquid_universe-2025-06-10-6838,2025-08-13,649972.9,台新藥,32.3,20123,False,6838
2025-08-13,liquid_universe-2025-07-22-6933,2025-08-13,202800,AMAX-KY,195,1040,False,6933
2025-08-13,liquid_universe-2025-08-01-3715,2025-08-13,1114142,定穎投控,97,11486,False,3715
2025-08-14,liquid_universe-2025-06-10-6838,2025-08-14,653997.5,台新藥,32.5,20123,False,6838
2025-08-14,liquid_universe-2025-07-22-6933,2025-08-14,201240,AMAX-KY,193.5,1040,False,6933
2025-08-14,liquid_universe-2025-08-01-3715,2025-08-14,1160086,定穎投控,101,11486,False,3715
2025-08-15,liquid_universe-2025-06-10-6838,2025-08-15,653997.5,台新藥,32.5,20123,False,6838
2025-08-15,liquid_universe-2025-07-22-6933,2025-08-15,205920,AMAX-KY,198,1040,False,6933
2025-08-15,liquid_universe-2025-08-01-3715,2025-08-15,1154343,定穎投控,100.5,11486,False,3715
2025-08-18,liquid_universe-2025-06-10-6838,2025-08-18,662046.7,台新藥,32.9,20123,False,6838
2025-08-18,liquid_universe-2025-07-22-6933,2025-08-18,200720,AMAX-KY,193,1040,False,6933
2025-08-18,liquid_universe-2025-08-01-3715,2025-08-18,1269203,定穎投控,110.5,11486,False,3715
2025-08-19,liquid_universe-2025-06-10-6838,2025-08-19,659028.25,台新藥,32.75,20123,False,6838
2025-08-19,liquid_universe-2025-07-22-6933,2025-08-19,193440,AMAX-KY,186,1040,False,6933
2025-08-19,liquid_universe-2025-08-01-3715,2025-08-19,1183058,定穎投控,103,11486,False,3715
2025-08-20,liquid_universe-2025-06-10-6838,2025-08-20,655003.65,台新藥,32.55,20123,False,6838
2025-08-20,liquid_universe-2025-07-22-6933,2025-08-20,188240,AMAX-KY,181,1040,False,6933
2025-08-20,liquid_universe-2025-08-01-3715,2025-08-20,1091170,定穎投控,95,11486,False,3715
2025-08-21,liquid_universe-2025-06-10-6838,2025-08-21,660034.4,台新藥,32.8,20123,False,6838
2025-08-21,liquid_universe-2025-08-01-3715,2025-08-21,1106101.8,定穎投控,96.3,11486,False,3715
2025-08-22,liquid_universe-2025-06-10-6838,2025-08-22,670095.9,台新藥,33.3,20123,False,6838
2025-08-22,liquid_universe-2025-08-01-3715,2025-08-22,1188801,定穎投控,103.5,11486,False,3715
2025-08-22,liquid_universe-2025-08-21-2402,2025-08-22,1049759.1,毅嘉,61.1,17181,False,2402
2025-08-25,liquid_universe-2025-06-10-6838,2025-08-25,661040.55,台新藥,32.85,20123,False,6838
2025-08-25,liquid_universe-2025-08-01-3715,2025-08-25,1200287,定穎投控,104.5,11486,False,3715
2025-08-25,liquid_universe-2025-08-21-2402,2025-08-25,1051477.2,毅嘉,61.2,17181,False,2402
2025-08-26,liquid_universe-2025-06-10-6838,2025-08-26,646954.45,台新藥,32.15,20123,False,6838
2025-08-26,liquid_universe-2025-08-01-3715,2025-08-26,1200287,定穎投控,104.5,11486,False,3715
2025-08-26,liquid_universe-2025-08-21-2402,2025-08-26,1056631.5,毅嘉,61.5,17181,False,2402
2025-08-27,liquid_universe-2025-06-10-6838,2025-08-27,660034.4,台新藥,32.8,20123,False,6838
2025-08-27,liquid_universe-2025-08-01-3715,2025-08-27,1274946,定穎投控,111,11486,False,3715
2025-08-27,liquid_universe-2025-08-21-2402,2025-08-27,1044604.8,毅嘉,60.8,17181,False,2402
2025-08-28,liquid_universe-2025-06-10-6838,2025-08-28,659028.25,台新藥,32.75,20123,False,6838
2025-08-28,liquid_universe-2025-08-01-3715,2025-08-28,1217516,定穎投控,106,11486,False,3715
2025-08-28,liquid_universe-2025-08-21-2402,2025-08-28,1044604.8,毅嘉,60.8,17181,False,2402
2025-08-29,liquid_universe-2025-06-10-6838,2025-08-29,644942.15,台新藥,32.05,20123,False,6838
2025-08-29,liquid_universe-2025-08-01-3715,2025-08-29,1309404,定穎投控,114,11486,False,3715
2025-08-29,liquid_universe-2025-08-21-2402,2025-08-29,1053195.3,毅嘉,61.3,17181,False,2402
2025-09-01,liquid_universe-2025-06-10-6838,2025-09-01,632868.35,台新藥,31.45,20123,False,6838
2025-09-01,liquid_universe-2025-08-01-3715,2025-09-01,1188801,定穎投控,103.5,11486,False,3715
2025-09-01,liquid_universe-2025-08-21-2402,2025-09-01,977598.9,毅嘉,56.9,17181,False,2402
2025-09-02,liquid_universe-2025-06-10-6838,2025-09-02,661040.55,台新藥,32.85,20123,False,6838
2025-09-02,liquid_universe-2025-08-01-3715,2025-09-02,1096913,定穎投控,95.5,11486,False,3715
2025-09-02,liquid_universe-2025-08-21-2402,2025-09-02,998216.1,毅嘉,58.1,17181,False,2402
2025-09-03,liquid_universe-2025-06-10-6838,2025-09-03,648966.75,台新藥,32.25,20123,False,6838
2025-09-03,liquid_universe-2025-08-01-3715,2025-09-03,1077386.8,定穎投控,93.8,11486,False,3715
2025-09-03,liquid_universe-2025-08-21-2402,2025-09-03,1029141.9,毅嘉,59.9,17181,False,2402
2025-09-04,liquid_universe-2025-06-10-6838,2025-09-04,647960.6,台新藥,32.2,20123,False,6838
2025-09-04,liquid_universe-2025-08-01-3715,2025-09-04,1061306.4,定穎投控,92.4,11486,False,3715
2025-09-04,liquid_universe-2025-08-21-2402,2025-09-04,969008.4,毅嘉,56.4,17181,False,2402
2025-09-05,liquid_universe-2025-06-10-6838,2025-09-05,630856.05,台新藥,31.35,20123,False,6838
2025-09-05,liquid_universe-2025-08-01-3715,2025-09-05,1060157.8,定穎投控,92.3,11486,False,3715
2025-09-08,liquid_universe-2025-06-10-6838,2025-09-08,571402.05,台新藥,31.55,18111,False,6838
2025-09-08,liquid_universe-2025-08-01-3715,2025-09-08,1050969,定穎投控,91.5,11486,False,3715
2025-09-08,liquid_universe-2025-09-05-6727,2025-09-08,917840,亞泰金屬,220,4172,False,6727
2025-09-09,liquid_universe-2025-06-10-6838,2025-09-09,438529.7,台新藥,31.15,14078,False,6838
2025-09-09,liquid_universe-2025-08-01-3715,2025-09-09,1070495.2,定穎投控,93.2,11486,False,3715
2025-09-09,liquid_universe-2025-09-05-6727,2025-09-09,899066,亞泰金屬,215.5,4172,False,6727
2025-09-10,liquid_universe-2025-06-10-6838,2025-09-10,373411.75,台新藥,30.95,12065,False,6838
2025-09-10,liquid_universe-2025-08-01-3715,2025-09-10,1177315,定穎投控,102.5,11486,False,3715
2025-09-10,liquid_universe-2025-09-05-6727,2025-09-10,982506,亞泰金屬,235.5,4172,False,6727
2025-09-11,liquid_universe-2025-06-10-6838,2025-09-11,274364,台新藥,30.35,9040,False,6838
2025-09-11,liquid_universe-2025-08-01-3715,2025-09-11,1123330.8,定穎投控,97.8,11486,False,3715
2025-09-11,liquid_universe-2025-09-05-6727,2025-09-11,884464,亞泰金屬,212,4172,False,6727
2025-09-12,liquid_universe-2025-06-10-6838,2025-09-12,244300.35,台新藥,30.45,8023,False,6838
2025-09-12,liquid_universe-2025-08-01-3715,2025-09-12,1085427,定穎投控,94.5,11486,False,3715
2025-09-12,liquid_universe-2025-09-05-6727,2025-09-12,830228,亞泰金屬,199,4172,False,6727
2025-09-15,liquid_universe-2025-06-10-6838,2025-09-15,182524.9,台新藥,30.35,6014,False,6838
2025-09-15,liquid_universe-2025-08-01-3715,2025-09-15,995836.2,定穎投控,86.7,11486,False,3715
2025-09-15,liquid_universe-2025-09-05-6727,2025-09-15,748874,亞泰金屬,179.5,4172,False,6727
2025-09-16,liquid_universe-2025-06-10-6838,2025-09-16,153776.3,台新藥,30.7,5009,False,6838
2025-09-16,liquid_universe-2025-08-01-3715,2025-09-16,1033740,定穎投控,90,11486,False,3715
2025-09-16,liquid_universe-2025-09-05-6727,2025-09-16,11667.5,亞泰金屬,179.5,65,False,6727
2025-09-17,liquid_universe-2025-06-10-6838,2025-09-17,61300,台新藥,30.65,2000,False,6838
2025-09-17,liquid_universe-2025-08-01-3715,2025-09-17,1055563.4,定穎投控,91.9,11486,False,3715
2025-09-17,liquid_universe-2025-09-16-2408,2025-09-17,979068.1,南亞科,73.3,13357,False,2408
2025-09-18,liquid_universe-2025-08-01-3715,2025-09-18,1025699.8,定穎投控,89.3,11486,False,3715
2025-09-18,liquid_universe-2025-09-16-2408,2025-09-18,1068560,南亞科,80,13357,False,2408
2025-09-19,liquid_universe-2025-08-01-3715,2025-09-19,1045226,定穎投控,91,11486,False,3715
2025-09-19,liquid_universe-2025-09-16-2408,2025-09-19,1057874.4,南亞科,79.2,13357,False,2408
2025-09-19,liquid_universe-2025-09-18-2344,2025-09-19,997295,華邦電,33.5,29770,False,2344
2025-09-22,liquid_universe-2025-08-01-3715,2025-09-22,1057860.6,定穎投控,92.1,11486,False,3715
2025-09-22,liquid_universe-2025-09-16-2408,2025-09-22,1079245.6,南亞科,80.8,13357,False,2408
2025-09-22,liquid_universe-2025-09-18-2344,2025-09-22,1019622.5,華邦電,34.25,29770,False,2344
2025-09-23,liquid_universe-2025-08-01-3715,2025-09-23,1034888.6,定穎投控,90.1,11486,False,3715
2025-09-23,liquid_universe-2025-09-16-2408,2025-09-23,1081917,南亞科,81,13357,False,2408
2025-09-23,liquid_universe-2025-09-18-2344,2025-09-23,1085116.5,華邦電,36.45,29770,False,2344
2025-09-24,liquid_universe-2025-08-01-3715,2025-09-24,1013065.2,定穎投控,88.2,11486,False,3715
2025-09-24,liquid_universe-2025-09-16-2408,2025-09-24,1015132,南亞科,76,13357,False,2408
2025-09-24,liquid_universe-2025-09-18-2344,2025-09-24,1047904,華邦電,35.2,29770,False,2344
2025-09-25,liquid_universe-2025-08-01-3715,2025-09-25,1013065.2,定穎投控,88.2,11486,False,3715
2025-09-25,liquid_universe-2025-09-16-2408,2025-09-25,1023146.2,南亞科,76.6,13357,False,2408
2025-09-25,liquid_universe-2025-09-18-2344,2025-09-25,994318,華邦電,33.4,29770,False,2344
2025-09-26,liquid_universe-2025-08-01-3715,2025-09-26,998133.4,定穎投控,86.9,11486,False,3715
2025-09-26,liquid_universe-2025-09-16-2408,2025-09-26,948347,南亞科,71,13357,False,2408
2025-09-26,liquid_universe-2025-09-18-2344,2025-09-26,934778,華邦電,31.4,29770,False,2344
2025-09-30,liquid_universe-2025-08-01-3715,2025-09-30,1026848.4,定穎投控,89.4,11486,False,3715
2025-09-30,liquid_universe-2025-09-16-2408,2025-09-30,975061,南亞科,73,13357,False,2408
2025-09-30,liquid_universe-2025-09-18-2344,2025-09-30,1013668.5,華邦電,34.05,29770,False,2344
2025-10-01,liquid_universe-2025-08-01-3715,2025-10-01,1099210.2,定穎投控,95.7,11486,False,3715
2025-10-01,liquid_universe-2025-09-16-2408,2025-10-01,1017803.4,南亞科,76.2,13357,False,2408
2025-10-01,liquid_universe-2025-09-18-2344,2025-10-01,1006226,華邦電,33.8,29770,False,2344
2025-10-02,liquid_universe-2025-08-01-3715,2025-10-02,1064752.2,定穎投控,92.7,11486,False,3715
2025-10-02,liquid_universe-2025-09-16-2408,2025-10-02,1064552.9,南亞科,79.7,13357,False,2408
2025-10-02,liquid_universe-2025-09-18-2344,2025-10-02,1071720,華邦電,36,29770,False,2344
2025-10-03,liquid_universe-2025-08-01-3715,2025-10-03,1073941,定穎投控,93.5,11486,False,3715
2025-10-03,liquid_universe-2025-09-16-2408,2025-10-03,1108631,南亞科,83,13357,False,2408
2025-10-03,liquid_universe-2025-09-18-2344,2025-10-03,1155076,華邦電,38.8,29770,False,2344
2025-10-07,liquid_universe-2025-08-01-3715,2025-10-07,1119885,定穎投控,97.5,11486,False,3715
2025-10-07,liquid_universe-2025-09-16-2408,2025-10-07,1218158.4,南亞科,91.2,13357,False,2408
2025-10-07,liquid_universe-2025-09-18-2344,2025-10-07,1269690.5,華邦電,42.65,29770,False,2344
2025-10-08,liquid_universe-2025-08-01-3715,2025-10-08,1160086,定穎投控,101,11486,False,3715
2025-10-08,liquid_universe-2025-09-16-2408,2025-10-08,1212815.6,南亞科,90.8,13357,False,2408
2025-10-08,liquid_universe-2025-09-18-2344,2025-10-08,1228012.5,華邦電,41.25,29770,False,2344
2025-10-09,liquid_universe-2025-08-01-3715,2025-10-09,1206030,定穎投控,105,11486,False,3715
2025-10-09,liquid_universe-2025-09-16-2408,2025-10-09,1315664.5,南亞科,98.5,13357,False,2408
2025-10-09,liquid_universe-2025-09-18-2344,2025-10-09,1293506.5,華邦電,43.45,29770,False,2344
2025-10-13,liquid_universe-2025-08-01-3715,2025-10-13,1165829,定穎投控,101.5,11486,False,3715
2025-10-13,liquid_universe-2025-09-16-2408,2025-10-13,1276929.2,南亞科,95.6,13357,False,2408
2025-10-13,liquid_universe-2025-09-18-2344,2025-10-13,1280110,華邦電,43,29770,False,2344
2025-10-14,liquid_universe-2025-08-01-3715,2025-10-14,1077386.8,定穎投控,93.8,11486,False,3715
2025-10-14,liquid_universe-2025-09-16-2408,2025-10-14,1190108.7,南亞科,89.1,13357,False,2408
2025-10-14,liquid_universe-2025-09-18-2344,2025-10-14,1211639,華邦電,40.7,29770,False,2344
2025-10-15,liquid_universe-2025-08-01-3715,2025-10-15,1088872.8,定穎投控,94.8,11486,False,3715
2025-10-15,liquid_universe-2025-09-16-2408,2025-10-15,1152709.1,南亞科,86.3,13357,False,2408
2025-10-15,liquid_universe-2025-09-18-2344,2025-10-15,1190800,華邦電,40,29770,False,2344
2025-10-16,liquid_universe-2025-08-01-3715,2025-10-16,1106101.8,定穎投控,96.3,11486,False,3715
2025-10-16,liquid_universe-2025-09-16-2408,2025-10-16,1267579.3,南亞科,94.9,13357,False,2408
2025-10-16,liquid_universe-2025-09-18-2344,2025-10-16,1309880,華邦電,44,29770,False,2344
2025-10-17,liquid_universe-2025-08-01-3715,2025-10-17,1084278.4,定穎投控,94.4,11486,False,3715
2025-10-17,liquid_universe-2025-09-16-2408,2025-10-17,1389128,南亞科,104,13357,False,2408
2025-10-17,liquid_universe-2025-09-18-2344,2025-10-17,1308391.5,華邦電,43.95,29770,False,2344
2025-10-20,liquid_universe-2025-08-01-3715,2025-10-20,1055563.4,定穎投控,91.9,11486,False,3715
2025-10-20,liquid_universe-2025-09-16-2408,2025-10-20,1429199,南亞科,107,13357,False,2408
2025-10-20,liquid_universe-2025-09-18-2344,2025-10-20,1379839.5,華邦電,46.35,29770,False,2344
2025-10-21,liquid_universe-2025-08-01-3715,2025-10-21,1068198,定穎投控,93,11486,False,3715
2025-10-21,liquid_universe-2025-09-16-2408,2025-10-21,1409163.5,南亞科,105.5,13357,False,2408
2025-10-21,liquid_universe-2025-09-18-2344,2025-10-21,1327742,華邦電,44.6,29770,False,2344
2025-10-22,liquid_universe-2025-08-01-3715,2025-10-22,1056712,定穎投控,92,11486,False,3715
2025-10-22,liquid_universe-2025-09-16-2408,2025-10-22,1469270,南亞科,110,13357,False,2408
2025-10-22,liquid_universe-2025-09-18-2344,2025-10-22,1353046.5,華邦電,45.45,29770,False,2344
2025-10-23,liquid_universe-2025-08-01-3715,2025-10-23,1041780.2,定穎投控,90.7,11486,False,3715
2025-10-23,liquid_universe-2025-09-16-2408,2025-10-23,1462591.5,南亞科,109.5,13357,False,2408
2025-10-23,liquid_universe-2025-09-18-2344,2025-10-23,1378351,華邦電,46.3,29770,False,2344
2025-10-27,liquid_universe-2025-08-01-3715,2025-10-27,1121033.6,定穎投控,97.6,11486,False,3715
2025-10-27,liquid_universe-2025-09-16-2408,2025-10-27,1602840,南亞科,120,13357,False,2408
2025-10-27,liquid_universe-2025-09-18-2344,2025-10-27,1515293,華邦電,50.9,29770,False,2344
2025-10-28,liquid_universe-2025-08-01-3715,2025-10-28,1092318.6,定穎投控,95.1,11486,False,3715
2025-10-28,liquid_universe-2025-09-16-2408,2025-10-28,1736410,南亞科,130,13357,False,2408
2025-10-28,liquid_universe-2025-09-18-2344,2025-10-28,1607580,華邦電,54,29770,False,2344
2025-10-29,liquid_universe-2025-08-01-3715,2025-10-29,1093467.2,定穎投控,95.2,11486,False,3715
2025-10-29,liquid_universe-2025-09-16-2408,2025-10-29,1776481,南亞科,133,13357,False,2408
2025-10-29,liquid_universe-2025-09-18-2344,2025-10-29,1607580,華邦電,54,29770,False,2344
2025-10-30,liquid_universe-2025-08-01-3715,2025-10-30,1032591.4,定穎投控,89.9,11486,False,3715
2025-10-30,liquid_universe-2025-09-16-2408,2025-10-30,1796516.5,南亞科,134.5,13357,False,2408
2025-10-30,liquid_universe-2025-09-18-2344,2025-10-30,1643304,華邦電,55.2,29770,False,2344
2025-10-31,liquid_universe-2025-08-01-3715,2025-10-31,1032591.4,定穎投控,89.9,11486,False,3715
2025-10-31,liquid_universe-2025-09-16-2408,2025-10-31,1769802.5,南亞科,132.5,13357,False,2408
2025-10-31,liquid_universe-2025-09-18-2344,2025-10-31,1613534,華邦電,54.2,29770,False,2344
2025-11-03,liquid_universe-2025-08-01-3715,2025-11-03,1063603.6,定穎投控,92.6,11486,False,3715
2025-11-03,liquid_universe-2025-09-16-2408,2025-11-03,1829909,南亞科,137,13357,False,2408
2025-11-03,liquid_universe-2025-09-18-2344,2025-11-03,1684982,華邦電,56.6,29770,False,2344
2025-11-04,liquid_universe-2025-08-01-3715,2025-11-04,1036037.2,定穎投控,90.2,11486,False,3715
2025-11-04,liquid_universe-2025-09-16-2408,2025-11-04,1756445.5,南亞科,131.5,13357,False,2408
2025-11-04,liquid_universe-2025-09-18-2344,2025-11-04,1586741,華邦電,53.3,29770,False,2344
2025-11-05,liquid_universe-2025-09-16-2408,2025-11-05,1843266,南亞科,138,13357,False,2408
2025-11-05,liquid_universe-2025-09-18-2344,2025-11-05,1667120,華邦電,56,29770,False,2344
2025-11-06,liquid_universe-2025-09-16-2408,2025-11-06,1976836,南亞科,148,13357,False,2408
2025-11-06,liquid_universe-2025-09-18-2344,2025-11-06,1756430,華邦電,59,29770,False,2344
2025-11-06,liquid_universe-2025-11-05-4989,2025-11-06,1111136.1,榮科,47.1,23591,False,4989
2025-11-07,liquid_universe-2025-09-16-2408,2025-11-07,1963479,南亞科,147,13357,False,2408
2025-11-07,liquid_universe-2025-09-18-2344,2025-11-07,1729637,華邦電,58.1,29770,False,2344
2025-11-07,liquid_universe-2025-11-05-4989,2025-11-07,1052158.6,榮科,44.6,23591,False,4989
2025-11-10,liquid_universe-2025-09-16-2408,2025-11-10,2157155.5,南亞科,161.5,13357,False,2408
2025-11-10,liquid_universe-2025-09-18-2344,2025-11-10,1902303,華邦電,63.9,29770,False,2344
2025-11-10,liquid_universe-2025-11-05-4989,2025-11-10,1033285.8,榮科,43.8,23591,False,4989
2025-11-11,liquid_universe-2025-09-16-2408,2025-11-11,2197226.5,南亞科,164.5,13357,False,2408
2025-11-11,liquid_universe-2025-09-18-2344,2025-11-11,1920165,華邦電,64.5,29770,False,2344
2025-11-11,liquid_universe-2025-11-05-4989,2025-11-11,1135906.65,榮科,48.15,23591,False,4989
2025-11-12,liquid_universe-2025-09-16-2408,2025-11-12,2177191,南亞科,163,13357,False,2408
2025-11-12,liquid_universe-2025-09-18-2344,2025-11-12,1929096,華邦電,64.8,29770,False,2344
2025-11-12,liquid_universe-2025-11-05-4989,2025-11-12,1160677.2,榮科,49.2,23591,False,4989
2025-11-13,liquid_universe-2025-09-16-2408,2025-11-13,2183869.5,南亞科,163.5,13357,False,2408
2025-11-13,liquid_universe-2025-09-18-2344,2025-11-13,1911234,華邦電,64.2,29770,False,2344
2025-11-13,liquid_universe-2025-11-05-4989,2025-11-13,1174831.8,榮科,49.8,23591,False,4989
2025-11-14,liquid_universe-2025-09-16-2408,2025-11-14,2117084.5,南亞科,158.5,13357,False,2408
2025-11-14,liquid_universe-2025-09-18-2344,2025-11-14,1795131,華邦電,60.3,29770,False,2344
2025-11-14,liquid_universe-2025-11-05-4989,2025-11-14,1135906.65,榮科,48.15,23591,False,4989
2025-11-17,liquid_universe-2025-09-16-2408,2025-11-17,2223940.5,南亞科,166.5,13357,False,2408
2025-11-17,liquid_universe-2025-09-18-2344,2025-11-17,1970774,華邦電,66.2,29770,False,2344
2025-11-17,liquid_universe-2025-11-05-4989,2025-11-17,1101699.7,榮科,46.7,23591,False,4989
2025-11-18,liquid_universe-2025-09-16-2408,2025-11-18,2143798.5,南亞科,160.5,13357,False,2408
2025-11-18,liquid_universe-2025-09-18-2344,2025-11-18,1827878,華邦電,61.4,29770,False,2344
2025-11-18,liquid_universe-2025-11-05-4989,2025-11-18,1002617.5,榮科,42.5,23591,False,4989
2025-11-19,liquid_universe-2025-09-16-2408,2025-11-19,2137120,南亞科,160,13357,False,2408
2025-11-19,liquid_universe-2025-09-18-2344,2025-11-19,1768338,華邦電,59.4,29770,False,2344
2025-11-19,liquid_universe-2025-11-05-4989,2025-11-19,935383.15,榮科,39.65,23591,False,4989
2025-11-20,liquid_universe-2025-09-16-2408,2025-11-20,2077013.5,南亞科,155.5,13357,False,2408
2025-11-20,liquid_universe-2025-09-18-2344,2025-11-20,1726660,華邦電,58,29770,False,2344
2025-11-20,liquid_universe-2025-11-05-4989,2025-11-20,7542.8,榮科,43.6,173,False,4989
2025-11-21,liquid_universe-2025-09-16-2408,2025-11-21,1869980,南亞科,140,13357,False,2408
2025-11-21,liquid_universe-2025-09-18-2344,2025-11-21,1553994,華邦電,52.2,29770,False,2344
2025-11-21,liquid_universe-2025-11-20-6163,2025-11-21,947292.5,華電網,33.25,28490,False,6163
2025-11-24,liquid_universe-2025-09-16-2408,2025-11-24,1910051,南亞科,143,13357,False,2408
2025-11-24,liquid_universe-2025-09-18-2344,2025-11-24,1625442,華邦電,54.6,29770,False,2344
2025-11-24,liquid_universe-2025-11-20-6163,2025-11-24,943019,華電網,33.1,28490,False,6163
2025-11-25,liquid_universe-2025-09-16-2408,2025-11-25,1916729.5,南亞科,143.5,13357,False,2408
2025-11-25,liquid_universe-2025-09-18-2344,2025-11-25,1711775,華邦電,57.5,29770,False,2344
2025-11-25,liquid_universe-2025-11-20-6163,2025-11-25,930198.5,華電網,32.65,28490,False,6163
2025-11-26,liquid_universe-2025-09-16-2408,2025-11-26,1823230.5,南亞科,136.5,13357,False,2408
2025-11-26,liquid_universe-2025-09-18-2344,2025-11-26,1595672,華邦電,53.6,29770,False,2344
2025-11-26,liquid_universe-2025-11-20-6163,2025-11-26,930198.5,華電網,32.65,28490,False,6163
2025-11-27,liquid_universe-2025-09-16-2408,2025-11-27,1950122,南亞科,146,13357,False,2408
2025-11-27,liquid_universe-2025-09-18-2344,2025-11-27,1693913,華邦電,56.9,29770,False,2344
2025-11-27,liquid_universe-2025-11-20-6163,2025-11-27,945868,華電網,33.2,28490,False,6163
2025-11-28,liquid_universe-2025-09-16-2408,2025-11-28,1950122,南亞科,146,13357,False,2408
2025-11-28,liquid_universe-2025-09-18-2344,2025-11-28,1726660,華邦電,58,29770,False,2344
2025-11-28,liquid_universe-2025-11-20-6163,2025-11-28,1039885,華電網,36.5,28490,False,6163
2025-12-01,liquid_universe-2025-09-16-2408,2025-12-01,1996871.5,南亞科,149.5,13357,False,2408
2025-12-01,liquid_universe-2025-09-18-2344,2025-12-01,1714752,華邦電,57.6,29770,False,2344
2025-12-01,liquid_universe-2025-11-20-6163,2025-12-01,1143873.5,華電網,40.15,28490,False,6163
2025-12-02,liquid_universe-2025-09-16-2408,2025-12-02,1996871.5,南亞科,149.5,13357,False,2408
2025-12-02,liquid_universe-2025-09-18-2344,2025-12-02,1684982,華邦電,56.6,29770,False,2344
2025-12-02,liquid_universe-2025-11-20-6163,2025-12-02,1257833.5,華電網,44.15,28490,False,6163
2025-12-03,liquid_universe-2025-09-16-2408,2025-12-03,2016907,南亞科,151,13357,False,2408
2025-12-03,liquid_universe-2025-09-18-2344,2025-12-03,1661166,華邦電,55.8,29770,False,2344
2025-12-03,liquid_universe-2025-11-20-6163,2025-12-03,1330483,華電網,46.7,28490,False,6163
2025-12-04,liquid_universe-2025-09-16-2408,2025-12-04,2016907,南亞科,151,13357,False,2408
2025-12-04,liquid_universe-2025-09-18-2344,2025-12-04,1720706,華邦電,57.8,29770,False,2344
2025-12-04,liquid_universe-2025-11-20-6163,2025-12-04,1257833.5,華電網,44.15,28490,False,6163
2025-12-05,liquid_universe-2025-09-16-2408,2025-12-05,2043621,南亞科,153,13357,False,2408
2025-12-05,liquid_universe-2025-09-18-2344,2025-12-05,1839786,華邦電,61.8,29770,False,2344
2025-12-05,liquid_universe-2025-11-20-6163,2025-12-05,1237890.5,華電網,43.45,28490,False,6163
2025-12-08,liquid_universe-2025-09-16-2408,2025-12-08,2183869.5,南亞科,163.5,13357,False,2408
2025-12-08,liquid_universe-2025-09-18-2344,2025-12-08,2021383,華邦電,67.9,29770,False,2344
2025-12-08,liquid_universe-2025-11-20-6163,2025-12-08,1262107,華電網,44.3,28490,False,6163
2025-12-09,liquid_universe-2025-09-16-2408,2025-12-09,2163834,南亞科,162,13357,False,2408
2025-12-09,liquid_universe-2025-09-18-2344,2025-12-09,2122601,華邦電,71.3,29770,False,2344
2025-12-09,liquid_universe-2025-11-20-6163,2025-12-09,1252135.5,華電網,43.95,28490,False,6163
2025-12-10,liquid_universe-2025-09-16-2408,2025-12-10,2083692,南亞科,156,13357,False,2408
2025-12-10,liquid_universe-2025-09-18-2344,2025-12-10,2009475,華邦電,67.5,29770,False,2344
2025-12-10,liquid_universe-2025-11-20-6163,2025-12-10,1309115.5,華電網,45.95,28490,False,6163
2025-12-11,liquid_universe-2025-09-16-2408,2025-12-11,2083692,南亞科,156,13357,False,2408
2025-12-11,liquid_universe-2025-09-18-2344,2025-12-11,2036268,華邦電,68.4,29770,False,2344
2025-12-11,liquid_universe-2025-11-20-6163,2025-12-11,1307691,華電網,45.9,28490,False,6163
2025-12-12,liquid_universe-2025-09-16-2408,2025-12-12,2163834,南亞科,162,13357,False,2408
2025-12-12,liquid_universe-2025-09-18-2344,2025-12-12,2220842,華邦電,74.6,29770,False,2344
2025-12-12,liquid_universe-2025-11-20-6163,2025-12-12,1333332,華電網,46.8,28490,False,6163
2025-12-15,liquid_universe-2025-09-16-2408,2025-12-15,2170512.5,南亞科,162.5,13357,False,2408
2025-12-15,liquid_universe-2025-09-18-2344,2025-12-15,2116647,華邦電,71.1,29770,False,2344
2025-12-15,liquid_universe-2025-11-20-6163,2025-12-15,1381765,華電網,48.5,28490,False,6163
2025-12-16,liquid_universe-2025-09-16-2408,2025-12-16,2110406,南亞科,158,13357,False,2408
2025-12-16,liquid_universe-2025-09-18-2344,2025-12-16,2101762,華邦電,70.6,29770,False,2344
2025-12-16,liquid_universe-2025-11-20-6163,2025-12-16,1297719.5,華電網,45.55,28490,False,6163
2025-12-17,liquid_universe-2025-09-16-2408,2025-12-17,2197226.5,南亞科,164.5,13357,False,2408
2025-12-17,liquid_universe-2025-09-18-2344,2025-12-17,2200003,華邦電,73.9,29770,False,2344
2025-12-17,liquid_universe-2025-11-20-6163,2025-12-17,1304842,華電網,45.8,28490,False,6163
2025-12-18,liquid_universe-2025-09-16-2408,2025-12-18,2270690,南亞科,170,13357,False,2408
2025-12-18,liquid_universe-2025-09-18-2344,2025-12-18,2217865,華邦電,74.5,29770,False,2344
2025-12-18,liquid_universe-2025-11-20-6163,2025-12-18,1267805,華電網,44.5,28490,False,6163
2025-12-19,liquid_universe-2025-09-18-2344,2025-12-19,2122601,華邦電,71.3,29770,False,2344
2025-12-19,liquid_universe-2025-11-20-6163,2025-12-19,1341879,華電網,47.1,28490,False,6163
2025-12-22,liquid_universe-2025-09-18-2344,2025-12-22,2176187,華邦電,73.1,29770,False,2344
2025-12-22,liquid_universe-2025-11-20-6163,2025-12-22,1475782,華電網,51.8,28490,False,6163
2025-12-22,liquid_universe-2025-12-19-4927,2025-12-22,1745046.8,泰鼎-KY,34.3,50876,False,4927
2025-12-23,liquid_universe-2025-11-20-6163,2025-12-23,1621081,華電網,56.9,28490,False,6163
2025-12-23,liquid_universe-2025-12-19-4927,2025-12-23,1739959.2,泰鼎-KY,34.2,50876,False,4927
2025-12-24,liquid_universe-2025-11-20-6163,2025-12-24,1592591,華電網,55.9,28490,False,6163
2025-12-24,liquid_universe-2025-12-19-4927,2025-12-24,1739959.2,泰鼎-KY,34.2,50876,False,4927
2025-12-24,liquid_universe-2025-12-23-6588,2025-12-24,934372.8,東典光電,51.6,18108,False,6588
2025-12-26,liquid_universe-2025-11-20-6163,2025-12-26,1698004,華電網,59.6,28490,False,6163
2025-12-26,liquid_universe-2025-12-19-4927,2025-12-26,1793379,泰鼎-KY,35.25,50876,False,4927
2025-12-26,liquid_universe-2025-12-23-6588,2025-12-26,900873,東典光電,49.75,18108,False,6588
2025-12-29,liquid_universe-2025-11-20-6163,2025-12-29,1549856,華電網,54.4,28490,False,6163
2025-12-29,liquid_universe-2025-12-19-4927,2025-12-29,1691627,泰鼎-KY,33.25,50876,False,4927
2025-12-29,liquid_universe-2025-12-23-6588,2025-12-29,847454.4,東典光電,46.8,18108,False,6588
2025-12-30,liquid_universe-2025-11-20-6163,2025-12-30,1552705,華電網,54.5,28490,False,6163
2025-12-30,liquid_universe-2025-12-19-4927,2025-12-30,1620400.6,泰鼎-KY,31.85,50876,False,4927
2025-12-30,liquid_universe-2025-12-23-6588,2025-12-30,875521.8,東典光電,48.35,18108,False,6588
2025-12-31,liquid_universe-2025-11-20-6163,2025-12-31,1544158,華電網,54.2,28490,False,6163
2025-12-31,liquid_universe-2025-12-19-4927,2025-12-31,1668732.8,泰鼎-KY,32.8,50876,False,4927
2025-12-31,liquid_universe-2025-12-23-6588,2025-12-31,851076,東典光電,47,18108,False,6588
2026-01-02,liquid_universe-2025-11-20-6163,2026-01-02,1575497,華電網,55.3,28490,False,6163
2026-01-02,liquid_universe-2025-12-19-4927,2026-01-02,1617856.8,泰鼎-KY,31.8,50876,False,4927
2026-01-02,liquid_universe-2025-12-23-6588,2026-01-02,936183.6,東典光電,51.7,18108,False,6588
2026-01-05,liquid_universe-2025-11-20-6163,2026-01-05,1492876,華電網,52.4,28490,False,6163
2026-01-05,liquid_universe-2025-12-19-4927,2026-01-05,1645838.6,泰鼎-KY,32.35,50876,False,4927
2026-01-05,liquid_universe-2025-12-23-6588,2026-01-05,934372.8,東典光電,51.6,18108,False,6588
2026-01-06,liquid_universe-2025-11-20-6163,2026-01-06,1512819,華電網,53.1,28490,False,6163
2026-01-06,liquid_universe-2025-12-19-4927,2026-01-06,1808641.8,泰鼎-KY,35.55,50876,False,4927
2026-01-06,liquid_universe-2025-12-23-6588,2026-01-06,923508,東典光電,51,18108,False,6588
2026-01-07,liquid_universe-2025-11-20-6163,2026-01-07,1507121,華電網,52.9,28490,False,6163
2026-01-07,liquid_universe-2025-12-19-4927,2026-01-07,1918025.2,泰鼎-KY,37.7,50876,False,4927
2026-01-07,liquid_universe-2025-12-23-6588,2026-01-07,895440.6,東典光電,49.45,18108,False,6588
2026-01-08,liquid_universe-2025-11-20-6163,2026-01-08,1547007,華電網,54.3,28490,False,6163
2026-01-08,liquid_universe-2025-12-19-4927,2026-01-08,1938375.6,泰鼎-KY,38.1,50876,False,4927
2026-01-08,liquid_universe-2025-12-23-6588,2026-01-08,860130,東典光電,47.5,18108,False,6588
2026-01-09,liquid_universe-2025-11-20-6163,2026-01-09,1700853,華電網,59.7,28490,False,6163
2026-01-09,liquid_universe-2025-12-19-4927,2026-01-09,1958726,泰鼎-KY,38.5,50876,False,4927
2026-01-09,liquid_universe-2025-12-23-6588,2026-01-09,574546.5,東典光電,47.7,12045,False,6588
2026-01-12,liquid_universe-2025-11-20-6163,2026-01-12,1868944,華電網,65.6,28490,False,6163
2026-01-12,liquid_universe-2025-12-19-4927,2026-01-12,1958726,泰鼎-KY,38.5,50876,False,4927
2026-01-12,liquid_universe-2025-12-23-6588,2026-01-12,348250,東典光電,49.75,7000,False,6588
2026-01-13,liquid_universe-2025-11-20-6163,2026-01-13,1914528,華電網,67.2,28490,False,6163
2026-01-13,liquid_universe-2025-12-19-4927,2026-01-13,1892587.2,泰鼎-KY,37.2,50876,False,4927
2026-01-13,liquid_universe-2025-12-23-6588,2026-01-13,47250,東典光電,47.25,1000,False,6588
2026-01-14,liquid_universe-2025-11-20-6163,2026-01-14,2071223,華電網,72.7,28490,False,6163
2026-01-14,liquid_universe-2025-12-19-4927,2026-01-14,1895131,泰鼎-KY,37.25,50876,False,4927
2026-01-15,liquid_universe-2025-11-20-6163,2026-01-15,2051280,華電網,72,28490,False,6163
2026-01-15,liquid_universe-2025-12-19-4927,2026-01-15,1923112.8,泰鼎-KY,37.8,50876,False,4927
2026-01-15,liquid_universe-2026-01-14-6443,2026-01-15,1964855.8,元晶,38.6,50903,False,6443
2026-01-16,liquid_universe-2025-11-20-6163,2026-01-16,2045582,華電網,71.8,28490,False,6163
2026-01-16,liquid_universe-2025-12-19-4927,2026-01-16,1961269.8,泰鼎-KY,38.55,50876,False,4927
2026-01-16,liquid_universe-2026-01-14-6443,2026-01-16,1936859.15,元晶,38.05,50903,False,6443
2026-01-19,liquid_universe-2025-11-20-6163,2026-01-19,2002847,華電網,70.3,28490,False,6163
2026-01-19,liquid_universe-2025-12-19-4927,2026-01-19,1918025.2,泰鼎-KY,37.7,50876,False,4927
2026-01-19,liquid_universe-2026-01-14-6443,2026-01-19,1888501.3,元晶,37.1,50903,False,6443
2026-01-20,liquid_universe-2025-11-20-6163,2026-01-20,2031337,華電網,71.3,28490,False,6163
2026-01-20,liquid_universe-2025-12-19-4927,2026-01-20,1900218.6,泰鼎-KY,37.35,50876,False,4927
2026-01-20,liquid_universe-2026-01-14-6443,2026-01-20,2076842.4,元晶,40.8,50903,False,6443
2026-01-21,liquid_universe-2025-11-20-6163,2026-01-21,1968659,華電網,69.1,28490,False,6163
2026-01-21,liquid_universe-2025-12-19-4927,2026-01-21,1867149.2,泰鼎-KY,36.7,50876,False,4927
2026-01-21,liquid_universe-2026-01-14-6443,2026-01-21,2025939.4,元晶,39.8,50903,False,6443
2026-01-22,liquid_universe-2025-11-20-6163,2026-01-22,1974357,華電網,69.3,28490,False,6163
2026-01-22,liquid_universe-2025-12-19-4927,2026-01-22,1849342.6,泰鼎-KY,36.35,50876,False,4927
2026-01-22,liquid_universe-2026-01-14-6443,2026-01-22,1967400.95,元晶,38.65,50903,False,6443
2026-01-23,liquid_universe-2025-11-20-6163,2026-01-23,1937320,華電網,68,28490,False,6163
2026-01-23,liquid_universe-2025-12-19-4927,2026-01-23,1851886.4,泰鼎-KY,36.4,50876,False,4927
2026-01-23,liquid_universe-2026-01-14-6443,2026-01-23,1990307.3,元晶,39.1,50903,False,6443
2026-01-26,liquid_universe-2025-11-20-6163,2026-01-26,1934471,華電網,67.9,28490,False,6163
2026-01-26,liquid_universe-2025-12-19-4927,2026-01-26,1775572.4,泰鼎-KY,34.9,50876,False,4927
2026-01-26,liquid_universe-2026-01-14-6443,2026-01-26,2104839.05,元晶,41.35,50903,False,6443
2026-01-27,liquid_universe-2025-11-20-6163,2026-01-27,1883189,華電網,66.1,28490,False,6163
2026-01-27,liquid_universe-2025-12-19-4927,2026-01-27,1699258.4,泰鼎-KY,33.4,50876,False,4927
2026-01-27,liquid_universe-2026-01-14-6443,2026-01-27,2120109.95,元晶,41.65,50903,False,6443
2026-01-28,liquid_universe-2025-11-20-6163,2026-01-28,1917377,華電網,67.3,28490,False,6163
2026-01-28,liquid_universe-2025-12-19-4927,2026-01-28,1709433.6,泰鼎-KY,33.6,50876,False,4927
2026-01-28,liquid_universe-2026-01-14-6443,2026-01-28,2094658.45,元晶,41.15,50903,False,6443
2026-01-29,liquid_universe-2025-11-20-6163,2026-01-29,1831907,華電網,64.3,28490,False,6163
2026-01-29,liquid_universe-2025-12-19-4927,2026-01-29,1661101.4,泰鼎-KY,32.65,50876,False,4927
2026-01-29,liquid_universe-2026-01-14-6443,2026-01-29,1985217,元晶,39,50903,False,6443
2026-01-30,liquid_universe-2025-11-20-6163,2026-01-30,1703702,華電網,59.8,28490,False,6163
2026-01-30,liquid_universe-2025-12-19-4927,2026-01-30,1628032,泰鼎-KY,32,50876,False,4927
2026-01-30,liquid_universe-2026-01-14-6443,2026-01-30,1985217,元晶,39,50903,False,6443
2026-02-02,liquid_universe-2025-11-20-6163,2026-02-02,1621081,華電網,56.9,28490,False,6163
2026-02-02,liquid_universe-2025-12-19-4927,2026-02-02,1572068.4,泰鼎-KY,30.9,50876,False,4927
2026-02-02,liquid_universe-2026-01-14-6443,2026-02-02,2036120,元晶,40,50903,False,6443
2026-02-03,liquid_universe-2025-11-20-6163,2026-02-03,1592591,華電網,55.9,28490,False,6163
2026-02-03,liquid_universe-2025-12-19-4927,2026-02-03,1625488.2,泰鼎-KY,31.95,50876,False,4927
2026-02-03,liquid_universe-2026-01-14-6443,2026-02-03,2148106.6,元晶,42.2,50903,False,6443
2026-02-04,liquid_universe-2025-11-20-6163,2026-02-04,1612534,華電網,56.6,28490,False,6163
2026-02-04,liquid_universe-2025-12-19-4927,2026-02-04,1719608.8,泰鼎-KY,33.8,50876,False,4927
2026-02-04,liquid_universe-2026-01-14-6443,2026-02-04,2244822.3,元晶,44.1,50903,False,6443
2026-02-05,liquid_universe-2025-11-20-6163,2026-02-05,1569799,華電網,55.1,28490,False,6163
2026-02-05,liquid_universe-2025-12-19-4927,2026-02-05,1678908,泰鼎-KY,33,50876,False,4927
2026-02-05,liquid_universe-2026-01-14-6443,2026-02-05,2145561.45,元晶,42.15,50903,False,6443
2026-02-06,liquid_universe-2025-11-20-6163,2026-02-06,1498574,華電網,52.6,28490,False,6163
2026-02-06,liquid_universe-2025-12-19-4927,2026-02-06,1610225.4,泰鼎-KY,31.65,50876,False,4927
2026-02-06,liquid_universe-2026-01-14-6443,2026-02-06,2000487.9,元晶,39.3,50903,False,6443
2026-02-09,liquid_universe-2025-11-20-6163,2026-02-09,1487178,華電網,52.2,28490,False,6163
2026-02-09,liquid_universe-2025-12-19-4927,2026-02-09,1622944.4,泰鼎-KY,31.9,50876,False,4927
2026-02-09,liquid_universe-2026-01-14-6443,2026-02-09,2005578.2,元晶,39.4,50903,False,6443
2026-02-10,liquid_universe-2025-11-20-6163,2026-02-10,1495725,華電網,52.5,28490,False,6163
2026-02-10,liquid_universe-2025-12-19-4927,2026-02-10,1615313,泰鼎-KY,31.75,50876,False,4927
2026-02-10,liquid_universe-2026-01-14-6443,2026-02-10,1919043.1,元晶,37.7,50903,False,6443
2026-02-11,liquid_universe-2025-11-20-6163,2026-02-11,1467235,華電網,51.5,28490,False,6163
2026-02-11,liquid_universe-2025-12-19-4927,2026-02-11,1694170.8,泰鼎-KY,33.3,50876,False,4927
2026-02-11,liquid_universe-2026-01-14-6443,2026-02-11,1888501.3,元晶,37.1,50903,False,6443
2026-02-23,liquid_universe-2025-11-20-6163,2026-02-23,1612534,華電網,56.6,28490,False,6163
2026-02-23,liquid_universe-2025-12-19-4927,2026-02-23,1862061.6,泰鼎-KY,36.6,50876,False,4927
2026-02-23,liquid_universe-2026-01-14-6443,2026-02-23,2008123.35,元晶,39.45,50903,False,6443
2026-02-24,liquid_universe-2025-11-20-6163,2026-02-24,1603987,華電網,56.3,28490,False,6163
2026-02-24,liquid_universe-2025-12-19-4927,2026-02-24,2047759,泰鼎-KY,40.25,50876,False,4927
2026-02-24,liquid_universe-2026-01-14-6443,2026-02-24,2112474.5,元晶,41.5,50903,False,6443
2026-02-25,liquid_universe-2025-11-20-6163,2026-02-25,1484329,華電網,52.1,28490,False,6163
2026-02-25,liquid_universe-2025-12-19-4927,2026-02-25,2251263,泰鼎-KY,44.25,50876,False,4927
2026-02-25,liquid_universe-2026-01-14-6443,2026-02-25,2087023,元晶,41,50903,False,6443
2026-02-26,liquid_universe-2025-11-20-6163,2026-02-26,1547007,華電網,54.3,28490,False,6163
2026-02-26,liquid_universe-2025-12-19-4927,2026-02-26,2403891,泰鼎-KY,47.25,50876,False,4927
2026-02-26,liquid_universe-2026-01-14-6443,2026-02-26,2295725.3,元晶,45.1,50903,False,6443
2026-03-02,liquid_universe-2025-11-20-6163,2026-03-02,1569799,華電網,55.1,28490,False,6163
2026-03-02,liquid_universe-2025-12-19-4927,2026-03-02,2360646.4,泰鼎-KY,46.4,50876,False,4927
2026-03-02,liquid_universe-2026-01-14-6443,2026-03-02,2524788.8,元晶,49.6,50903,False,6443
2026-03-03,liquid_universe-2025-11-20-6163,2026-03-03,1498574,華電網,52.6,28490,False,6163
2026-03-03,liquid_universe-2025-12-19-4927,2026-03-03,2401347.2,泰鼎-KY,47.2,50876,False,4927
2026-03-03,liquid_universe-2026-01-14-6443,2026-03-03,2527333.95,元晶,49.65,50903,False,6443
2026-03-04,liquid_universe-2025-11-20-6163,2026-03-04,13335.8,華電網,50.9,262,False,6163
2026-03-04,liquid_universe-2025-12-19-4927,2026-03-04,2200387,泰鼎-KY,43.25,50876,False,4927
2026-03-04,liquid_universe-2026-01-14-6443,2026-03-04,2316086.5,元晶,45.5,50903,False,6443
2026-03-05,liquid_universe-2025-11-20-6163,2026-03-05,5171.2,華電網,51.2,101,False,6163
2026-03-05,liquid_universe-2025-12-19-4927,2026-03-05,2340296,泰鼎-KY,46,50876,False,4927
2026-03-05,liquid_universe-2026-01-14-6443,2026-03-05,2545150,元晶,50,50903,False,6443
2026-03-05,liquid_universe-2026-03-04-6861,2026-03-05,2017270,睿生光電,152.5,13228,False,6861
2026-03-06,liquid_universe-2025-12-19-4927,2026-03-06,2345383.6,泰鼎-KY,46.1,50876,False,4927
2026-03-06,liquid_universe-2026-01-14-6443,2026-03-06,2448434.3,元晶,48.1,50903,False,6443
2026-03-06,liquid_universe-2026-03-04-6861,2026-03-06,1990814,睿生光電,150.5,13228,False,6861
2026-03-09,liquid_universe-2025-12-19-4927,2026-03-09,2111354,泰鼎-KY,41.5,50876,False,4927
2026-03-09,liquid_universe-2026-01-14-6443,2026-03-09,2489156.7,元晶,48.9,50903,False,6443
2026-03-09,liquid_universe-2026-03-04-6861,2026-03-09,1792394,睿生光電,135.5,13228,False,6861
2026-03-10,liquid_universe-2025-12-19-4927,2026-03-10,2136792,泰鼎-KY,42,50876,False,4927
2026-03-10,liquid_universe-2026-01-14-6443,2026-03-10,2422982.8,元晶,47.6,50903,False,6443
2026-03-10,liquid_universe-2026-03-04-6861,2026-03-10,1970972,睿生光電,149,13228,False,6861
2026-03-11,liquid_universe-2025-12-19-4927,2026-03-11,2213106,泰鼎-KY,43.5,50876,False,4927
2026-03-11,liquid_universe-2026-01-14-6443,2026-03-11,2662226.9,元晶,52.3,50903,False,6443
2026-03-11,liquid_universe-2026-03-04-6861,2026-03-11,2162778,睿生光電,163.5,13228,False,6861
2026-03-12,liquid_universe-2025-12-19-4927,2026-03-12,2236000.2,泰鼎-KY,43.95,50876,False,4927
2026-03-12,liquid_universe-2026-01-14-6443,2026-03-12,2596053,元晶,51,50903,False,6443
2026-03-12,liquid_universe-2026-03-04-6861,2026-03-12,2347970,睿生光電,177.5,13228,False,6861
2026-03-13,liquid_universe-2025-12-19-4927,2026-03-13,2269069.6,泰鼎-KY,44.6,50876,False,4927
2026-03-13,liquid_universe-2026-01-14-6443,2026-03-13,2575691.8,元晶,50.6,50903,False,6443
2026-03-13,liquid_universe-2026-03-04-6861,2026-03-13,2281830,睿生光電,172.5,13228,False,6861
2026-03-16,liquid_universe-2025-12-19-4927,2026-03-16,2291963.8,泰鼎-KY,45.05,50876,False,4927
2026-03-16,liquid_universe-2026-01-14-6443,2026-03-16,2616414.2,元晶,51.4,50903,False,6443
2026-03-16,liquid_universe-2026-03-04-6861,2026-03-16,2070182,睿生光電,156.5,13228,False,6861
2026-03-17,liquid_universe-2025-12-19-4927,2026-03-17,2520905.8,泰鼎-KY,49.55,50876,False,4927
2026-03-17,liquid_universe-2026-01-14-6443,2026-03-17,2657136.6,元晶,52.2,50903,False,6443
2026-03-17,liquid_universe-2026-03-04-6861,2026-03-17,2083410,睿生光電,157.5,13228,False,6861
2026-03-18,liquid_universe-2025-12-19-4927,2026-03-18,2314858,泰鼎-KY,45.5,50876,False,4927
2026-03-18,liquid_universe-2026-01-14-6443,2026-03-18,2596053,元晶,51,50903,False,6443
2026-03-18,liquid_universe-2026-03-04-6861,2026-03-18,2136322,睿生光電,161.5,13228,False,6861
2026-03-19,liquid_universe-2025-12-19-4927,2026-03-19,2345383.6,泰鼎-KY,46.1,50876,False,4927
2026-03-19,liquid_universe-2026-01-14-6443,2026-03-19,2514608.2,元晶,49.4,50903,False,6443
2026-03-19,liquid_universe-2026-03-04-6861,2026-03-19,2149550,睿生光電,162.5,13228,False,6861
2026-03-20,liquid_universe-2025-12-19-4927,2026-03-20,2340296,泰鼎-KY,46,50876,False,4927
2026-03-20,liquid_universe-2026-01-14-6443,2026-03-20,2417892.5,元晶,47.5,50903,False,6443
2026-03-20,liquid_universe-2026-03-04-6861,2026-03-20,2063568,睿生光電,156,13228,False,6861
2026-03-23,liquid_universe-2025-12-19-4927,2026-03-23,2141879.6,泰鼎-KY,42.1,50876,False,4927
2026-03-23,liquid_universe-2026-01-14-6443,2026-03-23,2277909.25,元晶,44.75,50903,False,6443
2026-03-23,liquid_universe-2026-03-04-6861,2026-03-23,1858534,睿生光電,140.5,13228,False,6861
2026-03-24,liquid_universe-2025-12-19-4927,2026-03-24,2164773.8,泰鼎-KY,42.55,50876,False,4927
2026-03-24,liquid_universe-2026-01-14-6443,2026-03-24,2227006.25,元晶,43.75,50903,False,6443
2026-03-24,liquid_universe-2026-03-04-6861,2026-03-24,1904832,睿生光電,144,13228,False,6861
2026-03-25,liquid_universe-2025-12-19-4927,2026-03-25,2169861.4,泰鼎-KY,42.65,50876,False,4927
2026-03-25,liquid_universe-2026-01-14-6443,2026-03-25,2338992.85,元晶,45.95,50903,False,6443
2026-03-25,liquid_universe-2026-03-04-6861,2026-03-25,1984200,睿生光電,150,13228,False,6861
2026-03-26,liquid_universe-2025-12-19-4927,2026-03-26,2162230,泰鼎-KY,42.5,50876,False,4927
2026-03-26,liquid_universe-2026-01-14-6443,2026-03-26,2356808.9,元晶,46.3,50903,False,6443
2026-03-26,liquid_universe-2026-03-04-6861,2026-03-26,1911446,睿生光電,144.5,13228,False,6861
2026-03-27,liquid_universe-2025-12-19-4927,2026-03-27,2195299.4,泰鼎-KY,43.15,50876,False,4927
2026-03-27,liquid_universe-2026-01-14-6443,2026-03-27,2290635,元晶,45,50903,False,6443
2026-03-27,liquid_universe-2026-03-04-6861,2026-03-27,1825464,睿生光電,138,13228,False,6861
2026-03-30,liquid_universe-2025-12-19-4927,2026-03-30,2131704.4,泰鼎-KY,41.9,50876,False,4927
2026-03-30,liquid_universe-2026-01-14-6443,2026-03-30,2171012.95,元晶,42.65,50903,False,6443
2026-03-30,liquid_universe-2026-03-04-6861,2026-03-30,1779166,睿生光電,134.5,13228,False,6861
2026-03-31,liquid_universe-2025-12-19-4927,2026-03-31,2042671.4,泰鼎-KY,40.15,50876,False,4927
2026-03-31,liquid_universe-2026-01-14-6443,2026-03-31,2079387.55,元晶,40.85,50903,False,6443
2026-03-31,liquid_universe-2026-03-04-6861,2026-03-31,1666728,睿生光電,126,13228,False,6861
2026-04-01,liquid_universe-2025-12-19-4927,2026-04-01,2108810.2,泰鼎-KY,41.45,50876,False,4927
2026-04-01,liquid_universe-2026-01-14-6443,2026-04-01,2094658.45,元晶,41.15,50903,False,6443
2026-04-01,liquid_universe-2026-03-04-6861,2026-04-01,1077120,睿生光電,132,8160,False,6861
2026-04-02,liquid_universe-2025-12-19-4927,2026-04-02,678763.6,泰鼎-KY,40.85,16616,False,4927
2026-04-02,liquid_universe-2026-01-14-6443,2026-04-02,1975036.4,元晶,38.8,50903,False,6443
2026-04-02,liquid_universe-2026-03-04-6861,2026-04-02,657513,睿生光電,129,5097,False,6861
2026-04-07,liquid_universe-2025-12-19-4927,2026-04-07,16150.75,泰鼎-KY,41.95,385,False,4927
2026-04-07,liquid_universe-2026-01-14-6443,2026-04-07,1985217,元晶,39,50903,False,6443
2026-04-07,liquid_universe-2026-03-04-6861,2026-04-07,1008,睿生光電,126,8,False,6861
2026-04-08,liquid_universe-2026-01-14-6443,2026-04-08,2056481.2,元晶,40.4,50903,False,6443
2026-04-08,liquid_universe-2026-04-07-1309,2026-04-08,1624733.55,台達化,23.85,68123,False,1309
2026-04-08,liquid_universe-2026-04-07-6217,2026-04-08,1764583,中探針,195.5,9026,False,6217
2026-04-09,liquid_universe-2026-01-14-6443,2026-04-09,1885956.15,元晶,37.05,50903,False,6443
2026-04-09,liquid_universe-2026-04-07-1309,2026-04-09,1597484.35,台達化,23.45,68123,False,1309
2026-04-09,liquid_universe-2026-04-07-6217,2026-04-09,1940590,中探針,215,9026,False,6217
2026-04-10,liquid_universe-2026-01-14-6443,2026-04-10,1807056.5,元晶,35.5,50903,False,6443
2026-04-10,liquid_universe-2026-04-07-1309,2026-04-10,1539579.8,台達化,22.6,68123,False,1309
2026-04-10,liquid_universe-2026-04-07-6217,2026-04-10,2134649,中探針,236.5,9026,False,6217
2026-04-13,liquid_universe-2026-01-14-6443,2026-04-13,1835053.15,元晶,36.05,50903,False,6443
2026-04-13,liquid_universe-2026-04-07-1309,2026-04-13,1600890.5,台達化,23.5,68123,False,1309
2026-04-13,liquid_universe-2026-04-07-6217,2026-04-13,2166240,中探針,240,9026,False,6217
2026-04-14,liquid_universe-2026-01-14-6443,2026-04-14,1883411,元晶,37,50903,False,6443
2026-04-14,liquid_universe-2026-04-07-1309,2026-04-14,1536173.65,台達化,22.55,68123,False,1309
2026-04-14,liquid_universe-2026-04-07-6217,2026-04-14,1967668,中探針,218,9026,False,6217
2026-04-15,liquid_universe-2026-01-14-6443,2026-04-15,2071752.1,元晶,40.7,50903,False,6443
2026-04-15,liquid_universe-2026-04-07-1309,2026-04-15,1447613.75,台達化,21.25,68123,False,1309
2026-04-15,liquid_universe-2026-04-07-6217,2026-04-15,1967668,中探針,218,9026,False,6217
2026-04-16,liquid_universe-2026-01-14-6443,2026-04-16,2059026.35,元晶,40.45,50903,False,6443
2026-04-16,liquid_universe-2026-04-07-1309,2026-04-16,1413552.25,台達化,20.75,68123,False,1309
2026-04-16,liquid_universe-2026-04-07-6217,2026-04-16,2044389,中探針,226.5,9026,False,6217
2026-04-17,liquid_universe-2026-01-14-6443,2026-04-17,1985217,元晶,39,50903,False,6443
2026-04-17,liquid_universe-2026-04-07-6217,2026-04-17,2202344,中探針,244,9026,False,6217
2026-04-20,liquid_universe-2026-01-14-6443,2026-04-20,1990307.3,元晶,39.1,50903,False,6443
2026-04-20,liquid_universe-2026-04-07-6217,2026-04-20,2418968,中探針,268,9026,False,6217
2026-04-20,liquid_universe-2026-04-17-3339,2026-04-20,1617255.9,泰谷,66.3,24393,False,3339
2026-04-21,liquid_universe-2026-01-14-6443,2026-04-21,1995397.6,元晶,39.2,50903,False,6443
2026-04-21,liquid_universe-2026-04-07-6217,2026-04-21,2554358,中探針,283,9026,False,6217
2026-04-21,liquid_universe-2026-04-17-3339,2026-04-21,1741660.2,泰谷,71.4,24393,False,3339
2026-04-22,liquid_universe-2026-01-14-6443,2026-04-22,2010668.5,元晶,39.5,50903,False,6443
2026-04-22,liquid_universe-2026-04-07-6217,2026-04-22,2676209,中探針,296.5,9026,False,6217
2026-04-22,liquid_universe-2026-04-17-3339,2026-04-22,1685556.3,泰谷,69.1,24393,False,3339
2026-04-23,liquid_universe-2026-01-14-6443,2026-04-23,1908862.5,元晶,37.5,50903,False,6443
2026-04-23,liquid_universe-2026-04-07-6217,2026-04-23,2545332,中探針,282,9026,False,6217
2026-04-23,liquid_universe-2026-04-17-3339,2026-04-23,1517244.6,泰谷,62.2,24393,False,3339
2026-04-24,liquid_universe-2026-01-14-6443,2026-04-24,1857959.5,元晶,36.5,50903,False,6443
2026-04-24,liquid_universe-2026-04-07-6217,2026-04-24,2662670,中探針,295,9026,False,6217
2026-04-24,liquid_universe-2026-04-17-3339,2026-04-24,1366008,泰谷,56,24393,False,3339
2026-04-27,liquid_universe-2026-01-14-6443,2026-04-27,1906317.35,元晶,37.45,50903,False,6443
2026-04-27,liquid_universe-2026-04-07-6217,2026-04-27,2527280,中探針,280,9026,False,6217
2026-04-27,liquid_universe-2026-04-17-3339,2026-04-27,664171.2,泰谷,50.4,13178,False,3339
2026-04-28,liquid_universe-2026-01-14-6443,2026-04-28,187885.25,元晶,35.35,5315,False,6443
2026-04-28,liquid_universe-2026-04-07-6217,2026-04-28,2432507,中探針,269.5,9026,False,6217
2026-04-28,liquid_universe-2026-04-17-3339,2026-04-28,945,泰谷,52.5,18,False,3339
2026-04-29,liquid_universe-2026-04-07-6217,2026-04-29,2391890,中探針,265,9026,False,6217
2026-04-29,liquid_universe-2026-04-28-6735,2026-04-29,1109592,美達科技,132,8406,False,6735
2026-04-30,liquid_universe-2026-04-07-6217,2026-04-30,2509228,中探針,278,9026,False,6217
2026-04-30,liquid_universe-2026-04-28-6735,2026-04-30,1021329,美達科技,121.5,8406,False,6735
2026-04-30,liquid_universe-2026-04-29-6147,2026-04-30,1753717,頎邦,163,10759,False,6147
2026-05-04,liquid_universe-2026-04-07-6217,2026-05-04,2522767,中探針,279.5,9026,False,6217
2026-05-04,liquid_universe-2026-04-28-6735,2026-05-04,1012923,美達科技,120.5,8406,False,6735
2026-05-04,liquid_universe-2026-04-29-6147,2026-05-04,1925861,頎邦,179,10759,False,6147
2026-05-05,liquid_universe-2026-04-07-6217,2026-05-05,2685235,中探針,297.5,9026,False,6217
2026-05-05,liquid_universe-2026-04-28-6735,2026-05-05,1113795,美達科技,132.5,8406,False,6735
2026-05-05,liquid_universe-2026-04-29-6147,2026-05-05,1909722.5,頎邦,177.5,10759,False,6147
2026-05-06,liquid_universe-2026-04-07-6217,2026-05-06,2554358,中探針,283,9026,False,6217
2026-05-06,liquid_universe-2026-04-28-6735,2026-05-06,1117998,美達科技,133,8406,False,6735
2026-05-06,liquid_universe-2026-04-29-6147,2026-05-06,1882825,頎邦,175,10759,False,6147
2026-05-07,liquid_universe-2026-04-07-6217,2026-05-07,2527280,中探針,280,9026,False,6217
2026-05-07,liquid_universe-2026-04-28-6735,2026-05-07,1134810,美達科技,135,8406,False,6735
2026-05-07,liquid_universe-2026-04-29-6147,2026-05-07,2071107.5,頎邦,192.5,10759,False,6147
2026-05-08,liquid_universe-2026-04-07-6217,2026-05-08,2400916,中探針,266,9026,False,6217
2026-05-08,liquid_universe-2026-04-28-6735,2026-05-08,1063359,美達科技,126.5,8406,False,6735
2026-05-08,liquid_universe-2026-04-29-6147,2026-05-08,2130282,頎邦,198,10759,False,6147
2026-05-11,liquid_universe-2026-04-07-6217,2026-05-11,2545332,中探針,282,9026,False,6217
2026-05-11,liquid_universe-2026-04-28-6735,2026-05-11,1050750,美達科技,125,8406,False,6735
2026-05-11,liquid_universe-2026-04-29-6147,2026-05-11,2114143.5,頎邦,196.5,10759,False,6147
2026-05-12,liquid_universe-2026-04-07-6217,2026-05-12,2798060,中探針,310,9026,False,6217
2026-05-12,liquid_universe-2026-04-28-6735,2026-05-12,1139013,美達科技,135.5,8406,False,6735
2026-05-12,liquid_universe-2026-04-29-6147,2026-05-12,2108764,頎邦,196,10759,False,6147
2026-05-13,liquid_universe-2026-04-07-6217,2026-05-13,3077866,中探針,341,9026,False,6217
2026-05-13,liquid_universe-2026-04-28-6735,2026-05-13,1168434,美達科技,139,8406,False,6735
2026-05-13,liquid_universe-2026-04-29-6147,2026-05-13,2065728,頎邦,192,10759,False,6147
2026-05-14,liquid_universe-2026-04-07-6217,2026-05-14,2928937,中探針,324.5,9026,False,6217
2026-05-14,liquid_universe-2026-04-28-6735,2026-05-14,1155825,美達科技,137.5,8406,False,6735
2026-05-14,liquid_universe-2026-04-29-6147,2026-05-14,2006553.5,頎邦,186.5,10759,False,6147
2026-05-15,liquid_universe-2026-04-07-6217,2026-05-15,2707800,中探針,300,9026,False,6217
2026-05-15,liquid_universe-2026-04-28-6735,2026-05-15,1042344,美達科技,124,8406,False,6735
2026-05-15,liquid_universe-2026-04-29-6147,2026-05-15,2205595,頎邦,205,10759,False,6147
2026-05-18,liquid_universe-2026-04-07-6217,2026-05-18,2658157,中探針,294.5,9026,False,6217
2026-05-18,liquid_universe-2026-04-28-6735,2026-05-18,958284,美達科技,114,8406,False,6735
2026-05-18,liquid_universe-2026-04-29-6147,2026-05-18,2227113,頎邦,207,10759,False,6147
2026-05-19,liquid_universe-2026-04-07-6217,2026-05-19,2396403,中探針,265.5,9026,False,6217
2026-05-19,liquid_universe-2026-04-28-6735,2026-05-19,23214,美達科技,106,219,False,6735
2026-05-19,liquid_universe-2026-04-29-6147,2026-05-19,2178697.5,頎邦,202.5,10759,False,6147
2026-05-20,liquid_universe-2026-04-07-6217,2026-05-20,2157214,中探針,239,9026,False,6217
2026-05-20,liquid_universe-2026-04-28-6735,2026-05-20,14297.5,美達科技,107.5,133,False,6735
2026-05-20,liquid_universe-2026-04-29-6147,2026-05-20,2318564.5,頎邦,215.5,10759,False,6147
2026-05-20,liquid_universe-2026-05-19-3055,2026-05-20,1014944,蔚華科,112,9062,False,3055
2026-05-21,liquid_universe-2026-04-07-6217,2026-05-21,2233935,中探針,247.5,9026,False,6217
2026-05-21,liquid_universe-2026-04-28-6735,2026-05-21,3146.5,美達科技,108.5,29,False,6735
2026-05-21,liquid_universe-2026-04-29-6147,2026-05-21,2393877.5,頎邦,222.5,10759,False,6147
2026-05-21,liquid_universe-2026-05-19-3055,2026-05-21,1055723,蔚華科,116.5,9062,False,3055
2026-05-22,liquid_universe-2026-04-07-6217,2026-05-22,2455072,中探針,272,9026,False,6217
2026-05-22,liquid_universe-2026-04-29-6147,2026-05-22,2318564.5,頎邦,215.5,10759,False,6147
2026-05-22,liquid_universe-2026-05-19-3055,2026-05-22,1069316,蔚華科,118,9062,False,3055
2026-05-25,liquid_universe-2026-04-07-6217,2026-05-25,2576923,中探針,285.5,9026,False,6217
2026-05-25,liquid_universe-2026-04-29-6147,2026-05-25,2549883,頎邦,237,10759,False,6147
2026-05-25,liquid_universe-2026-05-19-3055,2026-05-25,1069316,蔚華科,118,9062,False,3055
2026-05-26,liquid_universe-2026-04-07-6217,2026-05-26,2500202,中探針,277,9026,False,6217
2026-05-26,liquid_universe-2026-04-29-6147,2026-05-26,2802719.5,頎邦,260.5,10759,False,6147
2026-05-26,liquid_universe-2026-05-19-3055,2026-05-26,1078378,蔚華科,119,9062,False,3055
2026-05-27,liquid_universe-2026-04-07-6217,2026-05-27,2491176,中探針,276,9026,False,6217
2026-05-27,liquid_universe-2026-04-29-6147,2026-05-27,2851135,頎邦,265,10759,False,6147
2026-05-27,liquid_universe-2026-05-19-3055,2026-05-27,1019475,蔚華科,112.5,9062,False,3055
2026-05-28,liquid_universe-2026-04-07-6217,2026-05-28,2482150,中探針,275,9026,False,6217
2026-05-28,liquid_universe-2026-04-29-6147,2026-05-28,2991002,頎邦,278,10759,False,6147
2026-05-28,liquid_universe-2026-05-19-3055,2026-05-28,956041,蔚華科,105.5,9062,False,3055
2026-05-29,liquid_universe-2026-04-07-6217,2026-05-29,2613027,中探針,289.5,9026,False,6217
2026-05-29,liquid_universe-2026-04-29-6147,2026-05-29,3286874.5,頎邦,305.5,10759,False,6147
2026-05-29,liquid_universe-2026-05-19-3055,2026-05-29,978696,蔚華科,108,9062,False,3055
2026-06-01,liquid_universe-2026-04-07-6217,2026-06-01,2752930,中探針,305,9026,False,6217
2026-06-01,liquid_universe-2026-04-29-6147,2026-06-01,3071694.5,頎邦,285.5,10759,False,6147
2026-06-01,liquid_universe-2026-05-19-3055,2026-06-01,983227,蔚華科,108.5,9062,False,3055
2026-06-02,liquid_universe-2026-04-07-6217,2026-06-02,2752930,中探針,305,9026,False,6217
2026-06-02,liquid_universe-2026-04-29-6147,2026-06-02,3023279,頎邦,281,10759,False,6147
2026-06-02,liquid_universe-2026-05-19-3055,2026-06-02,924324,蔚華科,102,9062,False,3055
2026-06-03,liquid_universe-2026-04-07-6217,2026-06-03,2635592,中探針,292,9026,False,6217
2026-06-03,liquid_universe-2026-04-29-6147,2026-06-03,2958725,頎邦,275,10759,False,6147
2026-06-03,liquid_universe-2026-05-19-3055,2026-06-03,910731,蔚華科,100.5,9062,False,3055
2026-06-04,liquid_universe-2026-04-07-6217,2026-06-04,2400916,中探針,266,9026,False,6217
2026-06-04,liquid_universe-2026-04-29-6147,2026-06-04,2915689,頎邦,271,10759,False,6147
2026-06-04,liquid_universe-2026-05-19-3055,2026-06-04,937917,蔚華科,103.5,9062,False,3055
2026-06-05,liquid_universe-2026-04-07-6217,2026-06-05,2292604,中探針,254,9026,False,6217
2026-06-05,liquid_universe-2026-04-29-6147,2026-06-05,2904930,頎邦,270,10759,False,6147
2026-06-05,liquid_universe-2026-05-19-3055,2026-06-05,901669,蔚華科,99.5,9062,False,3055
2026-06-08,liquid_universe-2026-04-07-6217,2026-06-08,2066954,中探針,229,9026,False,6217
2026-06-08,liquid_universe-2026-04-29-6147,2026-06-08,2614437,頎邦,243,10759,False,6147
2026-06-08,liquid_universe-2026-05-19-3055,2026-06-08,824642,蔚華科,91,9062,False,3055
2026-06-09,liquid_universe-2026-04-07-6217,2026-06-09,2270039,中探針,251.5,9026,False,6217
2026-06-09,liquid_universe-2026-04-29-6147,2026-06-09,2700509,頎邦,251,10759,False,6147
2026-06-10,liquid_universe-2026-04-07-6217,2026-06-10,2103058,中探針,233,9026,False,6217
2026-06-10,liquid_universe-2026-04-29-6147,2026-06-10,2431534,頎邦,226,10759,False,6147
2026-06-10,liquid_universe-2026-06-09-2478,2026-06-10,908990,大毅,170,5347,False,2478
2026-06-11,liquid_universe-2026-04-07-6217,2026-06-11,2057928,中探針,228,9026,False,6217
2026-06-11,liquid_universe-2026-04-29-6147,2026-06-11,2393877.5,頎邦,222.5,10759,False,6147
2026-06-11,liquid_universe-2026-06-09-2478,2026-06-11,949092.5,大毅,177.5,5347,False,2478
2026-06-12,liquid_universe-2026-04-07-6217,2026-06-12,2157214,中探針,239,9026,False,6217
2026-06-12,liquid_universe-2026-04-29-6147,2026-06-12,2410016,頎邦,224,10759,False,6147
2026-06-12,liquid_universe-2026-06-09-2478,2026-06-12,917010.5,大毅,171.5,5347,False,2478
2026-06-15,liquid_universe-2026-04-07-6217,2026-06-15,2265526,中探針,251,9026,False,6217
2026-06-15,liquid_universe-2026-04-29-6147,2026-06-15,2522985.5,頎邦,234.5,10759,False,6147
2026-06-15,liquid_universe-2026-06-09-2478,2026-06-15,1007909.5,大毅,188.5,5347,False,2478
2026-06-16,liquid_universe-2026-04-07-6217,2026-06-16,2125623,中探針,235.5,9026,False,6217
2026-06-16,liquid_universe-2026-04-29-6147,2026-06-16,2447672.5,頎邦,227.5,10759,False,6147
2026-06-16,liquid_universe-2026-06-09-2478,2026-06-16,1106829,大毅,207,5347,False,2478
2026-06-17,liquid_universe-2026-04-07-6217,2026-06-17,2107571,中探針,233.5,9026,False,6217
2026-06-17,liquid_universe-2026-04-29-6147,2026-06-17,2469190.5,頎邦,229.5,10759,False,6147
2026-06-17,liquid_universe-2026-06-09-2478,2026-06-17,1216442.5,大毅,227.5,5347,False,2478
2026-06-18,liquid_universe-2026-04-07-6217,2026-06-18,2229422,中探針,247,9026,False,6217
2026-06-18,liquid_universe-2026-04-29-6147,2026-06-18,2711268,頎邦,252,10759,False,6147
2026-06-18,liquid_universe-2026-06-09-2478,2026-06-18,1251198,大毅,234,5347,False,2478
2026-06-22,liquid_universe-2026-04-07-6217,2026-06-22,2450559,中探針,271.5,9026,False,6217
2026-06-22,liquid_universe-2026-04-29-6147,2026-06-22,2980243,頎邦,277,10759,False,6147
2026-06-22,liquid_universe-2026-06-09-2478,2026-06-22,1259218.5,大毅,235.5,5347,False,2478
2026-06-23,liquid_universe-2026-04-07-6217,2026-06-23,2464098,中探針,273,9026,False,6217
2026-06-23,liquid_universe-2026-04-29-6147,2026-06-23,2775822,頎邦,258,10759,False,6147
2026-06-23,liquid_universe-2026-06-09-2478,2026-06-23,1195054.5,大毅,223.5,5347,False,2478
2026-06-24,liquid_universe-2026-04-07-6217,2026-06-24,2319682,中探針,257,9026,False,6217
2026-06-24,liquid_universe-2026-04-29-6147,2026-06-24,2678991,頎邦,249,10759,False,6147
2026-06-24,liquid_universe-2026-06-09-2478,2026-06-24,1283280,大毅,240,5347,False,2478
2026-06-25,liquid_universe-2026-04-07-6217,2026-06-25,2482150,中探針,275,9026,False,6217
2026-06-25,liquid_universe-2026-04-29-6147,2026-06-25,2587539.5,頎邦,240.5,10759,False,6147
2026-06-25,liquid_universe-2026-06-09-2478,2026-06-25,1293974,大毅,242,5347,False,2478
2026-06-26,liquid_universe-2026-04-07-6217,2026-06-26,2265526,中探針,251,9026,False,6217
2026-06-26,liquid_universe-2026-04-29-6147,2026-06-26,2329323.5,頎邦,216.5,10759,False,6147
2026-06-26,liquid_universe-2026-06-09-2478,2026-06-26,1165646,大毅,218,5347,False,2478
2026-06-29,liquid_universe-2026-04-07-6217,2026-06-29,2103058,中探針,233,9026,False,6217
2026-06-29,liquid_universe-2026-04-29-6147,2026-06-29,2270149,頎邦,211,10759,False,6147
2026-06-29,liquid_universe-2026-06-09-2478,2026-06-29,1096135,大毅,205,5347,False,2478
2026-06-30,liquid_universe-2026-04-07-6217,2026-06-30,2310656,中探針,256,9026,False,6217
2026-06-30,liquid_universe-2026-04-29-6147,2026-06-30,2275528.5,頎邦,211.5,10759,False,6147
2026-06-30,liquid_universe-2026-06-09-2478,2026-06-30,1205748.5,大毅,225.5,5347,False,2478
2026-07-01,liquid_universe-2026-04-07-6217,2026-07-01,2373838,中探針,263,9026,False,6217
2026-07-01,liquid_universe-2026-04-29-6147,2026-07-01,2356221,頎邦,219,10759,False,6147
2026-07-01,liquid_universe-2026-06-09-2478,2026-07-01,1205748.5,大毅,225.5,5347,False,2478
2026-07-02,liquid_universe-2026-04-07-6217,2026-07-02,2391890,中探針,265,9026,False,6217
2026-07-02,liquid_universe-2026-04-29-6147,2026-07-02,2275528.5,頎邦,211.5,10759,False,6147
2026-07-02,liquid_universe-2026-06-09-2478,2026-07-02,1219116,大毅,228,5347,False,2478
2026-07-03,liquid_universe-2026-04-07-6217,2026-07-03,2427994,中探針,269,9026,False,6217
2026-07-03,liquid_universe-2026-04-29-6147,2026-07-03,2318564.5,頎邦,215.5,10759,False,6147
2026-07-03,liquid_universe-2026-06-09-2478,2026-07-03,1272586,大毅,238,5347,False,2478
2026-07-06,liquid_universe-2026-04-07-6217,2026-07-06,2310656,中探針,256,9026,False,6217
2026-07-06,liquid_universe-2026-04-29-6147,2026-07-06,2334703,頎邦,217,10759,False,6147
2026-07-06,liquid_universe-2026-06-09-2478,2026-07-06,1149605,大毅,215,5347,False,2478
2026-07-07,liquid_universe-2026-04-07-6217,2026-07-07,2202344,中探針,244,9026,False,6217
2026-07-07,liquid_universe-2026-04-29-6147,2026-07-07,2151800,頎邦,200,10759,False,6147
2026-07-07,liquid_universe-2026-06-09-2478,2026-07-07,1034644.5,大毅,193.5,5347,False,2478
2026-07-08,liquid_universe-2026-04-07-6217,2026-07-08,254000,中探針,254,1000,False,6217
2026-07-08,liquid_universe-2026-04-29-6147,2026-07-08,2146420.5,頎邦,199.5,10759,False,6147
2026-07-08,liquid_universe-2026-06-09-2478,2026-07-08,967807,大毅,181,5347,False,2478
2026-07-09,liquid_universe-2026-04-29-6147,2026-07-09,2334703,頎邦,217,10759,False,6147
2026-07-09,liquid_universe-2026-06-09-2478,2026-07-09,930378,大毅,174,5347,False,2478
2026-07-13,liquid_universe-2026-04-29-6147,2026-07-13,2130282,頎邦,198,10759,False,6147
2026-07-13,liquid_universe-2026-06-09-2478,2026-07-13,874234.5,大毅,163.5,5347,False,2478
2026-07-13,liquid_universe-2026-07-09-6182,2026-07-13,1847435.5,合晶,189.5,9749,False,6182
2026-07-14,liquid_universe-2026-04-29-6147,2026-07-14,2001174,頎邦,186,10759,False,6147
2026-07-14,liquid_universe-2026-06-09-2478,2026-07-14,842152.5,大毅,157.5,5347,False,2478
2026-07-14,liquid_universe-2026-07-09-6182,2026-07-14,1818188.5,合晶,186.5,9749,False,6182
2026-07-15,liquid_universe-2026-04-29-6147,2026-07-15,2200215.5,頎邦,204.5,10759,False,6147
2026-07-15,liquid_universe-2026-06-09-2478,2026-07-15,925031,大毅,173,5347,False,2478
2026-07-15,liquid_universe-2026-07-09-6182,2026-07-15,1749945.5,合晶,179.5,9749,False,6182
2026-07-16,liquid_universe-2026-04-29-6147,2026-07-16,2130282,頎邦,198,10759,False,6147
2026-07-16,liquid_universe-2026-06-09-2478,2026-07-16,844826,大毅,158,5347,False,2478
2026-07-16,liquid_universe-2026-07-09-6182,2026-07-16,1618334,合晶,166,9749,False,6182
2026-07-17,liquid_universe-2026-04-29-6147,2026-07-17,1920481.5,頎邦,178.5,10759,False,6147
2026-07-17,liquid_universe-2026-06-09-2478,2026-07-17,761947.5,大毅,142.5,5347,False,2478
2026-07-20,liquid_universe-2026-04-29-6147,2026-07-20,1764476,頎邦,164,10759,False,6147
2026-07-20,liquid_universe-2026-07-17-6243,2026-07-20,1164408.6,迅杰,46.45,25068,False,6243
2026-07-21,liquid_universe-2026-04-29-6147,2026-07-21,1861307,頎邦,173,10759,False,6147
2026-07-21,liquid_universe-2026-07-17-6243,2026-07-21,1278468,迅杰,51,25068,False,6243
2026-07-21,liquid_universe-2026-07-20-2527,2026-07-21,866933.5,宏璟,50.5,17167,False,2527
2026-07-22,liquid_universe-2026-04-29-6147,2026-07-22,2044210,頎邦,190,10759,False,6147
2026-07-22,liquid_universe-2026-07-17-6243,2026-07-22,1255906.8,迅杰,50.1,25068,False,6243
2026-07-22,liquid_universe-2026-07-20-2527,2026-07-22,842041.35,宏璟,49.05,17167,False,2527
2026-07-23,liquid_universe-2026-04-29-6147,2026-07-23,1888204.5,頎邦,175.5,10759,False,6147
2026-07-23,liquid_universe-2026-07-17-6243,2026-07-23,1190730,迅杰,47.5,25068,False,6243
2026-07-23,liquid_universe-2026-07-20-2527,2026-07-23,836032.9,宏璟,48.7,17167,False,2527
2026-07-24,liquid_universe-2026-04-29-6147,2026-07-24,1699922,頎邦,158,10759,False,6147
2026-07-24,liquid_universe-2026-07-17-6243,2026-07-24,1308549.6,迅杰,52.2,25068,False,6243
2026-07-24,liquid_universe-2026-07-20-2527,2026-07-24,792257.05,宏璟,46.15,17167,False,2527
2026-07-27,liquid_universe-2026-04-29-6147,2026-07-27,1667645,頎邦,155,10759,False,6147
2026-07-27,liquid_universe-2026-07-17-6243,2026-07-27,1233345.6,迅杰,49.2,25068,False,6243
2026-07-27,liquid_universe-2026-07-20-2527,2026-07-27,802557.25,宏璟,46.75,17167,False,2527
2026-07-28,liquid_universe-2026-04-29-6147,2026-07-28,1500880.5,頎邦,139.5,10759,False,6147
2026-07-28,liquid_universe-2026-07-17-6243,2026-07-28,1243372.8,迅杰,49.6,25068,False,6243
2026-07-28,liquid_universe-2026-07-20-2527,2026-07-28,740756.05,宏璟,43.15,17167,False,2527
2026-07-29,liquid_universe-2026-07-17-6243,2026-07-29,1283481.6,迅杰,51.2,25068,False,6243
2026-07-29,liquid_universe-2026-07-20-2527,2026-07-29,167849.5,宏璟,41.65,4030,False,2527
2026-07-30,liquid_universe-2026-07-17-6243,2026-07-30,1155634.8,迅杰,46.1,25068,False,6243
2026-07-31,liquid_universe-2026-07-17-6243,2026-07-31,1270947.6,迅杰,50.7,25068,False,6243
2026-07-31,liquid_universe-2026-07-30-2207,2026-07-31,1177380,和泰車,558,2110,False,2207
2026-07-31,liquid_universe-2026-07-30-1476,2026-07-31,1143184,儒鴻,346,3304,False,1476
2026-08-03,liquid_universe-2026-07-17-6243,2026-08-03,1205770.8,迅杰,48.1,25068,False,6243
2026-08-03,liquid_universe-2026-07-30-2207,2026-08-03,1101420,和泰車,522,2110,False,2207
2026-08-03,liquid_universe-2026-07-30-1476,2026-08-03,1144836,儒鴻,346.5,3304,False,1476
2026-08-04,liquid_universe-2026-07-17-6243,2026-08-04,1265934,迅杰,50.5,25068,False,6243
2026-08-04,liquid_universe-2026-07-30-2207,2026-08-04,1090870,和泰車,517,2110,False,2207
2026-08-04,liquid_universe-2026-07-30-1476,2026-08-04,1171268,儒鴻,354.5,3304,False,1476
2026-08-05,liquid_universe-2026-07-17-6243,2026-08-05,1240866,迅杰,49.5,25068,False,6243
2026-08-05,liquid_universe-2026-07-30-2207,2026-08-05,1073990,和泰車,509,2110,False,2207
2026-08-05,liquid_universe-2026-07-30-1476,2026-08-05,1172920,儒鴻,355,3304,False,1476
2026-08-06,liquid_universe-2026-07-17-6243,2026-08-06,1135580.4,迅杰,45.3,25068,False,6243
2026-08-06,liquid_universe-2026-07-30-2207,2026-08-06,1088760,和泰車,516,2110,False,2207
2026-08-06,liquid_universe-2026-07-30-1476,2026-08-06,1204308,儒鴻,364.5,3304,False,1476
2026-08-07,liquid_universe-2026-07-17-6243,2026-08-07,1200757.2,迅杰,47.9,25068,False,6243
2026-08-07,liquid_universe-2026-07-30-2207,2026-08-07,1088760,和泰車,516,2110,False,2207
2026-08-07,liquid_universe-2026-07-30-1476,2026-08-07,1146488,儒鴻,347,3304,False,1476
2026-08-10,liquid_universe-2026-07-17-6243,2026-08-10,1145607.6,迅杰,45.7,25068,False,6243
2026-08-10,liquid_universe-2026-07-30-2207,2026-08-10,1084540,和泰車,514,2110,False,2207
2026-08-10,liquid_universe-2026-07-30-1476,2026-08-10,1113448,儒鴻,337,3304,False,1476
2026-08-11,liquid_universe-2026-07-17-6243,2026-08-11,1143100.8,迅杰,45.6,25068,False,6243
2026-08-11,liquid_universe-2026-07-30-2207,2026-08-11,1078210,和泰車,511,2110,False,2207
2026-08-11,liquid_universe-2026-07-30-1476,2026-08-11,1096928,儒鴻,332,3304,False,1476
2026-08-12,liquid_universe-2026-07-17-6243,2026-08-12,1116779.4,迅杰,44.55,25068,False,6243
2026-08-12,liquid_universe-2026-07-30-2207,2026-08-12,1063440,和泰車,504,2110,False,2207
2026-08-12,liquid_universe-2026-07-30-1476,2026-08-12,1072148,儒鴻,324.5,3304,False,1476
2026-08-13,liquid_universe-2026-07-17-6243,2026-08-13,1100485.2,迅杰,43.9,25068,False,6243
2026-08-13,liquid_universe-2026-07-30-2207,2026-08-13,1105640,和泰車,524,2110,False,2207
2026-08-13,liquid_universe-2026-07-30-1476,2026-08-13,1078756,儒鴻,326.5,3304,False,1476
2026-08-14,liquid_universe-2026-07-17-6243,2026-08-14,1173182.4,迅杰,46.8,25068,False,6243
2026-08-14,liquid_universe-2026-07-30-2207,2026-08-14,6168,和泰車,514,12,False,2207
2026-08-14,liquid_universe-2026-07-30-1476,2026-08-14,1063888,儒鴻,322,3304,False,1476
2026-08-17,liquid_universe-2026-07-17-6243,2026-08-17,1145607.6,迅杰,45.7,25068,False,6243
2026-08-17,liquid_universe-2026-07-30-1476,2026-08-17,1045716,儒鴻,316.5,3304,False,1476
2026-08-17,liquid_universe-2026-08-14-6716,2026-08-17,537160,應廣,130,4132,False,6716
2026-08-18,liquid_universe-2026-07-17-6243,2026-08-18,1074163.8,迅杰,42.85,25068,False,6243
2026-08-18,liquid_universe-2026-07-30-1476,2026-08-18,1025892,儒鴻,310.5,3304,False,1476
2026-08-18,liquid_universe-2026-08-14-6716,2026-08-18,568150,應廣,137.5,4132,False,6716
2026-08-19,liquid_universe-2026-07-17-6243,2026-08-19,1085444.4,迅杰,43.3,25068,False,6243
2026-08-19,liquid_universe-2026-07-30-1476,2026-08-19,1029196,儒鴻,311.5,3304,False,1476
2026-08-19,liquid_universe-2026-08-14-6716,2026-08-19,564018,應廣,136.5,4132,False,6716
2026-08-20,liquid_universe-2026-07-17-6243,2026-08-20,1074163.8,迅杰,42.85,25068,False,6243
2026-08-20,liquid_universe-2026-07-30-1476,2026-08-20,1047368,儒鴻,317,3304,False,1476
2026-08-20,liquid_universe-2026-08-14-6716,2026-08-20,549556,應廣,133,4132,False,6716
2026-08-21,liquid_universe-2026-07-17-6243,2026-08-21,1054109.4,迅杰,42.05,25068,False,6243
2026-08-21,liquid_universe-2026-07-30-1476,2026-08-21,1050672,儒鴻,318,3304,False,1476
2026-08-21,liquid_universe-2026-08-14-6716,2026-08-21,549556,應廣,133,4132,False,6716
2026-08-24,liquid_universe-2026-07-17-6243,2026-08-24,1050349.2,迅杰,41.9,25068,False,6243
2026-08-24,liquid_universe-2026-07-30-1476,2026-08-24,1040760,儒鴻,315,3304,False,1476
2026-08-24,liquid_universe-2026-08-14-6716,2026-08-24,506170,應廣,122.5,4132,False,6716
2026-08-25,liquid_universe-2026-07-17-6243,2026-08-25,1029041.4,迅杰,41.05,25068,False,6243
2026-08-25,liquid_universe-2026-07-30-1476,2026-08-25,1053976,儒鴻,319,3304,False,1476
2026-08-25,liquid_universe-2026-08-14-6716,2026-08-25,526830,應廣,127.5,4132,False,6716
2026-08-26,liquid_universe-2026-07-17-6243,2026-08-26,1057869.6,迅杰,42.2,25068,False,6243
2026-08-26,liquid_universe-2026-07-30-1476,2026-08-26,1044064,儒鴻,316,3304,False,1476
2026-08-26,liquid_universe-2026-08-14-6716,2026-08-26,522698,應廣,126.5,4132,False,6716
2026-08-27,liquid_universe-2026-07-17-6243,2026-08-27,1062883.2,迅杰,42.4,25068,False,6243
2026-08-27,liquid_universe-2026-07-30-1476,2026-08-27,1037456,儒鴻,314,3304,False,1476
2026-08-27,liquid_universe-2026-08-14-6716,2026-08-27,526830,應廣,127.5,4132,False,6716
2026-08-28,liquid_universe-2026-07-17-6243,2026-08-28,1042828.8,迅杰,41.6,25068,False,6243
2026-08-28,liquid_universe-2026-07-30-1476,2026-08-28,1029196,儒鴻,311.5,3304,False,1476
2026-08-28,liquid_universe-2026-08-14-6716,2026-08-28,528896,應廣,128,4132,False,6716
2026-08-31,liquid_universe-2026-07-17-6243,2026-08-31,1000213.2,迅杰,39.9,25068,False,6243
2026-08-31,liquid_universe-2026-07-30-1476,2026-08-31,1020936,儒鴻,309,3304,False,1476
2026-08-31,liquid_universe-2026-08-14-6716,2026-08-31,512368,應廣,124,4132,False,6716
2026-09-01,liquid_universe-2026-07-17-6243,2026-09-01,791000,迅杰,39.55,20000,False,6243
2026-09-01,liquid_universe-2026-07-30-1476,2026-09-01,1039108,儒鴻,314.5,3304,False,1476
2026-09-01,liquid_universe-2026-08-14-6716,2026-09-01,520632,應廣,126,4132,False,6716
2026-09-02,liquid_universe-2026-07-17-6243,2026-09-02,676600,迅杰,39.8,17000,False,6243
2026-09-02,liquid_universe-2026-07-30-1476,2026-09-02,1037456,儒鴻,314,3304,False,1476
2026-09-02,liquid_universe-2026-08-14-6716,2026-09-02,518566,應廣,125.5,4132,False,6716
2026-09-03,liquid_universe-2026-07-17-6243,2026-09-03,505050,迅杰,38.85,13000,False,6243
2026-09-03,liquid_universe-2026-07-30-1476,2026-09-03,1035804,儒鴻,313.5,3304,False,1476
2026-09-03,liquid_universe-2026-08-14-6716,2026-09-03,537160,應廣,130,4132,False,6716
2026-09-04,liquid_universe-2026-07-17-6243,2026-09-04,394000,迅杰,39.4,10000,False,6243
2026-09-04,liquid_universe-2026-07-30-1476,2026-09-04,1034152,儒鴻,313,3304,False,1476
2026-09-04,liquid_universe-2026-08-14-6716,2026-09-04,483444,應廣,117,4132,False,6716
2026-09-07,liquid_universe-2026-07-17-6243,2026-09-07,312400,迅杰,39.05,8000,False,6243
2026-09-07,liquid_universe-2026-07-30-1476,2026-09-07,1011024,儒鴻,306,3304,False,1476
2026-09-07,liquid_universe-2026-08-14-6716,2026-09-07,487576,應廣,118,4132,False,6716
2026-09-08,liquid_universe-2026-07-17-6243,2026-09-08,188750,迅杰,37.75,5000,False,6243
2026-09-08,liquid_universe-2026-07-30-1476,2026-09-08,991200,儒鴻,300,3304,False,1476
2026-09-08,liquid_universe-2026-08-14-6716,2026-09-08,487576,應廣,118,4132,False,6716
2026-09-09,liquid_universe-2026-07-17-6243,2026-09-09,152600,迅杰,38.15,4000,False,6243
2026-09-09,liquid_universe-2026-08-14-6716,2026-09-09,493774,應廣,119.5,4132,False,6716
