capacity_qty,cash_after,cash_change,channel,commission,date,day_participation,event_id,execution_evidence,expires_at,gross,limit_price,name,order_time,participation_limit,prior_avg_amount20,prior_avg_volume20,qty,reason,reference_price,remaining_shares,requested_qty,sequence,side,signal_date,slippage,source_high,source_low,source_volume,stock_id,tax,total_cost
56000,739415,-260585,board,369,2019-02-22,0.000701074139058,liquid_universe-2019-02-21-6188,daily_high_low_midpoint_proxy,13:30:00,259050,47.65,廣明,08:59:00,0.01,204300690.805,5623364.9,6000,leader_entry,43.175,6000,6000,1,buy,2019-02-21,1166,44.05,42.3,8558296,6188,0,1535
12,738873.6,-541.4,odd,20,2019-02-22,0.00925925925926,liquid_universe-2019-02-21-6188,after_hours_single_auction_proxy,14:30:00,518.4,47.65,廣明,13:40:00,0.01,204300690.805,5623364.9,12,leader_entry,43.2,6012,954,2,buy,2019-02-21,3,43.2,43.2,1296,6188,0,23
56000,441471.6,-297402,board,421,2019-02-22,0.00112262546472,liquid_universe-2019-02-21-3049,daily_high_low_midpoint_proxy,13:30:00,295650,10.9,精金,08:59:00,0.01,51436623.7895,5682439.3,30000,leader_entry,9.855,30000,30000,3,buy,2019-02-21,1331,10.15,9.56,26723071,3049,0,1752
90,440579.1,-892.5,odd,20,2019-02-22,0.0099217285856,liquid_universe-2019-02-21-3049,after_hours_single_auction_proxy,14:30:00,868.5,10.9,精金,13:40:00,0.01,51436623.7895,5682439.3,90,leader_entry,9.65,30090,399,4,buy,2019-02-21,4,9.65,9.65,9071,3049,0,24
22000,140008.1,-300571,board,426,2019-02-22,0.00224251197221,liquid_universe-2019-02-21-3356,daily_high_low_midpoint_proxy,13:30:00,298800,41.05,奇偶,08:59:00,0.01,74394521.845,2216203.85,8000,leader_entry,37.35,8000,8000,5,buy,2019-02-21,1345,38.35,36.35,3567428,3356,0,1771
24,139110.5,-897.6,odd,20,2019-02-22,0.00988467874794,liquid_universe-2019-02-21-3356,after_hours_single_auction_proxy,14:30:00,873.6,41.05,奇偶,13:40:00,0.01,74394521.845,2216203.85,24,leader_entry,36.4,8024,71,6,buy,2019-02-21,4,36.4,36.4,2428,3356,0,24
8000,422954.5,283844,board,408,2019-03-05,0.0093580057154,liquid_universe-2019-02-21-3356,daily_high_low_midpoint_proxy,13:30:00,286400,32.1,奇偶,08:59:00,0.01,79597036.125,2304133.65,8000,stall5,35.8,24,8000,7,sell,2019-03-04,1289,36.3,35.3,854883,3356,859,2556
8,423215.7,261.2,odd,20,2019-03-05,0.00906002265006,liquid_universe-2019-02-21-3356,after_hours_single_auction_proxy,14:30:00,283.2,32.1,奇偶,13:40:00,0.01,79597036.125,2304133.65,8,stall5,35.4,16,24,8,sell,2019-03-04,2,35.4,35.4,883,3356,0,22
23,423760.5,544.8,odd,20,2019-03-06,0.00685518423308,liquid_universe-2019-02-21-3356,after_hours_single_auction_proxy,14:30:00,568.8,31.8,奇偶,13:40:00,0.01,80515431.495,2326996.55,16,stall5,35.55,0,16,9,sell,2019-03-04,3,35.55,35.55,2334,3356,1,24
13,419398,-4362.5,odd,20,2019-03-06,0.00964391691395,liquid_universe-2019-03-05-3406,after_hours_single_auction_proxy,14:30:00,4322.5,356.5,玉晶光,13:40:00,0.01,2827071668.43,10162711.8,13,leader_entry,332.5,13,920,10,buy,2019-03-05,20,332.5,332.5,1348,3406,0,40
21,423700,4302,odd,20,2019-03-13,0.00619047619048,liquid_universe-2019-03-05-3406,after_hours_single_auction_proxy,14:30:00,4355,297,玉晶光,13:40:00,0.01,3373036132.75,11352205.45,13,stall5,335,0,13,11,sell,2019-03-12,20,335,335,2100,3406,13,53
89000,141865,-281835,board,399,2019-03-14,0.000614437652178,liquid_universe-2019-03-13-2392,daily_high_low_midpoint_proxy,13:30:00,280175,44.3,正崴,08:59:00,0.01,310432751.77,8915166.1,7000,leader_entry,40.025,7000,7000,12,buy,2019-03-13,1261,40.75,39.3,11392531,2392,0,1660
65,139210.25,-2654.75,odd,20,2019-03-14,0.00995253406829,liquid_universe-2019-03-13-2392,after_hours_single_auction_proxy,14:30:00,2622.75,44.3,正崴,13:40:00,0.01,310432751.77,8915166.1,65,leader_entry,40.35,7065,803,13,buy,2019-03-13,12,40.35,40.35,6531,2392,0,32
33000,404223.25,265013,board,381,2019-03-21,0.00210842166867,liquid_universe-2019-03-13-2392,daily_high_low_midpoint_proxy,13:30:00,267400,34.35,正崴,08:59:00,0.01,360879969.993,9954358.45,7000,stall5,38.2,65,7000,14,sell,2019-03-20,1204,38.65,37.75,3320019,2392,802,2387
40,405728.25,1505,odd,20,2019-03-21,0.00995272455835,liquid_universe-2019-03-13-2392,after_hours_single_auction_proxy,14:30:00,1536,34.35,正崴,13:40:00,0.01,360879969.993,9954358.45,40,stall5,38.4,25,65,15,sell,2019-03-20,7,38.4,38.4,4019,2392,4,31
33,406653.75,925.5,odd,20,2019-03-22,0.00751427712654,liquid_universe-2019-03-13-2392,after_hours_single_auction_proxy,14:30:00,952.5,34.8,正崴,13:40:00,0.01,365142426.71,10043449.4,25,stall5,38.1,0,25,16,sell,2019-03-20,5,38.1,38.1,3327,2392,2,27
49000,121825.75,-284828,board,403,2019-03-22,0.000882119364864,liquid_universe-2019-03-21-3511,daily_high_low_midpoint_proxy,13:30:00,283150,45.55,矽瑪,08:59:00,0.01,158308002.933,4992012.7,7000,leader_entry,40.45,7000,7000,17,buy,2019-03-21,1275,42,38.9,7935434,3511,0,1678
24,120853.95,-971.8,odd,20,2019-03-22,0.00986031224322,liquid_universe-2019-03-21-3511,after_hours_single_auction_proxy,14:30:00,946.8,45.55,矽瑪,13:40:00,0.01,158308002.933,4992012.7,24,leader_entry,39.45,7024,187,18,buy,2019-03-21,5,39.45,39.45,2434,3511,0,25
25000,406159.95,285306,board,410,2019-04-01,0.00269729977173,liquid_universe-2019-03-21-3511,daily_high_low_midpoint_proxy,13:30:00,287875,36.45,矽瑪,08:59:00,0.01,220901491.975,6354339.65,7000,stall5,41.125,24,7000,19,sell,2019-03-29,1296,41.65,40.6,2595188,3511,863,2569
11,406584.75,424.8,odd,20,2019-04-01,0.00925925925926,liquid_universe-2019-03-21-3511,after_hours_single_auction_proxy,14:30:00,448.8,36.45,矽瑪,13:40:00,0.01,220901491.975,6354339.65,11,stall5,40.8,13,24,20,sell,2019-03-29,3,40.8,40.8,1188,3511,1,24
8,406894.75,310,odd,20,2019-04-02,0.00924855491329,liquid_universe-2019-03-21-3511,after_hours_single_auction_proxy,14:30:00,332,36.6,矽瑪,13:40:00,0.01,222019461.585,6324224.05,8,stall5,41.5,5,13,21,sell,2019-03-29,2,41.5,41.5,865,3511,0,22
32000,130767.75,-276127,board,391,2019-04-02,0.000839619424024,liquid_universe-2019-04-01-3483,daily_high_low_midpoint_proxy,13:30:00,274500,62.1,力致,08:59:00,0.01,139474231.678,3239346.5,5000,leader_entry,54.9,5000,5000,22,buy,2019-04-01,1236,56.4,53.4,5955079,3483,0,1627
60,127414.75,-3353,odd,20,2019-04-02,0.0098700444152,liquid_universe-2019-04-01-3483,after_hours_single_auction_proxy,14:30:00,3318,62.1,力致,13:40:00,0.01,139474231.678,3239346.5,60,leader_entry,55.3,5060,381,23,buy,2019-04-01,15,55.3,55.3,6079,3483,0,35
5,127601.25,186.5,odd,20,2019-04-03,0.00902527075812,liquid_universe-2019-03-21-3511,after_hours_single_auction_proxy,14:30:00,207.5,37.55,矽瑪,13:40:00,0.01,228199660,6436567.1,5,stall5,41.5,0,5,24,sell,2019-03-29,1,41.5,41.5,554,3511,0,21
17000,395687.25,268086,board,385,2019-04-11,0.00279875600893,liquid_universe-2019-04-01-3483,daily_high_low_midpoint_proxy,13:30:00,270500,48.55,力致,08:59:00,0.01,164296101.597,3517318.2,5000,stall5,54.1,60,5000,25,sell,2019-04-10,1218,55,53.2,1786508,3483,811,2414
55,398631.75,2944.5,odd,20,2019-04-11,0.00998547567175,liquid_universe-2019-04-01-3483,after_hours_single_auction_proxy,14:30:00,2986.5,48.55,力致,13:40:00,0.01,164296101.597,3517318.2,55,stall5,54.3,5,60,26,sell,2019-04-10,14,54.3,54.3,5508,3483,8,42
28,398875.75,244,odd,20,2019-04-12,0.00175131348511,liquid_universe-2019-04-01-3483,after_hours_single_auction_proxy,14:30:00,266,49.05,力致,13:40:00,0.01,167050390.297,3540582.8,5,stall5,53.2,0,5,27,sell,2019-04-10,2,53.2,53.2,2855,3483,0,22
48000,66266.75,-332609,board,471,2019-04-12,0.000845317952922,liquid_universe-2019-04-11-3704,daily_high_low_midpoint_proxy,13:30:00,330650,20.7,合勤控,08:59:00,0.01,81902363.8975,4834903.55,17000,leader_entry,19.45,17000,17000,28,buy,2019-04-11,1488,20.3,18.6,20110776,3704,0,1959
67,64899.75,-1367,odd,20,2019-04-12,0.00988783943329,liquid_universe-2019-04-11-3704,after_hours_single_auction_proxy,14:30:00,1340,20.7,合勤控,13:40:00,0.01,81902363.8975,4834903.55,67,leader_entry,20,17067,903,29,buy,2019-04-11,7,20,20,6776,3704,0,27
72000,303202.75,238303,board,343,2019-05-29,0.000824162465498,liquid_universe-2019-02-21-6188,daily_high_low_midpoint_proxy,13:30:00,240450,37.05,廣明,08:59:00,0.01,621999021.655,12848375.2,6000,time63,40.075,12,6000,30,sell,2019-05-28,1083,40.6,39.55,7280118,6188,721,2147
1,303222.25,19.5,odd,20,2019-05-29,0.00847457627119,liquid_universe-2019-02-21-6188,after_hours_single_auction_proxy,14:30:00,40.5,37.05,廣明,13:40:00,0.01,621999021.655,12848375.2,1,time63,40.5,11,12,31,sell,2019-05-28,1,40.5,40.5,118,6188,0,21
355000,705351.25,402129,board,578,2019-05-29,0.000645113066387,liquid_universe-2019-02-21-3049,daily_high_low_midpoint_proxy,13:30:00,405750,12.25,精金,08:59:00,0.01,489535782.363,35542043.95,30000,time63,13.525,90,30000,32,sell,2019-05-28,1826,13.75,13.3,46503476,3049,1217,3621
64,706176.45,825.2,odd,20,2019-05-29,0.00988264360716,liquid_universe-2019-02-21-3049,after_hours_single_auction_proxy,14:30:00,851.2,12.25,精金,13:40:00,0.01,489535782.363,35542043.95,64,time63,13.3,26,90,33,sell,2019-05-28,4,13.3,13.3,6476,3049,2,26
15,706603.45,427,odd,20,2019-05-30,0.00700190961171,liquid_universe-2019-02-21-6188,after_hours_single_auction_proxy,14:30:00,451,36.1,廣明,13:40:00,0.01,596527691.485,12506959.15,11,time63,41,0,11,34,sell,2019-05-28,3,41,41,1571,6188,1,24
66,706931.45,328,odd,20,2019-05-30,0.00390507659958,liquid_universe-2019-02-21-3049,after_hours_single_auction_proxy,14:30:00,351,12.1,精金,13:40:00,0.01,494457493.01,36123987.3,26,time63,13.5,0,26,35,sell,2019-05-28,2,13.5,13.5,6658,3049,1,23
78000,395722.45,-311209,board,441,2019-05-31,0.000530699827108,liquid_universe-2019-05-30-2520,daily_high_low_midpoint_proxy,13:30:00,309375,30.8,冠德,08:59:00,0.01,192779430.032,7856790.75,11000,leader_entry,28.125,11000,11000,36,buy,2019-05-30,1393,28.95,27.3,20727348,2520,0,1834
23,395050.85,-671.6,odd,20,2019-05-31,0.00979557069847,liquid_universe-2019-05-30-2520,after_hours_single_auction_proxy,14:30:00,648.6,30.8,冠德,13:40:00,0.01,192779430.032,7856790.75,23,leader_entry,28.2,11023,516,37,buy,2019-05-30,3,28.2,28.2,2348,2520,0,23
54000,80250.85,-314800,board,446,2019-05-31,0.00341867598429,liquid_universe-2019-05-30-2841,daily_high_low_midpoint_proxy,13:30:00,312945,11.15,台開,08:59:00,0.01,50868903.9445,5405780.25,31000,leader_entry,10.095,31000,31000,38,buy,2019-05-30,1409,10.2,9.99,9067838,2841,0,1855
38,79848.85,-402,odd,20,2019-05-31,0.00990099009901,liquid_universe-2019-05-30-2841,after_hours_single_auction_proxy,14:30:00,380,11.15,台開,13:40:00,0.01,50868903.9445,5405780.25,38,leader_entry,10,31038,213,39,buy,2019-05-30,2,10,10,3838,2841,0,22
44000,381244.85,301396,board,433,2019-06-10,0.00696424980989,liquid_universe-2019-05-30-2841,daily_high_low_midpoint_proxy,13:30:00,304110,8.64,台開,08:59:00,0.01,55505345.3985,5771179.45,31000,stall5,9.81,38,31000,40,sell,2019-06-06,1369,9.97,9.65,4451305,2841,912,2714
43,381597.67,352.82,odd,20,2019-06-10,0.00882694541231,liquid_universe-2019-05-30-2841,after_hours_single_auction_proxy,14:30:00,375.82,8.64,台開,13:40:00,0.01,55505345.3985,5771179.45,38,stall5,9.89,0,38,41,sell,2019-06-06,2,9.89,9.89,4305,2841,1,23
100000,701293.67,319696,board,460,2019-06-11,0.000892408041408,liquid_universe-2019-05-30-2520,daily_high_low_midpoint_proxy,13:30:00,322575,25.65,冠德,08:59:00,0.01,260351946.155,10013566.4,11000,stall5,29.325,23,11000,42,sell,2019-06-10,1452,29.95,28.7,12326200,2520,967,2879
32,701955.37,661.7,odd,20,2019-06-11,0.0071875,liquid_universe-2019-05-30-2520,after_hours_single_auction_proxy,14:30:00,687.7,25.65,冠德,13:40:00,0.01,260351946.155,10013566.4,23,stall5,29.9,0,23,43,sell,2019-06-10,4,29.9,29.9,3200,2520,2,26
65000,409230.37,-292725,board,415,2019-06-11,0.000548588707548,liquid_universe-2019-06-10-1736,daily_high_low_midpoint_proxy,13:30:00,291000,81.1,喬山,08:59:00,0.01,407309678.5,6576730.75,4000,leader_entry,72.75,4000,4000,44,buy,2019-06-10,1310,74.4,71.1,7291437,1736,0,1725
64,404658.17,-4572.2,odd,20,2019-06-11,0.00994251980736,liquid_universe-2019-06-10-1736,after_hours_single_auction_proxy,14:30:00,4531.2,81.1,喬山,13:40:00,0.01,407309678.5,6576730.75,64,leader_entry,70.8,4064,502,45,buy,2019-06-10,21,70.8,70.8,6437,1736,0,41
5000,116360.17,-288298,board,408,2019-06-12,0.00739649073497,liquid_universe-2019-06-11-9802,daily_high_low_midpoint_proxy,13:30:00,286600,78.2,鈺齊-KY,08:59:00,0.01,59776293.085,870647.25,4000,leader_entry,71.65,4000,4000,46,buy,2019-06-11,1290,72.2,71.1,540797,9802,0,1698
7,115839.47,-520.7,odd,20,2019-06-12,0.00878293601004,liquid_universe-2019-06-11-9802,after_hours_single_auction_proxy,14:30:00,497.7,78.2,鈺齊-KY,13:40:00,0.01,59776293.085,870647.25,7,leader_entry,71.1,4007,638,47,buy,2019-06-11,3,71.1,71.1,797,9802,0,23
72000,389376.47,273537,board,393,2019-06-18,0.000473533726493,liquid_universe-2019-06-10-1736,daily_high_low_midpoint_proxy,13:30:00,276000,60.8,喬山,08:59:00,0.01,470115977.49,7293361.75,4000,stall5,69,64,4000,48,sell,2019-06-17,1242,71.3,66.7,8447128,1736,828,2463
11,390092.97,716.5,odd,20,2019-06-18,0.00975177304965,liquid_universe-2019-06-10-1736,after_hours_single_auction_proxy,14:30:00,742.5,60.8,喬山,13:40:00,0.01,470115977.49,7293361.75,11,stall5,67.5,53,64,49,sell,2019-06-17,4,67.5,67.5,1128,1736,2,26
27,391943.57,1850.6,odd,20,2019-06-19,0.00965665236052,liquid_universe-2019-06-10-1736,after_hours_single_auction_proxy,14:30:00,1884.6,60.3,喬山,13:40:00,0.01,491273886.615,7572906.6,27,stall5,69.8,26,53,50,sell,2019-06-17,9,69.8,69.8,2796,1736,5,34
3000,601258.57,209315,board,301,2019-06-19,0.0084797263875,liquid_universe-2019-06-11-9802,daily_high_low_midpoint_proxy,13:30:00,211200,63.1,鈺齊-KY,08:59:00,0.01,59561929.33,857296.7,3000,stall5,70.4,1007,4000,51,sell,2019-06-18,951,70.9,69.9,353785,9802,633,1885
17,601725.27,466.7,odd,20,2019-06-19,0.00392156862745,liquid_universe-2019-06-11-9802,after_hours_single_auction_proxy,14:30:00,490.7,63.1,鈺齊-KY,13:40:00,0.01,59561929.33,857296.7,7,stall5,70.1,1000,7,52,sell,2019-06-18,3,70.1,70.1,1785,9802,1,24
4000,411856.27,-189869,board,269,2019-06-19,0.0011988840787,liquid_universe-2019-06-18-2707,daily_high_low_midpoint_proxy,13:30:00,188750,206,晶華,08:59:00,0.01,77159094.1,450639.6,1000,leader_entry,188.75,1000,1000,53,buy,2019-06-18,850,191.5,186,834109,2707,0,1119
31,405888.27,-5968,odd,20,2019-06-19,0.00997105178514,liquid_universe-2019-06-18-2707,after_hours_single_auction_proxy,14:30:00,5921,206,晶華,13:40:00,0.01,77159094.1,450639.6,31,leader_entry,191,1031,680,54,buy,2019-06-18,27,191,191,3109,2707,0,47
12,406684.27,796,odd,20,2019-06-20,0.00945626477541,liquid_universe-2019-06-10-1736,after_hours_single_auction_proxy,14:30:00,822,63,喬山,13:40:00,0.01,488648895.715,7452648.2,12,stall5,68.5,14,26,55,sell,2019-06-17,4,68.5,68.5,1269,1736,2,26
4000,476357.27,69673,board,100,2019-06-20,0.00218238639588,liquid_universe-2019-06-11-9802,daily_high_low_midpoint_proxy,13:30:00,70300,63.1,鈺齊-KY,08:59:00,0.01,58656213.875,842126.35,1000,stall5,70.3,0,1000,56,sell,2019-06-18,317,70.9,69.7,458214,9802,210,627
4,476607.27,250,odd,20,2019-06-21,0.00824742268041,liquid_universe-2019-06-10-1736,after_hours_single_auction_proxy,14:30:00,272,61.6,喬山,13:40:00,0.01,482027560.66,7295195.8,4,stall5,68,10,14,57,sell,2019-06-17,2,68,68,485,1736,0,22
77000,215418.27,-261189,board,370,2019-06-21,0.000287986001576,liquid_universe-2019-06-20-4968,daily_high_low_midpoint_proxy,13:30:00,259650,95.5,立積,08:59:00,0.01,558354102.135,7755985.55,3000,leader_entry,86.55,3000,3000,58,buy,2019-06-20,1169,88.9,84.2,10417173,4968,0,1539
81,208498.47,-6919.8,odd,20,2019-06-21,0.0099106815123,liquid_universe-2019-06-20-4968,after_hours_single_auction_proxy,14:30:00,6868.8,95.5,立積,13:40:00,0.01,558354102.135,7755985.55,81,leader_entry,84.8,3081,704,59,buy,2019-06-20,31,84.8,84.8,8173,4968,0,51
20,209153.47,655,odd,20,2019-06-24,0.00488997555012,liquid_universe-2019-06-10-1736,after_hours_single_auction_proxy,14:30:00,681,61.6,喬山,13:40:00,0.01,463886620.96,6978959.55,10,stall5,68.1,0,10,60,sell,2019-06-17,4,68.1,68.1,2045,1736,2,26
5000,402412.47,193259,board,278,2019-06-26,0.00129852591338,liquid_universe-2019-06-18-2707,daily_high_low_midpoint_proxy,13:30:00,195000,174,晶華,08:59:00,0.01,107950984.275,593616.85,1000,stall5,195,31,1000,61,sell,2019-06-25,878,197,193,770104,2707,585,1741
21,406466.97,4054.5,odd,20,2019-06-26,0.00998098859316,liquid_universe-2019-06-18-2707,after_hours_single_auction_proxy,14:30:00,4105.5,174,晶華,13:40:00,0.01,107950984.275,593616.85,21,stall5,195.5,10,31,62,sell,2019-06-25,19,195.5,195.5,2104,2707,12,51
18,408372.97,1906,odd,20,2019-06-27,0.00529100529101,liquid_universe-2019-06-18-2707,after_hours_single_auction_proxy,14:30:00,1940,176,晶華,13:40:00,0.01,113418446.875,619245.15,10,stall5,194,0,10,63,sell,2019-06-25,9,194,194,1890,2707,5,34
67000,91756.97,-316616,board,449,2019-06-27,0.00018042973238,liquid_universe-2019-06-26-8086,daily_high_low_midpoint_proxy,13:30:00,314750,66.2,宏捷科,08:59:00,0.01,363606601.16,6760770.3,5000,leader_entry,62.95,5000,5000,64,buy,2019-06-26,1417,65,60.9,27711619,8086,0,1866
56,88096.77,-3660.2,odd,20,2019-06-27,0.00996618615412,liquid_universe-2019-06-26-8086,after_hours_single_auction_proxy,14:30:00,3623.2,66.2,宏捷科,13:40:00,0.01,363606601.16,6760770.3,56,leader_entry,64.7,5056,313,65,buy,2019-06-26,17,64.7,64.7,5619,8086,0,37
94000,410691.77,322595,board,464,2019-07-04,0.000395438568658,liquid_universe-2019-06-26-8086,daily_high_low_midpoint_proxy,13:30:00,325500,58.5,宏捷科,08:59:00,0.01,559547168.51,9421456.7,5000,stall5,65.1,56,5000,66,sell,2019-07-03,1465,66.6,63.6,12644189,8086,976,2905
21,412004.77,1313,odd,20,2019-07-04,0.00959342165372,liquid_universe-2019-06-26-8086,after_hours_single_auction_proxy,14:30:00,1344,58.5,宏捷科,13:40:00,0.01,559547168.51,9421456.7,21,stall5,64,35,56,67,sell,2019-07-03,7,64,64,2189,8086,4,31
9,412563.97,559.2,odd,20,2019-07-05,0.00925925925926,liquid_universe-2019-06-26-8086,after_hours_single_auction_proxy,14:30:00,583.2,57.6,宏捷科,13:40:00,0.01,566111249.565,9375041.05,9,stall5,64.8,26,35,68,sell,2019-07-03,3,64.8,64.8,972,8086,1,24
15000,92075.97,-320488,board,454,2019-07-05,0.00218067630041,liquid_universe-2019-07-04-1762,daily_high_low_midpoint_proxy,13:30:00,318600,38.7,中化生,08:59:00,0.01,50871024.2125,1569573.15,9000,leader_entry,35.4,9000,9000,69,buy,2019-07-04,1434,35.85,34.95,4127160,1762,0,1888
21,91306.47,-769.5,odd,20,2019-07-05,0.00972222222222,liquid_universe-2019-07-04-1762,after_hours_single_auction_proxy,14:30:00,745.5,38.7,中化生,13:40:00,0.01,50871024.2125,1569573.15,21,leader_entry,35.5,9021,192,70,buy,2019-07-04,4,35.5,35.5,2160,1762,0,24
40,92992.07,1685.6,odd,20,2019-07-08,0.00637098750306,liquid_universe-2019-06-26-8086,after_hours_single_auction_proxy,14:30:00,1718.6,58.6,宏捷科,13:40:00,0.01,574161909.625,9444453.65,26,stall5,66.1,0,26,71,sell,2019-07-03,8,66.1,66.1,4081,8086,5,33
58000,474185.07,381193,board,548,2019-07-12,0.00157759225087,liquid_universe-2019-04-11-3704,daily_high_low_midpoint_proxy,13:30:00,384625,20,合勤控,08:59:00,0.01,130411856.037,5845876.25,17000,time63,22.625,67,17000,72,sell,2019-07-11,1731,23,22.25,10775915,3704,1153,3432
19,474600.97,415.9,odd,20,2019-07-12,0.00992167101828,liquid_universe-2019-04-11-3704,after_hours_single_auction_proxy,14:30:00,438.9,20,合勤控,13:40:00,0.01,130411856.037,5845876.25,19,time63,23.1,48,67,73,sell,2019-07-11,2,23.1,23.1,1915,3704,1,23
35,475404.47,803.5,odd,20,2019-07-15,0.00985915492958,liquid_universe-2019-04-11-3704,after_hours_single_auction_proxy,14:30:00,829.5,20.7,合勤控,13:40:00,0.01,135211060.688,6039531.2,35,time63,23.7,13,48,74,sell,2019-07-11,4,23.7,23.7,3550,3704,2,26
13000,180416.47,-294988,board,418,2019-07-15,0.00379411320571,liquid_universe-2019-07-12-4935,daily_high_low_midpoint_proxy,13:30:00,293250,64.3,茂林-KY,08:59:00,0.01,104442356.385,1958519.1,5000,leader_entry,58.65,5000,5000,75,buy,2019-07-12,1320,59.4,57.9,1317831,4935,0,1738
8,179928.67,-487.8,odd,20,2019-07-15,0.00962695547533,liquid_universe-2019-07-12-4935,after_hours_single_auction_proxy,14:30:00,464.8,64.3,茂林-KY,13:40:00,0.01,104442356.385,1958519.1,8,leader_entry,58.1,5008,916,76,buy,2019-07-12,3,58.1,58.1,831,4935,0,23
21,180218.02,289.35,odd,20,2019-07-16,0.00595783684693,liquid_universe-2019-04-11-3704,after_hours_single_auction_proxy,14:30:00,311.35,21.45,合勤控,13:40:00,0.01,167933211.407,7392746.6,13,time63,23.95,0,13,77,sell,2019-07-11,2,23.95,23.95,2182,3704,0,22
7000,406731.53,207085,board,298,2019-08-16,0.00936824566217,liquid_universe-2019-07-04-1762,daily_high_low_midpoint_proxy,13:30:00,208950,26.35,中化生,08:59:00,0.01,50499871.755,1470312.4,7000,loss12,29.85,2021,9000,78,sell,2019-08-15,941,30.2,29.5,747205,1762,626,1865
2,406771.43,39.9,odd,20,2019-08-16,0.00975609756098,liquid_universe-2019-07-04-1762,after_hours_single_auction_proxy,14:30:00,60.9,26.35,中化生,13:40:00,0.01,50499871.755,1470312.4,2,loss12,30.45,2019,21,79,sell,2019-08-15,1,30.45,30.45,205,1762,0,21
9000,468218.43,61447,board,88,2019-08-19,0.00209615701054,liquid_universe-2019-07-04-1762,daily_high_low_midpoint_proxy,13:30:00,62000,27.1,中化生,08:59:00,0.01,45053299.03,1335653.9,2000,loss12,31,19,2000,80,sell,2019-08-15,279,31.85,30.15,954127,1762,186,553
1,468230.28,11.85,odd,20,2019-08-19,0.00787401574803,liquid_universe-2019-07-04-1762,after_hours_single_auction_proxy,14:30:00,32.85,27.1,中化生,13:40:00,0.01,45053299.03,1335653.9,1,loss12,32.85,18,19,81,sell,2019-08-15,1,32.85,32.85,127,1762,0,21
23,468834.48,604.2,odd,20,2019-08-20,0.00752508361204,liquid_universe-2019-07-04-1762,after_hours_single_auction_proxy,14:30:00,628.2,28.6,中化生,13:40:00,0.01,43359179.0925,1298133.25,18,loss12,34.9,0,18,82,sell,2019-08-15,3,34.9,34.9,2392,1762,1,24
85000,92818.48,-376016,board,533,2019-08-20,0.000754799225765,liquid_universe-2019-08-19-8105,daily_high_low_midpoint_proxy,13:30:00,373800,17.35,凌巨,08:59:00,0.01,120260206.803,8565889.65,24000,leader_entry,15.575,24000,24000,83,buy,2019-08-19,1683,16.25,14.9,31796535,8105,0,2216
15,92566.98,-251.5,odd,20,2019-08-20,0.00977198697068,liquid_universe-2019-08-19-8105,after_hours_single_auction_proxy,14:30:00,229.5,17.35,凌巨,13:40:00,0.01,120260206.803,8565889.65,15,leader_entry,15.3,24015,817,84,buy,2019-08-19,2,15.3,15.3,1535,8105,0,22
93000,452921.98,360355,board,518,2019-08-27,0.00257590604812,liquid_universe-2019-08-19-8105,daily_high_low_midpoint_proxy,13:30:00,363600,13.45,凌巨,08:59:00,0.01,172837659.657,11855062.55,24000,stall5,15.15,15,24000,85,sell,2019-08-26,1637,15.35,14.95,9317110,8105,1090,3245
1,452916.03,-5.95,odd,20,2019-08-27,0.00909090909091,liquid_universe-2019-08-19-8105,after_hours_single_auction_proxy,14:30:00,15.05,13.45,凌巨,13:40:00,0.01,172837659.657,11855062.55,1,stall5,15.05,14,15,86,sell,2019-08-26,1,15.05,15.05,110,8105,0,21
10,453042.53,126.5,odd,20,2019-08-28,0.01,liquid_universe-2019-08-19-8105,after_hours_single_auction_proxy,14:30:00,147.5,13.55,凌巨,13:40:00,0.01,178821733.89,12236387.1,10,stall5,14.75,4,14,87,sell,2019-08-26,1,14.75,14.75,1000,8105,0,21
2,453051.53,9,odd,20,2019-08-29,0.00682593856655,liquid_universe-2019-08-19-8105,after_hours_single_auction_proxy,14:30:00,30,13.3,凌巨,13:40:00,0.01,176935351.21,12016500.2,2,stall5,15,2,4,88,sell,2019-08-26,1,15,15,293,8105,0,21
11000,85888.53,-367163,board,520,2019-08-29,0.00177772784338,liquid_universe-2019-08-28-6231,daily_high_low_midpoint_proxy,13:30:00,365000,78.6,系微,08:59:00,0.01,69517057.16,1145468.55,5000,leader_entry,73,5000,5000,89,buy,2019-08-28,1643,75.8,70.2,2812579,6231,0,2163
15,84734.53,-1154,odd,20,2019-08-29,0.00949968334389,liquid_universe-2019-08-28-6231,after_hours_single_auction_proxy,14:30:00,1128,78.6,系微,13:40:00,0.01,69517057.16,1145468.55,15,leader_entry,75.2,5015,391,90,buy,2019-08-28,6,75.2,75.2,1579,6231,0,26
8,84743.53,9,odd,20,2019-08-30,0.00247831474597,liquid_universe-2019-08-19-8105,after_hours_single_auction_proxy,14:30:00,30,13.5,凌巨,13:40:00,0.01,178163938.5,12069503.65,2,stall5,15,0,2,91,sell,2019-08-26,1,15,15,807,8105,0,21
14000,405851.53,321108,board,462,2019-09-05,0.00350778974869,liquid_universe-2019-08-28-6231,daily_high_low_midpoint_proxy,13:30:00,324000,59.1,系微,08:59:00,0.01,105511981.138,1622838.3,5000,loss12,64.8,15,5000,92,sell,2019-09-04,1458,65.6,64,1425399,6231,972,2892
13,406657.53,806,odd,20,2019-09-05,0.00929235167977,liquid_universe-2019-08-28-6231,after_hours_single_auction_proxy,14:30:00,832,59.1,系微,13:40:00,0.01,105511981.138,1622838.3,13,loss12,64,2,15,93,sell,2019-09-04,4,64,64,1399,6231,2,26
1,406701.03,43.5,odd,20,2019-09-06,0.00666666666667,liquid_universe-2019-08-28-6231,after_hours_single_auction_proxy,14:30:00,64.5,57.7,系微,13:40:00,0.01,110039482.888,1693108.2,1,loss12,64.5,1,2,94,sell,2019-09-04,1,64.5,64.5,150,6231,0,21
420000,59908.03,-346793,board,491,2019-09-06,0.000125666833774,liquid_universe-2019-09-05-2367,daily_high_low_midpoint_proxy,13:30:00,344750,39.05,燿華,08:59:00,0.01,1189241176.86,42042522.75,10000,leader_entry,34.475,10000,10000,95,buy,2019-09-05,1552,35.5,33.45,79575491,2367,0,2043
384,47829.83,-12078.2,odd,20,2019-09-06,0.00914499493388,liquid_universe-2019-09-05-2367,after_hours_single_auction_proxy,14:30:00,12003.2,39.05,燿華,13:40:00,0.01,1189241176.86,42042522.75,352,leader_entry,34.1,10352,352,96,buy,2019-09-05,55,34.1,34.1,38491,2367,0,75
1,47874.33,44.5,odd,20,2019-09-09,0.00819672131148,liquid_universe-2019-08-28-6231,after_hours_single_auction_proxy,14:30:00,65.5,58.2,系微,13:40:00,0.01,111354018.278,1712165.6,1,loss12,65.5,0,1,97,sell,2019-09-04,1,65.5,65.5,122,6231,0,21
372000,376416.33,328542,board,472,2019-09-16,0.000268395016055,liquid_universe-2019-09-05-2367,daily_high_low_midpoint_proxy,13:30:00,331500,29.65,燿華,08:59:00,0.01,1597013835.75,53452266.5,10000,stall5,33.15,352,10000,98,sell,2019-09-12,1492,33.75,32.55,37258516,2367,994,2958
195,382879.83,6463.5,odd,20,2019-09-16,0.00999180159869,liquid_universe-2019-09-05-2367,after_hours_single_auction_proxy,14:30:00,6532.5,29.65,燿華,13:40:00,0.01,1597013835.75,53452266.5,195,stall5,33.5,157,352,99,sell,2019-09-12,30,33.5,33.5,19516,2367,19,69
271,388258.88,5379.05,odd,20,2019-09-17,0.00577609359479,liquid_universe-2019-09-05-2367,after_hours_single_auction_proxy,14:30:00,5440.05,30.2,燿華,13:40:00,0.01,1638139140.19,54385807.25,157,stall5,34.65,0,157,100,sell,2019-09-12,25,34.65,34.65,27181,2367,16,61
30000,97344.88,-290914,board,412,2019-09-17,0.000473378271133,liquid_universe-2019-09-16-5340,daily_high_low_midpoint_proxy,13:30:00,289200,83.4,建榮,08:59:00,0.01,179754154.203,3097089.75,4000,leader_entry,72.3,4000,4000,101,buy,2019-09-16,1302,76.2,68.4,8449902,5340,0,1714
29,95332.28,-2012.6,odd,20,2019-09-17,0.00999310820124,liquid_universe-2019-09-16-5340,after_hours_single_auction_proxy,14:30:00,1983.6,83.4,建榮,13:40:00,0.01,179754154.203,3097089.75,29,leader_entry,68.4,4029,563,102,buy,2019-09-16,9,68.4,68.4,2902,5340,0,29
37000,585171.28,489839,board,704,2019-09-20,0.000188082904186,liquid_universe-2019-06-20-4968,daily_high_low_midpoint_proxy,13:30:00,494250,139.5,立積,08:59:00,0.01,555004256.9,3723334.9,3000,time63,164.75,81,3000,103,sell,2019-09-19,2225,170.5,159,15950413,4968,1482,4411
204,598857.78,13686.5,odd,20,2019-09-20,0.00396805956988,liquid_universe-2019-06-20-4968,after_hours_single_auction_proxy,14:30:00,13810.5,139.5,立積,13:40:00,0.01,555004256.9,3723334.9,81,time63,170.5,0,81,104,sell,2019-09-19,63,170.5,170.5,20413,4968,41,124
66000,270925.78,-327932,board,465,2019-09-23,0.000241645382743,liquid_universe-2019-09-20-3661,daily_high_low_midpoint_proxy,13:30:00,326000,180,世芯-KY,08:59:00,0.01,931327003.725,6697887.65,2000,leader_entry,163,2000,2000,105,buy,2019-09-20,1467,166,160,8276591,3661,0,1932
15,268441.28,-2484.5,odd,20,2019-09-23,0.00942803268385,liquid_universe-2019-09-20-3661,after_hours_single_auction_proxy,14:30:00,2452.5,180,世芯-KY,13:40:00,0.01,931327003.725,6697887.65,15,leader_entry,163.5,2015,353,106,buy,2019-09-20,12,163.5,163.5,1591,3661,0,32
64000,572701.28,304260,board,437,2019-10-01,0.000232564656754,liquid_universe-2019-09-20-3661,daily_high_low_midpoint_proxy,13:30:00,307000,144,世芯-KY,08:59:00,0.01,949449301.35,6457990.7,2000,stall5,153.5,15,2000,107,sell,2019-09-27,1382,160,147,8599759,3661,921,2740
7,573758.28,1057,odd,20,2019-10-01,0.00922266139657,liquid_universe-2019-09-20-3661,after_hours_single_auction_proxy,14:30:00,1085,144,世芯-KY,13:40:00,0.01,949449301.35,6457990.7,7,stall5,155,8,15,108,sell,2019-09-27,5,155,155,759,3661,3,28
3,574196.28,438,odd,20,2019-10-02,0.0077519379845,liquid_universe-2019-09-20-3661,after_hours_single_auction_proxy,14:30:00,462,138,世芯-KY,13:40:00,0.01,983621693.7,6657206.65,3,stall5,154,5,8,109,sell,2019-09-27,3,154,154,387,3661,1,24
26000,236507.28,-337689,board,478,2019-10-02,0.00443567495078,liquid_universe-2019-10-01-6155,daily_high_low_midpoint_proxy,13:30:00,335700,31.5,鈞寶,08:59:00,0.01,70773312.985,2689702.25,12000,leader_entry,27.975,12000,12000,110,buy,2019-10-01,1511,28.75,27.2,2705338,6155,0,1989
3,236402.73,-104.55,odd,20,2019-10-02,0.00887573964497,liquid_universe-2019-10-01-6155,after_hours_single_auction_proxy,14:30:00,83.55,31.5,鈞寶,13:40:00,0.01,70773312.985,2689702.25,3,leader_entry,27.85,12003,780,111,buy,2019-10-01,1,27.85,27.85,338,6155,0,21
1,236538.73,136,odd,20,2019-10-03,0.00625,liquid_universe-2019-09-20-3661,after_hours_single_auction_proxy,14:30:00,157,139.5,世芯-KY,13:40:00,0.01,983833748.075,6618177.75,1,stall5,157,4,5,112,sell,2019-09-27,1,157,157,160,3661,0,21
17,237196.73,658,odd,20,2019-10-04,0.00225606316977,liquid_universe-2019-09-20-3661,after_hours_single_auction_proxy,14:30:00,684,140,世芯-KY,13:40:00,0.01,996636118.5,6671967.7,4,stall5,171,0,4,113,sell,2019-09-27,4,171,171,1773,3661,2,26
10000,501565.73,264369,board,380,2019-10-09,0.00957977364911,liquid_universe-2019-10-01-6155,daily_high_low_midpoint_proxy,13:30:00,266750,23.85,鈞寶,08:59:00,0.01,68333671.67,2523698.75,10000,stall5,26.675,2003,12000,114,sell,2019-10-08,1201,27.1,26.25,1043866,6155,800,2381
8,501625.43,59.7,odd,20,2019-10-09,0.00346420323326,liquid_universe-2019-10-01-6155,after_hours_single_auction_proxy,14:30:00,80.7,23.85,鈞寶,13:40:00,0.01,68333671.67,2523698.75,3,stall5,26.9,2000,3,115,sell,2019-10-08,1,26.9,26.9,866,6155,0,21
5000,555539.43,53914,board,78,2019-10-14,0.00352112676056,liquid_universe-2019-10-01-6155,daily_high_low_midpoint_proxy,13:30:00,54400,24.35,鈞寶,08:59:00,0.01,69214795.095,2552615.5,2000,stall5,27.2,0,2000,116,sell,2019-10-08,245,27.7,26.7,568000,6155,163,486
134000,159682.43,-395857,board,561,2019-10-15,0.000491638634698,liquid_universe-2019-10-14-2504,daily_high_low_midpoint_proxy,13:30:00,393525,12.85,國產,08:59:00,0.01,137736503.743,13413688.55,33000,leader_entry,11.925,33000,33000,117,buy,2019-10-14,1771,12.35,11.5,67122471,2504,0,2332
214,157082.43,-2600,odd,20,2019-10-15,0.00996693214103,liquid_universe-2019-10-14-2504,after_hours_single_auction_proxy,14:30:00,2568,12.85,國產,13:40:00,0.01,137736503.743,13413688.55,214,leader_entry,12,33214,429,118,buy,2019-10-14,12,12,12,21471,2504,0,32
30000,664265.43,507183,board,729,2019-10-17,0.00162949463505,liquid_universe-2019-07-12-4935,daily_high_low_midpoint_proxy,13:30:00,511750,90.5,茂林-KY,08:59:00,0.01,471919454.13,5291310.3,5000,time63,102.35,8,5000,119,sell,2019-10-16,2303,105,99.7,3068436,4935,1535,4567
4,664662.43,397,odd,20,2019-10-17,0.00917431192661,liquid_universe-2019-07-12-4935,after_hours_single_auction_proxy,14:30:00,420,90.5,茂林-KY,13:40:00,0.01,471919454.13,5291310.3,4,time63,105,4,8,120,sell,2019-10-16,2,105,105,436,4935,1,23
28000,259425.43,-405237,board,574,2019-10-18,0.00461847290193,liquid_universe-2019-10-17-6155,daily_high_low_midpoint_proxy,13:30:00,402850,32.15,鈞寶,08:59:00,0.01,79265668.185,2890266.8,14000,leader_entry,28.775,14000,14000,121,buy,2019-10-17,1813,29.25,28.3,3031305,6155,0,2387
3,259319.38,-106.05,odd,20,2019-10-18,0.00983606557377,liquid_universe-2019-10-17-6155,after_hours_single_auction_proxy,14:30:00,85.05,32.15,鈞寶,13:40:00,0.01,79265668.185,2890266.8,3,leader_entry,28.35,14003,33,122,buy,2019-10-17,1,28.35,28.35,305,6155,0,21
1,259402.38,83,odd,20,2019-10-21,0.00689655172414,liquid_universe-2019-07-12-4935,after_hours_single_auction_proxy,14:30:00,104,94.1,茂林-KY,13:40:00,0.01,475217420.06,5265408.8,1,time63,104,3,4,123,sell,2019-10-16,1,104,104,145,4935,0,21
7,259702.88,300.5,odd,20,2019-10-22,0.00394218134034,liquid_universe-2019-07-12-4935,after_hours_single_auction_proxy,14:30:00,322.5,94.1,茂林-KY,13:40:00,0.01,467679247.605,5143359.45,3,time63,107.5,0,3,124,sell,2019-10-16,2,107.5,107.5,761,4935,0,22
5000,395356.88,135654,board,195,2019-10-25,0.00878121943038,liquid_universe-2019-10-17-6155,daily_high_low_midpoint_proxy,13:30:00,136875,24.75,鈞寶,08:59:00,0.01,72848822.41,2592668.6,5000,stall5,27.375,9003,14000,125,sell,2019-10-24,616,27.7,27.05,569397,6155,410,1221
3,395417.18,60.3,odd,20,2019-10-25,0.00755667506297,liquid_universe-2019-10-17-6155,after_hours_single_auction_proxy,14:30:00,81.3,24.75,鈞寶,13:40:00,0.01,72848822.41,2592668.6,3,stall5,27.1,9000,3,126,sell,2019-10-24,1,27.1,27.1,397,6155,0,21
14000,639817.18,244400,board,351,2019-10-28,0.00628469676338,liquid_universe-2019-10-17-6155,daily_high_low_midpoint_proxy,13:30:00,246600,24.4,鈞寶,08:59:00,0.01,60207544.9075,2146348.7,9000,stall5,27.4,0,9000,127,sell,2019-10-24,1110,28.2,26.6,1432050,6155,739,2200
14000,319933.18,-319884,board,453,2019-10-29,0.000368141749299,liquid_universe-2019-10-28-3413,daily_high_low_midpoint_proxy,13:30:00,318000,169.5,京鼎,08:59:00,0.01,201238832.825,1427273.55,2000,leader_entry,159,2000,2000,128,buy,2019-10-28,1431,164,154,5432690,3413,0,1884
66,309172.18,-10761,odd,20,2019-10-29,0.00986547085202,liquid_universe-2019-10-28-3413,after_hours_single_auction_proxy,14:30:00,10692,169.5,京鼎,13:40:00,0.01,201238832.825,1427273.55,66,leader_entry,162,2066,620,129,buy,2019-10-28,49,162,162,6690,3413,0,69
22000,533354.18,224182,board,322,2019-10-30,0.000680157476861,liquid_universe-2019-09-16-5340,daily_high_low_midpoint_proxy,13:30:00,226200,53.6,建榮,08:59:00,0.01,145048400.09,2264511.85,4000,loss12,56.55,29,4000,130,sell,2019-10-29,1018,59.5,53.6,5880991,5340,678,2018
19,534346.48,992.3,odd,20,2019-10-30,0.0095429432446,liquid_universe-2019-09-16-5340,after_hours_single_auction_proxy,14:30:00,1020.3,53.6,建榮,13:40:00,0.01,145048400.09,2264511.85,19,loss12,53.7,10,29,131,sell,2019-10-29,5,53.7,53.7,1991,5340,3,28
18,534854.48,508,odd,20,2019-10-31,0.00541711809317,liquid_universe-2019-09-16-5340,after_hours_single_auction_proxy,14:30:00,532,48.25,建榮,13:40:00,0.01,146564959.47,2339415.3,10,loss12,53.2,0,10,132,sell,2019-10-29,3,53.2,53.2,1846,5340,1,24
11000,126800.48,-408054,board,578,2019-10-31,0.00123472774077,liquid_universe-2019-10-30-6667,daily_high_low_midpoint_proxy,13:30:00,405650,59.9,信紘科,08:59:00,0.01,51714917.9375,1100249.75,7000,leader_entry,57.95,7000,7000,133,buy,2019-10-30,1826,59.7,56.2,5669266,6667,0,2404
22,125465.48,-1335,odd,20,2019-10-31,0.00970873786408,liquid_universe-2019-10-30-6667,after_hours_single_auction_proxy,14:30:00,1309,59.9,信紘科,13:40:00,0.01,51714917.9375,1100249.75,22,leader_entry,59.5,7022,285,134,buy,2019-10-30,6,59.5,59.5,2266,6667,0,26
13000,447564.48,322099,board,463,2019-11-05,0.00144780342883,liquid_universe-2019-10-28-3413,daily_high_low_midpoint_proxy,13:30:00,325000,148,京鼎,08:59:00,0.01,320791662.425,2149676.15,2000,stall5,162.5,66,2000,135,sell,2019-11-04,1463,165,160,1381403,3413,975,2901
34,453045.48,5481,odd,20,2019-11-05,0.00999118424919,liquid_universe-2019-10-28-3413,after_hours_single_auction_proxy,14:30:00,5542,148,京鼎,13:40:00,0.01,320791662.425,2149676.15,34,stall5,163,32,66,136,sell,2019-11-04,25,163,163,3403,3413,16,61
38,458266.48,5221,odd,20,2019-11-06,0.00826019617966,liquid_universe-2019-10-28-3413,after_hours_single_auction_proxy,14:30:00,5280,148,京鼎,13:40:00,0.01,331309159.675,2211672,32,stall5,165,0,32,137,sell,2019-11-04,24,165,165,3874,3413,15,59
27000,57505.48,-400761,board,568,2019-11-06,0.000596252789718,liquid_universe-2019-11-05-8463,daily_high_low_midpoint_proxy,13:30:00,398400,52,潤泰材,08:59:00,0.01,119613890.78,2750437.55,8000,leader_entry,49.8,8000,8000,138,buy,2019-11-05,1793,52,47.6,13417128,8463,0,2361
11,56919.28,-586.2,odd,20,2019-11-06,0.00975177304965,liquid_universe-2019-11-05-8463,after_hours_single_auction_proxy,14:30:00,563.2,52,潤泰材,13:40:00,0.01,119613890.78,2750437.55,11,leader_entry,51.2,8011,661,139,buy,2019-11-05,3,51.2,51.2,1128,8463,0,23
20000,485311.28,428392,board,616,2019-11-07,0.00314408911247,liquid_universe-2019-10-30-6667,daily_high_low_midpoint_proxy,13:30:00,432250,55.1,信紘科,08:59:00,0.01,107650328.453,2022710.55,7000,stall5,61.75,22,7000,140,sell,2019-11-06,1946,63.1,60.4,2226400,6667,1296,3858
4,485541.28,230,odd,20,2019-11-07,0.01,liquid_universe-2019-10-30-6667,after_hours_single_auction_proxy,14:30:00,252,55.1,信紘科,13:40:00,0.01,107650328.453,2022710.55,4,stall5,63,18,22,141,sell,2019-11-06,2,63,63,400,6667,0,22
3,485706.28,165,odd,20,2019-11-08,0.00833333333333,liquid_universe-2019-10-30-6667,after_hours_single_auction_proxy,14:30:00,186,54.4,信紘科,13:40:00,0.01,114361036.453,2133630.55,3,stall5,62,15,18,142,sell,2019-11-06,1,62,62,360,6667,0,21
72000,102951.28,-382755,board,542,2019-11-08,0.00022688748264,liquid_universe-2019-11-07-3653,daily_high_low_midpoint_proxy,13:30:00,380500,214.5,健策,08:59:00,0.01,1195108827.42,7219980.2,2000,leader_entry,190.25,2000,2000,143,buy,2019-11-07,1713,194,186.5,8814942,3653,0,2255
29,97396.28,-5555,odd,20,2019-11-08,0.00985723997281,liquid_universe-2019-11-07-3653,after_hours_single_auction_proxy,14:30:00,5510,214.5,健策,13:40:00,0.01,1195108827.42,7219980.2,29,leader_entry,190,2029,139,144,buy,2019-11-07,25,190,190,2942,3653,0,45
10,97973.28,577,odd,20,2019-11-11,0.00961538461538,liquid_universe-2019-10-30-6667,after_hours_single_auction_proxy,14:30:00,601,54.9,信紘科,13:40:00,0.01,117873596.953,2191098.55,10,stall5,60.1,5,15,145,sell,2019-11-06,3,60.1,60.1,1040,6667,1,24
12,98260.78,287.5,odd,20,2019-11-12,0.00415973377704,liquid_universe-2019-10-30-6667,after_hours_single_auction_proxy,14:30:00,309.5,54.5,信紘科,13:40:00,0.01,127911725.453,2355200.55,5,stall5,61.9,0,5,146,sell,2019-11-06,2,61.9,61.9,1202,6667,0,22
36000,502023.78,403763,board,581,2019-11-13,0.00221086635285,liquid_universe-2019-11-05-8463,daily_high_low_midpoint_proxy,13:30:00,407400,45,潤泰材,08:59:00,0.01,192283320.643,4047813.35,8000,stall5,50.925,11,8000,147,sell,2019-11-12,1834,52,49.85,3618491,8463,1222,3637
4,502207.98,184.2,odd,20,2019-11-13,0.0081466395112,liquid_universe-2019-11-05-8463,after_hours_single_auction_proxy,14:30:00,205.2,45,潤泰材,13:40:00,0.01,192283320.643,4047813.35,4,stall5,51.3,7,11,148,sell,2019-11-12,1,51.3,51.3,491,8463,0,21
2,502286.78,78.8,odd,20,2019-11-14,0.008,liquid_universe-2019-11-05-8463,after_hours_single_auction_proxy,14:30:00,99.8,45.9,潤泰材,13:40:00,0.01,186253964.835,3878416.25,2,stall5,49.9,5,7,149,sell,2019-11-12,1,49.9,49.9,250,8463,0,21
27000,140907.78,-361379,board,512,2019-11-14,0.000485400040502,liquid_universe-2019-11-13-6667,daily_high_low_midpoint_proxy,13:30:00,359250,75,信紘科,08:59:00,0.01,155235876.225,2757366.6,5000,leader_entry,71.85,5000,5000,150,buy,2019-11-13,1617,75,68.7,10300782,6667,0,2129
1,140936.78,29,odd,20,2019-11-15,0.00657894736842,liquid_universe-2019-11-05-8463,after_hours_single_auction_proxy,14:30:00,50,44.9,潤泰材,13:40:00,0.01,181163670.735,3742156.4,1,stall5,50,4,5,151,sell,2019-11-12,1,50,50,152,8463,0,21
79000,513085.78,372149,board,535,2019-11-15,0.00022560481549,liquid_universe-2019-11-07-3653,daily_high_low_midpoint_proxy,13:30:00,375500,162,健策,08:59:00,0.01,1370113719.97,7992031.55,2000,stall5,187.75,29,2000,152,sell,2019-11-14,1690,197,178.5,8865059,3653,1126,3351
20,516896.78,3811,odd,20,2019-11-15,0.00971345313259,liquid_universe-2019-11-07-3653,after_hours_single_auction_proxy,14:30:00,3860,162,健策,13:40:00,0.01,1370113719.97,7992031.55,20,stall5,193,9,29,153,sell,2019-11-14,18,193,193,2059,3653,11,49
6,517068.18,171.4,odd,20,2019-11-18,0.00605143721634,liquid_universe-2019-11-05-8463,after_hours_single_auction_proxy,14:30:00,192.4,44.95,潤泰材,13:40:00,0.01,178996004.605,3678238.7,4,stall5,48.1,0,4,154,sell,2019-11-12,1,48.1,48.1,661,8463,0,21
17,518709.18,1641,odd,20,2019-11-18,0.00510204081633,liquid_universe-2019-11-07-3653,after_hours_single_auction_proxy,14:30:00,1674,175,健策,13:40:00,0.01,1439417894.38,8314364.95,9,stall5,186,0,9,155,sell,2019-11-14,8,186,186,1764,3653,5,33
27000,165629.18,-353080,board,500,2019-11-18,0.000714102597977,liquid_universe-2019-11-15-6538,daily_high_low_midpoint_proxy,13:30:00,351000,199.5,倉和,08:59:00,0.01,394962160.275,2737137.45,2000,leader_entry,175.5,2000,2000,156,buy,2019-11-15,1580,181,170,2800718,6538,0,2080
7,164388.68,-1240.5,odd,20,2019-11-18,0.00974930362117,liquid_universe-2019-11-15-6538,after_hours_single_auction_proxy,14:30:00,1214.5,199.5,倉和,13:40:00,0.01,394962160.275,2737137.45,7,leader_entry,173.5,2007,295,157,buy,2019-11-15,6,173.5,173.5,718,6538,0,26
6000,485744.68,321356,board,462,2020-01-09,0.0074393691415,liquid_universe-2019-11-13-6667,daily_high_low_midpoint_proxy,13:30:00,324250,57.2,信紘科,08:59:00,0.01,117046408.87,1506942,5000,loss12,64.85,0,5000,158,sell,2020-01-08,1460,65.7,64,672100,6667,972,2894
31000,129394.68,-356350,board,505,2020-01-10,0.00121478608467,liquid_universe-2020-01-09-8996,daily_high_low_midpoint_proxy,13:30:00,354250,78.3,高力,08:59:00,0.01,198194174.718,3140413.95,5000,leader_entry,70.85,5000,5000,159,buy,2020-01-09,1595,72,69.7,4115951,8996,0,2100
129,120109.18,-9285.5,odd,20,2020-01-10,0.00996062080148,liquid_universe-2020-01-09-8996,after_hours_single_auction_proxy,14:30:00,9223.5,78.3,高力,13:40:00,0.01,198194174.718,3140413.95,129,leader_entry,71.5,5129,878,160,buy,2020-01-09,42,71.5,71.5,12951,8996,0,62
39000,569809.18,449700,board,647,2020-01-13,0.008383411515,liquid_universe-2019-10-14-2504,daily_high_low_midpoint_proxy,13:30:00,453750,12.35,國產,08:59:00,0.01,139948486.833,9982238.4,33000,time63,13.75,214,33000,161,sell,2020-01-10,2042,13.85,13.65,3936345,2504,1361,4050
43,570374.28,565.1,odd,20,2020-01-13,0.00989643268124,liquid_universe-2019-10-14-2504,after_hours_single_auction_proxy,14:30:00,589.1,12.35,國產,13:40:00,0.01,139948486.833,9982238.4,43,time63,13.7,171,214,162,sell,2020-01-10,3,13.7,13.7,4345,2504,1,24
49,571041.63,667.35,odd,20,2020-01-14,0.00987704091917,liquid_universe-2019-10-14-2504,after_hours_single_auction_proxy,14:30:00,693.35,12.45,國產,13:40:00,0.01,136037886.683,9691799.9,49,time63,14.15,122,171,163,sell,2020-01-10,4,14.15,14.15,4961,2504,2,26
22000,231038.63,-340003,board,482,2020-01-14,0.000318589997134,liquid_universe-2020-01-13-2360,daily_high_low_midpoint_proxy,13:30:00,338000,185,致茂,08:59:00,0.01,326070345.025,2207991.35,2000,leader_entry,169,2000,2000,164,buy,2020-01-13,1521,170.5,167.5,6277661,2360,0,2003
26,226630.63,-4408,odd,20,2020-01-14,0.0097707628711,liquid_universe-2020-01-13-2360,after_hours_single_auction_proxy,14:30:00,4368,185,致茂,13:40:00,0.01,326070345.025,2207991.35,26,leader_entry,168,2026,530,165,buy,2020-01-13,20,168,168,2661,2360,0,40
90,227911.13,1280.5,odd,20,2020-01-15,0.00997672098437,liquid_universe-2019-10-14-2504,after_hours_single_auction_proxy,14:30:00,1309.5,12.8,國產,13:40:00,0.01,139366158.788,9920101.85,90,time63,14.55,32,122,166,sell,2020-01-10,6,14.55,14.55,9021,2504,3,29
148,228359.13,448,odd,20,2020-01-16,0.00215459197414,liquid_universe-2019-10-14-2504,after_hours_single_auction_proxy,14:30:00,472,13.15,國產,13:40:00,0.01,153454120.793,10871024.65,32,time63,14.75,0,32,167,sell,2020-01-10,3,14.75,14.75,14852,2504,1,24
23000,528654.13,300295,board,432,2020-01-30,0.000833518791264,liquid_universe-2020-01-13-2360,daily_high_low_midpoint_proxy,13:30:00,303000,143,致茂,08:59:00,0.01,382104270.575,2460336.5,2000,stall5,151.5,26,2000,168,sell,2020-01-20,1364,156,147,2399466,2360,909,2705
24,532136.13,3482,odd,20,2020-01-30,0.00973236009732,liquid_universe-2020-01-13-2360,after_hours_single_auction_proxy,14:30:00,3528,143,致茂,13:40:00,0.01,382104270.575,2460336.5,24,stall5,147,2,26,169,sell,2020-01-20,16,147,147,2466,2360,10,46
14,532414.13,278,odd,20,2020-01-31,0.00135501355014,liquid_universe-2020-01-13-2360,after_hours_single_auction_proxy,14:30:00,300,133.5,致茂,13:40:00,0.01,395166767.475,2546050.3,2,stall5,150,0,2,170,sell,2020-01-20,2,150,150,1476,2360,0,22
16,524574.13,-7840,odd,20,2020-01-31,0.00975015234613,liquid_universe-2020-01-30-3293,after_hours_single_auction_proxy,14:30:00,7784,533,鈊象,13:40:00,0.01,913518432.075,2081207.9,16,leader_entry,486.5,16,847,171,buy,2020-01-30,36,486.5,486.5,1641,3293,0,56
11,529859.13,5285,odd,20,2020-02-07,0.00971731448763,liquid_universe-2020-01-30-3293,after_hours_single_auction_proxy,14:30:00,5346,436.5,鈊象,13:40:00,0.01,1124629779.72,2488990,11,stall5,486,5,16,172,sell,2020-02-06,25,486,486,1132,3293,16,61
19,532312.63,2453.5,odd,20,2020-02-10,0.0026274303731,liquid_universe-2020-01-30-3293,after_hours_single_auction_proxy,14:30:00,2492.5,433.5,鈊象,13:40:00,0.01,1214096847.12,2660159.65,5,stall5,498.5,0,5,173,sell,2020-02-06,12,498.5,498.5,1903,3293,7,39
114000,174705.63,-357607,board,507,2020-02-10,0.000116573322522,liquid_universe-2020-02-07-3227,daily_high_low_midpoint_proxy,13:30:00,355500,194,原相,08:59:00,0.01,1869704863.42,11477804.2,2000,leader_entry,177.75,2000,2000,174,buy,2020-02-07,1600,182,173.5,17156584,3227,0,2107
55,165016.63,-9689,odd,20,2020-02-10,0.00984957020057,liquid_universe-2020-02-07-3227,after_hours_single_auction_proxy,14:30:00,9625,194,原相,13:40:00,0.01,1869704863.42,11477804.2,55,leader_entry,175,2055,208,175,buy,2020-02-07,44,175,175,5584,3227,0,64
20000,712089.63,547073,board,787,2020-02-25,0.000359906230031,liquid_universe-2019-11-15-6538,daily_high_low_midpoint_proxy,13:30:00,552000,237,倉和,08:59:00,0.01,471469437.875,2052827.25,2000,time63,276,7,2000,176,sell,2020-02-24,2484,286,266,5557003,6538,1656,4927
10,714019.13,1929.5,odd,20,2020-02-25,0.00697906281157,liquid_universe-2019-11-15-6538,after_hours_single_auction_proxy,14:30:00,1963.5,237,倉和,13:40:00,0.01,471469437.875,2052827.25,7,time63,280.5,0,7,177,sell,2020-02-24,9,280.5,280.5,1003,6538,5,34
44000,299377.13,-414642,board,587,2020-02-26,0.000791328307871,liquid_universe-2020-02-25-6547,daily_high_low_midpoint_proxy,13:30:00,412200,57.5,高端疫苗,08:59:00,0.01,183310092.895,4458289.6,8000,leader_entry,51.525,8000,8000,178,buy,2020-02-25,1855,54.9,48.15,10109584,6547,0,2442
125,292814.63,-6562.5,odd,20,2020-02-26,0.00993324856961,liquid_universe-2020-02-25-6547,after_hours_single_auction_proxy,14:30:00,6512.5,57.5,高端疫苗,13:40:00,0.01,183310092.895,4458289.6,125,leader_entry,52.1,8125,712,179,buy,2020-02-25,30,52.1,52.1,12584,6547,0,50
52000,690433.63,397619,board,572,2020-03-05,0.00130177695809,liquid_universe-2020-02-25-6547,daily_high_low_midpoint_proxy,13:30:00,401200,47.45,高端疫苗,08:59:00,0.01,236713005.137,5219466.15,8000,stall5,50.15,125,8000,180,sell,2020-03-04,1806,52.7,47.6,6145446,6547,1203,3581
64,693596.03,3162.4,odd,20,2020-03-05,0.00992863791499,liquid_universe-2020-02-25-6547,after_hours_single_auction_proxy,14:30:00,3206.4,47.45,高端疫苗,13:40:00,0.01,236713005.137,5219466.15,64,stall5,50.1,61,125,181,sell,2020-03-04,15,50.1,50.1,6446,6547,9,44
27,694947.43,1351.4,odd,20,2020-03-06,0.00983606557377,liquid_universe-2020-02-25-6547,after_hours_single_auction_proxy,14:30:00,1382.4,45.1,高端疫苗,13:40:00,0.01,249564737.778,5444453.35,27,stall5,51.2,34,61,182,sell,2020-03-04,7,51.2,51.2,2745,6547,4,31
42000,262524.43,-432423,board,613,2020-03-06,0.00446867038711,liquid_universe-2020-03-05-4121,daily_high_low_midpoint_proxy,13:30:00,429875,24.4,優盛,08:59:00,0.01,134449050.015,7349263.35,19000,leader_entry,22.625,19000,19000,183,buy,2020-03-05,1935,23.35,21.9,4251824,4121,0,2548
48,261448.23,-1076.2,odd,20,2020-03-06,0.00995024875622,liquid_universe-2020-03-05-4121,after_hours_single_auction_proxy,14:30:00,1051.2,24.4,優盛,13:40:00,0.01,134449050.015,7349263.35,48,leader_entry,21.9,19048,974,184,buy,2020-03-05,5,21.9,21.9,4824,4121,0,25
32,263019.43,1571.2,odd,20,2020-03-09,0.00986740672217,liquid_universe-2020-02-25-6547,after_hours_single_auction_proxy,14:30:00,1603.2,46.3,高端疫苗,13:40:00,0.01,258004343.583,5581781.7,32,stall5,50.1,2,34,185,sell,2020-03-04,8,50.1,50.1,3243,6547,4,32
38,263090.83,71.4,odd,20,2020-03-10,0.000513347022587,liquid_universe-2020-02-25-6547,after_hours_single_auction_proxy,14:30:00,92.4,45.1,高端疫苗,13:40:00,0.01,266295526.833,5730087.2,2,stall5,46.2,0,2,186,sell,2020-03-04,1,46.2,46.2,3896,6547,0,21
28000,604391.83,341301,board,491,2020-03-11,0.00670372533073,liquid_universe-2020-03-05-4121,daily_high_low_midpoint_proxy,13:30:00,344375,16.05,優盛,08:59:00,0.01,134785142.88,7128867.65,19000,loss12,18.125,48,19000,187,sell,2020-03-10,1550,18.7,17.55,2834245,4121,1033,3074
22,604758.23,366.4,odd,20,2020-03-11,0.0097995545657,liquid_universe-2020-03-05-4121,after_hours_single_auction_proxy,14:30:00,389.4,16.05,優盛,13:40:00,0.01,134785142.88,7128867.65,22,loss12,17.7,26,48,188,sell,2020-03-10,2,17.7,17.7,2245,4121,1,23
66000,888701.23,283943,board,408,2020-03-12,0.000743012156422,liquid_universe-2020-01-09-8996,daily_high_low_midpoint_proxy,13:30:00,286500,54.7,高力,08:59:00,0.01,499475923,6605185.05,5000,loss12,57.3,129,5000,189,sell,2020-03-11,1290,59.9,54.7,6729365,8996,859,2557
13,889403.23,702,odd,20,2020-03-12,0.00952380952381,liquid_universe-2020-01-09-8996,after_hours_single_auction_proxy,14:30:00,728,54.7,高力,13:40:00,0.01,499475923,6605185.05,13,loss12,56,116,129,190,sell,2020-03-11,4,56,56,1365,8996,2,26
1,889440.73,37.5,odd,20,2020-03-13,0.00793650793651,liquid_universe-2020-01-09-8996,after_hours_single_auction_proxy,14:30:00,58.5,49.95,高力,13:40:00,0.01,498886072.215,6680271.5,1,loss12,58.5,115,116,191,sell,2020-03-11,1,58.5,58.5,126,8996,0,21
4,889658.73,218,odd,20,2020-03-16,0.01,liquid_universe-2020-01-09-8996,after_hours_single_auction_proxy,14:30:00,240,49.8,高力,13:40:00,0.01,504530470.005,6841314.8,4,loss12,60,111,115,192,sell,2020-03-11,2,60,60,400,8996,0,22
10,889786.23,127.5,odd,20,2020-03-16,0.00971817298348,liquid_universe-2020-03-05-4121,after_hours_single_auction_proxy,14:30:00,148.5,13.05,優盛,13:40:00,0.01,135312251.598,7110277.1,10,loss12,14.85,16,26,193,sell,2020-03-10,1,14.85,14.85,1029,4121,0,21
5,889989.23,203,odd,20,2020-03-17,0.00915750915751,liquid_universe-2020-01-09-8996,after_hours_single_auction_proxy,14:30:00,225,44.85,高力,13:40:00,0.01,499226501.505,6842531.05,5,loss12,45,106,111,194,sell,2020-03-11,2,45,45,546,8996,0,22
125000,1176409.23,286420,board,412,2020-03-17,0.000107339067207,liquid_universe-2020-02-07-3227,daily_high_low_midpoint_proxy,13:30:00,289000,130.5,原相,08:59:00,0.01,2323948456.25,12594621.95,2000,loss12,144.5,55,2000,195,sell,2020-03-16,1301,152,137,18632545,3227,867,2580
35,1181426.23,5017,odd,20,2020-03-17,0.0098730606488,liquid_universe-2020-02-07-3227,after_hours_single_auction_proxy,14:30:00,5075,130.5,原相,13:40:00,0.01,2323948456.25,12594621.95,35,loss12,145,20,55,196,sell,2020-03-16,23,145,145,3545,3227,15,58
12,1181939.83,513.6,odd,20,2020-03-18,0.0093023255814,liquid_universe-2020-01-09-8996,after_hours_single_auction_proxy,14:30:00,537.6,40.4,高力,13:40:00,0.01,502108217.055,6987805.8,12,loss12,44.8,94,106,197,sell,2020-03-11,3,44.8,44.8,1290,8996,1,24
39,1184550.83,2611,odd,20,2020-03-18,0.00509294626942,liquid_universe-2020-02-07-3227,after_hours_single_auction_proxy,14:30:00,2650,130.5,原相,13:40:00,0.01,2383860420.47,13145085.05,20,loss12,132.5,0,20,198,sell,2020-03-16,12,132.5,132.5,3927,3227,7,39
6,1184611.43,60.6,odd,20,2020-03-18,0.00998336106489,liquid_universe-2020-03-05-4121,after_hours_single_auction_proxy,14:30:00,81.6,12.05,優盛,13:40:00,0.01,137690428.722,7271962.75,6,loss12,13.6,10,16,199,sell,2020-03-10,1,13.6,13.6,601,4121,0,21
11,1185035.13,423.7,odd,20,2020-03-20,0.00948275862069,liquid_universe-2020-01-09-8996,after_hours_single_auction_proxy,14:30:00,447.7,36.05,高力,13:40:00,0.01,396848102.217,5808952,11,loss12,40.7,83,94,200,sell,2020-03-11,3,40.7,40.7,1160,8996,1,24
10,1185149.13,114,odd,20,2020-03-20,0.00928505106778,liquid_universe-2020-03-05-4121,after_hours_single_auction_proxy,14:30:00,135,11.15,優盛,13:40:00,0.01,139027150.657,7373473.5,10,loss12,13.5,0,10,201,sell,2020-03-10,1,13.5,13.5,1077,4121,0,21
2,1185204.53,55.4,odd,20,2020-03-23,0.00913242009132,liquid_universe-2020-01-09-8996,after_hours_single_auction_proxy,14:30:00,76.4,36.4,高力,13:40:00,0.01,344238650.667,5333764.65,2,loss12,38.2,81,83,202,sell,2020-03-11,1,38.2,38.2,219,8996,0,21
4,1185350.13,145.6,odd,20,2020-03-24,0.00990099009901,liquid_universe-2020-01-09-8996,after_hours_single_auction_proxy,14:30:00,166.6,34.15,高力,13:40:00,0.01,297306207.002,4866372.65,4,loss12,41.65,77,81,203,sell,2020-03-11,1,41.65,41.65,404,8996,0,21
1,1185373.63,23.5,odd,20,2020-03-25,0.00549450549451,liquid_universe-2020-01-09-8996,after_hours_single_auction_proxy,14:30:00,44.5,37.45,高力,13:40:00,0.01,274878909.123,4655455.95,1,loss12,44.5,76,77,204,sell,2020-03-11,1,44.5,44.5,182,8996,0,21
18,1186207.13,833.5,odd,20,2020-03-26,0.00968262506724,liquid_universe-2020-01-09-8996,after_hours_single_auction_proxy,14:30:00,859.5,39.15,高力,13:40:00,0.01,250104485.118,4466464.8,18,loss12,47.75,58,76,205,sell,2020-03-11,4,47.75,47.75,1859,8996,2,26
5,1186447.63,240.5,odd,20,2020-03-27,0.00998003992016,liquid_universe-2020-01-09-8996,after_hours_single_auction_proxy,14:30:00,262.5,43,高力,13:40:00,0.01,241752068.755,4467583.5,5,loss12,52.5,53,58,206,sell,2020-03-11,2,52.5,52.5,501,8996,0,22
7,1186781.63,334,odd,20,2020-03-30,0.00899742930591,liquid_universe-2020-01-09-8996,after_hours_single_auction_proxy,14:30:00,357,42.4,高力,13:40:00,0.01,241200163.21,4586006.55,7,loss12,51,46,53,207,sell,2020-03-11,2,51,51,778,8996,1,23
5,1187024.63,243,odd,20,2020-03-31,0.00891265597148,liquid_universe-2020-01-09-8996,after_hours_single_auction_proxy,14:30:00,265,43.65,高力,13:40:00,0.01,236579108.095,4578749.25,5,loss12,53,41,46,208,sell,2020-03-11,2,53,53,561,8996,0,22
6,1187326.03,301.4,odd,20,2020-04-01,0.0093896713615,liquid_universe-2020-01-09-8996,after_hours_single_auction_proxy,14:30:00,323.4,44.55,高力,13:40:00,0.01,242207438.567,4756415.55,6,loss12,53.9,35,41,209,sell,2020-03-11,2,53.9,53.9,639,8996,0,22
13,1188033.23,707.2,odd,20,2020-04-06,0.00973053892216,liquid_universe-2020-01-09-8996,after_hours_single_auction_proxy,14:30:00,733.2,46.2,高力,13:40:00,0.01,245153178.752,4853009,13,loss12,56.4,22,35,210,sell,2020-03-11,4,56.4,56.4,1336,8996,2,26
13,1188774.23,741,odd,20,2020-04-07,0.00931899641577,liquid_universe-2020-01-09-8996,after_hours_single_auction_proxy,14:30:00,767,50.8,高力,13:40:00,0.01,257627267.743,5110397.15,13,loss12,59,9,22,211,sell,2020-03-11,4,59,59,1395,8996,2,26
10,1189282.13,507.9,odd,20,2020-04-08,0.0085146641438,liquid_universe-2020-01-09-8996,after_hours_single_auction_proxy,14:30:00,531.9,53.1,高力,13:40:00,0.01,271749489.993,5365761.9,9,loss12,59.1,0,9,212,sell,2020-03-11,3,59.1,59.1,1057,8996,1,24
10000,864166.13,-325116,board,461,2020-06-04,0.000964581530772,liquid_universe-2020-06-03-3693,daily_high_low_midpoint_proxy,13:30:00,323200,83.6,營邦,08:59:00,0.01,65551668.92,1088972.55,4000,leader_entry,80.8,4000,4000,213,buy,2020-06-03,1455,83.6,78,4146876,3693,0,1916
8,863483.13,-683,odd,20,2020-06-04,0.00913242009132,liquid_universe-2020-06-03-3693,after_hours_single_auction_proxy,14:30:00,660,83.6,營邦,13:40:00,0.01,65551668.92,1088972.55,8,leader_entry,82.5,4008,714,214,buy,2020-06-03,3,82.5,82.5,876,3693,0,23
97000,520487.13,-342996,board,486,2020-06-04,0.00180735767451,liquid_universe-2020-06-03-1309,daily_high_low_midpoint_proxy,13:30:00,340975,16.6,台達化,08:59:00,0.01,123919952.13,9737080.75,23000,leader_entry,14.825,23000,23000,215,buy,2020-06-03,1535,15.35,14.3,12725760,1309,0,2021
77,519336.93,-1150.2,odd,20,2020-06-04,0.00992268041237,liquid_universe-2020-06-03-1309,after_hours_single_auction_proxy,14:30:00,1124.2,16.6,台達化,13:40:00,0.01,123919952.13,9737080.75,77,leader_entry,14.6,23077,740,216,buy,2020-06-03,6,14.6,14.6,7760,1309,0,26
39000,235665.93,-283671,board,402,2020-06-04,0.00053595917599,liquid_universe-2020-06-03-3556,daily_high_low_midpoint_proxy,13:30:00,282000,79.5,禾瑞亞,08:59:00,0.01,260682835.945,3958624,4000,leader_entry,70.5,4000,4000,217,buy,2020-06-03,1269,72,69,7463255,3556,0,1671
82,229912.73,-5753.2,odd,20,2020-06-04,0.0099333737129,liquid_universe-2020-06-03-3556,after_hours_single_auction_proxy,14:30:00,5707.2,79.5,禾瑞亞,13:40:00,0.01,260682835.945,3958624,82,leader_entry,69.6,4082,957,218,buy,2020-06-03,26,69.6,69.6,8255,3556,0,46
18000,536749.73,306837,board,441,2020-06-11,0.00129267316084,liquid_universe-2020-06-03-3693,daily_high_low_midpoint_proxy,13:30:00,309600,71.3,營邦,08:59:00,0.01,124931429.713,1832350.75,4000,stall5,77.4,8,4000,219,sell,2020-06-10,1394,82,72.8,3094363,3693,928,2763
3,536950.73,201,odd,20,2020-06-11,0.00826446280992,liquid_universe-2020-06-03-3693,after_hours_single_auction_proxy,14:30:00,222,71.3,營邦,13:40:00,0.01,124931429.713,1832350.75,3,stall5,74,5,8,220,sell,2020-06-10,1,74,74,363,3693,0,21
92000,874312.73,337362,board,485,2020-06-11,0.00247864378957,liquid_universe-2020-06-03-1309,daily_high_low_midpoint_proxy,13:30:00,340400,13.45,台達化,08:59:00,0.01,157692964.407,11832605.9,23000,stall5,14.8,77,23000,221,sell,2020-06-10,1532,15.1,14.5,9279268,1309,1021,3038
72,875328.73,1016,odd,20,2020-06-11,0.00990643918547,liquid_universe-2020-06-03-1309,after_hours_single_auction_proxy,14:30:00,1044,13.45,台達化,13:40:00,0.01,157692964.407,11832605.9,72,stall5,14.5,5,77,222,sell,2020-06-10,5,14.5,14.5,7268,1309,3,28
25000,1116952.73,241624,board,347,2020-06-11,0.00158665496244,liquid_universe-2020-06-03-3556,daily_high_low_midpoint_proxy,13:30:00,243800,54.2,禾瑞亞,08:59:00,0.01,320513625.535,4817781.6,4000,loss12,60.95,82,4000,223,sell,2020-06-10,1098,61.8,60.1,2521027,3556,731,2176
30,1118754.73,1802,odd,20,2020-06-11,0.00991080277502,liquid_universe-2020-06-03-3556,after_hours_single_auction_proxy,14:30:00,1836,54.2,禾瑞亞,13:40:00,0.01,320513625.535,4817781.6,30,loss12,61.2,52,82,224,sell,2020-06-10,9,61.2,61.2,3027,3556,5,34
49,1118806.48,51.75,odd,20,2020-06-12,0.00100684655658,liquid_universe-2020-06-03-1309,after_hours_single_auction_proxy,14:30:00,72.75,13.05,台達化,13:40:00,0.01,163059760.192,12161849.15,5,stall5,14.55,0,5,225,sell,2020-06-10,1,14.55,14.55,4966,1309,0,21
20,1119987.48,1181,odd,20,2020-06-12,0.00956022944551,liquid_universe-2020-06-03-3556,after_hours_single_auction_proxy,14:30:00,1210,54.9,禾瑞亞,13:40:00,0.01,314033365.87,4698055.4,20,loss12,60.5,32,52,226,sell,2020-06-10,6,60.5,60.5,2092,3556,3,29
92000,777570.48,-342417,board,485,2020-06-12,0.000324316996513,liquid_universe-2020-06-11-2417,daily_high_low_midpoint_proxy,13:30:00,340400,22.85,圓剛,08:59:00,0.01,160151413.06,9225106.75,16000,leader_entry,21.275,16000,16000,227,buy,2020-06-11,1532,22.85,19.7,49334448,2417,0,2017
18000,440333.48,-337237,board,478,2020-06-12,0.000756002413462,liquid_universe-2020-06-11-3540,daily_high_low_midpoint_proxy,13:30:00,335250,35.75,曜越,08:59:00,0.01,54531887.77,1892077.7,10000,leader_entry,33.525,10000,10000,228,buy,2020-06-11,1509,35.5,31.55,13227471,3540,0,1987
34,439110.68,-1222.8,odd,20,2020-06-12,0.0097954479977,liquid_universe-2020-06-11-3540,after_hours_single_auction_proxy,14:30:00,1196.8,35.75,曜越,13:40:00,0.01,54531887.77,1892077.7,34,leader_entry,35.2,10034,369,229,buy,2020-06-11,6,35.2,35.2,3471,3540,0,26
10,434549.68,-4561,odd,20,2020-06-12,0.00971817298348,liquid_universe-2020-06-11-3529,after_hours_single_auction_proxy,14:30:00,4520,510,力旺,13:40:00,0.01,738142702.6,1947735.3,10,leader_entry,452,10,722,230,buy,2020-06-11,21,452,452,1029,3529,0,41
6,434882.18,332.5,odd,20,2020-06-15,0.00744047619048,liquid_universe-2020-06-03-3693,after_hours_single_auction_proxy,14:30:00,355.5,66.6,營邦,13:40:00,0.01,134551194.755,1920934.5,5,stall5,71.1,0,5,231,sell,2020-06-10,2,71.1,71.1,672,3693,1,23
137,436768.18,1886,odd,20,2020-06-15,0.00233423298563,liquid_universe-2020-06-03-3556,after_hours_single_auction_proxy,14:30:00,1920,54.3,禾瑞亞,13:40:00,0.01,313357028.29,4681499.15,32,loss12,60,0,32,232,sell,2020-06-10,9,60,60,13709,3556,5,34
160000,1426224.35,979975,board,1409,2020-09-11,0.000365538985749,liquid_universe-2020-06-11-2417,daily_high_low_midpoint_proxy,13:30:00,988800,57.9,圓剛,08:59:00,0.01,1032093625.21,16083171.9,16000,time63,61.8,0,16000,233,sell,2020-09-10,4450,65.3,58.3,43770981,2417,2966,8825
92000,2073892.35,647668,board,931,2020-09-11,0.00107575672493,liquid_universe-2020-06-11-3540,daily_high_low_midpoint_proxy,13:30:00,653500,62.1,曜越,08:59:00,0.01,1136206724.36,14400068.4,10000,time63,65.35,34,10000,234,sell,2020-09-10,2941,67.5,63.2,9295782,3540,1960,5832
17,2074947.25,1054.9,odd,20,2020-09-11,0.00953984287318,liquid_universe-2020-06-11-3540,after_hours_single_auction_proxy,14:30:00,1082.9,62.1,曜越,13:40:00,0.01,1136206724.36,14400068.4,17,time63,63.7,17,34,235,sell,2020-09-10,5,63.7,63.7,1782,3540,3,28
6,2077896.25,2949,odd,20,2020-09-11,0.00896860986547,liquid_universe-2020-06-11-3529,after_hours_single_auction_proxy,14:30:00,2991,439.5,力旺,13:40:00,0.01,532825825.875,1009120.6,6,time63,498.5,4,10,236,sell,2020-09-10,14,498.5,498.5,669,3529,8,42
9,2078498.65,602.4,odd,20,2020-09-14,0.00942408376963,liquid_universe-2020-06-11-3540,after_hours_single_auction_proxy,14:30:00,626.4,57,曜越,13:40:00,0.01,1142490325.54,14519520.95,9,time63,69.6,8,17,237,sell,2020-09-10,3,69.6,69.6,955,3540,1,24
4,2080486.65,1988,odd,20,2020-09-14,0.00945626477541,liquid_universe-2020-06-11-3529,after_hours_single_auction_proxy,14:30:00,2024,449.5,力旺,13:40:00,0.01,540401554.325,1028670.75,4,time63,506,0,4,238,sell,2020-09-10,10,506,506,423,3529,6,36
10000,1916520.65,-163966,board,232,2020-09-14,0.00984258749814,liquid_universe-2020-09-11-3686,daily_high_low_midpoint_proxy,13:30:00,163000,19.9,達能,08:59:00,0.01,96053845.3035,6914628.75,10000,leader_entry,16.3,10000,34000,239,buy,2020-09-11,734,16.3,16.3,1015993,3686,0,966
19,1916188.95,-331.7,odd,20,2020-09-14,0.00953336678374,liquid_universe-2020-09-11-3686,after_hours_single_auction_proxy,14:30:00,309.7,19.9,達能,13:40:00,0.01,96053845.3035,6914628.75,19,leader_entry,16.3,10019,600,240,buy,2020-09-11,2,16.3,16.3,1993,3686,0,22
196000,1332499.95,-583689,board,827,2020-09-14,0.00121680963664,liquid_universe-2020-09-11-3682,daily_high_low_midpoint_proxy,13:30:00,580250,12.3,亞太電,08:59:00,0.01,192188909.951,19688635.2,55000,leader_entry,10.55,55000,55000,241,buy,2020-09-11,2612,10.9,10.2,45200168,3682,0,3439
831,1323964.75,-8535.2,odd,20,2020-09-14,0.00999182377838,liquid_universe-2020-09-11-3682,after_hours_single_auction_proxy,14:30:00,8476.2,12.3,亞太電,13:40:00,0.01,192188909.951,19688635.2,831,leader_entry,10.2,55831,979,242,buy,2020-09-11,39,10.2,10.2,83168,3682,0,59
99000,729286.75,-594678,board,842,2020-09-14,0.000977832242198,liquid_universe-2020-09-11-1519,daily_high_low_midpoint_proxy,13:30:00,591175,51.3,華城,08:59:00,0.01,412338158.722,9992962.25,13000,leader_entry,45.475,13000,13000,243,buy,2020-09-11,2661,46.75,44.2,13294714,1519,0,3503
37,727595.6,-1691.15,odd,20,2020-09-14,0.00996230479268,liquid_universe-2020-09-11-1519,after_hours_single_auction_proxy,14:30:00,1663.15,51.3,華城,13:40:00,0.01,412338158.722,9992962.25,37,leader_entry,44.95,13037,382,244,buy,2020-09-11,8,44.95,44.95,3714,1519,0,28
20,728142,546.4,odd,20,2020-09-15,0.00391581008321,liquid_universe-2020-06-11-3540,after_hours_single_auction_proxy,14:30:00,570.4,62.7,曜越,13:40:00,0.01,1153213798.99,14668870.45,8,time63,71.3,0,8,245,sell,2020-09-10,3,71.3,71.3,2043,3540,1,24
17000,879776,151634,board,218,2020-09-21,0.00576257610202,liquid_universe-2020-09-11-3686,daily_high_low_midpoint_proxy,13:30:00,153000,13.95,達能,08:59:00,0.01,89962179.804,6144501.15,10000,stall5,15.3,19,10000,246,sell,2020-09-18,689,15.6,15,1735335,3686,459,1366
83,880041.85,265.85,odd,20,2020-09-21,0.00227954409118,liquid_universe-2020-09-11-3686,after_hours_single_auction_proxy,14:30:00,287.85,13.95,達能,13:40:00,0.01,89962179.804,6144501.15,19,stall5,15.15,0,19,247,sell,2020-09-18,2,15.15,15.15,8335,3686,0,22
83000,1424860.85,544819,board,783,2020-09-21,0.00656737355089,liquid_universe-2020-09-11-3682,daily_high_low_midpoint_proxy,13:30:00,549725,9.09,亞太電,08:59:00,0.01,231647425.986,23080810.8,55000,stall5,9.995,831,55000,248,sell,2020-09-18,2474,10.1,9.89,8374733,3682,1649,4906
337,1428149.78,3288.93,odd,20,2020-09-21,0.00999021729464,liquid_universe-2020-09-11-3682,after_hours_single_auction_proxy,14:30:00,3332.93,9.09,亞太電,13:40:00,0.01,231647425.986,23080810.8,337,stall5,9.89,494,831,249,sell,2020-09-18,15,9.89,9.89,33733,3682,9,44
79000,2023389.78,595240,board,856,2020-09-21,0.00164470271619,liquid_universe-2020-09-11-1519,daily_high_low_midpoint_proxy,13:30:00,600600,40.45,華城,08:59:00,0.01,380301133.44,8855946.15,13000,stall5,46.2,37,13000,250,sell,2020-09-18,2703,47.3,45.1,7904164,1519,1801,5360
61,2025060.63,1670.85,odd,20,2020-09-21,0.00600259571707,liquid_universe-2020-09-11-1519,after_hours_single_auction_proxy,14:30:00,1703.85,40.45,華城,13:40:00,0.01,380301133.44,8855946.15,37,stall5,46.05,0,37,251,sell,2020-09-18,8,46.05,46.05,6164,1519,5,33
337,2028234.98,3174.35,odd,20,2020-09-22,0.00997484090573,liquid_universe-2020-09-11-3682,after_hours_single_auction_proxy,14:30:00,3218.35,8.91,亞太電,13:40:00,0.01,234646600.873,23338457.1,337,stall5,9.55,157,494,252,sell,2020-09-18,15,9.55,9.55,33785,3682,9,44
101000,1455359.98,-572875,board,812,2020-09-22,0.00155531809,liquid_universe-2020-09-21-4934,daily_high_low_midpoint_proxy,13:30:00,569500,38.55,太極,08:59:00,0.01,278949905.082,10113094.9,17000,leader_entry,33.5,17000,17000,253,buy,2020-09-21,2563,34.5,32.5,10930240,4934,0,3375
282,1445793.58,-9566.4,odd,20,2020-09-22,0.00998583569405,liquid_universe-2020-09-21-4934,after_hours_single_auction_proxy,14:30:00,9503.4,38.55,太極,13:40:00,0.01,278949905.082,10113094.9,282,leader_entry,33.7,17282,407,254,buy,2020-09-21,43,33.7,33.7,28240,4934,0,63
79000,822672.58,-623121,board,883,2020-09-22,0.00053658358798,liquid_universe-2020-09-21-4976,daily_high_low_midpoint_proxy,13:30:00,619450,51.2,佳凌,08:59:00,0.01,318328666.2,7918673.3,13000,leader_entry,47.65,13000,13000,255,buy,2020-09-21,2788,49.25,46.05,24227353,4976,0,3671
33,821070.48,-1602.1,odd,20,2020-09-22,0.00984193259767,liquid_universe-2020-09-21-4976,after_hours_single_auction_proxy,14:30:00,1574.1,51.2,佳凌,13:40:00,0.01,318328666.2,7918673.3,33,leader_entry,47.7,13033,106,256,buy,2020-09-21,8,47.7,47.7,3353,4976,0,28
110000,242789.48,-578281,board,819,2020-09-22,0.00189783502211,liquid_universe-2020-09-21-3202,daily_high_low_midpoint_proxy,13:30:00,574875,30.65,樺晟電子股份有限公司,08:59:00,0.01,301650422.257,12692592.35,21000,leader_entry,27.375,21000,21000,257,buy,2020-09-21,2587,27.95,26.8,11065240,3202,0,3406
12,242441.68,-347.8,odd,20,2020-09-22,0.00967741935484,liquid_universe-2020-09-21-3202,after_hours_single_auction_proxy,14:30:00,325.8,30.65,樺晟電子股份有限公司,13:40:00,0.01,301650422.257,12692592.35,12,leader_entry,27.15,21012,788,258,buy,2020-09-21,2,27.15,27.15,1240,3202,0,22
186,243917.88,1476.2,odd,20,2020-09-23,0.00841777920755,liquid_universe-2020-09-11-3682,after_hours_single_auction_proxy,14:30:00,1507.2,8.6,亞太電,13:40:00,0.01,238873447.65,23735242.7,157,stall5,9.6,0,157,259,sell,2020-09-18,7,9.6,9.6,18651,3682,4,31
49000,747681.88,503764,board,724,2020-09-29,0.00346600592361,liquid_universe-2020-09-21-4934,daily_high_low_midpoint_proxy,13:30:00,508300,27.25,太極,08:59:00,0.01,337074603.402,11403572.7,17000,stall5,29.9,282,17000,260,sell,2020-09-28,2288,30.8,29,4904781,4934,1524,4536
67,749590.88,1909,odd,20,2020-09-29,0.00988054859165,liquid_universe-2020-09-21-4934,after_hours_single_auction_proxy,14:30:00,1943,27.25,太極,13:40:00,0.01,337074603.402,11403572.7,67,stall5,29,215,282,261,sell,2020-09-28,9,29,29,6781,4934,5,34
34000,1313908.88,564318,board,811,2020-09-29,0.00374559352531,liquid_universe-2020-09-21-4976,daily_high_low_midpoint_proxy,13:30:00,569400,39.6,佳凌,08:59:00,0.01,405533857.407,9315989.95,13000,stall5,43.8,33,13000,262,sell,2020-09-28,2563,44.9,42.7,3470745,4976,1708,5082
7,1314188.23,279.35,odd,20,2020-09-29,0.00939597315436,liquid_universe-2020-09-21-4976,after_hours_single_auction_proxy,14:30:00,301.35,39.6,佳凌,13:40:00,0.01,405533857.407,9315989.95,7,stall5,43.05,26,33,263,sell,2020-09-28,2,43.05,43.05,745,4976,0,22
140,1318573.23,4385,odd,20,2020-09-30,0.0099835983741,liquid_universe-2020-09-21-4934,after_hours_single_auction_proxy,14:30:00,4438,26.1,太極,13:40:00,0.01,312911165.673,10323584.2,140,stall5,31.7,75,215,264,sell,2020-09-28,20,31.7,31.7,14023,4934,13,53
7,1318861.33,288.1,odd,20,2020-09-30,0.00895140664962,liquid_universe-2020-09-21-4976,after_hours_single_auction_proxy,14:30:00,310.1,39,佳凌,13:40:00,0.01,400873473.192,9156889.3,7,stall5,44.3,19,26,265,sell,2020-09-28,2,44.3,44.3,782,4976,0,22
35000,775259.33,-543602,board,770,2020-09-30,0.00129823690503,liquid_universe-2020-09-29-6283,daily_high_low_midpoint_proxy,13:30:00,540400,37.7,淳安,08:59:00,0.01,104739311.81,3558250.8,16000,leader_entry,33.775,16000,16000,266,buy,2020-09-29,2432,35.2,32.35,12324407,6283,0,3202
84,772285.33,-2974,odd,20,2020-09-30,0.00999167360533,liquid_universe-2020-09-29-6283,after_hours_single_auction_proxy,14:30:00,2940,37.7,淳安,13:40:00,0.01,104739311.81,3558250.8,84,leader_entry,35,16084,214,267,buy,2020-09-29,14,35,35,8407,6283,0,34
14000,303020.33,-469265,board,665,2020-09-30,0.000361343083333,liquid_universe-2020-09-29-3533,daily_high_low_midpoint_proxy,13:30:00,466500,525,嘉澤,08:59:00,0.01,651132737.3,1461779.6,1000,leader_entry,466.5,1000,1000,268,buy,2020-09-29,2100,475,458,2767453,3533,0,2765
4,301131.33,-1889,odd,20,2020-09-30,0.00883002207506,liquid_universe-2020-09-29-3533,after_hours_single_auction_proxy,14:30:00,1860,525,嘉澤,13:40:00,0.01,651132737.3,1461779.6,4,leader_entry,465,1004,164,269,buy,2020-09-29,9,465,465,453,3533,0,29
83,303426.83,2295.5,odd,20,2020-10-05,0.00903614457831,liquid_universe-2020-09-21-4934,after_hours_single_auction_proxy,14:30:00,2332.5,28.7,太極,13:40:00,0.01,305537170.392,9925321.5,75,stall5,31.1,0,75,270,sell,2020-09-28,11,31.1,31.1,8300,4934,6,37
12,303956.03,529.2,odd,20,2020-10-05,0.00980392156863,liquid_universe-2020-09-21-4976,after_hours_single_auction_proxy,14:30:00,553.2,39.8,佳凌,13:40:00,0.01,400161725.363,9082116.2,12,stall5,46.1,7,19,271,sell,2020-09-28,3,46.1,46.1,1224,4976,1,24
30,304257.43,301.4,odd,20,2020-10-06,0.00226610553577,liquid_universe-2020-09-21-4976,after_hours_single_auction_proxy,14:30:00,323.4,41.7,佳凌,13:40:00,0.01,372853034.783,8377482.6,7,stall5,46.2,0,7,272,sell,2020-09-28,2,46.2,46.2,3089,4976,0,22
32000,802198.43,497941,board,716,2020-10-19,0.00643467123426,liquid_universe-2020-09-21-3202,daily_high_low_midpoint_proxy,13:30:00,502425,21.4,樺晟電子股份有限公司,08:59:00,0.01,329426343.097,12395779.9,21000,loss12,23.925,12,21000,273,sell,2020-10-16,2261,24.3,23.55,3263570,3202,1507,4484
5,802296.43,98,odd,20,2020-10-19,0.00877192982456,liquid_universe-2020-09-21-3202,after_hours_single_auction_proxy,14:30:00,119,21.4,樺晟電子股份有限公司,13:40:00,0.01,329426343.097,12395779.9,5,loss12,23.8,7,12,274,sell,2020-10-16,1,23.8,23.8,570,3202,0,21
3,802350.73,54.3,odd,20,2020-10-20,0.00857142857143,liquid_universe-2020-09-21-3202,after_hours_single_auction_proxy,14:30:00,75.3,21.45,樺晟電子股份有限公司,13:40:00,0.01,305777011.447,11450991.4,3,loss12,25.1,4,7,275,sell,2020-10-16,1,25.1,25.1,350,3202,0,21
22000,248890.73,-553460,board,784,2020-10-20,0.00608900825278,liquid_universe-2020-10-19-3580,daily_high_low_midpoint_proxy,13:30:00,550200,42.65,友威科,08:59:00,0.01,80140372.7275,2393689.85,14000,leader_entry,39.3,14000,14000,276,buy,2020-10-19,2476,40.2,38.4,2299225,3580,0,3260
22,248003.23,-887.5,odd,20,2020-10-20,0.00988764044944,liquid_universe-2020-10-19-3580,after_hours_single_auction_proxy,14:30:00,863.5,42.65,友威科,13:40:00,0.01,80140372.7275,2393689.85,22,leader_entry,39.25,14022,982,277,buy,2020-10-19,4,39.25,39.25,2225,3580,0,24
4,248080.23,77,odd,20,2020-10-21,0.00961538461538,liquid_universe-2020-09-21-3202,after_hours_single_auction_proxy,14:30:00,98,22.35,樺晟電子股份有限公司,13:40:00,0.01,298535845.113,11157105.85,4,loss12,24.5,0,4,278,sell,2020-10-16,1,24.5,24.5,416,3202,0,21
10000,617503.23,369423,board,531,2020-10-27,0.00963092374042,liquid_universe-2020-10-19-3580,daily_high_low_midpoint_proxy,13:30:00,372750,33.8,友威科,08:59:00,0.01,91501636.3125,2645756.2,10000,stall5,37.275,4022,14000,279,sell,2020-10-26,1678,38.05,36.5,1038322,3580,1118,3327
1,617520.53,17.3,odd,20,2020-10-27,0.00980392156863,liquid_universe-2020-10-19-3580,daily_high_low_midpoint_proxy,13:30:00,38.3,33.8,友威科,09:00:00,0.01,91501636.3125,2645756.2,1,stall5,38.3,4021,22,280,sell,2020-10-26,1,39.75,36.85,102,3580,0,21
10000,764992.53,147472,board,212,2020-10-28,0.00372573382985,liquid_universe-2020-10-19-3580,daily_high_low_midpoint_proxy,13:30:00,148800,32.85,友威科,08:59:00,0.01,87171869.0125,2479261.6,4000,stall5,37.2,21,4000,281,sell,2020-10-26,670,37.9,36.5,1073614,3580,446,1328
5,765159.03,166.5,odd,20,2020-10-28,0.00998003992016,liquid_universe-2020-10-19-3580,daily_high_low_midpoint_proxy,13:30:00,187.5,32.85,友威科,09:00:00,0.01,87171869.0125,2479261.6,5,stall5,37.5,16,21,282,sell,2020-10-26,1,37.5,37.5,501,3580,0,21
8,765444.03,285,odd,20,2020-10-29,0.00940070505288,liquid_universe-2020-10-19-3580,daily_high_low_midpoint_proxy,13:30:00,307,33.7,友威科,09:00:00,0.01,86996083.1425,2455788.8,8,stall5,38.375,8,16,283,sell,2020-10-26,2,39.15,37.6,851,3580,0,22
145000,253528.03,-511916,board,725,2020-10-29,0.00035211627161,liquid_universe-2020-10-28-2108,daily_high_low_midpoint_proxy,13:30:00,508900,80.8,南帝,08:59:00,0.01,871575869.39,14551692,7000,leader_entry,72.7,7000,7000,284,buy,2020-10-28,2291,74.4,71,19879797,2108,0,3016
97,246395.03,-7133,odd,20,2020-10-29,0.00990301174068,liquid_universe-2020-10-28-2108,daily_high_low_midpoint_proxy,13:30:00,7081,80.8,南帝,09:00:00,0.01,871575869.39,14551692,97,leader_entry,73,7097,269,285,buy,2020-10-28,32,74,72,9795,2108,0,52
28,246710.43,315.4,odd,20,2020-10-30,0.00282087447109,liquid_universe-2020-10-19-3580,daily_high_low_midpoint_proxy,13:30:00,338.4,35.1,友威科,09:00:00,0.01,84262670.1175,2353589.15,8,stall5,42.3,0,8,286,sell,2020-10-26,2,42.7,41.9,2836,3580,1,23
194000,683774.43,437064,board,628,2020-11-12,0.00035937197181,liquid_universe-2020-10-28-2108,daily_high_low_midpoint_proxy,13:30:00,441000,56.2,南帝,08:59:00,0.01,1441373562.33,20918434.6,7000,loss12,63,97,7000,287,sell,2020-11-11,1985,64.9,61.1,19478425,2108,1323,3936
73,688312.13,4537.7,odd,20,2020-11-12,0.00991982606332,liquid_universe-2020-10-28-2108,daily_high_low_midpoint_proxy,13:30:00,4591.7,56.2,南帝,09:00:00,0.01,1441373562.33,20918434.6,73,loss12,62.9,24,97,288,sell,2020-11-11,21,64,61.8,7359,2108,13,54
58,689784.73,1472.6,odd,20,2020-11-13,0.00408024481469,liquid_universe-2020-10-28-2108,daily_high_low_midpoint_proxy,13:30:00,1503.6,55.6,南帝,09:00:00,0.01,1467498645.88,21311742.9,24,loss12,62.65,0,24,289,sell,2020-11-11,7,63.4,61.9,5882,2108,4,31
51000,185966.73,-503818,board,714,2020-11-13,0.000402509674655,liquid_universe-2020-11-12-3092,daily_high_low_midpoint_proxy,13:30:00,500850,58.7,鴻碩,08:59:00,0.01,245954770.735,5119320.75,9000,leader_entry,55.65,9000,9000,290,buy,2020-11-12,2254,57.9,53.4,22359711,3092,0,2968
562,164085.18,-21881.55,odd,31,2020-11-13,0.00698505234346,liquid_universe-2020-11-12-3092,daily_high_low_midpoint_proxy,13:30:00,21752.55,58.7,鴻碩,09:00:00,0.01,245954770.735,5119320.75,393,leader_entry,55.35,9393,393,291,buy,2020-11-12,98,57.2,53.5,56263,3092,0,129
24000,796787.18,632702,board,910,2020-12-31,0.00659003553677,liquid_universe-2020-09-29-6283,daily_high_low_midpoint_proxy,13:30:00,638400,35.9,淳安,08:59:00,0.01,277850456.488,6966753.95,16000,time63,39.9,84,16000,292,sell,2020-12-30,2873,40.8,39,2427908,6283,1915,5698
20,797560.68,773.5,odd,20,2020-12-31,0.00964320154291,liquid_universe-2020-09-29-6283,daily_high_low_midpoint_proxy,13:30:00,799.5,35.9,淳安,09:00:00,0.01,277850456.488,6966753.95,20,time63,39.975,64,84,293,sell,2020-12-30,4,40.3,39.65,2074,6283,2,26
5000,1271046.68,473486,board,681,2020-12-31,0.00187936717948,liquid_universe-2020-09-29-3533,daily_high_low_midpoint_proxy,13:30:00,477750,426.5,嘉澤,08:59:00,0.01,516943783.6,1113374.5,1000,time63,477.75,4,1000,294,sell,2020-12-30,2150,482,473.5,532094,3533,1433,4264
11,1272917.68,1871,odd,20,2020-12-31,0.00344827586207,liquid_universe-2020-09-29-3533,daily_high_low_midpoint_proxy,13:30:00,1905,426.5,嘉澤,09:00:00,0.01,516943783.6,1113374.5,4,time63,476.25,0,4,295,sell,2020-12-30,9,477,475.5,1160,3533,5,34
19,1273661.18,743.5,odd,20,2021-01-04,0.00974858902001,liquid_universe-2020-09-29-6283,daily_high_low_midpoint_proxy,13:30:00,769.5,35.25,淳安,09:00:00,0.01,278236697.78,6967029,19,time63,40.5,45,64,296,sell,2020-12-30,4,41.35,39.65,1949,6283,2,26
94000,707677.18,-565984,board,802,2021-01-04,0.001715516459,liquid_universe-2020-12-31-6129,daily_high_low_midpoint_proxy,13:30:00,562650,18.9,普誠,08:59:00,0.01,123596002.264,9489184.6,31000,leader_entry,18.15,31000,31000,297,buy,2020-12-31,2532,18.9,17.4,18070360,6129,0,3334
162,704629.98,-3047.2,odd,20,2021-01-04,0.00998090074549,liquid_universe-2020-12-31-6129,daily_high_low_midpoint_proxy,13:30:00,3013.2,18.9,普誠,09:00:00,0.01,123596002.264,9489184.6,162,leader_entry,18.6,31162,820,298,buy,2020-12-31,14,18.9,18.3,16231,6129,0,34
75000,167464.98,-537165,board,761,2021-01-04,0.00172221335761,liquid_universe-2020-12-31-3149,daily_high_low_midpoint_proxy,13:30:00,534000,29.5,正達,08:59:00,0.01,155145581.67,7535493.2,20000,leader_entry,26.7,20000,20000,299,buy,2020-12-31,2404,28.1,25.3,11612963,3149,0,3165
189,162352.05,-5112.93,odd,20,2021-01-04,0.01,liquid_universe-2020-12-31-3149,daily_high_low_midpoint_proxy,13:30:00,5069.93,29.5,正達,09:00:00,0.01,155145581.67,7535493.2,189,leader_entry,26.825,20189,386,300,buy,2020-12-31,23,28.15,25.5,18900,3149,0,43
19,163129.75,777.7,odd,20,2021-01-05,0.00977869274318,liquid_universe-2020-09-29-6283,daily_high_low_midpoint_proxy,13:30:00,803.7,37.55,淳安,09:00:00,0.01,286125241.66,7143620,19,time63,42.3,26,45,301,sell,2020-12-30,4,42.9,41.7,1943,6283,2,26
95,164275.3,1145.55,odd,20,2021-01-06,0.00272908575627,liquid_universe-2020-09-29-6283,daily_high_low_midpoint_proxy,13:30:00,1174.55,38.2,淳安,09:00:00,0.01,302008386.16,7499835.75,26,time63,45.175,0,26,302,sell,2020-12-30,6,46.6,43.75,9527,6283,3,29
37000,674283.3,510008,board,733,2021-01-08,0.00833817485422,liquid_universe-2020-12-31-6129,daily_high_low_midpoint_proxy,13:30:00,514600,14.65,普誠,08:59:00,0.01,150278567.032,10342010.6,31000,loss12,16.6,162,31000,303,sell,2021-01-07,2316,16.85,16.35,3717840,6129,1543,4592
15,674508.8,225.5,odd,20,2021-01-08,0.0093926111459,liquid_universe-2020-12-31-6129,daily_high_low_midpoint_proxy,13:30:00,247.5,14.65,普誠,09:00:00,0.01,150278567.032,10342010.6,15,loss12,16.5,147,162,304,sell,2021-01-07,2,16.75,16.25,1597,6129,0,22
31,675036.6,527.8,odd,20,2021-01-11,0.009754562618,liquid_universe-2020-12-31-6129,daily_high_low_midpoint_proxy,13:30:00,551.8,14.9,普誠,09:00:00,0.01,151426259.828,10328024.9,31,loss12,17.8,116,147,305,sell,2021-01-07,3,18.2,17.4,3178,6129,1,24
45000,1197332.6,522296,board,751,2021-01-11,0.00441827744176,liquid_universe-2020-12-31-3149,daily_high_low_midpoint_proxy,13:30:00,527000,23.85,正達,08:59:00,0.01,186003852.517,8201038.15,20000,stall5,26.35,189,20000,306,sell,2021-01-08,2372,27.3,25.4,4526651,3149,1581,4704
59,1198862.63,1530.03,odd,20,2021-01-11,0.00991930060525,liquid_universe-2020-12-31-3149,daily_high_low_midpoint_proxy,13:30:00,1562.03,23.85,正達,09:00:00,0.01,186003852.517,8201038.15,59,stall5,26.475,130,189,307,sell,2021-01-08,8,27.25,25.7,5948,3149,4,32
9000,683325.63,-515537,board,730,2021-01-11,0.00252109145108,liquid_universe-2021-01-08-1593,daily_high_low_midpoint_proxy,13:30:00,512500,113.5,祺驊,08:59:00,0.01,79459716.89,924551.65,5000,leader_entry,102.5,5000,5000,308,buy,2021-01-08,2307,105,100,1983268,1593,0,3037
34,679838.63,-3487,odd,20,2021-01-11,0.0098493626883,liquid_universe-2021-01-08-1593,daily_high_low_midpoint_proxy,13:30:00,3451,113.5,祺驊,09:00:00,0.01,79459716.89,924551.65,34,leader_entry,101.5,5034,162,309,buy,2021-01-08,16,104,99,3452,1593,0,36
20,680157.63,319,odd,20,2021-01-12,0.00978473581213,liquid_universe-2020-12-31-6129,daily_high_low_midpoint_proxy,13:30:00,342,16.2,普誠,09:00:00,0.01,152365124.278,10202042.5,20,loss12,17.1,96,116,310,sell,2021-01-07,2,18,16.2,2044,6129,1,23
52,681460.43,1302.8,odd,20,2021-01-12,0.00986530070195,liquid_universe-2020-12-31-3149,daily_high_low_midpoint_proxy,13:30:00,1333.8,24.2,正達,09:00:00,0.01,189624558.297,8276212.35,52,stall5,25.65,78,130,311,sell,2021-01-08,7,27,24.3,5271,3149,4,31
14000,211693.43,-469767,board,665,2021-01-12,0.00174658836711,liquid_universe-2021-01-11-6457,daily_high_low_midpoint_proxy,13:30:00,467000,135,紘康科技股份有限公司,08:59:00,0.01,136640436.405,1418180.35,4000,leader_entry,116.75,4000,4000,312,buy,2021-01-11,2102,121.5,112,2290179,6457,0,2767
47,205983.93,-5709.5,odd,20,2021-01-12,0.00984499371596,liquid_universe-2021-01-11-6457,daily_high_low_midpoint_proxy,13:30:00,5663.5,135,紘康科技股份有限公司,09:00:00,0.01,136640436.405,1418180.35,47,leader_entry,120.5,4047,324,313,buy,2021-01-11,26,125,116,4774,6457,0,46
22,206325.03,341.1,odd,20,2021-01-13,0.00989653621233,liquid_universe-2020-12-31-6129,daily_high_low_midpoint_proxy,13:30:00,364.1,14.75,普誠,09:00:00,0.01,154603090.917,10258921.2,22,loss12,16.55,74,96,314,sell,2021-01-07,2,17.5,15.6,2223,6129,1,23
38,207315.43,990.4,odd,20,2021-01-13,0.00981151562097,liquid_universe-2020-12-31-3149,daily_high_low_midpoint_proxy,13:30:00,1018.4,23.6,正達,09:00:00,0.01,190483606.647,8224840.9,38,stall5,26.8,40,78,315,sell,2021-01-08,5,27.1,26.5,3873,3149,3,28
12,207490.33,174.9,odd,20,2021-01-14,0.00924499229584,liquid_universe-2020-12-31-6129,daily_high_low_midpoint_proxy,13:30:00,195.9,14.2,普誠,09:00:00,0.01,146572014.558,9572358.8,12,loss12,16.325,62,74,316,sell,2021-01-07,1,16.9,15.75,1298,6129,0,21
213,208584.33,1094,odd,20,2021-01-14,0.0018765246763,liquid_universe-2020-12-31-3149,daily_high_low_midpoint_proxy,13:30:00,1123,24.1,正達,09:00:00,0.01,193330107.722,8264286.2,40,stall5,28.075,0,40,317,sell,2021-01-08,6,29.4,26.75,21316,3149,3,29
18,208856.63,272.3,odd,20,2021-01-15,0.00971397733405,liquid_universe-2020-12-31-6129,daily_high_low_midpoint_proxy,13:30:00,294.3,14.9,普誠,09:00:00,0.01,143509680.195,9265740.15,18,loss12,16.35,44,62,318,sell,2021-01-07,2,16.9,15.8,1853,6129,0,22
15,209079.13,222.5,odd,20,2021-01-18,0.00990099009901,liquid_universe-2020-12-31-6129,daily_high_low_midpoint_proxy,13:30:00,244.5,14.7,普誠,09:00:00,0.01,139263377.565,8916397.15,15,loss12,16.3,29,44,319,sell,2021-01-07,2,17,15.6,1515,6129,0,22
16000,629295.13,420216,board,604,2021-01-18,0.00158510320013,liquid_universe-2021-01-11-6457,daily_high_low_midpoint_proxy,13:30:00,424000,91.8,紘康科技股份有限公司,08:59:00,0.01,169001195.865,1690674.6,4000,loss12,106,47,4000,320,sell,2021-01-15,1908,112,100,2523495,6457,1272,3784
54,634301.38,5006.25,odd,20,2021-01-18,0.00864129435558,liquid_universe-2021-01-11-6457,daily_high_low_midpoint_proxy,13:30:00,5064.25,91.8,紘康科技股份有限公司,09:00:00,0.01,169001195.865,1690674.6,47,loss12,107.75,0,47,321,sell,2021-01-15,23,112,103.5,5439,6457,15,58
88,634809.53,508.15,odd,20,2021-01-19,0.003272399007,liquid_universe-2020-12-31-6129,daily_high_low_midpoint_proxy,13:30:00,532.15,15.05,普誠,09:00:00,0.01,134917877.572,8543101.75,29,loss12,18.35,0,29,322,sell,2021-01-07,3,18.35,18.35,8862,6129,1,24
98000,114141.53,-520668,board,738,2021-01-19,0.00121371678996,liquid_universe-2021-01-18-3149,daily_high_low_midpoint_proxy,13:30:00,517600,36.2,正達,08:59:00,0.01,247502763.115,9808865.35,16000,leader_entry,32.35,16000,16000,323,buy,2021-01-18,2330,33.95,30.75,13182647,3149,0,3068
128,109958.53,-4183,odd,20,2021-01-19,0.00998050682261,liquid_universe-2021-01-18-3149,daily_high_low_midpoint_proxy,13:30:00,4144,36.2,正達,09:00:00,0.01,247502763.115,9808865.35,128,leader_entry,32.375,16128,947,324,buy,2021-01-18,19,33.45,31.3,12825,3149,0,39
61000,535327.53,425369,board,612,2021-01-26,0.0025917709652,liquid_universe-2021-01-18-3149,daily_high_low_midpoint_proxy,13:30:00,429200,24.8,正達,08:59:00,0.01,277152636.312,10104892.85,16000,stall5,26.825,128,16000,325,sell,2021-01-25,1932,27.9,25.75,6173385,3149,1287,3831
39,536352.53,1025,odd,20,2021-01-26,0.00991861648016,liquid_universe-2021-01-18-3149,daily_high_low_midpoint_proxy,13:30:00,1053,24.8,正達,09:00:00,0.01,277152636.312,10104892.85,39,stall5,27,89,128,326,sell,2021-01-25,5,28,26,3932,3149,3,28
42,537468.03,1115.5,odd,20,2021-01-27,0.0099573257468,liquid_universe-2021-01-18-3149,daily_high_low_midpoint_proxy,13:30:00,1144.5,23.4,正達,09:00:00,0.01,272332629.95,9819581.85,42,stall5,27.25,47,89,327,sell,2021-01-25,6,28.5,26,4218,3149,3,29
106000,204255.03,-333213,board,472,2021-01-27,4.38194505427e-05,liquid_universe-2021-01-26-3552,daily_high_low_midpoint_proxy,13:30:00,331250,342,同致,08:59:00,0.01,2614343837.03,10653434.25,1000,leader_entry,331.25,1000,1000,328,buy,2021-01-26,1491,342,320.5,22820916,3552,0,1963
447,54633.78,-149621.25,odd,212,2021-01-27,0.00999821061108,liquid_universe-2021-01-26-3552,daily_high_low_midpoint_proxy,13:30:00,148739.25,342,同致,09:00:00,0.01,2614343837.03,10653434.25,447,leader_entry,332.75,1447,559,329,buy,2021-01-26,670,342,323.5,44708,3552,0,882
115,55965.78,1332,odd,20,2021-01-28,0.00406117687721,liquid_universe-2021-01-18-3149,daily_high_low_midpoint_proxy,13:30:00,1363,25.65,正達,09:00:00,0.01,262078362.635,9308490.2,47,stall5,29,0,47,330,sell,2021-01-25,7,30,28,11573,3149,4,31
131000,352048.78,296083,board,426,2021-02-01,5.38190451931e-05,liquid_universe-2021-01-26-3552,daily_high_low_midpoint_proxy,13:30:00,298750,266.5,同致,08:59:00,0.01,3629567339.75,13156680.4,1000,loss12,298.75,447,1000,331,sell,2021-01-29,1345,308,289.5,18580783,3552,896,2667
223,418407.53,66358.75,odd,95,2021-02-01,0.00999327806408,liquid_universe-2021-01-26-3552,daily_high_low_midpoint_proxy,13:30:00,66955.75,266.5,同致,09:00:00,0.01,3629567339.75,13156680.4,223,loss12,300.25,224,447,332,sell,2021-01-29,302,305.5,295,22315,3552,200,597
40,430218.53,11811,odd,20,2021-02-02,0.00993295257015,liquid_universe-2021-01-26-3552,daily_high_low_midpoint_proxy,13:30:00,11920,270.5,同致,09:00:00,0.01,3675642145.18,13018893.65,40,loss12,298,184,224,333,sell,2021-01-29,54,305,291,4027,3552,35,109
58000,71957.53,-358261,board,508,2021-02-02,0.00125139410825,liquid_universe-2021-02-01-8033,daily_high_low_midpoint_proxy,13:30:00,356150,24.4,雷虎,08:59:00,0.01,108353668.367,5829204.15,17000,leader_entry,20.95,17000,17000,334,buy,2021-02-01,1603,21.9,20,13584849,8033,0,2111
173,70957.33,-1000.2,odd,20,2021-02-02,0.00265711645102,liquid_universe-2021-02-01-8033,daily_high_low_midpoint_proxy,13:30:00,975.2,24.4,雷虎,09:00:00,0.01,108353668.367,5829204.15,46,leader_entry,21.2,17046,46,335,buy,2021-02-01,5,22.4,20,17312,8033,0,25
41,83358.58,12401.25,odd,20,2021-02-03,0.00976422957847,liquid_universe-2021-01-26-3552,daily_high_low_midpoint_proxy,13:30:00,12515.25,274,同致,09:00:00,0.01,3513880951.57,12320512.85,41,loss12,305.25,143,184,336,sell,2021-01-29,57,309.5,301,4199,3552,37,114
16,88114.58,4756,odd,20,2021-02-04,0.00984009840098,liquid_universe-2021-01-26-3552,daily_high_low_midpoint_proxy,13:30:00,4812,273,同致,09:00:00,0.01,3210865054.88,10960485.5,16,loss12,300.75,127,143,337,sell,2021-01-29,22,303,298.5,1626,3552,14,56
37,99314.08,11199.5,odd,20,2021-02-05,0.00993555316864,liquid_universe-2021-01-26-3552,daily_high_low_midpoint_proxy,13:30:00,11303.5,270,同致,09:00:00,0.01,3054507039.8,10322884.1,37,loss12,305.5,90,127,338,sell,2021-01-29,51,308,303,3724,3552,33,104
71000,365938.08,266624,board,383,2021-02-05,0.00224965834968,liquid_universe-2021-02-01-8033,daily_high_low_midpoint_proxy,13:30:00,269025,14.9,雷虎,08:59:00,0.01,133988780.147,7161544.05,17000,loss12,15.825,46,17000,339,sell,2021-02-04,1211,16.5,15.15,7556703,8033,807,2401
105,366643.48,705.4,odd,20,2021-02-05,0.0043552357508,liquid_universe-2021-02-01-8033,daily_high_low_midpoint_proxy,13:30:00,731.4,14.9,雷虎,09:00:00,0.01,133988780.147,7161544.05,46,loss12,15.9,0,46,340,sell,2021-02-04,4,16.5,15.3,10562,8033,2,26
59,385063.48,18420,odd,26,2021-02-17,0.00990431425214,liquid_universe-2021-01-26-3552,daily_high_low_midpoint_proxy,13:30:00,18585,279,同致,09:00:00,0.01,2930794421.18,9864454.4,59,loss12,315,31,90,341,sell,2021-01-29,84,330,300,5957,3552,55,165
142,395581.98,10518.5,odd,20,2021-02-18,0.00217299873826,liquid_universe-2021-01-26-3552,daily_high_low_midpoint_proxy,13:30:00,10617.5,298,同致,09:00:00,0.01,2580237492.03,8578859.75,31,loss12,342.5,0,31,342,sell,2021-01-29,48,350,335,14266,3552,31,99
971,39312.98,-356269,odd,505,2021-02-18,0.00681476601264,liquid_universe-2021-02-17-3034,daily_high_low_midpoint_proxy,13:30:00,354170,578,聯詠,09:00:00,0.01,3202859207.18,7544830.45,662,leader_entry,535,662,662,343,buy,2021-02-17,1594,547,523,97142,3034,0,2099
60000,701598.98,662286,board,952,2021-02-22,0.0014859373367,liquid_universe-2020-11-12-3092,daily_high_low_midpoint_proxy,13:30:00,668250,65.8,鴻碩,08:59:00,0.01,679374414.155,9896619.25,9000,time63,74.25,393,9000,344,sell,2021-02-19,3008,75.9,72.6,6056783,3092,2004,5964
114,709968.08,8369.1,odd,20,2021-02-22,0.00994764397906,liquid_universe-2020-11-12-3092,daily_high_low_midpoint_proxy,13:30:00,8453.1,65.8,鴻碩,09:00:00,0.01,679374414.155,9896619.25,114,time63,74.15,279,393,345,sell,2021-02-19,39,75.2,73.1,11460,3092,25,84
66,714789.48,4821.4,odd,20,2021-02-23,0.00992779783394,liquid_universe-2020-11-12-3092,daily_high_low_midpoint_proxy,13:30:00,4877.4,67,鴻碩,09:00:00,0.01,614820913.235,8915022.8,66,time63,73.9,213,279,346,sell,2021-02-19,22,74.7,73.1,6648,3092,14,56
26000,352656.48,-362133,board,513,2021-02-23,0.000119367680747,liquid_universe-2021-02-22-3228,daily_high_low_midpoint_proxy,13:30:00,360000,383.5,金麗科,08:59:00,0.01,717350333.2,2673584.45,1000,leader_entry,360,1000,1000,347,buy,2021-02-22,1620,380,340,8377477,3228,0,2133
279,249094.48,-103562,odd,147,2021-02-23,0.0099967752338,liquid_universe-2021-02-22-3228,daily_high_low_midpoint_proxy,13:30:00,102951,383.5,金麗科,09:00:00,0.01,717350333.2,2673584.45,279,leader_entry,369,1279,463,348,buy,2021-02-22,464,383,355,27909,3228,0,611
69,254132.13,5037.65,odd,20,2021-02-24,0.00990667623833,liquid_universe-2020-11-12-3092,daily_high_low_midpoint_proxy,13:30:00,5095.65,66.7,鴻碩,09:00:00,0.01,566017669.04,8206299.65,69,time63,73.85,144,213,349,sell,2021-02-19,23,74.5,73.2,6965,3092,15,58
91,261053.48,6921.35,odd,20,2021-02-25,0.0099846390169,liquid_universe-2020-11-12-3092,daily_high_low_midpoint_proxy,13:30:00,6993.35,66.9,鴻碩,09:00:00,0.01,493677699.99,7190749.15,91,time63,76.85,53,144,350,sell,2021-02-19,32,78.7,75,9114,3092,20,72
1281,593692.48,332639,odd,478,2021-02-25,0.00516537792308,liquid_universe-2021-02-17-3034,daily_high_low_midpoint_proxy,13:30:00,335634,455.5,聯詠,09:00:00,0.01,4100083993.32,8842447.8,662,stall5,507,0,662,351,sell,2021-02-24,1511,514,500,128161,3034,1006,2995
71,597591.98,3899.5,odd,20,2021-02-26,0.00738573021182,liquid_universe-2020-11-12-3092,daily_high_low_midpoint_proxy,13:30:00,3948.5,66.7,鴻碩,09:00:00,0.01,425930008.395,6322919.7,53,time63,74.5,0,53,352,sell,2021-02-19,18,75,74,7176,3092,11,49
38000,144421.98,-453170,board,642,2021-02-26,0.00516040872501,liquid_universe-2021-02-25-6215,daily_high_low_midpoint_proxy,13:30:00,450500,25,和椿,08:59:00,0.01,79080035.025,4028628.95,20000,leader_entry,22.525,20000,20000,353,buy,2021-02-25,2028,23.35,21.7,3875662,6215,0,2670
26,143800.98,-621,odd,20,2021-02-26,0.00980022615907,liquid_universe-2021-02-25-6215,daily_high_low_midpoint_proxy,13:30:00,598,25,和椿,09:00:00,0.01,79080035.025,4028628.95,26,leader_entry,23,20026,971,354,buy,2021-02-25,3,23.5,22.5,2653,6215,0,23
10000,498110.98,354310,board,509,2021-03-03,0.000962749303932,liquid_universe-2021-02-22-3228,daily_high_low_midpoint_proxy,13:30:00,357500,312.5,金麗科,08:59:00,0.01,875700464.5,2942630.5,1000,stall5,357.5,279,1000,355,sell,2021-03-02,1609,375,340,1038692,3228,1072,3190
105,535572.98,37462,odd,54,2021-03-03,0.00999143591208,liquid_universe-2021-02-22-3228,daily_high_low_midpoint_proxy,13:30:00,37800,312.5,金麗科,09:00:00,0.01,875700464.5,2942630.5,105,stall5,360,174,279,356,sell,2021-03-02,171,375,345,10509,3228,113,338
85,566932.23,31359.25,odd,45,2021-03-04,0.00996249413971,liquid_universe-2021-02-22-3228,daily_high_low_midpoint_proxy,13:30:00,31641.25,337.5,金麗科,09:00:00,0.01,813141524.65,2689604.45,85,stall5,372.25,89,174,357,sell,2021-03-02,143,380,364.5,8532,3228,94,282
5000,190716.23,-376216,board,533,2021-03-04,0.00101854567974,liquid_universe-2021-03-03-4571,daily_high_low_midpoint_proxy,13:30:00,374000,197,鈞興-KY,08:59:00,0.01,67293672.64,508030.9,2000,leader_entry,187,2000,2000,358,buy,2021-03-03,1683,195,179,1963584,4571,0,2216
37,183643.48,-7072.75,odd,20,2021-03-04,0.0099730458221,liquid_universe-2021-03-03-4571,daily_high_low_midpoint_proxy,13:30:00,7020.75,197,鈞興-KY,09:00:00,0.01,67293672.64,508030.9,37,leader_entry,189.75,2037,650,359,buy,2021-03-03,32,197,182.5,3710,4571,0,52
87,215978.48,32335,odd,46,2021-03-05,0.00993037324506,liquid_universe-2021-02-22-3228,daily_high_low_midpoint_proxy,13:30:00,32625,337,金麗科,09:00:00,0.01,752725024.95,2441546.7,87,stall5,375,2,89,360,sell,2021-03-02,147,382,368,8761,3228,97,290
112,216712.48,734,odd,20,2021-03-08,0.000177730383009,liquid_universe-2021-02-22-3228,daily_high_low_midpoint_proxy,13:30:00,760,342,金麗科,09:00:00,0.01,698215208.15,2182044.7,2,stall5,380,0,2,361,sell,2021-03-02,4,400,360,11253,3228,2,26
3000,558137.48,341425,board,491,2021-03-11,0.0057483322651,liquid_universe-2021-03-03-4571,daily_high_low_midpoint_proxy,13:30:00,344500,155,鈞興-KY,08:59:00,0.01,105348285.27,708722.95,2000,stall5,172.25,37,2000,362,sell,2021-03-10,1551,173.5,171,347927,4571,1033,3075
5,558961.48,824,odd,20,2021-03-11,0.00881834215168,liquid_universe-2021-03-03-4571,daily_high_low_midpoint_proxy,13:30:00,850,155,鈞興-KY,09:00:00,0.01,105348285.27,708722.95,5,stall5,170,32,37,363,sell,2021-03-10,4,173,167,567,4571,2,26
24,563235.48,4274,odd,20,2021-03-12,0.00991325898389,liquid_universe-2021-03-03-4571,daily_high_low_midpoint_proxy,13:30:00,4326,156,鈞興-KY,09:00:00,0.01,107177871.96,713166.7,24,stall5,180.25,8,32,364,sell,2021-03-10,20,186.5,174,2421,4571,12,52
48000,164889.48,-398346,board,564,2021-03-12,0.000281233618142,liquid_universe-2021-03-11-3169,daily_high_low_midpoint_proxy,13:30:00,396000,136.5,亞信,08:59:00,0.01,495993089.625,4833595.55,3000,leader_entry,132,3000,3000,365,buy,2021-03-11,1782,136.5,127.5,10667288,3169,0,2346
192,138960.48,-25929,odd,37,2021-03-12,0.00999739651133,liquid_universe-2021-03-11-3169,daily_high_low_midpoint_proxy,13:30:00,25776,136.5,亞信,09:00:00,0.01,495993089.625,4833595.55,192,leader_entry,134.25,3192,688,366,buy,2021-03-11,116,136.5,132,19205,3169,0,153
21,140465.48,1505,odd,20,2021-03-15,0.00376647834275,liquid_universe-2021-03-03-4571,daily_high_low_midpoint_proxy,13:30:00,1536,166.5,鈞興-KY,09:00:00,0.01,113311637.135,742741.85,8,stall5,192,0,8,367,sell,2021-03-10,7,198,186,2124,4571,4,31
3000,481642.48,341177,board,491,2021-04-22,0.00991099922694,liquid_universe-2021-01-08-1593,daily_high_low_midpoint_proxy,13:30:00,344250,104.5,祺驊,08:59:00,0.01,47074588.425,377795.25,3000,time63,114.75,2034,5000,368,sell,2021-04-21,1550,117.5,112,302694,1593,1032,3073
2,481851.48,209,odd,20,2021-04-22,0.00840336134454,liquid_universe-2021-01-08-1593,daily_high_low_midpoint_proxy,13:30:00,231,104.5,祺驊,09:00:00,0.01,47074588.425,377795.25,2,time63,115.5,2032,34,369,sell,2021-04-21,2,117,114,238,1593,0,22
1000,594586.48,112735,board,162,2021-04-23,0.00792637978456,liquid_universe-2021-01-08-1593,daily_high_low_midpoint_proxy,13:30:00,113750,102,祺驊,08:59:00,0.01,47099122.525,379335.7,1000,time63,113.75,1032,2000,370,sell,2021-04-21,512,116,111.5,126161,1593,341,1015
2000,707816.48,113230,board,163,2021-04-26,0.00337433146058,liquid_universe-2021-01-08-1593,daily_high_low_midpoint_proxy,13:30:00,114250,104,祺驊,08:59:00,0.01,46675237.35,376312.05,1000,time63,114.25,32,1000,371,sell,2021-04-21,515,115.5,113,296355,1593,342,1020
13,709270.73,1454.25,odd,20,2021-04-26,0.00996168582375,liquid_universe-2021-01-08-1593,daily_high_low_midpoint_proxy,13:30:00,1485.25,104,祺驊,09:00:00,0.01,46675237.35,376312.05,13,time63,114.25,19,32,372,sell,2021-04-21,7,115.5,113,1305,1593,4,31
5,709812.98,542.25,odd,20,2021-04-27,0.00902527075812,liquid_universe-2021-01-08-1593,daily_high_low_midpoint_proxy,13:30:00,566.25,103.5,祺驊,09:00:00,0.01,46822105.4,378260.6,5,time63,113.25,14,19,373,sell,2021-04-21,3,114.5,112,554,1593,1,24
979000,214443.98,-495369,board,702,2021-04-27,1.74032110844e-05,liquid_universe-2021-04-26-2609,daily_high_low_midpoint_proxy,13:30:00,492450,73,陽明,08:59:00,0.01,5000115125.48,97971881.45,7000,leader_entry,70.35,7000,7000,374,buy,2021-04-26,2217,73,67.7,402224622,2609,0,2919
5292,172792.38,-41651.6,odd,59,2021-04-27,0.00110342325729,liquid_universe-2021-04-26-2609,daily_high_low_midpoint_proxy,13:30:00,41405.6,73,陽明,09:00:00,0.01,5000115125.48,97971881.45,584,leader_entry,70.9,7584,584,375,buy,2021-04-26,187,73,68.8,529262,2609,0,246
9,173765.63,973.25,odd,20,2021-04-28,0.00918367346939,liquid_universe-2021-01-08-1593,daily_high_low_midpoint_proxy,13:30:00,1001.25,102,祺驊,09:00:00,0.01,44878616.75,363790.55,9,time63,111.25,5,14,376,sell,2021-04-21,5,112,110.5,980,1593,3,28
7,174311.63,546,odd,20,2021-04-29,0.00631313131313,liquid_universe-2021-01-08-1593,daily_high_low_midpoint_proxy,13:30:00,570,98.1,祺驊,09:00:00,0.01,43717071.025,357156.5,5,time63,114,0,5,377,sell,2021-04-21,3,118,110,792,1593,1,24
69000,548937.63,374626,board,539,2021-05-06,0.000433994374276,liquid_universe-2021-03-11-3169,daily_high_low_midpoint_proxy,13:30:00,378000,108,亞信,08:59:00,0.01,1424171546.65,8900796.9,3000,loss12,126,192,3000,378,sell,2021-05-05,1701,131,121,6912532,3169,1134,3374
81,558966.63,10029,odd,20,2021-05-06,0.009902200489,liquid_universe-2021-03-11-3169,daily_high_low_midpoint_proxy,13:30:00,10125,108,亞信,09:00:00,0.01,1424171546.65,8900796.9,81,loss12,125,111,192,379,sell,2021-05-05,46,129.5,120.5,8180,3169,30,96
63,567059.88,8093.25,odd,20,2021-05-07,0.00994632143985,liquid_universe-2021-03-11-3169,daily_high_low_midpoint_proxy,13:30:00,8174.25,112,亞信,09:00:00,0.01,1384018919.03,8838510.35,63,loss12,129.75,48,111,380,sell,2021-05-05,37,134.5,125,6334,3169,24,81
247000,62486.88,-504573,board,715,2021-05-07,0.000511676309473,liquid_universe-2021-05-06-2022,daily_high_low_midpoint_proxy,13:30:00,501600,16.9,聚亨,08:59:00,0.01,316719048.171,24756437.7,32000,leader_entry,15.675,32000,32000,381,buy,2021-05-06,2258,16.8,14.55,62539538,2022,0,2973
552,53594.88,-8892,odd,20,2021-05-07,0.00998661215038,liquid_universe-2021-05-06-2022,daily_high_low_midpoint_proxy,13:30:00,8832,16.9,聚亨,09:00:00,0.01,316719048.171,24756437.7,552,leader_entry,16,32552,880,382,buy,2021-05-06,40,16.7,15.3,55274,2022,0,60
73,59624.88,6030,odd,20,2021-05-10,0.00656544932294,liquid_universe-2021-03-11-3169,daily_high_low_midpoint_proxy,13:30:00,6096,118.5,亞信,09:00:00,0.01,1356608905.95,8814238.4,48,loss12,127,0,48,383,sell,2021-05-05,28,131,123,7311,3169,18,66
212000,502833.88,443209,board,637,2021-05-14,0.00150322775883,liquid_universe-2021-05-06-2022,daily_high_low_midpoint_proxy,13:30:00,447200,13.15,聚亨,08:59:00,0.01,480037594.411,32238696.8,32000,loss12,13.975,552,32000,384,sell,2021-05-13,2013,14.8,13.15,21287526,2022,1341,3991
341,507509.26,4675.38,odd,20,2021-05-14,0.00997163493874,liquid_universe-2021-05-06-2022,daily_high_low_midpoint_proxy,13:30:00,4731.38,13.15,聚亨,09:00:00,0.01,480037594.411,32238696.8,341,loss12,13.875,211,552,385,sell,2021-05-13,22,14.6,13.15,34197,2022,14,56
13000,762611.26,255102,board,367,2021-05-18,0.0099240504783,liquid_universe-2021-02-25-6215,daily_high_low_midpoint_proxy,13:30:00,257400,17,和椿,08:59:00,0.01,66519410.975,2821400,13000,loss12,19.8,7026,20000,386,sell,2021-05-17,1159,20.5,19.1,1309949,6215,772,2298
9,762760.14,148.88,odd,20,2021-05-18,0.00949367088608,liquid_universe-2021-02-25-6215,daily_high_low_midpoint_proxy,13:30:00,169.88,17,和椿,09:00:00,0.01,66519410.975,2821400,9,loss12,18.875,7017,26,387,sell,2021-05-17,1,20.7,17.05,948,6215,0,21
254,765295.34,2535.2,odd,20,2021-05-18,0.00830512477368,liquid_universe-2021-05-06-2022,daily_high_low_midpoint_proxy,13:30:00,2574.2,10.7,聚亨,09:00:00,0.01,474940275.842,31411321.35,211,loss12,12.2,0,211,388,sell,2021-05-13,12,13,11.4,25406,2022,7,39
8000,907687.34,142392,board,205,2021-05-19,0.00863077660961,liquid_universe-2021-02-25-6215,daily_high_low_midpoint_proxy,13:30:00,143675,18.3,和椿,08:59:00,0.01,66508831.29,2829502.25,7000,loss12,20.525,17,7000,389,sell,2021-05-17,647,20.95,20.1,811051,6215,431,1283
9,907846.12,158.78,odd,20,2021-05-19,0.00951374207188,liquid_universe-2021-02-25-6215,daily_high_low_midpoint_proxy,13:30:00,179.78,18.3,和椿,09:00:00,0.01,66508831.29,2829502.25,9,loss12,19.975,8,17,390,sell,2021-05-17,1,20.4,19.55,946,6215,0,21
54000,516742.12,-391104,board,554,2021-05-19,0.000833844062822,liquid_universe-2021-05-18-1732,daily_high_low_midpoint_proxy,13:30:00,388800,54.8,毛寶,08:59:00,0.01,203123253.287,5457029.95,8000,leader_entry,48.6,8000,8000,391,buy,2021-05-18,1750,52.3,44.9,9594120,1732,0,2304
280,503052.12,-13690,odd,20,2021-05-19,0.00997897287858,liquid_universe-2021-05-18-1732,daily_high_low_midpoint_proxy,13:30:00,13608,54.8,毛寶,09:00:00,0.01,203123253.287,5457029.95,280,leader_entry,48.6,8280,845,392,buy,2021-05-18,62,52.3,44.9,28059,1732,0,82
40000,44350.12,-458702,board,650,2021-05-20,0.000209616217336,liquid_universe-2021-05-19-1760,daily_high_low_midpoint_proxy,13:30:00,456000,121,寶齡富錦,08:59:00,0.01,405608719.13,4072758.6,4000,leader_entry,114,4000,4000,393,buy,2021-05-19,2052,118,110,19082493,1760,0,2702
277,29112.12,-15238,odd,22,2021-05-20,0.00474905558554,liquid_universe-2021-05-19-1760,daily_high_low_midpoint_proxy,13:30:00,15147,121,寶齡富錦,09:00:00,0.01,405608719.13,4072758.6,132,leader_entry,114.75,4132,132,394,buy,2021-05-19,69,117.5,112,27795,1760,0,91
1,29111.1,-1.02,odd,20,2021-05-21,0.00578034682081,liquid_universe-2021-02-25-6215,daily_high_low_midpoint_proxy,13:30:00,19.98,18,和椿,09:00:00,0.01,48994534.075,2119279.85,1,loss12,19.975,7,8,395,sell,2021-05-17,1,21.9,18.05,173,6215,0,21
2,29130.35,19.25,odd,20,2021-05-24,0.00749063670412,liquid_universe-2021-02-25-6215,daily_high_low_midpoint_proxy,13:30:00,40.25,18.8,和椿,09:00:00,0.01,47591088.7525,2061915.6,2,loss12,20.125,5,7,396,sell,2021-05-17,1,21.4,18.85,267,6215,0,21
34000,353607.35,324477,board,467,2021-05-24,0.00234839427074,liquid_universe-2021-05-18-1732,daily_high_low_midpoint_proxy,13:30:00,327400,37.7,毛寶,08:59:00,0.01,237712868.153,6028279.35,8000,loss12,40.925,280,8000,397,sell,2021-05-21,1474,43.7,38.15,3406583,1732,982,2923
102,357798.55,4191.2,odd,20,2021-05-24,0.00991928425557,liquid_universe-2021-05-18-1732,daily_high_low_midpoint_proxy,13:30:00,4243.2,37.7,毛寶,09:00:00,0.01,237712868.153,6028279.35,102,loss12,41.6,178,280,398,sell,2021-05-21,20,43.5,39.7,10283,1732,12,52
134,362851.65,5053.1,odd,20,2021-05-25,0.00994286562291,liquid_universe-2021-05-18-1732,daily_high_low_midpoint_proxy,13:30:00,5112.1,35.75,毛寶,09:00:00,0.01,243167439.768,6149082.15,134,loss12,38.15,44,178,399,sell,2021-05-21,24,39.7,36.6,13477,1732,15,59
674000,113382.65,-249469,board,353,2021-05-25,1.19437562071e-05,liquid_universe-2021-05-24-2615,daily_high_low_midpoint_proxy,13:30:00,248000,137.5,萬海,08:59:00,0.01,6537043960.12,67431133.4,2000,leader_entry,124,2000,2000,400,buy,2021-05-24,1116,135.5,112.5,167451509,2615,0,1469
1761,41171.65,-72211,odd,102,2021-05-25,0.0033258983047,liquid_universe-2021-05-24-2615,daily_high_low_midpoint_proxy,13:30:00,71785,137.5,萬海,09:00:00,0.01,6537043960.12,67431133.4,586,leader_entry,122.5,2586,586,401,buy,2021-05-24,324,131.5,113.5,176193,2615,0,426
1,41171.75,0.1,odd,20,2021-05-26,0.00847457627119,liquid_universe-2021-02-25-6215,daily_high_low_midpoint_proxy,13:30:00,21.1,19.5,和椿,09:00:00,0.01,47088255.125,2047613.65,1,loss12,21.1,4,5,402,sell,2021-05-17,1,21.55,20.65,118,6215,0,21
127,42864.65,1692.9,odd,20,2021-05-26,0.00345504515116,liquid_universe-2021-05-18-1732,daily_high_low_midpoint_proxy,13:30:00,1725.9,33.65,毛寶,09:00:00,0.01,246056975.17,6189398.45,44,loss12,39.225,0,44,403,sell,2021-05-21,8,40.95,37.5,12735,1732,5,33
7,42931.75,67.1,odd,20,2021-05-27,0.00500625782228,liquid_universe-2021-02-25-6215,daily_high_low_midpoint_proxy,13:30:00,88.1,20.25,和椿,09:00:00,0.01,47379606.54,2062110.65,4,loss12,22.025,0,4,404,sell,2021-05-17,1,22.1,21.95,799,6215,0,21
30000,478012.75,435081,board,626,2021-05-27,0.00130216938164,liquid_universe-2021-05-19-1760,daily_high_low_midpoint_proxy,13:30:00,439000,97.7,寶齡富錦,08:59:00,0.01,598312228.465,5766724.3,4000,stall5,109.75,132,4000,405,sell,2021-05-26,1976,113,106.5,3071797,1760,1317,3919
154,492435.75,14423,odd,21,2021-05-27,0.0085475620022,liquid_universe-2021-05-19-1760,daily_high_low_midpoint_proxy,13:30:00,14553,97.7,寶齡富錦,09:00:00,0.01,598312228.465,5766724.3,132,stall5,110.25,0,132,406,sell,2021-05-26,66,112.5,108,15443,1760,43,130
75000,31922.75,-460513,board,652,2021-05-28,0.000469649415322,liquid_universe-2021-05-27-2642,daily_high_low_midpoint_proxy,13:30:00,457800,77.8,宅配通,08:59:00,0.01,400058141.48,7515969.9,6000,leader_entry,76.3,6000,6000,407,buy,2021-05-27,2061,77.8,74.8,12775487,2642,0,2713
3341000,921660.75,889738,board,1279,2021-07-27,2.09514386507e-05,liquid_universe-2021-04-26-2609,daily_high_low_midpoint_proxy,13:30:00,897750,122.5,陽明,08:59:00,0.01,74503119245.6,411204555.1,7000,time63,128.25,584,7000,408,sell,2021-07-26,4040,134,122.5,334105935,2609,2693,8012
13610,994732.75,73072,odd,105,2021-07-27,0.000429066303234,liquid_universe-2021-04-26-2609,daily_high_low_midpoint_proxy,13:30:00,73730,122.5,陽明,09:00:00,0.01,74503119245.6,411204555.1,584,time63,126.25,0,584,409,sell,2021-07-26,332,130,122.5,1361095,2609,221,658
8000,388159.75,-606573,board,859,2021-07-28,0.00128528922221,liquid_universe-2021-07-27-6568,daily_high_low_midpoint_proxy,13:30:00,603000,228,宏觀,08:59:00,0.01,142642742.775,820026.8,3000,leader_entry,201,3000,3000,410,buy,2021-07-27,2714,214,188,2334105,6568,0,3573
39,385323.25,-2836.5,odd,20,2021-07-28,0.0035833120041,liquid_universe-2021-07-27-6568,daily_high_low_midpoint_proxy,13:30:00,2803.5,228,宏觀,09:00:00,0.01,142642742.775,820026.8,14,leader_entry,200.25,3014,14,411,buy,2021-07-27,13,210,190.5,3907,6568,0,33
1302000,861039.25,475716,board,684,2021-08-23,1.53573125637e-05,liquid_universe-2021-05-24-2615,daily_high_low_midpoint_proxy,13:30:00,480000,203,萬海,08:59:00,0.01,29385724380,131169200,2000,time63,240,586,2000,412,sell,2021-08-20,2160,248,232,130231119,2615,1440,4284
4321,1002601.75,141562.5,odd,204,2021-08-23,0.00135597926694,liquid_universe-2021-05-24-2615,daily_high_low_midpoint_proxy,13:30:00,142837.5,203,萬海,09:00:00,0.01,29385724380,131169200,586,time63,243.75,0,586,413,sell,2021-08-20,643,248,239.5,432160,2615,428,1275
15000,1495265.75,492664,board,708,2021-08-26,0.00386947736904,liquid_universe-2021-05-27-2642,daily_high_low_midpoint_proxy,13:30:00,497100,74,宅配通,08:59:00,0.01,167132997.9,1979126.2,6000,time63,82.85,0,6000,414,sell,2021-08-25,2237,84.9,80.8,1550597,2642,1491,4436
7000,858514.75,-636751,board,902,2021-08-26,0.00136159922552,liquid_universe-2021-08-25-6469,daily_high_low_midpoint_proxy,13:30:00,633000,331.5,大樹,08:59:00,0.01,181762020.9,715022.95,2000,leader_entry,316.5,2000,2000,415,buy,2021-08-25,2849,328.5,304.5,1468861,6469,0,3751
269,772804,-85710.75,odd,121,2021-08-26,0.00998848910178,liquid_universe-2021-08-25-6469,daily_high_low_midpoint_proxy,13:30:00,85205.75,331.5,大樹,09:00:00,0.01,181762020.9,715022.95,269,leader_entry,316.75,2269,358,416,buy,2021-08-25,384,327,306.5,26931,6469,0,505
52000,89278,-683526,board,968,2021-08-27,0.00035912058551,liquid_universe-2021-08-26-3504,daily_high_low_midpoint_proxy,13:30:00,679500,128,揚明光,08:59:00,0.01,520656739.09,5274195.6,6000,leader_entry,113.25,6000,6000,417,buy,2021-08-26,3058,119,107.5,16707480,3504,0,4026
99,89143.25,-134.75,odd,20,2021-08-27,0.000100150225338,liquid_universe-2021-08-26-3504,daily_high_low_midpoint_proxy,13:30:00,113.75,128,揚明光,09:00:00,0.01,520656739.09,5274195.6,1,leader_entry,113.75,6001,1,418,buy,2021-08-26,1,119.5,108,9985,3504,0,21
64000,761092.25,671949,board,966,2021-09-03,0.000931679333365,liquid_universe-2021-08-26-3504,daily_high_low_midpoint_proxy,13:30:00,678000,104.5,揚明光,08:59:00,0.01,946754577.345,8832825.4,6000,stall5,113,1,6000,419,sell,2021-09-02,3051,117,109,6439984,3504,2034,6051
53,761183.75,91.5,odd,20,2021-09-03,0.000188111361926,liquid_universe-2021-08-26-3504,daily_high_low_midpoint_proxy,13:30:00,112.5,104.5,揚明光,09:00:00,0.01,946754577.345,8832825.4,1,stall5,112.5,0,1,420,sell,2021-09-02,1,115,110,5316,3504,0,21
96000,18810.75,-742373,board,1052,2021-09-06,0.0013259400683,liquid_universe-2021-09-03-1727,daily_high_low_midpoint_proxy,13:30:00,738000,25.2,中華化,08:59:00,0.01,189330703.238,9655953.8,30000,leader_entry,24.6,30000,30000,421,buy,2021-09-03,3321,25.2,24,22625457,1727,0,4373
1418,18130.3,-680.45,odd,20,2021-09-06,0.000190333859689,liquid_universe-2021-09-03-1727,daily_high_low_midpoint_proxy,13:30:00,657.45,25.2,中華化,09:00:00,0.01,189330703.238,9655953.8,27,leader_entry,24.35,30027,27,422,buy,2021-09-03,3,25.2,23.5,141856,1727,0,23
5000,449743.3,431613,board,621,2021-09-17,0.00342661140685,liquid_universe-2021-08-25-6469,daily_high_low_midpoint_proxy,13:30:00,435500,196,大樹,08:59:00,0.01,259163561.975,958870.75,2000,loss12,217.75,269,2000,423,sell,2021-09-16,1960,223,212.5,583667,6469,1306,3887
182,488748.8,39005.5,odd,56,2021-09-17,0.00996059544658,liquid_universe-2021-08-25-6469,daily_high_low_midpoint_proxy,13:30:00,39357.5,196,大樹,09:00:00,0.01,259163561.975,958870.75,182,loss12,216.25,87,269,424,sell,2021-09-16,178,218.5,214,18272,6469,118,352
297,506682.8,17934,odd,26,2021-09-22,0.0029230924302,liquid_universe-2021-08-25-6469,daily_high_low_midpoint_proxy,13:30:00,18096,194.5,大樹,09:00:00,0.01,255098007.375,945557.55,87,loss12,208,0,87,425,sell,2021-09-16,82,213,203,29763,6469,54,162
16000,95421.71,-426512,board,604,2021-09-23,0.000720181013177,liquid_universe-2021-09-22-5321,daily_high_low_midpoint_proxy,13:30:00,424000,93.3,美而快,08:59:00,0.01,102068730.645,1608812.7,5000,leader_entry,84.8,5000,5000,426,buy,2021-09-22,1908,88.6,81,6942699,5321,0,2512
42,91827.31,-3594.4,odd,20,2021-09-23,0.00992438563327,liquid_universe-2021-09-22-5321,daily_high_low_midpoint_proxy,13:30:00,3557.4,93.3,美而快,09:00:00,0.01,102068730.645,1608812.7,42,leader_entry,84.7,5042,398,427,buy,2021-09-22,17,87.6,81.8,4232,5321,0,37
276,146534.31,54707,odd,79,2021-10-08,0.00996893736907,liquid_universe-2021-08-25-6469,daily_high_low_midpoint_proxy,13:30:00,55200,180,大樹,09:00:00,0.01,166448354.2,755097.9,276,loss12,200,398,674,428,sell,2021-09-16,249,204,196,27686,6469,165,493
186,183770.31,37236,odd,54,2021-10-12,0.00995770651534,liquid_universe-2021-08-25-6469,daily_high_low_midpoint_proxy,13:30:00,37572,180,大樹,09:00:00,0.01,154824456.6,712414.3,186,loss12,202,212,398,429,sell,2021-09-16,170,205,199,18679,6469,112,336
169,217310.56,33540.25,odd,48,2021-10-13,0.00998169039041,liquid_universe-2021-08-25-6469,daily_high_low_midpoint_proxy,13:30:00,33842.25,182,大樹,09:00:00,0.01,152247773.7,707161.25,169,loss12,200.25,43,212,430,sell,2021-09-16,153,202,198.5,16931,6469,101,302
87,225869.56,8559,odd,20,2021-10-14,0.00489916828073,liquid_universe-2021-08-25-6469,daily_high_low_midpoint_proxy,13:30:00,8643,180.5,大樹,09:00:00,0.01,148951005.475,697596.9,43,loss12,201,0,43,431,sell,2021-09-16,39,202,200,8777,6469,25,84
24000,1317042.56,1091173,board,1569,2021-10-28,0.000706254258125,liquid_universe-2021-07-27-6568,daily_high_low_midpoint_proxy,13:30:00,1101000,342,宏觀,08:59:00,0.01,771519948.6,2471537.95,3000,time63,367,624,3000,432,sell,2021-10-27,4955,392,342,4247762,6568,3303,9827
201,1389503.31,72460.75,odd,104,2021-10-28,0.00996331912362,liquid_universe-2021-07-27-6568,daily_high_low_midpoint_proxy,13:30:00,73113.75,342,宏觀,09:00:00,0.01,771519948.6,2471537.95,201,time63,363.75,423,624,433,sell,2021-10-27,330,385.5,342,20174,6568,219,653
103,1424082.56,34579.25,odd,50,2021-10-29,0.00995650072499,liquid_universe-2021-07-27-6568,daily_high_low_midpoint_proxy,13:30:00,34891.25,309,宏觀,09:00:00,0.01,816878421.55,2595389.35,103,time63,338.75,320,423,434,sell,2021-10-27,158,344.5,333,10345,6568,104,312
110000,446020.56,-978062,board,1386,2021-10-29,0.000919253676325,liquid_universe-2021-10-28-6477,daily_high_low_midpoint_proxy,13:30:00,972300,53.2,安集,08:59:00,0.01,452890184.302,11032042.3,21000,leader_entry,46.3,21000,21000,435,buy,2021-10-28,4376,48.45,44.15,22844619,6477,0,5762
134,444830.81,-1189.75,odd,20,2021-10-29,0.00185928900788,liquid_universe-2021-10-28-6477,daily_high_low_midpoint_proxy,13:30:00,1163.75,53.2,安集,09:00:00,0.01,452890184.302,11032042.3,25,leader_entry,46.55,21025,25,436,buy,2021-10-28,6,48,45.1,13446,6477,0,26
65,467184.81,22354,odd,32,2021-11-01,0.00993276283619,liquid_universe-2021-07-27-6568,daily_high_low_midpoint_proxy,13:30:00,22555,305.5,宏觀,09:00:00,0.01,825369213.775,2621212.75,65,time63,347,255,320,437,sell,2021-10-27,102,352,342,6544,6568,67,201
84,495573.81,28389,odd,41,2021-11-02,0.0099573257468,liquid_universe-2021-07-27-6568,daily_high_low_midpoint_proxy,13:30:00,28644,311.5,宏觀,09:00:00,0.01,828868058.025,2623709.45,84,time63,341,171,255,438,sell,2021-10-27,129,350,332,8436,6568,85,255
43,510115.56,14541.75,odd,21,2021-11-03,0.00984432234432,liquid_universe-2021-07-27-6568,daily_high_low_midpoint_proxy,13:30:00,14673.75,309,宏觀,09:00:00,0.01,822029067.475,2590981.1,43,time63,341.25,128,171,439,sell,2021-10-27,67,345,337.5,4368,6568,44,132
37,522893.06,12777.5,odd,20,2021-11-04,0.00987983978638,liquid_universe-2021-07-27-6568,daily_high_low_midpoint_proxy,13:30:00,12894.5,301.5,宏觀,09:00:00,0.01,782885969.825,2445947.1,37,time63,348.5,91,128,440,sell,2021-10-27,59,356.5,340.5,3745,6568,38,117
71,547591.06,24698,odd,36,2021-11-05,0.00994537050007,liquid_universe-2021-07-27-6568,daily_high_low_midpoint_proxy,13:30:00,24921,311.5,宏觀,09:00:00,0.01,766055342.575,2372758.75,71,time63,351,20,91,441,sell,2021-10-27,113,357,345,7139,6568,74,223
36,554593.06,7002,odd,20,2021-11-08,0.00541271989175,liquid_universe-2021-07-27-6568,daily_high_low_midpoint_proxy,13:30:00,7075,322,宏觀,09:00:00,0.01,760993185.45,2339259.65,20,time63,353.75,0,20,442,sell,2021-10-27,32,360,347.5,3695,6568,21,73
54000,2100670.06,1546077,board,2223,2021-12-07,0.00552967259177,liquid_universe-2021-09-03-1727,daily_high_low_midpoint_proxy,13:30:00,1560000,46.9,中華化,08:59:00,0.01,1493584108.47,27494325.55,30000,time63,52,27,30000,443,sell,2021-12-06,7020,53,51,5425276,1727,4680,13923
102,2102033.61,1363.55,odd,20,2021-12-07,0.00263774912075,liquid_universe-2021-09-03-1727,daily_high_low_midpoint_proxy,13:30:00,1394.55,46.9,中華化,09:00:00,0.01,1493584108.47,27494325.55,27,time63,51.65,0,27,444,sell,2021-12-06,7,52.3,51,10236,1727,4,31
19000,1196700.61,-905333,board,1283,2021-12-08,0.00157320186959,liquid_universe-2021-12-07-6446,daily_high_low_midpoint_proxy,13:30:00,900000,319,藥華藥,08:59:00,0.01,426457794.3,2034963.7,3000,leader_entry,300,3000,3000,445,buy,2021-12-07,4050,306,294,1906939,6446,0,5333
279,1111101.61,-85599,odd,121,2021-12-08,0.00999391052047,liquid_universe-2021-12-07-6446,daily_high_low_midpoint_proxy,13:30:00,85095,319,藥華藥,09:00:00,0.01,426457794.3,2034963.7,279,leader_entry,305,3279,643,446,buy,2021-12-07,383,310,300,27917,6446,0,504
8000,1666103.61,555002,board,798,2021-12-22,0.00616468841815,liquid_universe-2021-09-22-5321,daily_high_low_midpoint_proxy,13:30:00,560000,100.5,美而快,08:59:00,0.01,96945816.61,903615.45,5000,time63,112,42,5000,447,sell,2021-12-21,2520,115,109,811071,5321,1680,4998
50,1670741.11,4637.5,odd,20,2021-12-22,0.00829875518672,liquid_universe-2021-09-22-5321,daily_high_low_midpoint_proxy,13:30:00,4693.5,100.5,美而快,09:00:00,0.01,96945816.61,903615.45,42,time63,111.75,0,42,448,sell,2021-12-21,22,114,109.5,5061,5321,14,56
25000,609490.11,-1061251,board,1503,2021-12-23,0.000852137159997,liquid_universe-2021-12-22-6111,daily_high_low_midpoint_proxy,13:30:00,1055000,116.5,光聚晶電,08:59:00,0.01,232034614.05,2512158.25,10000,leader_entry,105.5,10000,10000,449,buy,2021-12-22,4748,111,100,11735200,6111,0,6251
311,577501.36,-31988.75,odd,45,2021-12-23,0.00999260996691,liquid_universe-2021-12-22-6111,daily_high_low_midpoint_proxy,13:30:00,31799.75,116.5,光聚晶電,09:00:00,0.01,232034614.05,2512158.25,311,leader_entry,102.25,10311,507,450,buy,2021-12-22,144,104,100.5,31123,6111,0,189
19000,1585920.36,1008419,board,1450,2021-12-30,0.00509831852357,liquid_universe-2021-12-22-6111,daily_high_low_midpoint_proxy,13:30:00,1017500,89.1,光聚晶電,08:59:00,0.01,348045520.555,3668959.8,10000,stall5,101.75,311,10000,451,sell,2021-12-29,4579,104,99.5,1961431,6111,3052,9081
175,1603524.86,17604.5,odd,25,2021-12-30,0.00995619275189,liquid_universe-2021-12-22-6111,daily_high_low_midpoint_proxy,13:30:00,17762.5,89.1,光聚晶電,09:00:00,0.01,348045520.555,3668959.8,175,stall5,101.5,136,311,452,sell,2021-12-29,80,104,99,17577,6111,53,158
79,1611286.61,7761.75,odd,20,2022-01-03,0.00993585712489,liquid_universe-2021-12-22-6111,daily_high_low_midpoint_proxy,13:30:00,7840.75,90.9,光聚晶電,09:00:00,0.01,357184094.405,3755415.4,79,stall5,99.25,57,136,453,sell,2021-12-29,36,101.5,97,7951,6111,23,79
228000,516085.61,-1095201,board,1551,2022-01-03,0.000348904278192,liquid_universe-2021-12-30-3624,daily_high_low_midpoint_proxy,13:30:00,1088750,90.2,光頡,08:59:00,0.01,1514005152.69,22860454.85,13000,leader_entry,83.75,13000,13000,454,buy,2021-12-30,4900,85.5,82,37259503,3624,0,6451
234,496371.11,-19714.5,odd,28,2022-01-03,0.00995914198161,liquid_universe-2021-12-30-3624,daily_high_low_midpoint_proxy,13:30:00,19597.5,90.2,光頡,09:00:00,0.01,1514005152.69,22860454.85,234,leader_entry,83.75,13234,243,455,buy,2021-12-30,89,85.3,82.2,23496,3624,0,117
64,501940.71,5569.6,odd,20,2022-01-04,0.00886883460401,liquid_universe-2021-12-22-6111,daily_high_low_midpoint_proxy,13:30:00,5631.6,89.1,光聚晶電,09:00:00,0.01,361887408.83,3796221.2,57,stall5,98.8,0,57,456,sell,2021-12-29,26,99.6,98,6427,6111,16,62
14000,1246733.71,744793,board,1071,2022-01-07,0.00208513900579,liquid_universe-2021-12-07-6446,daily_high_low_midpoint_proxy,13:30:00,751500,236,藥華藥,08:59:00,0.01,773724835.725,2448664.45,3000,loss12,250.5,279,3000,457,sell,2022-01-06,3382,259,242,1438753,6446,2254,6707
246,1308477.21,61743.5,odd,89,2022-01-07,0.0099882252629,liquid_universe-2021-12-07-6446,daily_high_low_midpoint_proxy,13:30:00,62299.5,236,藥華藥,09:00:00,0.01,773724835.725,2448664.45,246,loss12,253.25,33,279,458,sell,2022-01-06,281,258.5,248,24629,6446,186,556
144,1316792.71,8315.5,odd,20,2022-01-10,0.0022805805114,liquid_universe-2021-12-07-6446,daily_high_low_midpoint_proxy,13:30:00,8398.5,222.5,藥華藥,09:00:00,0.01,760346154.775,2425495.9,33,loss12,254.5,0,33,459,sell,2022-01-06,38,261,248,14470,6446,25,83
266000,2400979.71,1084187,board,1559,2022-01-10,0.000404144608661,liquid_universe-2021-12-30-3624,daily_high_low_midpoint_proxy,13:30:00,1093950,71.9,光頡,08:59:00,0.01,1954631074.64,26650919.9,13000,stall5,84.15,234,13000,460,sell,2022-01-07,4923,87.7,80.6,32166704,3624,3281,9763
305,2420657.61,19677.9,odd,28,2022-01-10,0.00766057748969,liquid_universe-2021-12-30-3624,daily_high_low_midpoint_proxy,13:30:00,19854.9,71.9,光頡,09:00:00,0.01,1954631074.64,26650919.9,234,stall5,84.85,0,234,461,sell,2022-01-07,90,87.7,82,30546,3624,59,177
89000,1355885.61,-1064772,board,1508,2022-01-10,0.00123342620749,liquid_universe-2022-01-07-6266,daily_high_low_midpoint_proxy,13:30:00,1058500,38.5,泰詠,08:59:00,0.01,254585028.218,8949701.15,29000,leader_entry,36.5,29000,29000,462,buy,2022-01-07,4764,38.5,34.5,23511743,6266,0,6272
451,1349448.58,-6437.03,odd,20,2022-01-10,0.00382938220776,liquid_universe-2022-01-07-6266,daily_high_low_midpoint_proxy,13:30:00,6388.03,38.5,泰詠,09:00:00,0.01,254585028.218,8949701.15,173,leader_entry,36.925,29173,173,463,buy,2022-01-07,29,38.5,35.35,45177,6266,0,49
104000,361881.58,-987567,board,1399,2022-01-11,0.00114685456295,liquid_universe-2022-01-10-1732,daily_high_low_midpoint_proxy,13:30:00,981750,54.9,毛寶,08:59:00,0.01,419193283.538,10477665.1,21000,leader_entry,46.75,21000,21000,464,buy,2022-01-10,4418,48.5,45,18310953,1732,0,5817
237,350624.18,-11257.4,odd,20,2022-01-11,0.00996635828427,liquid_universe-2022-01-10-1732,daily_high_low_midpoint_proxy,13:30:00,11186.4,54.9,毛寶,09:00:00,0.01,419193283.538,10477665.1,237,leader_entry,47.2,21237,371,465,buy,2022-01-10,51,49.4,45,23780,1732,0,71
143000,1290461.18,939837,board,1351,2022-01-13,0.00120867770576,liquid_universe-2022-01-07-6266,daily_high_low_midpoint_proxy,13:30:00,948300,28.65,泰詠,08:59:00,0.01,440983266.423,14301323,29000,loss12,32.7,173,29000,466,sell,2022-01-12,4268,33.8,31.6,23993162,6266,2844,8463
254,1296094.21,5633.03,odd,20,2022-01-13,0.00680727158259,liquid_universe-2022-01-07-6266,daily_high_low_midpoint_proxy,13:30:00,5696.03,28.65,泰詠,09:00:00,0.01,440983266.423,14301323,173,loss12,32.925,0,173,467,sell,2022-01-12,26,33.75,32.1,25414,6266,17,63
57000,320849.21,-975245,board,1382,2022-01-14,0.000186839486216,liquid_universe-2022-01-13-2642,daily_high_low_midpoint_proxy,13:30:00,969500,106,宅配通,08:59:00,0.01,513274474.54,5762483.8,10000,leader_entry,96.95,10000,10000,468,buy,2022-01-13,4363,101,92.9,53521877,2642,0,5745
491,272692.71,-48156.5,odd,68,2022-01-14,0.00999308014817,liquid_universe-2022-01-13-2642,daily_high_low_midpoint_proxy,13:30:00,47872.5,106,宅配通,09:00:00,0.01,513274474.54,5762483.8,491,leader_entry,97.5,10491,794,469,buy,2022-01-13,216,100,95,49134,2642,0,284
117000,1134432.71,861740,board,1239,2022-01-21,0.000612231978615,liquid_universe-2022-01-13-2642,daily_high_low_midpoint_proxy,13:30:00,869500,76.5,宅配通,08:59:00,0.01,1071627289.44,11737418.15,10000,stall5,86.95,491,10000,470,sell,2022-01-20,3913,90.5,83.4,16333678,2642,2608,7760
143,1146831.21,12398.5,odd,20,2022-01-21,0.00999790253793,liquid_universe-2022-01-13-2642,daily_high_low_midpoint_proxy,13:30:00,12512.5,76.5,宅配通,09:00:00,0.01,1071627289.44,11737418.15,143,stall5,87.5,348,491,471,sell,2022-01-20,57,88.2,86.8,14303,2642,37,114
220,1166923.21,20092,odd,29,2022-01-24,0.00997641937239,liquid_universe-2022-01-13-2642,daily_high_low_midpoint_proxy,13:30:00,20273,79.5,宅配通,09:00:00,0.01,1142791888.21,12541054.05,220,stall5,92.15,128,348,472,sell,2022-01-20,92,93.3,91,22052,2642,60,181
108000,186146.21,-980777,board,1389,2022-01-24,0.00030190391781,liquid_universe-2022-01-21-3017,daily_high_low_midpoint_proxy,13:30:00,975000,109,奇鋐,08:59:00,0.01,1020758859.73,10877467.95,10000,leader_entry,97.5,10000,10000,473,buy,2022-01-21,4388,101,94,33123121,3017,0,5777
316,183696.46,-2449.75,odd,20,2022-01-24,0.000789465374049,liquid_universe-2022-01-21-3017,daily_high_low_midpoint_proxy,13:30:00,2418.75,109,奇鋐,09:00:00,0.01,1020758859.73,10877467.95,25,leader_entry,96.75,10025,25,474,buy,2022-01-21,11,98.9,94.6,31667,3017,0,31
196,194937.66,11241.2,odd,20,2022-01-25,0.00652828071607,liquid_universe-2022-01-13-2642,daily_high_low_midpoint_proxy,13:30:00,11347.2,83.7,宅配通,09:00:00,0.01,1251485707.8,13706858.4,128,stall5,88.65,0,128,475,sell,2022-01-20,52,90.3,87,19607,2642,34,106
54000,1168445.66,973508,board,1400,2022-02-07,0.00383653370276,liquid_universe-2021-10-28-6477,daily_high_low_midpoint_proxy,13:30:00,982275,42.75,安集,08:59:00,0.01,609722619.237,11475737.05,21000,time63,46.775,25,21000,476,sell,2022-01-26,4421,48.5,45.05,5473691,6477,2946,8767
43,1169601.04,1155.38,odd,20,2022-02-07,0.0057260650481,liquid_universe-2021-10-28-6477,daily_high_low_midpoint_proxy,13:30:00,1184.38,42.75,安集,09:00:00,0.01,609722619.237,11475737.05,25,time63,47.375,0,25,477,sell,2022-01-26,6,48.55,46.2,4366,6477,3,29
72000,1973486.04,803885,board,1156,2022-02-08,0.00290539092519,liquid_universe-2022-01-10-1732,daily_high_low_midpoint_proxy,13:30:00,811125,35.35,毛寶,08:59:00,0.01,1247740323.65,27114817.35,21000,loss12,38.625,237,21000,478,sell,2022-02-07,3651,39.95,37.3,7227943,1732,2433,7240
118,1978042.89,4556.85,odd,20,2022-02-08,0.00999915261419,liquid_universe-2022-01-10-1732,daily_high_low_midpoint_proxy,13:30:00,4610.85,35.35,毛寶,09:00:00,0.01,1247740323.65,27114817.35,118,loss12,39.075,119,237,479,sell,2022-02-07,21,40,38.15,11801,1732,13,54
53000,1080253.89,-897789,board,1272,2022-02-08,0.00559848243803,liquid_universe-2022-02-07-1529,daily_high_low_midpoint_proxy,13:30:00,892500,32.05,樂事綠能,08:59:00,0.01,250237230.765,10131767.55,30000,leader_entry,29.75,30000,30000,480,buy,2022-02-07,4017,31,28.5,5358595,1529,0,5289
152,1075766.89,-4487,odd,20,2022-02-08,0.00999868438363,liquid_universe-2022-02-07-1529,daily_high_low_midpoint_proxy,13:30:00,4446,32.05,樂事綠能,09:00:00,0.01,250237230.765,10131767.55,152,leader_entry,29.25,30152,599,481,buy,2022-02-07,21,30.1,28.4,15202,1529,0,41
39,1077254.94,1488.05,odd,20,2022-02-09,0.00997442455243,liquid_universe-2022-01-10-1732,daily_high_low_midpoint_proxy,13:30:00,1519.05,35.35,毛寶,09:00:00,0.01,1252150800.83,27192076.1,39,loss12,38.95,80,119,482,sell,2022-02-07,7,39.35,38.55,3910,1732,4,31
40000,137669.94,-939585,board,1331,2022-02-09,0.00195844820699,liquid_universe-2022-02-08-8440,daily_high_low_midpoint_proxy,13:30:00,934050,36.75,綠電,08:59:00,0.01,118336496.682,4025035.35,26000,leader_entry,35.925,26000,26000,483,buy,2022-02-08,4204,36.75,35.1,13275817,8440,0,5535
77,134859.16,-2810.78,odd,20,2022-02-09,0.00999221385933,liquid_universe-2022-02-08-8440,daily_high_low_midpoint_proxy,13:30:00,2777.78,36.75,綠電,09:00:00,0.01,118336496.682,4025035.35,77,leader_entry,36.075,26077,895,484,buy,2022-02-08,13,36.75,35.4,7706,8440,0,33
63,137330.71,2471.55,odd,20,2022-02-10,0.00986842105263,liquid_universe-2022-01-10-1732,daily_high_low_midpoint_proxy,13:30:00,2510.55,35.25,毛寶,09:00:00,0.01,1246955617.7,27026428.2,63,loss12,39.85,17,80,485,sell,2022-02-07,12,40.5,39.2,6384,1732,7,39
88,138010.21,679.5,odd,20,2022-02-11,0.0019305019305,liquid_universe-2022-01-10-1732,daily_high_low_midpoint_proxy,13:30:00,705.5,35.75,毛寶,09:00:00,0.01,1224904860.1,26465625.3,17,loss12,41.5,0,17,486,sell,2022-02-07,4,41.9,41.1,8806,1732,2,26
79000,898413.21,760403,board,1093,2022-03-02,0.00375462381923,liquid_universe-2022-02-07-1529,daily_high_low_midpoint_proxy,13:30:00,767250,23.15,樂事綠能,08:59:00,0.01,308466400.688,11179718,30000,loss12,25.575,152,30000,487,sell,2022-03-01,3453,26.3,24.85,7990148,1529,2301,6847
64,900008.41,1595.2,odd,20,2022-03-02,0.00989945862336,liquid_universe-2022-02-07-1529,daily_high_low_midpoint_proxy,13:30:00,1627.2,23.15,樂事綠能,09:00:00,0.01,308466400.688,11179718,64,loss12,25.425,88,152,488,sell,2022-03-01,8,25.9,24.95,6465,1529,4,32
121,902255.01,2246.6,odd,20,2022-03-03,0.00722851979629,liquid_universe-2022-02-07-1529,daily_high_low_midpoint_proxy,13:30:00,2283.6,23.05,樂事綠能,09:00:00,0.01,304196606.785,10930581.85,88,loss12,25.95,0,88,489,sell,2022-03-01,11,27.1,24.8,12174,1529,6,37
109000,62911.01,-839344,board,1189,2022-03-03,0.00154727004267,liquid_universe-2022-03-02-2906,daily_high_low_midpoint_proxy,13:30:00,834400,27.5,高林,08:59:00,0.01,233385665.59,10925649.4,32000,leader_entry,26.075,32000,32000,490,buy,2022-03-02,3755,27.5,24.65,20681587,2906,0,4944
135,59334.63,-3576.38,odd,20,2022-03-03,0.00993304392613,liquid_universe-2022-03-02-2906,daily_high_low_midpoint_proxy,13:30:00,3540.38,27.5,高林,09:00:00,0.01,233385665.59,10925649.4,135,leader_entry,26.225,32135,534,491,buy,2022-03-02,16,27.5,24.95,13591,2906,0,36
180000,767358.63,708024,board,1018,2022-03-10,0.00148294561566,liquid_universe-2022-03-02-2906,daily_high_low_midpoint_proxy,13:30:00,714400,18.9,高林,08:59:00,0.01,410890942.535,18054746.15,32000,loss12,22.325,135,32000,492,sell,2022-03-09,3215,23.1,21.55,21578674,2906,2143,6376
91,769372.41,2013.78,odd,20,2022-03-10,0.00997588248191,liquid_universe-2022-03-02-2906,daily_high_low_midpoint_proxy,13:30:00,2049.78,18.9,高林,09:00:00,0.01,410890942.535,18054746.15,91,loss12,22.525,44,135,493,sell,2022-03-09,10,23.1,21.95,9122,2906,6,36
132,770411.41,1039,odd,20,2022-03-11,0.00330876823582,liquid_universe-2022-03-02-2906,daily_high_low_midpoint_proxy,13:30:00,1067,20.8,高林,09:00:00,0.01,435730470.83,19128200.1,44,loss12,24.25,0,44,494,sell,2022-03-09,5,25,23.5,13298,2906,3,28
38000,121790.41,-648621,board,919,2022-03-31,0.00337964750277,liquid_universe-2022-03-30-5603,daily_high_low_midpoint_proxy,13:30:00,644800,55.1,陸海,08:59:00,0.01,219187266.502,5114690.35,13000,leader_entry,49.6,13000,13000,495,buy,2022-03-30,2902,50.7,48.5,3846555,5603,0,3821
192,112204.21,-9586.2,odd,20,2022-03-31,0.01,liquid_universe-2022-03-30-5603,daily_high_low_midpoint_proxy,13:30:00,9523.2,55.1,陸海,09:00:00,0.01,219187266.502,5114690.35,192,leader_entry,49.6,13192,899,496,buy,2022-03-30,43,50.6,48.6,19200,5603,0,63
38000,1155310.21,1043106,board,1500,2022-05-06,0.00261668381903,liquid_universe-2022-01-21-3017,daily_high_low_midpoint_proxy,13:30:00,1052500,97.2,奇鋐,08:59:00,0.01,968041219.85,9040224.45,10000,time63,105.25,25,10000,497,sell,2022-05-05,4737,106.5,104,3821631,3017,3157,9394
54,1157908.71,2598.5,odd,20,2022-05-06,0.00457875457875,liquid_universe-2022-01-21-3017,daily_high_low_midpoint_proxy,13:30:00,2637.5,97.2,奇鋐,09:00:00,0.01,968041219.85,9040224.45,25,time63,105.5,0,25,498,sell,2022-05-05,12,106,105,5460,3017,7,39
118000,2816076.71,1658168,board,2384,2022-05-13,0.00191009211125,liquid_universe-2022-02-08-8440,daily_high_low_midpoint_proxy,13:30:00,1673100,56.1,綠電,08:59:00,0.01,990046341.755,11803672,26000,time63,64.35,77,26000,499,sell,2022-05-12,7529,68.4,60.3,13611909,8440,5019,14932
73,2820700.01,4623.3,odd,20,2022-05-13,0.00996859210706,liquid_universe-2022-02-08-8440,daily_high_low_midpoint_proxy,13:30:00,4679.3,56.1,綠電,09:00:00,0.01,990046341.755,11803672,73,time63,64.1,4,77,500,sell,2022-05-12,22,67.2,61,7323,8440,14,56
44,2820940.61,240.6,odd,20,2022-05-16,0.000906002265006,liquid_universe-2022-02-08-8440,daily_high_low_midpoint_proxy,13:30:00,262.6,58.2,綠電,09:00:00,0.01,1023130150.33,12348742.45,4,time63,65.65,0,4,501,sell,2022-05-12,2,66.6,64.7,4415,8440,0,22
3000,2951242.61,130302,board,187,2022-06-15,0.00772345897685,liquid_universe-2022-03-30-5603,daily_high_low_midpoint_proxy,13:30:00,131475,38.95,陸海,08:59:00,0.01,26418357.93,575461.7,3000,loss12,43.825,10192,13000,502,sell,2022-06-14,592,44.4,43.25,388427,5603,394,1173
19,2952050.24,807.63,odd,20,2022-06-15,0.00996329313057,liquid_universe-2022-03-30-5603,daily_high_low_midpoint_proxy,13:30:00,833.63,38.95,陸海,09:00:00,0.01,26418357.93,575461.7,19,loss12,43.875,10173,192,503,sell,2022-06-14,4,44.25,43.5,1907,5603,2,26
5000,3165131.24,213081,board,306,2022-06-16,0.00924422882794,liquid_universe-2022-03-30-5603,daily_high_low_midpoint_proxy,13:30:00,215000,39.4,陸海,08:59:00,0.01,25995282.1925,567917.8,5000,loss12,43,5173,10000,504,sell,2022-06-14,968,44.2,41.8,540878,5603,645,1919
59,3167639.57,2508.33,odd,20,2022-06-16,0.00983661220407,liquid_universe-2022-03-30-5603,daily_high_low_midpoint_proxy,13:30:00,2547.33,39.4,陸海,09:00:00,0.01,25995282.1925,567917.8,59,loss12,43.175,5114,173,505,sell,2022-06-14,12,44.35,42,5998,5603,7,39
5000,3372296.57,204657,board,294,2022-06-17,0.00901404388037,liquid_universe-2022-03-30-5603,daily_high_low_midpoint_proxy,13:30:00,206500,37.65,陸海,08:59:00,0.01,25636124.9175,563733.35,5000,loss12,41.3,114,5000,506,sell,2022-06-14,930,41.7,40.9,554690,5603,619,1843
32,3373593.97,1297.4,odd,20,2022-06-17,0.00978294099664,liquid_universe-2022-03-30-5603,daily_high_low_midpoint_proxy,13:30:00,1326.4,37.65,陸海,09:00:00,0.01,25636124.9175,563733.35,32,loss12,41.45,82,114,507,sell,2022-06-14,6,41.8,41.1,3271,5603,3,29
91,3376834.07,3240.1,odd,20,2022-06-20,0.00899616017553,liquid_universe-2022-03-30-5603,daily_high_low_midpoint_proxy,13:30:00,3284.1,37,陸海,09:00:00,0.01,24381413.2675,539860.1,82,loss12,40.05,0,82,508,sell,2022-06-14,15,41.1,39,9115,5603,9,44
97000,2403953.07,-972881,board,1378,2022-11-16,0.0029737648314,liquid_universe-2022-11-15-2009,daily_high_low_midpoint_proxy,13:30:00,967150,37.6,第一銅,08:59:00,0.01,375364601.117,12951036.05,29000,leader_entry,33.35,29000,29000,509,buy,2022-11-15,4353,34.05,32.65,9751948,2009,0,5731
156,2398690.87,-5262.2,odd,20,2022-11-16,0.00999615532488,liquid_universe-2022-11-15-2009,daily_high_low_midpoint_proxy,13:30:00,5218.2,37.6,第一銅,09:00:00,0.01,375364601.117,12951036.05,156,leader_entry,33.45,29156,760,510,buy,2022-11-15,24,33.85,33.05,15606,2009,0,44
56000,1563269.87,-835421,board,1183,2022-11-16,0.000181952115116,liquid_universe-2022-11-15-6472,daily_high_low_midpoint_proxy,13:30:00,830500,441.5,保瑞,08:59:00,0.01,1783658141.1,5624083.3,2000,leader_entry,415.25,2000,2000,511,buy,2022-11-15,3738,430,400.5,10991903,6472,0,4921
569,1340749.37,-222520.5,odd,315,2022-11-16,0.00938373135115,liquid_universe-2022-11-15-6472,daily_high_low_midpoint_proxy,13:30:00,221209.5,441.5,保瑞,09:00:00,0.01,1783658141.1,5624083.3,534,leader_entry,414.25,2534,534,512,buy,2022-11-15,996,427.5,401,56907,6472,0,1311
647000,321495.37,-1019254,board,1444,2022-11-16,0.000129504715936,liquid_universe-2022-11-15-1605,daily_high_low_midpoint_proxy,13:30:00,1013250,53.1,華新,08:59:00,0.01,2631869398.66,64727168.85,21000,leader_entry,48.25,21000,21000,513,buy,2022-11-15,4560,49.3,47.2,162156257,1605,0,6004
1572,318003.37,-3492,odd,20,2022-11-16,0.000457738643949,liquid_universe-2022-11-15-1605,daily_high_low_midpoint_proxy,13:30:00,3456,53.1,華新,09:00:00,0.01,2631869398.66,64727168.85,72,leader_entry,48,21072,72,514,buy,2022-11-15,16,48.6,47.4,157295,1605,0,36
35000,1221912.37,903909,board,1300,2022-11-23,0.00812531818326,liquid_universe-2022-11-15-2009,daily_high_low_midpoint_proxy,13:30:00,912050,27.7,第一銅,08:59:00,0.01,386335758.83,12942905.6,29000,stall5,31.45,156,29000,515,sell,2022-11-22,4105,31.95,30.95,3569091,2009,2736,8141
25,1222670.12,757.75,odd,20,2022-11-23,0.00967117988395,liquid_universe-2022-11-15-2009,daily_high_low_midpoint_proxy,13:30:00,783.75,27.7,第一銅,09:00:00,0.01,386335758.83,12942905.6,25,stall5,31.35,131,156,516,sell,2022-11-22,4,31.5,31.2,2585,2009,2,26
823000,2122293.12,899623,board,1294,2022-11-23,0.000254978364539,liquid_universe-2022-11-15-1605,daily_high_low_midpoint_proxy,13:30:00,907725,38.35,華新,08:59:00,0.01,3552330095.95,83100934.2,21000,stall5,43.225,72,21000,517,sell,2022-11-22,4085,43.8,42.65,82359929,1605,2723,8102
785,2125368.52,3075.4,odd,20,2022-11-23,0.000916450282572,liquid_universe-2022-11-15-1605,daily_high_low_midpoint_proxy,13:30:00,3119.4,38.35,華新,09:00:00,0.01,3552330095.95,83100934.2,72,stall5,43.325,0,72,518,sell,2022-11-22,15,43.75,42.9,78564,1605,9,44
37,2126485.6,1117.08,odd,20,2022-11-24,0.00986140724947,liquid_universe-2022-11-15-2009,daily_high_low_midpoint_proxy,13:30:00,1146.08,27.9,第一銅,09:00:00,0.01,339809287.005,11228321.5,37,stall5,30.975,94,131,519,sell,2022-11-22,6,31.25,30.7,3752,2009,3,29
8000,1399805.6,-726680,board,1029,2022-11-24,0.0074912960504,liquid_universe-2022-11-23-3217,daily_high_low_midpoint_proxy,13:30:00,722400,99.1,優群,08:59:00,0.01,68062778.275,852704.65,8000,leader_entry,90.3,8000,11000,520,buy,2022-11-23,3251,91.3,89.3,1067906,3217,0,4280
77,1393734.3,-6071.3,odd,20,2022-11-24,0.00867426204039,liquid_universe-2022-11-23-3217,daily_high_low_midpoint_proxy,13:30:00,6023.3,99.1,優群,09:00:00,0.01,68062778.275,852704.65,67,leader_entry,89.9,8067,67,521,buy,2022-11-23,28,90.6,89.2,7724,3217,0,48
201000,473312.3,-920422,board,1304,2022-11-24,7.24922318231e-05,liquid_universe-2022-11-23-1795,daily_high_low_midpoint_proxy,13:30:00,915000,239,美時,08:59:00,0.01,3627113104.82,20152631.6,4000,leader_entry,228.75,4000,4000,522,buy,2022-11-23,4118,239,218.5,55178326,1795,0,5422
639,416442.55,-56869.75,odd,81,2022-11-24,0.00382860357545,liquid_universe-2022-11-23-1795,daily_high_low_midpoint_proxy,13:30:00,56533.75,239,美時,09:00:00,0.01,3627113104.82,20152631.6,245,leader_entry,230.75,4245,245,523,buy,2022-11-23,255,239,222.5,63992,1795,0,336
58,418266,1823.45,odd,20,2022-11-25,0.00985891551929,liquid_universe-2022-11-15-2009,daily_high_low_midpoint_proxy,13:30:00,1857.45,28,第一銅,09:00:00,0.01,304420764.865,9974274,58,stall5,32.025,36,94,524,sell,2022-11-22,9,32.45,31.6,5883,2009,5,34
41,419354.8,1088.8,odd,20,2022-11-28,0.00867678958785,liquid_universe-2022-11-15-2009,daily_high_low_midpoint_proxy,13:30:00,1117.8,28.45,第一銅,09:00:00,0.01,294738450.21,9554218.25,36,stall5,31.05,0,36,525,sell,2022-11-22,6,31.35,30.75,4149,2009,3,29
7000,1030897.8,611543,board,879,2022-12-01,0.00976971388695,liquid_universe-2022-11-23-3217,daily_high_low_midpoint_proxy,13:30:00,617050,79.5,優群,08:59:00,0.01,84155027.5,1017767.8,7000,stall5,88.15,1067,8000,526,sell,2022-11-30,2777,89.5,86.8,716500,3217,1851,5507
78,1036719.75,5821.95,odd,20,2022-12-01,0.00854591836735,liquid_universe-2022-11-23-3217,daily_high_low_midpoint_proxy,13:30:00,5885.95,79.5,優群,09:00:00,0.01,84155027.5,1017767.8,67,stall5,87.85,1000,67,527,sell,2022-11-30,27,88.7,87,7840,3217,17,64
35000,2014910.75,978191,board,1406,2022-12-01,0.00111895999382,liquid_universe-2022-11-23-1795,daily_high_low_midpoint_proxy,13:30:00,987000,220,美時,08:59:00,0.01,5282431443.07,26073379.4,4000,stall5,246.75,245,4000,528,sell,2022-11-30,4442,252.5,241,3574748,1795,2961,8809
349,2074885.75,59975,odd,86,2022-12-01,0.00701061607577,liquid_universe-2022-11-23-1795,daily_high_low_midpoint_proxy,13:30:00,60515,220,美時,09:00:00,0.01,5282431443.07,26073379.4,245,stall5,247,0,245,529,sell,2022-11-30,273,252,242,34947,1795,181,540
3000,2161901.75,87016,board,125,2022-12-02,0.00258449355557,liquid_universe-2022-11-23-3217,daily_high_low_midpoint_proxy,13:30:00,87800,78.4,優群,08:59:00,0.01,86206463.6,1037198.3,1000,stall5,87.8,0,1000,530,sell,2022-11-30,396,88.8,86.8,386923,3217,263,784
107000,1165180.75,-996721,board,1412,2022-12-02,0.000253996735554,liquid_universe-2022-12-01-4979,daily_high_low_midpoint_proxy,13:30:00,990850,56.4,華星光,08:59:00,0.01,468359190.47,10796964.4,19000,leader_entry,52.15,19000,19000,531,buy,2022-12-01,4459,54.4,49.9,74804111,4979,0,5871
236,1152797.35,-12383.4,odd,20,2022-12-02,0.0099978818047,liquid_universe-2022-12-01-4979,daily_high_low_midpoint_proxy,13:30:00,12307.4,56.4,華星光,09:00:00,0.01,468359190.47,10796964.4,236,leader_entry,52.15,19236,342,532,buy,2022-12-01,56,54.1,50.2,23605,4979,0,76
179000,114028.35,-1038769,board,1472,2022-12-05,0.000956392190665,liquid_universe-2022-12-02-3128,daily_high_low_midpoint_proxy,13:30:00,1032650,57.2,昇銳,08:59:00,0.01,766028363.16,17964544.45,19000,leader_entry,54.35,19000,19000,533,buy,2022-12-02,4647,57.1,51.6,19866327,3128,0,6119
83,109484.6,-4543.75,odd,20,2022-12-05,0.00988919337543,liquid_universe-2022-12-02-3128,daily_high_low_midpoint_proxy,13:30:00,4502.75,57.2,昇銳,09:00:00,0.01,766028363.16,17964544.45,83,leader_entry,54.25,19083,180,534,buy,2022-12-02,21,56.1,52.4,8393,3128,0,41
25000,1060421.6,950937,board,1367,2022-12-09,0.00758394630247,liquid_universe-2022-12-01-4979,daily_high_low_midpoint_proxy,13:30:00,959500,45.45,華星光,08:59:00,0.01,769534571.47,16333226.05,19000,stall5,50.5,236,19000,535,sell,2022-12-08,4318,51.5,49.5,2505292,4979,2878,8563
53,1063094.2,2672.6,odd,20,2022-12-09,0.00986597170514,liquid_universe-2022-12-01-4979,daily_high_low_midpoint_proxy,13:30:00,2713.6,45.45,華星光,09:00:00,0.01,769534571.47,16333226.05,53,stall5,51.2,183,236,536,sell,2022-12-08,13,52.6,49.8,5372,4979,8,41
81,1067239,4144.8,odd,20,2022-12-12,0.00994353056715,liquid_universe-2022-12-01-4979,daily_high_low_midpoint_proxy,13:30:00,4195.8,46.35,華星光,09:00:00,0.01,768172733.165,16228019.7,81,stall5,51.8,102,183,537,sell,2022-12-08,19,53.2,50.4,8146,4979,12,51
64000,1985692,918453,board,1321,2022-12-12,0.00294666611869,liquid_universe-2022-12-02-3128,daily_high_low_midpoint_proxy,13:30:00,926725,46.55,昇銳,08:59:00,0.01,808792191.91,17292593.35,19000,stall5,48.775,83,19000,538,sell,2022-12-09,4171,50.1,47.45,6447965,3128,2780,8272
83,1989718.38,4026.38,odd,20,2022-12-12,0.00996159385502,liquid_universe-2022-12-02-3128,daily_high_low_midpoint_proxy,13:30:00,4077.38,46.55,昇銳,09:00:00,0.01,808792191.91,17292593.35,83,stall5,49.125,0,83,539,sell,2022-12-09,19,49.95,48.3,8332,3128,12,51
32000,1250363.38,-739355,board,1047,2022-12-12,0.000806301081693,liquid_universe-2022-12-09-4763,daily_high_low_midpoint_proxy,13:30:00,735000,203.5,材料*-KY,08:59:00,0.01,530954252.75,3286237.45,4000,leader_entry,183.75,4000,4000,540,buy,2022-12-09,3308,193,174.5,4960926,4763,0,4355
145,1223999.63,-26363.75,odd,37,2022-12-12,0.00999310820124,liquid_universe-2022-12-09-4763,daily_high_low_midpoint_proxy,13:30:00,26208.75,203.5,材料*-KY,09:00:00,0.01,530954252.75,3286237.45,145,leader_entry,180.75,4145,965,541,buy,2022-12-09,118,186.5,175,14510,4763,0,155
59,1227042.33,3042.7,odd,20,2022-12-13,0.00984481895545,liquid_universe-2022-12-01-4979,daily_high_low_midpoint_proxy,13:30:00,3085.7,46.8,華星光,09:00:00,0.01,775616861.265,16346108.05,59,stall5,52.3,43,102,542,sell,2022-12-08,14,53,51.6,5993,4979,9,43
17000,365970.33,-861072,board,1220,2022-12-13,0.000546343782044,liquid_universe-2022-12-12-3693,daily_high_low_midpoint_proxy,13:30:00,856000,113.5,營邦,08:59:00,0.01,147219083.355,1713938.95,8000,leader_entry,107,8000,8000,543,buy,2022-12-12,3852,112.5,101.5,14642795,3693,0,5072
101,355043.83,-10926.5,odd,20,2022-12-13,0.00999406293291,liquid_universe-2022-12-12-3693,daily_high_low_midpoint_proxy,13:30:00,10857.5,113.5,營邦,09:00:00,0.01,147219083.355,1713938.95,101,leader_entry,107.5,8101,658,544,buy,2022-12-12,49,112,103,10106,3693,0,69
82,357285.83,2242,odd,20,2022-12-14,0.00523369036027,liquid_universe-2022-12-01-4979,daily_high_low_midpoint_proxy,13:30:00,2279,46.55,華星光,09:00:00,0.01,784249606.575,16487082.1,43,stall5,53,0,43,545,sell,2022-12-08,11,55,51,8216,4979,6,37
8000,1046082.83,688797,board,990,2022-12-19,0.00468324300528,liquid_universe-2022-12-09-4763,daily_high_low_midpoint_proxy,13:30:00,695000,155.5,材料*-KY,08:59:00,0.01,474536439.675,2783003.85,4000,stall5,173.75,145,4000,546,sell,2022-12-16,3128,176,171.5,854109,4763,2085,6203
17,1048981.83,2899,odd,20,2022-12-19,0.00990675990676,liquid_universe-2022-12-09-4763,daily_high_low_midpoint_proxy,13:30:00,2941,155.5,材料*-KY,09:00:00,0.01,474536439.675,2783003.85,17,stall5,173,128,145,547,sell,2022-12-16,14,174.5,171.5,1716,4763,8,42
130,1071244.83,22263,odd,32,2022-12-20,0.0097896749522,liquid_universe-2022-12-09-4763,daily_high_low_midpoint_proxy,13:30:00,22464,156,材料*-KY,09:00:00,0.01,462858652.25,2705420.15,128,stall5,175.5,0,128,548,sell,2022-12-16,102,182,169,13075,4763,67,201
76000,215201.83,-856043,board,1213,2022-12-20,0.00131600870809,liquid_universe-2022-12-19-4130,daily_high_low_midpoint_proxy,13:30:00,851000,43.1,健亞生物科技股份有限公司,08:59:00,0.01,267509935.613,7630092.35,23000,leader_entry,37,23000,23000,549,buy,2022-12-19,3830,38.7,35.3,17477088,4130,0,5043
221,207006.5,-8195.33,odd,20,2022-12-20,0.00998193315266,liquid_universe-2022-12-19-4130,daily_high_low_midpoint_proxy,13:30:00,8138.33,43.1,健亞生物科技股份有限公司,09:00:00,0.01,267509935.613,7630092.35,221,leader_entry,36.825,23221,222,550,buy,2022-12-19,37,37.8,35.85,22140,4130,0,57
76000,968919.5,761913,board,1096,2022-12-28,0.00301775925078,liquid_universe-2022-12-19-4130,daily_high_low_midpoint_proxy,13:30:00,768775,30.45,健亞生物科技股份有限公司,08:59:00,0.01,476240243,13366415.55,23000,stall5,33.425,221,23000,551,sell,2022-12-27,3460,34.5,32.35,7621549,4130,2306,6862
67,971123.65,2204.15,odd,20,2022-12-28,0.00992004737933,liquid_universe-2022-12-19-4130,daily_high_low_midpoint_proxy,13:30:00,2241.15,30.45,健亞生物科技股份有限公司,09:00:00,0.01,476240243,13366415.55,67,stall5,33.45,154,221,552,sell,2022-12-27,11,33.8,33.1,6754,4130,6,37
69,973375.73,2252.08,odd,20,2022-12-29,0.00988538681948,liquid_universe-2022-12-19-4130,daily_high_low_midpoint_proxy,13:30:00,2289.08,29.15,健亞生物科技股份有限公司,09:00:00,0.01,488320621.277,13737432.95,69,stall5,33.175,85,154,553,sell,2022-12-27,11,34,32.35,6980,4130,6,37
70,975625.98,2250.25,odd,20,2022-12-30,0.00993471473176,liquid_universe-2022-12-19-4130,daily_high_low_midpoint_proxy,13:30:00,2287.25,29.5,健亞生物科技股份有限公司,09:00:00,0.01,501706970.527,14142574.35,70,stall5,32.675,15,85,554,sell,2022-12-27,11,33.35,32,7046,4130,6,37
108,976068.11,442.13,odd,20,2023-01-03,0.00138427464009,liquid_universe-2022-12-19-4130,daily_high_low_midpoint_proxy,13:30:00,466.13,29.25,健亞生物科技股份有限公司,09:00:00,0.01,510107713.527,14396872.25,15,stall5,31.075,0,15,555,sell,2022-12-27,3,31.75,30.4,10836,4130,1,24
47000,80795.11,-895273,board,1268,2023-01-09,0.000314686703818,liquid_universe-2023-01-06-4763,daily_high_low_midpoint_proxy,13:30:00,890000,234,材料*-KY,08:59:00,0.01,901262423.975,4733383.7,4000,leader_entry,222.5,4000,4000,556,buy,2023-01-06,4005,234,211,12711055,4763,0,5273
238,79878.11,-917,odd,20,2023-01-09,0.000167989584646,liquid_universe-2023-01-06-4763,daily_high_low_midpoint_proxy,13:30:00,892,234,材料*-KY,09:00:00,0.01,901262423.975,4733383.7,4,leader_entry,223,4004,4,557,buy,2023-01-06,5,234,212,23811,4763,0,25
8000,1097257.95,1000986,board,1439,2023-02-24,0.00247364944924,liquid_universe-2022-11-15-6472,daily_high_low_midpoint_proxy,13:30:00,1010000,459,保瑞,08:59:00,0.01,1875646694.45,3878119.7,2000,time63,505,534,2000,558,sell,2023-02-23,4545,512,498,808522,6472,3030,9014
102,1148408.95,51151,odd,74,2023-02-24,0.00994345876389,liquid_universe-2022-11-15-6472,daily_high_low_midpoint_proxy,13:30:00,51612,459,保瑞,09:00:00,0.01,1875646694.45,3878119.7,102,time63,506,432,534,559,sell,2023-02-23,233,512,500,10258,6472,154,461
102,1199761.95,51353,odd,74,2023-03-01,0.00992990654206,liquid_universe-2022-11-15-6472,daily_high_low_midpoint_proxy,13:30:00,51816,453,保瑞,09:00:00,0.01,1832492137.65,3760613.25,102,time63,508,330,432,560,sell,2023-02-23,234,512,504,10272,6472,155,463
162,1282768.95,83007,odd,119,2023-03-02,0.00997967104047,liquid_universe-2022-11-15-6472,daily_high_low_midpoint_proxy,13:30:00,83754,463,保瑞,09:00:00,0.01,1804331780.75,3682705.8,162,time63,517,168,330,561,sell,2023-02-23,377,520,514,16233,6472,251,747
42000,261452.95,-1021316,board,1447,2023-03-02,0.00222710701026,liquid_universe-2023-03-01-2230,daily_high_low_midpoint_proxy,13:30:00,1015300,82.7,泰茂,08:59:00,0.01,258598220.865,4291133.5,13000,leader_entry,78.1,13000,13000,562,buy,2023-03-01,4569,81,75.2,5837169,2230,0,6016
31,258961.1,-2491.85,odd,20,2023-03-02,0.0099518459069,liquid_universe-2023-03-01-2230,daily_high_low_midpoint_proxy,13:30:00,2459.85,82.7,泰茂,09:00:00,0.01,258598220.865,4291133.5,31,leader_entry,79.35,13031,863,563,buy,2023-03-01,12,81.2,77.5,3115,2230,0,32
125,323318.6,64357.5,odd,93,2023-03-03,0.00993719691549,liquid_universe-2022-11-15-6472,daily_high_low_midpoint_proxy,13:30:00,64937.5,463,保瑞,09:00:00,0.01,1769946523.65,3592779.05,125,time63,519.5,43,168,564,sell,2023-02-23,293,522,517,12579,6472,194,580
371,345137.6,21819,odd,31,2023-03-06,0.00115868610385,liquid_universe-2022-11-15-6472,daily_high_low_midpoint_proxy,13:30:00,22016,469,保瑞,09:00:00,0.01,1749503167.83,3532331.65,43,time63,512,0,43,565,sell,2023-02-23,100,534,490,37111,6472,66,197
21000,1375210.6,1030073,board,1481,2023-03-09,0.00617749756226,liquid_universe-2023-03-01-2230,daily_high_low_midpoint_proxy,13:30:00,1039350,71.6,泰茂,08:59:00,0.01,238078964.265,3492567.5,13000,stall5,79.95,31,13000,566,sell,2023-03-08,4678,81.9,78,2104412,2230,3118,9277
37,1377628.35,2417.75,odd,20,2023-03-09,0.00817510548523,liquid_universe-2023-03-01-2230,daily_high_low_midpoint_proxy,13:30:00,2456.75,71.6,泰茂,09:00:00,0.01,238078964.265,3492567.5,31,stall5,79.25,0,31,567,sell,2023-03-08,12,81.5,77,3792,2230,7,39
58000,374972.35,-1002656,board,1420,2023-03-10,0.00152992611987,liquid_universe-2023-03-09-3362,daily_high_low_midpoint_proxy,13:30:00,996750,127.5,先進光,08:59:00,0.01,1256062610.61,12319017.15,9000,leader_entry,110.75,9000,9000,568,buy,2023-03-09,4486,113.5,108,5882637,3362,0,5906
286,343038.35,-31934,odd,45,2023-03-10,0.00998219957419,liquid_universe-2023-03-09-3362,daily_high_low_midpoint_proxy,13:30:00,31746,127.5,先進光,09:00:00,0.01,1256062610.61,12319017.15,286,leader_entry,111,9286,719,569,buy,2023-03-09,143,113,109,28651,3362,0,188
33000,1348731.35,1005693,board,1446,2023-03-17,0.00270804723316,liquid_universe-2023-03-09-3362,daily_high_low_midpoint_proxy,13:30:00,1014750,98.1,先進光,08:59:00,0.01,1314496627.79,12724305.95,9000,stall5,112.75,286,9000,570,sell,2023-03-16,4567,115,110.5,3323428,3362,3044,9057
164,1367098.35,18367,odd,26,2023-03-17,0.00995870779694,liquid_universe-2023-03-09-3362,daily_high_low_midpoint_proxy,13:30:00,18532,98.1,先進光,09:00:00,0.01,1314496627.79,12724305.95,164,stall5,113,122,286,571,sell,2023-03-16,84,115,111,16468,3362,55,165
107,1379264.6,12166.25,odd,20,2023-03-20,0.00993408225791,liquid_universe-2023-03-09-3362,daily_high_low_midpoint_proxy,13:30:00,12278.25,103.5,先進光,09:00:00,0.01,1329525267.29,12838622.8,107,stall5,114.75,15,122,572,sell,2023-03-16,56,115.5,114,10771,3362,36,112
120,1228073.6,-151191,odd,214,2023-03-20,0.00994530084535,liquid_universe-2023-03-17-5269,daily_high_low_midpoint_proxy,13:30:00,150300,1390,祥碩,09:00:00,0.01,1406670710.45,1326389.5,120,leader_entry,1252.5,120,832,573,buy,2023-03-17,677,1280,1225,12066,5269,0,891
121,1229773.1,1699.5,odd,20,2023-03-21,0.00123456790123,liquid_universe-2023-03-09-3362,daily_high_low_midpoint_proxy,13:30:00,1732.5,103,先進光,09:00:00,0.01,1335571973.88,12874830.8,15,stall5,115.5,0,15,574,sell,2023-03-16,8,117,114,12150,3362,5,33
10000,2216884.1,987111,board,1419,2023-03-27,0.00744613419982,liquid_universe-2022-12-12-3693,daily_high_low_midpoint_proxy,13:30:00,996000,112,營邦,08:59:00,0.01,226174299.25,1836330.9,8000,time63,124.5,101,8000,575,sell,2023-03-24,4482,126.5,122.5,1074383,3693,2988,8889
28,2220324.1,3440,odd,20,2023-03-27,0.00992555831266,liquid_universe-2022-12-12-3693,daily_high_low_midpoint_proxy,13:30:00,3486,112,營邦,09:00:00,0.01,226174299.25,1836330.9,28,time63,124.5,73,101,576,sell,2023-03-24,16,126,123,2821,3693,10,46
36,2263050.1,42726,odd,61,2023-03-27,0.00984413453651,liquid_universe-2023-03-17-5269,daily_high_low_midpoint_proxy,13:30:00,43110,1090,祥碩,09:00:00,0.01,1488764003.9,1341008.4,36,stall5,1197.5,84,120,577,sell,2023-03-24,194,1210,1185,3657,5269,129,384
45,2268479.1,5429,odd,20,2023-03-28,0.00984036737372,liquid_universe-2022-12-12-3693,daily_high_low_midpoint_proxy,13:30:00,5490,112,營邦,09:00:00,0.01,219033585.85,1782222.8,45,time63,122,28,73,578,sell,2023-03-24,25,125,119,4573,3693,16,61
86,2366297.1,97818,odd,141,2023-03-28,0.0097459101984,liquid_universe-2023-03-17-5269,daily_high_low_midpoint_proxy,13:30:00,98700,1075,祥碩,09:00:00,0.01,1424026259.15,1273409.25,84,stall5,1175,0,84,579,sell,2023-03-24,445,1200,1150,8619,5269,296,882
21000,1691900.1,-674397,board,955,2023-03-28,0.00368608655037,liquid_universe-2023-03-27-5211,daily_high_low_midpoint_proxy,13:30:00,670425,34.8,蒙恬,08:59:00,0.01,59456012.175,2173234.15,21000,leader_entry,31.925,21000,33000,580,buy,2023-03-27,3017,34.5,29.35,5697099,5211,0,3972
264,1683413.9,-8486.2,odd,20,2023-03-28,0.00999356474997,liquid_universe-2023-03-27-5211,daily_high_low_midpoint_proxy,13:30:00,8428.2,34.8,蒙恬,09:00:00,0.01,59456012.175,2173234.15,264,leader_entry,31.925,21264,844,581,buy,2023-03-27,38,34,29.85,26417,5211,0,58
40000,966188.9,-717225,board,1016,2023-03-28,0.000104082457453,liquid_universe-2023-03-27-6472,daily_high_low_midpoint_proxy,13:30:00,713000,779,保瑞,08:59:00,0.01,2379615791.25,4061439,1000,leader_entry,713,1000,1000,582,buy,2023-03-27,3209,738,688,9607767,6472,0,4225
550,730551.9,-235637,odd,334,2023-03-28,0.00597725373351,liquid_universe-2023-03-27-6472,daily_high_low_midpoint_proxy,13:30:00,234248,779,保瑞,09:00:00,0.01,2379615791.25,4061439,329,leader_entry,712,1329,329,583,buy,2023-03-27,1055,732,692,55042,6472,0,1389
76,733991.9,3440,odd,20,2023-03-29,0.0036678019387,liquid_universe-2022-12-12-3693,daily_high_low_midpoint_proxy,13:30:00,3486,108,營邦,09:00:00,0.01,214852887.125,1752739.85,28,time63,124.5,0,28,584,sell,2023-03-24,16,127,122,7634,3693,10,46
10000,1022890.9,288899,board,415,2023-04-07,0.00919940351068,liquid_universe-2023-03-27-5211,daily_high_low_midpoint_proxy,13:30:00,291500,25.65,蒙恬,08:59:00,0.01,70961018.72,2511330.5,10000,stall5,29.15,11264,21000,585,sell,2023-04-06,1312,29.75,28.55,1087027,5211,874,2601
10,1023160.15,269.25,odd,20,2023-04-07,0.00973709834469,liquid_universe-2023-03-27-5211,daily_high_low_midpoint_proxy,13:30:00,291.25,25.65,蒙恬,09:00:00,0.01,70961018.72,2511330.5,10,stall5,29.125,11254,264,586,sell,2023-04-06,2,29.65,28.6,1027,5211,0,22
17000,1343401.15,320241,board,460,2023-04-10,0.00617570209311,liquid_universe-2023-03-27-5211,daily_high_low_midpoint_proxy,13:30:00,323125,25.7,蒙恬,08:59:00,0.01,71493569.3625,2523216,11000,stall5,29.375,254,11000,587,sell,2023-04-06,1455,30.4,28.35,1781174,5211,969,2884
31,1344278.58,877.43,odd,20,2023-04-10,0.00992317541613,liquid_universe-2023-03-27-5211,daily_high_low_midpoint_proxy,13:30:00,904.43,25.7,蒙恬,09:00:00,0.01,71493569.3625,2523216,31,stall5,29.175,223,254,588,sell,2023-04-06,5,30.05,28.3,3124,5211,2,27
18,1344787.38,508.8,odd,20,2023-04-11,0.00987925356751,liquid_universe-2023-03-27-5211,daily_high_low_midpoint_proxy,13:30:00,532.8,27,蒙恬,09:00:00,0.01,71962944.1075,2529019.65,18,stall5,29.6,205,223,589,sell,2023-04-06,3,29.9,29.3,1822,5211,1,24
55000,348921.38,-995866,board,1411,2023-04-11,0.000367557027621,liquid_universe-2023-04-10-3324,daily_high_low_midpoint_proxy,13:30:00,990000,269.5,雙鴻,08:59:00,0.01,1142221240.1,5511130.45,4000,leader_entry,247.5,4000,4000,590,buy,2023-04-10,4455,253,242,10882665,3324,0,5866
306,272813.88,-76107.5,odd,108,2023-04-11,0.00998890122087,liquid_universe-2023-04-10-3324,daily_high_low_midpoint_proxy,13:30:00,75658.5,269.5,雙鴻,09:00:00,0.01,1142221240.1,5511130.45,306,leader_entry,247.25,4306,958,591,buy,2023-04-10,341,251.5,243,30634,3324,0,449
5,272940.76,126.88,odd,20,2023-04-12,0.00915750915751,liquid_universe-2023-03-27-5211,daily_high_low_midpoint_proxy,13:30:00,147.88,26.25,蒙恬,09:00:00,0.01,65901564.0325,2284825.55,5,stall5,29.575,200,205,592,sell,2023-04-06,1,30,29.15,546,5211,0,21
20,273498.76,558,odd,20,2023-04-13,0.00986193293886,liquid_universe-2023-03-27-5211,daily_high_low_midpoint_proxy,13:30:00,582,26.45,蒙恬,09:00:00,0.01,65543480.7325,2259127.3,20,stall5,29.1,180,200,593,sell,2023-04-06,3,29.4,28.8,2028,5211,1,24
107,276670.11,3171.35,odd,20,2023-04-14,0.00997018263138,liquid_universe-2023-03-27-5211,daily_high_low_midpoint_proxy,13:30:00,3215.35,25.65,蒙恬,09:00:00,0.01,64819199.1325,2221905.25,107,stall5,30.05,73,180,594,sell,2023-04-06,15,31.35,28.75,10732,5211,9,44
236,279129.54,2459.43,odd,20,2023-04-17,0.00308694181326,liquid_universe-2023-03-27-5211,daily_high_low_midpoint_proxy,13:30:00,2498.43,28.25,蒙恬,09:00:00,0.01,68945705.27,2346575.05,73,stall5,34.225,0,73,595,sell,2023-04-06,12,34.45,34,23648,5211,7,39
67000,1269212.54,990083,board,1424,2023-04-18,0.000376681352531,liquid_universe-2023-04-10-3324,daily_high_low_midpoint_proxy,13:30:00,999000,226,雙鴻,08:59:00,0.01,1481978290.95,6772864.3,4000,stall5,249.75,306,4000,596,sell,2023-04-17,4496,258.5,241,10619055,3324,2997,8917
319,1344877.54,75665,odd,109,2023-04-18,0.00957596620247,liquid_universe-2023-04-10-3324,daily_high_low_midpoint_proxy,13:30:00,76347,226,雙鴻,09:00:00,0.01,1481978290.95,6772864.3,306,stall5,249.5,0,306,597,sell,2023-04-17,344,257,242,31955,3324,229,682
6000,579870.54,-765007,board,1084,2023-04-19,0.005305255563,liquid_universe-2023-04-18-6751,daily_high_low_midpoint_proxy,13:30:00,760500,135,智聯服務,08:59:00,0.01,62434462.21,629835.95,6000,leader_entry,126.75,6000,9000,598,buy,2023-04-18,3423,134.5,119,1130954,6751,0,4507
174,557422.04,-22448.5,odd,32,2023-04-19,0.01,liquid_universe-2023-04-18-6751,daily_high_low_midpoint_proxy,13:30:00,22315.5,135,智聯服務,09:00:00,0.01,62434462.21,629835.95,174,leader_entry,128.25,6174,903,599,buy,2023-04-18,101,135,121.5,17400,6751,0,133
6000,2284865.04,1727443,board,2484,2023-04-25,0.00578858635485,liquid_universe-2023-01-06-4763,daily_high_low_midpoint_proxy,13:30:00,1743000,402.5,材料*-KY,08:59:00,0.01,1044509301.02,2944511.8,4000,time63,435.75,4,4000,600,sell,2023-04-24,7844,449,422.5,691015,4763,5229,15557
178,2286566.04,1701,odd,20,2023-04-25,0.00022388895108,liquid_universe-2023-01-06-4763,daily_high_low_midpoint_proxy,13:30:00,1734,402.5,材料*-KY,09:00:00,0.01,1044509301.02,2944511.8,4,time63,433.5,0,4,601,sell,2023-04-24,8,446,421,17866,4763,5,33
50000,1101586.04,-1184980,board,1679,2023-04-26,0.000606001199579,liquid_universe-2023-04-25-6829,daily_high_low_midpoint_proxy,13:30:00,1178000,167,千附精密,08:59:00,0.01,651876090.32,5060056.4,8000,leader_entry,147.25,8000,8000,602,buy,2023-04-25,5301,151.5,143,13201294,6829,0,6980
167,1086528.54,-15057.5,odd,21,2023-04-26,0.00607468286582,liquid_universe-2023-04-25-6829,daily_high_low_midpoint_proxy,13:30:00,14968.5,167,千附精密,09:00:00,0.01,651876090.32,5060056.4,102,leader_entry,146.75,8102,102,603,buy,2023-04-25,68,149.5,144,16791,6829,0,89
4000,1589994.54,503466,board,724,2023-04-27,0.00838224723857,liquid_universe-2023-04-18-6751,daily_high_low_midpoint_proxy,13:30:00,508000,117,智聯服務,08:59:00,0.01,77599116.59,654973.4,4000,stall5,127,2174,6000,604,sell,2023-04-26,2286,132.5,121.5,477199,6751,1524,4534
59,1597352.54,7358,odd,20,2023-04-27,0.00998984083982,liquid_universe-2023-04-18-6751,daily_high_low_midpoint_proxy,13:30:00,7434,117,智聯服務,09:00:00,0.01,77599116.59,654973.4,59,stall5,126,2115,174,605,sell,2023-04-26,34,131,121,5906,6751,22,76
6000,1858996.54,261644,board,376,2023-04-28,0.00193845596167,liquid_universe-2023-04-18-6751,daily_high_low_midpoint_proxy,13:30:00,264000,114,智聯服務,08:59:00,0.01,79124488.645,662641.25,2000,stall5,132,115,2000,606,sell,2023-04-26,1188,139,125,1031749,6751,792,2356
113,1873807.79,14811.25,odd,21,2023-04-28,0.00998674326116,liquid_universe-2023-04-18-6751,daily_high_low_midpoint_proxy,13:30:00,14944.25,114,智聯服務,09:00:00,0.01,79124488.645,662641.25,113,stall5,132.25,2,115,607,sell,2023-04-26,68,139,125.5,11315,6751,44,133
96,1874056.29,248.5,odd,20,2023-05-02,0.000206803846552,liquid_universe-2023-04-18-6751,daily_high_low_midpoint_proxy,13:30:00,270.5,125.5,智聯服務,09:00:00,0.01,84171149.745,691390.05,2,stall5,135.25,0,2,608,sell,2023-04-26,2,137.5,133,9671,6751,0,22
17000,568113.29,-1305943,board,1850,2023-05-02,0.00843493683357,liquid_universe-2023-04-28-6625,daily_high_low_midpoint_proxy,13:30:00,1298250,88.5,必應,08:59:00,0.01,165778666.08,2369340.1,15000,leader_entry,86.55,15000,15000,609,buy,2023-04-28,5843,88.5,84.6,1778318,6625,0,7693
42000,1717760.29,1149647,board,1653,2023-05-04,0.00187933804076,liquid_universe-2023-04-25-6829,daily_high_low_midpoint_proxy,13:30:00,1160000,132,千附精密,08:59:00,0.01,1045297412.05,7661874.55,8000,stall5,145,102,8000,610,sell,2023-05-03,5220,149.5,140.5,4256818,6829,3480,10353
152,1732367.29,14607,odd,21,2023-05-04,0.00669423114786,liquid_universe-2023-04-25-6829,daily_high_low_midpoint_proxy,13:30:00,14739,132,千附精密,09:00:00,0.01,1045297412.05,7661874.55,102,stall5,144.5,0,102,611,sell,2023-05-03,67,147,142,15237,6829,44,132
114000,460374.29,-1271993,board,1802,2023-05-05,0.0019642436935,liquid_universe-2023-05-04-6148,daily_high_low_midpoint_proxy,13:30:00,1264500,45.85,驊宏資,08:59:00,0.01,376447089.88,11455096.9,30000,leader_entry,42.15,30000,30000,612,buy,2023-05-04,5691,43.3,41,15273054,6148,0,7493
93,456444.24,-3930.05,odd,20,2023-05-05,0.0099806825499,liquid_universe-2023-05-04-6148,daily_high_low_midpoint_proxy,13:30:00,3892.05,45.85,驊宏資,09:00:00,0.01,376447089.88,11455096.9,93,leader_entry,41.85,30093,121,613,buy,2023-05-04,18,42.2,41.5,9318,6148,0,38
22000,1762433.24,1305989,board,1878,2023-05-09,0.00676030439397,liquid_universe-2023-04-28-6625,daily_high_low_midpoint_proxy,13:30:00,1317750,79.4,必應,08:59:00,0.01,307185588.58,3938187.2,15000,stall5,87.85,0,15000,614,sell,2023-05-08,5930,89.5,86.2,2218835,6625,3953,11761
12000,557335.24,-1205098,board,1707,2023-05-10,0.00116204702136,liquid_universe-2023-05-09-4175,daily_high_low_midpoint_proxy,13:30:00,1198000,162.5,杏一,08:59:00,0.01,160550088.83,1284301.7,8000,leader_entry,149.75,8000,8000,615,buy,2023-05-09,5391,158.5,141,6884403,4175,0,7098
315,533263.74,-24071.5,odd,34,2023-05-10,0.00503371640232,liquid_universe-2023-05-09-4175,daily_high_low_midpoint_proxy,13:30:00,23929.5,162.5,杏一,09:00:00,0.01,160550088.83,1284301.7,159,leader_entry,150.5,8159,159,616,buy,2023-05-09,108,157.5,143.5,31587,4175,0,142
21000,1297605.74,764342,board,1099,2023-05-12,0.00959060887579,liquid_universe-2023-05-04-6148,daily_high_low_midpoint_proxy,13:30:00,771225,33.6,驊宏資,08:59:00,0.01,390349227.77,11077004.05,21000,stall5,36.725,9093,30000,617,sell,2023-05-11,3471,38.45,35,2189642,6148,2313,6883
79,1300516.37,2910.63,odd,20,2023-05-12,0.00993335848108,liquid_universe-2023-05-04-6148,daily_high_low_midpoint_proxy,13:30:00,2952.63,33.6,驊宏資,09:00:00,0.01,390349227.77,11077004.05,79,stall5,37.375,9014,93,618,sell,2023-05-11,14,38.45,36.3,7953,6148,8,42
13000,1628760.37,328244,board,472,2023-05-15,0.00660301361541,liquid_universe-2023-05-04-6148,daily_high_low_midpoint_proxy,13:30:00,331200,34.4,驊宏資,08:59:00,0.01,382467894.675,10693089.45,9000,stall5,36.8,14,9000,619,sell,2023-05-11,1491,38,35.6,1363014,6148,993,2956
28,1629248.77,488.4,odd,20,2023-05-15,0.00497512437811,liquid_universe-2023-05-04-6148,daily_high_low_midpoint_proxy,13:30:00,512.4,34.4,驊宏資,09:00:00,0.01,382467894.675,10693089.45,14,stall5,36.6,0,14,620,sell,2023-05-11,3,38.1,35.1,2814,6148,1,24
18000,2618341.77,989093,board,1422,2023-05-15,0.0042328042328,liquid_universe-2023-05-09-4175,daily_high_low_midpoint_proxy,13:30:00,998000,116.5,杏一,08:59:00,0.01,262413791.165,1982271.2,8000,loss12,124.75,159,8000,621,sell,2023-05-12,4491,127,122.5,1890000,4175,2994,8907
139,2635526.02,17184.25,odd,25,2023-05-15,0.00995274237434,liquid_universe-2023-05-09-4175,daily_high_low_midpoint_proxy,13:30:00,17340.25,116.5,杏一,09:00:00,0.01,262413791.165,1982271.2,139,loss12,124.75,20,159,622,sell,2023-05-12,79,127,122.5,13966,4175,52,156
92,2637997.02,2471,odd,20,2023-05-16,0.0021734405564,liquid_universe-2023-05-09-4175,daily_high_low_midpoint_proxy,13:30:00,2510,112.5,杏一,09:00:00,0.01,272367284.875,2057743.5,20,loss12,125.5,0,20,623,sell,2023-05-12,12,127.5,123.5,9202,4175,7,39
55000,1561103.02,-1076894,board,1526,2023-05-16,0.0058591478876,liquid_universe-2023-05-15-6218,daily_high_low_midpoint_proxy,13:30:00,1070550,30.95,豪勉,08:59:00,0.01,144273866.09,5561902.5,39000,leader_entry,27.45,39000,39000,624,buy,2023-05-15,4818,28.9,26,6656258,6218,0,6344
105,1558200.89,-2902.13,odd,20,2023-05-16,0.00994506535329,liquid_universe-2023-05-15-6218,daily_high_low_midpoint_proxy,13:30:00,2869.13,30.95,豪勉,09:00:00,0.01,144273866.09,5561902.5,105,leader_entry,27.325,39105,344,625,buy,2023-05-15,13,28.6,26.05,10558,6218,0,33
20000,438152.89,-1120048,board,1587,2023-05-16,0.00102669112613,liquid_universe-2023-05-15-2743,daily_high_low_midpoint_proxy,13:30:00,1113450,89.1,山富,08:59:00,0.01,148952693.865,2065700.35,13000,leader_entry,85.65,13000,13000,626,buy,2023-05-15,5011,89.1,82.2,12662036,2743,0,6598
165,423745.89,-14407,odd,20,2023-05-16,0.00999939397612,liquid_universe-2023-05-15-2743,daily_high_low_midpoint_proxy,13:30:00,14322,89.1,山富,09:00:00,0.01,148952693.865,2065700.35,165,leader_entry,86.8,13165,666,627,buy,2023-05-15,65,89.1,84.5,16501,2743,0,85
18000,1204217.89,780472,board,1122,2023-07-03,0.00054551266735,liquid_universe-2023-03-27-6472,daily_high_low_midpoint_proxy,13:30:00,787500,702,保瑞,08:59:00,0.01,1683848324,2260220.2,1000,time63,787.5,329,1000,628,sell,2023-06-30,3544,796,779,1833138,6472,2362,7028
387,1460829.89,256612,odd,369,2023-07-03,0.00849733973862,liquid_universe-2023-03-27-6472,daily_high_low_midpoint_proxy,13:30:00,258923,702,保瑞,09:00:00,0.01,1683848324,2260220.2,329,time63,787,0,329,629,sell,2023-06-30,1166,793,781,38718,6472,776,2311
10000,886445.89,-574384,board,814,2023-07-04,0.00439216981534,liquid_universe-2023-07-03-4563,daily_high_low_midpoint_proxy,13:30:00,571000,65.4,百德,08:59:00,0.01,56343224.5575,1069419.8,10000,leader_entry,57.1,10000,22000,630,buy,2023-07-03,2570,59.2,55,2276779,4563,0,3384
74,882188.89,-4257,odd,20,2023-07-04,0.00992223116117,liquid_universe-2023-07-03-4563,daily_high_low_midpoint_proxy,13:30:00,4218,65.4,百德,09:00:00,0.01,56343224.5575,1069419.8,74,leader_entry,57,10074,205,631,buy,2023-07-03,19,59,55,7458,4563,0,39
4000,1084169.89,201981,board,290,2023-08-14,0.00917454339444,liquid_universe-2023-07-03-4563,daily_high_low_midpoint_proxy,13:30:00,203800,46.65,百德,08:59:00,0.01,78795992.895,1335089.35,4000,loss12,50.95,6074,10000,632,sell,2023-08-11,918,51.8,50.1,435989,4563,611,1819
19,1085105.24,935.35,odd,20,2023-08-14,0.0095525389643,liquid_universe-2023-07-03-4563,daily_high_low_midpoint_proxy,13:30:00,962.35,46.65,百德,09:00:00,0.01,78795992.895,1335089.35,19,loss12,50.65,6055,74,633,sell,2023-08-11,5,51.3,50,1989,4563,2,27
2000,1189167.24,104062,board,150,2023-08-15,0.00683127768802,liquid_universe-2023-07-03-4563,daily_high_low_midpoint_proxy,13:30:00,105000,46.65,百德,08:59:00,0.01,75430205.905,1283200.3,2000,loss12,52.5,4055,6000,634,sell,2023-08-11,473,53.3,51.7,292771,4563,315,938
7,1189513.14,345.9,odd,20,2023-08-15,0.00910273081925,liquid_universe-2023-07-03-4563,daily_high_low_midpoint_proxy,13:30:00,368.9,46.65,百德,09:00:00,0.01,75430205.905,1283200.3,7,loss12,52.7,4048,55,635,sell,2023-08-11,2,53.4,52,769,4563,1,23
7000,1372491.14,182978,board,263,2023-08-16,0.00928404126358,liquid_universe-2023-05-15-6218,daily_high_low_midpoint_proxy,13:30:00,184625,24.05,豪勉,08:59:00,0.01,170636780.358,5301664.8,7000,time63,26.375,32105,39000,636,sell,2023-08-15,831,26.95,25.8,753982,6218,553,1647
17,1372918.49,427.35,odd,20,2023-08-16,0.00953984287318,liquid_universe-2023-05-15-6218,daily_high_low_midpoint_proxy,13:30:00,451.35,24.05,豪勉,09:00:00,0.01,170636780.358,5301664.8,17,time63,26.55,32088,105,637,sell,2023-08-15,3,27,26.1,1782,6218,1,24
4000,1800071.49,427153,board,614,2023-08-16,0.00986696859591,liquid_universe-2023-05-15-2743,daily_high_low_midpoint_proxy,13:30:00,431000,95.4,山富,08:59:00,0.01,217158370.15,1573512.9,4000,time63,107.75,9165,13000,638,sell,2023-08-15,1940,109.5,106,405393,2743,1293,3847
30,1803252.49,3181,odd,20,2023-08-16,0.00975927130774,liquid_universe-2023-05-15-2743,daily_high_low_midpoint_proxy,13:30:00,3225,95.4,山富,09:00:00,0.01,217158370.15,1573512.9,30,time63,107.5,9135,165,639,sell,2023-08-15,15,109,106,3074,2743,9,44
5000,2008404.49,205152,board,295,2023-08-16,0.0072747112849,liquid_universe-2023-07-03-4563,daily_high_low_midpoint_proxy,13:30:00,207000,46.9,百德,08:59:00,0.01,68087841.875,1177048.5,4000,loss12,51.75,48,4000,640,sell,2023-08-11,932,53.3,50.2,549850,4563,621,1848
8,2008793.89,389.4,odd,20,2023-08-16,0.00941176470588,liquid_universe-2023-07-03-4563,daily_high_low_midpoint_proxy,13:30:00,412.4,46.9,百德,09:00:00,0.01,68087841.875,1177048.5,8,loss12,51.55,40,48,641,sell,2023-08-11,2,52.6,50.5,850,4563,1,23
8000,2221676.89,212883,board,306,2023-08-17,0.00925328318054,liquid_universe-2023-05-15-6218,daily_high_low_midpoint_proxy,13:30:00,214800,23.95,豪勉,08:59:00,0.01,143869724.968,4497853.25,8000,time63,26.85,24088,32000,642,sell,2023-08-15,967,27.6,26.1,864558,6218,644,1917
13,2222004.89,328,odd,20,2023-08-17,0.00939985538684,liquid_universe-2023-05-15-6218,daily_high_low_midpoint_proxy,13:30:00,351,23.95,豪勉,09:00:00,0.01,143869724.968,4497853.25,13,time63,27,24075,88,643,sell,2023-08-15,2,27.6,26.4,1383,6218,1,23
4000,2665014.89,443010,board,637,2023-08-17,0.0080258110082,liquid_universe-2023-05-15-2743,daily_high_low_midpoint_proxy,13:30:00,447000,95.4,山富,08:59:00,0.01,216007564.15,1566958.25,4000,time63,111.75,5135,9000,644,sell,2023-08-15,2012,116,107.5,498392,2743,1341,3990
52,2670723.89,5709,odd,20,2023-08-17,0.00997697620875,liquid_universe-2023-05-15-2743,daily_high_low_midpoint_proxy,13:30:00,5772,95.4,山富,09:00:00,0.01,216007564.15,1566958.25,52,time63,111,5083,135,645,sell,2023-08-15,26,116,106,5212,2743,17,63
13,2671395.99,672.1,odd,20,2023-08-17,0.00943396226415,liquid_universe-2023-07-03-4563,daily_high_low_midpoint_proxy,13:30:00,698.1,47.1,百德,09:00:00,0.01,52930097.625,936870,13,loss12,53.7,27,40,646,sell,2023-08-11,4,55.5,51.9,1378,4563,2,26
80000,1556830.99,-1114565,board,1579,2023-08-17,0.000577050673092,liquid_universe-2023-08-16-3689,daily_high_low_midpoint_proxy,13:30:00,1108000,74.8,湧德,08:59:00,0.01,493243396.67,8003862,16000,leader_entry,69.25,16000,16000,647,buy,2023-08-16,4986,72.3,66.2,27727201,3689,0,6565
479,1523173.84,-33657.15,odd,48,2023-08-17,0.00999478351591,liquid_universe-2023-08-16-3689,daily_high_low_midpoint_proxy,13:30:00,33458.15,74.8,湧德,09:00:00,0.01,493243396.67,8003862,479,leader_entry,69.85,16479,970,648,buy,2023-08-16,151,72.7,67,47925,3689,0,199
8000,1739227.84,216054,board,311,2023-08-18,0.00913238881602,liquid_universe-2023-05-15-6218,daily_high_low_midpoint_proxy,13:30:00,218000,24.7,豪勉,08:59:00,0.01,128395290.388,3982994.75,8000,time63,27.25,16075,24000,649,sell,2023-08-15,981,27.9,26.6,876003,6218,654,1946
20,1739762.34,534.5,odd,20,2023-08-18,0.00970402717128,liquid_universe-2023-05-15-6218,daily_high_low_midpoint_proxy,13:30:00,558.5,24.7,豪勉,09:00:00,0.01,128395290.388,3982994.75,20,time63,27.925,16055,75,650,sell,2023-08-15,3,28.95,26.9,2061,6218,1,24
1000,1852002.34,112240,board,161,2023-08-18,0.00560905975331,liquid_universe-2023-05-15-2743,daily_high_low_midpoint_proxy,13:30:00,113250,103.5,山富,08:59:00,0.01,216008721.55,1568397.55,1000,time63,113.25,4083,5000,651,sell,2023-08-15,510,115.5,111,178283,2743,339,1010
17,1853889.34,1887,odd,20,2023-08-18,0.00956668542487,liquid_universe-2023-05-15-2743,daily_high_low_midpoint_proxy,13:30:00,1921,103.5,山富,09:00:00,0.01,216008721.55,1568397.55,17,time63,113,4066,83,652,sell,2023-08-15,9,116.5,109.5,1777,2743,5,34
18,1854883.74,994.4,odd,20,2023-08-18,0.00982532751092,liquid_universe-2023-07-03-4563,daily_high_low_midpoint_proxy,13:30:00,1022.4,50.3,百德,09:00:00,0.01,45334523.505,800748.6,18,loss12,56.8,9,27,653,sell,2023-08-11,5,57.8,55.8,1832,4563,3,28
6000,2015586.74,160703,board,231,2023-08-21,0.00895033459334,liquid_universe-2023-05-15-6218,daily_high_low_midpoint_proxy,13:30:00,162150,24,豪勉,08:59:00,0.01,125091244.998,3876498.45,6000,time63,27.025,10055,16000,654,sell,2023-08-15,730,27.35,26.7,670366,6218,486,1447
13,2015919.29,332.55,odd,20,2023-08-21,0.00987841945289,liquid_universe-2023-05-15-6218,daily_high_low_midpoint_proxy,13:30:00,355.55,24,豪勉,09:00:00,0.01,125091244.998,3876498.45,13,time63,27.35,10042,55,655,sell,2023-08-15,2,27.75,26.95,1316,6218,1,23
1000,2129397.29,113478,board,163,2023-08-21,0.00963632509106,liquid_universe-2023-05-15-2743,daily_high_low_midpoint_proxy,13:30:00,114500,101,山富,08:59:00,0.01,212516197.725,1543418.05,1000,time63,114.5,3066,4000,656,sell,2023-08-15,516,115.5,113.5,103774,2743,343,1022
11,2130605.79,1208.5,odd,20,2023-08-21,0.00947459086994,liquid_universe-2023-05-15-2743,daily_high_low_midpoint_proxy,13:30:00,1237.5,101,山富,09:00:00,0.01,212516197.725,1543418.05,11,time63,112.5,3055,66,657,sell,2023-08-15,6,114,111,1161,2743,3,29
15,2131083.54,477.75,odd,20,2023-08-21,0.00565326633166,liquid_universe-2023-07-03-4563,daily_high_low_midpoint_proxy,13:30:00,501.75,51.7,百德,09:00:00,0.01,42134330.655,741186.55,9,loss12,55.75,0,9,658,sell,2023-08-11,3,56.1,55.4,1592,4563,1,24
4000,2237920.54,106837,board,154,2023-08-22,0.00817649788331,liquid_universe-2023-05-15-6218,daily_high_low_midpoint_proxy,13:30:00,107800,24.4,豪勉,08:59:00,0.01,123541727.333,3827260.4,4000,time63,26.95,6042,10000,659,sell,2023-08-15,486,27.4,26.5,489207,6218,323,963
21,2238461.96,541.42,odd,20,2023-08-22,0.00991033506371,liquid_universe-2023-05-15-6218,daily_high_low_midpoint_proxy,13:30:00,565.42,24.4,豪勉,09:00:00,0.01,123541727.333,3827260.4,21,time63,26.925,6021,42,660,sell,2023-08-15,3,27.15,26.7,2119,6218,1,24
1000,2350948.96,112487,board,162,2023-08-22,0.00821247310415,liquid_universe-2023-05-15-2743,daily_high_low_midpoint_proxy,13:30:00,113500,102.5,山富,08:59:00,0.01,210710378.3,1529824.5,1000,time63,113.5,2055,3000,661,sell,2023-08-15,511,115,112,121766,2743,340,1013
14,2352502.46,1553.5,odd,20,2023-08-22,0.00988002822865,liquid_universe-2023-05-15-2743,daily_high_low_midpoint_proxy,13:30:00,1585.5,102.5,山富,09:00:00,0.01,210710378.3,1529824.5,14,time63,113.25,2041,55,662,sell,2023-08-15,8,115,111.5,1417,2743,4,32
28000,2517069.46,164567,board,237,2023-08-23,0.00209391852772,liquid_universe-2023-05-15-6218,daily_high_low_midpoint_proxy,13:30:00,166050,24.05,豪勉,08:59:00,0.01,117190936.17,3632506.9,6000,time63,27.675,21,6000,663,sell,2023-08-15,748,28.7,26.65,2865441,6218,498,1483
44,2517634.51,565.05,odd,20,2023-08-23,0.00472866471515,liquid_universe-2023-05-15-6218,daily_high_low_midpoint_proxy,13:30:00,589.05,24.05,豪勉,09:00:00,0.01,117190936.17,3632506.9,21,time63,28.05,0,21,664,sell,2023-08-15,3,28.9,27.2,4441,6218,1,24
2000,2754997.51,237363,board,341,2023-08-23,0.00819709085246,liquid_universe-2023-05-15-2743,daily_high_low_midpoint_proxy,13:30:00,239500,103.5,山富,08:59:00,0.01,209389246.05,1519636.65,2000,time63,119.75,41,2000,665,sell,2023-08-15,1078,122,117.5,243989,2743,718,2137
27,2758180.01,3182.5,odd,20,2023-08-23,0.00969827586207,liquid_universe-2023-05-15-2743,daily_high_low_midpoint_proxy,13:30:00,3226.5,103.5,山富,09:00:00,0.01,209389246.05,1519636.65,27,time63,119.5,14,41,666,sell,2023-08-15,15,121,118,2784,2743,9,44
20,2759796.51,1616.5,odd,20,2023-08-24,0.00676328502415,liquid_universe-2023-05-15-2743,daily_high_low_midpoint_proxy,13:30:00,1648.5,110,山富,09:00:00,0.01,209472324.55,1520857.55,14,time63,117.75,0,14,667,sell,2023-08-15,8,121,114.5,2070,2743,4,32
87000,3706471.51,946675,board,1361,2023-08-24,0.00183083622529,liquid_universe-2023-08-16-3689,daily_high_low_midpoint_proxy,13:30:00,955200,54.3,湧德,08:59:00,0.01,636517697.115,9840843,16000,loss12,59.7,479,16000,668,sell,2023-08-23,4299,61.2,58.2,8739176,3689,2865,8525
250,3721276.01,14804.5,odd,21,2023-08-24,0.00996571793032,liquid_universe-2023-08-16-3689,daily_high_low_midpoint_proxy,13:30:00,14937.5,54.3,湧德,09:00:00,0.01,636517697.115,9840843,250,loss12,59.75,229,479,669,sell,2023-08-23,68,60.8,58.7,25086,3689,44,133
30000,2673001.01,-1048275,board,1485,2023-08-24,0.00202359102416,liquid_universe-2023-08-23-6170,daily_high_low_midpoint_proxy,13:30:00,1042100,69.5,統振,08:59:00,0.01,166219403.287,3085776.15,17000,leader_entry,61.3,17000,17000,670,buy,2023-08-23,4690,64.5,58.1,8400907,6170,0,6175
194,2661034.81,-11966.2,odd,20,2023-08-24,0.00995331178493,liquid_universe-2023-08-23-6170,daily_high_low_midpoint_proxy,13:30:00,11892.2,69.5,統振,09:00:00,0.01,166219403.287,3085776.15,194,leader_entry,61.3,17194,888,671,buy,2023-08-23,54,64,58.6,19491,6170,0,74
217000,1526199.81,-1134835,board,1608,2023-08-24,0.000534632170277,liquid_universe-2023-08-23-3715,daily_high_low_midpoint_proxy,13:30:00,1128150,53.7,定穎投控,08:59:00,0.01,831906579.25,21795019.05,23000,leader_entry,49.05,23000,23000,672,buy,2023-08-23,5077,51,47.1,43020232,3715,0,6685
575,1518761.91,-7437.9,odd,20,2023-08-24,0.00262316725731,liquid_universe-2023-08-23-3715,daily_high_low_midpoint_proxy,13:30:00,7383.9,53.7,定穎投控,09:00:00,0.01,831906579.25,21795019.05,151,leader_entry,48.9,23151,151,673,buy,2023-08-23,34,50.5,47.3,57564,3715,0,54
144,1527245.91,8484,odd,20,2023-08-25,0.00996608761852,liquid_universe-2023-08-16-3689,daily_high_low_midpoint_proxy,13:30:00,8568,53.8,湧德,09:00:00,0.01,612324648.76,9441204.65,144,loss12,59.5,85,229,674,sell,2023-08-23,39,60.5,58.5,14449,3689,25,84
51000,391555.91,-1135690,board,1609,2023-08-25,0.00133667332352,liquid_universe-2023-08-24-3308,daily_high_low_midpoint_proxy,13:30:00,1129000,59.6,聯德,08:59:00,0.01,250316746.415,5153937.25,20000,leader_entry,56.45,20000,20000,675,buy,2023-08-24,5081,59.6,53.3,14962519,3308,0,6690
285,374669.41,-16886.5,odd,24,2023-08-25,0.00998493501034,liquid_universe-2023-08-24-3308,daily_high_low_midpoint_proxy,13:30:00,16786.5,59.6,聯德,09:00:00,0.01,250316746.415,5153937.25,285,leader_entry,58.9,20285,332,676,buy,2023-08-24,76,59.6,58.2,28543,3308,0,100
76,378971.21,4301.8,odd,20,2023-08-28,0.00992167101828,liquid_universe-2023-08-16-3689,daily_high_low_midpoint_proxy,13:30:00,4354.8,52.4,湧德,09:00:00,0.01,605286901.71,9341775.8,76,loss12,57.3,9,85,677,sell,2023-08-23,20,58,56.6,7660,3689,13,53
65,379476.86,505.65,odd,20,2023-08-29,0.00137048880767,liquid_universe-2023-08-16-3689,daily_high_low_midpoint_proxy,13:30:00,529.65,52.1,湧德,09:00:00,0.01,591396162.91,9140537,9,loss12,58.85,0,9,678,sell,2023-08-23,3,59.9,57.8,6567,3689,1,24
33000,1408063.86,1028587,board,1479,2023-08-31,0.00513794630242,liquid_universe-2023-08-23-6170,daily_high_low_midpoint_proxy,13:30:00,1037850,53.6,統振,08:59:00,0.01,227339059.925,3997389.15,17000,stall5,61.05,194,17000,679,sell,2023-08-30,4671,62.5,59.6,3308715,6170,3113,9263
64,1411915.66,3851.8,odd,20,2023-08-31,0.0099984377441,liquid_universe-2023-08-23-6170,daily_high_low_midpoint_proxy,13:30:00,3900.8,53.6,統振,09:00:00,0.01,227339059.925,3997389.15,64,stall5,60.95,130,194,680,sell,2023-08-30,18,62.1,59.8,6401,6170,11,49
106,1418260.66,6345,odd,20,2023-09-01,0.00999622783855,liquid_universe-2023-08-23-6170,daily_high_low_midpoint_proxy,13:30:00,6413,54,統振,09:00:00,0.01,232813150.285,4070840.3,106,stall5,60.5,24,130,681,sell,2023-08-30,29,63,58,10604,6170,19,68
149000,188189.66,-1230071,board,1743,2023-09-01,0.00050319164643,liquid_universe-2023-08-31-2485,daily_high_low_midpoint_proxy,13:30:00,1222825,31.75,兆赫,08:59:00,0.01,381010302.09,14923539.6,41000,leader_entry,29.825,41000,41000,682,buy,2023-08-31,5503,30.55,29.1,81479890,2485,0,7246
759,165456.43,-22733.23,odd,32,2023-09-01,0.00999236420127,liquid_universe-2023-08-31-2485,daily_high_low_midpoint_proxy,13:30:00,22599.23,31.75,兆赫,09:00:00,0.01,381010302.09,14923539.6,759,leader_entry,29.775,41759,797,683,buy,2023-08-31,102,30.2,29.35,75958,2485,0,134
65,166810.23,1353.8,odd,20,2023-09-04,0.00364354030666,liquid_universe-2023-08-23-6170,daily_high_low_midpoint_proxy,13:30:00,1384.8,52.2,統振,09:00:00,0.01,233873317.243,4071847.65,24,stall5,57.7,0,24,684,sell,2023-08-30,7,58.6,56.8,6587,6170,4,31
238000,1329961.23,1163151,board,1672,2023-09-08,0.00171782272924,liquid_universe-2023-08-31-2485,daily_high_low_midpoint_proxy,13:30:00,1173625,26.15,兆赫,08:59:00,0.01,723988954.505,26566149,41000,stall5,28.625,759,41000,685,sell,2023-09-07,5282,29.25,28,23867422,2485,3520,10474
335,1339333.98,9372.75,odd,20,2023-09-08,0.00999582264128,liquid_universe-2023-08-31-2485,daily_high_low_midpoint_proxy,13:30:00,9463.75,26.15,兆赫,09:00:00,0.01,723988954.505,26566149,335,stall5,28.25,424,759,686,sell,2023-09-07,43,28.45,28.05,33514,2485,28,91
353,1349018.08,9684.1,odd,20,2023-09-11,0.009977388355,liquid_universe-2023-08-31-2485,daily_high_low_midpoint_proxy,13:30:00,9778.1,25.45,兆赫,09:00:00,0.01,757200327.48,27733809.3,353,stall5,27.7,71,424,687,sell,2023-09-07,45,28.1,27.3,35380,2485,29,94
125000,57611.08,-1291407,board,1829,2023-09-11,0.0022345980826,liquid_universe-2023-09-08-1471,daily_high_low_midpoint_proxy,13:30:00,1283800,23.65,首利,08:59:00,0.01,234361038.092,12537572,56000,leader_entry,22.925,56000,56000,688,buy,2023-09-08,5778,23.65,22.2,25060435,1471,0,7607
578,50736.5,-6874.58,odd,20,2023-09-11,0.0051384083045,liquid_universe-2023-09-08-1471,daily_high_low_midpoint_proxy,13:30:00,6823.58,23.65,首利,09:00:00,0.01,234361038.092,12537572,297,leader_entry,22.975,56297,297,689,buy,2023-09-08,31,23.65,22.3,57800,1471,0,51
210,52655,1918.5,odd,20,2023-09-12,0.00336572647547,liquid_universe-2023-08-31-2485,daily_high_low_midpoint_proxy,13:30:00,1952.5,24.85,兆赫,09:00:00,0.01,781134450.58,28583384.05,71,stall5,27.5,0,71,690,sell,2023-09-07,9,27.9,27.1,21095,2485,5,34
65000,1186246,1133591,board,1630,2023-09-14,0.00853365582425,liquid_universe-2023-09-08-1471,daily_high_low_midpoint_proxy,13:30:00,1143800,18.15,首利,08:59:00,0.01,288530332.252,14747847.05,56000,loss12,20.425,297,56000,691,sell,2023-09-13,5148,20.8,20.05,6562252,1471,3431,10209
172,1189708.8,3462.8,odd,20,2023-09-14,0.00998085069344,liquid_universe-2023-09-08-1471,daily_high_low_midpoint_proxy,13:30:00,3508.8,18.15,首利,09:00:00,0.01,288530332.252,14747847.05,172,loss12,20.4,125,297,692,sell,2023-09-13,16,20.7,20.1,17233,1471,10,46
125,1192185.43,2476.63,odd,20,2023-09-15,0.00996730723228,liquid_universe-2023-09-08-1471,daily_high_low_midpoint_proxy,13:30:00,2515.63,18.25,首利,09:00:00,0.01,285950681.602,14490313.25,125,loss12,20.125,0,125,693,sell,2023-09-13,12,20.4,19.85,12541,1471,7,39
16000,459066.43,-733119,board,1039,2023-09-15,0.00110332280143,liquid_universe-2023-09-14-8068,daily_high_low_midpoint_proxy,13:30:00,728800,49.6,全達,08:59:00,0.01,61001003.775,1633060.3,16000,leader_entry,45.55,16000,23000,694,buy,2023-09-14,3280,49.3,41.8,14501649,8068,0,4319
116,453816.93,-5249.5,odd,20,2023-09-15,0.00991876870457,liquid_universe-2023-09-14-8068,daily_high_low_midpoint_proxy,13:30:00,5205.5,49.6,全達,09:00:00,0.01,61001003.775,1633060.3,116,leader_entry,44.875,16116,844,695,buy,2023-09-14,24,46.75,43,11695,8068,0,44
9000,916302.93,462486,board,665,2023-09-22,0.0095801958192,liquid_universe-2023-08-24-3308,daily_high_low_midpoint_proxy,13:30:00,466650,47.2,聯德,08:59:00,0.01,419087162.39,6911461.25,9000,loss12,51.85,11285,20000,696,sell,2023-09-21,2100,52.6,51.1,939438,3308,1399,4164
21,917383.73,1080.8,odd,20,2023-09-22,0.00982226379794,liquid_universe-2023-08-24-3308,daily_high_low_midpoint_proxy,13:30:00,1108.8,47.2,聯德,09:00:00,0.01,419087162.39,6911461.25,21,loss12,52.8,11264,285,697,sell,2023-09-21,5,53.2,52.4,2138,3308,3,28
17000,1491909.73,574526,board,826,2023-09-25,0.00618525513896,liquid_universe-2023-08-24-3308,daily_high_low_midpoint_proxy,13:30:00,579700,46.9,聯德,08:59:00,0.01,376946091.76,6210307.2,11000,loss12,52.7,264,11000,698,sell,2023-09-21,2609,54.3,51.1,1778423,3308,1739,5174
50,1494536.23,2626.5,odd,20,2023-09-25,0.00985415845487,liquid_universe-2023-08-24-3308,daily_high_low_midpoint_proxy,13:30:00,2667.5,46.9,聯德,09:00:00,0.01,376946091.76,6210307.2,50,loss12,53.35,214,264,699,sell,2023-09-21,13,54.4,52.3,5074,3308,8,41
80,1498903.23,4367,odd,20,2023-09-26,0.00989853996536,liquid_universe-2023-08-24-3308,daily_high_low_midpoint_proxy,13:30:00,4420,48.7,聯德,09:00:00,0.01,301064662.175,4997743.45,80,loss12,55.25,134,214,700,sell,2023-09-21,20,56.2,54.3,8082,3308,13,53
50,1501604.73,2701.5,odd,20,2023-09-27,0.00993048659384,liquid_universe-2023-08-24-3308,daily_high_low_midpoint_proxy,13:30:00,2742.5,49.25,聯德,09:00:00,0.01,260416358.185,4338712.8,50,loss12,54.85,84,134,701,sell,2023-09-21,13,55.5,54.2,5035,3308,8,41
72,1505571.33,3966.6,odd,20,2023-09-28,0.00989962876392,liquid_universe-2023-08-24-3308,daily_high_low_midpoint_proxy,13:30:00,4017.6,49.9,聯德,09:00:00,0.01,220886272.18,3695724.1,72,loss12,55.8,12,84,702,sell,2023-09-21,19,56.3,55.3,7273,3308,12,51
31,1506213.33,642,odd,20,2023-10-02,0.00384738698301,liquid_universe-2023-08-24-3308,daily_high_low_midpoint_proxy,13:30:00,666,49.35,聯德,09:00:00,0.01,198362551.76,3348287.65,12,loss12,55.5,0,12,703,sell,2023-09-21,3,56,55,3119,3308,1,24
163000,304987.33,-1201226,board,1702,2023-10-03,0.000826703857318,liquid_universe-2023-10-02-3450,daily_high_low_midpoint_proxy,13:30:00,1194150,68.4,聯鈞,08:59:00,0.01,925057452.89,16365523.85,19000,leader_entry,62.85,19000,19000,704,buy,2023-10-02,5374,64.2,61.5,22982837,3450,0,7076
291,286501.68,-18485.65,odd,26,2023-10-03,0.00998901551558,liquid_universe-2023-10-02-3450,daily_high_low_midpoint_proxy,13:30:00,18376.65,68.4,聯鈞,09:00:00,0.01,925057452.89,16365523.85,291,leader_entry,63.15,19291,957,705,buy,2023-10-02,83,63.9,62.4,29132,3450,0,109
10000,659640.68,373139,board,537,2023-10-05,0.00945481637801,liquid_universe-2023-09-14-8068,daily_high_low_midpoint_proxy,13:30:00,376500,33.35,全達,08:59:00,0.01,164674587.615,3956215.2,10000,loss12,37.65,6116,16000,706,sell,2023-10-04,1695,38.3,37,1057662,8068,1129,3361
26,660593.88,953.2,odd,20,2023-10-05,0.00976709241172,liquid_universe-2023-09-14-8068,daily_high_low_midpoint_proxy,13:30:00,980.2,33.35,全達,09:00:00,0.01,164674587.615,3956215.2,26,loss12,37.7,6090,116,707,sell,2023-10-04,5,38.15,37.25,2662,8068,2,27
9000,879720.88,219127,board,315,2023-10-06,0.00617365249745,liquid_universe-2023-09-14-8068,daily_high_low_midpoint_proxy,13:30:00,221100,33.4,全達,08:59:00,0.01,154860028.2,3686453.85,6000,loss12,36.85,90,6000,708,sell,2023-10-04,995,37.6,36.1,971872,8068,663,1973
23,880544.73,823.85,odd,20,2023-10-06,0.00971283783784,liquid_universe-2023-09-14-8068,daily_high_low_midpoint_proxy,13:30:00,849.85,33.4,全達,09:00:00,0.01,154860028.2,3686453.85,23,loss12,36.95,67,90,709,sell,2023-10-04,4,37.5,36.4,2368,8068,2,26
33,881691.36,1146.63,odd,20,2023-10-11,0.00974025974026,liquid_universe-2023-09-14-8068,daily_high_low_midpoint_proxy,13:30:00,1175.63,33.05,全達,09:00:00,0.01,149769413.18,3550262.5,33,loss12,35.625,34,67,710,sell,2023-10-04,6,37.25,34,3388,8068,3,29
35,882875.31,1183.95,odd,20,2023-10-12,0.00956937799043,liquid_universe-2023-09-14-8068,daily_high_low_midpoint_proxy,13:30:00,1212.95,30.15,全達,09:00:00,0.01,148737883.298,3527347.05,34,loss12,35.675,0,34,711,sell,2023-10-04,6,36.85,34.5,3553,8068,3,29
108000,2058835.31,1175960,board,1691,2023-10-12,0.00175044560357,liquid_universe-2023-10-02-3450,daily_high_low_midpoint_proxy,13:30:00,1186550,55.6,聯鈞,08:59:00,0.01,1140407793.59,19680186.55,19000,stall5,62.45,291,19000,712,sell,2023-10-11,5340,63.6,61.3,10854379,3450,3559,10590
172,2069475.71,10640.4,odd,20,2023-10-12,0.00997274888386,liquid_universe-2023-10-02-3450,daily_high_low_midpoint_proxy,13:30:00,10741.4,55.6,聯鈞,09:00:00,0.01,1140407793.59,19680186.55,172,stall5,62.45,119,291,713,sell,2023-10-11,49,63.3,61.6,17247,3450,32,101
62000,1262321.71,-807154,board,1143,2023-10-12,0.00337983354717,liquid_universe-2023-10-11-3276,daily_high_low_midpoint_proxy,13:30:00,802400,25.3,宇環,08:59:00,0.01,122497179.045,6252766.95,34000,leader_entry,23.6,34000,34000,714,buy,2023-10-11,3611,24.9,22.3,10059667,3276,0,4754
136,1259002.31,-3319.4,odd,20,2023-10-12,0.00994152046784,liquid_universe-2023-10-11-3276,daily_high_low_midpoint_proxy,13:30:00,3284.4,25.3,宇環,09:00:00,0.01,122497179.045,6252766.95,136,leader_entry,24.15,34136,644,715,buy,2023-10-11,15,25.3,23,13680,3276,0,35
524,1266453.06,7450.75,odd,20,2023-10-13,0.00227064570295,liquid_universe-2023-10-02-3450,daily_high_low_midpoint_proxy,13:30:00,7526.75,55.5,聯鈞,09:00:00,0.01,1167433539.29,20080079.6,119,stall5,63.25,0,119,716,sell,2023-10-11,34,65.5,61,52408,3450,22,76
16000,154302.06,-1112151,board,1575,2023-10-13,0.0035200879318,liquid_universe-2023-10-12-6684,daily_high_low_midpoint_proxy,13:30:00,1105600,77.7,安格,08:59:00,0.01,106187845.24,1679183.05,16000,leader_entry,69.1,16000,16000,717,buy,2023-10-12,4976,72.1,66.1,4545341,6684,0,6551
208,146870.41,-7431.65,odd,20,2023-10-13,0.00513238679969,liquid_universe-2023-10-12-6684,daily_high_low_midpoint_proxy,13:30:00,7377.65,77.7,安格,09:00:00,0.01,106187845.24,1679183.05,107,leader_entry,68.95,16107,107,718,buy,2023-10-12,34,71.9,66,20848,6684,0,54
16000,1139531.41,992661,board,1427,2023-10-20,0.00978226512017,liquid_universe-2023-10-12-6684,daily_high_low_midpoint_proxy,13:30:00,1001600,55.9,安格,08:59:00,0.01,135153556.515,2103057.7,16000,stall5,62.6,107,16000,719,sell,2023-10-19,4508,65.2,60,1635613,6684,3004,8939
88,1144979.21,5447.8,odd,20,2023-10-20,0.00994799909564,liquid_universe-2023-10-12-6684,daily_high_low_midpoint_proxy,13:30:00,5508.8,55.9,安格,09:00:00,0.01,135153556.515,2103057.7,88,stall5,62.6,19,107,720,sell,2023-10-19,25,65,60.2,8846,6684,16,61
68,1146151.96,1172.75,odd,20,2023-10-23,0.00278388278388,liquid_universe-2023-10-12-6684,daily_high_low_midpoint_proxy,13:30:00,1201.75,58.4,安格,09:00:00,0.01,138576317.855,2149024.9,19,stall5,63.25,0,19,721,sell,2023-10-19,6,65,61.5,6825,6684,3,29
37000,168392.96,-977759,board,1385,2023-10-23,0.00481735661473,liquid_universe-2023-10-20-6530,daily_high_low_midpoint_proxy,13:30:00,972000,62.9,創威,08:59:00,0.01,390794393.308,7993217.65,18000,leader_entry,54,18000,18000,722,buy,2023-10-20,4374,56,52,3736489,6530,0,5759
132,163233.21,-5159.75,odd,20,2023-10-23,0.00716872924842,liquid_universe-2023-10-20-6530,daily_high_low_midpoint_proxy,13:30:00,5115.75,62.9,創威,09:00:00,0.01,390794393.308,7993217.65,95,leader_entry,53.85,18095,95,723,buy,2023-10-20,24,55.7,52,13252,6530,0,44
30000,963774.21,800541,board,1151,2023-11-13,0.00588626365164,liquid_universe-2023-10-20-6530,daily_high_low_midpoint_proxy,13:30:00,807750,40.15,創威,08:59:00,0.01,417127179.755,7813664.85,18000,loss12,44.875,95,18000,724,sell,2023-11-10,3635,46.4,43.35,3057967,6530,2423,7209
38,965428.41,1654.2,odd,20,2023-11-13,0.00985221674877,liquid_universe-2023-10-20-6530,daily_high_low_midpoint_proxy,13:30:00,1687.2,40.15,創威,09:00:00,0.01,417127179.755,7813664.85,38,loss12,44.4,57,95,725,sell,2023-11-10,8,45.45,43.35,3857,6530,5,33
83,967947.29,2518.88,odd,20,2023-11-14,0.00683617174382,liquid_universe-2023-10-20-6530,daily_high_low_midpoint_proxy,13:30:00,2557.88,39.85,創威,09:00:00,0.01,407340417.882,7622078,57,loss12,44.875,0,57,726,sell,2023-11-10,12,46.25,43.5,8338,6530,7,39
17000,246196.29,-721751,board,1022,2023-11-14,0.000961683823747,liquid_universe-2023-11-13-6593,daily_high_low_midpoint_proxy,13:30:00,717500,164,台灣銘板,08:59:00,0.01,197086363.435,1743637.25,5000,leader_entry,143.5,5000,5000,727,buy,2023-11-13,3229,152,135,5199214,6593,0,4251
330,198974.79,-47221.5,odd,67,2023-11-14,0.00999182487056,liquid_universe-2023-11-13-6593,daily_high_low_midpoint_proxy,13:30:00,46942.5,164,台灣銘板,09:00:00,0.01,197086363.435,1743637.25,330,leader_entry,142.25,5330,852,728,buy,2023-11-13,212,149.5,135,33027,6593,0,279
291000,2373591.79,2174617,board,3127,2023-11-24,0.000788038561399,liquid_universe-2023-08-23-3715,daily_high_low_midpoint_proxy,13:30:00,2194200,85.2,定穎投控,08:59:00,0.01,3294797170.47,37023051,23000,time63,95.4,151,23000,729,sell,2023-11-23,9874,97.5,93.3,29186389,3715,6582,19583
780,2387898.39,14306.6,odd,21,2023-11-24,0.0019343846479,liquid_universe-2023-08-23-3715,daily_high_low_midpoint_proxy,13:30:00,14435.6,85.2,定穎投控,09:00:00,0.01,3294797170.47,37023051,151,time63,95.6,0,151,730,sell,2023-11-23,65,97.2,94,78061,3715,43,129
29000,1304014.39,-1083884,board,1535,2023-11-27,0.00317131306315,liquid_universe-2023-11-24-3147,daily_high_low_midpoint_proxy,13:30:00,1077500,123.5,大綜,08:59:00,0.01,288476343.725,2983618.8,10000,leader_entry,107.75,10000,10000,731,buy,2023-11-24,4849,113,102.5,3153268,3147,0,6384
155,1287369.14,-16645.25,odd,24,2023-11-27,0.00994929071186,liquid_universe-2023-11-24-3147,daily_high_low_midpoint_proxy,13:30:00,16546.25,123.5,大綜,09:00:00,0.01,288476343.725,2983618.8,155,leader_entry,106.75,10155,759,732,buy,2023-11-24,75,111,102.5,15579,3147,0,99
5000,1396263.14,108894,board,157,2024-01-10,0.00889747792091,liquid_universe-2023-10-11-3276,daily_high_low_midpoint_proxy,13:30:00,109875,19.9,宇環,08:59:00,0.01,25494674.15,1100448.7,5000,time63,21.975,29136,34000,733,sell,2024-01-09,495,22.1,21.85,561957,3276,329,981
9,1396442.62,179.48,odd,20,2024-01-10,0.00943396226415,liquid_universe-2023-10-11-3276,daily_high_low_midpoint_proxy,13:30:00,200.48,19.9,宇環,09:00:00,0.01,25494674.15,1100448.7,9,time63,22.275,29127,136,734,sell,2024-01-09,1,22.65,21.9,954,3276,0,21
1000,1486432.62,89990,board,129,2024-01-10,0.00702424770307,liquid_universe-2023-11-24-3147,daily_high_low_midpoint_proxy,13:30:00,90800,81.9,大綜,08:59:00,0.01,42663341.12,460385.9,1000,loss12,90.8,9155,10000,735,sell,2024-01-09,409,91.3,90.3,142364,3147,272,810
13,1487584.02,1151.4,odd,20,2024-01-10,0.00981873111782,liquid_universe-2023-11-24-3147,daily_high_low_midpoint_proxy,13:30:00,1180.4,81.9,大綜,09:00:00,0.01,42663341.12,460385.9,13,loss12,90.8,9142,155,736,sell,2024-01-09,6,91.1,90.5,1324,3147,3,29
9000,1687385.02,199801,board,287,2024-01-11,0.00982593895035,liquid_universe-2023-10-11-3276,daily_high_low_midpoint_proxy,13:30:00,201600,19.75,宇環,08:59:00,0.01,21755859.005,948250.15,9000,time63,22.4,20127,29000,737,sell,2024-01-09,908,22.8,22,915943,3276,604,1799
19,1687789.05,404.03,odd,20,2024-01-11,0.00978876867594,liquid_universe-2023-10-11-3276,daily_high_low_midpoint_proxy,13:30:00,427.03,19.75,宇環,09:00:00,0.01,21755859.005,948250.15,19,time63,22.475,20108,127,738,sell,2024-01-09,2,22.9,22.05,1941,3276,1,23
3000,1969651.05,281862,board,405,2024-01-11,0.00195365157015,liquid_universe-2023-11-24-3147,daily_high_low_midpoint_proxy,13:30:00,284400,81.6,大綜,08:59:00,0.01,32102610.91,345305.2,3000,loss12,94.8,6142,9000,739,sell,2024-01-09,1280,96.4,93.2,1535586,3147,853,2538
73,1976488.5,6837.45,odd,20,2024-01-11,0.00993738088756,liquid_universe-2023-11-24-3147,daily_high_low_midpoint_proxy,13:30:00,6909.45,81.6,大綜,09:00:00,0.01,32102610.91,345305.2,73,loss12,94.65,6069,142,740,sell,2024-01-09,32,96,93.3,7346,3147,20,72
9000,2183647.5,207159,board,298,2024-01-12,0.00373959768577,liquid_universe-2023-10-11-3276,daily_high_low_midpoint_proxy,13:30:00,209025,20.25,宇環,08:59:00,0.01,21316497.53,933437.1,9000,time63,23.225,11108,20000,741,sell,2024-01-09,941,23.95,22.5,2406676,3276,627,1866
44,2184643.6,996.1,odd,20,2024-01-12,0.00998411617881,liquid_universe-2023-10-11-3276,daily_high_low_midpoint_proxy,13:30:00,1024.1,20.25,宇環,09:00:00,0.01,21316497.53,933437.1,44,time63,23.275,11064,108,742,sell,2024-01-09,5,24,22.55,4407,3276,3,28
3000,2461896.6,277253,board,399,2024-01-12,0.003981721245,liquid_universe-2023-11-24-3147,daily_high_low_midpoint_proxy,13:30:00,279750,85.8,大綜,08:59:00,0.01,34609302.04,370248.55,3000,loss12,93.25,3069,6000,743,sell,2024-01-09,1259,94.6,91.9,753443,3147,839,2497
50,2466505.1,4608.5,odd,20,2024-01-12,0.00991473329367,liquid_universe-2023-11-24-3147,daily_high_low_midpoint_proxy,13:30:00,4662.5,85.8,大綜,09:00:00,0.01,34609302.04,370248.55,50,loss12,93.25,3019,69,744,sell,2024-01-09,21,94,92.5,5043,3147,13,54
9000,2675671.1,209166,board,301,2024-01-15,0.00610279548719,liquid_universe-2023-10-11-3276,daily_high_low_midpoint_proxy,13:30:00,211050,20.75,宇環,08:59:00,0.01,22246177.47,975799.9,9000,time63,23.45,2064,11000,745,sell,2024-01-09,950,23.9,23,1474734,3276,633,1884
27,2676283.63,612.53,odd,20,2024-01-15,0.00990825688073,liquid_universe-2023-10-11-3276,daily_high_low_midpoint_proxy,13:30:00,636.53,20.75,宇環,09:00:00,0.01,22246177.47,975799.9,27,time63,23.575,2037,64,746,sell,2024-01-09,3,23.85,23.3,2725,3276,1,24
2000,2860623.63,184340,board,265,2024-01-15,0.0074686503402,liquid_universe-2023-11-24-3147,daily_high_low_midpoint_proxy,13:30:00,186000,82.8,大綜,08:59:00,0.01,34235248.28,366627.65,2000,loss12,93,1019,3000,747,sell,2024-01-09,837,94.3,91.7,267786,3147,558,1660
17,2862168.38,1544.75,odd,20,2024-01-15,0.00962627406569,liquid_universe-2023-11-24-3147,daily_high_low_midpoint_proxy,13:30:00,1576.75,82.8,大綜,09:00:00,0.01,34235248.28,366627.65,17,loss12,92.75,1002,19,748,sell,2024-01-09,8,93.9,91.6,1766,3147,4,32
6000,2908403.38,46235,board,66,2024-01-16,0.00288358117714,liquid_universe-2023-10-11-3276,daily_high_low_midpoint_proxy,13:30:00,46650,21.3,宇環,08:59:00,0.01,21748578.125,954154.8,2000,time63,23.325,37,2000,749,sell,2024-01-09,210,23.8,22.85,693582,3276,139,415
25,2908960.01,556.63,odd,20,2024-01-16,0.00969367972082,liquid_universe-2023-10-11-3276,daily_high_low_midpoint_proxy,13:30:00,580.63,21.3,宇環,09:00:00,0.01,21748578.125,954154.8,25,time63,23.225,12,37,750,sell,2024-01-09,3,23.65,22.8,2579,3276,1,24
3000,3004004.01,95044,board,137,2024-01-16,0.000855219102858,liquid_universe-2023-11-24-3147,daily_high_low_midpoint_proxy,13:30:00,95900,84.7,大綜,08:59:00,0.01,33570265.66,359207.05,1000,loss12,95.9,2,1000,751,sell,2024-01-09,432,98.3,93.5,1169291,3147,287,856
92,3004174.81,170.8,odd,20,2024-01-16,0.000215959399633,liquid_universe-2023-11-24-3147,daily_high_low_midpoint_proxy,13:30:00,191.8,84.7,大綜,09:00:00,0.01,33570265.66,359207.05,2,loss12,95.9,0,2,752,sell,2024-01-09,1,97.8,94,9261,3147,0,21
8,3004339.01,164.2,odd,20,2024-01-17,0.00967351874244,liquid_universe-2023-10-11-3276,daily_high_low_midpoint_proxy,13:30:00,185.2,20.6,宇環,09:00:00,0.01,21239470.0625,933094.05,8,time63,23.15,4,12,753,sell,2024-01-09,1,23.35,22.95,827,3276,0,21
8000,2239031.01,-765308,board,1084,2024-01-17,0.00216174441966,liquid_universe-2024-01-16-6535,daily_high_low_midpoint_proxy,13:30:00,760800,102.5,順藥,08:59:00,0.01,64452947.865,810001.95,8000,leader_entry,95.1,8000,12000,754,buy,2024-01-16,3424,99.5,90.7,3700715,6535,0,4508
229,2216824.41,-22206.6,odd,31,2024-01-17,0.00998169296487,liquid_universe-2024-01-16-6535,daily_high_low_midpoint_proxy,13:30:00,22075.6,102.5,順藥,09:00:00,0.01,64452947.865,810001.95,229,leader_entry,96.4,8229,684,755,buy,2024-01-16,100,100,92.8,22942,6535,0,131
313,1775239.91,-441584.5,odd,626,2024-01-17,0.00998564364332,liquid_universe-2024-01-16-6643,daily_high_low_midpoint_proxy,13:30:00,438982.5,1505,M31,09:00:00,0.01,1153408796.35,967184.5,313,leader_entry,1402.5,313,863,756,buy,2024-01-16,1976,1450,1355,31345,6643,0,2602
13,1775312.01,72.1,odd,20,2024-01-18,0.0028818443804,liquid_universe-2023-10-11-3276,daily_high_low_midpoint_proxy,13:30:00,93.1,20.7,宇環,09:00:00,0.01,21149260.4175,929029.15,4,time63,23.275,0,4,757,sell,2024-01-09,1,23.75,22.8,1388,3276,0,21
159,1995531.51,220219.5,odd,317,2024-01-24,0.00997740963855,liquid_universe-2024-01-16-6643,daily_high_low_midpoint_proxy,13:30:00,222202.5,1285,M31,09:00:00,0.01,1895711378.85,1487135.9,159,stall5,1397.5,154,313,758,sell,2024-01-23,1000,1425,1370,15936,6643,666,1983
117,2159609.51,164078,odd,236,2024-01-25,0.00998975409836,liquid_universe-2024-01-16-6643,daily_high_low_midpoint_proxy,13:30:00,165555,1255,M31,09:00:00,0.01,1996829735.75,1558761.55,117,stall5,1415,37,154,759,sell,2024-01-23,745,1435,1395,11712,6643,496,1477
359,2214246.51,54637,odd,79,2024-01-26,0.00102843483337,liquid_universe-2024-01-16-6643,daily_high_low_midpoint_proxy,13:30:00,55130,1285,M31,09:00:00,0.01,2097149020,1627656.9,37,stall5,1490,0,37,760,sell,2024-01-23,249,1520,1460,35977,6643,165,493
28000,1505874.51,-708372,board,1003,2024-01-26,0.00186430993034,liquid_universe-2024-01-25-3354,daily_high_low_midpoint_proxy,13:30:00,704200,27.6,律勝,08:59:00,0.01,58822443.3925,2816952.05,28000,leader_entry,25.15,28000,49000,761,buy,2024-01-25,3169,26.3,24,15018962,3354,0,4172
188,1501109.01,-4765.5,odd,20,2024-01-26,0.00999840450992,liquid_universe-2024-01-25-3354,daily_high_low_midpoint_proxy,13:30:00,4723.5,27.6,律勝,09:00:00,0.01,58822443.3925,2816952.05,188,leader_entry,25.125,28188,572,762,buy,2024-01-25,22,26,24.25,18803,3354,0,42
9000,2277864.01,776755,board,1117,2024-02-21,0.00515634023595,liquid_universe-2023-11-13-6593,daily_high_low_midpoint_proxy,13:30:00,783750,142.5,台灣銘板,08:59:00,0.01,307795810.925,1775541,5000,time63,156.75,330,5000,763,sell,2024-02-20,3527,161.5,152,969680,6593,2351,6995
166,2303612.01,25748,odd,37,2024-02-21,0.00999458125113,liquid_universe-2023-11-13-6593,daily_high_low_midpoint_proxy,13:30:00,25979,142.5,台灣銘板,09:00:00,0.01,307795810.925,1775541,166,time63,156.5,164,330,764,sell,2024-02-20,117,160.5,152.5,16609,6593,77,231
256,2328034.01,24422,odd,35,2024-02-22,0.00638231631382,liquid_universe-2023-11-13-6593,daily_high_low_midpoint_proxy,13:30:00,24641,137.5,台灣銘板,09:00:00,0.01,257511568.925,1499991,164,time63,150.25,0,164,765,sell,2024-02-20,111,153,147.5,25696,6593,73,219
47000,997195.01,-1330839,board,1885,2024-02-22,0.00188051107276,liquid_universe-2024-02-21-6442,daily_high_low_midpoint_proxy,13:30:00,1323000,151,光聖,08:59:00,0.01,522392296.105,5155901.25,9000,leader_entry,147,9000,9000,766,buy,2024-02-21,5954,151,143,4785933,6442,0,7839
9000,2303927.01,1306732,board,1879,2024-03-01,0.00956151934667,liquid_universe-2024-02-21-6442,daily_high_low_midpoint_proxy,13:30:00,1318500,132,光聖,08:59:00,0.01,708015037.275,6289489.8,9000,stall5,146.5,0,9000,767,sell,2024-02-29,5934,150,143,941273,6442,3955,11768
82000,967857.01,-1336070,board,1893,2024-03-04,0.00174798988697,liquid_universe-2024-03-01-2543,daily_high_low_midpoint_proxy,13:30:00,1328200,50.6,皇昌,08:59:00,0.01,291245795.885,8245763.5,29000,leader_entry,45.8,29000,29000,768,buy,2024-03-01,5977,49.2,42.4,16590485,2543,0,7870
214,958012.21,-9844.8,odd,20,2024-03-04,0.00996136480007,liquid_universe-2024-03-01-2543,daily_high_low_midpoint_proxy,13:30:00,9779.8,50.6,皇昌,09:00:00,0.01,291245795.885,8245763.5,214,leader_entry,45.7,29214,876,769,buy,2024-03-01,45,47.9,43.5,21483,2543,0,65
5000,1816531.21,858519,board,1234,2024-04-29,0.00904697369683,liquid_universe-2024-01-16-6535,daily_high_low_midpoint_proxy,13:30:00,866250,155,順藥,08:59:00,0.01,246730122.35,1294477.65,5000,time63,173.25,3229,8000,770,sell,2024-04-26,3899,178,168.5,552671,6535,2598,7731
99,1833578.46,17047.25,odd,25,2024-04-29,0.00992879350115,liquid_universe-2024-01-16-6535,daily_high_low_midpoint_proxy,13:30:00,17201.25,155,順藥,09:00:00,0.01,246730122.35,1294477.65,99,time63,173.75,3130,229,771,sell,2024-04-26,78,178,169.5,9971,6535,51,154
2000,2175003.46,341425,board,491,2024-04-30,0.00751693188908,liquid_universe-2024-01-16-6535,daily_high_low_midpoint_proxy,13:30:00,344500,155,順藥,08:59:00,0.01,242999092.6,1274714.55,2000,time63,172.25,1130,3000,772,sell,2024-04-26,1551,174,170.5,266066,6535,1033,3075
39,2181659.96,6656.5,odd,20,2024-04-30,0.00983358547655,liquid_universe-2024-01-16-6535,daily_high_low_midpoint_proxy,13:30:00,6727.5,155,順藥,09:00:00,0.01,242999092.6,1274714.55,39,time63,172.5,1091,130,773,sell,2024-04-26,31,173.5,171.5,3966,6535,20,71
4000,2354601.96,172942,board,249,2024-05-02,0.00244832204249,liquid_universe-2024-01-16-6535,daily_high_low_midpoint_proxy,13:30:00,174500,155,順藥,08:59:00,0.01,239969403.4,1258142.25,1000,time63,174.5,91,1000,774,sell,2024-04-26,786,177,172,408443,6535,523,1558
54,2363947.46,9345.5,odd,20,2024-05-02,0.00992099944883,liquid_universe-2024-01-16-6535,daily_high_low_midpoint_proxy,13:30:00,9436.5,155,順藥,09:00:00,0.01,239969403.4,1258142.25,54,time63,174.75,37,91,775,sell,2024-04-26,43,176.5,173,5443,6535,28,91
67,2370261.96,6314.5,odd,20,2024-05-03,0.00551415797317,liquid_universe-2024-01-16-6535,daily_high_low_midpoint_proxy,13:30:00,6382.5,155.5,順藥,09:00:00,0.01,225428867.225,1183991.85,37,time63,172.5,0,37,776,sell,2024-04-26,29,174.5,170.5,6710,6535,19,68
39000,1009244.96,-1361017,board,1928,2024-05-03,0.000456562527037,liquid_universe-2024-05-02-5508,daily_high_low_midpoint_proxy,13:30:00,1353000,248,永信建,08:59:00,0.01,710226982.625,3972385.55,6000,leader_entry,225.5,6000,6000,777,buy,2024-05-02,6089,231.5,219.5,13141683,5508,0,8017
772,971816.46,-37428.5,odd,53,2024-05-03,0.0021358117379,liquid_universe-2024-05-02-5508,daily_high_low_midpoint_proxy,13:30:00,37207.5,248,永信建,09:00:00,0.01,710226982.625,3972385.55,165,leader_entry,225.5,6165,165,778,buy,2024-05-02,168,230,221,77254,5508,0,221
2000,1016116.46,44300,board,64,2024-05-09,0.00981672180392,liquid_universe-2024-01-25-3354,daily_high_low_midpoint_proxy,13:30:00,44700,20.25,律勝,08:59:00,0.01,18062348.695,720981.6,2000,time63,22.35,26188,28000,779,sell,2024-05-08,202,22.65,22.05,203734,3354,134,400
15,1016429.84,313.38,odd,20,2024-05-09,0.00979751796212,liquid_universe-2024-01-25-3354,daily_high_low_midpoint_proxy,13:30:00,336.38,20.25,律勝,09:00:00,0.01,18062348.695,720981.6,15,time63,22.425,26173,188,780,sell,2024-05-08,2,22.55,22.3,1531,3354,1,23
2000,1059987.84,43558,board,63,2024-05-10,0.00980329684873,liquid_universe-2024-01-25-3354,daily_high_low_midpoint_proxy,13:30:00,43950,19.85,律勝,08:59:00,0.01,18083610.02,722440.6,2000,time63,21.975,24173,26000,781,sell,2024-05-08,198,22.2,21.75,204013,3354,131,392
28,1060583.34,595.5,odd,20,2024-05-10,0.0097459101984,liquid_universe-2024-01-25-3354,daily_high_low_midpoint_proxy,13:30:00,619.5,19.85,律勝,09:00:00,0.01,18083610.02,722440.6,28,time63,22.125,24145,173,782,sell,2024-05-08,3,22.3,21.95,2873,3354,1,24
61000,2278118.34,1217535,board,1751,2024-05-10,0.00090691253267,liquid_universe-2024-05-02-5508,daily_high_low_midpoint_proxy,13:30:00,1228500,184,永信建,08:59:00,0.01,1227848472.45,6168296.25,6000,stall5,204.75,165,6000,783,sell,2024-05-09,5529,209.5,200,6615853,5508,3685,10965
421,2311518.59,33400.25,odd,48,2024-05-10,0.00391858835823,liquid_universe-2024-05-02-5508,daily_high_low_midpoint_proxy,13:30:00,33701.25,184,永信建,09:00:00,0.01,1227848472.45,6168296.25,165,stall5,204.25,0,165,784,sell,2024-05-09,152,208.5,200,42107,5508,101,301
4000,2401012.59,89494,board,129,2024-05-13,0.00998121037148,liquid_universe-2024-01-25-3354,daily_high_low_midpoint_proxy,13:30:00,90300,19.8,律勝,08:59:00,0.01,16012405.76,642968.65,4000,time63,22.575,20145,24000,785,sell,2024-05-08,407,23.3,21.85,400753,3354,270,806
7,2401156.09,143.5,odd,20,2024-05-13,0.00974930362117,liquid_universe-2024-01-25-3354,daily_high_low_midpoint_proxy,13:30:00,164.5,19.8,律勝,09:00:00,0.01,16012405.76,642968.65,7,time63,23.5,20138,145,786,sell,2024-05-08,1,24,23,718,3354,0,21
25000,1671860.09,-729296,board,1033,2024-05-13,0.000901105671076,liquid_universe-2024-05-10-4562,daily_high_low_midpoint_proxy,13:30:00,725000,31.7,穎漢,08:59:00,0.01,63597368.995,2574349.4,25000,leader_entry,29,25000,45000,787,buy,2024-05-10,3263,30.5,27.5,27743694,4562,0,4296
226,1665273.04,-6587.05,odd,20,2024-05-13,0.00996077394332,liquid_universe-2024-05-10-4562,daily_high_low_midpoint_proxy,13:30:00,6537.05,31.7,穎漢,09:00:00,0.01,63597368.995,2574349.4,226,leader_entry,28.925,25226,595,788,buy,2024-05-10,30,29.85,28,22689,4562,0,50
2000,1710814.04,45541,board,65,2024-05-14,0.00899183541344,liquid_universe-2024-01-25-3354,daily_high_low_midpoint_proxy,13:30:00,45950,20.45,律勝,08:59:00,0.01,8990966.52,384559.6,2000,time63,22.975,18138,20000,789,sell,2024-05-08,207,23.35,22.6,222424,3354,137,409
20,1711249.54,435.5,odd,20,2024-05-14,0.00974658869396,liquid_universe-2024-01-25-3354,daily_high_low_midpoint_proxy,13:30:00,459.5,20.45,律勝,09:00:00,0.01,8990966.52,384559.6,20,time63,22.975,18118,138,790,sell,2024-05-08,3,23.25,22.7,2052,3354,1,24
3000,1780004.54,68755,board,99,2024-05-15,0.00593322745819,liquid_universe-2024-01-25-3354,daily_high_low_midpoint_proxy,13:30:00,69375,20.85,律勝,08:59:00,0.01,8309546.05,358125.75,3000,time63,23.125,15118,18000,791,sell,2024-05-08,313,23.75,22.5,505627,3354,208,620
33,1780736.72,732.18,odd,20,2024-05-15,0.00998789346247,liquid_universe-2024-01-25-3354,daily_high_low_midpoint_proxy,13:30:00,758.18,20.85,律勝,09:00:00,0.01,8309546.05,358125.75,33,time63,22.975,15085,118,792,sell,2024-05-08,4,23.3,22.65,3304,3354,2,26
2000,1825730.72,44994,board,65,2024-05-16,0.00886461953053,liquid_universe-2024-01-25-3354,daily_high_low_midpoint_proxy,13:30:00,45400,20.3,律勝,08:59:00,0.01,8277534.4925,358319.35,2000,time63,22.7,13085,15000,793,sell,2024-05-08,205,22.95,22.45,225616,3354,136,406
15,1826048.6,317.88,odd,20,2024-05-16,0.00941619585687,liquid_universe-2024-01-25-3354,daily_high_low_midpoint_proxy,13:30:00,340.88,20.3,律勝,09:00:00,0.01,8277534.4925,358319.35,15,time63,22.725,13070,85,794,sell,2024-05-08,2,22.85,22.6,1593,3354,1,23
2000,1871241.6,45193,board,65,2024-05-17,0.00888095523555,liquid_universe-2024-01-25-3354,daily_high_low_midpoint_proxy,13:30:00,45600,20.3,律勝,08:59:00,0.01,8158537.7475,354483.6,2000,time63,22.8,11070,13000,795,sell,2024-05-08,206,23.1,22.5,225201,3354,136,407
22,1871719.2,477.6,odd,20,2024-05-17,0.00999545661063,liquid_universe-2024-01-25-3354,daily_high_low_midpoint_proxy,13:30:00,501.6,20.3,律勝,09:00:00,0.01,8158537.7475,354483.6,22,time63,22.8,11048,70,796,sell,2024-05-08,3,23.05,22.55,2201,3354,1,24
2000,1917904.2,46185,board,66,2024-05-20,0.00908240465746,liquid_universe-2024-01-25-3354,daily_high_low_midpoint_proxy,13:30:00,46600,20.7,律勝,08:59:00,0.01,8083922.0975,352071.65,2000,time63,23.3,9048,11000,797,sell,2024-05-08,210,23.6,23,220206,3354,139,415
21,1918369.5,465.3,odd,20,2024-05-20,0.00961538461538,liquid_universe-2024-01-25-3354,daily_high_low_midpoint_proxy,13:30:00,489.3,20.7,律勝,09:00:00,0.01,8083922.0975,352071.65,21,time63,23.3,9027,48,798,sell,2024-05-08,3,23.5,23.1,2184,3354,1,24
1000,1941362.5,22993,board,33,2024-05-21,0.00506536858154,liquid_universe-2024-01-25-3354,daily_high_low_midpoint_proxy,13:30:00,23200,20.7,律勝,08:59:00,0.01,6558674.1925,289285.9,1000,time63,23.2,8027,9000,799,sell,2024-05-08,105,23.55,22.85,197419,3354,69,207
20,1941800,437.5,odd,20,2024-05-21,0.00975609756098,liquid_universe-2024-01-25-3354,daily_high_low_midpoint_proxy,13:30:00,461.5,20.7,律勝,09:00:00,0.01,6558674.1925,289285.9,20,time63,23.075,8007,27,800,sell,2024-05-08,3,23.3,22.85,2050,3354,1,24
2000,1988727,46927,board,67,2024-05-22,0.00577088990008,liquid_universe-2024-01-25-3354,daily_high_low_midpoint_proxy,13:30:00,47350,21.2,律勝,08:59:00,0.01,5873653.3625,258470.3,2000,time63,23.675,6007,8000,801,sell,2024-05-08,214,24,23.35,346567,3354,142,423
23,1988871.2,144.2,odd,20,2024-05-22,0.00295732995353,liquid_universe-2024-01-25-3354,daily_high_low_midpoint_proxy,13:30:00,165.2,21.2,律勝,09:00:00,0.01,5873653.3625,258470.3,7,time63,23.6,6000,7,802,sell,2024-05-08,1,23.7,23.5,2367,3354,0,21
2000,2034509.2,45638,board,66,2024-05-23,0.00881705924623,liquid_universe-2024-01-25-3354,daily_high_low_midpoint_proxy,13:30:00,46050,21.15,律勝,08:59:00,0.01,6027159.855,264485.75,2000,time63,23.025,4000,6000,803,sell,2024-05-08,208,23.45,22.6,226833,3354,138,412
1000,2056783.2,22274,board,32,2024-05-24,0.00942738088504,liquid_universe-2024-01-25-3354,daily_high_low_midpoint_proxy,13:30:00,22475,20.35,律勝,08:59:00,0.01,6024750.695,264578.25,1000,time63,22.475,3000,4000,804,sell,2024-05-08,102,22.75,22.2,106074,3354,67,201
1000,2079553.2,22770,board,33,2024-05-27,0.00589977462861,liquid_universe-2024-01-25-3354,daily_high_low_midpoint_proxy,13:30:00,22975,20.5,律勝,08:59:00,0.01,5909558.03,259352.85,1000,time63,22.975,2000,3000,805,sell,2024-05-08,104,23.3,22.65,169498,3354,68,205
2000,2126034.2,46481,board,67,2024-05-28,0.00717452755736,liquid_universe-2024-01-25-3354,daily_high_low_midpoint_proxy,13:30:00,46900,20.95,律勝,08:59:00,0.01,5888646.23,257943.25,2000,time63,23.45,0,2000,806,sell,2024-05-08,212,23.8,23.1,278764,3354,140,419
61000,784532.2,-1341502,board,1900,2024-05-29,0.00230561703067,liquid_universe-2024-05-28-3466,daily_high_low_midpoint_proxy,13:30:00,1333600,94.6,德晉,08:59:00,0.01,384189924.202,6173413.1,16000,leader_entry,83.35,16000,16000,807,buy,2024-05-28,6002,86,80.7,6939574,3466,0,7902
238,764876.4,-19655.8,odd,28,2024-05-29,0.00999076483922,liquid_universe-2024-05-28-3466,daily_high_low_midpoint_proxy,13:30:00,19539.8,94.6,德晉,09:00:00,0.01,384189924.202,6173413.1,238,leader_entry,82.1,16238,453,808,buy,2024-05-28,88,83.2,81,23822,3466,0,116
47000,2200498.4,1435622,board,2064,2024-06-04,0.00611457275583,liquid_universe-2024-03-01-2543,daily_high_low_midpoint_proxy,13:30:00,1448550,45.75,皇昌,08:59:00,0.01,420505659.893,7845881.85,29000,time63,49.95,214,29000,809,sell,2024-06-03,6519,51.4,48.5,4742768,2543,4345,12928
123,2206637.75,6139.35,odd,20,2024-06-04,0.00992655959971,liquid_universe-2024-03-01-2543,daily_high_low_midpoint_proxy,13:30:00,6205.35,45.75,皇昌,09:00:00,0.01,420505659.893,7845881.85,123,time63,50.45,91,214,810,sell,2024-06-03,28,51.2,49.7,12391,2543,18,66
166,2211007.35,4369.6,odd,20,2024-06-05,0.00547796773417,liquid_universe-2024-03-01-2543,daily_high_low_midpoint_proxy,13:30:00,4422.6,44.1,皇昌,09:00:00,0.01,393189465.073,7341608.45,91,time63,48.6,0,91,811,sell,2024-06-03,20,49.75,47.45,16612,2543,13,53
5000,2624533.35,413526,board,595,2024-06-12,0.0089011368532,liquid_universe-2024-05-28-3466,daily_high_low_midpoint_proxy,13:30:00,417250,72.1,德晉,08:59:00,0.01,224527812.745,2831946.9,5000,stall5,83.45,11238,16000,812,sell,2024-06-11,1878,86.9,80,561726,3466,1251,3724
33,2627209.9,2676.55,odd,20,2024-06-12,0.00979519145147,liquid_universe-2024-05-28-3466,daily_high_low_midpoint_proxy,13:30:00,2717.55,72.1,德晉,09:00:00,0.01,224527812.745,2831946.9,33,stall5,82.35,11205,238,813,sell,2024-06-11,13,84.6,80.1,3369,3466,8,41
16000,3614369.9,987160,board,1419,2024-06-13,0.0068738701076,liquid_universe-2024-05-28-3466,daily_high_low_midpoint_proxy,13:30:00,996050,78.3,德晉,08:59:00,0.01,224898809.305,2822941.75,11000,stall5,90.55,205,11000,814,sell,2024-06-11,4483,95.5,85.6,1600263,3466,2988,8890
105,3623760.4,9390.5,odd,20,2024-06-13,0.00999048525214,liquid_universe-2024-05-28-3466,daily_high_low_midpoint_proxy,13:30:00,9481.5,78.3,德晉,09:00:00,0.01,224898809.305,2822941.75,105,stall5,90.3,100,205,815,sell,2024-06-11,43,95.5,85.1,10510,3466,28,91
346,3633342.4,9582,odd,20,2024-06-14,0.00288641939674,liquid_universe-2024-05-28-3466,daily_high_low_midpoint_proxy,13:30:00,9675,85.1,德晉,09:00:00,0.01,227634546.63,2824235.4,100,stall5,96.75,0,100,816,sell,2024-06-11,44,103.5,90,34645,3466,29,93
218000,2229071.4,-1404271,board,1989,2024-06-14,0.000164504396884,liquid_universe-2024-06-13-4967,daily_high_low_midpoint_proxy,13:30:00,1396000,184.5,十銓,08:59:00,0.01,2936996365.43,21821396.85,8000,leader_entry,174.5,8000,8000,817,buy,2024-06-13,6282,184.5,164.5,48630919,4967,0,8271
1335,2084726.9,-144344.5,odd,204,2024-06-14,0.00608542044043,liquid_universe-2024-06-13-4967,daily_high_low_midpoint_proxy,13:30:00,143494.5,184.5,十銓,09:00:00,0.01,2936996365.43,21821396.85,813,leader_entry,176.5,8813,813,818,buy,2024-06-13,646,182,171,133598,4967,0,850
255000,3240319.9,1155593,board,1662,2024-06-19,0.000241515696966,liquid_universe-2024-06-13-4967,daily_high_low_midpoint_proxy,13:30:00,1166000,135,十銓,08:59:00,0.01,3607492509.85,25544558,8000,loss12,145.75,813,8000,819,sell,2024-06-18,5247,153,138.5,33124141,4967,3498,10407
1589,3357756.65,117436.75,odd,169,2024-06-19,0.00511549182339,liquid_universe-2024-06-13-4967,daily_high_low_midpoint_proxy,13:30:00,118494.75,135,十銓,09:00:00,0.01,3607492509.85,25544558,813,loss12,145.75,0,813,820,sell,2024-06-18,534,151.5,140,158929,4967,355,1058
30000,2003378.65,-1354378,board,1919,2024-06-20,0.00397142380056,liquid_universe-2024-06-19-4545,daily_high_low_midpoint_proxy,13:30:00,1346400,68.9,銘鈺,08:59:00,0.01,145000944.405,3017574.3,22000,leader_entry,61.2,22000,22000,821,buy,2024-06-19,6059,63.6,58.8,5539575,4545,0,7978
124,1995797.85,-7580.8,odd,20,2024-06-20,0.00992079366349,liquid_universe-2024-06-19-4545,daily_high_low_midpoint_proxy,13:30:00,7526.8,68.9,銘鈺,09:00:00,0.01,145000944.405,3017574.3,124,leader_entry,60.7,22124,645,822,buy,2024-06-19,34,62.5,58.9,12499,4545,0,54
11000,2603574.85,607777,board,874,2024-06-27,0.00956991080843,liquid_universe-2024-06-19-4545,daily_high_low_midpoint_proxy,13:30:00,613250,50.8,銘鈺,08:59:00,0.01,148561280.098,2812161.9,11000,stall5,55.75,11124,22000,823,sell,2024-06-26,2760,57.5,54,1149436,4545,1839,5473
53,2606484.95,2910.1,odd,20,2024-06-27,0.00993439550141,liquid_universe-2024-06-19-4545,daily_high_low_midpoint_proxy,13:30:00,2952.1,50.8,銘鈺,09:00:00,0.01,148561280.098,2812161.9,53,stall5,55.7,11071,124,824,sell,2024-06-26,14,57.4,54,5335,4545,8,42
21000,3224617.95,618133,board,889,2024-06-28,0.00517579590802,liquid_universe-2024-06-19-4545,daily_high_low_midpoint_proxy,13:30:00,623700,48.6,銘鈺,08:59:00,0.01,148254508.033,2789013.15,11000,stall5,56.7,71,11000,825,sell,2024-06-26,2807,59.4,54,2125277,4545,1871,5567
82,3228596.2,3978.25,odd,20,2024-06-28,0.00858006042296,liquid_universe-2024-06-19-4545,daily_high_low_midpoint_proxy,13:30:00,4029.25,48.6,銘鈺,09:00:00,0.01,148254508.033,2789013.15,71,stall5,56.75,0,71,826,sell,2024-06-26,19,59.4,54.1,8275,4545,12,51
10000,1942269.2,-1286327,board,1822,2024-07-01,0.0025673967316,liquid_universe-2024-06-28-6895,daily_high_low_midpoint_proxy,13:30:00,1278750,261.5,宏碩系統,08:59:00,0.01,184287033.325,1082632.1,5000,leader_entry,255.75,5000,5000,827,buy,2024-06-28,5755,261.5,250,1947498,6895,0,7577
66,1925090.7,-17178.5,odd,24,2024-07-01,0.00992779783394,liquid_universe-2024-06-28-6895,daily_high_low_midpoint_proxy,13:30:00,17077.5,261.5,宏碩系統,09:00:00,0.01,184287033.325,1082632.1,66,leader_entry,258.75,5066,978,828,buy,2024-06-28,77,261.5,256,6648,6895,0,101
77000,2176815.3,240039,board,345,2024-07-08,0.000216581489679,liquid_universe-2024-03-01-2543,daily_high_low_midpoint_proxy,13:30:00,242200,55.8,皇昌,08:59:00,0.01,404294727.845,7711799.6,4000,time63,60.55,89,4000,829,sell,2024-06-03,1090,62.9,58.2,18468799,2543,726,2161
2494,2182056.25,5240.95,odd,20,2024-07-08,0.000356807812888,liquid_universe-2024-03-01-2543,daily_high_low_midpoint_proxy,13:30:00,5299.95,55.8,皇昌,09:00:00,0.01,404294727.845,7711799.6,89,time63,59.55,0,89,830,sell,2024-06-03,24,61,58.1,249434,2543,15,59
1000,2434284.25,252228,board,363,2024-07-08,0.00614870016479,liquid_universe-2024-06-28-6895,daily_high_low_midpoint_proxy,13:30:00,254500,233,宏碩系統,08:59:00,0.01,181363905.925,861052.85,1000,stall5,254.5,4066,5000,831,sell,2024-07-05,1146,259,250,162636,6895,763,2272
16,2438345.25,4061,odd,20,2024-07-08,0.00980993255671,liquid_universe-2024-06-28-6895,daily_high_low_midpoint_proxy,13:30:00,4112,233,宏碩系統,09:00:00,0.01,181363905.925,861052.85,16,stall5,257,4050,66,832,sell,2024-07-05,19,260,254,1631,6895,12,51
2000,2966587.25,528242,board,760,2024-07-09,0.00720946747269,liquid_universe-2024-06-28-6895,daily_high_low_midpoint_proxy,13:30:00,533000,229.5,宏碩系統,08:59:00,0.01,180597405.775,848970.35,2000,stall5,266.5,2050,4000,833,sell,2024-07-05,2399,275,258,277413,6895,1599,4758
17,2971029.75,4442.5,odd,20,2024-07-09,0.00970873786408,liquid_universe-2024-06-28-6895,daily_high_low_midpoint_proxy,13:30:00,4496.5,229.5,宏碩系統,09:00:00,0.01,180597405.775,848970.35,17,stall5,264.5,2033,50,834,sell,2024-07-05,21,274,255,1751,6895,13,54
179000,1484171.75,-1486858,board,2106,2024-07-09,0.00135212172341,liquid_universe-2024-07-08-3535,daily_high_low_midpoint_proxy,13:30:00,1478100,65.7,晶彩科,08:59:00,0.01,820390430.735,17919605.2,26000,leader_entry,56.85,26000,26000,835,buy,2024-07-08,6652,59.3,54.4,19229038,3535,0,8758
476,1456877.75,-27294,odd,39,2024-07-09,0.00998594415424,liquid_universe-2024-07-08-3535,daily_high_low_midpoint_proxy,13:30:00,27132,65.7,晶彩科,09:00:00,0.01,820390430.735,17919605.2,476,leader_entry,57,26476,792,836,buy,2024-07-08,123,59,55,47667,3535,0,162
1000,1726202.75,269325,board,387,2024-07-10,0.00994312532315,liquid_universe-2024-06-28-6895,daily_high_low_midpoint_proxy,13:30:00,271750,247.5,宏碩系統,08:59:00,0.01,182923581.025,851816.9,1000,stall5,271.75,1033,2000,837,sell,2024-07-05,1223,274.5,269,100572,6895,815,2425
15,1730231.75,4029,odd,20,2024-07-10,0.00954198473282,liquid_universe-2024-06-28-6895,daily_high_low_midpoint_proxy,13:30:00,4080,247.5,宏碩系統,09:00:00,0.01,182923581.025,851816.9,15,stall5,272,1018,33,838,sell,2024-07-05,19,275,269,1572,6895,12,51
8,1732355.75,2124,odd,20,2024-07-11,0.00947867298578,liquid_universe-2024-06-28-6895,daily_high_low_midpoint_proxy,13:30:00,2160,245,宏碩系統,09:00:00,0.01,182697299.05,845580.05,8,stall5,270,1010,18,839,sell,2024-07-05,10,275,265,844,6895,6,36
2000,1980124.75,247769,board,356,2024-07-12,0.00469679819267,liquid_universe-2024-06-28-6895,daily_high_low_midpoint_proxy,13:30:00,250000,238.5,宏碩系統,08:59:00,0.01,181908443,836998.9,1000,stall5,250,10,1000,840,sell,2024-07-05,1125,260,240,212911,6895,750,2231
18,1982583.25,2458.5,odd,20,2024-07-12,0.00527426160338,liquid_universe-2024-06-28-6895,daily_high_low_midpoint_proxy,13:30:00,2497.5,238.5,宏碩系統,09:00:00,0.01,181908443,836998.9,10,stall5,249.75,0,10,841,sell,2024-07-05,12,255,244.5,1896,6895,7,39
32000,529222.25,-1453361,board,2059,2024-07-15,0.00157662744412,liquid_universe-2024-07-12-3379,daily_high_low_midpoint_proxy,13:30:00,1444800,48.7,彬台,08:59:00,0.01,118470220.45,3286407.85,32000,leader_entry,45.15,32000,38000,842,buy,2024-07-12,6502,48.65,41.65,20296488,3379,0,8561
243,518192.95,-11029.3,odd,20,2024-07-15,0.00997987597027,liquid_universe-2024-07-12-3379,daily_high_low_midpoint_proxy,13:30:00,10959.3,48.7,彬台,09:00:00,0.01,118470220.45,3286407.85,243,leader_entry,45.1,32243,328,843,buy,2024-07-12,50,48.25,41.95,24349,3379,0,70
20000,1273711.95,733395,board,1055,2024-08-07,0.00978231894762,liquid_universe-2024-07-12-3379,daily_high_low_midpoint_proxy,13:30:00,740000,32.1,彬台,08:59:00,0.01,200753374.037,4755138.1,20000,loss12,37,12243,32000,844,sell,2024-08-06,3330,39.2,34.8,2044505,3379,2220,6605
115,1278011.7,4299.75,odd,20,2024-08-07,0.00999652294854,liquid_universe-2024-07-12-3379,daily_high_low_midpoint_proxy,13:30:00,4352.75,32.1,彬台,09:00:00,0.01,200753374.037,4755138.1,115,loss12,37.85,12128,243,845,sell,2024-08-06,20,39.2,36.5,11504,3379,13,53
32000,1751052.7,473041,board,680,2024-08-08,0.0036759435228,liquid_universe-2024-07-12-3379,daily_high_low_midpoint_proxy,13:30:00,477300,35.3,彬台,08:59:00,0.01,191309694.042,4463486.05,12000,loss12,39.775,128,12000,846,sell,2024-08-06,2148,41.3,38.25,3264468,3379,1431,4259
59,1753354.05,2301.35,odd,20,2024-08-08,0.00991930060525,liquid_universe-2024-07-12-3379,daily_high_low_midpoint_proxy,13:30:00,2339.35,35.3,彬台,09:00:00,0.01,191309694.042,4463486.05,59,loss12,39.65,69,128,847,sell,2024-08-06,11,41,38.3,5948,3379,7,38
56,1755562.65,2208.6,odd,20,2024-08-09,0.0098383696416,liquid_universe-2024-07-12-3379,daily_high_low_midpoint_proxy,13:30:00,2245.6,34.5,彬台,09:00:00,0.01,192426139.04,4472736.1,56,loss12,40.1,13,69,848,sell,2024-08-06,11,41.7,38.5,5692,3379,6,37
76000,286333.65,-1469229,board,2081,2024-08-09,0.00485804975562,liquid_universe-2024-08-08-4510,daily_high_low_midpoint_proxy,13:30:00,1460575,46.8,高鋒,08:59:00,0.01,658594954.368,17807358.2,37000,leader_entry,39.475,37000,37000,849,buy,2024-08-08,6573,40.6,38.35,7616225,4510,0,8654
208,278023.25,-8310.4,odd,20,2024-08-09,0.00998128509046,liquid_universe-2024-08-08-4510,daily_high_low_midpoint_proxy,13:30:00,8252.4,46.8,高鋒,09:00:00,0.01,658594954.368,17807358.2,208,leader_entry,39.675,37208,244,850,buy,2024-08-08,38,40.95,38.4,20839,4510,0,58
64,278522.5,499.25,odd,20,2024-08-12,0.0020233463035,liquid_universe-2024-07-12-3379,daily_high_low_midpoint_proxy,13:30:00,523.25,34.5,彬台,09:00:00,0.01,191277217.893,4433925.05,13,loss12,40.25,0,13,851,sell,2024-08-06,3,41.4,39.1,6425,3379,1,24
119000,2095906.5,1817384,board,2613,2024-08-13,0.000913887355487,liquid_universe-2024-05-10-4562,daily_high_low_midpoint_proxy,13:30:00,1833750,63.5,穎漢,08:59:00,0.01,776366579.605,11915518.75,25000,time63,73.35,226,25000,852,sell,2024-08-12,8252,77.5,69.2,27355669,4562,5501,16366
498,2112446.6,16540.1,odd,24,2024-08-13,0.00453733261057,liquid_universe-2024-05-10-4562,daily_high_low_midpoint_proxy,13:30:00,16690.1,63.5,穎漢,09:00:00,0.01,776366579.605,11915518.75,226,time63,73.85,0,226,853,sell,2024-08-12,76,77.5,70.2,49809,4562,50,150
54000,498062.6,-1614384,board,2287,2024-08-14,0.00198618858141,liquid_universe-2024-08-13-8043,daily_high_low_midpoint_proxy,13:30:00,1604875,46.85,蜜望實,08:59:00,0.01,183956065.65,5462461.15,37000,leader_entry,43.375,37000,37000,854,buy,2024-08-13,7222,46.1,40.65,18628644,8043,0,9509
249,486968.12,-11094.48,odd,20,2024-08-14,0.00996518189459,liquid_universe-2024-08-13-8043,daily_high_low_midpoint_proxy,13:30:00,11024.48,46.85,蜜望實,09:00:00,0.01,183956065.65,5462461.15,249,leader_entry,44.275,37249,740,855,buy,2024-08-13,50,46.5,42.05,24987,8043,0,70
28000,1825339.52,1324473,board,1904,2024-10-14,0.00927221658757,liquid_universe-2024-07-08-3535,daily_high_low_midpoint_proxy,13:30:00,1336400,46.8,晶彩科,08:59:00,0.01,310029173.79,5062530.5,26000,time63,51.4,476,26000,856,sell,2024-10-11,6014,52.4,50.4,2804076,3535,4009,11927
98,1830323.62,4984.1,odd,20,2024-10-14,0.00998471726949,liquid_universe-2024-07-08-3535,daily_high_low_midpoint_proxy,13:30:00,5042.1,46.8,晶彩科,09:00:00,0.01,310029173.79,5062530.5,98,time63,51.45,378,476,857,sell,2024-10-11,23,52.5,50.4,9815,3535,15,58
136,1837457.62,7134,odd,20,2024-10-15,0.00994152046784,liquid_universe-2024-07-08-3535,daily_high_low_midpoint_proxy,13:30:00,7208,47.2,晶彩科,09:00:00,0.01,274674301.51,4513999.6,136,time63,53,242,378,858,sell,2024-10-11,33,53.6,52.4,13680,3535,21,74
46000,518488.62,-1318969,board,1868,2024-10-15,0.00211584562559,liquid_universe-2024-10-14-1595,daily_high_low_midpoint_proxy,13:30:00,1311200,67.9,川寶,08:59:00,0.01,255290382.865,4670019.65,22000,leader_entry,59.6,22000,22000,859,buy,2024-10-14,5901,63.5,55.7,10397734,1595,0,7769
198,506743.52,-11745.1,odd,20,2024-10-15,0.00996928654146,liquid_universe-2024-10-14-1595,daily_high_low_midpoint_proxy,13:30:00,11672.1,67.9,川寶,09:00:00,0.01,255290382.865,4670019.65,198,leader_entry,58.95,22198,804,860,buy,2024-10-14,53,61.9,56,19861,1595,0,73
96,511687.12,4943.6,odd,20,2024-10-16,0.00991940483571,liquid_universe-2024-07-08-3535,daily_high_low_midpoint_proxy,13:30:00,5001.6,47.2,晶彩科,09:00:00,0.01,250156725.015,4143873.85,96,time63,52.1,146,242,861,sell,2024-10-11,23,52.8,51.4,9678,3535,15,58
89,516316.97,4629.85,odd,20,2024-10-17,0.00995303064191,liquid_universe-2024-07-08-3535,daily_high_low_midpoint_proxy,13:30:00,4685.85,46.1,晶彩科,09:00:00,0.01,235255836.035,3922259.85,89,time63,52.65,57,146,862,sell,2024-10-11,22,53.8,51.5,8942,3535,14,56
113,519337.72,3020.75,odd,20,2024-10-18,0.00502512562814,liquid_universe-2024-07-08-3535,daily_high_low_midpoint_proxy,13:30:00,3063.75,48.6,晶彩科,09:00:00,0.01,211281148.085,3567236.25,57,time63,53.75,0,57,863,sell,2024-10-11,14,54.5,53,11343,3535,9,43
67000,2112639.72,1593302,board,2291,2024-11-13,0.0054727421204,liquid_universe-2024-08-08-4510,daily_high_low_midpoint_proxy,13:30:00,1607650,38.75,高鋒,08:59:00,0.01,563035178.02,12445007.75,37000,time63,43.45,208,37000,864,sell,2024-11-12,7235,44.6,42.3,6760779,4510,4822,14348
177,2120252.37,7612.65,odd,20,2024-11-13,0.00995724572457,liquid_universe-2024-08-08-4510,daily_high_low_midpoint_proxy,13:30:00,7690.65,38.75,高鋒,09:00:00,0.01,563035178.02,12445007.75,177,time63,43.45,31,208,865,sell,2024-11-12,35,44.4,42.5,17776,4510,23,78
67,2121530.02,1277.65,odd,20,2024-11-14,0.00461103673955,liquid_universe-2024-08-08-4510,daily_high_low_midpoint_proxy,13:30:00,1306.65,38.2,高鋒,09:00:00,0.01,560015149.507,12345395.25,31,time63,42.15,0,31,866,sell,2024-11-12,6,42.6,41.7,6723,4510,3,29
71000,743160.02,-1378370,board,1953,2024-11-14,0.00019369736328,liquid_universe-2024-11-13-3211,daily_high_low_midpoint_proxy,13:30:00,1370250,173,順達,08:59:00,0.01,999462734.125,7167044.1,9000,leader_entry,152.25,9000,9000,867,buy,2024-11-13,6167,157,147.5,46464236,3211,0,8120
2091,716382.02,-26778,odd,38,2024-11-14,0.000841489244716,liquid_universe-2024-11-13-3211,daily_high_low_midpoint_proxy,13:30:00,26620,173,順達,09:00:00,0.01,999462734.125,7167044.1,176,leader_entry,151.25,9176,176,868,buy,2024-11-13,120,154,148.5,209153,3211,0,158
9000,1033253.02,316871,board,456,2024-11-15,0.00988455932987,liquid_universe-2024-08-13-8043,daily_high_low_midpoint_proxy,13:30:00,319725,31.85,蜜望實,08:59:00,0.01,173450332.265,4060902.2,9000,loss12,35.525,28249,37000,869,sell,2024-11-14,1439,35.9,35.15,910511,8043,959,2854
24,1034076.62,823.6,odd,20,2024-11-15,0.00973236009732,liquid_universe-2024-08-13-8043,daily_high_low_midpoint_proxy,13:30:00,849.6,31.85,蜜望實,09:00:00,0.01,173450332.265,4060902.2,24,loss12,35.4,28225,249,870,sell,2024-11-14,4,35.65,35.15,2466,8043,2,26
16000,1574014.62,539938,board,776,2024-11-18,0.00961701442192,liquid_universe-2024-08-13-8043,daily_high_low_midpoint_proxy,13:30:00,544800,31.8,蜜望實,08:59:00,0.01,173989952.345,4078809.85,16000,loss12,34.05,12225,28000,871,sell,2024-11-14,2452,34.85,33.25,1663718,8043,1634,4862
62,1576083.52,2068.9,odd,20,2024-11-18,0.00997105178514,liquid_universe-2024-08-13-8043,daily_high_low_midpoint_proxy,13:30:00,2104.9,31.8,蜜望實,09:00:00,0.01,173989952.345,4078809.85,62,loss12,33.95,12163,225,872,sell,2024-11-14,10,34.4,33.5,6218,8043,6,36
6000,1777073.52,200990,board,289,2024-11-19,0.00949544376956,liquid_universe-2024-08-13-8043,daily_high_low_midpoint_proxy,13:30:00,202800,29.95,蜜望實,08:59:00,0.01,175235211.84,4121925.35,6000,loss12,33.8,6163,12000,873,sell,2024-11-14,913,34.1,33.5,631882,8043,608,1810
28,1777993.62,920.1,odd,20,2024-11-19,0.00971547536433,liquid_universe-2024-08-13-8043,daily_high_low_midpoint_proxy,13:30:00,947.1,29.95,蜜望實,09:00:00,0.01,175235211.84,4121925.35,28,loss12,33.825,6135,163,874,sell,2024-11-14,5,34,33.65,2882,8043,2,27
6000,1976456.62,198463,board,285,2024-11-20,0.00991610971184,liquid_universe-2024-08-13-8043,daily_high_low_midpoint_proxy,13:30:00,200250,30.4,蜜望實,08:59:00,0.01,166727761.92,3923933.1,6000,loss12,33.375,135,6000,875,sell,2024-11-14,902,33.9,32.85,605076,8043,600,1787
69,1978720.77,2264.15,odd,20,2024-11-20,0.00988255514179,liquid_universe-2024-08-13-8043,daily_high_low_midpoint_proxy,13:30:00,2301.15,30.4,蜜望實,09:00:00,0.01,166727761.92,3923933.1,69,loss12,33.35,66,135,876,sell,2024-11-14,11,33.9,32.8,6982,8043,6,37
37,1979922.02,1201.25,odd,20,2024-11-21,0.00977284733228,liquid_universe-2024-08-13-8043,daily_high_low_midpoint_proxy,13:30:00,1230.25,29.75,蜜望實,09:00:00,0.01,136524675.322,3240976.05,37,loss12,33.25,29,66,877,sell,2024-11-14,6,33.65,32.85,3786,8043,3,29
68000,574142.02,-1405780,board,1991,2024-11-21,0.000537988682827,liquid_universe-2024-11-20-1569,daily_high_low_midpoint_proxy,13:30:00,1397500,59.7,濱川,08:59:00,0.01,311350579.855,6868975.9,25000,leader_entry,55.9,25000,25000,878,buy,2024-11-20,6289,59.5,52.3,46469379,1569,0,8280
377,552980.42,-21161.6,odd,30,2024-11-21,0.00997565622354,liquid_universe-2024-11-20-1569,daily_high_low_midpoint_proxy,13:30:00,21036.6,59.7,濱川,09:00:00,0.01,311350579.855,6868975.9,377,leader_entry,55.8,25377,627,879,buy,2024-11-20,95,59,52.6,37792,1569,0,125
29,553930.72,950.3,odd,20,2024-11-22,0.00968280467446,liquid_universe-2024-08-13-8043,daily_high_low_midpoint_proxy,13:30:00,977.3,29.9,蜜望實,09:00:00,0.01,131635631.53,3133332.5,29,loss12,33.7,0,29,880,sell,2024-11-14,5,33.85,33.55,2995,8043,2,27
14000,1231726.72,677796,board,975,2024-11-28,0.00935411818394,liquid_universe-2024-10-14-1595,daily_high_low_midpoint_proxy,13:30:00,683900,43.05,川寶,08:59:00,0.01,199304223.79,3233357,14000,loss12,48.85,8198,22000,881,sell,2024-11-27,3078,49.9,47.8,1496667,1595,2051,6104
84,1235781.22,4054.5,odd,20,2024-11-28,0.00994789199432,liquid_universe-2024-10-14-1595,daily_high_low_midpoint_proxy,13:30:00,4105.5,43.05,川寶,09:00:00,0.01,199304223.79,3233357,84,loss12,48.875,8114,198,882,sell,2024-11-27,19,49.5,48.25,8444,1595,12,51
6000,1524927.22,289146,board,416,2024-11-29,0.00873023148209,liquid_universe-2024-10-14-1595,daily_high_low_midpoint_proxy,13:30:00,291750,43.65,川寶,08:59:00,0.01,192531813.525,3175174.65,6000,loss12,48.625,2114,8000,883,sell,2024-11-27,1313,49.1,48.15,687267,1595,875,2604
22,1525968.97,1041.75,odd,20,2024-11-29,0.00992331980153,liquid_universe-2024-10-14-1595,daily_high_low_midpoint_proxy,13:30:00,1069.75,43.65,川寶,09:00:00,0.01,192531813.525,3175174.65,22,loss12,48.625,2092,114,884,sell,2024-11-27,5,49,48.25,2217,1595,3,28
20000,1620715.97,94747,board,136,2024-12-02,0.000993034853537,liquid_universe-2024-10-14-1595,daily_high_low_midpoint_proxy,13:30:00,95600,43.6,川寶,08:59:00,0.01,173262316.465,2912198.75,2000,loss12,47.8,92,2000,885,sell,2024-11-27,431,49.2,46.4,2014028,1595,286,853
76,1624278.97,3563,odd,20,2024-12-02,0.00989841104454,liquid_universe-2024-10-14-1595,daily_high_low_midpoint_proxy,13:30:00,3610,43.6,川寶,09:00:00,0.01,173262316.465,2912198.75,76,loss12,47.5,16,92,886,sell,2024-11-27,17,48.4,46.6,7678,1595,10,47
46,1625037.77,758.8,odd,20,2024-12-03,0.00343495062258,liquid_universe-2024-10-14-1595,daily_high_low_midpoint_proxy,13:30:00,784.8,41.8,川寶,09:00:00,0.01,164265458.37,2805473.7,16,loss12,49.05,0,16,887,sell,2024-11-27,4,51,47.1,4658,1595,2,26
13000,626656.77,-998381,board,1414,2024-12-03,0.000181292795297,liquid_universe-2024-12-02-6781,daily_high_low_midpoint_proxy,13:30:00,992500,1060,AES-KY,08:59:00,0.01,998657958.4,1347293.9,1000,leader_entry,992.5,1000,1000,888,buy,2024-12-02,4467,1050,935,5515939,6781,0,5881
560,103187.77,-523469,odd,742,2024-12-03,0.00933012220141,liquid_universe-2024-12-02-6781,daily_high_low_midpoint_proxy,13:30:00,520385,1060,AES-KY,09:00:00,0.01,998657958.4,1347293.9,523,leader_entry,995,1523,523,889,buy,2024-12-02,2342,1050,940,56055,6781,0,3084
4000,1058583.77,955396,board,1374,2024-12-10,0.00216317242215,liquid_universe-2024-12-02-6781,daily_high_low_midpoint_proxy,13:30:00,964000,893,AES-KY,08:59:00,0.01,1319308806.45,1445928.45,1000,stall5,964,523,1000,890,sell,2024-12-09,4338,975,953,462284,6781,2892,8604
100,1154519.77,95936,odd,138,2024-12-10,0.00992063492063,liquid_universe-2024-12-02-6781,daily_high_low_midpoint_proxy,13:30:00,96800,893,AES-KY,09:00:00,0.01,1319308806.45,1445928.45,100,stall5,968,423,523,891,sell,2024-12-09,436,983,953,10080,6781,290,864
80,1229484.77,74965,odd,108,2024-12-11,0.00999250562078,liquid_universe-2024-12-02-6781,daily_high_low_midpoint_proxy,13:30:00,75640,858,AES-KY,09:00:00,0.01,1151709856.25,1208566.3,80,stall5,945.5,343,423,892,sell,2024-12-09,341,960,931,8006,6781,226,675
156,1375048.77,145564,odd,209,2024-12-12,0.00995850622407,liquid_universe-2024-12-02-6781,daily_high_low_midpoint_proxy,13:30:00,146874,846,AES-KY,09:00:00,0.01,1128620976.1,1173078.15,156,stall5,941.5,187,343,893,sell,2024-12-09,661,967,916,15665,6781,440,1310
66,1436142.77,61094,odd,88,2024-12-13,0.00985368766796,liquid_universe-2024-12-02-6781,daily_high_low_midpoint_proxy,13:30:00,61644,839,AES-KY,09:00:00,0.01,1117945712.9,1154490.5,66,stall5,934,121,187,894,sell,2024-12-09,278,945,923,6698,6781,184,550
26000,688789.77,-747353,board,1059,2024-12-13,0.00152206903508,liquid_universe-2024-12-12-2468,daily_high_low_midpoint_proxy,13:30:00,742950,30.8,華經,08:59:00,0.01,72060259.9275,2659730.3,26000,leader_entry,28.575,26000,44000,895,buy,2024-12-12,3344,29.85,27.3,17082011,2468,0,4403
148,684505.87,-4283.9,odd,20,2024-12-13,0.00994489987905,liquid_universe-2024-12-12-2468,daily_high_low_midpoint_proxy,13:30:00,4243.9,30.8,華經,09:00:00,0.01,72060259.9275,2659730.3,148,leader_entry,28.675,26148,381,896,buy,2024-12-12,20,29.9,27.45,14882,2468,0,40
105,781544.37,97038.5,odd,140,2024-12-16,0.00990659496179,liquid_universe-2024-12-02-6781,daily_high_low_midpoint_proxy,13:30:00,97912.5,852,AES-KY,09:00:00,0.01,1099420320.8,1126405.25,105,stall5,932.5,16,121,897,sell,2024-12-09,441,958,907,10599,6781,293,874
105,796196.37,14652,odd,21,2024-12-17,0.00151745068285,liquid_universe-2024-12-02-6781,daily_high_low_midpoint_proxy,13:30:00,14784,840,AES-KY,09:00:00,0.01,1098916937.15,1122203.15,16,stall5,924,0,16,898,sell,2024-12-09,67,938,910,10544,6781,44,132
46000,1517699.37,721503,board,1037,2024-12-20,0.00368954625251,liquid_universe-2024-12-12-2468,daily_high_low_midpoint_proxy,13:30:00,728000,24.4,華經,08:59:00,0.01,128517011.91,4697396.8,26000,stall5,28,148,26000,899,sell,2024-12-19,3276,29.2,26.8,7046937,2468,2184,6497
78,1519870.77,2171.4,odd,20,2024-12-20,0.00989094598022,liquid_universe-2024-12-12-2468,daily_high_low_midpoint_proxy,13:30:00,2207.4,24.4,華經,09:00:00,0.01,128517011.91,4697396.8,78,stall5,28.3,70,148,900,sell,2024-12-19,10,29.5,27.1,7886,2468,6,36
44,1521062.77,1192,odd,20,2024-12-23,0.00998185117967,liquid_universe-2024-12-12-2468,daily_high_low_midpoint_proxy,13:30:00,1221,24.95,華經,09:00:00,0.01,138194671.275,5045983.45,44,stall5,27.75,26,70,901,sell,2024-12-19,6,28.2,27.3,4408,2468,3,29
172000,191983.77,-1329079,board,1883,2024-12-23,0.00100818724667,liquid_universe-2024-12-20-8111,daily_high_low_midpoint_proxy,13:30:00,1321250,58.3,立碁,08:59:00,0.01,817919190.473,17295615.7,25000,leader_entry,52.85,25000,25000,902,buy,2024-12-20,5946,54.2,51.5,24796981,8111,0,7829
509,164975.02,-27008.75,odd,38,2024-12-23,0.00998861807763,liquid_universe-2024-12-20-8111,daily_high_low_midpoint_proxy,13:30:00,26849.75,58.3,立碁,09:00:00,0.01,817919190.473,17295615.7,509,leader_entry,52.75,25509,916,903,buy,2024-12-20,121,53.9,51.6,50958,8111,0,159
47,165671.82,696.8,odd,20,2024-12-24,0.00552838613651,liquid_universe-2024-12-12-2468,daily_high_low_midpoint_proxy,13:30:00,722.8,24.6,華經,09:00:00,0.01,141726059.595,5174925.85,26,stall5,27.8,0,26,904,sell,2024-12-19,4,28.3,27.3,4703,2468,2,26
221000,1540788.82,1375117,board,1977,2024-12-30,0.000777140771031,liquid_universe-2024-12-20-8111,daily_high_low_midpoint_proxy,13:30:00,1387500,48.55,立碁,08:59:00,0.01,1095485977.59,22152305.55,25000,stall5,55.5,509,25000,905,sell,2024-12-27,6244,57.2,53.8,32169204,8111,4162,12383
394,1562460.82,21672,odd,31,2024-12-30,0.00998909819233,liquid_universe-2024-12-20-8111,daily_high_low_midpoint_proxy,13:30:00,21867,48.55,立碁,09:00:00,0.01,1095485977.59,22152305.55,394,stall5,55.5,115,509,906,sell,2024-12-27,99,57.1,53.9,39443,8111,65,195
354,1568587.57,6126.75,odd,20,2024-12-31,0.00324501255679,liquid_universe-2024-12-20-8111,daily_high_low_midpoint_proxy,13:30:00,6192.75,49,立碁,09:00:00,0.01,1174644508.14,23546326.05,115,stall5,53.85,0,115,907,sell,2024-12-27,28,54.9,52.8,35439,8111,18,66
3000,806096.57,-762491,board,1080,2024-12-31,0.00323144584581,liquid_universe-2024-12-30-5314,daily_high_low_midpoint_proxy,13:30:00,758000,798,世紀*,08:59:00,0.01,438511521.05,769396.9,1000,leader_entry,758,1000,1000,908,buy,2024-12-30,3411,790,726,309459,5314,0,4491
126,709578.57,-96518,odd,137,2024-12-31,0.00993690851735,liquid_universe-2024-12-30-5314,daily_high_low_midpoint_proxy,13:30:00,95949,798,世紀*,09:00:00,0.01,438511521.05,769396.9,126,leader_entry,761.5,1126,946,909,buy,2024-12-30,432,798,725,12680,5314,0,569
42000,1884621.57,1175043,board,1690,2025-01-03,0.00515069066641,liquid_universe-2024-11-20-1569,daily_high_low_midpoint_proxy,13:30:00,1185625,43.7,濱川,08:59:00,0.01,245952806.035,4206243.6,25000,loss12,47.425,377,25000,910,sell,2025-01-02,5336,49.5,45.35,4853718,1569,3556,10582
116,1890041.57,5420,odd,20,2025-01-03,0.00998192926598,liquid_universe-2024-11-20-1569,daily_high_low_midpoint_proxy,13:30:00,5481,43.7,濱川,09:00:00,0.01,245952806.035,4206243.6,116,loss12,47.25,261,377,911,sell,2025-01-02,25,48.7,45.8,11621,1569,16,61
97,1894777.37,4735.8,odd,20,2025-01-06,0.00992225859247,liquid_universe-2024-11-20-1569,daily_high_low_midpoint_proxy,13:30:00,4791.8,41.65,濱川,09:00:00,0.01,251730167.07,4364350.9,97,loss12,49.4,164,261,912,sell,2025-01-02,22,50.8,48,9776,1569,14,56
7000,1330754.37,-564023,board,799,2025-01-06,0.000481860233823,liquid_universe-2025-01-03-6928,daily_high_low_midpoint_proxy,13:30:00,560700,87.2,攸泰科技,08:59:00,0.01,54349253.145,760509.2,7000,leader_entry,80.1,7000,17000,913,buy,2025-01-03,2524,86.2,74,14527034,6928,0,3323
234,1311734.17,-19020.2,odd,27,2025-01-06,0.00998549116668,liquid_universe-2025-01-03-6928,daily_high_low_midpoint_proxy,13:30:00,18907.2,87.2,攸泰科技,09:00:00,0.01,54349253.145,760509.2,234,leader_entry,80.8,7234,606,914,buy,2025-01-03,86,85.6,76,23434,6928,0,113
87,1316020.3,4286.13,odd,20,2025-01-07,0.00997477642742,liquid_universe-2024-11-20-1569,daily_high_low_midpoint_proxy,13:30:00,4339.13,44.05,濱川,09:00:00,0.01,262023752.47,4596650.2,87,loss12,49.875,77,164,915,sell,2025-01-02,20,51.4,48.35,8722,1569,13,53
171,1320169.65,4149.35,odd,20,2025-01-08,0.00448534979903,liquid_universe-2024-11-20-1569,daily_high_low_midpoint_proxy,13:30:00,4200.35,45.85,濱川,09:00:00,0.01,267044063.885,4725228.6,77,loss12,54.55,0,77,916,sell,2025-01-02,19,55.9,53.2,17167,1569,12,51
74,1376971.65,56802,odd,82,2025-01-08,0.00992622401073,liquid_universe-2024-12-30-5314,daily_high_low_midpoint_proxy,13:30:00,57313,671,世紀*,09:00:00,0.01,458802061.15,780686.25,74,stall5,774.5,1052,126,917,sell,2025-01-07,258,790,759,7455,5314,171,511
57,1416395.65,39424,odd,57,2025-01-09,0.00904505131327,liquid_universe-2024-12-30-5314,daily_high_low_midpoint_proxy,13:30:00,39780,702,世紀*,09:00:00,0.01,459145654.65,779237.15,52,stall5,765,1000,52,918,sell,2025-01-07,180,790,740,5749,5314,119,356
12000,1886760.65,470365,board,676,2025-01-13,0.00548824613686,liquid_universe-2025-01-03-6928,daily_high_low_midpoint_proxy,13:30:00,474600,59.7,攸泰科技,08:59:00,0.01,136193265.615,1845576.2,7000,loss12,67.8,234,7000,919,sell,2025-01-10,2136,70.4,65.2,1275453,6928,1423,4235
44,1889690.85,2930.2,odd,20,2025-01-13,0.00990321854603,liquid_universe-2025-01-03-6928,daily_high_low_midpoint_proxy,13:30:00,2972.2,59.7,攸泰科技,09:00:00,0.01,136193265.615,1845576.2,44,loss12,67.55,190,234,920,sell,2025-01-10,14,69.8,65.3,4443,6928,8,42
34,1891940.35,2249.5,odd,20,2025-01-14,0.00983796296296,liquid_universe-2025-01-03-6928,daily_high_low_midpoint_proxy,13:30:00,2286.5,60.7,攸泰科技,09:00:00,0.01,140430243.845,1908277.2,34,loss12,67.25,156,190,921,sell,2025-01-10,11,68,66.5,3456,6928,6,37
19000,1334808.35,-557132,board,789,2025-01-14,0.00249818060136,liquid_universe-2025-01-13-3373,daily_high_low_midpoint_proxy,13:30:00,553850,33.85,熱映,08:59:00,0.01,55249959.195,1994624.2,19000,leader_entry,29.15,19000,43000,922,buy,2025-01-13,2493,30.5,27.8,7605535,3373,0,3282
104,1331802.55,-3005.8,odd,20,2025-01-14,0.00991987790919,liquid_universe-2025-01-13-3373,daily_high_low_midpoint_proxy,13:30:00,2971.8,33.85,熱映,09:00:00,0.01,55249959.195,1994624.2,104,leader_entry,28.575,19104,499,923,buy,2025-01-13,14,29.15,28,10484,3373,0,34
31,1333860.6,2058.05,odd,20,2025-01-15,0.0097300690521,liquid_universe-2025-01-03-6928,daily_high_low_midpoint_proxy,13:30:00,2094.05,61.9,攸泰科技,09:00:00,0.01,141706123.045,1926563.8,31,loss12,67.55,125,156,924,sell,2025-01-10,10,68.5,66.6,3186,6928,6,36
30,1335839.1,1978.5,odd,20,2025-01-16,0.00987491770902,liquid_universe-2025-01-03-6928,daily_high_low_midpoint_proxy,13:30:00,2014.5,59.4,攸泰科技,09:00:00,0.01,142870986.845,1944148.1,30,loss12,67.15,95,125,925,sell,2025-01-10,10,67.9,66.4,3038,6928,6,36
40,1338400.1,2561,odd,20,2025-01-17,0.00996015936255,liquid_universe-2025-01-03-6928,daily_high_low_midpoint_proxy,13:30:00,2600,59.2,攸泰科技,09:00:00,0.01,143647762.265,1955755.4,40,loss12,65,55,95,926,sell,2025-01-10,12,66.5,63.5,4016,6928,7,39
6000,2224421.1,886021,board,1274,2025-01-20,0.000880808159102,liquid_universe-2024-12-30-5314,daily_high_low_midpoint_proxy,13:30:00,894000,818,世紀*,08:59:00,0.01,382126532.95,602486.25,1000,stall5,894,0,1000,927,sell,2025-01-07,4023,970,818,1135321,5314,2682,7979
16,2225409.9,988.8,odd,20,2025-01-20,0.00951248513674,liquid_universe-2025-01-03-6928,daily_high_low_midpoint_proxy,13:30:00,1016.8,56.9,攸泰科技,09:00:00,0.01,144777001.145,1973430.8,16,loss12,63.55,39,55,928,sell,2025-01-10,5,63.9,63.2,1682,6928,3,28
25,2227029.15,1619.25,odd,20,2025-01-21,0.00991276764473,liquid_universe-2025-01-03-6928,daily_high_low_midpoint_proxy,13:30:00,1651.25,57.3,攸泰科技,09:00:00,0.01,145408931.625,1982913.7,25,loss12,66.05,14,39,929,sell,2025-01-10,8,67,65.1,2522,6928,4,32
28000,2690257.15,463228,board,666,2025-01-21,0.00309836223834,liquid_universe-2025-01-13-3373,daily_high_low_midpoint_proxy,13:30:00,467400,22.15,熱映,08:59:00,0.01,78560453.63,2855932.3,19000,stall5,24.6,104,19000,930,sell,2025-01-20,2104,25,24.2,6132272,3373,1402,4172
12,2690530.65,273.5,odd,20,2025-01-21,0.00981996726678,liquid_universe-2025-01-13-3373,daily_high_low_midpoint_proxy,13:30:00,295.5,22.15,熱映,09:00:00,0.01,78560453.63,2855932.3,12,stall5,24.625,92,104,931,sell,2025-01-20,2,24.95,24.3,1222,3373,0,22
50000,1437952.65,-1252578,board,1774,2025-01-21,0.00437541019471,liquid_universe-2025-01-20-3379,daily_high_low_midpoint_proxy,13:30:00,1245200,64.4,彬台,08:59:00,0.01,700743076.983,13875891.25,22000,leader_entry,56.6,22000,22000,932,buy,2025-01-20,5604,57.9,55.3,5028100,3379,0,7378
287,1421554.05,-16398.6,odd,23,2025-01-21,0.00998747216036,liquid_universe-2025-01-20-3379,daily_high_low_midpoint_proxy,13:30:00,16301.6,64.4,彬台,09:00:00,0.01,700743076.983,13875891.25,287,leader_entry,56.8,22287,769,933,buy,2025-01-20,74,58.6,55,28736,3379,0,97
20,1422436.35,882.3,odd,20,2025-01-22,0.00678952473327,liquid_universe-2025-01-03-6928,daily_high_low_midpoint_proxy,13:30:00,909.3,58.1,攸泰科技,09:00:00,0.01,147000930.075,2007489.8,14,loss12,64.95,0,14,934,sell,2025-01-10,5,66.1,63.8,2062,6928,2,27
18,1422870.45,434.1,odd,20,2025-01-22,0.00953389830508,liquid_universe-2025-01-13-3373,daily_high_low_midpoint_proxy,13:30:00,458.1,21.8,熱映,09:00:00,0.01,85945978.7475,3160832.55,18,stall5,25.45,74,92,935,sell,2025-01-20,3,26.6,24.3,1888,3373,1,24
598000,107220.45,-1315650,board,1864,2025-01-22,0.000219738978659,liquid_universe-2025-01-21-6558,daily_high_low_midpoint_proxy,13:30:00,1307900,62.2,興能高,08:59:00,0.01,2845711760.3,59817094.85,22000,leader_entry,59.45,22000,22000,936,buy,2025-01-21,5886,62.1,56.8,100118787,6558,0,7750
766,63787.5,-43432.95,odd,62,2025-01-22,0.00937883175498,liquid_universe-2025-01-21-6558,daily_high_low_midpoint_proxy,13:30:00,43175.95,62.2,興能高,09:00:00,0.01,2845711760.3,59817094.85,719,leader_entry,60.05,22719,719,937,buy,2025-01-21,195,62.2,57.9,76662,6558,0,257
61,65301.33,1513.83,odd,20,2025-02-03,0.00994781474234,liquid_universe-2025-01-13-3373,daily_high_low_midpoint_proxy,13:30:00,1544.83,22.05,熱映,09:00:00,0.01,86859760.1925,3197779,61,stall5,25.325,13,74,938,sell,2025-01-20,7,26.95,23.7,6132,3373,4,31
15,65611.48,310.15,odd,20,2025-02-04,0.00820707070707,liquid_universe-2025-01-13-3373,daily_high_low_midpoint_proxy,13:30:00,332.15,23.5,熱映,09:00:00,0.01,92323011.5925,3404755.6,13,stall5,25.55,0,13,939,sell,2025-01-20,2,26.05,25.05,1584,3373,0,22
11000,649949.48,584338,board,840,2025-02-06,0.00924229948411,liquid_universe-2025-01-20-3379,daily_high_low_midpoint_proxy,13:30:00,589600,48.8,彬台,08:59:00,0.01,686896159.995,13237106.1,11000,stall5,53.6,11287,22000,940,sell,2025-02-05,2654,54.7,52.5,1190180,3379,1768,5262
107,655627.03,5677.55,odd,20,2025-02-06,0.00995997393652,liquid_universe-2025-01-20-3379,daily_high_low_midpoint_proxy,13:30:00,5740.55,48.8,彬台,09:00:00,0.01,686896159.995,13237106.1,107,stall5,53.65,11180,287,941,sell,2025-02-05,26,54.7,52.6,10743,3379,17,63
14000,1241600.03,585973,board,843,2025-02-07,0.00767505759782,liquid_universe-2025-01-20-3379,daily_high_low_midpoint_proxy,13:30:00,591250,47.25,彬台,08:59:00,0.01,689098013.425,13271753.4,11000,stall5,53.75,180,11000,942,sell,2025-02-05,2661,56,51.5,1433214,3379,1773,5277
128,1248415.43,6815.4,odd,20,2025-02-07,0.0099572150914,liquid_universe-2025-01-20-3379,daily_high_low_midpoint_proxy,13:30:00,6886.4,47.25,彬台,09:00:00,0.01,689098013.425,13271753.4,128,stall5,53.8,52,180,943,sell,2025-02-05,31,56,51.6,12855,3379,20,71
32000,2520658.43,1272243,board,1829,2025-02-07,0.0068543854358,liquid_universe-2025-01-21-6558,daily_high_low_midpoint_proxy,13:30:00,1283700,51.7,興能高,08:59:00,0.01,3115736930.02,61237798.7,22000,stall5,58.35,719,22000,944,sell,2025-02-06,5777,59.1,57.6,3209624,6558,3851,11457
248,2535024.03,14365.6,odd,21,2025-02-07,0.00997225461418,liquid_universe-2025-01-21-6558,daily_high_low_midpoint_proxy,13:30:00,14495.6,51.7,興能高,09:00:00,0.01,3115736930.02,61237798.7,248,stall5,58.45,471,719,945,sell,2025-02-06,66,59.3,57.6,24869,6558,43,130
88,2537830.03,2806,odd,20,2025-02-10,0.0059070771328,liquid_universe-2025-01-20-3379,daily_high_low_midpoint_proxy,13:30:00,2847,50.4,彬台,09:00:00,0.01,691878015.435,13310417.3,52,stall5,54.75,0,52,946,sell,2025-02-05,13,55.4,54.1,8803,3379,8,41
200,2549264.03,11434,odd,20,2025-02-10,0.0099755598783,liquid_universe-2025-01-21-6558,daily_high_low_midpoint_proxy,13:30:00,11540,52.7,興能高,09:00:00,0.01,3094469788.13,60617253.35,200,stall5,57.7,271,471,947,sell,2025-02-06,52,57.9,57.5,20049,6558,34,106
34000,1810512.03,-738752,board,1047,2025-02-10,0.00817178240274,liquid_universe-2025-02-07-2516,daily_high_low_midpoint_proxy,13:30:00,734400,24.45,新建,08:59:00,0.01,60524443.995,3428156.45,34000,leader_entry,21.6,34000,56000,948,buy,2025-02-07,3305,22.9,20.3,4160659,2516,0,4352
146,1807239.48,-3272.55,odd,20,2025-02-10,0.00996314999318,liquid_universe-2025-02-07-2516,daily_high_low_midpoint_proxy,13:30:00,3237.55,24.45,新建,09:00:00,0.01,60524443.995,3428156.45,146,leader_entry,22.175,34146,991,949,buy,2025-02-07,15,23,21.35,14654,2516,0,35
34000,820175.48,-987064,board,1398,2025-02-10,0.00103267870453,liquid_universe-2025-02-07-6148,daily_high_low_midpoint_proxy,13:30:00,981250,43.9,驊宏資,08:59:00,0.01,123379176.997,3413723.45,25000,leader_entry,39.25,25000,25000,950,buy,2025-02-07,4416,41.35,37.15,24208885,6148,0,5814
415,803956.73,-16218.75,odd,23,2025-02-10,0.00999349820599,liquid_universe-2025-02-07-6148,daily_high_low_midpoint_proxy,13:30:00,16122.75,43.9,驊宏資,09:00:00,0.01,123379176.997,3413723.45,415,leader_entry,38.85,25415,434,951,buy,2025-02-07,73,40.2,37.5,41527,6148,0,96
265,819031.73,15075,odd,22,2025-02-11,0.0099871862516,liquid_universe-2025-01-21-6558,daily_high_low_midpoint_proxy,13:30:00,15211,52.1,興能高,09:00:00,0.01,3072755650.22,60014453.4,265,stall5,57.4,6,271,952,sell,2025-02-06,69,58.4,56.4,26534,6558,45,136
256,819349.23,317.5,odd,20,2025-02-12,0.000234201178813,liquid_universe-2025-01-21-6558,daily_high_low_midpoint_proxy,13:30:00,340.5,51,興能高,09:00:00,0.01,3064312085.36,59724592.75,6,stall5,56.75,0,6,953,sell,2025-02-06,2,58,55.5,25619,6558,1,23
18000,1196651.23,377302,board,542,2025-02-17,0.00985382399538,liquid_universe-2025-02-07-2516,daily_high_low_midpoint_proxy,13:30:00,380700,18.8,新建,08:59:00,0.01,68202999.59,3630420.6,18000,stall5,21.15,16146,34000,954,sell,2025-02-14,1714,21.7,20.6,1826702,2516,1142,3398
87,1198452.93,1801.7,odd,20,2025-02-17,0.00996906153317,liquid_universe-2025-02-07-2516,daily_high_low_midpoint_proxy,13:30:00,1835.7,18.8,新建,09:00:00,0.01,68202999.59,3630420.6,87,stall5,21.1,16059,146,955,sell,2025-02-14,9,21.7,20.5,8727,2516,5,34
7000,1463812.93,265360,board,382,2025-02-17,0.00984182776801,liquid_universe-2025-02-07-6148,daily_high_low_midpoint_proxy,13:30:00,267750,34.3,驊宏資,08:59:00,0.01,180958108.283,4894779.3,7000,stall5,38.25,18415,25000,956,sell,2025-02-14,1205,38.5,38,711250,6148,803,2390
28,1464844.03,1031.1,odd,20,2025-02-17,0.00989749027925,liquid_universe-2025-02-07-6148,daily_high_low_midpoint_proxy,13:30:00,1059.1,34.3,驊宏資,09:00:00,0.01,180958108.283,4894779.3,28,stall5,37.825,18387,415,957,sell,2025-02-14,5,38.15,37.5,2829,6148,3,28
32000,1812513.03,347669,board,500,2025-02-18,0.00490839252292,liquid_universe-2025-02-07-2516,daily_high_low_midpoint_proxy,13:30:00,350800,19.25,新建,08:59:00,0.01,67989901.225,3577548.85,16000,stall5,21.925,59,16000,958,sell,2025-02-14,1579,22.55,21.3,3259723,2516,1052,3131
84,1813784.98,1271.95,odd,20,2025-02-18,0.00697399527187,liquid_universe-2025-02-07-2516,daily_high_low_midpoint_proxy,13:30:00,1300.95,19.25,新建,09:00:00,0.01,67989901.225,3577548.85,59,stall5,22.05,0,59,959,sell,2025-02-14,6,22.65,21.45,8460,2516,3,29
10000,2197826.98,384042,board,552,2025-02-18,0.00928348227133,liquid_universe-2025-02-07-6148,daily_high_low_midpoint_proxy,13:30:00,387500,34.35,驊宏資,08:59:00,0.01,181964497.875,4916945.25,10000,stall5,38.75,8387,18000,960,sell,2025-02-14,1744,39,38.5,1077182,6148,1162,3458
67,2200382.56,2555.58,odd,20,2025-02-18,0.00994655581948,liquid_universe-2025-02-07-6148,daily_high_low_midpoint_proxy,13:30:00,2594.58,34.35,驊宏資,09:00:00,0.01,181964497.875,4916945.25,67,stall5,38.725,8320,387,961,sell,2025-02-14,12,38.95,38.5,6736,6148,7,39
49000,2526247.56,325865,board,469,2025-02-19,0.00154510191106,liquid_universe-2025-02-07-6148,daily_high_low_midpoint_proxy,13:30:00,328800,35.1,驊宏資,08:59:00,0.01,183228847.455,4939131.8,8000,stall5,41.1,320,8000,962,sell,2025-02-14,1480,42.9,39.3,5177652,6148,986,2935
228,2535584.36,9336.8,odd,20,2025-02-19,0.00998860948042,liquid_universe-2025-02-07-6148,daily_high_low_midpoint_proxy,13:30:00,9427.8,35.1,驊宏資,09:00:00,0.01,183228847.455,4939131.8,228,stall5,41.35,92,320,963,sell,2025-02-14,43,42.9,39.8,22826,6148,28,91
56000,1235929.36,-1299655,board,1841,2025-02-19,0.000592327624702,liquid_universe-2025-02-18-6206,daily_high_low_midpoint_proxy,13:30:00,1292000,166.5,飛捷,08:59:00,0.01,729116904.455,5682849.85,8000,leader_entry,161.5,8000,8000,964,buy,2025-02-18,5814,166.5,156.5,13506039,6206,0,7655
488,1187666.61,-48262.75,odd,68,2025-02-19,0.00600053247046,liquid_universe-2025-02-18-6206,daily_high_low_midpoint_proxy,13:30:00,47978.75,166.5,飛捷,09:00:00,0.01,729116904.455,5682849.85,293,leader_entry,163.75,8293,293,965,buy,2025-02-18,216,166.5,161,48829,6206,0,284
149,1191372.21,3705.6,odd,20,2025-02-20,0.00613701554266,liquid_universe-2025-02-07-6148,daily_high_low_midpoint_proxy,13:30:00,3753.6,38.65,驊宏資,09:00:00,0.01,193656903.765,5171735.05,92,stall5,40.8,0,92,966,sell,2025-02-14,17,42.6,39,14991,6148,11,48
85000,194299.21,-997073,board,1412,2025-02-20,0.0018808827547,liquid_universe-2025-02-19-3379,daily_high_low_midpoint_proxy,13:30:00,991200,70.9,彬台,08:59:00,0.01,776352905.277,14094799.85,16000,leader_entry,61.95,16000,16000,967,buy,2025-02-19,4461,63.8,60.1,8506644,3379,0,5873
378,170914.21,-23385,odd,33,2025-02-20,0.0099899571859,liquid_universe-2025-02-19-3379,daily_high_low_midpoint_proxy,13:30:00,23247,70.9,彬台,09:00:00,0.01,776352905.277,14094799.85,378,leader_entry,61.5,16378,652,968,buy,2025-02-19,105,62.6,60.4,37838,3379,0,138
43000,1812134.21,1641220,board,2360,2025-02-21,0.00207411456625,liquid_universe-2024-11-13-3211,daily_high_low_midpoint_proxy,13:30:00,1656000,163,順達,08:59:00,0.01,1697939321.45,9275682.8,9000,time63,184,176,9000,969,sell,2025-02-20,7452,187,181,4339201,3211,4968,14780
347,1844229.21,32095,odd,46,2025-02-21,0.00506664363647,liquid_universe-2024-11-13-3211,daily_high_low_midpoint_proxy,13:30:00,32384,163,順達,09:00:00,0.01,1697939321.45,9275682.8,176,time63,184,0,176,970,sell,2025-02-20,146,187,181,34737,3211,97,289
178000,544070.21,-1300159,board,1842,2025-02-24,0.000388504512021,liquid_universe-2025-02-21-4916,daily_high_low_midpoint_proxy,13:30:00,1292500,56.5,事欣科,08:59:00,0.01,785785590.94,17852761.15,25000,leader_entry,51.7,25000,25000,971,buy,2025-02-21,5817,53.2,50.2,64349317,4916,0,7659
600,512685.21,-31385,odd,44,2025-02-24,0.00999600159936,liquid_universe-2025-02-21-4916,daily_high_low_midpoint_proxy,13:30:00,31200,56.5,事欣科,09:00:00,0.01,785785590.94,17852761.15,600,leader_entry,52,25600,622,972,buy,2025-02-21,141,53,51,60024,4916,0,185
114000,1826850.21,1314165,board,1890,2025-02-26,0.000489404065516,liquid_universe-2025-02-18-6206,daily_high_low_midpoint_proxy,13:30:00,1326000,148.5,飛捷,08:59:00,0.01,1701001248.91,11425854.35,8000,stall5,165.75,293,8000,973,sell,2025-02-25,5967,173.5,158,16346411,6206,3978,11835
590,1875198.71,48348.5,odd,70,2025-02-26,0.00496021669206,liquid_universe-2025-02-18-6206,daily_high_low_midpoint_proxy,13:30:00,48784.5,148.5,飛捷,09:00:00,0.01,1701001248.91,11425854.35,293,stall5,166.5,0,293,974,sell,2025-02-25,220,173.5,159.5,59070,6206,146,436
43000,934406.71,-940792,board,1333,2025-02-27,0.00452158906305,liquid_universe-2025-02-26-2032,daily_high_low_midpoint_proxy,13:30:00,935250,23.85,新鋼,08:59:00,0.01,83148965.485,4313794.2,43000,leader_entry,21.75,43000,61000,975,buy,2025-02-26,4209,22.3,21.2,9509931,2032,0,5542
178,930506.11,-3900.6,odd,20,2025-02-27,0.0099826145477,liquid_universe-2025-02-26-2032,daily_high_low_midpoint_proxy,13:30:00,3862.6,23.85,新鋼,09:00:00,0.01,83148965.485,4313794.2,178,leader_entry,21.7,43178,315,976,buy,2025-02-26,18,22.2,21.2,17831,2032,0,38
191000,2175544.11,1245038,board,1790,2025-03-04,0.00130568041487,liquid_universe-2025-02-21-4916,daily_high_low_midpoint_proxy,13:30:00,1256250,45.45,事欣科,08:59:00,0.01,1249238468.45,26634445.15,25000,stall5,50.25,600,25000,977,sell,2025-03-03,5654,52.4,48.1,19147105,4916,3768,11212
386,2194863.11,19319,odd,28,2025-03-04,0.00999818685731,liquid_universe-2025-02-21-4916,daily_high_low_midpoint_proxy,13:30:00,19493,45.45,事欣科,09:00:00,0.01,1249238468.45,26634445.15,386,stall5,50.5,214,600,978,sell,2025-03-03,88,52.5,48.5,38607,4916,58,174
501,2206291.71,11428.6,odd,20,2025-03-05,0.00426804946151,liquid_universe-2025-02-21-4916,daily_high_low_midpoint_proxy,13:30:00,11534.6,47,事欣科,09:00:00,0.01,1296318863.21,27503447.75,214,stall5,53.9,0,214,979,sell,2025-03-03,52,56,51.8,50140,4916,34,106
30000,2826952.71,620661,board,892,2025-03-07,0.00972024172297,liquid_universe-2025-02-26-2032,daily_high_low_midpoint_proxy,13:30:00,626250,18.55,新鋼,08:59:00,0.01,111858627.21,5648477.65,30000,stall5,20.875,13178,43000,980,sell,2025-03-06,2819,21.4,20.35,3086343,2032,1878,5589
88,2828757.91,1805.2,odd,20,2025-03-07,0.00997732426304,liquid_universe-2025-02-26-2032,daily_high_low_midpoint_proxy,13:30:00,1839.2,18.55,新鋼,09:00:00,0.01,111858627.21,5648477.65,88,stall5,20.9,13090,178,981,sell,2025-03-06,9,21.25,20.55,8820,2032,5,34
18000,3097065.91,268308,board,386,2025-03-10,0.00710852530908,liquid_universe-2025-02-26-2032,daily_high_low_midpoint_proxy,13:30:00,270725,18.55,新鋼,08:59:00,0.01,114987445.9,5799136.8,13000,stall5,20.825,90,13000,982,sell,2025-03-06,1219,21.05,20.6,1828790,2032,812,2417
25,3097561.29,495.38,odd,20,2025-03-10,0.00997207818109,liquid_universe-2025-02-26-2032,daily_high_low_midpoint_proxy,13:30:00,519.38,18.55,新鋼,09:00:00,0.01,114987445.9,5799136.8,25,stall5,20.775,65,90,983,sell,2025-03-06,3,21,20.55,2507,2032,1,24
56,3098662.09,1100.8,odd,20,2025-03-11,0.00989574129705,liquid_universe-2025-02-26-2032,daily_high_low_midpoint_proxy,13:30:00,1129.8,18.8,新鋼,09:00:00,0.01,116842548.855,5886823.7,56,stall5,20.175,9,65,984,sell,2025-03-06,6,20.35,20,5659,2032,3,29
47,3098824.24,162.15,odd,20,2025-03-12,0.0019120458891,liquid_universe-2025-02-26-2032,daily_high_low_midpoint_proxy,13:30:00,183.15,18.3,新鋼,09:00:00,0.01,117561041.98,5903326.45,9,stall5,20.35,0,9,985,sell,2025-03-06,1,20.6,20.1,4707,2032,0,21
11000,3555339.24,456515,board,656,2025-04-09,0.00918006956824,liquid_universe-2025-02-19-3379,daily_high_low_midpoint_proxy,13:30:00,460625,40.9,彬台,08:59:00,0.01,405201052.97,5820885.95,11000,loss12,41.875,5378,16000,986,sell,2025-04-07,2073,42.85,40.9,1198248,3379,1381,4110
42,3557050.29,1711.05,odd,20,2025-04-09,0.00989399293286,liquid_universe-2025-02-19-3379,daily_high_low_midpoint_proxy,13:30:00,1744.05,40.9,彬台,09:00:00,0.01,405201052.97,5820885.95,42,loss12,41.525,5336,378,987,sell,2025-04-07,8,42.15,40.9,4245,3379,5,33
6000,3778927.29,221877,board,319,2025-04-10,0.00804645054973,liquid_universe-2025-02-19-3379,daily_high_low_midpoint_proxy,13:30:00,223875,36.85,彬台,08:59:00,0.01,380042363.61,5493030,5000,loss12,44.775,336,5000,988,sell,2025-04-07,1008,44.95,44.6,621392,3379,671,1998
23,3779929.12,1001.83,odd,20,2025-04-10,0.00970054829186,liquid_universe-2025-02-19-3379,daily_high_low_midpoint_proxy,13:30:00,1029.83,36.85,彬台,09:00:00,0.01,380042363.61,5493030,23,loss12,44.775,313,336,989,sell,2025-04-07,5,44.95,44.6,2371,3379,3,28
63,3782723.12,2794,odd,20,2025-04-11,0.00994161275051,liquid_universe-2025-02-19-3379,daily_high_low_midpoint_proxy,13:30:00,2835,40.5,彬台,09:00:00,0.01,347063746.755,5051263.35,63,loss12,45,250,313,990,sell,2025-04-07,13,47,43,6337,3379,8,41
72,3786118.72,3395.6,odd,20,2025-04-14,0.00986977381768,liquid_universe-2025-02-19-3379,daily_high_low_midpoint_proxy,13:30:00,3441.6,42,彬台,09:00:00,0.01,312337804.673,4605569.45,72,loss12,47.8,178,250,991,sell,2025-04-07,16,49.25,46.35,7295,3379,10,46
87,3790338.42,4219.7,odd,20,2025-04-15,0.00998507976587,liquid_universe-2025-02-19-3379,daily_high_low_midpoint_proxy,13:30:00,4271.7,41.85,彬台,09:00:00,0.01,265576464.418,3970420.7,87,loss12,49.1,91,178,992,sell,2025-04-07,20,51.1,47.1,8713,3379,12,52
107,3795059.92,4721.5,odd,20,2025-04-16,0.00843060959792,liquid_universe-2025-02-19-3379,daily_high_low_midpoint_proxy,13:30:00,4777.5,46,彬台,09:00:00,0.01,251863226.012,3809899.15,91,loss12,52.5,0,91,993,sell,2025-04-07,22,53.9,51.1,10794,3379,14,56
82000,2747991.92,-1047068,board,1483,2025-06-11,0.000689668999768,liquid_universe-2025-06-10-2429,daily_high_low_midpoint_proxy,13:30:00,1040900,86.4,銘旺科,08:59:00,0.01,541971225.79,8220496.9,14000,leader_entry,74.35,14000,14000,994,buy,2025-06-10,4685,77.9,70.8,20299593,2429,0,6168
454,2714446.62,-33545.3,odd,48,2025-06-11,0.00999053759655,liquid_universe-2025-06-10-2429,daily_high_low_midpoint_proxy,13:30:00,33346.3,86.4,銘旺科,09:00:00,0.01,541971225.79,8220496.9,454,leader_entry,73.45,14454,555,995,buy,2025-06-10,151,76,70.9,45443,2429,0,199
20000,2015328.62,-699118,board,990,2025-06-11,0.00555332188609,liquid_universe-2025-06-10-6838,daily_high_low_midpoint_proxy,13:30:00,695000,38.15,台新藥,08:59:00,0.01,62207334.405,2013298.25,20000,leader_entry,34.75,20000,32000,996,buy,2025-06-10,3128,36,33.5,3601448,6838,0,4118
123,2011038.97,-4289.65,odd,20,2025-06-11,0.00996920084292,liquid_universe-2025-06-10-6838,daily_high_low_midpoint_proxy,13:30:00,4249.65,38.15,台新藥,09:00:00,0.01,62207334.405,2013298.25,123,leader_entry,34.55,20123,963,997,buy,2025-06-10,20,35.45,33.65,12338,6838,0,40
41000,877109.97,-1133929,board,1606,2025-06-11,0.000931148461752,liquid_universe-2025-06-10-4722,daily_high_low_midpoint_proxy,13:30:00,1127250,81.9,國精化,08:59:00,0.01,271067310.85,4199158.15,15000,leader_entry,75.15,15000,15000,998,buy,2025-06-10,5073,77,73.3,16109139,4722,0,6679
360,850188.57,-26921.4,odd,38,2025-06-11,0.0098232372284,liquid_universe-2025-06-10-4722,daily_high_low_midpoint_proxy,13:30:00,26762.4,81.9,國精化,09:00:00,0.01,271067310.85,4199158.15,354,leader_entry,75.6,15354,354,999,buy,2025-06-10,121,77.5,73.7,36037,4722,0,159
31000,1950281.57,1100093,board,1582,2025-06-18,0.00471400300879,liquid_universe-2025-06-10-4722,daily_high_low_midpoint_proxy,13:30:00,1110000,66.6,國精化,08:59:00,0.01,378854630.635,5434226.55,15000,stall5,74,354,15000,1000,sell,2025-06-17,4995,75.5,72.5,3182009,4722,3330,9907
156,1961719.57,11438,odd,20,2025-06-18,0.00998783532877,liquid_universe-2025-06-10-4722,daily_high_low_midpoint_proxy,13:30:00,11544,66.6,國精化,09:00:00,0.01,378854630.635,5434226.55,156,stall5,74,198,354,1001,sell,2025-06-17,52,75.1,72.9,15619,4722,34,106
145,1972047.07,10327.5,odd,20,2025-06-19,0.00995810727285,liquid_universe-2025-06-10-4722,daily_high_low_midpoint_proxy,13:30:00,10425.5,65.4,國精化,09:00:00,0.01,382311069.175,5459758.45,145,stall5,71.9,53,198,1002,sell,2025-06-17,47,72.7,71.1,14561,4722,31,98
42000,877047.07,-1095000,board,1551,2025-06-19,0.0064332434876,liquid_universe-2025-06-18-5475,daily_high_low_midpoint_proxy,13:30:00,1088550,30.45,德宏,08:59:00,0.01,85032975.55,4219339.35,41000,leader_entry,26.55,41000,41000,1003,buy,2025-06-18,4899,27.5,25.6,6373146,5475,0,6450
258,870184.87,-6862.2,odd,20,2025-06-19,0.00996177458589,liquid_universe-2025-06-18-5475,daily_high_low_midpoint_proxy,13:30:00,6811.2,30.45,德宏,09:00:00,0.01,85032975.55,4219339.35,258,leader_entry,26.4,41258,410,1004,buy,2025-06-18,31,27,25.8,25899,5475,0,51
124,873852.17,3667.3,odd,20,2025-06-20,0.00425395296573,liquid_universe-2025-06-10-4722,daily_high_low_midpoint_proxy,13:30:00,3715.3,63.9,國精化,09:00:00,0.01,381395728.63,5420444.5,53,stall5,70.1,0,53,1005,sell,2025-06-17,17,71,69.2,12459,4722,11,48
22000,1709824.17,835972,board,1202,2025-07-07,0.00621100928014,liquid_universe-2025-06-10-2429,daily_high_low_midpoint_proxy,13:30:00,843500,54.4,銘旺科,08:59:00,0.01,813653150.215,11165224.55,14000,loss12,60.25,454,14000,1006,sell,2025-07-04,3796,61.5,59,2254062,2429,2530,7528
89,1715209.97,5385.8,odd,20,2025-07-07,0.00994191242181,liquid_universe-2025-06-10-2429,daily_high_low_midpoint_proxy,13:30:00,5446.8,54.4,銘旺科,09:00:00,0.01,813653150.215,11165224.55,89,loss12,61.2,365,454,1007,sell,2025-07-04,25,63,59.4,8952,2429,16,61
105,1721499.72,6289.75,odd,20,2025-07-08,0.0099677235618,liquid_universe-2025-06-10-2429,daily_high_low_midpoint_proxy,13:30:00,6357.75,53.5,銘旺科,09:00:00,0.01,750610478.93,10302581.7,105,loss12,60.55,260,365,1008,sell,2025-07-04,29,62.1,59,10534,2429,19,68
233000,634295.72,-1087204,board,1540,2025-07-08,0.000578950691674,liquid_universe-2025-07-07-3297,daily_high_low_midpoint_proxy,13:30:00,1080800,74.8,杭特,08:59:00,0.01,1310963774.69,23377778.4,16000,leader_entry,67.55,16000,16000,1009,buy,2025-07-07,4864,71.2,63.9,27636205,3297,0,6404
400,619661.12,-14634.6,odd,21,2025-07-08,0.00539838048585,liquid_universe-2025-07-07-3297,daily_high_low_midpoint_proxy,13:30:00,14547.6,74.8,杭特,09:00:00,0.01,1310963774.69,23377778.4,216,leader_entry,67.35,16216,216,1010,buy,2025-07-07,66,70.8,63.9,40012,3297,0,87
82,624678.92,5017.8,odd,20,2025-07-09,0.00988428158149,liquid_universe-2025-06-10-2429,daily_high_low_midpoint_proxy,13:30:00,5075.8,55.7,銘旺科,09:00:00,0.01,570381526.25,8041927.5,82,loss12,61.9,178,260,1011,sell,2025-07-04,23,62.2,61.6,8296,2429,15,58
93,630316.82,5637.9,odd,20,2025-07-10,0.00990099009901,liquid_universe-2025-06-10-2429,daily_high_low_midpoint_proxy,13:30:00,5700.9,55.8,銘旺科,09:00:00,0.01,503684466.95,7110364.65,93,loss12,61.3,85,178,1012,sell,2025-07-04,26,62.5,60.1,9393,2429,17,63
170,635589.57,5272.75,odd,20,2025-07-11,0.00498884845639,liquid_universe-2025-06-10-2429,daily_high_low_midpoint_proxy,13:30:00,5333.75,54.3,銘旺科,09:00:00,0.01,423425372.94,6019392.95,85,loss12,62.75,0,85,1013,sell,2025-07-04,25,66,59.5,17038,2429,16,61
124000,1713879.57,1078290,board,1550,2025-07-15,0.00128036464785,liquid_universe-2025-07-07-3297,daily_high_low_midpoint_proxy,13:30:00,1088000,60.5,杭特,08:59:00,0.01,1642012775.85,27792153.8,16000,stall5,68,216,16000,1014,sell,2025-07-14,4896,70.6,65.4,12496440,3297,3264,9710
220,1728489.57,14610,odd,21,2025-07-15,0.00980169714571,liquid_universe-2025-07-07-3297,daily_high_low_midpoint_proxy,13:30:00,14742,60.5,杭特,09:00:00,0.01,1642012775.85,27792153.8,216,stall5,68.25,0,216,1015,sell,2025-07-14,67,70.9,65.6,22037,3297,44,132
3000,904636.57,-823853,board,1167,2025-07-17,0.00441406910961,liquid_universe-2025-07-16-8499,daily_high_low_midpoint_proxy,13:30:00,819000,282.5,鼎炫-KY,08:59:00,0.01,81525816.475,367735.65,3000,leader_entry,273,3000,4000,1016,buy,2025-07-16,3686,282.5,263.5,679645,8499,0,4853
278,828083.07,-76553.5,odd,108,2025-07-17,0.00998419767275,liquid_universe-2025-07-16-8499,daily_high_low_midpoint_proxy,13:30:00,76102.5,282.5,鼎炫-KY,09:00:00,0.01,81525816.475,367735.65,278,leader_entry,273.75,3278,485,1017,buy,2025-07-16,343,282.5,265,27844,8499,0,451
1000,1097903.07,269820,board,388,2025-07-24,0.00692837446478,liquid_universe-2025-07-16-8499,daily_high_low_midpoint_proxy,13:30:00,272250,243,鼎炫-KY,08:59:00,0.01,107776821.8,454266.95,1000,stall5,272.25,2278,3000,1018,sell,2025-07-23,1226,276.5,268,144334,8499,816,2430
50,1111492.57,13589.5,odd,20,2025-07-24,0.00981546917943,liquid_universe-2025-07-16-8499,daily_high_low_midpoint_proxy,13:30:00,13712.5,243,鼎炫-KY,09:00:00,0.01,107776821.8,454266.95,50,stall5,274.25,2228,278,1019,sell,2025-07-23,62,278.5,270,5094,8499,41,123
2000,1646672.57,535180,board,770,2025-07-25,0.00927046106638,liquid_universe-2025-07-16-8499,daily_high_low_midpoint_proxy,13:30:00,540000,241.5,鼎炫-KY,08:59:00,0.01,108491966.9,453768.9,2000,stall5,270,228,2000,1020,sell,2025-07-23,2430,272,268,215739,8499,1620,4820
46,1658717.07,12044.5,odd,20,2025-07-25,0.0098585512216,liquid_universe-2025-07-16-8499,daily_high_low_midpoint_proxy,13:30:00,12155.5,241.5,鼎炫-KY,09:00:00,0.01,108491966.9,453768.9,46,stall5,264.25,182,228,1021,sell,2025-07-23,55,270.5,258,4666,8499,36,111
44,1670783.07,12066,odd,20,2025-07-28,0.00985442329227,liquid_universe-2025-07-16-8499,daily_high_low_midpoint_proxy,13:30:00,12177,241.5,鼎炫-KY,09:00:00,0.01,110305226.3,458344.65,44,stall5,276.75,138,182,1022,sell,2025-07-23,55,285,268.5,4465,8499,36,111
89000,554960.07,-1115823,board,1581,2025-07-28,0.000825148728933,liquid_universe-2025-07-25-3543,daily_high_low_midpoint_proxy,13:30:00,1109250,40,州巧,08:59:00,0.01,280929989.538,8999080.7,30000,leader_entry,36.975,30000,30000,1023,buy,2025-07-25,4992,38,35.95,36357082,3543,0,6573
215,546835.19,-8124.88,odd,20,2025-07-28,0.00997633520486,liquid_universe-2025-07-25-3543,daily_high_low_midpoint_proxy,13:30:00,8067.88,40,州巧,09:00:00,0.01,280929989.538,8999080.7,215,leader_entry,37.525,30215,594,1024,buy,2025-07-25,37,38.15,36.9,21551,3543,0,57
27,554211.19,7376,odd,20,2025-07-29,0.00995208256543,liquid_universe-2025-07-16-8499,daily_high_low_midpoint_proxy,13:30:00,7452,252,鼎炫-KY,09:00:00,0.01,107529556.45,437264.85,27,stall5,276,111,138,1025,sell,2025-07-23,34,282,270,2713,8499,22,76
17,558806.69,4595.5,odd,20,2025-07-30,0.00992990654206,liquid_universe-2025-07-16-8499,daily_high_low_midpoint_proxy,13:30:00,4649.5,243,鼎炫-KY,09:00:00,0.01,107327524.35,433654.1,17,stall5,273.5,94,111,1026,sell,2025-07-23,21,276,271,1712,8499,13,54
35,568426.19,9619.5,odd,20,2025-07-31,0.00993189557321,liquid_universe-2025-07-16-8499,daily_high_low_midpoint_proxy,13:30:00,9712.5,248.5,鼎炫-KY,09:00:00,0.01,107468120.025,431968.4,35,stall5,277.5,59,94,1027,sell,2025-07-23,44,283,272,3524,8499,29,93
71,585135.44,16709.25,odd,24,2025-08-01,0.00830167440552,liquid_universe-2025-07-16-8499,daily_high_low_midpoint_proxy,13:30:00,16859.25,250.5,鼎炫-KY,09:00:00,0.01,107865876.2,430976.8,59,stall5,285.75,0,59,1028,sell,2025-07-23,76,299,272.5,7107,8499,50,150
13000,996133.44,410998,board,591,2025-08-25,0.00960299731707,liquid_universe-2025-07-25-3543,daily_high_low_midpoint_proxy,13:30:00,414700,28.3,州巧,08:59:00,0.01,346232101.212,9328962.25,13000,loss12,31.9,17215,30000,1029,sell,2025-08-22,1867,32.4,31.4,1353744,3543,1244,3702
37,997295.84,1162.4,odd,20,2025-08-25,0.00996230479268,liquid_universe-2025-07-25-3543,daily_high_low_midpoint_proxy,13:30:00,1191.4,28.3,州巧,09:00:00,0.01,346232101.212,9328962.25,37,loss12,32.2,17178,215,1030,sell,2025-08-22,6,32.9,31.5,3714,3543,3,29
13000,1407649.84,410354,board,590,2025-08-26,0.00943766062172,liquid_universe-2025-07-25-3543,daily_high_low_midpoint_proxy,13:30:00,414050,28.5,州巧,08:59:00,0.01,281659155.623,7578795.35,13000,loss12,31.85,4178,17000,1031,sell,2025-08-22,1864,32.25,31.45,1377460,3543,1242,3696
54,1409339.44,1689.6,odd,20,2025-08-26,0.00989192159736,liquid_universe-2025-07-25-3543,daily_high_low_midpoint_proxy,13:30:00,1722.6,28.5,州巧,09:00:00,0.01,281659155.623,7578795.35,54,loss12,31.9,4124,178,1032,sell,2025-08-22,8,32.2,31.6,5459,3543,5,33
12000,1536692.44,127353,board,183,2025-08-27,0.00330659400977,liquid_universe-2025-07-25-3543,daily_high_low_midpoint_proxy,13:30:00,128500,28.9,州巧,08:59:00,0.01,252743571.407,6780637.5,4000,loss12,32.125,124,4000,1033,sell,2025-08-22,579,32.5,31.75,1209704,3543,385,1147
51,1538293.72,1601.28,odd,20,2025-08-27,0.0099921630094,liquid_universe-2025-07-25-3543,daily_high_low_midpoint_proxy,13:30:00,1633.28,28.9,州巧,09:00:00,0.01,252743571.407,6780637.5,51,loss12,32.025,73,124,1034,sell,2025-08-22,8,32.3,31.75,5104,3543,4,32
41,1539590.05,1296.33,odd,20,2025-08-28,0.00976655550262,liquid_universe-2025-07-25-3543,daily_high_low_midpoint_proxy,13:30:00,1325.33,28.7,州巧,09:00:00,0.01,235184628.547,6347196.3,41,loss12,32.325,32,73,1035,sell,2025-08-22,6,32.7,31.95,4198,3543,3,29
140000,468279.05,-1071311,board,1518,2025-08-28,8.34853125472e-05,liquid_universe-2025-08-27-8033,daily_high_low_midpoint_proxy,13:30:00,1065000,194.5,雷虎,08:59:00,0.01,1745800544,14087452.6,6000,leader_entry,177.5,6000,6000,1036,buy,2025-08-27,4793,184,171,71868929,8033,0,6311
4012,348491.05,-119788,odd,170,2025-08-28,0.00166735205054,liquid_universe-2025-08-27-8033,daily_high_low_midpoint_proxy,13:30:00,119082,194.5,雷虎,09:00:00,0.01,1745800544,14087452.6,669,leader_entry,178,6669,669,1037,buy,2025-08-27,536,184,172,401235,8033,0,706
57,349475.85,984.8,odd,20,2025-08-29,0.0055720006965,liquid_universe-2025-07-25-3543,daily_high_low_midpoint_proxy,13:30:00,1012.8,28.8,州巧,09:00:00,0.01,176814127.438,4899563.8,32,loss12,31.65,0,32,1038,sell,2025-08-22,5,32.15,31.15,5743,3543,3,28
30000,1376724.85,1027249,board,1477,2025-09-04,0.00197982557737,liquid_universe-2025-08-27-8033,daily_high_low_midpoint_proxy,13:30:00,1036500,157,雷虎,08:59:00,0.01,1922314534.83,12561690.75,6000,stall5,172.75,669,6000,1039,sell,2025-09-03,4665,177.5,168,3030570,8033,3109,9251
724,1491925.6,115200.75,odd,166,2025-09-04,0.00923280751873,liquid_universe-2025-08-27-8033,daily_high_low_midpoint_proxy,13:30:00,116238.75,157,雷虎,09:00:00,0.01,1922314534.83,12561690.75,669,stall5,173.75,0,669,1040,sell,2025-09-03,524,178,169.5,72459,8033,348,1038
62000,304732.6,-1187193,board,1682,2025-09-05,0.0012024119697,liquid_universe-2025-09-04-4976,daily_high_low_midpoint_proxy,13:30:00,1180200,63.2,佳凌,08:59:00,0.01,308661532.525,6299690.25,21000,leader_entry,56.2,21000,21000,1041,buy,2025-09-04,5311,58.2,54.2,17464896,4976,0,6993
578,276698.1,-28034.5,odd,40,2025-09-05,0.00855957115684,liquid_universe-2025-09-04-4976,daily_high_low_midpoint_proxy,13:30:00,27868.5,63.2,佳凌,09:00:00,0.01,308661532.525,6299690.25,495,leader_entry,56.3,21495,495,1042,buy,2025-09-04,126,57.8,54.8,57830,4976,0,166
2000,339482.1,62784,board,90,2025-09-08,0.00737226627151,liquid_universe-2025-06-10-6838,daily_high_low_midpoint_proxy,13:30:00,63350,28.25,台新藥,08:59:00,0.01,15572462.4375,481006.05,2000,time63,31.675,18123,20000,1043,sell,2025-09-05,286,31.95,31.4,271287,6838,190,566
12,339840.1,358,odd,20,2025-09-08,0.00932400932401,liquid_universe-2025-06-10-6838,daily_high_low_midpoint_proxy,13:30:00,381,28.25,台新藥,09:00:00,0.01,15572462.4375,481006.05,12,time63,31.75,18111,123,1044,sell,2025-09-05,2,32,31.5,1287,6838,1,23
4000,463426.1,123586,board,178,2025-09-09,0.00890010301869,liquid_universe-2025-06-10-6838,daily_high_low_midpoint_proxy,13:30:00,124700,28.4,台新藥,08:59:00,0.01,15559297.705,480107.45,4000,time63,31.175,14111,18000,1045,sell,2025-09-05,562,31.65,30.7,449433,6838,374,1114
33,464437.6,1011.5,odd,20,2025-09-09,0.00990099009901,liquid_universe-2025-06-10-6838,daily_high_low_midpoint_proxy,13:30:00,1039.5,28.4,台新藥,09:00:00,0.01,15559297.705,480107.45,33,time63,31.5,14078,111,1046,sell,2025-09-05,5,32,31,3333,6838,3,28
2000,525636.6,61199,board,88,2025-09-10,0.00713490681812,liquid_universe-2025-06-10-6838,daily_high_low_midpoint_proxy,13:30:00,61750,28.05,台新藥,08:59:00,0.01,15880793.0425,490447.8,2000,time63,30.875,12078,14000,1047,sell,2025-09-05,278,31.15,30.6,280312,6838,185,551
13,526014.98,378.38,odd,20,2025-09-10,0.00990853658537,liquid_universe-2025-06-10-6838,daily_high_low_midpoint_proxy,13:30:00,401.38,28.05,台新藥,09:00:00,0.01,15880793.0425,490447.8,13,time63,30.875,12065,78,1048,sell,2025-09-05,2,31.05,30.7,1312,6838,1,23
80000,1551553.98,1025539,board,1475,2025-09-10,0.00160801126527,liquid_universe-2025-09-04-4976,daily_high_low_midpoint_proxy,13:30:00,1034775,42.9,佳凌,08:59:00,0.01,400258485.145,8036079.8,21000,loss12,49.275,495,21000,1049,sell,2025-09-09,4657,52.2,46.35,13059610,4976,3104,9236
424,1572365.58,20811.6,odd,30,2025-09-10,0.0099771748594,liquid_universe-2025-09-04-4976,daily_high_low_midpoint_proxy,13:30:00,20998.6,42.9,佳凌,09:00:00,0.01,400258485.145,8036079.8,424,loss12,49.525,71,495,1050,sell,2025-09-09,95,52.4,46.65,42497,4976,62,187
3000,1663568.58,91203,board,131,2025-09-11,0.00868299262235,liquid_universe-2025-06-10-6838,daily_high_low_midpoint_proxy,13:30:00,92025,27.9,台新藥,08:59:00,0.01,14357171.6375,443862.65,3000,time63,30.675,9065,12000,1051,sell,2025-09-05,415,31,30.35,345503,6838,276,822
25,1664310.71,742.13,odd,20,2025-09-11,0.00998801438274,liquid_universe-2025-06-10-6838,daily_high_low_midpoint_proxy,13:30:00,768.13,27.9,台新藥,09:00:00,0.01,14357171.6375,443862.65,25,time63,30.725,9040,65,1052,sell,2025-09-05,4,30.95,30.5,2503,6838,2,26
281,1667711.76,3401.05,odd,20,2025-09-11,0.00251924919278,liquid_universe-2025-09-04-4976,daily_high_low_midpoint_proxy,13:30:00,3447.05,45.75,佳凌,09:00:00,0.01,432235290.345,8652189.8,71,loss12,48.55,0,71,1053,sell,2025-09-09,16,49.5,47.6,28183,4976,10,46
39000,492791.76,-1174920,board,1664,2025-09-11,0.000968192222948,liquid_universe-2025-09-10-2231,daily_high_low_midpoint_proxy,13:30:00,1168000,162,為升,08:59:00,0.01,457743249.445,3966814.75,8000,leader_entry,146,8000,8000,1054,buy,2025-09-10,5256,150.5,141.5,8262822,2231,0,6920
496,420070.76,-72721,odd,103,2025-09-11,0.00999959679045,liquid_universe-2025-09-10-2231,daily_high_low_midpoint_proxy,13:30:00,72292,162,為升,09:00:00,0.01,457743249.445,3966814.75,496,leader_entry,145.75,8496,773,1055,buy,2025-09-10,326,150,141.5,49602,2231,0,429
1000,450470.76,30400,board,44,2025-09-12,0.0065459591794,liquid_universe-2025-06-10-6838,daily_high_low_midpoint_proxy,13:30:00,30675,27.35,台新藥,08:59:00,0.01,14239670.565,441390.05,1000,time63,30.675,8040,9000,1056,sell,2025-09-05,139,30.95,30.4,152766,6838,92,275
17,450969.94,499.18,odd,20,2025-09-12,0.00962627406569,liquid_universe-2025-06-10-6838,daily_high_low_midpoint_proxy,13:30:00,523.18,27.35,台新藥,09:00:00,0.01,14239670.565,441390.05,17,time63,30.775,8023,40,1057,sell,2025-09-05,3,30.9,30.65,1766,6838,1,24
2000,511573.94,60604,board,87,2025-09-15,0.00803193497345,liquid_universe-2025-06-10-6838,daily_high_low_midpoint_proxy,13:30:00,61150,27.45,台新藥,08:59:00,0.01,13739178.675,426472.1,2000,time63,30.575,6023,8000,1058,sell,2025-09-05,276,30.85,30.3,249006,6838,183,546
9,511827.34,253.4,odd,20,2025-09-15,0.00905432595573,liquid_universe-2025-06-10-6838,daily_high_low_midpoint_proxy,13:30:00,275.4,27.45,台新藥,09:00:00,0.01,13739178.675,426472.1,9,time63,30.6,6014,23,1059,sell,2025-09-05,2,30.7,30.5,994,6838,0,22
1000,542252.34,30425,board,44,2025-09-16,0.00530315484682,liquid_universe-2025-06-10-6838,daily_high_low_midpoint_proxy,13:30:00,30700,27.35,台新藥,08:59:00,0.01,13373840.86,416332.6,1000,time63,30.7,5014,6000,1060,sell,2025-09-05,139,30.9,30.5,188567,6838,92,275
5,542384.72,132.38,odd,20,2025-09-16,0.00881834215168,liquid_universe-2025-06-10-6838,daily_high_low_midpoint_proxy,13:30:00,153.38,27.35,台新藥,09:00:00,0.01,13373840.86,416332.6,5,time63,30.675,5009,14,1061,sell,2025-09-05,1,30.8,30.55,567,6838,0,21
13000,1164680.72,622296,board,895,2025-09-16,0.00941192824346,liquid_universe-2025-06-18-5475,daily_high_low_midpoint_proxy,13:30:00,627900,41.85,德宏,08:59:00,0.01,313571782.58,6332226.7,13000,time63,48.3,28258,41000,1062,sell,2025-09-15,2826,49.5,47.1,1381226,5475,1883,5604
107,1169736.32,5055.6,odd,20,2025-09-16,0.00997668997669,liquid_universe-2025-06-18-5475,daily_high_low_midpoint_proxy,13:30:00,5114.6,41.85,德宏,09:00:00,0.01,313571782.58,6332226.7,107,time63,47.8,28151,258,1063,sell,2025-09-15,24,49.1,46.5,10725,5475,15,59
3000,1261311.32,91575,board,132,2025-09-17,0.00930610573597,liquid_universe-2025-06-10-6838,daily_high_low_midpoint_proxy,13:30:00,92400,27.65,台新藥,08:59:00,0.01,13183063.2175,411097.5,3000,time63,30.8,2009,5000,1064,sell,2025-09-05,416,31.15,30.45,322369,6838,277,825
23,1261569.89,258.57,odd,20,2025-09-17,0.00379907133812,liquid_universe-2025-06-10-6838,daily_high_low_midpoint_proxy,13:30:00,280.57,27.65,台新藥,09:00:00,0.01,13183063.2175,411097.5,9,time63,31.175,2000,9,1065,sell,2025-09-05,2,31.9,30.45,2369,6838,0,22
29000,2718449.89,1456880,board,2095,2025-09-17,0.00943409894416,liquid_universe-2025-06-18-5475,daily_high_low_midpoint_proxy,13:30:00,1470000,44.55,德宏,08:59:00,0.01,297814350.72,6017000.1,28000,time63,52.5,151,28000,1066,sell,2025-09-15,6615,54,51,2967957,5475,4410,13120
171,2726290.84,7840.95,odd,20,2025-09-17,0.0087954333644,liquid_universe-2025-06-18-5475,daily_high_low_midpoint_proxy,13:30:00,7919.95,44.55,德宏,09:00:00,0.01,297814350.72,6017000.1,151,time63,52.45,0,151,1067,sell,2025-09-15,36,53.7,51.2,17168,5475,23,79
2000,2787935.84,61645,board,89,2025-09-18,0.00762834693722,liquid_universe-2025-06-10-6838,daily_high_low_midpoint_proxy,13:30:00,62200,27.6,台新藥,08:59:00,0.01,13025260.43,407190.35,2000,time63,31.1,0,2000,1068,sell,2025-09-05,280,31.5,30.7,262180,6838,186,555
35000,3810724.84,1022789,board,1471,2025-09-18,0.0022420022874,liquid_universe-2025-09-10-2231,daily_high_low_midpoint_proxy,13:30:00,1032000,117,為升,08:59:00,0.01,574920689.965,4585953.2,8000,stall5,129,496,8000,1069,sell,2025-09-17,4644,133.5,124.5,3568239,2231,3096,9211
368,3857863.84,47139,odd,68,2025-09-18,0.0099891422367,liquid_universe-2025-09-10-2231,daily_high_low_midpoint_proxy,13:30:00,47564,117,為升,09:00:00,0.01,574920689.965,4585953.2,368,stall5,129.25,128,496,1070,sell,2025-09-17,215,134,124.5,36840,2231,142,425
270000,2761002.84,-1096861,board,1554,2025-09-18,0.000148138942959,liquid_universe-2025-09-17-3707,daily_high_low_midpoint_proxy,13:30:00,1090400,76.8,漢磊,08:59:00,0.01,1556806056.92,27074923.2,16000,leader_entry,68.15,16000,16000,1071,buy,2025-09-17,4907,70.7,65.6,108006711,3707,0,6461
3201,2706041.14,-54961.7,odd,78,2025-09-18,0.00247713414634,liquid_universe-2025-09-17-3707,daily_high_low_midpoint_proxy,13:30:00,54637.7,76.8,漢磊,09:00:00,0.01,1556806056.92,27074923.2,793,leader_entry,68.9,16793,793,1072,buy,2025-09-17,246,70.4,67.4,320128,3707,0,324
262,2721771.14,15730,odd,23,2025-09-19,0.0048743335872,liquid_universe-2025-09-10-2231,daily_high_low_midpoint_proxy,13:30:00,15872,112.5,為升,09:00:00,0.01,590038760.8,4682828,128,stall5,124,0,128,1073,sell,2025-09-17,72,127,121,26260,2231,47,142
2197000,1545844.14,-1175927,board,1666,2025-09-19,6.01524075018e-05,liquid_universe-2025-09-18-2344,daily_high_low_midpoint_proxy,13:30:00,1169000,35.5,華邦電,08:59:00,0.01,5693438433.16,219774127.9,35000,leader_entry,33.4,35000,35000,1074,buy,2025-09-18,5261,34.3,32.5,581855348,2344,0,6927
11611,1517224.01,-28620.13,odd,41,2025-09-19,0.000736312341112,liquid_universe-2025-09-18-2344,daily_high_low_midpoint_proxy,13:30:00,28450.13,35.5,華邦電,09:00:00,0.01,5693438433.16,219774127.9,855,leader_entry,33.275,35855,855,1075,buy,2025-09-18,129,34,32.55,1161192,2344,0,170
1434000,390588.01,-1126636,board,1596,2025-09-19,6.39039886026e-05,liquid_universe-2025-09-18-2408,daily_high_low_midpoint_proxy,13:30:00,1120000,88,南亞科,08:59:00,0.01,8879134095.64,143488011.15,14000,leader_entry,80,14000,14000,1076,buy,2025-09-18,5040,81.4,78.6,219078657,2408,0,6636
8470,353317.61,-37270.4,odd,53,2025-09-19,0.000547753737475,liquid_universe-2025-09-18-2408,daily_high_low_midpoint_proxy,13:30:00,37050.4,88,南亞科,09:00:00,0.01,8879134095.64,143488011.15,464,leader_entry,79.85,14464,464,1077,buy,2025-09-18,167,81,78.7,847096,2408,0,220
197000,1329328.61,976011,board,1403,2025-09-25,0.000808462255272,liquid_universe-2025-09-17-3707,daily_high_low_midpoint_proxy,13:30:00,984800,55.5,漢磊,08:59:00,0.01,2254929696.27,37259252.25,16000,stall5,61.55,793,16000,1078,sell,2025-09-24,4432,63.3,59.8,19790658,3707,2954,8789
898,1377583.81,48255.2,odd,69,2025-09-25,0.00882945676016,liquid_universe-2025-09-17-3707,daily_high_low_midpoint_proxy,13:30:00,48690.2,55.5,漢磊,09:00:00,0.01,2254929696.27,37259252.25,793,stall5,61.4,0,793,1079,sell,2025-09-24,220,63,59.8,89813,3707,146,435
456000,2384218.81,1006635,board,1447,2025-09-26,0.000306979709957,liquid_universe-2025-09-18-2408,daily_high_low_midpoint_proxy,13:30:00,1015700,69,南亞科,08:59:00,0.01,10713161547.3,163414242.35,14000,stall5,72.55,464,14000,1080,sell,2025-09-25,4571,75,70.1,45605620,2408,3047,9065
4882,2417467.01,33248.2,odd,48,2025-09-26,0.000950358125255,liquid_universe-2025-09-18-2408,daily_high_low_midpoint_proxy,13:30:00,33547.2,69,南亞科,09:00:00,0.01,10713161547.3,163414242.35,464,stall5,72.3,0,464,1081,sell,2025-09-25,151,74.5,70.1,488237,2408,100,299
223,2021539.01,-395928,odd,561,2025-09-26,0.00996915373955,liquid_universe-2025-09-25-6510,daily_high_low_midpoint_proxy,13:30:00,393595,1985,精測,09:00:00,0.01,1887037310.25,1263927.65,223,leader_entry,1765,223,614,1082,buy,2025-09-25,1772,1795,1735,22369,6510,0,2333
410,1109038.01,-912501,odd,1293,2025-09-30,0.00997906829577,liquid_universe-2025-09-26-6515,daily_high_low_midpoint_proxy,13:30:00,907125,2315,穎崴,09:00:00,0.01,2413047034.5,1353498.1,410,leader_entry,2212.5,410,506,1083,buy,2025-09-26,4083,2275,2150,41086,6515,0,5376
576,1979623.01,870585,odd,1252,2025-10-08,0.00711694353313,liquid_universe-2025-09-26-6515,daily_high_low_midpoint_proxy,13:30:00,878425,1915,穎崴,09:00:00,0.01,2359181093.5,1169841.95,410,stall5,2142.5,0,410,1084,sell,2025-10-07,3953,2190,2095,57609,6515,2635,7840
2112000,822104.01,-1157519,board,1640,2025-10-09,0.000112187671418,liquid_universe-2025-10-08-6770,daily_high_low_midpoint_proxy,13:30:00,1150700,34.1,力積電,08:59:00,0.01,5271528190.72,211278188.15,37000,leader_entry,31.1,37000,37000,1085,buy,2025-10-08,5179,32,30.2,329804510,6770,0,6819
8426,813365.46,-8738.55,odd,20,2025-10-09,0.00033467321297,liquid_universe-2025-10-08-6770,daily_high_low_midpoint_proxy,13:30:00,8678.55,34.1,力積電,09:00:00,0.01,5271528190.72,211278188.15,282,leader_entry,30.775,37282,282,1086,buy,2025-10-08,40,31.3,30.25,842613,6770,0,60
2508000,1896040.46,1082675,board,1557,2025-10-17,0.00014747283652,liquid_universe-2025-10-08-6770,daily_high_low_midpoint_proxy,13:30:00,1092425,25.95,力積電,08:59:00,0.01,6785727827.07,257230981.8,37000,stall5,29.525,282,37000,1087,sell,2025-10-16,4916,30.75,28.3,250893662,6770,3277,9750
6462,1904277.46,8237,odd,20,2025-10-17,0.000436394023568,liquid_universe-2025-10-08-6770,daily_high_low_midpoint_proxy,13:30:00,8319,25.95,力積電,09:00:00,0.01,6785727827.07,257230981.8,282,stall5,29.5,0,282,1088,sell,2025-10-16,38,30.65,28.35,646205,6770,24,82
61000,800274.46,-1104003,board,1564,2025-10-20,0.00163062895152,liquid_universe-2025-10-17-8271,daily_high_low_midpoint_proxy,13:30:00,1097500,124.5,宇瞻,08:59:00,0.01,1605819348.18,17256141.3,10000,leader_entry,109.75,10000,10000,1089,buy,2025-10-17,4939,112.5,107,6132603,8271,0,6503
758,766689.21,-33585.25,odd,48,2025-10-20,0.00404836944338,liquid_universe-2025-10-17-8271,daily_high_low_midpoint_proxy,13:30:00,33386.25,124.5,宇瞻,09:00:00,0.01,1605819348.18,17256141.3,307,leader_entry,108.75,10307,307,1090,buy,2025-10-17,151,111.5,106,75833,8271,0,199
111000,1742897.21,976208,board,1404,2025-11-06,0.000900415812022,liquid_universe-2025-10-17-8271,daily_high_low_midpoint_proxy,13:30:00,985000,85.3,宇瞻,08:59:00,0.01,1589709814.55,15893925.85,10000,loss12,98.5,307,10000,1091,sell,2025-11-05,4433,101.5,95.5,11105980,8271,2955,8792
585,1772790.96,29893.75,odd,43,2025-11-06,0.00524768383987,liquid_universe-2025-10-17-8271,daily_high_low_midpoint_proxy,13:30:00,30162.75,85.3,宇瞻,09:00:00,0.01,1589709814.55,15893925.85,307,loss12,98.25,0,307,1092,sell,2025-11-05,136,100.5,96,58502,8271,90,269
1760000,571716.96,-1201074,board,1701,2025-11-07,3.43195628861e-05,liquid_universe-2025-11-06-2408,daily_high_low_midpoint_proxy,13:30:00,1194000,162.5,南亞科,08:59:00,0.01,20294140888.8,176040383.45,8000,leader_entry,149.25,8000,8000,1093,buy,2025-11-06,5373,153.5,145,233103202,2408,0,7074
14160,470825.96,-100891,odd,143,2025-11-07,0.000474573925129,liquid_universe-2025-11-06-2408,daily_high_low_midpoint_proxy,13:30:00,100296,162.5,南亞科,09:00:00,0.01,20294140888.8,176040383.45,672,leader_entry,149.25,8672,672,1094,buy,2025-11-06,452,153.5,145,1416007,2408,0,595
203,769589.96,298764,odd,430,2025-11-12,0.0099896658629,liquid_universe-2025-09-25-6510,daily_high_low_midpoint_proxy,13:30:00,301455,1350,精測,09:00:00,0.01,1480677086,865790.45,203,loss12,1485,20,223,1095,sell,2025-11-11,1357,1510,1460,20321,6510,904,2691
127,799470.96,29881,odd,43,2025-11-13,0.00157331655129,liquid_universe-2025-09-25-6510,daily_high_low_midpoint_proxy,13:30:00,30150,1320,精測,09:00:00,0.01,1394972968.75,819574.8,20,loss12,1507.5,0,20,1096,sell,2025-11-11,136,1535,1480,12712,6510,90,269
580000,140387.96,-659083,board,934,2025-11-13,9.66089812829e-05,liquid_universe-2025-11-12-8112,daily_high_low_midpoint_proxy,13:30:00,655200,89.1,至上,08:59:00,0.01,4028762113.8,58071041.75,8000,leader_entry,81.9,8000,8000,1097,buy,2025-11-12,2949,84.7,79.1,82808036,8112,0,3883
4215,92139.86,-48248.1,odd,68,2025-11-13,0.00139017718828,liquid_universe-2025-11-12-8112,daily_high_low_midpoint_proxy,13:30:00,47964.1,89.1,至上,09:00:00,0.01,4028762113.8,58071041.75,586,leader_entry,81.85,8586,586,1098,buy,2025-11-12,216,84.4,79.3,421529,8112,0,284
404000,651502.86,559363,board,804,2025-11-20,0.000197623420272,liquid_universe-2025-11-12-8112,daily_high_low_midpoint_proxy,13:30:00,564400,64.1,至上,08:59:00,0.01,4376856561.35,59635947.7,8000,stall5,70.55,586,8000,1099,sell,2025-11-19,2540,73.8,67.3,40481032,8112,1693,5037
2580,692243.76,40740.9,odd,59,2025-11-20,0.002270666553,liquid_universe-2025-11-12-8112,daily_high_low_midpoint_proxy,13:30:00,41107.9,64.1,至上,09:00:00,0.01,4376856561.35,59635947.7,586,stall5,70.15,0,586,1100,sell,2025-11-19,185,72.6,67.7,258074,8112,123,367
89000,51971.76,-640272,board,907,2025-11-21,0.00068849570067,liquid_universe-2025-11-20-6163,daily_high_low_midpoint_proxy,13:30:00,636500,35.75,華電網,08:59:00,0.01,253431203.01,8921541,19000,leader_entry,33.5,19000,19000,1101,buy,2025-11-20,2865,35,32,27596396,6163,0,3772
490,43478.88,-8492.88,odd,20,2025-11-21,0.00507386653082,liquid_universe-2025-11-20-6163,daily_high_low_midpoint_proxy,13:30:00,8434.88,35.75,華電網,09:00:00,0.01,253431203.01,8921541,249,leader_entry,33.875,19249,249,1102,buy,2025-11-20,38,35,32.75,49075,6163,0,58
115000,699718.88,656240,board,944,2025-11-28,0.00151507672787,liquid_universe-2025-11-20-6163,daily_high_low_midpoint_proxy,13:30:00,662150,29.9,華電網,08:59:00,0.01,346556651.848,11572115.75,19000,stall5,34.85,249,19000,1103,sell,2025-11-27,2980,36.5,33.2,12540619,6163,1986,5910
459,708347.88,8629,odd,20,2025-11-28,0.00542424572487,liquid_universe-2025-11-20-6163,daily_high_low_midpoint_proxy,13:30:00,8715,29.9,華電網,09:00:00,0.01,346556651.848,11572115.75,249,stall5,35,0,249,1104,sell,2025-11-27,40,36.5,33.5,45905,6163,26,86
144000,53791.88,-654556,board,927,2025-12-01,0.000231115338829,liquid_universe-2025-11-28-2485,daily_high_low_midpoint_proxy,13:30:00,650700,26,兆赫,08:59:00,0.01,284753705.697,14464645.15,27000,leader_entry,24.1,27000,27000,1105,buy,2025-11-28,2929,25.8,22.4,116824786,2485,0,3856
1307,51757.43,-2034.45,odd,20,2025-12-01,0.000634998355125,liquid_universe-2025-11-28-2485,daily_high_low_midpoint_proxy,13:30:00,2004.45,26,兆赫,09:00:00,0.01,284753705.697,14464645.15,83,leader_entry,24.15,27083,83,1106,buy,2025-11-28,10,25.7,22.6,130709,2485,0,30
253000,691298.43,639541,board,920,2025-12-08,0.000659807422741,liquid_universe-2025-11-28-2485,daily_high_low_midpoint_proxy,13:30:00,645300,20.55,兆赫,08:59:00,0.01,538301756.66,25327915.4,27000,stall5,23.9,83,27000,1107,sell,2025-12-05,2904,25.05,22.75,40921031,2485,1935,5759
1382,693254.36,1955.93,odd,20,2025-12-08,0.000600461559608,liquid_universe-2025-11-28-2485,daily_high_low_midpoint_proxy,13:30:00,1989.93,20.55,兆赫,09:00:00,0.01,538301756.66,25327915.4,83,stall5,23.975,0,83,1108,sell,2025-12-05,9,25.05,22.9,138227,2485,5,34
272000,40031.36,-653223,board,925,2025-12-09,0.000251883966125,liquid_universe-2025-12-08-2485,daily_high_low_midpoint_proxy,13:30:00,649375,27.55,兆赫,08:59:00,0.01,586974748.228,27204190.65,25000,leader_entry,25.975,25000,25000,1109,buy,2025-12-08,2923,27.55,24.4,99252050,2485,0,3848
1704,39646.06,-385.3,odd,20,2025-12-09,8.21210699202e-05,liquid_universe-2025-12-08-2485,daily_high_low_midpoint_proxy,13:30:00,363.3,27.55,兆赫,09:00:00,0.01,586974748.228,27204190.65,14,leader_entry,25.95,25014,14,1110,buy,2025-12-08,2,27.55,24.35,170480,2485,0,22
448000,746406.06,706760,board,1016,2025-12-16,0.000216686047789,liquid_universe-2025-12-08-2485,daily_high_low_midpoint_proxy,13:30:00,713125,24.7,兆赫,08:59:00,0.01,1097303378.9,44868940.95,25000,stall5,28.525,14,25000,1111,sell,2025-12-15,3210,30,27.05,115374295,2485,2139,6365
1924,746787.66,381.6,odd,20,2025-12-16,7.27446558658e-05,liquid_universe-2025-12-08-2485,daily_high_low_midpoint_proxy,13:30:00,404.6,24.7,兆赫,09:00:00,0.01,1097303378.9,44868940.95,14,stall5,28.9,0,14,1112,sell,2025-12-15,2,29.75,28.05,192454,2485,1,23
120000,134329.66,-612458,board,868,2025-12-17,0.0030200729517,liquid_universe-2025-12-16-2349,daily_high_low_midpoint_proxy,13:30:00,608850,17.8,錸德,08:59:00,0.01,164043926.944,12080878.95,41000,leader_entry,14.85,41000,41000,1113,buy,2025-12-16,2740,15.1,14.6,13575831,2349,0,3608
1209,123621.31,-10708.35,odd,20,2025-12-17,0.00584650243535,liquid_universe-2025-12-16-2349,daily_high_low_midpoint_proxy,13:30:00,10640.35,17.8,錸德,09:00:00,0.01,164043926.944,12080878.95,707,leader_entry,15.05,41707,707,1114,buy,2025-12-16,48,15.5,14.6,120927,2349,0,68
1551000,2669692.31,2546071,board,3661,2025-12-23,0.000225520902866,liquid_universe-2025-09-18-2344,daily_high_low_midpoint_proxy,13:30:00,2569000,65.8,華邦電,08:59:00,0.01,21588590188.5,318199423.6,35000,time63,73.4,855,35000,1115,sell,2025-12-22,11561,74.4,72.4,155196257,2344,7707,22929
6150,2732058.31,62366,odd,90,2025-12-23,0.00139024390244,liquid_universe-2025-09-18-2344,daily_high_low_midpoint_proxy,13:30:00,62928,65.8,華邦電,09:00:00,0.01,21588590188.5,318199423.6,855,time63,73.6,0,855,1116,sell,2025-12-22,284,74.3,72.9,615000,2344,188,562
54000,3330395.31,598337,board,860,2025-12-24,0.00757908778099,liquid_universe-2025-12-16-2349,daily_high_low_midpoint_proxy,13:30:00,603725,13.5,錸德,08:59:00,0.01,195938830.271,14126637.7,41000,stall5,14.725,707,41000,1117,sell,2025-12-23,2717,15,14.45,5409622,2349,1811,5388
369,3335730.94,5335.63,odd,20,2025-12-24,0.00998754939642,liquid_universe-2025-12-16-2349,daily_high_low_midpoint_proxy,13:30:00,5396.63,13.5,錸德,09:00:00,0.01,195938830.271,14126637.7,369,stall5,14.625,338,707,1118,sell,2025-12-23,25,14.75,14.5,36946,2349,16,61
18000,2397805.94,-937925,board,1329,2025-12-24,0.00986118195031,liquid_universe-2025-12-23-6588,daily_high_low_midpoint_proxy,13:30:00,932400,57,東典光電,08:59:00,0.01,111041036.808,2421281.5,18000,leader_entry,51.8,18000,28000,1119,buy,2025-12-23,4196,52.8,50.8,1825339,6588,0,5525
108,2392160.14,-5645.8,odd,20,2025-12-24,0.00994658316449,liquid_universe-2025-12-23-6588,daily_high_low_midpoint_proxy,13:30:00,5599.8,57,東典光電,09:00:00,0.01,111041036.808,2421281.5,108,leader_entry,51.85,18108,418,1120,buy,2025-12-23,26,52.8,50.9,10858,6588,0,46
370,2397121.44,4961.3,odd,20,2025-12-26,0.00913414765971,liquid_universe-2025-12-16-2349,daily_high_low_midpoint_proxy,13:30:00,5019.3,13.15,錸德,09:00:00,0.01,199392545.636,14341024.95,338,stall5,14.85,0,338,1121,sell,2025-12-23,23,15.1,14.6,37004,2349,15,58
141000,1016488.44,-1380633,board,1956,2025-12-26,0.000698372449989,liquid_universe-2025-12-24-6706,daily_high_low_midpoint_proxy,13:30:00,1372500,153,惠特,08:59:00,0.01,1615533151.36,14114023.1,10000,leader_entry,137.25,10000,10000,1122,buy,2025-12-24,6177,140.5,134,14319007,6706,0,8133
909,912388.94,-104099.5,odd,147,2025-12-26,0.00828844674068,liquid_universe-2025-12-24-6706,daily_high_low_midpoint_proxy,13:30:00,103486.5,153,惠特,09:00:00,0.01,1615533151.36,14114023.1,754,leader_entry,137.25,10754,754,1123,buy,2025-12-24,466,140.5,134,90970,6706,0,613
24000,1797220.94,884832,board,1272,2026-01-02,0.00737687685165,liquid_universe-2025-12-23-6588,daily_high_low_midpoint_proxy,13:30:00,892800,42.3,東典光電,08:59:00,0.01,118024043.743,2512820.45,18000,stall5,49.6,108,18000,1124,sell,2025-12-31,4018,51.7,47.5,2440057,6588,2678,7968
100,1802240.44,5019.5,odd,20,2026-01-02,0.00994431185362,liquid_universe-2025-12-23-6588,daily_high_low_midpoint_proxy,13:30:00,5077.5,42.3,東典光電,09:00:00,0.01,118024043.743,2512820.45,100,stall5,50.775,8,108,1125,sell,2025-12-31,23,51.7,49.85,10056,6588,15,58
115,1802633.04,392.6,odd,20,2026-01-05,0.000693661666522,liquid_universe-2025-12-23-6588,daily_high_low_midpoint_proxy,13:30:00,415.6,46.55,東典光電,09:00:00,0.01,113463161.438,2369739.65,8,stall5,51.95,0,8,1126,sell,2025-12-31,2,53.4,50.5,11533,6588,1,23
94000,3148018.04,1345385,board,1934,2026-01-05,0.00106286145261,liquid_universe-2025-12-24-6706,daily_high_low_midpoint_proxy,13:30:00,1357500,123,惠特,08:59:00,0.01,1889950106.5,15389887.95,10000,stall5,135.75,754,10000,1127,sell,2026-01-02,6109,140.5,131,9408564,6706,4072,12115
613,3230641.04,82623,odd,119,2026-01-05,0.00999185004075,liquid_universe-2025-12-24-6706,daily_high_low_midpoint_proxy,13:30:00,83368,123,惠特,09:00:00,0.01,1889950106.5,15389887.95,613,stall5,136,141,754,1128,sell,2026-01-02,376,140.5,131.5,61350,6706,250,745
90000,1750422.04,-1480219,board,2097,2026-01-05,0.00494807599013,liquid_universe-2026-01-02-6265,daily_high_low_midpoint_proxy,13:30:00,1471500,36.75,方土昶,08:59:00,0.01,451121178.935,18080104.1,45000,leader_entry,32.7,45000,45000,1129,buy,2026-01-02,6622,34.35,31.05,9094444,6265,0,8719
725,1728266.24,-22155.8,odd,31,2026-01-05,0.00926104572641,liquid_universe-2026-01-02-6265,daily_high_low_midpoint_proxy,13:30:00,22024.8,36.75,方土昶,09:00:00,0.01,451121178.935,18080104.1,672,leader_entry,32.775,45672,672,1130,buy,2026-01-02,100,34.4,31.15,72562,6265,0,131
504,1746991.24,18725,odd,27,2026-01-06,0.00279745253259,liquid_universe-2025-12-24-6706,daily_high_low_midpoint_proxy,13:30:00,18894,122,惠特,09:00:00,0.01,1825135933.9,14658847.05,141,stall5,134,0,141,1131,sell,2026-01-02,86,138,130,50403,6706,56,169
129000,203398.24,-1543593,board,2187,2026-01-06,0.000850862716781,liquid_universe-2026-01-05-3006,daily_high_low_midpoint_proxy,13:30:00,1534500,152.5,晶豪科,08:59:00,0.01,1978303228.07,18404654.25,11000,leader_entry,139.5,11000,11000,1132,buy,2026-01-05,6906,144.5,134.5,12928055,3006,0,9093
2301,193832.24,-9566,odd,20,2026-01-06,0.000295491580663,liquid_universe-2026-01-05-3006,daily_high_low_midpoint_proxy,13:30:00,9503,152.5,晶豪科,09:00:00,0.01,1978303228.07,18404654.25,68,leader_entry,139.75,11068,68,1133,buy,2026-01-05,43,145,134.5,230125,3006,0,63
27000,1790950.24,1597118,board,2296,2026-01-13,0.00405429362595,liquid_universe-2026-01-05-3006,daily_high_low_midpoint_proxy,13:30:00,1611500,131.5,晶豪科,08:59:00,0.01,2134146030.09,18819964.5,11000,stall5,146.5,68,11000,1134,sell,2026-01-12,7252,151,142,2713173,3006,4834,14382
716,1800733.24,9783,odd,20,2026-01-13,0.000949508489723,liquid_universe-2026-01-05-3006,daily_high_low_midpoint_proxy,13:30:00,9877,131.5,晶豪科,09:00:00,0.01,2134146030.09,18819964.5,68,stall5,145.25,0,68,1135,sell,2026-01-12,45,150,140.5,71616,3006,29,94
586000,92169.24,-1708564,board,2420,2026-01-14,0.000229567113462,liquid_universe-2026-01-13-6443,daily_high_low_midpoint_proxy,13:30:00,1698500,41.25,元晶,08:59:00,0.01,1762117615.05,58684867.35,43000,leader_entry,39.5,43000,43000,1136,buy,2026-01-13,7644,40.95,38.05,187309059,6443,0,10064
7323,76355.04,-15814.2,odd,22,2026-01-14,0.00054075016796,liquid_universe-2026-01-13-6443,daily_high_low_midpoint_proxy,13:30:00,15721.2,41.25,元晶,09:00:00,0.01,1762117615.05,58684867.35,396,leader_entry,39.7,43396,396,1137,buy,2026-01-13,71,40.65,38.75,732316,6443,0,93
910000,1810835.04,1734480,board,2494,2026-01-22,0.000455992236934,liquid_universe-2026-01-13-6443,daily_high_low_midpoint_proxy,13:30:00,1750100,35.85,元晶,08:59:00,0.01,3181836787.9,91052852.5,43000,stall5,40.7,396,43000,1138,sell,2026-01-21,7876,43,38.4,94299851,6443,5250,15620
3527,1826818.14,15983.1,odd,23,2026-01-22,0.00112270992691,liquid_universe-2026-01-13-6443,daily_high_low_midpoint_proxy,13:30:00,16127.1,35.85,元晶,09:00:00,0.01,3181836787.9,91052852.5,396,stall5,40.725,0,396,1139,sell,2026-01-21,73,42.85,38.6,352718,6443,48,144
171000,186355.14,-1640463,board,2324,2026-01-23,0.000677086272076,liquid_universe-2026-01-22-3149,daily_high_low_midpoint_proxy,13:30:00,1630800,65.3,正達,08:59:00,0.01,801241719.122,17118581.75,27000,leader_entry,60.4,27000,27000,1140,buy,2026-01-22,7339,63.2,57.6,39876750,3149,0,9663
1771,137140.14,-49215,odd,70,2026-01-23,0.00457363553207,liquid_universe-2026-01-22-3149,daily_high_low_midpoint_proxy,13:30:00,48924,65.3,正達,09:00:00,0.01,801241719.122,17118581.75,810,leader_entry,60.4,27810,810,1141,buy,2026-01-22,221,63,57.8,177102,3149,0,291
146000,1571424.14,1434284,board,2062,2026-01-30,0.00183814306159,liquid_universe-2026-01-22-3149,daily_high_low_midpoint_proxy,13:30:00,1447200,49.45,正達,08:59:00,0.01,1140485123.08,22608291.3,27000,stall5,53.6,810,27000,1142,sell,2026-01-29,6513,55.2,52,14688737,3149,4341,12916
742,1610583.64,39159.5,odd,56,2026-01-30,0.00999178572871,liquid_universe-2026-01-22-3149,daily_high_low_midpoint_proxy,13:30:00,39511.5,49.45,正達,09:00:00,0.01,1140485123.08,22608291.3,742,stall5,53.25,68,810,1143,sell,2026-01-29,178,54.3,52.2,74261,3149,118,352
529,1614106.64,3523,odd,20,2026-02-02,0.0012853470437,liquid_universe-2026-01-22-3149,daily_high_low_midpoint_proxy,13:30:00,3570,47.2,正達,09:00:00,0.01,1160104898.47,22855267.8,68,stall5,52.5,0,68,1144,sell,2026-01-29,17,53.8,51.2,52904,3149,10,47
2164000,308918.64,-1305188,board,1849,2026-02-02,6.16332634855e-05,liquid_universe-2026-01-30-2337,daily_high_low_midpoint_proxy,13:30:00,1297500,102,旺宏,08:59:00,0.01,15137804698,216479251.95,15000,leader_entry,86.5,15000,15000,1145,buy,2026-01-30,5839,89.4,83.6,243375073,2337,0,7688
19099,248094.89,-60823.75,odd,86,2026-02-02,0.000364925287176,liquid_universe-2026-01-30-2337,daily_high_low_midpoint_proxy,13:30:00,60464.75,102,旺宏,09:00:00,0.01,15137804698,216479251.95,697,leader_entry,86.75,15697,697,1146,buy,2026-01-30,273,89.5,84,1909980,2337,0,359
686000,2343227.89,2095133,board,3012,2026-02-06,6.00911125485e-05,liquid_universe-2025-11-06-2408,daily_high_low_midpoint_proxy,13:30:00,2114000,247.5,南亞科,08:59:00,0.01,19524246205.4,68658790.2,8000,time63,264.25,672,8000,1147,sell,2026-02-05,9513,277.5,251,133131168,2408,6342,18867
14431,2519551.89,176324,odd,254,2026-02-06,0.000465640963101,liquid_universe-2025-11-06-2408,daily_high_low_midpoint_proxy,13:30:00,177912,247.5,南亞科,09:00:00,0.01,19524246205.4,68658790.2,672,time63,264.75,0,672,1148,sell,2026-02-05,801,277.5,252,1443172,2408,533,1588
322000,826830.89,-1692721,board,2398,2026-02-09,0.00128059993546,liquid_universe-2026-02-06-3576,daily_high_low_midpoint_proxy,13:30:00,1682750,17.45,聯合再生,08:59:00,0.01,404512211.616,32286003.3,106000,leader_entry,15.875,106000,106000,1149,buy,2026-02-06,7573,16.85,14.9,82773704,3576,0,9971
3367,816406.51,-10424.38,odd,20,2026-02-09,0.00197489360818,liquid_universe-2026-02-06-3576,daily_high_low_midpoint_proxy,13:30:00,10357.38,17.45,聯合再生,09:00:00,0.01,404512211.616,32286003.3,665,leader_entry,15.575,106665,665,1150,buy,2026-02-06,47,16,15.15,336727,3576,0,67
38000,2300243.51,1483837,board,2134,2026-04-16,0.00988336587908,liquid_universe-2026-01-02-6265,daily_high_low_midpoint_proxy,13:30:00,1497200,36,方土昶,08:59:00,0.01,412332033.6,9499112,38000,time63,39.4,7672,45000,1151,sell,2026-04-15,6738,40.2,38.6,3844844,6265,4491,13363
287,2311425.79,11182.28,odd,20,2026-04-16,0.00998469245756,liquid_universe-2026-01-02-6265,daily_high_low_midpoint_proxy,13:30:00,11286.28,36,方土昶,09:00:00,0.01,412332033.6,9499112,287,time63,39.325,7385,672,1152,sell,2026-04-15,51,40,38.65,28744,6265,33,104
33000,2577826.79,266401,board,383,2026-04-17,0.00207228607495,liquid_universe-2026-01-02-6265,daily_high_low_midpoint_proxy,13:30:00,268800,34.8,方土昶,08:59:00,0.01,361177765.353,8399525.55,7000,time63,38.4,385,7000,1153,sell,2026-04-15,1210,39.15,37.65,3377912,6265,806,2399
207,2585696.59,7869.8,odd,20,2026-04-17,0.00995575221239,liquid_universe-2026-01-02-6265,daily_high_low_midpoint_proxy,13:30:00,7948.8,34.8,方土昶,09:00:00,0.01,361177765.353,8399525.55,207,time63,38.4,178,385,1154,sell,2026-04-15,36,39.1,37.7,20792,6265,23,79
227,2592460.79,6764.2,odd,20,2026-04-20,0.00782280038675,liquid_universe-2026-01-02-6265,daily_high_low_midpoint_proxy,13:30:00,6835.2,35.05,方土昶,09:00:00,0.01,324038003.163,7636442.45,178,time63,38.4,0,178,1155,sell,2026-04-15,31,39,37.8,22754,6265,20,71
42000,713794.79,-1878666,board,2661,2026-04-20,0.00662030404692,liquid_universe-2026-04-17-3339,daily_high_low_midpoint_proxy,13:30:00,1867600,76.2,泰谷,08:59:00,0.01,427771425.847,9172286.6,28000,leader_entry,66.7,28000,28000,1156,buy,2026-04-17,8405,68.5,64.9,4229413,3339,0,11066
393,687208.54,-26586.25,odd,38,2026-04-20,0.00997993854593,liquid_universe-2026-04-17-3339,daily_high_low_midpoint_proxy,13:30:00,26429.25,76.2,泰谷,09:00:00,0.01,427771425.847,9172286.6,393,leader_entry,67.25,28393,675,1157,buy,2026-04-17,119,69.3,65.2,39379,3339,0,157
11000,1251378.54,564170,board,811,2026-04-27,0.00967396963429,liquid_universe-2026-04-17-3339,daily_high_low_midpoint_proxy,13:30:00,569250,50.4,泰谷,08:59:00,0.01,435063153.325,8809143.55,11000,loss12,51.75,17393,28000,1158,sell,2026-04-24,2562,53.1,50.4,1137072,3339,1707,5080
215,1262326.54,10948,odd,20,2026-04-27,0.0099907063197,liquid_universe-2026-04-17-3339,daily_high_low_midpoint_proxy,13:30:00,11051,50.4,泰谷,09:00:00,0.01,435063153.325,8809143.55,215,loss12,51.4,17178,393,1159,sell,2026-04-24,50,52.4,50.4,21520,3339,33,103
23000,2103055.54,840729,board,1209,2026-04-28,0.00731044133134,liquid_universe-2026-04-17-3339,daily_high_low_midpoint_proxy,13:30:00,848300,45.4,泰谷,08:59:00,0.01,401899033.705,7897461.1,17000,loss12,49.9,178,17000,1160,sell,2026-04-24,3818,52.8,47,2325441,3339,2544,7571
160,2110924.54,7869,odd,20,2026-04-28,0.00994777418553,liquid_universe-2026-04-17-3339,daily_high_low_midpoint_proxy,13:30:00,7948,45.4,泰谷,09:00:00,0.01,401899033.705,7897461.1,160,loss12,49.675,18,178,1161,sell,2026-04-24,36,52.4,46.95,16084,3339,23,79
132,2111874.04,949.5,odd,20,2026-04-29,0.00136322326568,liquid_universe-2026-04-17-3339,daily_high_low_midpoint_proxy,13:30:00,976.5,47.25,泰谷,09:00:00,0.01,385739895.618,7445063.4,18,loss12,54.25,0,18,1162,sell,2026-04-24,5,57.5,51,13204,3339,2,27
8000,1017428.04,-1094446,board,1550,2026-04-29,0.00484558043694,liquid_universe-2026-04-28-6735,daily_high_low_midpoint_proxy,13:30:00,1088000,159.5,美達科技,08:59:00,0.01,93063648.615,843193.45,8000,leader_entry,136,8000,12000,1163,buy,2026-04-28,4896,140,132,1650989,6735,0,6446
406,961578.54,-55849.5,odd,79,2026-04-29,0.0099815611555,liquid_universe-2026-04-28-6735,daily_high_low_midpoint_proxy,13:30:00,55520.5,159.5,美達科技,09:00:00,0.01,93063648.615,843193.45,406,leader_entry,136.75,8406,855,1164,buy,2026-04-28,250,140,133.5,40675,6735,0,329
4000,1481892.54,520314,board,748,2026-05-07,0.00895806505795,liquid_universe-2026-04-28-6735,daily_high_low_midpoint_proxy,13:30:00,525000,120,美達科技,08:59:00,0.01,128835999.055,1105557.3,4000,stall5,131.25,4406,8000,1165,sell,2026-05-06,2363,135,127.5,446525,6735,1575,4686
101,1495154.04,13261.5,odd,20,2026-05-07,0.00998023715415,liquid_universe-2026-04-28-6735,daily_high_low_midpoint_proxy,13:30:00,13382.5,120,美達科技,09:00:00,0.01,128835999.055,1105557.3,101,stall5,132.5,4305,406,1166,sell,2026-05-06,61,135,130,10120,6735,40,121
3000,1877214.04,382060,board,549,2026-05-08,0.00858184938854,liquid_universe-2026-04-28-6735,daily_high_low_midpoint_proxy,13:30:00,385500,121.5,美達科技,08:59:00,0.01,131088640.435,1116023.7,3000,stall5,128.5,1305,4000,1167,sell,2026-05-06,1735,130.5,126.5,349575,6735,1156,3440
110,1891359.54,14145.5,odd,20,2026-05-08,0.01,liquid_universe-2026-04-28-6735,daily_high_low_midpoint_proxy,13:30:00,14272.5,121.5,美達科技,09:00:00,0.01,131088640.435,1116023.7,110,stall5,129.75,1195,305,1168,sell,2026-05-06,65,131.5,128,11000,6735,42,127
3000,2015243.54,123884,board,178,2026-05-11,0.00295550196245,liquid_universe-2026-04-28-6735,daily_high_low_midpoint_proxy,13:30:00,125000,114,美達科技,08:59:00,0.01,131579782.69,1106586.65,1000,stall5,125,195,1000,1169,sell,2026-05-06,563,128,122,338352,6735,375,1116
105,2028719.04,13475.5,odd,20,2026-05-11,0.00995355009954,liquid_universe-2026-04-28-6735,daily_high_low_midpoint_proxy,13:30:00,13597.5,114,美達科技,09:00:00,0.01,131579782.69,1106586.65,105,stall5,129.5,90,195,1170,sell,2026-05-06,62,134,125,10549,6735,40,122
111,2040445.04,11726,odd,20,2026-05-12,0.00808843354004,liquid_universe-2026-04-28-6735,daily_high_low_midpoint_proxy,13:30:00,11835,112.5,美達科技,09:00:00,0.01,132218113.51,1102473.35,90,stall5,131.5,0,90,1171,sell,2026-05-06,54,135,128,11127,6735,35,109
165000,302207.04,-1738238,board,2462,2026-05-12,0.000413267135515,liquid_universe-2026-05-11-6278,daily_high_low_midpoint_proxy,13:30:00,1728000,237,台表科,08:59:00,0.01,2743995311.57,16538739.95,8000,leader_entry,216,8000,8000,1172,buy,2026-05-11,7776,222,210,19357939,6278,0,10238
2501,192378.54,-109828.5,odd,156,2026-05-12,0.00203462459377,liquid_universe-2026-05-11-6278,daily_high_low_midpoint_proxy,13:30:00,109180.5,237,台表科,09:00:00,0.01,2743995311.57,16538739.95,509,leader_entry,214.5,8509,509,1173,buy,2026-05-11,492,218,211,250169,6278,0,648
1297000,2645288.54,2452910,board,3527,2026-05-15,0.000115628821677,liquid_universe-2026-01-30-2337,daily_high_low_midpoint_proxy,13:30:00,2475000,152.5,旺宏,08:59:00,0.01,31026561271.4,202955845.25,15000,time63,165,697,15000,1174,sell,2026-05-14,11138,168.5,161.5,129725442,2337,7425,22090
12459,2759439.79,114151.25,odd,164,2026-05-15,0.000559424619338,liquid_universe-2026-01-30-2337,daily_high_low_midpoint_proxy,13:30:00,115179.25,152.5,旺宏,09:00:00,0.01,31026561271.4,202955845.25,697,time63,165.25,0,697,1175,sell,2026-05-14,519,168.5,162,1245923,2337,345,1028
41000,850193.79,-1909246,board,2705,2026-05-18,0.0013469241433,liquid_universe-2026-05-15-3498,daily_high_low_midpoint_proxy,13:30:00,1898000,163.5,陽程,08:59:00,0.01,412462160.72,4130411.5,13000,leader_entry,146,13000,13000,1176,buy,2026-05-15,8541,153.5,138.5,9651620,3498,0,11246
783,839942.79,-10251,odd,20,2026-05-18,0.00089350675874,liquid_universe-2026-05-15-3498,daily_high_low_midpoint_proxy,13:30:00,10185,163.5,陽程,09:00:00,0.01,412462160.72,4130411.5,70,leader_entry,145.5,13070,70,1177,buy,2026-05-15,46,152,139,78343,3498,0,66
280000,2712529.79,1872587,board,2692,2026-05-22,0.00361996228887,liquid_universe-2026-02-06-3576,daily_high_low_midpoint_proxy,13:30:00,1889450,15.75,聯合再生,08:59:00,0.01,477053981.102,28046466,106000,time63,17.825,665,106000,1178,sell,2026-05-21,8503,18.45,17.2,29282073,3576,5668,16863
1308,2724274.42,11744.63,odd,20,2026-05-22,0.00508231050242,liquid_universe-2026-02-06-3576,daily_high_low_midpoint_proxy,13:30:00,11853.63,15.75,聯合再生,09:00:00,0.01,477053981.102,28046466,665,time63,17.825,0,665,1179,sell,2026-05-21,54,18.35,17.3,130846,3576,35,109
32000,616609.42,-2107665,board,2986,2026-05-25,0.00899719721794,liquid_universe-2026-05-22-6834,daily_high_low_midpoint_proxy,13:30:00,2095250,77.5,天二科技,08:59:00,0.01,210641395.79,3982250.55,29000,leader_entry,72.25,29000,29000,1180,buy,2026-05-22,9429,77.5,67,3223226,6834,0,12415
272,596840.42,-19769,odd,28,2026-05-25,0.00999191830137,liquid_universe-2026-05-22-6834,daily_high_low_midpoint_proxy,13:30:00,19652,77.5,天二科技,09:00:00,0.01,210641395.79,3982250.55,272,leader_entry,72.25,29272,503,1181,buy,2026-05-22,89,77.5,67,27222,6834,0,117
8000,1159771.42,562931,board,809,2026-06-09,0.00993456844856,liquid_universe-2026-05-22-6834,daily_high_low_midpoint_proxy,13:30:00,568000,61.4,天二科技,08:59:00,0.01,219452960.642,3618656.05,8000,loss12,71,21272,29000,1182,sell,2026-06-08,2556,75,67,805269,6834,1704,5069
106,1167378.42,7607,odd,20,2026-06-09,0.0099633424194,liquid_universe-2026-05-22-6834,daily_high_low_midpoint_proxy,13:30:00,7685,61.4,天二科技,09:00:00,0.01,219452960.642,3618656.05,106,loss12,72.5,21166,272,1183,sell,2026-06-08,35,75,70,10639,6834,23,78
12000,2057562.42,890184,board,1280,2026-06-10,0.0097040977979,liquid_universe-2026-05-22-6834,daily_high_low_midpoint_proxy,13:30:00,898200,67.5,天二科技,08:59:00,0.01,213945765.152,3462445.9,12000,loss12,74.85,9166,21000,1184,sell,2026-06-08,4042,79.7,70,1236591,6834,2694,8016
186,2069906.72,12344.3,odd,20,2026-06-10,0.0089247311828,liquid_universe-2026-05-22-6834,daily_high_low_midpoint_proxy,13:30:00,12458.3,67.5,天二科技,09:00:00,0.01,213945765.152,3462445.9,166,loss12,75.05,9000,166,1185,sell,2026-06-08,57,79.6,70.5,18600,6834,37,114
133000,3586251.72,1516345,board,2180,2026-06-11,0.000600747359753,liquid_universe-2026-05-11-6278,daily_high_low_midpoint_proxy,13:30:00,1530000,169.5,台表科,08:59:00,0.01,3827948450.22,17367924.65,8000,loss12,191.25,509,8000,1186,sell,2026-06-10,6885,196,186.5,13316746,6278,4590,13655
935,3682855.22,96603.5,odd,139,2026-06-11,0.00544111516136,liquid_universe-2026-05-11-6278,daily_high_low_midpoint_proxy,13:30:00,97473.5,169.5,台表科,09:00:00,0.01,3827948450.22,17367924.65,509,loss12,191.5,0,509,1187,sell,2026-06-10,439,196,187,93547,6278,292,870
24000,5183838.22,1500983,board,2158,2026-06-11,0.00350794630791,liquid_universe-2026-05-15-3498,daily_high_low_midpoint_proxy,13:30:00,1514500,111,陽程,08:59:00,0.01,349390951.125,2470516.95,13000,loss12,116.5,70,13000,1188,sell,2026-06-10,6816,121,112,3705872,3498,4543,13517
320,5191964.72,8126.5,odd,20,2026-06-11,0.00218688493861,liquid_universe-2026-05-15-3498,daily_high_low_midpoint_proxy,13:30:00,8207.5,111,陽程,09:00:00,0.01,349390951.125,2470516.95,70,loss12,117.25,0,70,1189,sell,2026-06-10,37,120.5,114,32009,3498,24,81
34000,5849790.72,657826,board,946,2026-06-11,0.00105901664421,liquid_universe-2026-05-22-6834,daily_high_low_midpoint_proxy,13:30:00,663750,62.7,天二科技,08:59:00,0.01,214279769.947,3433294.5,9000,loss12,73.75,0,9000,1190,sell,2026-06-08,2987,76.5,71,8498450,6834,1991,5924
106000,4208874.72,-1640916,board,2325,2026-06-12,0.00036420943062,liquid_universe-2026-06-11-2478,daily_high_low_midpoint_proxy,13:30:00,1631250,195,大毅,08:59:00,0.01,1461632146.3,10607022.5,9000,leader_entry,181.25,9000,9000,1191,buy,2026-06-11,7341,194.5,168,24711057,2478,0,9666
1840,4039726.22,-169148.5,odd,240,2026-06-12,0.00513999141524,liquid_universe-2026-06-11-2478,daily_high_low_midpoint_proxy,13:30:00,168151.5,195,大毅,09:00:00,0.01,1461632146.3,10607022.5,946,leader_entry,177.75,9946,946,1192,buy,2026-06-11,757,186,169.5,184047,2478,0,997
54000,2288209.22,-1751517,board,2481,2026-06-12,0.00126415910875,liquid_universe-2026-06-11-3441,daily_high_low_midpoint_proxy,13:30:00,1741200,78.6,聯一光電,08:59:00,0.01,307172921.56,5419750.25,24000,leader_entry,72.55,24000,24000,1193,buy,2026-06-11,7836,75.5,69.6,18984952,3441,0,10317
685,2241492.62,-46716.6,odd,66,2026-06-12,0.00920240925199,liquid_universe-2026-06-11-3441,daily_high_low_midpoint_proxy,13:30:00,46441.6,78.6,聯一光電,09:00:00,0.01,307172921.56,5419750.25,631,leader_entry,73.6,24631,631,1194,buy,2026-06-11,209,77.2,70,68569,3441,0,275
421000,369465.62,-1872027,board,2652,2026-06-15,4.75035675773e-05,liquid_universe-2026-06-12-2327,daily_high_low_midpoint_proxy,13:30:00,1861000,940,國巨*,08:59:00,0.01,37142506951.2,52862425.8,2000,leader_entry,930.5,2000,2000,1195,buy,2026-06-12,8375,940,921,42102101,2327,0,11027
601000,1919142.62,1546077,board,2223,2026-07-14,2.41604792183e-05,liquid_universe-2026-06-12-2327,daily_high_low_midpoint_proxy,13:30:00,1560000,735,國巨*,08:59:00,0.01,59934585714.4,60178350.75,2000,loss12,780,0,2000,1196,sell,2026-07-13,7020,823,737,82779815,2327,4680,13923
7000,1351599.62,-567543,board,804,2026-07-15,0.00923259951753,liquid_universe-2026-07-14-2434,daily_high_low_midpoint_proxy,13:30:00,564200,82.6,統懋,08:59:00,0.01,61560662.44,1151092.4,7000,leader_entry,80.6,7000,20000,1197,buy,2026-07-14,2539,82.6,78.6,758183,2434,0,3343
168,1337698.62,-13901,odd,20,2026-07-15,0.00999286224126,liquid_universe-2026-07-14-2434,daily_high_low_midpoint_proxy,13:30:00,13818,82.6,統懋,09:00:00,0.01,61560662.44,1151092.4,168,leader_entry,82.25,7168,713,1198,buy,2026-07-14,63,82.6,81.9,16812,2434,0,83
43000,2550774.62,1213076,board,1744,2026-07-20,0.00208987823208,liquid_universe-2026-06-11-2478,daily_high_low_midpoint_proxy,13:30:00,1224000,128.5,大毅,08:59:00,0.01,1249045273.62,6230039.6,9000,loss12,136,946,9000,1199,sell,2026-07-17,5508,143.5,128.5,4306471,2478,3672,10924
541,2622218.87,71444.25,odd,103,2026-07-20,0.00999482707656,liquid_universe-2026-06-11-2478,daily_high_low_midpoint_proxy,13:30:00,72088.25,128.5,大毅,09:00:00,0.01,1249045273.62,6230039.6,541,loss12,133.25,405,946,1200,sell,2026-07-17,325,138,128.5,54128,2478,216,644
382,2673517.87,51299,odd,74,2026-07-21,0.00998588382914,liquid_universe-2026-06-11-2478,daily_high_low_midpoint_proxy,13:30:00,51761,118,大毅,09:00:00,0.01,851587377.075,4626280.75,382,loss12,135.5,23,405,1201,sell,2026-07-17,233,140,131,38254,2478,155,462
17000,1807365.87,-866152,board,1227,2026-07-21,0.00709413711298,liquid_universe-2026-07-20-2527,daily_high_low_midpoint_proxy,13:30:00,861050,55.4,宏璟,08:59:00,0.01,77823203.2725,1750586.35,17000,leader_entry,50.65,17000,28000,1202,buy,2026-07-20,3875,52,49.3,2396345,2527,0,5102
167,1798941.17,-8424.7,odd,20,2026-07-21,0.00998684367899,liquid_universe-2026-07-20-2527,daily_high_low_midpoint_proxy,13:30:00,8366.7,55.4,宏璟,09:00:00,0.01,77823203.2725,1750586.35,167,leader_entry,50.1,17167,348,1203,buy,2026-07-20,38,50.9,49.3,16722,2527,0,58
545,1802235.92,3294.75,odd,20,2026-07-22,0.000421848061333,liquid_universe-2026-06-11-2478,daily_high_low_midpoint_proxy,13:30:00,3340.75,123,大毅,09:00:00,0.01,861083168.625,4789534.75,23,loss12,145.25,0,23,1204,sell,2026-07-17,16,150,140.5,54522,2478,10,46
1000,1874285.92,72050,board,104,2026-07-22,0.00622990854494,liquid_universe-2026-07-14-2434,daily_high_low_midpoint_proxy,13:30:00,72700,63.1,統懋,08:59:00,0.01,67961404.79,1149430.65,1000,loss12,72.7,6168,7000,1205,sell,2026-07-21,328,75,70.4,160516,2434,218,650
57,1878356.02,4070.1,odd,20,2026-07-22,0.00996677740864,liquid_universe-2026-07-14-2434,daily_high_low_midpoint_proxy,13:30:00,4121.1,63.1,統懋,09:00:00,0.01,67961404.79,1149430.65,57,loss12,72.3,6111,168,1206,sell,2026-07-21,19,73.2,71.4,5719,2434,12,51
2000,2021368.02,143012,board,206,2026-07-23,0.00790435727695,liquid_universe-2026-07-14-2434,daily_high_low_midpoint_proxy,13:30:00,144300,64.7,統懋,08:59:00,0.01,66976872.5575,1124212.9,2000,loss12,72.15,4111,6000,1207,sell,2026-07-21,650,74.4,69.9,253025,2434,432,1288
67,2026176.22,4808.2,odd,20,2026-07-23,0.00999254287845,liquid_universe-2026-07-14-2434,daily_high_low_midpoint_proxy,13:30:00,4864.2,64.7,統懋,09:00:00,0.01,66976872.5575,1124212.9,67,loss12,72.6,4044,111,1208,sell,2026-07-21,22,74.6,70.6,6705,2434,14,56
1000,2093569.22,67393,board,97,2026-07-24,0.00512415835699,liquid_universe-2026-07-14-2434,daily_high_low_midpoint_proxy,13:30:00,68000,63,統懋,08:59:00,0.01,64176108.0325,1054146.15,1000,loss12,68,3044,4000,1209,sell,2026-07-21,306,69.1,66.9,195154,2434,204,607
47,2096540.22,2971,odd,20,2026-07-24,0.00931414055885,liquid_universe-2026-07-14-2434,daily_high_low_midpoint_proxy,13:30:00,3014,63,統懋,09:00:00,0.01,64176108.0325,1054146.15,44,loss12,68.5,3000,44,1210,sell,2026-07-21,14,69.7,67.3,4724,2434,9,43
2000,2229344.22,132804,board,191,2026-07-27,0.00867253797488,liquid_universe-2026-07-14-2434,daily_high_low_midpoint_proxy,13:30:00,134000,62,統懋,08:59:00,0.01,63651001.6425,1034686.85,2000,loss12,67,1000,3000,1211,sell,2026-07-21,603,69.7,64.3,230613,2434,402,1196
2000,2291187.22,61843,board,89,2026-07-28,0.00435805804933,liquid_universe-2026-07-14-2434,daily_high_low_midpoint_proxy,13:30:00,62400,59.3,統懋,08:59:00,0.01,60894515.7625,962721,1000,loss12,62.4,0,1000,1212,sell,2026-07-21,281,65.5,59.3,229460,2434,187,557
13000,2865812.22,574625,board,826,2026-07-28,0.00988857101782,liquid_universe-2026-07-20-2527,daily_high_low_midpoint_proxy,13:30:00,579800,42.1,宏璟,08:59:00,0.01,82796314.5275,1785167.5,13000,stall5,44.6,4167,17000,1213,sell,2026-07-27,2610,46.2,43,1314649,2527,1739,5175
143,2872069.39,6257.17,odd,20,2026-07-28,0.00995752384931,liquid_universe-2026-07-20-2527,daily_high_low_midpoint_proxy,13:30:00,6324.17,42.1,宏璟,09:00:00,0.01,82796314.5275,1785167.5,143,stall5,44.225,4024,167,1214,sell,2026-07-27,29,45.4,43.05,14361,2527,18,67
13000,3038867.39,166798,board,240,2026-07-29,0.00288452316308,liquid_universe-2026-07-20-2527,daily_high_low_midpoint_proxy,13:30:00,168300,38.85,宏璟,08:59:00,0.01,83556264.3625,1798266.1,4000,stall5,42.075,24,4000,1215,sell,2026-07-27,758,43.6,40.55,1386711,2527,504,1502
137,3039844.99,977.6,odd,20,2026-07-29,0.00175016407788,liquid_universe-2026-07-20-2527,daily_high_low_midpoint_proxy,13:30:00,1005.6,38.85,宏璟,09:00:00,0.01,83556264.3625,1798266.1,24,stall5,41.9,0,24,1216,sell,2026-07-27,5,43.05,40.75,13713,2527,3,28
294000,1561134.99,-1478710,board,2095,2026-07-29,0.00126878558653,liquid_universe-2026-07-28-1101,daily_high_low_midpoint_proxy,13:30:00,1470000,27.25,台泥,08:59:00,0.01,695230479.458,29449018.35,60000,leader_entry,24.5,60000,60000,1217,buy,2026-07-28,6615,25.05,23.95,47289314,1101,0,8710
2003,1551255.51,-9879.48,odd,20,2026-07-29,0.00200171718382,liquid_universe-2026-07-28-1101,daily_high_low_midpoint_proxy,13:30:00,9814.48,27.25,台泥,09:00:00,0.01,695230479.458,29449018.35,401,leader_entry,24.475,60401,401,1218,buy,2026-07-28,45,24.95,24,200328,1101,0,65
4000,451552.51,-1119595,board,1586,2026-07-31,0.00162356243693,liquid_universe-2026-07-30-2207,daily_high_low_midpoint_proxy,13:30:00,1113000,606,和泰車,08:59:00,0.01,248228736.2,495273.95,2000,leader_entry,556.5,2000,2000,1219,buy,2026-07-30,5009,573,540,1231859,2207,0,6595
615,143739.51,-307813,odd,436,2026-07-31,0.00883245928788,liquid_universe-2026-07-30-2207,daily_high_low_midpoint_proxy,13:30:00,306000,606,和泰車,09:00:00,0.01,248228736.2,495273.95,544,leader_entry,562.5,2544,544,1220,buy,2026-07-30,1377,572,553,61591,2207,0,1813
203000,1558994.51,1415255,board,2035,2026-08-05,0.00294331210322,liquid_universe-2026-07-28-1101,daily_high_low_midpoint_proxy,13:30:00,1428000,21.2,台泥,08:59:00,0.01,709639329.525,29860410.9,60000,stall5,23.8,401,60000,1221,sell,2026-08-04,6426,24.05,23.55,20385198,1101,4284,12745
987,1568457.34,9462.83,odd,20,2026-08-05,0.00406038943286,liquid_universe-2026-07-28-1101,daily_high_low_midpoint_proxy,13:30:00,9553.83,21.2,台泥,09:00:00,0.01,709639329.525,29860410.9,401,stall5,23.825,0,401,1222,sell,2026-08-04,43,24.05,23.6,98759,1101,28,91
1888,123918.34,-1444539,odd,2046,2026-08-06,0.00172631088423,liquid_universe-2026-08-05-3653,daily_high_low_midpoint_proxy,13:30:00,1436030,4770,健策,09:00:00,0.01,5486955874.25,1543121.05,326,leader_entry,4405,326,326,1223,buy,2026-08-05,6463,4590,4220,188842,3653,0,8509
2000,1145716.34,1021798,board,1469,2026-08-07,0.00846621767492,liquid_universe-2026-07-30-2207,daily_high_low_midpoint_proxy,13:30:00,1031000,464.5,和泰車,08:59:00,0.01,294322578.55,572528.9,2000,stall5,515.5,544,2000,1224,sell,2026-08-06,4640,520,511,236233,2207,3093,9202
81,1187178.84,41462.5,odd,60,2026-08-07,0.00992160705537,liquid_universe-2026-07-30-2207,daily_high_low_midpoint_proxy,13:30:00,41836.5,464.5,和泰車,09:00:00,0.01,294322578.55,572528.9,81,stall5,516.5,463,544,1225,sell,2026-08-06,189,520,513,8164,2207,125,374
75,1225720.34,38541.5,odd,55,2026-08-10,0.00998801438274,liquid_universe-2026-07-30-2207,daily_high_low_midpoint_proxy,13:30:00,38887.5,464.5,和泰車,09:00:00,0.01,294585029.95,572100.55,75,stall5,518.5,388,463,1226,sell,2026-08-06,175,523,514,7509,2207,116,346
16000,199676.34,-1026044,board,1454,2026-08-10,0.000652068270896,liquid_universe-2026-08-07-6533,daily_high_low_midpoint_proxy,13:30:00,1020000,281.5,晶心科,08:59:00,0.01,383129504.575,1680319.35,4000,leader_entry,255,4000,4000,1227,buy,2026-08-07,4590,261,249,6134327,6533,0,6044
6373,150377.34,-49299,odd,70,2026-08-10,0.000301233645916,liquid_universe-2026-08-07-6533,daily_high_low_midpoint_proxy,13:30:00,49008,281.5,晶心科,09:00:00,0.01,383129504.575,1680319.35,192,leader_entry,255.25,4192,192,1228,buy,2026-08-07,221,261,249.5,637379,6533,0,291
113,210516.34,60139,odd,86,2026-08-11,0.01,liquid_universe-2026-07-30-2207,daily_high_low_midpoint_proxy,13:30:00,60681,463,和泰車,09:00:00,0.01,292506597.1,567028.6,113,stall5,537,275,388,1229,sell,2026-08-06,274,565,509,11300,2207,182,542
137,279830.84,69314.5,odd,100,2026-08-12,0.00998906306963,liquid_universe-2026-07-30-2207,daily_high_low_midpoint_proxy,13:30:00,69938.5,460,和泰車,09:00:00,0.01,292838460.45,566604.25,137,stall5,510.5,138,275,1230,sell,2026-08-06,315,515,506,13715,2207,209,624
206,351222.84,71392,odd,103,2026-08-13,0.00669772859639,liquid_universe-2026-07-30-2207,daily_high_low_midpoint_proxy,13:30:00,72036,454,和泰車,09:00:00,0.01,293322230.85,566902.5,138,stall5,522,0,138,1231,sell,2026-08-06,325,526,518,20604,2207,216,644
1053,1812398.84,1461176,odd,2101,2026-08-13,0.00309397718429,liquid_universe-2026-08-05-3653,daily_high_low_midpoint_proxy,13:30:00,1474335,4025,健策,09:00:00,0.01,6388528684,1698038.05,326,stall5,4522.5,0,326,1232,sell,2026-08-12,6635,4645,4400,105366,3653,4423,13159
6000,350286.84,-1462112,board,2071,2026-08-14,0.0030198312317,liquid_universe-2026-08-13-7711,daily_high_low_midpoint_proxy,13:30:00,1453500,540,永擎,08:59:00,0.01,254825079.4,643697.2,3000,leader_entry,484.5,3000,3000,1233,buy,2026-08-13,6541,499,470,993433,7711,0,8612
550,331909.34,-18377.5,odd,26,2026-08-14,0.000690294101619,liquid_universe-2026-08-13-7711,daily_high_low_midpoint_proxy,13:30:00,18268.5,540,永擎,09:00:00,0.01,254825079.4,643697.2,38,leader_entry,480.75,3038,38,1234,buy,2026-08-13,83,488.5,473,55049,7711,0,109
7000,1298207.34,966298,board,1389,2026-08-17,0.00545341758864,liquid_universe-2026-08-07-6533,daily_high_low_midpoint_proxy,13:30:00,975000,222,晶心科,08:59:00,0.01,446067292.825,1875342.9,4000,stall5,243.75,192,4000,1235,sell,2026-08-14,4388,247,240.5,733485,6533,2925,8702
337,1344684.34,46477,odd,67,2026-08-17,0.00568467801628,liquid_universe-2026-08-07-6533,daily_high_low_midpoint_proxy,13:30:00,46896,222,晶心科,09:00:00,0.01,446067292.825,1875342.9,192,stall5,244.25,0,192,1236,sell,2026-08-14,212,247.5,241,33775,6533,140,419
24000,157692.34,-1186992,board,1682,2026-08-18,0.00141382872949,liquid_universe-2026-08-17-3234,daily_high_low_midpoint_proxy,13:30:00,1180000,165,光環,08:59:00,0.01,298768647.31,2400064.45,8000,leader_entry,147.5,8000,8000,1237,buy,2026-08-17,5310,154,141,5658394,3234,0,6992
1628,142630.09,-15062.25,odd,21,2026-08-18,0.000620137903934,liquid_universe-2026-08-17-3234,daily_high_low_midpoint_proxy,13:30:00,14973.25,165,光環,09:00:00,0.01,298768647.31,2400064.45,101,leader_entry,148.25,8101,101,1238,buy,2026-08-17,68,154.5,142,162867,3234,0,89
8000,1534842.09,1392212,board,2002,2026-08-21,0.00183651131413,liquid_universe-2026-08-13-7711,daily_high_low_midpoint_proxy,13:30:00,1404750,409,永擎,08:59:00,0.01,359151967.5,845433.8,3000,stall5,468.25,38,3000,1239,sell,2026-08-20,6322,489,447.5,1633532,7711,4214,12538
434,1552514.59,17672.5,odd,25,2026-08-21,0.00087503166233,liquid_universe-2026-08-13-7711,daily_high_low_midpoint_proxy,13:30:00,17831.5,409,永擎,09:00:00,0.01,359151967.5,845433.8,38,stall5,469.25,0,38,1240,sell,2026-08-20,81,486,452.5,43427,7711,53,159
156000,543571.59,-1008943,board,1429,2026-08-24,0.000114987598587,liquid_universe-2026-08-21-6213,daily_high_low_midpoint_proxy,13:30:00,1003000,564,聯茂,08:59:00,0.01,5930961907,15649172.15,2000,leader_entry,501.5,2000,2000,1241,buy,2026-08-21,4514,525,478,17393180,6213,0,5943
3840,175611.59,-367960,odd,521,2026-08-24,0.00191652192933,liquid_universe-2026-08-21-6213,daily_high_low_midpoint_proxy,13:30:00,365792,564,聯茂,09:00:00,0.01,5930961907,15649172.15,736,leader_entry,497,2736,736,1242,buy,2026-08-21,1647,515,479,384029,6213,0,2168
