date,event_id,mark_date,market_value,name,price,qty,stale,stock_id
2019-03-05,2019-03-g009-2019-03-04-3362,2019-03-05,241860.0,先進光,60.0,4031,False,3362
2019-03-06,2019-03-g009-2019-03-04-3362,2019-03-06,244278.6,先進光,60.6,4031,False,3362
2019-03-07,2019-03-g009-2019-03-04-3362,2019-03-07,232991.8,先進光,57.8,4031,False,3362
2019-03-07,2019-03-g007-2019-03-06-2388,2019-03-07,288000.0,威盛,28.8,10000,False,2388
2019-03-07,2019-03-g011-2019-03-06-5457,2019-03-07,269738.39999999997,宣德,66.8,4038,False,5457
2019-03-08,2019-03-g009-2019-03-04-3362,2019-03-08,234604.2,先進光,58.2,4031,False,3362
2019-03-08,2019-03-g007-2019-03-06-2388,2019-03-08,288000.0,威盛,28.8,10000,False,2388
2019-03-08,2019-03-g011-2019-03-06-5457,2019-03-08,259643.4,宣德,64.3,4038,False,5457
2019-03-11,2019-03-g009-2019-03-04-3362,2019-03-11,235410.4,先進光,58.4,4031,False,3362
2019-03-11,2019-03-g007-2019-03-06-2388,2019-03-11,288500.0,威盛,28.85,10000,False,2388
2019-03-11,2019-03-g011-2019-03-06-5457,2019-03-11,260451.0,宣德,64.5,4038,False,5457
2019-03-12,2019-03-g009-2019-03-04-3362,2019-03-12,237425.9,先進光,58.9,4031,False,3362
2019-03-12,2019-03-g007-2019-03-06-2388,2019-03-12,288500.0,威盛,28.85,10000,False,2388
2019-03-12,2019-03-g011-2019-03-06-5457,2019-03-12,254394.0,宣德,63.0,4038,False,5457
2019-03-13,2019-03-g009-2019-03-04-3362,2019-03-13,243069.3,先進光,60.3,4031,False,3362
2019-03-13,2019-03-g007-2019-03-06-2388,2019-03-13,308000.0,威盛,30.8,10000,False,2388
2019-03-13,2019-03-g011-2019-03-06-5457,2019-03-13,254394.0,宣德,63.0,4038,False,5457
2019-03-14,2019-03-g009-2019-03-04-3362,2019-03-14,245891.0,先進光,61.0,4031,False,3362
2019-03-14,2019-03-g007-2019-03-06-2388,2019-03-14,338500.0,威盛,33.85,10000,False,2388
2019-03-14,2019-03-g011-2019-03-06-5457,2019-03-14,245510.4,宣德,60.8,4038,False,5457
2019-03-15,2019-03-g009-2019-03-04-3362,2019-03-15,238232.1,先進光,59.1,4031,False,3362
2019-03-15,2019-03-g007-2019-03-06-2388,2019-03-15,350000.0,威盛,35.0,10000,False,2388
2019-03-15,2019-03-g011-2019-03-06-5457,2019-03-15,238645.80000000002,宣德,59.1,4038,False,5457
2019-03-18,2019-03-g009-2019-03-04-3362,2019-03-18,243069.3,先進光,60.3,4031,False,3362
2019-03-18,2019-03-g007-2019-03-06-2388,2019-03-18,385000.0,威盛,38.5,10000,False,2388
2019-03-18,2019-03-g011-2019-03-06-5457,2019-03-18,239857.19999999998,宣德,59.4,4038,False,5457
2019-03-19,2019-03-g009-2019-03-04-3362,2019-03-19,239844.5,先進光,59.5,4031,False,3362
2019-03-19,2019-03-g007-2019-03-06-2388,2019-03-19,373500.0,威盛,37.35,10000,False,2388
2019-03-19,2019-03-g011-2019-03-06-5457,2019-03-19,243895.19999999998,宣德,60.4,4038,False,5457
2019-03-20,2019-03-g009-2019-03-04-3362,2019-03-20,239844.5,先進光,59.5,4031,False,3362
2019-03-20,2019-03-g007-2019-03-06-2388,2019-03-20,381000.0,威盛,38.1,10000,False,2388
2019-03-20,2019-03-g011-2019-03-06-5457,2019-03-20,241068.6,宣德,59.7,4038,False,5457
2019-03-21,2019-03-g009-2019-03-04-3362,2019-03-21,245084.8,先進光,60.8,4031,False,3362
2019-03-21,2019-03-g007-2019-03-06-2388,2019-03-21,381000.0,威盛,38.1,10000,False,2388
2019-03-21,2019-03-g011-2019-03-06-5457,2019-03-21,242280.0,宣德,60.0,4038,False,5457
2019-03-22,2019-03-g009-2019-03-04-3362,2019-03-22,240247.6,先進光,59.6,4031,False,3362
2019-03-22,2019-03-g007-2019-03-06-2388,2019-03-22,377000.0,威盛,37.7,10000,False,2388
2019-03-22,2019-03-g011-2019-03-06-5457,2019-03-22,250356.0,宣德,62.0,4038,False,5457
2019-03-25,2019-03-g009-2019-03-04-3362,2019-03-25,234201.1,先進光,58.1,4031,False,3362
2019-03-25,2019-03-g007-2019-03-06-2388,2019-03-25,365500.0,威盛,36.55,10000,False,2388
2019-03-25,2019-03-g011-2019-03-06-5457,2019-03-25,241068.6,宣德,59.7,4038,False,5457
2019-03-26,2019-03-g009-2019-03-04-3362,2019-03-26,235813.5,先進光,58.5,4031,False,3362
2019-03-26,2019-03-g007-2019-03-06-2388,2019-03-26,395000.0,威盛,39.5,10000,False,2388
2019-03-26,2019-03-g011-2019-03-06-5457,2019-03-26,239857.19999999998,宣德,59.4,4038,False,5457
2019-03-27,2019-03-g009-2019-03-04-3362,2019-03-27,233798.0,先進光,58.0,4031,False,3362
2019-03-27,2019-03-g007-2019-03-06-2388,2019-03-27,400000.0,威盛,40.0,10000,False,2388
2019-03-27,2019-03-g011-2019-03-06-5457,2019-03-27,232992.6,宣德,57.7,4038,False,5457
2019-03-28,2019-03-g009-2019-03-04-3362,2019-03-28,228557.7,先進光,56.7,4031,False,3362
2019-03-28,2019-03-g007-2019-03-06-2388,2019-03-28,390000.0,威盛,39.0,10000,False,2388
2019-03-28,2019-03-g011-2019-03-06-5457,2019-03-28,1989.0,宣德,58.5,34,False,5457
2019-03-29,2019-03-g009-2019-03-04-3362,2019-03-29,231782.5,先進光,57.5,4031,False,3362
2019-03-29,2019-03-g007-2019-03-06-2388,2019-03-29,399000.0,威盛,39.9,10000,False,2388
2019-03-29,2019-03-g011-2019-03-06-5457,2019-03-29,1688.3999999999999,宣德,60.3,28,False,5457
2019-04-01,2019-03-g009-2019-03-04-3362,2019-04-01,232991.8,先進光,57.8,4031,False,3362
2019-04-01,2019-03-g007-2019-03-06-2388,2019-04-01,392000.0,威盛,39.2,10000,False,2388
2019-04-01,2019-03-g011-2019-03-06-5457,2019-04-01,1206.0,宣德,60.3,20,False,5457
2019-04-02,2019-03-g009-2019-03-04-3362,2019-04-02,231782.5,先進光,57.5,4031,False,3362
2019-04-02,2019-03-g007-2019-03-06-2388,2019-04-02,390000.0,威盛,39.0,10000,False,2388
2019-04-02,2019-03-g011-2019-03-06-5457,2019-04-02,898.5,宣德,59.9,15,False,5457
2019-04-02,2019-04-g008-2019-04-01-3406,2019-04-02,12270.0,玉晶光,409.0,30,False,3406
2019-04-03,2019-03-g009-2019-03-04-3362,2019-04-03,231379.4,先進光,57.4,4031,False,3362
2019-04-03,2019-03-g007-2019-03-06-2388,2019-04-03,395500.0,威盛,39.55,10000,False,2388
2019-04-03,2019-03-g011-2019-03-06-5457,2019-04-03,594.0,宣德,59.4,10,False,5457
2019-04-03,2019-04-g008-2019-04-01-3406,2019-04-03,12255.0,玉晶光,408.5,30,False,3406
2019-04-08,2019-03-g009-2019-03-04-3362,2019-04-08,233798.0,先進光,58.0,4031,False,3362
2019-04-08,2019-03-g007-2019-03-06-2388,2019-04-08,395500.0,威盛,39.55,10000,False,2388
2019-04-08,2019-03-g011-2019-03-06-5457,2019-04-08,175.2,宣德,58.4,3,False,5457
2019-04-08,2019-04-g008-2019-04-01-3406,2019-04-08,13050.0,玉晶光,435.0,30,False,3406
2019-04-09,2019-03-g009-2019-03-04-3362,2019-04-09,232991.8,先進光,57.8,4031,False,3362
2019-04-09,2019-03-g007-2019-03-06-2388,2019-04-09,390500.0,威盛,39.05,10000,False,2388
2019-04-09,2019-04-g008-2019-04-01-3406,2019-04-09,13590.0,玉晶光,453.0,30,False,3406
2019-04-10,2019-03-g009-2019-03-04-3362,2019-04-10,229767.0,先進光,57.0,4031,False,3362
2019-04-10,2019-03-g007-2019-03-06-2388,2019-04-10,391000.0,威盛,39.1,10000,False,2388
2019-04-10,2019-04-g008-2019-04-01-3406,2019-04-10,13260.0,玉晶光,442.0,30,False,3406
2019-04-11,2019-03-g009-2019-03-04-3362,2019-04-11,228960.8,先進光,56.8,4031,False,3362
2019-04-11,2019-03-g007-2019-03-06-2388,2019-04-11,390000.0,威盛,39.0,10000,False,2388
2019-04-11,2019-04-g008-2019-04-01-3406,2019-04-11,13080.0,玉晶光,436.0,30,False,3406
2019-04-12,2019-03-g009-2019-03-04-3362,2019-04-12,222914.3,先進光,55.3,4031,False,3362
2019-04-12,2019-03-g007-2019-03-06-2388,2019-04-12,387000.0,威盛,38.7,10000,False,2388
2019-04-12,2019-04-g008-2019-04-01-3406,2019-04-12,13005.0,玉晶光,433.5,30,False,3406
2019-04-15,2019-03-g009-2019-03-04-3362,2019-04-15,222108.1,先進光,55.1,4031,False,3362
2019-04-15,2019-03-g007-2019-03-06-2388,2019-04-15,391000.0,威盛,39.1,10000,False,2388
2019-04-15,2019-04-g008-2019-04-01-3406,2019-04-15,13275.0,玉晶光,442.5,30,False,3406
2019-04-16,2019-03-g009-2019-03-04-3362,2019-04-16,219286.4,先進光,54.4,4031,False,3362
2019-04-16,2019-03-g007-2019-03-06-2388,2019-04-16,410000.0,威盛,41.0,10000,False,2388
2019-04-16,2019-04-g008-2019-04-01-3406,2019-04-16,13455.0,玉晶光,448.5,30,False,3406
2019-04-17,2019-03-g009-2019-03-04-3362,2019-04-17,219689.5,先進光,54.5,4031,False,3362
2019-04-17,2019-03-g007-2019-03-06-2388,2019-04-17,400000.0,威盛,40.0,10000,False,2388
2019-04-17,2019-04-g008-2019-04-01-3406,2019-04-17,14790.0,玉晶光,493.0,30,False,3406
2019-04-18,2019-03-g009-2019-03-04-3362,2019-04-18,216867.8,先進光,53.8,4031,False,3362
2019-04-18,2019-03-g007-2019-03-06-2388,2019-04-18,381000.0,威盛,38.1,10000,False,2388
2019-04-18,2019-04-g008-2019-04-01-3406,2019-04-18,14400.0,玉晶光,480.0,30,False,3406
2019-04-19,2019-03-g009-2019-03-04-3362,2019-04-19,217674.0,先進光,54.0,4031,False,3362
2019-04-19,2019-03-g007-2019-03-06-2388,2019-04-19,389500.0,威盛,38.95,10000,False,2388
2019-04-19,2019-04-g008-2019-04-01-3406,2019-04-19,14100.0,玉晶光,470.0,30,False,3406
2019-04-22,2019-03-g009-2019-03-04-3362,2019-04-22,218077.1,先進光,54.1,4031,False,3362
2019-04-22,2019-03-g007-2019-03-06-2388,2019-04-22,392000.0,威盛,39.2,10000,False,2388
2019-04-22,2019-04-g008-2019-04-01-3406,2019-04-22,12690.0,玉晶光,423.0,30,False,3406
2019-04-23,2019-03-g009-2019-03-04-3362,2019-04-23,213239.9,先進光,52.9,4031,False,3362
2019-04-23,2019-03-g007-2019-03-06-2388,2019-04-23,392000.0,威盛,39.2,10000,False,2388
2019-04-23,2019-04-g008-2019-04-01-3406,2019-04-23,12450.0,玉晶光,415.0,30,False,3406
2019-04-24,2019-03-g009-2019-03-04-3362,2019-04-24,208805.8,先進光,51.8,4031,False,3362
2019-04-24,2019-03-g007-2019-03-06-2388,2019-04-24,386000.0,威盛,38.6,10000,False,2388
2019-04-24,2019-04-g008-2019-04-01-3406,2019-04-24,12450.0,玉晶光,415.0,30,False,3406
2019-04-25,2019-03-g009-2019-03-04-3362,2019-04-25,1475.6000000000001,先進光,52.7,28,False,3362
2019-04-25,2019-03-g007-2019-03-06-2388,2019-04-25,390000.0,威盛,39.0,10000,False,2388
2019-04-25,2019-04-g008-2019-04-01-3406,2019-04-25,12315.0,玉晶光,410.5,30,False,3406
2019-04-26,2019-03-g009-2019-03-04-3362,2019-04-26,1352.0,先進光,52.0,26,False,3362
2019-04-26,2019-03-g007-2019-03-06-2388,2019-04-26,390000.0,威盛,39.0,10000,False,2388
2019-04-26,2019-04-g008-2019-04-01-3406,2019-04-26,11655.0,玉晶光,388.5,30,False,3406
2019-04-29,2019-03-g009-2019-03-04-3362,2019-04-29,1156.8999999999999,先進光,50.3,23,False,3362
2019-04-29,2019-03-g007-2019-03-06-2388,2019-04-29,380000.0,威盛,38.0,10000,False,2388
2019-04-29,2019-04-g008-2019-04-01-3406,2019-04-29,12030.0,玉晶光,401.0,30,False,3406
2019-04-30,2019-03-g009-2019-03-04-3362,2019-04-30,732.1999999999999,先進光,52.3,14,False,3362
2019-04-30,2019-03-g007-2019-03-06-2388,2019-04-30,386000.0,威盛,38.6,10000,False,2388
2019-04-30,2019-04-g008-2019-04-01-3406,2019-04-30,11865.0,玉晶光,395.5,30,False,3406
2019-05-02,2019-03-g009-2019-03-04-3362,2019-05-02,52.3,先進光,52.3,1,False,3362
2019-05-02,2019-03-g007-2019-03-06-2388,2019-05-02,395500.0,威盛,39.55,10000,False,2388
2019-05-02,2019-04-g008-2019-04-01-3406,2019-05-02,11865.0,玉晶光,395.5,30,False,3406
2019-05-03,2019-03-g007-2019-03-06-2388,2019-05-03,391500.0,威盛,39.15,10000,False,2388
2019-05-03,2019-04-g008-2019-04-01-3406,2019-05-03,12975.0,玉晶光,432.5,30,False,3406
2019-05-06,2019-03-g007-2019-03-06-2388,2019-05-06,381000.0,威盛,38.1,10000,False,2388
2019-05-06,2019-04-g008-2019-04-01-3406,2019-05-06,11970.0,玉晶光,399.0,30,False,3406
2019-05-06,2019-05-g005-2019-05-03-6213,2019-05-06,214059.5,聯茂,105.5,2029,False,6213
2019-05-07,2019-03-g007-2019-03-06-2388,2019-05-07,373500.0,威盛,37.35,10000,False,2388
2019-05-07,2019-04-g008-2019-04-01-3406,2019-05-07,12555.0,玉晶光,418.5,30,False,3406
2019-05-07,2019-05-g005-2019-05-03-6213,2019-05-07,218117.5,聯茂,107.5,2029,False,6213
2019-05-08,2019-03-g007-2019-03-06-2388,2019-05-08,349500.0,威盛,34.95,10000,False,2388
2019-05-08,2019-04-g008-2019-04-01-3406,2019-05-08,12495.0,玉晶光,416.5,30,False,3406
2019-05-08,2019-05-g005-2019-05-03-6213,2019-05-08,221161.0,聯茂,109.0,2029,False,6213
2019-05-09,2019-03-g007-2019-03-06-2388,2019-05-09,331000.0,威盛,33.1,10000,False,2388
2019-05-09,2019-04-g008-2019-04-01-3406,2019-05-09,11850.0,玉晶光,395.0,30,False,3406
2019-05-09,2019-05-g005-2019-05-03-6213,2019-05-09,211016.0,聯茂,104.0,2029,False,6213
2019-05-10,2019-03-g007-2019-03-06-2388,2019-05-10,324000.0,威盛,32.4,10000,False,2388
2019-05-10,2019-04-g008-2019-04-01-3406,2019-05-10,11775.0,玉晶光,392.5,30,False,3406
2019-05-10,2019-05-g005-2019-05-03-6213,2019-05-10,216088.5,聯茂,106.5,2029,False,6213
2019-05-13,2019-03-g007-2019-03-06-2388,2019-05-13,310000.0,威盛,31.0,10000,False,2388
2019-05-13,2019-04-g008-2019-04-01-3406,2019-05-13,10800.0,玉晶光,360.0,30,False,3406
2019-05-13,2019-05-g005-2019-05-03-6213,2019-05-13,203914.5,聯茂,100.5,2029,False,6213
2019-05-14,2019-03-g007-2019-03-06-2388,2019-05-14,315000.0,威盛,31.5,10000,False,2388
2019-05-14,2019-04-g008-2019-04-01-3406,2019-05-14,11040.0,玉晶光,368.0,30,False,3406
2019-05-14,2019-05-g005-2019-05-03-6213,2019-05-14,212030.5,聯茂,104.5,2029,False,6213
2019-05-15,2019-03-g007-2019-03-06-2388,2019-05-15,346500.0,威盛,34.65,10000,False,2388
2019-05-15,2019-04-g008-2019-04-01-3406,2019-05-15,11250.0,玉晶光,375.0,30,False,3406
2019-05-15,2019-05-g005-2019-05-03-6213,2019-05-15,220146.5,聯茂,108.5,2029,False,6213
2019-05-16,2019-03-g007-2019-03-06-2388,2019-05-16,330500.0,威盛,33.05,10000,False,2388
2019-05-16,2019-04-g008-2019-04-01-3406,2019-05-16,11145.0,玉晶光,371.5,30,False,3406
2019-05-16,2019-05-g005-2019-05-03-6213,2019-05-16,206958.0,聯茂,102.0,2029,False,6213
2019-05-17,2019-03-g007-2019-03-06-2388,2019-05-17,323500.0,威盛,32.35,10000,False,2388
2019-05-17,2019-04-g008-2019-04-01-3406,2019-05-17,10305.0,玉晶光,343.5,30,False,3406
2019-05-17,2019-05-g005-2019-05-03-6213,2019-05-17,186262.19999999998,聯茂,91.8,2029,False,6213
2019-05-20,2019-03-g007-2019-03-06-2388,2019-05-20,331000.0,威盛,33.1,10000,False,2388
2019-05-20,2019-04-g008-2019-04-01-3406,2019-05-20,5480.0,玉晶光,342.5,16,False,3406
2019-05-21,2019-03-g007-2019-03-06-2388,2019-05-21,342000.0,威盛,34.2,10000,False,2388
2019-05-21,2019-04-g008-2019-04-01-3406,2019-05-21,1113.0,玉晶光,371.0,3,False,3406
2019-05-22,2019-03-g007-2019-03-06-2388,2019-05-22,338000.0,威盛,33.8,10000,False,2388
2019-05-23,2019-03-g007-2019-03-06-2388,2019-05-23,325000.0,威盛,32.5,10000,False,2388
2019-05-24,2019-03-g007-2019-03-06-2388,2019-05-24,321500.0,威盛,32.15,10000,False,2388
2019-05-27,2019-03-g007-2019-03-06-2388,2019-05-27,314000.0,威盛,31.4,10000,False,2388
2019-05-28,2019-03-g007-2019-03-06-2388,2019-05-28,330000.0,威盛,33.0,10000,False,2388
2019-05-29,2019-03-g007-2019-03-06-2388,2019-05-29,317000.0,威盛,31.7,10000,False,2388
2019-05-30,2019-03-g007-2019-03-06-2388,2019-05-30,325000.0,威盛,32.5,10000,False,2388
2019-05-31,2019-03-g007-2019-03-06-2388,2019-05-31,328000.0,威盛,32.8,10000,False,2388
2019-06-03,2019-03-g007-2019-03-06-2388,2019-06-03,320500.0,威盛,32.05,10000,False,2388
2019-06-03,2019-05-g001-2019-05-31-4904,2019-06-03,236711.4,遠傳,78.2,3027,False,4904
2019-06-04,2019-03-g007-2019-03-06-2388,2019-06-04,318000.0,威盛,31.8,10000,False,2388
2019-06-04,2019-05-g001-2019-05-31-4904,2019-06-04,237619.5,遠傳,78.5,3027,False,4904
2019-06-05,2019-03-g007-2019-03-06-2388,2019-06-05,320500.0,威盛,32.05,10000,False,2388
2019-06-05,2019-05-g001-2019-05-31-4904,2019-06-05,237316.80000000002,遠傳,78.4,3027,False,4904
2019-06-06,2019-03-g007-2019-03-06-2388,2019-06-06,315000.0,威盛,31.5,10000,False,2388
2019-06-06,2019-05-g001-2019-05-31-4904,2019-06-06,237619.5,遠傳,78.5,3027,False,4904
2019-06-10,2019-05-g001-2019-05-31-4904,2019-06-10,238224.9,遠傳,78.7,3027,False,4904
2019-06-11,2019-05-g001-2019-05-31-4904,2019-06-11,236106.0,遠傳,78.0,3027,False,4904
2019-06-12,2019-05-g001-2019-05-31-4904,2019-06-12,237014.1,遠傳,78.3,3027,False,4904
2019-06-13,2019-05-g001-2019-05-31-4904,2019-06-13,236408.69999999998,遠傳,78.1,3027,False,4904
2019-06-14,2019-05-g001-2019-05-31-4904,2019-06-14,236106.0,遠傳,78.0,3027,False,4904
2019-06-14,2019-06-g004-2019-06-13-8462,2019-06-14,260598.0,柏文,257.0,1014,False,8462
2019-06-17,2019-05-g001-2019-05-31-4904,2019-06-17,235500.6,遠傳,77.8,3027,False,4904
2019-06-17,2019-06-g004-2019-06-13-8462,2019-06-17,263640.0,柏文,260.0,1014,False,8462
2019-06-18,2019-05-g001-2019-05-31-4904,2019-06-18,236711.4,遠傳,78.2,3027,False,4904
2019-06-18,2019-06-g004-2019-06-13-8462,2019-06-18,266682.0,柏文,263.0,1014,False,8462
2019-06-19,2019-05-g001-2019-05-31-4904,2019-06-19,237619.5,遠傳,78.5,3027,False,4904
2019-06-19,2019-06-g004-2019-06-13-8462,2019-06-19,265161.0,柏文,261.5,1014,False,8462
2019-06-20,2019-05-g001-2019-05-31-4904,2019-06-20,236711.4,遠傳,78.2,3027,False,4904
2019-06-20,2019-06-g004-2019-06-13-8462,2019-06-20,262119.0,柏文,258.5,1014,False,8462
2019-06-21,2019-05-g001-2019-05-31-4904,2019-06-21,236711.4,遠傳,78.2,3027,False,4904
2019-06-21,2019-06-g004-2019-06-13-8462,2019-06-21,262119.0,柏文,258.5,1014,False,8462
2019-06-24,2019-05-g001-2019-05-31-4904,2019-06-24,238527.6,遠傳,78.8,3027,False,4904
2019-06-24,2019-06-g004-2019-06-13-8462,2019-06-24,267189.0,柏文,263.5,1014,False,8462
2019-06-25,2019-05-g001-2019-05-31-4904,2019-06-25,238224.9,遠傳,78.7,3027,False,4904
2019-06-25,2019-06-g004-2019-06-13-8462,2019-06-25,264654.0,柏文,261.0,1014,False,8462
2019-06-26,2019-05-g001-2019-05-31-4904,2019-06-26,237014.1,遠傳,78.3,3027,False,4904
2019-06-26,2019-06-g004-2019-06-13-8462,2019-06-26,259077.0,柏文,255.5,1014,False,8462
2019-06-27,2019-05-g001-2019-05-31-4904,2019-06-27,238224.9,遠傳,78.7,3027,False,4904
2019-06-27,2019-06-g004-2019-06-13-8462,2019-06-27,254007.0,柏文,250.5,1014,False,8462
2019-06-28,2019-05-g001-2019-05-31-4904,2019-06-28,237014.1,遠傳,78.3,3027,False,4904
2019-06-28,2019-06-g004-2019-06-13-8462,2019-06-28,265161.0,柏文,261.5,1014,False,8462
2019-07-01,2019-05-g001-2019-05-31-4904,2019-07-01,236711.4,遠傳,78.2,3027,False,4904
2019-07-01,2019-06-g004-2019-06-13-8462,2019-07-01,267696.0,柏文,264.0,1014,False,8462
2019-07-02,2019-05-g001-2019-05-31-4904,2019-07-02,237619.5,遠傳,78.5,3027,False,4904
2019-07-02,2019-06-g004-2019-06-13-8462,2019-07-02,272766.0,柏文,269.0,1014,False,8462
2019-07-02,2019-07-g002-2019-07-01-5483,2019-07-02,270158.39999999997,中美晶,87.6,3084,False,5483
2019-07-03,2019-05-g001-2019-05-31-4904,2019-07-03,236106.0,遠傳,78.0,3027,False,4904
2019-07-03,2019-06-g004-2019-06-13-8462,2019-07-03,275808.0,柏文,272.0,1014,False,8462
2019-07-03,2019-07-g002-2019-07-01-5483,2019-07-03,264915.60000000003,中美晶,85.9,3084,False,5483
2019-07-04,2019-05-g001-2019-05-31-4904,2019-07-04,236711.4,遠傳,78.2,3027,False,4904
2019-07-04,2019-06-g004-2019-06-13-8462,2019-07-04,293553.0,柏文,289.5,1014,False,8462
2019-07-04,2019-07-g002-2019-07-01-5483,2019-07-04,264607.2,中美晶,85.8,3084,False,5483
2019-07-05,2019-05-g001-2019-05-31-4904,2019-07-05,236106.0,遠傳,78.0,3027,False,4904
2019-07-05,2019-06-g004-2019-06-13-8462,2019-07-05,305214.0,柏文,301.0,1014,False,8462
2019-07-05,2019-07-g002-2019-07-01-5483,2019-07-05,269233.2,中美晶,87.3,3084,False,5483
2019-07-08,2019-05-g001-2019-05-31-4904,2019-07-08,235803.30000000002,遠傳,77.9,3027,False,4904
2019-07-08,2019-06-g004-2019-06-13-8462,2019-07-08,280878.0,柏文,277.0,1014,False,8462
2019-07-08,2019-07-g002-2019-07-01-5483,2019-07-08,269850.0,中美晶,87.5,3084,False,5483
2019-07-09,2019-05-g001-2019-05-31-4904,2019-07-09,234592.5,遠傳,77.5,3027,False,4904
2019-07-09,2019-06-g004-2019-06-13-8462,2019-07-09,279864.0,柏文,276.0,1014,False,8462
2019-07-09,2019-07-g002-2019-07-01-5483,2019-07-09,264298.8,中美晶,85.7,3084,False,5483
2019-07-10,2019-05-g001-2019-05-31-4904,2019-07-10,233079.0,遠傳,77.0,3027,False,4904
2019-07-10,2019-06-g004-2019-06-13-8462,2019-07-10,283413.0,柏文,279.5,1014,False,8462
2019-07-10,2019-07-g002-2019-07-01-5483,2019-07-10,267382.8,中美晶,86.7,3084,False,5483
2019-07-11,2019-05-g001-2019-05-31-4904,2019-07-11,228235.80000000002,遠傳,75.4,3027,False,4904
2019-07-11,2019-06-g004-2019-06-13-8462,2019-07-11,270231.0,柏文,266.5,1014,False,8462
2019-07-11,2019-07-g002-2019-07-01-5483,2019-07-11,269233.2,中美晶,87.3,3084,False,5483
2019-07-12,2019-05-g001-2019-05-31-4904,2019-07-12,229446.6,遠傳,75.8,3027,False,4904
2019-07-12,2019-06-g004-2019-06-13-8462,2019-07-12,266175.0,柏文,262.5,1014,False,8462
2019-07-12,2019-07-g002-2019-07-01-5483,2019-07-12,271083.60000000003,中美晶,87.9,3084,False,5483
2019-07-15,2019-05-g001-2019-05-31-4904,2019-07-15,230052.0,遠傳,76.0,3027,False,4904
2019-07-15,2019-06-g004-2019-06-13-8462,2019-07-15,258063.0,柏文,254.5,1014,False,8462
2019-07-15,2019-07-g002-2019-07-01-5483,2019-07-15,277251.60000000003,中美晶,89.9,3084,False,5483
2019-07-16,2019-05-g001-2019-05-31-4904,2019-07-16,216127.80000000002,遠傳,71.4,3027,False,4904
2019-07-16,2019-06-g004-2019-06-13-8462,2019-07-16,258063.0,柏文,254.5,1014,False,8462
2019-07-16,2019-07-g002-2019-07-01-5483,2019-07-16,278793.60000000003,中美晶,90.4,3084,False,5483
2019-07-17,2019-05-g001-2019-05-31-4904,2019-07-17,217641.30000000002,遠傳,71.9,3027,False,4904
2019-07-17,2019-06-g004-2019-06-13-8462,2019-07-17,258570.0,柏文,255.0,1014,False,8462
2019-07-17,2019-07-g002-2019-07-01-5483,2019-07-17,277251.60000000003,中美晶,89.9,3084,False,5483
2019-07-18,2019-05-g001-2019-05-31-4904,2019-07-18,216127.80000000002,遠傳,71.4,3027,False,4904
2019-07-18,2019-06-g004-2019-06-13-8462,2019-07-18,250965.0,柏文,247.5,1014,False,8462
2019-07-18,2019-07-g002-2019-07-01-5483,2019-07-18,267691.2,中美晶,86.8,3084,False,5483
2019-07-19,2019-05-g001-2019-05-31-4904,2019-07-19,217944.0,遠傳,72.0,3027,False,4904
2019-07-19,2019-06-g004-2019-06-13-8462,2019-07-19,250965.0,柏文,247.5,1014,False,8462
2019-07-19,2019-07-g002-2019-07-01-5483,2019-07-19,271392.0,中美晶,88.0,3084,False,5483
2019-07-22,2019-05-g001-2019-05-31-4904,2019-07-22,217944.0,遠傳,72.0,3027,False,4904
2019-07-22,2019-06-g004-2019-06-13-8462,2019-07-22,240318.0,柏文,237.0,1014,False,8462
2019-07-22,2019-07-g002-2019-07-01-5483,2019-07-22,271700.39999999997,中美晶,88.1,3084,False,5483
2019-07-23,2019-05-g001-2019-05-31-4904,2019-07-23,218549.4,遠傳,72.2,3027,False,4904
2019-07-23,2019-06-g004-2019-06-13-8462,2019-07-23,240318.0,柏文,237.0,1014,False,8462
2019-07-23,2019-07-g002-2019-07-01-5483,2019-07-23,267999.60000000003,中美晶,86.9,3084,False,5483
2019-07-24,2019-05-g001-2019-05-31-4904,2019-07-24,216733.19999999998,遠傳,71.6,3027,False,4904
2019-07-24,2019-06-g004-2019-06-13-8462,2019-07-24,257049.0,柏文,253.5,1014,False,8462
2019-07-24,2019-07-g002-2019-07-01-5483,2019-07-24,267999.60000000003,中美晶,86.9,3084,False,5483
2019-07-25,2019-05-g001-2019-05-31-4904,2019-07-25,217338.6,遠傳,71.8,3027,False,4904
2019-07-25,2019-06-g004-2019-06-13-8462,2019-07-25,254007.0,柏文,250.5,1014,False,8462
2019-07-25,2019-07-g002-2019-07-01-5483,2019-07-25,272625.60000000003,中美晶,88.4,3084,False,5483
2019-07-26,2019-05-g001-2019-05-31-4904,2019-07-26,217338.6,遠傳,71.8,3027,False,4904
2019-07-26,2019-06-g004-2019-06-13-8462,2019-07-26,247416.0,柏文,244.0,1014,False,8462
2019-07-26,2019-07-g002-2019-07-01-5483,2019-07-26,271392.0,中美晶,88.0,3084,False,5483
2019-07-29,2019-05-g001-2019-05-31-4904,2019-07-29,216733.19999999998,遠傳,71.6,3027,False,4904
2019-07-29,2019-06-g004-2019-06-13-8462,2019-07-29,243360.0,柏文,240.0,1014,False,8462
2019-07-29,2019-07-g002-2019-07-01-5483,2019-07-29,266149.2,中美晶,86.3,3084,False,5483
2019-07-30,2019-05-g001-2019-05-31-4904,2019-07-30,216733.19999999998,遠傳,71.6,3027,False,4904
2019-07-30,2019-06-g004-2019-06-13-8462,2019-07-30,238797.0,柏文,235.5,1014,False,8462
2019-07-30,2019-07-g002-2019-07-01-5483,2019-07-30,257514.0,中美晶,83.5,3084,False,5483
2019-07-31,2019-05-g001-2019-05-31-4904,2019-07-31,216430.5,遠傳,71.5,3027,False,4904
2019-07-31,2019-06-g004-2019-06-13-8462,2019-07-31,233220.0,柏文,230.0,1014,False,8462
2019-07-31,2019-07-g002-2019-07-01-5483,2019-07-31,265224.0,中美晶,86.0,3084,False,5483
2019-08-01,2019-05-g001-2019-05-31-4904,2019-08-01,216127.80000000002,遠傳,71.4,3027,False,4904
2019-08-01,2019-06-g004-2019-06-13-8462,2019-08-01,235755.0,柏文,232.5,1014,False,8462
2019-08-01,2019-07-g002-2019-07-01-5483,2019-08-01,263682.0,中美晶,85.5,3084,False,5483
2019-08-02,2019-05-g001-2019-05-31-4904,2019-08-02,214917.0,遠傳,71.0,3027,False,4904
2019-08-02,2019-06-g004-2019-06-13-8462,2019-08-02,228150.0,柏文,225.0,1014,False,8462
2019-08-02,2019-07-g002-2019-07-01-5483,2019-08-02,251654.4,中美晶,81.6,3084,False,5483
2019-08-05,2019-05-g001-2019-05-31-4904,2019-08-05,215825.1,遠傳,71.3,3027,False,4904
2019-08-05,2019-06-g004-2019-06-13-8462,2019-08-05,222066.0,柏文,219.0,1014,False,8462
2019-08-05,2019-07-g002-2019-07-01-5483,2019-08-05,248262.0,中美晶,80.5,3084,False,5483
2019-08-06,2019-05-g001-2019-05-31-4904,2019-08-06,215825.1,遠傳,71.3,3027,False,4904
2019-08-06,2019-06-g004-2019-06-13-8462,2019-08-06,222066.0,柏文,219.0,1014,False,8462
2019-08-06,2019-07-g002-2019-07-01-5483,2019-08-06,253813.19999999998,中美晶,82.3,3084,False,5483
2019-08-07,2019-05-g001-2019-05-31-4904,2019-08-07,217035.9,遠傳,71.7,3027,False,4904
2019-08-07,2019-06-g004-2019-06-13-8462,2019-08-07,230178.0,柏文,227.0,1014,False,8462
2019-08-07,2019-07-g002-2019-07-01-5483,2019-08-07,248262.0,中美晶,80.5,3084,False,5483
2019-08-08,2019-05-g001-2019-05-31-4904,2019-08-08,216430.5,遠傳,71.5,3027,False,4904
2019-08-08,2019-06-g004-2019-06-13-8462,2019-08-08,239304.0,柏文,236.0,1014,False,8462
2019-08-08,2019-07-g002-2019-07-01-5483,2019-08-08,247336.80000000002,中美晶,80.2,3084,False,5483
2019-08-12,2019-05-g001-2019-05-31-4904,2019-08-12,217035.9,遠傳,71.7,3027,False,4904
2019-08-12,2019-06-g004-2019-06-13-8462,2019-08-12,240825.0,柏文,237.5,1014,False,8462
2019-08-12,2019-07-g002-2019-07-01-5483,2019-08-12,251346.0,中美晶,81.5,3084,False,5483
2019-08-13,2019-05-g001-2019-05-31-4904,2019-08-13,217035.9,遠傳,71.7,3027,False,4904
2019-08-13,2019-06-g004-2019-06-13-8462,2019-08-13,234741.0,柏文,231.5,1014,False,8462
2019-08-13,2019-07-g002-2019-07-01-5483,2019-08-13,249804.0,中美晶,81.0,3084,False,5483
2019-08-14,2019-05-g001-2019-05-31-4904,2019-08-14,215825.1,遠傳,71.3,3027,False,4904
2019-08-14,2019-06-g004-2019-06-13-8462,2019-08-14,234741.0,柏文,231.5,1014,False,8462
2019-08-14,2019-07-g002-2019-07-01-5483,2019-08-14,249495.6,中美晶,80.9,3084,False,5483
2019-08-15,2019-05-g001-2019-05-31-4904,2019-08-15,216127.80000000002,遠傳,71.4,3027,False,4904
2019-08-15,2019-06-g004-2019-06-13-8462,2019-08-15,225615.0,柏文,222.5,1014,False,8462
2019-08-15,2019-07-g002-2019-07-01-5483,2019-08-15,239318.4,中美晶,77.6,3084,False,5483
2019-08-16,2019-05-g001-2019-05-31-4904,2019-08-16,216127.80000000002,遠傳,71.4,3027,False,4904
2019-08-16,2019-06-g004-2019-06-13-8462,2019-08-16,224094.0,柏文,221.0,1014,False,8462
2019-08-16,2019-07-g002-2019-07-01-5483,2019-08-16,240552.0,中美晶,78.0,3084,False,5483
2019-08-19,2019-05-g001-2019-05-31-4904,2019-08-19,216127.80000000002,遠傳,71.4,3027,False,4904
2019-08-19,2019-06-g004-2019-06-13-8462,2019-08-19,224601.0,柏文,221.5,1014,False,8462
2019-08-19,2019-07-g002-2019-07-01-5483,2019-08-19,250420.80000000002,中美晶,81.2,3084,False,5483
2019-08-20,2019-05-g001-2019-05-31-4904,2019-08-20,216430.5,遠傳,71.5,3027,False,4904
2019-08-20,2019-06-g004-2019-06-13-8462,2019-08-20,234234.0,柏文,231.0,1014,False,8462
2019-08-20,2019-07-g002-2019-07-01-5483,2019-08-20,247028.4,中美晶,80.1,3084,False,5483
2019-08-21,2019-05-g001-2019-05-31-4904,2019-08-21,217035.9,遠傳,71.7,3027,False,4904
2019-08-21,2019-06-g004-2019-06-13-8462,2019-08-21,237276.0,柏文,234.0,1014,False,8462
2019-08-21,2019-07-g002-2019-07-01-5483,2019-08-21,244561.19999999998,中美晶,79.3,3084,False,5483
2019-08-22,2019-05-g001-2019-05-31-4904,2019-08-22,218246.69999999998,遠傳,72.1,3027,False,4904
2019-08-22,2019-06-g004-2019-06-13-8462,2019-08-22,234234.0,柏文,231.0,1014,False,8462
2019-08-22,2019-07-g002-2019-07-01-5483,2019-08-22,240243.6,中美晶,77.9,3084,False,5483
2019-08-23,2019-05-g001-2019-05-31-4904,2019-08-23,217944.0,遠傳,72.0,3027,False,4904
2019-08-23,2019-06-g004-2019-06-13-8462,2019-08-23,230178.0,柏文,227.0,1014,False,8462
2019-08-23,2019-07-g002-2019-07-01-5483,2019-08-23,240243.6,中美晶,77.9,3084,False,5483
2019-08-26,2019-05-g001-2019-05-31-4904,2019-08-26,216430.5,遠傳,71.5,3027,False,4904
2019-08-26,2019-06-g004-2019-06-13-8462,2019-08-26,230685.0,柏文,227.5,1014,False,8462
2019-08-26,2019-07-g002-2019-07-01-5483,2019-08-26,228524.4,中美晶,74.1,3084,False,5483
2019-08-27,2019-05-g001-2019-05-31-4904,2019-08-27,216430.5,遠傳,71.5,3027,False,4904
2019-08-27,2019-06-g004-2019-06-13-8462,2019-08-27,227136.0,柏文,224.0,1014,False,8462
2019-08-27,2019-07-g002-2019-07-01-5483,2019-08-27,3763.7999999999997,中美晶,73.8,51,False,5483
2019-08-28,2019-05-g001-2019-05-31-4904,2019-08-28,217035.9,遠傳,71.7,3027,False,4904
2019-08-28,2019-06-g004-2019-06-13-8462,2019-08-28,227136.0,柏文,224.0,1014,False,8462
2019-08-28,2019-07-g002-2019-07-01-5483,2019-08-28,2646.0,中美晶,73.5,36,False,5483
2019-08-29,2019-05-g001-2019-05-31-4904,2019-08-29,219154.80000000002,遠傳,72.4,3027,False,4904
2019-08-29,2019-06-g004-2019-06-13-8462,2019-08-29,225615.0,柏文,222.5,1014,False,8462
2019-08-29,2019-07-g002-2019-07-01-5483,2019-08-29,596.8,中美晶,74.6,8,False,5483
2019-08-30,2019-05-g001-2019-05-31-4904,2019-08-30,221576.4,遠傳,73.2,3027,False,4904
2019-08-30,2019-06-g004-2019-06-13-8462,2019-08-30,246194.0,柏文,221.0,1114,False,8462
2019-09-02,2019-05-g001-2019-05-31-4904,2019-09-02,1171.2,遠傳,73.2,16,False,4904
2019-09-02,2019-06-g004-2019-06-13-8462,2019-09-02,257334.0,柏文,231.0,1114,False,8462
2019-09-03,2019-06-g004-2019-06-13-8462,2019-09-03,262904.0,柏文,236.0,1114,False,8462
2019-09-04,2019-06-g004-2019-06-13-8462,2019-09-04,262347.0,柏文,235.5,1114,False,8462
2019-09-04,2019-09-g008-2019-09-03-6285,2019-09-04,251986.0,啟碁,82.0,3073,False,6285
2019-09-05,2019-06-g004-2019-06-13-8462,2019-09-05,261233.0,柏文,234.5,1114,False,8462
2019-09-05,2019-09-g008-2019-09-03-6285,2019-09-05,251678.7,啟碁,81.9,3073,False,6285
2019-09-06,2019-06-g004-2019-06-13-8462,2019-09-06,265132.0,柏文,238.0,1114,False,8462
2019-09-06,2019-09-g008-2019-09-03-6285,2019-09-06,252293.3,啟碁,82.1,3073,False,6285
2019-09-09,2019-06-g004-2019-06-13-8462,2019-09-09,259562.0,柏文,233.0,1114,False,8462
2019-09-09,2019-09-g008-2019-09-03-6285,2019-09-09,250449.5,啟碁,81.5,3073,False,6285
2019-09-10,2019-06-g004-2019-06-13-8462,2019-09-10,260119.0,柏文,233.5,1114,False,8462
2019-09-10,2019-09-g008-2019-09-03-6285,2019-09-10,249834.9,啟碁,81.3,3073,False,6285
2019-09-11,2019-06-g004-2019-06-13-8462,2019-09-11,253992.0,柏文,228.0,1114,False,8462
2019-09-11,2019-09-g008-2019-09-03-6285,2019-09-11,250449.5,啟碁,81.5,3073,False,6285
2019-09-12,2019-06-g004-2019-06-13-8462,2019-09-12,20152.0,柏文,229.0,88,False,8462
2019-09-12,2019-09-g008-2019-09-03-6285,2019-09-12,251371.4,啟碁,81.8,3073,False,6285
2019-09-12,2019-09-g003-2019-09-11-6213,2019-09-12,185203.0,聯茂,167.0,1109,False,6213
2019-09-16,2019-06-g004-2019-06-13-8462,2019-09-16,13755.5,柏文,225.5,61,False,8462
2019-09-16,2019-09-g008-2019-09-03-6285,2019-09-16,251371.4,啟碁,81.8,3073,False,6285
2019-09-16,2019-09-g003-2019-09-11-6213,2019-09-16,179658.0,聯茂,162.0,1109,False,6213
2019-09-17,2019-06-g004-2019-06-13-8462,2019-09-17,7441.5,柏文,225.5,33,False,8462
2019-09-17,2019-09-g008-2019-09-03-6285,2019-09-17,249527.6,啟碁,81.2,3073,False,6285
2019-09-17,2019-09-g003-2019-09-11-6213,2019-09-17,180767.0,聯茂,163.0,1109,False,6213
2019-09-18,2019-09-g008-2019-09-03-6285,2019-09-18,251678.7,啟碁,81.9,3073,False,6285
2019-09-18,2019-09-g003-2019-09-11-6213,2019-09-18,181321.5,聯茂,163.5,1109,False,6213
2019-09-19,2019-09-g008-2019-09-03-6285,2019-09-19,254444.4,啟碁,82.8,3073,False,6285
2019-09-19,2019-09-g003-2019-09-11-6213,2019-09-19,180212.5,聯茂,162.5,1109,False,6213
2019-09-20,2019-09-g008-2019-09-03-6285,2019-09-20,255059.0,啟碁,83.0,3073,False,6285
2019-09-20,2019-09-g003-2019-09-11-6213,2019-09-20,180212.5,聯茂,162.5,1109,False,6213
2019-09-23,2019-09-g008-2019-09-03-6285,2019-09-23,254444.4,啟碁,82.8,3073,False,6285
2019-09-23,2019-09-g003-2019-09-11-6213,2019-09-23,179658.0,聯茂,162.0,1109,False,6213
2019-09-24,2019-09-g008-2019-09-03-6285,2019-09-24,255059.0,啟碁,83.0,3073,False,6285
2019-09-24,2019-09-g003-2019-09-11-6213,2019-09-24,175776.5,聯茂,158.5,1109,False,6213
2019-09-25,2019-09-g008-2019-09-03-6285,2019-09-25,257517.4,啟碁,83.8,3073,False,6285
2019-09-25,2019-09-g003-2019-09-11-6213,2019-09-25,174113.0,聯茂,157.0,1109,False,6213
2019-09-26,2019-09-g008-2019-09-03-6285,2019-09-26,255980.9,啟碁,83.3,3073,False,6285
2019-09-26,2019-09-g003-2019-09-11-6213,2019-09-26,171895.0,聯茂,155.0,1109,False,6213
2019-09-27,2019-09-g008-2019-09-03-6285,2019-09-27,250756.8,啟碁,81.6,3073,False,6285
2019-09-27,2019-09-g003-2019-09-11-6213,2019-09-27,167459.0,聯茂,151.0,1109,False,6213
2019-10-01,2019-09-g008-2019-09-03-6285,2019-10-01,252907.9,啟碁,82.3,3073,False,6285
2019-10-01,2019-09-g003-2019-09-11-6213,2019-10-01,170231.5,聯茂,153.5,1109,False,6213
2019-10-02,2019-09-g008-2019-09-03-6285,2019-10-02,253829.8,啟碁,82.6,3073,False,6285
2019-10-02,2019-09-g003-2019-09-11-6213,2019-10-02,175776.5,聯茂,158.5,1109,False,6213
2019-10-03,2019-09-g008-2019-09-03-6285,2019-10-03,251986.0,啟碁,82.0,3073,False,6285
2019-10-03,2019-09-g003-2019-09-11-6213,2019-10-03,169677.0,聯茂,153.0,1109,False,6213
2019-10-04,2019-09-g008-2019-09-03-6285,2019-10-04,251678.7,啟碁,81.9,3073,False,6285
2019-10-04,2019-09-g003-2019-09-11-6213,2019-10-04,168013.5,聯茂,151.5,1109,False,6213
2019-10-07,2019-09-g008-2019-09-03-6285,2019-10-07,251678.7,啟碁,81.9,3073,False,6285
2019-10-07,2019-09-g003-2019-09-11-6213,2019-10-07,171340.5,聯茂,154.5,1109,False,6213
2019-10-08,2019-09-g008-2019-09-03-6285,2019-10-08,247683.8,啟碁,80.6,3073,False,6285
2019-10-08,2019-09-g003-2019-09-11-6213,2019-10-08,166350.0,聯茂,150.0,1109,False,6213
2019-10-09,2019-09-g008-2019-09-03-6285,2019-10-09,248913.0,啟碁,81.0,3073,False,6285
2019-10-09,2019-09-g003-2019-09-11-6213,2019-10-09,166350.0,聯茂,150.0,1109,False,6213
2019-10-14,2019-09-g008-2019-09-03-6285,2019-10-14,248913.0,啟碁,81.0,3073,False,6285
2019-10-14,2019-09-g003-2019-09-11-6213,2019-10-14,175222.0,聯茂,158.0,1109,False,6213
2019-10-15,2019-09-g008-2019-09-03-6285,2019-10-15,247683.8,啟碁,80.6,3073,False,6285
2019-10-15,2019-09-g003-2019-09-11-6213,2019-10-15,173558.5,聯茂,156.5,1109,False,6213
2019-10-16,2019-09-g008-2019-09-03-6285,2019-10-16,247683.8,啟碁,80.6,3073,False,6285
2019-10-16,2019-09-g003-2019-09-11-6213,2019-10-16,163577.5,聯茂,147.5,1109,False,6213
2019-10-16,2019-10-g008-2019-10-15-3673,2019-10-16,186042.0,TPK-KY,61.4,3030,False,3673
2019-10-17,2019-09-g008-2019-09-03-6285,2019-10-17,249527.6,啟碁,81.2,3073,False,6285
2019-10-17,2019-09-g003-2019-09-11-6213,2019-10-17,171340.5,聯茂,154.5,1109,False,6213
2019-10-17,2019-10-g008-2019-10-15-3673,2019-10-17,188163.0,TPK-KY,62.1,3030,False,3673
2019-10-18,2019-09-g008-2019-09-03-6285,2019-10-18,248913.0,啟碁,81.0,3073,False,6285
2019-10-18,2019-09-g003-2019-09-11-6213,2019-10-18,174113.0,聯茂,157.0,1109,False,6213
2019-10-18,2019-10-g008-2019-10-15-3673,2019-10-18,188163.0,TPK-KY,62.1,3030,False,3673
2019-10-21,2019-09-g008-2019-09-03-6285,2019-10-21,248298.4,啟碁,80.8,3073,False,6285
2019-10-21,2019-09-g003-2019-09-11-6213,2019-10-21,172449.5,聯茂,155.5,1109,False,6213
2019-10-21,2019-10-g008-2019-10-15-3673,2019-10-21,190284.0,TPK-KY,62.8,3030,False,3673
2019-10-22,2019-09-g008-2019-09-03-6285,2019-10-22,247683.8,啟碁,80.6,3073,False,6285
2019-10-22,2019-09-g003-2019-09-11-6213,2019-10-22,176331.0,聯茂,159.0,1109,False,6213
2019-10-22,2019-10-g008-2019-10-15-3673,2019-10-22,190890.0,TPK-KY,63.0,3030,False,3673
2019-10-23,2019-09-g008-2019-09-03-6285,2019-10-23,246761.9,啟碁,80.3,3073,False,6285
2019-10-23,2019-09-g003-2019-09-11-6213,2019-10-23,174113.0,聯茂,157.0,1109,False,6213
2019-10-23,2019-10-g008-2019-10-15-3673,2019-10-23,189072.0,TPK-KY,62.4,3030,False,3673
2019-10-24,2019-09-g008-2019-09-03-6285,2019-10-24,249220.3,啟碁,81.1,3073,False,6285
2019-10-24,2019-09-g003-2019-09-11-6213,2019-10-24,172449.5,聯茂,155.5,1109,False,6213
2019-10-24,2019-10-g008-2019-10-15-3673,2019-10-24,191496.0,TPK-KY,63.2,3030,False,3673
2019-10-25,2019-09-g008-2019-09-03-6285,2019-10-25,246147.3,啟碁,80.1,3073,False,6285
2019-10-25,2019-09-g003-2019-09-11-6213,2019-10-25,173004.0,聯茂,156.0,1109,False,6213
2019-10-25,2019-10-g008-2019-10-15-3673,2019-10-25,189375.0,TPK-KY,62.5,3030,False,3673
2019-10-28,2019-09-g008-2019-09-03-6285,2019-10-28,241537.8,啟碁,78.6,3073,False,6285
2019-10-28,2019-09-g003-2019-09-11-6213,2019-10-28,174667.5,聯茂,157.5,1109,False,6213
2019-10-28,2019-10-g008-2019-10-15-3673,2019-10-28,193314.0,TPK-KY,63.8,3030,False,3673
2019-10-29,2019-09-g008-2019-09-03-6285,2019-10-29,238464.8,啟碁,77.6,3073,False,6285
2019-10-29,2019-09-g003-2019-09-11-6213,2019-10-29,177994.5,聯茂,160.5,1109,False,6213
2019-10-29,2019-10-g008-2019-10-15-3673,2019-10-29,205131.0,TPK-KY,67.7,3030,False,3673
2019-10-30,2019-09-g008-2019-09-03-6285,2019-10-30,240001.3,啟碁,78.1,3073,False,6285
2019-10-30,2019-09-g003-2019-09-11-6213,2019-10-30,175222.0,聯茂,158.0,1109,False,6213
2019-10-30,2019-10-g008-2019-10-15-3673,2019-10-30,203616.0,TPK-KY,67.2,3030,False,3673
2019-10-31,2019-09-g008-2019-09-03-6285,2019-10-31,233548.0,啟碁,76.0,3073,False,6285
2019-10-31,2019-09-g003-2019-09-11-6213,2019-10-31,171895.0,聯茂,155.0,1109,False,6213
2019-10-31,2019-10-g008-2019-10-15-3673,2019-10-31,200889.0,TPK-KY,66.3,3030,False,3673
2019-11-01,2019-09-g008-2019-09-03-6285,2019-11-01,230167.7,啟碁,74.9,3073,False,6285
2019-11-01,2019-09-g003-2019-09-11-6213,2019-11-01,170786.0,聯茂,154.0,1109,False,6213
2019-11-01,2019-10-g008-2019-10-15-3673,2019-11-01,204827.99999999997,TPK-KY,67.6,3030,False,3673
2019-11-04,2019-09-g008-2019-09-03-6285,2019-11-04,228631.2,啟碁,74.4,3073,False,6285
2019-11-04,2019-09-g003-2019-09-11-6213,2019-11-04,171340.5,聯茂,154.5,1109,False,6213
2019-11-04,2019-10-g008-2019-10-15-3673,2019-11-04,205131.0,TPK-KY,67.7,3030,False,3673
2019-11-05,2019-09-g008-2019-09-03-6285,2019-11-05,228938.5,啟碁,74.5,3073,False,6285
2019-11-05,2019-09-g003-2019-09-11-6213,2019-11-05,170786.0,聯茂,154.0,1109,False,6213
2019-11-05,2019-10-g008-2019-10-15-3673,2019-11-05,203616.0,TPK-KY,67.2,3030,False,3673
2019-11-06,2019-09-g008-2019-09-03-6285,2019-11-06,232933.4,啟碁,75.8,3073,False,6285
2019-11-06,2019-09-g003-2019-09-11-6213,2019-11-06,163023.0,聯茂,147.0,1109,False,6213
2019-11-06,2019-10-g008-2019-10-15-3673,2019-11-06,200889.0,TPK-KY,66.3,3030,False,3673
2019-11-07,2019-09-g008-2019-09-03-6285,2019-11-07,228938.5,啟碁,74.5,3073,False,6285
2019-11-07,2019-09-g003-2019-09-11-6213,2019-11-07,154151.0,聯茂,139.0,1109,False,6213
2019-11-07,2019-10-g008-2019-10-15-3673,2019-11-07,190284.0,TPK-KY,62.8,3030,False,3673
2019-11-08,2019-09-g008-2019-09-03-6285,2019-11-08,230475.0,啟碁,75.0,3073,False,6285
2019-11-08,2019-09-g003-2019-09-11-6213,2019-11-08,12600.0,聯茂,140.0,90,False,6213
2019-11-08,2019-10-g008-2019-10-15-3673,2019-11-08,182103.0,TPK-KY,60.1,3030,False,3673
2019-11-11,2019-09-g008-2019-09-03-6285,2019-11-11,226172.8,啟碁,73.6,3073,False,6285
2019-11-11,2019-09-g003-2019-09-11-6213,2019-11-11,11000.0,聯茂,137.5,80,False,6213
2019-11-11,2019-10-g008-2019-10-15-3673,2019-11-11,169074.0,TPK-KY,55.8,3030,False,3673
2019-11-12,2019-09-g008-2019-09-03-6285,2019-11-12,228016.6,啟碁,74.2,3073,False,6285
2019-11-12,2019-09-g003-2019-09-11-6213,2019-11-12,5901.0,聯茂,140.5,42,False,6213
2019-11-12,2019-10-g008-2019-10-15-3673,2019-11-12,172710.0,TPK-KY,57.0,3030,False,3673
2019-11-13,2019-09-g008-2019-09-03-6285,2019-11-13,230782.3,啟碁,75.1,3073,False,6285
2019-11-13,2019-09-g003-2019-09-11-6213,2019-11-13,1584.0,聯茂,144.0,11,False,6213
2019-11-13,2019-10-g008-2019-10-15-3673,2019-11-13,169983.0,TPK-KY,56.1,3030,False,3673
2019-11-13,2019-11-g008-2019-11-12-8155,2019-11-13,198162.0,博智,98.1,2020,False,8155
2019-11-14,2019-09-g008-2019-09-03-6285,2019-11-14,228631.2,啟碁,74.4,3073,False,6285
2019-11-14,2019-09-g003-2019-09-11-6213,2019-11-14,276.0,聯茂,138.0,2,False,6213
2019-11-14,2019-10-g008-2019-10-15-3673,2019-11-14,166650.0,TPK-KY,55.0,3030,False,3673
2019-11-14,2019-11-g008-2019-11-12-8155,2019-11-14,197354.0,博智,97.7,2020,False,8155
2019-11-15,2019-09-g008-2019-09-03-6285,2019-11-15,227709.3,啟碁,74.1,3073,False,6285
2019-11-15,2019-10-g008-2019-10-15-3673,2019-11-15,169680.0,TPK-KY,56.0,3030,False,3673
2019-11-15,2019-11-g008-2019-11-12-8155,2019-11-15,205030.0,博智,101.5,2020,False,8155
2019-11-18,2019-09-g008-2019-09-03-6285,2019-11-18,228323.9,啟碁,74.3,3073,False,6285
2019-11-18,2019-10-g008-2019-10-15-3673,2019-11-18,169983.0,TPK-KY,56.1,3030,False,3673
2019-11-18,2019-11-g008-2019-11-12-8155,2019-11-18,206040.0,博智,102.0,2020,False,8155
2019-11-19,2019-09-g008-2019-09-03-6285,2019-11-19,231089.6,啟碁,75.2,3073,False,6285
2019-11-19,2019-10-g008-2019-10-15-3673,2019-11-19,170589.0,TPK-KY,56.3,3030,False,3673
2019-11-19,2019-11-g008-2019-11-12-8155,2019-11-19,200586.0,博智,99.3,2020,False,8155
2019-11-20,2019-09-g008-2019-09-03-6285,2019-11-20,230782.3,啟碁,75.1,3073,False,6285
2019-11-20,2019-10-g008-2019-10-15-3673,2019-11-20,166953.0,TPK-KY,55.1,3030,False,3673
2019-11-20,2019-11-g008-2019-11-12-8155,2019-11-20,197960.0,博智,98.0,2020,False,8155
2019-11-21,2019-09-g008-2019-09-03-6285,2019-11-21,230782.3,啟碁,75.1,3073,False,6285
2019-11-21,2019-10-g008-2019-10-15-3673,2019-11-21,169074.0,TPK-KY,55.8,3030,False,3673
2019-11-21,2019-11-g008-2019-11-12-8155,2019-11-21,201596.0,博智,99.8,2020,False,8155
2019-11-22,2019-09-g008-2019-09-03-6285,2019-11-22,230782.3,啟碁,75.1,3073,False,6285
2019-11-22,2019-10-g008-2019-10-15-3673,2019-11-22,167862.0,TPK-KY,55.4,3030,False,3673
2019-11-22,2019-11-g008-2019-11-12-8155,2019-11-22,197354.0,博智,97.7,2020,False,8155
2019-11-25,2019-09-g008-2019-09-03-6285,2019-11-25,230167.7,啟碁,74.9,3073,False,6285
2019-11-25,2019-10-g008-2019-10-15-3673,2019-11-25,168771.0,TPK-KY,55.7,3030,False,3673
2019-11-25,2019-11-g008-2019-11-12-8155,2019-11-25,200384.0,博智,99.2,2020,False,8155
2019-11-26,2019-09-g008-2019-09-03-6285,2019-11-26,231089.6,啟碁,75.2,3073,False,6285
2019-11-26,2019-10-g008-2019-10-15-3673,2019-11-26,166650.0,TPK-KY,55.0,3030,False,3673
2019-11-26,2019-11-g008-2019-11-12-8155,2019-11-26,203010.0,博智,100.5,2020,False,8155
2019-11-27,2019-09-g008-2019-09-03-6285,2019-11-27,230167.7,啟碁,74.9,3073,False,6285
2019-11-27,2019-10-g008-2019-10-15-3673,2019-11-27,168165.0,TPK-KY,55.5,3030,False,3673
2019-11-27,2019-11-g008-2019-11-12-8155,2019-11-27,202000.0,博智,100.0,2020,False,8155
2019-11-28,2019-09-g008-2019-09-03-6285,2019-11-28,230782.3,啟碁,75.1,3073,False,6285
2019-11-28,2019-10-g008-2019-10-15-3673,2019-11-28,169983.0,TPK-KY,56.1,3030,False,3673
2019-11-28,2019-11-g008-2019-11-12-8155,2019-11-28,196748.0,博智,97.4,2020,False,8155
2019-11-29,2019-09-g008-2019-09-03-6285,2019-11-29,230475.0,啟碁,75.0,3073,False,6285
2019-11-29,2019-10-g008-2019-10-15-3673,2019-11-29,167862.0,TPK-KY,55.4,3030,False,3673
2019-11-29,2019-11-g008-2019-11-12-8155,2019-11-29,200990.0,博智,99.5,2020,False,8155
2019-12-02,2019-09-g008-2019-09-03-6285,2019-12-02,228938.5,啟碁,74.5,3073,False,6285
2019-12-02,2019-10-g008-2019-10-15-3673,2019-12-02,165438.0,TPK-KY,54.6,3030,False,3673
2019-12-02,2019-11-g008-2019-11-12-8155,2019-12-02,188062.0,博智,93.1,2020,False,8155
2019-12-03,2019-09-g008-2019-09-03-6285,2019-12-03,228016.6,啟碁,74.2,3073,False,6285
2019-12-03,2019-10-g008-2019-10-15-3673,2019-12-03,167559.0,TPK-KY,55.3,3030,False,3673
2019-12-03,2019-11-g008-2019-11-12-8155,2019-12-03,183214.0,博智,90.7,2020,False,8155
2019-12-04,2019-09-g008-2019-09-03-6285,2019-12-04,227402.0,啟碁,74.0,3073,False,6285
2019-12-04,2019-10-g008-2019-10-15-3673,2019-12-04,165438.0,TPK-KY,54.6,3030,False,3673
2019-12-04,2019-11-g008-2019-11-12-8155,2019-12-04,185436.0,博智,91.8,2020,False,8155
2019-12-05,2019-09-g008-2019-09-03-6285,2019-12-05,232933.4,啟碁,75.8,3073,False,6285
2019-12-05,2019-10-g008-2019-10-15-3673,2019-12-05,168165.0,TPK-KY,55.5,3030,False,3673
2019-12-05,2019-11-g008-2019-11-12-8155,2019-12-05,188264.0,博智,93.2,2020,False,8155
2019-12-06,2019-09-g008-2019-09-03-6285,2019-12-06,3850.5,啟碁,75.5,51,False,6285
2019-12-06,2019-10-g008-2019-10-15-3673,2019-12-06,168468.0,TPK-KY,55.6,3030,False,3673
2019-12-06,2019-11-g008-2019-11-12-8155,2019-12-06,191496.0,博智,94.8,2020,False,8155
2019-12-09,2019-09-g008-2019-09-03-6285,2019-12-09,2689.2000000000003,啟碁,74.7,36,False,6285
2019-12-09,2019-10-g008-2019-10-15-3673,2019-12-09,169377.0,TPK-KY,55.9,3030,False,3673
2019-12-09,2019-11-g008-2019-11-12-8155,2019-12-09,190688.0,博智,94.4,2020,False,8155
2019-12-10,2019-09-g008-2019-09-03-6285,2019-12-10,1652.1999999999998,啟碁,75.1,22,False,6285
2019-12-10,2019-10-g008-2019-10-15-3673,2019-12-10,174528.0,TPK-KY,57.6,3030,False,3673
2019-12-10,2019-11-g008-2019-11-12-8155,2019-12-10,189476.0,博智,93.8,2020,False,8155
2019-12-11,2019-09-g008-2019-09-03-6285,2019-12-11,523.6,啟碁,74.8,7,False,6285
2019-12-11,2019-10-g008-2019-10-15-3673,2019-12-11,173013.0,TPK-KY,57.1,3030,False,3673
2019-12-11,2019-11-g008-2019-11-12-8155,2019-12-11,190486.0,博智,94.3,2020,False,8155
2019-12-12,2019-10-g008-2019-10-15-3673,2019-12-12,172710.0,TPK-KY,57.0,3030,False,3673
2019-12-12,2019-11-g008-2019-11-12-8155,2019-12-12,189880.0,博智,94.0,2020,False,8155
2019-12-13,2019-10-g008-2019-10-15-3673,2019-12-13,169680.0,TPK-KY,56.0,3030,False,3673
2019-12-13,2019-11-g008-2019-11-12-8155,2019-12-13,203010.0,博智,100.5,2020,False,8155
2019-12-13,2019-12-g005-2019-12-12-3653,2019-12-13,203859.5,健策,198.5,1027,False,3653
2019-12-16,2019-10-g008-2019-10-15-3673,2019-12-16,172407.0,TPK-KY,56.9,3030,False,3673
2019-12-16,2019-11-g008-2019-11-12-8155,2019-12-16,220180.0,博智,109.0,2020,False,8155
2019-12-16,2019-12-g005-2019-12-12-3653,2019-12-16,206940.5,健策,201.5,1027,False,3653
2019-12-17,2019-10-g008-2019-10-15-3673,2019-12-17,172710.0,TPK-KY,57.0,3030,False,3673
2019-12-17,2019-11-g008-2019-11-12-8155,2019-12-17,214120.0,博智,106.0,2020,False,8155
2019-12-17,2019-12-g005-2019-12-12-3653,2019-12-17,207454.0,健策,202.0,1027,False,3653
2019-12-18,2019-10-g008-2019-10-15-3673,2019-12-18,172407.0,TPK-KY,56.9,3030,False,3673
2019-12-18,2019-11-g008-2019-11-12-8155,2019-12-18,215130.0,博智,106.5,2020,False,8155
2019-12-18,2019-12-g005-2019-12-12-3653,2019-12-18,205913.5,健策,200.5,1027,False,3653
2019-12-19,2019-10-g008-2019-10-15-3673,2019-12-19,171195.0,TPK-KY,56.5,3030,False,3673
2019-12-19,2019-11-g008-2019-11-12-8155,2019-12-19,215130.0,博智,106.5,2020,False,8155
2019-12-19,2019-12-g005-2019-12-12-3653,2019-12-19,204373.0,健策,199.0,1027,False,3653
2019-12-20,2019-10-g008-2019-10-15-3673,2019-12-20,170286.0,TPK-KY,56.2,3030,False,3673
2019-12-20,2019-11-g008-2019-11-12-8155,2019-12-20,206040.0,博智,102.0,2020,False,8155
2019-12-20,2019-12-g005-2019-12-12-3653,2019-12-20,210535.0,健策,205.0,1027,False,3653
2019-12-23,2019-10-g008-2019-10-15-3673,2019-12-23,170892.0,TPK-KY,56.4,3030,False,3673
2019-12-23,2019-11-g008-2019-11-12-8155,2019-12-23,201192.0,博智,99.6,2020,False,8155
2019-12-23,2019-12-g005-2019-12-12-3653,2019-12-23,217724.0,健策,212.0,1027,False,3653
2019-12-24,2019-10-g008-2019-10-15-3673,2019-12-24,168771.0,TPK-KY,55.7,3030,False,3673
2019-12-24,2019-11-g008-2019-11-12-8155,2019-12-24,199576.0,博智,98.8,2020,False,8155
2019-12-24,2019-12-g005-2019-12-12-3653,2019-12-24,219778.0,健策,214.0,1027,False,3653
2019-12-25,2019-10-g008-2019-10-15-3673,2019-12-25,171195.0,TPK-KY,56.5,3030,False,3673
2019-12-25,2019-11-g008-2019-11-12-8155,2019-12-25,205030.0,博智,101.5,2020,False,8155
2019-12-25,2019-12-g005-2019-12-12-3653,2019-12-25,220805.0,健策,215.0,1027,False,3653
2019-12-26,2019-10-g008-2019-10-15-3673,2019-12-26,171801.0,TPK-KY,56.7,3030,False,3673
2019-12-26,2019-11-g008-2019-11-12-8155,2019-12-26,201192.0,博智,99.6,2020,False,8155
2019-12-26,2019-12-g005-2019-12-12-3653,2019-12-26,235696.5,健策,229.5,1027,False,3653
2019-12-27,2019-10-g008-2019-10-15-3673,2019-12-27,173013.0,TPK-KY,57.1,3030,False,3673
2019-12-27,2019-11-g008-2019-11-12-8155,2019-12-27,200384.0,博智,99.2,2020,False,8155
2019-12-27,2019-12-g005-2019-12-12-3653,2019-12-27,232102.0,健策,226.0,1027,False,3653
2019-12-30,2019-10-g008-2019-10-15-3673,2019-12-30,171801.0,TPK-KY,56.7,3030,False,3673
2019-12-30,2019-11-g008-2019-11-12-8155,2019-12-30,211090.0,博智,104.5,2020,False,8155
2019-12-30,2019-12-g005-2019-12-12-3653,2019-12-30,235183.0,健策,229.0,1027,False,3653
2019-12-31,2019-10-g008-2019-10-15-3673,2019-12-31,172104.0,TPK-KY,56.8,3030,False,3673
2019-12-31,2019-11-g008-2019-11-12-8155,2019-12-31,214120.0,博智,106.0,2020,False,8155
2019-12-31,2019-12-g005-2019-12-12-3653,2019-12-31,240831.5,健策,234.5,1027,False,3653
2020-01-02,2019-10-g008-2019-10-15-3673,2020-01-02,174831.0,TPK-KY,57.7,3030,False,3673
2020-01-02,2019-11-g008-2019-11-12-8155,2020-01-02,213110.0,博智,105.5,2020,False,8155
2020-01-02,2019-12-g005-2019-12-12-3653,2020-01-02,241858.5,健策,235.5,1027,False,3653
2020-01-03,2019-10-g008-2019-10-15-3673,2020-01-03,171498.0,TPK-KY,56.6,3030,False,3673
2020-01-03,2019-11-g008-2019-11-12-8155,2020-01-03,205030.0,博智,101.5,2020,False,8155
2020-01-03,2019-12-g005-2019-12-12-3653,2020-01-03,239291.0,健策,233.0,1027,False,3653
2020-01-06,2019-10-g008-2019-10-15-3673,2020-01-06,168468.0,TPK-KY,55.6,3030,False,3673
2020-01-06,2019-11-g008-2019-11-12-8155,2020-01-06,201192.0,博智,99.6,2020,False,8155
2020-01-06,2019-12-g005-2019-12-12-3653,2020-01-06,243399.0,健策,237.0,1027,False,3653
2020-01-07,2019-10-g008-2019-10-15-3673,2020-01-07,165741.0,TPK-KY,54.7,3030,False,3673
2020-01-07,2019-11-g008-2019-11-12-8155,2020-01-07,200990.0,博智,99.5,2020,False,8155
2020-01-07,2019-12-g005-2019-12-12-3653,2020-01-07,232102.0,健策,226.0,1027,False,3653
2020-01-08,2019-10-g008-2019-10-15-3673,2020-01-08,159378.0,TPK-KY,52.6,3030,False,3673
2020-01-08,2019-11-g008-2019-11-12-8155,2020-01-08,193920.0,博智,96.0,2020,False,8155
2020-01-08,2019-12-g005-2019-12-12-3653,2020-01-08,237237.0,健策,231.0,1027,False,3653
2020-01-09,2019-10-g008-2019-10-15-3673,2020-01-09,1115.1000000000001,TPK-KY,53.1,21,False,3673
2020-01-09,2019-11-g008-2019-11-12-8155,2020-01-09,197960.0,博智,98.0,2020,False,8155
2020-01-09,2019-12-g005-2019-12-12-3653,2020-01-09,235183.0,健策,229.0,1027,False,3653
2020-01-10,2019-10-g008-2019-10-15-3673,2020-01-10,955.8000000000001,TPK-KY,53.1,18,False,3673
2020-01-10,2019-11-g008-2019-11-12-8155,2020-01-10,197152.0,博智,97.6,2020,False,8155
2020-01-10,2019-12-g005-2019-12-12-3653,2020-01-10,233129.0,健策,227.0,1027,False,3653
2020-01-13,2019-10-g008-2019-10-15-3673,2020-01-13,753.1999999999999,TPK-KY,53.8,14,False,3673
2020-01-13,2019-11-g008-2019-11-12-8155,2020-01-13,197556.0,博智,97.8,2020,False,8155
2020-01-13,2019-12-g005-2019-12-12-3653,2020-01-13,241345.0,健策,235.0,1027,False,3653
2020-01-14,2019-10-g008-2019-10-15-3673,2020-01-14,324.6,TPK-KY,54.1,6,False,3673
2020-01-14,2019-11-g008-2019-11-12-8155,2020-01-14,201192.0,博智,99.6,2020,False,8155
2020-01-14,2019-12-g005-2019-12-12-3653,2020-01-14,238264.0,健策,232.0,1027,False,3653
2020-01-15,2019-11-g008-2019-11-12-8155,2020-01-15,204020.0,博智,101.0,2020,False,8155
2020-01-15,2019-12-g005-2019-12-12-3653,2020-01-15,234156.0,健策,228.0,1027,False,3653
2020-01-15,2020-01-g003-2020-01-14-6488,2020-01-15,29190.0,環球晶,417.0,70,False,6488
2020-01-16,2019-11-g008-2019-11-12-8155,2020-01-16,199980.0,博智,99.0,2020,False,8155
2020-01-16,2019-12-g005-2019-12-12-3653,2020-01-16,226967.0,健策,221.0,1027,False,3653
2020-01-16,2020-01-g003-2020-01-14-6488,2020-01-16,29750.0,環球晶,425.0,70,False,6488
2020-01-17,2019-11-g008-2019-11-12-8155,2020-01-17,198970.0,博智,98.5,2020,False,8155
2020-01-17,2019-12-g005-2019-12-12-3653,2020-01-17,228507.5,健策,222.5,1027,False,3653
2020-01-17,2020-01-g003-2020-01-14-6488,2020-01-17,29540.0,環球晶,422.0,70,False,6488
2020-01-20,2019-11-g008-2019-11-12-8155,2020-01-20,197556.0,博智,97.8,2020,False,8155
2020-01-20,2019-12-g005-2019-12-12-3653,2020-01-20,232102.0,健策,226.0,1027,False,3653
2020-01-20,2020-01-g003-2020-01-14-6488,2020-01-20,29400.0,環球晶,420.0,70,False,6488
2020-01-30,2019-11-g008-2019-11-12-8155,2020-01-30,177962.0,博智,88.1,2020,False,8155
2020-01-30,2019-12-g005-2019-12-12-3653,2020-01-30,208994.5,健策,203.5,1027,False,3653
2020-01-30,2020-01-g003-2020-01-14-6488,2020-01-30,27020.0,環球晶,386.0,70,False,6488
2020-01-31,2019-11-g008-2019-11-12-8155,2020-01-31,188870.0,博智,93.5,2020,False,8155
2020-01-31,2019-12-g005-2019-12-12-3653,2020-01-31,214643.0,健策,209.0,1027,False,3653
2020-01-31,2020-01-g003-2020-01-14-6488,2020-01-31,28000.0,環球晶,400.0,70,False,6488
2020-02-03,2019-11-g008-2019-11-12-8155,2020-02-03,187254.0,博智,92.7,2020,False,8155
2020-02-03,2019-12-g005-2019-12-12-3653,2020-02-03,213616.0,健策,208.0,1027,False,3653
2020-02-03,2020-01-g003-2020-01-14-6488,2020-02-03,29260.0,環球晶,418.0,70,False,6488
2020-02-04,2019-11-g008-2019-11-12-8155,2020-02-04,189880.0,博智,94.0,2020,False,8155
2020-02-04,2019-12-g005-2019-12-12-3653,2020-02-04,214129.5,健策,208.5,1027,False,3653
2020-02-04,2020-01-g003-2020-01-14-6488,2020-02-04,30100.0,環球晶,430.0,70,False,6488
2020-02-05,2019-11-g008-2019-11-12-8155,2020-02-05,197354.0,博智,97.7,2020,False,8155
2020-02-05,2019-12-g005-2019-12-12-3653,2020-02-05,210021.5,健策,204.5,1027,False,3653
2020-02-05,2020-01-g003-2020-01-14-6488,2020-02-05,30205.0,環球晶,431.5,70,False,6488
2020-02-06,2019-11-g008-2019-11-12-8155,2020-02-06,212100.0,博智,105.0,2020,False,8155
2020-02-06,2019-12-g005-2019-12-12-3653,2020-02-06,225940.0,健策,220.0,1027,False,3653
2020-02-06,2020-01-g003-2020-01-14-6488,2020-02-06,29960.0,環球晶,428.0,70,False,6488
2020-02-07,2019-11-g008-2019-11-12-8155,2020-02-07,208060.0,博智,103.0,2020,False,8155
2020-02-07,2019-12-g005-2019-12-12-3653,2020-02-07,219264.5,健策,213.5,1027,False,3653
2020-02-07,2020-01-g003-2020-01-14-6488,2020-02-07,29260.0,環球晶,418.0,70,False,6488
2020-02-10,2019-11-g008-2019-11-12-8155,2020-02-10,228260.0,博智,113.0,2020,False,8155
2020-02-10,2019-12-g005-2019-12-12-3653,2020-02-10,220805.0,健策,215.0,1027,False,3653
2020-02-10,2020-01-g003-2020-01-14-6488,2020-02-10,29015.0,環球晶,414.5,70,False,6488
2020-02-11,2019-11-g008-2019-11-12-8155,2020-02-11,232300.0,博智,115.0,2020,False,8155
2020-02-11,2019-12-g005-2019-12-12-3653,2020-02-11,233129.0,健策,227.0,1027,False,3653
2020-02-11,2020-01-g003-2020-01-14-6488,2020-02-11,29610.0,環球晶,423.0,70,False,6488
2020-02-12,2019-11-g008-2019-11-12-8155,2020-02-12,236340.0,博智,117.0,2020,False,8155
2020-02-12,2019-12-g005-2019-12-12-3653,2020-02-12,241345.0,健策,235.0,1027,False,3653
2020-02-12,2020-01-g003-2020-01-14-6488,2020-02-12,30030.0,環球晶,429.0,70,False,6488
2020-02-13,2019-11-g008-2019-11-12-8155,2020-02-13,237350.0,博智,117.5,2020,False,8155
2020-02-13,2019-12-g005-2019-12-12-3653,2020-02-13,236723.5,健策,230.5,1027,False,3653
2020-02-13,2020-01-g003-2020-01-14-6488,2020-02-13,29785.0,環球晶,425.5,70,False,6488
2020-02-14,2019-11-g008-2019-11-12-8155,2020-02-14,249470.0,博智,123.5,2020,False,8155
2020-02-14,2019-12-g005-2019-12-12-3653,2020-02-14,243912.5,健策,237.5,1027,False,3653
2020-02-14,2020-01-g003-2020-01-14-6488,2020-02-14,31325.0,環球晶,447.5,70,False,6488
2020-02-17,2019-11-g008-2019-11-12-8155,2020-02-17,273710.0,博智,135.5,2020,False,8155
2020-02-17,2019-12-g005-2019-12-12-3653,2020-02-17,239291.0,健策,233.0,1027,False,3653
2020-02-17,2020-01-g003-2020-01-14-6488,2020-02-17,31465.0,環球晶,449.5,70,False,6488
2020-02-18,2019-11-g008-2019-11-12-8155,2020-02-18,263610.0,博智,130.5,2020,False,8155
2020-02-18,2019-12-g005-2019-12-12-3653,2020-02-18,239291.0,健策,233.0,1027,False,3653
2020-02-18,2020-01-g003-2020-01-14-6488,2020-02-18,30590.0,環球晶,437.0,70,False,6488
2020-02-19,2019-11-g008-2019-11-12-8155,2020-02-19,271690.0,博智,134.5,2020,False,8155
2020-02-19,2019-12-g005-2019-12-12-3653,2020-02-19,246480.0,健策,240.0,1027,False,3653
2020-02-19,2020-01-g003-2020-01-14-6488,2020-02-19,31780.0,環球晶,454.0,70,False,6488
2020-02-20,2019-12-g005-2019-12-12-3653,2020-02-20,241345.0,健策,235.0,1027,False,3653
2020-02-20,2020-01-g003-2020-01-14-6488,2020-02-20,31920.0,環球晶,456.0,70,False,6488
2020-02-21,2019-12-g005-2019-12-12-3653,2020-02-21,237237.0,健策,231.0,1027,False,3653
2020-02-21,2020-01-g003-2020-01-14-6488,2020-02-21,32165.0,環球晶,459.5,70,False,6488
2020-02-24,2019-12-g005-2019-12-12-3653,2020-02-24,232102.0,健策,226.0,1027,False,3653
2020-02-24,2020-01-g003-2020-01-14-6488,2020-02-24,31850.0,環球晶,455.0,70,False,6488
2020-02-25,2019-12-g005-2019-12-12-3653,2020-02-25,232615.5,健策,226.5,1027,False,3653
2020-02-25,2020-01-g003-2020-01-14-6488,2020-02-25,31570.0,環球晶,451.0,70,False,6488
2020-02-26,2019-12-g005-2019-12-12-3653,2020-02-26,230048.0,健策,224.0,1027,False,3653
2020-02-26,2020-01-g003-2020-01-14-6488,2020-02-26,29890.0,環球晶,427.0,70,False,6488
2020-02-27,2019-12-g005-2019-12-12-3653,2020-02-27,214643.0,健策,209.0,1027,False,3653
2020-02-27,2020-01-g003-2020-01-14-6488,2020-02-27,28665.0,環球晶,409.5,70,False,6488
2020-03-02,2019-12-g005-2019-12-12-3653,2020-03-02,220805.0,健策,215.0,1027,False,3653
2020-03-02,2020-01-g003-2020-01-14-6488,2020-03-02,28770.0,環球晶,411.0,70,False,6488
2020-03-03,2019-12-g005-2019-12-12-3653,2020-03-03,216183.5,健策,210.5,1027,False,3653
2020-03-03,2020-01-g003-2020-01-14-6488,2020-03-03,29190.0,環球晶,417.0,70,False,6488
2020-03-04,2019-12-g005-2019-12-12-3653,2020-03-04,211562.0,健策,206.0,1027,False,3653
2020-03-04,2020-01-g003-2020-01-14-6488,2020-03-04,28700.0,環球晶,410.0,70,False,6488
2020-03-04,2020-03-g005-2020-03-03-3450,2020-03-04,239070.0,聯鈞,78.0,3065,False,3450
2020-03-05,2019-12-g005-2019-12-12-3653,2020-03-05,220805.0,健策,215.0,1027,False,3653
2020-03-05,2020-01-g003-2020-01-14-6488,2020-03-05,29400.0,環球晶,420.0,70,False,6488
2020-03-05,2020-03-g005-2020-03-03-3450,2020-03-05,241522.0,聯鈞,78.8,3065,False,3450
2020-03-06,2019-12-g005-2019-12-12-3653,2020-03-06,213102.5,健策,207.5,1027,False,3653
2020-03-06,2020-01-g003-2020-01-14-6488,2020-03-06,28490.0,環球晶,407.0,70,False,6488
2020-03-06,2020-03-g005-2020-03-03-3450,2020-03-06,238150.5,聯鈞,77.7,3065,False,3450
2020-03-09,2019-12-g005-2019-12-12-3653,2020-03-09,203346.0,健策,198.0,1027,False,3653
2020-03-09,2020-01-g003-2020-01-14-6488,2020-03-09,26390.0,環球晶,377.0,70,False,6488
2020-03-09,2020-03-g005-2020-03-03-3450,2020-03-09,225277.5,聯鈞,73.5,3065,False,3450
2020-03-10,2019-12-g005-2019-12-12-3653,2020-03-10,211048.5,健策,205.5,1027,False,3653
2020-03-10,2020-01-g003-2020-01-14-6488,2020-03-10,26530.0,環球晶,379.0,70,False,6488
2020-03-10,2020-03-g005-2020-03-03-3450,2020-03-10,231407.5,聯鈞,75.5,3065,False,3450
2020-03-11,2019-12-g005-2019-12-12-3653,2020-03-11,194616.5,健策,189.5,1027,False,3653
2020-03-11,2020-01-g003-2020-01-14-6488,2020-03-11,26040.0,環球晶,372.0,70,False,6488
2020-03-11,2020-03-g005-2020-03-03-3450,2020-03-11,220067.0,聯鈞,71.8,3065,False,3450
2020-03-12,2019-12-g005-2019-12-12-3653,2020-03-12,175617.0,健策,171.0,1027,False,3653
2020-03-12,2020-01-g003-2020-01-14-6488,2020-03-12,25760.0,環球晶,368.0,70,False,6488
2020-03-12,2020-03-g005-2020-03-03-3450,2020-03-12,199531.49999999997,聯鈞,65.1,3065,False,3450
2020-03-13,2019-12-g005-2019-12-12-3653,2020-03-13,3049.5,健策,160.5,19,False,3653
2020-03-13,2020-01-g003-2020-01-14-6488,2020-03-13,24780.0,環球晶,354.0,70,False,6488
2020-03-13,2020-03-g005-2020-03-03-3450,2020-03-13,1500.0,聯鈞,62.5,24,False,3450
2020-03-16,2019-12-g005-2019-12-12-3653,2020-03-16,747.5,健策,149.5,5,False,3653
2020-03-16,2020-01-g003-2020-01-14-6488,2020-03-16,3864.0,環球晶,322.0,12,False,6488
2020-06-04,2020-06-g003-2020-06-03-6504,2020-06-04,5901.0,南六,281.0,21,False,6504
2020-06-05,2020-06-g003-2020-06-03-6504,2020-06-05,5817.0,南六,277.0,21,False,6504
2020-06-05,2020-06-g004-2020-06-04-9914,2020-06-05,197548.0,美利達,188.5,1048,False,9914
2020-06-08,2020-06-g003-2020-06-03-6504,2020-06-08,5827.5,南六,277.5,21,False,6504
2020-06-08,2020-06-g004-2020-06-04-9914,2020-06-08,187592.0,美利達,179.0,1048,False,9914
2020-06-08,2020-06-g006-2020-06-05-4167,2020-06-08,225050.0,松瑞藥,32.15,7000,False,4167
2020-06-09,2020-06-g003-2020-06-03-6504,2020-06-09,5733.0,南六,273.0,21,False,6504
2020-06-09,2020-06-g004-2020-06-04-9914,2020-06-09,188640.0,美利達,180.0,1048,False,9914
2020-06-09,2020-06-g006-2020-06-05-4167,2020-06-09,228550.0,松瑞藥,32.65,7000,False,4167
2020-06-10,2020-06-g003-2020-06-03-6504,2020-06-10,5670.0,南六,270.0,21,False,6504
2020-06-10,2020-06-g004-2020-06-04-9914,2020-06-10,192832.0,美利達,184.0,1048,False,9914
2020-06-10,2020-06-g006-2020-06-05-4167,2020-06-10,241849.99999999997,松瑞藥,34.55,7000,False,4167
2020-06-11,2020-06-g003-2020-06-03-6504,2020-06-11,5544.0,南六,264.0,21,False,6504
2020-06-11,2020-06-g004-2020-06-04-9914,2020-06-11,201216.0,美利達,192.0,1048,False,9914
2020-06-11,2020-06-g006-2020-06-05-4167,2020-06-11,233450.0,松瑞藥,33.35,7000,False,4167
2020-06-12,2020-06-g003-2020-06-03-6504,2020-06-12,5817.0,南六,277.0,21,False,6504
2020-06-12,2020-06-g004-2020-06-04-9914,2020-06-12,199120.0,美利達,190.0,1048,False,9914
2020-06-12,2020-06-g006-2020-06-05-4167,2020-06-12,252700.0,松瑞藥,36.1,7000,False,4167
2020-06-15,2020-06-g003-2020-06-03-6504,2020-06-15,5659.5,南六,269.5,21,False,6504
2020-06-15,2020-06-g004-2020-06-04-9914,2020-06-15,198596.0,美利達,189.5,1048,False,9914
2020-06-15,2020-06-g006-2020-06-05-4167,2020-06-15,277900.0,松瑞藥,39.7,7000,False,4167
2020-06-16,2020-06-g003-2020-06-03-6504,2020-06-16,5754.0,南六,274.0,21,False,6504
2020-06-16,2020-06-g004-2020-06-04-9914,2020-06-16,200168.0,美利達,191.0,1048,False,9914
2020-06-16,2020-06-g006-2020-06-05-4167,2020-06-16,299250.0,松瑞藥,42.75,7000,False,4167
2020-06-17,2020-06-g003-2020-06-03-6504,2020-06-17,5754.0,南六,274.0,21,False,6504
2020-06-17,2020-06-g004-2020-06-04-9914,2020-06-17,204360.0,美利達,195.0,1048,False,9914
2020-06-17,2020-06-g006-2020-06-05-4167,2020-06-17,301700.0,松瑞藥,43.1,7000,False,4167
2020-06-18,2020-06-g003-2020-06-03-6504,2020-06-18,5775.0,南六,275.0,21,False,6504
2020-06-18,2020-06-g004-2020-06-04-9914,2020-06-18,204360.0,美利達,195.0,1048,False,9914
2020-06-18,2020-06-g006-2020-06-05-4167,2020-06-18,299950.0,松瑞藥,42.85,7000,False,4167
2020-06-19,2020-06-g003-2020-06-03-6504,2020-06-19,5754.0,南六,274.0,21,False,6504
2020-06-19,2020-06-g004-2020-06-04-9914,2020-06-19,204360.0,美利達,195.0,1048,False,9914
2020-06-19,2020-06-g006-2020-06-05-4167,2020-06-19,293300.0,松瑞藥,41.9,7000,False,4167
2020-06-22,2020-06-g003-2020-06-03-6504,2020-06-22,5544.0,南六,264.0,21,False,6504
2020-06-22,2020-06-g004-2020-06-04-9914,2020-06-22,201740.0,美利達,192.5,1048,False,9914
2020-06-22,2020-06-g006-2020-06-05-4167,2020-06-22,292600.0,松瑞藥,41.8,7000,False,4167
2020-06-23,2020-06-g003-2020-06-03-6504,2020-06-23,5649.0,南六,269.0,21,False,6504
2020-06-23,2020-06-g004-2020-06-04-9914,2020-06-23,202788.0,美利達,193.5,1048,False,9914
2020-06-23,2020-06-g006-2020-06-05-4167,2020-06-23,274750.0,松瑞藥,39.25,7000,False,4167
2020-06-24,2020-06-g003-2020-06-03-6504,2020-06-24,5418.0,南六,258.0,21,False,6504
2020-06-24,2020-06-g004-2020-06-04-9914,2020-06-24,202264.0,美利達,193.0,1048,False,9914
2020-06-24,2020-06-g006-2020-06-05-4167,2020-06-24,279300.0,松瑞藥,39.9,7000,False,4167
2020-06-29,2020-06-g003-2020-06-03-6504,2020-06-29,5859.0,南六,279.0,21,False,6504
2020-06-29,2020-06-g004-2020-06-04-9914,2020-06-29,215888.0,美利達,206.0,1048,False,9914
2020-06-29,2020-06-g006-2020-06-05-4167,2020-06-29,304150.0,松瑞藥,43.45,7000,False,4167
2020-06-30,2020-06-g003-2020-06-03-6504,2020-06-30,5523.0,南六,263.0,21,False,6504
2020-06-30,2020-06-g004-2020-06-04-9914,2020-06-30,210648.0,美利達,201.0,1048,False,9914
2020-06-30,2020-06-g006-2020-06-05-4167,2020-06-30,291550.0,松瑞藥,41.65,7000,False,4167
2020-07-01,2020-06-g003-2020-06-03-6504,2020-07-01,5439.0,南六,259.0,21,False,6504
2020-07-01,2020-06-g004-2020-06-04-9914,2020-07-01,220604.0,美利達,210.5,1048,False,9914
2020-07-01,2020-06-g006-2020-06-05-4167,2020-07-01,283850.0,松瑞藥,40.55,7000,False,4167
2020-07-02,2020-06-g003-2020-06-03-6504,2020-07-02,5418.0,南六,258.0,21,False,6504
2020-07-02,2020-06-g004-2020-06-04-9914,2020-07-02,223748.0,美利達,213.5,1048,False,9914
2020-07-02,2020-06-g006-2020-06-05-4167,2020-07-02,284200.0,松瑞藥,40.6,7000,False,4167
2020-07-03,2020-06-g003-2020-06-03-6504,2020-07-03,5397.0,南六,257.0,21,False,6504
2020-07-03,2020-06-g004-2020-06-04-9914,2020-07-03,220604.0,美利達,210.5,1048,False,9914
2020-07-03,2020-06-g006-2020-06-05-4167,2020-07-03,278250.0,松瑞藥,39.75,7000,False,4167
2020-07-06,2020-06-g003-2020-06-03-6504,2020-07-06,5449.5,南六,259.5,21,False,6504
2020-07-06,2020-06-g004-2020-06-04-9914,2020-07-06,220080.0,美利達,210.0,1048,False,9914
2020-07-06,2020-06-g006-2020-06-05-4167,2020-07-06,274050.0,松瑞藥,39.15,7000,False,4167
2020-07-07,2020-06-g003-2020-06-03-6504,2020-07-07,5418.0,南六,258.0,21,False,6504
2020-07-07,2020-06-g004-2020-06-04-9914,2020-07-07,226892.0,美利達,216.5,1048,False,9914
2020-07-07,2020-06-g006-2020-06-05-4167,2020-07-07,253050.0,松瑞藥,36.15,7000,False,4167
2020-07-08,2020-06-g003-2020-06-03-6504,2020-07-08,5502.0,南六,262.0,21,False,6504
2020-07-08,2020-06-g004-2020-06-04-9914,2020-07-08,233704.0,美利達,223.0,1048,False,9914
2020-07-08,2020-06-g006-2020-06-05-4167,2020-07-08,278250.0,松瑞藥,39.75,7000,False,4167
2020-07-09,2020-06-g003-2020-06-03-6504,2020-07-09,5397.0,南六,257.0,21,False,6504
2020-07-09,2020-06-g004-2020-06-04-9914,2020-07-09,253092.0,美利達,241.5,1048,False,9914
2020-07-09,2020-06-g006-2020-06-05-4167,2020-07-09,279300.0,松瑞藥,39.9,7000,False,4167
2020-07-10,2020-06-g003-2020-06-03-6504,2020-07-10,5418.0,南六,258.0,21,False,6504
2020-07-10,2020-06-g004-2020-06-04-9914,2020-07-10,252568.0,美利達,241.0,1048,False,9914
2020-07-10,2020-06-g006-2020-06-05-4167,2020-07-10,266700.0,松瑞藥,38.1,7000,False,4167
2020-07-13,2020-06-g003-2020-06-03-6504,2020-07-13,5449.5,南六,259.5,21,False,6504
2020-07-13,2020-06-g004-2020-06-04-9914,2020-07-13,267240.0,美利達,255.0,1048,False,9914
2020-07-13,2020-06-g006-2020-06-05-4167,2020-07-13,259700.0,松瑞藥,37.1,7000,False,4167
2020-07-14,2020-06-g003-2020-06-03-6504,2020-07-14,5470.5,南六,260.5,21,False,6504
2020-07-14,2020-06-g004-2020-06-04-9914,2020-07-14,262000.0,美利達,250.0,1048,False,9914
2020-07-14,2020-06-g006-2020-06-05-4167,2020-07-14,250599.99999999997,松瑞藥,35.8,7000,False,4167
2020-07-15,2020-06-g003-2020-06-03-6504,2020-07-15,5355.0,南六,255.0,21,False,6504
2020-07-15,2020-06-g004-2020-06-04-9914,2020-07-15,269336.0,美利達,257.0,1048,False,9914
2020-07-15,2020-06-g006-2020-06-05-4167,2020-07-15,248500.0,松瑞藥,35.5,7000,False,4167
2020-07-16,2020-06-g003-2020-06-03-6504,2020-07-16,5418.0,南六,258.0,21,False,6504
2020-07-16,2020-06-g004-2020-06-04-9914,2020-07-16,264096.0,美利達,252.0,1048,False,9914
2020-07-16,2020-06-g006-2020-06-05-4167,2020-07-16,250950.0,松瑞藥,35.85,7000,False,4167
2020-07-17,2020-06-g003-2020-06-03-6504,2020-07-17,5145.0,南六,245.0,21,False,6504
2020-07-17,2020-06-g004-2020-06-04-9914,2020-07-17,262000.0,美利達,250.0,1048,False,9914
2020-07-17,2020-06-g006-2020-06-05-4167,2020-07-17,233099.99999999997,松瑞藥,33.3,7000,False,4167
2020-07-20,2020-06-g003-2020-06-03-6504,2020-07-20,2500.0,南六,250.0,10,False,6504
2020-07-20,2020-06-g004-2020-06-04-9914,2020-07-20,262000.0,美利達,250.0,1048,False,9914
2020-07-20,2020-06-g006-2020-06-05-4167,2020-07-20,240800.0,松瑞藥,34.4,7000,False,4167
2020-07-21,2020-06-g003-2020-06-03-6504,2020-07-21,2254.5,南六,250.5,9,False,6504
2020-07-21,2020-06-g004-2020-06-04-9914,2020-07-21,269336.0,美利達,257.0,1048,False,9914
2020-07-21,2020-06-g006-2020-06-05-4167,2020-07-21,242200.0,松瑞藥,34.6,7000,False,4167
2020-07-22,2020-06-g003-2020-06-03-6504,2020-07-22,759.0,南六,253.0,3,False,6504
2020-07-22,2020-06-g004-2020-06-04-9914,2020-07-22,272480.0,美利達,260.0,1048,False,9914
2020-07-22,2020-06-g006-2020-06-05-4167,2020-07-22,246050.0,松瑞藥,35.15,7000,False,4167
2020-07-23,2020-06-g004-2020-06-04-9914,2020-07-23,265144.0,美利達,253.0,1048,False,9914
2020-07-23,2020-06-g006-2020-06-05-4167,2020-07-23,239750.0,松瑞藥,34.25,7000,False,4167
2020-07-24,2020-06-g004-2020-06-04-9914,2020-07-24,262000.0,美利達,250.0,1048,False,9914
2020-07-24,2020-06-g006-2020-06-05-4167,2020-07-24,234500.0,松瑞藥,33.5,7000,False,4167
2020-07-27,2020-06-g004-2020-06-04-9914,2020-07-27,256760.0,美利達,245.0,1048,False,9914
2020-07-27,2020-06-g006-2020-06-05-4167,2020-07-27,227500.0,松瑞藥,32.5,7000,False,4167
2020-07-28,2020-06-g004-2020-06-04-9914,2020-07-28,258856.0,美利達,247.0,1048,False,9914
2020-07-28,2020-06-g006-2020-06-05-4167,2020-07-28,221200.0,松瑞藥,31.6,7000,False,4167
2020-07-29,2020-06-g004-2020-06-04-9914,2020-07-29,263572.0,美利達,251.5,1048,False,9914
2020-07-29,2020-06-g006-2020-06-05-4167,2020-07-29,235900.00000000003,松瑞藥,33.7,7000,False,4167
2020-07-30,2020-06-g004-2020-06-04-9914,2020-07-30,271432.0,美利達,259.0,1048,False,9914
2020-07-30,2020-06-g006-2020-06-05-4167,2020-07-30,237650.00000000003,松瑞藥,33.95,7000,False,4167
2020-07-31,2020-06-g004-2020-06-04-9914,2020-07-31,283484.0,美利達,270.5,1048,False,9914
2020-07-31,2020-06-g006-2020-06-05-4167,2020-07-31,236599.99999999997,松瑞藥,33.8,7000,False,4167
2020-08-03,2020-06-g004-2020-06-04-9914,2020-08-03,272480.0,美利達,260.0,1048,False,9914
2020-08-03,2020-06-g006-2020-06-05-4167,2020-08-03,245000.0,松瑞藥,35.0,7000,False,4167
2020-08-04,2020-06-g004-2020-06-04-9914,2020-08-04,296584.0,美利達,283.0,1048,False,9914
2020-08-04,2020-06-g006-2020-06-05-4167,2020-08-04,241500.0,松瑞藥,34.5,7000,False,4167
2020-08-05,2020-06-g004-2020-06-04-9914,2020-08-05,291344.0,美利達,278.0,1048,False,9914
2020-08-05,2020-06-g006-2020-06-05-4167,2020-08-05,243250.0,松瑞藥,34.75,7000,False,4167
2020-08-06,2020-06-g004-2020-06-04-9914,2020-08-06,291344.0,美利達,278.0,1048,False,9914
2020-08-06,2020-06-g006-2020-06-05-4167,2020-08-06,256200.0,松瑞藥,36.6,7000,False,4167
2020-08-06,2020-08-g015-2020-08-05-5434,2020-08-06,262763.0,崇越,127.0,2069,False,5434
2020-08-07,2020-06-g004-2020-06-04-9914,2020-08-07,282436.0,美利達,269.5,1048,False,9914
2020-08-07,2020-06-g006-2020-06-05-4167,2020-08-07,252700.0,松瑞藥,36.1,7000,False,4167
2020-08-07,2020-08-g015-2020-08-05-5434,2020-08-07,259659.5,崇越,125.5,2069,False,5434
2020-08-10,2020-06-g004-2020-06-04-9914,2020-08-10,285580.0,美利達,272.5,1048,False,9914
2020-08-10,2020-06-g006-2020-06-05-4167,2020-08-10,243250.0,松瑞藥,34.75,7000,False,4167
2020-08-10,2020-08-g015-2020-08-05-5434,2020-08-10,256556.0,崇越,124.0,2069,False,5434
2020-08-11,2020-06-g004-2020-06-04-9914,2020-08-11,270384.0,美利達,258.0,1048,False,9914
2020-08-11,2020-06-g006-2020-06-05-4167,2020-08-11,234500.0,松瑞藥,33.5,7000,False,4167
2020-08-11,2020-08-g015-2020-08-05-5434,2020-08-11,252418.0,崇越,122.0,2069,False,5434
2020-08-12,2020-06-g004-2020-06-04-9914,2020-08-12,264620.0,美利達,252.5,1048,False,9914
2020-08-12,2020-06-g006-2020-06-05-4167,2020-08-12,233099.99999999997,松瑞藥,33.3,7000,False,4167
2020-08-12,2020-08-g015-2020-08-05-5434,2020-08-12,248280.0,崇越,120.0,2069,False,5434
2020-08-13,2020-06-g004-2020-06-04-9914,2020-08-13,255712.0,美利達,244.0,1048,False,9914
2020-08-13,2020-06-g006-2020-06-05-4167,2020-08-13,227150.00000000003,松瑞藥,32.45,7000,False,4167
2020-08-13,2020-08-g015-2020-08-05-5434,2020-08-13,248280.0,崇越,120.0,2069,False,5434
2020-08-14,2020-06-g004-2020-06-04-9914,2020-08-14,259380.0,美利達,247.5,1048,False,9914
2020-08-14,2020-06-g006-2020-06-05-4167,2020-08-14,231700.0,松瑞藥,33.1,7000,False,4167
2020-08-14,2020-08-g015-2020-08-05-5434,2020-08-14,254487.0,崇越,123.0,2069,False,5434
2020-08-17,2020-06-g004-2020-06-04-9914,2020-08-17,263048.0,美利達,251.0,1048,False,9914
2020-08-17,2020-06-g006-2020-06-05-4167,2020-08-17,229250.0,松瑞藥,32.75,7000,False,4167
2020-08-17,2020-08-g015-2020-08-05-5434,2020-08-17,255521.5,崇越,123.5,2069,False,5434
2020-08-18,2020-06-g004-2020-06-04-9914,2020-08-18,272480.0,美利達,260.0,1048,False,9914
2020-08-18,2020-06-g006-2020-06-05-4167,2020-08-18,231700.0,松瑞藥,33.1,7000,False,4167
2020-08-18,2020-08-g015-2020-08-05-5434,2020-08-18,253452.5,崇越,122.5,2069,False,5434
2020-08-19,2020-06-g004-2020-06-04-9914,2020-08-19,262524.0,美利達,250.5,1048,False,9914
2020-08-19,2020-06-g006-2020-06-05-4167,2020-08-19,234849.99999999997,松瑞藥,33.55,7000,False,4167
2020-08-19,2020-08-g015-2020-08-05-5434,2020-08-19,255521.5,崇越,123.5,2069,False,5434
2020-08-20,2020-06-g004-2020-06-04-9914,2020-08-20,252044.0,美利達,240.5,1048,False,9914
2020-08-20,2020-06-g006-2020-06-05-4167,2020-08-20,225400.00000000003,松瑞藥,32.2,7000,False,4167
2020-08-20,2020-08-g015-2020-08-05-5434,2020-08-20,249314.5,崇越,120.5,2069,False,5434
2020-08-21,2020-06-g004-2020-06-04-9914,2020-08-21,269860.0,美利達,257.5,1048,False,9914
2020-08-21,2020-06-g006-2020-06-05-4167,2020-08-21,226099.99999999997,松瑞藥,32.3,7000,False,4167
2020-08-21,2020-08-g015-2020-08-05-5434,2020-08-21,250349.0,崇越,121.0,2069,False,5434
2020-08-24,2020-06-g004-2020-06-04-9914,2020-08-24,266716.0,美利達,254.5,1048,False,9914
2020-08-24,2020-06-g006-2020-06-05-4167,2020-08-24,225400.00000000003,松瑞藥,32.2,7000,False,4167
2020-08-24,2020-08-g015-2020-08-05-5434,2020-08-24,251383.5,崇越,121.5,2069,False,5434
2020-08-25,2020-06-g004-2020-06-04-9914,2020-08-25,264620.0,美利達,252.5,1048,False,9914
2020-08-25,2020-06-g006-2020-06-05-4167,2020-08-25,224700.0,松瑞藥,32.1,7000,False,4167
2020-08-25,2020-08-g015-2020-08-05-5434,2020-08-25,253452.5,崇越,122.5,2069,False,5434
2020-08-26,2020-06-g004-2020-06-04-9914,2020-08-26,262524.0,美利達,250.5,1048,False,9914
2020-08-26,2020-06-g006-2020-06-05-4167,2020-08-26,232750.0,松瑞藥,33.25,7000,False,4167
2020-08-26,2020-08-g015-2020-08-05-5434,2020-08-26,254487.0,崇越,123.0,2069,False,5434
2020-08-27,2020-06-g004-2020-06-04-9914,2020-08-27,263048.0,美利達,251.0,1048,False,9914
2020-08-27,2020-06-g006-2020-06-05-4167,2020-08-27,232750.0,松瑞藥,33.25,7000,False,4167
2020-08-27,2020-08-g015-2020-08-05-5434,2020-08-27,251383.5,崇越,121.5,2069,False,5434
2020-08-28,2020-06-g004-2020-06-04-9914,2020-08-28,261476.0,美利達,249.5,1048,False,9914
2020-08-28,2020-06-g006-2020-06-05-4167,2020-08-28,238700.0,松瑞藥,34.1,7000,False,4167
2020-08-28,2020-08-g015-2020-08-05-5434,2020-08-28,249314.5,崇越,120.5,2069,False,5434
2020-08-31,2020-06-g004-2020-06-04-9914,2020-08-31,256760.0,美利達,245.0,1048,False,9914
2020-08-31,2020-06-g006-2020-06-05-4167,2020-08-31,245000.0,松瑞藥,35.0,7000,False,4167
2020-08-31,2020-08-g015-2020-08-05-5434,2020-08-31,248280.0,崇越,120.0,2069,False,5434
2020-09-01,2020-06-g004-2020-06-04-9914,2020-09-01,255188.0,美利達,243.5,1048,False,9914
2020-09-01,2020-06-g006-2020-06-05-4167,2020-09-01,239750.0,松瑞藥,34.25,7000,False,4167
2020-09-01,2020-08-g015-2020-08-05-5434,2020-09-01,245176.5,崇越,118.5,2069,False,5434
2020-09-02,2020-06-g004-2020-06-04-9914,2020-09-02,254664.0,美利達,243.0,1048,False,9914
2020-09-02,2020-06-g006-2020-06-05-4167,2020-09-02,236599.99999999997,松瑞藥,33.8,7000,False,4167
2020-09-02,2020-08-g015-2020-08-05-5434,2020-09-02,247245.5,崇越,119.5,2069,False,5434
2020-09-03,2020-06-g004-2020-06-04-9914,2020-09-03,256236.0,美利達,244.5,1048,False,9914
2020-09-03,2020-06-g006-2020-06-05-4167,2020-09-03,232050.0,松瑞藥,33.15,7000,False,4167
2020-09-03,2020-08-g015-2020-08-05-5434,2020-09-03,246211.0,崇越,119.0,2069,False,5434
2020-09-04,2020-06-g004-2020-06-04-9914,2020-09-04,10732.5,美利達,238.5,45,False,9914
2020-09-04,2020-06-g006-2020-06-05-4167,2020-09-04,236950.0,松瑞藥,33.85,7000,False,4167
2020-09-04,2020-08-g015-2020-08-05-5434,2020-09-04,245176.5,崇越,118.5,2069,False,5434
2020-09-07,2020-06-g004-2020-06-04-9914,2020-09-07,3632.0,美利達,227.0,16,False,9914
2020-09-07,2020-08-g015-2020-08-05-5434,2020-09-07,241038.5,崇越,116.5,2069,False,5434
2020-09-08,2020-08-g015-2020-08-05-5434,2020-09-08,237935.0,崇越,115.0,2069,False,5434
2020-09-09,2020-08-g015-2020-08-05-5434,2020-09-09,238969.5,崇越,115.5,2069,False,5434
2020-09-09,2020-09-g001-2020-09-08-1309,2020-09-09,250846.05000000002,台達化,30.55,8211,False,1309
2020-09-09,2020-09-g009-2020-09-08-2108,2020-09-09,211768.0,南帝,51.5,4112,False,2108
2020-09-10,2020-08-g015-2020-08-05-5434,2020-09-10,237935.0,崇越,115.0,2069,False,5434
2020-09-10,2020-09-g001-2020-09-08-1309,2020-09-10,258646.5,台達化,31.5,8211,False,1309
2020-09-10,2020-09-g009-2020-09-08-2108,2020-09-10,210123.2,南帝,51.1,4112,False,2108
2020-09-11,2020-08-g015-2020-08-05-5434,2020-09-11,238969.5,崇越,115.5,2069,False,5434
2020-09-11,2020-09-g001-2020-09-08-1309,2020-09-11,240582.30000000002,台達化,29.3,8211,False,1309
2020-09-11,2020-09-g009-2020-09-08-2108,2020-09-11,196348.0,南帝,47.75,4112,False,2108
2020-09-14,2020-08-g015-2020-08-05-5434,2020-09-14,238969.5,崇越,115.5,2069,False,5434
2020-09-14,2020-09-g001-2020-09-08-1309,2020-09-14,240582.30000000002,台達化,29.3,8211,False,1309
2020-09-14,2020-09-g009-2020-09-08-2108,2020-09-14,198198.40000000002,南帝,48.2,4112,False,2108
2020-09-15,2020-08-g015-2020-08-05-5434,2020-09-15,238969.5,崇越,115.5,2069,False,5434
2020-09-15,2020-09-g001-2020-09-08-1309,2020-09-15,255772.65,台達化,31.15,8211,False,1309
2020-09-15,2020-09-g009-2020-09-08-2108,2020-09-15,204366.40000000002,南帝,49.7,4112,False,2108
2020-09-16,2020-08-g015-2020-08-05-5434,2020-09-16,242073.0,崇越,117.0,2069,False,5434
2020-09-16,2020-09-g001-2020-09-08-1309,2020-09-16,249614.4,台達化,30.4,8211,False,1309
2020-09-16,2020-09-g009-2020-09-08-2108,2020-09-16,198198.40000000002,南帝,48.2,4112,False,2108
2020-09-17,2020-08-g015-2020-08-05-5434,2020-09-17,243107.5,崇越,117.5,2069,False,5434
2020-09-17,2020-09-g001-2020-09-08-1309,2020-09-17,262341.45,台達化,31.95,8211,False,1309
2020-09-17,2020-09-g009-2020-09-08-2108,2020-09-17,198609.59999999998,南帝,48.3,4112,False,2108
2020-09-18,2020-08-g015-2020-08-05-5434,2020-09-18,243107.5,崇越,117.5,2069,False,5434
2020-09-18,2020-09-g001-2020-09-08-1309,2020-09-18,254541.0,台達化,31.0,8211,False,1309
2020-09-18,2020-09-g009-2020-09-08-2108,2020-09-18,201899.2,南帝,49.1,4112,False,2108
2020-09-21,2020-08-g015-2020-08-05-5434,2020-09-21,236900.5,崇越,114.5,2069,False,5434
2020-09-21,2020-09-g001-2020-09-08-1309,2020-09-21,238940.1,台達化,29.1,8211,False,1309
2020-09-21,2020-09-g009-2020-09-08-2108,2020-09-21,200048.8,南帝,48.65,4112,False,2108
2020-09-22,2020-08-g015-2020-08-05-5434,2020-09-22,237935.0,崇越,115.0,2069,False,5434
2020-09-22,2020-09-g001-2020-09-08-1309,2020-09-22,238940.1,台達化,29.1,8211,False,1309
2020-09-22,2020-09-g009-2020-09-08-2108,2020-09-22,201076.8,南帝,48.9,4112,False,2108
2020-09-23,2020-08-g015-2020-08-05-5434,2020-09-23,235866.0,崇越,114.0,2069,False,5434
2020-09-23,2020-09-g001-2020-09-08-1309,2020-09-23,232371.30000000002,台達化,28.3,8211,False,1309
2020-09-23,2020-09-g009-2020-09-08-2108,2020-09-23,200048.8,南帝,48.65,4112,False,2108
2020-09-24,2020-08-g015-2020-08-05-5434,2020-09-24,231728.0,崇越,112.0,2069,False,5434
2020-09-24,2020-09-g001-2020-09-08-1309,2020-09-24,227444.69999999998,台達化,27.7,8211,False,1309
2020-09-24,2020-09-g009-2020-09-08-2108,2020-09-24,195936.8,南帝,47.65,4112,False,2108
2020-09-25,2020-08-g015-2020-08-05-5434,2020-09-25,231728.0,崇越,112.0,2069,False,5434
2020-09-25,2020-09-g001-2020-09-08-1309,2020-09-25,216770.4,台達化,26.4,8211,False,1309
2020-09-25,2020-09-g009-2020-09-08-2108,2020-09-25,193675.2,南帝,47.1,4112,False,2108
2020-09-28,2020-08-g015-2020-08-05-5434,2020-09-28,233797.0,崇越,113.0,2069,False,5434
2020-09-28,2020-09-g001-2020-09-08-1309,2020-09-28,3162.5,台達化,27.5,115,False,1309
2020-09-28,2020-09-g009-2020-09-08-2108,2020-09-28,203955.2,南帝,49.6,4112,False,2108
2020-09-29,2020-08-g015-2020-08-05-5434,2020-09-29,234831.5,崇越,113.5,2069,False,5434
2020-09-29,2020-09-g001-2020-09-08-1309,2020-09-29,925.75,台達化,26.45,35,False,1309
2020-09-29,2020-09-g009-2020-09-08-2108,2020-09-29,209300.8,南帝,50.9,4112,False,2108
2020-09-30,2020-08-g015-2020-08-05-5434,2020-09-30,235866.0,崇越,114.0,2069,False,5434
2020-09-30,2020-09-g009-2020-09-08-2108,2020-09-30,205188.8,南帝,49.9,4112,False,2108
2020-10-05,2020-08-g015-2020-08-05-5434,2020-10-05,237935.0,崇越,115.0,2069,False,5434
2020-10-05,2020-09-g009-2020-09-08-2108,2020-10-05,210945.59999999998,南帝,51.3,4112,False,2108
2020-10-06,2020-08-g015-2020-08-05-5434,2020-10-06,238969.5,崇越,115.5,2069,False,5434
2020-10-06,2020-09-g009-2020-09-08-2108,2020-10-06,209712.0,南帝,51.0,4112,False,2108
2020-10-07,2020-08-g015-2020-08-05-5434,2020-10-07,238969.5,崇越,115.5,2069,False,5434
2020-10-07,2020-09-g009-2020-09-08-2108,2020-10-07,220403.2,南帝,53.6,4112,False,2108
2020-10-08,2020-08-g015-2020-08-05-5434,2020-10-08,237935.0,崇越,115.0,2069,False,5434
2020-10-08,2020-09-g009-2020-09-08-2108,2020-10-08,221225.59999999998,南帝,53.8,4112,False,2108
2020-10-08,2020-10-g012-2020-10-07-4976,2020-10-08,198640.65000000002,佳凌,49.45,4017,False,4976
2020-10-12,2020-08-g015-2020-08-05-5434,2020-10-12,233797.0,崇越,113.0,2069,False,5434
2020-10-12,2020-09-g009-2020-09-08-2108,2020-10-12,219169.59999999998,南帝,53.3,4112,False,2108
2020-10-12,2020-10-g012-2020-10-07-4976,2020-10-12,195025.34999999998,佳凌,48.55,4017,False,4976
2020-10-13,2020-08-g015-2020-08-05-5434,2020-10-13,237935.0,崇越,115.0,2069,False,5434
2020-10-13,2020-09-g009-2020-09-08-2108,2020-10-13,227804.8,南帝,55.4,4112,False,2108
2020-10-13,2020-10-g012-2020-10-07-4976,2020-10-13,206875.5,佳凌,51.5,4017,False,4976
2020-10-14,2020-08-g015-2020-08-05-5434,2020-10-14,242073.0,崇越,117.0,2069,False,5434
2020-10-14,2020-09-g009-2020-09-08-2108,2020-10-14,242608.0,南帝,59.0,4112,False,2108
2020-10-14,2020-10-g012-2020-10-07-4976,2020-10-14,208884.0,佳凌,52.0,4017,False,4976
2020-10-15,2020-08-g015-2020-08-05-5434,2020-10-15,244142.0,崇越,118.0,2069,False,5434
2020-10-15,2020-09-g009-2020-09-08-2108,2020-10-15,240552.0,南帝,58.5,4112,False,2108
2020-10-15,2020-10-g012-2020-10-07-4976,2020-10-15,202456.8,佳凌,50.4,4017,False,4976
2020-10-16,2020-08-g015-2020-08-05-5434,2020-10-16,241038.5,崇越,116.5,2069,False,5434
2020-10-16,2020-09-g009-2020-09-08-2108,2020-10-16,238084.8,南帝,57.9,4112,False,2108
2020-10-16,2020-10-g012-2020-10-07-4976,2020-10-16,192816.0,佳凌,48.0,4017,False,4976
2020-10-19,2020-08-g015-2020-08-05-5434,2020-10-19,241038.5,崇越,116.5,2069,False,5434
2020-10-19,2020-09-g009-2020-09-08-2108,2020-10-19,243430.40000000002,南帝,59.2,4112,False,2108
2020-10-19,2020-10-g012-2020-10-07-4976,2020-10-19,197033.84999999998,佳凌,49.05,4017,False,4976
2020-10-20,2020-08-g015-2020-08-05-5434,2020-10-20,238969.5,崇越,115.5,2069,False,5434
2020-10-20,2020-09-g009-2020-09-08-2108,2020-10-20,255766.40000000002,南帝,62.2,4112,False,2108
2020-10-20,2020-10-g012-2020-10-07-4976,2020-10-20,197837.25,佳凌,49.25,4017,False,4976
2020-10-21,2020-08-g015-2020-08-05-5434,2020-10-21,238969.5,崇越,115.5,2069,False,5434
2020-10-21,2020-09-g009-2020-09-08-2108,2020-10-21,260289.59999999998,南帝,63.3,4112,False,2108
2020-10-21,2020-10-g012-2020-10-07-4976,2020-10-21,195627.90000000002,佳凌,48.7,4017,False,4976
2020-10-22,2020-08-g015-2020-08-05-5434,2020-10-22,242073.0,崇越,117.0,2069,False,5434
2020-10-22,2020-09-g009-2020-09-08-2108,2020-10-22,251243.2,南帝,61.1,4112,False,2108
2020-10-22,2020-10-g012-2020-10-07-4976,2020-10-22,193418.55,佳凌,48.15,4017,False,4976
2020-10-23,2020-08-g015-2020-08-05-5434,2020-10-23,236900.5,崇越,114.5,2069,False,5434
2020-10-23,2020-09-g009-2020-09-08-2108,2020-10-23,259467.2,南帝,63.1,4112,False,2108
2020-10-23,2020-10-g012-2020-10-07-4976,2020-10-23,194824.5,佳凌,48.5,4017,False,4976
2020-10-26,2020-08-g015-2020-08-05-5434,2020-10-26,234831.5,崇越,113.5,2069,False,5434
2020-10-26,2020-09-g009-2020-09-08-2108,2020-10-26,274270.4,南帝,66.7,4112,False,2108
2020-10-26,2020-10-g012-2020-10-07-4976,2020-10-26,191610.90000000002,佳凌,47.7,4017,False,4976
2020-10-27,2020-08-g015-2020-08-05-5434,2020-10-27,235866.0,崇越,114.0,2069,False,5434
2020-10-27,2020-09-g009-2020-09-08-2108,2020-10-27,285784.0,南帝,69.5,4112,False,2108
2020-10-27,2020-10-g012-2020-10-07-4976,2020-10-27,184782.0,佳凌,46.0,4017,False,4976
2020-10-28,2020-08-g015-2020-08-05-5434,2020-10-28,237935.0,崇越,115.0,2069,False,5434
2020-10-28,2020-09-g009-2020-09-08-2108,2020-10-28,302232.0,南帝,73.5,4112,False,2108
2020-10-28,2020-10-g012-2020-10-07-4976,2020-10-28,180965.84999999998,佳凌,45.05,4017,False,4976
2020-10-29,2020-08-g015-2020-08-05-5434,2020-10-29,237935.0,崇越,115.0,2069,False,5434
2020-10-29,2020-09-g009-2020-09-08-2108,2020-10-29,302232.0,南帝,73.5,4112,False,2108
2020-10-29,2020-10-g012-2020-10-07-4976,2020-10-29,191209.2,佳凌,47.6,4017,False,4976
2020-10-30,2020-08-g015-2020-08-05-5434,2020-10-30,236900.5,崇越,114.5,2069,False,5434
2020-10-30,2020-09-g009-2020-09-08-2108,2020-10-30,317446.4,南帝,77.2,4112,False,2108
2020-10-30,2020-10-g012-2020-10-07-4976,2020-10-30,182773.5,佳凌,45.5,4017,False,4976
2020-11-02,2020-08-g015-2020-08-05-5434,2020-11-02,233797.0,崇越,113.0,2069,False,5434
2020-11-02,2020-09-g009-2020-09-08-2108,2020-11-02,285784.0,南帝,69.5,4112,False,2108
2020-11-02,2020-10-g012-2020-10-07-4976,2020-11-02,180363.3,佳凌,44.9,4017,False,4976
2020-11-03,2020-08-g015-2020-08-05-5434,2020-11-03,242073.0,崇越,117.0,2069,False,5434
2020-11-03,2020-09-g009-2020-09-08-2108,2020-11-03,297297.6,南帝,72.3,4112,False,2108
2020-11-03,2020-10-g012-2020-10-07-4976,2020-11-03,183576.90000000002,佳凌,45.7,4017,False,4976
2020-11-04,2020-08-g015-2020-08-05-5434,2020-11-04,242073.0,崇越,117.0,2069,False,5434
2020-11-04,2020-09-g009-2020-09-08-2108,2020-11-04,294419.19999999995,南帝,71.6,4112,False,2108
2020-11-04,2020-10-g012-2020-10-07-4976,2020-11-04,190004.09999999998,佳凌,47.3,4017,False,4976
2020-11-05,2020-08-g015-2020-08-05-5434,2020-11-05,245176.5,崇越,118.5,2069,False,5434
2020-11-05,2020-09-g009-2020-09-08-2108,2020-11-05,296064.0,南帝,72.0,4112,False,2108
2020-11-05,2020-10-g012-2020-10-07-4976,2020-11-05,191410.05,佳凌,47.65,4017,False,4976
2020-11-06,2020-08-g015-2020-08-05-5434,2020-11-06,5236.0,崇越,119.0,44,False,5434
2020-11-06,2020-09-g009-2020-09-08-2108,2020-11-06,296886.4,南帝,72.2,4112,False,2108
2020-11-06,2020-10-g012-2020-10-07-4976,2020-11-06,195427.05,佳凌,48.65,4017,False,4976
2020-11-09,2020-09-g009-2020-09-08-2108,2020-11-09,303465.6,南帝,73.8,4112,False,2108
2020-11-09,2020-10-g012-2020-10-07-4976,2020-11-09,206473.8,佳凌,51.4,4017,False,4976
2020-11-09,2020-11-g003-2020-11-06-1476,2020-11-09,16380.0,儒鴻,409.5,40,False,1476
2020-11-10,2020-09-g009-2020-09-08-2108,2020-11-10,273448.0,南帝,66.5,4112,False,2108
2020-11-10,2020-10-g012-2020-10-07-4976,2020-11-10,198841.5,佳凌,49.5,4017,False,4976
2020-11-10,2020-11-g003-2020-11-06-1476,2020-11-10,16640.0,儒鴻,416.0,40,False,1476
2020-11-11,2020-09-g009-2020-09-08-2108,2020-11-11,256588.8,南帝,62.4,4112,False,2108
2020-11-11,2020-10-g012-2020-10-07-4976,2020-11-11,195627.90000000002,佳凌,48.7,4017,False,4976
2020-11-11,2020-11-g003-2020-11-06-1476,2020-11-11,16660.0,儒鴻,416.5,40,False,1476
2020-11-12,2020-09-g009-2020-09-08-2108,2020-11-12,253710.40000000002,南帝,61.7,4112,False,2108
2020-11-12,2020-10-g012-2020-10-07-4976,2020-11-12,190004.09999999998,佳凌,47.3,4017,False,4976
2020-11-12,2020-11-g003-2020-11-06-1476,2020-11-12,16720.0,儒鴻,418.0,40,False,1476
2020-11-13,2020-09-g009-2020-09-08-2108,2020-11-13,257000.0,南帝,62.5,4112,False,2108
2020-11-13,2020-10-g012-2020-10-07-4976,2020-11-13,195226.2,佳凌,48.6,4017,False,4976
2020-11-13,2020-11-g003-2020-11-06-1476,2020-11-13,16740.0,儒鴻,418.5,40,False,1476
2020-11-16,2020-09-g009-2020-09-08-2108,2020-11-16,252065.59999999998,南帝,61.3,4112,False,2108
2020-11-16,2020-10-g012-2020-10-07-4976,2020-11-16,204867.0,佳凌,51.0,4017,False,4976
2020-11-16,2020-11-g003-2020-11-06-1476,2020-11-16,16700.0,儒鴻,417.5,40,False,1476
2020-11-17,2020-09-g009-2020-09-08-2108,2020-11-17,253710.40000000002,南帝,61.7,4112,False,2108
2020-11-17,2020-10-g012-2020-10-07-4976,2020-11-17,217721.40000000002,佳凌,54.2,4017,False,4976
2020-11-17,2020-11-g003-2020-11-06-1476,2020-11-17,16620.0,儒鴻,415.5,40,False,1476
2020-11-18,2020-09-g009-2020-09-08-2108,2020-11-18,249187.2,南帝,60.6,4112,False,2108
2020-11-18,2020-10-g012-2020-10-07-4976,2020-11-18,209285.7,佳凌,52.1,4017,False,4976
2020-11-18,2020-11-g003-2020-11-06-1476,2020-11-18,16660.0,儒鴻,416.5,40,False,1476
2020-11-19,2020-09-g009-2020-09-08-2108,2020-11-19,248364.8,南帝,60.4,4112,False,2108
2020-11-19,2020-10-g012-2020-10-07-4976,2020-11-19,210892.5,佳凌,52.5,4017,False,4976
2020-11-19,2020-11-g003-2020-11-06-1476,2020-11-19,16680.0,儒鴻,417.0,40,False,1476
2020-11-20,2020-09-g009-2020-09-08-2108,2020-11-20,249598.40000000002,南帝,60.7,4112,False,2108
2020-11-20,2020-10-g012-2020-10-07-4976,2020-11-20,204867.0,佳凌,51.0,4017,False,4976
2020-11-20,2020-11-g003-2020-11-06-1476,2020-11-20,16500.0,儒鴻,412.5,40,False,1476
2020-11-23,2020-09-g009-2020-09-08-2108,2020-11-23,253710.40000000002,南帝,61.7,4112,False,2108
2020-11-23,2020-10-g012-2020-10-07-4976,2020-11-23,209285.7,佳凌,52.1,4017,False,4976
2020-11-23,2020-11-g003-2020-11-06-1476,2020-11-23,16600.0,儒鴻,415.0,40,False,1476
2020-11-24,2020-09-g009-2020-09-08-2108,2020-11-24,250832.0,南帝,61.0,4112,False,2108
2020-11-24,2020-10-g012-2020-10-07-4976,2020-11-24,202456.8,佳凌,50.4,4017,False,4976
2020-11-24,2020-11-g003-2020-11-06-1476,2020-11-24,16320.0,儒鴻,408.0,40,False,1476
2020-11-25,2020-09-g009-2020-09-08-2108,2020-11-25,250832.0,南帝,61.0,4112,False,2108
2020-11-25,2020-10-g012-2020-10-07-4976,2020-11-25,202055.09999999998,佳凌,50.3,4017,False,4976
2020-11-25,2020-11-g003-2020-11-06-1476,2020-11-25,16280.0,儒鴻,407.0,40,False,1476
2020-11-26,2020-09-g009-2020-09-08-2108,2020-11-26,246720.0,南帝,60.0,4112,False,2108
2020-11-26,2020-10-g012-2020-10-07-4976,2020-11-26,212499.3,佳凌,52.9,4017,False,4976
2020-11-26,2020-11-g003-2020-11-06-1476,2020-11-26,16340.0,儒鴻,408.5,40,False,1476
2020-11-27,2020-09-g009-2020-09-08-2108,2020-11-27,247953.59999999998,南帝,60.3,4112,False,2108
2020-11-27,2020-10-g012-2020-10-07-4976,2020-11-27,216516.3,佳凌,53.9,4017,False,4976
2020-11-27,2020-11-g003-2020-11-06-1476,2020-11-27,16300.0,儒鴻,407.5,40,False,1476
2020-11-30,2020-09-g009-2020-09-08-2108,2020-11-30,252476.8,南帝,61.4,4112,False,2108
2020-11-30,2020-10-g012-2020-10-07-4976,2020-11-30,218524.8,佳凌,54.4,4017,False,4976
2020-11-30,2020-11-g003-2020-11-06-1476,2020-11-30,16000.0,儒鴻,400.0,40,False,1476
2020-12-01,2020-09-g009-2020-09-08-2108,2020-12-01,249187.2,南帝,60.6,4112,False,2108
2020-12-01,2020-10-g012-2020-10-07-4976,2020-12-01,221336.7,佳凌,55.1,4017,False,4976
2020-12-01,2020-11-g003-2020-11-06-1476,2020-12-01,15980.0,儒鴻,399.5,40,False,1476
2020-12-02,2020-09-g009-2020-09-08-2108,2020-12-02,252888.0,南帝,61.5,4112,False,2108
2020-12-02,2020-10-g012-2020-10-07-4976,2020-12-02,216114.59999999998,佳凌,53.8,4017,False,4976
2020-12-02,2020-11-g003-2020-11-06-1476,2020-12-02,15720.0,儒鴻,393.0,40,False,1476
2020-12-03,2020-09-g009-2020-09-08-2108,2020-12-03,247131.2,南帝,60.1,4112,False,2108
2020-12-03,2020-10-g012-2020-10-07-4976,2020-12-03,216114.59999999998,佳凌,53.8,4017,False,4976
2020-12-03,2020-11-g003-2020-11-06-1476,2020-12-03,15860.0,儒鴻,396.5,40,False,1476
2020-12-04,2020-09-g009-2020-09-08-2108,2020-12-04,249598.40000000002,南帝,60.7,4112,False,2108
2020-12-04,2020-10-g012-2020-10-07-4976,2020-12-04,218926.5,佳凌,54.5,4017,False,4976
2020-12-04,2020-11-g003-2020-11-06-1476,2020-12-04,15740.0,儒鴻,393.5,40,False,1476
2020-12-07,2020-09-g009-2020-09-08-2108,2020-12-07,249187.2,南帝,60.6,4112,False,2108
2020-12-07,2020-10-g012-2020-10-07-4976,2020-12-07,218926.5,佳凌,54.5,4017,False,4976
2020-12-07,2020-11-g003-2020-11-06-1476,2020-12-07,15500.0,儒鴻,387.5,40,False,1476
2020-12-08,2020-09-g009-2020-09-08-2108,2020-12-08,251243.2,南帝,61.1,4112,False,2108
2020-12-08,2020-10-g012-2020-10-07-4976,2020-12-08,222140.09999999998,佳凌,55.3,4017,False,4976
2020-12-08,2020-11-g003-2020-11-06-1476,2020-12-08,15920.0,儒鴻,398.0,40,False,1476
2020-12-09,2020-09-g009-2020-09-08-2108,2020-12-09,250009.59999999998,南帝,60.8,4112,False,2108
2020-12-09,2020-10-g012-2020-10-07-4976,2020-12-09,227362.2,佳凌,56.6,4017,False,4976
2020-12-09,2020-11-g003-2020-11-06-1476,2020-12-09,15880.0,儒鴻,397.0,40,False,1476
2020-12-10,2020-09-g009-2020-09-08-2108,2020-12-10,2701.6,南帝,61.4,44,False,2108
2020-12-10,2020-10-g012-2020-10-07-4976,2020-12-10,223345.2,佳凌,55.6,4017,False,4976
2020-12-10,2020-11-g003-2020-11-06-1476,2020-12-10,15800.0,儒鴻,395.0,40,False,1476
2020-12-11,2020-09-g009-2020-09-08-2108,2020-12-11,844.1999999999999,南帝,60.3,14,False,2108
2020-12-11,2020-10-g012-2020-10-07-4976,2020-12-11,216516.3,佳凌,53.9,4017,False,4976
2020-12-11,2020-11-g003-2020-11-06-1476,2020-12-11,15820.0,儒鴻,395.5,40,False,1476
2020-12-14,2020-10-g012-2020-10-07-4976,2020-12-14,222541.8,佳凌,55.4,4017,False,4976
2020-12-14,2020-11-g003-2020-11-06-1476,2020-12-14,15500.0,儒鴻,387.5,40,False,1476
2020-12-15,2020-10-g012-2020-10-07-4976,2020-12-15,208884.0,佳凌,52.0,4017,False,4976
2020-12-15,2020-11-g003-2020-11-06-1476,2020-12-15,15560.0,儒鴻,389.0,40,False,1476
2020-12-16,2020-10-g012-2020-10-07-4976,2020-12-16,212901.0,佳凌,53.0,4017,False,4976
2020-12-16,2020-11-g003-2020-11-06-1476,2020-12-16,15780.0,儒鴻,394.5,40,False,1476
2020-12-17,2020-10-g012-2020-10-07-4976,2020-12-17,212097.59999999998,佳凌,52.8,4017,False,4976
2020-12-17,2020-11-g003-2020-11-06-1476,2020-12-17,15720.0,儒鴻,393.0,40,False,1476
2020-12-18,2020-10-g012-2020-10-07-4976,2020-12-18,212097.59999999998,佳凌,52.8,4017,False,4976
2020-12-18,2020-11-g003-2020-11-06-1476,2020-12-18,15560.0,儒鴻,389.0,40,False,1476
2020-12-21,2020-10-g012-2020-10-07-4976,2020-12-21,208482.3,佳凌,51.9,4017,False,4976
2020-12-21,2020-11-g003-2020-11-06-1476,2020-12-21,15620.0,儒鴻,390.5,40,False,1476
2020-12-22,2020-10-g012-2020-10-07-4976,2020-12-22,212901.0,佳凌,53.0,4017,False,4976
2020-12-22,2020-11-g003-2020-11-06-1476,2020-12-22,15860.0,儒鴻,396.5,40,False,1476
2020-12-23,2020-10-g012-2020-10-07-4976,2020-12-23,234191.09999999998,佳凌,58.3,4017,False,4976
2020-12-23,2020-11-g003-2020-11-06-1476,2020-12-23,16000.0,儒鴻,400.0,40,False,1476
2020-12-24,2020-10-g012-2020-10-07-4976,2020-12-24,257489.69999999998,佳凌,64.1,4017,False,4976
2020-12-24,2020-11-g003-2020-11-06-1476,2020-12-24,15920.0,儒鴻,398.0,40,False,1476
2020-12-25,2020-10-g012-2020-10-07-4976,2020-12-25,283198.5,佳凌,70.5,4017,False,4976
2020-12-25,2020-11-g003-2020-11-06-1476,2020-12-25,15820.0,儒鴻,395.5,40,False,1476
2020-12-28,2020-10-g012-2020-10-07-4976,2020-12-28,284403.6,佳凌,70.8,4017,False,4976
2020-12-28,2020-11-g003-2020-11-06-1476,2020-12-28,16400.0,儒鴻,410.0,40,False,1476
2020-12-29,2020-10-g012-2020-10-07-4976,2020-12-29,279984.9,佳凌,69.7,4017,False,4976
2020-12-29,2020-11-g003-2020-11-06-1476,2020-12-29,16800.0,儒鴻,420.0,40,False,1476
2020-12-30,2020-10-g012-2020-10-07-4976,2020-12-30,287215.5,佳凌,71.5,4017,False,4976
2020-12-30,2020-11-g003-2020-11-06-1476,2020-12-30,16920.0,儒鴻,423.0,40,False,1476
2020-12-31,2020-10-g012-2020-10-07-4976,2020-12-31,295651.19999999995,佳凌,73.6,4017,False,4976
2020-12-31,2020-11-g003-2020-11-06-1476,2020-12-31,16900.0,儒鴻,422.5,40,False,1476
2021-01-04,2020-10-g012-2020-10-07-4976,2021-01-04,298061.4,佳凌,74.2,4017,False,4976
2021-01-04,2020-11-g003-2020-11-06-1476,2021-01-04,16740.0,儒鴻,418.5,40,False,1476
2021-01-05,2020-10-g012-2020-10-07-4976,2021-01-05,297258.0,佳凌,74.0,4017,False,4976
2021-01-05,2020-11-g003-2020-11-06-1476,2021-01-05,16840.0,儒鴻,421.0,40,False,1476
2021-01-05,2021-01-g009-2021-01-04-5243,2021-01-05,224877.59999999998,乙盛-KY,69.6,3231,False,5243
2021-01-06,2020-10-g012-2020-10-07-4976,2021-01-06,289224.0,佳凌,72.0,4017,False,4976
2021-01-06,2020-11-g003-2020-11-06-1476,2021-01-06,16920.0,儒鴻,423.0,40,False,1476
2021-01-06,2021-01-g009-2021-01-04-5243,2021-01-06,224877.59999999998,乙盛-KY,69.6,3231,False,5243
2021-01-07,2020-11-g003-2020-11-06-1476,2021-01-07,17320.0,儒鴻,433.0,40,False,1476
2021-01-07,2021-01-g009-2021-01-04-5243,2021-01-07,226170.0,乙盛-KY,70.0,3231,False,5243
2021-01-08,2020-11-g003-2020-11-06-1476,2021-01-08,17540.0,儒鴻,438.5,40,False,1476
2021-01-08,2021-01-g009-2021-01-04-5243,2021-01-08,218092.5,乙盛-KY,67.5,3231,False,5243
2021-01-08,2021-01-g001-2021-01-07-1305,2021-01-08,254251.2,華夏,27.6,9212,False,1305
2021-01-11,2020-11-g003-2020-11-06-1476,2021-01-11,16620.0,儒鴻,415.5,40,False,1476
2021-01-11,2021-01-g009-2021-01-04-5243,2021-01-11,228754.8,乙盛-KY,70.8,3231,False,5243
2021-01-11,2021-01-g001-2021-01-07-1305,2021-01-11,252869.4,華夏,27.45,9212,False,1305
2021-01-12,2020-11-g003-2020-11-06-1476,2021-01-12,17000.0,儒鴻,425.0,40,False,1476
2021-01-12,2021-01-g009-2021-01-04-5243,2021-01-12,216477.0,乙盛-KY,67.0,3231,False,5243
2021-01-12,2021-01-g001-2021-01-07-1305,2021-01-12,246881.6,華夏,26.8,9212,False,1305
2021-01-13,2020-11-g003-2020-11-06-1476,2021-01-13,16960.0,儒鴻,424.0,40,False,1476
2021-01-13,2021-01-g009-2021-01-04-5243,2021-01-13,210338.09999999998,乙盛-KY,65.1,3231,False,5243
2021-01-13,2021-01-g001-2021-01-07-1305,2021-01-13,245960.4,華夏,26.7,9212,False,1305
2021-01-14,2020-11-g003-2020-11-06-1476,2021-01-14,16800.0,儒鴻,420.0,40,False,1476
2021-01-14,2021-01-g009-2021-01-04-5243,2021-01-14,231339.59999999998,乙盛-KY,71.6,3231,False,5243
2021-01-14,2021-01-g001-2021-01-07-1305,2021-01-14,243657.4,華夏,26.45,9212,False,1305
2021-01-15,2020-11-g003-2020-11-06-1476,2021-01-15,16220.0,儒鴻,405.5,40,False,1476
2021-01-15,2021-01-g009-2021-01-04-5243,2021-01-15,220031.09999999998,乙盛-KY,68.1,3231,False,5243
2021-01-15,2021-01-g001-2021-01-07-1305,2021-01-15,235366.6,華夏,25.55,9212,False,1305
2021-01-18,2020-11-g003-2020-11-06-1476,2021-01-18,16120.0,儒鴻,403.0,40,False,1476
2021-01-18,2021-01-g009-2021-01-04-5243,2021-01-18,218415.59999999998,乙盛-KY,67.6,3231,False,5243
2021-01-18,2021-01-g001-2021-01-07-1305,2021-01-18,226615.2,華夏,24.6,9212,False,1305
2021-01-19,2020-11-g003-2020-11-06-1476,2021-01-19,16080.0,儒鴻,402.0,40,False,1476
2021-01-19,2021-01-g009-2021-01-04-5243,2021-01-19,218738.7,乙盛-KY,67.7,3231,False,5243
2021-01-19,2021-01-g001-2021-01-07-1305,2021-01-19,227997.0,華夏,24.75,9212,False,1305
2021-01-20,2020-11-g003-2020-11-06-1476,2021-01-20,15980.0,儒鴻,399.5,40,False,1476
2021-01-20,2021-01-g009-2021-01-04-5243,2021-01-20,210661.2,乙盛-KY,65.2,3231,False,5243
2021-01-20,2021-01-g001-2021-01-07-1305,2021-01-20,218785.0,華夏,23.75,9212,False,1305
2021-01-21,2020-11-g003-2020-11-06-1476,2021-01-21,16200.0,儒鴻,405.0,40,False,1476
2021-01-21,2021-01-g009-2021-01-04-5243,2021-01-21,208722.59999999998,乙盛-KY,64.6,3231,False,5243
2021-01-21,2021-01-g001-2021-01-07-1305,2021-01-21,2591.8500000000004,華夏,23.35,111,False,1305
2021-01-22,2020-11-g003-2020-11-06-1476,2021-01-22,16240.0,儒鴻,406.0,40,False,1476
2021-01-22,2021-01-g009-2021-01-04-5243,2021-01-22,215184.59999999998,乙盛-KY,66.6,3231,False,5243
2021-01-22,2021-01-g001-2021-01-07-1305,2021-01-22,571.2,華夏,23.8,24,False,1305
2021-01-25,2020-11-g003-2020-11-06-1476,2021-01-25,16220.0,儒鴻,405.5,40,False,1476
2021-01-25,2021-01-g009-2021-01-04-5243,2021-01-25,208076.40000000002,乙盛-KY,64.4,3231,False,5243
2021-01-25,2021-01-g017-2021-01-22-3413,2021-01-25,251251.0,京鼎,251.0,1001,False,3413
2021-01-26,2020-11-g003-2020-11-06-1476,2021-01-26,16480.0,儒鴻,412.0,40,False,1476
2021-01-26,2021-01-g009-2021-01-04-5243,2021-01-26,206137.8,乙盛-KY,63.8,3231,False,5243
2021-01-26,2021-01-g017-2021-01-22-3413,2021-01-26,232232.0,京鼎,232.0,1001,False,3413
2021-01-27,2020-11-g003-2020-11-06-1476,2021-01-27,16380.0,儒鴻,409.5,40,False,1476
2021-01-27,2021-01-g009-2021-01-04-5243,2021-01-27,226493.09999999998,乙盛-KY,70.1,3231,False,5243
2021-01-27,2021-01-g017-2021-01-22-3413,2021-01-27,233233.0,京鼎,233.0,1001,False,3413
2021-01-28,2020-11-g003-2020-11-06-1476,2021-01-28,16400.0,儒鴻,410.0,40,False,1476
2021-01-28,2021-01-g009-2021-01-04-5243,2021-01-28,221323.5,乙盛-KY,68.5,3231,False,5243
2021-01-28,2021-01-g017-2021-01-22-3413,2021-01-28,222222.0,京鼎,222.0,1001,False,3413
2021-01-29,2020-11-g003-2020-11-06-1476,2021-01-29,16220.0,儒鴻,405.5,40,False,1476
2021-01-29,2021-01-g009-2021-01-04-5243,2021-01-29,206460.9,乙盛-KY,63.9,3231,False,5243
2021-01-29,2021-01-g017-2021-01-22-3413,2021-01-29,216216.0,京鼎,216.0,1001,False,3413
2021-02-01,2020-11-g003-2020-11-06-1476,2021-02-01,16200.0,儒鴻,405.0,40,False,1476
2021-02-01,2021-01-g009-2021-01-04-5243,2021-02-01,199998.9,乙盛-KY,61.9,3231,False,5243
2021-02-02,2020-11-g003-2020-11-06-1476,2021-02-02,16420.0,儒鴻,410.5,40,False,1476
2021-02-02,2021-01-g009-2021-01-04-5243,2021-02-02,211307.40000000002,乙盛-KY,65.4,3231,False,5243
2021-02-03,2020-11-g003-2020-11-06-1476,2021-02-03,16620.0,儒鴻,415.5,40,False,1476
2021-02-03,2021-01-g009-2021-01-04-5243,2021-02-03,207430.2,乙盛-KY,64.2,3231,False,5243
2021-02-03,2021-02-g002-2021-02-02-6547,2021-02-03,263097.0,高端疫苗,123.0,2139,False,6547
2021-02-04,2020-11-g003-2020-11-06-1476,2021-02-04,16640.0,儒鴻,416.0,40,False,1476
2021-02-04,2021-01-g009-2021-01-04-5243,2021-02-04,205168.5,乙盛-KY,63.5,3231,False,5243
2021-02-04,2021-02-g002-2021-02-02-6547,2021-02-04,288765.0,高端疫苗,135.0,2139,False,6547
2021-02-05,2020-11-g003-2020-11-06-1476,2021-02-05,7443.0,儒鴻,413.5,18,False,1476
2021-02-05,2021-01-g009-2021-01-04-5243,2021-02-05,203229.9,乙盛-KY,62.9,3231,False,5243
2021-02-05,2021-02-g002-2021-02-02-6547,2021-02-05,317641.5,高端疫苗,148.5,2139,False,6547
2021-02-17,2021-01-g009-2021-01-04-5243,2021-02-17,203876.1,乙盛-KY,63.1,3231,False,5243
2021-02-17,2021-02-g002-2021-02-02-6547,2021-02-17,348657.0,高端疫苗,163.0,2139,False,6547
2021-02-17,2021-02-g004-2021-02-05-3483,2021-02-17,233340.80000000002,力致,94.7,2464,False,3483
2021-02-18,2021-01-g009-2021-01-04-5243,2021-02-18,206460.9,乙盛-KY,63.9,3231,False,5243
2021-02-18,2021-02-g002-2021-02-02-6547,2021-02-18,382881.0,高端疫苗,179.0,2139,False,6547
2021-02-18,2021-02-g004-2021-02-05-3483,2021-02-18,256256.0,力致,104.0,2464,False,3483
2021-02-19,2021-01-g009-2021-01-04-5243,2021-02-19,213892.2,乙盛-KY,66.2,3231,False,5243
2021-02-19,2021-02-g002-2021-02-02-6547,2021-02-19,420313.5,高端疫苗,196.5,2139,False,6547
2021-02-19,2021-02-g004-2021-02-05-3483,2021-02-19,253792.0,力致,103.0,2464,False,3483
2021-02-22,2021-01-g009-2021-01-04-5243,2021-02-22,218092.5,乙盛-KY,67.5,3231,False,5243
2021-02-22,2021-02-g002-2021-02-02-6547,2021-02-22,462024.0,高端疫苗,216.0,2139,False,6547
2021-02-22,2021-02-g004-2021-02-05-3483,2021-02-22,278432.0,力致,113.0,2464,False,3483
2021-02-23,2021-01-g009-2021-01-04-5243,2021-02-23,216800.09999999998,乙盛-KY,67.1,3231,False,5243
2021-02-23,2021-02-g002-2021-02-02-6547,2021-02-23,416035.5,高端疫苗,194.5,2139,False,6547
2021-02-23,2021-02-g004-2021-02-05-3483,2021-02-23,277200.0,力致,112.5,2464,False,3483
2021-02-24,2021-01-g009-2021-01-04-5243,2021-02-24,213246.0,乙盛-KY,66.0,3231,False,5243
2021-02-24,2021-02-g002-2021-02-02-6547,2021-02-24,375394.5,高端疫苗,175.5,2139,False,6547
2021-02-24,2021-02-g004-2021-02-05-3483,2021-02-24,258720.0,力致,105.0,2464,False,3483
2021-02-25,2021-01-g009-2021-01-04-5243,2021-02-25,216800.09999999998,乙盛-KY,67.1,3231,False,5243
2021-02-25,2021-02-g002-2021-02-02-6547,2021-02-25,395715.0,高端疫苗,185.0,2139,False,6547
2021-02-25,2021-02-g004-2021-02-05-3483,2021-02-25,267344.0,力致,108.5,2464,False,3483
2021-02-26,2021-01-g009-2021-01-04-5243,2021-02-26,211953.59999999998,乙盛-KY,65.6,3231,False,5243
2021-02-26,2021-02-g002-2021-02-02-6547,2021-02-26,375394.5,高端疫苗,175.5,2139,False,6547
2021-02-26,2021-02-g004-2021-02-05-3483,2021-02-26,275968.0,力致,112.0,2464,False,3483
2021-03-02,2021-01-g009-2021-01-04-5243,2021-03-02,203876.1,乙盛-KY,63.1,3231,False,5243
2021-03-02,2021-02-g002-2021-02-02-6547,2021-03-02,368977.5,高端疫苗,172.5,2139,False,6547
2021-03-02,2021-02-g004-2021-02-05-3483,2021-03-02,261184.0,力致,106.0,2464,False,3483
2021-03-03,2021-01-g009-2021-01-04-5243,2021-03-03,218092.5,乙盛-KY,67.5,3231,False,5243
2021-03-03,2021-02-g002-2021-02-02-6547,2021-03-03,385020.0,高端疫苗,180.0,2139,False,6547
2021-03-03,2021-02-g004-2021-02-05-3483,2021-03-03,263648.0,力致,107.0,2464,False,3483
2021-03-04,2021-01-g009-2021-01-04-5243,2021-03-04,219708.0,乙盛-KY,68.0,3231,False,5243
2021-03-04,2021-02-g002-2021-02-02-6547,2021-03-04,395715.0,高端疫苗,185.0,2139,False,6547
2021-03-04,2021-02-g004-2021-02-05-3483,2021-03-04,268576.0,力致,109.0,2464,False,3483
2021-03-05,2021-01-g009-2021-01-04-5243,2021-03-05,228431.7,乙盛-KY,70.7,3231,False,5243
2021-03-05,2021-02-g002-2021-02-02-6547,2021-03-05,435286.5,高端疫苗,203.5,2139,False,6547
2021-03-05,2021-02-g004-2021-02-05-3483,2021-03-05,267344.0,力致,108.5,2464,False,3483
2021-03-08,2021-01-g009-2021-01-04-5243,2021-03-08,226816.2,乙盛-KY,70.2,3231,False,5243
2021-03-08,2021-02-g002-2021-02-02-6547,2021-03-08,402132.0,高端疫苗,188.0,2139,False,6547
2021-03-08,2021-02-g004-2021-02-05-3483,2021-03-08,273504.0,力致,111.0,2464,False,3483
2021-03-09,2021-01-g009-2021-01-04-5243,2021-03-09,217446.3,乙盛-KY,67.3,3231,False,5243
2021-03-09,2021-02-g002-2021-02-02-6547,2021-03-09,419244.0,高端疫苗,196.0,2139,False,6547
2021-03-09,2021-02-g004-2021-02-05-3483,2021-03-09,267344.0,力致,108.5,2464,False,3483
2021-03-10,2021-01-g009-2021-01-04-5243,2021-03-10,213569.09999999998,乙盛-KY,66.1,3231,False,5243
2021-03-10,2021-02-g002-2021-02-02-6547,2021-03-10,438495.0,高端疫苗,205.0,2139,False,6547
2021-03-10,2021-02-g004-2021-02-05-3483,2021-03-10,259952.0,力致,105.5,2464,False,3483
2021-03-11,2021-01-g009-2021-01-04-5243,2021-03-11,218092.5,乙盛-KY,67.5,3231,False,5243
2021-03-11,2021-02-g002-2021-02-02-6547,2021-03-11,457746.0,高端疫苗,214.0,2139,False,6547
2021-03-11,2021-02-g004-2021-02-05-3483,2021-03-11,285824.0,力致,116.0,2464,False,3483
2021-03-12,2021-01-g009-2021-01-04-5243,2021-03-12,218738.7,乙盛-KY,67.7,3231,False,5243
2021-03-12,2021-02-g002-2021-02-02-6547,2021-03-12,421383.0,高端疫苗,197.0,2139,False,6547
2021-03-12,2021-02-g004-2021-02-05-3483,2021-03-12,266112.0,力致,108.0,2464,False,3483
2021-03-15,2021-01-g009-2021-01-04-5243,2021-03-15,219708.0,乙盛-KY,68.0,3231,False,5243
2021-03-15,2021-02-g002-2021-02-02-6547,2021-03-15,432078.0,高端疫苗,202.0,2139,False,6547
2021-03-15,2021-02-g004-2021-02-05-3483,2021-03-15,248864.0,力致,101.0,2464,False,3483
2021-03-16,2021-01-g009-2021-01-04-5243,2021-03-16,219384.90000000002,乙盛-KY,67.9,3231,False,5243
2021-03-16,2021-02-g002-2021-02-02-6547,2021-03-16,422452.5,高端疫苗,197.5,2139,False,6547
2021-03-16,2021-02-g004-2021-02-05-3483,2021-03-16,250096.0,力致,101.5,2464,False,3483
2021-03-17,2021-01-g009-2021-01-04-5243,2021-03-17,229724.09999999998,乙盛-KY,71.1,3231,False,5243
2021-03-17,2021-02-g002-2021-02-02-6547,2021-03-17,422452.5,高端疫苗,197.5,2139,False,6547
2021-03-17,2021-02-g004-2021-02-05-3483,2021-03-17,257488.0,力致,104.5,2464,False,3483
2021-03-18,2021-01-g009-2021-01-04-5243,2021-03-18,230370.3,乙盛-KY,71.3,3231,False,5243
2021-03-18,2021-02-g002-2021-02-02-6547,2021-03-18,444912.0,高端疫苗,208.0,2139,False,6547
2021-03-18,2021-02-g004-2021-02-05-3483,2021-03-18,258720.0,力致,105.0,2464,False,3483
2021-03-19,2021-01-g009-2021-01-04-5243,2021-03-19,228431.7,乙盛-KY,70.7,3231,False,5243
2021-03-19,2021-02-g002-2021-02-02-6547,2021-03-19,432078.0,高端疫苗,202.0,2139,False,6547
2021-03-19,2021-02-g004-2021-02-05-3483,2021-03-19,262416.0,力致,106.5,2464,False,3483
2021-03-22,2021-01-g009-2021-01-04-5243,2021-03-22,239094.0,乙盛-KY,74.0,3231,False,5243
2021-03-22,2021-02-g002-2021-02-02-6547,2021-03-22,440634.0,高端疫苗,206.0,2139,False,6547
2021-03-22,2021-02-g004-2021-02-05-3483,2021-03-22,257488.0,力致,104.5,2464,False,3483
2021-03-23,2021-01-g009-2021-01-04-5243,2021-03-23,252018.0,乙盛-KY,78.0,3231,False,5243
2021-03-23,2021-02-g002-2021-02-02-6547,2021-03-23,484483.5,高端疫苗,226.5,2139,False,6547
2021-03-23,2021-02-g004-2021-02-05-3483,2021-03-23,253792.0,力致,103.0,2464,False,3483
2021-03-24,2021-01-g009-2021-01-04-5243,2021-03-24,248787.0,乙盛-KY,77.0,3231,False,5243
2021-03-24,2021-02-g002-2021-02-02-6547,2021-03-24,532611.0,高端疫苗,249.0,2139,False,6547
2021-03-24,2021-02-g004-2021-02-05-3483,2021-03-24,253792.0,力致,103.0,2464,False,3483
2021-03-25,2021-01-g009-2021-01-04-5243,2021-03-25,252018.0,乙盛-KY,78.0,3231,False,5243
2021-03-25,2021-02-g002-2021-02-02-6547,2021-03-25,541167.0,高端疫苗,253.0,2139,False,6547
2021-03-25,2021-02-g004-2021-02-05-3483,2021-03-25,262416.0,力致,106.5,2464,False,3483
2021-03-26,2021-01-g009-2021-01-04-5243,2021-03-26,247171.5,乙盛-KY,76.5,3231,False,5243
2021-03-26,2021-02-g002-2021-02-02-6547,2021-03-26,554001.0,高端疫苗,259.0,2139,False,6547
2021-03-26,2021-02-g004-2021-02-05-3483,2021-03-26,269808.0,力致,109.5,2464,False,3483
2021-03-29,2021-01-g009-2021-01-04-5243,2021-03-29,252987.3,乙盛-KY,78.3,3231,False,5243
2021-03-29,2021-02-g002-2021-02-02-6547,2021-03-29,608545.5,高端疫苗,284.5,2139,False,6547
2021-03-29,2021-02-g004-2021-02-05-3483,2021-03-29,272272.0,力致,110.5,2464,False,3483
2021-03-30,2021-01-g009-2021-01-04-5243,2021-03-30,256864.5,乙盛-KY,79.5,3231,False,5243
2021-03-30,2021-02-g002-2021-02-02-6547,2021-03-30,633144.0,高端疫苗,296.0,2139,False,6547
2021-03-30,2021-02-g004-2021-02-05-3483,2021-03-30,277200.0,力致,112.5,2464,False,3483
2021-03-31,2021-01-g009-2021-01-04-5243,2021-03-31,248787.0,乙盛-KY,77.0,3231,False,5243
2021-03-31,2021-02-g002-2021-02-02-6547,2021-03-31,618171.0,高端疫苗,289.0,2139,False,6547
2021-03-31,2021-02-g004-2021-02-05-3483,2021-03-31,304304.0,力致,123.5,2464,False,3483
2021-04-01,2021-01-g009-2021-01-04-5243,2021-04-01,246525.3,乙盛-KY,76.3,3231,False,5243
2021-04-01,2021-02-g002-2021-02-02-6547,2021-04-01,618171.0,高端疫苗,289.0,2139,False,6547
2021-04-01,2021-02-g004-2021-02-05-3483,2021-04-01,291984.0,力致,118.5,2464,False,3483
2021-04-06,2021-01-g009-2021-01-04-5243,2021-04-06,246848.40000000002,乙盛-KY,76.4,3231,False,5243
2021-04-06,2021-02-g002-2021-02-02-6547,2021-04-06,577530.0,高端疫苗,270.0,2139,False,6547
2021-04-06,2021-02-g004-2021-02-05-3483,2021-04-06,291984.0,力致,118.5,2464,False,3483
2021-04-07,2021-01-g009-2021-01-04-5243,2021-04-07,250402.5,乙盛-KY,77.5,3231,False,5243
2021-04-07,2021-02-g002-2021-02-02-6547,2021-04-07,590364.0,高端疫苗,276.0,2139,False,6547
2021-04-07,2021-02-g004-2021-02-05-3483,2021-04-07,314160.0,力致,127.5,2464,False,3483
2021-04-08,2021-01-g009-2021-01-04-5243,2021-04-08,248787.0,乙盛-KY,77.0,3231,False,5243
2021-04-08,2021-02-g002-2021-02-02-6547,2021-04-08,582877.5,高端疫苗,272.5,2139,False,6547
2021-04-08,2021-02-g004-2021-02-05-3483,2021-04-08,336336.0,力致,136.5,2464,False,3483
2021-04-09,2021-01-g009-2021-01-04-5243,2021-04-09,244586.7,乙盛-KY,75.7,3231,False,5243
2021-04-09,2021-02-g002-2021-02-02-6547,2021-04-09,610684.5,高端疫苗,285.5,2139,False,6547
2021-04-09,2021-02-g004-2021-02-05-3483,2021-04-09,316624.0,力致,128.5,2464,False,3483
2021-04-12,2021-01-g009-2021-01-04-5243,2021-04-12,242325.0,乙盛-KY,75.0,3231,False,5243
2021-04-12,2021-02-g002-2021-02-02-6547,2021-04-12,671646.0,高端疫苗,314.0,2139,False,6547
2021-04-12,2021-02-g004-2021-02-05-3483,2021-04-12,306768.0,力致,124.5,2464,False,3483
2021-04-13,2021-01-g009-2021-01-04-5243,2021-04-13,236186.09999999998,乙盛-KY,73.1,3231,False,5243
2021-04-13,2021-02-g002-2021-02-02-6547,2021-04-13,631005.0,高端疫苗,295.0,2139,False,6547
2021-04-13,2021-02-g004-2021-02-05-3483,2021-04-13,295680.0,力致,120.0,2464,False,3483
2021-04-14,2021-01-g009-2021-01-04-5243,2021-04-14,231662.7,乙盛-KY,71.7,3231,False,5243
2021-04-14,2021-02-g002-2021-02-02-6547,2021-04-14,604267.5,高端疫苗,282.5,2139,False,6547
2021-04-14,2021-02-g004-2021-02-05-3483,2021-04-14,285824.0,力致,116.0,2464,False,3483
2021-04-15,2021-01-g009-2021-01-04-5243,2021-04-15,236832.3,乙盛-KY,73.3,3231,False,5243
2021-04-15,2021-02-g002-2021-02-02-6547,2021-04-15,616032.0,高端疫苗,288.0,2139,False,6547
2021-04-15,2021-02-g004-2021-02-05-3483,2021-04-15,308000.0,力致,125.0,2464,False,3483
2021-04-16,2021-01-g009-2021-01-04-5243,2021-04-16,13140.599999999999,乙盛-KY,72.6,181,False,5243
2021-04-16,2021-02-g002-2021-02-02-6547,2021-04-16,611754.0,高端疫苗,286.0,2139,False,6547
2021-04-16,2021-02-g004-2021-02-05-3483,2021-04-16,299376.0,力致,121.5,2464,False,3483
2021-04-19,2021-01-g009-2021-01-04-5243,2021-04-19,8639.400000000001,乙盛-KY,71.4,121,False,5243
2021-04-19,2021-02-g002-2021-02-02-6547,2021-04-19,588225.0,高端疫苗,275.0,2139,False,6547
2021-04-19,2021-02-g004-2021-02-05-3483,2021-04-19,293216.0,力致,119.0,2464,False,3483
2021-04-20,2021-01-g009-2021-01-04-5243,2021-04-20,5969.599999999999,乙盛-KY,72.8,82,False,5243
2021-04-20,2021-02-g002-2021-02-02-6547,2021-04-20,613893.0,高端疫苗,287.0,2139,False,6547
2021-04-20,2021-02-g004-2021-02-05-3483,2021-04-20,321552.0,力致,130.5,2464,False,3483
2021-04-21,2021-01-g009-2021-01-04-5243,2021-04-21,1780.0,乙盛-KY,71.2,25,False,5243
2021-04-21,2021-02-g002-2021-02-02-6547,2021-04-21,593572.5,高端疫苗,277.5,2139,False,6547
2021-04-21,2021-02-g004-2021-02-05-3483,2021-04-21,328944.0,力致,133.5,2464,False,3483
2021-04-22,2021-02-g002-2021-02-02-6547,2021-04-22,554001.0,高端疫苗,259.0,2139,False,6547
2021-04-22,2021-02-g004-2021-02-05-3483,2021-04-22,303072.0,力致,123.0,2464,False,3483
2021-04-23,2021-02-g002-2021-02-02-6547,2021-04-23,560418.0,高端疫苗,262.0,2139,False,6547
2021-04-23,2021-02-g004-2021-02-05-3483,2021-04-23,305536.0,力致,124.0,2464,False,3483
2021-04-26,2021-02-g002-2021-02-02-6547,2021-04-26,574321.5,高端疫苗,268.5,2139,False,6547
2021-04-26,2021-02-g004-2021-02-05-3483,2021-04-26,303072.0,力致,123.0,2464,False,3483
2021-04-27,2021-02-g002-2021-02-02-6547,2021-04-27,613893.0,高端疫苗,287.0,2139,False,6547
2021-04-27,2021-02-g004-2021-02-05-3483,2021-04-27,291984.0,力致,118.5,2464,False,3483
2021-04-28,2021-02-g002-2021-02-02-6547,2021-04-28,590364.0,高端疫苗,276.0,2139,False,6547
2021-04-28,2021-02-g004-2021-02-05-3483,2021-04-28,291984.0,力致,118.5,2464,False,3483
2021-04-29,2021-02-g002-2021-02-02-6547,2021-04-29,609615.0,高端疫苗,285.0,2139,False,6547
2021-04-29,2021-02-g004-2021-02-05-3483,2021-04-29,296912.0,力致,120.5,2464,False,3483
2021-04-29,2021-04-g008-2021-04-28-6116,2021-04-29,308523.6,彩晶,29.15,10584,False,6116
2021-05-03,2021-02-g002-2021-02-02-6547,2021-05-03,663090.0,高端疫苗,310.0,2139,False,6547
2021-05-03,2021-02-g004-2021-02-05-3483,2021-05-03,274736.0,力致,111.5,2464,False,3483
2021-05-03,2021-04-g008-2021-04-28-6116,2021-05-03,277830.0,彩晶,26.25,10584,False,6116
2021-05-04,2021-02-g002-2021-02-02-6547,2021-05-04,601059.0,高端疫苗,281.0,2139,False,6547
2021-05-04,2021-02-g004-2021-02-05-3483,2021-05-04,250096.0,力致,101.5,2464,False,3483
2021-05-04,2021-04-g008-2021-04-28-6116,2021-05-04,250311.59999999998,彩晶,23.65,10584,False,6116
2021-05-05,2021-02-g002-2021-02-02-6547,2021-05-05,613893.0,高端疫苗,287.0,2139,False,6547
2021-05-05,2021-02-g004-2021-02-05-3483,2021-05-05,246153.6,力致,99.9,2464,False,3483
2021-05-06,2021-02-g002-2021-02-02-6547,2021-05-06,577530.0,高端疫苗,270.0,2139,False,6547
2021-05-06,2021-02-g004-2021-02-05-3483,2021-05-06,242457.6,力致,98.4,2464,False,3483
2021-05-06,2021-05-g003-2021-05-05-2617,2021-05-06,256259.40000000002,台航,48.7,5262,False,2617
2021-05-07,2021-02-g002-2021-02-02-6547,2021-05-07,588225.0,高端疫苗,275.0,2139,False,6547
2021-05-07,2021-02-g004-2021-02-05-3483,2021-05-07,251328.0,力致,102.0,2464,False,3483
2021-05-07,2021-05-g003-2021-05-05-2617,2021-05-07,255996.3,台航,48.65,5262,False,2617
2021-05-10,2021-02-g002-2021-02-02-6547,2021-05-10,598920.0,高端疫苗,280.0,2139,False,6547
2021-05-10,2021-02-g004-2021-02-05-3483,2021-05-10,241225.6,力致,97.9,2464,False,3483
2021-05-10,2021-05-g003-2021-05-05-2617,2021-05-10,266783.4,台航,50.7,5262,False,2617
2021-05-11,2021-02-g002-2021-02-02-6547,2021-05-11,641700.0,高端疫苗,300.0,2139,False,6547
2021-05-11,2021-02-g004-2021-02-05-3483,2021-05-11,217324.80000000002,力致,88.2,2464,False,3483
2021-05-11,2021-05-g003-2021-05-05-2617,2021-05-11,240210.3,台航,45.65,5262,False,2617
2021-05-12,2021-02-g002-2021-02-02-6547,2021-05-12,705870.0,高端疫苗,330.0,2139,False,6547
2021-05-12,2021-02-g004-2021-02-05-3483,2021-05-12,195641.6,力致,79.4,2464,False,3483
2021-05-12,2021-05-g003-2021-05-05-2617,2021-05-12,216268.2,台航,41.1,5262,False,2617
2021-05-13,2021-02-g002-2021-02-02-6547,2021-05-13,776457.0,高端疫苗,363.0,2139,False,6547
2021-05-13,2021-02-g004-2021-02-05-3483,2021-05-13,32111.0,力致,81.5,394,False,3483
2021-05-13,2021-05-g003-2021-05-05-2617,2021-05-13,1036.0,台航,37.0,28,False,2617
2021-05-14,2021-02-g002-2021-02-02-6547,2021-05-14,811750.5,高端疫苗,379.5,2139,False,6547
2021-05-14,2021-02-g004-2021-02-05-3483,2021-05-14,28631.4,力致,80.2,357,False,3483
2021-05-17,2021-02-g002-2021-02-02-6547,2021-05-17,891963.0,高端疫苗,417.0,2139,False,6547
2021-05-17,2021-02-g004-2021-02-05-3483,2021-05-17,24477.600000000002,力致,74.4,329,False,3483
2021-05-18,2021-02-g004-2021-02-05-3483,2021-05-18,23803.8,力致,81.8,291,False,3483
2021-05-19,2021-02-g004-2021-02-05-3483,2021-05-19,23380.2,力致,83.8,279,False,3483
2021-05-20,2021-02-g004-2021-02-05-3483,2021-05-20,21520.199999999997,力致,80.6,267,False,3483
2021-05-21,2021-02-g004-2021-02-05-3483,2021-05-21,21364.2,力致,85.8,249,False,3483
2021-05-24,2021-02-g004-2021-02-05-3483,2021-05-24,19488.0,力致,87.0,224,False,3483
2021-05-25,2021-02-g004-2021-02-05-3483,2021-05-25,17671.5,力致,93.5,189,False,3483
2021-05-26,2021-02-g004-2021-02-05-3483,2021-05-26,16310.0,力致,93.2,175,False,3483
2021-05-27,2021-02-g004-2021-02-05-3483,2021-05-27,12432.0,力致,88.8,140,False,3483
2021-05-28,2021-02-g004-2021-02-05-3483,2021-05-28,10513.8,力致,89.1,118,False,3483
2021-05-31,2021-02-g004-2021-02-05-3483,2021-05-31,8064.900000000001,力致,92.7,87,False,3483
2021-06-01,2021-02-g004-2021-02-05-3483,2021-06-01,5174.400000000001,力致,92.4,56,False,3483
2021-06-08,2021-06-g010-2021-06-07-2351,2021-06-08,326355.6,順德,96.1,3396,False,2351
2021-06-08,2021-06-g002-2021-06-07-1714,2021-06-08,332253.9,和桐,12.15,27346,False,1714
2021-06-09,2021-06-g010-2021-06-07-2351,2021-06-09,312432.0,順德,92.0,3396,False,2351
2021-06-09,2021-06-g002-2021-06-07-1714,2021-06-09,322682.80000000005,和桐,11.8,27346,False,1714
2021-06-10,2021-06-g010-2021-06-07-2351,2021-06-10,312771.6,順德,92.1,3396,False,2351
2021-06-10,2021-06-g002-2021-06-07-1714,2021-06-10,318580.9,和桐,11.65,27346,False,1714
2021-06-11,2021-06-g010-2021-06-07-2351,2021-06-11,322620.0,順德,95.0,3396,False,2351
2021-06-11,2021-06-g002-2021-06-07-1714,2021-06-11,315846.30000000005,和桐,11.55,27346,False,1714
2021-06-15,2021-06-g010-2021-06-07-2351,2021-06-15,331110.0,順德,97.5,3396,False,2351
2021-06-15,2021-06-g002-2021-06-07-1714,2021-06-15,318580.9,和桐,11.65,27346,False,1714
2021-06-16,2021-06-g010-2021-06-07-2351,2021-06-16,339600.0,順德,100.0,3396,False,2351
2021-06-16,2021-06-g002-2021-06-07-1714,2021-06-16,317213.6,和桐,11.6,27346,False,1714
2021-06-17,2021-06-g010-2021-06-07-2351,2021-06-17,373560.0,順德,110.0,3396,False,2351
2021-06-17,2021-06-g002-2021-06-07-1714,2021-06-17,322682.80000000005,和桐,11.8,27346,False,1714
2021-06-17,2021-06-g013-2021-06-16-8069,2021-06-17,366466.4,元太,71.2,5147,False,8069
2021-06-18,2021-06-g010-2021-06-07-2351,2021-06-18,376956.0,順德,111.0,3396,False,2351
2021-06-18,2021-06-g002-2021-06-07-1714,2021-06-18,319948.19999999995,和桐,11.7,27346,False,1714
2021-06-18,2021-06-g013-2021-06-16-8069,2021-06-18,363378.19999999995,元太,70.6,5147,False,8069
2021-06-21,2021-06-g010-2021-06-07-2351,2021-06-21,375258.0,順德,110.5,3396,False,2351
2021-06-21,2021-06-g002-2021-06-07-1714,2021-06-21,311744.4,和桐,11.4,27346,False,1714
2021-06-21,2021-06-g013-2021-06-16-8069,2021-06-21,362348.80000000005,元太,70.4,5147,False,8069
2021-06-22,2021-06-g010-2021-06-07-2351,2021-06-22,404124.0,順德,119.0,3396,False,2351
2021-06-22,2021-06-g002-2021-06-07-1714,2021-06-22,325417.4,和桐,11.9,27346,False,1714
2021-06-22,2021-06-g013-2021-06-16-8069,2021-06-22,372642.80000000005,元太,72.4,5147,False,8069
2021-06-23,2021-06-g010-2021-06-07-2351,2021-06-23,431292.0,順德,127.0,3396,False,2351
2021-06-23,2021-06-g002-2021-06-07-1714,2021-06-23,321315.5,和桐,11.75,27346,False,1714
2021-06-23,2021-06-g013-2021-06-16-8069,2021-06-23,384995.6,元太,74.8,5147,False,8069
2021-06-24,2021-06-g010-2021-06-07-2351,2021-06-24,456762.0,順德,134.5,3396,False,2351
2021-06-24,2021-06-g002-2021-06-07-1714,2021-06-24,324050.1,和桐,11.85,27346,False,1714
2021-06-24,2021-06-g013-2021-06-16-8069,2021-06-24,378304.5,元太,73.5,5147,False,8069
2021-06-25,2021-06-g010-2021-06-07-2351,2021-06-25,448272.0,順德,132.0,3396,False,2351
2021-06-25,2021-06-g002-2021-06-07-1714,2021-06-25,325417.4,和桐,11.9,27346,False,1714
2021-06-25,2021-06-g013-2021-06-16-8069,2021-06-25,377789.80000000005,元太,73.4,5147,False,8069
2021-06-28,2021-06-g010-2021-06-07-2351,2021-06-28,441480.0,順德,130.0,3396,False,2351
2021-06-28,2021-06-g002-2021-06-07-1714,2021-06-28,336355.80000000005,和桐,12.3,27346,False,1714
2021-06-28,2021-06-g013-2021-06-16-8069,2021-06-28,389113.19999999995,元太,75.6,5147,False,8069
2021-06-29,2021-06-g010-2021-06-07-2351,2021-06-29,431292.0,順德,127.0,3396,False,2351
2021-06-29,2021-06-g002-2021-06-07-1714,2021-06-29,326784.69999999995,和桐,11.95,27346,False,1714
2021-06-29,2021-06-g013-2021-06-16-8069,2021-06-29,381392.69999999995,元太,74.1,5147,False,8069
2021-06-30,2021-06-g010-2021-06-07-2351,2021-06-30,426198.0,順德,125.5,3396,False,2351
2021-06-30,2021-06-g002-2021-06-07-1714,2021-06-30,334988.5,和桐,12.25,27346,False,1714
2021-06-30,2021-06-g013-2021-06-16-8069,2021-06-30,383966.19999999995,元太,74.6,5147,False,8069
2021-07-01,2021-06-g010-2021-06-07-2351,2021-07-01,410916.0,順德,121.0,3396,False,2351
2021-07-01,2021-06-g002-2021-06-07-1714,2021-07-01,339090.4,和桐,12.4,27346,False,1714
2021-07-01,2021-06-g013-2021-06-16-8069,2021-07-01,381907.4,元太,74.2,5147,False,8069
2021-07-02,2021-06-g010-2021-06-07-2351,2021-07-02,448272.0,順德,132.0,3396,False,2351
2021-07-02,2021-06-g002-2021-06-07-1714,2021-07-02,333621.19999999995,和桐,12.2,27346,False,1714
2021-07-02,2021-06-g013-2021-06-16-8069,2021-07-02,381907.4,元太,74.2,5147,False,8069
2021-07-05,2021-06-g010-2021-06-07-2351,2021-07-05,492420.0,順德,145.0,3396,False,2351
2021-07-05,2021-06-g002-2021-06-07-1714,2021-07-05,341825.0,和桐,12.5,27346,False,1714
2021-07-05,2021-06-g013-2021-06-16-8069,2021-07-05,398892.5,元太,77.5,5147,False,8069
2021-07-06,2021-06-g010-2021-06-07-2351,2021-07-06,482232.0,順德,142.0,3396,False,2351
2021-07-06,2021-06-g002-2021-06-07-1714,2021-07-06,345926.9,和桐,12.65,27346,False,1714
2021-07-06,2021-06-g013-2021-06-16-8069,2021-07-06,412274.69999999995,元太,80.1,5147,False,8069
2021-07-07,2021-06-g010-2021-06-07-2351,2021-07-07,487326.0,順德,143.5,3396,False,2351
2021-07-07,2021-06-g002-2021-06-07-1714,2021-07-07,340457.69999999995,和桐,12.45,27346,False,1714
2021-07-07,2021-06-g013-2021-06-16-8069,2021-07-07,419995.19999999995,元太,81.6,5147,False,8069
2021-07-08,2021-06-g010-2021-06-07-2351,2021-07-08,492420.0,順德,145.0,3396,False,2351
2021-07-08,2021-06-g002-2021-06-07-1714,2021-07-08,347294.19999999995,和桐,12.7,27346,False,1714
2021-07-08,2021-06-g013-2021-06-16-8069,2021-07-08,422568.69999999995,元太,82.1,5147,False,8069
2021-07-09,2021-06-g010-2021-06-07-2351,2021-07-09,507702.0,順德,149.5,3396,False,2351
2021-07-09,2021-06-g002-2021-06-07-1714,2021-07-09,333621.19999999995,和桐,12.2,27346,False,1714
2021-07-09,2021-06-g013-2021-06-16-8069,2021-07-09,428230.4,元太,83.2,5147,False,8069
2021-07-12,2021-06-g010-2021-06-07-2351,2021-07-12,516192.0,順德,152.0,3396,False,2351
2021-07-12,2021-06-g002-2021-06-07-1714,2021-07-12,325417.4,和桐,11.9,27346,False,1714
2021-07-12,2021-06-g013-2021-06-16-8069,2021-07-12,433377.4,元太,84.2,5147,False,8069
2021-07-13,2021-06-g010-2021-06-07-2351,2021-07-13,483930.0,順德,142.5,3396,False,2351
2021-07-13,2021-06-g002-2021-06-07-1714,2021-07-13,317213.6,和桐,11.6,27346,False,1714
2021-07-13,2021-06-g013-2021-06-16-8069,2021-07-13,441612.6,元太,85.8,5147,False,8069
2021-07-14,2021-06-g010-2021-06-07-2351,2021-07-14,485628.0,順德,143.0,3396,False,2351
2021-07-14,2021-06-g002-2021-06-07-1714,2021-07-14,319948.19999999995,和桐,11.7,27346,False,1714
2021-07-14,2021-06-g013-2021-06-16-8069,2021-07-14,438009.69999999995,元太,85.1,5147,False,8069
2021-07-15,2021-06-g010-2021-06-07-2351,2021-07-15,473742.0,順德,139.5,3396,False,2351
2021-07-15,2021-06-g002-2021-06-07-1714,2021-07-15,324050.1,和桐,11.85,27346,False,1714
2021-07-15,2021-06-g013-2021-06-16-8069,2021-07-15,431318.6,元太,83.8,5147,False,8069
2021-07-16,2021-06-g010-2021-06-07-2351,2021-07-16,497514.0,順德,146.5,3396,False,2351
2021-07-16,2021-06-g002-2021-06-07-1714,2021-07-16,324050.1,和桐,11.85,27346,False,1714
2021-07-16,2021-06-g013-2021-06-16-8069,2021-07-16,427201.0,元太,83.0,5147,False,8069
2021-07-19,2021-06-g010-2021-06-07-2351,2021-07-19,480534.0,順德,141.5,3396,False,2351
2021-07-19,2021-06-g002-2021-06-07-1714,2021-07-19,322682.80000000005,和桐,11.8,27346,False,1714
2021-07-19,2021-06-g013-2021-06-16-8069,2021-07-19,461171.19999999995,元太,89.6,5147,False,8069
2021-07-20,2021-06-g010-2021-06-07-2351,2021-07-20,475440.0,順德,140.0,3396,False,2351
2021-07-20,2021-06-g002-2021-06-07-1714,2021-07-20,309009.80000000005,和桐,11.3,27346,False,1714
2021-07-20,2021-06-g013-2021-06-16-8069,2021-07-20,471979.9,元太,91.7,5147,False,8069
2021-07-21,2021-06-g010-2021-06-07-2351,2021-07-21,494118.0,順德,145.5,3396,False,2351
2021-07-21,2021-06-g002-2021-06-07-1714,2021-07-21,310377.1,和桐,11.35,27346,False,1714
2021-07-21,2021-06-g013-2021-06-16-8069,2021-07-21,435950.9,元太,84.7,5147,False,8069
2021-07-22,2021-06-g010-2021-06-07-2351,2021-07-22,539964.0,順德,159.0,3396,False,2351
2021-07-22,2021-06-g002-2021-06-07-1714,2021-07-22,307642.5,和桐,11.25,27346,False,1714
2021-07-22,2021-06-g013-2021-06-16-8069,2021-07-22,446244.9,元太,86.7,5147,False,8069
2021-07-23,2021-06-g010-2021-06-07-2351,2021-07-23,507702.0,順德,149.5,3396,False,2351
2021-07-23,2021-06-g002-2021-06-07-1714,2021-07-23,313111.69999999995,和桐,11.45,27346,False,1714
2021-07-23,2021-06-g013-2021-06-16-8069,2021-07-23,448818.4,元太,87.2,5147,False,8069
2021-07-26,2021-06-g010-2021-06-07-2351,2021-07-26,509400.0,順德,150.0,3396,False,2351
2021-07-26,2021-06-g002-2021-06-07-1714,2021-07-26,313111.69999999995,和桐,11.45,27346,False,1714
2021-07-26,2021-06-g013-2021-06-16-8069,2021-07-26,461685.9,元太,89.7,5147,False,8069
2021-07-27,2021-06-g010-2021-06-07-2351,2021-07-27,500910.0,順德,147.5,3396,False,2351
2021-07-27,2021-06-g002-2021-06-07-1714,2021-07-27,307642.5,和桐,11.25,27346,False,1714
2021-07-27,2021-06-g013-2021-06-16-8069,2021-07-27,438009.69999999995,元太,85.1,5147,False,8069
2021-07-28,2021-06-g010-2021-06-07-2351,2021-07-28,456762.0,順德,134.5,3396,False,2351
2021-07-28,2021-06-g002-2021-06-07-1714,2021-07-28,306275.19999999995,和桐,11.2,27346,False,1714
2021-07-28,2021-06-g013-2021-06-16-8069,2021-07-28,423083.4,元太,82.2,5147,False,8069
2021-07-29,2021-06-g010-2021-06-07-2351,2021-07-29,485628.0,順德,143.0,3396,False,2351
2021-07-29,2021-06-g002-2021-06-07-1714,2021-07-29,310377.1,和桐,11.35,27346,False,1714
2021-07-29,2021-06-g013-2021-06-16-8069,2021-07-29,427715.69999999995,元太,83.1,5147,False,8069
2021-07-30,2021-06-g010-2021-06-07-2351,2021-07-30,487326.0,順德,143.5,3396,False,2351
2021-07-30,2021-06-g002-2021-06-07-1714,2021-07-30,307642.5,和桐,11.25,27346,False,1714
2021-07-30,2021-06-g013-2021-06-16-8069,2021-07-30,414848.19999999995,元太,80.6,5147,False,8069
2021-08-02,2021-06-g010-2021-06-07-2351,2021-08-02,514494.0,順德,151.5,3396,False,2351
2021-08-02,2021-06-g002-2021-06-07-1714,2021-08-02,310377.1,和桐,11.35,27346,False,1714
2021-08-02,2021-06-g013-2021-06-16-8069,2021-08-02,427715.69999999995,元太,83.1,5147,False,8069
2021-08-03,2021-06-g010-2021-06-07-2351,2021-08-03,514494.0,順德,151.5,3396,False,2351
2021-08-03,2021-06-g002-2021-06-07-1714,2021-08-03,310377.1,和桐,11.35,27346,False,1714
2021-08-03,2021-06-g013-2021-06-16-8069,2021-08-03,451906.6,元太,87.8,5147,False,8069
2021-08-04,2021-06-g010-2021-06-07-2351,2021-08-04,499212.0,順德,147.0,3396,False,2351
2021-08-04,2021-06-g002-2021-06-07-1714,2021-08-04,313111.69999999995,和桐,11.45,27346,False,1714
2021-08-04,2021-06-g013-2021-06-16-8069,2021-08-04,453965.4,元太,88.2,5147,False,8069
2021-08-05,2021-06-g010-2021-06-07-2351,2021-08-05,514494.0,順德,151.5,3396,False,2351
2021-08-05,2021-06-g002-2021-06-07-1714,2021-08-05,309009.80000000005,和桐,11.3,27346,False,1714
2021-08-05,2021-06-g013-2021-06-16-8069,2021-08-05,454480.1,元太,88.3,5147,False,8069
2021-08-06,2021-06-g010-2021-06-07-2351,2021-08-06,506004.0,順德,149.0,3396,False,2351
2021-08-06,2021-06-g002-2021-06-07-1714,2021-08-06,311744.4,和桐,11.4,27346,False,1714
2021-08-06,2021-06-g013-2021-06-16-8069,2021-08-06,449333.1,元太,87.3,5147,False,8069
2021-08-09,2021-06-g010-2021-06-07-2351,2021-08-09,487326.0,順德,143.5,3396,False,2351
2021-08-09,2021-06-g002-2021-06-07-1714,2021-08-09,311744.4,和桐,11.4,27346,False,1714
2021-08-09,2021-06-g013-2021-06-16-8069,2021-08-09,416392.30000000005,元太,80.9,5147,False,8069
2021-08-10,2021-06-g010-2021-06-07-2351,2021-08-10,482232.0,順德,142.0,3396,False,2351
2021-08-10,2021-06-g002-2021-06-07-1714,2021-08-10,306275.19999999995,和桐,11.2,27346,False,1714
2021-08-10,2021-06-g013-2021-06-16-8069,2021-08-10,426171.6,元太,82.8,5147,False,8069
2021-08-11,2021-06-g010-2021-06-07-2351,2021-08-11,458460.0,順德,135.0,3396,False,2351
2021-08-11,2021-06-g002-2021-06-07-1714,2021-08-11,303540.6,和桐,11.1,27346,False,1714
2021-08-11,2021-06-g013-2021-06-16-8069,2021-08-11,397348.4,元太,77.2,5147,False,8069
2021-08-12,2021-06-g010-2021-06-07-2351,2021-08-12,483930.0,順德,142.5,3396,False,2351
2021-08-12,2021-06-g002-2021-06-07-1714,2021-08-12,311744.4,和桐,11.4,27346,False,1714
2021-08-12,2021-06-g013-2021-06-16-8069,2021-08-12,405583.6,元太,78.8,5147,False,8069
2021-08-13,2021-06-g010-2021-06-07-2351,2021-08-13,468648.0,順德,138.0,3396,False,2351
2021-08-13,2021-06-g002-2021-06-07-1714,2021-08-13,310377.1,和桐,11.35,27346,False,1714
2021-08-13,2021-06-g013-2021-06-16-8069,2021-08-13,391172.0,元太,76.0,5147,False,8069
2021-08-16,2021-06-g010-2021-06-07-2351,2021-08-16,446574.0,順德,131.5,3396,False,2351
2021-08-16,2021-06-g002-2021-06-07-1714,2021-08-16,302173.30000000005,和桐,11.05,27346,False,1714
2021-08-16,2021-06-g013-2021-06-16-8069,2021-08-16,392201.4,元太,76.2,5147,False,8069
2021-08-17,2021-06-g010-2021-06-07-2351,2021-08-17,427896.0,順德,126.0,3396,False,2351
2021-08-17,2021-06-g002-2021-06-07-1714,2021-08-17,298071.4,和桐,10.9,27346,False,1714
2021-08-17,2021-06-g013-2021-06-16-8069,2021-08-17,369039.9,元太,71.7,5147,False,8069
2021-08-18,2021-06-g010-2021-06-07-2351,2021-08-18,460158.0,順德,135.5,3396,False,2351
2021-08-18,2021-06-g002-2021-06-07-1714,2021-08-18,304907.9,和桐,11.15,27346,False,1714
2021-08-18,2021-06-g013-2021-06-16-8069,2021-08-18,396833.69999999995,元太,77.1,5147,False,8069
2021-08-19,2021-06-g010-2021-06-07-2351,2021-08-19,465252.0,順德,137.0,3396,False,2351
2021-08-19,2021-06-g002-2021-06-07-1714,2021-08-19,298071.4,和桐,10.9,27346,False,1714
2021-08-19,2021-06-g013-2021-06-16-8069,2021-08-19,375731.0,元太,73.0,5147,False,8069
2021-08-20,2021-06-g010-2021-06-07-2351,2021-08-20,472044.0,順德,139.0,3396,False,2351
2021-08-20,2021-06-g002-2021-06-07-1714,2021-08-20,296704.1,和桐,10.85,27346,False,1714
2021-08-20,2021-06-g013-2021-06-16-8069,2021-08-20,397348.4,元太,77.2,5147,False,8069
2021-08-23,2021-06-g010-2021-06-07-2351,2021-08-23,504306.0,順德,148.5,3396,False,2351
2021-08-23,2021-06-g002-2021-06-07-1714,2021-08-23,303540.6,和桐,11.1,27346,False,1714
2021-08-23,2021-06-g013-2021-06-16-8069,2021-08-23,398892.5,元太,77.5,5147,False,8069
2021-08-24,2021-06-g010-2021-06-07-2351,2021-08-24,517890.0,順德,152.5,3396,False,2351
2021-08-24,2021-06-g002-2021-06-07-1714,2021-08-24,306275.19999999995,和桐,11.2,27346,False,1714
2021-08-24,2021-06-g013-2021-06-16-8069,2021-08-24,391172.0,元太,76.0,5147,False,8069
2021-08-25,2021-06-g010-2021-06-07-2351,2021-08-25,502608.0,順德,148.0,3396,False,2351
2021-08-25,2021-06-g002-2021-06-07-1714,2021-08-25,307642.5,和桐,11.25,27346,False,1714
2021-08-25,2021-06-g013-2021-06-16-8069,2021-08-25,396319.0,元太,77.0,5147,False,8069
2021-08-26,2021-06-g010-2021-06-07-2351,2021-08-26,489024.0,順德,144.0,3396,False,2351
2021-08-26,2021-06-g002-2021-06-07-1714,2021-08-26,309009.80000000005,和桐,11.3,27346,False,1714
2021-08-26,2021-06-g013-2021-06-16-8069,2021-08-26,413304.1,元太,80.3,5147,False,8069
2021-08-27,2021-06-g010-2021-06-07-2351,2021-08-27,477138.0,順德,140.5,3396,False,2351
2021-08-27,2021-06-g002-2021-06-07-1714,2021-08-27,310377.1,和桐,11.35,27346,False,1714
2021-08-27,2021-06-g013-2021-06-16-8069,2021-08-27,424112.80000000005,元太,82.4,5147,False,8069
2021-08-30,2021-06-g010-2021-06-07-2351,2021-08-30,492420.0,順德,145.0,3396,False,2351
2021-08-30,2021-06-g002-2021-06-07-1714,2021-08-30,288500.30000000005,和桐,10.55,27346,False,1714
2021-08-30,2021-06-g013-2021-06-16-8069,2021-08-30,414333.5,元太,80.5,5147,False,8069
2021-08-31,2021-06-g010-2021-06-07-2351,2021-08-31,495816.0,順德,146.0,3396,False,2351
2021-08-31,2021-06-g002-2021-06-07-1714,2021-08-31,288500.30000000005,和桐,10.55,27346,False,1714
2021-08-31,2021-06-g013-2021-06-16-8069,2021-08-31,403010.1,元太,78.3,5147,False,8069
2021-09-01,2021-06-g010-2021-06-07-2351,2021-09-01,482232.0,順德,142.0,3396,False,2351
2021-09-01,2021-06-g002-2021-06-07-1714,2021-09-01,284398.4,和桐,10.4,27346,False,1714
2021-09-01,2021-06-g013-2021-06-16-8069,2021-09-01,404039.5,元太,78.5,5147,False,8069
2021-09-02,2021-06-g010-2021-06-07-2351,2021-09-02,468648.0,順德,138.0,3396,False,2351
2021-09-02,2021-06-g002-2021-06-07-1714,2021-09-02,278929.19999999995,和桐,10.2,27346,False,1714
2021-09-02,2021-06-g013-2021-06-16-8069,2021-09-02,390142.6,元太,75.8,5147,False,8069
2021-09-03,2021-06-g010-2021-06-07-2351,2021-09-03,465252.0,順德,137.0,3396,False,2351
2021-09-03,2021-06-g002-2021-06-07-1714,2021-09-03,278929.19999999995,和桐,10.2,27346,False,1714
2021-09-03,2021-06-g013-2021-06-16-8069,2021-09-03,390142.6,元太,75.8,5147,False,8069
2021-09-06,2021-06-g010-2021-06-07-2351,2021-09-06,38920.0,順德,140.0,278,False,2351
2021-09-06,2021-06-g002-2021-06-07-1714,2021-09-06,2984.8500000000004,和桐,10.05,297,False,1714
2021-09-06,2021-06-g013-2021-06-16-8069,2021-09-06,387054.4,元太,75.2,5147,False,8069
2021-09-07,2021-06-g010-2021-06-07-2351,2021-09-07,11696.0,順德,136.0,86,False,2351
2021-09-07,2021-06-g002-2021-06-07-1714,2021-09-07,2504.7,和桐,10.35,242,False,1714
2021-09-07,2021-06-g013-2021-06-16-8069,2021-09-07,387054.4,元太,75.2,5147,False,8069
2021-09-07,2021-09-g004-2021-09-06-2881,2021-09-07,395186.0,富邦金,78.1,5060,False,2881
2021-09-08,2021-06-g002-2021-06-07-1714,2021-09-08,2090.4,和桐,10.05,208,False,1714
2021-09-08,2021-06-g013-2021-06-16-8069,2021-09-08,392716.1,元太,76.3,5147,False,8069
2021-09-08,2021-09-g004-2021-09-06-2881,2021-09-08,391644.0,富邦金,77.4,5060,False,2881
2021-09-09,2021-06-g002-2021-06-07-1714,2021-09-09,1958.95,和桐,10.15,193,False,1714
2021-09-09,2021-06-g013-2021-06-16-8069,2021-09-09,397863.1,元太,77.3,5147,False,8069
2021-09-09,2021-09-g004-2021-09-06-2881,2021-09-09,391644.0,富邦金,77.4,5060,False,2881
2021-09-10,2021-06-g002-2021-06-07-1714,2021-09-10,1715.3500000000001,和桐,10.15,169,False,1714
2021-09-10,2021-06-g013-2021-06-16-8069,2021-09-10,406098.30000000005,元太,78.9,5147,False,8069
2021-09-10,2021-09-g004-2021-09-06-2881,2021-09-10,392656.0,富邦金,77.6,5060,False,2881
2021-09-13,2021-06-g002-2021-06-07-1714,2021-09-13,1458.6,和桐,10.2,143,False,1714
2021-09-13,2021-06-g013-2021-06-16-8069,2021-09-13,398892.5,元太,77.5,5147,False,8069
2021-09-13,2021-09-g004-2021-09-06-2881,2021-09-13,411884.0,富邦金,81.4,5060,False,2881
2021-09-14,2021-06-g002-2021-06-07-1714,2021-09-14,588.5,和桐,10.7,55,False,1714
2021-09-14,2021-06-g013-2021-06-16-8069,2021-09-14,4061.2,元太,78.1,52,False,8069
2021-09-14,2021-09-g004-2021-09-06-2881,2021-09-14,408848.0,富邦金,80.8,5060,False,2881
2021-09-15,2021-06-g002-2021-06-07-1714,2021-09-15,42.0,和桐,10.5,4,False,1714
2021-09-15,2021-09-g004-2021-09-06-2881,2021-09-15,411884.0,富邦金,81.4,5060,False,2881
2021-09-16,2021-09-g004-2021-09-06-2881,2021-09-16,408342.0,富邦金,80.7,5060,False,2881
2021-09-17,2021-09-g004-2021-09-06-2881,2021-09-17,398728.0,富邦金,78.8,5060,False,2881
2021-09-22,2021-09-g004-2021-09-06-2881,2021-09-22,390126.0,富邦金,77.1,5060,False,2881
2021-09-22,2021-09-g013-2021-09-17-6411,2021-09-22,259919.5,晶焱,204.5,1271,False,6411
2021-09-23,2021-09-g004-2021-09-06-2881,2021-09-23,391644.0,富邦金,77.4,5060,False,2881
2021-09-23,2021-09-g013-2021-09-17-6411,2021-09-23,254835.5,晶焱,200.5,1271,False,6411
2021-09-24,2021-09-g004-2021-09-06-2881,2021-09-24,392150.0,富邦金,77.5,5060,False,2881
2021-09-24,2021-09-g013-2021-09-17-6411,2021-09-24,280255.5,晶焱,220.5,1271,False,6411
2021-09-24,2021-09-g003-2021-09-23-1308,2021-09-24,418341.0,亞聚,46.2,9055,False,1308
2021-09-27,2021-09-g004-2021-09-06-2881,2021-09-27,393162.0,富邦金,77.7,5060,False,2881
2021-09-27,2021-09-g013-2021-09-17-6411,2021-09-27,282797.5,晶焱,222.5,1271,False,6411
2021-09-27,2021-09-g003-2021-09-23-1308,2021-09-27,446864.25,亞聚,49.35,9055,False,1308
2021-09-28,2021-09-g004-2021-09-06-2881,2021-09-28,392150.0,富邦金,77.5,5060,False,2881
2021-09-28,2021-09-g013-2021-09-17-6411,2021-09-28,256742.0,晶焱,202.0,1271,False,6411
2021-09-28,2021-09-g003-2021-09-23-1308,2021-09-28,443695.0,亞聚,49.0,9055,False,1308
2021-09-29,2021-09-g004-2021-09-06-2881,2021-09-29,388102.0,富邦金,76.7,5060,False,2881
2021-09-29,2021-09-g013-2021-09-17-6411,2021-09-29,256106.5,晶焱,201.5,1271,False,6411
2021-09-29,2021-09-g003-2021-09-23-1308,2021-09-29,440073.0,亞聚,48.6,9055,False,1308
2021-09-30,2021-09-g004-2021-09-06-2881,2021-09-30,388102.0,富邦金,76.7,5060,False,2881
2021-09-30,2021-09-g013-2021-09-17-6411,2021-09-30,254200.0,晶焱,200.0,1271,False,6411
2021-09-30,2021-09-g003-2021-09-23-1308,2021-09-30,416077.25,亞聚,45.95,9055,False,1308
2021-10-01,2021-09-g004-2021-09-06-2881,2021-10-01,381524.0,富邦金,75.4,5060,False,2881
2021-10-01,2021-09-g013-2021-09-17-6411,2021-10-01,251658.0,晶焱,198.0,1271,False,6411
2021-10-01,2021-09-g003-2021-09-23-1308,2021-10-01,397514.5,亞聚,43.9,9055,False,1308
2021-10-04,2021-09-g004-2021-09-06-2881,2021-10-04,376464.0,富邦金,74.4,5060,False,2881
2021-10-04,2021-09-g013-2021-09-17-6411,2021-10-04,228780.0,晶焱,180.0,1271,False,6411
2021-10-04,2021-09-g003-2021-09-23-1308,2021-10-04,396156.25,亞聚,43.75,9055,False,1308
2021-10-05,2021-09-g004-2021-09-06-2881,2021-10-05,373428.0,富邦金,73.8,5060,False,2881
2021-10-05,2021-09-g013-2021-09-17-6411,2021-10-05,251658.0,晶焱,198.0,1271,False,6411
2021-10-05,2021-09-g003-2021-09-23-1308,2021-10-05,426037.75,亞聚,47.05,9055,False,1308
2021-10-06,2021-09-g004-2021-09-06-2881,2021-10-06,377982.0,富邦金,74.7,5060,False,2881
2021-10-06,2021-09-g013-2021-09-17-6411,2021-10-06,251022.5,晶焱,197.5,1271,False,6411
2021-10-06,2021-09-g003-2021-09-23-1308,2021-10-06,421057.5,亞聚,46.5,9055,False,1308
2021-10-07,2021-09-g004-2021-09-06-2881,2021-10-07,382030.0,富邦金,75.5,5060,False,2881
2021-10-07,2021-09-g013-2021-09-17-6411,2021-10-07,263097.0,晶焱,207.0,1271,False,6411
2021-10-07,2021-09-g003-2021-09-23-1308,2021-10-07,452750.0,亞聚,50.0,9055,False,1308
2021-10-08,2021-09-g004-2021-09-06-2881,2021-10-08,381018.0,富邦金,75.3,5060,False,2881
2021-10-08,2021-09-g013-2021-09-17-6411,2021-10-08,268181.0,晶焱,211.0,1271,False,6411
2021-10-08,2021-09-g003-2021-09-23-1308,2021-10-08,442789.5,亞聚,48.9,9055,False,1308
2021-10-12,2021-09-g004-2021-09-06-2881,2021-10-12,378488.0,富邦金,74.8,5060,False,2881
2021-10-12,2021-09-g013-2021-09-17-6411,2021-10-12,268816.5,晶焱,211.5,1271,False,6411
2021-10-12,2021-09-g003-2021-09-23-1308,2021-10-12,413813.5,亞聚,45.7,9055,False,1308
2021-10-13,2021-09-g004-2021-09-06-2881,2021-10-13,376970.0,富邦金,74.5,5060,False,2881
2021-10-13,2021-09-g013-2021-09-17-6411,2021-10-13,242125.5,晶焱,190.5,1271,False,6411
2021-10-13,2021-09-g003-2021-09-23-1308,2021-10-13,407475.0,亞聚,45.0,9055,False,1308
2021-10-14,2021-09-g004-2021-09-06-2881,2021-10-14,376464.0,富邦金,74.4,5060,False,2881
2021-10-14,2021-09-g013-2021-09-17-6411,2021-10-14,247209.5,晶焱,194.5,1271,False,6411
2021-10-14,2021-09-g003-2021-09-23-1308,2021-10-14,376235.25,亞聚,41.55,9055,False,1308
2021-10-15,2021-09-g004-2021-09-06-2881,2021-10-15,380006.0,富邦金,75.1,5060,False,2881
2021-10-15,2021-09-g013-2021-09-17-6411,2021-10-15,252293.5,晶焱,198.5,1271,False,6411
2021-10-15,2021-09-g003-2021-09-23-1308,2021-10-15,394798.0,亞聚,43.6,9055,False,1308
2021-10-18,2021-09-g004-2021-09-06-2881,2021-10-18,380006.0,富邦金,75.1,5060,False,2881
2021-10-18,2021-09-g013-2021-09-17-6411,2021-10-18,243396.5,晶焱,191.5,1271,False,6411
2021-10-18,2021-09-g003-2021-09-23-1308,2021-10-18,407475.0,亞聚,45.0,9055,False,1308
2021-10-19,2021-09-g004-2021-09-06-2881,2021-10-19,378488.0,富邦金,74.8,5060,False,2881
2021-10-19,2021-09-g013-2021-09-17-6411,2021-10-19,257377.5,晶焱,202.5,1271,False,6411
2021-10-19,2021-09-g003-2021-09-23-1308,2021-10-19,398420.0,亞聚,44.0,9055,False,1308
2021-10-20,2021-09-g004-2021-09-06-2881,2021-10-20,375958.0,富邦金,74.3,5060,False,2881
2021-10-20,2021-09-g013-2021-09-17-6411,2021-10-20,278984.5,晶焱,219.5,1271,False,6411
2021-10-20,2021-09-g003-2021-09-23-1308,2021-10-20,382121.0,亞聚,42.2,9055,False,1308
2021-10-21,2021-09-g004-2021-09-06-2881,2021-10-21,378488.0,富邦金,74.8,5060,False,2881
2021-10-21,2021-09-g013-2021-09-17-6411,2021-10-21,273265.0,晶焱,215.0,1271,False,6411
2021-10-21,2021-09-g003-2021-09-23-1308,2021-10-21,391176.0,亞聚,43.2,9055,False,1308
2021-10-22,2021-09-g004-2021-09-06-2881,2021-10-22,374946.0,富邦金,74.1,5060,False,2881
2021-10-22,2021-09-g013-2021-09-17-6411,2021-10-22,285975.0,晶焱,225.0,1271,False,6411
2021-10-22,2021-09-g003-2021-09-23-1308,2021-10-22,367180.25,亞聚,40.55,9055,False,1308
2021-10-25,2021-09-g004-2021-09-06-2881,2021-10-25,378488.0,富邦金,74.8,5060,False,2881
2021-10-25,2021-09-g013-2021-09-17-6411,2021-10-25,288517.0,晶焱,227.0,1271,False,6411
2021-10-26,2021-09-g004-2021-09-06-2881,2021-10-26,382030.0,富邦金,75.5,5060,False,2881
2021-10-26,2021-09-g013-2021-09-17-6411,2021-10-26,270087.5,晶焱,212.5,1271,False,6411
2021-10-27,2021-09-g004-2021-09-06-2881,2021-10-27,379500.0,富邦金,75.0,5060,False,2881
2021-10-27,2021-09-g013-2021-09-17-6411,2021-10-27,275171.5,晶焱,216.5,1271,False,6411
2021-10-28,2021-09-g004-2021-09-06-2881,2021-10-28,376970.0,富邦金,74.5,5060,False,2881
2021-10-28,2021-09-g013-2021-09-17-6411,2021-10-28,263097.0,晶焱,207.0,1271,False,6411
2021-10-29,2021-09-g004-2021-09-06-2881,2021-10-29,372416.0,富邦金,73.6,5060,False,2881
2021-10-29,2021-09-g013-2021-09-17-6411,2021-10-29,259284.0,晶焱,204.0,1271,False,6411
2021-11-01,2021-09-g004-2021-09-06-2881,2021-11-01,369886.0,富邦金,73.1,5060,False,2881
2021-11-01,2021-09-g013-2021-09-17-6411,2021-11-01,270723.0,晶焱,213.0,1271,False,6411
2021-11-02,2021-09-g004-2021-09-06-2881,2021-11-02,367356.0,富邦金,72.6,5060,False,2881
2021-11-02,2021-09-g013-2021-09-17-6411,2021-11-02,273265.0,晶焱,215.0,1271,False,6411
2021-11-03,2021-09-g004-2021-09-06-2881,2021-11-03,367862.0,富邦金,72.7,5060,False,2881
2021-11-03,2021-09-g013-2021-09-17-6411,2021-11-03,288517.0,晶焱,227.0,1271,False,6411
2021-11-04,2021-09-g004-2021-09-06-2881,2021-11-04,366850.0,富邦金,72.5,5060,False,2881
2021-11-04,2021-09-g013-2021-09-17-6411,2021-11-04,268181.0,晶焱,211.0,1271,False,6411
2021-11-05,2021-09-g004-2021-09-06-2881,2021-11-05,366850.0,富邦金,72.5,5060,False,2881
2021-11-05,2021-09-g013-2021-09-17-6411,2021-11-05,272629.5,晶焱,214.5,1271,False,6411
2021-11-08,2021-09-g004-2021-09-06-2881,2021-11-08,372416.0,富邦金,73.6,5060,False,2881
2021-11-08,2021-09-g013-2021-09-17-6411,2021-11-08,273265.0,晶焱,215.0,1271,False,6411
2021-11-08,2021-11-g015-2021-11-05-3305,2021-11-08,380000.0,昇貿,76.0,5000,False,3305
2021-11-09,2021-09-g004-2021-09-06-2881,2021-11-09,369886.0,富邦金,73.1,5060,False,2881
2021-11-09,2021-09-g013-2021-09-17-6411,2021-11-09,270723.0,晶焱,213.0,1271,False,6411
2021-11-09,2021-11-g015-2021-11-05-3305,2021-11-09,404000.0,昇貿,80.8,5000,False,3305
2021-11-10,2021-09-g004-2021-09-06-2881,2021-11-10,369380.0,富邦金,73.0,5060,False,2881
2021-11-10,2021-09-g013-2021-09-17-6411,2021-11-10,297414.0,晶焱,234.0,1271,False,6411
2021-11-10,2021-11-g015-2021-11-05-3305,2021-11-10,399500.0,昇貿,79.9,5000,False,3305
2021-11-11,2021-09-g004-2021-09-06-2881,2021-11-11,369380.0,富邦金,73.0,5060,False,2881
2021-11-11,2021-09-g013-2021-09-17-6411,2021-11-11,326647.0,晶焱,257.0,1271,False,6411
2021-11-11,2021-11-g015-2021-11-05-3305,2021-11-11,394000.0,昇貿,78.8,5000,False,3305
2021-11-12,2021-09-g004-2021-09-06-2881,2021-11-12,370898.0,富邦金,73.3,5060,False,2881
2021-11-12,2021-09-g013-2021-09-17-6411,2021-11-12,335544.0,晶焱,264.0,1271,False,6411
2021-11-12,2021-11-g015-2021-11-05-3305,2021-11-12,388000.0,昇貿,77.6,5000,False,3305
2021-11-15,2021-09-g004-2021-09-06-2881,2021-11-15,374440.0,富邦金,74.0,5060,False,2881
2021-11-15,2021-09-g013-2021-09-17-6411,2021-11-15,368590.0,晶焱,290.0,1271,False,6411
2021-11-15,2021-11-g015-2021-11-05-3305,2021-11-15,420000.0,昇貿,84.0,5000,False,3305
2021-11-16,2021-09-g004-2021-09-06-2881,2021-11-16,374440.0,富邦金,74.0,5060,False,2881
2021-11-16,2021-09-g013-2021-09-17-6411,2021-11-16,340628.0,晶焱,268.0,1271,False,6411
2021-11-16,2021-11-g015-2021-11-05-3305,2021-11-16,435500.0,昇貿,87.1,5000,False,3305
2021-11-17,2021-09-g004-2021-09-06-2881,2021-11-17,385066.0,富邦金,76.1,5060,False,2881
2021-11-17,2021-09-g013-2021-09-17-6411,2021-11-17,339357.0,晶焱,267.0,1271,False,6411
2021-11-17,2021-11-g015-2021-11-05-3305,2021-11-17,427500.0,昇貿,85.5,5000,False,3305
2021-11-18,2021-09-g004-2021-09-06-2881,2021-11-18,386584.0,富邦金,76.4,5060,False,2881
2021-11-18,2021-09-g013-2021-09-17-6411,2021-11-18,336815.0,晶焱,265.0,1271,False,6411
2021-11-18,2021-11-g015-2021-11-05-3305,2021-11-18,421500.0,昇貿,84.3,5000,False,3305
2021-11-19,2021-09-g004-2021-09-06-2881,2021-11-19,378488.0,富邦金,74.8,5060,False,2881
2021-11-19,2021-09-g013-2021-09-17-6411,2021-11-19,336815.0,晶焱,265.0,1271,False,6411
2021-11-19,2021-11-g015-2021-11-05-3305,2021-11-19,442000.0,昇貿,88.4,5000,False,3305
2021-11-22,2021-09-g004-2021-09-06-2881,2021-11-22,376464.0,富邦金,74.4,5060,False,2881
2021-11-22,2021-09-g013-2021-09-17-6411,2021-11-22,346983.0,晶焱,273.0,1271,False,6411
2021-11-22,2021-11-g015-2021-11-05-3305,2021-11-22,433500.0,昇貿,86.7,5000,False,3305
2021-11-23,2021-09-g004-2021-09-06-2881,2021-11-23,375958.0,富邦金,74.3,5060,False,2881
2021-11-23,2021-09-g013-2021-09-17-6411,2021-11-23,331731.0,晶焱,261.0,1271,False,6411
2021-11-23,2021-11-g015-2021-11-05-3305,2021-11-23,415500.0,昇貿,83.1,5000,False,3305
2021-11-24,2021-09-g004-2021-09-06-2881,2021-11-24,376464.0,富邦金,74.4,5060,False,2881
2021-11-24,2021-09-g013-2021-09-17-6411,2021-11-24,338721.5,晶焱,266.5,1271,False,6411
2021-11-24,2021-11-g015-2021-11-05-3305,2021-11-24,424000.0,昇貿,84.8,5000,False,3305
2021-11-25,2021-09-g004-2021-09-06-2881,2021-11-25,375958.0,富邦金,74.3,5060,False,2881
2021-11-25,2021-09-g013-2021-09-17-6411,2021-11-25,330460.0,晶焱,260.0,1271,False,6411
2021-11-25,2021-11-g015-2021-11-05-3305,2021-11-25,405000.0,昇貿,81.0,5000,False,3305
2021-11-26,2021-09-g004-2021-09-06-2881,2021-11-26,375452.0,富邦金,74.2,5060,False,2881
2021-11-26,2021-09-g013-2021-09-17-6411,2021-11-26,324740.5,晶焱,255.5,1271,False,6411
2021-11-26,2021-11-g015-2021-11-05-3305,2021-11-26,405000.0,昇貿,81.0,5000,False,3305
2021-11-29,2021-09-g004-2021-09-06-2881,2021-11-29,371910.0,富邦金,73.5,5060,False,2881
2021-11-29,2021-09-g013-2021-09-17-6411,2021-11-29,344441.0,晶焱,271.0,1271,False,6411
2021-11-29,2021-11-g015-2021-11-05-3305,2021-11-29,403000.0,昇貿,80.6,5000,False,3305
2021-11-30,2021-09-g004-2021-09-06-2881,2021-11-30,369886.0,富邦金,73.1,5060,False,2881
2021-11-30,2021-09-g013-2021-09-17-6411,2021-11-30,353973.5,晶焱,278.5,1271,False,6411
2021-11-30,2021-11-g015-2021-11-05-3305,2021-11-30,422000.0,昇貿,84.4,5000,False,3305
2021-12-01,2021-09-g004-2021-09-06-2881,2021-12-01,374946.0,富邦金,74.1,5060,False,2881
2021-12-01,2021-09-g013-2021-09-17-6411,2021-12-01,353338.0,晶焱,278.0,1271,False,6411
2021-12-01,2021-11-g015-2021-11-05-3305,2021-12-01,404000.0,昇貿,80.8,5000,False,3305
2021-12-02,2021-09-g004-2021-09-06-2881,2021-12-02,372922.0,富邦金,73.7,5060,False,2881
2021-12-02,2021-09-g013-2021-09-17-6411,2021-12-02,338721.5,晶焱,266.5,1271,False,6411
2021-12-02,2021-11-g015-2021-11-05-3305,2021-12-02,389000.0,昇貿,77.8,5000,False,3305
2021-12-03,2021-09-g004-2021-09-06-2881,2021-12-03,373934.0,富邦金,73.9,5060,False,2881
2021-12-03,2021-09-g013-2021-09-17-6411,2021-12-03,353338.0,晶焱,278.0,1271,False,6411
2021-12-03,2021-11-g015-2021-11-05-3305,2021-12-03,389500.0,昇貿,77.9,5000,False,3305
2021-12-06,2021-09-g004-2021-09-06-2881,2021-12-06,374946.0,富邦金,74.1,5060,False,2881
2021-12-06,2021-09-g013-2021-09-17-6411,2021-12-06,345712.0,晶焱,272.0,1271,False,6411
2021-12-06,2021-11-g015-2021-11-05-3305,2021-12-06,397000.0,昇貿,79.4,5000,False,3305
2021-12-07,2021-09-g004-2021-09-06-2881,2021-12-07,381018.0,富邦金,75.3,5060,False,2881
2021-12-07,2021-09-g013-2021-09-17-6411,2021-12-07,347618.5,晶焱,273.5,1271,False,6411
2021-12-07,2021-11-g015-2021-11-05-3305,2021-12-07,409000.0,昇貿,81.8,5000,False,3305
2021-12-08,2021-09-g013-2021-09-17-6411,2021-12-08,350160.5,晶焱,275.5,1271,False,6411
2021-12-08,2021-11-g015-2021-11-05-3305,2021-12-08,413500.0,昇貿,82.7,5000,False,3305
2021-12-09,2021-09-g013-2021-09-17-6411,2021-12-09,344441.0,晶焱,271.0,1271,False,6411
2021-12-09,2021-11-g015-2021-11-05-3305,2021-12-09,405500.0,昇貿,81.1,5000,False,3305
2021-12-10,2021-09-g013-2021-09-17-6411,2021-12-10,341899.0,晶焱,269.0,1271,False,6411
2021-12-10,2021-11-g015-2021-11-05-3305,2021-12-10,400000.0,昇貿,80.0,5000,False,3305
2021-12-10,2021-12-g015-2021-12-09-3105,2021-12-10,414766.0,穩懋,374.0,1109,False,3105
2021-12-13,2021-09-g013-2021-09-17-6411,2021-12-13,310759.5,晶焱,244.5,1271,False,6411
2021-12-13,2021-11-g015-2021-11-05-3305,2021-12-13,411500.0,昇貿,82.3,5000,False,3305
2021-12-13,2021-12-g015-2021-12-09-3105,2021-12-13,424192.5,穩懋,382.5,1109,False,3105
2021-12-14,2021-09-g013-2021-09-17-6411,2021-12-14,308853.0,晶焱,243.0,1271,False,6411
2021-12-14,2021-11-g015-2021-11-05-3305,2021-12-14,389000.0,昇貿,77.8,5000,False,3305
2021-12-14,2021-12-g015-2021-12-09-3105,2021-12-14,426965.0,穩懋,385.0,1109,False,3105
2021-12-15,2021-09-g013-2021-09-17-6411,2021-12-15,309488.5,晶焱,243.5,1271,False,6411
2021-12-15,2021-11-g015-2021-11-05-3305,2021-12-15,391500.0,昇貿,78.3,5000,False,3305
2021-12-15,2021-12-g015-2021-12-09-3105,2021-12-15,421974.5,穩懋,380.5,1109,False,3105
2021-12-16,2021-09-g013-2021-09-17-6411,2021-12-16,312666.0,晶焱,246.0,1271,False,6411
2021-12-16,2021-11-g015-2021-11-05-3305,2021-12-16,405000.0,昇貿,81.0,5000,False,3305
2021-12-16,2021-12-g015-2021-12-09-3105,2021-12-16,424747.0,穩懋,383.0,1109,False,3105
2021-12-17,2021-09-g013-2021-09-17-6411,2021-12-17,310759.5,晶焱,244.5,1271,False,6411
2021-12-17,2021-11-g015-2021-11-05-3305,2021-12-17,391500.0,昇貿,78.3,5000,False,3305
2021-12-17,2021-12-g015-2021-12-09-3105,2021-12-17,416984.0,穩懋,376.0,1109,False,3105
2021-12-20,2021-09-g013-2021-09-17-6411,2021-12-20,301862.5,晶焱,237.5,1271,False,6411
2021-12-20,2021-11-g015-2021-11-05-3305,2021-12-20,393000.0,昇貿,78.6,5000,False,3305
2021-12-20,2021-12-g015-2021-12-09-3105,2021-12-20,407003.0,穩懋,367.0,1109,False,3105
2021-12-21,2021-09-g013-2021-09-17-6411,2021-12-21,55647.0,晶焱,243.0,229,False,6411
2021-12-21,2021-11-g015-2021-11-05-3305,2021-12-21,395500.0,昇貿,79.1,5000,False,3305
2021-12-21,2021-12-g015-2021-12-09-3105,2021-12-21,421420.0,穩懋,380.0,1109,False,3105
2021-12-22,2021-09-g013-2021-09-17-6411,2021-12-22,39123.0,晶焱,241.5,162,False,6411
2021-12-22,2021-11-g015-2021-11-05-3305,2021-12-22,396500.0,昇貿,79.3,5000,False,3305
2021-12-22,2021-12-g015-2021-12-09-3105,2021-12-22,416984.0,穩懋,376.0,1109,False,3105
2021-12-23,2021-09-g013-2021-09-17-6411,2021-12-23,10185.0,晶焱,242.5,42,False,6411
2021-12-23,2021-11-g015-2021-11-05-3305,2021-12-23,425000.0,昇貿,85.0,5000,False,3305
2021-12-23,2021-12-g015-2021-12-09-3105,2021-12-23,413102.5,穩懋,372.5,1109,False,3105
2021-12-24,2021-11-g015-2021-11-05-3305,2021-12-24,411000.0,昇貿,82.2,5000,False,3305
2021-12-24,2021-12-g015-2021-12-09-3105,2021-12-24,410330.0,穩懋,370.0,1109,False,3105
2021-12-24,2021-12-g004-2021-12-23-2312,2021-12-24,395911.8,金寶,16.2,24439,False,2312
2021-12-27,2021-11-g015-2021-11-05-3305,2021-12-27,406500.0,昇貿,81.3,5000,False,3305
2021-12-27,2021-12-g015-2021-12-09-3105,2021-12-27,411439.0,穩懋,371.0,1109,False,3105
2021-12-27,2021-12-g004-2021-12-23-2312,2021-12-27,393467.9,金寶,16.1,24439,False,2312
2021-12-28,2021-11-g015-2021-11-05-3305,2021-12-28,401000.0,昇貿,80.2,5000,False,3305
2021-12-28,2021-12-g015-2021-12-09-3105,2021-12-28,411993.5,穩懋,371.5,1109,False,3105
2021-12-28,2021-12-g004-2021-12-23-2312,2021-12-28,386136.2,金寶,15.8,24439,False,2312
2021-12-29,2021-11-g015-2021-11-05-3305,2021-12-29,400000.0,昇貿,80.0,5000,False,3305
2021-12-29,2021-12-g015-2021-12-09-3105,2021-12-29,411439.0,穩懋,371.0,1109,False,3105
2021-12-29,2021-12-g004-2021-12-23-2312,2021-12-29,389802.05,金寶,15.95,24439,False,2312
2021-12-30,2021-11-g015-2021-11-05-3305,2021-12-30,405500.0,昇貿,81.1,5000,False,3305
2021-12-30,2021-12-g015-2021-12-09-3105,2021-12-30,415320.5,穩懋,374.5,1109,False,3105
2021-12-30,2021-12-g004-2021-12-23-2312,2021-12-30,394689.85,金寶,16.15,24439,False,2312
2022-01-03,2021-11-g015-2021-11-05-3305,2022-01-03,401000.0,昇貿,80.2,5000,False,3305
2022-01-03,2021-12-g015-2021-12-09-3105,2022-01-03,412548.0,穩懋,372.0,1109,False,3105
2022-01-03,2021-12-g004-2021-12-23-2312,2022-01-03,384914.25,金寶,15.75,24439,False,2312
2022-01-04,2021-11-g015-2021-11-05-3305,2022-01-04,409500.0,昇貿,81.9,5000,False,3305
2022-01-04,2021-12-g015-2021-12-09-3105,2022-01-04,420865.5,穩懋,379.5,1109,False,3105
2022-01-04,2021-12-g004-2021-12-23-2312,2022-01-04,386136.2,金寶,15.8,24439,False,2312
2022-01-05,2021-11-g015-2021-11-05-3305,2022-01-05,407500.0,昇貿,81.5,5000,False,3305
2022-01-05,2021-12-g015-2021-12-09-3105,2022-01-05,427519.5,穩懋,385.5,1109,False,3105
2022-01-05,2021-12-g004-2021-12-23-2312,2022-01-05,388580.10000000003,金寶,15.9,24439,False,2312
2022-01-06,2021-11-g015-2021-11-05-3305,2022-01-06,412500.0,昇貿,82.5,5000,False,3305
2022-01-06,2021-12-g015-2021-12-09-3105,2022-01-06,415875.0,穩懋,375.0,1109,False,3105
2022-01-06,2021-12-g004-2021-12-23-2312,2022-01-06,388580.10000000003,金寶,15.9,24439,False,2312
2022-01-07,2021-11-g015-2021-11-05-3305,2022-01-07,386000.0,昇貿,77.2,5000,False,3305
2022-01-07,2021-12-g015-2021-12-09-3105,2022-01-07,393695.0,穩懋,355.0,1109,False,3105
2022-01-07,2021-12-g004-2021-12-23-2312,2022-01-07,376360.60000000003,金寶,15.4,24439,False,2312
2022-01-10,2021-11-g015-2021-11-05-3305,2022-01-10,383500.0,昇貿,76.7,5000,False,3305
2022-01-10,2021-12-g015-2021-12-09-3105,2022-01-10,393140.5,穩懋,354.5,1109,False,3105
2022-01-10,2021-12-g004-2021-12-23-2312,2022-01-10,382470.35000000003,金寶,15.65,24439,False,2312
2022-01-11,2021-11-g015-2021-11-05-3305,2022-01-11,365500.0,昇貿,73.1,5000,False,3305
2022-01-11,2021-12-g015-2021-12-09-3105,2022-01-11,380387.0,穩懋,343.0,1109,False,3105
2022-01-11,2021-12-g004-2021-12-23-2312,2022-01-11,376360.60000000003,金寶,15.4,24439,False,2312
2022-01-12,2021-11-g015-2021-11-05-3305,2022-01-12,365000.0,昇貿,73.0,5000,False,3305
2022-01-12,2021-12-g015-2021-12-09-3105,2022-01-12,373733.0,穩懋,337.0,1109,False,3105
2022-01-12,2021-12-g004-2021-12-23-2312,2022-01-12,381248.39999999997,金寶,15.6,24439,False,2312
2022-01-13,2021-11-g015-2021-11-05-3305,2022-01-13,369000.0,昇貿,73.8,5000,False,3305
2022-01-13,2021-12-g015-2021-12-09-3105,2022-01-13,372624.0,穩懋,336.0,1109,False,3105
2022-01-13,2021-12-g004-2021-12-23-2312,2022-01-13,377582.55,金寶,15.45,24439,False,2312
2022-01-14,2021-11-g015-2021-11-05-3305,2022-01-14,364000.0,昇貿,72.8,5000,False,3305
2022-01-14,2021-12-g015-2021-12-09-3105,2022-01-14,367079.0,穩懋,331.0,1109,False,3105
2022-01-14,2021-12-g004-2021-12-23-2312,2022-01-14,376360.60000000003,金寶,15.4,24439,False,2312
2022-01-17,2021-11-g015-2021-11-05-3305,2022-01-17,374000.0,昇貿,74.8,5000,False,3305
2022-01-17,2021-12-g015-2021-12-09-3105,2022-01-17,377614.5,穩懋,340.5,1109,False,3105
2022-01-17,2021-12-g004-2021-12-23-2312,2022-01-17,389802.05,金寶,15.95,24439,False,2312
2022-01-18,2021-11-g015-2021-11-05-3305,2022-01-18,373500.0,昇貿,74.7,5000,False,3305
2022-01-18,2021-12-g015-2021-12-09-3105,2022-01-18,382050.5,穩懋,344.5,1109,False,3105
2022-01-18,2021-12-g004-2021-12-23-2312,2022-01-18,384914.25,金寶,15.75,24439,False,2312
2022-01-19,2021-11-g015-2021-11-05-3305,2022-01-19,368500.0,昇貿,73.7,5000,False,3305
2022-01-19,2021-12-g015-2021-12-09-3105,2022-01-19,369297.0,穩懋,333.0,1109,False,3105
2022-01-19,2021-12-g004-2021-12-23-2312,2022-01-19,377582.55,金寶,15.45,24439,False,2312
2022-01-20,2021-11-g015-2021-11-05-3305,2022-01-20,369000.0,昇貿,73.8,5000,False,3305
2022-01-20,2021-12-g015-2021-12-09-3105,2022-01-20,377060.0,穩懋,340.0,1109,False,3105
2022-01-20,2021-12-g004-2021-12-23-2312,2022-01-20,378804.5,金寶,15.5,24439,False,2312
2022-01-21,2021-11-g015-2021-11-05-3305,2022-01-21,354000.0,昇貿,70.8,5000,False,3305
2022-01-21,2021-12-g015-2021-12-09-3105,2022-01-21,375396.5,穩懋,338.5,1109,False,3105
2022-01-21,2021-12-g004-2021-12-23-2312,2022-01-21,367806.95,金寶,15.05,24439,False,2312
2022-01-24,2021-11-g015-2021-11-05-3305,2022-01-24,358000.0,昇貿,71.6,5000,False,3305
2022-01-24,2021-12-g015-2021-12-09-3105,2022-01-24,380941.5,穩懋,343.5,1109,False,3105
2022-01-24,2021-12-g004-2021-12-23-2312,2022-01-24,372694.75,金寶,15.25,24439,False,2312
2022-01-25,2021-11-g015-2021-11-05-3305,2022-01-25,349500.0,昇貿,69.9,5000,False,3305
2022-01-25,2021-12-g015-2021-12-09-3105,2022-01-25,372624.0,穩懋,336.0,1109,False,3105
2022-01-25,2021-12-g004-2021-12-23-2312,2022-01-25,361697.2,金寶,14.8,24439,False,2312
2022-01-26,2021-11-g015-2021-11-05-3305,2022-01-26,347000.0,昇貿,69.4,5000,False,3305
2022-01-26,2021-12-g015-2021-12-09-3105,2022-01-26,372069.5,穩懋,335.5,1109,False,3105
2022-01-26,2021-12-g004-2021-12-23-2312,2022-01-26,360475.25,金寶,14.75,24439,False,2312
2022-02-07,2021-11-g015-2021-11-05-3305,2022-02-07,363500.0,昇貿,72.7,5000,False,3305
2022-02-07,2021-12-g015-2021-12-09-3105,2022-02-07,372069.5,穩懋,335.5,1109,False,3105
2022-02-07,2021-12-g004-2021-12-23-2312,2022-02-07,380026.45,金寶,15.55,24439,False,2312
2022-02-08,2021-11-g015-2021-11-05-3305,2022-02-08,377000.0,昇貿,75.4,5000,False,3305
2022-02-08,2021-12-g015-2021-12-09-3105,2022-02-08,380387.0,穩懋,343.0,1109,False,3105
2022-02-08,2021-12-g004-2021-12-23-2312,2022-02-08,389802.05,金寶,15.95,24439,False,2312
2022-02-09,2021-11-g015-2021-11-05-3305,2022-02-09,384000.0,昇貿,76.8,5000,False,3305
2022-02-09,2021-12-g015-2021-12-09-3105,2022-02-09,381496.0,穩懋,344.0,1109,False,3105
2022-02-09,2021-12-g004-2021-12-23-2312,2022-02-09,391024.0,金寶,16.0,24439,False,2312
2022-02-10,2021-11-g015-2021-11-05-3305,2022-02-10,380500.0,昇貿,76.1,5000,False,3305
2022-02-10,2021-12-g015-2021-12-09-3105,2022-02-10,378169.0,穩懋,341.0,1109,False,3105
2022-02-10,2021-12-g004-2021-12-23-2312,2022-02-10,387358.14999999997,金寶,15.85,24439,False,2312
2022-02-11,2021-11-g015-2021-11-05-3305,2022-02-11,379000.0,昇貿,75.8,5000,False,3305
2022-02-11,2021-12-g015-2021-12-09-3105,2022-02-11,354880.0,穩懋,320.0,1109,False,3105
2022-02-11,2021-12-g004-2021-12-23-2312,2022-02-11,382470.35000000003,金寶,15.65,24439,False,2312
2022-02-14,2021-11-g015-2021-11-05-3305,2022-02-14,371000.0,昇貿,74.2,5000,False,3305
2022-02-14,2021-12-g004-2021-12-23-2312,2022-02-14,375138.64999999997,金寶,15.35,24439,False,2312
2022-02-15,2021-12-g004-2021-12-23-2312,2022-02-15,376360.60000000003,金寶,15.4,24439,False,2312
2022-02-16,2021-12-g004-2021-12-23-2312,2022-02-16,384914.25,金寶,15.75,24439,False,2312
2022-02-17,2021-12-g004-2021-12-23-2312,2022-02-17,386136.2,金寶,15.8,24439,False,2312
2022-02-18,2021-12-g004-2021-12-23-2312,2022-02-18,380026.45,金寶,15.55,24439,False,2312
2022-02-18,2022-02-g018-2022-02-17-2834,2022-02-18,369448.39999999997,臺企銀,11.6,31849,False,2834
2022-02-21,2021-12-g004-2021-12-23-2312,2022-02-21,389802.05,金寶,15.95,24439,False,2312
2022-02-21,2022-02-g018-2022-02-17-2834,2022-02-21,367855.95,臺企銀,11.55,31849,False,2834
2022-02-22,2021-12-g004-2021-12-23-2312,2022-02-22,380026.45,金寶,15.55,24439,False,2312
2022-02-22,2022-02-g018-2022-02-17-2834,2022-02-22,358301.25,臺企銀,11.25,31849,False,2834
2022-02-23,2021-12-g004-2021-12-23-2312,2022-02-23,383692.3,金寶,15.7,24439,False,2312
2022-02-23,2022-02-g018-2022-02-17-2834,2022-02-23,359893.7,臺企銀,11.3,31849,False,2834
2022-02-24,2021-12-g004-2021-12-23-2312,2022-02-24,366585.0,金寶,15.0,24439,False,2312
2022-02-24,2022-02-g018-2022-02-17-2834,2022-02-24,353523.89999999997,臺企銀,11.1,31849,False,2834
2022-02-25,2021-12-g004-2021-12-23-2312,2022-02-25,371472.8,金寶,15.2,24439,False,2312
2022-02-25,2022-02-g018-2022-02-17-2834,2022-02-25,353523.89999999997,臺企銀,11.1,31849,False,2834
2022-03-01,2021-12-g004-2021-12-23-2312,2022-03-01,377582.55,金寶,15.45,24439,False,2312
2022-03-01,2022-02-g018-2022-02-17-2834,2022-03-01,363078.60000000003,臺企銀,11.4,31849,False,2834
2022-03-01,2022-02-g009-2022-02-25-8150,2022-03-01,338944.0,南茂,51.2,6620,False,8150
2022-03-02,2021-12-g004-2021-12-23-2312,2022-03-02,376360.60000000003,金寶,15.4,24439,False,2312
2022-03-02,2022-02-g018-2022-02-17-2834,2022-03-02,364671.05,臺企銀,11.45,31849,False,2834
2022-03-02,2022-02-g009-2022-02-25-8150,2022-03-02,340268.0,南茂,51.4,6620,False,8150
2022-03-03,2021-12-g004-2021-12-23-2312,2022-03-03,372694.75,金寶,15.25,24439,False,2312
2022-03-03,2022-02-g018-2022-02-17-2834,2022-03-03,363078.60000000003,臺企銀,11.4,31849,False,2834
2022-03-03,2022-02-g009-2022-02-25-8150,2022-03-03,342916.0,南茂,51.8,6620,False,8150
2022-03-04,2021-12-g004-2021-12-23-2312,2022-03-04,361697.2,金寶,14.8,24439,False,2312
2022-03-04,2022-02-g018-2022-02-17-2834,2022-03-04,358301.25,臺企銀,11.25,31849,False,2834
2022-03-04,2022-02-g009-2022-02-25-8150,2022-03-04,341592.0,南茂,51.6,6620,False,8150
2022-03-07,2021-12-g004-2021-12-23-2312,2022-03-07,337258.2,金寶,13.8,24439,False,2312
2022-03-07,2022-02-g018-2022-02-17-2834,2022-03-07,348746.55,臺企銀,10.95,31849,False,2834
2022-03-07,2022-02-g009-2022-02-25-8150,2022-03-07,332986.0,南茂,50.3,6620,False,8150
2022-03-08,2021-12-g004-2021-12-23-2312,2022-03-08,3975.0,金寶,13.25,300,False,2312
2022-03-08,2022-02-g018-2022-02-17-2834,2022-03-08,342376.75,臺企銀,10.75,31849,False,2834
2022-03-08,2022-02-g009-2022-02-25-8150,2022-03-08,332324.0,南茂,50.2,6620,False,8150
2022-03-09,2021-12-g004-2021-12-23-2312,2022-03-09,2607.15,金寶,13.65,191,False,2312
2022-03-09,2022-02-g018-2022-02-17-2834,2022-03-09,348746.55,臺企銀,10.95,31849,False,2834
2022-03-09,2022-02-g009-2022-02-25-8150,2022-03-09,338282.0,南茂,51.1,6620,False,8150
2022-03-10,2021-12-g004-2021-12-23-2312,2022-03-10,1453.5,金寶,14.25,102,False,2312
2022-03-10,2022-02-g018-2022-02-17-2834,2022-03-10,356708.8,臺企銀,11.2,31849,False,2834
2022-03-10,2022-02-g009-2022-02-25-8150,2022-03-10,339606.0,南茂,51.3,6620,False,8150
2022-03-11,2021-12-g004-2021-12-23-2312,2022-03-11,688.45,金寶,14.05,49,False,2312
2022-03-11,2022-02-g018-2022-02-17-2834,2022-03-11,355116.35000000003,臺企銀,11.15,31849,False,2834
2022-03-11,2022-02-g009-2022-02-25-8150,2022-03-11,340930.0,南茂,51.5,6620,False,8150
2022-03-14,2022-02-g018-2022-02-17-2834,2022-03-14,358301.25,臺企銀,11.25,31849,False,2834
2022-03-14,2022-02-g009-2022-02-25-8150,2022-03-14,342916.0,南茂,51.8,6620,False,8150
2022-03-15,2022-02-g018-2022-02-17-2834,2022-03-15,359893.7,臺企銀,11.3,31849,False,2834
2022-03-15,2022-02-g009-2022-02-25-8150,2022-03-15,336296.0,南茂,50.8,6620,False,8150
2022-03-16,2022-02-g018-2022-02-17-2834,2022-03-16,359893.7,臺企銀,11.3,31849,False,2834
2022-03-16,2022-02-g009-2022-02-25-8150,2022-03-16,332986.0,南茂,50.3,6620,False,8150
2022-03-17,2022-02-g018-2022-02-17-2834,2022-03-17,364671.05,臺企銀,11.45,31849,False,2834
2022-03-17,2022-02-g009-2022-02-25-8150,2022-03-17,340268.0,南茂,51.4,6620,False,8150
2022-03-18,2022-02-g018-2022-02-17-2834,2022-03-18,374225.75,臺企銀,11.75,31849,False,2834
2022-03-18,2022-02-g009-2022-02-25-8150,2022-03-18,342254.0,南茂,51.7,6620,False,8150
2022-03-21,2022-02-g018-2022-02-17-2834,2022-03-21,385372.89999999997,臺企銀,12.1,31849,False,2834
2022-03-21,2022-02-g009-2022-02-25-8150,2022-03-21,344902.0,南茂,52.1,6620,False,8150
2022-03-22,2022-02-g018-2022-02-17-2834,2022-03-22,388557.8,臺企銀,12.2,31849,False,2834
2022-03-22,2022-02-g009-2022-02-25-8150,2022-03-22,344902.0,南茂,52.1,6620,False,8150
2022-03-23,2022-02-g018-2022-02-17-2834,2022-03-23,404482.3,臺企銀,12.7,31849,False,2834
2022-03-23,2022-02-g009-2022-02-25-8150,2022-03-23,345564.0,南茂,52.2,6620,False,8150
2022-03-24,2022-02-g018-2022-02-17-2834,2022-03-24,406074.75,臺企銀,12.75,31849,False,2834
2022-03-24,2022-02-g009-2022-02-25-8150,2022-03-24,343578.0,南茂,51.9,6620,False,8150
2022-03-25,2022-02-g018-2022-02-17-2834,2022-03-25,401297.39999999997,臺企銀,12.6,31849,False,2834
2022-03-25,2022-02-g009-2022-02-25-8150,2022-03-25,342254.0,南茂,51.7,6620,False,8150
2022-03-28,2022-02-g018-2022-02-17-2834,2022-03-28,412444.55,臺企銀,12.95,31849,False,2834
2022-03-28,2022-02-g009-2022-02-25-8150,2022-03-28,343578.0,南茂,51.9,6620,False,8150
2022-03-29,2022-02-g018-2022-02-17-2834,2022-03-29,410852.10000000003,臺企銀,12.9,31849,False,2834
2022-03-29,2022-02-g009-2022-02-25-8150,2022-03-29,342254.0,南茂,51.7,6620,False,8150
2022-03-30,2022-02-g018-2022-02-17-2834,2022-03-30,409259.64999999997,臺企銀,12.85,31849,False,2834
2022-03-30,2022-02-g009-2022-02-25-8150,2022-03-30,342254.0,南茂,51.7,6620,False,8150
2022-03-31,2022-02-g018-2022-02-17-2834,2022-03-31,409259.64999999997,臺企銀,12.85,31849,False,2834
2022-03-31,2022-02-g009-2022-02-25-8150,2022-03-31,340268.0,南茂,51.4,6620,False,8150
2022-04-01,2022-02-g018-2022-02-17-2834,2022-04-01,412444.55,臺企銀,12.95,31849,False,2834
2022-04-01,2022-02-g009-2022-02-25-8150,2022-04-01,338944.0,南茂,51.2,6620,False,8150
2022-04-06,2022-02-g018-2022-02-17-2834,2022-04-06,426776.60000000003,臺企銀,13.4,31849,False,2834
2022-04-06,2022-02-g009-2022-02-25-8150,2022-04-06,335634.0,南茂,50.7,6620,False,8150
2022-04-07,2022-02-g018-2022-02-17-2834,2022-04-07,420406.8,臺企銀,13.2,31849,False,2834
2022-04-07,2022-02-g009-2022-02-25-8150,2022-04-07,329676.0,南茂,49.8,6620,False,8150
2022-04-08,2022-02-g018-2022-02-17-2834,2022-04-08,441108.64999999997,臺企銀,13.85,31849,False,2834
2022-04-08,2022-02-g009-2022-02-25-8150,2022-04-08,331662.0,南茂,50.1,6620,False,8150
2022-04-11,2022-02-g018-2022-02-17-2834,2022-04-11,453848.25,臺企銀,14.25,31849,False,2834
2022-04-11,2022-02-g009-2022-02-25-8150,2022-04-11,323387.0,南茂,48.85,6620,False,8150
2022-04-12,2022-02-g018-2022-02-17-2834,2022-04-12,436331.3,臺企銀,13.7,31849,False,2834
2022-04-12,2022-02-g009-2022-02-25-8150,2022-04-12,317760.0,南茂,48.0,6620,False,8150
2022-04-13,2022-02-g018-2022-02-17-2834,2022-04-13,433146.39999999997,臺企銀,13.6,31849,False,2834
2022-04-13,2022-02-g009-2022-02-25-8150,2022-04-13,319746.0,南茂,48.3,6620,False,8150
2022-04-14,2022-02-g018-2022-02-17-2834,2022-04-14,415629.45,臺企銀,13.05,31849,False,2834
2022-04-14,2022-02-g009-2022-02-25-8150,2022-04-14,320077.0,南茂,48.35,6620,False,8150
2022-04-15,2022-02-g018-2022-02-17-2834,2022-04-15,417221.89999999997,臺企銀,13.1,31849,False,2834
2022-04-15,2022-02-g009-2022-02-25-8150,2022-04-15,316767.0,南茂,47.85,6620,False,8150
2022-04-18,2022-02-g018-2022-02-17-2834,2022-04-18,399704.95,臺企銀,12.55,31849,False,2834
2022-04-18,2022-02-g009-2022-02-25-8150,2022-04-18,317760.0,南茂,48.0,6620,False,8150
2022-04-19,2022-02-g018-2022-02-17-2834,2022-04-19,401297.39999999997,臺企銀,12.6,31849,False,2834
2022-04-19,2022-02-g009-2022-02-25-8150,2022-04-19,323718.0,南茂,48.9,6620,False,8150
2022-04-20,2022-02-g018-2022-02-17-2834,2022-04-20,404482.3,臺企銀,12.7,31849,False,2834
2022-04-20,2022-02-g009-2022-02-25-8150,2022-04-20,320077.0,南茂,48.35,6620,False,8150
2022-04-21,2022-02-g018-2022-02-17-2834,2022-04-21,398112.5,臺企銀,12.5,31849,False,2834
2022-04-21,2022-02-g009-2022-02-25-8150,2022-04-21,321070.0,南茂,48.5,6620,False,8150
2022-04-22,2022-02-g018-2022-02-17-2834,2022-04-22,418814.35000000003,臺企銀,13.15,31849,False,2834
2022-04-22,2022-02-g009-2022-02-25-8150,2022-04-22,321732.0,南茂,48.6,6620,False,8150
2022-04-25,2022-02-g018-2022-02-17-2834,2022-04-25,407667.2,臺企銀,12.8,31849,False,2834
2022-04-25,2022-02-g009-2022-02-25-8150,2022-04-25,310809.0,南茂,46.95,6620,False,8150
2022-04-26,2022-02-g018-2022-02-17-2834,2022-04-26,410852.10000000003,臺企銀,12.9,31849,False,2834
2022-04-26,2022-02-g009-2022-02-25-8150,2022-04-26,308161.0,南茂,46.55,6620,False,8150
2022-04-27,2022-02-g018-2022-02-17-2834,2022-04-27,401297.39999999997,臺企銀,12.6,31849,False,2834
2022-04-27,2022-02-g009-2022-02-25-8150,2022-04-27,307830.0,南茂,46.5,6620,False,8150
2022-04-28,2022-02-g018-2022-02-17-2834,2022-04-28,404482.3,臺企銀,12.7,31849,False,2834
2022-04-28,2022-02-g009-2022-02-25-8150,2022-04-28,308492.0,南茂,46.6,6620,False,8150
2022-04-29,2022-02-g018-2022-02-17-2834,2022-04-29,406074.75,臺企銀,12.75,31849,False,2834
2022-04-29,2022-02-g009-2022-02-25-8150,2022-04-29,309154.0,南茂,46.7,6620,False,8150
2022-05-03,2022-02-g018-2022-02-17-2834,2022-05-03,402889.85000000003,臺企銀,12.65,31849,False,2834
2022-05-03,2022-02-g009-2022-02-25-8150,2022-05-03,312795.0,南茂,47.25,6620,False,8150
2022-05-04,2022-02-g018-2022-02-17-2834,2022-05-04,402889.85000000003,臺企銀,12.65,31849,False,2834
2022-05-04,2022-02-g009-2022-02-25-8150,2022-05-04,312795.0,南茂,47.25,6620,False,8150
2022-05-05,2022-02-g018-2022-02-17-2834,2022-05-05,396520.05,臺企銀,12.45,31849,False,2834
2022-05-05,2022-02-g009-2022-02-25-8150,2022-05-05,318753.0,南茂,48.15,6620,False,8150
2022-05-06,2022-02-g018-2022-02-17-2834,2022-05-06,386965.35000000003,臺企銀,12.15,31849,False,2834
2022-05-06,2022-02-g009-2022-02-25-8150,2022-05-06,318422.0,南茂,48.1,6620,False,8150
2022-05-09,2022-02-g018-2022-02-17-2834,2022-05-09,371040.85000000003,臺企銀,11.65,31849,False,2834
2022-05-09,2022-02-g009-2022-02-25-8150,2022-05-09,306837.0,南茂,46.35,6620,False,8150
2022-05-10,2022-02-g018-2022-02-17-2834,2022-05-10,379003.10000000003,臺企銀,11.9,31849,False,2834
2022-05-10,2022-02-g009-2022-02-25-8150,2022-05-10,307168.0,南茂,46.4,6620,False,8150
2022-05-11,2022-02-g018-2022-02-17-2834,2022-05-11,377410.64999999997,臺企銀,11.85,31849,False,2834
2022-05-11,2022-02-g009-2022-02-25-8150,2022-05-11,303527.0,南茂,45.85,6620,False,8150
2022-05-12,2022-02-g018-2022-02-17-2834,2022-05-12,363078.60000000003,臺企銀,11.4,31849,False,2834
2022-05-12,2022-02-g009-2022-02-25-8150,2022-05-12,300217.0,南茂,45.35,6620,False,8150
2022-05-13,2022-02-g018-2022-02-17-2834,2022-05-13,366263.5,臺企銀,11.5,31849,False,2834
2022-05-13,2022-02-g009-2022-02-25-8150,2022-05-13,304189.0,南茂,45.95,6620,False,8150
2022-05-16,2022-02-g018-2022-02-17-2834,2022-05-16,377410.64999999997,臺企銀,11.85,31849,False,2834
2022-05-16,2022-02-g009-2022-02-25-8150,2022-05-16,307830.0,南茂,46.5,6620,False,8150
2022-05-17,2022-02-g018-2022-02-17-2834,2022-05-17,377410.64999999997,臺企銀,11.85,31849,False,2834
2022-05-17,2022-02-g009-2022-02-25-8150,2022-05-17,313126.0,南茂,47.3,6620,False,8150
2022-05-18,2022-02-g018-2022-02-17-2834,2022-05-18,385372.89999999997,臺企銀,12.1,31849,False,2834
2022-05-18,2022-02-g009-2022-02-25-8150,2022-05-18,316767.0,南茂,47.85,6620,False,8150
2022-05-19,2022-02-g018-2022-02-17-2834,2022-05-19,380595.55,臺企銀,11.95,31849,False,2834
2022-05-19,2022-02-g009-2022-02-25-8150,2022-05-19,320077.0,南茂,48.35,6620,False,8150
2022-05-20,2022-02-g018-2022-02-17-2834,2022-05-20,382188.0,臺企銀,12.0,31849,False,2834
2022-05-20,2022-02-g009-2022-02-25-8150,2022-05-20,320077.0,南茂,48.35,6620,False,8150
2022-05-23,2022-02-g018-2022-02-17-2834,2022-05-23,383780.45,臺企銀,12.05,31849,False,2834
2022-05-23,2022-02-g009-2022-02-25-8150,2022-05-23,317760.0,南茂,48.0,6620,False,8150
2022-05-24,2022-02-g018-2022-02-17-2834,2022-05-24,2904.0,臺企銀,12.1,240,False,2834
2022-05-24,2022-02-g009-2022-02-25-8150,2022-05-24,314781.0,南茂,47.55,6620,False,8150
2022-05-25,2022-02-g009-2022-02-25-8150,2022-05-25,317760.0,南茂,48.0,6620,False,8150
2022-05-26,2022-02-g009-2022-02-25-8150,2022-05-26,317429.0,南茂,47.95,6620,False,8150
2022-05-27,2022-02-g009-2022-02-25-8150,2022-05-27,321732.0,南茂,48.6,6620,False,8150
2022-05-30,2022-02-g009-2022-02-25-8150,2022-05-30,323718.0,南茂,48.9,6620,False,8150
2022-05-31,2022-02-g009-2022-02-25-8150,2022-05-31,321401.0,南茂,48.55,6620,False,8150
2022-06-01,2022-02-g009-2022-02-25-8150,2022-06-01,24750.4,南茂,49.6,499,False,8150
2022-06-02,2022-02-g009-2022-02-25-8150,2022-06-02,21143.75,南茂,49.75,425,False,8150
2022-06-06,2022-02-g009-2022-02-25-8150,2022-06-06,14658.400000000001,南茂,50.2,292,False,8150
2022-06-07,2022-02-g009-2022-02-25-8150,2022-06-07,10462.4,南茂,50.3,208,False,8150
2022-06-08,2022-02-g009-2022-02-25-8150,2022-06-08,7726.5,南茂,50.5,153,False,8150
2022-06-09,2022-02-g009-2022-02-25-8150,2022-06-09,3628.7999999999997,南茂,50.4,72,False,8150
2022-06-10,2022-02-g009-2022-02-25-8150,2022-06-10,1207.1999999999998,南茂,50.3,24,False,8150
2022-11-21,2022-11-g014-2022-11-18-6245,2022-11-21,368564.7,立端,87.9,4193,False,6245
2022-11-22,2022-11-g014-2022-11-18-6245,2022-11-22,366887.5,立端,87.5,4193,False,6245
2022-11-22,2022-11-g011-2022-11-21-2468,2022-11-22,307713.60000000003,華經,30.6,10056,False,2468
2022-11-23,2022-11-g014-2022-11-18-6245,2022-11-23,368564.7,立端,87.9,4193,False,6245
2022-11-23,2022-11-g011-2022-11-21-2468,2022-11-23,296652.0,華經,29.5,10056,False,2468
2022-11-24,2022-11-g014-2022-11-18-6245,2022-11-24,366048.89999999997,立端,87.3,4193,False,6245
2022-11-24,2022-11-g011-2022-11-21-2468,2022-11-24,295143.60000000003,華經,29.35,10056,False,2468
2022-11-25,2022-11-g014-2022-11-18-6245,2022-11-25,365210.3,立端,87.1,4193,False,6245
2022-11-25,2022-11-g011-2022-11-21-2468,2022-11-25,294640.8,華經,29.3,10056,False,2468
2022-11-25,2022-11-g015-2022-11-24-6643,2022-11-25,110028.0,M31,519.0,212,False,6643
2022-11-28,2022-11-g014-2022-11-18-6245,2022-11-28,368984.0,立端,88.0,4193,False,6245
2022-11-28,2022-11-g011-2022-11-21-2468,2022-11-28,305702.39999999997,華經,30.4,10056,False,2468
2022-11-28,2022-11-g015-2022-11-24-6643,2022-11-28,107272.0,M31,506.0,212,False,6643
2022-11-29,2022-11-g014-2022-11-18-6245,2022-11-29,372338.39999999997,立端,88.8,4193,False,6245
2022-11-29,2022-11-g011-2022-11-21-2468,2022-11-29,295143.60000000003,華經,29.35,10056,False,2468
2022-11-29,2022-11-g015-2022-11-24-6643,2022-11-29,107060.0,M31,505.0,212,False,6643
2022-11-30,2022-11-g014-2022-11-18-6245,2022-11-30,400431.5,立端,95.5,4193,False,6245
2022-11-30,2022-11-g011-2022-11-21-2468,2022-11-30,290115.60000000003,華經,28.85,10056,False,2468
2022-11-30,2022-11-g015-2022-11-24-6643,2022-11-30,107696.0,M31,508.0,212,False,6643
2022-12-01,2022-11-g014-2022-11-18-6245,2022-12-01,405043.8,立端,96.6,4193,False,6245
2022-12-01,2022-11-g011-2022-11-21-2468,2022-12-01,299166.0,華經,29.75,10056,False,2468
2022-12-01,2022-11-g015-2022-11-24-6643,2022-12-01,106000.0,M31,500.0,212,False,6643
2022-12-02,2022-11-g014-2022-11-18-6245,2022-12-02,436072.0,立端,104.0,4193,False,6245
2022-12-02,2022-11-g011-2022-11-21-2468,2022-12-02,328831.2,華經,32.7,10056,False,2468
2022-12-02,2022-11-g015-2022-11-24-6643,2022-12-02,109816.0,M31,518.0,212,False,6643
2022-12-05,2022-11-g014-2022-11-18-6245,2022-12-05,442361.5,立端,105.5,4193,False,6245
2022-12-05,2022-11-g011-2022-11-21-2468,2022-12-05,318775.2,華經,31.7,10056,False,2468
2022-12-05,2022-11-g015-2022-11-24-6643,2022-12-05,108332.0,M31,511.0,212,False,6643
2022-12-06,2022-11-g014-2022-11-18-6245,2022-12-06,452844.0,立端,108.0,4193,False,6245
2022-12-06,2022-11-g011-2022-11-21-2468,2022-12-06,305199.60000000003,華經,30.35,10056,False,2468
2022-12-06,2022-11-g015-2022-11-24-6643,2022-12-06,111512.0,M31,526.0,212,False,6643
2022-12-07,2022-11-g014-2022-11-18-6245,2022-12-07,436072.0,立端,104.0,4193,False,6245
2022-12-07,2022-11-g011-2022-11-21-2468,2022-12-07,296652.0,華經,29.5,10056,False,2468
2022-12-07,2022-11-g015-2022-11-24-6643,2022-12-07,103456.0,M31,488.0,212,False,6643
2022-12-08,2022-11-g014-2022-11-18-6245,2022-12-08,450747.5,立端,107.5,4193,False,6245
2022-12-08,2022-11-g011-2022-11-21-2468,2022-12-08,304696.8,華經,30.3,10056,False,2468
2022-12-08,2022-11-g015-2022-11-24-6643,2022-12-08,103986.0,M31,490.5,212,False,6643
2022-12-09,2022-11-g014-2022-11-18-6245,2022-12-09,452844.0,立端,108.0,4193,False,6245
2022-12-09,2022-11-g011-2022-11-21-2468,2022-12-09,301680.0,華經,30.0,10056,False,2468
2022-12-09,2022-11-g015-2022-11-24-6643,2022-12-09,107272.0,M31,506.0,212,False,6643
2022-12-12,2022-11-g014-2022-11-18-6245,2022-12-12,417203.5,立端,99.5,4193,False,6245
2022-12-12,2022-11-g011-2022-11-21-2468,2022-12-12,291624.0,華經,29.0,10056,False,2468
2022-12-12,2022-11-g015-2022-11-24-6643,2022-12-12,105894.0,M31,499.5,212,False,6643
2022-12-13,2022-11-g014-2022-11-18-6245,2022-12-13,406721.0,立端,97.0,4193,False,6245
2022-12-13,2022-11-g011-2022-11-21-2468,2022-12-13,282573.60000000003,華經,28.1,10056,False,2468
2022-12-13,2022-11-g015-2022-11-24-6643,2022-12-13,108120.0,M31,510.0,212,False,6643
2022-12-14,2022-11-g014-2022-11-18-6245,2022-12-14,427686.0,立端,102.0,4193,False,6245
2022-12-14,2022-11-g011-2022-11-21-2468,2022-12-14,283579.2,華經,28.2,10056,False,2468
2022-12-14,2022-11-g015-2022-11-24-6643,2022-12-14,118932.0,M31,561.0,212,False,6643
2022-12-15,2022-11-g014-2022-11-18-6245,2022-12-15,433975.5,立端,103.5,4193,False,6245
2022-12-15,2022-11-g011-2022-11-21-2468,2022-12-15,286093.2,華經,28.45,10056,False,2468
2022-12-15,2022-11-g015-2022-11-24-6643,2022-12-15,121476.0,M31,573.0,212,False,6643
2022-12-16,2022-11-g014-2022-11-18-6245,2022-12-16,421396.5,立端,100.5,4193,False,6245
2022-12-16,2022-11-g011-2022-11-21-2468,2022-12-16,272517.60000000003,華經,27.1,10056,False,2468
2022-12-16,2022-11-g015-2022-11-24-6643,2022-12-16,118932.0,M31,561.0,212,False,6643
2022-12-19,2022-11-g014-2022-11-18-6245,2022-12-19,431879.0,立端,103.0,4193,False,6245
2022-12-19,2022-11-g011-2022-11-21-2468,2022-12-19,270003.60000000003,華經,26.85,10056,False,2468
2022-12-19,2022-11-g015-2022-11-24-6643,2022-12-19,118508.0,M31,559.0,212,False,6643
2022-12-20,2022-11-g014-2022-11-18-6245,2022-12-20,414687.7,立端,98.9,4193,False,6245
2022-12-20,2022-11-g011-2022-11-21-2468,2022-12-20,937.8000000000001,華經,26.05,36,False,2468
2022-12-20,2022-11-g015-2022-11-24-6643,2022-12-20,111512.0,M31,526.0,212,False,6643
2022-12-21,2022-11-g014-2022-11-18-6245,2022-12-21,429782.5,立端,102.5,4193,False,6245
2022-12-21,2022-11-g015-2022-11-24-6643,2022-12-21,111300.0,M31,525.0,212,False,6643
2022-12-22,2022-11-g014-2022-11-18-6245,2022-12-22,414268.39999999997,立端,98.8,4193,False,6245
2022-12-22,2022-11-g015-2022-11-24-6643,2022-12-22,106848.0,M31,504.0,212,False,6643
2022-12-23,2022-11-g014-2022-11-18-6245,2022-12-23,384917.39999999997,立端,91.8,4193,False,6245
2022-12-23,2022-11-g015-2022-11-24-6643,2022-12-23,106848.0,M31,504.0,212,False,6643
2022-12-26,2022-11-g014-2022-11-18-6245,2022-12-26,386594.60000000003,立端,92.2,4193,False,6245
2022-12-26,2022-11-g015-2022-11-24-6643,2022-12-26,104940.0,M31,495.0,212,False,6643
2022-12-27,2022-11-g014-2022-11-18-6245,2022-12-27,397077.10000000003,立端,94.7,4193,False,6245
2022-12-27,2022-11-g015-2022-11-24-6643,2022-12-27,104834.0,M31,494.5,212,False,6643
2022-12-28,2022-11-g014-2022-11-18-6245,2022-12-28,381563.0,立端,91.0,4193,False,6245
2022-12-28,2022-11-g015-2022-11-24-6643,2022-12-28,101972.0,M31,481.0,212,False,6643
2022-12-29,2022-11-g014-2022-11-18-6245,2022-12-29,385756.0,立端,92.0,4193,False,6245
2022-12-29,2022-11-g015-2022-11-24-6643,2022-12-29,100700.0,M31,475.0,212,False,6643
2022-12-30,2022-11-g014-2022-11-18-6245,2022-12-30,385756.0,立端,92.0,4193,False,6245
2022-12-30,2022-11-g015-2022-11-24-6643,2022-12-30,96884.0,M31,457.0,212,False,6643
2023-01-03,2022-11-g014-2022-11-18-6245,2023-01-03,393303.39999999997,立端,93.8,4193,False,6245
2023-01-03,2022-11-g015-2022-11-24-6643,2023-01-03,101760.0,M31,480.0,212,False,6643
2023-01-04,2022-11-g014-2022-11-18-6245,2023-01-04,381982.3,立端,91.1,4193,False,6245
2023-01-04,2022-11-g015-2022-11-24-6643,2023-01-04,103668.0,M31,489.0,212,False,6643
2023-01-05,2022-11-g014-2022-11-18-6245,2023-01-05,388271.8,立端,92.6,4193,False,6245
2023-01-05,2022-11-g015-2022-11-24-6643,2023-01-05,99958.0,M31,471.5,212,False,6643
2023-01-06,2022-11-g014-2022-11-18-6245,2023-01-06,371499.8,立端,88.6,4193,False,6245
2023-01-06,2022-11-g015-2022-11-24-6643,2023-01-06,99322.0,M31,468.5,212,False,6643
2023-01-09,2022-11-g014-2022-11-18-6245,2023-01-09,377370.0,立端,90.0,4193,False,6245
2023-01-09,2022-11-g015-2022-11-24-6643,2023-01-09,104834.0,M31,494.5,212,False,6643
2023-01-10,2022-11-g014-2022-11-18-6245,2023-01-10,379047.2,立端,90.4,4193,False,6245
2023-01-10,2022-11-g015-2022-11-24-6643,2023-01-10,107908.0,M31,509.0,212,False,6643
2023-01-10,2023-01-g017-2023-01-09-2887,2023-01-10,333389.5,台新新光金,15.7,21235,False,2887
2023-01-11,2022-11-g014-2022-11-18-6245,2023-01-11,416784.2,立端,99.4,4193,False,6245
2023-01-11,2022-11-g015-2022-11-24-6643,2023-01-11,108120.0,M31,510.0,212,False,6643
2023-01-11,2023-01-g017-2023-01-09-2887,2023-01-11,331266.0,台新新光金,15.6,21235,False,2887
2023-01-12,2022-11-g014-2022-11-18-6245,2023-01-12,427686.0,立端,102.0,4193,False,6245
2023-01-12,2022-11-g015-2022-11-24-6643,2023-01-12,107060.0,M31,505.0,212,False,6643
2023-01-12,2023-01-g017-2023-01-09-2887,2023-01-12,330204.25,台新新光金,15.55,21235,False,2887
2023-01-13,2022-11-g014-2022-11-18-6245,2023-01-13,396657.8,立端,94.6,4193,False,6245
2023-01-13,2022-11-g015-2022-11-24-6643,2023-01-13,105364.0,M31,497.0,212,False,6643
2023-01-13,2023-01-g017-2023-01-09-2887,2023-01-13,333389.5,台新新光金,15.7,21235,False,2887
2023-01-16,2022-11-g014-2022-11-18-6245,2023-01-16,398335.0,立端,95.0,4193,False,6245
2023-01-16,2022-11-g015-2022-11-24-6643,2023-01-16,109180.0,M31,515.0,212,False,6643
2023-01-16,2023-01-g017-2023-01-09-2887,2023-01-16,335513.0,台新新光金,15.8,21235,False,2887
2023-01-17,2022-11-g014-2022-11-18-6245,2023-01-17,400431.5,立端,95.5,4193,False,6245
2023-01-17,2022-11-g015-2022-11-24-6643,2023-01-17,109816.0,M31,518.0,212,False,6643
2023-01-17,2023-01-g017-2023-01-09-2887,2023-01-17,335513.0,台新新光金,15.8,21235,False,2887
2023-01-30,2022-11-g014-2022-11-18-6245,2023-01-30,394142.0,立端,94.0,4193,False,6245
2023-01-30,2022-11-g015-2022-11-24-6643,2023-01-30,111088.0,M31,524.0,212,False,6643
2023-01-30,2023-01-g017-2023-01-09-2887,2023-01-30,354624.5,台新新光金,16.7,21235,False,2887
2023-01-31,2022-11-g014-2022-11-18-6245,2023-01-31,384917.39999999997,立端,91.8,4193,False,6245
2023-01-31,2022-11-g015-2022-11-24-6643,2023-01-31,112572.0,M31,531.0,212,False,6643
2023-01-31,2023-01-g017-2023-01-09-2887,2023-01-31,345068.75,台新新光金,16.25,21235,False,2887
2023-02-01,2022-11-g014-2022-11-18-6245,2023-02-01,389949.0,立端,93.0,4193,False,6245
2023-02-01,2022-11-g015-2022-11-24-6643,2023-02-01,113632.0,M31,536.0,212,False,6643
2023-02-01,2023-01-g017-2023-01-09-2887,2023-02-01,345068.75,台新新光金,16.25,21235,False,2887
2023-02-02,2022-11-g014-2022-11-18-6245,2023-02-02,394561.3,立端,94.1,4193,False,6245
2023-02-02,2022-11-g015-2022-11-24-6643,2023-02-02,114480.0,M31,540.0,212,False,6643
2023-02-02,2023-01-g017-2023-01-09-2887,2023-02-02,345068.75,台新新光金,16.25,21235,False,2887
2023-02-03,2022-11-g014-2022-11-18-6245,2023-02-03,423493.0,立端,101.0,4193,False,6245
2023-02-03,2022-11-g015-2022-11-24-6643,2023-02-03,114904.0,M31,542.0,212,False,6643
2023-02-03,2023-01-g017-2023-01-09-2887,2023-02-03,346130.5,台新新光金,16.3,21235,False,2887
2023-02-06,2022-11-g014-2022-11-18-6245,2023-02-06,399173.60000000003,立端,95.2,4193,False,6245
2023-02-06,2022-11-g015-2022-11-24-6643,2023-02-06,111512.0,M31,526.0,212,False,6643
2023-02-06,2023-01-g017-2023-01-09-2887,2023-02-06,342945.24999999994,台新新光金,16.15,21235,False,2887
2023-02-07,2022-11-g014-2022-11-18-6245,2023-02-07,417203.5,立端,99.5,4193,False,6245
2023-02-07,2022-11-g015-2022-11-24-6643,2023-02-07,113420.0,M31,535.0,212,False,6643
2023-02-07,2023-01-g017-2023-01-09-2887,2023-02-07,341883.50000000006,台新新光金,16.1,21235,False,2887
2023-02-08,2022-11-g014-2022-11-18-6245,2023-02-08,423493.0,立端,101.0,4193,False,6245
2023-02-08,2022-11-g015-2022-11-24-6643,2023-02-08,120204.0,M31,567.0,212,False,6643
2023-02-08,2023-01-g017-2023-01-09-2887,2023-02-08,341883.50000000006,台新新光金,16.1,21235,False,2887
2023-02-09,2022-11-g014-2022-11-18-6245,2023-02-09,440265.0,立端,105.0,4193,False,6245
2023-02-09,2022-11-g015-2022-11-24-6643,2023-02-09,132076.0,M31,623.0,212,False,6643
2023-02-09,2023-01-g017-2023-01-09-2887,2023-02-09,344007.0,台新新光金,16.2,21235,False,2887
2023-02-10,2022-11-g014-2022-11-18-6245,2023-02-10,429782.5,立端,102.5,4193,False,6245
2023-02-10,2022-11-g015-2022-11-24-6643,2023-02-10,126140.0,M31,595.0,212,False,6643
2023-02-10,2023-01-g017-2023-01-09-2887,2023-02-10,342945.24999999994,台新新光金,16.15,21235,False,2887
2023-02-13,2022-11-g014-2022-11-18-6245,2023-02-13,444458.0,立端,106.0,4193,False,6245
2023-02-13,2022-11-g015-2022-11-24-6643,2023-02-13,126564.0,M31,597.0,212,False,6643
2023-02-13,2023-01-g017-2023-01-09-2887,2023-02-13,346130.5,台新新光金,16.3,21235,False,2887
2023-02-14,2022-11-g014-2022-11-18-6245,2023-02-14,431879.0,立端,103.0,4193,False,6245
2023-02-14,2022-11-g015-2022-11-24-6643,2023-02-14,121900.0,M31,575.0,212,False,6643
2023-02-14,2023-01-g017-2023-01-09-2887,2023-02-14,347192.25000000006,台新新光金,16.35,21235,False,2887
2023-02-15,2022-11-g014-2022-11-18-6245,2023-02-15,438168.5,立端,104.5,4193,False,6245
2023-02-15,2022-11-g015-2022-11-24-6643,2023-02-15,120628.0,M31,569.0,212,False,6643
2023-02-15,2023-01-g017-2023-01-09-2887,2023-02-15,345068.75,台新新光金,16.25,21235,False,2887
2023-02-16,2022-11-g014-2022-11-18-6245,2023-02-16,442361.5,立端,105.5,4193,False,6245
2023-02-16,2022-11-g015-2022-11-24-6643,2023-02-16,125292.0,M31,591.0,212,False,6643
2023-02-16,2023-01-g017-2023-01-09-2887,2023-02-16,345068.75,台新新光金,16.25,21235,False,2887
2023-02-17,2022-11-g014-2022-11-18-6245,2023-02-17,480098.5,立端,114.5,4193,False,6245
2023-02-17,2022-11-g015-2022-11-24-6643,2023-02-17,126352.0,M31,596.0,212,False,6643
2023-02-17,2023-01-g017-2023-01-09-2887,2023-02-17,348253.99999999994,台新新光金,16.4,21235,False,2887
2023-02-20,2022-11-g014-2022-11-18-6245,2023-02-20,488484.5,立端,116.5,4193,False,6245
2023-02-20,2022-11-g015-2022-11-24-6643,2023-02-20,124656.0,M31,588.0,212,False,6643
2023-02-20,2023-01-g017-2023-01-09-2887,2023-02-20,352501.00000000006,台新新光金,16.6,21235,False,2887
2023-02-21,2022-11-g014-2022-11-18-6245,2023-02-21,488484.5,立端,116.5,4193,False,6245
2023-02-21,2022-11-g015-2022-11-24-6643,2023-02-21,127200.0,M31,600.0,212,False,6643
2023-02-21,2023-01-g017-2023-01-09-2887,2023-02-21,351439.25,台新新光金,16.55,21235,False,2887
2023-02-22,2022-11-g014-2022-11-18-6245,2023-02-22,467519.5,立端,111.5,4193,False,6245
2023-02-22,2022-11-g015-2022-11-24-6643,2023-02-22,114904.0,M31,542.0,212,False,6643
2023-02-22,2023-01-g017-2023-01-09-2887,2023-02-22,351439.25,台新新光金,16.55,21235,False,2887
2023-02-23,2022-11-g014-2022-11-18-6245,2023-02-23,480098.5,立端,114.5,4193,False,6245
2023-02-23,2022-11-g015-2022-11-24-6643,2023-02-23,122536.0,M31,578.0,212,False,6643
2023-02-23,2023-01-g017-2023-01-09-2887,2023-02-23,351439.25,台新新光金,16.55,21235,False,2887
2023-02-24,2022-11-g014-2022-11-18-6245,2023-02-24,459133.5,立端,109.5,4193,False,6245
2023-02-24,2022-11-g015-2022-11-24-6643,2023-02-24,127200.0,M31,600.0,212,False,6643
2023-02-24,2023-01-g017-2023-01-09-2887,2023-02-24,349315.75,台新新光金,16.45,21235,False,2887
2023-03-01,2022-11-g014-2022-11-18-6245,2023-03-01,473809.0,立端,113.0,4193,False,6245
2023-03-01,2022-11-g015-2022-11-24-6643,2023-03-01,127412.0,M31,601.0,212,False,6643
2023-03-01,2023-01-g017-2023-01-09-2887,2023-03-01,347192.25000000006,台新新光金,16.35,21235,False,2887
2023-03-02,2022-11-g014-2022-11-18-6245,2023-03-02,488484.5,立端,116.5,4193,False,6245
2023-03-02,2022-11-g015-2022-11-24-6643,2023-03-02,124656.0,M31,588.0,212,False,6643
2023-03-02,2023-01-g017-2023-01-09-2887,2023-03-02,347192.25000000006,台新新光金,16.35,21235,False,2887
2023-03-03,2022-11-g015-2022-11-24-6643,2023-03-03,124020.0,M31,585.0,212,False,6643
2023-03-03,2023-01-g017-2023-01-09-2887,2023-03-03,346130.5,台新新光金,16.3,21235,False,2887
2023-03-06,2022-11-g015-2022-11-24-6643,2023-03-06,126988.0,M31,599.0,212,False,6643
2023-03-06,2023-01-g017-2023-01-09-2887,2023-03-06,348253.99999999994,台新新光金,16.4,21235,False,2887
2023-03-07,2022-11-g015-2022-11-24-6643,2023-03-07,128048.0,M31,604.0,212,False,6643
2023-03-07,2023-01-g017-2023-01-09-2887,2023-03-07,350377.5,台新新光金,16.5,21235,False,2887
2023-03-07,2023-03-g003-2023-03-06-8222,2023-03-07,389865.0,寶一,35.0,11139,False,8222
2023-03-08,2022-11-g015-2022-11-24-6643,2023-03-08,129744.0,M31,612.0,212,False,6643
2023-03-08,2023-01-g017-2023-01-09-2887,2023-03-08,350377.5,台新新光金,16.5,21235,False,2887
2023-03-08,2023-03-g003-2023-03-06-8222,2023-03-08,428851.5,寶一,38.5,11139,False,8222
2023-03-09,2023-01-g017-2023-01-09-2887,2023-03-09,349315.75,台新新光金,16.45,21235,False,2887
2023-03-09,2023-03-g003-2023-03-06-8222,2023-03-09,428851.5,寶一,38.5,11139,False,8222
2023-03-10,2023-01-g017-2023-01-09-2887,2023-03-10,342945.24999999994,台新新光金,16.15,21235,False,2887
2023-03-10,2023-03-g003-2023-03-06-8222,2023-03-10,406016.55000000005,寶一,36.45,11139,False,8222
2023-03-10,2023-03-g006-2023-03-09-2457,2023-03-10,407916.2,飛宏,56.6,7207,False,2457
2023-03-13,2023-01-g017-2023-01-09-2887,2023-03-13,342945.24999999994,台新新光金,16.15,21235,False,2887
2023-03-13,2023-03-g003-2023-03-06-8222,2023-03-13,409358.25,寶一,36.75,11139,False,8222
2023-03-13,2023-03-g006-2023-03-09-2457,2023-03-13,405033.4,飛宏,56.2,7207,False,2457
2023-03-14,2023-01-g017-2023-01-09-2887,2023-03-14,336574.75,台新新光金,15.85,21235,False,2887
2023-03-14,2023-03-g003-2023-03-06-8222,2023-03-14,421054.19999999995,寶一,37.8,11139,False,8222
2023-03-14,2023-03-g006-2023-03-09-2457,2023-03-14,420888.8,飛宏,58.4,7207,False,2457
2023-03-15,2023-01-g017-2023-01-09-2887,2023-03-15,336574.75,台新新光金,15.85,21235,False,2887
2023-03-15,2023-03-g003-2023-03-06-8222,2023-03-15,425509.80000000005,寶一,38.2,11139,False,8222
2023-03-15,2023-03-g006-2023-03-09-2457,2023-03-15,426654.4,飛宏,59.2,7207,False,2457
2023-03-16,2023-01-g017-2023-01-09-2887,2023-03-16,331266.0,台新新光金,15.6,21235,False,2887
2023-03-16,2023-03-g003-2023-03-06-8222,2023-03-16,412143.0,寶一,37.0,11139,False,8222
2023-03-16,2023-03-g006-2023-03-09-2457,2023-03-16,421609.5,飛宏,58.5,7207,False,2457
2023-03-17,2023-01-g017-2023-01-09-2887,2023-03-17,339760.0,台新新光金,16.0,21235,False,2887
2023-03-17,2023-03-g003-2023-03-06-8222,2023-03-17,426623.69999999995,寶一,38.3,11139,False,8222
2023-03-17,2023-03-g006-2023-03-09-2457,2023-03-17,425933.7,飛宏,59.1,7207,False,2457
2023-03-20,2023-01-g017-2023-01-09-2887,2023-03-20,338698.25,台新新光金,15.95,21235,False,2887
2023-03-20,2023-03-g003-2023-03-06-8222,2023-03-20,431079.30000000005,寶一,38.7,11139,False,8222
2023-03-20,2023-03-g006-2023-03-09-2457,2023-03-20,428816.5,飛宏,59.5,7207,False,2457
2023-03-21,2023-01-g017-2023-01-09-2887,2023-03-21,340821.75,台新新光金,16.05,21235,False,2887
2023-03-21,2023-03-g003-2023-03-06-8222,2023-03-21,423838.94999999995,寶一,38.05,11139,False,8222
2023-03-21,2023-03-g006-2023-03-09-2457,2023-03-21,440347.7,飛宏,61.1,7207,False,2457
2023-03-22,2023-01-g017-2023-01-09-2887,2023-03-22,346130.5,台新新光金,16.3,21235,False,2887
2023-03-22,2023-03-g003-2023-03-06-8222,2023-03-22,420497.25,寶一,37.75,11139,False,8222
2023-03-22,2023-03-g006-2023-03-09-2457,2023-03-22,425213.0,飛宏,59.0,7207,False,2457
2023-03-23,2023-01-g017-2023-01-09-2887,2023-03-23,350377.5,台新新光金,16.5,21235,False,2887
2023-03-23,2023-03-g003-2023-03-06-8222,2023-03-23,429965.4,寶一,38.6,11139,False,8222
2023-03-23,2023-03-g006-2023-03-09-2457,2023-03-23,428816.5,飛宏,59.5,7207,False,2457
2023-03-24,2023-01-g017-2023-01-09-2887,2023-03-24,350377.5,台新新光金,16.5,21235,False,2887
2023-03-24,2023-03-g003-2023-03-06-8222,2023-03-24,438319.65,寶一,39.35,11139,False,8222
2023-03-24,2023-03-g006-2023-03-09-2457,2023-03-24,432420.0,飛宏,60.0,7207,False,2457
2023-03-27,2023-01-g017-2023-01-09-2887,2023-03-27,349315.75,台新新光金,16.45,21235,False,2887
2023-03-27,2023-03-g003-2023-03-06-8222,2023-03-27,461154.6,寶一,41.4,11139,False,8222
2023-03-27,2023-03-g006-2023-03-09-2457,2023-03-27,430978.6,飛宏,59.8,7207,False,2457
2023-03-28,2023-01-g017-2023-01-09-2887,2023-03-28,348253.99999999994,台新新光金,16.4,21235,False,2887
2023-03-28,2023-03-g003-2023-03-06-8222,2023-03-28,438319.65,寶一,39.35,11139,False,8222
2023-03-28,2023-03-g006-2023-03-09-2457,2023-03-28,426654.4,飛宏,59.2,7207,False,2457
2023-03-29,2023-01-g017-2023-01-09-2887,2023-03-29,348253.99999999994,台新新光金,16.4,21235,False,2887
2023-03-29,2023-03-g003-2023-03-06-8222,2023-03-29,431079.30000000005,寶一,38.7,11139,False,8222
2023-03-29,2023-03-g006-2023-03-09-2457,2023-03-29,430978.6,飛宏,59.8,7207,False,2457
2023-03-30,2023-01-g017-2023-01-09-2887,2023-03-30,348253.99999999994,台新新光金,16.4,21235,False,2887
2023-03-30,2023-03-g003-2023-03-06-8222,2023-03-30,434977.94999999995,寶一,39.05,11139,False,8222
2023-03-30,2023-03-g006-2023-03-09-2457,2023-03-30,438185.6,飛宏,60.8,7207,False,2457
2023-03-31,2023-01-g017-2023-01-09-2887,2023-03-31,352501.00000000006,台新新光金,16.6,21235,False,2887
2023-03-31,2023-03-g003-2023-03-06-8222,2023-03-31,430522.35,寶一,38.65,11139,False,8222
2023-03-31,2023-03-g006-2023-03-09-2457,2023-03-31,434582.1,飛宏,60.3,7207,False,2457
2023-04-06,2023-01-g017-2023-01-09-2887,2023-04-06,353562.74999999994,台新新光金,16.65,21235,False,2887
2023-04-06,2023-03-g003-2023-03-06-8222,2023-04-06,447787.80000000005,寶一,40.2,11139,False,8222
2023-04-06,2023-03-g006-2023-03-09-2457,2023-04-06,443951.2,飛宏,61.6,7207,False,2457
2023-04-07,2023-01-g017-2023-01-09-2887,2023-04-07,353562.74999999994,台新新光金,16.65,21235,False,2887
2023-04-07,2023-03-g003-2023-03-06-8222,2023-04-07,441104.4,寶一,39.6,11139,False,8222
2023-04-07,2023-03-g006-2023-03-09-2457,2023-04-07,450437.5,飛宏,62.5,7207,False,2457
2023-04-10,2023-01-g017-2023-01-09-2887,2023-04-10,354624.5,台新新光金,16.7,21235,False,2887
2023-04-10,2023-03-g003-2023-03-06-8222,2023-04-10,450572.55000000005,寶一,40.45,11139,False,8222
2023-04-10,2023-03-g006-2023-03-09-2457,2023-04-10,479986.19999999995,飛宏,66.6,7207,False,2457
2023-04-11,2023-01-g017-2023-01-09-2887,2023-04-11,356748.0,台新新光金,16.8,21235,False,2887
2023-04-11,2023-03-g003-2023-03-06-8222,2023-04-11,450015.6,寶一,40.4,11139,False,8222
2023-04-11,2023-03-g006-2023-03-09-2457,2023-04-11,477824.1,飛宏,66.3,7207,False,2457
2023-04-12,2023-01-g017-2023-01-09-2887,2023-04-12,359933.25,台新新光金,16.95,21235,False,2887
2023-04-12,2023-03-g003-2023-03-06-8222,2023-04-12,469508.85,寶一,42.15,11139,False,8222
2023-04-12,2023-03-g006-2023-03-09-2457,2023-04-12,477824.1,飛宏,66.3,7207,False,2457
2023-04-13,2023-01-g017-2023-01-09-2887,2023-04-13,363118.50000000006,台新新光金,17.1,21235,False,2887
2023-04-13,2023-03-g003-2023-03-06-8222,2023-04-13,516292.65,寶一,46.35,11139,False,8222
2023-04-13,2023-03-g006-2023-03-09-2457,2023-04-13,485031.1,飛宏,67.3,7207,False,2457
2023-04-14,2023-01-g017-2023-01-09-2887,2023-04-14,364180.24999999994,台新新光金,17.15,21235,False,2887
2023-04-14,2023-03-g003-2023-03-06-8222,2023-04-14,528545.55,寶一,47.45,11139,False,8222
2023-04-14,2023-03-g006-2023-03-09-2457,2023-04-14,497283.0,飛宏,69.0,7207,False,2457
2023-04-17,2023-01-g017-2023-01-09-2887,2023-04-17,365242.0,台新新光金,17.2,21235,False,2887
2023-04-17,2023-03-g003-2023-03-06-8222,2023-04-17,580341.9,寶一,52.1,11139,False,8222
2023-04-17,2023-03-g006-2023-03-09-2457,2023-04-17,547011.3,飛宏,75.9,7207,False,2457
2023-04-18,2023-01-g017-2023-01-09-2887,2023-04-18,366303.75,台新新光金,17.25,21235,False,2887
2023-04-18,2023-03-g003-2023-03-06-8222,2023-04-18,638264.7,寶一,57.3,11139,False,8222
2023-04-18,2023-03-g006-2023-03-09-2457,2023-04-18,550614.8,飛宏,76.4,7207,False,2457
2023-04-19,2023-01-g017-2023-01-09-2887,2023-04-19,364180.24999999994,台新新光金,17.15,21235,False,2887
2023-04-19,2023-03-g003-2023-03-06-8222,2023-04-19,650517.6,寶一,58.4,11139,False,8222
2023-04-19,2023-03-g006-2023-03-09-2457,2023-04-19,560704.6,飛宏,77.8,7207,False,2457
2023-04-20,2023-01-g017-2023-01-09-2887,2023-04-20,362056.75,台新新光金,17.05,21235,False,2887
2023-04-20,2023-03-g003-2023-03-06-8222,2023-04-20,601506.0,寶一,54.0,11139,False,8222
2023-04-20,2023-03-g006-2023-03-09-2457,2023-04-20,537642.2,飛宏,74.6,7207,False,2457
2023-04-21,2023-01-g017-2023-01-09-2887,2023-04-21,364180.24999999994,台新新光金,17.15,21235,False,2887
2023-04-21,2023-03-g003-2023-03-06-8222,2023-04-21,584797.5,寶一,52.5,11139,False,8222
2023-04-21,2023-03-g006-2023-03-09-2457,2023-04-21,522507.5,飛宏,72.5,7207,False,2457
2023-04-24,2023-01-g017-2023-01-09-2887,2023-04-24,365242.0,台新新光金,17.2,21235,False,2887
2023-04-24,2023-03-g003-2023-03-06-8222,2023-04-24,601506.0,寶一,54.0,11139,False,8222
2023-04-24,2023-03-g006-2023-03-09-2457,2023-04-24,528273.1,飛宏,73.3,7207,False,2457
2023-04-25,2023-01-g017-2023-01-09-2887,2023-04-25,363118.50000000006,台新新光金,17.1,21235,False,2887
2023-04-25,2023-03-g003-2023-03-06-8222,2023-04-25,661656.6,寶一,59.4,11139,False,8222
2023-04-25,2023-03-g006-2023-03-09-2457,2023-04-25,523948.9,飛宏,72.7,7207,False,2457
2023-04-26,2023-03-g003-2023-03-06-8222,2023-04-26,633809.1,寶一,56.9,11139,False,8222
2023-04-26,2023-03-g006-2023-03-09-2457,2023-04-26,518183.30000000005,飛宏,71.9,7207,False,2457
2023-04-27,2023-03-g003-2023-03-06-8222,2023-04-27,696187.5,寶一,62.5,11139,False,8222
2023-04-27,2023-03-g006-2023-03-09-2457,2023-04-27,518183.30000000005,飛宏,71.9,7207,False,2457
2023-04-28,2023-03-g003-2023-03-06-8222,2023-04-28,714009.8999999999,寶一,64.1,11139,False,8222
2023-04-28,2023-03-g006-2023-03-09-2457,2023-04-28,529714.5,飛宏,73.5,7207,False,2457
2023-05-02,2023-03-g003-2023-03-06-8222,2023-05-02,718465.5,寶一,64.5,11139,False,8222
2023-05-02,2023-03-g006-2023-03-09-2457,2023-05-02,551335.5,飛宏,76.5,7207,False,2457
2023-05-03,2023-03-g003-2023-03-06-8222,2023-05-03,732946.2,寶一,65.8,11139,False,8222
2023-05-03,2023-03-g006-2023-03-09-2457,2023-05-03,547732.0,飛宏,76.0,7207,False,2457
2023-05-04,2023-03-g003-2023-03-06-8222,2023-05-04,714009.8999999999,寶一,64.1,11139,False,8222
2023-05-04,2023-03-g006-2023-03-09-2457,2023-05-04,533318.0,飛宏,74.0,7207,False,2457
2023-05-05,2023-03-g003-2023-03-06-8222,2023-05-05,698415.3,寶一,62.7,11139,False,8222
2023-05-05,2023-03-g006-2023-03-09-2457,2023-05-05,513138.4,飛宏,71.2,7207,False,2457
2023-05-05,2023-05-g008-2023-05-04-2206,2023-05-05,428904.0,三陽工業,59.2,7245,False,2206
2023-05-08,2023-03-g003-2023-03-06-8222,2023-05-08,679479.0,寶一,61.0,11139,False,8222
2023-05-08,2023-03-g006-2023-03-09-2457,2023-05-08,531876.6,飛宏,73.8,7207,False,2457
2023-05-08,2023-05-g008-2023-05-04-2206,2023-05-08,435424.5,三陽工業,60.1,7245,False,2206
2023-05-09,2023-03-g003-2023-03-06-8222,2023-05-09,649403.7,寶一,58.3,11139,False,8222
2023-05-09,2023-03-g006-2023-03-09-2457,2023-05-09,516741.9,飛宏,71.7,7207,False,2457
2023-05-09,2023-05-g008-2023-05-04-2206,2023-05-09,421659.0,三陽工業,58.2,7245,False,2206
2023-05-10,2023-03-g003-2023-03-06-8222,2023-05-10,640492.5,寶一,57.5,11139,False,8222
2023-05-10,2023-03-g006-2023-03-09-2457,2023-05-10,504490.0,飛宏,70.0,7207,False,2457
2023-05-10,2023-05-g008-2023-05-04-2206,2023-05-10,429628.5,三陽工業,59.3,7245,False,2206
2023-05-11,2023-03-g003-2023-03-06-8222,2023-05-11,614872.8,寶一,55.2,11139,False,8222
2023-05-11,2023-03-g006-2023-03-09-2457,2023-05-11,496562.30000000005,飛宏,68.9,7207,False,2457
2023-05-11,2023-05-g008-2023-05-04-2206,2023-05-11,415863.0,三陽工業,57.4,7245,False,2206
2023-05-12,2023-03-g003-2023-03-06-8222,2023-05-12,611531.1,寶一,54.9,11139,False,8222
2023-05-12,2023-03-g006-2023-03-09-2457,2023-05-12,527552.4,飛宏,73.2,7207,False,2457
2023-05-12,2023-05-g008-2023-05-04-2206,2023-05-12,431077.5,三陽工業,59.5,7245,False,2206
2023-05-15,2023-03-g003-2023-03-06-8222,2023-05-15,598164.3,寶一,53.7,11139,False,8222
2023-05-15,2023-03-g006-2023-03-09-2457,2023-05-15,523948.9,飛宏,72.7,7207,False,2457
2023-05-15,2023-05-g008-2023-05-04-2206,2023-05-15,444118.5,三陽工業,61.3,7245,False,2206
2023-05-16,2023-03-g003-2023-03-06-8222,2023-05-16,590367.0,寶一,53.0,11139,False,8222
2023-05-16,2023-03-g006-2023-03-09-2457,2023-05-16,536200.8,飛宏,74.4,7207,False,2457
2023-05-16,2023-05-g008-2023-05-04-2206,2023-05-16,440496.0,三陽工業,60.8,7245,False,2206
2023-05-17,2023-03-g003-2023-03-06-8222,2023-05-17,649403.7,寶一,58.3,11139,False,8222
2023-05-17,2023-03-g006-2023-03-09-2457,2023-05-17,534038.7,飛宏,74.1,7207,False,2457
2023-05-17,2023-05-g008-2023-05-04-2206,2023-05-17,480343.5,三陽工業,66.3,7245,False,2206
2023-05-18,2023-03-g003-2023-03-06-8222,2023-05-18,666112.2,寶一,59.8,11139,False,8222
2023-05-18,2023-03-g006-2023-03-09-2457,2023-05-18,546290.6,飛宏,75.8,7207,False,2457
2023-05-18,2023-05-g008-2023-05-04-2206,2023-05-18,497006.99999999994,三陽工業,68.6,7245,False,2206
2023-05-19,2023-03-g003-2023-03-06-8222,2023-05-19,671681.7,寶一,60.3,11139,False,8222
2023-05-19,2023-03-g006-2023-03-09-2457,2023-05-19,527552.4,飛宏,73.2,7207,False,2457
2023-05-19,2023-05-g008-2023-05-04-2206,2023-05-19,507150.0,三陽工業,70.0,7245,False,2206
2023-05-22,2023-03-g003-2023-03-06-8222,2023-05-22,682820.7,寶一,61.3,11139,False,8222
2023-05-22,2023-03-g006-2023-03-09-2457,2023-05-22,542687.1,飛宏,75.3,7207,False,2457
2023-05-22,2023-05-g008-2023-05-04-2206,2023-05-22,520915.50000000006,三陽工業,71.9,7245,False,2206
2023-05-23,2023-03-g003-2023-03-06-8222,2023-05-23,693959.7,寶一,62.3,11139,False,8222
2023-05-23,2023-03-g006-2023-03-09-2457,2023-05-23,544128.5,飛宏,75.5,7207,False,2457
2023-05-23,2023-05-g008-2023-05-04-2206,2023-05-23,525262.5,三陽工業,72.5,7245,False,2206
2023-05-24,2023-03-g003-2023-03-06-8222,2023-05-24,703984.8,寶一,63.2,11139,False,8222
2023-05-24,2023-03-g006-2023-03-09-2457,2023-05-24,546290.6,飛宏,75.8,7207,False,2457
2023-05-24,2023-05-g008-2023-05-04-2206,2023-05-24,523813.5,三陽工業,72.3,7245,False,2206
2023-05-25,2023-03-g003-2023-03-06-8222,2023-05-25,676137.3,寶一,60.7,11139,False,8222
2023-05-25,2023-03-g006-2023-03-09-2457,2023-05-25,536921.5,飛宏,74.5,7207,False,2457
2023-05-25,2023-05-g008-2023-05-04-2206,2023-05-25,518017.5,三陽工業,71.5,7245,False,2206
2023-05-26,2023-03-g003-2023-03-06-8222,2023-05-26,652745.4,寶一,58.6,11139,False,8222
2023-05-26,2023-03-g006-2023-03-09-2457,2023-05-26,531155.9,飛宏,73.7,7207,False,2457
2023-05-26,2023-05-g008-2023-05-04-2206,2023-05-26,508599.0,三陽工業,70.2,7245,False,2206
2023-05-29,2023-03-g003-2023-03-06-8222,2023-05-29,681706.8,寶一,61.2,11139,False,8222
2023-05-29,2023-03-g006-2023-03-09-2457,2023-05-29,550614.8,飛宏,76.4,7207,False,2457
2023-05-29,2023-05-g008-2023-05-04-2206,2023-05-29,537579.0,三陽工業,74.2,7245,False,2206
2023-05-30,2023-03-g003-2023-03-06-8222,2023-05-30,668340.0,寶一,60.0,11139,False,8222
2023-05-30,2023-03-g006-2023-03-09-2457,2023-05-30,552056.2,飛宏,76.6,7207,False,2457
2023-05-30,2023-05-g008-2023-05-04-2206,2023-05-30,539752.5,三陽工業,74.5,7245,False,2206
2023-05-31,2023-03-g003-2023-03-06-8222,2023-05-31,676137.3,寶一,60.7,11139,False,8222
2023-05-31,2023-03-g006-2023-03-09-2457,2023-05-31,565028.8,飛宏,78.4,7207,False,2457
2023-05-31,2023-05-g008-2023-05-04-2206,2023-05-31,576702.0,三陽工業,79.6,7245,False,2206
2023-06-01,2023-03-g003-2023-03-06-8222,2023-06-01,682820.7,寶一,61.3,11139,False,8222
2023-06-01,2023-03-g006-2023-03-09-2457,2023-06-01,590253.3,飛宏,81.9,7207,False,2457
2023-06-01,2023-05-g008-2023-05-04-2206,2023-06-01,580324.5,三陽工業,80.1,7245,False,2206
2023-06-02,2023-03-g003-2023-03-06-8222,2023-06-02,676137.3,寶一,60.7,11139,False,8222
2023-06-02,2023-03-g006-2023-03-09-2457,2023-06-02,601063.8,飛宏,83.4,7207,False,2457
2023-06-02,2023-05-g008-2023-05-04-2206,2023-06-02,638284.5,三陽工業,88.1,7245,False,2206
2023-06-05,2023-03-g003-2023-03-06-8222,2023-06-05,681706.8,寶一,61.2,11139,False,8222
2023-06-05,2023-03-g006-2023-03-09-2457,2023-06-05,617639.9,飛宏,85.7,7207,False,2457
2023-06-05,2023-05-g008-2023-05-04-2206,2023-06-05,653499.0,三陽工業,90.2,7245,False,2206
2023-06-06,2023-03-g003-2023-03-06-8222,2023-06-06,688390.2,寶一,61.8,11139,False,8222
2023-06-06,2023-03-g006-2023-03-09-2457,2023-06-06,595298.2,飛宏,82.6,7207,False,2457
2023-06-06,2023-05-g008-2023-05-04-2206,2023-06-06,662917.5,三陽工業,91.5,7245,False,2206
2023-06-07,2023-03-g003-2023-03-06-8222,2023-06-07,687276.3,寶一,61.7,11139,False,8222
2023-06-07,2023-03-g006-2023-03-09-2457,2023-06-07,587370.5,飛宏,81.5,7207,False,2457
2023-06-07,2023-05-g008-2023-05-04-2206,2023-06-07,684652.5,三陽工業,94.5,7245,False,2206
2023-06-08,2023-03-g006-2023-03-09-2457,2023-06-08,568632.3,飛宏,78.9,7207,False,2457
2023-06-08,2023-05-g008-2023-05-04-2206,2023-06-08,667989.0,三陽工業,92.2,7245,False,2206
2023-06-09,2023-03-g006-2023-03-09-2457,2023-06-09,569353.0,飛宏,79.0,7207,False,2457
2023-06-09,2023-05-g008-2023-05-04-2206,2023-06-09,708561.0,三陽工業,97.8,7245,False,2206
2023-06-09,2023-06-g020-2023-06-08-3014,2023-06-09,590437.5,聯陽,117.5,5025,False,3014
2023-06-12,2023-03-g006-2023-03-09-2457,2023-06-12,565749.5,飛宏,78.5,7207,False,2457
2023-06-12,2023-05-g008-2023-05-04-2206,2023-06-12,675234.0,三陽工業,93.2,7245,False,2206
2023-06-12,2023-06-g020-2023-06-08-3014,2023-06-12,587925.0,聯陽,117.0,5025,False,3014
2023-06-13,2023-05-g008-2023-05-04-2206,2023-06-13,670887.0,三陽工業,92.6,7245,False,2206
2023-06-13,2023-06-g020-2023-06-08-3014,2023-06-13,618075.0,聯陽,123.0,5025,False,3014
2023-06-14,2023-05-g008-2023-05-04-2206,2023-06-14,664366.5,三陽工業,91.7,7245,False,2206
2023-06-14,2023-06-g020-2023-06-08-3014,2023-06-14,613050.0,聯陽,122.0,5025,False,3014
2023-06-15,2023-05-g008-2023-05-04-2206,2023-06-15,671611.5,三陽工業,92.7,7245,False,2206
2023-06-15,2023-06-g020-2023-06-08-3014,2023-06-15,610537.5,聯陽,121.5,5025,False,3014
2023-06-15,2023-06-g008-2023-06-14-3260,2023-06-15,554983.7999999999,威剛,87.8,6321,False,3260
2023-06-16,2023-05-g008-2023-05-04-2206,2023-06-16,665091.0,三陽工業,91.8,7245,False,2206
2023-06-16,2023-06-g020-2023-06-08-3014,2023-06-16,613050.0,聯陽,122.0,5025,False,3014
2023-06-16,2023-06-g008-2023-06-14-3260,2023-06-16,582164.1,威剛,92.1,6321,False,3260
2023-06-19,2023-05-g008-2023-05-04-2206,2023-06-19,674509.5,三陽工業,93.1,7245,False,2206
2023-06-19,2023-06-g020-2023-06-08-3014,2023-06-19,608025.0,聯陽,121.0,5025,False,3014
2023-06-19,2023-06-g008-2023-06-14-3260,2023-06-19,584692.5,威剛,92.5,6321,False,3260
2023-06-20,2023-05-g008-2023-05-04-2206,2023-06-20,662917.5,三陽工業,91.5,7245,False,2206
2023-06-20,2023-06-g020-2023-06-08-3014,2023-06-20,567825.0,聯陽,113.0,5025,False,3014
2023-06-20,2023-06-g008-2023-06-14-3260,2023-06-20,571418.4,威剛,90.4,6321,False,3260
2023-06-21,2023-05-g008-2023-05-04-2206,2023-06-21,660019.5,三陽工業,91.1,7245,False,2206
2023-06-21,2023-06-g020-2023-06-08-3014,2023-06-21,582900.0,聯陽,116.0,5025,False,3014
2023-06-21,2023-06-g008-2023-06-14-3260,2023-06-21,572682.6,威剛,90.6,6321,False,3260
2023-06-26,2023-05-g008-2023-05-04-2206,2023-06-26,639733.5,三陽工業,88.3,7245,False,2206
2023-06-26,2023-06-g020-2023-06-08-3014,2023-06-26,565312.5,聯陽,112.5,5025,False,3014
2023-06-26,2023-06-g008-2023-06-14-3260,2023-06-26,549294.9,威剛,86.9,6321,False,3260
2023-06-27,2023-05-g008-2023-05-04-2206,2023-06-27,615825.0,三陽工業,85.0,7245,False,2206
2023-06-27,2023-06-g020-2023-06-08-3014,2023-06-27,545212.5,聯陽,108.5,5025,False,3014
2023-06-27,2023-06-g008-2023-06-14-3260,2023-06-27,546134.4,威剛,86.4,6321,False,3260
2023-06-28,2023-05-g008-2023-05-04-2206,2023-06-28,625243.5,三陽工業,86.3,7245,False,2206
2023-06-28,2023-06-g020-2023-06-08-3014,2023-06-28,557775.0,聯陽,111.0,5025,False,3014
2023-06-28,2023-06-g008-2023-06-14-3260,2023-06-28,557512.2000000001,威剛,88.2,6321,False,3260
2023-06-29,2023-05-g008-2023-05-04-2206,2023-06-29,625243.5,三陽工業,86.3,7245,False,2206
2023-06-29,2023-06-g020-2023-06-08-3014,2023-06-29,560287.5,聯陽,111.5,5025,False,3014
2023-06-29,2023-06-g008-2023-06-14-3260,2023-06-29,583428.2999999999,威剛,92.3,6321,False,3260
2023-06-30,2023-05-g008-2023-05-04-2206,2023-06-30,648427.5,三陽工業,89.5,7245,False,2206
2023-06-30,2023-06-g020-2023-06-08-3014,2023-06-30,565312.5,聯陽,112.5,5025,False,3014
2023-06-30,2023-06-g008-2023-06-14-3260,2023-06-30,562569.0,威剛,89.0,6321,False,3260
2023-07-03,2023-05-g008-2023-05-04-2206,2023-07-03,627417.0,三陽工業,86.6,7245,False,2206
2023-07-03,2023-06-g020-2023-06-08-3014,2023-07-03,577875.0,聯陽,115.0,5025,False,3014
2023-07-03,2023-06-g008-2023-06-14-3260,2023-07-03,566993.7000000001,威剛,89.7,6321,False,3260
2023-07-04,2023-05-g008-2023-05-04-2206,2023-07-04,632488.5,三陽工業,87.3,7245,False,2206
2023-07-04,2023-06-g020-2023-06-08-3014,2023-07-04,592950.0,聯陽,118.0,5025,False,3014
2023-07-04,2023-06-g008-2023-06-14-3260,2023-07-04,587220.9,威剛,92.9,6321,False,3260
2023-07-05,2023-05-g008-2023-05-04-2206,2023-07-05,619447.5,三陽工業,85.5,7245,False,2206
2023-07-05,2023-06-g020-2023-06-08-3014,2023-07-05,585412.5,聯陽,116.5,5025,False,3014
2023-07-05,2023-06-g008-2023-06-14-3260,2023-07-05,571418.4,威剛,90.4,6321,False,3260
2023-07-06,2023-05-g008-2023-05-04-2206,2023-07-06,617274.0,三陽工業,85.2,7245,False,2206
2023-07-06,2023-06-g020-2023-06-08-3014,2023-07-06,592950.0,聯陽,118.0,5025,False,3014
2023-07-06,2023-06-g008-2023-06-14-3260,2023-07-06,552455.4,威剛,87.4,6321,False,3260
2023-07-07,2023-05-g008-2023-05-04-2206,2023-07-07,607131.0,三陽工業,83.8,7245,False,2206
2023-07-07,2023-06-g020-2023-06-08-3014,2023-07-07,590437.5,聯陽,117.5,5025,False,3014
2023-07-07,2023-06-g008-2023-06-14-3260,2023-07-07,526539.2999999999,威剛,83.3,6321,False,3260
2023-07-10,2023-05-g008-2023-05-04-2206,2023-07-10,602059.5,三陽工業,83.1,7245,False,2206
2023-07-10,2023-06-g020-2023-06-08-3014,2023-07-10,608025.0,聯陽,121.0,5025,False,3014
2023-07-10,2023-06-g008-2023-06-14-3260,2023-07-10,517057.8,威剛,81.8,6321,False,3260
2023-07-11,2023-05-g008-2023-05-04-2206,2023-07-11,595539.0,三陽工業,82.2,7245,False,2206
2023-07-11,2023-06-g020-2023-06-08-3014,2023-07-11,605512.5,聯陽,120.5,5025,False,3014
2023-07-11,2023-06-g008-2023-06-14-3260,2023-07-11,519586.2,威剛,82.2,6321,False,3260
2023-07-12,2023-05-g008-2023-05-04-2206,2023-07-12,585396.0,三陽工業,80.8,7245,False,2206
2023-07-12,2023-06-g020-2023-06-08-3014,2023-07-12,595462.5,聯陽,118.5,5025,False,3014
2023-07-12,2023-06-g008-2023-06-14-3260,2023-07-12,515793.6,威剛,81.6,6321,False,3260
2023-07-13,2023-05-g008-2023-05-04-2206,2023-07-13,582498.0,三陽工業,80.4,7245,False,2206
2023-07-13,2023-06-g020-2023-06-08-3014,2023-07-13,603000.0,聯陽,120.0,5025,False,3014
2023-07-13,2023-06-g008-2023-06-14-3260,2023-07-13,526539.2999999999,威剛,83.3,6321,False,3260
2023-07-14,2023-05-g008-2023-05-04-2206,2023-07-14,580324.5,三陽工業,80.1,7245,False,2206
2023-07-14,2023-06-g020-2023-06-08-3014,2023-07-14,623100.0,聯陽,124.0,5025,False,3014
2023-07-14,2023-06-g008-2023-06-14-3260,2023-07-14,541709.7000000001,威剛,85.7,6321,False,3260
2023-07-17,2023-05-g008-2023-05-04-2206,2023-07-17,571630.5,三陽工業,78.9,7245,False,2206
2023-07-17,2023-06-g020-2023-06-08-3014,2023-07-17,643200.0,聯陽,128.0,5025,False,3014
2023-07-17,2023-06-g008-2023-06-14-3260,2023-07-17,536020.7999999999,威剛,84.8,6321,False,3260
2023-07-18,2023-05-g008-2023-05-04-2206,2023-07-18,557865.0,三陽工業,77.0,7245,False,2206
2023-07-18,2023-06-g020-2023-06-08-3014,2023-07-18,643200.0,聯陽,128.0,5025,False,3014
2023-07-18,2023-06-g008-2023-06-14-3260,2023-07-18,517689.9,威剛,81.9,6321,False,3260
2023-07-19,2023-05-g008-2023-05-04-2206,2023-07-19,569457.0,三陽工業,78.6,7245,False,2206
2023-07-19,2023-06-g020-2023-06-08-3014,2023-07-19,638175.0,聯陽,127.0,5025,False,3014
2023-07-19,2023-06-g008-2023-06-14-3260,2023-07-19,521482.5,威剛,82.5,6321,False,3260
2023-07-20,2023-05-g008-2023-05-04-2206,2023-07-20,601335.0,三陽工業,83.0,7245,False,2206
2023-07-20,2023-06-g020-2023-06-08-3014,2023-07-20,648225.0,聯陽,129.0,5025,False,3014
2023-07-20,2023-06-g008-2023-06-14-3260,2023-07-20,512001.0,威剛,81.0,6321,False,3260
2023-07-21,2023-05-g008-2023-05-04-2206,2023-07-21,565834.5,三陽工業,78.1,7245,False,2206
2023-07-21,2023-06-g020-2023-06-08-3014,2023-07-21,665812.5,聯陽,132.5,5025,False,3014
2023-07-21,2023-06-g008-2023-06-14-3260,2023-07-21,504415.8,威剛,79.8,6321,False,3260
2023-07-24,2023-05-g008-2023-05-04-2206,2023-07-24,558589.5,三陽工業,77.1,7245,False,2206
2023-07-24,2023-06-g020-2023-06-08-3014,2023-07-24,660787.5,聯陽,131.5,5025,False,3014
2023-07-24,2023-06-g008-2023-06-14-3260,2023-07-24,496830.6,威剛,78.6,6321,False,3260
2023-07-25,2023-05-g008-2023-05-04-2206,2023-07-25,565110.0,三陽工業,78.0,7245,False,2206
2023-07-25,2023-06-g020-2023-06-08-3014,2023-07-25,650737.5,聯陽,129.5,5025,False,3014
2023-07-25,2023-06-g008-2023-06-14-3260,2023-07-25,493670.1,威剛,78.1,6321,False,3260
2023-07-26,2023-05-g008-2023-05-04-2206,2023-07-26,551344.5,三陽工業,76.1,7245,False,2206
2023-07-26,2023-06-g020-2023-06-08-3014,2023-07-26,668325.0,聯陽,133.0,5025,False,3014
2023-07-26,2023-06-g008-2023-06-14-3260,2023-07-26,485452.8,威剛,76.8,6321,False,3260
2023-07-27,2023-05-g008-2023-05-04-2206,2023-07-27,560763.0,三陽工業,77.4,7245,False,2206
2023-07-27,2023-06-g020-2023-06-08-3014,2023-07-27,733650.0,聯陽,146.0,5025,False,3014
2023-07-27,2023-06-g008-2023-06-14-3260,2023-07-27,513897.3,威剛,81.3,6321,False,3260
2023-07-28,2023-05-g008-2023-05-04-2206,2023-07-28,568008.0,三陽工業,78.4,7245,False,2206
2023-07-28,2023-06-g020-2023-06-08-3014,2023-07-28,793950.0,聯陽,158.0,5025,False,3014
2023-07-28,2023-06-g008-2023-06-14-3260,2023-07-28,529067.7000000001,威剛,83.7,6321,False,3260
2023-07-31,2023-05-g008-2023-05-04-2206,2023-07-31,571630.5,三陽工業,78.9,7245,False,2206
2023-07-31,2023-06-g020-2023-06-08-3014,2023-07-31,776362.5,聯陽,154.5,5025,False,3014
2023-07-31,2023-06-g008-2023-06-14-3260,2023-07-31,517689.9,威剛,81.9,6321,False,3260
2023-08-01,2023-05-g008-2023-05-04-2206,2023-08-01,570906.0,三陽工業,78.8,7245,False,2206
2023-08-01,2023-06-g020-2023-06-08-3014,2023-08-01,758775.0,聯陽,151.0,5025,False,3014
2023-08-01,2023-06-g008-2023-06-14-3260,2023-08-01,522114.6,威剛,82.6,6321,False,3260
2023-08-02,2023-05-g008-2023-05-04-2206,2023-08-02,592641.0,三陽工業,81.8,7245,False,2206
2023-08-02,2023-06-g020-2023-06-08-3014,2023-08-02,713550.0,聯陽,142.0,5025,False,3014
2023-08-02,2023-06-g008-2023-06-14-3260,2023-08-02,505680.0,威剛,80.0,6321,False,3260
2023-08-04,2023-05-g008-2023-05-04-2206,2023-08-04,561487.5,三陽工業,77.5,7245,False,2206
2023-08-04,2023-06-g020-2023-06-08-3014,2023-08-04,713550.0,聯陽,142.0,5025,False,3014
2023-08-04,2023-06-g008-2023-06-14-3260,2023-08-04,503151.6,威剛,79.6,6321,False,3260
2023-08-07,2023-06-g020-2023-06-08-3014,2023-08-07,718575.0,聯陽,143.0,5025,False,3014
2023-08-07,2023-06-g008-2023-06-14-3260,2023-08-07,508840.5,威剛,80.5,6321,False,3260
2023-08-08,2023-06-g020-2023-06-08-3014,2023-08-08,723600.0,聯陽,144.0,5025,False,3014
2023-08-08,2023-06-g008-2023-06-14-3260,2023-08-08,497462.7,威剛,78.7,6321,False,3260
2023-08-08,2023-08-g013-2023-08-07-3689,2023-08-08,560643.4,湧德,61.4,9131,False,3689
2023-08-09,2023-06-g020-2023-06-08-3014,2023-08-09,703500.0,聯陽,140.0,5025,False,3014
2023-08-09,2023-06-g008-2023-06-14-3260,2023-08-09,502519.5,威剛,79.5,6321,False,3260
2023-08-09,2023-08-g013-2023-08-07-3689,2023-08-09,547860.0,湧德,60.0,9131,False,3689
2023-08-10,2023-06-g020-2023-06-08-3014,2023-08-10,678375.0,聯陽,135.0,5025,False,3014
2023-08-10,2023-06-g008-2023-06-14-3260,2023-08-10,484820.7,威剛,76.7,6321,False,3260
2023-08-10,2023-08-g013-2023-08-07-3689,2023-08-10,556991.0,湧德,61.0,9131,False,3689
2023-08-11,2023-06-g020-2023-06-08-3014,2023-08-11,688425.0,聯陽,137.0,5025,False,3014
2023-08-11,2023-06-g008-2023-06-14-3260,2023-08-11,480396.0,威剛,76.0,6321,False,3260
2023-08-11,2023-08-g013-2023-08-07-3689,2023-08-11,553338.6,湧德,60.6,9131,False,3689
2023-08-14,2023-06-g020-2023-06-08-3014,2023-08-14,678375.0,聯陽,135.0,5025,False,3014
2023-08-14,2023-06-g008-2023-06-14-3260,2023-08-14,469650.3,威剛,74.3,6321,False,3260
2023-08-14,2023-08-g013-2023-08-07-3689,2023-08-14,551512.4,湧德,60.4,9131,False,3689
2023-08-15,2023-06-g020-2023-06-08-3014,2023-08-15,695962.5,聯陽,138.5,5025,False,3014
2023-08-15,2023-06-g008-2023-06-14-3260,2023-08-15,18634.0,威剛,77.0,242,False,3260
2023-08-15,2023-08-g013-2023-08-07-3689,2023-08-15,565208.9,湧德,61.9,9131,False,3689
2023-08-16,2023-06-g020-2023-06-08-3014,2023-08-16,698475.0,聯陽,139.0,5025,False,3014
2023-08-16,2023-06-g008-2023-06-14-3260,2023-08-16,10546.8,威剛,74.8,141,False,3260
2023-08-16,2023-08-g013-2023-08-07-3689,2023-08-16,620908.0,湧德,68.0,9131,False,3689
2023-08-16,2023-08-g004-2023-08-15-2324,2023-08-16,566967.4500000001,仁寶,35.95,15771,False,2324
2023-08-17,2023-06-g020-2023-06-08-3014,2023-08-17,721087.5,聯陽,143.5,5025,False,3014
2023-08-17,2023-06-g008-2023-06-14-3260,2023-08-17,3510.0,威剛,78.0,45,False,3260
2023-08-17,2023-08-g013-2023-08-07-3689,2023-08-17,659258.2000000001,湧德,72.2,9131,False,3689
2023-08-17,2023-08-g004-2023-08-15-2324,2023-08-17,583527.0,仁寶,37.0,15771,False,2324
2023-08-18,2023-06-g020-2023-06-08-3014,2023-08-18,675862.5,聯陽,134.5,5025,False,3014
2023-08-18,2023-08-g013-2023-08-07-3689,2023-08-18,593515.0,湧德,65.0,9131,False,3689
2023-08-18,2023-08-g004-2023-08-15-2324,2023-08-18,548042.25,仁寶,34.75,15771,False,2324
2023-08-21,2023-06-g020-2023-06-08-3014,2023-08-21,665812.5,聯陽,132.5,5025,False,3014
2023-08-21,2023-08-g013-2023-08-07-3689,2023-08-21,617255.6,湧德,67.6,9131,False,3689
2023-08-21,2023-08-g004-2023-08-15-2324,2023-08-21,546465.15,仁寶,34.65,15771,False,2324
2023-08-22,2023-06-g020-2023-06-08-3014,2023-08-22,680887.5,聯陽,135.5,5025,False,3014
2023-08-22,2023-08-g013-2023-08-07-3689,2023-08-22,611777.0,湧德,67.0,9131,False,3689
2023-08-22,2023-08-g004-2023-08-15-2324,2023-08-22,548042.25,仁寶,34.75,15771,False,2324
2023-08-23,2023-06-g020-2023-06-08-3014,2023-08-23,690937.5,聯陽,137.5,5025,False,3014
2023-08-23,2023-08-g013-2023-08-07-3689,2023-08-23,550599.2999999999,湧德,60.3,9131,False,3689
2023-08-23,2023-08-g004-2023-08-15-2324,2023-08-23,542522.4,仁寶,34.4,15771,False,2324
2023-08-24,2023-06-g020-2023-06-08-3014,2023-08-24,695962.5,聯陽,138.5,5025,False,3014
2023-08-24,2023-08-g013-2023-08-07-3689,2023-08-24,545120.7000000001,湧德,59.7,9131,False,3689
2023-08-24,2023-08-g004-2023-08-15-2324,2023-08-24,535425.4500000001,仁寶,33.95,15771,False,2324
2023-08-25,2023-06-g020-2023-06-08-3014,2023-08-25,693450.0,聯陽,138.0,5025,False,3014
2023-08-25,2023-08-g013-2023-08-07-3689,2023-08-25,531424.2000000001,湧德,58.2,9131,False,3689
2023-08-25,2023-08-g004-2023-08-15-2324,2023-08-25,522808.64999999997,仁寶,33.15,15771,False,2324
2023-08-28,2023-06-g020-2023-06-08-3014,2023-08-28,698475.0,聯陽,139.0,5025,False,3014
2023-08-28,2023-08-g013-2023-08-07-3689,2023-08-28,527771.7999999999,湧德,57.8,9131,False,3689
2023-08-28,2023-08-g004-2023-08-15-2324,2023-08-28,520443.0,仁寶,33.0,15771,False,2324
2023-08-29,2023-06-g020-2023-06-08-3014,2023-08-29,703500.0,聯陽,140.0,5025,False,3014
2023-08-29,2023-08-g013-2023-08-07-3689,2023-08-29,545120.7000000001,湧德,59.7,9131,False,3689
2023-08-29,2023-08-g004-2023-08-15-2324,2023-08-29,525962.85,仁寶,33.35,15771,False,2324
2023-08-30,2023-06-g020-2023-06-08-3014,2023-08-30,716062.5,聯陽,142.5,5025,False,3014
2023-08-30,2023-08-g013-2023-08-07-3689,2023-08-30,554251.7000000001,湧德,60.7,9131,False,3689
2023-08-30,2023-08-g004-2023-08-15-2324,2023-08-30,518865.89999999997,仁寶,32.9,15771,False,2324
2023-08-31,2023-06-g020-2023-06-08-3014,2023-08-31,721087.5,聯陽,143.5,5025,False,3014
2023-08-31,2023-08-g013-2023-08-07-3689,2023-08-31,556077.9,湧德,60.9,9131,False,3689
2023-08-31,2023-08-g004-2023-08-15-2324,2023-08-31,503094.89999999997,仁寶,31.9,15771,False,2324
2023-09-01,2023-06-g020-2023-06-08-3014,2023-09-01,693450.0,聯陽,138.0,5025,False,3014
2023-09-01,2023-08-g013-2023-08-07-3689,2023-09-01,548773.1,湧德,60.1,9131,False,3689
2023-09-01,2023-08-g004-2023-08-15-2324,2023-09-01,501517.8,仁寶,31.8,15771,False,2324
2023-09-04,2023-06-g020-2023-06-08-3014,2023-09-04,761287.5,聯陽,151.5,5025,False,3014
2023-09-04,2023-08-g013-2023-08-07-3689,2023-09-04,546033.7999999999,湧德,59.8,9131,False,3689
2023-09-04,2023-08-g004-2023-08-15-2324,2023-09-04,502306.35000000003,仁寶,31.85,15771,False,2324
2023-09-05,2023-06-g020-2023-06-08-3014,2023-09-05,758775.0,聯陽,151.0,5025,False,3014
2023-09-05,2023-08-g013-2023-08-07-3689,2023-09-05,555164.7999999999,湧德,60.8,9131,False,3689
2023-09-05,2023-08-g004-2023-08-15-2324,2023-09-05,504672.0,仁寶,32.0,15771,False,2324
2023-09-06,2023-06-g020-2023-06-08-3014,2023-09-06,758775.0,聯陽,151.0,5025,False,3014
2023-09-06,2023-08-g013-2023-08-07-3689,2023-09-06,546033.7999999999,湧德,59.8,9131,False,3689
2023-09-06,2023-08-g004-2023-08-15-2324,2023-09-06,504672.0,仁寶,32.0,15771,False,2324
2023-09-07,2023-06-g020-2023-06-08-3014,2023-09-07,776362.5,聯陽,154.5,5025,False,3014
2023-09-07,2023-08-g013-2023-08-07-3689,2023-09-07,556077.9,湧德,60.9,9131,False,3689
2023-09-07,2023-08-g004-2023-08-15-2324,2023-09-07,495209.39999999997,仁寶,31.4,15771,False,2324
2023-09-08,2023-06-g020-2023-06-08-3014,2023-09-08,816562.5,聯陽,162.5,5025,False,3014
2023-09-08,2023-08-g013-2023-08-07-3689,2023-09-08,548773.1,湧德,60.1,9131,False,3689
2023-09-08,2023-08-g004-2023-08-15-2324,2023-09-08,12763.5,仁寶,31.75,402,False,2324
2023-09-11,2023-08-g013-2023-08-07-3689,2023-09-11,535076.6,湧德,58.6,9131,False,3689
2023-09-12,2023-08-g013-2023-08-07-3689,2023-09-12,527771.7999999999,湧德,57.8,9131,False,3689
2023-09-13,2023-08-g013-2023-08-07-3689,2023-09-13,538729.0,湧德,59.0,9131,False,3689
2023-09-13,2023-09-g005-2023-09-12-2327,2023-09-13,571780.0,國巨*,506.0,1130,False,2327
2023-09-14,2023-08-g013-2023-08-07-3689,2023-09-14,556077.9,湧德,60.9,9131,False,3689
2023-09-14,2023-09-g005-2023-09-12-2327,2023-09-14,578560.0,國巨*,512.0,1130,False,2327
2023-09-14,2023-09-g016-2023-09-13-3661,2023-09-14,488520.0,世芯-KY,2655.0,184,False,3661
2023-09-15,2023-08-g013-2023-08-07-3689,2023-09-15,559730.2999999999,湧德,61.3,9131,False,3689
2023-09-15,2023-09-g005-2023-09-12-2327,2023-09-15,589860.0,國巨*,522.0,1130,False,2327
2023-09-15,2023-09-g016-2023-09-13-3661,2023-09-15,486680.0,世芯-KY,2645.0,184,False,3661
2023-09-18,2023-08-g013-2023-08-07-3689,2023-09-18,550599.2999999999,湧德,60.3,9131,False,3689
2023-09-18,2023-09-g005-2023-09-12-2327,2023-09-18,593250.0,國巨*,525.0,1130,False,2327
2023-09-18,2023-09-g016-2023-09-13-3661,2023-09-18,481160.0,世芯-KY,2615.0,184,False,3661
2023-09-19,2023-08-g013-2023-08-07-3689,2023-09-19,558817.2000000001,湧德,61.2,9131,False,3689
2023-09-19,2023-09-g005-2023-09-12-2327,2023-09-19,587600.0,國巨*,520.0,1130,False,2327
2023-09-19,2023-09-g016-2023-09-13-3661,2023-09-19,479320.0,世芯-KY,2605.0,184,False,3661
2023-09-20,2023-08-g013-2023-08-07-3689,2023-09-20,570687.5,湧德,62.5,9131,False,3689
2023-09-20,2023-09-g005-2023-09-12-2327,2023-09-20,587600.0,國巨*,520.0,1130,False,2327
2023-09-20,2023-09-g016-2023-09-13-3661,2023-09-20,450800.0,世芯-KY,2450.0,184,False,3661
2023-09-21,2023-08-g013-2023-08-07-3689,2023-09-21,559730.2999999999,湧德,61.3,9131,False,3689
2023-09-21,2023-09-g005-2023-09-12-2327,2023-09-21,585340.0,國巨*,518.0,1130,False,2327
2023-09-21,2023-09-g016-2023-09-13-3661,2023-09-21,434240.0,世芯-KY,2360.0,184,False,3661
2023-09-22,2023-08-g013-2023-08-07-3689,2023-09-22,551512.4,湧德,60.4,9131,False,3689
2023-09-22,2023-09-g005-2023-09-12-2327,2023-09-22,588730.0,國巨*,521.0,1130,False,2327
2023-09-22,2023-09-g016-2023-09-13-3661,2023-09-22,460000.0,世芯-KY,2500.0,184,False,3661
2023-09-25,2023-08-g013-2023-08-07-3689,2023-09-25,552425.5,湧德,60.5,9131,False,3689
2023-09-25,2023-09-g005-2023-09-12-2327,2023-09-25,588730.0,國巨*,521.0,1130,False,2327
2023-09-25,2023-09-g016-2023-09-13-3661,2023-09-25,483000.0,世芯-KY,2625.0,184,False,3661
2023-09-26,2023-08-g013-2023-08-07-3689,2023-09-26,534163.5,湧德,58.5,9131,False,3689
2023-09-26,2023-09-g005-2023-09-12-2327,2023-09-26,588730.0,國巨*,521.0,1130,False,2327
2023-09-26,2023-09-g016-2023-09-13-3661,2023-09-26,478400.0,世芯-KY,2600.0,184,False,3661
2023-09-27,2023-08-g013-2023-08-07-3689,2023-09-27,533250.4,湧德,58.4,9131,False,3689
2023-09-27,2023-09-g005-2023-09-12-2327,2023-09-27,590990.0,國巨*,523.0,1130,False,2327
2023-09-27,2023-09-g016-2023-09-13-3661,2023-09-27,484840.0,世芯-KY,2635.0,184,False,3661
2023-09-28,2023-08-g013-2023-08-07-3689,2023-09-28,536902.7999999999,湧德,58.8,9131,False,3689
2023-09-28,2023-09-g005-2023-09-12-2327,2023-09-28,593250.0,國巨*,525.0,1130,False,2327
2023-09-28,2023-09-g016-2023-09-13-3661,2023-09-28,494960.0,世芯-KY,2690.0,184,False,3661
2023-10-02,2023-08-g013-2023-08-07-3689,2023-10-02,540555.2000000001,湧德,59.2,9131,False,3689
2023-10-02,2023-09-g005-2023-09-12-2327,2023-10-02,602290.0,國巨*,533.0,1130,False,2327
2023-10-02,2023-09-g016-2023-09-13-3661,2023-10-02,502320.0,世芯-KY,2730.0,184,False,3661
2023-10-03,2023-08-g013-2023-08-07-3689,2023-10-03,518640.8,湧德,56.8,9131,False,3689
2023-10-03,2023-09-g005-2023-09-12-2327,2023-10-03,587600.0,國巨*,520.0,1130,False,2327
2023-10-03,2023-09-g016-2023-09-13-3661,2023-10-03,495880.0,世芯-KY,2695.0,184,False,3661
2023-10-04,2023-08-g013-2023-08-07-3689,2023-10-04,507683.60000000003,湧德,55.6,9131,False,3689
2023-10-04,2023-09-g005-2023-09-12-2327,2023-10-04,588730.0,國巨*,521.0,1130,False,2327
2023-10-04,2023-09-g016-2023-09-13-3661,2023-10-04,494960.0,世芯-KY,2690.0,184,False,3661
2023-10-05,2023-08-g013-2023-08-07-3689,2023-10-05,511336.0,湧德,56.0,9131,False,3689
2023-10-05,2023-09-g005-2023-09-12-2327,2023-10-05,598900.0,國巨*,530.0,1130,False,2327
2023-10-05,2023-09-g016-2023-09-13-3661,2023-10-05,498640.0,世芯-KY,2710.0,184,False,3661
2023-10-06,2023-08-g013-2023-08-07-3689,2023-10-06,497639.5,湧德,54.5,9131,False,3689
2023-10-06,2023-09-g005-2023-09-12-2327,2023-10-06,593250.0,國巨*,525.0,1130,False,2327
2023-10-06,2023-09-g016-2023-09-13-3661,2023-10-06,510600.0,世芯-KY,2775.0,184,False,3661
2023-10-11,2023-08-g013-2023-08-07-3689,2023-10-11,483029.89999999997,湧德,52.9,9131,False,3689
2023-10-11,2023-09-g005-2023-09-12-2327,2023-10-11,595510.0,國巨*,527.0,1130,False,2327
2023-10-11,2023-09-g016-2023-09-13-3661,2023-10-11,509680.0,世芯-KY,2770.0,184,False,3661
2023-10-12,2023-08-g013-2023-08-07-3689,2023-10-12,165154.5,湧德,53.5,3087,False,3689
2023-10-12,2023-09-g005-2023-09-12-2327,2023-10-12,613590.0,國巨*,543.0,1130,False,2327
2023-10-12,2023-09-g016-2023-09-13-3661,2023-10-12,515200.0,世芯-KY,2800.0,184,False,3661
2023-10-13,2023-08-g013-2023-08-07-3689,2023-10-13,1417.5,湧德,52.5,27,False,3689
2023-10-13,2023-09-g005-2023-09-12-2327,2023-10-13,612460.0,國巨*,542.0,1130,False,2327
2023-10-13,2023-09-g016-2023-09-13-3661,2023-10-13,509680.0,世芯-KY,2770.0,184,False,3661
2023-10-16,2023-08-g013-2023-08-07-3689,2023-10-16,520.0,湧德,52.0,10,False,3689
2023-10-16,2023-09-g005-2023-09-12-2327,2023-10-16,605680.0,國巨*,536.0,1130,False,2327
2023-10-16,2023-09-g016-2023-09-13-3661,2023-10-16,505080.0,世芯-KY,2745.0,184,False,3661
2023-10-17,2023-09-g005-2023-09-12-2327,2023-10-17,618110.0,國巨*,547.0,1130,False,2327
2023-10-17,2023-09-g016-2023-09-13-3661,2023-10-17,483920.0,世芯-KY,2630.0,184,False,3661
2023-10-18,2023-09-g005-2023-09-12-2327,2023-10-18,621500.0,國巨*,550.0,1130,False,2327
2023-10-18,2023-09-g016-2023-09-13-3661,2023-10-18,448960.0,世芯-KY,2440.0,184,False,3661
2023-10-18,2023-10-g011-2023-10-17-3491,2023-10-18,550962.0,昇達科,171.0,3222,False,3491
2023-10-19,2023-09-g005-2023-09-12-2327,2023-10-19,620370.0,國巨*,549.0,1130,False,2327
2023-10-19,2023-09-g016-2023-09-13-3661,2023-10-19,478400.0,世芯-KY,2600.0,184,False,3661
2023-10-19,2023-10-g011-2023-10-17-3491,2023-10-19,538074.0,昇達科,167.0,3222,False,3491
2023-10-20,2023-09-g005-2023-09-12-2327,2023-10-20,598900.0,國巨*,530.0,1130,False,2327
2023-10-20,2023-09-g016-2023-09-13-3661,2023-10-20,473800.0,世芯-KY,2575.0,184,False,3661
2023-10-20,2023-10-g011-2023-10-17-3491,2023-10-20,528408.0,昇達科,164.0,3222,False,3491
2023-10-23,2023-09-g005-2023-09-12-2327,2023-10-23,598900.0,國巨*,530.0,1130,False,2327
2023-10-23,2023-09-g016-2023-09-13-3661,2023-10-23,460000.0,世芯-KY,2500.0,184,False,3661
2023-10-23,2023-10-g011-2023-10-17-3491,2023-10-23,536463.0,昇達科,166.5,3222,False,3491
2023-10-24,2023-09-g005-2023-09-12-2327,2023-10-24,593250.0,國巨*,525.0,1130,False,2327
2023-10-24,2023-09-g016-2023-09-13-3661,2023-10-24,472880.0,世芯-KY,2570.0,184,False,3661
2023-10-24,2023-10-g011-2023-10-17-3491,2023-10-24,552573.0,昇達科,171.5,3222,False,3491
2023-10-25,2023-09-g005-2023-09-12-2327,2023-10-25,588730.0,國巨*,521.0,1130,False,2327
2023-10-25,2023-09-g016-2023-09-13-3661,2023-10-25,482080.0,世芯-KY,2620.0,184,False,3661
2023-10-25,2023-10-g011-2023-10-17-3491,2023-10-25,542907.0,昇達科,168.5,3222,False,3491
2023-10-26,2023-09-g005-2023-09-12-2327,2023-10-26,576300.0,國巨*,510.0,1130,False,2327
2023-10-26,2023-09-g016-2023-09-13-3661,2023-10-26,453560.0,世芯-KY,2465.0,184,False,3661
2023-10-26,2023-10-g011-2023-10-17-3491,2023-10-26,542907.0,昇達科,168.5,3222,False,3491
2023-10-27,2023-09-g005-2023-09-12-2327,2023-10-27,603420.0,國巨*,534.0,1130,False,2327
2023-10-27,2023-09-g016-2023-09-13-3661,2023-10-27,480240.0,世芯-KY,2610.0,184,False,3661
2023-10-27,2023-10-g011-2023-10-17-3491,2023-10-27,544518.0,昇達科,169.0,3222,False,3491
2023-10-30,2023-09-g005-2023-09-12-2327,2023-10-30,609070.0,國巨*,539.0,1130,False,2327
2023-10-30,2023-09-g016-2023-09-13-3661,2023-10-30,506920.0,世芯-KY,2755.0,184,False,3661
2023-10-30,2023-10-g011-2023-10-17-3491,2023-10-30,546129.0,昇達科,169.5,3222,False,3491
2023-10-31,2023-09-g005-2023-09-12-2327,2023-10-31,594380.0,國巨*,526.0,1130,False,2327
2023-10-31,2023-09-g016-2023-09-13-3661,2023-10-31,483000.0,世芯-KY,2625.0,184,False,3661
2023-10-31,2023-10-g011-2023-10-17-3491,2023-10-31,542907.0,昇達科,168.5,3222,False,3491
2023-11-01,2023-09-g005-2023-09-12-2327,2023-11-01,607940.0,國巨*,538.0,1130,False,2327
2023-11-01,2023-09-g016-2023-09-13-3661,2023-11-01,493120.0,世芯-KY,2680.0,184,False,3661
2023-11-01,2023-10-g011-2023-10-17-3491,2023-11-01,534852.0,昇達科,166.0,3222,False,3491
2023-11-02,2023-09-g005-2023-09-12-2327,2023-11-02,618110.0,國巨*,547.0,1130,False,2327
2023-11-02,2023-09-g016-2023-09-13-3661,2023-11-02,518880.0,世芯-KY,2820.0,184,False,3661
2023-11-02,2023-10-g011-2023-10-17-3491,2023-11-02,559017.0,昇達科,173.5,3222,False,3491
2023-11-03,2023-09-g005-2023-09-12-2327,2023-11-03,620370.0,國巨*,549.0,1130,False,2327
2023-11-03,2023-09-g016-2023-09-13-3661,2023-11-03,525320.0,世芯-KY,2855.0,184,False,3661
2023-11-03,2023-10-g011-2023-10-17-3491,2023-11-03,550962.0,昇達科,171.0,3222,False,3491
2023-11-06,2023-09-g005-2023-09-12-2327,2023-11-06,622630.0,國巨*,551.0,1130,False,2327
2023-11-06,2023-09-g016-2023-09-13-3661,2023-11-06,543720.0,世芯-KY,2955.0,184,False,3661
2023-11-06,2023-10-g011-2023-10-17-3491,2023-11-06,550962.0,昇達科,171.0,3222,False,3491
2023-11-07,2023-09-g005-2023-09-12-2327,2023-11-07,629410.0,國巨*,557.0,1130,False,2327
2023-11-07,2023-09-g016-2023-09-13-3661,2023-11-07,552000.0,世芯-KY,3000.0,184,False,3661
2023-11-07,2023-10-g011-2023-10-17-3491,2023-11-07,552573.0,昇達科,171.5,3222,False,3491
2023-11-08,2023-09-g005-2023-09-12-2327,2023-11-08,620370.0,國巨*,549.0,1130,False,2327
2023-11-08,2023-09-g016-2023-09-13-3661,2023-11-08,560280.0,世芯-KY,3045.0,184,False,3661
2023-11-08,2023-10-g011-2023-10-17-3491,2023-11-08,549351.0,昇達科,170.5,3222,False,3491
2023-11-09,2023-09-g005-2023-09-12-2327,2023-11-09,615850.0,國巨*,545.0,1130,False,2327
2023-11-09,2023-09-g016-2023-09-13-3661,2023-11-09,596160.0,世芯-KY,3240.0,184,False,3661
2023-11-09,2023-10-g011-2023-10-17-3491,2023-11-09,534852.0,昇達科,166.0,3222,False,3491
2023-11-10,2023-09-g005-2023-09-12-2327,2023-11-10,615850.0,國巨*,545.0,1130,False,2327
2023-11-10,2023-09-g016-2023-09-13-3661,2023-11-10,588800.0,世芯-KY,3200.0,184,False,3661
2023-11-10,2023-10-g011-2023-10-17-3491,2023-11-10,518742.0,昇達科,161.0,3222,False,3491
2023-11-13,2023-09-g005-2023-09-12-2327,2023-11-13,629410.0,國巨*,557.0,1130,False,2327
2023-11-13,2023-09-g016-2023-09-13-3661,2023-11-13,595240.0,世芯-KY,3235.0,184,False,3661
2023-11-13,2023-10-g011-2023-10-17-3491,2023-11-13,534852.0,昇達科,166.0,3222,False,3491
2023-11-14,2023-09-g005-2023-09-12-2327,2023-11-14,616980.0,國巨*,546.0,1130,False,2327
2023-11-14,2023-09-g016-2023-09-13-3661,2023-11-14,604440.0,世芯-KY,3285.0,184,False,3661
2023-11-14,2023-10-g011-2023-10-17-3491,2023-11-14,536463.0,昇達科,166.5,3222,False,3491
2023-11-15,2023-09-g005-2023-09-12-2327,2023-11-15,619240.0,國巨*,548.0,1130,False,2327
2023-11-15,2023-09-g016-2023-09-13-3661,2023-11-15,571320.0,世芯-KY,3105.0,184,False,3661
2023-11-15,2023-10-g011-2023-10-17-3491,2023-11-15,530019.0,昇達科,164.5,3222,False,3491
2023-11-16,2023-09-g005-2023-09-12-2327,2023-11-16,615850.0,國巨*,545.0,1130,False,2327
2023-11-16,2023-09-g016-2023-09-13-3661,2023-11-16,568560.0,世芯-KY,3090.0,184,False,3661
2023-11-16,2023-10-g011-2023-10-17-3491,2023-11-16,538074.0,昇達科,167.0,3222,False,3491
2023-11-17,2023-09-g005-2023-09-12-2327,2023-11-17,618110.0,國巨*,547.0,1130,False,2327
2023-11-17,2023-09-g016-2023-09-13-3661,2023-11-17,594320.0,世芯-KY,3230.0,184,False,3661
2023-11-17,2023-10-g011-2023-10-17-3491,2023-11-17,544518.0,昇達科,169.0,3222,False,3491
2023-11-20,2023-09-g005-2023-09-12-2327,2023-11-20,613590.0,國巨*,543.0,1130,False,2327
2023-11-20,2023-09-g016-2023-09-13-3661,2023-11-20,586040.0,世芯-KY,3185.0,184,False,3661
2023-11-20,2023-10-g011-2023-10-17-3491,2023-11-20,533241.0,昇達科,165.5,3222,False,3491
2023-11-21,2023-09-g005-2023-09-12-2327,2023-11-21,621500.0,國巨*,550.0,1130,False,2327
2023-11-21,2023-09-g016-2023-09-13-3661,2023-11-21,576840.0,世芯-KY,3135.0,184,False,3661
2023-11-21,2023-10-g011-2023-10-17-3491,2023-11-21,538074.0,昇達科,167.0,3222,False,3491
2023-11-22,2023-09-g005-2023-09-12-2327,2023-11-22,621500.0,國巨*,550.0,1130,False,2327
2023-11-22,2023-09-g016-2023-09-13-3661,2023-11-22,583280.0,世芯-KY,3170.0,184,False,3661
2023-11-22,2023-10-g011-2023-10-17-3491,2023-11-22,526797.0,昇達科,163.5,3222,False,3491
2023-11-23,2023-09-g005-2023-09-12-2327,2023-11-23,615850.0,國巨*,545.0,1130,False,2327
2023-11-23,2023-09-g016-2023-09-13-3661,2023-11-23,575000.0,世芯-KY,3125.0,184,False,3661
2023-11-23,2023-10-g011-2023-10-17-3491,2023-11-23,523575.0,昇達科,162.5,3222,False,3491
2023-11-24,2023-09-g005-2023-09-12-2327,2023-11-24,649750.0,國巨*,575.0,1130,False,2327
2023-11-24,2023-09-g016-2023-09-13-3661,2023-11-24,561200.0,世芯-KY,3050.0,184,False,3661
2023-11-24,2023-10-g011-2023-10-17-3491,2023-11-24,526797.0,昇達科,163.5,3222,False,3491
2023-11-27,2023-09-g005-2023-09-12-2327,2023-11-27,645230.0,國巨*,571.0,1130,False,2327
2023-11-27,2023-09-g016-2023-09-13-3661,2023-11-27,542800.0,世芯-KY,2950.0,184,False,3661
2023-11-27,2023-10-g011-2023-10-17-3491,2023-11-27,525186.0,昇達科,163.0,3222,False,3491
2023-11-28,2023-09-g005-2023-09-12-2327,2023-11-28,671220.0,國巨*,594.0,1130,False,2327
2023-11-28,2023-09-g016-2023-09-13-3661,2023-11-28,575920.0,世芯-KY,3130.0,184,False,3661
2023-11-28,2023-10-g011-2023-10-17-3491,2023-11-28,534852.0,昇達科,166.0,3222,False,3491
2023-11-29,2023-09-g005-2023-09-12-2327,2023-11-29,676870.0,國巨*,599.0,1130,False,2327
2023-11-29,2023-09-g016-2023-09-13-3661,2023-11-29,561200.0,世芯-KY,3050.0,184,False,3661
2023-11-29,2023-10-g011-2023-10-17-3491,2023-11-29,536463.0,昇達科,166.5,3222,False,3491
2023-11-30,2023-09-g005-2023-09-12-2327,2023-11-30,679130.0,國巨*,601.0,1130,False,2327
2023-11-30,2023-09-g016-2023-09-13-3661,2023-11-30,572240.0,世芯-KY,3110.0,184,False,3661
2023-11-30,2023-10-g011-2023-10-17-3491,2023-11-30,530019.0,昇達科,164.5,3222,False,3491
2023-12-01,2023-09-g005-2023-09-12-2327,2023-12-01,674610.0,國巨*,597.0,1130,False,2327
2023-12-01,2023-09-g016-2023-09-13-3661,2023-12-01,566720.0,世芯-KY,3080.0,184,False,3661
2023-12-01,2023-10-g011-2023-10-17-3491,2023-12-01,531630.0,昇達科,165.0,3222,False,3491
2023-12-04,2023-09-g005-2023-09-12-2327,2023-12-04,676870.0,國巨*,599.0,1130,False,2327
2023-12-04,2023-09-g016-2023-09-13-3661,2023-12-04,572240.0,世芯-KY,3110.0,184,False,3661
2023-12-04,2023-10-g011-2023-10-17-3491,2023-12-04,534852.0,昇達科,166.0,3222,False,3491
2023-12-05,2023-09-g005-2023-09-12-2327,2023-12-05,678000.0,國巨*,600.0,1130,False,2327
2023-12-05,2023-09-g016-2023-09-13-3661,2023-12-05,596160.0,世芯-KY,3240.0,184,False,3661
2023-12-05,2023-10-g011-2023-10-17-3491,2023-12-05,523575.0,昇達科,162.5,3222,False,3491
2023-12-06,2023-09-g005-2023-09-12-2327,2023-12-06,672350.0,國巨*,595.0,1130,False,2327
2023-12-06,2023-09-g016-2023-09-13-3661,2023-12-06,605360.0,世芯-KY,3290.0,184,False,3661
2023-12-06,2023-10-g011-2023-10-17-3491,2023-12-06,525186.0,昇達科,163.0,3222,False,3491
2023-12-07,2023-09-g005-2023-09-12-2327,2023-12-07,672350.0,國巨*,595.0,1130,False,2327
2023-12-07,2023-09-g016-2023-09-13-3661,2023-12-07,620080.0,世芯-KY,3370.0,184,False,3661
2023-12-07,2023-10-g011-2023-10-17-3491,2023-12-07,534852.0,昇達科,166.0,3222,False,3491
2023-12-08,2023-09-g005-2023-09-12-2327,2023-12-08,679130.0,國巨*,601.0,1130,False,2327
2023-12-08,2023-09-g016-2023-09-13-3661,2023-12-08,613640.0,世芯-KY,3335.0,184,False,3661
2023-12-08,2023-10-g011-2023-10-17-3491,2023-12-08,538074.0,昇達科,167.0,3222,False,3491
2023-12-11,2023-09-g005-2023-09-12-2327,2023-12-11,693820.0,國巨*,614.0,1130,False,2327
2023-12-11,2023-09-g016-2023-09-13-3661,2023-12-11,645840.0,世芯-KY,3510.0,184,False,3661
2023-12-11,2023-10-g011-2023-10-17-3491,2023-12-11,534852.0,昇達科,166.0,3222,False,3491
2023-12-12,2023-09-g005-2023-09-12-2327,2023-12-12,699470.0,國巨*,619.0,1130,False,2327
2023-12-12,2023-09-g016-2023-09-13-3661,2023-12-12,647680.0,世芯-KY,3520.0,184,False,3661
2023-12-12,2023-10-g011-2023-10-17-3491,2023-12-12,541296.0,昇達科,168.0,3222,False,3491
2023-12-13,2023-09-g005-2023-09-12-2327,2023-12-13,683650.0,國巨*,605.0,1130,False,2327
2023-12-13,2023-09-g016-2023-09-13-3661,2023-12-13,671600.0,世芯-KY,3650.0,184,False,3661
2023-12-13,2023-10-g011-2023-10-17-3491,2023-12-13,544518.0,昇達科,169.0,3222,False,3491
2023-12-14,2023-09-g016-2023-09-13-3661,2023-12-14,643080.0,世芯-KY,3495.0,184,False,3661
2023-12-14,2023-10-g011-2023-10-17-3491,2023-12-14,534852.0,昇達科,166.0,3222,False,3491
2023-12-15,2023-10-g011-2023-10-17-3491,2023-12-15,526797.0,昇達科,163.5,3222,False,3491
2023-12-18,2023-10-g011-2023-10-17-3491,2023-12-18,523575.0,昇達科,162.5,3222,False,3491
2023-12-18,2023-12-g003-2023-12-15-6472,2023-12-18,616980.0,保瑞,678.0,910,False,6472
2023-12-19,2023-10-g011-2023-10-17-3491,2023-12-19,520353.0,昇達科,161.5,3222,False,3491
2023-12-19,2023-12-g003-2023-12-15-6472,2023-12-19,597870.0,保瑞,657.0,910,False,6472
2023-12-19,2023-12-g010-2023-12-18-3006,2023-12-19,620928.0,晶豪科,96.0,6468,False,3006
2023-12-20,2023-10-g011-2023-10-17-3491,2023-12-20,521964.0,昇達科,162.0,3222,False,3491
2023-12-20,2023-12-g003-2023-12-15-6472,2023-12-20,600600.0,保瑞,660.0,910,False,6472
2023-12-20,2023-12-g010-2023-12-18-3006,2023-12-20,602817.6,晶豪科,93.2,6468,False,3006
2023-12-21,2023-10-g011-2023-10-17-3491,2023-12-21,525186.0,昇達科,163.0,3222,False,3491
2023-12-21,2023-12-g003-2023-12-15-6472,2023-12-21,586950.0,保瑞,645.0,910,False,6472
2023-12-21,2023-12-g010-2023-12-18-3006,2023-12-21,613813.2000000001,晶豪科,94.9,6468,False,3006
2023-12-22,2023-10-g011-2023-10-17-3491,2023-12-22,523575.0,昇達科,162.5,3222,False,3491
2023-12-22,2023-12-g003-2023-12-15-6472,2023-12-22,584220.0,保瑞,642.0,910,False,6472
2023-12-22,2023-12-g010-2023-12-18-3006,2023-12-22,628042.7999999999,晶豪科,97.1,6468,False,3006
2023-12-25,2023-10-g011-2023-10-17-3491,2023-12-25,521964.0,昇達科,162.0,3222,False,3491
2023-12-25,2023-12-g003-2023-12-15-6472,2023-12-25,577850.0,保瑞,635.0,910,False,6472
2023-12-25,2023-12-g010-2023-12-18-3006,2023-12-25,629336.4,晶豪科,97.3,6468,False,3006
2023-12-26,2023-10-g011-2023-10-17-3491,2023-12-26,521964.0,昇達科,162.0,3222,False,3491
2023-12-26,2023-12-g003-2023-12-15-6472,2023-12-26,586950.0,保瑞,645.0,910,False,6472
2023-12-26,2023-12-g010-2023-12-18-3006,2023-12-26,640332.0,晶豪科,99.0,6468,False,3006
2023-12-27,2023-10-g011-2023-10-17-3491,2023-12-27,525186.0,昇達科,163.0,3222,False,3491
2023-12-27,2023-12-g003-2023-12-15-6472,2023-12-27,580580.0,保瑞,638.0,910,False,6472
2023-12-27,2023-12-g010-2023-12-18-3006,2023-12-27,688842.0,晶豪科,106.5,6468,False,3006
2023-12-28,2023-10-g011-2023-10-17-3491,2023-12-28,523575.0,昇達科,162.5,3222,False,3491
2023-12-28,2023-12-g003-2023-12-15-6472,2023-12-28,578760.0,保瑞,636.0,910,False,6472
2023-12-28,2023-12-g010-2023-12-18-3006,2023-12-28,688842.0,晶豪科,106.5,6468,False,3006
2023-12-29,2023-10-g011-2023-10-17-3491,2023-12-29,523575.0,昇達科,162.5,3222,False,3491
2023-12-29,2023-12-g003-2023-12-15-6472,2023-12-29,581490.0,保瑞,639.0,910,False,6472
2023-12-29,2023-12-g010-2023-12-18-3006,2023-12-29,633864.0,晶豪科,98.0,6468,False,3006
2024-01-02,2023-10-g011-2023-10-17-3491,2024-01-02,518742.0,昇達科,161.0,3222,False,3491
2024-01-02,2023-12-g003-2023-12-15-6472,2024-01-02,589680.0,保瑞,648.0,910,False,6472
2024-01-02,2023-12-g010-2023-12-18-3006,2024-01-02,619634.4,晶豪科,95.8,6468,False,3006
2024-01-03,2023-10-g011-2023-10-17-3491,2024-01-03,507465.0,昇達科,157.5,3222,False,3491
2024-01-03,2023-12-g003-2023-12-15-6472,2024-01-03,579670.0,保瑞,637.0,910,False,6472
2024-01-03,2023-12-g010-2023-12-18-3006,2024-01-03,620281.2000000001,晶豪科,95.9,6468,False,3006
2024-01-04,2023-10-g011-2023-10-17-3491,2024-01-04,507465.0,昇達科,157.5,3222,False,3491
2024-01-04,2023-12-g003-2023-12-15-6472,2024-01-04,575120.0,保瑞,632.0,910,False,6472
2024-01-04,2023-12-g010-2023-12-18-3006,2024-01-04,606698.4,晶豪科,93.8,6468,False,3006
2024-01-05,2023-10-g011-2023-10-17-3491,2024-01-05,521964.0,昇達科,162.0,3222,False,3491
2024-01-05,2023-12-g003-2023-12-15-6472,2024-01-05,605150.0,保瑞,665.0,910,False,6472
2024-01-05,2023-12-g010-2023-12-18-3006,2024-01-05,608638.7999999999,晶豪科,94.1,6468,False,3006
2024-01-08,2023-10-g011-2023-10-17-3491,2024-01-08,521964.0,昇達科,162.0,3222,False,3491
2024-01-08,2023-12-g003-2023-12-15-6472,2024-01-08,604240.0,保瑞,664.0,910,False,6472
2024-01-08,2023-12-g010-2023-12-18-3006,2024-01-08,591822.0,晶豪科,91.5,6468,False,3006
2024-01-09,2023-10-g011-2023-10-17-3491,2024-01-09,520353.0,昇達科,161.5,3222,False,3491
2024-01-09,2023-12-g003-2023-12-15-6472,2024-01-09,599690.0,保瑞,659.0,910,False,6472
2024-01-09,2023-12-g010-2023-12-18-3006,2024-01-09,588588.0,晶豪科,91.0,6468,False,3006
2024-01-10,2023-10-g011-2023-10-17-3491,2024-01-10,518742.0,昇達科,161.0,3222,False,3491
2024-01-10,2023-12-g003-2023-12-15-6472,2024-01-10,581490.0,保瑞,639.0,910,False,6472
2024-01-10,2023-12-g010-2023-12-18-3006,2024-01-10,587941.2000000001,晶豪科,90.9,6468,False,3006
2024-01-11,2023-10-g011-2023-10-17-3491,2024-01-11,515520.0,昇達科,160.0,3222,False,3491
2024-01-11,2023-12-g003-2023-12-15-6472,2024-01-11,587860.0,保瑞,646.0,910,False,6472
2024-01-11,2023-12-g010-2023-12-18-3006,2024-01-11,594409.2000000001,晶豪科,91.9,6468,False,3006
2024-01-12,2023-10-g011-2023-10-17-3491,2024-01-12,518742.0,昇達科,161.0,3222,False,3491
2024-01-12,2023-12-g003-2023-12-15-6472,2024-01-12,606970.0,保瑞,667.0,910,False,6472
2024-01-12,2023-12-g010-2023-12-18-3006,2024-01-12,584060.4,晶豪科,90.3,6468,False,3006
2024-01-15,2023-10-g011-2023-10-17-3491,2024-01-15,521964.0,昇達科,162.0,3222,False,3491
2024-01-15,2023-12-g003-2023-12-15-6472,2024-01-15,631540.0,保瑞,694.0,910,False,6472
2024-01-15,2023-12-g010-2023-12-18-3006,2024-01-15,607992.0,晶豪科,94.0,6468,False,3006
2024-01-16,2023-10-g011-2023-10-17-3491,2024-01-16,27540.0,昇達科,162.0,170,False,3491
2024-01-16,2023-12-g003-2023-12-15-6472,2024-01-15,631540.0,保瑞,694.0,910,True,6472
2024-01-16,2023-12-g010-2023-12-18-3006,2024-01-16,595702.7999999999,晶豪科,92.1,6468,False,3006
2024-01-17,2023-10-g011-2023-10-17-3491,2024-01-17,10920.0,昇達科,156.0,70,False,3491
2024-01-17,2023-12-g003-2023-12-15-6472,2024-01-17,616980.0,保瑞,678.0,910,False,6472
2024-01-17,2023-12-g010-2023-12-18-3006,2024-01-17,576298.7999999999,晶豪科,89.1,6468,False,3006
2024-01-18,2023-12-g003-2023-12-15-6472,2024-01-18,633360.0,保瑞,696.0,910,False,6472
2024-01-18,2023-12-g010-2023-12-18-3006,2024-01-18,580826.4,晶豪科,89.8,6468,False,3006
2024-01-19,2023-12-g003-2023-12-15-6472,2024-01-19,620620.0,保瑞,682.0,910,False,6472
2024-01-19,2023-12-g010-2023-12-18-3006,2024-01-19,589881.6,晶豪科,91.2,6468,False,3006
2024-01-22,2023-12-g003-2023-12-15-6472,2024-01-22,614250.0,保瑞,675.0,910,False,6472
2024-01-22,2023-12-g010-2023-12-18-3006,2024-01-22,607345.2000000001,晶豪科,93.9,6468,False,3006
2024-01-23,2023-12-g003-2023-12-15-6472,2024-01-23,606060.0,保瑞,666.0,910,False,6472
2024-01-23,2023-12-g010-2023-12-18-3006,2024-01-23,609285.6,晶豪科,94.2,6468,False,3006
2024-01-24,2023-12-g003-2023-12-15-6472,2024-01-24,608790.0,保瑞,669.0,910,False,6472
2024-01-24,2023-12-g010-2023-12-18-3006,2024-01-24,602170.7999999999,晶豪科,93.1,6468,False,3006
2024-01-25,2023-12-g003-2023-12-15-6472,2024-01-25,598780.0,保瑞,658.0,910,False,6472
2024-01-25,2023-12-g010-2023-12-18-3006,2024-01-25,595702.7999999999,晶豪科,92.1,6468,False,3006
2024-01-26,2023-12-g003-2023-12-15-6472,2024-01-26,613340.0,保瑞,674.0,910,False,6472
2024-01-26,2023-12-g010-2023-12-18-3006,2024-01-26,600230.4,晶豪科,92.8,6468,False,3006
2024-01-29,2023-12-g003-2023-12-15-6472,2024-01-29,605150.0,保瑞,665.0,910,False,6472
2024-01-29,2023-12-g010-2023-12-18-3006,2024-01-29,600230.4,晶豪科,92.8,6468,False,3006
2024-01-30,2023-12-g003-2023-12-15-6472,2024-01-30,611520.0,保瑞,672.0,910,False,6472
2024-01-30,2023-12-g010-2023-12-18-3006,2024-01-30,594409.2000000001,晶豪科,91.9,6468,False,3006
2024-01-31,2023-12-g003-2023-12-15-6472,2024-01-31,612430.0,保瑞,673.0,910,False,6472
2024-01-31,2023-12-g010-2023-12-18-3006,2024-01-31,596349.6,晶豪科,92.2,6468,False,3006
2024-02-01,2023-12-g003-2023-12-15-6472,2024-02-01,616070.0,保瑞,677.0,910,False,6472
2024-02-01,2023-12-g010-2023-12-18-3006,2024-02-01,597643.2000000001,晶豪科,92.4,6468,False,3006
2024-02-02,2023-12-g003-2023-12-15-6472,2024-02-02,610610.0,保瑞,671.0,910,False,6472
2024-02-02,2023-12-g010-2023-12-18-3006,2024-02-02,588588.0,晶豪科,91.0,6468,False,3006
2024-02-05,2023-12-g003-2023-12-15-6472,2024-02-05,597870.0,保瑞,657.0,910,False,6472
2024-02-05,2023-12-g010-2023-12-18-3006,2024-02-05,582120.0,晶豪科,90.0,6468,False,3006
2024-02-15,2023-12-g003-2023-12-15-6472,2024-02-15,585130.0,保瑞,643.0,910,False,6472
2024-02-15,2023-12-g010-2023-12-18-3006,2024-02-15,602170.7999999999,晶豪科,93.1,6468,False,3006
2024-02-15,2024-02-g013-2024-02-05-6546,2024-02-15,613835.0,正基,146.5,4190,False,6546
2024-02-16,2023-12-g003-2023-12-15-6472,2024-02-16,586950.0,保瑞,645.0,910,False,6472
2024-02-16,2023-12-g010-2023-12-18-3006,2024-02-16,601524.0,晶豪科,93.0,6468,False,3006
2024-02-16,2024-02-g013-2024-02-05-6546,2024-02-16,624310.0,正基,149.0,4190,False,6546
2024-02-19,2023-12-g003-2023-12-15-6472,2024-02-19,578760.0,保瑞,636.0,910,False,6472
2024-02-19,2023-12-g010-2023-12-18-3006,2024-02-19,606051.6,晶豪科,93.7,6468,False,3006
2024-02-19,2024-02-g013-2024-02-05-6546,2024-02-19,613835.0,正基,146.5,4190,False,6546
2024-02-20,2023-12-g003-2023-12-15-6472,2024-02-20,583310.0,保瑞,641.0,910,False,6472
2024-02-20,2023-12-g010-2023-12-18-3006,2024-02-20,601524.0,晶豪科,93.0,6468,False,3006
2024-02-20,2024-02-g013-2024-02-05-6546,2024-02-20,601265.0,正基,143.5,4190,False,6546
2024-02-21,2023-12-g003-2023-12-15-6472,2024-02-21,582400.0,保瑞,640.0,910,False,6472
2024-02-21,2023-12-g010-2023-12-18-3006,2024-02-21,609285.6,晶豪科,94.2,6468,False,3006
2024-02-21,2024-02-g013-2024-02-05-6546,2024-02-21,628500.0,正基,150.0,4190,False,6546
2024-02-22,2023-12-g003-2023-12-15-6472,2024-02-22,593320.0,保瑞,652.0,910,False,6472
2024-02-22,2023-12-g010-2023-12-18-3006,2024-02-22,601524.0,晶豪科,93.0,6468,False,3006
2024-02-22,2024-02-g013-2024-02-05-6546,2024-02-22,641070.0,正基,153.0,4190,False,6546
2024-02-23,2023-12-g003-2023-12-15-6472,2024-02-23,587860.0,保瑞,646.0,910,False,6472
2024-02-23,2023-12-g010-2023-12-18-3006,2024-02-23,591822.0,晶豪科,91.5,6468,False,3006
2024-02-23,2024-02-g013-2024-02-05-6546,2024-02-23,611740.0,正基,146.0,4190,False,6546
2024-02-26,2023-12-g003-2023-12-15-6472,2024-02-26,617890.0,保瑞,679.0,910,False,6472
2024-02-26,2023-12-g010-2023-12-18-3006,2024-02-26,587941.2000000001,晶豪科,90.9,6468,False,3006
2024-02-26,2024-02-g013-2024-02-05-6546,2024-02-26,590790.0,正基,141.0,4190,False,6546
2024-02-27,2023-12-g003-2023-12-15-6472,2024-02-27,611520.0,保瑞,672.0,910,False,6472
2024-02-27,2023-12-g010-2023-12-18-3006,2024-02-27,591175.2000000001,晶豪科,91.4,6468,False,3006
2024-02-27,2024-02-g013-2024-02-05-6546,2024-02-27,578220.0,正基,138.0,4190,False,6546
2024-02-29,2023-12-g003-2023-12-15-6472,2024-02-29,608790.0,保瑞,669.0,910,False,6472
2024-02-29,2023-12-g010-2023-12-18-3006,2024-02-29,604758.0,晶豪科,93.5,6468,False,3006
2024-02-29,2024-02-g013-2024-02-05-6546,2024-02-29,599170.0,正基,143.0,4190,False,6546
2024-03-01,2023-12-g003-2023-12-15-6472,2024-03-01,607880.0,保瑞,668.0,910,False,6472
2024-03-01,2023-12-g010-2023-12-18-3006,2024-03-01,631923.6,晶豪科,97.7,6468,False,3006
2024-03-01,2024-02-g013-2024-02-05-6546,2024-03-01,599170.0,正基,143.0,4190,False,6546
2024-03-04,2023-12-g003-2023-12-15-6472,2024-03-04,615160.0,保瑞,676.0,910,False,6472
2024-03-04,2023-12-g010-2023-12-18-3006,2024-03-04,632570.4,晶豪科,97.8,6468,False,3006
2024-03-04,2024-02-g013-2024-02-05-6546,2024-03-04,638975.0,正基,152.5,4190,False,6546
2024-03-05,2023-12-g003-2023-12-15-6472,2024-03-05,627900.0,保瑞,690.0,910,False,6472
2024-03-05,2023-12-g010-2023-12-18-3006,2024-03-05,620928.0,晶豪科,96.0,6468,False,3006
2024-03-05,2024-02-g013-2024-02-05-6546,2024-03-05,647355.0,正基,154.5,4190,False,6546
2024-03-06,2023-12-g003-2023-12-15-6472,2024-03-06,605150.0,保瑞,665.0,910,False,6472
2024-03-06,2023-12-g010-2023-12-18-3006,2024-03-06,609285.6,晶豪科,94.2,6468,False,3006
2024-03-06,2024-02-g013-2024-02-05-6546,2024-03-06,628500.0,正基,150.0,4190,False,6546
2024-03-07,2023-12-g003-2023-12-15-6472,2024-03-07,599690.0,保瑞,659.0,910,False,6472
2024-03-07,2023-12-g010-2023-12-18-3006,2024-03-07,592468.7999999999,晶豪科,91.6,6468,False,3006
2024-03-07,2024-02-g013-2024-02-05-6546,2024-03-07,565650.0,正基,135.0,4190,False,6546
2024-03-08,2023-12-g003-2023-12-15-6472,2024-03-08,573300.0,保瑞,630.0,910,False,6472
2024-03-08,2023-12-g010-2023-12-18-3006,2024-03-08,557541.6,晶豪科,86.2,6468,False,3006
2024-03-08,2024-02-g013-2024-02-05-6546,2024-03-08,509085.0,正基,121.5,4190,False,6546
2024-03-11,2023-12-g003-2023-12-15-6472,2024-03-11,568750.0,保瑞,625.0,910,False,6472
2024-03-11,2023-12-g010-2023-12-18-3006,2024-03-11,569830.7999999999,晶豪科,88.1,6468,False,3006
2024-03-11,2024-02-g013-2024-02-05-6546,2024-03-11,12726.0,正基,126.0,101,False,6546
2024-03-12,2023-12-g003-2023-12-15-6472,2024-03-12,580580.0,保瑞,638.0,910,False,6472
2024-03-12,2023-12-g010-2023-12-18-3006,2024-03-12,566596.7999999999,晶豪科,87.6,6468,False,3006
2024-03-12,2024-02-g013-2024-02-05-6546,2024-03-12,1905.0,正基,127.0,15,False,6546
2024-03-12,2024-03-g012-2024-03-11-8040,2024-03-12,628085.3999999999,九暘,88.6,7089,False,8040
2024-03-13,2023-12-g003-2023-12-15-6472,2024-03-13,569660.0,保瑞,626.0,910,False,6472
2024-03-13,2023-12-g010-2023-12-18-3006,2024-03-13,554307.6,晶豪科,85.7,6468,False,3006
2024-03-13,2024-03-g012-2024-03-11-8040,2024-03-13,611071.8,九暘,86.2,7089,False,8040
2024-03-14,2023-12-g003-2023-12-15-6472,2024-03-14,569660.0,保瑞,626.0,910,False,6472
2024-03-14,2023-12-g010-2023-12-18-3006,2024-03-14,544605.6,晶豪科,84.2,6468,False,3006
2024-03-14,2024-03-g012-2024-03-11-8040,2024-03-14,620287.5,九暘,87.5,7089,False,8040
2024-03-15,2023-12-g003-2023-12-15-6472,2024-03-15,570570.0,保瑞,627.0,910,False,6472
2024-03-15,2023-12-g010-2023-12-18-3006,2024-03-15,17028.6,晶豪科,84.3,202,False,3006
2024-03-15,2024-03-g012-2024-03-11-8040,2024-03-15,582006.8999999999,九暘,82.1,7089,False,8040
2024-03-18,2023-12-g003-2023-12-15-6472,2024-03-18,567840.0,保瑞,624.0,910,False,6472
2024-03-18,2023-12-g010-2023-12-18-3006,2024-03-18,6472.5,晶豪科,86.3,75,False,3006
2024-03-18,2024-03-g012-2024-03-11-8040,2024-03-18,608236.2,九暘,85.8,7089,False,8040
2024-03-19,2023-12-g003-2023-12-15-6472,2024-03-19,564200.0,保瑞,620.0,910,False,6472
2024-03-19,2024-03-g012-2024-03-11-8040,2024-03-19,633756.6000000001,九暘,89.4,7089,False,8040
2024-03-20,2023-12-g003-2023-12-15-6472,2024-03-20,565110.0,保瑞,621.0,910,False,6472
2024-03-20,2024-03-g012-2024-03-11-8040,2024-03-20,623123.1000000001,九暘,87.9,7089,False,8040
2024-03-20,2024-03-g006-2024-03-19-4938,2024-03-20,594504.0,和碩,103.5,5744,False,4938
2024-03-21,2023-12-g003-2023-12-15-6472,2024-03-21,563290.0,保瑞,619.0,910,False,6472
2024-03-21,2024-03-g012-2024-03-11-8040,2024-03-21,626667.6000000001,九暘,88.4,7089,False,8040
2024-03-21,2024-03-g006-2024-03-19-4938,2024-03-21,600248.0,和碩,104.5,5744,False,4938
2024-03-22,2023-12-g003-2023-12-15-6472,2024-03-22,564200.0,保瑞,620.0,910,False,6472
2024-03-22,2024-03-g012-2024-03-11-8040,2024-03-22,610362.8999999999,九暘,86.1,7089,False,8040
2024-03-22,2024-03-g006-2024-03-19-4938,2024-03-22,585888.0,和碩,102.0,5744,False,4938
2024-03-25,2023-12-g003-2023-12-15-6472,2024-03-25,568750.0,保瑞,625.0,910,False,6472
2024-03-25,2024-03-g012-2024-03-11-8040,2024-03-25,626667.6000000001,九暘,88.4,7089,False,8040
2024-03-25,2024-03-g006-2024-03-19-4938,2024-03-25,583016.0,和碩,101.5,5744,False,4938
2024-03-26,2023-12-g003-2023-12-15-6472,2024-03-26,564200.0,保瑞,620.0,910,False,6472
2024-03-26,2024-03-g012-2024-03-11-8040,2024-03-26,579880.2,九暘,81.8,7089,False,8040
2024-03-26,2024-03-g006-2024-03-19-4938,2024-03-26,561763.2,和碩,97.8,5744,False,4938
2024-03-27,2023-12-g003-2023-12-15-6472,2024-03-27,158025.0,保瑞,645.0,245,False,6472
2024-03-27,2024-03-g012-2024-03-11-8040,2024-03-27,594058.2,九暘,83.8,7089,False,8040
2024-03-27,2024-03-g006-2024-03-19-4938,2024-03-27,565209.6,和碩,98.4,5744,False,4938
2024-03-28,2024-03-g012-2024-03-11-8040,2024-03-28,575626.8,九暘,81.2,7089,False,8040
2024-03-28,2024-03-g006-2024-03-19-4938,2024-03-28,572676.8,和碩,99.7,5744,False,4938
2024-03-29,2024-03-g012-2024-03-11-8040,2024-03-29,582006.8999999999,九暘,82.1,7089,False,8040
2024-03-29,2024-03-g006-2024-03-19-4938,2024-03-29,585888.0,和碩,102.0,5744,False,4938
2024-04-01,2024-03-g012-2024-03-11-8040,2024-04-01,597602.7,九暘,84.3,7089,False,8040
2024-04-01,2024-03-g006-2024-03-19-4938,2024-04-01,560040.0,和碩,97.5,5744,False,4938
2024-04-02,2024-03-g012-2024-03-11-8040,2024-04-02,586969.2,九暘,82.8,7089,False,8040
2024-04-02,2024-03-g006-2024-03-19-4938,2024-04-02,564635.2,和碩,98.3,5744,False,4938
2024-04-03,2024-03-g012-2024-03-11-8040,2024-04-03,576335.7,九暘,81.3,7089,False,8040
2024-04-03,2024-03-g006-2024-03-19-4938,2024-04-03,559465.6,和碩,97.4,5744,False,4938
2024-04-03,2024-04-g005-2024-04-02-2486,2024-04-03,539052.7000000001,一詮,70.9,7603,False,2486
2024-04-08,2024-03-g012-2024-03-11-8040,2024-04-08,560031.0,九暘,79.0,7089,False,8040
2024-04-08,2024-03-g006-2024-03-19-4938,2024-04-08,580144.0,和碩,101.0,5744,False,4938
2024-04-08,2024-04-g005-2024-04-02-2486,2024-04-08,570225.0,一詮,75.0,7603,False,2486
2024-04-09,2024-03-g012-2024-03-11-8040,2024-04-09,552942.0,九暘,78.0,7089,False,8040
2024-04-09,2024-03-g006-2024-03-19-4938,2024-04-09,577272.0,和碩,100.5,5744,False,4938
2024-04-09,2024-04-g005-2024-04-02-2486,2024-04-09,562622.0,一詮,74.0,7603,False,2486
2024-04-10,2024-03-g012-2024-03-11-8040,2024-04-10,570664.5,九暘,80.5,7089,False,8040
2024-04-10,2024-03-g006-2024-03-19-4938,2024-04-10,580144.0,和碩,101.0,5744,False,4938
2024-04-10,2024-04-g005-2024-04-02-2486,2024-04-10,536771.7999999999,一詮,70.6,7603,False,2486
2024-04-11,2024-03-g012-2024-03-11-8040,2024-04-11,563575.5,九暘,79.5,7089,False,8040
2024-04-11,2024-03-g006-2024-03-19-4938,2024-04-11,583016.0,和碩,101.5,5744,False,4938
2024-04-11,2024-04-g005-2024-04-02-2486,2024-04-11,542854.2000000001,一詮,71.4,7603,False,2486
2024-04-12,2024-03-g012-2024-03-11-8040,2024-04-12,556486.5,九暘,78.5,7089,False,8040
2024-04-12,2024-03-g006-2024-03-19-4938,2024-04-12,564635.2,和碩,98.3,5744,False,4938
2024-04-12,2024-04-g005-2024-04-02-2486,2024-04-12,559580.7999999999,一詮,73.6,7603,False,2486
2024-04-15,2024-03-g012-2024-03-11-8040,2024-04-15,545853.0,九暘,77.0,7089,False,8040
2024-04-15,2024-03-g006-2024-03-19-4938,2024-04-15,566932.8,和碩,98.7,5744,False,4938
2024-04-15,2024-04-g005-2024-04-02-2486,2024-04-15,545895.4,一詮,71.8,7603,False,2486
2024-04-16,2024-03-g012-2024-03-11-8040,2024-04-16,1500.0,九暘,75.0,20,False,8040
2024-04-16,2024-03-g006-2024-03-19-4938,2024-04-16,547977.6,和碩,95.4,5744,False,4938
2024-04-16,2024-04-g005-2024-04-02-2486,2024-04-16,531449.7000000001,一詮,69.9,7603,False,2486
2024-04-17,2024-03-g006-2024-03-19-4938,2024-04-17,553721.6,和碩,96.4,5744,False,4938
2024-04-17,2024-04-g005-2024-04-02-2486,2024-04-17,532970.2999999999,一詮,70.1,7603,False,2486
2024-04-18,2024-03-g006-2024-03-19-4938,2024-04-18,554870.4,和碩,96.6,5744,False,4938
2024-04-18,2024-04-g005-2024-04-02-2486,2024-04-18,527648.2000000001,一詮,69.4,7603,False,2486
2024-04-19,2024-03-g006-2024-03-19-4938,2024-04-19,544531.2,和碩,94.8,5744,False,4938
2024-04-19,2024-04-g005-2024-04-02-2486,2024-04-19,515483.39999999997,一詮,67.8,7603,False,2486
2024-04-19,2024-04-g009-2024-04-18-3017,2024-04-19,481320.0,奇鋐,630.0,764,False,3017
2024-04-22,2024-03-g006-2024-03-19-4938,2024-04-22,542808.0,和碩,94.5,5744,False,4938
2024-04-22,2024-04-g005-2024-04-02-2486,2024-04-22,494955.29999999993,一詮,65.1,7603,False,2486
2024-04-22,2024-04-g009-2024-04-18-3017,2024-04-22,433188.0,奇鋐,567.0,764,False,3017
2024-04-23,2024-03-g006-2024-03-19-4938,2024-04-23,543956.8,和碩,94.7,5744,False,4938
2024-04-23,2024-04-g005-2024-04-02-2486,2024-04-23,501798.0,一詮,66.0,7603,False,2486
2024-04-23,2024-04-g009-2024-04-18-3017,2024-04-23,440828.0,奇鋐,577.0,764,False,3017
2024-04-24,2024-03-g006-2024-03-19-4938,2024-04-24,555444.8,和碩,96.7,5744,False,4938
2024-04-24,2024-04-g005-2024-04-02-2486,2024-04-24,527648.2000000001,一詮,69.4,7603,False,2486
2024-04-24,2024-04-g009-2024-04-18-3017,2024-04-24,484376.0,奇鋐,634.0,764,False,3017
2024-04-25,2024-03-g006-2024-03-19-4938,2024-04-25,543956.8,和碩,94.7,5744,False,4938
2024-04-25,2024-04-g005-2024-04-02-2486,2024-04-25,549696.9,一詮,72.3,7603,False,2486
2024-04-25,2024-04-g009-2024-04-18-3017,2024-04-25,473680.0,奇鋐,620.0,764,False,3017
2024-04-26,2024-03-g006-2024-03-19-4938,2024-04-26,557168.0,和碩,97.0,5744,False,4938
2024-04-26,2024-04-g005-2024-04-02-2486,2024-04-26,551977.7999999999,一詮,72.6,7603,False,2486
2024-04-26,2024-04-g009-2024-04-18-3017,2024-04-26,490488.0,奇鋐,642.0,764,False,3017
2024-04-29,2024-03-g006-2024-03-19-4938,2024-04-29,565784.0,和碩,98.5,5744,False,4938
2024-04-29,2024-04-g005-2024-04-02-2486,2024-04-29,552738.1,一詮,72.7,7603,False,2486
2024-04-29,2024-04-g009-2024-04-18-3017,2024-04-29,478264.0,奇鋐,626.0,764,False,3017
2024-04-30,2024-03-g006-2024-03-19-4938,2024-04-30,561188.8,和碩,97.7,5744,False,4938
2024-04-30,2024-04-g005-2024-04-02-2486,2024-04-30,558820.5,一詮,73.5,7603,False,2486
2024-04-30,2024-04-g009-2024-04-18-3017,2024-04-30,499656.0,奇鋐,654.0,764,False,3017
2024-05-02,2024-03-g006-2024-03-19-4938,2024-05-02,553721.6,和碩,96.4,5744,False,4938
2024-05-02,2024-04-g005-2024-04-02-2486,2024-05-02,543614.5,一詮,71.5,7603,False,2486
2024-05-02,2024-04-g009-2024-04-18-3017,2024-05-02,501184.0,奇鋐,656.0,764,False,3017
2024-05-03,2024-03-g006-2024-03-19-4938,2024-05-03,557742.4,和碩,97.1,5744,False,4938
2024-05-03,2024-04-g005-2024-04-02-2486,2024-05-03,567183.7999999999,一詮,74.6,7603,False,2486
2024-05-03,2024-04-g009-2024-04-18-3017,2024-05-03,505768.0,奇鋐,662.0,764,False,3017
2024-05-06,2024-03-g006-2024-03-19-4938,2024-05-06,572102.4,和碩,99.6,5744,False,4938
2024-05-06,2024-04-g005-2024-04-02-2486,2024-05-06,623446.0,一詮,82.0,7603,False,2486
2024-05-06,2024-04-g009-2024-04-18-3017,2024-05-06,505768.0,奇鋐,662.0,764,False,3017
2024-05-07,2024-03-g006-2024-03-19-4938,2024-05-07,573251.2,和碩,99.8,5744,False,4938
2024-05-07,2024-04-g005-2024-04-02-2486,2024-05-07,626487.2000000001,一詮,82.4,7603,False,2486
2024-05-07,2024-04-g009-2024-04-18-3017,2024-05-07,514936.0,奇鋐,674.0,764,False,3017
2024-05-08,2024-03-g006-2024-03-19-4938,2024-05-08,572676.8,和碩,99.7,5744,False,4938
2024-05-08,2024-04-g005-2024-04-02-2486,2024-05-08,640172.6,一詮,84.2,7603,False,2486
2024-05-08,2024-04-g009-2024-04-18-3017,2024-05-08,506532.0,奇鋐,663.0,764,False,3017
2024-05-09,2024-03-g006-2024-03-19-4938,2024-05-09,567507.2,和碩,98.8,5744,False,4938
2024-05-09,2024-04-g005-2024-04-02-2486,2024-05-09,645494.7000000001,一詮,84.9,7603,False,2486
2024-05-09,2024-04-g009-2024-04-18-3017,2024-05-09,499656.0,奇鋐,654.0,764,False,3017
2024-05-10,2024-03-g006-2024-03-19-4938,2024-05-10,571528.0,和碩,99.5,5744,False,4938
2024-05-10,2024-04-g005-2024-04-02-2486,2024-05-10,638652.0,一詮,84.0,7603,False,2486
2024-05-10,2024-04-g009-2024-04-18-3017,2024-05-10,487432.0,奇鋐,638.0,764,False,3017
2024-05-13,2024-03-g006-2024-03-19-4938,2024-05-13,570953.6,和碩,99.4,5744,False,4938
2024-05-13,2024-04-g005-2024-04-02-2486,2024-05-13,614322.4,一詮,80.8,7603,False,2486
2024-05-13,2024-04-g009-2024-04-18-3017,2024-05-13,478264.0,奇鋐,626.0,764,False,3017
2024-05-14,2024-03-g006-2024-03-19-4938,2024-05-14,580144.0,和碩,101.0,5744,False,4938
2024-05-14,2024-04-g005-2024-04-02-2486,2024-05-14,627247.5,一詮,82.5,7603,False,2486
2024-05-14,2024-04-g009-2024-04-18-3017,2024-05-14,492780.0,奇鋐,645.0,764,False,3017
2024-05-15,2024-03-g006-2024-03-19-4938,2024-05-15,577272.0,和碩,100.5,5744,False,4938
2024-05-15,2024-04-g005-2024-04-02-2486,2024-05-15,600637.0,一詮,79.0,7603,False,2486
2024-05-15,2024-04-g009-2024-04-18-3017,2024-05-15,492016.0,奇鋐,644.0,764,False,3017
2024-05-16,2024-03-g006-2024-03-19-4938,2024-05-16,583016.0,和碩,101.5,5744,False,4938
2024-05-16,2024-04-g005-2024-04-02-2486,2024-05-16,596835.5,一詮,78.5,7603,False,2486
2024-05-16,2024-04-g009-2024-04-18-3017,2024-05-16,497364.0,奇鋐,651.0,764,False,3017
2024-05-17,2024-03-g006-2024-03-19-4938,2024-05-17,594504.0,和碩,103.5,5744,False,4938
2024-05-17,2024-04-g005-2024-04-02-2486,2024-05-17,617363.6,一詮,81.2,7603,False,2486
2024-05-17,2024-04-g009-2024-04-18-3017,2024-05-17,504240.0,奇鋐,660.0,764,False,3017
2024-05-20,2024-03-g006-2024-03-19-4938,2024-05-20,600248.0,和碩,104.5,5744,False,4938
2024-05-20,2024-04-g005-2024-04-02-2486,2024-05-20,629528.4,一詮,82.8,7603,False,2486
2024-05-20,2024-04-g009-2024-04-18-3017,2024-05-20,487432.0,奇鋐,638.0,764,False,3017
2024-05-21,2024-03-g006-2024-03-19-4938,2024-05-21,600248.0,和碩,104.5,5744,False,4938
2024-05-21,2024-04-g005-2024-04-02-2486,2024-05-21,653858.0,一詮,86.0,7603,False,2486
2024-05-21,2024-04-g009-2024-04-18-3017,2024-05-21,496600.0,奇鋐,650.0,764,False,3017
2024-05-22,2024-03-g006-2024-03-19-4938,2024-05-22,614608.0,和碩,107.0,5744,False,4938
2024-05-22,2024-04-g005-2024-04-02-2486,2024-05-22,632569.6,一詮,83.2,7603,False,2486
2024-05-22,2024-04-g009-2024-04-18-3017,2024-05-22,504240.0,奇鋐,660.0,764,False,3017
2024-05-23,2024-03-g006-2024-03-19-4938,2024-05-23,611736.0,和碩,106.5,5744,False,4938
2024-05-23,2024-04-g005-2024-04-02-2486,2024-05-23,695674.5,一詮,91.5,7603,False,2486
2024-05-23,2024-04-g009-2024-04-18-3017,2024-05-23,540912.0,奇鋐,708.0,764,False,3017
2024-05-24,2024-03-g006-2024-03-19-4938,2024-05-24,608864.0,和碩,106.0,5744,False,4938
2024-05-24,2024-04-g005-2024-04-02-2486,2024-05-24,691873.0,一詮,91.0,7603,False,2486
2024-05-24,2024-04-g009-2024-04-18-3017,2024-05-24,539384.0,奇鋐,706.0,764,False,3017
2024-05-27,2024-03-g006-2024-03-19-4938,2024-05-27,611736.0,和碩,106.5,5744,False,4938
2024-05-27,2024-04-g005-2024-04-02-2486,2024-05-27,760300.0,一詮,100.0,7603,False,2486
2024-05-27,2024-04-g009-2024-04-18-3017,2024-05-27,563832.0,奇鋐,738.0,764,False,3017
2024-05-28,2024-03-g006-2024-03-19-4938,2024-05-28,603120.0,和碩,105.0,5744,False,4938
2024-05-28,2024-04-g005-2024-04-02-2486,2024-05-28,752697.0,一詮,99.0,7603,False,2486
2024-05-28,2024-04-g009-2024-04-18-3017,2024-05-28,598212.0,奇鋐,783.0,764,False,3017
2024-05-29,2024-03-g006-2024-03-19-4938,2024-05-29,600248.0,和碩,104.5,5744,False,4938
2024-05-29,2024-04-g005-2024-04-02-2486,2024-05-29,745094.0,一詮,98.0,7603,False,2486
2024-05-29,2024-04-g009-2024-04-18-3017,2024-05-29,619604.0,奇鋐,811.0,764,False,3017
2024-05-30,2024-03-g006-2024-03-19-4938,2024-05-30,594504.0,和碩,103.5,5744,False,4938
2024-05-30,2024-04-g005-2024-04-02-2486,2024-05-30,738251.2999999999,一詮,97.1,7603,False,2486
2024-05-30,2024-04-g009-2024-04-18-3017,2024-05-30,596684.0,奇鋐,781.0,764,False,3017
2024-05-31,2024-03-g006-2024-03-19-4938,2024-05-31,608864.0,和碩,106.0,5744,False,4938
2024-05-31,2024-04-g005-2024-04-02-2486,2024-05-31,726086.5,一詮,95.5,7603,False,2486
2024-05-31,2024-04-g009-2024-04-18-3017,2024-05-31,587516.0,奇鋐,769.0,764,False,3017
2024-06-03,2024-03-g006-2024-03-19-4938,2024-06-03,640456.0,和碩,111.5,5744,False,4938
2024-06-03,2024-04-g005-2024-04-02-2486,2024-06-03,798315.0,一詮,105.0,7603,False,2486
2024-06-03,2024-04-g009-2024-04-18-3017,2024-06-03,562304.0,奇鋐,736.0,764,False,3017
2024-06-04,2024-03-g006-2024-03-19-4938,2024-06-04,637584.0,和碩,111.0,5744,False,4938
2024-06-04,2024-04-g005-2024-04-02-2486,2024-06-04,790712.0,一詮,104.0,7603,False,2486
2024-06-04,2024-04-g009-2024-04-18-3017,2024-06-04,550844.0,奇鋐,721.0,764,False,3017
2024-06-05,2024-03-g006-2024-03-19-4938,2024-06-05,637584.0,和碩,111.0,5744,False,4938
2024-06-05,2024-04-g005-2024-04-02-2486,2024-06-05,783109.0,一詮,103.0,7603,False,2486
2024-06-05,2024-04-g009-2024-04-18-3017,2024-06-05,523340.0,奇鋐,685.0,764,False,3017
2024-06-06,2024-03-g006-2024-03-19-4938,2024-06-06,640456.0,和碩,111.5,5744,False,4938
2024-06-06,2024-04-g005-2024-04-02-2486,2024-06-06,786910.5,一詮,103.5,7603,False,2486
2024-06-06,2024-04-g009-2024-04-18-3017,2024-06-06,504240.0,奇鋐,660.0,764,False,3017
2024-06-07,2024-03-g006-2024-03-19-4938,2024-06-07,640456.0,和碩,111.5,5744,False,4938
2024-06-07,2024-04-g005-2024-04-02-2486,2024-06-07,824925.5,一詮,108.5,7603,False,2486
2024-06-07,2024-04-g009-2024-04-18-3017,2024-06-07,473680.0,奇鋐,620.0,764,False,3017
2024-06-11,2024-03-g006-2024-03-19-4938,2024-06-11,643328.0,和碩,112.0,5744,False,4938
2024-06-11,2024-04-g005-2024-04-02-2486,2024-06-11,862940.5,一詮,113.5,7603,False,2486
2024-06-11,2024-04-g009-2024-04-18-3017,2024-06-11,508060.0,奇鋐,665.0,764,False,3017
2024-06-12,2024-03-g006-2024-03-19-4938,2024-06-12,646200.0,和碩,112.5,5744,False,4938
2024-06-12,2024-04-g005-2024-04-02-2486,2024-06-12,851536.0,一詮,112.0,7603,False,2486
2024-06-12,2024-04-g009-2024-04-18-3017,2024-06-12,525632.0,奇鋐,688.0,764,False,3017
2024-06-13,2024-03-g006-2024-03-19-4938,2024-06-13,669176.0,和碩,116.5,5744,False,4938
2024-06-13,2024-04-g005-2024-04-02-2486,2024-06-13,935169.0,一詮,123.0,7603,False,2486
2024-06-13,2024-04-g009-2024-04-18-3017,2024-06-13,543968.0,奇鋐,712.0,764,False,3017
2024-06-14,2024-03-g006-2024-03-19-4938,2024-06-14,663432.0,和碩,115.5,5744,False,4938
2024-06-14,2024-04-g005-2024-04-02-2486,2024-06-14,927566.0,一詮,122.0,7603,False,2486
2024-06-14,2024-04-g009-2024-04-18-3017,2024-06-14,564596.0,奇鋐,739.0,764,False,3017
2024-06-17,2024-03-g006-2024-03-19-4938,2024-06-17,669176.0,和碩,116.5,5744,False,4938
2024-06-17,2024-04-g005-2024-04-02-2486,2024-06-17,950375.0,一詮,125.0,7603,False,2486
2024-06-17,2024-04-g009-2024-04-18-3017,2024-06-17,552372.0,奇鋐,723.0,764,False,3017
2024-06-18,2024-03-g006-2024-03-19-4938,2024-06-18,669176.0,和碩,116.5,5744,False,4938
2024-06-18,2024-04-g005-2024-04-02-2486,2024-06-18,908558.5,一詮,119.5,7603,False,2486
2024-06-18,2024-04-g009-2024-04-18-3017,2024-06-18,544732.0,奇鋐,713.0,764,False,3017
2024-06-19,2024-03-g006-2024-03-19-4938,2024-06-19,669176.0,和碩,116.5,5744,False,4938
2024-06-19,2024-04-g005-2024-04-02-2486,2024-06-19,900955.5,一詮,118.5,7603,False,2486
2024-06-19,2024-04-g009-2024-04-18-3017,2024-06-19,537856.0,奇鋐,704.0,764,False,3017
2024-06-20,2024-03-g006-2024-03-19-4938,2024-06-20,689280.0,和碩,120.0,5744,False,4938
2024-06-20,2024-04-g005-2024-04-02-2486,2024-06-20,904757.0,一詮,119.0,7603,False,2486
2024-06-20,2024-04-g009-2024-04-18-3017,2024-06-20,565360.0,奇鋐,740.0,764,False,3017
2024-06-21,2024-03-g006-2024-03-19-4938,2024-06-21,33201.0,和碩,119.0,279,False,4938
2024-06-21,2024-04-g005-2024-04-02-2486,2024-06-21,916161.5,一詮,120.5,7603,False,2486
2024-06-21,2024-04-g009-2024-04-18-3017,2024-06-21,558484.0,奇鋐,731.0,764,False,3017
2024-06-24,2024-04-g005-2024-04-02-2486,2024-06-24,893352.5,一詮,117.5,7603,False,2486
2024-06-24,2024-04-g009-2024-04-18-3017,2024-06-24,545496.0,奇鋐,714.0,764,False,3017
2024-06-25,2024-04-g005-2024-04-02-2486,2024-06-25,912360.0,一詮,120.0,7603,False,2486
2024-06-25,2024-04-g009-2024-04-18-3017,2024-06-25,535564.0,奇鋐,701.0,764,False,3017
2024-06-26,2024-04-g005-2024-04-02-2486,2024-06-26,1003596.0,一詮,132.0,7603,False,2486
2024-06-26,2024-04-g009-2024-04-18-3017,2024-06-26,565360.0,奇鋐,740.0,764,False,3017
2024-06-27,2024-04-g005-2024-04-02-2486,2024-06-27,1049214.0,一詮,138.0,7603,False,2486
2024-06-27,2024-04-g009-2024-04-18-3017,2024-06-27,562304.0,奇鋐,736.0,764,False,3017
2024-06-28,2024-04-g005-2024-04-02-2486,2024-06-28,1026405.0,一詮,135.0,7603,False,2486
2024-06-28,2024-04-g009-2024-04-18-3017,2024-06-28,584460.0,奇鋐,765.0,764,False,3017
2024-07-01,2024-04-g005-2024-04-02-2486,2024-07-01,1011199.0,一詮,133.0,7603,False,2486
2024-07-01,2024-04-g009-2024-04-18-3017,2024-07-01,567652.0,奇鋐,743.0,764,False,3017
2024-07-02,2024-04-g005-2024-04-02-2486,2024-07-02,992191.5,一詮,130.5,7603,False,2486
2024-07-02,2024-04-g009-2024-04-18-3017,2024-07-02,574528.0,奇鋐,752.0,764,False,3017
2024-07-02,2024-07-g010-2024-07-01-3105,2024-07-02,708624.0,穩懋,171.0,4144,False,3105
2024-07-03,2024-04-g005-2024-04-02-2486,2024-07-03,1037809.5,一詮,136.5,7603,False,2486
2024-07-03,2024-04-g009-2024-04-18-3017,2024-07-03,569180.0,奇鋐,745.0,764,False,3017
2024-07-03,2024-07-g010-2024-07-01-3105,2024-07-03,723128.0,穩懋,174.5,4144,False,3105
2024-07-04,2024-04-g005-2024-04-02-2486,2024-07-04,1049214.0,一詮,138.0,7603,False,2486
2024-07-04,2024-04-g009-2024-04-18-3017,2024-07-04,574528.0,奇鋐,752.0,764,False,3017
2024-07-04,2024-07-g010-2024-07-01-3105,2024-07-04,718984.0,穩懋,173.5,4144,False,3105
2024-07-05,2024-04-g009-2024-04-18-3017,2024-07-05,583696.0,奇鋐,764.0,764,False,3017
2024-07-05,2024-07-g010-2024-07-01-3105,2024-07-05,747992.0,穩懋,180.5,4144,False,3105
2024-07-08,2024-04-g009-2024-04-18-3017,2024-07-08,569180.0,奇鋐,745.0,764,False,3017
2024-07-08,2024-07-g010-2024-07-01-3105,2024-07-08,739704.0,穩懋,178.5,4144,False,3105
2024-07-08,2024-07-g009-2024-07-05-2365,2024-07-08,776083.5,昆盈,55.1,14085,False,2365
2024-07-09,2024-04-g009-2024-04-18-3017,2024-07-09,555428.0,奇鋐,727.0,764,False,3017
2024-07-09,2024-07-g010-2024-07-01-3105,2024-07-09,733488.0,穩懋,177.0,4144,False,3105
2024-07-09,2024-07-g009-2024-07-05-2365,2024-07-09,711292.5,昆盈,50.5,14085,False,2365
2024-07-10,2024-04-g009-2024-04-18-3017,2024-07-10,554664.0,奇鋐,726.0,764,False,3017
2024-07-10,2024-07-g010-2024-07-01-3105,2024-07-10,745920.0,穩懋,180.0,4144,False,3105
2024-07-10,2024-07-g009-2024-07-05-2365,2024-07-10,781717.5,昆盈,55.5,14085,False,2365
2024-07-11,2024-04-g009-2024-04-18-3017,2024-07-11,545496.0,奇鋐,714.0,764,False,3017
2024-07-11,2024-07-g010-2024-07-01-3105,2024-07-11,745920.0,穩懋,180.0,4144,False,3105
2024-07-11,2024-07-g009-2024-07-05-2365,2024-07-11,814113.0,昆盈,57.8,14085,False,2365
2024-07-12,2024-04-g009-2024-04-18-3017,2024-07-12,541676.0,奇鋐,709.0,764,False,3017
2024-07-12,2024-07-g010-2024-07-01-3105,2024-07-12,716912.0,穩懋,173.0,4144,False,3105
2024-07-12,2024-07-g009-2024-07-05-2365,2024-07-12,816930.0,昆盈,58.0,14085,False,2365
2024-07-15,2024-04-g009-2024-04-18-3017,2024-07-15,536328.0,奇鋐,702.0,764,False,3017
2024-07-15,2024-07-g010-2024-07-01-3105,2024-07-15,708624.0,穩懋,171.0,4144,False,3105
2024-07-15,2024-07-g009-2024-07-05-2365,2024-07-15,836649.0,昆盈,59.4,14085,False,2365
2024-07-16,2024-04-g009-2024-04-18-3017,2024-07-16,527924.0,奇鋐,691.0,764,False,3017
2024-07-16,2024-07-g010-2024-07-01-3105,2024-07-16,716912.0,穩懋,173.0,4144,False,3105
2024-07-16,2024-07-g009-2024-07-05-2365,2024-07-16,833832.0,昆盈,59.2,14085,False,2365
2024-07-17,2024-04-g009-2024-04-18-3017,2024-07-17,527160.0,奇鋐,690.0,764,False,3017
2024-07-17,2024-07-g010-2024-07-01-3105,2024-07-17,750064.0,穩懋,181.0,4144,False,3105
2024-07-17,2024-07-g009-2024-07-05-2365,2024-07-17,916933.4999999999,昆盈,65.1,14085,False,2365
2024-07-18,2024-04-g009-2024-04-18-3017,2024-07-18,515700.0,奇鋐,675.0,764,False,3017
2024-07-18,2024-07-g010-2024-07-01-3105,2024-07-18,731416.0,穩懋,176.5,4144,False,3105
2024-07-18,2024-07-g009-2024-07-05-2365,2024-07-18,942286.5000000001,昆盈,66.9,14085,False,2365
2024-07-19,2024-07-g010-2024-07-01-3105,2024-07-19,687904.0,穩懋,166.0,4144,False,3105
2024-07-19,2024-07-g009-2024-07-05-2365,2024-07-19,898623.0,昆盈,63.8,14085,False,2365
2024-07-22,2024-07-g010-2024-07-01-3105,2024-07-22,646464.0,穩懋,156.0,4144,False,3105
2024-07-22,2024-07-g009-2024-07-05-2365,2024-07-22,894397.5,昆盈,63.5,14085,False,2365
2024-07-23,2024-07-g010-2024-07-01-3105,2024-07-23,665112.0,穩懋,160.5,4144,False,3105
2024-07-23,2024-07-g009-2024-07-05-2365,2024-07-23,905665.5,昆盈,64.3,14085,False,2365
2024-07-26,2024-07-g010-2024-07-01-3105,2024-07-26,634032.0,穩懋,153.0,4144,False,3105
2024-07-26,2024-07-g009-2024-07-05-2365,2024-07-26,901440.0,昆盈,64.0,14085,False,2365
2024-07-29,2024-07-g010-2024-07-01-3105,2024-07-29,615384.0,穩懋,148.5,4144,False,3105
2024-07-29,2024-07-g009-2024-07-05-2365,2024-07-29,833832.0,昆盈,59.2,14085,False,2365
2024-07-30,2024-07-g009-2024-07-05-2365,2024-07-30,814113.0,昆盈,57.8,14085,False,2365
2024-07-31,2024-07-g009-2024-07-05-2365,2024-07-31,794394.0,昆盈,56.4,14085,False,2365
2024-08-01,2024-07-g009-2024-07-05-2365,2024-08-01,873270.0,昆盈,62.0,14085,False,2365
2024-08-02,2024-07-g009-2024-07-05-2365,2024-08-02,905665.5,昆盈,64.3,14085,False,2365
2024-08-05,2024-07-g009-2024-07-05-2365,2024-08-05,815521.5,昆盈,57.9,14085,False,2365
2024-08-06,2024-07-g009-2024-07-05-2365,2024-08-06,743688.0,昆盈,52.8,14085,False,2365
2024-08-07,2024-07-g009-2024-07-05-2365,2024-08-07,816930.0,昆盈,58.0,14085,False,2365
2024-08-07,2024-08-g004-2024-08-06-3131,2024-08-07,452100.0,弘塑,1650.0,274,False,3131
2024-08-08,2024-07-g009-2024-07-05-2365,2024-08-08,863410.5,昆盈,61.3,14085,False,2365
2024-08-08,2024-08-g004-2024-08-06-3131,2024-08-08,421960.0,弘塑,1540.0,274,False,3131
2024-08-09,2024-07-g009-2024-07-05-2365,2024-08-09,885946.5,昆盈,62.9,14085,False,2365
2024-08-09,2024-08-g004-2024-08-06-3131,2024-08-09,463060.0,弘塑,1690.0,274,False,3131
2024-08-12,2024-07-g009-2024-07-05-2365,2024-08-12,885946.5,昆盈,62.9,14085,False,2365
2024-08-12,2024-08-g004-2024-08-06-3131,2024-08-12,456210.0,弘塑,1665.0,274,False,3131
2024-08-12,2024-08-g011-2024-08-09-8374,2024-08-12,674485.0,羅昇,122.5,5506,False,8374
2024-08-13,2024-07-g009-2024-07-05-2365,2024-08-13,908482.5,昆盈,64.5,14085,False,2365
2024-08-13,2024-08-g004-2024-08-06-3131,2024-08-13,452100.0,弘塑,1650.0,274,False,3131
2024-08-13,2024-08-g011-2024-08-09-8374,2024-08-13,740557.0,羅昇,134.5,5506,False,8374
2024-08-14,2024-07-g009-2024-07-05-2365,2024-08-14,905665.5,昆盈,64.3,14085,False,2365
2024-08-14,2024-08-g004-2024-08-06-3131,2024-08-14,493200.0,弘塑,1800.0,274,False,3131
2024-08-14,2024-08-g011-2024-08-09-8374,2024-08-14,812135.0,羅昇,147.5,5506,False,8374
2024-08-15,2024-07-g009-2024-07-05-2365,2024-08-15,901440.0,昆盈,64.0,14085,False,2365
2024-08-15,2024-08-g004-2024-08-06-3131,2024-08-15,542520.0,弘塑,1980.0,274,False,3131
2024-08-15,2024-08-g011-2024-08-09-8374,2024-08-15,809382.0,羅昇,147.0,5506,False,8374
2024-08-16,2024-07-g009-2024-07-05-2365,2024-08-16,907074.0000000001,昆盈,64.4,14085,False,2365
2024-08-16,2024-08-g004-2024-08-06-3131,2024-08-16,539780.0,弘塑,1970.0,274,False,3131
2024-08-16,2024-08-g011-2024-08-09-8374,2024-08-16,842418.0,羅昇,153.0,5506,False,8374
2024-08-19,2024-07-g009-2024-07-05-2365,2024-08-19,921159.0000000001,昆盈,65.4,14085,False,2365
2024-08-19,2024-08-g004-2024-08-06-3131,2024-08-19,537040.0,弘塑,1960.0,274,False,3131
2024-08-19,2024-08-g011-2024-08-09-8374,2024-08-19,853430.0,羅昇,155.0,5506,False,8374
2024-08-20,2024-07-g009-2024-07-05-2365,2024-08-20,919750.5,昆盈,65.3,14085,False,2365
2024-08-20,2024-08-g004-2024-08-06-3131,2024-08-20,537040.0,弘塑,1960.0,274,False,3131
2024-08-20,2024-08-g011-2024-08-09-8374,2024-08-20,825900.0,羅昇,150.0,5506,False,8374
2024-08-21,2024-07-g009-2024-07-05-2365,2024-08-21,883129.5,昆盈,62.7,14085,False,2365
2024-08-21,2024-08-g004-2024-08-06-3131,2024-08-21,526080.0,弘塑,1920.0,274,False,3131
2024-08-21,2024-08-g011-2024-08-09-8374,2024-08-21,768087.0,羅昇,139.5,5506,False,8374
2024-08-22,2024-07-g009-2024-07-05-2365,2024-08-22,863410.5,昆盈,61.3,14085,False,2365
2024-08-22,2024-08-g004-2024-08-06-3131,2024-08-22,526080.0,弘塑,1920.0,274,False,3131
2024-08-22,2024-08-g011-2024-08-09-8374,2024-08-22,754322.0,羅昇,137.0,5506,False,8374
2024-08-23,2024-07-g009-2024-07-05-2365,2024-08-23,871861.5,昆盈,61.9,14085,False,2365
2024-08-23,2024-08-g004-2024-08-06-3131,2024-08-23,554850.0,弘塑,2025.0,274,False,3131
2024-08-23,2024-08-g011-2024-08-09-8374,2024-08-23,748816.0,羅昇,136.0,5506,False,8374
2024-08-26,2024-07-g009-2024-07-05-2365,2024-08-26,831015.0,昆盈,59.0,14085,False,2365
2024-08-26,2024-08-g004-2024-08-06-3131,2024-08-26,523340.0,弘塑,1910.0,274,False,3131
2024-08-26,2024-08-g011-2024-08-09-8374,2024-08-26,743310.0,羅昇,135.0,5506,False,8374
2024-08-27,2024-07-g009-2024-07-05-2365,2024-08-27,873270.0,昆盈,62.0,14085,False,2365
2024-08-27,2024-08-g004-2024-08-06-3131,2024-08-27,561700.0,弘塑,2050.0,274,False,3131
2024-08-27,2024-08-g011-2024-08-09-8374,2024-08-27,817641.0,羅昇,148.5,5506,False,8374
2024-08-28,2024-07-g009-2024-07-05-2365,2024-08-28,854959.5,昆盈,60.7,14085,False,2365
2024-08-28,2024-08-g004-2024-08-06-3131,2024-08-28,574030.0,弘塑,2095.0,274,False,3131
2024-08-28,2024-08-g011-2024-08-09-8374,2024-08-28,795617.0,羅昇,144.5,5506,False,8374
2024-08-29,2024-07-g009-2024-07-05-2365,2024-08-29,857776.5,昆盈,60.9,14085,False,2365
2024-08-29,2024-08-g004-2024-08-06-3131,2024-08-29,579510.0,弘塑,2115.0,274,False,3131
2024-08-29,2024-08-g011-2024-08-09-8374,2024-08-29,759828.0,羅昇,138.0,5506,False,8374
2024-08-30,2024-07-g009-2024-07-05-2365,2024-08-30,832423.5,昆盈,59.1,14085,False,2365
2024-08-30,2024-08-g004-2024-08-06-3131,2024-08-30,539780.0,弘塑,1970.0,274,False,3131
2024-08-30,2024-08-g011-2024-08-09-8374,2024-08-30,759828.0,羅昇,138.0,5506,False,8374
2024-09-02,2024-07-g009-2024-07-05-2365,2024-09-02,822564.0,昆盈,58.4,14085,False,2365
2024-09-02,2024-08-g004-2024-08-06-3131,2024-09-02,512380.0,弘塑,1870.0,274,False,3131
2024-09-02,2024-08-g011-2024-08-09-8374,2024-09-02,743310.0,羅昇,135.0,5506,False,8374
2024-09-03,2024-07-g009-2024-07-05-2365,2024-09-03,836649.0,昆盈,59.4,14085,False,2365
2024-09-03,2024-08-g004-2024-08-06-3131,2024-09-03,482240.0,弘塑,1760.0,274,False,3131
2024-09-03,2024-08-g011-2024-08-09-8374,2024-09-03,787358.0,羅昇,143.0,5506,False,8374
2024-09-04,2024-07-g009-2024-07-05-2365,2024-09-04,819747.0,昆盈,58.2,14085,False,2365
2024-09-04,2024-08-g004-2024-08-06-3131,2024-09-04,460320.0,弘塑,1680.0,274,False,3131
2024-09-04,2024-08-g011-2024-08-09-8374,2024-09-04,861689.0,羅昇,156.5,5506,False,8374
2024-09-05,2024-07-g009-2024-07-05-2365,2024-09-05,839466.0,昆盈,59.6,14085,False,2365
2024-09-05,2024-08-g004-2024-08-06-3131,2024-09-05,438400.0,弘塑,1600.0,274,False,3131
2024-09-05,2024-08-g011-2024-08-09-8374,2024-09-05,795617.0,羅昇,144.5,5506,False,8374
2024-09-06,2024-07-g009-2024-07-05-2365,2024-09-06,819747.0,昆盈,58.2,14085,False,2365
2024-09-06,2024-08-g004-2024-08-06-3131,2024-09-06,457580.0,弘塑,1670.0,274,False,3131
2024-09-06,2024-08-g011-2024-08-09-8374,2024-09-06,765334.0,羅昇,139.0,5506,False,8374
2024-09-09,2024-07-g009-2024-07-05-2365,2024-09-09,831015.0,昆盈,59.0,14085,False,2365
2024-09-09,2024-08-g004-2024-08-06-3131,2024-09-09,452100.0,弘塑,1650.0,274,False,3131
2024-09-09,2024-08-g011-2024-08-09-8374,2024-09-09,806629.0,羅昇,146.5,5506,False,8374
2024-09-10,2024-07-g009-2024-07-05-2365,2024-09-10,801436.5,昆盈,56.9,14085,False,2365
2024-09-10,2024-08-g004-2024-08-06-3131,2024-09-10,450730.0,弘塑,1645.0,274,False,3131
2024-09-10,2024-08-g011-2024-08-09-8374,2024-09-10,787358.0,羅昇,143.0,5506,False,8374
2024-09-11,2024-07-g009-2024-07-05-2365,2024-09-11,787351.5,昆盈,55.9,14085,False,2365
2024-09-11,2024-08-g004-2024-08-06-3131,2024-09-11,478130.0,弘塑,1745.0,274,False,3131
2024-09-11,2024-08-g011-2024-08-09-8374,2024-09-11,790111.0,羅昇,143.5,5506,False,8374
2024-09-12,2024-07-g009-2024-07-05-2365,2024-09-12,797211.0,昆盈,56.6,14085,False,2365
2024-09-12,2024-08-g004-2024-08-06-3131,2024-09-12,524710.0,弘塑,1915.0,274,False,3131
2024-09-12,2024-08-g011-2024-08-09-8374,2024-09-12,798370.0,羅昇,145.0,5506,False,8374
2024-09-13,2024-07-g009-2024-07-05-2365,2024-09-13,778900.5,昆盈,55.3,14085,False,2365
2024-09-13,2024-08-g004-2024-08-06-3131,2024-09-13,534300.0,弘塑,1950.0,274,False,3131
2024-09-13,2024-08-g011-2024-08-09-8374,2024-09-13,814888.0,羅昇,148.0,5506,False,8374
2024-09-16,2024-07-g009-2024-07-05-2365,2024-09-16,788760.0,昆盈,56.0,14085,False,2365
2024-09-16,2024-08-g004-2024-08-06-3131,2024-09-16,537040.0,弘塑,1960.0,274,False,3131
2024-09-16,2024-08-g011-2024-08-09-8374,2024-09-16,809382.0,羅昇,147.0,5506,False,8374
2024-09-18,2024-07-g009-2024-07-05-2365,2024-09-18,763407.0,昆盈,54.2,14085,False,2365
2024-09-18,2024-08-g004-2024-08-06-3131,2024-09-18,517860.0,弘塑,1890.0,274,False,3131
2024-09-18,2024-08-g011-2024-08-09-8374,2024-09-18,781852.0,羅昇,142.0,5506,False,8374
2024-09-19,2024-07-g009-2024-07-05-2365,2024-09-19,770449.5,昆盈,54.7,14085,False,2365
2024-09-19,2024-08-g004-2024-08-06-3131,2024-09-19,528820.0,弘塑,1930.0,274,False,3131
2024-09-19,2024-08-g011-2024-08-09-8374,2024-09-19,806629.0,羅昇,146.5,5506,False,8374
2024-09-20,2024-07-g009-2024-07-05-2365,2024-09-20,753547.5,昆盈,53.5,14085,False,2365
2024-09-20,2024-08-g004-2024-08-06-3131,2024-09-20,531560.0,弘塑,1940.0,274,False,3131
2024-09-20,2024-08-g011-2024-08-09-8374,2024-09-20,784605.0,羅昇,142.5,5506,False,8374
2024-09-23,2024-07-g009-2024-07-05-2365,2024-09-23,722560.5,昆盈,51.3,14085,False,2365
2024-09-23,2024-08-g004-2024-08-06-3131,2024-09-23,498680.0,弘塑,1820.0,274,False,3131
2024-09-23,2024-08-g011-2024-08-09-8374,2024-09-23,762581.0,羅昇,138.5,5506,False,8374
2024-09-24,2024-07-g009-2024-07-05-2365,2024-09-24,735237.0,昆盈,52.2,14085,False,2365
2024-09-24,2024-08-g004-2024-08-06-3131,2024-09-24,487720.0,弘塑,1780.0,274,False,3131
2024-09-24,2024-08-g011-2024-08-09-8374,2024-09-24,754322.0,羅昇,137.0,5506,False,8374
2024-09-25,2024-07-g009-2024-07-05-2365,2024-09-25,776083.5,昆盈,55.1,14085,False,2365
2024-09-25,2024-08-g004-2024-08-06-3131,2024-09-25,502790.0,弘塑,1835.0,274,False,3131
2024-09-25,2024-08-g011-2024-08-09-8374,2024-09-25,787358.0,羅昇,143.0,5506,False,8374
2024-09-26,2024-07-g009-2024-07-05-2365,2024-09-26,770449.5,昆盈,54.7,14085,False,2365
2024-09-26,2024-08-g004-2024-08-06-3131,2024-09-26,506900.0,弘塑,1850.0,274,False,3131
2024-09-26,2024-08-g011-2024-08-09-8374,2024-09-26,779099.0,羅昇,141.5,5506,False,8374
2024-09-27,2024-07-g009-2024-07-05-2365,2024-09-27,757773.0,昆盈,53.8,14085,False,2365
2024-09-27,2024-08-g004-2024-08-06-3131,2024-09-27,490460.0,弘塑,1790.0,274,False,3131
2024-09-27,2024-08-g011-2024-08-09-8374,2024-09-27,770840.0,羅昇,140.0,5506,False,8374
2024-09-30,2024-07-g009-2024-07-05-2365,2024-09-30,760590.0,昆盈,54.0,14085,False,2365
2024-09-30,2024-08-g004-2024-08-06-3131,2024-09-30,476760.0,弘塑,1740.0,274,False,3131
2024-09-30,2024-08-g011-2024-08-09-8374,2024-09-30,768087.0,羅昇,139.5,5506,False,8374
2024-10-01,2024-07-g009-2024-07-05-2365,2024-10-01,759181.5,昆盈,53.9,14085,False,2365
2024-10-01,2024-08-g004-2024-08-06-3131,2024-10-01,480870.0,弘塑,1755.0,274,False,3131
2024-10-01,2024-08-g011-2024-08-09-8374,2024-10-01,773593.0,羅昇,140.5,5506,False,8374
2024-10-04,2024-07-g009-2024-07-05-2365,2024-10-04,722560.5,昆盈,51.3,14085,False,2365
2024-10-04,2024-08-g004-2024-08-06-3131,2024-10-04,472650.0,弘塑,1725.0,274,False,3131
2024-10-04,2024-08-g011-2024-08-09-8374,2024-10-04,743310.0,羅昇,135.0,5506,False,8374
2024-10-07,2024-07-g009-2024-07-05-2365,2024-10-07,742279.5,昆盈,52.7,14085,False,2365
2024-10-07,2024-08-g004-2024-08-06-3131,2024-10-07,516490.0,弘塑,1885.0,274,False,3131
2024-10-07,2024-08-g011-2024-08-09-8374,2024-10-07,743310.0,羅昇,135.0,5506,False,8374
2024-10-08,2024-07-g009-2024-07-05-2365,2024-10-08,714109.5,昆盈,50.7,14085,False,2365
2024-10-08,2024-08-g004-2024-08-06-3131,2024-10-08,516490.0,弘塑,1885.0,274,False,3131
2024-10-08,2024-08-g011-2024-08-09-8374,2024-10-08,748816.0,羅昇,136.0,5506,False,8374
2024-10-09,2024-07-g009-2024-07-05-2365,2024-10-09,686643.75,昆盈,48.75,14085,False,2365
2024-10-09,2024-08-g004-2024-08-06-3131,2024-10-09,505530.0,弘塑,1845.0,274,False,3131
2024-10-09,2024-08-g011-2024-08-09-8374,2024-10-09,713027.0,羅昇,129.5,5506,False,8374
2024-10-11,2024-08-g004-2024-08-06-3131,2024-10-11,506900.0,弘塑,1850.0,274,False,3131
2024-10-11,2024-08-g011-2024-08-09-8374,2024-10-11,677238.0,羅昇,123.0,5506,False,8374
2024-10-14,2024-08-g004-2024-08-06-3131,2024-10-14,497310.0,弘塑,1815.0,274,False,3131
2024-10-14,2024-08-g011-2024-08-09-8374,2024-10-14,704768.0,羅昇,128.0,5506,False,8374
2024-10-15,2024-08-g004-2024-08-06-3131,2024-10-15,479500.0,弘塑,1750.0,274,False,3131
2024-10-15,2024-08-g011-2024-08-09-8374,2024-10-15,704768.0,羅昇,128.0,5506,False,8374
2024-10-16,2024-08-g004-2024-08-06-3131,2024-10-16,456210.0,弘塑,1665.0,274,False,3131
2024-10-16,2024-08-g011-2024-08-09-8374,2024-10-16,773593.0,羅昇,140.5,5506,False,8374
2024-10-16,2024-10-g003-2024-10-15-1560,2024-10-16,607320.0,中砂,360.0,1687,False,1560
2024-10-17,2024-08-g004-2024-08-06-3131,2024-10-17,468540.0,弘塑,1710.0,274,False,3131
2024-10-17,2024-08-g011-2024-08-09-8374,2024-10-17,779099.0,羅昇,141.5,5506,False,8374
2024-10-17,2024-10-g003-2024-10-15-1560,2024-10-17,631781.5,中砂,374.5,1687,False,1560
2024-10-18,2024-08-g004-2024-08-06-3131,2024-10-18,449360.0,弘塑,1640.0,274,False,3131
2024-10-18,2024-08-g011-2024-08-09-8374,2024-10-18,784605.0,羅昇,142.5,5506,False,8374
2024-10-18,2024-10-g003-2024-10-15-1560,2024-10-18,613224.5,中砂,363.5,1687,False,1560
2024-10-21,2024-08-g004-2024-08-06-3131,2024-10-21,457580.0,弘塑,1670.0,274,False,3131
2024-10-21,2024-08-g011-2024-08-09-8374,2024-10-21,795617.0,羅昇,144.5,5506,False,8374
2024-10-21,2024-10-g003-2024-10-15-1560,2024-10-21,622503.0,中砂,369.0,1687,False,1560
2024-10-22,2024-08-g004-2024-08-06-3131,2024-10-22,441140.0,弘塑,1610.0,274,False,3131
2024-10-22,2024-08-g011-2024-08-09-8374,2024-10-22,792864.0,羅昇,144.0,5506,False,8374
2024-10-22,2024-10-g003-2024-10-15-1560,2024-10-22,605633.0,中砂,359.0,1687,False,1560
2024-10-23,2024-08-g004-2024-08-06-3131,2024-10-23,446620.0,弘塑,1630.0,274,False,3131
2024-10-23,2024-08-g011-2024-08-09-8374,2024-10-23,770840.0,羅昇,140.0,5506,False,8374
2024-10-23,2024-10-g003-2024-10-15-1560,2024-10-23,602259.0,中砂,357.0,1687,False,1560
2024-10-24,2024-08-g004-2024-08-06-3131,2024-10-24,443880.0,弘塑,1620.0,274,False,3131
2024-10-24,2024-08-g011-2024-08-09-8374,2024-10-24,743310.0,羅昇,135.0,5506,False,8374
2024-10-24,2024-10-g003-2024-10-15-1560,2024-10-24,572736.5,中砂,339.5,1687,False,1560
2024-10-25,2024-08-g004-2024-08-06-3131,2024-10-25,446620.0,弘塑,1630.0,274,False,3131
2024-10-25,2024-08-g011-2024-08-09-8374,2024-10-25,718533.0,羅昇,130.5,5506,False,8374
2024-10-25,2024-10-g003-2024-10-15-1560,2024-10-25,577797.5,中砂,342.5,1687,False,1560
2024-10-28,2024-08-g004-2024-08-06-3131,2024-10-28,419220.0,弘塑,1530.0,274,False,3131
2024-10-28,2024-08-g011-2024-08-09-8374,2024-10-28,704768.0,羅昇,128.0,5506,False,8374
2024-10-28,2024-10-g003-2024-10-15-1560,2024-10-28,561771.0,中砂,333.0,1687,False,1560
2024-10-29,2024-08-g004-2024-08-06-3131,2024-10-29,427440.0,弘塑,1560.0,274,False,3131
2024-10-29,2024-08-g011-2024-08-09-8374,2024-10-29,702015.0,羅昇,127.5,5506,False,8374
2024-10-29,2024-10-g003-2024-10-15-1560,2024-10-29,545744.5,中砂,323.5,1687,False,1560
2024-10-30,2024-08-g004-2024-08-06-3131,2024-10-30,441140.0,弘塑,1610.0,274,False,3131
2024-10-30,2024-08-g011-2024-08-09-8374,2024-10-30,710274.0,羅昇,129.0,5506,False,8374
2024-10-30,2024-10-g003-2024-10-15-1560,2024-10-30,521283.0,中砂,309.0,1687,False,1560
2024-11-01,2024-08-g004-2024-08-06-3131,2024-11-01,464430.0,弘塑,1695.0,274,False,3131
2024-11-01,2024-08-g011-2024-08-09-8374,2024-11-01,713027.0,羅昇,129.5,5506,False,8374
2024-11-01,2024-10-g003-2024-10-15-1560,2024-11-01,48822.0,中砂,309.0,158,False,1560
2024-11-04,2024-08-g004-2024-08-06-3131,2024-11-04,464430.0,弘塑,1695.0,274,False,3131
2024-11-04,2024-08-g011-2024-08-09-8374,2024-11-04,691003.0,羅昇,125.5,5506,False,8374
2024-11-05,2024-08-g004-2024-08-06-3131,2024-11-05,463060.0,弘塑,1690.0,274,False,3131
2024-11-05,2024-08-g011-2024-08-09-8374,2024-11-05,759828.0,羅昇,138.0,5506,False,8374
2024-11-05,2024-11-g008-2024-11-04-3231,2024-11-05,638596.5,緯創,118.5,5389,False,3231
2024-11-06,2024-08-g004-2024-08-06-3131,2024-11-06,463060.0,弘塑,1690.0,274,False,3131
2024-11-06,2024-08-g011-2024-08-09-8374,2024-11-06,748816.0,羅昇,136.0,5506,False,8374
2024-11-06,2024-11-g008-2024-11-04-3231,2024-11-06,643985.5,緯創,119.5,5389,False,3231
2024-11-07,2024-08-g004-2024-08-06-3131,2024-11-07,479500.0,弘塑,1750.0,274,False,3131
2024-11-07,2024-08-g011-2024-08-09-8374,2024-11-07,757075.0,羅昇,137.5,5506,False,8374
2024-11-07,2024-11-g008-2024-11-04-3231,2024-11-07,646680.0,緯創,120.0,5389,False,3231
2024-11-08,2024-08-g004-2024-08-06-3131,2024-11-08,484980.0,弘塑,1770.0,274,False,3131
2024-11-08,2024-08-g011-2024-08-09-8374,2024-11-08,746063.0,羅昇,135.5,5506,False,8374
2024-11-08,2024-11-g008-2024-11-04-3231,2024-11-08,665541.5,緯創,123.5,5389,False,3231
2024-11-11,2024-08-g004-2024-08-06-3131,2024-11-11,296595.0,弘塑,1755.0,169,False,3131
2024-11-11,2024-08-g011-2024-08-09-8374,2024-11-11,751569.0,羅昇,136.5,5506,False,8374
2024-11-11,2024-11-g008-2024-11-04-3231,2024-11-11,657458.0,緯創,122.0,5389,False,3231
2024-11-12,2024-08-g004-2024-08-06-3131,2024-11-12,115910.0,弘塑,1730.0,67,False,3131
2024-11-12,2024-08-g011-2024-08-09-8374,2024-11-12,729545.0,羅昇,132.5,5506,False,8374
2024-11-12,2024-11-g008-2024-11-04-3231,2024-11-12,630513.0,緯創,117.0,5389,False,3231
2024-11-13,2024-08-g011-2024-08-09-8374,2024-11-13,715780.0,羅昇,130.0,5506,False,8374
2024-11-13,2024-11-g008-2024-11-04-3231,2024-11-13,652069.0,緯創,121.0,5389,False,3231
2024-11-14,2024-08-g011-2024-08-09-8374,2024-11-14,48577.5,羅昇,127.5,381,False,8374
2024-11-14,2024-11-g008-2024-11-04-3231,2024-11-14,638596.5,緯創,118.5,5389,False,3231
2024-11-15,2024-08-g011-2024-08-09-8374,2024-11-15,38313.0,羅昇,129.0,297,False,8374
2024-11-15,2024-11-g008-2024-11-04-3231,2024-11-15,633207.5,緯創,117.5,5389,False,3231
2024-11-15,2024-11-g006-2024-11-14-2357,2024-11-15,602751.0,華碩,607.0,993,False,2357
2024-11-15,2024-11-g002-2024-11-14-1504,2024-11-15,624988.0,東元,52.0,12019,False,1504
2024-11-18,2024-08-g011-2024-08-09-8374,2024-11-18,28875.0,羅昇,125.0,231,False,8374
2024-11-18,2024-11-g008-2024-11-04-3231,2024-11-18,611651.5,緯創,113.5,5389,False,3231
2024-11-18,2024-11-g006-2024-11-14-2357,2024-11-18,607716.0,華碩,612.0,993,False,2357
2024-11-18,2024-11-g002-2024-11-14-1504,2024-11-18,629795.6,東元,52.4,12019,False,1504
2024-11-19,2024-08-g011-2024-08-09-8374,2024-11-19,23994.0,羅昇,129.0,186,False,8374
2024-11-19,2024-11-g008-2024-11-04-3231,2024-11-19,614346.0,緯創,114.0,5389,False,3231
2024-11-19,2024-11-g006-2024-11-14-2357,2024-11-19,617646.0,華碩,622.0,993,False,2357
2024-11-19,2024-11-g002-2024-11-14-1504,2024-11-19,627391.8,東元,52.2,12019,False,1504
2024-11-20,2024-08-g011-2024-08-09-8374,2024-11-20,16510.0,羅昇,127.0,130,False,8374
2024-11-20,2024-11-g008-2024-11-04-3231,2024-11-20,614346.0,緯創,114.0,5389,False,3231
2024-11-20,2024-11-g006-2024-11-14-2357,2024-11-20,614667.0,華碩,619.0,993,False,2357
2024-11-20,2024-11-g002-2024-11-14-1504,2024-11-20,629795.6,東元,52.4,12019,False,1504
2024-11-21,2024-08-g011-2024-08-09-8374,2024-11-21,10125.0,羅昇,125.0,81,False,8374
2024-11-21,2024-11-g008-2024-11-04-3231,2024-11-21,614346.0,緯創,114.0,5389,False,3231
2024-11-21,2024-11-g006-2024-11-14-2357,2024-11-21,605730.0,華碩,610.0,993,False,2357
2024-11-21,2024-11-g002-2024-11-14-1504,2024-11-21,624988.0,東元,52.0,12019,False,1504
2024-11-22,2024-08-g011-2024-08-09-8374,2024-11-22,5796.0,羅昇,126.0,46,False,8374
2024-11-22,2024-11-g008-2024-11-04-3231,2024-11-22,638596.5,緯創,118.5,5389,False,3231
2024-11-22,2024-11-g006-2024-11-14-2357,2024-11-22,606723.0,華碩,611.0,993,False,2357
2024-11-22,2024-11-g002-2024-11-14-1504,2024-11-22,626189.9,東元,52.1,12019,False,1504
2024-11-25,2024-08-g011-2024-08-09-8374,2024-11-25,261.0,羅昇,130.5,2,False,8374
2024-11-25,2024-11-g008-2024-11-04-3231,2024-11-25,670930.5,緯創,124.5,5389,False,3231
2024-11-25,2024-11-g006-2024-11-14-2357,2024-11-25,597786.0,華碩,602.0,993,False,2357
2024-11-25,2024-11-g002-2024-11-14-1504,2024-11-25,617776.6,東元,51.4,12019,False,1504
2024-11-26,2024-11-g008-2024-11-04-3231,2024-11-26,646680.0,緯創,120.0,5389,False,3231
2024-11-26,2024-11-g006-2024-11-14-2357,2024-11-26,612681.0,華碩,617.0,993,False,2357
2024-11-26,2024-11-g002-2024-11-14-1504,2024-11-26,600349.05,東元,49.95,12019,False,1504
2024-11-27,2024-11-g008-2024-11-04-3231,2024-11-27,606262.5,緯創,112.5,5389,False,3231
2024-11-27,2024-11-g006-2024-11-14-2357,2024-11-27,589842.0,華碩,594.0,993,False,2357
2024-11-27,2024-11-g002-2024-11-14-1504,2024-11-27,637007.0,東元,53.0,12019,False,1504
2024-11-28,2024-11-g008-2024-11-04-3231,2024-11-28,611651.5,緯創,113.5,5389,False,3231
2024-11-28,2024-11-g006-2024-11-14-2357,2024-11-28,576933.0,華碩,581.0,993,False,2357
2024-11-28,2024-11-g002-2024-11-14-1504,2024-11-28,634603.2,東元,52.8,12019,False,1504
2024-11-29,2024-11-g008-2024-11-04-3231,2024-11-29,611651.5,緯創,113.5,5389,False,3231
2024-11-29,2024-11-g006-2024-11-14-2357,2024-11-29,583884.0,華碩,588.0,993,False,2357
2024-11-29,2024-11-g002-2024-11-14-1504,2024-11-29,638208.9,東元,53.1,12019,False,1504
2024-12-02,2024-11-g008-2024-11-04-3231,2024-12-02,614346.0,緯創,114.0,5389,False,3231
2024-12-02,2024-11-g006-2024-11-14-2357,2024-12-02,597786.0,華碩,602.0,993,False,2357
2024-12-02,2024-11-g002-2024-11-14-1504,2024-12-02,641814.6,東元,53.4,12019,False,1504
2024-12-03,2024-11-g008-2024-11-04-3231,2024-12-03,619735.0,緯創,115.0,5389,False,3231
2024-12-03,2024-11-g006-2024-11-14-2357,2024-12-03,590835.0,華碩,595.0,993,False,2357
2024-12-03,2024-11-g002-2024-11-14-1504,2024-12-03,630997.5,東元,52.5,12019,False,1504
2024-12-04,2024-11-g008-2024-11-04-3231,2024-12-04,625124.0,緯創,116.0,5389,False,3231
2024-12-04,2024-11-g006-2024-11-14-2357,2024-12-04,596793.0,華碩,601.0,993,False,2357
2024-12-04,2024-11-g002-2024-11-14-1504,2024-12-04,623786.1,東元,51.9,12019,False,1504
2024-12-05,2024-11-g008-2024-11-04-3231,2024-12-05,630513.0,緯創,117.0,5389,False,3231
2024-12-05,2024-11-g006-2024-11-14-2357,2024-12-05,595800.0,華碩,600.0,993,False,2357
2024-12-05,2024-11-g002-2024-11-14-1504,2024-12-05,626189.9,東元,52.1,12019,False,1504
2024-12-06,2024-11-g008-2024-11-04-3231,2024-12-06,641291.0,緯創,119.0,5389,False,3231
2024-12-06,2024-11-g006-2024-11-14-2357,2024-12-06,593814.0,華碩,598.0,993,False,2357
2024-12-06,2024-11-g002-2024-11-14-1504,2024-12-06,627391.8,東元,52.2,12019,False,1504
2024-12-09,2024-11-g008-2024-11-04-3231,2024-12-09,638596.5,緯創,118.5,5389,False,3231
2024-12-09,2024-11-g006-2024-11-14-2357,2024-12-09,603744.0,華碩,608.0,993,False,2357
2024-12-09,2024-11-g002-2024-11-14-1504,2024-12-09,634603.2,東元,52.8,12019,False,1504
2024-12-10,2024-11-g008-2024-11-04-3231,2024-12-10,627818.5,緯創,116.5,5389,False,3231
2024-12-10,2024-11-g006-2024-11-14-2357,2024-12-10,600765.0,華碩,605.0,993,False,2357
2024-12-10,2024-11-g002-2024-11-14-1504,2024-12-10,622584.2,東元,51.8,12019,False,1504
2024-12-11,2024-11-g008-2024-11-04-3231,2024-12-11,614346.0,緯創,114.0,5389,False,3231
2024-12-11,2024-11-g006-2024-11-14-2357,2024-12-11,599772.0,華碩,604.0,993,False,2357
2024-12-11,2024-11-g002-2024-11-14-1504,2024-12-11,622584.2,東元,51.8,12019,False,1504
2024-12-12,2024-11-g008-2024-11-04-3231,2024-12-12,611651.5,緯創,113.5,5389,False,3231
2024-12-12,2024-11-g006-2024-11-14-2357,2024-12-12,603744.0,華碩,608.0,993,False,2357
2024-12-12,2024-11-g002-2024-11-14-1504,2024-12-12,612969.0,東元,51.0,12019,False,1504
2024-12-13,2024-11-g008-2024-11-04-3231,2024-12-13,600873.5,緯創,111.5,5389,False,3231
2024-12-13,2024-11-g006-2024-11-14-2357,2024-12-13,610695.0,華碩,615.0,993,False,2357
2024-12-13,2024-11-g002-2024-11-14-1504,2024-12-13,618978.5,東元,51.5,12019,False,1504
2024-12-16,2024-11-g008-2024-11-04-3231,2024-12-16,573928.5,緯創,106.5,5389,False,3231
2024-12-16,2024-11-g006-2024-11-14-2357,2024-12-16,596793.0,華碩,601.0,993,False,2357
2024-12-16,2024-11-g002-2024-11-14-1504,2024-12-16,624988.0,東元,52.0,12019,False,1504
2024-12-17,2024-11-g008-2024-11-04-3231,2024-12-17,584706.5,緯創,108.5,5389,False,3231
2024-12-17,2024-11-g006-2024-11-14-2357,2024-12-17,590835.0,華碩,595.0,993,False,2357
2024-12-17,2024-11-g002-2024-11-14-1504,2024-12-17,620180.4,東元,51.6,12019,False,1504
2024-12-18,2024-11-g008-2024-11-04-3231,2024-12-18,582012.0,緯創,108.0,5389,False,3231
2024-12-18,2024-11-g006-2024-11-14-2357,2024-12-18,604737.0,華碩,609.0,993,False,2357
2024-12-18,2024-11-g002-2024-11-14-1504,2024-12-18,626189.9,東元,52.1,12019,False,1504
2024-12-19,2024-11-g008-2024-11-04-3231,2024-12-19,573928.5,緯創,106.5,5389,False,3231
2024-12-19,2024-11-g006-2024-11-14-2357,2024-12-19,597786.0,華碩,602.0,993,False,2357
2024-12-19,2024-11-g002-2024-11-14-1504,2024-12-19,598546.2,東元,49.8,12019,False,1504
2024-12-20,2024-11-g008-2024-11-04-3231,2024-12-20,571234.0,緯創,106.0,5389,False,3231
2024-12-20,2024-11-g006-2024-11-14-2357,2024-12-20,595800.0,華碩,600.0,993,False,2357
2024-12-20,2024-11-g002-2024-11-14-1504,2024-12-20,610565.2,東元,50.8,12019,False,1504
2024-12-23,2024-11-g008-2024-11-04-3231,2024-12-23,582012.0,緯創,108.0,5389,False,3231
2024-12-23,2024-11-g006-2024-11-14-2357,2024-12-23,610695.0,華碩,615.0,993,False,2357
2024-12-23,2024-11-g002-2024-11-14-1504,2024-12-23,634603.2,東元,52.8,12019,False,1504
2024-12-24,2024-11-g008-2024-11-04-3231,2024-12-24,579317.5,緯創,107.5,5389,False,3231
2024-12-24,2024-11-g006-2024-11-14-2357,2024-12-24,610695.0,華碩,615.0,993,False,2357
2024-12-24,2024-11-g002-2024-11-14-1504,2024-12-24,633401.3,東元,52.7,12019,False,1504
2024-12-25,2024-11-g008-2024-11-04-3231,2024-12-25,582012.0,緯創,108.0,5389,False,3231
2024-12-25,2024-11-g006-2024-11-14-2357,2024-12-25,608709.0,華碩,613.0,993,False,2357
2024-12-25,2024-11-g002-2024-11-14-1504,2024-12-25,641814.6,東元,53.4,12019,False,1504
2024-12-26,2024-11-g008-2024-11-04-3231,2024-12-26,571234.0,緯創,106.0,5389,False,3231
2024-12-26,2024-11-g006-2024-11-14-2357,2024-12-26,611688.0,華碩,616.0,993,False,2357
2024-12-26,2024-11-g002-2024-11-14-1504,2024-12-26,659843.1,東元,54.9,12019,False,1504
2024-12-27,2024-11-g008-2024-11-04-3231,2024-12-27,573928.5,緯創,106.5,5389,False,3231
2024-12-27,2024-11-g006-2024-11-14-2357,2024-12-27,619632.0,華碩,624.0,993,False,2357
2024-12-27,2024-11-g002-2024-11-14-1504,2024-12-27,640612.7,東元,53.3,12019,False,1504
2024-12-30,2024-11-g008-2024-11-04-3231,2024-12-30,560456.0,緯創,104.0,5389,False,3231
2024-12-30,2024-11-g006-2024-11-14-2357,2024-12-30,612681.0,華碩,617.0,993,False,2357
2024-12-30,2024-11-g002-2024-11-14-1504,2024-12-30,622584.2,東元,51.8,12019,False,1504
2024-12-31,2024-11-g006-2024-11-14-2357,2024-12-31,611688.0,華碩,616.0,993,False,2357
2024-12-31,2024-11-g002-2024-11-14-1504,2024-12-31,627391.8,東元,52.2,12019,False,1504
2025-01-02,2024-11-g006-2024-11-14-2357,2025-01-02,600765.0,華碩,605.0,993,False,2357
2025-01-02,2024-11-g002-2024-11-14-1504,2025-01-02,645420.3,東元,53.7,12019,False,1504
2025-01-02,2024-12-g015-2024-12-31-2404,2025-01-02,572280.0,漢唐,456.0,1255,False,2404
2025-01-03,2024-11-g006-2024-11-14-2357,2025-01-03,618639.0,華碩,623.0,993,False,2357
2025-01-03,2024-11-g002-2024-11-14-1504,2025-01-03,638208.9,東元,53.1,12019,False,1504
2025-01-03,2024-12-g015-2024-12-31-2404,2025-01-03,593615.0,漢唐,473.0,1255,False,2404
2025-01-06,2024-11-g006-2024-11-14-2357,2025-01-06,624597.0,華碩,629.0,993,False,2357
2025-01-06,2024-11-g002-2024-11-14-1504,2025-01-06,641814.6,東元,53.4,12019,False,1504
2025-01-06,2024-12-g015-2024-12-31-2404,2025-01-06,611812.5,漢唐,487.5,1255,False,2404
2025-01-07,2024-11-g006-2024-11-14-2357,2025-01-07,643464.0,華碩,648.0,993,False,2357
2025-01-07,2024-11-g002-2024-11-14-1504,2025-01-07,640612.7,東元,53.3,12019,False,1504
2025-01-07,2024-12-g015-2024-12-31-2404,2025-01-07,641305.0,漢唐,511.0,1255,False,2404
2025-01-08,2024-11-g006-2024-11-14-2357,2025-01-08,641478.0,華碩,646.0,993,False,2357
2025-01-08,2024-11-g002-2024-11-14-1504,2025-01-08,644218.4,東元,53.6,12019,False,1504
2025-01-08,2024-12-g015-2024-12-31-2404,2025-01-08,633775.0,漢唐,505.0,1255,False,2404
2025-01-09,2024-11-g006-2024-11-14-2357,2025-01-09,628569.0,華碩,633.0,993,False,2357
2025-01-09,2024-11-g002-2024-11-14-1504,2025-01-09,632199.4,東元,52.6,12019,False,1504
2025-01-09,2024-12-g015-2024-12-31-2404,2025-01-09,622480.0,漢唐,496.0,1255,False,2404
2025-01-10,2024-11-g006-2024-11-14-2357,2025-01-10,621618.0,華碩,626.0,993,False,2357
2025-01-10,2024-11-g002-2024-11-14-1504,2025-01-10,637007.0,東元,53.0,12019,False,1504
2025-01-10,2024-12-g015-2024-12-31-2404,2025-01-10,618715.0,漢唐,493.0,1255,False,2404
2025-01-13,2024-11-g006-2024-11-14-2357,2025-01-13,604737.0,華碩,609.0,993,False,2357
2025-01-13,2024-11-g002-2024-11-14-1504,2025-01-13,630997.5,東元,52.5,12019,False,1504
2025-01-13,2024-12-g015-2024-12-31-2404,2025-01-13,613695.0,漢唐,489.0,1255,False,2404
2025-01-14,2024-11-g006-2024-11-14-2357,2025-01-14,603744.0,華碩,608.0,993,False,2357
2025-01-14,2024-11-g002-2024-11-14-1504,2025-01-14,637007.0,東元,53.0,12019,False,1504
2025-01-14,2024-12-g015-2024-12-31-2404,2025-01-14,612440.0,漢唐,488.0,1255,False,2404
2025-01-15,2024-11-g006-2024-11-14-2357,2025-01-15,586863.0,華碩,591.0,993,False,2357
2025-01-15,2024-11-g002-2024-11-14-1504,2025-01-15,637007.0,東元,53.0,12019,False,1504
2025-01-15,2024-12-g015-2024-12-31-2404,2025-01-15,603655.0,漢唐,481.0,1255,False,2404
2025-01-16,2024-11-g006-2024-11-14-2357,2025-01-16,595800.0,華碩,600.0,993,False,2357
2025-01-16,2024-11-g002-2024-11-14-1504,2025-01-16,643016.5,東元,53.5,12019,False,1504
2025-01-16,2024-12-g015-2024-12-31-2404,2025-01-16,609930.0,漢唐,486.0,1255,False,2404
2025-01-17,2024-11-g006-2024-11-14-2357,2025-01-17,595800.0,華碩,600.0,993,False,2357
2025-01-17,2024-11-g002-2024-11-14-1504,2025-01-17,633401.3,東元,52.7,12019,False,1504
2025-01-17,2024-12-g015-2024-12-31-2404,2025-01-17,640050.0,漢唐,510.0,1255,False,2404
2025-01-20,2024-11-g006-2024-11-14-2357,2025-01-20,605730.0,華碩,610.0,993,False,2357
2025-01-20,2024-11-g002-2024-11-14-1504,2025-01-20,635805.1,東元,52.9,12019,False,1504
2025-01-20,2024-12-g015-2024-12-31-2404,2025-01-20,646325.0,漢唐,515.0,1255,False,2404
2025-01-21,2024-11-g006-2024-11-14-2357,2025-01-21,594807.0,華碩,599.0,993,False,2357
2025-01-21,2024-11-g002-2024-11-14-1504,2025-01-21,637007.0,東元,53.0,12019,False,1504
2025-01-21,2024-12-g015-2024-12-31-2404,2025-01-21,646325.0,漢唐,515.0,1255,False,2404
2025-01-22,2024-11-g006-2024-11-14-2357,2025-01-22,602751.0,華碩,607.0,993,False,2357
2025-01-22,2024-11-g002-2024-11-14-1504,2025-01-22,644218.4,東元,53.6,12019,False,1504
2025-01-22,2024-12-g015-2024-12-31-2404,2025-01-22,642560.0,漢唐,512.0,1255,False,2404
2025-02-03,2024-11-g006-2024-11-14-2357,2025-02-03,644457.0,華碩,649.0,993,False,2357
2025-02-03,2024-11-g002-2024-11-14-1504,2025-02-03,656237.4,東元,54.6,12019,False,1504
2025-02-03,2024-12-g015-2024-12-31-2404,2025-02-03,621225.0,漢唐,495.0,1255,False,2404
2025-02-04,2024-11-g006-2024-11-14-2357,2025-02-04,642471.0,華碩,647.0,993,False,2357
2025-02-04,2024-11-g002-2024-11-14-1504,2025-02-04,662246.9,東元,55.1,12019,False,1504
2025-02-04,2024-12-g015-2024-12-31-2404,2025-02-04,614950.0,漢唐,490.0,1255,False,2404
2025-02-05,2024-11-g006-2024-11-14-2357,2025-02-05,652401.0,華碩,657.0,993,False,2357
2025-02-05,2024-11-g002-2024-11-14-1504,2025-02-05,655035.5,東元,54.5,12019,False,1504
2025-02-05,2024-12-g015-2024-12-31-2404,2025-02-05,618715.0,漢唐,493.0,1255,False,2404
2025-02-06,2024-11-g006-2024-11-14-2357,2025-02-06,647436.0,華碩,652.0,993,False,2357
2025-02-06,2024-11-g002-2024-11-14-1504,2025-02-06,662246.9,東元,55.1,12019,False,1504
2025-02-06,2024-12-g015-2024-12-31-2404,2025-02-06,613695.0,漢唐,489.0,1255,False,2404
2025-02-07,2024-11-g006-2024-11-14-2357,2025-02-07,660345.0,華碩,665.0,993,False,2357
2025-02-07,2024-11-g002-2024-11-14-1504,2025-02-07,662246.9,東元,55.1,12019,False,1504
2025-02-07,2024-12-g015-2024-12-31-2404,2025-02-07,613695.0,漢唐,489.0,1255,False,2404
2025-02-10,2024-11-g006-2024-11-14-2357,2025-02-10,664317.0,華碩,669.0,993,False,2357
2025-02-10,2024-11-g002-2024-11-14-1504,2025-02-10,651429.8,東元,54.2,12019,False,1504
2025-02-10,2024-12-g015-2024-12-31-2404,2025-02-10,596752.5,漢唐,475.5,1255,False,2404
2025-02-11,2024-11-g006-2024-11-14-2357,2025-02-11,660345.0,華碩,665.0,993,False,2357
2025-02-11,2024-11-g002-2024-11-14-1504,2025-02-11,649026.0,東元,54.0,12019,False,1504
2025-02-11,2024-12-g015-2024-12-31-2404,2025-02-11,587967.5,漢唐,468.5,1255,False,2404
2025-02-12,2024-11-g006-2024-11-14-2357,2025-02-12,670275.0,華碩,675.0,993,False,2357
2025-02-12,2024-11-g002-2024-11-14-1504,2025-02-12,635805.1,東元,52.9,12019,False,1504
2025-02-12,2024-12-g015-2024-12-31-2404,2025-02-12,586085.0,漢唐,467.0,1255,False,2404
2025-02-13,2024-11-g006-2024-11-14-2357,2025-02-13,674247.0,華碩,679.0,993,False,2357
2025-02-13,2024-11-g002-2024-11-14-1504,2025-02-13,643016.5,東元,53.5,12019,False,1504
2025-02-13,2024-12-g015-2024-12-31-2404,2025-02-13,587340.0,漢唐,468.0,1255,False,2404
2025-02-14,2024-11-g006-2024-11-14-2357,2025-02-14,673254.0,華碩,678.0,993,False,2357
2025-02-14,2024-11-g002-2024-11-14-1504,2025-02-14,641814.6,東元,53.4,12019,False,1504
2025-02-14,2024-12-g015-2024-12-31-2404,2025-02-14,562240.0,漢唐,448.0,1255,False,2404
2025-02-17,2024-11-g006-2024-11-14-2357,2025-02-17,676233.0,華碩,681.0,993,False,2357
2025-02-17,2024-11-g002-2024-11-14-1504,2025-02-17,639410.8,東元,53.2,12019,False,1504
2025-02-17,2024-12-g015-2024-12-31-2404,2025-02-17,581065.0,漢唐,463.0,1255,False,2404
2025-02-18,2024-11-g006-2024-11-14-2357,2025-02-18,693114.0,華碩,698.0,993,False,2357
2025-02-18,2024-11-g002-2024-11-14-1504,2025-02-18,639410.8,東元,53.2,12019,False,1504
2025-02-18,2024-12-g015-2024-12-31-2404,2025-02-18,568515.0,漢唐,453.0,1255,False,2404
2025-02-19,2024-11-g006-2024-11-14-2357,2025-02-19,686163.0,華碩,691.0,993,False,2357
2025-02-19,2024-11-g002-2024-11-14-1504,2025-02-19,635805.1,東元,52.9,12019,False,1504
2025-02-19,2024-12-g015-2024-12-31-2404,2025-02-19,568515.0,漢唐,453.0,1255,False,2404
2025-02-20,2024-11-g006-2024-11-14-2357,2025-02-20,688149.0,華碩,693.0,993,False,2357
2025-02-20,2024-11-g002-2024-11-14-1504,2025-02-20,655035.5,東元,54.5,12019,False,1504
2025-02-20,2024-12-g015-2024-12-31-2404,2025-02-20,559730.0,漢唐,446.0,1255,False,2404
2025-02-21,2024-11-g006-2024-11-14-2357,2025-02-21,704037.0,華碩,709.0,993,False,2357
2025-02-21,2024-11-g002-2024-11-14-1504,2025-02-21,664650.7,東元,55.3,12019,False,1504
2025-02-21,2024-12-g015-2024-12-31-2404,2025-02-21,554710.0,漢唐,442.0,1255,False,2404
2025-02-24,2024-11-g006-2024-11-14-2357,2025-02-24,372034.0,華碩,698.0,533,False,2357
2025-02-24,2024-12-g015-2024-12-31-2404,2025-02-24,564750.0,漢唐,450.0,1255,False,2404
2025-02-25,2024-11-g006-2024-11-14-2357,2025-02-25,10365.0,華碩,691.0,15,False,2357
2025-02-25,2024-12-g015-2024-12-31-2404,2025-02-25,557220.0,漢唐,444.0,1255,False,2404
2025-02-26,2024-12-g015-2024-12-31-2404,2025-02-26,545925.0,漢唐,435.0,1255,False,2404
2025-02-27,2024-12-g015-2024-12-31-2404,2025-02-27,545297.5,漢唐,434.5,1255,False,2404
2025-03-03,2024-12-g015-2024-12-31-2404,2025-03-03,532120.0,漢唐,424.0,1255,False,2404
2025-03-04,2024-12-g015-2024-12-31-2404,2025-03-04,574162.5,漢唐,457.5,1255,False,2404
2025-03-05,2024-12-g015-2024-12-31-2404,2025-03-05,567887.5,漢唐,452.5,1255,False,2404
2025-03-06,2024-12-g015-2024-12-31-2404,2025-03-06,562240.0,漢唐,448.0,1255,False,2404
2025-03-07,2024-12-g015-2024-12-31-2404,2025-03-07,551572.5,漢唐,439.5,1255,False,2404
2025-03-10,2024-12-g015-2024-12-31-2404,2025-03-10,539022.5,漢唐,429.5,1255,False,2404
2025-03-11,2024-12-g015-2024-12-31-2404,2025-03-11,527727.5,漢唐,420.5,1255,False,2404
2025-03-12,2024-12-g015-2024-12-31-2404,2025-03-12,523962.5,漢唐,417.5,1255,False,2404
2025-03-13,2024-12-g015-2024-12-31-2404,2025-03-13,532120.0,漢唐,424.0,1255,False,2404
2025-03-14,2024-12-g015-2024-12-31-2404,2025-03-14,518942.5,漢唐,413.5,1255,False,2404
2025-03-17,2024-12-g015-2024-12-31-2404,2025-03-17,513295.0,漢唐,409.0,1255,False,2404
2025-03-18,2024-12-g015-2024-12-31-2404,2025-03-18,538395.0,漢唐,429.0,1255,False,2404
2025-03-19,2024-12-g015-2024-12-31-2404,2025-03-19,535885.0,漢唐,427.0,1255,False,2404
2025-03-20,2024-12-g015-2024-12-31-2404,2025-03-20,546552.5,漢唐,435.5,1255,False,2404
2025-03-21,2024-12-g015-2024-12-31-2404,2025-03-21,549062.5,漢唐,437.5,1255,False,2404
2025-03-24,2024-12-g015-2024-12-31-2404,2025-03-24,544042.5,漢唐,433.5,1255,False,2404
2025-03-25,2024-12-g015-2024-12-31-2404,2025-03-25,570397.5,漢唐,454.5,1255,False,2404
2025-03-26,2024-12-g015-2024-12-31-2404,2025-03-26,572907.5,漢唐,456.5,1255,False,2404
2025-03-27,2024-12-g015-2024-12-31-2404,2025-03-27,573535.0,漢唐,457.0,1255,False,2404
2025-03-28,2024-12-g015-2024-12-31-2404,2025-03-28,568515.0,漢唐,453.0,1255,False,2404
2025-03-31,2024-12-g015-2024-12-31-2404,2025-03-31,572907.5,漢唐,456.5,1255,False,2404
2025-04-01,2024-12-g015-2024-12-31-2404,2025-04-01,574162.5,漢唐,457.5,1255,False,2404
2025-04-02,2024-12-g015-2024-12-31-2404,2025-04-02,574162.5,漢唐,457.5,1255,False,2404
2025-04-07,2024-12-g015-2024-12-31-2404,2025-04-07,517060.0,漢唐,412.0,1255,False,2404
2025-04-08,2024-12-g015-2024-12-31-2404,2025-04-08,532120.0,漢唐,424.0,1255,False,2404
2025-04-09,2024-12-g015-2024-12-31-2404,2025-04-09,524590.0,漢唐,418.0,1255,False,2404
2025-04-10,2024-12-g015-2024-12-31-2404,2025-04-10,576672.5,漢唐,459.5,1255,False,2404
2025-04-11,2024-12-g015-2024-12-31-2404,2025-04-11,559102.5,漢唐,445.5,1255,False,2404
2025-04-14,2024-12-g015-2024-12-31-2404,2025-04-14,543415.0,漢唐,433.0,1255,False,2404
2025-06-11,2025-06-g007-2025-06-10-6223,2025-06-11,611919.0,旺矽,883.0,693,False,6223
2025-06-11,2025-06-g006-2025-06-10-3044,2025-06-11,498520.0,健鼎,220.0,2266,False,3044
2025-06-12,2025-06-g007-2025-06-10-6223,2025-06-12,607068.0,旺矽,876.0,693,False,6223
2025-06-12,2025-06-g006-2025-06-10-3044,2025-06-12,503052.0,健鼎,222.0,2266,False,3044
2025-06-13,2025-06-g007-2025-06-10-6223,2025-06-13,614691.0,旺矽,887.0,693,False,6223
2025-06-13,2025-06-g006-2025-06-10-3044,2025-06-13,496254.0,健鼎,219.0,2266,False,3044
2025-06-16,2025-06-g007-2025-06-10-6223,2025-06-16,619542.0,旺矽,894.0,693,False,6223
2025-06-16,2025-06-g006-2025-06-10-3044,2025-06-16,503052.0,健鼎,222.0,2266,False,3044
2025-06-17,2025-06-g007-2025-06-10-6223,2025-06-17,631323.0,旺矽,911.0,693,False,6223
2025-06-17,2025-06-g006-2025-06-10-3044,2025-06-17,514382.0,健鼎,227.0,2266,False,3044
2025-06-18,2025-06-g007-2025-06-10-6223,2025-06-18,618849.0,旺矽,893.0,693,False,6223
2025-06-18,2025-06-g006-2025-06-10-3044,2025-06-18,550638.0,健鼎,243.0,2266,False,3044
2025-06-19,2025-06-g007-2025-06-10-6223,2025-06-19,610533.0,旺矽,881.0,693,False,6223
2025-06-19,2025-06-g006-2025-06-10-3044,2025-06-19,541574.0,健鼎,239.0,2266,False,3044
2025-06-20,2025-06-g007-2025-06-10-6223,2025-06-20,600831.0,旺矽,867.0,693,False,6223
2025-06-20,2025-06-g006-2025-06-10-3044,2025-06-20,532510.0,健鼎,235.0,2266,False,3044
2025-06-23,2025-06-g007-2025-06-10-6223,2025-06-23,621621.0,旺矽,897.0,693,False,6223
2025-06-23,2025-06-g006-2025-06-10-3044,2025-06-23,548372.0,健鼎,242.0,2266,False,3044
2025-06-24,2025-06-g007-2025-06-10-6223,2025-06-24,641025.0,旺矽,925.0,693,False,6223
2025-06-24,2025-06-g006-2025-06-10-3044,2025-06-24,549505.0,健鼎,242.5,2266,False,3044
2025-06-25,2025-06-g007-2025-06-10-6223,2025-06-25,641025.0,旺矽,925.0,693,False,6223
2025-06-25,2025-06-g006-2025-06-10-3044,2025-06-25,549505.0,健鼎,242.5,2266,False,3044
2025-06-26,2025-06-g007-2025-06-10-6223,2025-06-26,631323.0,旺矽,911.0,693,False,6223
2025-06-26,2025-06-g006-2025-06-10-3044,2025-06-26,550638.0,健鼎,243.0,2266,False,3044
2025-06-26,2025-06-g020-2025-06-25-6739,2025-06-26,490858.5,竹陞科技,390.5,1257,False,6739
2025-06-27,2025-06-g007-2025-06-10-6223,2025-06-27,635481.0,旺矽,917.0,693,False,6223
2025-06-27,2025-06-g006-2025-06-10-3044,2025-06-27,556303.0,健鼎,245.5,2266,False,3044
2025-06-27,2025-06-g020-2025-06-25-6739,2025-06-27,463833.0,竹陞科技,369.0,1257,False,6739
2025-06-30,2025-06-g007-2025-06-10-6223,2025-06-30,654885.0,旺矽,945.0,693,False,6223
2025-06-30,2025-06-g006-2025-06-10-3044,2025-06-30,560835.0,健鼎,247.5,2266,False,3044
2025-06-30,2025-06-g020-2025-06-25-6739,2025-06-30,466347.0,竹陞科技,371.0,1257,False,6739
2025-07-01,2025-06-g007-2025-06-10-6223,2025-07-01,651420.0,旺矽,940.0,693,False,6223
2025-07-01,2025-06-g006-2025-06-10-3044,2025-07-01,557436.0,健鼎,246.0,2266,False,3044
2025-07-01,2025-06-g020-2025-06-25-6739,2025-07-01,458176.5,竹陞科技,364.5,1257,False,6739
2025-07-02,2025-06-g007-2025-06-10-6223,2025-07-02,647262.0,旺矽,934.0,693,False,6223
2025-07-02,2025-06-g006-2025-06-10-3044,2025-07-02,557436.0,健鼎,246.0,2266,False,3044
2025-07-02,2025-06-g020-2025-06-25-6739,2025-07-02,457548.0,竹陞科技,364.0,1257,False,6739
2025-07-03,2025-06-g007-2025-06-10-6223,2025-07-03,706860.0,旺矽,1020.0,693,False,6223
2025-07-03,2025-06-g006-2025-06-10-3044,2025-07-03,551771.0,健鼎,243.5,2266,False,3044
2025-07-03,2025-06-g020-2025-06-25-6739,2025-07-03,473889.0,竹陞科技,377.0,1257,False,6739
2025-07-04,2025-06-g007-2025-06-10-6223,2025-07-04,724185.0,旺矽,1045.0,693,False,6223
2025-07-04,2025-06-g006-2025-06-10-3044,2025-07-04,556303.0,健鼎,245.5,2266,False,3044
2025-07-04,2025-06-g020-2025-06-25-6739,2025-07-04,462576.0,竹陞科技,368.0,1257,False,6739
2025-07-07,2025-06-g007-2025-06-10-6223,2025-07-07,703395.0,旺矽,1015.0,693,False,6223
2025-07-07,2025-06-g006-2025-06-10-3044,2025-07-07,552904.0,健鼎,244.0,2266,False,3044
2025-07-07,2025-06-g020-2025-06-25-6739,2025-07-07,507199.5,竹陞科技,403.5,1257,False,6739
2025-07-08,2025-06-g007-2025-06-10-6223,2025-07-08,710325.0,旺矽,1025.0,693,False,6223
2025-07-08,2025-06-g006-2025-06-10-3044,2025-07-08,556303.0,健鼎,245.5,2266,False,3044
2025-07-08,2025-06-g020-2025-06-25-6739,2025-07-08,487716.0,竹陞科技,388.0,1257,False,6739
2025-07-09,2025-06-g007-2025-06-10-6223,2025-07-09,738045.0,旺矽,1065.0,693,False,6223
2025-07-09,2025-06-g006-2025-06-10-3044,2025-07-09,572165.0,健鼎,252.5,2266,False,3044
2025-07-09,2025-06-g020-2025-06-25-6739,2025-07-09,478917.0,竹陞科技,381.0,1257,False,6739
2025-07-10,2025-06-g007-2025-06-10-6223,2025-07-10,741510.0,旺矽,1070.0,693,False,6223
2025-07-10,2025-06-g006-2025-06-10-3044,2025-07-10,547239.0,健鼎,241.5,2266,False,3044
2025-07-10,2025-06-g020-2025-06-25-6739,2025-07-10,514741.5,竹陞科技,409.5,1257,False,6739
2025-07-11,2025-06-g007-2025-06-10-6223,2025-07-11,710325.0,旺矽,1025.0,693,False,6223
2025-07-11,2025-06-g006-2025-06-10-3044,2025-07-11,543840.0,健鼎,240.0,2266,False,3044
2025-07-11,2025-06-g020-2025-06-25-6739,2025-07-11,504057.0,竹陞科技,401.0,1257,False,6739
2025-07-14,2025-06-g007-2025-06-10-6223,2025-07-14,734580.0,旺矽,1060.0,693,False,6223
2025-07-14,2025-06-g006-2025-06-10-3044,2025-07-14,535909.0,健鼎,236.5,2266,False,3044
2025-07-14,2025-06-g020-2025-06-25-6739,2025-07-14,461947.5,竹陞科技,367.5,1257,False,6739
2025-07-15,2025-06-g007-2025-06-10-6223,2025-07-15,744975.0,旺矽,1075.0,693,False,6223
2025-07-15,2025-06-g006-2025-06-10-3044,2025-07-15,543840.0,健鼎,240.0,2266,False,3044
2025-07-15,2025-06-g020-2025-06-25-6739,2025-07-15,482688.0,竹陞科技,384.0,1257,False,6739
2025-07-16,2025-06-g007-2025-06-10-6223,2025-07-16,776160.0,旺矽,1120.0,693,False,6223
2025-07-16,2025-06-g006-2025-06-10-3044,2025-07-16,543840.0,健鼎,240.0,2266,False,3044
2025-07-16,2025-06-g020-2025-06-25-6739,2025-07-16,530454.0,竹陞科技,422.0,1257,False,6739
2025-07-17,2025-06-g007-2025-06-10-6223,2025-07-17,772695.0,旺矽,1115.0,693,False,6223
2025-07-17,2025-06-g006-2025-06-10-3044,2025-07-17,560835.0,健鼎,247.5,2266,False,3044
2025-07-17,2025-06-g020-2025-06-25-6739,2025-07-17,544281.0,竹陞科技,433.0,1257,False,6739
2025-07-18,2025-06-g007-2025-06-10-6223,2025-07-18,779625.0,旺矽,1125.0,693,False,6223
2025-07-18,2025-06-g006-2025-06-10-3044,2025-07-18,561968.0,健鼎,248.0,2266,False,3044
2025-07-18,2025-06-g020-2025-06-25-6739,2025-07-18,598332.0,竹陞科技,476.0,1257,False,6739
2025-07-21,2025-06-g007-2025-06-10-6223,2025-07-21,758835.0,旺矽,1095.0,693,False,6223
2025-07-21,2025-06-g006-2025-06-10-3044,2025-07-21,617485.0,健鼎,272.5,2266,False,3044
2025-07-21,2025-06-g020-2025-06-25-6739,2025-07-21,605874.0,竹陞科技,482.0,1257,False,6739
2025-07-22,2025-06-g007-2025-06-10-6223,2025-07-22,724185.0,旺矽,1045.0,693,False,6223
2025-07-22,2025-06-g006-2025-06-10-3044,2025-07-22,603889.0,健鼎,266.5,2266,False,3044
2025-07-22,2025-06-g020-2025-06-25-6739,2025-07-22,580734.0,竹陞科技,462.0,1257,False,6739
2025-07-23,2025-06-g007-2025-06-10-6223,2025-07-23,731115.0,旺矽,1055.0,693,False,6223
2025-07-23,2025-06-g006-2025-06-10-3044,2025-07-23,616352.0,健鼎,272.0,2266,False,3044
2025-07-23,2025-06-g020-2025-06-25-6739,2025-07-23,569421.0,竹陞科技,453.0,1257,False,6739
2025-07-24,2025-06-g007-2025-06-10-6223,2025-07-24,727650.0,旺矽,1050.0,693,False,6223
2025-07-24,2025-06-g006-2025-06-10-3044,2025-07-24,623150.0,健鼎,275.0,2266,False,3044
2025-07-24,2025-06-g020-2025-06-25-6739,2025-07-24,593304.0,竹陞科技,472.0,1257,False,6739
2025-07-25,2025-06-g007-2025-06-10-6223,2025-07-25,699930.0,旺矽,1010.0,693,False,6223
2025-07-25,2025-06-g006-2025-06-10-3044,2025-07-25,612953.0,健鼎,270.5,2266,False,3044
2025-07-25,2025-06-g020-2025-06-25-6739,2025-07-25,597075.0,竹陞科技,475.0,1257,False,6739
2025-07-28,2025-06-g007-2025-06-10-6223,2025-07-28,696465.0,旺矽,1005.0,693,False,6223
2025-07-28,2025-06-g006-2025-06-10-3044,2025-07-28,617485.0,健鼎,272.5,2266,False,3044
2025-07-28,2025-06-g020-2025-06-25-6739,2025-07-28,585762.0,竹陞科技,466.0,1257,False,6739
2025-07-29,2025-06-g007-2025-06-10-6223,2025-07-29,699930.0,旺矽,1010.0,693,False,6223
2025-07-29,2025-06-g006-2025-06-10-3044,2025-07-29,608421.0,健鼎,268.5,2266,False,3044
2025-07-29,2025-06-g020-2025-06-25-6739,2025-07-29,530454.0,竹陞科技,422.0,1257,False,6739
2025-07-30,2025-06-g007-2025-06-10-6223,2025-07-30,699930.0,旺矽,1010.0,693,False,6223
2025-07-30,2025-06-g006-2025-06-10-3044,2025-07-30,616352.0,健鼎,272.0,2266,False,3044
2025-07-30,2025-06-g020-2025-06-25-6739,2025-07-30,521655.0,竹陞科技,415.0,1257,False,6739
2025-07-31,2025-06-g007-2025-06-10-6223,2025-07-31,727650.0,旺矽,1050.0,693,False,6223
2025-07-31,2025-06-g006-2025-06-10-3044,2025-07-31,634480.0,健鼎,280.0,2266,False,3044
2025-07-31,2025-06-g020-2025-06-25-6739,2025-07-31,527940.0,竹陞科技,420.0,1257,False,6739
2025-08-01,2025-06-g007-2025-06-10-6223,2025-08-01,713790.0,旺矽,1030.0,693,False,6223
2025-08-01,2025-06-g006-2025-06-10-3044,2025-08-01,636746.0,健鼎,281.0,2266,False,3044
2025-08-01,2025-06-g020-2025-06-25-6739,2025-08-01,527940.0,竹陞科技,420.0,1257,False,6739
2025-08-04,2025-06-g007-2025-06-10-6223,2025-08-04,688842.0,旺矽,994.0,693,False,6223
2025-08-04,2025-06-g006-2025-06-10-3044,2025-08-04,631081.0,健鼎,278.5,2266,False,3044
2025-08-04,2025-06-g020-2025-06-25-6739,2025-08-04,535482.0,竹陞科技,426.0,1257,False,6739
2025-08-05,2025-06-g007-2025-06-10-6223,2025-08-05,691614.0,旺矽,998.0,693,False,6223
2025-08-05,2025-06-g006-2025-06-10-3044,2025-08-05,631081.0,健鼎,278.5,2266,False,3044
2025-08-05,2025-06-g020-2025-06-25-6739,2025-08-05,558108.0,竹陞科技,444.0,1257,False,6739
2025-08-06,2025-06-g007-2025-06-10-6223,2025-08-06,758835.0,旺矽,1095.0,693,False,6223
2025-08-06,2025-06-g006-2025-06-10-3044,2025-08-06,639012.0,健鼎,282.0,2266,False,3044
2025-08-06,2025-06-g020-2025-06-25-6739,2025-08-06,603360.0,竹陞科技,480.0,1257,False,6739
2025-08-07,2025-06-g007-2025-06-10-6223,2025-08-07,783090.0,旺矽,1130.0,693,False,6223
2025-08-07,2025-06-g006-2025-06-10-3044,2025-08-07,645810.0,健鼎,285.0,2266,False,3044
2025-08-07,2025-06-g020-2025-06-25-6739,2025-08-07,619701.0,竹陞科技,493.0,1257,False,6739
2025-08-08,2025-06-g007-2025-06-10-6223,2025-08-08,800415.0,旺矽,1155.0,693,False,6223
2025-08-08,2025-06-g006-2025-06-10-3044,2025-08-08,706992.0,健鼎,312.0,2266,False,3044
2025-08-08,2025-06-g020-2025-06-25-6739,2025-08-08,614044.5,竹陞科技,488.5,1257,False,6739
2025-08-11,2025-06-g007-2025-06-10-6223,2025-08-11,796950.0,旺矽,1150.0,693,False,6223
2025-08-11,2025-06-g006-2025-06-10-3044,2025-08-11,744381.0,健鼎,328.5,2266,False,3044
2025-08-11,2025-06-g020-2025-06-25-6739,2025-08-11,614044.5,竹陞科技,488.5,1257,False,6739
2025-08-12,2025-06-g007-2025-06-10-6223,2025-08-12,800415.0,旺矽,1155.0,693,False,6223
2025-08-12,2025-06-g006-2025-06-10-3044,2025-08-12,740982.0,健鼎,327.0,2266,False,3044
2025-08-12,2025-06-g020-2025-06-25-6739,2025-08-12,625986.0,竹陞科技,498.0,1257,False,6739
2025-08-13,2025-06-g007-2025-06-10-6223,2025-08-13,845460.0,旺矽,1220.0,693,False,6223
2025-08-13,2025-06-g006-2025-06-10-3044,2025-08-13,746647.0,健鼎,329.5,2266,False,3044
2025-08-13,2025-06-g020-2025-06-25-6739,2025-08-13,602731.5,竹陞科技,479.5,1257,False,6739
2025-08-14,2025-06-g007-2025-06-10-6223,2025-08-14,876645.0,旺矽,1265.0,693,False,6223
2025-08-14,2025-06-g006-2025-06-10-3044,2025-08-14,734184.0,健鼎,324.0,2266,False,3044
2025-08-14,2025-06-g020-2025-06-25-6739,2025-08-14,604617.0,竹陞科技,481.0,1257,False,6739
2025-08-15,2025-06-g007-2025-06-10-6223,2025-08-15,869715.0,旺矽,1255.0,693,False,6223
2025-08-15,2025-06-g006-2025-06-10-3044,2025-08-15,729652.0,健鼎,322.0,2266,False,3044
2025-08-15,2025-06-g020-2025-06-25-6739,2025-08-15,597703.5,竹陞科技,475.5,1257,False,6739
2025-08-18,2025-06-g007-2025-06-10-6223,2025-08-18,880110.0,旺矽,1270.0,693,False,6223
2025-08-18,2025-06-g006-2025-06-10-3044,2025-08-18,752312.0,健鼎,332.0,2266,False,3044
2025-08-18,2025-06-g020-2025-06-25-6739,2025-08-18,617187.0,竹陞科技,491.0,1257,False,6739
2025-08-19,2025-06-g007-2025-06-10-6223,2025-08-19,859320.0,旺矽,1240.0,693,False,6223
2025-08-19,2025-06-g006-2025-06-10-3044,2025-08-19,729652.0,健鼎,322.0,2266,False,3044
2025-08-19,2025-06-g020-2025-06-25-6739,2025-08-19,638556.0,竹陞科技,508.0,1257,False,6739
2025-08-20,2025-06-g007-2025-06-10-6223,2025-08-20,776160.0,旺矽,1120.0,693,False,6223
2025-08-20,2025-06-g006-2025-06-10-3044,2025-08-20,704726.0,健鼎,311.0,2266,False,3044
2025-08-20,2025-06-g020-2025-06-25-6739,2025-08-20,600846.0,竹陞科技,478.0,1257,False,6739
2025-08-21,2025-06-g007-2025-06-10-6223,2025-08-21,831600.0,旺矽,1200.0,693,False,6223
2025-08-21,2025-06-g006-2025-06-10-3044,2025-08-21,705859.0,健鼎,311.5,2266,False,3044
2025-08-21,2025-06-g020-2025-06-25-6739,2025-08-21,659925.0,竹陞科技,525.0,1257,False,6739
2025-08-22,2025-06-g007-2025-06-10-6223,2025-08-22,817740.0,旺矽,1180.0,693,False,6223
2025-08-22,2025-06-g006-2025-06-10-3044,2025-08-22,705859.0,健鼎,311.5,2266,False,3044
2025-08-22,2025-06-g020-2025-06-25-6739,2025-08-22,725289.0,竹陞科技,577.0,1257,False,6739
2025-08-25,2025-06-g007-2025-06-10-6223,2025-08-25,869715.0,旺矽,1255.0,693,False,6223
2025-08-25,2025-06-g006-2025-06-10-3044,2025-08-25,704726.0,健鼎,311.0,2266,False,3044
2025-08-25,2025-06-g020-2025-06-25-6739,2025-08-25,765513.0,竹陞科技,609.0,1257,False,6739
2025-08-26,2025-06-g007-2025-06-10-6223,2025-08-26,890505.0,旺矽,1285.0,693,False,6223
2025-08-26,2025-06-g006-2025-06-10-3044,2025-08-26,712657.0,健鼎,314.5,2266,False,3044
2025-08-26,2025-06-g020-2025-06-25-6739,2025-08-26,773055.0,竹陞科技,615.0,1257,False,6739
2025-08-27,2025-06-g007-2025-06-10-6223,2025-08-27,911295.0,旺矽,1315.0,693,False,6223
2025-08-27,2025-06-g006-2025-06-10-3044,2025-08-27,737583.0,健鼎,325.5,2266,False,3044
2025-08-27,2025-06-g020-2025-06-25-6739,2025-08-27,746658.0,竹陞科技,594.0,1257,False,6739
2025-08-28,2025-06-g007-2025-06-10-6223,2025-08-28,890505.0,旺矽,1285.0,693,False,6223
2025-08-28,2025-06-g006-2025-06-10-3044,2025-08-28,720588.0,健鼎,318.0,2266,False,3044
2025-08-28,2025-06-g020-2025-06-25-6739,2025-08-28,754200.0,竹陞科技,600.0,1257,False,6739
2025-08-29,2025-06-g007-2025-06-10-6223,2025-08-29,963270.0,旺矽,1390.0,693,False,6223
2025-08-29,2025-06-g006-2025-06-10-3044,2025-08-29,728519.0,健鼎,321.5,2266,False,3044
2025-08-29,2025-06-g020-2025-06-25-6739,2025-08-29,765513.0,竹陞科技,609.0,1257,False,6739
2025-09-01,2025-06-g007-2025-06-10-6223,2025-09-01,963270.0,旺矽,1390.0,693,False,6223
2025-09-01,2025-06-g006-2025-06-10-3044,2025-09-01,694529.0,健鼎,306.5,2266,False,3044
2025-09-01,2025-06-g020-2025-06-25-6739,2025-09-01,741630.0,竹陞科技,590.0,1257,False,6739
2025-09-02,2025-06-g007-2025-06-10-6223,2025-09-02,966735.0,旺矽,1395.0,693,False,6223
2025-09-02,2025-06-g006-2025-06-10-3044,2025-09-02,677534.0,健鼎,299.0,2266,False,3044
2025-09-02,2025-06-g020-2025-06-25-6739,2025-09-02,744144.0,竹陞科技,592.0,1257,False,6739
2025-09-03,2025-06-g007-2025-06-10-6223,2025-09-03,963270.0,旺矽,1390.0,693,False,6223
2025-09-03,2025-06-g006-2025-06-10-3044,2025-09-03,679800.0,健鼎,300.0,2266,False,3044
2025-09-03,2025-06-g020-2025-06-25-6739,2025-09-03,741630.0,竹陞科技,590.0,1257,False,6739
2025-09-04,2025-06-g007-2025-06-10-6223,2025-09-04,959805.0,旺矽,1385.0,693,False,6223
2025-09-04,2025-06-g006-2025-06-10-3044,2025-09-04,671869.0,健鼎,296.5,2266,False,3044
2025-09-04,2025-06-g020-2025-06-25-6739,2025-09-04,759228.0,竹陞科技,604.0,1257,False,6739
2025-09-05,2025-06-g007-2025-06-10-6223,2025-09-05,1053360.0,旺矽,1520.0,693,False,6223
2025-09-05,2025-06-g006-2025-06-10-3044,2025-09-05,676401.0,健鼎,298.5,2266,False,3044
2025-09-05,2025-06-g020-2025-06-25-6739,2025-09-05,751686.0,竹陞科技,598.0,1257,False,6739
2025-09-08,2025-06-g007-2025-06-10-6223,2025-09-08,362950.0,旺矽,1525.0,238,False,6223
2025-09-08,2025-06-g020-2025-06-25-6739,2025-09-08,825849.0,竹陞科技,657.0,1257,False,6739
2025-09-09,2025-06-g020-2025-06-25-6739,2025-09-09,850989.0,竹陞科技,677.0,1257,False,6739
2025-09-10,2025-06-g020-2025-06-25-6739,2025-09-10,853503.0,竹陞科技,679.0,1257,False,6739
2025-09-10,2025-09-g024-2025-09-09-8111,2025-09-10,903714.9,立碁,56.1,16109,False,8111
2025-09-11,2025-06-g020-2025-06-25-6739,2025-09-11,856017.0,竹陞科技,681.0,1257,False,6739
2025-09-11,2025-09-g024-2025-09-09-8111,2025-09-11,823169.9,立碁,51.1,16109,False,8111
2025-09-11,2025-09-g021-2025-09-10-5289,2025-09-11,913198.0,宜鼎,341.0,2678,False,5289
2025-09-12,2025-06-g020-2025-06-25-6739,2025-09-12,872358.0,竹陞科技,694.0,1257,False,6739
2025-09-12,2025-09-g024-2025-09-09-8111,2025-09-12,824780.8,立碁,51.2,16109,False,8111
2025-09-12,2025-09-g021-2025-09-10-5289,2025-09-12,911859.0,宜鼎,340.5,2678,False,5289
2025-09-15,2025-06-g020-2025-06-25-6739,2025-09-15,833391.0,竹陞科技,663.0,1257,False,6739
2025-09-15,2025-09-g024-2025-09-09-8111,2025-09-15,826391.7,立碁,51.3,16109,False,8111
2025-09-15,2025-09-g021-2025-09-10-5289,2025-09-15,930605.0,宜鼎,347.5,2678,False,5289
2025-09-16,2025-06-g020-2025-06-25-6739,2025-09-16,916353.0,竹陞科技,729.0,1257,False,6739
2025-09-16,2025-09-g024-2025-09-09-8111,2025-09-16,828002.6,立碁,51.4,16109,False,8111
2025-09-16,2025-09-g021-2025-09-10-5289,2025-09-16,930605.0,宜鼎,347.5,2678,False,5289
2025-09-17,2025-06-g020-2025-06-25-6739,2025-09-17,879900.0,竹陞科技,700.0,1257,False,6739
2025-09-17,2025-09-g024-2025-09-09-8111,2025-09-17,837668.0,立碁,52.0,16109,False,8111
2025-09-17,2025-09-g021-2025-09-10-5289,2025-09-17,913198.0,宜鼎,341.0,2678,False,5289
2025-09-18,2025-06-g020-2025-06-25-6739,2025-09-18,912582.0,竹陞科技,726.0,1257,False,6739
2025-09-18,2025-09-g024-2025-09-09-8111,2025-09-18,860220.6,立碁,53.4,16109,False,8111
2025-09-18,2025-09-g021-2025-09-10-5289,2025-09-18,946673.0,宜鼎,353.5,2678,False,5289
2025-09-19,2025-06-g020-2025-06-25-6739,2025-09-19,981717.0,竹陞科技,781.0,1257,False,6739
2025-09-19,2025-09-g024-2025-09-09-8111,2025-09-19,873107.8,立碁,54.2,16109,False,8111
2025-09-19,2025-09-g021-2025-09-10-5289,2025-09-19,943995.0,宜鼎,352.5,2678,False,5289
2025-09-22,2025-06-g020-2025-06-25-6739,2025-09-22,981717.0,竹陞科技,781.0,1257,False,6739
2025-09-22,2025-09-g024-2025-09-09-8111,2025-09-22,881162.3,立碁,54.7,16109,False,8111
2025-09-22,2025-09-g021-2025-09-10-5289,2025-09-22,939978.0,宜鼎,351.0,2678,False,5289
2025-09-23,2025-09-g024-2025-09-09-8111,2025-09-23,890827.7,立碁,55.3,16109,False,8111
2025-09-23,2025-09-g021-2025-09-10-5289,2025-09-23,929266.0,宜鼎,347.0,2678,False,5289
2025-09-24,2025-09-g024-2025-09-09-8111,2025-09-24,874718.7,立碁,54.3,16109,False,8111
2025-09-24,2025-09-g021-2025-09-10-5289,2025-09-24,915876.0,宜鼎,342.0,2678,False,5289
2025-09-25,2025-09-g024-2025-09-09-8111,2025-09-25,850555.2,立碁,52.8,16109,False,8111
2025-09-25,2025-09-g021-2025-09-10-5289,2025-09-25,898469.0,宜鼎,335.5,2678,False,5289
2025-09-26,2025-09-g024-2025-09-09-8111,2025-09-26,866664.2,立碁,53.8,16109,False,8111
2025-09-26,2025-09-g021-2025-09-10-5289,2025-09-26,830180.0,宜鼎,310.0,2678,False,5289
2025-09-30,2025-09-g024-2025-09-09-8111,2025-09-30,895660.4,立碁,55.6,16109,False,8111
2025-09-30,2025-09-g021-2025-09-10-5289,2025-09-30,882401.0,宜鼎,329.5,2678,False,5289
2025-10-01,2025-09-g024-2025-09-09-8111,2025-10-01,887605.9,立碁,55.1,16109,False,8111
2025-10-01,2025-09-g021-2025-09-10-5289,2025-10-01,899808.0,宜鼎,336.0,2678,False,5289
2025-10-02,2025-09-g024-2025-09-09-8111,2025-10-02,877940.5,立碁,54.5,16109,False,8111
2025-10-02,2025-09-g021-2025-09-10-5289,2025-10-02,913198.0,宜鼎,341.0,2678,False,5289
2025-10-03,2025-09-g024-2025-09-09-8111,2025-10-03,865053.3,立碁,53.7,16109,False,8111
2025-10-03,2025-09-g021-2025-09-10-5289,2025-10-03,909181.0,宜鼎,339.5,2678,False,5289
2025-10-03,2025-10-g022-2025-10-02-3450,2025-10-03,929885.0,聯鈞,291.5,3190,False,3450
2025-10-07,2025-09-g024-2025-09-09-8111,2025-10-07,863442.4,立碁,53.6,16109,False,8111
2025-10-07,2025-09-g021-2025-09-10-5289,2025-10-07,897130.0,宜鼎,335.0,2678,False,5289
2025-10-07,2025-10-g022-2025-10-02-3450,2025-10-07,913935.0,聯鈞,286.5,3190,False,3450
2025-10-08,2025-09-g024-2025-09-09-8111,2025-10-08,889216.8,立碁,55.2,16109,False,8111
2025-10-08,2025-09-g021-2025-09-10-5289,2025-10-08,986843.0,宜鼎,368.5,2678,False,5289
2025-10-08,2025-10-g022-2025-10-02-3450,2025-10-08,902770.0,聯鈞,283.0,3190,False,3450
2025-10-09,2025-09-g024-2025-09-09-8111,2025-10-09,863442.4,立碁,53.6,16109,False,8111
2025-10-09,2025-09-g021-2025-09-10-5289,2025-10-09,1084590.0,宜鼎,405.0,2678,False,5289
2025-10-09,2025-10-g022-2025-10-02-3450,2025-10-09,862895.0,聯鈞,270.5,3190,False,3450
2025-10-13,2025-09-g024-2025-09-09-8111,2025-10-13,856998.8,立碁,53.2,16109,False,8111
2025-10-13,2025-09-g021-2025-09-10-5289,2025-10-13,1065844.0,宜鼎,398.0,2678,False,5289
2025-10-13,2025-10-g022-2025-10-02-3450,2025-10-13,837375.0,聯鈞,262.5,3190,False,3450
2025-10-14,2025-09-g024-2025-09-09-8111,2025-10-14,855387.9,立碁,53.1,16109,False,8111
2025-10-14,2025-09-g021-2025-09-10-5289,2025-10-14,1021657.0,宜鼎,381.5,2678,False,5289
2025-10-14,2025-10-g022-2025-10-02-3450,2025-10-14,768790.0,聯鈞,241.0,3190,False,3450
2025-10-15,2025-09-g024-2025-09-09-8111,2025-10-15,842500.7,立碁,52.3,16109,False,8111
2025-10-15,2025-09-g021-2025-09-10-5289,2025-10-15,1073878.0,宜鼎,401.0,2678,False,5289
2025-10-16,2025-09-g024-2025-09-09-8111,2025-10-16,861831.5,立碁,53.5,16109,False,8111
2025-10-16,2025-09-g021-2025-09-10-5289,2025-10-16,1146184.0,宜鼎,428.0,2678,False,5289
2025-10-16,2025-10-g023-2025-10-15-2481,2025-10-16,948956.1,強茂,85.7,11073,False,2481
2025-10-17,2025-09-g024-2025-09-09-8111,2025-10-17,869886.0,立碁,54.0,16109,False,8111
2025-10-17,2025-09-g021-2025-09-10-5289,2025-10-17,1106014.0,宜鼎,413.0,2678,False,5289
2025-10-17,2025-10-g023-2025-10-15-2481,2025-10-17,904664.1,強茂,81.7,11073,False,2481
2025-10-20,2025-09-g024-2025-09-09-8111,2025-10-20,887605.9,立碁,55.1,16109,False,8111
2025-10-20,2025-09-g021-2025-09-10-5289,2025-10-20,1095302.0,宜鼎,409.0,2678,False,5289
2025-10-20,2025-10-g023-2025-10-15-2481,2025-10-20,994355.4,強茂,89.8,11073,False,2481
2025-10-21,2025-09-g024-2025-09-09-8111,2025-10-21,887605.9,立碁,55.1,16109,False,8111
2025-10-21,2025-09-g021-2025-09-10-5289,2025-10-21,1131455.0,宜鼎,422.5,2678,False,5289
2025-10-21,2025-10-g023-2025-10-15-2481,2025-10-21,1092905.1,強茂,98.7,11073,False,2481
2025-10-22,2025-09-g024-2025-09-09-8111,2025-10-22,876329.6,立碁,54.4,16109,False,8111
2025-10-22,2025-09-g021-2025-09-10-5289,2025-10-22,1127438.0,宜鼎,421.0,2678,False,5289
2025-10-22,2025-10-g023-2025-10-15-2481,2025-10-22,1082939.4,強茂,97.8,11073,False,2481
2025-10-23,2025-09-g024-2025-09-09-8111,2025-10-23,858609.7,立碁,53.3,16109,False,8111
2025-10-23,2025-09-g021-2025-09-10-5289,2025-10-23,1142167.0,宜鼎,426.5,2678,False,5289
2025-10-23,2025-10-g023-2025-10-15-2481,2025-10-23,1085154.0,強茂,98.0,11073,False,2481
2025-10-27,2025-09-g024-2025-09-09-8111,2025-10-27,879551.4,立碁,54.6,16109,False,8111
2025-10-27,2025-09-g021-2025-09-10-5289,2025-10-27,1197066.0,宜鼎,447.0,2678,False,5289
2025-10-27,2025-10-g023-2025-10-15-2481,2025-10-27,1072973.7,強茂,96.9,11073,False,2481
2025-10-28,2025-09-g024-2025-09-09-8111,2025-10-28,869886.0,立碁,54.0,16109,False,8111
2025-10-28,2025-09-g021-2025-09-10-5289,2025-10-28,1127438.0,宜鼎,421.0,2678,False,5289
2025-10-28,2025-10-g023-2025-10-15-2481,2025-10-28,1016501.4,強茂,91.8,11073,False,2481
2025-10-29,2025-09-g024-2025-09-09-8111,2025-10-29,894049.5,立碁,55.5,16109,False,8111
2025-10-29,2025-09-g021-2025-09-10-5289,2025-10-29,1124760.0,宜鼎,420.0,2678,False,5289
2025-10-29,2025-10-g023-2025-10-15-2481,2025-10-29,942312.2999999999,強茂,85.1,11073,False,2481
2025-10-30,2025-09-g024-2025-09-09-8111,2025-10-30,918213.0,立碁,57.0,16109,False,8111
2025-10-30,2025-09-g021-2025-09-10-5289,2025-10-30,1147523.0,宜鼎,428.5,2678,False,5289
2025-10-30,2025-10-g023-2025-10-15-2481,2025-10-30,929024.7000000001,強茂,83.9,11073,False,2481
2025-10-31,2025-09-g024-2025-09-09-8111,2025-10-31,990703.5,立碁,61.5,16109,False,8111
2025-10-31,2025-09-g021-2025-09-10-5289,2025-10-31,1154218.0,宜鼎,431.0,2678,False,5289
2025-10-31,2025-10-g023-2025-10-15-2481,2025-10-31,933453.9,強茂,84.3,11073,False,2481
2025-11-03,2025-09-g024-2025-09-09-8111,2025-11-03,939154.7,立碁,58.3,16109,False,8111
2025-11-03,2025-09-g021-2025-09-10-5289,2025-11-03,1164930.0,宜鼎,435.0,2678,False,5289
2025-11-03,2025-10-g023-2025-10-15-2481,2025-11-03,883625.4,強茂,79.8,11073,False,2481
2025-11-04,2025-09-g024-2025-09-09-8111,2025-11-04,964929.1,立碁,59.9,16109,False,8111
2025-11-04,2025-09-g021-2025-09-10-5289,2025-11-04,1140828.0,宜鼎,426.0,2678,False,5289
2025-11-04,2025-10-g023-2025-10-15-2481,2025-11-04,847084.5,強茂,76.5,11073,False,2481
2025-11-05,2025-09-g024-2025-09-09-8111,2025-11-05,1059972.2,立碁,65.8,16109,False,8111
2025-11-05,2025-09-g021-2025-09-10-5289,2025-11-05,1182337.0,宜鼎,441.5,2678,False,5289
2025-11-05,2025-10-g023-2025-10-15-2481,2025-11-05,861479.4,強茂,77.8,11073,False,2481
2025-11-06,2025-09-g024-2025-09-09-8111,2025-11-06,1088968.4,立碁,67.6,16109,False,8111
2025-11-06,2025-09-g021-2025-09-10-5289,2025-11-06,1218490.0,宜鼎,455.0,2678,False,5289
2025-11-06,2025-10-g023-2025-10-15-2481,2025-11-06,896913.0,強茂,81.0,11073,False,2481
2025-11-07,2025-09-g024-2025-09-09-8111,2025-11-07,1071248.5,立碁,66.5,16109,False,8111
2025-11-07,2025-09-g021-2025-09-10-5289,2025-11-07,1221168.0,宜鼎,456.0,2678,False,5289
2025-11-07,2025-10-g023-2025-10-15-2481,2025-11-07,863694.0,強茂,78.0,11073,False,2481
2025-11-10,2025-09-g024-2025-09-09-8111,2025-11-10,1003590.7,立碁,62.3,16109,False,8111
2025-11-10,2025-09-g021-2025-09-10-5289,2025-11-10,1238575.0,宜鼎,462.5,2678,False,5289
2025-11-10,2025-10-g023-2025-10-15-2481,2025-11-10,889161.9,強茂,80.3,11073,False,2481
2025-11-11,2025-09-g024-2025-09-09-8111,2025-11-11,1053528.6,立碁,65.4,16109,False,8111
2025-11-11,2025-09-g021-2025-09-10-5289,2025-11-11,1274728.0,宜鼎,476.0,2678,False,5289
2025-11-11,2025-10-g023-2025-10-15-2481,2025-11-11,896913.0,強茂,81.0,11073,False,2481
2025-11-12,2025-09-g024-2025-09-09-8111,2025-11-12,1059972.2,立碁,65.8,16109,False,8111
2025-11-12,2025-09-g021-2025-09-10-5289,2025-11-12,1400594.0,宜鼎,523.0,2678,False,5289
2025-11-12,2025-10-g023-2025-10-15-2481,2025-11-12,915737.1,強茂,82.7,11073,False,2481
2025-11-13,2025-09-g024-2025-09-09-8111,2025-11-13,1119575.5,立碁,69.5,16109,False,8111
2025-11-13,2025-09-g021-2025-09-10-5289,2025-11-13,1494324.0,宜鼎,558.0,2678,False,5289
2025-11-13,2025-10-g023-2025-10-15-2481,2025-11-13,931239.2999999999,強茂,84.1,11073,False,2481
2025-11-14,2025-09-g024-2025-09-09-8111,2025-11-14,1103466.5,立碁,68.5,16109,False,8111
2025-11-14,2025-09-g021-2025-09-10-5289,2025-11-14,1397916.0,宜鼎,522.0,2678,False,5289
2025-11-14,2025-10-g023-2025-10-15-2481,2025-11-14,907986.0,強茂,82.0,11073,False,2481
2025-11-17,2025-09-g024-2025-09-09-8111,2025-11-17,1105077.4,立碁,68.6,16109,False,8111
2025-11-17,2025-09-g021-2025-09-10-5289,2025-11-17,1451476.0,宜鼎,542.0,2678,False,5289
2025-11-17,2025-10-g023-2025-10-15-2481,2025-11-17,951170.7000000001,強茂,85.9,11073,False,2481
2025-11-18,2025-09-g024-2025-09-09-8111,2025-11-18,1021310.6,立碁,63.4,16109,False,8111
2025-11-18,2025-09-g021-2025-09-10-5289,2025-11-18,1424696.0,宜鼎,532.0,2678,False,5289
2025-11-18,2025-10-g023-2025-10-15-2481,2025-11-18,942312.2999999999,強茂,85.1,11073,False,2481
2025-11-19,2025-09-g024-2025-09-09-8111,2025-11-19,997147.1,立碁,61.9,16109,False,8111
2025-11-19,2025-09-g021-2025-09-10-5289,2025-11-19,1376492.0,宜鼎,514.0,2678,False,5289
2025-11-19,2025-10-g023-2025-10-15-2481,2025-11-19,895805.7000000001,強茂,80.9,11073,False,2481
2025-11-20,2025-09-g024-2025-09-09-8111,2025-11-20,1010034.3,立碁,62.7,16109,False,8111
2025-11-20,2025-09-g021-2025-09-10-5289,2025-11-20,1403272.0,宜鼎,524.0,2678,False,5289
2025-11-20,2025-10-g023-2025-10-15-2481,2025-11-20,936775.7999999999,強茂,84.6,11073,False,2481
2025-11-21,2025-09-g024-2025-09-09-8111,2025-11-21,947209.2,立碁,58.8,16109,False,8111
2025-11-21,2025-09-g021-2025-09-10-5289,2025-11-21,1321593.0,宜鼎,493.5,2678,False,5289
2025-11-21,2025-10-g023-2025-10-15-2481,2025-11-21,884732.7000000001,強茂,79.9,11073,False,2481
2025-11-24,2025-09-g024-2025-09-09-8111,2025-11-24,992314.4,立碁,61.6,16109,False,8111
2025-11-24,2025-09-g021-2025-09-10-5289,2025-11-24,1250626.0,宜鼎,467.0,2678,False,5289
2025-11-24,2025-10-g023-2025-10-15-2481,2025-11-24,885840.0,強茂,80.0,11073,False,2481
2025-11-25,2025-09-g024-2025-09-09-8111,2025-11-25,1051917.7,立碁,65.3,16109,False,8111
2025-11-25,2025-09-g021-2025-09-10-5289,2025-11-25,1325610.0,宜鼎,495.0,2678,False,5289
2025-11-25,2025-10-g023-2025-10-15-2481,2025-11-25,913522.5,強茂,82.5,11073,False,2481
2025-11-26,2025-09-g024-2025-09-09-8111,2025-11-26,1095412.0,立碁,68.0,16109,False,8111
2025-11-26,2025-09-g021-2025-09-10-5289,2025-11-26,1296152.0,宜鼎,484.0,2678,False,5289
2025-11-26,2025-10-g023-2025-10-15-2481,2025-11-26,963351.0,強茂,87.0,11073,False,2481
2025-11-27,2025-09-g024-2025-09-09-8111,2025-11-27,1129240.9,立碁,70.1,16109,False,8111
2025-11-27,2025-09-g021-2025-09-10-5289,2025-11-27,1310881.0,宜鼎,489.5,2678,False,5289
2025-11-27,2025-10-g023-2025-10-15-2481,2025-11-27,948956.1,強茂,85.7,11073,False,2481
2025-11-28,2025-09-g024-2025-09-09-8111,2025-11-28,1111521.0,立碁,69.0,16109,False,8111
2025-11-28,2025-09-g021-2025-09-10-5289,2025-11-28,1321593.0,宜鼎,493.5,2678,False,5289
2025-11-28,2025-10-g023-2025-10-15-2481,2025-11-28,953385.2999999999,強茂,86.1,11073,False,2481
2025-12-01,2025-09-g024-2025-09-09-8111,2025-12-01,1092190.2,立碁,67.8,16109,False,8111
2025-12-01,2025-09-g021-2025-09-10-5289,2025-12-01,1293474.0,宜鼎,483.0,2678,False,5289
2025-12-01,2025-10-g023-2025-10-15-2481,2025-12-01,975531.2999999999,強茂,88.1,11073,False,2481
2025-12-02,2025-09-g024-2025-09-09-8111,2025-12-02,1097022.9,立碁,68.1,16109,False,8111
2025-12-02,2025-09-g021-2025-09-10-5289,2025-12-02,1222507.0,宜鼎,456.5,2678,False,5289
2025-12-02,2025-10-g023-2025-10-15-2481,2025-12-02,958921.7999999999,強茂,86.6,11073,False,2481
2025-12-03,2025-09-g024-2025-09-09-8111,2025-12-03,1206564.1,立碁,74.9,16109,False,8111
2025-12-03,2025-09-g021-2025-09-10-5289,2025-12-03,1225185.0,宜鼎,457.5,2678,False,5289
2025-12-03,2025-10-g023-2025-10-15-2481,2025-12-03,960029.1,強茂,86.7,11073,False,2481
2025-12-04,2025-09-g024-2025-09-09-8111,2025-12-04,1138906.3,立碁,70.7,16109,False,8111
2025-12-04,2025-09-g021-2025-09-10-5289,2025-12-04,1210456.0,宜鼎,452.0,2678,False,5289
2025-12-04,2025-10-g023-2025-10-15-2481,2025-12-04,953385.2999999999,強茂,86.1,11073,False,2481
2025-12-05,2025-09-g024-2025-09-09-8111,2025-12-05,1138906.3,立碁,70.7,16109,False,8111
2025-12-05,2025-09-g021-2025-09-10-5289,2025-12-05,1255982.0,宜鼎,469.0,2678,False,5289
2025-12-05,2025-10-g023-2025-10-15-2481,2025-12-05,985497.0,強茂,89.0,11073,False,2481
2025-12-08,2025-09-g024-2025-09-09-8111,2025-12-08,1148571.7,立碁,71.3,16109,False,8111
2025-12-08,2025-09-g021-2025-09-10-5289,2025-12-08,1302847.0,宜鼎,486.5,2678,False,5289
2025-12-08,2025-10-g023-2025-10-15-2481,2025-12-08,996570.0,強茂,90.0,11073,False,2481
2025-12-09,2025-09-g024-2025-09-09-8111,2025-12-09,1135684.5,立碁,70.5,16109,False,8111
2025-12-09,2025-09-g021-2025-09-10-5289,2025-12-09,1278745.0,宜鼎,477.5,2678,False,5289
2025-12-09,2025-10-g023-2025-10-15-2481,2025-12-09,1009857.6,強茂,91.2,11073,False,2481
2025-12-10,2025-09-g024-2025-09-09-8111,2025-12-10,1150182.6,立碁,71.4,16109,False,8111
2025-12-10,2025-09-g021-2025-09-10-5289,2025-12-10,1249287.0,宜鼎,466.5,2678,False,5289
2025-12-10,2025-10-g023-2025-10-15-2481,2025-12-10,976638.6,強茂,88.2,11073,False,2481
2025-12-11,2025-09-g024-2025-09-09-8111,2025-12-11,1113131.9,立碁,69.1,16109,False,8111
2025-12-11,2025-09-g021-2025-09-10-5289,2025-12-11,1266694.0,宜鼎,473.0,2678,False,5289
2025-12-11,2025-10-g023-2025-10-15-2481,2025-12-11,952278.0,強茂,86.0,11073,False,2481
2025-12-12,2025-09-g024-2025-09-09-8111,2025-12-12,207600.0,立碁,69.2,3000,False,8111
2025-12-12,2025-09-g021-2025-09-10-5289,2025-12-12,1339000.0,宜鼎,500.0,2678,False,5289
2025-12-12,2025-10-g023-2025-10-15-2481,2025-12-12,927917.4,強茂,83.8,11073,False,2481
2025-12-15,2025-10-g023-2025-10-15-2481,2025-12-15,891376.5,強茂,80.5,11073,False,2481
2025-12-16,2025-10-g023-2025-10-15-2481,2025-12-16,885840.0,強茂,80.0,11073,False,2481
2025-12-16,2025-12-g005-2025-12-15-8110,2025-12-16,964807.2,華東,50.4,19143,False,8110
2025-12-17,2025-10-g023-2025-10-15-2481,2025-12-17,876981.6,強茂,79.2,11073,False,2481
2025-12-17,2025-12-g005-2025-12-15-8110,2025-12-17,982035.8999999999,華東,51.3,19143,False,8110
2025-12-18,2025-10-g023-2025-10-15-2481,2025-12-18,914629.7999999999,強茂,82.6,11073,False,2481
2025-12-18,2025-12-g005-2025-12-15-8110,2025-12-18,987778.8,華東,51.6,19143,False,8110
2025-12-19,2025-10-g023-2025-10-15-2481,2025-12-19,915737.1,強茂,82.7,11073,False,2481
2025-12-19,2025-12-g005-2025-12-15-8110,2025-12-19,991607.3999999999,華東,51.8,19143,False,8110
2025-12-22,2025-10-g023-2025-10-15-2481,2025-12-22,937883.1,強茂,84.7,11073,False,2481
2025-12-22,2025-12-g005-2025-12-15-8110,2025-12-22,1020321.8999999999,華東,53.3,19143,False,8110
2025-12-23,2025-10-g023-2025-10-15-2481,2025-12-23,923488.2000000001,強茂,83.4,11073,False,2481
2025-12-23,2025-12-g005-2025-12-15-8110,2025-12-23,1033722.0,華東,54.0,19143,False,8110
2025-12-23,2025-12-g018-2025-12-22-6271,2025-12-23,1099699.0,同欣電,137.0,8027,False,6271
2025-12-24,2025-10-g023-2025-10-15-2481,2025-12-24,902449.5,強茂,81.5,11073,False,2481
2025-12-24,2025-12-g005-2025-12-15-8110,2025-12-24,1066265.1,華東,55.7,19143,False,8110
2025-12-24,2025-12-g018-2025-12-22-6271,2025-12-24,1067591.0,同欣電,133.0,8027,False,6271
2025-12-26,2025-10-g023-2025-10-15-2481,2025-12-26,890269.2000000001,強茂,80.4,11073,False,2481
2025-12-26,2025-12-g005-2025-12-15-8110,2025-12-26,1056693.6,華東,55.2,19143,False,8110
2025-12-26,2025-12-g018-2025-12-22-6271,2025-12-26,1071604.5,同欣電,133.5,8027,False,6271
2025-12-29,2025-10-g023-2025-10-15-2481,2025-12-29,899127.6,強茂,81.2,11073,False,2481
2025-12-29,2025-12-g005-2025-12-15-8110,2025-12-29,1029893.3999999999,華東,53.8,19143,False,8110
2025-12-29,2025-12-g018-2025-12-22-6271,2025-12-29,1047523.5,同欣電,130.5,8027,False,6271
2025-12-30,2025-10-g023-2025-10-15-2481,2025-12-30,889161.9,強茂,80.3,11073,False,2481
2025-12-30,2025-12-g005-2025-12-15-8110,2025-12-30,1077750.9,華東,56.3,19143,False,8110
2025-12-30,2025-12-g018-2025-12-22-6271,2025-12-30,1083645.0,同欣電,135.0,8027,False,6271
2025-12-31,2025-10-g023-2025-10-15-2481,2025-12-31,886947.2999999999,強茂,80.1,11073,False,2481
2025-12-31,2025-12-g005-2025-12-15-8110,2025-12-31,1094979.6,華東,57.2,19143,False,8110
2025-12-31,2025-12-g018-2025-12-22-6271,2025-12-31,1071604.5,同欣電,133.5,8027,False,6271
2026-01-02,2025-10-g023-2025-10-15-2481,2026-01-02,884732.7000000001,強茂,79.9,11073,False,2481
2026-01-02,2025-12-g005-2025-12-15-8110,2026-01-02,1192608.9,華東,62.3,19143,False,8110
2026-01-02,2025-12-g018-2025-12-22-6271,2026-01-02,1075618.0,同欣電,134.0,8027,False,6271
2026-01-05,2025-10-g023-2025-10-15-2481,2026-01-05,851513.7000000001,強茂,76.9,11073,False,2481
2026-01-05,2025-12-g005-2025-12-15-8110,2026-01-05,1311295.5,華東,68.5,19143,False,8110
2026-01-05,2025-12-g018-2025-12-22-6271,2026-01-05,1063577.5,同欣電,132.5,8027,False,6271
2026-01-06,2025-10-g023-2025-10-15-2481,2026-01-06,876981.6,強茂,79.2,11073,False,2481
2026-01-06,2025-12-g005-2025-12-15-8110,2026-01-06,1405096.2000000002,華東,73.4,19143,False,8110
2026-01-06,2025-12-g018-2025-12-22-6271,2026-01-06,1047523.5,同欣電,130.5,8027,False,6271
2026-01-07,2025-10-g023-2025-10-15-2481,2026-01-07,895805.7000000001,強茂,80.9,11073,False,2481
2026-01-07,2025-12-g005-2025-12-15-8110,2026-01-07,1437639.2999999998,華東,75.1,19143,False,8110
2026-01-07,2025-12-g018-2025-12-22-6271,2026-01-07,1039496.5,同欣電,129.5,8027,False,6271
2026-01-08,2025-10-g023-2025-10-15-2481,2026-01-08,880303.5,強茂,79.5,11073,False,2481
2026-01-08,2025-12-g005-2025-12-15-8110,2026-01-08,1389781.7999999998,華東,72.6,19143,False,8110
2026-01-08,2025-12-g018-2025-12-22-6271,2026-01-08,987321.0,同欣電,123.0,8027,False,6271
2026-01-09,2025-10-g023-2025-10-15-2481,2026-01-09,879196.2000000001,強茂,79.4,11073,False,2481
2026-01-09,2025-12-g005-2025-12-15-8110,2026-01-09,1366810.2000000002,華東,71.4,19143,False,8110
2026-01-09,2025-12-g018-2025-12-22-6271,2026-01-09,987321.0,同欣電,123.0,8027,False,6271
2026-01-12,2025-10-g023-2025-10-15-2481,2026-01-12,934561.2000000001,強茂,84.4,11073,False,2481
2026-01-12,2025-12-g005-2025-12-15-8110,2026-01-12,1431896.4,華東,74.8,19143,False,8110
2026-01-12,2025-12-g018-2025-12-22-6271,2026-01-12,1015415.5,同欣電,126.5,8027,False,6271
2026-01-13,2025-10-g023-2025-10-15-2481,2026-01-13,924595.5,強茂,83.5,11073,False,2481
2026-01-13,2025-12-g005-2025-12-15-8110,2026-01-13,1493154.0,華東,78.0,19143,False,8110
2026-01-13,2025-12-g018-2025-12-22-6271,2026-01-13,1023442.5,同欣電,127.5,8027,False,6271
2026-01-14,2025-10-g023-2025-10-15-2481,2026-01-14,916844.4,強茂,82.8,11073,False,2481
2026-01-14,2025-12-g005-2025-12-15-8110,2026-01-14,1548668.7000000002,華東,80.9,19143,False,8110
2026-01-14,2025-12-g018-2025-12-22-6271,2026-01-14,1047523.5,同欣電,130.5,8027,False,6271
2026-01-15,2025-10-g023-2025-10-15-2481,2026-01-15,967780.2000000001,強茂,87.4,11073,False,2481
2026-01-15,2025-12-g005-2025-12-15-8110,2026-01-15,1525697.1,華東,79.7,19143,False,8110
2026-01-15,2025-12-g018-2025-12-22-6271,2026-01-15,1031469.5,同欣電,128.5,8027,False,6271
2026-01-16,2025-12-g005-2025-12-15-8110,2026-01-16,1531440.0,華東,80.0,19143,False,8110
2026-01-16,2025-12-g018-2025-12-22-6271,2026-01-16,1035483.0,同欣電,129.0,8027,False,6271
2026-01-19,2025-12-g005-2025-12-15-8110,2026-01-19,1684584.0,華東,88.0,19143,False,8110
2026-01-19,2025-12-g018-2025-12-22-6271,2026-01-19,1051537.0,同欣電,131.0,8027,False,6271
2026-01-20,2025-12-g005-2025-12-15-8110,2026-01-20,1627155.0,華東,85.0,19143,False,8110
2026-01-20,2025-12-g018-2025-12-22-6271,2026-01-20,1047523.5,同欣電,130.5,8027,False,6271
2026-01-21,2025-12-g005-2025-12-15-8110,2026-01-21,1535268.6,華東,80.2,19143,False,8110
2026-01-21,2025-12-g018-2025-12-22-6271,2026-01-21,1027456.0,同欣電,128.0,8027,False,6271
2026-01-22,2025-12-g005-2025-12-15-8110,2026-01-22,1489325.4,華東,77.8,19143,False,8110
2026-01-22,2025-12-g018-2025-12-22-6271,2026-01-22,1119766.5,同欣電,139.5,8027,False,6271
2026-01-23,2025-12-g005-2025-12-15-8110,2026-01-23,1445296.5,華東,75.5,19143,False,8110
2026-01-23,2025-12-g018-2025-12-22-6271,2026-01-23,1228131.0,同欣電,153.0,8027,False,6271
2026-01-26,2025-12-g005-2025-12-15-8110,2026-01-26,1588869.0,華東,83.0,19143,False,8110
2026-01-26,2025-12-g018-2025-12-22-6271,2026-01-26,1224117.5,同欣電,152.5,8027,False,6271
2026-01-27,2025-12-g005-2025-12-15-8110,2026-01-27,1539097.2000000002,華東,80.4,19143,False,8110
2026-01-27,2025-12-g018-2025-12-22-6271,2026-01-27,1256225.5,同欣電,156.5,8027,False,6271
2026-01-27,2026-01-g004-2026-01-26-2408,2026-01-27,1265613.0,南亞科,277.0,4569,False,2408
2026-01-28,2025-12-g005-2025-12-15-8110,2026-01-28,1558240.2000000002,華東,81.4,19143,False,8110
2026-01-28,2025-12-g018-2025-12-22-6271,2026-01-28,1236158.0,同欣電,154.0,8027,False,6271
2026-01-28,2026-01-g004-2026-01-26-2408,2026-01-28,1356993.0,南亞科,297.0,4569,False,2408
2026-01-29,2025-12-g005-2025-12-15-8110,2026-01-29,1514211.2999999998,華東,79.1,19143,False,8110
2026-01-29,2025-12-g018-2025-12-22-6271,2026-01-29,1159901.5,同欣電,144.5,8027,False,6271
2026-01-29,2026-01-g004-2026-01-26-2408,2026-01-29,1356993.0,南亞科,297.0,4569,False,2408
2026-01-30,2025-12-g005-2025-12-15-8110,2026-01-30,1518039.9,華東,79.3,19143,False,8110
2026-01-30,2025-12-g018-2025-12-22-6271,2026-01-30,1127793.5,同欣電,140.5,8027,False,6271
2026-01-30,2026-01-g004-2026-01-26-2408,2026-01-30,1491778.5,南亞科,326.5,4569,False,2408
2026-02-02,2025-12-g005-2025-12-15-8110,2026-02-02,1366810.2000000002,華東,71.4,19143,False,8110
2026-02-02,2025-12-g018-2025-12-22-6271,2026-02-02,1091672.0,同欣電,136.0,8027,False,6271
2026-02-02,2026-01-g004-2026-01-26-2408,2026-02-02,1343286.0,南亞科,294.0,4569,False,2408
2026-02-03,2025-12-g005-2025-12-15-8110,2026-02-03,1280666.7000000002,華東,66.9,19143,False,8110
2026-02-03,2025-12-g018-2025-12-22-6271,2026-02-03,1147861.0,同欣電,143.0,8027,False,6271
2026-02-03,2026-01-g004-2026-01-26-2408,2026-02-03,1267897.5,南亞科,277.5,4569,False,2408
2026-02-04,2025-12-g005-2025-12-15-8110,2026-02-04,1269180.9,華東,66.3,19143,False,8110
2026-02-04,2025-12-g018-2025-12-22-6271,2026-02-04,1260239.0,同欣電,157.0,8027,False,6271
2026-02-04,2026-01-g004-2026-01-26-2408,2026-02-04,1347855.0,南亞科,295.0,4569,False,2408
2026-02-05,2025-12-g005-2025-12-15-8110,2026-02-05,1184951.7,華東,61.9,19143,False,8110
2026-02-05,2025-12-g018-2025-12-22-6271,2026-02-05,1220104.0,同欣電,152.0,8027,False,6271
2026-02-05,2026-01-g004-2026-01-26-2408,2026-02-05,1256475.0,南亞科,275.0,4569,False,2408
2026-02-06,2025-12-g005-2025-12-15-8110,2026-02-06,1127522.7,華東,58.9,19143,False,8110
2026-02-06,2025-12-g018-2025-12-22-6271,2026-02-06,1183982.5,同欣電,147.5,8027,False,6271
2026-02-06,2026-01-g004-2026-01-26-2408,2026-02-06,1206216.0,南亞科,264.0,4569,False,2408
2026-02-09,2025-12-g005-2025-12-15-8110,2026-02-09,1177294.5,華東,61.5,19143,False,8110
2026-02-09,2025-12-g018-2025-12-22-6271,2026-02-09,1228131.0,同欣電,153.0,8027,False,6271
2026-02-09,2026-01-g004-2026-01-26-2408,2026-02-09,1254190.5,南亞科,274.5,4569,False,2408
2026-02-10,2025-12-g005-2025-12-15-8110,2026-02-10,1119865.5,華東,58.5,19143,False,8110
2026-02-10,2025-12-g018-2025-12-22-6271,2026-02-10,1260239.0,同欣電,157.0,8027,False,6271
2026-02-10,2026-01-g004-2026-01-26-2408,2026-02-10,1238199.0,南亞科,271.0,4569,False,2408
2026-02-11,2025-12-g005-2025-12-15-8110,2026-02-11,1173465.9,華東,61.3,19143,False,8110
2026-02-11,2025-12-g018-2025-12-22-6271,2026-02-11,1228131.0,同欣電,153.0,8027,False,6271
2026-02-11,2026-01-g004-2026-01-26-2408,2026-02-11,1270182.0,南亞科,278.0,4569,False,2408
2026-02-23,2025-12-g005-2025-12-15-8110,2026-02-23,1190694.6,華東,62.2,19143,False,8110
2026-02-23,2025-12-g018-2025-12-22-6271,2026-02-23,1328468.5,同欣電,165.5,8027,False,6271
2026-02-23,2026-01-g004-2026-01-26-2408,2026-02-23,1320441.0,南亞科,289.0,4569,False,2408
2026-02-24,2025-12-g005-2025-12-15-8110,2026-02-24,1242380.7000000002,華東,64.9,19143,False,8110
2026-02-24,2025-12-g018-2025-12-22-6271,2026-02-24,1380644.0,同欣電,172.0,8027,False,6271
2026-02-24,2026-01-g004-2026-01-26-2408,2026-02-24,1361562.0,南亞科,298.0,4569,False,2408
2026-02-25,2025-12-g005-2025-12-15-8110,2026-02-25,1215580.5,華東,63.5,19143,False,8110
2026-02-25,2025-12-g018-2025-12-22-6271,2026-02-25,1517103.0,同欣電,189.0,8027,False,6271
2026-02-25,2026-01-g004-2026-01-26-2408,2026-02-25,1315872.0,南亞科,288.0,4569,False,2408
2026-02-26,2025-12-g005-2025-12-15-8110,2026-02-26,1244295.0,華東,65.0,19143,False,8110
2026-02-26,2025-12-g018-2025-12-22-6271,2026-02-26,1420779.0,同欣電,177.0,8027,False,6271
2026-02-26,2026-01-g004-2026-01-26-2408,2026-02-26,1304449.5,南亞科,285.5,4569,False,2408
2026-03-02,2025-12-g005-2025-12-15-8110,2026-03-02,1209837.6,華東,63.2,19143,False,8110
2026-03-02,2025-12-g018-2025-12-22-6271,2026-03-02,1368603.5,同欣電,170.5,8027,False,6271
2026-03-02,2026-01-g004-2026-01-26-2408,2026-03-02,1302165.0,南亞科,285.0,4569,False,2408
2026-03-03,2025-12-g005-2025-12-15-8110,2026-03-03,1106465.4,華東,57.8,19143,False,8110
2026-03-03,2025-12-g018-2025-12-22-6271,2026-03-03,1348536.0,同欣電,168.0,8027,False,6271
2026-03-03,2026-01-g004-2026-01-26-2408,2026-03-03,1171948.5,南亞科,256.5,4569,False,2408
2026-03-04,2025-12-g005-2025-12-15-8110,2026-03-04,1005007.5,華東,52.5,19143,False,8110
2026-03-04,2025-12-g018-2025-12-22-6271,2026-03-04,1244185.0,同欣電,155.0,8027,False,6271
2026-03-04,2026-01-g004-2026-01-26-2408,2026-03-04,1071430.5,南亞科,234.5,4569,False,2408
2026-03-05,2025-12-g005-2025-12-15-8110,2026-03-05,1081579.5,華東,56.5,19143,False,8110
2026-03-05,2025-12-g018-2025-12-22-6271,2026-03-05,1256225.5,同欣電,156.5,8027,False,6271
2026-03-06,2025-12-g005-2025-12-15-8110,2026-03-06,1047122.1000000001,華東,54.7,19143,False,8110
2026-03-06,2025-12-g018-2025-12-22-6271,2026-03-06,1276293.0,同欣電,159.0,8027,False,6271
2026-03-09,2025-12-g005-2025-12-15-8110,2026-03-09,966721.5,華東,50.5,19143,False,8110
2026-03-09,2025-12-g018-2025-12-22-6271,2026-03-09,1151874.5,同欣電,143.5,8027,False,6271
2026-03-09,2026-03-g024-2026-03-06-3081,2026-03-09,1009800.0,聯亞,1350.0,748,False,3081
2026-03-10,2025-12-g005-2025-12-15-8110,2026-03-10,1026064.8,華東,53.6,19143,False,8110
2026-03-10,2025-12-g018-2025-12-22-6271,2026-03-10,1183982.5,同欣電,147.5,8027,False,6271
2026-03-10,2026-03-g024-2026-03-06-3081,2026-03-10,1110780.0,聯亞,1485.0,748,False,3081
2026-03-11,2025-12-g005-2025-12-15-8110,2026-03-11,1068179.4,華東,55.8,19143,False,8110
2026-03-11,2025-12-g018-2025-12-22-6271,2026-03-11,1212077.0,同欣電,151.0,8027,False,6271
2026-03-11,2026-03-g024-2026-03-06-3081,2026-03-11,1163140.0,聯亞,1555.0,748,False,3081
2026-03-12,2025-12-g005-2025-12-15-8110,2026-03-12,1027979.1000000001,華東,53.7,19143,False,8110
2026-03-12,2025-12-g018-2025-12-22-6271,2026-03-12,1200036.5,同欣電,149.5,8027,False,6271
2026-03-12,2026-03-g024-2026-03-06-3081,2026-03-12,1077120.0,聯亞,1440.0,748,False,3081
2026-03-13,2025-12-g005-2025-12-15-8110,2026-03-13,1018407.6000000001,華東,53.2,19143,False,8110
2026-03-13,2025-12-g018-2025-12-22-6271,2026-03-13,1204050.0,同欣電,150.0,8027,False,6271
2026-03-13,2026-03-g024-2026-03-06-3081,2026-03-13,1110780.0,聯亞,1485.0,748,False,3081
2026-03-16,2025-12-g005-2025-12-15-8110,2026-03-16,1060522.2,華東,55.4,19143,False,8110
2026-03-16,2025-12-g018-2025-12-22-6271,2026-03-16,1224117.5,同欣電,152.5,8027,False,6271
2026-03-16,2026-03-g024-2026-03-06-3081,2026-03-16,1122000.0,聯亞,1500.0,748,False,3081
2026-03-17,2025-12-g005-2025-12-15-8110,2026-03-17,1165808.7,華東,60.9,19143,False,8110
2026-03-17,2025-12-g018-2025-12-22-6271,2026-03-17,1276293.0,同欣電,159.0,8027,False,6271
2026-03-17,2026-03-g024-2026-03-06-3081,2026-03-17,1009800.0,聯亞,1350.0,748,False,3081
2026-03-18,2025-12-g005-2025-12-15-8110,2026-03-18,1171551.6,華東,61.2,19143,False,8110
2026-03-18,2025-12-g018-2025-12-22-6271,2026-03-18,1292347.0,同欣電,161.0,8027,False,6271
2026-03-18,2026-03-g024-2026-03-06-3081,2026-03-18,1077120.0,聯亞,1440.0,748,False,3081
2026-03-19,2025-12-g005-2025-12-15-8110,2026-03-19,1133265.6,華東,59.2,19143,False,8110
2026-03-19,2025-12-g018-2025-12-22-6271,2026-03-19,1260239.0,同欣電,157.0,8027,False,6271
2026-03-19,2026-03-g024-2026-03-06-3081,2026-03-19,1151920.0,聯亞,1540.0,748,False,3081
2026-03-20,2025-12-g005-2025-12-15-8110,2026-03-20,1209837.6,華東,63.2,19143,False,8110
2026-03-20,2025-12-g018-2025-12-22-6271,2026-03-20,1240171.5,同欣電,154.5,8027,False,6271
2026-03-20,2026-03-g024-2026-03-06-3081,2026-03-20,1226720.0,聯亞,1640.0,748,False,3081
2026-03-23,2025-12-g005-2025-12-15-8110,2026-03-23,1102636.8,華東,57.6,19143,False,8110
2026-03-23,2025-12-g018-2025-12-22-6271,2026-03-23,1171942.0,同欣電,146.0,8027,False,6271
2026-03-23,2026-03-g024-2026-03-06-3081,2026-03-23,1107040.0,聯亞,1480.0,748,False,3081
2026-03-24,2025-12-g005-2025-12-15-8110,2026-03-24,1024150.5,華東,53.5,19143,False,8110
2026-03-24,2025-12-g018-2025-12-22-6271,2026-03-24,1159901.5,同欣電,144.5,8027,False,6271
2026-03-24,2026-03-g024-2026-03-06-3081,2026-03-24,1047200.0,聯亞,1400.0,748,False,3081
2026-03-25,2025-12-g005-2025-12-15-8110,2026-03-25,1049036.4,華東,54.8,19143,False,8110
2026-03-25,2025-12-g018-2025-12-22-6271,2026-03-25,1212077.0,同欣電,151.0,8027,False,6271
2026-03-25,2026-03-g024-2026-03-06-3081,2026-03-25,1151920.0,聯亞,1540.0,748,False,3081
2026-03-26,2025-12-g005-2025-12-15-8110,2026-03-26,1005007.5,華東,52.5,19143,False,8110
2026-03-26,2025-12-g018-2025-12-22-6271,2026-03-26,1187996.0,同欣電,148.0,8027,False,6271
2026-03-26,2026-03-g024-2026-03-06-3081,2026-03-26,1264120.0,聯亞,1690.0,748,False,3081
2026-03-27,2025-12-g018-2025-12-22-6271,2026-03-27,1220104.0,同欣電,152.0,8027,False,6271
2026-03-27,2026-03-g024-2026-03-06-3081,2026-03-27,1286560.0,聯亞,1720.0,748,False,3081
2026-03-30,2025-12-g018-2025-12-22-6271,2026-03-30,1183982.5,同欣電,147.5,8027,False,6271
2026-03-30,2026-03-g024-2026-03-06-3081,2026-03-30,1279080.0,聯亞,1710.0,748,False,3081
2026-03-31,2025-12-g018-2025-12-22-6271,2026-03-31,1127793.5,同欣電,140.5,8027,False,6271
2026-03-31,2026-03-g024-2026-03-06-3081,2026-03-31,1178100.0,聯亞,1575.0,748,False,3081
2026-04-01,2025-12-g018-2025-12-22-6271,2026-04-01,1196023.0,同欣電,149.0,8027,False,6271
2026-04-01,2026-03-g024-2026-03-06-3081,2026-04-01,1294040.0,聯亞,1730.0,748,False,3081
2026-04-02,2025-12-g018-2025-12-22-6271,2026-04-02,1216090.5,同欣電,151.5,8027,False,6271
2026-04-02,2026-03-g024-2026-03-06-3081,2026-04-02,1365100.0,聯亞,1825.0,748,False,3081
2026-04-02,2026-04-g004-2026-04-01-5475,2026-04-02,1260601.0,德宏,246.5,5114,False,5475
2026-04-07,2026-03-g024-2026-03-06-3081,2026-04-07,1499740.0,聯亞,2005.0,748,False,3081
2026-04-07,2026-04-g004-2026-04-01-5475,2026-04-07,1385894.0,德宏,271.0,5114,False,5475
2026-04-08,2026-03-g024-2026-03-06-3081,2026-04-08,1525920.0,聯亞,2040.0,748,False,3081
2026-04-08,2026-04-g004-2026-04-01-5475,2026-04-08,1454933.0,德宏,284.5,5114,False,5475
2026-04-09,2026-03-g024-2026-03-06-3081,2026-04-09,1574540.0,聯亞,2105.0,748,False,3081
2026-04-09,2026-04-g004-2026-04-01-5475,2026-04-09,1419135.0,德宏,277.5,5114,False,5475
2026-04-09,2026-04-g012-2026-04-08-2426,2026-04-09,1290000.0,鼎元,43.0,30000,False,2426
2026-04-10,2026-03-g024-2026-03-06-3081,2026-04-10,1731620.0,聯亞,2315.0,748,False,3081
2026-04-10,2026-04-g004-2026-04-01-5475,2026-04-10,1493288.0,德宏,292.0,5114,False,5475
2026-04-10,2026-04-g012-2026-04-08-2426,2026-04-10,1419000.0,鼎元,47.3,30000,False,2426
2026-04-13,2026-03-g024-2026-03-06-3081,2026-04-13,1735360.0,聯亞,2320.0,748,False,3081
2026-04-13,2026-04-g004-2026-04-01-5475,2026-04-13,1470275.0,德宏,287.5,5114,False,5475
2026-04-13,2026-04-g012-2026-04-08-2426,2026-04-13,1560000.0,鼎元,52.0,30000,False,2426
2026-04-14,2026-03-g024-2026-03-06-3081,2026-04-14,1626900.0,聯亞,2175.0,748,False,3081
2026-04-14,2026-04-g004-2026-04-01-5475,2026-04-14,1616024.0,德宏,316.0,5114,False,5475
2026-04-14,2026-04-g012-2026-04-08-2426,2026-04-14,1587000.0,鼎元,52.9,30000,False,2426
2026-04-15,2026-03-g024-2026-03-06-3081,2026-04-15,1731620.0,聯亞,2315.0,748,False,3081
2026-04-15,2026-04-g004-2026-04-01-5475,2026-04-15,1651822.0,德宏,323.0,5114,False,5475
2026-04-15,2026-04-g012-2026-04-08-2426,2026-04-15,1479000.0,鼎元,49.3,30000,False,2426
2026-04-16,2026-03-g024-2026-03-06-3081,2026-04-16,1769020.0,聯亞,2365.0,748,False,3081
2026-04-16,2026-04-g004-2026-04-01-5475,2026-04-16,1713190.0,德宏,335.0,5114,False,5475
2026-04-16,2026-04-g012-2026-04-08-2426,2026-04-16,1596000.0,鼎元,53.2,30000,False,2426
2026-04-17,2026-03-g024-2026-03-06-3081,2026-04-17,1944800.0,聯亞,2600.0,748,False,3081
2026-04-17,2026-04-g004-2026-04-01-5475,2026-04-17,1884509.0,德宏,368.5,5114,False,5475
2026-04-17,2026-04-g012-2026-04-08-2426,2026-04-17,1632000.0,鼎元,54.4,30000,False,2426
2026-04-20,2026-03-g024-2026-03-06-3081,2026-04-20,2139280.0,聯亞,2860.0,748,False,3081
2026-04-20,2026-04-g004-2026-04-01-5475,2026-04-20,2045600.0,德宏,400.0,5114,False,5475
2026-04-20,2026-04-g012-2026-04-08-2426,2026-04-20,1671000.0,鼎元,55.7,30000,False,2426
2026-04-21,2026-03-g024-2026-03-06-3081,2026-04-21,2195380.0,聯亞,2935.0,748,False,3081
2026-04-21,2026-04-g004-2026-04-01-5475,2026-04-21,1968890.0,德宏,385.0,5114,False,5475
2026-04-21,2026-04-g012-2026-04-08-2426,2026-04-21,1602000.0,鼎元,53.4,30000,False,2426
2026-04-22,2026-03-g024-2026-03-06-3081,2026-04-22,2247740.0,聯亞,3005.0,748,False,3081
2026-04-22,2026-04-g004-2026-04-01-5475,2026-04-22,1974004.0,德宏,386.0,5114,False,5475
2026-04-22,2026-04-g012-2026-04-08-2426,2026-04-22,1566000.0,鼎元,52.2,30000,False,2426
2026-04-23,2026-03-g024-2026-03-06-3081,2026-04-23,2258960.0,聯亞,3020.0,748,False,3081
2026-04-23,2026-04-g004-2026-04-01-5475,2026-04-23,1856382.0,德宏,363.0,5114,False,5475
2026-04-23,2026-04-g012-2026-04-08-2426,2026-04-23,1461000.0,鼎元,48.7,30000,False,2426
2026-04-24,2026-03-g024-2026-03-06-3081,2026-04-24,2109360.0,聯亞,2820.0,748,False,3081
2026-04-24,2026-04-g004-2026-04-01-5475,2026-04-24,1715747.0,德宏,335.5,5114,False,5475
2026-04-24,2026-04-g012-2026-04-08-2426,2026-04-24,1431000.0,鼎元,47.7,30000,False,2426
2026-04-27,2026-03-g024-2026-03-06-3081,2026-04-27,1899920.0,聯亞,2540.0,748,False,3081
2026-04-27,2026-04-g004-2026-04-01-5475,2026-04-27,1577669.0,德宏,308.5,5114,False,5475
2026-04-27,2026-04-g012-2026-04-08-2426,2026-04-27,1476000.0,鼎元,49.2,30000,False,2426
2026-04-28,2026-03-g024-2026-03-06-3081,2026-04-28,1873740.0,聯亞,2505.0,748,False,3081
2026-04-28,2026-04-g004-2026-04-01-5475,2026-04-28,1733646.0,德宏,339.0,5114,False,5475
2026-04-28,2026-04-g012-2026-04-08-2426,2026-04-28,1623000.0,鼎元,54.1,30000,False,2426
2026-04-29,2026-03-g024-2026-03-06-3081,2026-04-29,1828860.0,聯亞,2445.0,748,False,3081
2026-04-29,2026-04-g004-2026-04-01-5475,2026-04-29,1820584.0,德宏,356.0,5114,False,5475
2026-04-29,2026-04-g012-2026-04-08-2426,2026-04-29,1785000.0,鼎元,59.5,30000,False,2426
2026-04-30,2026-03-g024-2026-03-06-3081,2026-04-30,1974720.0,聯亞,2640.0,748,False,3081
2026-04-30,2026-04-g004-2026-04-01-5475,2026-04-30,1830812.0,德宏,358.0,5114,False,5475
2026-04-30,2026-04-g012-2026-04-08-2426,2026-04-30,1719000.0,鼎元,57.3,30000,False,2426
2026-05-04,2026-03-g024-2026-03-06-3081,2026-05-04,2053260.0,聯亞,2745.0,748,False,3081
2026-05-04,2026-04-g004-2026-04-01-5475,2026-05-04,1820584.0,德宏,356.0,5114,False,5475
2026-05-04,2026-04-g012-2026-04-08-2426,2026-05-04,1890000.0,鼎元,63.0,30000,False,2426
2026-05-05,2026-03-g024-2026-03-06-3081,2026-05-05,2105620.0,聯亞,2815.0,748,False,3081
2026-05-05,2026-04-g004-2026-04-01-5475,2026-05-05,1984232.0,德宏,388.0,5114,False,5475
2026-05-05,2026-04-g012-2026-04-08-2426,2026-05-05,2079000.0,鼎元,69.3,30000,False,2426
2026-05-06,2026-03-g024-2026-03-06-3081,2026-05-06,1985940.0,聯亞,2655.0,748,False,3081
2026-05-06,2026-04-g004-2026-04-01-5475,2026-05-06,1935649.0,德宏,378.5,5114,False,5475
2026-05-06,2026-04-g012-2026-04-08-2426,2026-05-06,2286000.0,鼎元,76.2,30000,False,2426
2026-05-07,2026-03-g024-2026-03-06-3081,2026-05-07,1989680.0,聯亞,2660.0,748,False,3081
2026-05-07,2026-04-g004-2026-04-01-5475,2026-05-07,1779672.0,德宏,348.0,5114,False,5475
2026-05-07,2026-04-g012-2026-04-08-2426,2026-05-07,2220000.0,鼎元,74.0,30000,False,2426
2026-05-08,2026-03-g024-2026-03-06-3081,2026-05-08,1959760.0,聯亞,2620.0,748,False,3081
2026-05-08,2026-04-g004-2026-04-01-5475,2026-05-08,1662050.0,德宏,325.0,5114,False,5475
2026-05-08,2026-04-g012-2026-04-08-2426,2026-05-08,2025000.0,鼎元,67.5,30000,False,2426
2026-05-11,2026-03-g024-2026-03-06-3081,2026-05-11,2079440.0,聯亞,2780.0,748,False,3081
2026-05-11,2026-04-g004-2026-04-01-5475,2026-05-11,1695291.0,德宏,331.5,5114,False,5475
2026-05-11,2026-04-g012-2026-04-08-2426,2026-05-11,2001000.0,鼎元,66.7,30000,False,2426
2026-05-12,2026-03-g024-2026-03-06-3081,2026-05-12,2285140.0,聯亞,3055.0,748,False,3081
2026-05-12,2026-04-g004-2026-04-01-5475,2026-05-12,1636480.0,德宏,320.0,5114,False,5475
2026-05-12,2026-04-g012-2026-04-08-2426,2026-05-12,2097000.0000000002,鼎元,69.9,30000,False,2426
2026-05-13,2026-03-g024-2026-03-06-3081,2026-05-13,2120580.0,聯亞,2835.0,748,False,3081
2026-05-13,2026-04-g004-2026-04-01-5475,2026-05-13,1590454.0,德宏,311.0,5114,False,5475
2026-05-13,2026-04-g012-2026-04-08-2426,2026-05-13,2040000.0,鼎元,68.0,30000,False,2426
2026-05-14,2026-03-g024-2026-03-06-3081,2026-05-14,2202860.0,聯亞,2945.0,748,False,3081
2026-05-14,2026-04-g004-2026-04-01-5475,2026-05-14,1613467.0,德宏,315.5,5114,False,5475
2026-05-14,2026-04-g012-2026-04-08-2426,2026-05-14,2004000.0,鼎元,66.8,30000,False,2426
2026-05-15,2026-03-g024-2026-03-06-3081,2026-05-15,1985940.0,聯亞,2655.0,748,False,3081
2026-05-15,2026-04-g004-2026-04-01-5475,2026-05-15,1529086.0,德宏,299.0,5114,False,5475
2026-05-15,2026-04-g012-2026-04-08-2426,2026-05-15,1857000.0,鼎元,61.9,30000,False,2426
2026-05-18,2026-03-g024-2026-03-06-3081,2026-05-18,2027080.0,聯亞,2710.0,748,False,3081
2026-05-18,2026-04-g004-2026-04-01-5475,2026-05-18,1526529.0,德宏,298.5,5114,False,5475
2026-05-18,2026-04-g012-2026-04-08-2426,2026-05-18,1914000.0,鼎元,63.8,30000,False,2426
2026-05-19,2026-03-g024-2026-03-06-3081,2026-05-19,1862520.0,聯亞,2490.0,748,False,3081
2026-05-19,2026-04-g004-2026-04-01-5475,2026-05-19,1493288.0,德宏,292.0,5114,False,5475
2026-05-19,2026-04-g012-2026-04-08-2426,2026-05-19,1944000.0,鼎元,64.8,30000,False,2426
2026-05-20,2026-03-g024-2026-03-06-3081,2026-05-20,1929840.0,聯亞,2580.0,748,False,3081
2026-05-20,2026-04-g004-2026-04-01-5475,2026-05-20,1421692.0,德宏,278.0,5114,False,5475
2026-05-20,2026-04-g012-2026-04-08-2426,2026-05-20,2067000.0000000002,鼎元,68.9,30000,False,2426
2026-05-21,2026-03-g024-2026-03-06-3081,2026-05-21,1911140.0,聯亞,2555.0,748,False,3081
2026-05-21,2026-04-g004-2026-04-01-5475,2026-05-21,1467718.0,德宏,287.0,5114,False,5475
2026-05-21,2026-04-g012-2026-04-08-2426,2026-05-21,2271000.0,鼎元,75.7,30000,False,2426
2026-05-22,2026-03-g024-2026-03-06-3081,2026-05-22,2027080.0,聯亞,2710.0,748,False,3081
2026-05-22,2026-04-g004-2026-04-01-5475,2026-05-22,1518858.0,德宏,297.0,5114,False,5475
2026-05-22,2026-04-g012-2026-04-08-2426,2026-05-22,2496000.0,鼎元,83.2,30000,False,2426
2026-05-25,2026-03-g024-2026-03-06-3081,2026-05-25,2187900.0,聯亞,2925.0,748,False,3081
2026-05-25,2026-04-g004-2026-04-01-5475,2026-05-25,1470275.0,德宏,287.5,5114,False,5475
2026-05-25,2026-04-g012-2026-04-08-2426,2026-05-25,2346000.0,鼎元,78.2,30000,False,2426
2026-05-26,2026-03-g024-2026-03-06-3081,2026-05-26,2363680.0,聯亞,3160.0,748,False,3081
2026-05-26,2026-04-g004-2026-04-01-5475,2026-05-26,1559770.0,德宏,305.0,5114,False,5475
2026-05-26,2026-04-g012-2026-04-08-2426,2026-05-26,2349000.0,鼎元,78.3,30000,False,2426
2026-05-27,2026-03-g024-2026-03-06-3081,2026-05-27,2157980.0,聯亞,2885.0,748,False,3081
2026-05-27,2026-04-g004-2026-04-01-5475,2026-05-27,1465161.0,德宏,286.5,5114,False,5475
2026-05-27,2026-04-g012-2026-04-08-2426,2026-05-27,2334000.0,鼎元,77.8,30000,False,2426
2026-05-28,2026-03-g024-2026-03-06-3081,2026-05-28,1982200.0,聯亞,2650.0,748,False,3081
2026-05-28,2026-04-g004-2026-04-01-5475,2026-05-28,1362881.0,德宏,266.5,5114,False,5475
2026-05-28,2026-04-g012-2026-04-08-2426,2026-05-28,2427000.0,鼎元,80.9,30000,False,2426
2026-05-29,2026-03-g024-2026-03-06-3081,2026-05-29,1956020.0,聯亞,2615.0,748,False,3081
2026-05-29,2026-04-g004-2026-04-01-5475,2026-05-29,1380780.0,德宏,270.0,5114,False,5475
2026-05-29,2026-04-g012-2026-04-08-2426,2026-05-29,2436000.0,鼎元,81.2,30000,False,2426
2026-06-01,2026-03-g024-2026-03-06-3081,2026-06-01,2008380.0,聯亞,2685.0,748,False,3081
2026-06-01,2026-04-g004-2026-04-01-5475,2026-06-01,1518858.0,德宏,297.0,5114,False,5475
2026-06-01,2026-04-g012-2026-04-08-2426,2026-06-01,2310000.0,鼎元,77.0,30000,False,2426
2026-06-02,2026-03-g024-2026-03-06-3081,2026-06-02,1926100.0,聯亞,2575.0,748,False,3081
2026-06-02,2026-04-g004-2026-04-01-5475,2026-06-02,1636480.0,德宏,320.0,5114,False,5475
2026-06-02,2026-04-g012-2026-04-08-2426,2026-06-02,2145000.0,鼎元,71.5,30000,False,2426
2026-06-03,2026-03-g024-2026-03-06-3081,2026-06-03,2116840.0,聯亞,2830.0,748,False,3081
2026-06-03,2026-04-g004-2026-04-01-5475,2026-06-03,1559770.0,德宏,305.0,5114,False,5475
2026-06-03,2026-04-g012-2026-04-08-2426,2026-06-03,2229000.0,鼎元,74.3,30000,False,2426
2026-06-04,2026-03-g024-2026-03-06-3081,2026-06-04,1929840.0,聯亞,2580.0,748,False,3081
2026-06-04,2026-04-g004-2026-04-01-5475,2026-06-04,1549542.0,德宏,303.0,5114,False,5475
2026-06-04,2026-04-g012-2026-04-08-2426,2026-06-04,2163000.0,鼎元,72.1,30000,False,2426
2026-06-05,2026-03-g024-2026-03-06-3081,2026-06-05,1985940.0,聯亞,2655.0,748,False,3081
2026-06-05,2026-04-g004-2026-04-01-5475,2026-06-05,1434477.0,德宏,280.5,5114,False,5475
2026-06-05,2026-04-g012-2026-04-08-2426,2026-06-05,2064000.0,鼎元,68.8,30000,False,2426
2026-06-08,2026-03-g024-2026-03-06-3081,2026-06-08,1866260.0,聯亞,2495.0,748,False,3081
2026-06-08,2026-04-g004-2026-04-01-5475,2026-06-08,1306627.0,德宏,255.5,5114,False,5475
2026-06-08,2026-04-g012-2026-04-08-2426,2026-06-08,1860000.0,鼎元,62.0,30000,False,2426
2026-06-09,2026-04-g004-2026-04-01-5475,2026-06-09,1334754.0,德宏,261.0,5114,False,5475
2026-06-09,2026-04-g012-2026-04-08-2426,2026-06-09,2046000.0,鼎元,68.2,30000,False,2426
2026-06-10,2026-04-g004-2026-04-01-5475,2026-06-10,1252930.0,德宏,245.0,5114,False,5475
2026-06-10,2026-04-g012-2026-04-08-2426,2026-06-10,1842000.0,鼎元,61.4,30000,False,2426
2026-06-10,2026-06-g011-2026-06-09-6197,2026-06-10,1511947.5,佳必琪,325.5,4645,False,6197
2026-06-11,2026-04-g004-2026-04-01-5475,2026-06-11,1217132.0,德宏,238.0,5114,False,5475
2026-06-11,2026-04-g012-2026-04-08-2426,2026-06-11,1989000.0,鼎元,66.3,30000,False,2426
2026-06-11,2026-06-g011-2026-06-09-6197,2026-06-11,1474787.5,佳必琪,317.5,4645,False,6197
2026-06-12,2026-04-g004-2026-04-01-5475,2026-06-12,1227360.0,德宏,240.0,5114,False,5475
2026-06-12,2026-04-g012-2026-04-08-2426,2026-06-12,2040000.0,鼎元,68.0,30000,False,2426
2026-06-12,2026-06-g011-2026-06-09-6197,2026-06-12,1521237.5,佳必琪,327.5,4645,False,6197
2026-06-15,2026-04-g004-2026-04-01-5475,2026-06-15,1219689.0,德宏,238.5,5114,False,5475
2026-06-15,2026-04-g012-2026-04-08-2426,2026-06-15,2244000.0,鼎元,74.8,30000,False,2426
2026-06-15,2026-06-g011-2026-06-09-6197,2026-06-15,1539817.5,佳必琪,331.5,4645,False,6197
2026-06-16,2026-04-g004-2026-04-01-5475,2026-06-16,1178777.0,德宏,230.5,5114,False,5475
2026-06-16,2026-04-g012-2026-04-08-2426,2026-06-16,2067000.0000000002,鼎元,68.9,30000,False,2426
2026-06-16,2026-06-g011-2026-06-09-6197,2026-06-16,1488722.5,佳必琪,320.5,4645,False,6197
2026-06-17,2026-04-g004-2026-04-01-5475,2026-06-17,1173663.0,德宏,229.5,5114,False,5475
2026-06-17,2026-04-g012-2026-04-08-2426,2026-06-17,2232000.0,鼎元,74.4,30000,False,2426
2026-06-17,2026-06-g011-2026-06-09-6197,2026-06-17,1546785.0,佳必琪,333.0,4645,False,6197
2026-06-18,2026-04-g004-2026-04-01-5475,2026-06-18,1288728.0,德宏,252.0,5114,False,5475
2026-06-18,2026-04-g012-2026-04-08-2426,2026-06-18,2454000.0,鼎元,81.8,30000,False,2426
2026-06-18,2026-06-g011-2026-06-09-6197,2026-06-18,1614137.5,佳必琪,347.5,4645,False,6197
2026-06-22,2026-04-g004-2026-04-01-5475,2026-06-22,1416578.0,德宏,277.0,5114,False,5475
2026-06-22,2026-04-g012-2026-04-08-2426,2026-06-22,2697000.0,鼎元,89.9,30000,False,2426
2026-06-22,2026-06-g011-2026-06-09-6197,2026-06-22,1639685.0,佳必琪,353.0,4645,False,6197
2026-06-23,2026-04-g004-2026-04-01-5475,2026-06-23,1426806.0,德宏,279.0,5114,False,5475
2026-06-23,2026-04-g012-2026-04-08-2426,2026-06-23,2841000.0,鼎元,94.7,30000,False,2426
2026-06-23,2026-06-g011-2026-06-09-6197,2026-06-23,1625750.0,佳必琪,350.0,4645,False,6197
2026-06-24,2026-04-g004-2026-04-01-5475,2026-06-24,1411464.0,德宏,276.0,5114,False,5475
2026-06-24,2026-04-g012-2026-04-08-2426,2026-06-24,2799000.0,鼎元,93.3,30000,False,2426
2026-06-24,2026-06-g011-2026-06-09-6197,2026-06-24,1669877.5,佳必琪,359.5,4645,False,6197
2026-06-25,2026-04-g004-2026-04-01-5475,2026-06-25,1375666.0,德宏,269.0,5114,False,5475
2026-06-25,2026-04-g012-2026-04-08-2426,2026-06-25,2553000.0,鼎元,85.1,30000,False,2426
2026-06-25,2026-06-g011-2026-06-09-6197,2026-06-25,1734907.5,佳必琪,373.5,4645,False,6197
2026-06-26,2026-04-g004-2026-04-01-5475,2026-06-26,1240145.0,德宏,242.5,5114,False,5475
2026-06-26,2026-04-g012-2026-04-08-2426,2026-06-26,2328000.0,鼎元,77.6,30000,False,2426
2026-06-26,2026-06-g011-2026-06-09-6197,2026-06-26,1690780.0,佳必琪,364.0,4645,False,6197
2026-06-29,2026-04-g004-2026-04-01-5475,2026-06-29,1148093.0,德宏,224.5,5114,False,5475
2026-06-29,2026-04-g012-2026-04-08-2426,2026-06-29,2316000.0,鼎元,77.2,30000,False,2426
2026-06-29,2026-06-g011-2026-06-09-6197,2026-06-29,1600202.5,佳必琪,344.5,4645,False,6197
2026-06-30,2026-04-g004-2026-04-01-5475,2026-06-30,1250373.0,德宏,244.5,5114,False,5475
2026-06-30,2026-04-g012-2026-04-08-2426,2026-06-30,2283000.0,鼎元,76.1,30000,False,2426
2026-06-30,2026-06-g011-2026-06-09-6197,2026-06-30,1625750.0,佳必琪,350.0,4645,False,6197
2026-07-01,2026-04-g004-2026-04-01-5475,2026-07-01,1176220.0,德宏,230.0,5114,False,5475
2026-07-01,2026-04-g012-2026-04-08-2426,2026-07-01,2163000.0,鼎元,72.1,30000,False,2426
2026-07-01,2026-06-g011-2026-06-09-6197,2026-07-01,1616460.0,佳必琪,348.0,4645,False,6197
2026-07-02,2026-04-g004-2026-04-01-5475,2026-07-02,1186448.0,德宏,232.0,5114,False,5475
2026-07-02,2026-04-g012-2026-04-08-2426,2026-07-02,2244000.0,鼎元,74.8,30000,False,2426
2026-07-02,2026-06-g011-2026-06-09-6197,2026-07-02,1688457.5,佳必琪,363.5,4645,False,6197
2026-07-03,2026-04-g004-2026-04-01-5475,2026-07-03,1219689.0,德宏,238.5,5114,False,5475
2026-07-03,2026-04-g012-2026-04-08-2426,2026-07-03,2370000.0,鼎元,79.0,30000,False,2426
2026-07-03,2026-06-g011-2026-06-09-6197,2026-07-03,1730262.5,佳必琪,372.5,4645,False,6197
2026-07-06,2026-04-g012-2026-04-08-2426,2026-07-06,2376000.0,鼎元,79.2,30000,False,2426
2026-07-06,2026-06-g011-2026-06-09-6197,2026-07-06,1730262.5,佳必琪,372.5,4645,False,6197
2026-07-07,2026-04-g012-2026-04-08-2426,2026-07-07,2181000.0,鼎元,72.7,30000,False,2426
2026-07-07,2026-06-g011-2026-06-09-6197,2026-07-07,1672200.0,佳必琪,360.0,4645,False,6197
2026-07-07,2026-07-g001-2026-07-06-1216,2026-07-07,1374204.0,統一,78.0,17618,False,1216
2026-07-08,2026-04-g012-2026-04-08-2426,2026-07-08,2205000.0,鼎元,73.5,30000,False,2426
2026-07-08,2026-06-g011-2026-06-09-6197,2026-07-08,1714005.0,佳必琪,369.0,4645,False,6197
2026-07-08,2026-07-g001-2026-07-06-1216,2026-07-08,1384774.7999999998,統一,78.6,17618,False,1216
2026-07-09,2026-06-g011-2026-06-09-6197,2026-07-09,1665232.5,佳必琪,358.5,4645,False,6197
2026-07-09,2026-07-g001-2026-07-06-1216,2026-07-09,1381251.2000000002,統一,78.4,17618,False,1216
2026-07-13,2026-06-g011-2026-06-09-6197,2026-07-13,1525882.5,佳必琪,328.5,4645,False,6197
2026-07-13,2026-07-g001-2026-07-06-1216,2026-07-13,1383013.0,統一,78.5,17618,False,1216
2026-07-14,2026-06-g011-2026-06-09-6197,2026-07-14,1495690.0,佳必琪,322.0,4645,False,6197
2026-07-14,2026-07-g001-2026-07-06-1216,2026-07-14,1383013.0,統一,78.5,17618,False,1216
2026-07-14,2026-07-g019-2026-07-13-4958,2026-07-14,1544195.0,臻鼎-KY,629.0,2455,False,4958
2026-07-15,2026-06-g011-2026-06-09-6197,2026-07-15,1553752.5,佳必琪,334.5,4645,False,6197
2026-07-15,2026-07-g001-2026-07-06-1216,2026-07-15,1384774.7999999998,統一,78.6,17618,False,1216
2026-07-15,2026-07-g019-2026-07-13-4958,2026-07-15,1517190.0,臻鼎-KY,618.0,2455,False,4958
2026-07-16,2026-06-g011-2026-06-09-6197,2026-07-16,1511947.5,佳必琪,325.5,4645,False,6197
2026-07-16,2026-07-g001-2026-07-06-1216,2026-07-16,1391822.0,統一,79.0,17618,False,1216
2026-07-16,2026-07-g019-2026-07-13-4958,2026-07-16,1418990.0,臻鼎-KY,578.0,2455,False,4958
2026-07-17,2026-06-g011-2026-06-09-6197,2026-07-17,1414402.5,佳必琪,304.5,4645,False,6197
2026-07-17,2026-07-g001-2026-07-06-1216,2026-07-17,1409440.0,統一,80.0,17618,False,1216
2026-07-17,2026-07-g019-2026-07-13-4958,2026-07-17,1279055.0,臻鼎-KY,521.0,2455,False,4958
2026-07-20,2026-06-g011-2026-06-09-6197,2026-07-20,1398145.0,佳必琪,301.0,4645,False,6197
2026-07-20,2026-07-g001-2026-07-06-1216,2026-07-20,1414725.4,統一,80.3,17618,False,1216
2026-07-21,2026-06-g011-2026-06-09-6197,2026-07-21,1428337.5,佳必琪,307.5,4645,False,6197
2026-07-21,2026-07-g001-2026-07-06-1216,2026-07-21,1402392.7999999998,統一,79.6,17618,False,1216
2026-07-22,2026-06-g011-2026-06-09-6197,2026-07-22,1463175.0,佳必琪,315.0,4645,False,6197
2026-07-22,2026-07-g001-2026-07-06-1216,2026-07-22,1353062.4,統一,76.8,17618,False,1216
2026-07-23,2026-06-g011-2026-06-09-6197,2026-07-23,1465497.5,佳必琪,315.5,4645,False,6197
2026-07-23,2026-07-g001-2026-07-06-1216,2026-07-23,1356586.0,統一,77.0,17618,False,1216
2026-07-24,2026-06-g011-2026-06-09-6197,2026-07-24,1439950.0,佳必琪,310.0,4645,False,6197
2026-07-24,2026-07-g001-2026-07-06-1216,2026-07-24,1363633.2000000002,統一,77.4,17618,False,1216
2026-07-27,2026-06-g011-2026-06-09-6197,2026-07-27,1449240.0,佳必琪,312.0,4645,False,6197
2026-07-27,2026-07-g001-2026-07-06-1216,2026-07-27,1358347.7999999998,統一,77.1,17618,False,1216
2026-07-28,2026-06-g011-2026-06-09-6197,2026-07-28,1347050.0,佳必琪,290.0,4645,False,6197
2026-07-28,2026-07-g001-2026-07-06-1216,2026-07-28,1363633.2000000002,統一,77.4,17618,False,1216
2026-07-29,2026-06-g011-2026-06-09-6197,2026-07-29,1288987.5,佳必琪,277.5,4645,False,6197
2026-07-29,2026-07-g001-2026-07-06-1216,2026-07-29,1377727.6,統一,78.2,17618,False,1216
2026-07-30,2026-06-g011-2026-06-09-6197,2026-07-30,24957.0,佳必琪,265.5,94,False,6197
2026-07-30,2026-07-g001-2026-07-06-1216,2026-07-30,1331920.7999999998,統一,75.6,17618,False,1216
2026-07-31,2026-07-g001-2026-07-06-1216,2026-07-31,1300208.4,統一,73.8,17618,False,1216
2026-08-03,2026-07-g001-2026-07-06-1216,2026-08-03,1286114.0,統一,73.0,17618,False,1216
2026-08-04,2026-07-g001-2026-07-06-1216,2026-08-04,1301970.2000000002,統一,73.9,17618,False,1216
2026-08-05,2026-07-g001-2026-07-06-1216,2026-08-05,1289637.6,統一,73.2,17618,False,1216
2026-08-05,2026-08-g018-2026-08-04-2834,2026-08-05,1382226.75,臺企銀,16.75,82521,False,2834
2026-08-06,2026-07-g001-2026-07-06-1216,2026-08-06,1286114.0,統一,73.0,17618,False,1216
2026-08-06,2026-08-g018-2026-08-04-2834,2026-08-06,1365722.55,臺企銀,16.55,82521,False,2834
2026-08-07,2026-07-g001-2026-07-06-1216,2026-08-07,1333682.6,統一,75.7,17618,False,1216
2026-08-07,2026-08-g018-2026-08-04-2834,2026-08-07,1361596.5,臺企銀,16.5,82521,False,2834
2026-08-10,2026-07-g001-2026-07-06-1216,2026-08-10,1330159.0,統一,75.5,17618,False,1216
2026-08-10,2026-08-g018-2026-08-04-2834,2026-08-10,1361596.5,臺企銀,16.5,82521,False,2834
2026-08-11,2026-07-g001-2026-07-06-1216,2026-08-11,1337206.2000000002,統一,75.9,17618,False,1216
2026-08-11,2026-08-g018-2026-08-04-2834,2026-08-11,1353344.4,臺企銀,16.4,82521,False,2834
2026-08-11,2026-08-g013-2026-08-10-2615,2026-08-11,1382015.7,萬海,87.1,15867,False,2615
2026-08-12,2026-07-g001-2026-07-06-1216,2026-08-12,1344253.4,統一,76.3,17618,False,1216
2026-08-12,2026-08-g018-2026-08-04-2834,2026-08-12,1361596.5,臺企銀,16.5,82521,False,2834
2026-08-12,2026-08-g013-2026-08-10-2615,2026-08-12,1382015.7,萬海,87.1,15867,False,2615
2026-08-13,2026-07-g001-2026-07-06-1216,2026-08-13,1344253.4,統一,76.3,17618,False,1216
2026-08-13,2026-08-g018-2026-08-04-2834,2026-08-13,1357470.45,臺企銀,16.45,82521,False,2834
2026-08-13,2026-08-g013-2026-08-10-2615,2026-08-13,1388362.5,萬海,87.5,15867,False,2615
2026-08-14,2026-07-g001-2026-07-06-1216,2026-08-14,1335444.4,統一,75.8,17618,False,1216
2026-08-14,2026-08-g018-2026-08-04-2834,2026-08-14,1345092.3,臺企銀,16.3,82521,False,2834
2026-08-14,2026-08-g013-2026-08-10-2615,2026-08-14,1437550.2,萬海,90.6,15867,False,2615
2026-08-17,2026-07-g001-2026-07-06-1216,2026-08-17,1324873.6,統一,75.2,17618,False,1216
2026-08-17,2026-08-g018-2026-08-04-2834,2026-08-17,1345092.3,臺企銀,16.3,82521,False,2834
2026-08-17,2026-08-g013-2026-08-10-2615,2026-08-17,1580353.2,萬海,99.6,15867,False,2615
2026-08-18,2026-07-g001-2026-07-06-1216,2026-08-18,1342491.6,統一,76.2,17618,False,1216
2026-08-18,2026-08-g018-2026-08-04-2834,2026-08-18,1361596.5,臺企銀,16.5,82521,False,2834
2026-08-18,2026-08-g013-2026-08-10-2615,2026-08-18,1666035.0,萬海,105.0,15867,False,2615
2026-08-19,2026-07-g001-2026-07-06-1216,2026-08-19,1365395.0,統一,77.5,17618,False,1216
2026-08-19,2026-08-g018-2026-08-04-2834,2026-08-19,1353344.4,臺企銀,16.4,82521,False,2834
2026-08-19,2026-08-g013-2026-08-10-2615,2026-08-19,1689835.5,萬海,106.5,15867,False,2615
2026-08-20,2026-07-g001-2026-07-06-1216,2026-08-20,1377727.6,統一,78.2,17618,False,1216
2026-08-20,2026-08-g018-2026-08-04-2834,2026-08-20,1365722.55,臺企銀,16.55,82521,False,2834
2026-08-20,2026-08-g013-2026-08-10-2615,2026-08-20,1800904.5,萬海,113.5,15867,False,2615
2026-08-21,2026-07-g001-2026-07-06-1216,2026-08-21,1365395.0,統一,77.5,17618,False,1216
2026-08-21,2026-08-g018-2026-08-04-2834,2026-08-21,1365722.55,臺企銀,16.55,82521,False,2834
2026-08-21,2026-08-g013-2026-08-10-2615,2026-08-21,1975441.5,萬海,124.5,15867,False,2615
2026-08-24,2026-07-g001-2026-07-06-1216,2026-08-24,1363633.2000000002,統一,77.4,17618,False,1216
2026-08-24,2026-08-g018-2026-08-04-2834,2026-08-24,1349218.35,臺企銀,16.35,82521,False,2834
2026-08-24,2026-08-g013-2026-08-10-2615,2026-08-24,1975441.5,萬海,124.5,15867,False,2615
2026-08-25,2026-07-g001-2026-07-06-1216,2026-08-25,1372442.2000000002,統一,77.9,17618,False,1216
2026-08-25,2026-08-g018-2026-08-04-2834,2026-08-25,1349218.35,臺企銀,16.35,82521,False,2834
2026-08-25,2026-08-g013-2026-08-10-2615,2026-08-25,2007175.5,萬海,126.5,15867,False,2615
2026-08-26,2026-07-g001-2026-07-06-1216,2026-08-26,1368918.6,統一,77.7,17618,False,1216
2026-08-26,2026-08-g018-2026-08-04-2834,2026-08-26,1357470.45,臺企銀,16.45,82521,False,2834
2026-08-26,2026-08-g013-2026-08-10-2615,2026-08-26,1824705.0,萬海,115.0,15867,False,2615
2026-08-27,2026-07-g001-2026-07-06-1216,2026-08-27,1358347.7999999998,統一,77.1,17618,False,1216
2026-08-27,2026-08-g018-2026-08-04-2834,2026-08-27,1349218.35,臺企銀,16.35,82521,False,2834
2026-08-27,2026-08-g013-2026-08-10-2615,2026-08-27,1800904.5,萬海,113.5,15867,False,2615
2026-08-28,2026-07-g001-2026-07-06-1216,2026-08-28,1333682.6,統一,75.7,17618,False,1216
2026-08-28,2026-08-g018-2026-08-04-2834,2026-08-28,1357470.45,臺企銀,16.45,82521,False,2834
2026-08-28,2026-08-g013-2026-08-10-2615,2026-08-28,1769170.5,萬海,111.5,15867,False,2615
2026-08-31,2026-07-g001-2026-07-06-1216,2026-08-31,1342491.6,統一,76.2,17618,False,1216
2026-08-31,2026-08-g018-2026-08-04-2834,2026-08-31,1398730.95,臺企銀,16.95,82521,False,2834
2026-08-31,2026-08-g013-2026-08-10-2615,2026-08-31,1808838.0,萬海,114.0,15867,False,2615
2026-09-01,2026-07-g001-2026-07-06-1216,2026-09-01,1342491.6,統一,76.2,17618,False,1216
2026-09-01,2026-08-g018-2026-08-04-2834,2026-09-01,1411109.1,臺企銀,17.1,82521,False,2834
2026-09-01,2026-08-g013-2026-08-10-2615,2026-09-01,1816771.5,萬海,114.5,15867,False,2615
2026-09-02,2026-07-g001-2026-07-06-1216,2026-09-02,1349538.7999999998,統一,76.6,17618,False,1216
2026-09-02,2026-08-g018-2026-08-04-2834,2026-09-02,1423487.25,臺企銀,17.25,82521,False,2834
2026-09-02,2026-08-g013-2026-08-10-2615,2026-09-02,1777104.0,萬海,112.0,15867,False,2615
2026-09-03,2026-07-g001-2026-07-06-1216,2026-09-03,1331920.7999999998,統一,75.6,17618,False,1216
2026-09-03,2026-08-g018-2026-08-04-2834,2026-09-03,1411109.1,臺企銀,17.1,82521,False,2834
2026-09-03,2026-08-g013-2026-08-10-2615,2026-09-03,1832638.5,萬海,115.5,15867,False,2615
2026-09-04,2026-07-g001-2026-07-06-1216,2026-09-04,1331920.7999999998,統一,75.6,17618,False,1216
2026-09-04,2026-08-g018-2026-08-04-2834,2026-09-04,1402857.0,臺企銀,17.0,82521,False,2834
2026-09-04,2026-08-g013-2026-08-10-2615,2026-09-04,1824705.0,萬海,115.0,15867,False,2615
2026-09-07,2026-07-g001-2026-07-06-1216,2026-09-07,1324873.6,統一,75.2,17618,False,1216
2026-09-07,2026-08-g018-2026-08-04-2834,2026-09-07,1419361.2,臺企銀,17.2,82521,False,2834
2026-09-07,2026-08-g013-2026-08-10-2615,2026-09-07,1816771.5,萬海,114.5,15867,False,2615
2026-09-08,2026-07-g001-2026-07-06-1216,2026-09-08,1351300.6,統一,76.7,17618,False,1216
2026-09-08,2026-08-g018-2026-08-04-2834,2026-09-08,1460621.7,臺企銀,17.7,82521,False,2834
2026-09-08,2026-08-g013-2026-08-10-2615,2026-09-08,1777104.0,萬海,112.0,15867,False,2615
2026-09-09,2026-07-g001-2026-07-06-1216,2026-09-09,1338968.0,統一,76.0,17618,False,1216
2026-09-09,2026-08-g018-2026-08-04-2834,2026-09-09,1481251.95,臺企銀,17.95,82521,False,2834
2026-09-09,2026-08-g013-2026-08-10-2615,2026-09-09,1840572.0,萬海,116.0,15867,False,2615
