date,event_id,mark_date,market_value,name,price,qty,stale,stock_id
2019-03-05,2019-03-g009-2019-03-04-3362,2019-03-05,241860.0,先進光,60.0,4031,False,3362
2019-03-06,2019-03-g009-2019-03-04-3362,2019-03-06,244278.6,先進光,60.6,4031,False,3362
2019-03-07,2019-03-g009-2019-03-04-3362,2019-03-07,232991.8,先進光,57.8,4031,False,3362
2019-03-07,2019-03-g007-2019-03-06-2388,2019-03-07,288000.0,威盛,28.8,10000,False,2388
2019-03-07,2019-03-g011-2019-03-06-5457,2019-03-07,269738.39999999997,宣德,66.8,4038,False,5457
2019-03-08,2019-03-g009-2019-03-04-3362,2019-03-08,234604.2,先進光,58.2,4031,False,3362
2019-03-08,2019-03-g007-2019-03-06-2388,2019-03-08,288000.0,威盛,28.8,10000,False,2388
2019-03-08,2019-03-g011-2019-03-06-5457,2019-03-08,259643.4,宣德,64.3,4038,False,5457
2019-03-11,2019-03-g009-2019-03-04-3362,2019-03-11,235410.4,先進光,58.4,4031,False,3362
2019-03-11,2019-03-g007-2019-03-06-2388,2019-03-11,288500.0,威盛,28.85,10000,False,2388
2019-03-11,2019-03-g011-2019-03-06-5457,2019-03-11,260451.0,宣德,64.5,4038,False,5457
2019-03-12,2019-03-g009-2019-03-04-3362,2019-03-12,237425.9,先進光,58.9,4031,False,3362
2019-03-12,2019-03-g007-2019-03-06-2388,2019-03-12,288500.0,威盛,28.85,10000,False,2388
2019-03-12,2019-03-g011-2019-03-06-5457,2019-03-12,254394.0,宣德,63.0,4038,False,5457
2019-03-13,2019-03-g009-2019-03-04-3362,2019-03-13,243069.3,先進光,60.3,4031,False,3362
2019-03-13,2019-03-g007-2019-03-06-2388,2019-03-13,308000.0,威盛,30.8,10000,False,2388
2019-03-13,2019-03-g011-2019-03-06-5457,2019-03-13,254394.0,宣德,63.0,4038,False,5457
2019-03-14,2019-03-g009-2019-03-04-3362,2019-03-14,245891.0,先進光,61.0,4031,False,3362
2019-03-14,2019-03-g007-2019-03-06-2388,2019-03-14,338500.0,威盛,33.85,10000,False,2388
2019-03-14,2019-03-g011-2019-03-06-5457,2019-03-14,245510.4,宣德,60.8,4038,False,5457
2019-03-15,2019-03-g009-2019-03-04-3362,2019-03-15,238232.1,先進光,59.1,4031,False,3362
2019-03-15,2019-03-g007-2019-03-06-2388,2019-03-15,350000.0,威盛,35.0,10000,False,2388
2019-03-15,2019-03-g011-2019-03-06-5457,2019-03-15,238645.80000000002,宣德,59.1,4038,False,5457
2019-03-18,2019-03-g009-2019-03-04-3362,2019-03-18,243069.3,先進光,60.3,4031,False,3362
2019-03-18,2019-03-g007-2019-03-06-2388,2019-03-18,385000.0,威盛,38.5,10000,False,2388
2019-03-18,2019-03-g011-2019-03-06-5457,2019-03-18,239857.19999999998,宣德,59.4,4038,False,5457
2019-03-19,2019-03-g009-2019-03-04-3362,2019-03-19,239844.5,先進光,59.5,4031,False,3362
2019-03-19,2019-03-g007-2019-03-06-2388,2019-03-19,373500.0,威盛,37.35,10000,False,2388
2019-03-19,2019-03-g011-2019-03-06-5457,2019-03-19,243895.19999999998,宣德,60.4,4038,False,5457
2019-03-20,2019-03-g009-2019-03-04-3362,2019-03-20,239844.5,先進光,59.5,4031,False,3362
2019-03-20,2019-03-g007-2019-03-06-2388,2019-03-20,381000.0,威盛,38.1,10000,False,2388
2019-03-20,2019-03-g011-2019-03-06-5457,2019-03-20,241068.6,宣德,59.7,4038,False,5457
2019-03-21,2019-03-g009-2019-03-04-3362,2019-03-21,245084.8,先進光,60.8,4031,False,3362
2019-03-21,2019-03-g007-2019-03-06-2388,2019-03-21,381000.0,威盛,38.1,10000,False,2388
2019-03-21,2019-03-g011-2019-03-06-5457,2019-03-21,242280.0,宣德,60.0,4038,False,5457
2019-03-22,2019-03-g009-2019-03-04-3362,2019-03-22,240247.6,先進光,59.6,4031,False,3362
2019-03-22,2019-03-g007-2019-03-06-2388,2019-03-22,377000.0,威盛,37.7,10000,False,2388
2019-03-22,2019-03-g011-2019-03-06-5457,2019-03-22,250356.0,宣德,62.0,4038,False,5457
2019-03-25,2019-03-g009-2019-03-04-3362,2019-03-25,234201.1,先進光,58.1,4031,False,3362
2019-03-25,2019-03-g007-2019-03-06-2388,2019-03-25,365500.0,威盛,36.55,10000,False,2388
2019-03-25,2019-03-g011-2019-03-06-5457,2019-03-25,241068.6,宣德,59.7,4038,False,5457
2019-03-26,2019-03-g009-2019-03-04-3362,2019-03-26,235813.5,先進光,58.5,4031,False,3362
2019-03-26,2019-03-g007-2019-03-06-2388,2019-03-26,395000.0,威盛,39.5,10000,False,2388
2019-03-26,2019-03-g011-2019-03-06-5457,2019-03-26,239857.19999999998,宣德,59.4,4038,False,5457
2019-03-27,2019-03-g009-2019-03-04-3362,2019-03-27,233798.0,先進光,58.0,4031,False,3362
2019-03-27,2019-03-g007-2019-03-06-2388,2019-03-27,400000.0,威盛,40.0,10000,False,2388
2019-03-27,2019-03-g011-2019-03-06-5457,2019-03-27,232992.6,宣德,57.7,4038,False,5457
2019-03-28,2019-03-g009-2019-03-04-3362,2019-03-28,228557.7,先進光,56.7,4031,False,3362
2019-03-28,2019-03-g007-2019-03-06-2388,2019-03-28,390000.0,威盛,39.0,10000,False,2388
2019-03-28,2019-03-g011-2019-03-06-5457,2019-03-28,1989.0,宣德,58.5,34,False,5457
2019-03-29,2019-03-g009-2019-03-04-3362,2019-03-29,231782.5,先進光,57.5,4031,False,3362
2019-03-29,2019-03-g007-2019-03-06-2388,2019-03-29,399000.0,威盛,39.9,10000,False,2388
2019-03-29,2019-03-g011-2019-03-06-5457,2019-03-29,1688.3999999999999,宣德,60.3,28,False,5457
2019-04-01,2019-03-g009-2019-03-04-3362,2019-04-01,232991.8,先進光,57.8,4031,False,3362
2019-04-01,2019-03-g007-2019-03-06-2388,2019-04-01,392000.0,威盛,39.2,10000,False,2388
2019-04-01,2019-03-g011-2019-03-06-5457,2019-04-01,1206.0,宣德,60.3,20,False,5457
2019-04-02,2019-03-g009-2019-03-04-3362,2019-04-02,1437.5,先進光,57.5,25,False,3362
2019-04-02,2019-03-g007-2019-03-06-2388,2019-04-02,390000.0,威盛,39.0,10000,False,2388
2019-04-02,2019-03-g011-2019-03-06-5457,2019-04-02,898.5,宣德,59.9,15,False,5457
2019-04-02,2019-04-g008-2019-04-01-3406,2019-04-02,12270.0,玉晶光,409.0,30,False,3406
2019-04-03,2019-03-g009-2019-03-04-3362,2019-04-03,1148.0,先進光,57.4,20,False,3362
2019-04-03,2019-03-g007-2019-03-06-2388,2019-04-03,395500.0,威盛,39.55,10000,False,2388
2019-04-03,2019-03-g011-2019-03-06-5457,2019-04-03,594.0,宣德,59.4,10,False,5457
2019-04-03,2019-04-g008-2019-04-01-3406,2019-04-03,12255.0,玉晶光,408.5,30,False,3406
2019-04-03,2019-04-g003-2019-04-02-3708,2019-04-03,217836.0,上緯投控,108.0,2017,False,3708
2019-04-08,2019-03-g009-2019-03-04-3362,2019-04-08,986.0,先進光,58.0,17,False,3362
2019-04-08,2019-03-g007-2019-03-06-2388,2019-04-08,395500.0,威盛,39.55,10000,False,2388
2019-04-08,2019-03-g011-2019-03-06-5457,2019-04-08,175.2,宣德,58.4,3,False,5457
2019-04-08,2019-04-g008-2019-04-01-3406,2019-04-08,13050.0,玉晶光,435.0,30,False,3406
2019-04-08,2019-04-g003-2019-04-02-3708,2019-04-08,217836.0,上緯投控,108.0,2017,False,3708
2019-04-09,2019-03-g009-2019-03-04-3362,2019-04-09,289.0,先進光,57.8,5,False,3362
2019-04-09,2019-03-g007-2019-03-06-2388,2019-04-09,390500.0,威盛,39.05,10000,False,2388
2019-04-09,2019-04-g008-2019-04-01-3406,2019-04-09,13590.0,玉晶光,453.0,30,False,3406
2019-04-09,2019-04-g003-2019-04-02-3708,2019-04-09,214810.5,上緯投控,106.5,2017,False,3708
2019-04-10,2019-03-g007-2019-03-06-2388,2019-04-10,391000.0,威盛,39.1,10000,False,2388
2019-04-10,2019-04-g008-2019-04-01-3406,2019-04-10,13260.0,玉晶光,442.0,30,False,3406
2019-04-10,2019-04-g003-2019-04-02-3708,2019-04-10,214810.5,上緯投控,106.5,2017,False,3708
2019-04-11,2019-03-g007-2019-03-06-2388,2019-04-11,390000.0,威盛,39.0,10000,False,2388
2019-04-11,2019-04-g008-2019-04-01-3406,2019-04-11,13080.0,玉晶光,436.0,30,False,3406
2019-04-11,2019-04-g003-2019-04-02-3708,2019-04-11,214810.5,上緯投控,106.5,2017,False,3708
2019-04-12,2019-03-g007-2019-03-06-2388,2019-04-12,387000.0,威盛,38.7,10000,False,2388
2019-04-12,2019-04-g008-2019-04-01-3406,2019-04-12,13005.0,玉晶光,433.5,30,False,3406
2019-04-12,2019-04-g003-2019-04-02-3708,2019-04-12,200288.1,上緯投控,99.3,2017,False,3708
2019-04-15,2019-03-g007-2019-03-06-2388,2019-04-15,391000.0,威盛,39.1,10000,False,2388
2019-04-15,2019-04-g008-2019-04-01-3406,2019-04-15,13275.0,玉晶光,442.5,30,False,3406
2019-04-15,2019-04-g003-2019-04-02-3708,2019-04-15,204725.5,上緯投控,101.5,2017,False,3708
2019-04-16,2019-03-g007-2019-03-06-2388,2019-04-16,410000.0,威盛,41.0,10000,False,2388
2019-04-16,2019-04-g008-2019-04-01-3406,2019-04-16,13455.0,玉晶光,448.5,30,False,3406
2019-04-16,2019-04-g003-2019-04-02-3708,2019-04-16,199884.69999999998,上緯投控,99.1,2017,False,3708
2019-04-17,2019-03-g007-2019-03-06-2388,2019-04-17,400000.0,威盛,40.0,10000,False,2388
2019-04-17,2019-04-g008-2019-04-01-3406,2019-04-17,14790.0,玉晶光,493.0,30,False,3406
2019-04-17,2019-04-g003-2019-04-02-3708,2019-04-17,197464.30000000002,上緯投控,97.9,2017,False,3708
2019-04-18,2019-03-g007-2019-03-06-2388,2019-04-18,381000.0,威盛,38.1,10000,False,2388
2019-04-18,2019-04-g008-2019-04-01-3406,2019-04-18,14400.0,玉晶光,480.0,30,False,3406
2019-04-18,2019-04-g003-2019-04-02-3708,2019-04-18,198271.1,上緯投控,98.3,2017,False,3708
2019-04-19,2019-03-g007-2019-03-06-2388,2019-04-19,389500.0,威盛,38.95,10000,False,2388
2019-04-19,2019-04-g008-2019-04-01-3406,2019-04-19,14100.0,玉晶光,470.0,30,False,3406
2019-04-19,2019-04-g003-2019-04-02-3708,2019-04-19,196657.5,上緯投控,97.5,2017,False,3708
2019-04-22,2019-04-g008-2019-04-01-3406,2019-04-22,12690.0,玉晶光,423.0,30,False,3406
2019-04-22,2019-04-g003-2019-04-02-3708,2019-04-22,198674.5,上緯投控,98.5,2017,False,3708
2019-04-23,2019-04-g008-2019-04-01-3406,2019-04-23,12450.0,玉晶光,415.0,30,False,3406
2019-04-23,2019-04-g003-2019-04-02-3708,2019-04-23,201700.0,上緯投控,100.0,2017,False,3708
2019-04-24,2019-04-g008-2019-04-01-3406,2019-04-24,12450.0,玉晶光,415.0,30,False,3406
2019-04-24,2019-04-g003-2019-04-02-3708,2019-04-24,205734.0,上緯投控,102.0,2017,False,3708
2019-04-25,2019-04-g008-2019-04-01-3406,2019-04-25,12315.0,玉晶光,410.5,30,False,3406
2019-04-25,2019-04-g003-2019-04-02-3708,2019-04-25,202708.5,上緯投控,100.5,2017,False,3708
2019-04-26,2019-04-g008-2019-04-01-3406,2019-04-26,11655.0,玉晶光,388.5,30,False,3406
2019-04-26,2019-04-g003-2019-04-02-3708,2019-04-26,198674.5,上緯投控,98.5,2017,False,3708
2019-04-29,2019-04-g008-2019-04-01-3406,2019-04-29,12030.0,玉晶光,401.0,30,False,3406
2019-04-29,2019-04-g003-2019-04-02-3708,2019-04-29,195649.0,上緯投控,97.0,2017,False,3708
2019-04-30,2019-04-g008-2019-04-01-3406,2019-04-30,11865.0,玉晶光,395.5,30,False,3406
2019-04-30,2019-04-g003-2019-04-02-3708,2019-04-30,190203.1,上緯投控,94.3,2017,False,3708
2019-05-02,2019-04-g008-2019-04-01-3406,2019-05-02,11865.0,玉晶光,395.5,30,False,3406
2019-05-02,2019-04-g003-2019-04-02-3708,2019-05-02,1356.6000000000001,上緯投控,96.9,14,False,3708
2019-05-03,2019-04-g003-2019-04-02-3708,2019-05-03,1090.1,上緯投控,99.1,11,False,3708
2019-05-06,2019-04-g003-2019-04-02-3708,2019-05-06,981.0,上緯投控,98.1,10,False,3708
2019-05-06,2019-05-g005-2019-05-03-6213,2019-05-06,214059.5,聯茂,105.5,2029,False,6213
2019-05-07,2019-04-g003-2019-04-02-3708,2019-05-07,780.0,上緯投控,97.5,8,False,3708
2019-05-07,2019-05-g005-2019-05-03-6213,2019-05-07,218117.5,聯茂,107.5,2029,False,6213
2019-05-08,2019-04-g003-2019-04-02-3708,2019-05-08,570.0,上緯投控,95.0,6,False,3708
2019-05-08,2019-05-g005-2019-05-03-6213,2019-05-08,221161.0,聯茂,109.0,2029,False,6213
2019-05-09,2019-04-g003-2019-04-02-3708,2019-05-09,556.8,上緯投控,92.8,6,False,3708
2019-05-09,2019-05-g005-2019-05-03-6213,2019-05-09,211016.0,聯茂,104.0,2029,False,6213
2019-05-09,2019-05-g003-2019-05-08-4968,2019-05-09,253187.19999999998,立積,62.3,4064,False,4968
2019-05-10,2019-05-g005-2019-05-03-6213,2019-05-10,216088.5,聯茂,106.5,2029,False,6213
2019-05-10,2019-05-g003-2019-05-08-4968,2019-05-10,246684.80000000002,立積,60.7,4064,False,4968
2019-05-13,2019-05-g005-2019-05-03-6213,2019-05-13,203914.5,聯茂,100.5,2029,False,6213
2019-05-13,2019-05-g003-2019-05-08-4968,2019-05-13,243840.0,立積,60.0,4064,False,4968
2019-05-14,2019-05-g005-2019-05-03-6213,2019-05-14,212030.5,聯茂,104.5,2029,False,6213
2019-05-14,2019-05-g003-2019-05-08-4968,2019-05-14,246278.4,立積,60.6,4064,False,4968
2019-05-15,2019-05-g005-2019-05-03-6213,2019-05-15,220146.5,聯茂,108.5,2029,False,6213
2019-05-15,2019-05-g003-2019-05-08-4968,2019-05-15,248310.4,立積,61.1,4064,False,4968
2019-05-16,2019-05-g005-2019-05-03-6213,2019-05-16,206958.0,聯茂,102.0,2029,False,6213
2019-05-16,2019-05-g003-2019-05-08-4968,2019-05-16,239369.6,立積,58.9,4064,False,4968
2019-05-17,2019-05-g005-2019-05-03-6213,2019-05-17,186262.19999999998,聯茂,91.8,2029,False,6213
2019-05-17,2019-05-g003-2019-05-08-4968,2019-05-17,221488.0,立積,54.5,4064,False,4968
2019-05-20,2019-05-g003-2019-05-08-4968,2019-05-20,2989.2,立積,56.4,53,False,4968
2019-05-21,2019-05-g003-2019-05-08-4968,2019-05-21,2328.0,立積,58.2,40,False,4968
2019-05-21,2019-05-g006-2019-05-20-2801,2019-05-21,270826.0,彰銀,19.0,14254,False,2801
2019-05-22,2019-05-g006-2019-05-20-2801,2019-05-22,270826.0,彰銀,19.0,14254,False,2801
2019-05-23,2019-05-g006-2019-05-20-2801,2019-05-23,270826.0,彰銀,19.0,14254,False,2801
2019-05-24,2019-05-g006-2019-05-20-2801,2019-05-24,273676.8,彰銀,19.2,14254,False,2801
2019-05-27,2019-05-g006-2019-05-20-2801,2019-05-27,274389.5,彰銀,19.25,14254,False,2801
2019-05-28,2019-05-g006-2019-05-20-2801,2019-05-28,275102.2,彰銀,19.3,14254,False,2801
2019-05-29,2019-05-g006-2019-05-20-2801,2019-05-29,274389.5,彰銀,19.25,14254,False,2801
2019-05-30,2019-05-g006-2019-05-20-2801,2019-05-30,277953.0,彰銀,19.5,14254,False,2801
2019-05-31,2019-05-g006-2019-05-20-2801,2019-05-31,284367.3,彰銀,19.95,14254,False,2801
2019-06-03,2019-05-g006-2019-05-20-2801,2019-06-03,285080.0,彰銀,20.0,14254,False,2801
2019-06-03,2019-05-g001-2019-05-31-4904,2019-06-03,236711.4,遠傳,78.2,3027,False,4904
2019-06-04,2019-05-g006-2019-05-20-2801,2019-06-04,285792.7,彰銀,20.05,14254,False,2801
2019-06-04,2019-05-g001-2019-05-31-4904,2019-06-04,237619.5,遠傳,78.5,3027,False,4904
2019-06-05,2019-05-g006-2019-05-20-2801,2019-06-05,287930.8,彰銀,20.2,14254,False,2801
2019-06-05,2019-05-g001-2019-05-31-4904,2019-06-05,237316.80000000002,遠傳,78.4,3027,False,4904
2019-06-06,2019-05-g006-2019-05-20-2801,2019-06-06,295057.8,彰銀,20.7,14254,False,2801
2019-06-06,2019-05-g001-2019-05-31-4904,2019-06-06,237619.5,遠傳,78.5,3027,False,4904
2019-06-10,2019-05-g006-2019-05-20-2801,2019-06-10,305748.3,彰銀,21.45,14254,False,2801
2019-06-10,2019-05-g001-2019-05-31-4904,2019-06-10,238224.9,遠傳,78.7,3027,False,4904
2019-06-11,2019-05-g006-2019-05-20-2801,2019-06-11,295057.8,彰銀,20.7,14254,False,2801
2019-06-11,2019-05-g001-2019-05-31-4904,2019-06-11,236106.0,遠傳,78.0,3027,False,4904
2019-06-12,2019-05-g006-2019-05-20-2801,2019-06-12,290068.9,彰銀,20.35,14254,False,2801
2019-06-12,2019-05-g001-2019-05-31-4904,2019-06-12,237014.1,遠傳,78.3,3027,False,4904
2019-06-13,2019-05-g006-2019-05-20-2801,2019-06-13,292919.7,彰銀,20.55,14254,False,2801
2019-06-13,2019-05-g001-2019-05-31-4904,2019-06-13,236408.69999999998,遠傳,78.1,3027,False,4904
2019-06-14,2019-05-g006-2019-05-20-2801,2019-06-14,292919.7,彰銀,20.55,14254,False,2801
2019-06-14,2019-05-g001-2019-05-31-4904,2019-06-14,236106.0,遠傳,78.0,3027,False,4904
2019-06-14,2019-06-g004-2019-06-13-8462,2019-06-14,260598.0,柏文,257.0,1014,False,8462
2019-06-17,2019-05-g006-2019-05-20-2801,2019-06-17,295057.8,彰銀,20.7,14254,False,2801
2019-06-17,2019-05-g001-2019-05-31-4904,2019-06-17,235500.6,遠傳,77.8,3027,False,4904
2019-06-17,2019-06-g004-2019-06-13-8462,2019-06-17,263640.0,柏文,260.0,1014,False,8462
2019-06-18,2019-05-g006-2019-05-20-2801,2019-06-18,295770.5,彰銀,20.75,14254,False,2801
2019-06-18,2019-05-g001-2019-05-31-4904,2019-06-18,236711.4,遠傳,78.2,3027,False,4904
2019-06-18,2019-06-g004-2019-06-13-8462,2019-06-18,266682.0,柏文,263.0,1014,False,8462
2019-06-19,2019-05-g006-2019-05-20-2801,2019-06-19,299334.0,彰銀,21.0,14254,False,2801
2019-06-19,2019-05-g001-2019-05-31-4904,2019-06-19,237619.5,遠傳,78.5,3027,False,4904
2019-06-19,2019-06-g004-2019-06-13-8462,2019-06-19,265161.0,柏文,261.5,1014,False,8462
2019-06-20,2019-05-g006-2019-05-20-2801,2019-06-20,300759.4,彰銀,21.1,14254,False,2801
2019-06-20,2019-05-g001-2019-05-31-4904,2019-06-20,236711.4,遠傳,78.2,3027,False,4904
2019-06-20,2019-06-g004-2019-06-13-8462,2019-06-20,262119.0,柏文,258.5,1014,False,8462
2019-06-21,2019-05-g006-2019-05-20-2801,2019-06-21,296483.2,彰銀,20.8,14254,False,2801
2019-06-21,2019-05-g001-2019-05-31-4904,2019-06-21,236711.4,遠傳,78.2,3027,False,4904
2019-06-21,2019-06-g004-2019-06-13-8462,2019-06-21,262119.0,柏文,258.5,1014,False,8462
2019-06-24,2019-05-g006-2019-05-20-2801,2019-06-24,299334.0,彰銀,21.0,14254,False,2801
2019-06-24,2019-05-g001-2019-05-31-4904,2019-06-24,238527.6,遠傳,78.8,3027,False,4904
2019-06-24,2019-06-g004-2019-06-13-8462,2019-06-24,267189.0,柏文,263.5,1014,False,8462
2019-06-25,2019-05-g006-2019-05-20-2801,2019-06-25,298621.3,彰銀,20.95,14254,False,2801
2019-06-25,2019-05-g001-2019-05-31-4904,2019-06-25,238224.9,遠傳,78.7,3027,False,4904
2019-06-25,2019-06-g004-2019-06-13-8462,2019-06-25,264654.0,柏文,261.0,1014,False,8462
2019-06-26,2019-05-g006-2019-05-20-2801,2019-06-26,297195.9,彰銀,20.85,14254,False,2801
2019-06-26,2019-05-g001-2019-05-31-4904,2019-06-26,237014.1,遠傳,78.3,3027,False,4904
2019-06-26,2019-06-g004-2019-06-13-8462,2019-06-26,259077.0,柏文,255.5,1014,False,8462
2019-06-27,2019-05-g006-2019-05-20-2801,2019-06-27,300759.4,彰銀,21.1,14254,False,2801
2019-06-27,2019-05-g001-2019-05-31-4904,2019-06-27,238224.9,遠傳,78.7,3027,False,4904
2019-06-27,2019-06-g004-2019-06-13-8462,2019-06-27,254007.0,柏文,250.5,1014,False,8462
2019-06-28,2019-05-g006-2019-05-20-2801,2019-06-28,298621.3,彰銀,20.95,14254,False,2801
2019-06-28,2019-05-g001-2019-05-31-4904,2019-06-28,237014.1,遠傳,78.3,3027,False,4904
2019-06-28,2019-06-g004-2019-06-13-8462,2019-06-28,265161.0,柏文,261.5,1014,False,8462
2019-07-01,2019-05-g006-2019-05-20-2801,2019-07-01,297195.9,彰銀,20.85,14254,False,2801
2019-07-01,2019-05-g001-2019-05-31-4904,2019-07-01,236711.4,遠傳,78.2,3027,False,4904
2019-07-01,2019-06-g004-2019-06-13-8462,2019-07-01,267696.0,柏文,264.0,1014,False,8462
2019-07-02,2019-05-g006-2019-05-20-2801,2019-07-02,298621.3,彰銀,20.95,14254,False,2801
2019-07-02,2019-05-g001-2019-05-31-4904,2019-07-02,706.5,遠傳,78.5,9,False,4904
2019-07-02,2019-06-g004-2019-06-13-8462,2019-07-02,272766.0,柏文,269.0,1014,False,8462
2019-07-03,2019-05-g006-2019-05-20-2801,2019-07-03,299334.0,彰銀,21.0,14254,False,2801
2019-07-03,2019-06-g004-2019-06-13-8462,2019-07-03,275808.0,柏文,272.0,1014,False,8462
2019-07-04,2019-05-g006-2019-05-20-2801,2019-07-04,299334.0,彰銀,21.0,14254,False,2801
2019-07-04,2019-06-g004-2019-06-13-8462,2019-07-04,293553.0,柏文,289.5,1014,False,8462
2019-07-05,2019-05-g006-2019-05-20-2801,2019-07-05,300046.7,彰銀,21.05,14254,False,2801
2019-07-05,2019-06-g004-2019-06-13-8462,2019-07-05,305214.0,柏文,301.0,1014,False,8462
2019-07-08,2019-05-g006-2019-05-20-2801,2019-07-08,301472.1,彰銀,21.15,14254,False,2801
2019-07-08,2019-06-g004-2019-06-13-8462,2019-07-08,280878.0,柏文,277.0,1014,False,8462
2019-07-09,2019-05-g006-2019-05-20-2801,2019-07-09,300046.7,彰銀,21.05,14254,False,2801
2019-07-09,2019-06-g004-2019-06-13-8462,2019-07-09,279864.0,柏文,276.0,1014,False,8462
2019-07-10,2019-05-g006-2019-05-20-2801,2019-07-10,301472.1,彰銀,21.15,14254,False,2801
2019-07-10,2019-06-g004-2019-06-13-8462,2019-07-10,283413.0,柏文,279.5,1014,False,8462
2019-07-11,2019-05-g006-2019-05-20-2801,2019-07-11,305748.3,彰銀,21.45,14254,False,2801
2019-07-11,2019-06-g004-2019-06-13-8462,2019-07-11,270231.0,柏文,266.5,1014,False,8462
2019-07-12,2019-05-g006-2019-05-20-2801,2019-07-12,306461.0,彰銀,21.5,14254,False,2801
2019-07-12,2019-06-g004-2019-06-13-8462,2019-07-12,266175.0,柏文,262.5,1014,False,8462
2019-07-15,2019-05-g006-2019-05-20-2801,2019-07-15,307173.7,彰銀,21.55,14254,False,2801
2019-07-15,2019-06-g004-2019-06-13-8462,2019-07-15,258063.0,柏文,254.5,1014,False,8462
2019-07-16,2019-05-g006-2019-05-20-2801,2019-07-16,307886.4,彰銀,21.6,14254,False,2801
2019-07-16,2019-06-g004-2019-06-13-8462,2019-07-16,258063.0,柏文,254.5,1014,False,8462
2019-07-17,2019-05-g006-2019-05-20-2801,2019-07-17,308599.1,彰銀,21.65,14254,False,2801
2019-07-17,2019-06-g004-2019-06-13-8462,2019-07-17,258570.0,柏文,255.0,1014,False,8462
2019-07-18,2019-05-g006-2019-05-20-2801,2019-07-18,310024.5,彰銀,21.75,14254,False,2801
2019-07-18,2019-06-g004-2019-06-13-8462,2019-07-18,250965.0,柏文,247.5,1014,False,8462
2019-07-19,2019-05-g006-2019-05-20-2801,2019-07-19,311449.9,彰銀,21.85,14254,False,2801
2019-07-19,2019-06-g004-2019-06-13-8462,2019-07-19,250965.0,柏文,247.5,1014,False,8462
2019-07-22,2019-05-g006-2019-05-20-2801,2019-07-22,311449.9,彰銀,21.85,14254,False,2801
2019-07-22,2019-06-g004-2019-06-13-8462,2019-07-22,240318.0,柏文,237.0,1014,False,8462
2019-07-22,2019-07-g006-2019-07-19-6230,2019-07-22,243571.5,尼得科超眾,239.5,1017,False,6230
2019-07-23,2019-05-g006-2019-05-20-2801,2019-07-23,307886.4,彰銀,21.6,14254,False,2801
2019-07-23,2019-07-g006-2019-07-19-6230,2019-07-23,232893.0,尼得科超眾,229.0,1017,False,6230
2019-07-24,2019-05-g006-2019-05-20-2801,2019-07-24,310737.2,彰銀,21.8,14254,False,2801
2019-07-24,2019-07-g006-2019-07-19-6230,2019-07-24,254758.5,尼得科超眾,250.5,1017,False,6230
2019-07-25,2019-05-g006-2019-05-20-2801,2019-07-25,312162.6,彰銀,21.9,14254,False,2801
2019-07-25,2019-07-g006-2019-07-19-6230,2019-07-25,240520.5,尼得科超眾,236.5,1017,False,6230
2019-07-26,2019-05-g006-2019-05-20-2801,2019-07-26,311449.9,彰銀,21.85,14254,False,2801
2019-07-26,2019-07-g006-2019-07-19-6230,2019-07-26,240520.5,尼得科超眾,236.5,1017,False,6230
2019-07-29,2019-05-g006-2019-05-20-2801,2019-07-29,311449.9,彰銀,21.85,14254,False,2801
2019-07-29,2019-07-g006-2019-07-19-6230,2019-07-29,242046.0,尼得科超眾,238.0,1017,False,6230
2019-07-30,2019-05-g006-2019-05-20-2801,2019-07-30,311449.9,彰銀,21.85,14254,False,2801
2019-07-30,2019-07-g006-2019-07-19-6230,2019-07-30,240012.0,尼得科超眾,236.0,1017,False,6230
2019-07-31,2019-05-g006-2019-05-20-2801,2019-07-31,310737.2,彰銀,21.8,14254,False,2801
2019-07-31,2019-07-g006-2019-07-19-6230,2019-07-31,250182.0,尼得科超眾,246.0,1017,False,6230
2019-08-01,2019-05-g006-2019-05-20-2801,2019-08-01,308599.1,彰銀,21.65,14254,False,2801
2019-08-01,2019-07-g006-2019-07-19-6230,2019-08-01,243063.0,尼得科超眾,239.0,1017,False,6230
2019-08-02,2019-05-g006-2019-05-20-2801,2019-08-02,302897.5,彰銀,21.25,14254,False,2801
2019-08-02,2019-07-g006-2019-07-19-6230,2019-08-02,241029.0,尼得科超眾,237.0,1017,False,6230
2019-08-05,2019-05-g006-2019-05-20-2801,2019-08-05,301472.1,彰銀,21.15,14254,False,2801
2019-08-05,2019-07-g006-2019-07-19-6230,2019-08-05,245097.0,尼得科超眾,241.0,1017,False,6230
2019-08-05,2019-08-g006-2019-08-02-3324,2019-08-05,172881.0,雙鴻,171.0,1011,False,3324
2019-08-06,2019-05-g006-2019-05-20-2801,2019-08-06,285080.0,彰銀,20.0,14254,False,2801
2019-08-06,2019-07-g006-2019-07-19-6230,2019-08-06,240520.5,尼得科超眾,236.5,1017,False,6230
2019-08-06,2019-08-g006-2019-08-02-3324,2019-08-06,184002.0,雙鴻,182.0,1011,False,3324
2019-08-07,2019-05-g006-2019-05-20-2801,2019-08-07,286505.4,彰銀,20.1,14254,False,2801
2019-08-07,2019-07-g006-2019-07-19-6230,2019-08-07,259335.0,尼得科超眾,255.0,1017,False,6230
2019-08-07,2019-08-g006-2019-08-02-3324,2019-08-07,189057.0,雙鴻,187.0,1011,False,3324
2019-08-08,2019-05-g006-2019-05-20-2801,2019-08-08,285792.7,彰銀,20.05,14254,False,2801
2019-08-08,2019-07-g006-2019-07-19-6230,2019-08-08,281709.0,尼得科超眾,277.0,1017,False,6230
2019-08-08,2019-08-g006-2019-08-02-3324,2019-08-08,196134.0,雙鴻,194.0,1011,False,3324
2019-08-12,2019-05-g006-2019-05-20-2801,2019-08-12,285792.7,彰銀,20.05,14254,False,2801
2019-08-12,2019-07-g006-2019-07-19-6230,2019-08-12,274590.0,尼得科超眾,270.0,1017,False,6230
2019-08-12,2019-08-g006-2019-08-02-3324,2019-08-12,193606.5,雙鴻,191.5,1011,False,3324
2019-08-13,2019-05-g006-2019-05-20-2801,2019-08-13,3067.65,彰銀,20.05,153,False,2801
2019-08-13,2019-07-g006-2019-07-19-6230,2019-08-13,267979.5,尼得科超眾,263.5,1017,False,6230
2019-08-13,2019-08-g006-2019-08-02-3324,2019-08-13,197650.5,雙鴻,195.5,1011,False,3324
2019-08-14,2019-05-g006-2019-05-20-2801,2019-08-14,159.6,彰銀,19.95,8,False,2801
2019-08-14,2019-07-g006-2019-07-19-6230,2019-08-14,249165.0,尼得科超眾,245.0,1017,False,6230
2019-08-14,2019-08-g006-2019-08-02-3324,2019-08-14,192595.5,雙鴻,190.5,1011,False,3324
2019-08-15,2019-07-g006-2019-07-19-6230,2019-08-15,255267.0,尼得科超眾,251.0,1017,False,6230
2019-08-15,2019-08-g006-2019-08-02-3324,2019-08-15,196134.0,雙鴻,194.0,1011,False,3324
2019-08-16,2019-07-g006-2019-07-19-6230,2019-08-16,253233.0,尼得科超眾,249.0,1017,False,6230
2019-08-16,2019-08-g006-2019-08-02-3324,2019-08-16,196134.0,雙鴻,194.0,1011,False,3324
2019-08-19,2019-07-g006-2019-07-19-6230,2019-08-19,253741.5,尼得科超眾,249.5,1017,False,6230
2019-08-19,2019-08-g006-2019-08-02-3324,2019-08-19,199672.5,雙鴻,197.5,1011,False,3324
2019-08-20,2019-07-g006-2019-07-19-6230,2019-08-20,249673.5,尼得科超眾,245.5,1017,False,6230
2019-08-20,2019-08-g006-2019-08-02-3324,2019-08-20,195123.0,雙鴻,193.0,1011,False,3324
2019-08-21,2019-07-g006-2019-07-19-6230,2019-08-21,257301.0,尼得科超眾,253.0,1017,False,6230
2019-08-21,2019-08-g006-2019-08-02-3324,2019-08-21,200683.5,雙鴻,198.5,1011,False,3324
2019-08-22,2019-07-g006-2019-07-19-6230,2019-08-22,250690.5,尼得科超眾,246.5,1017,False,6230
2019-08-22,2019-08-g006-2019-08-02-3324,2019-08-22,194112.0,雙鴻,192.0,1011,False,3324
2019-08-23,2019-07-g006-2019-07-19-6230,2019-08-23,258318.0,尼得科超眾,254.0,1017,False,6230
2019-08-23,2019-08-g006-2019-08-02-3324,2019-08-23,201694.5,雙鴻,199.5,1011,False,3324
2019-08-23,2019-08-g002-2019-08-22-2105,2019-08-23,301197.5,正新,42.5,7087,False,2105
2019-08-26,2019-07-g006-2019-07-19-6230,2019-08-26,251707.5,尼得科超眾,247.5,1017,False,6230
2019-08-26,2019-08-g006-2019-08-02-3324,2019-08-26,192090.0,雙鴻,190.0,1011,False,3324
2019-08-26,2019-08-g002-2019-08-22-2105,2019-08-26,301906.2,正新,42.6,7087,False,2105
2019-08-27,2019-07-g006-2019-07-19-6230,2019-08-27,257301.0,尼得科超眾,253.0,1017,False,6230
2019-08-27,2019-08-g006-2019-08-02-3324,2019-08-27,193101.0,雙鴻,191.0,1011,False,3324
2019-08-27,2019-08-g002-2019-08-22-2105,2019-08-27,304741.0,正新,43.0,7087,False,2105
2019-08-28,2019-07-g006-2019-07-19-6230,2019-08-28,250182.0,尼得科超眾,246.0,1017,False,6230
2019-08-28,2019-08-g006-2019-08-02-3324,2019-08-28,195123.0,雙鴻,193.0,1011,False,3324
2019-08-28,2019-08-g002-2019-08-22-2105,2019-08-28,304741.0,正新,43.0,7087,False,2105
2019-08-29,2019-07-g006-2019-07-19-6230,2019-08-29,272047.5,尼得科超眾,267.5,1017,False,6230
2019-08-29,2019-08-g006-2019-08-02-3324,2019-08-29,202200.0,雙鴻,200.0,1011,False,3324
2019-08-29,2019-08-g002-2019-08-22-2105,2019-08-29,304741.0,正新,43.0,7087,False,2105
2019-08-30,2019-07-g006-2019-07-19-6230,2019-08-30,256792.5,尼得科超眾,252.5,1017,False,6230
2019-08-30,2019-08-g006-2019-08-02-3324,2019-08-30,188551.5,雙鴻,186.5,1011,False,3324
2019-08-30,2019-08-g002-2019-08-22-2105,2019-08-30,311828.0,正新,44.0,7087,False,2105
2019-09-02,2019-07-g006-2019-07-19-6230,2019-09-02,252216.0,尼得科超眾,248.0,1017,False,6230
2019-09-02,2019-08-g006-2019-08-02-3324,2019-09-02,179452.5,雙鴻,177.5,1011,False,3324
2019-09-02,2019-08-g002-2019-08-22-2105,2019-09-02,312182.35,正新,44.05,7087,False,2105
2019-09-03,2019-07-g006-2019-07-19-6230,2019-09-03,251199.0,尼得科超眾,247.0,1017,False,6230
2019-09-03,2019-08-g006-2019-08-02-3324,2019-09-03,172881.0,雙鴻,171.0,1011,False,3324
2019-09-03,2019-08-g002-2019-08-22-2105,2019-09-03,307930.15,正新,43.45,7087,False,2105
2019-09-04,2019-07-g006-2019-07-19-6230,2019-09-04,251707.5,尼得科超眾,247.5,1017,False,6230
2019-09-04,2019-08-g002-2019-08-22-2105,2019-09-04,308284.5,正新,43.5,7087,False,2105
2019-09-05,2019-07-g006-2019-07-19-6230,2019-09-05,249165.0,尼得科超眾,245.0,1017,False,6230
2019-09-05,2019-08-g002-2019-08-22-2105,2019-09-05,309701.9,正新,43.7,7087,False,2105
2019-09-06,2019-07-g006-2019-07-19-6230,2019-09-06,508.0,尼得科超眾,254.0,2,False,6230
2019-09-06,2019-08-g002-2019-08-22-2105,2019-09-06,310764.95,正新,43.85,7087,False,2105
2019-09-09,2019-08-g002-2019-08-22-2105,2019-09-09,310410.6,正新,43.8,7087,False,2105
2019-09-10,2019-08-g002-2019-08-22-2105,2019-09-10,311473.65,正新,43.95,7087,False,2105
2019-09-11,2019-08-g002-2019-08-22-2105,2019-09-11,311828.0,正新,44.0,7087,False,2105
2019-09-12,2019-08-g002-2019-08-22-2105,2019-09-12,312891.05,正新,44.15,7087,False,2105
2019-09-12,2019-09-g003-2019-09-11-6213,2019-09-12,185203.0,聯茂,167.0,1109,False,6213
2019-09-16,2019-08-g002-2019-08-22-2105,2019-09-16,313599.75,正新,44.25,7087,False,2105
2019-09-16,2019-09-g003-2019-09-11-6213,2019-09-16,179658.0,聯茂,162.0,1109,False,6213
2019-09-17,2019-08-g002-2019-08-22-2105,2019-09-17,314662.8,正新,44.4,7087,False,2105
2019-09-17,2019-09-g003-2019-09-11-6213,2019-09-17,180767.0,聯茂,163.0,1109,False,6213
2019-09-18,2019-08-g002-2019-08-22-2105,2019-09-18,316080.2,正新,44.6,7087,False,2105
2019-09-18,2019-09-g003-2019-09-11-6213,2019-09-18,181321.5,聯茂,163.5,1109,False,6213
2019-09-19,2019-08-g002-2019-08-22-2105,2019-09-19,315371.5,正新,44.5,7087,False,2105
2019-09-19,2019-09-g003-2019-09-11-6213,2019-09-19,180212.5,聯茂,162.5,1109,False,6213
2019-09-19,2019-09-g005-2019-09-18-2801,2019-09-19,284875.0,彰銀,21.5,13250,False,2801
2019-09-20,2019-08-g002-2019-08-22-2105,2019-09-20,314662.8,正新,44.4,7087,False,2105
2019-09-20,2019-09-g003-2019-09-11-6213,2019-09-20,180212.5,聯茂,162.5,1109,False,6213
2019-09-20,2019-09-g005-2019-09-18-2801,2019-09-20,287525.0,彰銀,21.7,13250,False,2801
2019-09-23,2019-08-g002-2019-08-22-2105,2019-09-23,318915.0,正新,45.0,7087,False,2105
2019-09-23,2019-09-g003-2019-09-11-6213,2019-09-23,179658.0,聯茂,162.0,1109,False,6213
2019-09-23,2019-09-g005-2019-09-18-2801,2019-09-23,286200.0,彰銀,21.6,13250,False,2801
2019-09-24,2019-08-g002-2019-08-22-2105,2019-09-24,316434.55,正新,44.65,7087,False,2105
2019-09-24,2019-09-g003-2019-09-11-6213,2019-09-24,175776.5,聯茂,158.5,1109,False,6213
2019-09-24,2019-09-g005-2019-09-18-2801,2019-09-24,285537.5,彰銀,21.55,13250,False,2801
2019-09-25,2019-08-g002-2019-08-22-2105,2019-09-25,318915.0,正新,45.0,7087,False,2105
2019-09-25,2019-09-g003-2019-09-11-6213,2019-09-25,174113.0,聯茂,157.0,1109,False,6213
2019-09-25,2019-09-g005-2019-09-18-2801,2019-09-25,286862.5,彰銀,21.65,13250,False,2801
2019-09-26,2019-08-g002-2019-08-22-2105,2019-09-26,319623.7,正新,45.1,7087,False,2105
2019-09-26,2019-09-g003-2019-09-11-6213,2019-09-26,171895.0,聯茂,155.0,1109,False,6213
2019-09-26,2019-09-g005-2019-09-18-2801,2019-09-26,288187.5,彰銀,21.75,13250,False,2801
2019-09-27,2019-08-g002-2019-08-22-2105,2019-09-27,324584.6,正新,45.8,7087,False,2105
2019-09-27,2019-09-g003-2019-09-11-6213,2019-09-27,167459.0,聯茂,151.0,1109,False,6213
2019-09-27,2019-09-g005-2019-09-18-2801,2019-09-27,286862.5,彰銀,21.65,13250,False,2801
2019-10-01,2019-08-g002-2019-08-22-2105,2019-10-01,327065.05,正新,46.15,7087,False,2105
2019-10-01,2019-09-g003-2019-09-11-6213,2019-10-01,170231.5,聯茂,153.5,1109,False,6213
2019-10-01,2019-09-g005-2019-09-18-2801,2019-10-01,286862.5,彰銀,21.65,13250,False,2801
2019-10-02,2019-08-g002-2019-08-22-2105,2019-10-02,324938.95,正新,45.85,7087,False,2105
2019-10-02,2019-09-g003-2019-09-11-6213,2019-10-02,175776.5,聯茂,158.5,1109,False,6213
2019-10-02,2019-09-g005-2019-09-18-2801,2019-10-02,288187.5,彰銀,21.75,13250,False,2801
2019-10-03,2019-08-g002-2019-08-22-2105,2019-10-03,318915.0,正新,45.0,7087,False,2105
2019-10-03,2019-09-g003-2019-09-11-6213,2019-10-03,169677.0,聯茂,153.0,1109,False,6213
2019-10-03,2019-09-g005-2019-09-18-2801,2019-10-03,286200.0,彰銀,21.6,13250,False,2801
2019-10-04,2019-08-g002-2019-08-22-2105,2019-10-04,322104.15,正新,45.45,7087,False,2105
2019-10-04,2019-09-g003-2019-09-11-6213,2019-10-04,168013.5,聯茂,151.5,1109,False,6213
2019-10-04,2019-09-g005-2019-09-18-2801,2019-10-04,286200.0,彰銀,21.6,13250,False,2801
2019-10-07,2019-08-g002-2019-08-22-2105,2019-10-07,321395.45,正新,45.35,7087,False,2105
2019-10-07,2019-09-g003-2019-09-11-6213,2019-10-07,171340.5,聯茂,154.5,1109,False,6213
2019-10-07,2019-09-g005-2019-09-18-2801,2019-10-07,285537.5,彰銀,21.55,13250,False,2801
2019-10-08,2019-08-g002-2019-08-22-2105,2019-10-08,319978.05,正新,45.15,7087,False,2105
2019-10-08,2019-09-g003-2019-09-11-6213,2019-10-08,166350.0,聯茂,150.0,1109,False,6213
2019-10-08,2019-09-g005-2019-09-18-2801,2019-10-08,287525.0,彰銀,21.7,13250,False,2801
2019-10-09,2019-08-g002-2019-08-22-2105,2019-10-09,318206.3,正新,44.9,7087,False,2105
2019-10-09,2019-09-g003-2019-09-11-6213,2019-10-09,166350.0,聯茂,150.0,1109,False,6213
2019-10-09,2019-09-g005-2019-09-18-2801,2019-10-09,286200.0,彰銀,21.6,13250,False,2801
2019-10-14,2019-08-g002-2019-08-22-2105,2019-10-14,326356.35,正新,46.05,7087,False,2105
2019-10-14,2019-09-g003-2019-09-11-6213,2019-10-14,175222.0,聯茂,158.0,1109,False,6213
2019-10-14,2019-09-g005-2019-09-18-2801,2019-10-14,289512.5,彰銀,21.85,13250,False,2801
2019-10-15,2019-08-g002-2019-08-22-2105,2019-10-15,330254.2,正新,46.6,7087,False,2105
2019-10-15,2019-09-g003-2019-09-11-6213,2019-10-15,173558.5,聯茂,156.5,1109,False,6213
2019-10-15,2019-09-g005-2019-09-18-2801,2019-10-15,289512.5,彰銀,21.85,13250,False,2801
2019-10-16,2019-08-g002-2019-08-22-2105,2019-10-16,339821.65,正新,47.95,7087,False,2105
2019-10-16,2019-09-g003-2019-09-11-6213,2019-10-16,163577.5,聯茂,147.5,1109,False,6213
2019-10-16,2019-09-g005-2019-09-18-2801,2019-10-16,289512.5,彰銀,21.85,13250,False,2801
2019-10-17,2019-08-g002-2019-08-22-2105,2019-10-17,341239.05,正新,48.15,7087,False,2105
2019-10-17,2019-09-g003-2019-09-11-6213,2019-10-17,12514.5,聯茂,154.5,81,False,6213
2019-10-17,2019-09-g005-2019-09-18-2801,2019-10-17,289512.5,彰銀,21.85,13250,False,2801
2019-10-18,2019-08-g002-2019-08-22-2105,2019-10-18,345136.9,正新,48.7,7087,False,2105
2019-10-18,2019-09-g003-2019-09-11-6213,2019-10-18,4553.0,聯茂,157.0,29,False,6213
2019-10-18,2019-09-g005-2019-09-18-2801,2019-10-18,288850.0,彰銀,21.8,13250,False,2801
2019-10-21,2019-08-g002-2019-08-22-2105,2019-10-21,344073.85,正新,48.55,7087,False,2105
2019-10-21,2019-09-g003-2019-09-11-6213,2019-10-21,155.5,聯茂,155.5,1,False,6213
2019-10-21,2019-09-g005-2019-09-18-2801,2019-10-21,288850.0,彰銀,21.8,13250,False,2801
2019-10-22,2019-08-g002-2019-08-22-2105,2019-10-22,338758.6,正新,47.8,7087,False,2105
2019-10-22,2019-09-g005-2019-09-18-2801,2019-10-22,290175.0,彰銀,21.9,13250,False,2801
2019-10-23,2019-08-g002-2019-08-22-2105,2019-10-23,339467.3,正新,47.9,7087,False,2105
2019-10-23,2019-09-g005-2019-09-18-2801,2019-10-23,290175.0,彰銀,21.9,13250,False,2801
2019-10-24,2019-08-g002-2019-08-22-2105,2019-10-24,340176.0,正新,48.0,7087,False,2105
2019-10-24,2019-09-g005-2019-09-18-2801,2019-10-24,291500.0,彰銀,22.0,13250,False,2801
2019-10-25,2019-08-g002-2019-08-22-2105,2019-10-25,338049.9,正新,47.7,7087,False,2105
2019-10-25,2019-09-g005-2019-09-18-2801,2019-10-25,293487.5,彰銀,22.15,13250,False,2801
2019-10-28,2019-08-g002-2019-08-22-2105,2019-10-28,336986.85,正新,47.55,7087,False,2105
2019-10-28,2019-09-g005-2019-09-18-2801,2019-10-28,298125.0,彰銀,22.5,13250,False,2801
2019-10-29,2019-08-g002-2019-08-22-2105,2019-10-29,335215.1,正新,47.3,7087,False,2105
2019-10-29,2019-09-g005-2019-09-18-2801,2019-10-29,301437.5,彰銀,22.75,13250,False,2801
2019-10-29,2019-10-g007-2019-10-28-3653,2019-10-29,173580.0,健策,165.0,1052,False,3653
2019-10-30,2019-08-g002-2019-08-22-2105,2019-10-30,340176.0,正新,48.0,7087,False,2105
2019-10-30,2019-09-g005-2019-09-18-2801,2019-10-30,306075.0,彰銀,23.1,13250,False,2801
2019-10-30,2019-10-g007-2019-10-28-3653,2019-10-30,175158.0,健策,166.5,1052,False,3653
2019-10-31,2019-08-g002-2019-08-22-2105,2019-10-31,339112.95,正新,47.85,7087,False,2105
2019-10-31,2019-09-g005-2019-09-18-2801,2019-10-31,314687.5,彰銀,23.75,13250,False,2801
2019-10-31,2019-10-g007-2019-10-28-3653,2019-10-31,178840.0,健策,170.0,1052,False,3653
2019-11-01,2019-08-g002-2019-08-22-2105,2019-11-01,341593.4,正新,48.2,7087,False,2105
2019-11-01,2019-09-g005-2019-09-18-2801,2019-11-01,311375.0,彰銀,23.5,13250,False,2801
2019-11-01,2019-10-g007-2019-10-28-3653,2019-11-01,178840.0,健策,170.0,1052,False,3653
2019-11-04,2019-08-g002-2019-08-22-2105,2019-11-04,341947.75,正新,48.25,7087,False,2105
2019-11-04,2019-09-g005-2019-09-18-2801,2019-11-04,312037.5,彰銀,23.55,13250,False,2801
2019-11-04,2019-10-g007-2019-10-28-3653,2019-11-04,174632.0,健策,166.0,1052,False,3653
2019-11-05,2019-08-g002-2019-08-22-2105,2019-11-05,341593.4,正新,48.2,7087,False,2105
2019-11-05,2019-09-g005-2019-09-18-2801,2019-11-05,309387.5,彰銀,23.35,13250,False,2801
2019-11-05,2019-10-g007-2019-10-28-3653,2019-11-05,191990.0,健策,182.5,1052,False,3653
2019-11-06,2019-08-g002-2019-08-22-2105,2019-11-06,342302.1,正新,48.3,7087,False,2105
2019-11-06,2019-09-g005-2019-09-18-2801,2019-11-06,311375.0,彰銀,23.5,13250,False,2801
2019-11-06,2019-10-g007-2019-10-28-3653,2019-11-06,197776.0,健策,188.0,1052,False,3653
2019-11-07,2019-08-g002-2019-08-22-2105,2019-11-07,341593.4,正新,48.2,7087,False,2105
2019-11-07,2019-09-g005-2019-09-18-2801,2019-11-07,308062.5,彰銀,23.25,13250,False,2801
2019-11-07,2019-10-g007-2019-10-28-3653,2019-11-07,205140.0,健策,195.0,1052,False,3653
2019-11-08,2019-08-g002-2019-08-22-2105,2019-11-08,342656.45,正新,48.35,7087,False,2105
2019-11-08,2019-09-g005-2019-09-18-2801,2019-11-08,307400.0,彰銀,23.2,13250,False,2801
2019-11-08,2019-10-g007-2019-10-28-3653,2019-11-08,199880.0,健策,190.0,1052,False,3653
2019-11-11,2019-08-g002-2019-08-22-2105,2019-11-11,332734.65,正新,46.95,7087,False,2105
2019-11-11,2019-09-g005-2019-09-18-2801,2019-11-11,303425.0,彰銀,22.9,13250,False,2801
2019-11-11,2019-10-g007-2019-10-28-3653,2019-11-11,189360.0,健策,180.0,1052,False,3653
2019-11-12,2019-08-g002-2019-08-22-2105,2019-11-12,311828.0,正新,44.0,7087,False,2105
2019-11-12,2019-09-g005-2019-09-18-2801,2019-11-12,302100.0,彰銀,22.8,13250,False,2801
2019-11-12,2019-10-g007-2019-10-28-3653,2019-11-12,191464.0,健策,182.0,1052,False,3653
2019-11-13,2019-08-g002-2019-08-22-2105,2019-11-13,86.7,正新,43.35,2,False,2105
2019-11-13,2019-09-g005-2019-09-18-2801,2019-11-13,301437.5,彰銀,22.75,13250,False,2801
2019-11-13,2019-10-g007-2019-10-28-3653,2019-11-13,194094.0,健策,184.5,1052,False,3653
2019-11-14,2019-09-g005-2019-09-18-2801,2019-11-14,298787.5,彰銀,22.55,13250,False,2801
2019-11-14,2019-10-g007-2019-10-28-3653,2019-11-14,188834.0,健策,179.5,1052,False,3653
2019-11-15,2019-09-g005-2019-09-18-2801,2019-11-15,299450.0,彰銀,22.6,13250,False,2801
2019-11-15,2019-10-g007-2019-10-28-3653,2019-11-15,204088.0,健策,194.0,1052,False,3653
2019-11-18,2019-09-g005-2019-09-18-2801,2019-11-18,302100.0,彰銀,22.8,13250,False,2801
2019-11-18,2019-10-g007-2019-10-28-3653,2019-11-18,194620.0,健策,185.0,1052,False,3653
2019-11-19,2019-09-g005-2019-09-18-2801,2019-11-19,303425.0,彰銀,22.9,13250,False,2801
2019-11-19,2019-10-g007-2019-10-28-3653,2019-11-19,191990.0,健策,182.5,1052,False,3653
2019-11-20,2019-09-g005-2019-09-18-2801,2019-11-20,304750.0,彰銀,23.0,13250,False,2801
2019-11-20,2019-10-g007-2019-10-28-3653,2019-11-20,193568.0,健策,184.0,1052,False,3653
2019-11-21,2019-09-g005-2019-09-18-2801,2019-11-21,305412.5,彰銀,23.05,13250,False,2801
2019-11-21,2019-10-g007-2019-10-28-3653,2019-11-21,194620.0,健策,185.0,1052,False,3653
2019-11-22,2019-09-g005-2019-09-18-2801,2019-11-22,304087.5,彰銀,22.95,13250,False,2801
2019-11-22,2019-10-g007-2019-10-28-3653,2019-11-22,193568.0,健策,184.0,1052,False,3653
2019-11-25,2019-09-g005-2019-09-18-2801,2019-11-25,304750.0,彰銀,23.0,13250,False,2801
2019-11-25,2019-10-g007-2019-10-28-3653,2019-11-25,197250.0,健策,187.5,1052,False,3653
2019-11-26,2019-09-g005-2019-09-18-2801,2019-11-26,984.6999999999999,彰銀,22.9,43,False,2801
2019-11-26,2019-10-g007-2019-10-28-3653,2019-11-26,209874.0,健策,199.5,1052,False,3653
2019-11-27,2019-10-g007-2019-10-28-3653,2019-11-27,209348.0,健策,199.0,1052,False,3653
2019-11-28,2019-10-g007-2019-10-28-3653,2019-11-28,207770.0,健策,197.5,1052,False,3653
2019-11-29,2019-10-g007-2019-10-28-3653,2019-11-29,205140.0,健策,195.0,1052,False,3653
2019-12-02,2019-10-g007-2019-10-28-3653,2019-12-02,204088.0,健策,194.0,1052,False,3653
2019-12-03,2019-10-g007-2019-10-28-3653,2019-12-03,197250.0,健策,187.5,1052,False,3653
2019-12-04,2019-10-g007-2019-10-28-3653,2019-12-04,198828.0,健策,189.0,1052,False,3653
2019-12-05,2019-10-g007-2019-10-28-3653,2019-12-05,194620.0,健策,185.0,1052,False,3653
2019-12-06,2019-10-g007-2019-10-28-3653,2019-12-06,196724.0,健策,187.0,1052,False,3653
2019-12-09,2019-10-g007-2019-10-28-3653,2019-12-09,8482.5,健策,188.5,45,False,3653
2019-12-10,2019-10-g007-2019-10-28-3653,2019-12-10,5390.0,健策,192.5,28,False,3653
2019-12-11,2019-10-g007-2019-10-28-3653,2019-12-11,3648.0,健策,192.0,19,False,3653
2019-12-13,2019-12-g005-2019-12-12-3653,2019-12-13,203859.5,健策,198.5,1027,False,3653
2019-12-16,2019-12-g005-2019-12-12-3653,2019-12-16,206940.5,健策,201.5,1027,False,3653
2019-12-17,2019-12-g005-2019-12-12-3653,2019-12-17,207454.0,健策,202.0,1027,False,3653
2019-12-18,2019-12-g005-2019-12-12-3653,2019-12-18,205913.5,健策,200.5,1027,False,3653
2019-12-19,2019-12-g005-2019-12-12-3653,2019-12-19,204373.0,健策,199.0,1027,False,3653
2019-12-20,2019-12-g005-2019-12-12-3653,2019-12-20,210535.0,健策,205.0,1027,False,3653
2019-12-20,2019-12-g003-2019-12-19-2456,2019-12-20,272362.5,奇力新,112.5,2421,False,2456
2019-12-23,2019-12-g005-2019-12-12-3653,2019-12-23,217724.0,健策,212.0,1027,False,3653
2019-12-23,2019-12-g003-2019-12-19-2456,2019-12-23,275994.0,奇力新,114.0,2421,False,2456
2019-12-24,2019-12-g005-2019-12-12-3653,2019-12-24,219778.0,健策,214.0,1027,False,3653
2019-12-24,2019-12-g003-2019-12-19-2456,2019-12-24,283257.0,奇力新,117.0,2421,False,2456
2019-12-25,2019-12-g005-2019-12-12-3653,2019-12-25,220805.0,健策,215.0,1027,False,3653
2019-12-25,2019-12-g003-2019-12-19-2456,2019-12-25,305046.0,奇力新,126.0,2421,False,2456
2019-12-26,2019-12-g005-2019-12-12-3653,2019-12-26,235696.5,健策,229.5,1027,False,3653
2019-12-26,2019-12-g003-2019-12-19-2456,2019-12-26,302625.0,奇力新,125.0,2421,False,2456
2019-12-27,2019-12-g005-2019-12-12-3653,2019-12-27,232102.0,健策,226.0,1027,False,3653
2019-12-27,2019-12-g003-2019-12-19-2456,2019-12-27,306256.5,奇力新,126.5,2421,False,2456
2019-12-27,2019-12-g002-2019-12-26-2383,2019-12-27,277830.0,台光電,135.0,2058,False,2383
2019-12-30,2019-12-g005-2019-12-12-3653,2019-12-30,235183.0,健策,229.0,1027,False,3653
2019-12-30,2019-12-g003-2019-12-19-2456,2019-12-30,314730.0,奇力新,130.0,2421,False,2456
2019-12-30,2019-12-g002-2019-12-26-2383,2019-12-30,280917.0,台光電,136.5,2058,False,2383
2019-12-31,2019-12-g005-2019-12-12-3653,2019-12-31,240831.5,健策,234.5,1027,False,3653
2019-12-31,2019-12-g003-2019-12-19-2456,2019-12-31,309888.0,奇力新,128.0,2421,False,2456
2019-12-31,2019-12-g002-2019-12-26-2383,2019-12-31,281946.0,台光電,137.0,2058,False,2383
2020-01-02,2019-12-g005-2019-12-12-3653,2020-01-02,241858.5,健策,235.5,1027,False,3653
2020-01-02,2019-12-g003-2019-12-19-2456,2020-01-02,314730.0,奇力新,130.0,2421,False,2456
2020-01-02,2019-12-g002-2019-12-26-2383,2020-01-02,282975.0,台光電,137.5,2058,False,2383
2020-01-03,2019-12-g005-2019-12-12-3653,2020-01-03,239291.0,健策,233.0,1027,False,3653
2020-01-03,2019-12-g003-2019-12-19-2456,2020-01-03,329256.0,奇力新,136.0,2421,False,2456
2020-01-03,2019-12-g002-2019-12-26-2383,2020-01-03,273714.0,台光電,133.0,2058,False,2383
2020-01-06,2019-12-g005-2019-12-12-3653,2020-01-06,243399.0,健策,237.0,1027,False,3653
2020-01-06,2019-12-g003-2019-12-19-2456,2020-01-06,317151.0,奇力新,131.0,2421,False,2456
2020-01-06,2019-12-g002-2019-12-26-2383,2020-01-06,271656.0,台光電,132.0,2058,False,2383
2020-01-07,2019-12-g005-2019-12-12-3653,2020-01-07,232102.0,健策,226.0,1027,False,3653
2020-01-07,2019-12-g003-2019-12-19-2456,2020-01-07,296572.5,奇力新,122.5,2421,False,2456
2020-01-07,2019-12-g002-2019-12-26-2383,2020-01-07,266511.0,台光電,129.5,2058,False,2383
2020-01-08,2019-12-g005-2019-12-12-3653,2020-01-08,237237.0,健策,231.0,1027,False,3653
2020-01-08,2019-12-g003-2019-12-19-2456,2020-01-08,298993.5,奇力新,123.5,2421,False,2456
2020-01-08,2019-12-g002-2019-12-26-2383,2020-01-08,261366.0,台光電,127.0,2058,False,2383
2020-01-09,2019-12-g005-2019-12-12-3653,2020-01-09,235183.0,健策,229.0,1027,False,3653
2020-01-09,2019-12-g003-2019-12-19-2456,2020-01-09,294151.5,奇力新,121.5,2421,False,2456
2020-01-09,2019-12-g002-2019-12-26-2383,2020-01-09,269598.0,台光電,131.0,2058,False,2383
2020-01-10,2019-12-g005-2019-12-12-3653,2020-01-10,233129.0,健策,227.0,1027,False,3653
2020-01-10,2019-12-g003-2019-12-19-2456,2020-01-10,291730.5,奇力新,120.5,2421,False,2456
2020-01-10,2019-12-g002-2019-12-26-2383,2020-01-10,265482.0,台光電,129.0,2058,False,2383
2020-01-13,2019-12-g005-2019-12-12-3653,2020-01-13,241345.0,健策,235.0,1027,False,3653
2020-01-13,2019-12-g003-2019-12-19-2456,2020-01-13,295362.0,奇力新,122.0,2421,False,2456
2020-01-13,2019-12-g002-2019-12-26-2383,2020-01-13,276801.0,台光電,134.5,2058,False,2383
2020-01-14,2019-12-g005-2019-12-12-3653,2020-01-14,238264.0,健策,232.0,1027,False,3653
2020-01-14,2019-12-g003-2019-12-19-2456,2020-01-14,323203.5,奇力新,133.5,2421,False,2456
2020-01-14,2019-12-g002-2019-12-26-2383,2020-01-14,279888.0,台光電,136.0,2058,False,2383
2020-01-15,2019-12-g005-2019-12-12-3653,2020-01-15,234156.0,健策,228.0,1027,False,3653
2020-01-15,2019-12-g003-2019-12-19-2456,2020-01-15,311098.5,奇力新,128.5,2421,False,2456
2020-01-15,2019-12-g002-2019-12-26-2383,2020-01-15,271656.0,台光電,132.0,2058,False,2383
2020-01-16,2019-12-g005-2019-12-12-3653,2020-01-16,226967.0,健策,221.0,1027,False,3653
2020-01-16,2019-12-g003-2019-12-19-2456,2020-01-16,320782.5,奇力新,132.5,2421,False,2456
2020-01-16,2019-12-g002-2019-12-26-2383,2020-01-16,276801.0,台光電,134.5,2058,False,2383
2020-01-17,2019-12-g005-2019-12-12-3653,2020-01-17,228507.5,健策,222.5,1027,False,3653
2020-01-17,2019-12-g003-2019-12-19-2456,2020-01-17,321993.0,奇力新,133.0,2421,False,2456
2020-01-17,2019-12-g002-2019-12-26-2383,2020-01-17,278859.0,台光電,135.5,2058,False,2383
2020-01-20,2019-12-g005-2019-12-12-3653,2020-01-20,232102.0,健策,226.0,1027,False,3653
2020-01-20,2019-12-g003-2019-12-19-2456,2020-01-20,321993.0,奇力新,133.0,2421,False,2456
2020-01-20,2019-12-g002-2019-12-26-2383,2020-01-20,279888.0,台光電,136.0,2058,False,2383
2020-01-30,2019-12-g005-2019-12-12-3653,2020-01-30,208994.5,健策,203.5,1027,False,3653
2020-01-30,2019-12-g003-2019-12-19-2456,2020-01-30,290520.0,奇力新,120.0,2421,False,2456
2020-01-30,2019-12-g002-2019-12-26-2383,2020-01-30,252105.0,台光電,122.5,2058,False,2383
2020-01-31,2019-12-g005-2019-12-12-3653,2020-01-31,214643.0,健策,209.0,1027,False,3653
2020-01-31,2019-12-g003-2019-12-19-2456,2020-01-31,285678.0,奇力新,118.0,2421,False,2456
2020-01-31,2019-12-g002-2019-12-26-2383,2020-01-31,237699.0,台光電,115.5,2058,False,2383
2020-02-03,2019-12-g005-2019-12-12-3653,2020-02-03,213616.0,健策,208.0,1027,False,3653
2020-02-03,2019-12-g003-2019-12-19-2456,2020-02-03,292941.0,奇力新,121.0,2421,False,2456
2020-02-03,2019-12-g002-2019-12-26-2383,2020-02-03,4368.0,台光電,112.0,39,False,2383
2020-02-04,2019-12-g005-2019-12-12-3653,2020-02-04,214129.5,健策,208.5,1027,False,3653
2020-02-04,2019-12-g003-2019-12-19-2456,2020-02-04,303835.5,奇力新,125.5,2421,False,2456
2020-02-04,2019-12-g002-2019-12-26-2383,2020-02-04,2748.5,台光電,119.5,23,False,2383
2020-02-05,2019-12-g005-2019-12-12-3653,2020-02-05,3272.0,健策,204.5,16,False,3653
2020-02-05,2019-12-g003-2019-12-19-2456,2020-02-05,296572.5,奇力新,122.5,2421,False,2456
2020-02-05,2019-12-g002-2019-12-26-2383,2020-02-05,1896.0,台光電,118.5,16,False,2383
2020-02-06,2019-12-g003-2019-12-19-2456,2020-02-06,305046.0,奇力新,126.0,2421,False,2456
2020-02-07,2019-12-g003-2019-12-19-2456,2020-02-07,43326.0,奇力新,124.5,348,False,2456
2020-02-10,2019-12-g003-2019-12-19-2456,2020-02-10,30996.0,奇力新,123.0,252,False,2456
2020-02-21,2020-02-g004-2020-02-20-6125,2020-02-21,270552.1,廣運,16.9,16009,False,6125
2020-02-24,2020-02-g004-2020-02-20-6125,2020-02-24,267350.3,廣運,16.7,16009,False,6125
2020-02-25,2020-02-g004-2020-02-20-6125,2020-02-25,268951.2,廣運,16.8,16009,False,6125
2020-02-26,2020-02-g004-2020-02-20-6125,2020-02-26,266549.85,廣運,16.65,16009,False,6125
2020-02-27,2020-02-g004-2020-02-20-6125,2020-02-27,252141.75,廣運,15.75,16009,False,6125
2020-03-02,2020-02-g004-2020-02-20-6125,2020-03-02,254543.1,廣運,15.9,16009,False,6125
2020-03-03,2020-02-g004-2020-02-20-6125,2020-03-03,257744.90000000002,廣運,16.1,16009,False,6125
2020-03-04,2020-02-g004-2020-02-20-6125,2020-03-04,272153.0,廣運,17.0,16009,False,6125
2020-03-04,2020-03-g005-2020-03-03-3450,2020-03-04,239070.0,聯鈞,78.0,3065,False,3450
2020-03-05,2020-02-g004-2020-02-20-6125,2020-03-05,271352.55,廣運,16.95,16009,False,6125
2020-03-05,2020-03-g005-2020-03-03-3450,2020-03-05,241522.0,聯鈞,78.8,3065,False,3450
2020-03-06,2020-02-g004-2020-02-20-6125,2020-03-06,268150.75,廣運,16.75,16009,False,6125
2020-03-06,2020-03-g005-2020-03-03-3450,2020-03-06,238150.5,聯鈞,77.7,3065,False,3450
2020-03-09,2020-02-g004-2020-02-20-6125,2020-03-09,255343.55,廣運,15.95,16009,False,6125
2020-03-09,2020-03-g005-2020-03-03-3450,2020-03-09,225277.5,聯鈞,73.5,3065,False,3450
2020-03-10,2020-02-g004-2020-02-20-6125,2020-03-10,262547.6,廣運,16.4,16009,False,6125
2020-03-10,2020-03-g005-2020-03-03-3450,2020-03-10,231407.5,聯鈞,75.5,3065,False,3450
2020-03-11,2020-02-g004-2020-02-20-6125,2020-03-11,255343.55,廣運,15.95,16009,False,6125
2020-03-11,2020-03-g005-2020-03-03-3450,2020-03-11,220067.0,聯鈞,71.8,3065,False,3450
2020-03-12,2020-02-g004-2020-02-20-6125,2020-03-12,242536.35,廣運,15.15,16009,False,6125
2020-03-12,2020-03-g005-2020-03-03-3450,2020-03-12,199531.49999999997,聯鈞,65.1,3065,False,3450
2020-03-13,2020-02-g004-2020-02-20-6125,2020-03-13,225726.9,廣運,14.1,16009,False,6125
2020-03-13,2020-03-g005-2020-03-03-3450,2020-03-13,1500.0,聯鈞,62.5,24,False,3450
2020-06-04,2020-06-g003-2020-06-03-6504,2020-06-04,5901.0,南六,281.0,21,False,6504
2020-06-05,2020-06-g003-2020-06-03-6504,2020-06-05,5817.0,南六,277.0,21,False,6504
2020-06-05,2020-06-g004-2020-06-04-9914,2020-06-05,197548.0,美利達,188.5,1048,False,9914
2020-06-08,2020-06-g003-2020-06-03-6504,2020-06-08,5827.5,南六,277.5,21,False,6504
2020-06-08,2020-06-g004-2020-06-04-9914,2020-06-08,187592.0,美利達,179.0,1048,False,9914
2020-06-08,2020-06-g006-2020-06-05-4167,2020-06-08,257200.0,松瑞藥,32.15,8000,False,4167
2020-06-09,2020-06-g003-2020-06-03-6504,2020-06-09,5733.0,南六,273.0,21,False,6504
2020-06-09,2020-06-g004-2020-06-04-9914,2020-06-09,188640.0,美利達,180.0,1048,False,9914
2020-06-09,2020-06-g006-2020-06-05-4167,2020-06-09,261200.0,松瑞藥,32.65,8000,False,4167
2020-06-10,2020-06-g003-2020-06-03-6504,2020-06-10,5670.0,南六,270.0,21,False,6504
2020-06-10,2020-06-g004-2020-06-04-9914,2020-06-10,192832.0,美利達,184.0,1048,False,9914
2020-06-10,2020-06-g006-2020-06-05-4167,2020-06-10,276400.0,松瑞藥,34.55,8000,False,4167
2020-06-11,2020-06-g003-2020-06-03-6504,2020-06-11,5544.0,南六,264.0,21,False,6504
2020-06-11,2020-06-g004-2020-06-04-9914,2020-06-11,201216.0,美利達,192.0,1048,False,9914
2020-06-11,2020-06-g006-2020-06-05-4167,2020-06-11,266800.0,松瑞藥,33.35,8000,False,4167
2020-06-12,2020-06-g003-2020-06-03-6504,2020-06-12,5817.0,南六,277.0,21,False,6504
2020-06-12,2020-06-g004-2020-06-04-9914,2020-06-12,199120.0,美利達,190.0,1048,False,9914
2020-06-12,2020-06-g006-2020-06-05-4167,2020-06-12,288800.0,松瑞藥,36.1,8000,False,4167
2020-06-15,2020-06-g003-2020-06-03-6504,2020-06-15,5659.5,南六,269.5,21,False,6504
2020-06-15,2020-06-g004-2020-06-04-9914,2020-06-15,198596.0,美利達,189.5,1048,False,9914
2020-06-15,2020-06-g006-2020-06-05-4167,2020-06-15,317600.0,松瑞藥,39.7,8000,False,4167
2020-06-16,2020-06-g003-2020-06-03-6504,2020-06-16,5754.0,南六,274.0,21,False,6504
2020-06-16,2020-06-g004-2020-06-04-9914,2020-06-16,200168.0,美利達,191.0,1048,False,9914
2020-06-16,2020-06-g006-2020-06-05-4167,2020-06-16,342000.0,松瑞藥,42.75,8000,False,4167
2020-06-17,2020-06-g003-2020-06-03-6504,2020-06-17,5754.0,南六,274.0,21,False,6504
2020-06-17,2020-06-g004-2020-06-04-9914,2020-06-17,204360.0,美利達,195.0,1048,False,9914
2020-06-17,2020-06-g006-2020-06-05-4167,2020-06-17,344800.0,松瑞藥,43.1,8000,False,4167
2020-06-18,2020-06-g003-2020-06-03-6504,2020-06-18,5775.0,南六,275.0,21,False,6504
2020-06-18,2020-06-g004-2020-06-04-9914,2020-06-18,204360.0,美利達,195.0,1048,False,9914
2020-06-18,2020-06-g006-2020-06-05-4167,2020-06-18,342800.0,松瑞藥,42.85,8000,False,4167
2020-06-19,2020-06-g003-2020-06-03-6504,2020-06-19,5754.0,南六,274.0,21,False,6504
2020-06-19,2020-06-g004-2020-06-04-9914,2020-06-19,204360.0,美利達,195.0,1048,False,9914
2020-06-19,2020-06-g006-2020-06-05-4167,2020-06-19,335200.0,松瑞藥,41.9,8000,False,4167
2020-06-22,2020-06-g003-2020-06-03-6504,2020-06-22,5544.0,南六,264.0,21,False,6504
2020-06-22,2020-06-g004-2020-06-04-9914,2020-06-22,201740.0,美利達,192.5,1048,False,9914
2020-06-22,2020-06-g006-2020-06-05-4167,2020-06-22,334400.0,松瑞藥,41.8,8000,False,4167
2020-06-23,2020-06-g003-2020-06-03-6504,2020-06-23,5649.0,南六,269.0,21,False,6504
2020-06-23,2020-06-g004-2020-06-04-9914,2020-06-23,202788.0,美利達,193.5,1048,False,9914
2020-06-23,2020-06-g006-2020-06-05-4167,2020-06-23,314000.0,松瑞藥,39.25,8000,False,4167
2020-06-24,2020-06-g003-2020-06-03-6504,2020-06-24,5418.0,南六,258.0,21,False,6504
2020-06-24,2020-06-g004-2020-06-04-9914,2020-06-24,202264.0,美利達,193.0,1048,False,9914
2020-06-24,2020-06-g006-2020-06-05-4167,2020-06-24,319200.0,松瑞藥,39.9,8000,False,4167
2020-06-29,2020-06-g003-2020-06-03-6504,2020-06-29,5859.0,南六,279.0,21,False,6504
2020-06-29,2020-06-g004-2020-06-04-9914,2020-06-29,215888.0,美利達,206.0,1048,False,9914
2020-06-29,2020-06-g006-2020-06-05-4167,2020-06-29,347600.0,松瑞藥,43.45,8000,False,4167
2020-06-30,2020-06-g003-2020-06-03-6504,2020-06-30,5523.0,南六,263.0,21,False,6504
2020-06-30,2020-06-g004-2020-06-04-9914,2020-06-30,210648.0,美利達,201.0,1048,False,9914
2020-06-30,2020-06-g006-2020-06-05-4167,2020-06-30,333200.0,松瑞藥,41.65,8000,False,4167
2020-07-01,2020-06-g003-2020-06-03-6504,2020-07-01,5439.0,南六,259.0,21,False,6504
2020-07-01,2020-06-g004-2020-06-04-9914,2020-07-01,220604.0,美利達,210.5,1048,False,9914
2020-07-01,2020-06-g006-2020-06-05-4167,2020-07-01,324400.0,松瑞藥,40.55,8000,False,4167
2020-07-02,2020-06-g003-2020-06-03-6504,2020-07-02,5418.0,南六,258.0,21,False,6504
2020-07-02,2020-06-g004-2020-06-04-9914,2020-07-02,223748.0,美利達,213.5,1048,False,9914
2020-07-02,2020-06-g006-2020-06-05-4167,2020-07-02,324800.0,松瑞藥,40.6,8000,False,4167
2020-07-03,2020-06-g003-2020-06-03-6504,2020-07-03,5397.0,南六,257.0,21,False,6504
2020-07-03,2020-06-g004-2020-06-04-9914,2020-07-03,220604.0,美利達,210.5,1048,False,9914
2020-07-03,2020-06-g006-2020-06-05-4167,2020-07-03,318000.0,松瑞藥,39.75,8000,False,4167
2020-07-06,2020-06-g003-2020-06-03-6504,2020-07-06,4930.5,南六,259.5,19,False,6504
2020-07-06,2020-06-g004-2020-06-04-9914,2020-07-06,220080.0,美利達,210.0,1048,False,9914
2020-07-06,2020-06-g006-2020-06-05-4167,2020-07-06,313200.0,松瑞藥,39.15,8000,False,4167
2020-07-07,2020-06-g003-2020-06-03-6504,2020-07-07,2838.0,南六,258.0,11,False,6504
2020-07-07,2020-06-g004-2020-06-04-9914,2020-07-07,226892.0,美利達,216.5,1048,False,9914
2020-07-07,2020-06-g006-2020-06-05-4167,2020-07-07,289200.0,松瑞藥,36.15,8000,False,4167
2020-07-07,2020-07-g003-2020-07-06-1722,2020-07-07,274734.5,台肥,54.5,5041,False,1722
2020-07-08,2020-06-g003-2020-06-03-6504,2020-07-08,1834.0,南六,262.0,7,False,6504
2020-07-08,2020-06-g004-2020-06-04-9914,2020-07-08,233704.0,美利達,223.0,1048,False,9914
2020-07-08,2020-06-g006-2020-06-05-4167,2020-07-08,318000.0,松瑞藥,39.75,8000,False,4167
2020-07-08,2020-07-g003-2020-07-06-1722,2020-07-08,288345.2,台肥,57.2,5041,False,1722
2020-07-09,2020-06-g004-2020-06-04-9914,2020-07-09,253092.0,美利達,241.5,1048,False,9914
2020-07-09,2020-06-g006-2020-06-05-4167,2020-07-09,319200.0,松瑞藥,39.9,8000,False,4167
2020-07-09,2020-07-g003-2020-07-06-1722,2020-07-09,287841.10000000003,台肥,57.1,5041,False,1722
2020-07-10,2020-06-g004-2020-06-04-9914,2020-07-10,252568.0,美利達,241.0,1048,False,9914
2020-07-10,2020-06-g006-2020-06-05-4167,2020-07-10,304800.0,松瑞藥,38.1,8000,False,4167
2020-07-10,2020-07-g003-2020-07-06-1722,2020-07-10,286328.8,台肥,56.8,5041,False,1722
2020-07-13,2020-06-g004-2020-06-04-9914,2020-07-13,267240.0,美利達,255.0,1048,False,9914
2020-07-13,2020-06-g006-2020-06-05-4167,2020-07-13,296800.0,松瑞藥,37.1,8000,False,4167
2020-07-13,2020-07-g003-2020-07-06-1722,2020-07-13,296914.89999999997,台肥,58.9,5041,False,1722
2020-07-14,2020-06-g004-2020-06-04-9914,2020-07-14,262000.0,美利達,250.0,1048,False,9914
2020-07-14,2020-06-g006-2020-06-05-4167,2020-07-14,286400.0,松瑞藥,35.8,8000,False,4167
2020-07-14,2020-07-g003-2020-07-06-1722,2020-07-14,293890.3,台肥,58.3,5041,False,1722
2020-07-15,2020-06-g004-2020-06-04-9914,2020-07-15,269336.0,美利達,257.0,1048,False,9914
2020-07-15,2020-07-g003-2020-07-06-1722,2020-07-15,292378.0,台肥,58.0,5041,False,1722
2020-07-16,2020-06-g004-2020-06-04-9914,2020-07-16,264096.0,美利達,252.0,1048,False,9914
2020-07-16,2020-07-g003-2020-07-06-1722,2020-07-16,293890.3,台肥,58.3,5041,False,1722
2020-07-17,2020-06-g004-2020-06-04-9914,2020-07-17,262000.0,美利達,250.0,1048,False,9914
2020-07-17,2020-07-g003-2020-07-06-1722,2020-07-17,289353.39999999997,台肥,57.4,5041,False,1722
2020-07-20,2020-06-g004-2020-06-04-9914,2020-07-20,262000.0,美利達,250.0,1048,False,9914
2020-07-20,2020-07-g003-2020-07-06-1722,2020-07-20,286328.8,台肥,56.8,5041,False,1722
2020-07-21,2020-06-g004-2020-06-04-9914,2020-07-21,269336.0,美利達,257.0,1048,False,9914
2020-07-21,2020-07-g003-2020-07-06-1722,2020-07-21,288345.2,台肥,57.2,5041,False,1722
2020-07-22,2020-06-g004-2020-06-04-9914,2020-07-22,272480.0,美利達,260.0,1048,False,9914
2020-07-22,2020-07-g003-2020-07-06-1722,2020-07-22,288849.3,台肥,57.3,5041,False,1722
2020-07-23,2020-06-g004-2020-06-04-9914,2020-07-23,265144.0,美利達,253.0,1048,False,9914
2020-07-23,2020-07-g003-2020-07-06-1722,2020-07-23,287841.10000000003,台肥,57.1,5041,False,1722
2020-07-24,2020-06-g004-2020-06-04-9914,2020-07-24,262000.0,美利達,250.0,1048,False,9914
2020-07-24,2020-07-g003-2020-07-06-1722,2020-07-24,286328.8,台肥,56.8,5041,False,1722
2020-07-27,2020-06-g004-2020-06-04-9914,2020-07-27,256760.0,美利達,245.0,1048,False,9914
2020-07-27,2020-07-g003-2020-07-06-1722,2020-07-27,280279.60000000003,台肥,55.6,5041,False,1722
2020-07-28,2020-06-g004-2020-06-04-9914,2020-07-28,258856.0,美利達,247.0,1048,False,9914
2020-07-28,2020-07-g003-2020-07-06-1722,2020-07-28,276246.8,台肥,54.8,5041,False,1722
2020-07-29,2020-06-g004-2020-06-04-9914,2020-07-29,263572.0,美利達,251.5,1048,False,9914
2020-07-29,2020-07-g003-2020-07-06-1722,2020-07-29,279271.39999999997,台肥,55.4,5041,False,1722
2020-07-30,2020-06-g004-2020-06-04-9914,2020-07-30,271432.0,美利達,259.0,1048,False,9914
2020-07-30,2020-07-g003-2020-07-06-1722,2020-07-30,281791.89999999997,台肥,55.9,5041,False,1722
2020-07-31,2020-06-g004-2020-06-04-9914,2020-07-31,283484.0,美利達,270.5,1048,False,9914
2020-07-31,2020-07-g003-2020-07-06-1722,2020-07-31,281287.8,台肥,55.8,5041,False,1722
2020-08-03,2020-06-g004-2020-06-04-9914,2020-08-03,272480.0,美利達,260.0,1048,False,9914
2020-08-03,2020-07-g003-2020-07-06-1722,2020-08-03,279271.39999999997,台肥,55.4,5041,False,1722
2020-08-04,2020-06-g004-2020-06-04-9914,2020-08-04,296584.0,美利達,283.0,1048,False,9914
2020-08-04,2020-07-g003-2020-07-06-1722,2020-08-04,1112.0,台肥,55.6,20,False,1722
2020-08-05,2020-06-g004-2020-06-04-9914,2020-08-05,291344.0,美利達,278.0,1048,False,9914
2020-08-06,2020-06-g004-2020-06-04-9914,2020-08-06,291344.0,美利達,278.0,1048,False,9914
2020-08-06,2020-08-g015-2020-08-05-5434,2020-08-06,262763.0,崇越,127.0,2069,False,5434
2020-08-07,2020-06-g004-2020-06-04-9914,2020-08-07,282436.0,美利達,269.5,1048,False,9914
2020-08-07,2020-08-g015-2020-08-05-5434,2020-08-07,259659.5,崇越,125.5,2069,False,5434
2020-08-10,2020-06-g004-2020-06-04-9914,2020-08-10,285580.0,美利達,272.5,1048,False,9914
2020-08-10,2020-08-g015-2020-08-05-5434,2020-08-10,256556.0,崇越,124.0,2069,False,5434
2020-08-11,2020-06-g004-2020-06-04-9914,2020-08-11,270384.0,美利達,258.0,1048,False,9914
2020-08-11,2020-08-g015-2020-08-05-5434,2020-08-11,252418.0,崇越,122.0,2069,False,5434
2020-08-11,2020-08-g004-2020-08-10-1589,2020-08-11,307545.0,永冠-KY,101.5,3030,False,1589
2020-08-12,2020-06-g004-2020-06-04-9914,2020-08-12,264620.0,美利達,252.5,1048,False,9914
2020-08-12,2020-08-g015-2020-08-05-5434,2020-08-12,248280.0,崇越,120.0,2069,False,5434
2020-08-12,2020-08-g004-2020-08-10-1589,2020-08-12,291486.0,永冠-KY,96.2,3030,False,1589
2020-08-13,2020-06-g004-2020-06-04-9914,2020-08-13,7808.0,美利達,244.0,32,False,9914
2020-08-13,2020-08-g015-2020-08-05-5434,2020-08-13,248280.0,崇越,120.0,2069,False,5434
2020-08-13,2020-08-g004-2020-08-10-1589,2020-08-13,287850.0,永冠-KY,95.0,3030,False,1589
2020-08-14,2020-06-g004-2020-06-04-9914,2020-08-14,5692.5,美利達,247.5,23,False,9914
2020-08-14,2020-08-g015-2020-08-05-5434,2020-08-14,254487.0,崇越,123.0,2069,False,5434
2020-08-14,2020-08-g004-2020-08-10-1589,2020-08-14,294819.0,永冠-KY,97.3,3030,False,1589
2020-08-17,2020-06-g004-2020-06-04-9914,2020-08-17,3514.0,美利達,251.0,14,False,9914
2020-08-17,2020-08-g015-2020-08-05-5434,2020-08-17,255521.5,崇越,123.5,2069,False,5434
2020-08-17,2020-08-g004-2020-08-10-1589,2020-08-17,298152.0,永冠-KY,98.4,3030,False,1589
2020-08-17,2020-08-g013-2020-08-14-2456,2020-08-17,225984.0,奇力新,107.0,2112,False,2456
2020-08-18,2020-08-g015-2020-08-05-5434,2020-08-18,253452.5,崇越,122.5,2069,False,5434
2020-08-18,2020-08-g004-2020-08-10-1589,2020-08-18,322695.0,永冠-KY,106.5,3030,False,1589
2020-08-18,2020-08-g013-2020-08-14-2456,2020-08-18,218592.0,奇力新,103.5,2112,False,2456
2020-08-19,2020-08-g015-2020-08-05-5434,2020-08-19,255521.5,崇越,123.5,2069,False,5434
2020-08-19,2020-08-g004-2020-08-10-1589,2020-08-19,315120.0,永冠-KY,104.0,3030,False,1589
2020-08-19,2020-08-g013-2020-08-14-2456,2020-08-19,213312.0,奇力新,101.0,2112,False,2456
2020-08-20,2020-08-g015-2020-08-05-5434,2020-08-20,249314.5,崇越,120.5,2069,False,5434
2020-08-20,2020-08-g004-2020-08-10-1589,2020-08-20,286638.0,永冠-KY,94.6,3030,False,1589
2020-08-20,2020-08-g013-2020-08-14-2456,2020-08-20,195571.19999999998,奇力新,92.6,2112,False,2456
2020-08-21,2020-08-g015-2020-08-05-5434,2020-08-21,250349.0,崇越,121.0,2069,False,5434
2020-08-21,2020-08-g004-2020-08-10-1589,2020-08-21,299970.0,永冠-KY,99.0,3030,False,1589
2020-08-21,2020-08-g013-2020-08-14-2456,2020-08-21,6594.0,奇力新,94.2,70,False,2456
2020-08-24,2020-08-g015-2020-08-05-5434,2020-08-24,251383.5,崇越,121.5,2069,False,5434
2020-08-24,2020-08-g004-2020-08-10-1589,2020-08-24,303000.0,永冠-KY,100.0,3030,False,1589
2020-08-24,2020-08-g013-2020-08-14-2456,2020-08-24,1688.3999999999999,奇力新,93.8,18,False,2456
2020-08-25,2020-08-g015-2020-08-05-5434,2020-08-25,253452.5,崇越,122.5,2069,False,5434
2020-08-25,2020-08-g004-2020-08-10-1589,2020-08-25,307545.0,永冠-KY,101.5,3030,False,1589
2020-08-25,2020-08-g003-2020-08-24-6591,2020-08-25,289440.0,動力-KY,72.0,4020,False,6591
2020-08-26,2020-08-g015-2020-08-05-5434,2020-08-26,254487.0,崇越,123.0,2069,False,5434
2020-08-26,2020-08-g004-2020-08-10-1589,2020-08-26,310575.0,永冠-KY,102.5,3030,False,1589
2020-08-26,2020-08-g003-2020-08-24-6591,2020-08-26,289842.0,動力-KY,72.1,4020,False,6591
2020-08-27,2020-08-g015-2020-08-05-5434,2020-08-27,251383.5,崇越,121.5,2069,False,5434
2020-08-27,2020-08-g004-2020-08-10-1589,2020-08-27,301182.0,永冠-KY,99.4,3030,False,1589
2020-08-27,2020-08-g003-2020-08-24-6591,2020-08-27,292254.0,動力-KY,72.7,4020,False,6591
2020-08-28,2020-08-g015-2020-08-05-5434,2020-08-28,249314.5,崇越,120.5,2069,False,5434
2020-08-28,2020-08-g004-2020-08-10-1589,2020-08-28,299667.0,永冠-KY,98.9,3030,False,1589
2020-08-28,2020-08-g003-2020-08-24-6591,2020-08-28,285420.0,動力-KY,71.0,4020,False,6591
2020-08-31,2020-08-g015-2020-08-05-5434,2020-08-31,248280.0,崇越,120.0,2069,False,5434
2020-08-31,2020-08-g004-2020-08-10-1589,2020-08-31,315120.0,永冠-KY,104.0,3030,False,1589
2020-08-31,2020-08-g003-2020-08-24-6591,2020-08-31,282606.0,動力-KY,70.3,4020,False,6591
2020-09-01,2020-08-g015-2020-08-05-5434,2020-09-01,245176.5,崇越,118.5,2069,False,5434
2020-09-01,2020-08-g004-2020-08-10-1589,2020-09-01,307545.0,永冠-KY,101.5,3030,False,1589
2020-09-01,2020-08-g003-2020-08-24-6591,2020-09-01,259691.99999999997,動力-KY,64.6,4020,False,6591
2020-09-02,2020-08-g015-2020-08-05-5434,2020-09-02,247245.5,崇越,119.5,2069,False,5434
2020-09-02,2020-08-g004-2020-08-10-1589,2020-09-02,316635.0,永冠-KY,104.5,3030,False,1589
2020-09-02,2020-08-g003-2020-08-24-6591,2020-09-02,263310.0,動力-KY,65.5,4020,False,6591
2020-09-03,2020-08-g015-2020-08-05-5434,2020-09-03,5117.0,崇越,119.0,43,False,5434
2020-09-03,2020-08-g004-2020-08-10-1589,2020-09-03,312090.0,永冠-KY,103.0,3030,False,1589
2020-09-03,2020-08-g003-2020-08-24-6591,2020-09-03,261701.99999999997,動力-KY,65.1,4020,False,6591
2020-09-04,2020-08-g015-2020-08-05-5434,2020-09-04,3436.5,崇越,118.5,29,False,5434
2020-09-04,2020-08-g004-2020-08-10-1589,2020-09-04,301788.0,永冠-KY,99.6,3030,False,1589
2020-09-04,2020-08-g003-2020-08-24-6591,2020-09-04,262104.0,動力-KY,65.2,4020,False,6591
2020-09-04,2020-09-g007-2020-09-03-1714,2020-09-04,260377.59999999998,和桐,11.2,23248,False,1714
2020-09-07,2020-08-g015-2020-08-05-5434,2020-09-07,1631.0,崇越,116.5,14,False,5434
2020-09-07,2020-08-g004-2020-08-10-1589,2020-09-07,304515.0,永冠-KY,100.5,3030,False,1589
2020-09-07,2020-08-g003-2020-08-24-6591,2020-09-07,245220.0,動力-KY,61.0,4020,False,6591
2020-09-07,2020-09-g007-2020-09-03-1714,2020-09-07,253403.2,和桐,10.9,23248,False,1714
2020-09-08,2020-08-g004-2020-08-10-1589,2020-09-08,296031.0,永冠-KY,97.7,3030,False,1589
2020-09-08,2020-08-g003-2020-08-24-6591,2020-09-08,658.9,動力-KY,59.9,11,False,6591
2020-09-08,2020-09-g007-2020-09-03-1714,2020-09-08,259215.2,和桐,11.15,23248,False,1714
2020-09-09,2020-08-g004-2020-08-10-1589,2020-09-09,307545.0,永冠-KY,101.5,3030,False,1589
2020-09-09,2020-08-g003-2020-08-24-6591,2020-09-09,664.4,動力-KY,60.4,11,False,6591
2020-09-09,2020-09-g007-2020-09-03-1714,2020-09-09,263864.8,和桐,11.35,23248,False,1714
2020-09-09,2020-09-g001-2020-09-08-1309,2020-09-09,257261.55000000002,台達化,30.55,8421,False,1309
2020-09-10,2020-08-g004-2020-08-10-1589,2020-09-10,309060.0,永冠-KY,102.0,3030,False,1589
2020-09-10,2020-08-g003-2020-08-24-6591,2020-09-10,594.0,動力-KY,59.4,10,False,6591
2020-09-10,2020-09-g007-2020-09-03-1714,2020-09-10,258052.8,和桐,11.1,23248,False,1714
2020-09-10,2020-09-g001-2020-09-08-1309,2020-09-10,265261.5,台達化,31.5,8421,False,1309
2020-09-11,2020-08-g004-2020-08-10-1589,2020-09-11,301788.0,永冠-KY,99.6,3030,False,1589
2020-09-11,2020-08-g003-2020-08-24-6591,2020-09-11,567.0,動力-KY,56.7,10,False,6591
2020-09-11,2020-09-g007-2020-09-03-1714,2020-09-11,246428.8,和桐,10.6,23248,False,1714
2020-09-11,2020-09-g001-2020-09-08-1309,2020-09-11,246735.30000000002,台達化,29.3,8421,False,1309
2020-09-14,2020-08-g004-2020-08-10-1589,2020-09-14,300273.0,永冠-KY,99.1,3030,False,1589
2020-09-14,2020-08-g003-2020-08-24-6591,2020-09-14,607.0,動力-KY,60.7,10,False,6591
2020-09-14,2020-09-g007-2020-09-03-1714,2020-09-14,248753.59999999998,和桐,10.7,23248,False,1714
2020-09-14,2020-09-g001-2020-09-08-1309,2020-09-14,246735.30000000002,台達化,29.3,8421,False,1309
2020-09-15,2020-08-g004-2020-08-10-1589,2020-09-15,293304.0,永冠-KY,96.8,3030,False,1589
2020-09-15,2020-08-g003-2020-08-24-6591,2020-09-15,609.0,動力-KY,60.9,10,False,6591
2020-09-15,2020-09-g007-2020-09-03-1714,2020-09-15,252240.8,和桐,10.85,23248,False,1714
2020-09-15,2020-09-g001-2020-09-08-1309,2020-09-15,262314.14999999997,台達化,31.15,8421,False,1309
2020-09-16,2020-08-g004-2020-08-10-1589,2020-09-16,1299.2,永冠-KY,92.8,14,False,1589
2020-09-16,2020-08-g003-2020-08-24-6591,2020-09-16,601.0,動力-KY,60.1,10,False,6591
2020-09-16,2020-09-g007-2020-09-03-1714,2020-09-16,249916.0,和桐,10.75,23248,False,1714
2020-09-16,2020-09-g001-2020-09-08-1309,2020-09-16,255998.4,台達化,30.4,8421,False,1309
2020-09-17,2020-08-g004-2020-08-10-1589,2020-09-17,737.6,永冠-KY,92.2,8,False,1589
2020-09-17,2020-08-g003-2020-08-24-6591,2020-09-17,601.0,動力-KY,60.1,10,False,6591
2020-09-17,2020-09-g007-2020-09-03-1714,2020-09-17,249916.0,和桐,10.75,23248,False,1714
2020-09-17,2020-09-g001-2020-09-08-1309,2020-09-17,269050.95,台達化,31.95,8421,False,1309
2020-09-18,2020-08-g003-2020-08-24-6591,2020-09-18,543.6,動力-KY,60.4,9,False,6591
2020-09-18,2020-09-g007-2020-09-03-1714,2020-09-18,253403.2,和桐,10.9,23248,False,1714
2020-09-18,2020-09-g001-2020-09-08-1309,2020-09-18,261051.0,台達化,31.0,8421,False,1309
2020-09-21,2020-08-g003-2020-08-24-6591,2020-09-21,533.6999999999999,動力-KY,59.3,9,False,6591
2020-09-21,2020-09-g007-2020-09-03-1714,2020-09-21,247591.2,和桐,10.65,23248,False,1714
2020-09-21,2020-09-g001-2020-09-08-1309,2020-09-21,245051.1,台達化,29.1,8421,False,1309
2020-09-22,2020-08-g003-2020-08-24-6591,2020-09-22,459.2,動力-KY,57.4,8,False,6591
2020-09-22,2020-09-g007-2020-09-03-1714,2020-09-22,246428.8,和桐,10.6,23248,False,1714
2020-09-22,2020-09-g001-2020-09-08-1309,2020-09-22,245051.1,台達化,29.1,8421,False,1309
2020-09-23,2020-08-g003-2020-08-24-6591,2020-09-23,289.5,動力-KY,57.9,5,False,6591
2020-09-23,2020-09-g007-2020-09-03-1714,2020-09-23,242941.59999999998,和桐,10.45,23248,False,1714
2020-09-23,2020-09-g001-2020-09-08-1309,2020-09-23,238314.30000000002,台達化,28.3,8421,False,1309
2020-09-23,2020-09-g019-2020-09-22-6104,2020-09-23,160300.80000000002,創惟,79.2,2024,False,6104
2020-09-24,2020-09-g007-2020-09-03-1714,2020-09-24,232480.0,和桐,10.0,23248,False,1714
2020-09-24,2020-09-g001-2020-09-08-1309,2020-09-24,233261.69999999998,台達化,27.7,8421,False,1309
2020-09-24,2020-09-g019-2020-09-22-6104,2020-09-24,156860.0,創惟,77.5,2024,False,6104
2020-09-25,2020-09-g007-2020-09-03-1714,2020-09-25,228760.32,和桐,9.84,23248,False,1714
2020-09-25,2020-09-g001-2020-09-08-1309,2020-09-25,222314.4,台達化,26.4,8421,False,1309
2020-09-25,2020-09-g019-2020-09-22-6104,2020-09-25,142894.4,創惟,70.6,2024,False,6104
2020-09-28,2020-09-g007-2020-09-03-1714,2020-09-28,1927.0,和桐,10.25,188,False,1714
2020-09-28,2020-09-g001-2020-09-08-1309,2020-09-28,8937.5,台達化,27.5,325,False,1309
2020-09-28,2020-09-g019-2020-09-22-6104,2020-09-28,139453.6,創惟,68.9,2024,False,6104
2020-09-29,2020-09-g007-2020-09-03-1714,2020-09-29,1648.2,和桐,10.05,164,False,1714
2020-09-29,2020-09-g001-2020-09-08-1309,2020-09-29,6480.25,台達化,26.45,245,False,1309
2020-09-29,2020-09-g019-2020-09-22-6104,2020-09-29,1610.3999999999999,創惟,67.1,24,False,6104
2020-09-30,2020-09-g007-2020-09-03-1714,2020-09-30,1217.56,和桐,9.98,122,False,1714
2020-09-30,2020-09-g001-2020-09-08-1309,2020-09-30,4964.85,台達化,26.55,187,False,1309
2020-09-30,2020-09-g019-2020-09-22-6104,2020-09-30,766.7,創惟,69.7,11,False,6104
2020-10-05,2020-09-g007-2020-09-03-1714,2020-10-05,867.3900000000001,和桐,9.97,87,False,1714
2020-10-05,2020-09-g001-2020-09-08-1309,2020-10-05,3814.05,台達化,27.05,141,False,1309
2020-10-05,2020-09-g019-2020-09-22-6104,2020-10-05,481.59999999999997,創惟,68.8,7,False,6104
2020-10-05,2020-09-g010-2020-09-30-2344,2020-10-05,224371.8,華邦電,13.95,16084,False,2344
2020-10-06,2020-09-g007-2020-09-03-1714,2020-10-06,492.45000000000005,和桐,10.05,49,False,1714
2020-10-06,2020-09-g001-2020-09-08-1309,2020-10-06,2414.0,台達化,28.4,85,False,1309
2020-10-06,2020-09-g010-2020-09-30-2344,2020-10-06,228392.8,華邦電,14.2,16084,False,2344
2020-10-07,2020-09-g001-2020-09-08-1309,2020-10-07,165.89999999999998,台達化,27.65,6,False,1309
2020-10-07,2020-09-g010-2020-09-30-2344,2020-10-07,233218.0,華邦電,14.5,16084,False,2344
2020-10-08,2020-09-g010-2020-09-30-2344,2020-10-08,231609.6,華邦電,14.4,16084,False,2344
2020-10-08,2020-10-g012-2020-10-07-4976,2020-10-08,198640.65000000002,佳凌,49.45,4017,False,4976
2020-10-08,2020-10-g008-2020-10-07-2615,2020-10-08,215271.0,萬海,23.8,9045,False,2615
2020-10-12,2020-09-g010-2020-09-30-2344,2020-10-12,231609.6,華邦電,14.4,16084,False,2344
2020-10-12,2020-10-g012-2020-10-07-4976,2020-10-12,195025.34999999998,佳凌,48.55,4017,False,4976
2020-10-12,2020-10-g008-2020-10-07-2615,2020-10-12,209391.75,萬海,23.15,9045,False,2615
2020-10-13,2020-09-g010-2020-09-30-2344,2020-10-13,241260.0,華邦電,15.0,16084,False,2344
2020-10-13,2020-10-g012-2020-10-07-4976,2020-10-13,206875.5,佳凌,51.5,4017,False,4976
2020-10-13,2020-10-g008-2020-10-07-2615,2020-10-13,226577.25,萬海,25.05,9045,False,2615
2020-10-14,2020-09-g010-2020-09-30-2344,2020-10-14,242064.2,華邦電,15.05,16084,False,2344
2020-10-14,2020-10-g012-2020-10-07-4976,2020-10-14,208884.0,佳凌,52.0,4017,False,4976
2020-10-14,2020-10-g008-2020-10-07-2615,2020-10-14,222054.75,萬海,24.55,9045,False,2615
2020-10-15,2020-09-g010-2020-09-30-2344,2020-10-15,235630.6,華邦電,14.65,16084,False,2344
2020-10-15,2020-10-g012-2020-10-07-4976,2020-10-15,202456.8,佳凌,50.4,4017,False,4976
2020-10-15,2020-10-g008-2020-10-07-2615,2020-10-15,217532.25,萬海,24.05,9045,False,2615
2020-10-16,2020-09-g010-2020-09-30-2344,2020-10-16,233218.0,華邦電,14.5,16084,False,2344
2020-10-16,2020-10-g012-2020-10-07-4976,2020-10-16,192816.0,佳凌,48.0,4017,False,4976
2020-10-16,2020-10-g008-2020-10-07-2615,2020-10-16,213009.75,萬海,23.55,9045,False,2615
2020-10-19,2020-09-g010-2020-09-30-2344,2020-10-19,234022.2,華邦電,14.55,16084,False,2344
2020-10-19,2020-10-g012-2020-10-07-4976,2020-10-19,197033.84999999998,佳凌,49.05,4017,False,4976
2020-10-19,2020-10-g008-2020-10-07-2615,2020-10-19,213009.75,萬海,23.55,9045,False,2615
2020-10-20,2020-09-g010-2020-09-30-2344,2020-10-20,235630.6,華邦電,14.65,16084,False,2344
2020-10-20,2020-10-g012-2020-10-07-4976,2020-10-20,197837.25,佳凌,49.25,4017,False,4976
2020-10-20,2020-10-g008-2020-10-07-2615,2020-10-20,228386.25,萬海,25.25,9045,False,2615
2020-10-21,2020-09-g010-2020-09-30-2344,2020-10-21,243672.6,華邦電,15.15,16084,False,2344
2020-10-21,2020-10-g012-2020-10-07-4976,2020-10-21,195627.90000000002,佳凌,48.7,4017,False,4976
2020-10-21,2020-10-g008-2020-10-07-2615,2020-10-21,228838.5,萬海,25.3,9045,False,2615
2020-10-22,2020-09-g010-2020-09-30-2344,2020-10-22,254931.4,華邦電,15.85,16084,False,2344
2020-10-22,2020-10-g012-2020-10-07-4976,2020-10-22,193418.55,佳凌,48.15,4017,False,4976
2020-10-22,2020-10-g008-2020-10-07-2615,2020-10-22,221150.25,萬海,24.45,9045,False,2615
2020-10-23,2020-09-g010-2020-09-30-2344,2020-10-23,279861.6,華邦電,17.4,16084,False,2344
2020-10-23,2020-10-g012-2020-10-07-4976,2020-10-23,194824.5,佳凌,48.5,4017,False,4976
2020-10-23,2020-10-g008-2020-10-07-2615,2020-10-23,222507.0,萬海,24.6,9045,False,2615
2020-10-26,2020-09-g010-2020-09-30-2344,2020-10-26,299162.4,華邦電,18.6,16084,False,2344
2020-10-26,2020-10-g012-2020-10-07-4976,2020-10-26,191610.90000000002,佳凌,47.7,4017,False,4976
2020-10-26,2020-10-g008-2020-10-07-2615,2020-10-26,242858.25,萬海,26.85,9045,False,2615
2020-10-27,2020-09-g010-2020-09-30-2344,2020-10-27,286295.2,華邦電,17.8,16084,False,2344
2020-10-27,2020-10-g012-2020-10-07-4976,2020-10-27,184782.0,佳凌,46.0,4017,False,4976
2020-10-27,2020-10-g008-2020-10-07-2615,2020-10-27,236074.5,萬海,26.1,9045,False,2615
2020-10-28,2020-09-g010-2020-09-30-2344,2020-10-28,276644.8,華邦電,17.2,16084,False,2344
2020-10-28,2020-10-g012-2020-10-07-4976,2020-10-28,180965.84999999998,佳凌,45.05,4017,False,4976
2020-10-28,2020-10-g008-2020-10-07-2615,2020-10-28,236526.75,萬海,26.15,9045,False,2615
2020-10-29,2020-09-g010-2020-09-30-2344,2020-10-29,276644.8,華邦電,17.2,16084,False,2344
2020-10-29,2020-10-g012-2020-10-07-4976,2020-10-29,191209.2,佳凌,47.6,4017,False,4976
2020-10-29,2020-10-g008-2020-10-07-2615,2020-10-29,241501.5,萬海,26.7,9045,False,2615
2020-10-30,2020-09-g010-2020-09-30-2344,2020-10-30,272623.8,華邦電,16.95,16084,False,2344
2020-10-30,2020-10-g012-2020-10-07-4976,2020-10-30,182773.5,佳凌,45.5,4017,False,4976
2020-10-30,2020-10-g008-2020-10-07-2615,2020-10-30,236979.0,萬海,26.2,9045,False,2615
2020-11-02,2020-09-g010-2020-09-30-2344,2020-11-02,272623.8,華邦電,16.95,16084,False,2344
2020-11-02,2020-10-g012-2020-10-07-4976,2020-11-02,180363.3,佳凌,44.9,4017,False,4976
2020-11-02,2020-10-g008-2020-10-07-2615,2020-11-02,244215.0,萬海,27.0,9045,False,2615
2020-11-03,2020-09-g010-2020-09-30-2344,2020-11-03,283078.4,華邦電,17.6,16084,False,2344
2020-11-03,2020-10-g012-2020-10-07-4976,2020-11-03,183576.90000000002,佳凌,45.7,4017,False,4976
2020-11-03,2020-10-g008-2020-10-07-2615,2020-11-03,258687.0,萬海,28.6,9045,False,2615
2020-11-04,2020-09-g010-2020-09-30-2344,2020-11-04,285491.0,華邦電,17.75,16084,False,2344
2020-11-04,2020-10-g012-2020-10-07-4976,2020-11-04,190004.09999999998,佳凌,47.3,4017,False,4976
2020-11-04,2020-10-g008-2020-10-07-2615,2020-11-04,261400.5,萬海,28.9,9045,False,2615
2020-11-05,2020-09-g010-2020-09-30-2344,2020-11-05,279057.4,華邦電,17.35,16084,False,2344
2020-11-05,2020-10-g012-2020-10-07-4976,2020-11-05,191410.05,佳凌,47.65,4017,False,4976
2020-11-05,2020-10-g008-2020-10-07-2615,2020-11-05,261852.75,萬海,28.95,9045,False,2615
2020-11-06,2020-09-g010-2020-09-30-2344,2020-11-06,279057.4,華邦電,17.35,16084,False,2344
2020-11-06,2020-10-g012-2020-10-07-4976,2020-11-06,97.3,佳凌,48.65,2,False,4976
2020-11-06,2020-10-g008-2020-10-07-2615,2020-11-06,265470.75,萬海,29.35,9045,False,2615
2020-11-09,2020-09-g010-2020-09-30-2344,2020-11-09,279861.6,華邦電,17.4,16084,False,2344
2020-11-09,2020-10-g008-2020-10-07-2615,2020-11-09,291701.25,萬海,32.25,9045,False,2615
2020-11-09,2020-11-g003-2020-11-06-1476,2020-11-09,16380.0,儒鴻,409.5,40,False,1476
2020-11-10,2020-09-g010-2020-09-30-2344,2020-11-10,281470.0,華邦電,17.5,16084,False,2344
2020-11-10,2020-10-g008-2020-10-07-2615,2020-11-10,269541.0,萬海,29.8,9045,False,2615
2020-11-10,2020-11-g003-2020-11-06-1476,2020-11-10,16640.0,儒鴻,416.0,40,False,1476
2020-11-11,2020-09-g010-2020-09-30-2344,2020-11-11,280665.8,華邦電,17.45,16084,False,2344
2020-11-11,2020-10-g008-2020-10-07-2615,2020-11-11,293510.25,萬海,32.45,9045,False,2615
2020-11-11,2020-11-g003-2020-11-06-1476,2020-11-11,16660.0,儒鴻,416.5,40,False,1476
2020-11-12,2020-09-g010-2020-09-30-2344,2020-11-12,287903.6,華邦電,17.9,16084,False,2344
2020-11-12,2020-10-g008-2020-10-07-2615,2020-11-12,282204.0,萬海,31.2,9045,False,2615
2020-11-12,2020-11-g003-2020-11-06-1476,2020-11-12,16720.0,儒鴻,418.0,40,False,1476
2020-11-13,2020-09-g010-2020-09-30-2344,2020-11-13,279861.6,華邦電,17.4,16084,False,2344
2020-11-13,2020-10-g008-2020-10-07-2615,2020-11-13,276777.0,萬海,30.6,9045,False,2615
2020-11-13,2020-11-g003-2020-11-06-1476,2020-11-13,16740.0,儒鴻,418.5,40,False,1476
2020-11-16,2020-09-g010-2020-09-30-2344,2020-11-16,274232.2,華邦電,17.05,16084,False,2344
2020-11-16,2020-10-g008-2020-10-07-2615,2020-11-16,285369.75,萬海,31.55,9045,False,2615
2020-11-16,2020-11-g003-2020-11-06-1476,2020-11-16,16700.0,儒鴻,417.5,40,False,1476
2020-11-17,2020-09-g010-2020-09-30-2344,2020-11-17,276644.8,華邦電,17.2,16084,False,2344
2020-11-17,2020-10-g008-2020-10-07-2615,2020-11-17,301650.75,萬海,33.35,9045,False,2615
2020-11-17,2020-11-g003-2020-11-06-1476,2020-11-17,16620.0,儒鴻,415.5,40,False,1476
2020-11-18,2020-09-g010-2020-09-30-2344,2020-11-18,279861.6,華邦電,17.4,16084,False,2344
2020-11-18,2020-10-g008-2020-10-07-2615,2020-11-18,329238.0,萬海,36.4,9045,False,2615
2020-11-18,2020-11-g003-2020-11-06-1476,2020-11-18,16660.0,儒鴻,416.5,40,False,1476
2020-11-19,2020-09-g010-2020-09-30-2344,2020-11-19,280665.8,華邦電,17.45,16084,False,2344
2020-11-19,2020-10-g008-2020-10-07-2615,2020-11-19,338735.25,萬海,37.45,9045,False,2615
2020-11-19,2020-11-g003-2020-11-06-1476,2020-11-19,16680.0,儒鴻,417.0,40,False,1476
2020-11-20,2020-09-g010-2020-09-30-2344,2020-11-20,282274.2,華邦電,17.55,16084,False,2344
2020-11-20,2020-10-g008-2020-10-07-2615,2020-11-20,332403.75,萬海,36.75,9045,False,2615
2020-11-20,2020-11-g003-2020-11-06-1476,2020-11-20,16500.0,儒鴻,412.5,40,False,1476
2020-11-23,2020-09-g010-2020-09-30-2344,2020-11-23,291120.4,華邦電,18.1,16084,False,2344
2020-11-23,2020-10-g008-2020-10-07-2615,2020-11-23,338735.25,萬海,37.45,9045,False,2615
2020-11-23,2020-11-g003-2020-11-06-1476,2020-11-23,16600.0,儒鴻,415.0,40,False,1476
2020-11-24,2020-09-g010-2020-09-30-2344,2020-11-24,297554.0,華邦電,18.5,16084,False,2344
2020-11-24,2020-10-g008-2020-10-07-2615,2020-11-24,336474.0,萬海,37.2,9045,False,2615
2020-11-24,2020-11-g003-2020-11-06-1476,2020-11-24,16320.0,儒鴻,408.0,40,False,1476
2020-11-25,2020-09-g010-2020-09-30-2344,2020-11-25,284686.8,華邦電,17.7,16084,False,2344
2020-11-25,2020-10-g008-2020-10-07-2615,2020-11-25,369940.5,萬海,40.9,9045,False,2615
2020-11-25,2020-11-g003-2020-11-06-1476,2020-11-25,16280.0,儒鴻,407.0,40,False,1476
2020-11-26,2020-09-g010-2020-09-30-2344,2020-11-26,283882.6,華邦電,17.65,16084,False,2344
2020-11-26,2020-10-g008-2020-10-07-2615,2020-11-26,367679.25,萬海,40.65,9045,False,2615
2020-11-26,2020-11-g003-2020-11-06-1476,2020-11-26,16340.0,儒鴻,408.5,40,False,1476
2020-11-27,2020-09-g010-2020-09-30-2344,2020-11-27,292728.8,華邦電,18.2,16084,False,2344
2020-11-27,2020-10-g008-2020-10-07-2615,2020-11-27,388935.0,萬海,43.0,9045,False,2615
2020-11-27,2020-11-g003-2020-11-06-1476,2020-11-27,16300.0,儒鴻,407.5,40,False,1476
2020-11-30,2020-09-g010-2020-09-30-2344,2020-11-30,294337.2,華邦電,18.3,16084,False,2344
2020-11-30,2020-10-g008-2020-10-07-2615,2020-11-30,395266.5,萬海,43.7,9045,False,2615
2020-11-30,2020-11-g003-2020-11-06-1476,2020-11-30,16000.0,儒鴻,400.0,40,False,1476
2020-12-01,2020-09-g010-2020-09-30-2344,2020-12-01,320875.8,華邦電,19.95,16084,False,2344
2020-12-01,2020-10-g008-2020-10-07-2615,2020-12-01,371749.5,萬海,41.1,9045,False,2615
2020-12-01,2020-11-g003-2020-11-06-1476,2020-12-01,15980.0,儒鴻,399.5,40,False,1476
2020-12-02,2020-09-g010-2020-09-30-2344,2020-12-02,352239.6,華邦電,21.9,16084,False,2344
2020-12-02,2020-10-g008-2020-10-07-2615,2020-12-02,361800.0,萬海,40.0,9045,False,2615
2020-12-02,2020-11-g003-2020-11-06-1476,2020-12-02,15720.0,儒鴻,393.0,40,False,1476
2020-12-03,2020-09-g010-2020-09-30-2344,2020-12-03,346610.2,華邦電,21.55,16084,False,2344
2020-12-03,2020-10-g008-2020-10-07-2615,2020-12-03,357277.5,萬海,39.5,9045,False,2615
2020-12-03,2020-11-g003-2020-11-06-1476,2020-12-03,15860.0,儒鴻,396.5,40,False,1476
2020-12-04,2020-09-g010-2020-09-30-2344,2020-12-04,381190.8,華邦電,23.7,16084,False,2344
2020-12-04,2020-10-g008-2020-10-07-2615,2020-12-04,343710.0,萬海,38.0,9045,False,2615
2020-12-04,2020-11-g003-2020-11-06-1476,2020-12-04,15740.0,儒鴻,393.5,40,False,1476
2020-12-07,2020-09-g010-2020-09-30-2344,2020-12-07,418988.2,華邦電,26.05,16084,False,2344
2020-12-07,2020-10-g008-2020-10-07-2615,2020-12-07,345971.25,萬海,38.25,9045,False,2615
2020-12-08,2020-09-g010-2020-09-30-2344,2020-12-08,423813.4,華邦電,26.35,16084,False,2344
2020-12-08,2020-10-g008-2020-10-07-2615,2020-12-08,367227.0,萬海,40.6,9045,False,2615
2020-12-08,2020-12-g017-2020-12-07-6451,2020-12-08,248976.0,訊芯-KY,123.5,2016,False,6451
2020-12-09,2020-09-g010-2020-09-30-2344,2020-12-09,426226.0,華邦電,26.5,16084,False,2344
2020-12-09,2020-10-g008-2020-10-07-2615,2020-12-09,374463.0,萬海,41.4,9045,False,2615
2020-12-09,2020-12-g017-2020-12-07-6451,2020-12-09,258048.0,訊芯-KY,128.0,2016,False,6451
2020-12-10,2020-09-g010-2020-09-30-2344,2020-12-10,392449.6,華邦電,24.4,16084,False,2344
2020-12-10,2020-10-g008-2020-10-07-2615,2020-12-10,374463.0,萬海,41.4,9045,False,2615
2020-12-10,2020-12-g017-2020-12-07-6451,2020-12-10,249984.0,訊芯-KY,124.0,2016,False,6451
2020-12-11,2020-09-g010-2020-09-30-2344,2020-12-11,386016.0,華邦電,24.0,16084,False,2344
2020-12-11,2020-10-g008-2020-10-07-2615,2020-12-11,352302.75,萬海,38.95,9045,False,2615
2020-12-11,2020-12-g017-2020-12-07-6451,2020-12-11,244944.0,訊芯-KY,121.5,2016,False,6451
2020-12-14,2020-09-g010-2020-09-30-2344,2020-12-14,392449.6,華邦電,24.4,16084,False,2344
2020-12-14,2020-10-g008-2020-10-07-2615,2020-12-14,368583.75,萬海,40.75,9045,False,2615
2020-12-14,2020-12-g017-2020-12-07-6451,2020-12-14,242928.0,訊芯-KY,120.5,2016,False,6451
2020-12-15,2020-09-g010-2020-09-30-2344,2020-12-15,380386.6,華邦電,23.65,16084,False,2344
2020-12-15,2020-10-g008-2020-10-07-2615,2020-12-15,361800.0,萬海,40.0,9045,False,2615
2020-12-15,2020-12-g017-2020-12-07-6451,2020-12-15,236880.0,訊芯-KY,117.5,2016,False,6451
2020-12-16,2020-09-g010-2020-09-30-2344,2020-12-16,388428.6,華邦電,24.15,16084,False,2344
2020-12-16,2020-10-g008-2020-10-07-2615,2020-12-16,370845.0,萬海,41.0,9045,False,2615
2020-12-16,2020-12-g017-2020-12-07-6451,2020-12-16,240912.0,訊芯-KY,119.5,2016,False,6451
2020-12-17,2020-09-g010-2020-09-30-2344,2020-12-17,393253.8,華邦電,24.45,16084,False,2344
2020-12-17,2020-10-g008-2020-10-07-2615,2020-12-17,383055.75,萬海,42.35,9045,False,2615
2020-12-17,2020-12-g017-2020-12-07-6451,2020-12-17,242928.0,訊芯-KY,120.5,2016,False,6451
2020-12-18,2020-09-g010-2020-09-30-2344,2020-12-18,386820.2,華邦電,24.05,16084,False,2344
2020-12-18,2020-10-g008-2020-10-07-2615,2020-12-18,390744.0,萬海,43.2,9045,False,2615
2020-12-18,2020-12-g017-2020-12-07-6451,2020-12-18,238896.0,訊芯-KY,118.5,2016,False,6451
2020-12-21,2020-09-g010-2020-09-30-2344,2020-12-21,392449.6,華邦電,24.4,16084,False,2344
2020-12-21,2020-10-g008-2020-10-07-2615,2020-12-21,429637.5,萬海,47.5,9045,False,2615
2020-12-21,2020-12-g017-2020-12-07-6451,2020-12-21,233856.0,訊芯-KY,116.0,2016,False,6451
2020-12-22,2020-09-g010-2020-09-30-2344,2020-12-22,382799.2,華邦電,23.8,16084,False,2344
2020-12-22,2020-10-g008-2020-10-07-2615,2020-12-22,390291.75,萬海,43.15,9045,False,2615
2020-12-22,2020-12-g017-2020-12-07-6451,2020-12-22,231840.0,訊芯-KY,115.0,2016,False,6451
2020-12-23,2020-09-g010-2020-09-30-2344,2020-12-23,397274.8,華邦電,24.7,16084,False,2344
2020-12-23,2020-10-g008-2020-10-07-2615,2020-12-23,411095.25,萬海,45.45,9045,False,2615
2020-12-23,2020-12-g017-2020-12-07-6451,2020-12-23,242928.0,訊芯-KY,120.5,2016,False,6451
2020-12-24,2020-09-g010-2020-09-30-2344,2020-12-24,414967.2,華邦電,25.8,16084,False,2344
2020-12-24,2020-10-g008-2020-10-07-2615,2020-12-24,409286.25,萬海,45.25,9045,False,2615
2020-12-24,2020-12-g017-2020-12-07-6451,2020-12-24,254016.0,訊芯-KY,126.0,2016,False,6451
2020-12-25,2020-09-g010-2020-09-30-2344,2020-12-25,429442.8,華邦電,26.7,16084,False,2344
2020-12-25,2020-10-g008-2020-10-07-2615,2020-12-25,434160.0,萬海,48.0,9045,False,2615
2020-12-25,2020-12-g017-2020-12-07-6451,2020-12-25,259056.0,訊芯-KY,128.5,2016,False,6451
2020-12-28,2020-09-g010-2020-09-30-2344,2020-12-28,472065.4,華邦電,29.35,16084,False,2344
2020-12-28,2020-10-g008-2020-10-07-2615,2020-12-28,477576.0,萬海,52.8,9045,False,2615
2020-12-28,2020-12-g017-2020-12-07-6451,2020-12-28,257040.0,訊芯-KY,127.5,2016,False,6451
2020-12-29,2020-09-g010-2020-09-30-2344,2020-12-29,456785.6,華邦電,28.4,16084,False,2344
2020-12-29,2020-10-g008-2020-10-07-2615,2020-12-29,446370.75,萬海,49.35,9045,False,2615
2020-12-29,2020-12-g017-2020-12-07-6451,2020-12-29,255024.0,訊芯-KY,126.5,2016,False,6451
2020-12-30,2020-09-g010-2020-09-30-2344,2020-12-30,480911.6,華邦電,29.9,16084,False,2344
2020-12-30,2020-10-g008-2020-10-07-2615,2020-12-30,453154.5,萬海,50.1,9045,False,2615
2020-12-30,2020-12-g017-2020-12-07-6451,2020-12-30,263088.0,訊芯-KY,130.5,2016,False,6451
2020-12-31,2020-09-g010-2020-09-30-2344,2020-12-31,467240.2,華邦電,29.05,16084,False,2344
2020-12-31,2020-10-g008-2020-10-07-2615,2020-12-31,478480.5,萬海,52.9,9045,False,2615
2020-12-31,2020-12-g017-2020-12-07-6451,2020-12-31,262080.0,訊芯-KY,130.0,2016,False,6451
2021-01-04,2020-10-g008-2020-10-07-2615,2021-01-04,516469.5,萬海,57.1,9045,False,2615
2021-01-04,2020-12-g017-2020-12-07-6451,2021-01-04,274176.0,訊芯-KY,136.0,2016,False,6451
2021-01-05,2020-10-g008-2020-10-07-2615,2021-01-05,493857.0,萬海,54.6,9045,False,2615
2021-01-05,2020-12-g017-2020-12-07-6451,2021-01-05,274176.0,訊芯-KY,136.0,2016,False,6451
2021-01-05,2021-01-g009-2021-01-04-5243,2021-01-05,364077.6,乙盛-KY,69.6,5231,False,5243
2021-01-06,2020-10-g008-2020-10-07-2615,2021-01-06,454963.5,萬海,50.3,9045,False,2615
2021-01-06,2020-12-g017-2020-12-07-6451,2021-01-06,266112.0,訊芯-KY,132.0,2016,False,6451
2021-01-06,2021-01-g009-2021-01-04-5243,2021-01-06,364077.6,乙盛-KY,69.6,5231,False,5243
2021-01-07,2020-12-g017-2020-12-07-6451,2021-01-07,292320.0,訊芯-KY,145.0,2016,False,6451
2021-01-07,2021-01-g009-2021-01-04-5243,2021-01-07,366170.0,乙盛-KY,70.0,5231,False,5243
2021-01-08,2020-12-g017-2020-12-07-6451,2021-01-08,301392.0,訊芯-KY,149.5,2016,False,6451
2021-01-08,2021-01-g009-2021-01-04-5243,2021-01-08,353092.5,乙盛-KY,67.5,5231,False,5243
2021-01-08,2021-01-g001-2021-01-07-1305,2021-01-08,363409.2,華夏,27.6,13167,False,1305
2021-01-11,2020-12-g017-2020-12-07-6451,2021-01-11,298368.0,訊芯-KY,148.0,2016,False,6451
2021-01-11,2021-01-g009-2021-01-04-5243,2021-01-11,370354.8,乙盛-KY,70.8,5231,False,5243
2021-01-11,2021-01-g001-2021-01-07-1305,2021-01-11,361434.14999999997,華夏,27.45,13167,False,1305
2021-01-12,2020-12-g017-2020-12-07-6451,2021-01-12,280224.0,訊芯-KY,139.0,2016,False,6451
2021-01-12,2021-01-g009-2021-01-04-5243,2021-01-12,350477.0,乙盛-KY,67.0,5231,False,5243
2021-01-12,2021-01-g001-2021-01-07-1305,2021-01-12,352875.60000000003,華夏,26.8,13167,False,1305
2021-01-13,2020-12-g017-2020-12-07-6451,2021-01-13,282240.0,訊芯-KY,140.0,2016,False,6451
2021-01-13,2021-01-g009-2021-01-04-5243,2021-01-13,340538.1,乙盛-KY,65.1,5231,False,5243
2021-01-13,2021-01-g001-2021-01-07-1305,2021-01-13,351558.89999999997,華夏,26.7,13167,False,1305
2021-01-14,2020-12-g017-2020-12-07-6451,2021-01-14,291312.0,訊芯-KY,144.5,2016,False,6451
2021-01-14,2021-01-g009-2021-01-04-5243,2021-01-14,374539.6,乙盛-KY,71.6,5231,False,5243
2021-01-14,2021-01-g001-2021-01-07-1305,2021-01-14,348267.14999999997,華夏,26.45,13167,False,1305
2021-01-15,2020-12-g017-2020-12-07-6451,2021-01-15,286272.0,訊芯-KY,142.0,2016,False,6451
2021-01-15,2021-01-g009-2021-01-04-5243,2021-01-15,356231.1,乙盛-KY,68.1,5231,False,5243
2021-01-15,2021-01-g001-2021-01-07-1305,2021-01-15,336416.85000000003,華夏,25.55,13167,False,1305
2021-01-18,2020-12-g017-2020-12-07-6451,2021-01-18,284256.0,訊芯-KY,141.0,2016,False,6451
2021-01-18,2021-01-g009-2021-01-04-5243,2021-01-18,353615.6,乙盛-KY,67.6,5231,False,5243
2021-01-18,2021-01-g001-2021-01-07-1305,2021-01-18,323908.2,華夏,24.6,13167,False,1305
2021-01-19,2020-12-g017-2020-12-07-6451,2021-01-19,282240.0,訊芯-KY,140.0,2016,False,6451
2021-01-19,2021-01-g009-2021-01-04-5243,2021-01-19,354138.7,乙盛-KY,67.7,5231,False,5243
2021-01-19,2021-01-g001-2021-01-07-1305,2021-01-19,325883.25,華夏,24.75,13167,False,1305
2021-01-20,2020-12-g017-2020-12-07-6451,2021-01-20,268128.0,訊芯-KY,133.0,2016,False,6451
2021-01-20,2021-01-g009-2021-01-04-5243,2021-01-20,341061.2,乙盛-KY,65.2,5231,False,5243
2021-01-20,2021-01-g001-2021-01-07-1305,2021-01-20,312716.25,華夏,23.75,13167,False,1305
2021-01-21,2020-12-g017-2020-12-07-6451,2021-01-21,273168.0,訊芯-KY,135.5,2016,False,6451
2021-01-21,2021-01-g009-2021-01-04-5243,2021-01-21,337922.6,乙盛-KY,64.6,5231,False,5243
2021-01-21,2021-01-g001-2021-01-07-1305,2021-01-21,1541.1000000000001,華夏,23.35,66,False,1305
2021-01-22,2020-12-g017-2020-12-07-6451,2021-01-22,284256.0,訊芯-KY,141.0,2016,False,6451
2021-01-22,2021-01-g009-2021-01-04-5243,2021-01-22,348384.6,乙盛-KY,66.6,5231,False,5243
2021-01-25,2020-12-g017-2020-12-07-6451,2021-01-25,273168.0,訊芯-KY,135.5,2016,False,6451
2021-01-25,2021-01-g009-2021-01-04-5243,2021-01-25,336876.4,乙盛-KY,64.4,5231,False,5243
2021-01-25,2021-01-g017-2021-01-22-3413,2021-01-25,286140.0,京鼎,251.0,1140,False,3413
2021-01-26,2020-12-g017-2020-12-07-6451,2021-01-26,264096.0,訊芯-KY,131.0,2016,False,6451
2021-01-26,2021-01-g009-2021-01-04-5243,2021-01-26,333737.8,乙盛-KY,63.8,5231,False,5243
2021-01-26,2021-01-g017-2021-01-22-3413,2021-01-26,264480.0,京鼎,232.0,1140,False,3413
2021-01-27,2021-01-g009-2021-01-04-5243,2021-01-27,366693.1,乙盛-KY,70.1,5231,False,5243
2021-01-27,2021-01-g017-2021-01-22-3413,2021-01-27,265620.0,京鼎,233.0,1140,False,3413
2021-01-28,2021-01-g009-2021-01-04-5243,2021-01-28,358323.5,乙盛-KY,68.5,5231,False,5243
2021-01-28,2021-01-g017-2021-01-22-3413,2021-01-28,253080.0,京鼎,222.0,1140,False,3413
2021-01-29,2021-01-g009-2021-01-04-5243,2021-01-29,334260.89999999997,乙盛-KY,63.9,5231,False,5243
2021-01-29,2021-01-g017-2021-01-22-3413,2021-01-29,246240.0,京鼎,216.0,1140,False,3413
2021-02-01,2021-01-g009-2021-01-04-5243,2021-02-01,323798.89999999997,乙盛-KY,61.9,5231,False,5243
2021-02-01,2021-01-g017-2021-01-22-3413,2021-02-01,19428.5,京鼎,213.5,91,False,3413
2021-02-02,2021-01-g009-2021-01-04-5243,2021-02-02,10529.400000000001,乙盛-KY,65.4,161,False,5243
2021-02-02,2021-01-g017-2021-01-22-3413,2021-02-02,9632.0,京鼎,224.0,43,False,3413
2021-02-03,2021-01-g009-2021-01-04-5243,2021-02-03,7126.200000000001,乙盛-KY,64.2,111,False,5243
2021-02-03,2021-01-g017-2021-01-22-3413,2021-02-03,4005.0,京鼎,222.5,18,False,3413
2021-02-03,2021-02-g002-2021-02-02-6547,2021-02-03,331362.0,高端疫苗,123.0,2694,False,6547
2021-02-04,2021-01-g009-2021-01-04-5243,2021-02-04,5143.5,乙盛-KY,63.5,81,False,5243
2021-02-04,2021-02-g002-2021-02-02-6547,2021-02-04,363690.0,高端疫苗,135.0,2694,False,6547
2021-02-04,2021-02-g017-2021-02-03-3264,2021-02-04,298463.19999999995,欣銓,47.8,6244,False,3264
2021-02-05,2021-01-g009-2021-01-04-5243,2021-02-05,3648.2,乙盛-KY,62.9,58,False,5243
2021-02-05,2021-02-g002-2021-02-02-6547,2021-02-05,400059.0,高端疫苗,148.5,2694,False,6547
2021-02-05,2021-02-g017-2021-02-03-3264,2021-02-05,296902.19999999995,欣銓,47.55,6244,False,3264
2021-02-17,2021-01-g009-2021-01-04-5243,2021-02-17,315.5,乙盛-KY,63.1,5,False,5243
2021-02-17,2021-02-g002-2021-02-02-6547,2021-02-17,439122.0,高端疫苗,163.0,2694,False,6547
2021-02-17,2021-02-g017-2021-02-03-3264,2021-02-17,305956.0,欣銓,49.0,6244,False,3264
2021-02-17,2021-02-g004-2021-02-05-3483,2021-02-17,328040.8,力致,94.7,3464,False,3483
2021-02-18,2021-02-g002-2021-02-02-6547,2021-02-18,482226.0,高端疫苗,179.0,2694,False,6547
2021-02-18,2021-02-g017-2021-02-03-3264,2021-02-18,296590.0,欣銓,47.5,6244,False,3264
2021-02-18,2021-02-g004-2021-02-05-3483,2021-02-18,360256.0,力致,104.0,3464,False,3483
2021-02-19,2021-02-g002-2021-02-02-6547,2021-02-19,529371.0,高端疫苗,196.5,2694,False,6547
2021-02-19,2021-02-g017-2021-02-03-3264,2021-02-19,288160.6,欣銓,46.15,6244,False,3264
2021-02-19,2021-02-g004-2021-02-05-3483,2021-02-19,356792.0,力致,103.0,3464,False,3483
2021-02-22,2021-02-g002-2021-02-02-6547,2021-02-22,581904.0,高端疫苗,216.0,2694,False,6547
2021-02-22,2021-02-g017-2021-02-03-3264,2021-02-22,292219.19999999995,欣銓,46.8,6244,False,3264
2021-02-22,2021-02-g004-2021-02-05-3483,2021-02-22,391432.0,力致,113.0,3464,False,3483
2021-02-23,2021-02-g002-2021-02-02-6547,2021-02-23,523983.0,高端疫苗,194.5,2694,False,6547
2021-02-23,2021-02-g017-2021-02-03-3264,2021-02-23,288160.6,欣銓,46.15,6244,False,3264
2021-02-23,2021-02-g004-2021-02-05-3483,2021-02-23,389700.0,力致,112.5,3464,False,3483
2021-02-24,2021-02-g002-2021-02-02-6547,2021-02-24,472797.0,高端疫苗,175.5,2694,False,6547
2021-02-24,2021-02-g017-2021-02-03-3264,2021-02-24,284726.4,欣銓,45.6,6244,False,3264
2021-02-24,2021-02-g004-2021-02-05-3483,2021-02-24,363720.0,力致,105.0,3464,False,3483
2021-02-25,2021-02-g002-2021-02-02-6547,2021-02-25,498390.0,高端疫苗,185.0,2694,False,6547
2021-02-25,2021-02-g017-2021-02-03-3264,2021-02-25,283165.4,欣銓,45.35,6244,False,3264
2021-02-25,2021-02-g004-2021-02-05-3483,2021-02-25,375844.0,力致,108.5,3464,False,3483
2021-02-26,2021-02-g002-2021-02-02-6547,2021-02-26,472797.0,高端疫苗,175.5,2694,False,6547
2021-02-26,2021-02-g017-2021-02-03-3264,2021-02-26,286599.6,欣銓,45.9,6244,False,3264
2021-02-26,2021-02-g004-2021-02-05-3483,2021-02-26,387968.0,力致,112.0,3464,False,3483
2021-03-02,2021-02-g002-2021-02-02-6547,2021-03-02,464715.0,高端疫苗,172.5,2694,False,6547
2021-03-02,2021-02-g017-2021-02-03-3264,2021-03-02,284102.0,欣銓,45.5,6244,False,3264
2021-03-02,2021-02-g004-2021-02-05-3483,2021-03-02,367184.0,力致,106.0,3464,False,3483
2021-03-03,2021-02-g002-2021-02-02-6547,2021-03-03,484920.0,高端疫苗,180.0,2694,False,6547
2021-03-03,2021-02-g017-2021-02-03-3264,2021-03-03,279731.19999999995,欣銓,44.8,6244,False,3264
2021-03-03,2021-02-g004-2021-02-05-3483,2021-03-03,370648.0,力致,107.0,3464,False,3483
2021-03-04,2021-02-g002-2021-02-02-6547,2021-03-04,498390.0,高端疫苗,185.0,2694,False,6547
2021-03-04,2021-02-g017-2021-02-03-3264,2021-03-04,272238.4,欣銓,43.6,6244,False,3264
2021-03-04,2021-02-g004-2021-02-05-3483,2021-03-04,377576.0,力致,109.0,3464,False,3483
2021-03-05,2021-02-g002-2021-02-02-6547,2021-03-05,548229.0,高端疫苗,203.5,2694,False,6547
2021-03-05,2021-02-g017-2021-02-03-3264,2021-03-05,274111.6,欣銓,43.9,6244,False,3264
2021-03-05,2021-02-g004-2021-02-05-3483,2021-03-05,375844.0,力致,108.5,3464,False,3483
2021-03-08,2021-02-g002-2021-02-02-6547,2021-03-08,506472.0,高端疫苗,188.0,2694,False,6547
2021-03-08,2021-02-g017-2021-02-03-3264,2021-03-08,270365.19999999995,欣銓,43.3,6244,False,3264
2021-03-08,2021-02-g004-2021-02-05-3483,2021-03-08,384504.0,力致,111.0,3464,False,3483
2021-03-09,2021-02-g002-2021-02-02-6547,2021-03-09,528024.0,高端疫苗,196.0,2694,False,6547
2021-03-09,2021-02-g017-2021-02-03-3264,2021-03-09,265057.80000000005,欣銓,42.45,6244,False,3264
2021-03-09,2021-02-g004-2021-02-05-3483,2021-03-09,375844.0,力致,108.5,3464,False,3483
2021-03-10,2021-02-g002-2021-02-02-6547,2021-03-10,552270.0,高端疫苗,205.0,2694,False,6547
2021-03-10,2021-02-g017-2021-02-03-3264,2021-03-10,267243.19999999995,欣銓,42.8,6244,False,3264
2021-03-10,2021-02-g004-2021-02-05-3483,2021-03-10,365452.0,力致,105.5,3464,False,3483
2021-03-11,2021-02-g002-2021-02-02-6547,2021-03-11,576516.0,高端疫苗,214.0,2694,False,6547
2021-03-11,2021-02-g017-2021-02-03-3264,2021-03-11,275672.6,欣銓,44.15,6244,False,3264
2021-03-11,2021-02-g004-2021-02-05-3483,2021-03-11,401824.0,力致,116.0,3464,False,3483
2021-03-12,2021-02-g002-2021-02-02-6547,2021-03-12,530718.0,高端疫苗,197.0,2694,False,6547
2021-03-12,2021-02-g017-2021-02-03-3264,2021-03-12,276297.0,欣銓,44.25,6244,False,3264
2021-03-12,2021-02-g004-2021-02-05-3483,2021-03-12,374112.0,力致,108.0,3464,False,3483
2021-03-15,2021-02-g002-2021-02-02-6547,2021-03-15,544188.0,高端疫苗,202.0,2694,False,6547
2021-03-15,2021-02-g017-2021-02-03-3264,2021-03-15,273799.4,欣銓,43.85,6244,False,3264
2021-03-15,2021-02-g004-2021-02-05-3483,2021-03-15,349864.0,力致,101.0,3464,False,3483
2021-03-16,2021-02-g002-2021-02-02-6547,2021-03-16,532065.0,高端疫苗,197.5,2694,False,6547
2021-03-16,2021-02-g017-2021-02-03-3264,2021-03-16,9285.599999999999,欣銓,43.8,212,False,3264
2021-03-16,2021-02-g004-2021-02-05-3483,2021-03-16,351596.0,力致,101.5,3464,False,3483
2021-03-17,2021-02-g002-2021-02-02-6547,2021-03-17,532065.0,高端疫苗,197.5,2694,False,6547
2021-03-17,2021-02-g017-2021-02-03-3264,2021-03-17,7348.0,欣銓,44.0,167,False,3264
2021-03-17,2021-02-g004-2021-02-05-3483,2021-03-17,361988.0,力致,104.5,3464,False,3483
2021-03-18,2021-02-g002-2021-02-02-6547,2021-03-18,560352.0,高端疫苗,208.0,2694,False,6547
2021-03-18,2021-02-g017-2021-02-03-3264,2021-03-18,5366.35,欣銓,44.35,121,False,3264
2021-03-18,2021-02-g004-2021-02-05-3483,2021-03-18,363720.0,力致,105.0,3464,False,3483
2021-03-19,2021-02-g002-2021-02-02-6547,2021-03-19,544188.0,高端疫苗,202.0,2694,False,6547
2021-03-19,2021-02-g017-2021-02-03-3264,2021-03-19,3303.75,欣銓,44.05,75,False,3264
2021-03-19,2021-02-g004-2021-02-05-3483,2021-03-19,368916.0,力致,106.5,3464,False,3483
2021-03-22,2021-02-g002-2021-02-02-6547,2021-03-22,554964.0,高端疫苗,206.0,2694,False,6547
2021-03-22,2021-02-g004-2021-02-05-3483,2021-03-22,361988.0,力致,104.5,3464,False,3483
2021-03-23,2021-02-g002-2021-02-02-6547,2021-03-23,610191.0,高端疫苗,226.5,2694,False,6547
2021-03-23,2021-02-g004-2021-02-05-3483,2021-03-23,356792.0,力致,103.0,3464,False,3483
2021-03-24,2021-02-g002-2021-02-02-6547,2021-03-24,670806.0,高端疫苗,249.0,2694,False,6547
2021-03-24,2021-02-g004-2021-02-05-3483,2021-03-24,44290.0,力致,103.0,430,False,3483
2021-03-25,2021-02-g002-2021-02-02-6547,2021-03-25,681582.0,高端疫苗,253.0,2694,False,6547
2021-03-25,2021-02-g004-2021-02-05-3483,2021-03-25,38446.5,力致,106.5,361,False,3483
2021-03-26,2021-02-g002-2021-02-02-6547,2021-03-26,697746.0,高端疫苗,259.0,2694,False,6547
2021-03-26,2021-02-g004-2021-02-05-3483,2021-03-26,31536.0,力致,109.5,288,False,3483
2021-03-26,2021-03-g001-2021-03-25-1312,2021-03-26,431882.0,國喬,26.8,16115,False,1312
2021-03-29,2021-02-g002-2021-02-02-6547,2021-03-29,766443.0,高端疫苗,284.5,2694,False,6547
2021-03-29,2021-02-g004-2021-02-05-3483,2021-03-29,20442.5,力致,110.5,185,False,3483
2021-03-29,2021-03-g001-2021-03-25-1312,2021-03-29,435105.0,國喬,27.0,16115,False,1312
2021-03-30,2021-02-g002-2021-02-02-6547,2021-03-30,797424.0,高端疫苗,296.0,2694,False,6547
2021-03-30,2021-02-g004-2021-02-05-3483,2021-03-30,15300.0,力致,112.5,136,False,3483
2021-03-30,2021-03-g001-2021-03-25-1312,2021-03-30,439939.5,國喬,27.3,16115,False,1312
2021-03-31,2021-02-g002-2021-02-02-6547,2021-03-31,778566.0,高端疫苗,289.0,2694,False,6547
2021-03-31,2021-03-g001-2021-03-25-1312,2021-03-31,443162.5,國喬,27.5,16115,False,1312
2021-04-01,2021-02-g002-2021-02-02-6547,2021-04-01,778566.0,高端疫苗,289.0,2694,False,6547
2021-04-01,2021-03-g001-2021-03-25-1312,2021-04-01,439939.5,國喬,27.3,16115,False,1312
2021-04-01,2021-03-g018-2021-03-31-4919,2021-04-01,287799.0,新唐,58.2,4945,False,4919
2021-04-06,2021-02-g002-2021-02-02-6547,2021-04-06,727380.0,高端疫苗,270.0,2694,False,6547
2021-04-06,2021-03-g001-2021-03-25-1312,2021-04-06,449608.5,國喬,27.9,16115,False,1312
2021-04-06,2021-03-g018-2021-03-31-4919,2021-04-06,288788.0,新唐,58.4,4945,False,4919
2021-04-07,2021-02-g002-2021-02-02-6547,2021-04-07,743544.0,高端疫苗,276.0,2694,False,6547
2021-04-07,2021-03-g001-2021-03-25-1312,2021-04-07,447997.0,國喬,27.8,16115,False,1312
2021-04-07,2021-03-g018-2021-03-31-4919,2021-04-07,317469.0,新唐,64.2,4945,False,4919
2021-04-08,2021-02-g002-2021-02-02-6547,2021-04-08,734115.0,高端疫苗,272.5,2694,False,6547
2021-04-08,2021-03-g001-2021-03-25-1312,2021-04-08,451220.0,國喬,28.0,16115,False,1312
2021-04-08,2021-03-g018-2021-03-31-4919,2021-04-08,316480.0,新唐,64.0,4945,False,4919
2021-04-09,2021-02-g002-2021-02-02-6547,2021-04-09,769137.0,高端疫苗,285.5,2694,False,6547
2021-04-09,2021-03-g001-2021-03-25-1312,2021-04-09,458471.75,國喬,28.45,16115,False,1312
2021-04-09,2021-03-g018-2021-03-31-4919,2021-04-09,300161.5,新唐,60.7,4945,False,4919
2021-04-12,2021-02-g002-2021-02-02-6547,2021-04-12,845916.0,高端疫苗,314.0,2694,False,6547
2021-04-12,2021-03-g001-2021-03-25-1312,2021-04-12,477004.0,國喬,29.6,16115,False,1312
2021-04-12,2021-03-g018-2021-03-31-4919,2021-04-12,329831.5,新唐,66.7,4945,False,4919
2021-04-13,2021-02-g002-2021-02-02-6547,2021-04-13,794730.0,高端疫苗,295.0,2694,False,6547
2021-04-13,2021-03-g001-2021-03-25-1312,2021-04-13,454443.0,國喬,28.2,16115,False,1312
2021-04-13,2021-03-g018-2021-03-31-4919,2021-04-13,324392.0,新唐,65.6,4945,False,4919
2021-04-14,2021-02-g002-2021-02-02-6547,2021-04-14,761055.0,高端疫苗,282.5,2694,False,6547
2021-04-14,2021-03-g001-2021-03-25-1312,2021-04-14,449608.5,國喬,27.9,16115,False,1312
2021-04-14,2021-03-g018-2021-03-31-4919,2021-04-14,314996.5,新唐,63.7,4945,False,4919
2021-04-15,2021-02-g002-2021-02-02-6547,2021-04-15,775872.0,高端疫苗,288.0,2694,False,6547
2021-04-15,2021-03-g001-2021-03-25-1312,2021-04-15,469752.25,國喬,29.15,16115,False,1312
2021-04-15,2021-03-g018-2021-03-31-4919,2021-04-15,319941.5,新唐,64.7,4945,False,4919
2021-04-16,2021-02-g002-2021-02-02-6547,2021-04-16,770484.0,高端疫苗,286.0,2694,False,6547
2021-04-16,2021-03-g001-2021-03-25-1312,2021-04-16,478615.5,國喬,29.7,16115,False,1312
2021-04-16,2021-03-g018-2021-03-31-4919,2021-04-16,351589.5,新唐,71.1,4945,False,4919
2021-04-19,2021-02-g002-2021-02-02-6547,2021-04-19,740850.0,高端疫苗,275.0,2694,False,6547
2021-04-19,2021-03-g001-2021-03-25-1312,2021-04-19,526154.75,國喬,32.65,16115,False,1312
2021-04-19,2021-03-g018-2021-03-31-4919,2021-04-19,346150.0,新唐,70.0,4945,False,4919
2021-04-20,2021-02-g002-2021-02-02-6547,2021-04-20,773178.0,高端疫苗,287.0,2694,False,6547
2021-04-20,2021-03-g001-2021-03-25-1312,2021-04-20,513262.75,國喬,31.85,16115,False,1312
2021-04-20,2021-03-g018-2021-03-31-4919,2021-04-20,360985.0,新唐,73.0,4945,False,4919
2021-04-21,2021-02-g002-2021-02-02-6547,2021-04-21,747585.0,高端疫苗,277.5,2694,False,6547
2021-04-21,2021-03-g001-2021-03-25-1312,2021-04-21,506011.0,國喬,31.4,16115,False,1312
2021-04-21,2021-03-g018-2021-03-31-4919,2021-04-21,362963.0,新唐,73.4,4945,False,4919
2021-04-22,2021-02-g002-2021-02-02-6547,2021-04-22,697746.0,高端疫苗,259.0,2694,False,6547
2021-04-22,2021-03-g001-2021-03-25-1312,2021-04-22,511651.25,國喬,31.75,16115,False,1312
2021-04-22,2021-03-g018-2021-03-31-4919,2021-04-22,359007.0,新唐,72.6,4945,False,4919
2021-04-23,2021-02-g002-2021-02-02-6547,2021-04-23,705828.0,高端疫苗,262.0,2694,False,6547
2021-04-23,2021-03-g001-2021-03-25-1312,2021-04-23,504399.5,國喬,31.3,16115,False,1312
2021-04-23,2021-03-g018-2021-03-31-4919,2021-04-23,367908.0,新唐,74.4,4945,False,4919
2021-04-26,2021-02-g002-2021-02-02-6547,2021-04-26,723339.0,高端疫苗,268.5,2694,False,6547
2021-04-26,2021-03-g001-2021-03-25-1312,2021-04-26,517291.5,國喬,32.1,16115,False,1312
2021-04-26,2021-03-g018-2021-03-31-4919,2021-04-26,372853.0,新唐,75.4,4945,False,4919
2021-04-27,2021-02-g002-2021-02-02-6547,2021-04-27,773178.0,高端疫苗,287.0,2694,False,6547
2021-04-27,2021-03-g001-2021-03-25-1312,2021-04-27,525349.0,國喬,32.6,16115,False,1312
2021-04-27,2021-03-g018-2021-03-31-4919,2021-04-27,356534.5,新唐,72.1,4945,False,4919
2021-04-28,2021-02-g002-2021-02-02-6547,2021-04-28,743544.0,高端疫苗,276.0,2694,False,6547
2021-04-28,2021-03-g001-2021-03-25-1312,2021-04-28,523737.5,國喬,32.5,16115,False,1312
2021-04-28,2021-03-g018-2021-03-31-4919,2021-04-28,344172.0,新唐,69.6,4945,False,4919
2021-04-29,2021-02-g002-2021-02-02-6547,2021-04-29,767790.0,高端疫苗,285.0,2694,False,6547
2021-04-29,2021-03-g001-2021-03-25-1312,2021-04-29,539852.5,國喬,33.5,16115,False,1312
2021-04-29,2021-03-g018-2021-03-31-4919,2021-04-29,341205.0,新唐,69.0,4945,False,4919
2021-05-03,2021-02-g002-2021-02-02-6547,2021-05-03,835140.0,高端疫苗,310.0,2694,False,6547
2021-05-03,2021-03-g001-2021-03-25-1312,2021-05-03,526154.75,國喬,32.65,16115,False,1312
2021-05-03,2021-03-g018-2021-03-31-4919,2021-05-03,331315.0,新唐,67.0,4945,False,4919
2021-05-04,2021-02-g002-2021-02-02-6547,2021-05-04,757014.0,高端疫苗,281.0,2694,False,6547
2021-05-04,2021-03-g001-2021-03-25-1312,2021-05-04,486673.0,國喬,30.2,16115,False,1312
2021-05-04,2021-03-g018-2021-03-31-4919,2021-05-04,318458.0,新唐,64.4,4945,False,4919
2021-05-05,2021-02-g002-2021-02-02-6547,2021-05-05,773178.0,高端疫苗,287.0,2694,False,6547
2021-05-05,2021-03-g001-2021-03-25-1312,2021-05-05,504399.5,國喬,31.3,16115,False,1312
2021-05-05,2021-03-g018-2021-03-31-4919,2021-05-05,310546.0,新唐,62.8,4945,False,4919
2021-05-06,2021-02-g002-2021-02-02-6547,2021-05-06,727380.0,高端疫苗,270.0,2694,False,6547
2021-05-06,2021-03-g001-2021-03-25-1312,2021-05-06,519708.75,國喬,32.25,16115,False,1312
2021-05-06,2021-03-g018-2021-03-31-4919,2021-05-06,302634.0,新唐,61.2,4945,False,4919
2021-05-07,2021-02-g002-2021-02-02-6547,2021-05-07,740850.0,高端疫苗,275.0,2694,False,6547
2021-05-07,2021-03-g001-2021-03-25-1312,2021-05-07,468140.75,國喬,29.05,16115,False,1312
2021-05-07,2021-03-g018-2021-03-31-4919,2021-05-07,51888.299999999996,新唐,67.3,771,False,4919
2021-05-10,2021-02-g002-2021-02-02-6547,2021-05-10,754320.0,高端疫苗,280.0,2694,False,6547
2021-05-10,2021-03-g001-2021-03-25-1312,2021-05-10,465723.5,國喬,28.9,16115,False,1312
2021-05-10,2021-03-g018-2021-03-31-4919,2021-05-10,2368.0,新唐,74.0,32,False,4919
2021-05-11,2021-03-g001-2021-03-25-1312,2021-05-11,451220.0,國喬,28.0,16115,False,1312
2021-06-08,2021-06-g010-2021-06-07-2351,2021-06-08,421590.69999999995,順德,96.1,4387,False,2351
2021-06-08,2021-06-g002-2021-06-07-1714,2021-06-08,417303.9,和桐,12.15,34346,False,1714
2021-06-09,2021-06-g010-2021-06-07-2351,2021-06-09,403604.0,順德,92.0,4387,False,2351
2021-06-09,2021-06-g002-2021-06-07-1714,2021-06-09,405282.80000000005,和桐,11.8,34346,False,1714
2021-06-10,2021-06-g010-2021-06-07-2351,2021-06-10,404042.69999999995,順德,92.1,4387,False,2351
2021-06-10,2021-06-g002-2021-06-07-1714,2021-06-10,400130.9,和桐,11.65,34346,False,1714
2021-06-11,2021-06-g010-2021-06-07-2351,2021-06-11,416765.0,順德,95.0,4387,False,2351
2021-06-11,2021-06-g002-2021-06-07-1714,2021-06-11,396696.30000000005,和桐,11.55,34346,False,1714
2021-06-15,2021-06-g010-2021-06-07-2351,2021-06-15,427732.5,順德,97.5,4387,False,2351
2021-06-15,2021-06-g002-2021-06-07-1714,2021-06-15,400130.9,和桐,11.65,34346,False,1714
2021-06-16,2021-06-g010-2021-06-07-2351,2021-06-16,438700.0,順德,100.0,4387,False,2351
2021-06-16,2021-06-g002-2021-06-07-1714,2021-06-16,398413.6,和桐,11.6,34346,False,1714
2021-06-17,2021-06-g010-2021-06-07-2351,2021-06-17,482570.0,順德,110.0,4387,False,2351
2021-06-17,2021-06-g002-2021-06-07-1714,2021-06-17,405282.80000000005,和桐,11.8,34346,False,1714
2021-06-17,2021-06-g013-2021-06-16-8069,2021-06-17,451550.4,元太,71.2,6342,False,8069
2021-06-18,2021-06-g010-2021-06-07-2351,2021-06-18,486957.0,順德,111.0,4387,False,2351
2021-06-18,2021-06-g002-2021-06-07-1714,2021-06-18,401848.19999999995,和桐,11.7,34346,False,1714
2021-06-18,2021-06-g013-2021-06-16-8069,2021-06-18,447745.19999999995,元太,70.6,6342,False,8069
2021-06-21,2021-06-g010-2021-06-07-2351,2021-06-21,484763.5,順德,110.5,4387,False,2351
2021-06-21,2021-06-g002-2021-06-07-1714,2021-06-21,391544.4,和桐,11.4,34346,False,1714
2021-06-21,2021-06-g013-2021-06-16-8069,2021-06-21,446476.80000000005,元太,70.4,6342,False,8069
2021-06-22,2021-06-g010-2021-06-07-2351,2021-06-22,522053.0,順德,119.0,4387,False,2351
2021-06-22,2021-06-g002-2021-06-07-1714,2021-06-22,408717.4,和桐,11.9,34346,False,1714
2021-06-22,2021-06-g013-2021-06-16-8069,2021-06-22,459160.80000000005,元太,72.4,6342,False,8069
2021-06-23,2021-06-g010-2021-06-07-2351,2021-06-23,557149.0,順德,127.0,4387,False,2351
2021-06-23,2021-06-g002-2021-06-07-1714,2021-06-23,403565.5,和桐,11.75,34346,False,1714
2021-06-23,2021-06-g013-2021-06-16-8069,2021-06-23,474381.6,元太,74.8,6342,False,8069
2021-06-24,2021-06-g010-2021-06-07-2351,2021-06-24,590051.5,順德,134.5,4387,False,2351
2021-06-24,2021-06-g002-2021-06-07-1714,2021-06-24,407000.1,和桐,11.85,34346,False,1714
2021-06-24,2021-06-g013-2021-06-16-8069,2021-06-24,466137.0,元太,73.5,6342,False,8069
2021-06-25,2021-06-g010-2021-06-07-2351,2021-06-25,579084.0,順德,132.0,4387,False,2351
2021-06-25,2021-06-g002-2021-06-07-1714,2021-06-25,408717.4,和桐,11.9,34346,False,1714
2021-06-25,2021-06-g013-2021-06-16-8069,2021-06-25,465502.80000000005,元太,73.4,6342,False,8069
2021-06-28,2021-06-g010-2021-06-07-2351,2021-06-28,570310.0,順德,130.0,4387,False,2351
2021-06-28,2021-06-g002-2021-06-07-1714,2021-06-28,422455.80000000005,和桐,12.3,34346,False,1714
2021-06-28,2021-06-g013-2021-06-16-8069,2021-06-28,479455.19999999995,元太,75.6,6342,False,8069
2021-06-29,2021-06-g010-2021-06-07-2351,2021-06-29,557149.0,順德,127.0,4387,False,2351
2021-06-29,2021-06-g002-2021-06-07-1714,2021-06-29,410434.69999999995,和桐,11.95,34346,False,1714
2021-06-29,2021-06-g013-2021-06-16-8069,2021-06-29,469942.19999999995,元太,74.1,6342,False,8069
2021-06-30,2021-06-g010-2021-06-07-2351,2021-06-30,550568.5,順德,125.5,4387,False,2351
2021-06-30,2021-06-g002-2021-06-07-1714,2021-06-30,420738.5,和桐,12.25,34346,False,1714
2021-06-30,2021-06-g013-2021-06-16-8069,2021-06-30,473113.19999999995,元太,74.6,6342,False,8069
2021-07-01,2021-06-g010-2021-06-07-2351,2021-07-01,530827.0,順德,121.0,4387,False,2351
2021-07-01,2021-06-g002-2021-06-07-1714,2021-07-01,425890.4,和桐,12.4,34346,False,1714
2021-07-01,2021-06-g013-2021-06-16-8069,2021-07-01,470576.4,元太,74.2,6342,False,8069
2021-07-02,2021-06-g010-2021-06-07-2351,2021-07-02,579084.0,順德,132.0,4387,False,2351
2021-07-02,2021-06-g002-2021-06-07-1714,2021-07-02,419021.19999999995,和桐,12.2,34346,False,1714
2021-07-02,2021-06-g013-2021-06-16-8069,2021-07-02,470576.4,元太,74.2,6342,False,8069
2021-07-05,2021-06-g010-2021-06-07-2351,2021-07-05,636115.0,順德,145.0,4387,False,2351
2021-07-05,2021-06-g002-2021-06-07-1714,2021-07-05,429325.0,和桐,12.5,34346,False,1714
2021-07-05,2021-06-g013-2021-06-16-8069,2021-07-05,491505.0,元太,77.5,6342,False,8069
2021-07-06,2021-06-g010-2021-06-07-2351,2021-07-06,622954.0,順德,142.0,4387,False,2351
2021-07-06,2021-06-g002-2021-06-07-1714,2021-07-06,434476.9,和桐,12.65,34346,False,1714
2021-07-06,2021-06-g013-2021-06-16-8069,2021-07-06,507994.19999999995,元太,80.1,6342,False,8069
2021-07-07,2021-06-g010-2021-06-07-2351,2021-07-07,629534.5,順德,143.5,4387,False,2351
2021-07-07,2021-06-g002-2021-06-07-1714,2021-07-07,427607.69999999995,和桐,12.45,34346,False,1714
2021-07-07,2021-06-g013-2021-06-16-8069,2021-07-07,517507.19999999995,元太,81.6,6342,False,8069
2021-07-08,2021-06-g010-2021-06-07-2351,2021-07-08,636115.0,順德,145.0,4387,False,2351
2021-07-08,2021-06-g002-2021-06-07-1714,2021-07-08,436194.19999999995,和桐,12.7,34346,False,1714
2021-07-08,2021-06-g013-2021-06-16-8069,2021-07-08,520678.19999999995,元太,82.1,6342,False,8069
2021-07-09,2021-06-g010-2021-06-07-2351,2021-07-09,655856.5,順德,149.5,4387,False,2351
2021-07-09,2021-06-g002-2021-06-07-1714,2021-07-09,419021.19999999995,和桐,12.2,34346,False,1714
2021-07-09,2021-06-g013-2021-06-16-8069,2021-07-09,527654.4,元太,83.2,6342,False,8069
2021-07-12,2021-06-g010-2021-06-07-2351,2021-07-12,666824.0,順德,152.0,4387,False,2351
2021-07-12,2021-06-g002-2021-06-07-1714,2021-07-12,408717.4,和桐,11.9,34346,False,1714
2021-07-12,2021-06-g013-2021-06-16-8069,2021-07-12,533996.4,元太,84.2,6342,False,8069
2021-07-13,2021-06-g010-2021-06-07-2351,2021-07-13,625147.5,順德,142.5,4387,False,2351
2021-07-13,2021-06-g002-2021-06-07-1714,2021-07-13,398413.6,和桐,11.6,34346,False,1714
2021-07-13,2021-06-g013-2021-06-16-8069,2021-07-13,544143.6,元太,85.8,6342,False,8069
2021-07-14,2021-06-g010-2021-06-07-2351,2021-07-14,627341.0,順德,143.0,4387,False,2351
2021-07-14,2021-06-g002-2021-06-07-1714,2021-07-14,3299.3999999999996,和桐,11.7,282,False,1714
2021-07-14,2021-06-g013-2021-06-16-8069,2021-07-14,539704.2,元太,85.1,6342,False,8069
2021-07-15,2021-06-g010-2021-06-07-2351,2021-07-15,611986.5,順德,139.5,4387,False,2351
2021-07-15,2021-06-g002-2021-06-07-1714,2021-07-15,2701.7999999999997,和桐,11.85,228,False,1714
2021-07-15,2021-06-g013-2021-06-16-8069,2021-07-15,531459.6,元太,83.8,6342,False,8069
2021-07-15,2021-07-g011-2021-07-14-3707,2021-07-15,570845.0,漢磊,107.0,5335,False,3707
2021-07-16,2021-06-g010-2021-06-07-2351,2021-07-16,642695.5,順德,146.5,4387,False,2351
2021-07-16,2021-06-g002-2021-06-07-1714,2021-07-16,2133.0,和桐,11.85,180,False,1714
2021-07-16,2021-06-g013-2021-06-16-8069,2021-07-16,526386.0,元太,83.0,6342,False,8069
2021-07-16,2021-07-g011-2021-07-14-3707,2021-07-16,592185.0,漢磊,111.0,5335,False,3707
2021-07-19,2021-06-g010-2021-06-07-2351,2021-07-19,620760.5,順德,141.5,4387,False,2351
2021-07-19,2021-06-g002-2021-06-07-1714,2021-07-19,1663.8000000000002,和桐,11.8,141,False,1714
2021-07-19,2021-06-g013-2021-06-16-8069,2021-07-19,568243.2,元太,89.6,6342,False,8069
2021-07-19,2021-07-g011-2021-07-14-3707,2021-07-19,600187.5,漢磊,112.5,5335,False,3707
2021-07-20,2021-06-g010-2021-06-07-2351,2021-07-20,614180.0,順德,140.0,4387,False,2351
2021-07-20,2021-06-g002-2021-06-07-1714,2021-07-20,598.9000000000001,和桐,11.3,53,False,1714
2021-07-20,2021-06-g013-2021-06-16-8069,2021-07-20,581561.4,元太,91.7,6342,False,8069
2021-07-20,2021-07-g011-2021-07-14-3707,2021-07-20,568177.5,漢磊,106.5,5335,False,3707
2021-07-21,2021-06-g010-2021-06-07-2351,2021-07-21,638308.5,順德,145.5,4387,False,2351
2021-07-21,2021-06-g002-2021-06-07-1714,2021-07-21,34.05,和桐,11.35,3,False,1714
2021-07-21,2021-06-g013-2021-06-16-8069,2021-07-21,537167.4,元太,84.7,6342,False,8069
2021-07-21,2021-07-g011-2021-07-14-3707,2021-07-21,624195.0,漢磊,117.0,5335,False,3707
2021-07-22,2021-06-g010-2021-06-07-2351,2021-07-22,697533.0,順德,159.0,4387,False,2351
2021-07-22,2021-06-g013-2021-06-16-8069,2021-07-22,549851.4,元太,86.7,6342,False,8069
2021-07-22,2021-07-g011-2021-07-14-3707,2021-07-22,648202.5,漢磊,121.5,5335,False,3707
2021-07-23,2021-06-g010-2021-06-07-2351,2021-07-23,655856.5,順德,149.5,4387,False,2351
2021-07-23,2021-06-g013-2021-06-16-8069,2021-07-23,553022.4,元太,87.2,6342,False,8069
2021-07-23,2021-07-g011-2021-07-14-3707,2021-07-23,608190.0,漢磊,114.0,5335,False,3707
2021-07-26,2021-06-g010-2021-06-07-2351,2021-07-26,658050.0,順德,150.0,4387,False,2351
2021-07-26,2021-06-g013-2021-06-16-8069,2021-07-26,568877.4,元太,89.7,6342,False,8069
2021-07-26,2021-07-g011-2021-07-14-3707,2021-07-26,629530.0,漢磊,118.0,5335,False,3707
2021-07-27,2021-06-g010-2021-06-07-2351,2021-07-27,647082.5,順德,147.5,4387,False,2351
2021-07-27,2021-06-g013-2021-06-16-8069,2021-07-27,539704.2,元太,85.1,6342,False,8069
2021-07-27,2021-07-g011-2021-07-14-3707,2021-07-27,597520.0,漢磊,112.0,5335,False,3707
2021-07-28,2021-06-g010-2021-06-07-2351,2021-07-28,590051.5,順德,134.5,4387,False,2351
2021-07-28,2021-06-g013-2021-06-16-8069,2021-07-28,521312.4,元太,82.2,6342,False,8069
2021-07-28,2021-07-g011-2021-07-14-3707,2021-07-28,557507.5,漢磊,104.5,5335,False,3707
2021-07-29,2021-06-g010-2021-06-07-2351,2021-07-29,627341.0,順德,143.0,4387,False,2351
2021-07-29,2021-06-g013-2021-06-16-8069,2021-07-29,527020.2,元太,83.1,6342,False,8069
2021-07-29,2021-07-g011-2021-07-14-3707,2021-07-29,576180.0,漢磊,108.0,5335,False,3707
2021-07-30,2021-06-g010-2021-06-07-2351,2021-07-30,629534.5,順德,143.5,4387,False,2351
2021-07-30,2021-06-g013-2021-06-16-8069,2021-07-30,511165.19999999995,元太,80.6,6342,False,8069
2021-07-30,2021-07-g011-2021-07-14-3707,2021-07-30,546837.5,漢磊,102.5,5335,False,3707
2021-08-02,2021-06-g010-2021-06-07-2351,2021-08-02,664630.5,順德,151.5,4387,False,2351
2021-08-02,2021-06-g013-2021-06-16-8069,2021-08-02,527020.2,元太,83.1,6342,False,8069
2021-08-02,2021-07-g011-2021-07-14-3707,2021-08-02,568177.5,漢磊,106.5,5335,False,3707
2021-08-03,2021-06-g010-2021-06-07-2351,2021-08-03,664630.5,順德,151.5,4387,False,2351
2021-08-03,2021-06-g013-2021-06-16-8069,2021-08-03,556827.6,元太,87.8,6342,False,8069
2021-08-03,2021-07-g011-2021-07-14-3707,2021-08-03,578847.5,漢磊,108.5,5335,False,3707
2021-08-04,2021-06-g010-2021-06-07-2351,2021-08-04,644889.0,順德,147.0,4387,False,2351
2021-08-04,2021-06-g013-2021-06-16-8069,2021-08-04,559364.4,元太,88.2,6342,False,8069
2021-08-04,2021-07-g011-2021-07-14-3707,2021-08-04,570845.0,漢磊,107.0,5335,False,3707
2021-08-05,2021-06-g010-2021-06-07-2351,2021-08-05,664630.5,順德,151.5,4387,False,2351
2021-08-05,2021-06-g013-2021-06-16-8069,2021-08-05,559998.6,元太,88.3,6342,False,8069
2021-08-05,2021-07-g011-2021-07-14-3707,2021-08-05,600187.5,漢磊,112.5,5335,False,3707
2021-08-06,2021-06-g010-2021-06-07-2351,2021-08-06,653663.0,順德,149.0,4387,False,2351
2021-08-06,2021-06-g013-2021-06-16-8069,2021-08-06,553656.6,元太,87.3,6342,False,8069
2021-08-06,2021-07-g011-2021-07-14-3707,2021-08-06,565510.0,漢磊,106.0,5335,False,3707
2021-08-09,2021-06-g010-2021-06-07-2351,2021-08-09,629534.5,順德,143.5,4387,False,2351
2021-08-09,2021-06-g013-2021-06-16-8069,2021-08-09,513067.80000000005,元太,80.9,6342,False,8069
2021-08-09,2021-07-g011-2021-07-14-3707,2021-08-09,508959.00000000006,漢磊,95.4,5335,False,3707
2021-08-10,2021-06-g010-2021-06-07-2351,2021-08-10,622954.0,順德,142.0,4387,False,2351
2021-08-10,2021-06-g013-2021-06-16-8069,2021-08-10,525117.6,元太,82.8,6342,False,8069
2021-08-10,2021-07-g011-2021-07-14-3707,2021-08-10,514827.5,漢磊,96.5,5335,False,3707
2021-08-11,2021-06-g010-2021-06-07-2351,2021-08-11,592245.0,順德,135.0,4387,False,2351
2021-08-11,2021-06-g013-2021-06-16-8069,2021-08-11,489602.4,元太,77.2,6342,False,8069
2021-08-11,2021-07-g011-2021-07-14-3707,2021-08-11,497755.5,漢磊,93.3,5335,False,3707
2021-08-12,2021-06-g010-2021-06-07-2351,2021-08-12,43747.5,順德,142.5,307,False,2351
2021-08-12,2021-06-g013-2021-06-16-8069,2021-08-12,10559.199999999999,元太,78.8,134,False,8069
2021-08-12,2021-07-g011-2021-07-14-3707,2021-08-12,11758.8,漢磊,95.6,123,False,3707
2021-08-13,2021-06-g010-2021-06-07-2351,2021-08-13,31188.0,順德,138.0,226,False,2351
2021-08-13,2021-08-g019-2021-08-12-4721,2021-08-13,477950.9,美琪瑪,94.7,5047,False,4721
2021-08-16,2021-06-g010-2021-06-07-2351,2021-08-16,19067.5,順德,131.5,145,False,2351
2021-08-16,2021-08-g019-2021-08-12-4721,2021-08-16,524888.0,美琪瑪,104.0,5047,False,4721
2021-08-17,2021-06-g010-2021-06-07-2351,2021-08-17,11088.0,順德,126.0,88,False,2351
2021-08-17,2021-08-g019-2021-08-12-4721,2021-08-17,532458.5,美琪瑪,105.5,5047,False,4721
2021-08-18,2021-06-g010-2021-06-07-2351,2021-08-18,948.5,順德,135.5,7,False,2351
2021-08-18,2021-08-g019-2021-08-12-4721,2021-08-18,585452.0,美琪瑪,116.0,5047,False,4721
2021-08-19,2021-08-g019-2021-08-12-4721,2021-08-19,643492.5,美琪瑪,127.5,5047,False,4721
2021-08-20,2021-08-g019-2021-08-12-4721,2021-08-20,638445.5,美琪瑪,126.5,5047,False,4721
2021-08-23,2021-08-g019-2021-08-12-4721,2021-08-23,676298.0,美琪瑪,134.0,5047,False,4721
2021-08-24,2021-08-g019-2021-08-12-4721,2021-08-24,686392.0,美琪瑪,136.0,5047,False,4721
2021-08-25,2021-08-g019-2021-08-12-4721,2021-08-25,618257.5,美琪瑪,122.5,5047,False,4721
2021-08-26,2021-08-g019-2021-08-12-4721,2021-08-26,623304.5,美琪瑪,123.5,5047,False,4721
2021-08-27,2021-08-g019-2021-08-12-4721,2021-08-27,633398.5,美琪瑪,125.5,5047,False,4721
2021-08-30,2021-08-g019-2021-08-12-4721,2021-08-30,633398.5,美琪瑪,125.5,5047,False,4721
2021-08-31,2021-08-g019-2021-08-12-4721,2021-08-31,648539.5,美琪瑪,128.5,5047,False,4721
2021-09-01,2021-08-g019-2021-08-12-4721,2021-09-01,625828.0,美琪瑪,124.0,5047,False,4721
2021-09-02,2021-08-g019-2021-08-12-4721,2021-09-02,633398.5,美琪瑪,125.5,5047,False,4721
2021-09-02,2021-09-g014-2021-09-01-3661,2021-09-02,197100.0,世芯-KY,730.0,270,False,3661
2021-09-03,2021-08-g019-2021-08-12-4721,2021-09-03,608163.5,美琪瑪,120.5,5047,False,4721
2021-09-03,2021-09-g014-2021-09-01-3661,2021-09-03,194400.0,世芯-KY,720.0,270,False,3661
2021-09-06,2021-08-g019-2021-08-12-4721,2021-09-06,618257.5,美琪瑪,122.5,5047,False,4721
2021-09-06,2021-09-g014-2021-09-01-3661,2021-09-06,203040.0,世芯-KY,752.0,270,False,3661
2021-09-07,2021-08-g019-2021-08-12-4721,2021-09-07,593022.5,美琪瑪,117.5,5047,False,4721
2021-09-07,2021-09-g014-2021-09-01-3661,2021-09-07,206280.0,世芯-KY,764.0,270,False,3661
2021-09-07,2021-09-g004-2021-09-06-2881,2021-09-07,545138.0,富邦金,78.1,6980,False,2881
2021-09-08,2021-08-g019-2021-08-12-4721,2021-09-08,605640.0,美琪瑪,120.0,5047,False,4721
2021-09-08,2021-09-g014-2021-09-01-3661,2021-09-08,210870.0,世芯-KY,781.0,270,False,3661
2021-09-08,2021-09-g004-2021-09-06-2881,2021-09-08,540252.0,富邦金,77.4,6980,False,2881
2021-09-09,2021-08-g019-2021-08-12-4721,2021-09-09,640969.0,美琪瑪,127.0,5047,False,4721
2021-09-09,2021-09-g014-2021-09-01-3661,2021-09-09,201150.0,世芯-KY,745.0,270,False,3661
2021-09-09,2021-09-g004-2021-09-06-2881,2021-09-09,540252.0,富邦金,77.4,6980,False,2881
2021-09-10,2021-08-g019-2021-08-12-4721,2021-09-10,625828.0,美琪瑪,124.0,5047,False,4721
2021-09-10,2021-09-g014-2021-09-01-3661,2021-09-10,221130.0,世芯-KY,819.0,270,False,3661
2021-09-10,2021-09-g004-2021-09-06-2881,2021-09-10,541648.0,富邦金,77.6,6980,False,2881
2021-09-13,2021-08-g019-2021-08-12-4721,2021-09-13,646016.0,美琪瑪,128.0,5047,False,4721
2021-09-13,2021-09-g014-2021-09-01-3661,2021-09-13,216540.0,世芯-KY,802.0,270,False,3661
2021-09-13,2021-09-g004-2021-09-06-2881,2021-09-13,568172.0,富邦金,81.4,6980,False,2881
2021-09-14,2021-08-g019-2021-08-12-4721,2021-09-14,623304.5,美琪瑪,123.5,5047,False,4721
2021-09-14,2021-09-g014-2021-09-01-3661,2021-09-14,216000.0,世芯-KY,800.0,270,False,3661
2021-09-14,2021-09-g004-2021-09-06-2881,2021-09-14,563984.0,富邦金,80.8,6980,False,2881
2021-09-15,2021-08-g019-2021-08-12-4721,2021-09-15,605640.0,美琪瑪,120.0,5047,False,4721
2021-09-15,2021-09-g014-2021-09-01-3661,2021-09-15,223290.0,世芯-KY,827.0,270,False,3661
2021-09-15,2021-09-g004-2021-09-06-2881,2021-09-15,568172.0,富邦金,81.4,6980,False,2881
2021-09-16,2021-08-g019-2021-08-12-4721,2021-09-16,582928.5,美琪瑪,115.5,5047,False,4721
2021-09-16,2021-09-g014-2021-09-01-3661,2021-09-16,226800.0,世芯-KY,840.0,270,False,3661
2021-09-16,2021-09-g004-2021-09-06-2881,2021-09-16,563286.0,富邦金,80.7,6980,False,2881
2021-09-17,2021-09-g014-2021-09-01-3661,2021-09-17,228690.0,世芯-KY,847.0,270,False,3661
2021-09-17,2021-09-g004-2021-09-06-2881,2021-09-17,550024.0,富邦金,78.8,6980,False,2881
2021-09-22,2021-09-g014-2021-09-01-3661,2021-09-22,231390.0,世芯-KY,857.0,270,False,3661
2021-09-22,2021-09-g004-2021-09-06-2881,2021-09-22,538158.0,富邦金,77.1,6980,False,2881
2021-09-22,2021-09-g013-2021-09-17-6411,2021-09-22,464419.5,晶焱,204.5,2271,False,6411
2021-09-23,2021-09-g014-2021-09-01-3661,2021-09-23,242460.0,世芯-KY,898.0,270,False,3661
2021-09-23,2021-09-g004-2021-09-06-2881,2021-09-23,540252.0,富邦金,77.4,6980,False,2881
2021-09-23,2021-09-g013-2021-09-17-6411,2021-09-23,455335.5,晶焱,200.5,2271,False,6411
2021-09-24,2021-09-g014-2021-09-01-3661,2021-09-24,241650.0,世芯-KY,895.0,270,False,3661
2021-09-24,2021-09-g004-2021-09-06-2881,2021-09-24,540950.0,富邦金,77.5,6980,False,2881
2021-09-24,2021-09-g013-2021-09-17-6411,2021-09-24,500755.5,晶焱,220.5,2271,False,6411
2021-09-27,2021-09-g014-2021-09-01-3661,2021-09-27,243540.0,世芯-KY,902.0,270,False,3661
2021-09-27,2021-09-g004-2021-09-06-2881,2021-09-27,542346.0,富邦金,77.7,6980,False,2881
2021-09-27,2021-09-g013-2021-09-17-6411,2021-09-27,505297.5,晶焱,222.5,2271,False,6411
2021-09-28,2021-09-g014-2021-09-01-3661,2021-09-28,242730.0,世芯-KY,899.0,270,False,3661
2021-09-28,2021-09-g004-2021-09-06-2881,2021-09-28,540950.0,富邦金,77.5,6980,False,2881
2021-09-28,2021-09-g013-2021-09-17-6411,2021-09-28,458742.0,晶焱,202.0,2271,False,6411
2021-09-29,2021-09-g014-2021-09-01-3661,2021-09-29,227880.0,世芯-KY,844.0,270,False,3661
2021-09-29,2021-09-g004-2021-09-06-2881,2021-09-29,535366.0,富邦金,76.7,6980,False,2881
2021-09-29,2021-09-g013-2021-09-17-6411,2021-09-29,457606.5,晶焱,201.5,2271,False,6411
2021-09-30,2021-09-g014-2021-09-01-3661,2021-09-30,250560.0,世芯-KY,928.0,270,False,3661
2021-09-30,2021-09-g004-2021-09-06-2881,2021-09-30,535366.0,富邦金,76.7,6980,False,2881
2021-09-30,2021-09-g013-2021-09-17-6411,2021-09-30,454200.0,晶焱,200.0,2271,False,6411
2021-10-01,2021-09-g014-2021-09-01-3661,2021-10-01,240300.0,世芯-KY,890.0,270,False,3661
2021-10-01,2021-09-g004-2021-09-06-2881,2021-10-01,526292.0,富邦金,75.4,6980,False,2881
2021-10-01,2021-09-g013-2021-09-17-6411,2021-10-01,449658.0,晶焱,198.0,2271,False,6411
2021-10-04,2021-09-g014-2021-09-01-3661,2021-10-04,216270.0,世芯-KY,801.0,270,False,3661
2021-10-04,2021-09-g004-2021-09-06-2881,2021-10-04,519312.00000000006,富邦金,74.4,6980,False,2881
2021-10-04,2021-09-g013-2021-09-17-6411,2021-10-04,408780.0,晶焱,180.0,2271,False,6411
2021-10-05,2021-09-g014-2021-09-01-3661,2021-10-05,234090.0,世芯-KY,867.0,270,False,3661
2021-10-05,2021-09-g004-2021-09-06-2881,2021-10-05,515124.0,富邦金,73.8,6980,False,2881
2021-10-05,2021-09-g013-2021-09-17-6411,2021-10-05,449658.0,晶焱,198.0,2271,False,6411
2021-10-06,2021-09-g014-2021-09-01-3661,2021-10-06,236790.0,世芯-KY,877.0,270,False,3661
2021-10-06,2021-09-g004-2021-09-06-2881,2021-10-06,521406.0,富邦金,74.7,6980,False,2881
2021-10-06,2021-09-g013-2021-09-17-6411,2021-10-06,448522.5,晶焱,197.5,2271,False,6411
2021-10-07,2021-09-g014-2021-09-01-3661,2021-10-07,250830.0,世芯-KY,929.0,270,False,3661
2021-10-07,2021-09-g004-2021-09-06-2881,2021-10-07,526990.0,富邦金,75.5,6980,False,2881
2021-10-07,2021-09-g013-2021-09-17-6411,2021-10-07,470097.0,晶焱,207.0,2271,False,6411
2021-10-08,2021-09-g014-2021-09-01-3661,2021-10-08,253260.0,世芯-KY,938.0,270,False,3661
2021-10-08,2021-09-g004-2021-09-06-2881,2021-10-08,525594.0,富邦金,75.3,6980,False,2881
2021-10-08,2021-09-g013-2021-09-17-6411,2021-10-08,479181.0,晶焱,211.0,2271,False,6411
2021-10-12,2021-09-g014-2021-09-01-3661,2021-10-12,239760.0,世芯-KY,888.0,270,False,3661
2021-10-12,2021-09-g004-2021-09-06-2881,2021-10-12,522104.0,富邦金,74.8,6980,False,2881
2021-10-12,2021-09-g013-2021-09-17-6411,2021-10-12,480316.5,晶焱,211.5,2271,False,6411
2021-10-13,2021-09-g014-2021-09-01-3661,2021-10-13,239760.0,世芯-KY,888.0,270,False,3661
2021-10-13,2021-09-g004-2021-09-06-2881,2021-10-13,520010.0,富邦金,74.5,6980,False,2881
2021-10-13,2021-09-g013-2021-09-17-6411,2021-10-13,432625.5,晶焱,190.5,2271,False,6411
2021-10-14,2021-09-g014-2021-09-01-3661,2021-10-14,240300.0,世芯-KY,890.0,270,False,3661
2021-10-14,2021-09-g004-2021-09-06-2881,2021-10-14,519312.00000000006,富邦金,74.4,6980,False,2881
2021-10-14,2021-09-g013-2021-09-17-6411,2021-10-14,441709.5,晶焱,194.5,2271,False,6411
2021-10-15,2021-09-g014-2021-09-01-3661,2021-10-15,239760.0,世芯-KY,888.0,270,False,3661
2021-10-15,2021-09-g004-2021-09-06-2881,2021-10-15,38601.399999999994,富邦金,75.1,514,False,2881
2021-10-15,2021-09-g013-2021-09-17-6411,2021-10-15,450793.5,晶焱,198.5,2271,False,6411
2021-10-18,2021-09-g014-2021-09-01-3661,2021-10-18,251640.0,世芯-KY,932.0,270,False,3661
2021-10-18,2021-09-g013-2021-09-17-6411,2021-10-18,434896.5,晶焱,191.5,2271,False,6411
2021-10-19,2021-09-g014-2021-09-01-3661,2021-10-19,248400.0,世芯-KY,920.0,270,False,3661
2021-10-19,2021-09-g013-2021-09-17-6411,2021-10-19,459877.5,晶焱,202.5,2271,False,6411
2021-10-20,2021-09-g014-2021-09-01-3661,2021-10-20,247050.0,世芯-KY,915.0,270,False,3661
2021-10-20,2021-09-g013-2021-09-17-6411,2021-10-20,498484.5,晶焱,219.5,2271,False,6411
2021-10-21,2021-09-g014-2021-09-01-3661,2021-10-21,265410.0,世芯-KY,983.0,270,False,3661
2021-10-21,2021-09-g013-2021-09-17-6411,2021-10-21,488265.0,晶焱,215.0,2271,False,6411
2021-10-22,2021-09-g014-2021-09-01-3661,2021-10-22,268920.0,世芯-KY,996.0,270,False,3661
2021-10-22,2021-09-g013-2021-09-17-6411,2021-10-22,510975.0,晶焱,225.0,2271,False,6411
2021-10-25,2021-09-g014-2021-09-01-3661,2021-10-25,264060.0,世芯-KY,978.0,270,False,3661
2021-10-25,2021-09-g013-2021-09-17-6411,2021-10-25,515517.0,晶焱,227.0,2271,False,6411
2021-10-26,2021-09-g014-2021-09-01-3661,2021-10-26,266220.0,世芯-KY,986.0,270,False,3661
2021-10-26,2021-09-g013-2021-09-17-6411,2021-10-26,482587.5,晶焱,212.5,2271,False,6411
2021-10-27,2021-09-g014-2021-09-01-3661,2021-10-27,283500.0,世芯-KY,1050.0,270,False,3661
2021-10-27,2021-09-g013-2021-09-17-6411,2021-10-27,491671.5,晶焱,216.5,2271,False,6411
2021-10-27,2021-10-g014-2021-10-26-3141,2021-10-27,517440.0,晶宏,220.0,2352,False,3141
2021-10-28,2021-09-g014-2021-09-01-3661,2021-10-28,267030.0,世芯-KY,989.0,270,False,3661
2021-10-28,2021-09-g013-2021-09-17-6411,2021-10-28,470097.0,晶焱,207.0,2271,False,6411
2021-10-28,2021-10-g014-2021-10-26-3141,2021-10-28,519792.0,晶宏,221.0,2352,False,3141
2021-10-29,2021-09-g014-2021-09-01-3661,2021-10-29,278100.0,世芯-KY,1030.0,270,False,3661
2021-10-29,2021-09-g013-2021-09-17-6411,2021-10-29,463284.0,晶焱,204.0,2271,False,6411
2021-10-29,2021-10-g014-2021-10-26-3141,2021-10-29,508032.0,晶宏,216.0,2352,False,3141
2021-11-01,2021-09-g014-2021-09-01-3661,2021-11-01,305100.0,世芯-KY,1130.0,270,False,3661
2021-11-01,2021-09-g013-2021-09-17-6411,2021-11-01,483723.0,晶焱,213.0,2271,False,6411
2021-11-01,2021-10-g014-2021-10-26-3141,2021-11-01,558600.0,晶宏,237.5,2352,False,3141
2021-11-02,2021-09-g014-2021-09-01-3661,2021-11-02,315900.0,世芯-KY,1170.0,270,False,3661
2021-11-02,2021-09-g013-2021-09-17-6411,2021-11-02,488265.0,晶焱,215.0,2271,False,6411
2021-11-02,2021-10-g014-2021-10-26-3141,2021-11-02,530376.0,晶宏,225.5,2352,False,3141
2021-11-03,2021-09-g014-2021-09-01-3661,2021-11-03,325350.0,世芯-KY,1205.0,270,False,3661
2021-11-03,2021-09-g013-2021-09-17-6411,2021-11-03,515517.0,晶焱,227.0,2271,False,6411
2021-11-03,2021-10-g014-2021-10-26-3141,2021-11-03,535080.0,晶宏,227.5,2352,False,3141
2021-11-04,2021-09-g014-2021-09-01-3661,2021-11-04,313200.0,世芯-KY,1160.0,270,False,3661
2021-11-04,2021-09-g013-2021-09-17-6411,2021-11-04,479181.0,晶焱,211.0,2271,False,6411
2021-11-04,2021-10-g014-2021-10-26-3141,2021-11-04,509208.0,晶宏,216.5,2352,False,3141
2021-11-05,2021-09-g014-2021-09-01-3661,2021-11-05,333450.0,世芯-KY,1235.0,270,False,3661
2021-11-05,2021-09-g013-2021-09-17-6411,2021-11-05,487129.5,晶焱,214.5,2271,False,6411
2021-11-05,2021-10-g014-2021-10-26-3141,2021-11-05,525672.0,晶宏,223.5,2352,False,3141
2021-11-08,2021-09-g014-2021-09-01-3661,2021-11-08,324000.0,世芯-KY,1200.0,270,False,3661
2021-11-08,2021-09-g013-2021-09-17-6411,2021-11-08,488265.0,晶焱,215.0,2271,False,6411
2021-11-08,2021-10-g014-2021-10-26-3141,2021-11-08,502152.0,晶宏,213.5,2352,False,3141
2021-11-09,2021-09-g014-2021-09-01-3661,2021-11-09,321300.0,世芯-KY,1190.0,270,False,3661
2021-11-09,2021-09-g013-2021-09-17-6411,2021-11-09,483723.0,晶焱,213.0,2271,False,6411
2021-11-09,2021-10-g014-2021-10-26-3141,2021-11-09,513912.0,晶宏,218.5,2352,False,3141
2021-11-10,2021-09-g014-2021-09-01-3661,2021-11-10,329400.0,世芯-KY,1220.0,270,False,3661
2021-11-10,2021-09-g013-2021-09-17-6411,2021-11-10,531414.0,晶焱,234.0,2271,False,6411
2021-11-10,2021-10-g014-2021-10-26-3141,2021-11-10,549192.0,晶宏,233.5,2352,False,3141
2021-11-11,2021-09-g014-2021-09-01-3661,2021-11-11,329400.0,世芯-KY,1220.0,270,False,3661
2021-11-11,2021-09-g013-2021-09-17-6411,2021-11-11,583647.0,晶焱,257.0,2271,False,6411
2021-11-11,2021-10-g014-2021-10-26-3141,2021-11-11,603288.0,晶宏,256.5,2352,False,3141
2021-11-12,2021-09-g014-2021-09-01-3661,2021-11-12,341550.0,世芯-KY,1265.0,270,False,3661
2021-11-12,2021-09-g013-2021-09-17-6411,2021-11-12,599544.0,晶焱,264.0,2271,False,6411
2021-11-12,2021-10-g014-2021-10-26-3141,2021-11-12,627984.0,晶宏,267.0,2352,False,3141
2021-11-15,2021-09-g014-2021-09-01-3661,2021-11-15,333450.0,世芯-KY,1235.0,270,False,3661
2021-11-15,2021-09-g013-2021-09-17-6411,2021-11-15,658590.0,晶焱,290.0,2271,False,6411
2021-11-15,2021-10-g014-2021-10-26-3141,2021-11-15,591528.0,晶宏,251.5,2352,False,3141
2021-11-16,2021-09-g014-2021-09-01-3661,2021-11-16,329400.0,世芯-KY,1220.0,270,False,3661
2021-11-16,2021-09-g013-2021-09-17-6411,2021-11-16,608628.0,晶焱,268.0,2271,False,6411
2021-11-16,2021-10-g014-2021-10-26-3141,2021-11-16,570360.0,晶宏,242.5,2352,False,3141
2021-11-17,2021-09-g014-2021-09-01-3661,2021-11-17,321300.0,世芯-KY,1190.0,270,False,3661
2021-11-17,2021-09-g013-2021-09-17-6411,2021-11-17,606357.0,晶焱,267.0,2271,False,6411
2021-11-17,2021-10-g014-2021-10-26-3141,2021-11-17,580944.0,晶宏,247.0,2352,False,3141
2021-11-18,2021-09-g014-2021-09-01-3661,2021-11-18,317250.0,世芯-KY,1175.0,270,False,3661
2021-11-18,2021-09-g013-2021-09-17-6411,2021-11-18,601815.0,晶焱,265.0,2271,False,6411
2021-11-18,2021-10-g014-2021-10-26-3141,2021-11-18,593880.0,晶宏,252.5,2352,False,3141
2021-11-19,2021-09-g014-2021-09-01-3661,2021-11-19,313200.0,世芯-KY,1160.0,270,False,3661
2021-11-19,2021-09-g013-2021-09-17-6411,2021-11-19,601815.0,晶焱,265.0,2271,False,6411
2021-11-19,2021-10-g014-2021-10-26-3141,2021-11-19,588000.0,晶宏,250.0,2352,False,3141
2021-11-22,2021-09-g014-2021-09-01-3661,2021-11-22,309150.0,世芯-KY,1145.0,270,False,3661
2021-11-22,2021-09-g013-2021-09-17-6411,2021-11-22,619983.0,晶焱,273.0,2271,False,6411
2021-11-22,2021-10-g014-2021-10-26-3141,2021-11-22,616224.0,晶宏,262.0,2352,False,3141
2021-11-23,2021-09-g014-2021-09-01-3661,2021-11-23,301050.0,世芯-KY,1115.0,270,False,3661
2021-11-23,2021-09-g013-2021-09-17-6411,2021-11-23,592731.0,晶焱,261.0,2271,False,6411
2021-11-23,2021-10-g014-2021-10-26-3141,2021-11-23,599760.0,晶宏,255.0,2352,False,3141
2021-11-24,2021-09-g014-2021-09-01-3661,2021-11-24,295650.0,世芯-KY,1095.0,270,False,3661
2021-11-24,2021-09-g013-2021-09-17-6411,2021-11-24,605221.5,晶焱,266.5,2271,False,6411
2021-11-24,2021-10-g014-2021-10-26-3141,2021-11-24,617400.0,晶宏,262.5,2352,False,3141
2021-11-25,2021-09-g014-2021-09-01-3661,2021-11-25,266220.0,世芯-KY,986.0,270,False,3661
2021-11-25,2021-09-g013-2021-09-17-6411,2021-11-25,590460.0,晶焱,260.0,2271,False,6411
2021-11-25,2021-10-g014-2021-10-26-3141,2021-11-25,579768.0,晶宏,246.5,2352,False,3141
2021-11-26,2021-09-g014-2021-09-01-3661,2021-11-26,15056.0,世芯-KY,941.0,16,False,3661
2021-11-26,2021-09-g013-2021-09-17-6411,2021-11-26,580240.5,晶焱,255.5,2271,False,6411
2021-11-26,2021-10-g014-2021-10-26-3141,2021-11-26,556248.0,晶宏,236.5,2352,False,3141
2021-11-29,2021-09-g013-2021-09-17-6411,2021-11-29,615441.0,晶焱,271.0,2271,False,6411
2021-11-29,2021-10-g014-2021-10-26-3141,2021-11-29,586824.0,晶宏,249.5,2352,False,3141
2021-11-30,2021-09-g013-2021-09-17-6411,2021-11-30,632473.5,晶焱,278.5,2271,False,6411
2021-11-30,2021-10-g014-2021-10-26-3141,2021-11-30,569184.0,晶宏,242.0,2352,False,3141
2021-11-30,2021-11-g006-2021-11-29-3532,2021-11-30,567000.0,台勝科,250.0,2268,False,3532
2021-12-01,2021-09-g013-2021-09-17-6411,2021-12-01,631338.0,晶焱,278.0,2271,False,6411
2021-12-01,2021-10-g014-2021-10-26-3141,2021-12-01,533904.0,晶宏,227.0,2352,False,3141
2021-12-01,2021-11-g006-2021-11-29-3532,2021-12-01,598752.0,台勝科,264.0,2268,False,3532
2021-12-02,2021-09-g013-2021-09-17-6411,2021-12-02,605221.5,晶焱,266.5,2271,False,6411
2021-12-02,2021-10-g014-2021-10-26-3141,2021-12-02,29632.0,晶宏,231.5,128,False,3141
2021-12-02,2021-11-g006-2021-11-29-3532,2021-12-02,582876.0,台勝科,257.0,2268,False,3532
2021-12-03,2021-09-g013-2021-09-17-6411,2021-12-03,631338.0,晶焱,278.0,2271,False,6411
2021-12-03,2021-11-g006-2021-11-29-3532,2021-12-03,579474.0,台勝科,255.5,2268,False,3532
2021-12-03,2021-12-g016-2021-12-02-8183,2021-12-03,570564.2000000001,精星,69.7,8186,False,8183
2021-12-06,2021-09-g013-2021-09-17-6411,2021-12-06,617712.0,晶焱,272.0,2271,False,6411
2021-12-06,2021-11-g006-2021-11-29-3532,2021-12-06,590814.0,台勝科,260.5,2268,False,3532
2021-12-06,2021-12-g016-2021-12-02-8183,2021-12-06,591029.2000000001,精星,72.2,8186,False,8183
2021-12-07,2021-09-g013-2021-09-17-6411,2021-12-07,621118.5,晶焱,273.5,2271,False,6411
2021-12-07,2021-11-g006-2021-11-29-3532,2021-12-07,614628.0,台勝科,271.0,2268,False,3532
2021-12-07,2021-12-g016-2021-12-02-8183,2021-12-07,564834.0,精星,69.0,8186,False,8183
2021-12-08,2021-09-g013-2021-09-17-6411,2021-12-08,625660.5,晶焱,275.5,2271,False,6411
2021-12-08,2021-11-g006-2021-11-29-3532,2021-12-08,675864.0,台勝科,298.0,2268,False,3532
2021-12-08,2021-12-g016-2021-12-02-8183,2021-12-08,552555.0,精星,67.5,8186,False,8183
2021-12-09,2021-09-g013-2021-09-17-6411,2021-12-09,615441.0,晶焱,271.0,2271,False,6411
2021-12-09,2021-11-g006-2021-11-29-3532,2021-12-09,635040.0,台勝科,280.0,2268,False,3532
2021-12-09,2021-12-g016-2021-12-02-8183,2021-12-09,547643.4,精星,66.9,8186,False,8183
2021-12-10,2021-09-g013-2021-09-17-6411,2021-12-10,610899.0,晶焱,269.0,2271,False,6411
2021-12-10,2021-11-g006-2021-11-29-3532,2021-12-10,674730.0,台勝科,297.5,2268,False,3532
2021-12-10,2021-12-g016-2021-12-02-8183,2021-12-10,552555.0,精星,67.5,8186,False,8183
2021-12-13,2021-09-g013-2021-09-17-6411,2021-12-13,555259.5,晶焱,244.5,2271,False,6411
2021-12-13,2021-11-g006-2021-11-29-3532,2021-12-13,662256.0,台勝科,292.0,2268,False,3532
2021-12-13,2021-12-g016-2021-12-02-8183,2021-12-13,537001.6,精星,65.6,8186,False,8183
2021-12-14,2021-09-g013-2021-09-17-6411,2021-12-14,21870.0,晶焱,243.0,90,False,6411
2021-12-14,2021-11-g006-2021-11-29-3532,2021-12-14,653184.0,台勝科,288.0,2268,False,3532
2021-12-14,2021-12-g016-2021-12-02-8183,2021-12-14,518173.8,精星,63.3,8186,False,8183
2021-12-15,2021-11-g006-2021-11-29-3532,2021-12-15,645246.0,台勝科,284.5,2268,False,3532
2021-12-15,2021-12-g016-2021-12-02-8183,2021-12-15,537820.2000000001,精星,65.7,8186,False,8183
2021-12-16,2021-11-g006-2021-11-29-3532,2021-12-16,684936.0,台勝科,302.0,2268,False,3532
2021-12-16,2021-12-g016-2021-12-02-8183,2021-12-16,534545.7999999999,精星,65.3,8186,False,8183
2021-12-17,2021-11-g006-2021-11-29-3532,2021-12-17,667926.0,台勝科,294.5,2268,False,3532
2021-12-17,2021-12-g016-2021-12-02-8183,2021-12-17,516536.60000000003,精星,63.1,8186,False,8183
2021-12-17,2021-12-g017-2021-12-16-3035,2021-12-17,614938.5,智原,225.5,2727,False,3035
2021-12-20,2021-11-g006-2021-11-29-3532,2021-12-20,653184.0,台勝科,288.0,2268,False,3532
2021-12-20,2021-12-g016-2021-12-02-8183,2021-12-20,515718.0,精星,63.0,8186,False,8183
2021-12-20,2021-12-g017-2021-12-16-3035,2021-12-20,591759.0,智原,217.0,2727,False,3035
2021-12-21,2021-11-g006-2021-11-29-3532,2021-12-21,658854.0,台勝科,290.5,2268,False,3532
2021-12-21,2021-12-g016-2021-12-02-8183,2021-12-21,515718.0,精星,63.0,8186,False,8183
2021-12-21,2021-12-g017-2021-12-16-3035,2021-12-21,650389.5,智原,238.5,2727,False,3035
2021-12-22,2021-11-g006-2021-11-29-3532,2021-12-22,648648.0,台勝科,286.0,2268,False,3532
2021-12-22,2021-12-g016-2021-12-02-8183,2021-12-22,519811.0,精星,63.5,8186,False,8183
2021-12-22,2021-12-g017-2021-12-16-3035,2021-12-22,662661.0,智原,243.0,2727,False,3035
2021-12-23,2021-11-g006-2021-11-29-3532,2021-12-23,667926.0,台勝科,294.5,2268,False,3532
2021-12-23,2021-12-g016-2021-12-02-8183,2021-12-23,527997.0,精星,64.5,8186,False,8183
2021-12-23,2021-12-g017-2021-12-16-3035,2021-12-23,662661.0,智原,243.0,2727,False,3035
2021-12-24,2021-11-g006-2021-11-29-3532,2021-12-24,689472.0,台勝科,304.0,2268,False,3532
2021-12-24,2021-12-g016-2021-12-02-8183,2021-12-24,580387.4,精星,70.9,8186,False,8183
2021-12-24,2021-12-g017-2021-12-16-3035,2021-12-24,679023.0,智原,249.0,2727,False,3035
2021-12-27,2021-11-g006-2021-11-29-3532,2021-12-27,673596.0,台勝科,297.0,2268,False,3532
2021-12-27,2021-12-g016-2021-12-02-8183,2021-12-27,534545.7999999999,精星,65.3,8186,False,8183
2021-12-27,2021-12-g017-2021-12-16-3035,2021-12-27,650389.5,智原,238.5,2727,False,3035
2021-12-28,2021-11-g006-2021-11-29-3532,2021-12-28,663390.0,台勝科,292.5,2268,False,3532
2021-12-28,2021-12-g016-2021-12-02-8183,2021-12-28,526359.7999999999,精星,64.3,8186,False,8183
2021-12-28,2021-12-g017-2021-12-16-3035,2021-12-28,669478.5,智原,245.5,2727,False,3035
2021-12-29,2021-11-g006-2021-11-29-3532,2021-12-29,662256.0,台勝科,292.0,2268,False,3532
2021-12-29,2021-12-g016-2021-12-02-8183,2021-12-29,522266.8,精星,63.8,8186,False,8183
2021-12-29,2021-12-g017-2021-12-16-3035,2021-12-29,649026.0,智原,238.0,2727,False,3035
2021-12-30,2021-11-g006-2021-11-29-3532,2021-12-30,657720.0,台勝科,290.0,2268,False,3532
2021-12-30,2021-12-g016-2021-12-02-8183,2021-12-30,516536.60000000003,精星,63.1,8186,False,8183
2021-12-30,2021-12-g017-2021-12-16-3035,2021-12-30,651753.0,智原,239.0,2727,False,3035
2022-01-03,2021-11-g006-2021-11-29-3532,2022-01-03,653184.0,台勝科,288.0,2268,False,3532
2022-01-03,2021-12-g016-2021-12-02-8183,2022-01-03,4087.0,精星,61.0,67,False,8183
2022-01-03,2021-12-g017-2021-12-16-3035,2022-01-03,616302.0,智原,226.0,2727,False,3035
2022-01-04,2021-11-g006-2021-11-29-3532,2022-01-04,650916.0,台勝科,287.0,2268,False,3532
2022-01-04,2021-12-g017-2021-12-16-3035,2022-01-04,602667.0,智原,221.0,2727,False,3035
2022-01-04,2022-01-g020-2022-01-03-6284,2022-01-04,531420.4,佳邦,74.2,7162,False,6284
2022-01-05,2021-11-g006-2021-11-29-3532,2022-01-05,633906.0,台勝科,279.5,2268,False,3532
2022-01-05,2021-12-g017-2021-12-16-3035,2022-01-05,595849.5,智原,218.5,2727,False,3035
2022-01-05,2022-01-g020-2022-01-03-6284,2022-01-05,544312.0,佳邦,76.0,7162,False,6284
2022-01-06,2021-11-g006-2021-11-29-3532,2022-01-06,621432.0,台勝科,274.0,2268,False,3532
2022-01-06,2021-12-g017-2021-12-16-3035,2022-01-06,575397.0,智原,211.0,2727,False,3035
2022-01-06,2022-01-g020-2022-01-03-6284,2022-01-06,527123.2,佳邦,73.6,7162,False,6284
2022-01-07,2021-11-g006-2021-11-29-3532,2022-01-07,42606.0,台勝科,263.0,162,False,3532
2022-01-07,2021-12-g017-2021-12-16-3035,2022-01-07,542673.0,智原,199.0,2727,False,3035
2022-01-07,2022-01-g020-2022-01-03-6284,2022-01-07,503488.6,佳邦,70.3,7162,False,6284
2022-01-10,2021-11-g006-2021-11-29-3532,2022-01-10,28249.0,台勝科,266.5,106,False,3532
2022-01-10,2021-12-g017-2021-12-16-3035,2022-01-10,564489.0,智原,207.0,2727,False,3035
2022-01-10,2022-01-g020-2022-01-03-6284,2022-01-10,521393.6,佳邦,72.8,7162,False,6284
2022-01-10,2022-01-g001-2022-01-07-2884,2022-01-10,517539.14999999997,玉山金,28.95,17877,False,2884
2022-01-11,2021-11-g006-2021-11-29-3532,2022-01-11,12480.0,台勝科,260.0,48,False,3532
2022-01-11,2021-12-g017-2021-12-16-3035,2022-01-11,542673.0,智原,199.0,2727,False,3035
2022-01-11,2022-01-g020-2022-01-03-6284,2022-01-11,489164.6,佳邦,68.3,7162,False,6284
2022-01-11,2022-01-g001-2022-01-07-2884,2022-01-11,523796.10000000003,玉山金,29.3,17877,False,2884
2022-01-12,2021-12-g017-2021-12-16-3035,2022-01-12,546763.5,智原,200.5,2727,False,3035
2022-01-12,2022-01-g020-2022-01-03-6284,2022-01-12,480570.19999999995,佳邦,67.1,7162,False,6284
2022-01-12,2022-01-g001-2022-01-07-2884,2022-01-12,525583.7999999999,玉山金,29.4,17877,False,2884
2022-01-13,2021-12-g017-2021-12-16-3035,2022-01-13,546763.5,智原,200.5,2727,False,3035
2022-01-13,2022-01-g020-2022-01-03-6284,2022-01-13,476273.0,佳邦,66.5,7162,False,6284
2022-01-13,2022-01-g001-2022-01-07-2884,2022-01-13,534522.2999999999,玉山金,29.9,17877,False,2884
2022-01-14,2021-12-g017-2021-12-16-3035,2022-01-14,580851.0,智原,213.0,2727,False,3035
2022-01-14,2022-01-g020-2022-01-03-6284,2022-01-14,468394.80000000005,佳邦,65.4,7162,False,6284
2022-01-14,2022-01-g001-2022-01-07-2884,2022-01-14,527371.5,玉山金,29.5,17877,False,2884
2022-01-17,2021-12-g017-2021-12-16-3035,2022-01-17,64564.5,智原,214.5,301,False,3035
2022-01-17,2022-01-g020-2022-01-03-6284,2022-01-17,485583.6,佳邦,67.8,7162,False,6284
2022-01-17,2022-01-g001-2022-01-07-2884,2022-01-17,522008.39999999997,玉山金,29.2,17877,False,2884
2022-01-18,2022-01-g020-2022-01-03-6284,2022-01-18,479137.80000000005,佳邦,66.9,7162,False,6284
2022-01-18,2022-01-g001-2022-01-07-2884,2022-01-18,522008.39999999997,玉山金,29.2,17877,False,2884
2022-01-19,2022-01-g020-2022-01-03-6284,2022-01-19,486299.80000000005,佳邦,67.9,7162,False,6284
2022-01-19,2022-01-g001-2022-01-07-2884,2022-01-19,518433.0,玉山金,29.0,17877,False,2884
2022-01-20,2022-01-g020-2022-01-03-6284,2022-01-20,481286.4,佳邦,67.2,7162,False,6284
2022-01-20,2022-01-g001-2022-01-07-2884,2022-01-20,517539.14999999997,玉山金,28.95,17877,False,2884
2022-01-21,2022-01-g020-2022-01-03-6284,2022-01-21,469111.0,佳邦,65.5,7162,False,6284
2022-01-21,2022-01-g001-2022-01-07-2884,2022-01-21,515751.45,玉山金,28.85,17877,False,2884
2022-01-24,2022-01-g020-2022-01-03-6284,2022-01-24,447625.0,佳邦,62.5,7162,False,6284
2022-01-24,2022-01-g001-2022-01-07-2884,2022-01-24,515751.45,玉山金,28.85,17877,False,2884
2022-01-25,2022-01-g020-2022-01-03-6284,2022-01-25,4416.5,佳邦,60.5,73,False,6284
2022-01-25,2022-01-g001-2022-01-07-2884,2022-01-25,515751.45,玉山金,28.85,17877,False,2884
2022-01-26,2022-01-g001-2022-01-07-2884,2022-01-26,518433.0,玉山金,29.0,17877,False,2884
2022-02-07,2022-01-g001-2022-01-07-2884,2022-02-07,535416.15,玉山金,29.95,17877,False,2884
2022-02-08,2022-01-g001-2022-01-07-2884,2022-02-08,538097.7000000001,玉山金,30.1,17877,False,2884
2022-02-08,2022-02-g015-2022-02-07-3526,2022-02-08,477960.0,凡甲,210.0,2276,False,3526
2022-02-08,2022-02-g002-2022-02-07-1303,2022-02-08,473566.99999999994,南亞,88.6,5345,False,1303
2022-02-09,2022-01-g001-2022-01-07-2884,2022-02-09,542566.9500000001,玉山金,30.35,17877,False,2884
2022-02-09,2022-02-g015-2022-02-07-3526,2022-02-09,471132.0,凡甲,207.0,2276,False,3526
2022-02-09,2022-02-g002-2022-02-07-1303,2022-02-09,476774.0,南亞,89.2,5345,False,1303
2022-02-10,2022-01-g001-2022-01-07-2884,2022-02-10,541673.1,玉山金,30.3,17877,False,2884
2022-02-10,2022-02-g015-2022-02-07-3526,2022-02-10,447234.0,凡甲,196.5,2276,False,3526
2022-02-10,2022-02-g002-2022-02-07-1303,2022-02-10,473566.99999999994,南亞,88.6,5345,False,1303
2022-02-11,2022-01-g001-2022-01-07-2884,2022-02-11,543460.7999999999,玉山金,30.4,17877,False,2884
2022-02-11,2022-02-g015-2022-02-07-3526,2022-02-11,452924.0,凡甲,199.0,2276,False,3526
2022-02-11,2022-02-g002-2022-02-07-1303,2022-02-11,474636.0,南亞,88.8,5345,False,1303
2022-02-14,2022-01-g001-2022-01-07-2884,2022-02-14,542566.9500000001,玉山金,30.35,17877,False,2884
2022-02-14,2022-02-g015-2022-02-07-3526,2022-02-14,452924.0,凡甲,199.0,2276,False,3526
2022-02-14,2022-02-g002-2022-02-07-1303,2022-02-14,472498.00000000006,南亞,88.4,5345,False,1303
2022-02-15,2022-01-g001-2022-01-07-2884,2022-02-15,540779.25,玉山金,30.25,17877,False,2884
2022-02-15,2022-02-g015-2022-02-07-3526,2022-02-15,446096.0,凡甲,196.0,2276,False,3526
2022-02-15,2022-02-g002-2022-02-07-1303,2022-02-15,467153.00000000006,南亞,87.4,5345,False,1303
2022-02-16,2022-01-g001-2022-01-07-2884,2022-02-16,547930.0499999999,玉山金,30.65,17877,False,2884
2022-02-16,2022-02-g015-2022-02-07-3526,2022-02-16,450648.0,凡甲,198.0,2276,False,3526
2022-02-16,2022-02-g002-2022-02-07-1303,2022-02-16,474636.0,南亞,88.8,5345,False,1303
2022-02-17,2022-01-g001-2022-01-07-2884,2022-02-17,545248.5,玉山金,30.5,17877,False,2884
2022-02-17,2022-02-g015-2022-02-07-3526,2022-02-17,438130.0,凡甲,192.5,2276,False,3526
2022-02-17,2022-02-g002-2022-02-07-1303,2022-02-17,474101.5,南亞,88.7,5345,False,1303
2022-02-18,2022-01-g001-2022-01-07-2884,2022-02-18,542566.9500000001,玉山金,30.35,17877,False,2884
2022-02-18,2022-02-g015-2022-02-07-3526,2022-02-18,442682.0,凡甲,194.5,2276,False,3526
2022-02-18,2022-02-g002-2022-02-07-1303,2022-02-18,476239.49999999994,南亞,89.1,5345,False,1303
2022-02-21,2022-01-g001-2022-01-07-2884,2022-02-21,539885.4,玉山金,30.2,17877,False,2884
2022-02-21,2022-02-g015-2022-02-07-3526,2022-02-21,435854.0,凡甲,191.5,2276,False,3526
2022-02-21,2022-02-g002-2022-02-07-1303,2022-02-21,476239.49999999994,南亞,89.1,5345,False,1303
2022-02-22,2022-01-g001-2022-01-07-2884,2022-02-22,536310.0,玉山金,30.0,17877,False,2884
2022-02-22,2022-02-g015-2022-02-07-3526,2022-02-22,421060.0,凡甲,185.0,2276,False,3526
2022-02-22,2022-02-g002-2022-02-07-1303,2022-02-22,471429.0,南亞,88.2,5345,False,1303
2022-02-23,2022-01-g001-2022-01-07-2884,2022-02-23,536310.0,玉山金,30.0,17877,False,2884
2022-02-23,2022-02-g015-2022-02-07-3526,2022-02-23,429026.0,凡甲,188.5,2276,False,3526
2022-02-23,2022-02-g002-2022-02-07-1303,2022-02-23,473566.99999999994,南亞,88.6,5345,False,1303
2022-02-24,2022-01-g001-2022-01-07-2884,2022-02-24,529159.2000000001,玉山金,29.6,17877,False,2884
2022-02-24,2022-02-g015-2022-02-07-3526,2022-02-24,409680.0,凡甲,180.0,2276,False,3526
2022-02-24,2022-02-g002-2022-02-07-1303,2022-02-24,465549.49999999994,南亞,87.1,5345,False,1303
2022-02-25,2022-01-g001-2022-01-07-2884,2022-02-25,526477.65,玉山金,29.45,17877,False,2884
2022-02-25,2022-02-g015-2022-02-07-3526,2022-02-25,40404.0,凡甲,182.0,222,False,3526
2022-02-25,2022-02-g002-2022-02-07-1303,2022-02-25,468756.5,南亞,87.7,5345,False,1303
2022-03-01,2022-01-g001-2022-01-07-2884,2022-03-01,532734.6,玉山金,29.8,17877,False,2884
2022-03-01,2022-02-g015-2022-02-07-3526,2022-03-01,24830.0,凡甲,191.0,130,False,3526
2022-03-01,2022-02-g002-2022-02-07-1303,2022-03-01,481050.0,南亞,90.0,5345,False,1303
2022-03-01,2022-02-g009-2022-02-25-8150,2022-03-01,480000.0,南茂,51.2,9375,False,8150
2022-03-02,2022-01-g001-2022-01-07-2884,2022-03-02,534522.2999999999,玉山金,29.9,17877,False,2884
2022-03-02,2022-02-g015-2022-02-07-3526,2022-03-02,7769.5,凡甲,189.5,41,False,3526
2022-03-02,2022-02-g002-2022-02-07-1303,2022-03-02,483722.5,南亞,90.5,5345,False,1303
2022-03-02,2022-02-g009-2022-02-25-8150,2022-03-02,481875.0,南茂,51.4,9375,False,8150
2022-03-03,2022-01-g001-2022-01-07-2884,2022-03-03,535416.15,玉山金,29.95,17877,False,2884
2022-03-03,2022-02-g015-2022-02-07-3526,2022-03-03,375.0,凡甲,187.5,2,False,3526
2022-03-03,2022-02-g002-2022-02-07-1303,2022-03-03,487464.0,南亞,91.2,5345,False,1303
2022-03-03,2022-02-g009-2022-02-25-8150,2022-03-03,485625.0,南茂,51.8,9375,False,8150
2022-03-04,2022-01-g001-2022-01-07-2884,2022-03-04,530946.9,玉山金,29.7,17877,False,2884
2022-03-04,2022-02-g002-2022-02-07-1303,2022-03-04,484791.5,南亞,90.7,5345,False,1303
2022-03-04,2022-02-g009-2022-02-25-8150,2022-03-04,483750.0,南茂,51.6,9375,False,8150
2022-03-07,2022-01-g001-2022-01-07-2884,2022-03-07,522008.39999999997,玉山金,29.2,17877,False,2884
2022-03-07,2022-02-g002-2022-02-07-1303,2022-03-07,472498.00000000006,南亞,88.4,5345,False,1303
2022-03-07,2022-02-g009-2022-02-25-8150,2022-03-07,471562.5,南茂,50.3,9375,False,8150
2022-03-08,2022-01-g001-2022-01-07-2884,2022-03-08,517539.14999999997,玉山金,28.95,17877,False,2884
2022-03-08,2022-02-g002-2022-02-07-1303,2022-03-08,462876.99999999994,南亞,86.6,5345,False,1303
2022-03-08,2022-02-g009-2022-02-25-8150,2022-03-08,470625.0,南茂,50.2,9375,False,8150
2022-03-09,2022-01-g001-2022-01-07-2884,2022-03-09,514857.60000000003,玉山金,28.8,17877,False,2884
2022-03-09,2022-02-g002-2022-02-07-1303,2022-03-09,470360.0,南亞,88.0,5345,False,1303
2022-03-09,2022-02-g009-2022-02-25-8150,2022-03-09,479062.5,南茂,51.1,9375,False,8150
2022-03-10,2022-01-g001-2022-01-07-2884,2022-03-10,534522.2999999999,玉山金,29.9,17877,False,2884
2022-03-10,2022-02-g002-2022-02-07-1303,2022-03-10,478911.99999999994,南亞,89.6,5345,False,1303
2022-03-10,2022-02-g009-2022-02-25-8150,2022-03-10,480937.5,南茂,51.3,9375,False,8150
2022-03-11,2022-01-g001-2022-01-07-2884,2022-03-11,535416.15,玉山金,29.95,17877,False,2884
2022-03-11,2022-02-g002-2022-02-07-1303,2022-03-11,479981.0,南亞,89.8,5345,False,1303
2022-03-11,2022-02-g009-2022-02-25-8150,2022-03-11,482812.5,南茂,51.5,9375,False,8150
2022-03-14,2022-01-g001-2022-01-07-2884,2022-03-14,537203.85,玉山金,30.05,17877,False,2884
2022-03-14,2022-02-g002-2022-02-07-1303,2022-03-14,487464.0,南亞,91.2,5345,False,1303
2022-03-14,2022-02-g009-2022-02-25-8150,2022-03-14,485625.0,南茂,51.8,9375,False,8150
2022-03-15,2022-01-g001-2022-01-07-2884,2022-03-15,538097.7000000001,玉山金,30.1,17877,False,2884
2022-03-15,2022-02-g002-2022-02-07-1303,2022-03-15,485326.0,南亞,90.8,5345,False,1303
2022-03-15,2022-02-g009-2022-02-25-8150,2022-03-15,476250.0,南茂,50.8,9375,False,8150
2022-03-16,2022-01-g001-2022-01-07-2884,2022-03-16,545248.5,玉山金,30.5,17877,False,2884
2022-03-16,2022-02-g002-2022-02-07-1303,2022-03-16,489067.5,南亞,91.5,5345,False,1303
2022-03-16,2022-02-g009-2022-02-25-8150,2022-03-16,471562.5,南茂,50.3,9375,False,8150
2022-03-17,2022-01-g001-2022-01-07-2884,2022-03-17,552399.2999999999,玉山金,30.9,17877,False,2884
2022-03-17,2022-02-g002-2022-02-07-1303,2022-03-17,491205.50000000006,南亞,91.9,5345,False,1303
2022-03-17,2022-02-g009-2022-02-25-8150,2022-03-17,481875.0,南茂,51.4,9375,False,8150
2022-03-18,2022-01-g001-2022-01-07-2884,2022-03-18,555080.85,玉山金,31.05,17877,False,2884
2022-03-18,2022-02-g002-2022-02-07-1303,2022-03-18,487998.5,南亞,91.3,5345,False,1303
2022-03-18,2022-02-g009-2022-02-25-8150,2022-03-18,484687.5,南茂,51.7,9375,False,8150
2022-03-21,2022-01-g001-2022-01-07-2884,2022-03-21,556868.5499999999,玉山金,31.15,17877,False,2884
2022-03-21,2022-02-g002-2022-02-07-1303,2022-03-21,492274.49999999994,南亞,92.1,5345,False,1303
2022-03-21,2022-02-g009-2022-02-25-8150,2022-03-21,488437.5,南茂,52.1,9375,False,8150
2022-03-22,2022-01-g001-2022-01-07-2884,2022-03-22,561337.7999999999,玉山金,31.4,17877,False,2884
2022-03-22,2022-02-g002-2022-02-07-1303,2022-03-22,493878.00000000006,南亞,92.4,5345,False,1303
2022-03-22,2022-02-g009-2022-02-25-8150,2022-03-22,488437.5,南茂,52.1,9375,False,8150
2022-03-23,2022-01-g001-2022-01-07-2884,2022-03-23,566700.9,玉山金,31.7,17877,False,2884
2022-03-23,2022-02-g002-2022-02-07-1303,2022-03-23,494412.5,南亞,92.5,5345,False,1303
2022-03-23,2022-02-g009-2022-02-25-8150,2022-03-23,489375.0,南茂,52.2,9375,False,8150
2022-03-24,2022-01-g001-2022-01-07-2884,2022-03-24,568488.6,玉山金,31.8,17877,False,2884
2022-03-24,2022-02-g002-2022-02-07-1303,2022-03-24,493878.00000000006,南亞,92.4,5345,False,1303
2022-03-24,2022-02-g009-2022-02-25-8150,2022-03-24,486562.5,南茂,51.9,9375,False,8150
2022-03-25,2022-01-g001-2022-01-07-2884,2022-03-25,568488.6,玉山金,31.8,17877,False,2884
2022-03-25,2022-02-g002-2022-02-07-1303,2022-03-25,493878.00000000006,南亞,92.4,5345,False,1303
2022-03-25,2022-02-g009-2022-02-25-8150,2022-03-25,484687.5,南茂,51.7,9375,False,8150
2022-03-28,2022-01-g001-2022-01-07-2884,2022-03-28,573851.7000000001,玉山金,32.1,17877,False,2884
2022-03-28,2022-02-g002-2022-02-07-1303,2022-03-28,492809.0,南亞,92.2,5345,False,1303
2022-03-28,2022-02-g009-2022-02-25-8150,2022-03-28,486562.5,南茂,51.9,9375,False,8150
2022-03-29,2022-01-g001-2022-01-07-2884,2022-03-29,577427.1,玉山金,32.3,17877,False,2884
2022-03-29,2022-02-g002-2022-02-07-1303,2022-03-29,494412.5,南亞,92.5,5345,False,1303
2022-03-29,2022-02-g009-2022-02-25-8150,2022-03-29,484687.5,南茂,51.7,9375,False,8150
2022-03-30,2022-01-g001-2022-01-07-2884,2022-03-30,587259.4500000001,玉山金,32.85,17877,False,2884
2022-03-30,2022-02-g002-2022-02-07-1303,2022-03-30,499757.5,南亞,93.5,5345,False,1303
2022-03-30,2022-02-g009-2022-02-25-8150,2022-03-30,484687.5,南茂,51.7,9375,False,8150
2022-03-31,2022-01-g001-2022-01-07-2884,2022-03-31,590834.85,玉山金,33.05,17877,False,2884
2022-03-31,2022-02-g002-2022-02-07-1303,2022-03-31,498154.0,南亞,93.2,5345,False,1303
2022-03-31,2022-02-g009-2022-02-25-8150,2022-03-31,481875.0,南茂,51.4,9375,False,8150
2022-04-01,2022-01-g001-2022-01-07-2884,2022-04-01,589941.0,玉山金,33.0,17877,False,2884
2022-04-01,2022-02-g002-2022-02-07-1303,2022-04-01,499757.5,南亞,93.5,5345,False,1303
2022-04-01,2022-02-g009-2022-02-25-8150,2022-04-01,480000.0,南茂,51.2,9375,False,8150
2022-04-06,2022-01-g001-2022-01-07-2884,2022-04-06,608711.85,玉山金,34.05,17877,False,2884
2022-04-06,2022-02-g002-2022-02-07-1303,2022-04-06,500291.99999999994,南亞,93.6,5345,False,1303
2022-04-06,2022-02-g009-2022-02-25-8150,2022-04-06,475312.5,南茂,50.7,9375,False,8150
2022-04-07,2022-01-g001-2022-01-07-2884,2022-04-07,603348.75,玉山金,33.75,17877,False,2884
2022-04-07,2022-02-g002-2022-02-07-1303,2022-04-07,497619.49999999994,南亞,93.1,5345,False,1303
2022-04-07,2022-02-g009-2022-02-25-8150,2022-04-07,5876.4,南茂,49.8,118,False,8150
2022-04-08,2022-01-g001-2022-01-07-2884,2022-04-08,623013.4500000001,玉山金,34.85,17877,False,2884
2022-04-08,2022-02-g002-2022-02-07-1303,2022-04-08,499223.00000000006,南亞,93.4,5345,False,1303
2022-04-08,2022-02-g009-2022-02-25-8150,2022-04-08,1903.8,南茂,50.1,38,False,8150
2022-04-11,2022-01-g001-2022-01-07-2884,2022-04-11,631951.9500000001,玉山金,35.35,17877,False,2884
2022-04-11,2022-02-g002-2022-02-07-1303,2022-04-11,492274.49999999994,南亞,92.1,5345,False,1303
2022-04-12,2022-01-g001-2022-01-07-2884,2022-04-12,628376.5499999999,玉山金,35.15,17877,False,2884
2022-04-12,2022-02-g002-2022-02-07-1303,2022-04-12,487998.5,南亞,91.3,5345,False,1303
2022-04-13,2022-01-g001-2022-01-07-2884,2022-04-13,630164.25,玉山金,35.25,17877,False,2884
2022-04-13,2022-02-g002-2022-02-07-1303,2022-04-13,483188.00000000006,南亞,90.4,5345,False,1303
2022-04-14,2022-01-g001-2022-01-07-2884,2022-04-14,596197.9500000001,玉山金,33.35,17877,False,2884
2022-04-15,2022-01-g001-2022-01-07-2884,2022-04-15,595304.1,玉山金,33.3,17877,False,2884
2022-04-18,2022-01-g001-2022-01-07-2884,2022-04-18,575639.4,玉山金,32.2,17877,False,2884
2022-04-19,2022-01-g001-2022-01-07-2884,2022-04-19,574745.5499999999,玉山金,32.15,17877,False,2884
2022-04-20,2022-01-g001-2022-01-07-2884,2022-04-20,581002.5,玉山金,32.5,17877,False,2884
2022-11-16,2022-11-g005-2022-11-15-2606,2022-11-16,520475.3,裕民,43.15,12062,False,2606
2022-11-17,2022-11-g005-2022-11-15-2606,2022-11-17,524093.9,裕民,43.45,12062,False,2606
2022-11-18,2022-11-g005-2022-11-15-2606,2022-11-18,516856.7,裕民,42.85,12062,False,2606
2022-11-21,2022-11-g005-2022-11-15-2606,2022-11-21,502985.4,裕民,41.7,12062,False,2606
2022-11-21,2022-11-g014-2022-11-18-6245,2022-11-21,538914.9,立端,87.9,6131,False,6245
2022-11-22,2022-11-g005-2022-11-15-2606,2022-11-22,510825.7,裕民,42.35,12062,False,2606
2022-11-22,2022-11-g014-2022-11-18-6245,2022-11-22,536462.5,立端,87.5,6131,False,6245
2022-11-22,2022-11-g011-2022-11-21-2468,2022-11-22,460713.60000000003,華經,30.6,15056,False,2468
2022-11-23,2022-11-g005-2022-11-15-2606,2022-11-23,522284.6,裕民,43.3,12062,False,2606
2022-11-23,2022-11-g014-2022-11-18-6245,2022-11-23,538914.9,立端,87.9,6131,False,6245
2022-11-23,2022-11-g011-2022-11-21-2468,2022-11-23,444152.0,華經,29.5,15056,False,2468
2022-11-24,2022-11-g005-2022-11-15-2606,2022-11-24,536759.0,裕民,44.5,12062,False,2606
2022-11-24,2022-11-g014-2022-11-18-6245,2022-11-24,535236.2999999999,立端,87.3,6131,False,6245
2022-11-24,2022-11-g011-2022-11-21-2468,2022-11-24,441893.60000000003,華經,29.35,15056,False,2468
2022-11-25,2022-11-g005-2022-11-15-2606,2022-11-25,560883.0,裕民,46.5,12062,False,2606
2022-11-25,2022-11-g014-2022-11-18-6245,2022-11-25,534010.1,立端,87.1,6131,False,6245
2022-11-25,2022-11-g011-2022-11-21-2468,2022-11-25,441140.8,華經,29.3,15056,False,2468
2022-11-28,2022-11-g005-2022-11-15-2606,2022-11-28,547011.7000000001,裕民,45.35,12062,False,2606
2022-11-28,2022-11-g014-2022-11-18-6245,2022-11-28,539528.0,立端,88.0,6131,False,6245
2022-11-28,2022-11-g011-2022-11-21-2468,2022-11-28,457702.39999999997,華經,30.4,15056,False,2468
2022-11-29,2022-11-g005-2022-11-15-2606,2022-11-29,561486.1,裕民,46.55,12062,False,2606
2022-11-29,2022-11-g014-2022-11-18-6245,2022-11-29,544432.7999999999,立端,88.8,6131,False,6245
2022-11-29,2022-11-g011-2022-11-21-2468,2022-11-29,441893.60000000003,華經,29.35,15056,False,2468
2022-11-30,2022-11-g005-2022-11-15-2606,2022-11-30,560883.0,裕民,46.5,12062,False,2606
2022-11-30,2022-11-g014-2022-11-18-6245,2022-11-30,585510.5,立端,95.5,6131,False,6245
2022-11-30,2022-11-g011-2022-11-21-2468,2022-11-30,434365.60000000003,華經,28.85,15056,False,2468
2022-12-01,2022-11-g005-2022-11-15-2606,2022-12-01,579579.1,裕民,48.05,12062,False,2606
2022-12-01,2022-11-g014-2022-11-18-6245,2022-12-01,592254.6,立端,96.6,6131,False,6245
2022-12-01,2022-11-g011-2022-11-21-2468,2022-12-01,447916.0,華經,29.75,15056,False,2468
2022-12-02,2022-11-g005-2022-11-15-2606,2022-12-02,563898.5,裕民,46.75,12062,False,2606
2022-12-02,2022-11-g014-2022-11-18-6245,2022-12-02,637624.0,立端,104.0,6131,False,6245
2022-12-02,2022-11-g011-2022-11-21-2468,2022-12-02,492331.20000000007,華經,32.7,15056,False,2468
2022-12-05,2022-11-g005-2022-11-15-2606,2022-12-05,557867.5,裕民,46.25,12062,False,2606
2022-12-05,2022-11-g014-2022-11-18-6245,2022-12-05,646820.5,立端,105.5,6131,False,6245
2022-12-05,2022-11-g011-2022-11-21-2468,2022-12-05,477275.2,華經,31.7,15056,False,2468
2022-12-06,2022-11-g005-2022-11-15-2606,2022-12-06,542790.0,裕民,45.0,12062,False,2606
2022-12-06,2022-11-g014-2022-11-18-6245,2022-12-06,662148.0,立端,108.0,6131,False,6245
2022-12-06,2022-11-g011-2022-11-21-2468,2022-12-06,456949.60000000003,華經,30.35,15056,False,2468
2022-12-07,2022-11-g005-2022-11-15-2606,2022-12-07,546408.6,裕民,45.3,12062,False,2606
2022-12-07,2022-11-g014-2022-11-18-6245,2022-12-07,637624.0,立端,104.0,6131,False,6245
2022-12-07,2022-11-g011-2022-11-21-2468,2022-12-07,444152.0,華經,29.5,15056,False,2468
2022-12-08,2022-11-g005-2022-11-15-2606,2022-12-08,553042.7000000001,裕民,45.85,12062,False,2606
2022-12-08,2022-11-g014-2022-11-18-6245,2022-12-08,659082.5,立端,107.5,6131,False,6245
2022-12-08,2022-11-g011-2022-11-21-2468,2022-12-08,456196.8,華經,30.3,15056,False,2468
2022-12-09,2022-11-g005-2022-11-15-2606,2022-12-09,569929.5,裕民,47.25,12062,False,2606
2022-12-09,2022-11-g014-2022-11-18-6245,2022-12-09,662148.0,立端,108.0,6131,False,6245
2022-12-09,2022-11-g011-2022-11-21-2468,2022-12-09,451680.0,華經,30.0,15056,False,2468
2022-12-12,2022-11-g005-2022-11-15-2606,2022-12-12,571135.7000000001,裕民,47.35,12062,False,2606
2022-12-12,2022-11-g014-2022-11-18-6245,2022-12-12,610034.5,立端,99.5,6131,False,6245
2022-12-12,2022-11-g011-2022-11-21-2468,2022-12-12,436624.0,華經,29.0,15056,False,2468
2022-12-13,2022-11-g005-2022-11-15-2606,2022-12-13,578372.9,裕民,47.95,12062,False,2606
2022-12-13,2022-11-g014-2022-11-18-6245,2022-12-13,594707.0,立端,97.0,6131,False,6245
2022-12-13,2022-11-g011-2022-11-21-2468,2022-12-13,423073.60000000003,華經,28.1,15056,False,2468
2022-12-14,2022-11-g005-2022-11-15-2606,2022-12-14,581388.4,裕民,48.2,12062,False,2606
2022-12-14,2022-11-g014-2022-11-18-6245,2022-12-14,625362.0,立端,102.0,6131,False,6245
2022-12-14,2022-11-g011-2022-11-21-2468,2022-12-14,424579.2,華經,28.2,15056,False,2468
2022-12-15,2022-11-g005-2022-11-15-2606,2022-12-15,609131.0,裕民,50.5,12062,False,2606
2022-12-15,2022-11-g014-2022-11-18-6245,2022-12-15,634558.5,立端,103.5,6131,False,6245
2022-12-15,2022-11-g011-2022-11-21-2468,2022-12-15,428343.2,華經,28.45,15056,False,2468
2022-12-16,2022-11-g005-2022-11-15-2606,2022-12-16,601290.7000000001,裕民,49.85,12062,False,2606
2022-12-16,2022-11-g014-2022-11-18-6245,2022-12-16,616165.5,立端,100.5,6131,False,6245
2022-12-16,2022-11-g011-2022-11-21-2468,2022-12-16,408017.60000000003,華經,27.1,15056,False,2468
2022-12-19,2022-11-g005-2022-11-15-2606,2022-12-19,574151.2000000001,裕民,47.6,12062,False,2606
2022-12-19,2022-11-g014-2022-11-18-6245,2022-12-19,631493.0,立端,103.0,6131,False,6245
2022-12-19,2022-11-g011-2022-11-21-2468,2022-12-19,404253.60000000003,華經,26.85,15056,False,2468
2022-12-20,2022-11-g005-2022-11-15-2606,2022-12-20,581388.4,裕民,48.2,12062,False,2606
2022-12-20,2022-11-g014-2022-11-18-6245,2022-12-20,606355.9,立端,98.9,6131,False,6245
2022-12-20,2022-11-g011-2022-11-21-2468,2022-12-20,937.8000000000001,華經,26.05,36,False,2468
2022-12-21,2022-11-g005-2022-11-15-2606,2022-12-21,596465.9,裕民,49.45,12062,False,2606
2022-12-21,2022-11-g014-2022-11-18-6245,2022-12-21,628427.5,立端,102.5,6131,False,6245
2022-12-22,2022-11-g005-2022-11-15-2606,2022-12-22,626017.7999999999,裕民,51.9,12062,False,2606
2022-12-22,2022-11-g014-2022-11-18-6245,2022-12-22,605742.7999999999,立端,98.8,6131,False,6245
2022-12-23,2022-11-g005-2022-11-15-2606,2022-12-23,604306.2000000001,裕民,50.1,12062,False,2606
2022-12-23,2022-11-g014-2022-11-18-6245,2022-12-23,562825.7999999999,立端,91.8,6131,False,6245
2022-12-26,2022-11-g005-2022-11-15-2606,2022-12-26,591038.0,裕民,49.0,12062,False,2606
2022-12-26,2022-11-g014-2022-11-18-6245,2022-12-26,565278.2000000001,立端,92.2,6131,False,6245
2022-12-27,2022-11-g005-2022-11-15-2606,2022-12-27,590434.9,裕民,48.95,12062,False,2606
2022-12-27,2022-11-g014-2022-11-18-6245,2022-12-27,580605.7000000001,立端,94.7,6131,False,6245
2022-12-28,2022-11-g005-2022-11-15-2606,2022-12-28,588625.6,裕民,48.8,12062,False,2606
2022-12-28,2022-11-g014-2022-11-18-6245,2022-12-28,557921.0,立端,91.0,6131,False,6245
2022-12-29,2022-11-g005-2022-11-15-2606,2022-12-29,587419.4,裕民,48.7,12062,False,2606
2022-12-29,2022-11-g014-2022-11-18-6245,2022-12-29,564052.0,立端,92.0,6131,False,6245
2022-12-30,2022-11-g005-2022-11-15-2606,2022-12-30,586213.2000000001,裕民,48.6,12062,False,2606
2022-12-30,2022-11-g014-2022-11-18-6245,2022-12-30,564052.0,立端,92.0,6131,False,6245
2023-01-03,2022-11-g005-2022-11-15-2606,2023-01-03,572945.0,裕民,47.5,12062,False,2606
2023-01-03,2022-11-g014-2022-11-18-6245,2023-01-03,9380.0,立端,93.8,100,False,6245
2023-01-04,2022-11-g005-2022-11-15-2606,2023-01-04,558470.6,裕民,46.3,12062,False,2606
2023-01-04,2022-11-g014-2022-11-18-6245,2023-01-04,4828.299999999999,立端,91.1,53,False,6245
2023-01-05,2022-11-g005-2022-11-15-2606,2023-01-05,564501.6,裕民,46.8,12062,False,2606
2023-01-06,2022-11-g005-2022-11-15-2606,2023-01-06,558470.6,裕民,46.3,12062,False,2606
2023-01-09,2022-11-g005-2022-11-15-2606,2023-01-09,578976.0,裕民,48.0,12062,False,2606
2023-01-10,2022-11-g005-2022-11-15-2606,2023-01-10,569326.4,裕民,47.2,12062,False,2606
2023-01-10,2023-01-g017-2023-01-09-2887,2023-01-10,513421.39999999997,台新新光金,15.7,32702,False,2887
2023-01-11,2022-11-g005-2022-11-15-2606,2023-01-11,1146.0,裕民,47.75,24,False,2606
2023-01-11,2023-01-g017-2023-01-09-2887,2023-01-11,510151.2,台新新光金,15.6,32702,False,2887
2023-01-11,2023-01-g008-2023-01-10-5269,2023-01-11,156170.0,祥碩,805.0,194,False,5269
2023-01-12,2023-01-g017-2023-01-09-2887,2023-01-12,508516.10000000003,台新新光金,15.55,32702,False,2887
2023-01-12,2023-01-g008-2023-01-10-5269,2023-01-12,153648.0,祥碩,792.0,194,False,5269
2023-01-12,2023-01-g016-2023-01-11-2732,2023-01-12,462528.0,六角,144.0,3212,False,2732
2023-01-13,2023-01-g017-2023-01-09-2887,2023-01-13,513421.39999999997,台新新光金,15.7,32702,False,2887
2023-01-13,2023-01-g008-2023-01-10-5269,2023-01-13,150738.0,祥碩,777.0,194,False,5269
2023-01-13,2023-01-g016-2023-01-11-2732,2023-01-13,467346.0,六角,145.5,3212,False,2732
2023-01-16,2023-01-g017-2023-01-09-2887,2023-01-16,516691.60000000003,台新新光金,15.8,32702,False,2887
2023-01-16,2023-01-g008-2023-01-10-5269,2023-01-16,157140.0,祥碩,810.0,194,False,5269
2023-01-16,2023-01-g016-2023-01-11-2732,2023-01-16,446468.0,六角,139.0,3212,False,2732
2023-01-17,2023-01-g017-2023-01-09-2887,2023-01-17,516691.60000000003,台新新光金,15.8,32702,False,2887
2023-01-17,2023-01-g008-2023-01-10-5269,2023-01-17,156752.0,祥碩,808.0,194,False,5269
2023-01-17,2023-01-g016-2023-01-11-2732,2023-01-17,462528.0,六角,144.0,3212,False,2732
2023-01-30,2023-01-g017-2023-01-09-2887,2023-01-30,546123.4,台新新光金,16.7,32702,False,2887
2023-01-30,2023-01-g008-2023-01-10-5269,2023-01-30,172272.0,祥碩,888.0,194,False,5269
2023-01-30,2023-01-g016-2023-01-11-2732,2023-01-30,448074.0,六角,139.5,3212,False,2732
2023-01-31,2023-01-g017-2023-01-09-2887,2023-01-31,531407.5,台新新光金,16.25,32702,False,2887
2023-01-31,2023-01-g008-2023-01-10-5269,2023-01-31,173242.0,祥碩,893.0,194,False,5269
2023-01-31,2023-01-g016-2023-01-11-2732,2023-01-31,443256.0,六角,138.0,3212,False,2732
2023-02-01,2023-01-g017-2023-01-09-2887,2023-02-01,531407.5,台新新光金,16.25,32702,False,2887
2023-02-01,2023-01-g008-2023-01-10-5269,2023-02-01,176152.0,祥碩,908.0,194,False,5269
2023-02-01,2023-01-g016-2023-01-11-2732,2023-02-01,454498.0,六角,141.5,3212,False,2732
2023-02-02,2023-01-g017-2023-01-09-2887,2023-02-02,531407.5,台新新光金,16.25,32702,False,2887
2023-02-02,2023-01-g008-2023-01-10-5269,2023-02-02,186434.0,祥碩,961.0,194,False,5269
2023-02-02,2023-01-g016-2023-01-11-2732,2023-02-02,446468.0,六角,139.0,3212,False,2732
2023-02-03,2023-01-g017-2023-01-09-2887,2023-02-03,533042.6,台新新光金,16.3,32702,False,2887
2023-02-03,2023-01-g008-2023-01-10-5269,2023-02-03,187016.0,祥碩,964.0,194,False,5269
2023-02-03,2023-01-g016-2023-01-11-2732,2023-02-03,441650.0,六角,137.5,3212,False,2732
2023-02-06,2023-01-g017-2023-01-09-2887,2023-02-06,528137.2999999999,台新新光金,16.15,32702,False,2887
2023-02-06,2023-01-g008-2023-01-10-5269,2023-02-06,177898.0,祥碩,917.0,194,False,5269
2023-02-06,2023-01-g016-2023-01-11-2732,2023-02-06,451286.0,六角,140.5,3212,False,2732
2023-02-07,2023-01-g017-2023-01-09-2887,2023-02-07,526502.2000000001,台新新光金,16.1,32702,False,2887
2023-02-07,2023-01-g008-2023-01-10-5269,2023-02-07,184106.0,祥碩,949.0,194,False,5269
2023-02-07,2023-01-g016-2023-01-11-2732,2023-02-07,452892.0,六角,141.0,3212,False,2732
2023-02-08,2023-01-g017-2023-01-09-2887,2023-02-08,526502.2000000001,台新新光金,16.1,32702,False,2887
2023-02-08,2023-01-g008-2023-01-10-5269,2023-02-08,195940.0,祥碩,1010.0,194,False,5269
2023-02-08,2023-01-g016-2023-01-11-2732,2023-02-08,452892.0,六角,141.0,3212,False,2732
2023-02-09,2023-01-g017-2023-01-09-2887,2023-02-09,529772.4,台新新光金,16.2,32702,False,2887
2023-02-09,2023-01-g008-2023-01-10-5269,2023-02-09,192836.0,祥碩,994.0,194,False,5269
2023-02-09,2023-01-g016-2023-01-11-2732,2023-02-09,462528.0,六角,144.0,3212,False,2732
2023-02-10,2023-01-g017-2023-01-09-2887,2023-02-10,528137.2999999999,台新新光金,16.15,32702,False,2887
2023-02-10,2023-01-g008-2023-01-10-5269,2023-02-10,183912.0,祥碩,948.0,194,False,5269
2023-02-10,2023-01-g016-2023-01-11-2732,2023-02-10,456104.0,六角,142.0,3212,False,2732
2023-02-13,2023-01-g017-2023-01-09-2887,2023-02-13,533042.6,台新新光金,16.3,32702,False,2887
2023-02-13,2023-01-g008-2023-01-10-5269,2023-02-13,174988.0,祥碩,902.0,194,False,5269
2023-02-13,2023-01-g016-2023-01-11-2732,2023-02-13,462528.0,六角,144.0,3212,False,2732
2023-02-14,2023-01-g017-2023-01-09-2887,2023-02-14,534677.7000000001,台新新光金,16.35,32702,False,2887
2023-02-14,2023-01-g008-2023-01-10-5269,2023-02-14,173048.0,祥碩,892.0,194,False,5269
2023-02-14,2023-01-g016-2023-01-11-2732,2023-02-14,494648.0,六角,154.0,3212,False,2732
2023-02-15,2023-01-g017-2023-01-09-2887,2023-02-15,531407.5,台新新光金,16.25,32702,False,2887
2023-02-15,2023-01-g008-2023-01-10-5269,2023-02-15,173048.0,祥碩,892.0,194,False,5269
2023-02-15,2023-01-g016-2023-01-11-2732,2023-02-15,485012.0,六角,151.0,3212,False,2732
2023-02-16,2023-01-g017-2023-01-09-2887,2023-02-16,531407.5,台新新光金,16.25,32702,False,2887
2023-02-16,2023-01-g008-2023-01-10-5269,2023-02-16,178480.0,祥碩,920.0,194,False,5269
2023-02-16,2023-01-g016-2023-01-11-2732,2023-02-16,493042.0,六角,153.5,3212,False,2732
2023-02-17,2023-01-g017-2023-01-09-2887,2023-02-17,536312.7999999999,台新新光金,16.4,32702,False,2887
2023-02-17,2023-01-g008-2023-01-10-5269,2023-02-17,175182.0,祥碩,903.0,194,False,5269
2023-02-17,2023-01-g016-2023-01-11-2732,2023-02-17,499466.0,六角,155.5,3212,False,2732
2023-02-20,2023-01-g017-2023-01-09-2887,2023-02-20,542853.2000000001,台新新光金,16.6,32702,False,2887
2023-02-20,2023-01-g008-2023-01-10-5269,2023-02-20,184300.0,祥碩,950.0,194,False,5269
2023-02-20,2023-01-g016-2023-01-11-2732,2023-02-20,494648.0,六角,154.0,3212,False,2732
2023-02-21,2023-01-g017-2023-01-09-2887,2023-02-21,541218.1,台新新光金,16.55,32702,False,2887
2023-02-21,2023-01-g008-2023-01-10-5269,2023-02-21,194970.0,祥碩,1005.0,194,False,5269
2023-02-21,2023-01-g016-2023-01-11-2732,2023-02-21,497860.0,六角,155.0,3212,False,2732
2023-02-22,2023-01-g017-2023-01-09-2887,2023-02-22,541218.1,台新新光金,16.55,32702,False,2887
2023-02-22,2023-01-g008-2023-01-10-5269,2023-02-22,188568.0,祥碩,972.0,194,False,5269
2023-02-22,2023-01-g016-2023-01-11-2732,2023-02-22,497860.0,六角,155.0,3212,False,2732
2023-02-23,2023-01-g017-2023-01-09-2887,2023-02-23,541218.1,台新新光金,16.55,32702,False,2887
2023-02-23,2023-01-g008-2023-01-10-5269,2023-02-23,196910.0,祥碩,1015.0,194,False,5269
2023-02-23,2023-01-g016-2023-01-11-2732,2023-02-23,502678.0,六角,156.5,3212,False,2732
2023-02-24,2023-01-g017-2023-01-09-2887,2023-02-24,537947.9,台新新光金,16.45,32702,False,2887
2023-02-24,2023-01-g008-2023-01-10-5269,2023-02-24,192254.0,祥碩,991.0,194,False,5269
2023-02-24,2023-01-g016-2023-01-11-2732,2023-02-24,521950.0,六角,162.5,3212,False,2732
2023-03-01,2023-01-g017-2023-01-09-2887,2023-03-01,534677.7000000001,台新新光金,16.35,32702,False,2887
2023-03-01,2023-01-g008-2023-01-10-5269,2023-03-01,193224.0,祥碩,996.0,194,False,5269
2023-03-01,2023-01-g016-2023-01-11-2732,2023-03-01,512314.0,六角,159.5,3212,False,2732
2023-03-02,2023-01-g017-2023-01-09-2887,2023-03-02,534677.7000000001,台新新光金,16.35,32702,False,2887
2023-03-02,2023-01-g008-2023-01-10-5269,2023-03-02,190120.0,祥碩,980.0,194,False,5269
2023-03-02,2023-01-g016-2023-01-11-2732,2023-03-02,507496.0,六角,158.0,3212,False,2732
2023-03-03,2023-01-g017-2023-01-09-2887,2023-03-03,533042.6,台新新光金,16.3,32702,False,2887
2023-03-03,2023-01-g008-2023-01-10-5269,2023-03-03,185076.0,祥碩,954.0,194,False,5269
2023-03-03,2023-01-g016-2023-01-11-2732,2023-03-03,557282.0,六角,173.5,3212,False,2732
2023-03-06,2023-01-g017-2023-01-09-2887,2023-03-06,536312.7999999999,台新新光金,16.4,32702,False,2887
2023-03-06,2023-01-g008-2023-01-10-5269,2023-03-06,185270.0,祥碩,955.0,194,False,5269
2023-03-06,2023-01-g016-2023-01-11-2732,2023-03-06,578160.0,六角,180.0,3212,False,2732
2023-03-07,2023-01-g017-2023-01-09-2887,2023-03-07,539583.0,台新新光金,16.5,32702,False,2887
2023-03-07,2023-01-g008-2023-01-10-5269,2023-03-07,143189.0,祥碩,961.0,149,False,5269
2023-03-07,2023-01-g016-2023-01-11-2732,2023-03-07,602250.0,六角,187.5,3212,False,2732
2023-03-08,2023-01-g017-2023-01-09-2887,2023-03-08,539583.0,台新新光金,16.5,32702,False,2887
2023-03-08,2023-01-g008-2023-01-10-5269,2023-03-08,42795.0,祥碩,951.0,45,False,5269
2023-03-08,2023-01-g016-2023-01-11-2732,2023-03-08,570130.0,六角,177.5,3212,False,2732
2023-03-09,2023-01-g017-2023-01-09-2887,2023-03-09,537947.9,台新新光金,16.45,32702,False,2887
2023-03-09,2023-01-g016-2023-01-11-2732,2023-03-09,570130.0,六角,177.5,3212,False,2732
2023-03-10,2023-01-g017-2023-01-09-2887,2023-03-10,528137.2999999999,台新新光金,16.15,32702,False,2887
2023-03-10,2023-01-g016-2023-01-11-2732,2023-03-10,539616.0,六角,168.0,3212,False,2732
2023-03-10,2023-03-g006-2023-03-09-2457,2023-03-10,581225.4,飛宏,56.6,10269,False,2457
2023-03-13,2023-01-g017-2023-01-09-2887,2023-03-13,528137.2999999999,台新新光金,16.15,32702,False,2887
2023-03-13,2023-01-g016-2023-01-11-2732,2023-03-13,528374.0,六角,164.5,3212,False,2732
2023-03-13,2023-03-g006-2023-03-09-2457,2023-03-13,577117.8,飛宏,56.2,10269,False,2457
2023-03-14,2023-01-g017-2023-01-09-2887,2023-03-14,518326.7,台新新光金,15.85,32702,False,2887
2023-03-14,2023-01-g016-2023-01-11-2732,2023-03-14,542828.0,六角,169.0,3212,False,2732
2023-03-14,2023-03-g006-2023-03-09-2457,2023-03-14,599709.6,飛宏,58.4,10269,False,2457
2023-03-15,2023-01-g017-2023-01-09-2887,2023-03-15,518326.7,台新新光金,15.85,32702,False,2887
2023-03-15,2023-01-g016-2023-01-11-2732,2023-03-15,568524.0,六角,177.0,3212,False,2732
2023-03-15,2023-03-g006-2023-03-09-2457,2023-03-15,607924.8,飛宏,59.2,10269,False,2457
2023-03-16,2023-01-g016-2023-01-11-2732,2023-03-16,520344.0,六角,162.0,3212,False,2732
2023-03-16,2023-03-g006-2023-03-09-2457,2023-03-16,600736.5,飛宏,58.5,10269,False,2457
2023-03-17,2023-01-g016-2023-01-11-2732,2023-03-17,539616.0,六角,168.0,3212,False,2732
2023-03-17,2023-03-g006-2023-03-09-2457,2023-03-17,606897.9,飛宏,59.1,10269,False,2457
2023-03-17,2023-03-g011-2023-03-16-3661,2023-03-17,582015.0,世芯-KY,1205.0,483,False,3661
2023-03-20,2023-01-g016-2023-01-11-2732,2023-03-20,544434.0,六角,169.5,3212,False,2732
2023-03-20,2023-03-g006-2023-03-09-2457,2023-03-20,611005.5,飛宏,59.5,10269,False,2457
2023-03-20,2023-03-g011-2023-03-16-3661,2023-03-20,601335.0,世芯-KY,1245.0,483,False,3661
2023-03-21,2023-01-g016-2023-01-11-2732,2023-03-21,570130.0,六角,177.5,3212,False,2732
2023-03-21,2023-03-g006-2023-03-09-2457,2023-03-21,627435.9,飛宏,61.1,10269,False,2457
2023-03-21,2023-03-g011-2023-03-16-3661,2023-03-21,623070.0,世芯-KY,1290.0,483,False,3661
2023-03-22,2023-01-g016-2023-01-11-2732,2023-03-22,599038.0,六角,186.5,3212,False,2732
2023-03-22,2023-03-g006-2023-03-09-2457,2023-03-22,605871.0,飛宏,59.0,10269,False,2457
2023-03-22,2023-03-g011-2023-03-16-3661,2023-03-22,630315.0,世芯-KY,1305.0,483,False,3661
2023-03-23,2023-01-g016-2023-01-11-2732,2023-03-23,586190.0,六角,182.5,3212,False,2732
2023-03-23,2023-03-g006-2023-03-09-2457,2023-03-23,611005.5,飛宏,59.5,10269,False,2457
2023-03-23,2023-03-g011-2023-03-16-3661,2023-03-23,630315.0,世芯-KY,1305.0,483,False,3661
2023-03-24,2023-01-g016-2023-01-11-2732,2023-03-24,568524.0,六角,177.0,3212,False,2732
2023-03-24,2023-03-g006-2023-03-09-2457,2023-03-24,616140.0,飛宏,60.0,10269,False,2457
2023-03-24,2023-03-g011-2023-03-16-3661,2023-03-24,606165.0,世芯-KY,1255.0,483,False,3661
2023-03-27,2023-01-g016-2023-01-11-2732,2023-03-27,570130.0,六角,177.5,3212,False,2732
2023-03-27,2023-03-g006-2023-03-09-2457,2023-03-27,614086.2,飛宏,59.8,10269,False,2457
2023-03-27,2023-03-g011-2023-03-16-3661,2023-03-27,608580.0,世芯-KY,1260.0,483,False,3661
2023-03-28,2023-01-g016-2023-01-11-2732,2023-03-28,578160.0,六角,180.0,3212,False,2732
2023-03-28,2023-03-g006-2023-03-09-2457,2023-03-28,607924.8,飛宏,59.2,10269,False,2457
2023-03-28,2023-03-g011-2023-03-16-3661,2023-03-28,586845.0,世芯-KY,1215.0,483,False,3661
2023-03-29,2023-01-g016-2023-01-11-2732,2023-03-29,579766.0,六角,180.5,3212,False,2732
2023-03-29,2023-03-g006-2023-03-09-2457,2023-03-29,614086.2,飛宏,59.8,10269,False,2457
2023-03-29,2023-03-g011-2023-03-16-3661,2023-03-29,584430.0,世芯-KY,1210.0,483,False,3661
2023-03-30,2023-01-g016-2023-01-11-2732,2023-03-30,570130.0,六角,177.5,3212,False,2732
2023-03-30,2023-03-g006-2023-03-09-2457,2023-03-30,624355.2,飛宏,60.8,10269,False,2457
2023-03-30,2023-03-g011-2023-03-16-3661,2023-03-30,569940.0,世芯-KY,1180.0,483,False,3661
2023-03-31,2023-01-g016-2023-01-11-2732,2023-03-31,573342.0,六角,178.5,3212,False,2732
2023-03-31,2023-03-g006-2023-03-09-2457,2023-03-31,619220.7,飛宏,60.3,10269,False,2457
2023-03-31,2023-03-g011-2023-03-16-3661,2023-03-31,598920.0,世芯-KY,1240.0,483,False,3661
2023-04-06,2023-01-g016-2023-01-11-2732,2023-04-06,557282.0,六角,173.5,3212,False,2732
2023-04-06,2023-03-g006-2023-03-09-2457,2023-04-06,632570.4,飛宏,61.6,10269,False,2457
2023-04-06,2023-03-g011-2023-03-16-3661,2023-04-06,584430.0,世芯-KY,1210.0,483,False,3661
2023-04-07,2023-01-g016-2023-01-11-2732,2023-04-07,547646.0,六角,170.5,3212,False,2732
2023-04-07,2023-03-g006-2023-03-09-2457,2023-04-07,641812.5,飛宏,62.5,10269,False,2457
2023-04-07,2023-03-g011-2023-03-16-3661,2023-04-07,603750.0,世芯-KY,1250.0,483,False,3661
2023-04-10,2023-01-g016-2023-01-11-2732,2023-04-10,554070.0,六角,172.5,3212,False,2732
2023-04-10,2023-03-g006-2023-03-09-2457,2023-04-10,683915.3999999999,飛宏,66.6,10269,False,2457
2023-04-10,2023-03-g011-2023-03-16-3661,2023-04-10,635145.0,世芯-KY,1315.0,483,False,3661
2023-04-11,2023-01-g016-2023-01-11-2732,2023-04-11,539616.0,六角,168.0,3212,False,2732
2023-04-11,2023-03-g006-2023-03-09-2457,2023-04-11,680834.7,飛宏,66.3,10269,False,2457
2023-04-11,2023-03-g011-2023-03-16-3661,2023-04-11,649635.0,世芯-KY,1345.0,483,False,3661
2023-04-12,2023-01-g016-2023-01-11-2732,2023-04-12,536404.0,六角,167.0,3212,False,2732
2023-04-12,2023-03-g006-2023-03-09-2457,2023-04-12,680834.7,飛宏,66.3,10269,False,2457
2023-04-12,2023-03-g011-2023-03-16-3661,2023-04-12,647220.0,世芯-KY,1340.0,483,False,3661
2023-04-13,2023-01-g016-2023-01-11-2732,2023-04-13,24310.0,六角,170.0,143,False,2732
2023-04-13,2023-03-g006-2023-03-09-2457,2023-04-13,691103.7,飛宏,67.3,10269,False,2457
2023-04-13,2023-03-g011-2023-03-16-3661,2023-04-13,623070.0,世芯-KY,1290.0,483,False,3661
2023-04-14,2023-01-g016-2023-01-11-2732,2023-04-14,14706.0,六角,171.0,86,False,2732
2023-04-14,2023-03-g006-2023-03-09-2457,2023-04-14,708561.0,飛宏,69.0,10269,False,2457
2023-04-14,2023-03-g011-2023-03-16-3661,2023-04-14,656880.0,世芯-KY,1360.0,483,False,3661
2023-04-17,2023-01-g016-2023-01-11-2732,2023-04-17,10350.0,六角,172.5,60,False,2732
2023-04-17,2023-03-g006-2023-03-09-2457,2023-04-17,779417.1000000001,飛宏,75.9,10269,False,2457
2023-04-17,2023-03-g011-2023-03-16-3661,2023-04-17,647220.0,世芯-KY,1340.0,483,False,3661
2023-04-18,2023-03-g006-2023-03-09-2457,2023-04-18,784551.6000000001,飛宏,76.4,10269,False,2457
2023-04-18,2023-03-g011-2023-03-16-3661,2023-04-18,618240.0,世芯-KY,1280.0,483,False,3661
2023-04-18,2023-04-g014-2023-04-17-6235,2023-04-18,540689.5,華孚,96.5,5603,False,6235
2023-04-19,2023-03-g006-2023-03-09-2457,2023-04-19,798928.2,飛宏,77.8,10269,False,2457
2023-04-19,2023-03-g011-2023-03-16-3661,2023-04-19,625485.0,世芯-KY,1295.0,483,False,3661
2023-04-19,2023-04-g014-2023-04-17-6235,2023-04-19,558058.7999999999,華孚,99.6,5603,False,6235
2023-04-20,2023-03-g006-2023-03-09-2457,2023-04-20,766067.3999999999,飛宏,74.6,10269,False,2457
2023-04-20,2023-03-g011-2023-03-16-3661,2023-04-20,635145.0,世芯-KY,1315.0,483,False,3661
2023-04-20,2023-04-g014-2023-04-17-6235,2023-04-20,534526.2000000001,華孚,95.4,5603,False,6235
2023-04-21,2023-03-g006-2023-03-09-2457,2023-04-21,744502.5,飛宏,72.5,10269,False,2457
2023-04-21,2023-03-g011-2023-03-16-3661,2023-04-21,577185.0,世芯-KY,1195.0,483,False,3661
2023-04-21,2023-04-g014-2023-04-17-6235,2023-04-21,522199.60000000003,華孚,93.2,5603,False,6235
2023-04-24,2023-03-g006-2023-03-09-2457,2023-04-24,752717.7,飛宏,73.3,10269,False,2457
2023-04-24,2023-03-g011-2023-03-16-3661,2023-04-24,584430.0,世芯-KY,1210.0,483,False,3661
2023-04-24,2023-04-g014-2023-04-17-6235,2023-04-24,524440.7999999999,華孚,93.6,5603,False,6235
2023-04-25,2023-03-g006-2023-03-09-2457,2023-04-25,746556.3,飛宏,72.7,10269,False,2457
2023-04-25,2023-03-g011-2023-03-16-3661,2023-04-25,110095.0,世芯-KY,1135.0,97,False,3661
2023-04-25,2023-04-g014-2023-04-17-6235,2023-04-25,485219.8,華孚,86.6,5603,False,6235
2023-04-26,2023-03-g006-2023-03-09-2457,2023-04-26,738341.1000000001,飛宏,71.9,10269,False,2457
2023-04-26,2023-04-g014-2023-04-17-6235,2023-04-26,507071.5,華孚,90.5,5603,False,6235
2023-04-27,2023-03-g006-2023-03-09-2457,2023-04-27,738341.1000000001,飛宏,71.9,10269,False,2457
2023-04-27,2023-04-g014-2023-04-17-6235,2023-04-27,510993.60000000003,華孚,91.2,5603,False,6235
2023-04-28,2023-03-g006-2023-03-09-2457,2023-04-28,754771.5,飛宏,73.5,10269,False,2457
2023-04-28,2023-04-g014-2023-04-17-6235,2023-04-28,536207.1,華孚,95.7,5603,False,6235
2023-05-02,2023-03-g006-2023-03-09-2457,2023-05-02,785578.5,飛宏,76.5,10269,False,2457
2023-05-02,2023-04-g014-2023-04-17-6235,2023-05-02,539008.6,華孚,96.2,5603,False,6235
2023-05-03,2023-03-g006-2023-03-09-2457,2023-05-03,780444.0,飛宏,76.0,10269,False,2457
2023-05-03,2023-04-g014-2023-04-17-6235,2023-05-03,528923.2000000001,華孚,94.4,5603,False,6235
2023-05-03,2023-05-g006-2023-05-02-1905,2023-05-03,586168.1,華紙,25.55,22942,False,1905
2023-05-04,2023-03-g006-2023-03-09-2457,2023-05-04,759906.0,飛宏,74.0,10269,False,2457
2023-05-04,2023-04-g014-2023-04-17-6235,2023-05-04,537327.7000000001,華孚,95.9,5603,False,6235
2023-05-04,2023-05-g006-2023-05-02-1905,2023-05-04,596492.0,華紙,26.0,22942,False,1905
2023-05-05,2023-03-g006-2023-03-09-2457,2023-05-05,731152.8,飛宏,71.2,10269,False,2457
2023-05-05,2023-04-g014-2023-04-17-6235,2023-05-05,535086.5,華孚,95.5,5603,False,6235
2023-05-05,2023-05-g006-2023-05-02-1905,2023-05-05,576991.2999999999,華紙,25.15,22942,False,1905
2023-05-08,2023-03-g006-2023-03-09-2457,2023-05-08,757852.2,飛宏,73.8,10269,False,2457
2023-05-08,2023-04-g014-2023-04-17-6235,2023-05-08,550774.9,華孚,98.3,5603,False,6235
2023-05-08,2023-05-g006-2023-05-02-1905,2023-05-08,579285.5,華紙,25.25,22942,False,1905
2023-05-09,2023-03-g006-2023-03-09-2457,2023-05-09,736287.3,飛宏,71.7,10269,False,2457
2023-05-09,2023-04-g014-2023-04-17-6235,2023-05-09,546292.5,華孚,97.5,5603,False,6235
2023-05-09,2023-05-g006-2023-05-02-1905,2023-05-09,591903.6,華紙,25.8,22942,False,1905
2023-05-10,2023-03-g006-2023-03-09-2457,2023-05-10,718830.0,飛宏,70.0,10269,False,2457
2023-05-10,2023-04-g014-2023-04-17-6235,2023-05-10,510433.3,華孚,91.1,5603,False,6235
2023-05-10,2023-05-g006-2023-05-02-1905,2023-05-10,583873.9,華紙,25.45,22942,False,1905
2023-05-11,2023-03-g006-2023-03-09-2457,2023-05-11,707534.1000000001,飛宏,68.9,10269,False,2457
2023-05-11,2023-04-g014-2023-04-17-6235,2023-05-11,514355.39999999997,華孚,91.8,5603,False,6235
2023-05-11,2023-05-g006-2023-05-02-1905,2023-05-11,541431.2000000001,華紙,23.6,22942,False,1905
2023-05-12,2023-03-g006-2023-03-09-2457,2023-05-12,751690.8,飛宏,73.2,10269,False,2457
2023-05-12,2023-04-g014-2023-04-17-6235,2023-05-12,545171.9,華孚,97.3,5603,False,6235
2023-05-12,2023-05-g006-2023-05-02-1905,2023-05-12,551755.1,華紙,24.05,22942,False,1905
2023-05-15,2023-03-g006-2023-03-09-2457,2023-05-15,746556.3,飛宏,72.7,10269,False,2457
2023-05-15,2023-04-g014-2023-04-17-6235,2023-05-15,542370.4,華孚,96.8,5603,False,6235
2023-05-15,2023-05-g006-2023-05-02-1905,2023-05-15,552902.2000000001,華紙,24.1,22942,False,1905
2023-05-16,2023-03-g006-2023-03-09-2457,2023-05-16,764013.6000000001,飛宏,74.4,10269,False,2457
2023-05-16,2023-04-g014-2023-04-17-6235,2023-05-16,537888.0,華孚,96.0,5603,False,6235
2023-05-16,2023-05-g006-2023-05-02-1905,2023-05-16,551755.1,華紙,24.05,22942,False,1905
2023-05-17,2023-03-g006-2023-03-09-2457,2023-05-17,760932.8999999999,飛宏,74.1,10269,False,2457
2023-05-17,2023-04-g014-2023-04-17-6235,2023-05-17,591116.5,華孚,105.5,5603,False,6235
2023-05-17,2023-05-g006-2023-05-02-1905,2023-05-17,556343.5,華紙,24.25,22942,False,1905
2023-05-18,2023-03-g006-2023-03-09-2457,2023-05-18,778390.2,飛宏,75.8,10269,False,2457
2023-05-18,2023-04-g014-2023-04-17-6235,2023-05-18,649948.0,華孚,116.0,5603,False,6235
2023-05-18,2023-05-g006-2023-05-02-1905,2023-05-18,573550.0,華紙,25.0,22942,False,1905
2023-05-19,2023-03-g006-2023-03-09-2457,2023-05-19,751690.8,飛宏,73.2,10269,False,2457
2023-05-19,2023-04-g014-2023-04-17-6235,2023-05-19,633139.0,華孚,113.0,5603,False,6235
2023-05-19,2023-05-g006-2023-05-02-1905,2023-05-19,551755.1,華紙,24.05,22942,False,1905
2023-05-22,2023-03-g006-2023-03-09-2457,2023-05-22,773255.7,飛宏,75.3,10269,False,2457
2023-05-22,2023-04-g014-2023-04-17-6235,2023-05-22,633139.0,華孚,113.0,5603,False,6235
2023-05-22,2023-05-g006-2023-05-02-1905,2023-05-22,555196.4,華紙,24.2,22942,False,1905
2023-05-23,2023-03-g006-2023-03-09-2457,2023-05-23,775309.5,飛宏,75.5,10269,False,2457
2023-05-23,2023-04-g014-2023-04-17-6235,2023-05-23,633139.0,華孚,113.0,5603,False,6235
2023-05-23,2023-05-g006-2023-05-02-1905,2023-05-23,581579.7000000001,華紙,25.35,22942,False,1905
2023-05-24,2023-03-g006-2023-03-09-2457,2023-05-24,778390.2,飛宏,75.8,10269,False,2457
2023-05-24,2023-04-g014-2023-04-17-6235,2023-05-24,638742.0,華孚,114.0,5603,False,6235
2023-05-24,2023-05-g006-2023-05-02-1905,2023-05-24,598786.2000000001,華紙,26.1,22942,False,1905
2023-05-25,2023-03-g006-2023-03-09-2457,2023-05-25,765040.5,飛宏,74.5,10269,False,2457
2023-05-25,2023-04-g014-2023-04-17-6235,2023-05-25,655551.0,華孚,117.0,5603,False,6235
2023-05-25,2023-05-g006-2023-05-02-1905,2023-05-25,582726.7999999999,華紙,25.4,22942,False,1905
2023-05-26,2023-03-g006-2023-03-09-2457,2023-05-26,756825.3,飛宏,73.7,10269,False,2457
2023-05-26,2023-04-g014-2023-04-17-6235,2023-05-26,630337.5,華孚,112.5,5603,False,6235
2023-05-26,2023-05-g006-2023-05-02-1905,2023-05-26,559784.7999999999,華紙,24.4,22942,False,1905
2023-05-29,2023-03-g006-2023-03-09-2457,2023-05-29,784551.6000000001,飛宏,76.4,10269,False,2457
2023-05-29,2023-04-g014-2023-04-17-6235,2023-05-29,691970.5,華孚,123.5,5603,False,6235
2023-05-29,2023-05-g006-2023-05-02-1905,2023-05-29,588462.2999999999,華紙,25.65,22942,False,1905
2023-05-30,2023-03-g006-2023-03-09-2457,2023-05-30,786605.3999999999,飛宏,76.6,10269,False,2457
2023-05-30,2023-04-g014-2023-04-17-6235,2023-05-30,669558.5,華孚,119.5,5603,False,6235
2023-05-30,2023-05-g006-2023-05-02-1905,2023-05-30,575844.2000000001,華紙,25.1,22942,False,1905
2023-05-31,2023-03-g006-2023-03-09-2457,2023-05-31,805089.6000000001,飛宏,78.4,10269,False,2457
2023-05-31,2023-04-g014-2023-04-17-6235,2023-05-31,697573.5,華孚,124.5,5603,False,6235
2023-05-31,2023-05-g006-2023-05-02-1905,2023-05-31,587315.2000000001,華紙,25.6,22942,False,1905
2023-06-01,2023-03-g006-2023-03-09-2457,2023-06-01,841031.1000000001,飛宏,81.9,10269,False,2457
2023-06-01,2023-04-g014-2023-04-17-6235,2023-06-01,697573.5,華孚,124.5,5603,False,6235
2023-06-01,2023-05-g006-2023-05-02-1905,2023-06-01,645817.2999999999,華紙,28.15,22942,False,1905
2023-06-02,2023-03-g006-2023-03-09-2457,2023-06-02,856434.6000000001,飛宏,83.4,10269,False,2457
2023-06-02,2023-04-g014-2023-04-17-6235,2023-06-02,697573.5,華孚,124.5,5603,False,6235
2023-06-02,2023-05-g006-2023-05-02-1905,2023-06-02,645817.2999999999,華紙,28.15,22942,False,1905
2023-06-05,2023-03-g006-2023-03-09-2457,2023-06-05,880053.3,飛宏,85.7,10269,False,2457
2023-06-05,2023-04-g014-2023-04-17-6235,2023-06-05,733993.0,華孚,131.0,5603,False,6235
2023-06-05,2023-05-g006-2023-05-02-1905,2023-06-05,664170.9,華紙,28.95,22942,False,1905
2023-06-06,2023-03-g006-2023-03-09-2457,2023-06-06,848219.3999999999,飛宏,82.6,10269,False,2457
2023-06-06,2023-04-g014-2023-04-17-6235,2023-06-06,722787.0,華孚,129.0,5603,False,6235
2023-06-06,2023-05-g006-2023-05-02-1905,2023-06-06,645817.2999999999,華紙,28.15,22942,False,1905
2023-06-07,2023-03-g006-2023-03-09-2457,2023-06-07,836923.5,飛宏,81.5,10269,False,2457
2023-06-07,2023-04-g014-2023-04-17-6235,2023-06-07,722787.0,華孚,129.0,5603,False,6235
2023-06-07,2023-05-g006-2023-05-02-1905,2023-06-07,644670.2000000001,華紙,28.1,22942,False,1905
2023-06-08,2023-03-g006-2023-03-09-2457,2023-06-08,810224.1000000001,飛宏,78.9,10269,False,2457
2023-06-08,2023-04-g014-2023-04-17-6235,2023-06-08,722787.0,華孚,129.0,5603,False,6235
2023-06-08,2023-05-g006-2023-05-02-1905,2023-06-08,632052.1,華紙,27.55,22942,False,1905
2023-06-09,2023-03-g006-2023-03-09-2457,2023-06-09,811251.0,飛宏,79.0,10269,False,2457
2023-06-09,2023-04-g014-2023-04-17-6235,2023-06-09,736794.5,華孚,131.5,5603,False,6235
2023-06-09,2023-05-g006-2023-05-02-1905,2023-06-09,641228.9,華紙,27.95,22942,False,1905
2023-06-12,2023-03-g006-2023-03-09-2457,2023-06-12,806116.5,飛宏,78.5,10269,False,2457
2023-06-12,2023-04-g014-2023-04-17-6235,2023-06-12,767611.0,華孚,137.0,5603,False,6235
2023-06-12,2023-05-g006-2023-05-02-1905,2023-06-12,619434.0,華紙,27.0,22942,False,1905
2023-06-13,2023-04-g014-2023-04-17-6235,2023-06-13,843251.5,華孚,150.5,5603,False,6235
2023-06-13,2023-05-g006-2023-05-02-1905,2023-06-13,619434.0,華紙,27.0,22942,False,1905
2023-06-14,2023-04-g014-2023-04-17-6235,2023-06-14,882472.5,華孚,157.5,5603,False,6235
2023-06-14,2023-05-g006-2023-05-02-1905,2023-06-14,611404.2999999999,華紙,26.65,22942,False,1905
2023-06-15,2023-04-g014-2023-04-17-6235,2023-06-15,893678.5,華孚,159.5,5603,False,6235
2023-06-15,2023-05-g006-2023-05-02-1905,2023-06-15,627463.7000000001,華紙,27.35,22942,False,1905
2023-06-15,2023-06-g008-2023-06-14-3260,2023-06-15,705034.0,威剛,87.8,8030,False,3260
2023-06-16,2023-04-g014-2023-04-17-6235,2023-06-16,938502.5,華孚,167.5,5603,False,6235
2023-06-16,2023-05-g006-2023-05-02-1905,2023-06-16,637787.6,華紙,27.8,22942,False,1905
2023-06-16,2023-06-g008-2023-06-14-3260,2023-06-16,739563.0,威剛,92.1,8030,False,3260
2023-06-19,2023-04-g014-2023-04-17-6235,2023-06-19,918892.0,華孚,164.0,5603,False,6235
2023-06-19,2023-05-g006-2023-05-02-1905,2023-06-19,634346.2999999999,華紙,27.65,22942,False,1905
2023-06-19,2023-06-g008-2023-06-14-3260,2023-06-19,742775.0,威剛,92.5,8030,False,3260
2023-06-20,2023-04-g014-2023-04-17-6235,2023-06-20,857259.0,華孚,153.0,5603,False,6235
2023-06-20,2023-05-g006-2023-05-02-1905,2023-06-20,636640.5,華紙,27.75,22942,False,1905
2023-06-20,2023-06-g008-2023-06-14-3260,2023-06-20,725912.0,威剛,90.4,8030,False,3260
2023-06-21,2023-04-g014-2023-04-17-6235,2023-06-21,871266.5,華孚,155.5,5603,False,6235
2023-06-21,2023-05-g006-2023-05-02-1905,2023-06-21,661876.7000000001,華紙,28.85,22942,False,1905
2023-06-21,2023-06-g008-2023-06-14-3260,2023-06-21,727518.0,威剛,90.6,8030,False,3260
2023-06-26,2023-04-g014-2023-04-17-6235,2023-06-26,865663.5,華孚,154.5,5603,False,6235
2023-06-26,2023-05-g006-2023-05-02-1905,2023-06-26,669906.4,華紙,29.2,22942,False,1905
2023-06-26,2023-06-g008-2023-06-14-3260,2023-06-26,697807.0,威剛,86.9,8030,False,3260
2023-06-27,2023-04-g014-2023-04-17-6235,2023-06-27,829244.0,華孚,148.0,5603,False,6235
2023-06-27,2023-05-g006-2023-05-02-1905,2023-06-27,626316.6,華紙,27.3,22942,False,1905
2023-06-27,2023-06-g008-2023-06-14-3260,2023-06-27,693792.0,威剛,86.4,8030,False,3260
2023-06-28,2023-04-g014-2023-04-17-6235,2023-06-28,823641.0,華孚,147.0,5603,False,6235
2023-06-28,2023-05-g006-2023-05-02-1905,2023-06-28,622875.2999999999,華紙,27.15,22942,False,1905
2023-06-28,2023-06-g008-2023-06-14-3260,2023-06-28,708246.0,威剛,88.2,8030,False,3260
2023-06-29,2023-04-g014-2023-04-17-6235,2023-06-29,843251.5,華孚,150.5,5603,False,6235
2023-06-29,2023-05-g006-2023-05-02-1905,2023-06-29,649258.6,華紙,28.3,22942,False,1905
2023-06-29,2023-06-g008-2023-06-14-3260,2023-06-29,741169.0,威剛,92.3,8030,False,3260
2023-06-30,2023-04-g014-2023-04-17-6235,2023-06-30,868465.0,華孚,155.0,5603,False,6235
2023-06-30,2023-05-g006-2023-05-02-1905,2023-06-30,645817.2999999999,華紙,28.15,22942,False,1905
2023-06-30,2023-06-g008-2023-06-14-3260,2023-06-30,714670.0,威剛,89.0,8030,False,3260
2023-07-03,2023-04-g014-2023-04-17-6235,2023-07-03,930098.0,華孚,166.0,5603,False,6235
2023-07-03,2023-05-g006-2023-05-02-1905,2023-07-03,684818.7000000001,華紙,29.85,22942,False,1905
2023-07-03,2023-06-g008-2023-06-14-3260,2023-07-03,720291.0,威剛,89.7,8030,False,3260
2023-07-04,2023-04-g014-2023-04-17-6235,2023-07-04,904884.5,華孚,161.5,5603,False,6235
2023-07-04,2023-05-g006-2023-05-02-1905,2023-07-04,671053.5,華紙,29.25,22942,False,1905
2023-07-04,2023-06-g008-2023-06-14-3260,2023-07-04,745987.0,威剛,92.9,8030,False,3260
2023-07-05,2023-04-g014-2023-04-17-6235,2023-07-05,910487.5,華孚,162.5,5603,False,6235
2023-07-05,2023-05-g006-2023-05-02-1905,2023-07-05,657288.2999999999,華紙,28.65,22942,False,1905
2023-07-05,2023-06-g008-2023-06-14-3260,2023-07-05,725912.0,威剛,90.4,8030,False,3260
2023-07-06,2023-04-g014-2023-04-17-6235,2023-07-06,899281.5,華孚,160.5,5603,False,6235
2023-07-06,2023-05-g006-2023-05-02-1905,2023-07-06,648111.5,華紙,28.25,22942,False,1905
2023-07-06,2023-06-g008-2023-06-14-3260,2023-07-06,701822.0,威剛,87.4,8030,False,3260
2023-07-07,2023-04-g014-2023-04-17-6235,2023-07-07,899281.5,華孚,160.5,5603,False,6235
2023-07-07,2023-05-g006-2023-05-02-1905,2023-07-07,642376.0,華紙,28.0,22942,False,1905
2023-07-07,2023-06-g008-2023-06-14-3260,2023-07-07,668899.0,威剛,83.3,8030,False,3260
2023-07-10,2023-04-g014-2023-04-17-6235,2023-07-10,885274.0,華孚,158.0,5603,False,6235
2023-07-10,2023-05-g006-2023-05-02-1905,2023-07-10,636640.5,華紙,27.75,22942,False,1905
2023-07-10,2023-06-g008-2023-06-14-3260,2023-07-10,656854.0,威剛,81.8,8030,False,3260
2023-07-11,2023-04-g014-2023-04-17-6235,2023-07-11,902083.0,華孚,161.0,5603,False,6235
2023-07-11,2023-05-g006-2023-05-02-1905,2023-07-11,629757.9,華紙,27.45,22942,False,1905
2023-07-11,2023-06-g008-2023-06-14-3260,2023-07-11,660066.0,威剛,82.2,8030,False,3260
2023-07-12,2023-04-g014-2023-04-17-6235,2023-07-12,876869.5,華孚,156.5,5603,False,6235
2023-07-12,2023-05-g006-2023-05-02-1905,2023-07-12,20779.649999999998,華紙,27.45,757,False,1905
2023-07-12,2023-06-g008-2023-06-14-3260,2023-07-12,655248.0,威剛,81.6,8030,False,3260
2023-07-13,2023-04-g014-2023-04-17-6235,2023-07-13,963716.0,華孚,172.0,5603,False,6235
2023-07-13,2023-05-g006-2023-05-02-1905,2023-07-13,938.0,華紙,26.8,35,False,1905
2023-07-13,2023-06-g008-2023-06-14-3260,2023-07-13,668899.0,威剛,83.3,8030,False,3260
2023-07-13,2023-07-g019-2023-07-12-6188,2023-07-13,707710.6,廣明,85.7,8258,False,6188
2023-07-14,2023-04-g014-2023-04-17-6235,2023-07-14,924495.0,華孚,165.0,5603,False,6235
2023-07-14,2023-06-g008-2023-06-14-3260,2023-07-14,688171.0,威剛,85.7,8030,False,3260
2023-07-14,2023-07-g019-2023-07-12-6188,2023-07-14,777903.6,廣明,94.2,8258,False,6188
2023-07-17,2023-04-g014-2023-04-17-6235,2023-07-17,832045.5,華孚,148.5,5603,False,6235
2023-07-17,2023-07-g019-2023-07-12-6188,2023-07-17,854703.0,廣明,103.5,8258,False,6188
2023-07-18,2023-04-g014-2023-04-17-6235,2023-07-18,750802.0,華孚,134.0,5603,False,6235
2023-07-18,2023-07-g019-2023-07-12-6188,2023-07-18,815890.4,廣明,98.8,8258,False,6188
2023-07-19,2023-07-g019-2023-07-12-6188,2023-07-19,771297.2000000001,廣明,93.4,8258,False,6188
2023-07-19,2023-07-g009-2023-07-18-2379,2023-07-19,537840.0,瑞昱,415.0,1296,False,2379
2023-07-20,2023-07-g019-2023-07-12-6188,2023-07-20,784510.0,廣明,95.0,8258,False,6188
2023-07-20,2023-07-g009-2023-07-18-2379,2023-07-20,532008.0,瑞昱,410.5,1296,False,2379
2023-07-21,2023-07-g019-2023-07-12-6188,2023-07-21,829929.0,廣明,100.5,8258,False,6188
2023-07-21,2023-07-g009-2023-07-18-2379,2023-07-21,537840.0,瑞昱,415.0,1296,False,2379
2023-07-24,2023-07-g019-2023-07-12-6188,2023-07-24,912509.0,廣明,110.5,8258,False,6188
2023-07-24,2023-07-g009-2023-07-18-2379,2023-07-24,526824.0,瑞昱,406.5,1296,False,2379
2023-07-25,2023-07-g019-2023-07-12-6188,2023-07-25,1003347.0,廣明,121.5,8258,False,6188
2023-07-25,2023-07-g009-2023-07-18-2379,2023-07-25,523584.0,瑞昱,404.0,1296,False,2379
2023-07-26,2023-07-g019-2023-07-12-6188,2023-07-26,970315.0,廣明,117.5,8258,False,6188
2023-07-26,2023-07-g009-2023-07-18-2379,2023-07-26,517752.0,瑞昱,399.5,1296,False,2379
2023-07-27,2023-07-g019-2023-07-12-6188,2023-07-27,949670.0,廣明,115.0,8258,False,6188
2023-07-27,2023-07-g009-2023-07-18-2379,2023-07-27,530712.0,瑞昱,409.5,1296,False,2379
2023-07-28,2023-07-g019-2023-07-12-6188,2023-07-28,982702.0,廣明,119.0,8258,False,6188
2023-07-28,2023-07-g009-2023-07-18-2379,2023-07-28,548856.0,瑞昱,423.5,1296,False,2379
2023-07-31,2023-07-g019-2023-07-12-6188,2023-07-31,887735.0,廣明,107.5,8258,False,6188
2023-07-31,2023-07-g009-2023-07-18-2379,2023-07-31,557928.0,瑞昱,430.5,1296,False,2379
2023-07-31,2023-07-g012-2023-07-28-4979,2023-07-31,670176.0,華星光,179.0,3744,False,4979
2023-08-01,2023-07-g019-2023-07-12-6188,2023-08-01,846445.0,廣明,102.5,8258,False,6188
2023-08-01,2023-07-g009-2023-07-18-2379,2023-08-01,560520.0,瑞昱,432.5,1296,False,2379
2023-08-01,2023-07-g012-2023-07-28-4979,2023-08-01,643968.0,華星光,172.0,3744,False,4979
2023-08-02,2023-07-g019-2023-07-12-6188,2023-08-02,823322.6,廣明,99.7,8258,False,6188
2023-08-02,2023-07-g009-2023-07-18-2379,2023-08-02,568944.0,瑞昱,439.0,1296,False,2379
2023-08-02,2023-07-g012-2023-07-28-4979,2023-08-02,580320.0,華星光,155.0,3744,False,4979
2023-08-04,2023-07-g019-2023-07-12-6188,2023-08-04,846445.0,廣明,102.5,8258,False,6188
2023-08-04,2023-07-g009-2023-07-18-2379,2023-08-04,554688.0,瑞昱,428.0,1296,False,2379
2023-08-04,2023-07-g012-2023-07-28-4979,2023-08-04,522288.0,華星光,139.5,3744,False,4979
2023-08-07,2023-07-g019-2023-07-12-6188,2023-08-07,929025.0,廣明,112.5,8258,False,6188
2023-08-07,2023-07-g009-2023-07-18-2379,2023-08-07,537840.0,瑞昱,415.0,1296,False,2379
2023-08-07,2023-07-g012-2023-07-28-4979,2023-08-07,77765.0,華星光,151.0,515,False,4979
2023-08-08,2023-07-g019-2023-07-12-6188,2023-08-08,904251.0,廣明,109.5,8258,False,6188
2023-08-08,2023-07-g009-2023-07-18-2379,2023-08-08,531360.0,瑞昱,410.0,1296,False,2379
2023-08-08,2023-07-g012-2023-07-28-4979,2023-08-08,54316.0,華星光,148.0,367,False,4979
2023-08-08,2023-08-g013-2023-08-07-3689,2023-08-08,560643.4,湧德,61.4,9131,False,3689
2023-08-09,2023-07-g019-2023-07-12-6188,2023-08-09,862961.0,廣明,104.5,8258,False,6188
2023-08-09,2023-07-g009-2023-07-18-2379,2023-08-09,527472.0,瑞昱,407.0,1296,False,2379
2023-08-09,2023-07-g012-2023-07-28-4979,2023-08-09,42476.0,華星光,148.0,287,False,4979
2023-08-09,2023-08-g013-2023-08-07-3689,2023-08-09,547860.0,湧德,60.0,9131,False,3689
2023-08-10,2023-07-g019-2023-07-12-6188,2023-08-10,805155.0,廣明,97.5,8258,False,6188
2023-08-10,2023-07-g009-2023-07-18-2379,2023-08-10,516456.0,瑞昱,398.5,1296,False,2379
2023-08-10,2023-07-g012-2023-07-28-4979,2023-08-10,20025.0,華星光,133.5,150,False,4979
2023-08-10,2023-08-g013-2023-08-07-3689,2023-08-10,556991.0,湧德,61.0,9131,False,3689
2023-08-11,2023-07-g019-2023-07-12-6188,2023-08-11,818367.7999999999,廣明,99.1,8258,False,6188
2023-08-11,2023-07-g009-2023-07-18-2379,2023-08-11,515808.0,瑞昱,398.0,1296,False,2379
2023-08-11,2023-07-g012-2023-07-28-4979,2023-08-11,3102.0,華星光,141.0,22,False,4979
2023-08-11,2023-08-g013-2023-08-07-3689,2023-08-11,553338.6,湧德,60.6,9131,False,3689
2023-08-14,2023-07-g019-2023-07-12-6188,2023-08-14,824974.2000000001,廣明,99.9,8258,False,6188
2023-08-14,2023-07-g009-2023-07-18-2379,2023-08-14,528768.0,瑞昱,408.0,1296,False,2379
2023-08-14,2023-08-g013-2023-08-07-3689,2023-08-14,551512.4,湧德,60.4,9131,False,3689
2023-08-15,2023-07-g019-2023-07-12-6188,2023-08-15,842316.0,廣明,102.0,8258,False,6188
2023-08-15,2023-07-g009-2023-07-18-2379,2023-08-15,523584.0,瑞昱,404.0,1296,False,2379
2023-08-15,2023-08-g013-2023-08-07-3689,2023-08-15,565208.9,湧德,61.9,9131,False,3689
2023-08-16,2023-07-g019-2023-07-12-6188,2023-08-16,879477.0,廣明,106.5,8258,False,6188
2023-08-16,2023-07-g009-2023-07-18-2379,2023-08-16,532656.0,瑞昱,411.0,1296,False,2379
2023-08-16,2023-08-g013-2023-08-07-3689,2023-08-16,620908.0,湧德,68.0,9131,False,3689
2023-08-17,2023-07-g019-2023-07-12-6188,2023-08-17,904251.0,廣明,109.5,8258,False,6188
2023-08-17,2023-07-g009-2023-07-18-2379,2023-08-17,528120.0,瑞昱,407.5,1296,False,2379
2023-08-17,2023-08-g013-2023-08-07-3689,2023-08-17,659258.2000000001,湧德,72.2,9131,False,3689
2023-08-18,2023-07-g019-2023-07-12-6188,2023-08-18,850574.0,廣明,103.0,8258,False,6188
2023-08-18,2023-07-g009-2023-07-18-2379,2023-08-18,541080.0,瑞昱,417.5,1296,False,2379
2023-08-18,2023-08-g013-2023-08-07-3689,2023-08-18,593515.0,湧德,65.0,9131,False,3689
2023-08-21,2023-07-g019-2023-07-12-6188,2023-08-21,867090.0,廣明,105.0,8258,False,6188
2023-08-21,2023-07-g009-2023-07-18-2379,2023-08-21,540432.0,瑞昱,417.0,1296,False,2379
2023-08-21,2023-08-g013-2023-08-07-3689,2023-08-21,617255.6,湧德,67.6,9131,False,3689
2023-08-22,2023-07-g019-2023-07-12-6188,2023-08-22,858832.0,廣明,104.0,8258,False,6188
2023-08-22,2023-07-g009-2023-07-18-2379,2023-08-22,533952.0,瑞昱,412.0,1296,False,2379
2023-08-22,2023-08-g013-2023-08-07-3689,2023-08-22,611777.0,湧德,67.0,9131,False,3689
2023-08-23,2023-07-g019-2023-07-12-6188,2023-08-23,208.0,廣明,104.0,2,False,6188
2023-08-23,2023-07-g009-2023-07-18-2379,2023-08-23,537840.0,瑞昱,415.0,1296,False,2379
2023-08-23,2023-08-g013-2023-08-07-3689,2023-08-23,550599.2999999999,湧德,60.3,9131,False,3689
2023-08-24,2023-07-g009-2023-07-18-2379,2023-08-24,551448.0,瑞昱,425.5,1296,False,2379
2023-08-24,2023-08-g013-2023-08-07-3689,2023-08-24,545120.7000000001,湧德,59.7,9131,False,3689
2023-08-25,2023-07-g009-2023-07-18-2379,2023-08-25,557280.0,瑞昱,430.0,1296,False,2379
2023-08-25,2023-08-g013-2023-08-07-3689,2023-08-25,531424.2000000001,湧德,58.2,9131,False,3689
2023-08-28,2023-07-g009-2023-07-18-2379,2023-08-28,553392.0,瑞昱,427.0,1296,False,2379
2023-08-28,2023-08-g013-2023-08-07-3689,2023-08-28,527771.7999999999,湧德,57.8,9131,False,3689
2023-08-29,2023-07-g009-2023-07-18-2379,2023-08-29,550152.0,瑞昱,424.5,1296,False,2379
2023-08-29,2023-08-g013-2023-08-07-3689,2023-08-29,545120.7000000001,湧德,59.7,9131,False,3689
2023-08-30,2023-07-g009-2023-07-18-2379,2023-08-30,551448.0,瑞昱,425.5,1296,False,2379
2023-08-30,2023-08-g013-2023-08-07-3689,2023-08-30,554251.7000000001,湧德,60.7,9131,False,3689
2023-08-30,2023-08-g016-2023-08-29-6213,2023-08-30,697839.6000000001,聯茂,96.4,7239,False,6213
2023-08-31,2023-07-g009-2023-07-18-2379,2023-08-31,541728.0,瑞昱,418.0,1296,False,2379
2023-08-31,2023-08-g013-2023-08-07-3689,2023-08-31,556077.9,湧德,60.9,9131,False,3689
2023-08-31,2023-08-g016-2023-08-29-6213,2023-08-31,712317.6000000001,聯茂,98.4,7239,False,6213
2023-09-01,2023-07-g009-2023-07-18-2379,2023-09-01,552744.0,瑞昱,426.5,1296,False,2379
2023-09-01,2023-08-g013-2023-08-07-3689,2023-09-01,548773.1,湧德,60.1,9131,False,3689
2023-09-01,2023-08-g016-2023-08-29-6213,2023-09-01,699287.3999999999,聯茂,96.6,7239,False,6213
2023-09-04,2023-07-g009-2023-07-18-2379,2023-09-04,563760.0,瑞昱,435.0,1296,False,2379
2023-09-04,2023-08-g013-2023-08-07-3689,2023-09-04,546033.7999999999,湧德,59.8,9131,False,3689
2023-09-04,2023-08-g016-2023-08-29-6213,2023-09-04,652957.8,聯茂,90.2,7239,False,6213
2023-09-05,2023-07-g009-2023-07-18-2379,2023-09-05,581904.0,瑞昱,449.0,1296,False,2379
2023-09-05,2023-08-g013-2023-08-07-3689,2023-09-05,5228.8,湧德,60.8,86,False,3689
2023-09-05,2023-08-g016-2023-08-29-6213,2023-09-05,686981.1000000001,聯茂,94.9,7239,False,6213
2023-09-06,2023-07-g009-2023-07-18-2379,2023-09-06,581256.0,瑞昱,448.5,1296,False,2379
2023-09-06,2023-08-g013-2023-08-07-3689,2023-09-06,2392.0,湧德,59.8,40,False,3689
2023-09-06,2023-08-g016-2023-08-29-6213,2023-09-06,682637.7,聯茂,94.3,7239,False,6213
2023-09-07,2023-07-g009-2023-07-18-2379,2023-09-07,578016.0,瑞昱,446.0,1296,False,2379
2023-09-07,2023-08-g016-2023-08-29-6213,2023-09-07,668159.7,聯茂,92.3,7239,False,6213
2023-09-07,2023-09-g012-2023-09-06-6191,2023-09-07,651812.7,精成科,60.9,10703,False,6191
2023-09-08,2023-07-g009-2023-07-18-2379,2023-09-08,577368.0,瑞昱,445.5,1296,False,2379
2023-09-08,2023-08-g016-2023-08-29-6213,2023-09-08,655853.3999999999,聯茂,90.6,7239,False,6213
2023-09-08,2023-09-g012-2023-09-06-6191,2023-09-08,652883.0,精成科,61.0,10703,False,6191
2023-09-11,2023-07-g009-2023-07-18-2379,2023-09-11,524880.0,瑞昱,405.0,1296,False,2379
2023-09-11,2023-08-g016-2023-08-29-6213,2023-09-11,629793.0,聯茂,87.0,7239,False,6213
2023-09-11,2023-09-g012-2023-09-06-6191,2023-09-11,628266.1,精成科,58.7,10703,False,6191
2023-09-12,2023-07-g009-2023-07-18-2379,2023-09-12,519696.0,瑞昱,401.0,1296,False,2379
2023-09-12,2023-08-g016-2023-08-29-6213,2023-09-12,632688.6000000001,聯茂,87.4,7239,False,6213
2023-09-12,2023-09-g012-2023-09-06-6191,2023-09-12,635758.2,精成科,59.4,10703,False,6191
2023-09-13,2023-07-g009-2023-07-18-2379,2023-09-13,511920.0,瑞昱,395.0,1296,False,2379
2023-09-13,2023-08-g016-2023-08-29-6213,2023-09-13,617486.7,聯茂,85.3,7239,False,6213
2023-09-13,2023-09-g012-2023-09-06-6191,2023-09-13,646461.2,精成科,60.4,10703,False,6191
2023-09-14,2023-07-g009-2023-07-18-2379,2023-09-14,532656.0,瑞昱,411.0,1296,False,2379
2023-09-14,2023-08-g016-2023-08-29-6213,2023-09-14,628345.2,聯茂,86.8,7239,False,6213
2023-09-14,2023-09-g012-2023-09-06-6191,2023-09-14,661445.4,精成科,61.8,10703,False,6191
2023-09-15,2023-07-g009-2023-07-18-2379,2023-09-15,539136.0,瑞昱,416.0,1296,False,2379
2023-09-15,2023-08-g016-2023-08-29-6213,2023-09-15,632688.6000000001,聯茂,87.4,7239,False,6213
2023-09-15,2023-09-g012-2023-09-06-6191,2023-09-15,662515.7,精成科,61.9,10703,False,6191
2023-09-18,2023-07-g009-2023-07-18-2379,2023-09-18,541728.0,瑞昱,418.0,1296,False,2379
2023-09-18,2023-08-g016-2023-08-29-6213,2023-09-18,619658.3999999999,聯茂,85.6,7239,False,6213
2023-09-18,2023-09-g012-2023-09-06-6191,2023-09-18,666796.9,精成科,62.3,10703,False,6191
2023-09-19,2023-07-g009-2023-07-18-2379,2023-09-19,536544.0,瑞昱,414.0,1296,False,2379
2023-09-19,2023-08-g016-2023-08-29-6213,2023-09-19,597217.5,聯茂,82.5,7239,False,6213
2023-09-19,2023-09-g012-2023-09-06-6191,2023-09-19,672148.4,精成科,62.8,10703,False,6191
2023-09-20,2023-07-g009-2023-07-18-2379,2023-09-20,523584.0,瑞昱,404.0,1296,False,2379
2023-09-20,2023-08-g016-2023-08-29-6213,2023-09-20,5046.8,聯茂,81.4,62,False,6213
2023-09-20,2023-09-g012-2023-09-06-6191,2023-09-20,656093.9,精成科,61.3,10703,False,6191
2023-09-21,2023-07-g009-2023-07-18-2379,2023-09-21,505440.0,瑞昱,390.0,1296,False,2379
2023-09-21,2023-09-g012-2023-09-06-6191,2023-09-21,637898.8,精成科,59.6,10703,False,6191
2023-09-22,2023-07-g009-2023-07-18-2379,2023-09-22,508680.0,瑞昱,392.5,1296,False,2379
2023-09-22,2023-09-g012-2023-09-06-6191,2023-09-22,637898.8,精成科,59.6,10703,False,6191
2023-09-25,2023-09-g012-2023-09-06-6191,2023-09-25,665726.6,精成科,62.2,10703,False,6191
2023-09-26,2023-09-g012-2023-09-06-6191,2023-09-26,665726.6,精成科,62.2,10703,False,6191
2023-09-27,2023-09-g012-2023-09-06-6191,2023-09-27,660375.1,精成科,61.7,10703,False,6191
2023-09-28,2023-09-g012-2023-09-06-6191,2023-09-28,663586.0,精成科,62.0,10703,False,6191
2023-10-02,2023-09-g012-2023-09-06-6191,2023-10-02,691413.7999999999,精成科,64.6,10703,False,6191
2023-10-03,2023-09-g012-2023-09-06-6191,2023-10-03,675359.3,精成科,63.1,10703,False,6191
2023-10-04,2023-09-g012-2023-09-06-6191,2023-10-04,671078.1,精成科,62.7,10703,False,6191
2023-10-05,2023-09-g012-2023-09-06-6191,2023-10-05,662515.7,精成科,61.9,10703,False,6191
2023-10-06,2023-09-g012-2023-09-06-6191,2023-10-06,618633.4,精成科,57.8,10703,False,6191
2023-10-11,2023-09-g012-2023-09-06-6191,2023-10-11,614352.2,精成科,57.4,10703,False,6191
2023-10-12,2023-09-g012-2023-09-06-6191,2023-10-12,32480.0,精成科,58.0,560,False,6191
2023-10-13,2023-09-g012-2023-09-06-6191,2023-10-13,16414.0,精成科,56.6,290,False,6191
2023-10-13,2023-10-g007-2023-10-12-3006,2023-10-13,587476.8,晶豪科,97.2,6044,False,3006
2023-10-16,2023-09-g012-2023-09-06-6191,2023-10-16,3584.0,精成科,56.0,64,False,6191
2023-10-16,2023-10-g007-2023-10-12-3006,2023-10-16,567531.6,晶豪科,93.9,6044,False,3006
2023-10-17,2023-10-g007-2023-10-12-3006,2023-10-17,563905.2,晶豪科,93.3,6044,False,3006
2023-10-18,2023-10-g007-2023-10-12-3006,2023-10-18,560883.2,晶豪科,92.8,6044,False,3006
2023-10-18,2023-10-g011-2023-10-17-3491,2023-10-18,550962.0,昇達科,171.0,3222,False,3491
2023-10-19,2023-10-g007-2023-10-12-3006,2023-10-19,556048.0,晶豪科,92.0,6044,False,3006
2023-10-19,2023-10-g011-2023-10-17-3491,2023-10-19,538074.0,昇達科,167.0,3222,False,3491
2023-10-20,2023-10-g007-2023-10-12-3006,2023-10-20,567531.6,晶豪科,93.9,6044,False,3006
2023-10-20,2023-10-g011-2023-10-17-3491,2023-10-20,528408.0,昇達科,164.0,3222,False,3491
2023-10-20,2023-10-g012-2023-10-19-2605,2023-10-20,555029.7,新興,23.9,23223,False,2605
2023-10-23,2023-10-g007-2023-10-12-3006,2023-10-23,563300.8,晶豪科,93.2,6044,False,3006
2023-10-23,2023-10-g011-2023-10-17-3491,2023-10-23,536463.0,昇達科,166.5,3222,False,3491
2023-10-23,2023-10-g012-2023-10-19-2605,2023-10-23,527162.1,新興,22.7,23223,False,2605
2023-10-24,2023-10-g007-2023-10-12-3006,2023-10-24,560883.2,晶豪科,92.8,6044,False,3006
2023-10-24,2023-10-g011-2023-10-17-3491,2023-10-24,552573.0,昇達科,171.5,3222,False,3491
2023-10-24,2023-10-g012-2023-10-19-2605,2023-10-24,532967.85,新興,22.95,23223,False,2605
2023-10-25,2023-10-g007-2023-10-12-3006,2023-10-25,550004.0,晶豪科,91.0,6044,False,3006
2023-10-25,2023-10-g011-2023-10-17-3491,2023-10-25,542907.0,昇達科,168.5,3222,False,3491
2023-10-25,2023-10-g012-2023-10-19-2605,2023-10-25,531806.7,新興,22.9,23223,False,2605
2023-10-26,2023-10-g007-2023-10-12-3006,2023-10-26,524619.2,晶豪科,86.8,6044,False,3006
2023-10-26,2023-10-g011-2023-10-17-3491,2023-10-26,542907.0,昇達科,168.5,3222,False,3491
2023-10-26,2023-10-g012-2023-10-19-2605,2023-10-26,516711.75,新興,22.25,23223,False,2605
2023-10-27,2023-10-g007-2023-10-12-3006,2023-10-27,517366.39999999997,晶豪科,85.6,6044,False,3006
2023-10-27,2023-10-g011-2023-10-17-3491,2023-10-27,544518.0,昇達科,169.0,3222,False,3491
2023-10-27,2023-10-g012-2023-10-19-2605,2023-10-27,515550.6,新興,22.2,23223,False,2605
2023-10-30,2023-10-g007-2023-10-12-3006,2023-10-30,521597.2,晶豪科,86.3,6044,False,3006
2023-10-30,2023-10-g011-2023-10-17-3491,2023-10-30,546129.0,昇達科,169.5,3222,False,3491
2023-10-30,2023-10-g012-2023-10-19-2605,2023-10-30,517872.9,新興,22.3,23223,False,2605
2023-10-31,2023-10-g007-2023-10-12-3006,2023-10-31,507091.60000000003,晶豪科,83.9,6044,False,3006
2023-10-31,2023-10-g011-2023-10-17-3491,2023-10-31,542907.0,昇達科,168.5,3222,False,3491
2023-10-31,2023-10-g012-2023-10-19-2605,2023-10-31,501616.80000000005,新興,21.6,23223,False,2605
2023-11-01,2023-10-g011-2023-10-17-3491,2023-11-01,534852.0,昇達科,166.0,3222,False,3491
2023-11-01,2023-10-g012-2023-10-19-2605,2023-11-01,493488.75,新興,21.25,23223,False,2605
2023-11-02,2023-10-g011-2023-10-17-3491,2023-11-02,559017.0,昇達科,173.5,3222,False,3491
2023-11-02,2023-10-g012-2023-10-19-2605,2023-11-02,500455.65,新興,21.55,23223,False,2605
2023-11-03,2023-10-g011-2023-10-17-3491,2023-11-03,550962.0,昇達科,171.0,3222,False,3491
2023-11-03,2023-10-g012-2023-10-19-2605,2023-11-03,503939.1,新興,21.7,23223,False,2605
2023-11-06,2023-10-g011-2023-10-17-3491,2023-11-06,550962.0,昇達科,171.0,3222,False,3491
2023-11-06,2023-10-g012-2023-10-19-2605,2023-11-06,503939.1,新興,21.7,23223,False,2605
2023-11-06,2023-11-g012-2023-11-03-3661,2023-11-06,576225.0,世芯-KY,2955.0,195,False,3661
2023-11-07,2023-10-g011-2023-10-17-3491,2023-11-07,552573.0,昇達科,171.5,3222,False,3491
2023-11-07,2023-10-g012-2023-10-19-2605,2023-11-07,496972.19999999995,新興,21.4,23223,False,2605
2023-11-07,2023-11-g012-2023-11-03-3661,2023-11-07,585000.0,世芯-KY,3000.0,195,False,3661
2023-11-08,2023-10-g011-2023-10-17-3491,2023-11-08,549351.0,昇達科,170.5,3222,False,3491
2023-11-08,2023-10-g012-2023-10-19-2605,2023-11-08,493488.75,新興,21.25,23223,False,2605
2023-11-08,2023-11-g012-2023-11-03-3661,2023-11-08,593775.0,世芯-KY,3045.0,195,False,3661
2023-11-09,2023-10-g011-2023-10-17-3491,2023-11-09,534852.0,昇達科,166.0,3222,False,3491
2023-11-09,2023-10-g012-2023-10-19-2605,2023-11-09,477232.65,新興,20.55,23223,False,2605
2023-11-09,2023-11-g012-2023-11-03-3661,2023-11-09,631800.0,世芯-KY,3240.0,195,False,3661
2023-11-10,2023-10-g011-2023-10-17-3491,2023-11-10,518742.0,昇達科,161.0,3222,False,3491
2023-11-10,2023-10-g012-2023-10-19-2605,2023-11-10,445.5,新興,20.25,22,False,2605
2023-11-10,2023-11-g012-2023-11-03-3661,2023-11-10,624000.0,世芯-KY,3200.0,195,False,3661
2023-11-13,2023-10-g011-2023-10-17-3491,2023-11-13,534852.0,昇達科,166.0,3222,False,3491
2023-11-13,2023-11-g012-2023-11-03-3661,2023-11-13,630825.0,世芯-KY,3235.0,195,False,3661
2023-11-14,2023-10-g011-2023-10-17-3491,2023-11-14,536463.0,昇達科,166.5,3222,False,3491
2023-11-14,2023-11-g012-2023-11-03-3661,2023-11-14,640575.0,世芯-KY,3285.0,195,False,3661
2023-11-15,2023-10-g011-2023-10-17-3491,2023-11-15,24017.0,昇達科,164.5,146,False,3491
2023-11-15,2023-11-g012-2023-11-03-3661,2023-11-15,605475.0,世芯-KY,3105.0,195,False,3661
2023-11-16,2023-10-g011-2023-10-17-3491,2023-11-16,12024.0,昇達科,167.0,72,False,3491
2023-11-16,2023-11-g012-2023-11-03-3661,2023-11-16,602550.0,世芯-KY,3090.0,195,False,3661
2023-11-17,2023-11-g012-2023-11-03-3661,2023-11-17,629850.0,世芯-KY,3230.0,195,False,3661
2023-11-17,2023-11-g005-2023-11-16-3324,2023-11-17,453600.0,雙鴻,350.0,1296,False,3324
2023-11-20,2023-11-g012-2023-11-03-3661,2023-11-20,621075.0,世芯-KY,3185.0,195,False,3661
2023-11-20,2023-11-g005-2023-11-16-3324,2023-11-20,487296.0,雙鴻,376.0,1296,False,3324
2023-11-21,2023-11-g012-2023-11-03-3661,2023-11-21,611325.0,世芯-KY,3135.0,195,False,3661
2023-11-21,2023-11-g005-2023-11-16-3324,2023-11-21,500904.0,雙鴻,386.5,1296,False,3324
2023-11-22,2023-11-g012-2023-11-03-3661,2023-11-22,618150.0,世芯-KY,3170.0,195,False,3661
2023-11-22,2023-11-g005-2023-11-16-3324,2023-11-22,491832.0,雙鴻,379.5,1296,False,3324
2023-11-23,2023-11-g012-2023-11-03-3661,2023-11-23,609375.0,世芯-KY,3125.0,195,False,3661
2023-11-23,2023-11-g005-2023-11-16-3324,2023-11-23,474336.0,雙鴻,366.0,1296,False,3324
2023-11-24,2023-11-g012-2023-11-03-3661,2023-11-24,594750.0,世芯-KY,3050.0,195,False,3661
2023-11-24,2023-11-g005-2023-11-16-3324,2023-11-24,480168.0,雙鴻,370.5,1296,False,3324
2023-11-27,2023-11-g012-2023-11-03-3661,2023-11-27,575250.0,世芯-KY,2950.0,195,False,3661
2023-11-27,2023-11-g005-2023-11-16-3324,2023-11-27,453600.0,雙鴻,350.0,1296,False,3324
2023-11-28,2023-11-g012-2023-11-03-3661,2023-11-28,610350.0,世芯-KY,3130.0,195,False,3661
2023-11-28,2023-11-g005-2023-11-16-3324,2023-11-28,469152.0,雙鴻,362.0,1296,False,3324
2023-11-29,2023-11-g012-2023-11-03-3661,2023-11-29,594750.0,世芯-KY,3050.0,195,False,3661
2023-11-29,2023-11-g005-2023-11-16-3324,2023-11-29,470448.0,雙鴻,363.0,1296,False,3324
2023-11-30,2023-11-g012-2023-11-03-3661,2023-11-30,606450.0,世芯-KY,3110.0,195,False,3661
2023-11-30,2023-11-g005-2023-11-16-3324,2023-11-30,474336.0,雙鴻,366.0,1296,False,3324
2023-12-01,2023-11-g012-2023-11-03-3661,2023-12-01,600600.0,世芯-KY,3080.0,195,False,3661
2023-12-01,2023-11-g005-2023-11-16-3324,2023-12-01,462024.0,雙鴻,356.5,1296,False,3324
2023-12-04,2023-11-g012-2023-11-03-3661,2023-12-04,606450.0,世芯-KY,3110.0,195,False,3661
2023-12-04,2023-11-g005-2023-11-16-3324,2023-12-04,448416.0,雙鴻,346.0,1296,False,3324
2023-12-04,2023-12-g011-2023-12-01-6245,2023-12-04,530361.0,立端,117.0,4533,False,6245
2023-12-05,2023-11-g012-2023-11-03-3661,2023-12-05,631800.0,世芯-KY,3240.0,195,False,3661
2023-12-05,2023-11-g005-2023-11-16-3324,2023-12-05,441288.0,雙鴻,340.5,1296,False,3324
2023-12-05,2023-12-g011-2023-12-01-6245,2023-12-05,521295.0,立端,115.0,4533,False,6245
2023-12-06,2023-11-g012-2023-11-03-3661,2023-12-06,641550.0,世芯-KY,3290.0,195,False,3661
2023-12-06,2023-11-g005-2023-11-16-3324,2023-12-06,452304.0,雙鴻,349.0,1296,False,3324
2023-12-06,2023-12-g011-2023-12-01-6245,2023-12-06,525828.0,立端,116.0,4533,False,6245
2023-12-07,2023-11-g012-2023-11-03-3661,2023-12-07,657150.0,世芯-KY,3370.0,195,False,3661
2023-12-07,2023-11-g005-2023-11-16-3324,2023-12-07,448416.0,雙鴻,346.0,1296,False,3324
2023-12-07,2023-12-g011-2023-12-01-6245,2023-12-07,509962.5,立端,112.5,4533,False,6245
2023-12-08,2023-11-g012-2023-11-03-3661,2023-12-08,650325.0,世芯-KY,3335.0,195,False,3661
2023-12-08,2023-11-g005-2023-11-16-3324,2023-12-08,441936.0,雙鴻,341.0,1296,False,3324
2023-12-08,2023-12-g011-2023-12-01-6245,2023-12-08,530361.0,立端,117.0,4533,False,6245
2023-12-11,2023-11-g012-2023-11-03-3661,2023-12-11,684450.0,世芯-KY,3510.0,195,False,3661
2023-12-11,2023-11-g005-2023-11-16-3324,2023-12-11,444528.0,雙鴻,343.0,1296,False,3324
2023-12-11,2023-12-g011-2023-12-01-6245,2023-12-11,514495.5,立端,113.5,4533,False,6245
2023-12-12,2023-11-g012-2023-11-03-3661,2023-12-12,686400.0,世芯-KY,3520.0,195,False,3661
2023-12-12,2023-11-g005-2023-11-16-3324,2023-12-12,444528.0,雙鴻,343.0,1296,False,3324
2023-12-12,2023-12-g011-2023-12-01-6245,2023-12-12,514495.5,立端,113.5,4533,False,6245
2023-12-13,2023-11-g012-2023-11-03-3661,2023-12-13,711750.0,世芯-KY,3650.0,195,False,3661
2023-12-13,2023-11-g005-2023-11-16-3324,2023-12-13,439344.0,雙鴻,339.0,1296,False,3324
2023-12-13,2023-12-g011-2023-12-01-6245,2023-12-13,514495.5,立端,113.5,4533,False,6245
2023-12-14,2023-11-g012-2023-11-03-3661,2023-12-14,681525.0,世芯-KY,3495.0,195,False,3661
2023-12-14,2023-11-g005-2023-11-16-3324,2023-12-14,439344.0,雙鴻,339.0,1296,False,3324
2023-12-14,2023-12-g011-2023-12-01-6245,2023-12-14,514495.5,立端,113.5,4533,False,6245
2023-12-15,2023-11-g012-2023-11-03-3661,2023-12-15,670800.0,世芯-KY,3440.0,195,False,3661
2023-12-15,2023-12-g011-2023-12-01-6245,2023-12-15,496363.5,立端,109.5,4533,False,6245
2023-12-18,2023-11-g012-2023-11-03-3661,2023-12-18,655200.0,世芯-KY,3360.0,195,False,3661
2023-12-18,2023-12-g011-2023-12-01-6245,2023-12-18,496363.5,立端,109.5,4533,False,6245
2023-12-18,2023-12-g003-2023-12-15-6472,2023-12-18,552570.0,保瑞,678.0,815,False,6472
2023-12-19,2023-11-g012-2023-11-03-3661,2023-12-19,645450.0,世芯-KY,3310.0,195,False,3661
2023-12-19,2023-12-g011-2023-12-01-6245,2023-12-19,500896.5,立端,110.5,4533,False,6245
2023-12-19,2023-12-g003-2023-12-15-6472,2023-12-19,535455.0,保瑞,657.0,815,False,6472
2023-12-20,2023-11-g012-2023-11-03-3661,2023-12-20,656175.0,世芯-KY,3365.0,195,False,3661
2023-12-20,2023-12-g011-2023-12-01-6245,2023-12-20,523561.5,立端,115.5,4533,False,6245
2023-12-20,2023-12-g003-2023-12-15-6472,2023-12-20,537900.0,保瑞,660.0,815,False,6472
2023-12-21,2023-11-g012-2023-11-03-3661,2023-12-21,651300.0,世芯-KY,3340.0,195,False,3661
2023-12-21,2023-12-g011-2023-12-01-6245,2023-12-21,505429.5,立端,111.5,4533,False,6245
2023-12-21,2023-12-g003-2023-12-15-6472,2023-12-21,525675.0,保瑞,645.0,815,False,6472
2023-12-22,2023-11-g012-2023-11-03-3661,2023-12-22,657150.0,世芯-KY,3370.0,195,False,3661
2023-12-22,2023-12-g011-2023-12-01-6245,2023-12-22,512229.0,立端,113.0,4533,False,6245
2023-12-22,2023-12-g003-2023-12-15-6472,2023-12-22,523230.0,保瑞,642.0,815,False,6472
2023-12-25,2023-11-g012-2023-11-03-3661,2023-12-25,658125.0,世芯-KY,3375.0,195,False,3661
2023-12-25,2023-12-g011-2023-12-01-6245,2023-12-25,514495.5,立端,113.5,4533,False,6245
2023-12-25,2023-12-g003-2023-12-15-6472,2023-12-25,517525.0,保瑞,635.0,815,False,6472
2023-12-26,2023-11-g012-2023-11-03-3661,2023-12-26,666900.0,世芯-KY,3420.0,195,False,3661
2023-12-26,2023-12-g011-2023-12-01-6245,2023-12-26,516762.0,立端,114.0,4533,False,6245
2023-12-26,2023-12-g003-2023-12-15-6472,2023-12-26,525675.0,保瑞,645.0,815,False,6472
2023-12-27,2023-11-g012-2023-11-03-3661,2023-12-27,644475.0,世芯-KY,3305.0,195,False,3661
2023-12-27,2023-12-g011-2023-12-01-6245,2023-12-27,512229.0,立端,113.0,4533,False,6245
2023-12-27,2023-12-g003-2023-12-15-6472,2023-12-27,519970.0,保瑞,638.0,815,False,6472
2023-12-28,2023-11-g012-2023-11-03-3661,2023-12-28,635700.0,世芯-KY,3260.0,195,False,3661
2023-12-28,2023-12-g011-2023-12-01-6245,2023-12-28,507696.0,立端,112.0,4533,False,6245
2023-12-28,2023-12-g003-2023-12-15-6472,2023-12-28,518340.0,保瑞,636.0,815,False,6472
2023-12-29,2023-11-g012-2023-11-03-3661,2023-12-29,638625.0,世芯-KY,3275.0,195,False,3661
2023-12-29,2023-12-g011-2023-12-01-6245,2023-12-29,509962.5,立端,112.5,4533,False,6245
2023-12-29,2023-12-g003-2023-12-15-6472,2023-12-29,520785.0,保瑞,639.0,815,False,6472
2024-01-02,2023-11-g012-2023-11-03-3661,2024-01-02,671775.0,世芯-KY,3445.0,195,False,3661
2024-01-02,2023-12-g011-2023-12-01-6245,2024-01-02,29282.5,立端,110.5,265,False,6245
2024-01-02,2023-12-g003-2023-12-15-6472,2024-01-02,528120.0,保瑞,648.0,815,False,6472
2024-01-03,2023-11-g012-2023-11-03-3661,2024-01-03,671775.0,世芯-KY,3445.0,195,False,3661
2024-01-03,2023-12-g011-2023-12-01-6245,2024-01-03,14033.5,立端,110.5,127,False,6245
2024-01-03,2023-12-g003-2023-12-15-6472,2024-01-03,519155.0,保瑞,637.0,815,False,6472
2024-01-04,2023-11-g012-2023-11-03-3661,2024-01-04,656175.0,世芯-KY,3365.0,195,False,3661
2024-01-04,2023-12-g003-2023-12-15-6472,2024-01-04,515080.0,保瑞,632.0,815,False,6472
2024-01-04,2024-01-g008-2024-01-03-5236,2024-01-04,432150.0,凌陽創新,201.0,2150,False,5236
2024-01-05,2023-11-g012-2023-11-03-3661,2024-01-05,661050.0,世芯-KY,3390.0,195,False,3661
2024-01-05,2023-12-g003-2023-12-15-6472,2024-01-05,541975.0,保瑞,665.0,815,False,6472
2024-01-05,2024-01-g008-2024-01-03-5236,2024-01-05,389150.0,凌陽創新,181.0,2150,False,5236
2024-01-08,2023-12-g003-2023-12-15-6472,2024-01-08,541160.0,保瑞,664.0,815,False,6472
2024-01-08,2024-01-g008-2024-01-03-5236,2024-01-08,373025.0,凌陽創新,173.5,2150,False,5236
2024-01-09,2023-12-g003-2023-12-15-6472,2024-01-09,537085.0,保瑞,659.0,815,False,6472
2024-01-10,2023-12-g003-2023-12-15-6472,2024-01-10,520785.0,保瑞,639.0,815,False,6472
2024-01-10,2024-01-g012-2024-01-09-6187,2024-01-10,487956.0,萬潤,148.0,3297,False,6187
2024-01-11,2023-12-g003-2023-12-15-6472,2024-01-11,526490.0,保瑞,646.0,815,False,6472
2024-01-11,2024-01-g012-2024-01-09-6187,2024-01-11,502792.5,萬潤,152.5,3297,False,6187
2024-01-12,2023-12-g003-2023-12-15-6472,2024-01-12,543605.0,保瑞,667.0,815,False,6472
2024-01-12,2024-01-g012-2024-01-09-6187,2024-01-12,489604.5,萬潤,148.5,3297,False,6187
2024-01-15,2023-12-g003-2023-12-15-6472,2024-01-15,565610.0,保瑞,694.0,815,False,6472
2024-01-15,2024-01-g012-2024-01-09-6187,2024-01-15,504441.0,萬潤,153.0,3297,False,6187
2024-01-16,2023-12-g003-2023-12-15-6472,2024-01-15,565610.0,保瑞,694.0,815,True,6472
2024-01-16,2024-01-g012-2024-01-09-6187,2024-01-16,522574.5,萬潤,158.5,3297,False,6187
2024-01-16,2024-01-g003-2024-01-15-1795,2024-01-16,547218.0,美時,303.0,1806,False,1795
2024-01-17,2023-12-g003-2023-12-15-6472,2024-01-17,552570.0,保瑞,678.0,815,False,6472
2024-01-17,2024-01-g012-2024-01-09-6187,2024-01-17,544005.0,萬潤,165.0,3297,False,6187
2024-01-17,2024-01-g003-2024-01-15-1795,2024-01-17,521031.0,美時,288.5,1806,False,1795
2024-01-18,2023-12-g003-2023-12-15-6472,2024-01-18,567240.0,保瑞,696.0,815,False,6472
2024-01-18,2024-01-g012-2024-01-09-6187,2024-01-18,560490.0,萬潤,170.0,3297,False,6187
2024-01-18,2024-01-g003-2024-01-15-1795,2024-01-18,521031.0,美時,288.5,1806,False,1795
2024-01-19,2023-12-g003-2023-12-15-6472,2024-01-19,555830.0,保瑞,682.0,815,False,6472
2024-01-19,2024-01-g012-2024-01-09-6187,2024-01-19,547302.0,萬潤,166.0,3297,False,6187
2024-01-19,2024-01-g003-2024-01-15-1795,2024-01-19,521031.0,美時,288.5,1806,False,1795
2024-01-22,2023-12-g003-2023-12-15-6472,2024-01-22,550125.0,保瑞,675.0,815,False,6472
2024-01-22,2024-01-g012-2024-01-09-6187,2024-01-22,590163.0,萬潤,179.0,3297,False,6187
2024-01-22,2024-01-g003-2024-01-15-1795,2024-01-22,510195.0,美時,282.5,1806,False,1795
2024-01-23,2023-12-g003-2023-12-15-6472,2024-01-23,542790.0,保瑞,666.0,815,False,6472
2024-01-23,2024-01-g012-2024-01-09-6187,2024-01-23,588514.5,萬潤,178.5,3297,False,6187
2024-01-23,2024-01-g003-2024-01-15-1795,2024-01-23,499359.0,美時,276.5,1806,False,1795
2024-01-24,2023-12-g003-2023-12-15-6472,2024-01-24,545235.0,保瑞,669.0,815,False,6472
2024-01-24,2024-01-g012-2024-01-09-6187,2024-01-24,575326.5,萬潤,174.5,3297,False,6187
2024-01-24,2024-01-g003-2024-01-15-1795,2024-01-24,502068.0,美時,278.0,1806,False,1795
2024-01-25,2023-12-g003-2023-12-15-6472,2024-01-25,536270.0,保瑞,658.0,815,False,6472
2024-01-25,2024-01-g012-2024-01-09-6187,2024-01-25,583569.0,萬潤,177.0,3297,False,6187
2024-01-25,2024-01-g003-2024-01-15-1795,2024-01-25,495747.0,美時,274.5,1806,False,1795
2024-01-26,2023-12-g003-2023-12-15-6472,2024-01-26,549310.0,保瑞,674.0,815,False,6472
2024-01-26,2024-01-g012-2024-01-09-6187,2024-01-26,586866.0,萬潤,178.0,3297,False,6187
2024-01-26,2024-01-g003-2024-01-15-1795,2024-01-26,493941.0,美時,273.5,1806,False,1795
2024-01-29,2023-12-g003-2023-12-15-6472,2024-01-29,541975.0,保瑞,665.0,815,False,6472
2024-01-29,2024-01-g012-2024-01-09-6187,2024-01-29,596757.0,萬潤,181.0,3297,False,6187
2024-01-29,2024-01-g003-2024-01-15-1795,2024-01-29,500262.0,美時,277.0,1806,False,1795
2024-01-30,2023-12-g003-2023-12-15-6472,2024-01-30,547680.0,保瑞,672.0,815,False,6472
2024-01-30,2024-01-g012-2024-01-09-6187,2024-01-30,633024.0,萬潤,192.0,3297,False,6187
2024-01-30,2024-01-g003-2024-01-15-1795,2024-01-30,489426.0,美時,271.0,1806,False,1795
2024-01-31,2023-12-g003-2023-12-15-6472,2024-01-31,548495.0,保瑞,673.0,815,False,6472
2024-01-31,2024-01-g012-2024-01-09-6187,2024-01-31,631375.5,萬潤,191.5,3297,False,6187
2024-01-31,2024-01-g003-2024-01-15-1795,2024-01-31,504777.0,美時,279.5,1806,False,1795
2024-02-01,2023-12-g003-2023-12-15-6472,2024-02-01,551755.0,保瑞,677.0,815,False,6472
2024-02-01,2024-01-g012-2024-01-09-6187,2024-02-01,637969.5,萬潤,193.5,3297,False,6187
2024-02-01,2024-01-g003-2024-01-15-1795,2024-02-01,509292.0,美時,282.0,1806,False,1795
2024-02-02,2023-12-g003-2023-12-15-6472,2024-02-02,546865.0,保瑞,671.0,815,False,6472
2024-02-02,2024-01-g012-2024-01-09-6187,2024-02-02,646212.0,萬潤,196.0,3297,False,6187
2024-02-02,2024-01-g003-2024-01-15-1795,2024-02-02,495747.0,美時,274.5,1806,False,1795
2024-02-05,2023-12-g003-2023-12-15-6472,2024-02-05,535455.0,保瑞,657.0,815,False,6472
2024-02-05,2024-01-g012-2024-01-09-6187,2024-02-05,646212.0,萬潤,196.0,3297,False,6187
2024-02-05,2024-01-g003-2024-01-15-1795,2024-02-05,497553.0,美時,275.5,1806,False,1795
2024-02-15,2023-12-g003-2023-12-15-6472,2024-02-15,524045.0,保瑞,643.0,815,False,6472
2024-02-15,2024-01-g012-2024-01-09-6187,2024-02-15,685776.0,萬潤,208.0,3297,False,6187
2024-02-15,2024-01-g003-2024-01-15-1795,2024-02-15,493038.0,美時,273.0,1806,False,1795
2024-02-16,2023-12-g003-2023-12-15-6472,2024-02-16,525675.0,保瑞,645.0,815,False,6472
2024-02-16,2024-01-g012-2024-01-09-6187,2024-02-16,751716.0,萬潤,228.0,3297,False,6187
2024-02-16,2024-01-g003-2024-01-15-1795,2024-02-16,500262.0,美時,277.0,1806,False,1795
2024-02-19,2023-12-g003-2023-12-15-6472,2024-02-19,518340.0,保瑞,636.0,815,False,6472
2024-02-19,2024-01-g012-2024-01-09-6187,2024-02-19,728637.0,萬潤,221.0,3297,False,6187
2024-02-19,2024-01-g003-2024-01-15-1795,2024-02-19,496650.0,美時,275.0,1806,False,1795
2024-02-20,2023-12-g003-2023-12-15-6472,2024-02-20,522415.0,保瑞,641.0,815,False,6472
2024-02-20,2024-01-g012-2024-01-09-6187,2024-02-20,755013.0,萬潤,229.0,3297,False,6187
2024-02-20,2024-01-g003-2024-01-15-1795,2024-02-20,497553.0,美時,275.5,1806,False,1795
2024-02-21,2023-12-g003-2023-12-15-6472,2024-02-21,521600.0,保瑞,640.0,815,False,6472
2024-02-21,2024-01-g012-2024-01-09-6187,2024-02-21,764904.0,萬潤,232.0,3297,False,6187
2024-02-21,2024-01-g003-2024-01-15-1795,2024-02-21,499359.0,美時,276.5,1806,False,1795
2024-02-22,2023-12-g003-2023-12-15-6472,2024-02-22,531380.0,保瑞,652.0,815,False,6472
2024-02-22,2024-01-g012-2024-01-09-6187,2024-02-22,811062.0,萬潤,246.0,3297,False,6187
2024-02-22,2024-01-g003-2024-01-15-1795,2024-02-22,96369.0,美時,273.0,353,False,1795
2024-02-23,2023-12-g003-2023-12-15-6472,2024-02-23,526490.0,保瑞,646.0,815,False,6472
2024-02-23,2024-01-g012-2024-01-09-6187,2024-02-23,814359.0,萬潤,247.0,3297,False,6187
2024-02-23,2024-01-g003-2024-01-15-1795,2024-02-23,20944.0,美時,272.0,77,False,1795
2024-02-26,2024-01-g012-2024-01-09-6187,2024-02-26,804468.0,萬潤,244.0,3297,False,6187
2024-02-27,2024-01-g012-2024-01-09-6187,2024-02-27,771498.0,萬潤,234.0,3297,False,6187
2024-02-29,2024-01-g012-2024-01-09-6187,2024-02-29,801171.0,萬潤,243.0,3297,False,6187
2024-03-01,2024-01-g012-2024-01-09-6187,2024-03-01,830844.0,萬潤,252.0,3297,False,6187
2024-03-01,2024-02-g001-2024-02-29-2881,2024-03-01,597164.0,富邦金,67.4,8860,False,2881
2024-03-04,2024-01-g012-2024-01-09-6187,2024-03-04,877002.0,萬潤,266.0,3297,False,6187
2024-03-04,2024-02-g001-2024-02-29-2881,2024-03-04,597164.0,富邦金,67.4,8860,False,2881
2024-03-05,2024-01-g012-2024-01-09-6187,2024-03-05,890190.0,萬潤,270.0,3297,False,6187
2024-03-05,2024-02-g001-2024-02-29-2881,2024-03-05,596278.0,富邦金,67.3,8860,False,2881
2024-03-05,2024-03-g008-2024-03-04-2449,2024-03-05,547680.2000000001,京元電子,97.4,5623,False,2449
2024-03-06,2024-01-g012-2024-01-09-6187,2024-03-06,972615.0,萬潤,295.0,3297,False,6187
2024-03-06,2024-02-g001-2024-02-29-2881,2024-03-06,596278.0,富邦金,67.3,8860,False,2881
2024-03-06,2024-03-g008-2024-03-04-2449,2024-03-06,596038.0,京元電子,106.0,5623,False,2449
2024-03-07,2024-01-g012-2024-01-09-6187,2024-03-07,911620.5,萬潤,276.5,3297,False,6187
2024-03-07,2024-02-g001-2024-02-29-2881,2024-03-07,603366.0,富邦金,68.1,8860,False,2881
2024-03-07,2024-03-g008-2024-03-04-2449,2024-03-07,655079.5,京元電子,116.5,5623,False,2449
2024-03-08,2024-01-g012-2024-01-09-6187,2024-03-08,820953.0,萬潤,249.0,3297,False,6187
2024-03-08,2024-02-g001-2024-02-29-2881,2024-03-08,613112.0,富邦金,69.2,8860,False,2881
2024-03-08,2024-03-g008-2024-03-04-2449,2024-03-08,624153.0,京元電子,111.0,5623,False,2449
2024-03-11,2024-01-g012-2024-01-09-6187,2024-03-11,901729.5,萬潤,273.5,3297,False,6187
2024-03-11,2024-02-g001-2024-02-29-2881,2024-03-11,613112.0,富邦金,69.2,8860,False,2881
2024-03-11,2024-03-g008-2024-03-04-2449,2024-03-11,607284.0,京元電子,108.0,5623,False,2449
2024-03-12,2024-01-g012-2024-01-09-6187,2024-03-12,886893.0,萬潤,269.0,3297,False,6187
2024-03-12,2024-02-g001-2024-02-29-2881,2024-03-12,617542.0,富邦金,69.7,8860,False,2881
2024-03-12,2024-03-g008-2024-03-04-2449,2024-03-12,615718.5,京元電子,109.5,5623,False,2449
2024-03-13,2024-01-g012-2024-01-09-6187,2024-03-13,799522.5,萬潤,242.5,3297,False,6187
2024-03-13,2024-02-g001-2024-02-29-2881,2024-03-13,619314.0,富邦金,69.9,8860,False,2881
2024-03-13,2024-03-g008-2024-03-04-2449,2024-03-13,610095.5,京元電子,108.5,5623,False,2449
2024-03-14,2024-01-g012-2024-01-09-6187,2024-03-14,738528.0,萬潤,224.0,3297,False,6187
2024-03-14,2024-02-g001-2024-02-29-2881,2024-03-14,626402.0,富邦金,70.7,8860,False,2881
2024-03-14,2024-03-g008-2024-03-04-2449,2024-03-14,587603.5,京元電子,104.5,5623,False,2449
2024-03-15,2024-01-g012-2024-01-09-6187,2024-03-15,738528.0,萬潤,224.0,3297,False,6187
2024-03-15,2024-02-g001-2024-02-29-2881,2024-03-15,616656.0,富邦金,69.6,8860,False,2881
2024-03-15,2024-03-g008-2024-03-04-2449,2024-03-15,604472.5,京元電子,107.5,5623,False,2449
2024-03-18,2024-01-g012-2024-01-09-6187,2024-03-18,771498.0,萬潤,234.0,3297,False,6187
2024-03-18,2024-02-g001-2024-02-29-2881,2024-03-18,615770.0,富邦金,69.5,8860,False,2881
2024-03-18,2024-03-g008-2024-03-04-2449,2024-03-18,624153.0,京元電子,111.0,5623,False,2449
2024-03-19,2024-01-g012-2024-01-09-6187,2024-03-19,44345.0,萬潤,245.0,181,False,6187
2024-03-19,2024-02-g001-2024-02-29-2881,2024-03-19,618428.0,富邦金,69.8,8860,False,2881
2024-03-19,2024-03-g008-2024-03-04-2449,2024-03-19,612907.0,京元電子,109.0,5623,False,2449
2024-03-20,2024-01-g012-2024-01-09-6187,2024-03-20,19190.0,萬潤,252.5,76,False,6187
2024-03-20,2024-02-g001-2024-02-29-2881,2024-03-20,616656.0,富邦金,69.6,8860,False,2881
2024-03-20,2024-03-g008-2024-03-04-2449,2024-03-20,604472.5,京元電子,107.5,5623,False,2449
2024-03-20,2024-03-g006-2024-03-19-4938,2024-03-20,629694.0,和碩,103.5,6084,False,4938
2024-03-21,2024-02-g001-2024-02-29-2881,2024-03-21,626402.0,富邦金,70.7,8860,False,2881
2024-03-21,2024-03-g008-2024-03-04-2449,2024-03-21,610095.5,京元電子,108.5,5623,False,2449
2024-03-21,2024-03-g006-2024-03-19-4938,2024-03-21,635778.0,和碩,104.5,6084,False,4938
2024-03-22,2024-02-g001-2024-02-29-2881,2024-03-22,616656.0,富邦金,69.6,8860,False,2881
2024-03-22,2024-03-g008-2024-03-04-2449,2024-03-22,615718.5,京元電子,109.5,5623,False,2449
2024-03-22,2024-03-g006-2024-03-19-4938,2024-03-22,620568.0,和碩,102.0,6084,False,4938
2024-03-25,2024-02-g001-2024-02-29-2881,2024-03-25,611340.0,富邦金,69.0,8860,False,2881
2024-03-25,2024-03-g008-2024-03-04-2449,2024-03-25,610095.5,京元電子,108.5,5623,False,2449
2024-03-25,2024-03-g006-2024-03-19-4938,2024-03-25,617526.0,和碩,101.5,6084,False,4938
2024-03-26,2024-02-g001-2024-02-29-2881,2024-03-26,616656.0,富邦金,69.6,8860,False,2881
2024-03-26,2024-03-g008-2024-03-04-2449,2024-03-26,593226.5,京元電子,105.5,5623,False,2449
2024-03-26,2024-03-g006-2024-03-19-4938,2024-03-26,595015.2,和碩,97.8,6084,False,4938
2024-03-27,2024-02-g001-2024-02-29-2881,2024-03-27,618428.0,富邦金,69.8,8860,False,2881
2024-03-27,2024-03-g008-2024-03-04-2449,2024-03-27,596038.0,京元電子,106.0,5623,False,2449
2024-03-27,2024-03-g006-2024-03-19-4938,2024-03-27,598665.6,和碩,98.4,6084,False,4938
2024-03-28,2024-02-g001-2024-02-29-2881,2024-03-28,613998.0,富邦金,69.3,8860,False,2881
2024-03-28,2024-03-g008-2024-03-04-2449,2024-03-28,596038.0,京元電子,106.0,5623,False,2449
2024-03-28,2024-03-g006-2024-03-19-4938,2024-03-28,606574.8,和碩,99.7,6084,False,4938
2024-03-29,2024-02-g001-2024-02-29-2881,2024-03-29,617542.0,富邦金,69.7,8860,False,2881
2024-03-29,2024-03-g008-2024-03-04-2449,2024-03-29,593226.5,京元電子,105.5,5623,False,2449
2024-03-29,2024-03-g006-2024-03-19-4938,2024-03-29,620568.0,和碩,102.0,6084,False,4938
2024-04-01,2024-02-g001-2024-02-29-2881,2024-04-01,615770.0,富邦金,69.5,8860,False,2881
2024-04-01,2024-03-g008-2024-03-04-2449,2024-04-01,579169.0,京元電子,103.0,5623,False,2449
2024-04-01,2024-03-g006-2024-03-19-4938,2024-04-01,593190.0,和碩,97.5,6084,False,4938
2024-04-02,2024-02-g001-2024-02-29-2881,2024-04-02,615770.0,富邦金,69.5,8860,False,2881
2024-04-02,2024-03-g008-2024-03-04-2449,2024-04-02,601661.0,京元電子,107.0,5623,False,2449
2024-04-02,2024-03-g006-2024-03-19-4938,2024-04-02,598057.2,和碩,98.3,6084,False,4938
2024-04-03,2024-02-g001-2024-02-29-2881,2024-04-03,607796.0,富邦金,68.6,8860,False,2881
2024-04-03,2024-03-g008-2024-03-04-2449,2024-04-03,598849.5,京元電子,106.5,5623,False,2449
2024-04-03,2024-03-g006-2024-03-19-4938,2024-04-03,592581.6,和碩,97.4,6084,False,4938
2024-04-08,2024-02-g001-2024-02-29-2881,2024-04-08,608682.0,富邦金,68.7,8860,False,2881
2024-04-08,2024-03-g008-2024-03-04-2449,2024-04-08,22152.0,京元電子,106.5,208,False,2449
2024-04-08,2024-03-g006-2024-03-19-4938,2024-04-08,614484.0,和碩,101.0,6084,False,4938
2024-04-09,2024-03-g006-2024-03-19-4938,2024-04-09,611442.0,和碩,100.5,6084,False,4938
2024-04-09,2024-04-g008-2024-04-08-6188,2024-04-09,568477.2000000001,廣明,98.9,5748,False,6188
2024-04-10,2024-03-g006-2024-03-19-4938,2024-04-10,614484.0,和碩,101.0,6084,False,4938
2024-04-10,2024-04-g008-2024-04-08-6188,2024-04-10,556406.4,廣明,96.8,5748,False,6188
2024-04-10,2024-04-g007-2024-04-09-6117,2024-04-10,538262.4,迎廣,98.8,5448,False,6117
2024-04-11,2024-03-g006-2024-03-19-4938,2024-04-11,617526.0,和碩,101.5,6084,False,4938
2024-04-11,2024-04-g008-2024-04-08-6188,2024-04-11,561579.6,廣明,97.7,5748,False,6188
2024-04-11,2024-04-g007-2024-04-09-6117,2024-04-11,523008.0,迎廣,96.0,5448,False,6117
2024-04-12,2024-03-g006-2024-03-19-4938,2024-04-12,598057.2,和碩,98.3,6084,False,4938
2024-04-12,2024-04-g008-2024-04-08-6188,2024-04-12,561004.7999999999,廣明,97.6,5748,False,6188
2024-04-12,2024-04-g007-2024-04-09-6117,2024-04-12,507208.8,迎廣,93.1,5448,False,6117
2024-04-15,2024-03-g006-2024-03-19-4938,2024-04-15,600490.8,和碩,98.7,6084,False,4938
2024-04-15,2024-04-g008-2024-04-08-6188,2024-04-15,524217.60000000003,廣明,91.2,5748,False,6188
2024-04-15,2024-04-g007-2024-04-09-6117,2024-04-15,490864.8,迎廣,90.1,5448,False,6117
2024-04-16,2024-03-g006-2024-03-19-4938,2024-04-16,580413.6,和碩,95.4,6084,False,4938
2024-04-16,2024-04-g008-2024-04-08-6188,2024-04-16,498926.39999999997,廣明,86.8,5748,False,6188
2024-04-16,2024-04-g007-2024-04-09-6117,2024-04-16,442377.60000000003,迎廣,81.2,5448,False,6117
2024-04-17,2024-03-g006-2024-03-19-4938,2024-04-17,586497.6,和碩,96.4,6084,False,4938
2024-04-17,2024-04-g008-2024-04-08-6188,2024-04-17,40360.600000000006,廣明,88.9,454,False,6188
2024-04-17,2024-04-g007-2024-04-09-6117,2024-04-17,22273.2,迎廣,82.8,269,False,6117
2024-04-18,2024-03-g006-2024-03-19-4938,2024-04-18,587714.4,和碩,96.6,6084,False,4938
2024-04-18,2024-04-g008-2024-04-08-6188,2024-04-18,15873.7,廣明,87.7,181,False,6188
2024-04-18,2024-04-g007-2024-04-09-6117,2024-04-18,9678.6,迎廣,84.9,114,False,6117
2024-04-19,2024-04-g009-2024-04-18-3017,2024-04-19,481950.0,奇鋐,630.0,765,False,3017
2024-04-22,2024-04-g009-2024-04-18-3017,2024-04-22,433755.0,奇鋐,567.0,765,False,3017
2024-04-23,2024-04-g009-2024-04-18-3017,2024-04-23,441405.0,奇鋐,577.0,765,False,3017
2024-04-23,2024-04-g012-2024-04-22-2637,2024-04-23,503291.60000000003,慧洋-KY,69.2,7273,False,2637
2024-04-24,2024-04-g009-2024-04-18-3017,2024-04-24,485010.0,奇鋐,634.0,765,False,3017
2024-04-24,2024-04-g012-2024-04-22-2637,2024-04-24,490927.5,慧洋-KY,67.5,7273,False,2637
2024-04-25,2024-04-g009-2024-04-18-3017,2024-04-25,474300.0,奇鋐,620.0,765,False,3017
2024-04-25,2024-04-g012-2024-04-22-2637,2024-04-25,488018.29999999993,慧洋-KY,67.1,7273,False,2637
2024-04-26,2024-04-g009-2024-04-18-3017,2024-04-26,491130.0,奇鋐,642.0,765,False,3017
2024-04-26,2024-04-g012-2024-04-22-2637,2024-04-26,499655.10000000003,慧洋-KY,68.7,7273,False,2637
2024-04-26,2024-04-g010-2024-04-25-6176,2024-04-26,514947.0,瑞儀,195.5,2634,False,6176
2024-04-29,2024-04-g009-2024-04-18-3017,2024-04-29,478890.0,奇鋐,626.0,765,False,3017
2024-04-29,2024-04-g012-2024-04-22-2637,2024-04-29,501109.70000000007,慧洋-KY,68.9,7273,False,2637
2024-04-29,2024-04-g010-2024-04-25-6176,2024-04-29,520215.0,瑞儀,197.5,2634,False,6176
2024-04-30,2024-04-g009-2024-04-18-3017,2024-04-30,500310.0,奇鋐,654.0,765,False,3017
2024-04-30,2024-04-g012-2024-04-22-2637,2024-04-30,495291.29999999993,慧洋-KY,68.1,7273,False,2637
2024-04-30,2024-04-g010-2024-04-25-6176,2024-04-30,524166.0,瑞儀,199.0,2634,False,6176
2024-05-02,2024-04-g009-2024-04-18-3017,2024-05-02,501840.0,奇鋐,656.0,765,False,3017
2024-05-02,2024-04-g012-2024-04-22-2637,2024-05-02,493109.39999999997,慧洋-KY,67.8,7273,False,2637
2024-05-02,2024-04-g010-2024-04-25-6176,2024-05-02,546555.0,瑞儀,207.5,2634,False,6176
2024-05-03,2024-04-g009-2024-04-18-3017,2024-05-03,506430.0,奇鋐,662.0,765,False,3017
2024-05-03,2024-04-g012-2024-04-22-2637,2024-05-03,501837.0,慧洋-KY,69.0,7273,False,2637
2024-05-03,2024-04-g010-2024-04-25-6176,2024-05-03,545238.0,瑞儀,207.0,2634,False,6176
2024-05-06,2024-04-g009-2024-04-18-3017,2024-05-06,506430.0,奇鋐,662.0,765,False,3017
2024-05-06,2024-04-g012-2024-04-22-2637,2024-05-06,499655.10000000003,慧洋-KY,68.7,7273,False,2637
2024-05-06,2024-04-g010-2024-04-25-6176,2024-05-06,550506.0,瑞儀,209.0,2634,False,6176
2024-05-07,2024-04-g009-2024-04-18-3017,2024-05-07,515610.0,奇鋐,674.0,765,False,3017
2024-05-07,2024-04-g012-2024-04-22-2637,2024-05-07,522928.70000000007,慧洋-KY,71.9,7273,False,2637
2024-05-07,2024-04-g010-2024-04-25-6176,2024-05-07,542604.0,瑞儀,206.0,2634,False,6176
2024-05-08,2024-04-g009-2024-04-18-3017,2024-05-08,507195.0,奇鋐,663.0,765,False,3017
2024-05-08,2024-04-g012-2024-04-22-2637,2024-05-08,509837.29999999993,慧洋-KY,70.1,7273,False,2637
2024-05-08,2024-04-g010-2024-04-25-6176,2024-05-08,541287.0,瑞儀,205.5,2634,False,6176
2024-05-09,2024-04-g009-2024-04-18-3017,2024-05-09,500310.0,奇鋐,654.0,765,False,3017
2024-05-09,2024-04-g012-2024-04-22-2637,2024-05-09,513473.79999999993,慧洋-KY,70.6,7273,False,2637
2024-05-09,2024-04-g010-2024-04-25-6176,2024-05-09,537336.0,瑞儀,204.0,2634,False,6176
2024-05-10,2024-04-g009-2024-04-18-3017,2024-05-10,488070.0,奇鋐,638.0,765,False,3017
2024-05-10,2024-04-g012-2024-04-22-2637,2024-05-10,530929.0,慧洋-KY,73.0,7273,False,2637
2024-05-10,2024-04-g010-2024-04-25-6176,2024-05-10,536019.0,瑞儀,203.5,2634,False,6176
2024-05-13,2024-04-g009-2024-04-18-3017,2024-05-13,478890.0,奇鋐,626.0,765,False,3017
2024-05-13,2024-04-g012-2024-04-22-2637,2024-05-13,536747.4,慧洋-KY,73.8,7273,False,2637
2024-05-13,2024-04-g010-2024-04-25-6176,2024-05-13,521532.0,瑞儀,198.0,2634,False,6176
2024-05-14,2024-04-g009-2024-04-18-3017,2024-05-14,493425.0,奇鋐,645.0,765,False,3017
2024-05-14,2024-04-g012-2024-04-22-2637,2024-05-14,537474.7000000001,慧洋-KY,73.9,7273,False,2637
2024-05-14,2024-04-g010-2024-04-25-6176,2024-05-14,522849.0,瑞儀,198.5,2634,False,6176
2024-05-15,2024-04-g009-2024-04-18-3017,2024-05-15,492660.0,奇鋐,644.0,765,False,3017
2024-05-15,2024-04-g012-2024-04-22-2637,2024-05-15,519292.20000000007,慧洋-KY,71.4,7273,False,2637
2024-05-15,2024-04-g010-2024-04-25-6176,2024-05-15,516264.0,瑞儀,196.0,2634,False,6176
2024-05-16,2024-04-g009-2024-04-18-3017,2024-05-16,498015.0,奇鋐,651.0,765,False,3017
2024-05-16,2024-04-g012-2024-04-22-2637,2024-05-16,545475.0,慧洋-KY,75.0,7273,False,2637
2024-05-16,2024-04-g010-2024-04-25-6176,2024-05-16,526800.0,瑞儀,200.0,2634,False,6176
2024-05-17,2024-04-g009-2024-04-18-3017,2024-05-17,504900.0,奇鋐,660.0,765,False,3017
2024-05-17,2024-04-g012-2024-04-22-2637,2024-05-17,514928.39999999997,慧洋-KY,70.8,7273,False,2637
2024-05-17,2024-04-g010-2024-04-25-6176,2024-05-17,532068.0,瑞儀,202.0,2634,False,6176
2024-05-20,2024-04-g009-2024-04-18-3017,2024-05-20,488070.0,奇鋐,638.0,765,False,3017
2024-05-20,2024-04-g012-2024-04-22-2637,2024-05-20,514928.39999999997,慧洋-KY,70.8,7273,False,2637
2024-05-20,2024-04-g010-2024-04-25-6176,2024-05-20,522849.0,瑞儀,198.5,2634,False,6176
2024-05-21,2024-04-g009-2024-04-18-3017,2024-05-21,497250.0,奇鋐,650.0,765,False,3017
2024-05-21,2024-04-g012-2024-04-22-2637,2024-05-21,509837.29999999993,慧洋-KY,70.1,7273,False,2637
2024-05-21,2024-04-g010-2024-04-25-6176,2024-05-21,526800.0,瑞儀,200.0,2634,False,6176
2024-05-22,2024-04-g009-2024-04-18-3017,2024-05-22,504900.0,奇鋐,660.0,765,False,3017
2024-05-22,2024-04-g012-2024-04-22-2637,2024-05-22,533110.9,慧洋-KY,73.3,7273,False,2637
2024-05-22,2024-04-g010-2024-04-25-6176,2024-05-22,532068.0,瑞儀,202.0,2634,False,6176
2024-05-23,2024-04-g009-2024-04-18-3017,2024-05-23,541620.0,奇鋐,708.0,765,False,3017
2024-05-23,2024-04-g012-2024-04-22-2637,2024-05-23,521474.10000000003,慧洋-KY,71.7,7273,False,2637
2024-05-23,2024-04-g010-2024-04-25-6176,2024-05-23,520215.0,瑞儀,197.5,2634,False,6176
2024-05-24,2024-04-g009-2024-04-18-3017,2024-05-24,540090.0,奇鋐,706.0,765,False,3017
2024-05-24,2024-04-g012-2024-04-22-2637,2024-05-24,520746.79999999993,慧洋-KY,71.6,7273,False,2637
2024-05-24,2024-04-g010-2024-04-25-6176,2024-05-24,518898.0,瑞儀,197.0,2634,False,6176
2024-05-27,2024-04-g009-2024-04-18-3017,2024-05-27,564570.0,奇鋐,738.0,765,False,3017
2024-05-27,2024-04-g012-2024-04-22-2637,2024-05-27,536020.1,慧洋-KY,73.7,7273,False,2637
2024-05-27,2024-04-g010-2024-04-25-6176,2024-05-27,88704.0,瑞儀,198.0,448,False,6176
2024-05-28,2024-04-g009-2024-04-18-3017,2024-05-28,598995.0,奇鋐,783.0,765,False,3017
2024-05-28,2024-04-g012-2024-04-22-2637,2024-05-28,549111.5,慧洋-KY,75.5,7273,False,2637
2024-05-28,2024-04-g010-2024-04-25-6176,2024-05-28,46516.0,瑞儀,200.5,232,False,6176
2024-05-29,2024-04-g009-2024-04-18-3017,2024-05-29,620415.0,奇鋐,811.0,765,False,3017
2024-05-29,2024-04-g012-2024-04-22-2637,2024-05-29,552748.0,慧洋-KY,76.0,7273,False,2637
2024-05-29,2024-04-g010-2024-04-25-6176,2024-05-29,9400.0,瑞儀,200.0,47,False,6176
2024-05-29,2024-05-g019-2024-05-28-8027,2024-05-29,553280.0,鈦昇,123.5,4480,False,8027
2024-05-30,2024-04-g009-2024-04-18-3017,2024-05-30,597465.0,奇鋐,781.0,765,False,3017
2024-05-30,2024-04-g012-2024-04-22-2637,2024-05-30,557111.7999999999,慧洋-KY,76.6,7273,False,2637
2024-05-30,2024-05-g019-2024-05-28-8027,2024-05-30,517440.0,鈦昇,115.5,4480,False,8027
2024-05-31,2024-04-g009-2024-04-18-3017,2024-05-31,588285.0,奇鋐,769.0,765,False,3017
2024-05-31,2024-04-g012-2024-04-22-2637,2024-05-31,565112.1,慧洋-KY,77.7,7273,False,2637
2024-05-31,2024-05-g019-2024-05-28-8027,2024-05-31,517440.0,鈦昇,115.5,4480,False,8027
2024-06-03,2024-04-g009-2024-04-18-3017,2024-06-03,563040.0,奇鋐,736.0,765,False,3017
2024-06-03,2024-04-g012-2024-04-22-2637,2024-06-03,558566.4,慧洋-KY,76.8,7273,False,2637
2024-06-03,2024-05-g019-2024-05-28-8027,2024-06-03,535360.0,鈦昇,119.5,4480,False,8027
2024-06-04,2024-04-g009-2024-04-18-3017,2024-06-04,551565.0,奇鋐,721.0,765,False,3017
2024-06-04,2024-04-g012-2024-04-22-2637,2024-06-04,544020.4,慧洋-KY,74.8,7273,False,2637
2024-06-04,2024-05-g019-2024-05-28-8027,2024-06-04,519680.0,鈦昇,116.0,4480,False,8027
2024-06-05,2024-04-g009-2024-04-18-3017,2024-06-05,524025.0,奇鋐,685.0,765,False,3017
2024-06-05,2024-04-g012-2024-04-22-2637,2024-06-05,553475.2999999999,慧洋-KY,76.1,7273,False,2637
2024-06-05,2024-05-g019-2024-05-28-8027,2024-06-05,524160.0,鈦昇,117.0,4480,False,8027
2024-06-06,2024-04-g009-2024-04-18-3017,2024-06-06,504900.0,奇鋐,660.0,765,False,3017
2024-06-06,2024-04-g012-2024-04-22-2637,2024-06-06,562202.9,慧洋-KY,77.3,7273,False,2637
2024-06-06,2024-05-g019-2024-05-28-8027,2024-06-06,526400.0,鈦昇,117.5,4480,False,8027
2024-06-07,2024-04-g012-2024-04-22-2637,2024-06-07,559293.7000000001,慧洋-KY,76.9,7273,False,2637
2024-06-07,2024-05-g019-2024-05-28-8027,2024-06-07,535360.0,鈦昇,119.5,4480,False,8027
2024-06-11,2024-04-g012-2024-04-22-2637,2024-06-11,525837.9,慧洋-KY,72.3,7273,False,2637
2024-06-11,2024-05-g019-2024-05-28-8027,2024-06-11,524160.0,鈦昇,117.0,4480,False,8027
2024-06-11,2024-06-g016-2024-06-07-2486,2024-06-11,557966.0,一詮,113.5,4916,False,2486
2024-06-12,2024-04-g012-2024-04-22-2637,2024-06-12,503291.60000000003,慧洋-KY,69.2,7273,False,2637
2024-06-12,2024-05-g019-2024-05-28-8027,2024-06-12,533120.0,鈦昇,119.0,4480,False,8027
2024-06-12,2024-06-g016-2024-06-07-2486,2024-06-12,550592.0,一詮,112.0,4916,False,2486
2024-06-13,2024-05-g019-2024-05-28-8027,2024-06-13,521920.0,鈦昇,116.5,4480,False,8027
2024-06-13,2024-06-g016-2024-06-07-2486,2024-06-13,604668.0,一詮,123.0,4916,False,2486
2024-06-14,2024-05-g019-2024-05-28-8027,2024-06-14,528640.0,鈦昇,118.0,4480,False,8027
2024-06-14,2024-06-g016-2024-06-07-2486,2024-06-14,599752.0,一詮,122.0,4916,False,2486
2024-06-14,2024-06-g007-2024-06-13-1785,2024-06-14,506601.0,光洋科,52.2,9705,False,1785
2024-06-17,2024-05-g019-2024-05-28-8027,2024-06-17,544320.0,鈦昇,121.5,4480,False,8027
2024-06-17,2024-06-g016-2024-06-07-2486,2024-06-17,614500.0,一詮,125.0,4916,False,2486
2024-06-17,2024-06-g007-2024-06-13-1785,2024-06-17,540568.5,光洋科,55.7,9705,False,1785
2024-06-18,2024-05-g019-2024-05-28-8027,2024-06-18,533120.0,鈦昇,119.0,4480,False,8027
2024-06-18,2024-06-g016-2024-06-07-2486,2024-06-18,587462.0,一詮,119.5,4916,False,2486
2024-06-18,2024-06-g007-2024-06-13-1785,2024-06-18,549303.0,光洋科,56.6,9705,False,1785
2024-06-19,2024-05-g019-2024-05-28-8027,2024-06-19,533120.0,鈦昇,119.0,4480,False,8027
2024-06-19,2024-06-g016-2024-06-07-2486,2024-06-19,582546.0,一詮,118.5,4916,False,2486
2024-06-19,2024-06-g007-2024-06-13-1785,2024-06-19,562890.0,光洋科,58.0,9705,False,1785
2024-06-20,2024-05-g019-2024-05-28-8027,2024-06-20,584640.0,鈦昇,130.5,4480,False,8027
2024-06-20,2024-06-g016-2024-06-07-2486,2024-06-20,585004.0,一詮,119.0,4916,False,2486
2024-06-20,2024-06-g007-2024-06-13-1785,2024-06-20,584241.0,光洋科,60.2,9705,False,1785
2024-06-21,2024-05-g019-2024-05-28-8027,2024-06-21,586880.0,鈦昇,131.0,4480,False,8027
2024-06-21,2024-06-g016-2024-06-07-2486,2024-06-21,592378.0,一詮,120.5,4916,False,2486
2024-06-21,2024-06-g007-2024-06-13-1785,2024-06-21,642471.0,光洋科,66.2,9705,False,1785
2024-06-24,2024-05-g019-2024-05-28-8027,2024-06-24,580160.0,鈦昇,129.5,4480,False,8027
2024-06-24,2024-06-g016-2024-06-07-2486,2024-06-24,577630.0,一詮,117.5,4916,False,2486
2024-06-24,2024-06-g007-2024-06-13-1785,2024-06-24,645382.5,光洋科,66.5,9705,False,1785
2024-06-25,2024-05-g019-2024-05-28-8027,2024-06-25,620480.0,鈦昇,138.5,4480,False,8027
2024-06-25,2024-06-g016-2024-06-07-2486,2024-06-25,589920.0,一詮,120.0,4916,False,2486
2024-06-25,2024-06-g007-2024-06-13-1785,2024-06-25,669645.0,光洋科,69.0,9705,False,1785
2024-06-26,2024-05-g019-2024-05-28-8027,2024-06-26,633920.0,鈦昇,141.5,4480,False,8027
2024-06-26,2024-06-g016-2024-06-07-2486,2024-06-26,648912.0,一詮,132.0,4916,False,2486
2024-06-26,2024-06-g007-2024-06-13-1785,2024-06-26,655087.5,光洋科,67.5,9705,False,1785
2024-06-27,2024-05-g019-2024-05-28-8027,2024-06-27,631680.0,鈦昇,141.0,4480,False,8027
2024-06-27,2024-06-g016-2024-06-07-2486,2024-06-27,678408.0,一詮,138.0,4916,False,2486
2024-06-27,2024-06-g007-2024-06-13-1785,2024-06-27,633736.5,光洋科,65.3,9705,False,1785
2024-06-28,2024-05-g019-2024-05-28-8027,2024-06-28,575680.0,鈦昇,128.5,4480,False,8027
2024-06-28,2024-06-g016-2024-06-07-2486,2024-06-28,663660.0,一詮,135.0,4916,False,2486
2024-06-28,2024-06-g007-2024-06-13-1785,2024-06-28,633736.5,光洋科,65.3,9705,False,1785
2024-07-01,2024-05-g019-2024-05-28-8027,2024-07-01,568960.0,鈦昇,127.0,4480,False,8027
2024-07-01,2024-06-g016-2024-06-07-2486,2024-07-01,653828.0,一詮,133.0,4916,False,2486
2024-07-01,2024-06-g007-2024-06-13-1785,2024-07-01,621120.0,光洋科,64.0,9705,False,1785
2024-07-02,2024-05-g019-2024-05-28-8027,2024-07-02,551040.0,鈦昇,123.0,4480,False,8027
2024-07-02,2024-06-g016-2024-06-07-2486,2024-07-02,641538.0,一詮,130.5,4916,False,2486
2024-07-02,2024-06-g007-2024-06-13-1785,2024-07-02,612385.5,光洋科,63.1,9705,False,1785
2024-07-03,2024-05-g019-2024-05-28-8027,2024-07-03,582400.0,鈦昇,130.0,4480,False,8027
2024-07-03,2024-06-g016-2024-06-07-2486,2024-07-03,671034.0,一詮,136.5,4916,False,2486
2024-07-03,2024-06-g007-2024-06-13-1785,2024-07-03,648294.0,光洋科,66.8,9705,False,1785
2024-07-04,2024-05-g019-2024-05-28-8027,2024-07-04,613760.0,鈦昇,137.0,4480,False,8027
2024-07-04,2024-06-g016-2024-06-07-2486,2024-07-04,678408.0,一詮,138.0,4916,False,2486
2024-07-04,2024-06-g007-2024-06-13-1785,2024-07-04,664792.5,光洋科,68.5,9705,False,1785
2024-07-05,2024-05-g019-2024-05-28-8027,2024-07-05,604800.0,鈦昇,135.0,4480,False,8027
2024-07-05,2024-06-g016-2024-06-07-2486,2024-07-05,705446.0,一詮,143.5,4916,False,2486
2024-07-05,2024-06-g007-2024-06-13-1785,2024-07-05,730786.5,光洋科,75.3,9705,False,1785
2024-07-08,2024-05-g019-2024-05-28-8027,2024-07-08,571200.0,鈦昇,127.5,4480,False,8027
2024-07-08,2024-06-g016-2024-06-07-2486,2024-07-08,693156.0,一詮,141.0,4916,False,2486
2024-07-08,2024-06-g007-2024-06-13-1785,2024-07-08,712347.0,光洋科,73.4,9705,False,1785
2024-07-09,2024-05-g019-2024-05-28-8027,2024-07-09,580160.0,鈦昇,129.5,4480,False,8027
2024-07-09,2024-06-g016-2024-06-07-2486,2024-07-09,673492.0,一詮,137.0,4916,False,2486
2024-07-09,2024-06-g007-2024-06-13-1785,2024-07-09,697789.5,光洋科,71.9,9705,False,1785
2024-07-10,2024-05-g019-2024-05-28-8027,2024-07-10,586880.0,鈦昇,131.0,4480,False,8027
2024-07-10,2024-06-g016-2024-06-07-2486,2024-07-10,651370.0,一詮,132.5,4916,False,2486
2024-07-10,2024-06-g007-2024-06-13-1785,2024-07-10,718170.0,光洋科,74.0,9705,False,1785
2024-07-11,2024-05-g019-2024-05-28-8027,2024-07-11,575680.0,鈦昇,128.5,4480,False,8027
2024-07-11,2024-06-g016-2024-06-07-2486,2024-07-11,678408.0,一詮,138.0,4916,False,2486
2024-07-11,2024-06-g007-2024-06-13-1785,2024-07-11,726904.5,光洋科,74.9,9705,False,1785
2024-07-12,2024-05-g019-2024-05-28-8027,2024-07-12,564480.0,鈦昇,126.0,4480,False,8027
2024-07-12,2024-06-g016-2024-06-07-2486,2024-07-12,680866.0,一詮,138.5,4916,False,2486
2024-07-12,2024-06-g007-2024-06-13-1785,2024-07-12,700701.0,光洋科,72.2,9705,False,1785
2024-07-15,2024-05-g019-2024-05-28-8027,2024-07-15,557760.0,鈦昇,124.5,4480,False,8027
2024-07-15,2024-06-g016-2024-06-07-2486,2024-07-15,707904.0,一詮,144.0,4916,False,2486
2024-07-15,2024-06-g007-2024-06-13-1785,2024-07-15,690025.5,光洋科,71.1,9705,False,1785
2024-07-16,2024-05-g019-2024-05-28-8027,2024-07-16,4477.0,鈦昇,121.0,37,False,8027
2024-07-16,2024-06-g016-2024-06-07-2486,2024-07-16,688240.0,一詮,140.0,4916,False,2486
2024-07-16,2024-06-g007-2024-06-13-1785,2024-07-16,681291.0,光洋科,70.2,9705,False,1785
2024-07-17,2024-06-g016-2024-06-07-2486,2024-07-17,658744.0,一詮,134.0,4916,False,2486
2024-07-17,2024-06-g007-2024-06-13-1785,2024-07-17,693907.5,光洋科,71.5,9705,False,1785
2024-07-18,2024-06-g016-2024-06-07-2486,2024-07-18,614500.0,一詮,125.0,4916,False,2486
2024-07-18,2024-06-g007-2024-06-13-1785,2024-07-18,692937.0,光洋科,71.4,9705,False,1785
2024-07-19,2024-06-g016-2024-06-07-2486,2024-07-19,604668.0,一詮,123.0,4916,False,2486
2024-07-19,2024-06-g007-2024-06-13-1785,2024-07-19,630825.0,光洋科,65.0,9705,False,1785
2024-07-22,2024-06-g016-2024-06-07-2486,2024-07-22,594836.0,一詮,121.0,4916,False,2486
2024-07-22,2024-06-g007-2024-06-13-1785,2024-07-22,613356.0,光洋科,63.2,9705,False,1785
2024-07-23,2024-06-g016-2024-06-07-2486,2024-07-23,653828.0,一詮,133.0,4916,False,2486
2024-07-26,2024-06-g016-2024-06-07-2486,2024-07-26,592378.0,一詮,120.5,4916,False,2486
2024-08-07,2024-08-g004-2024-08-06-3131,2024-08-07,452100.0,弘塑,1650.0,274,False,3131
2024-08-08,2024-08-g004-2024-08-06-3131,2024-08-08,421960.0,弘塑,1540.0,274,False,3131
2024-08-09,2024-08-g004-2024-08-06-3131,2024-08-09,463060.0,弘塑,1690.0,274,False,3131
2024-08-12,2024-08-g004-2024-08-06-3131,2024-08-12,456210.0,弘塑,1665.0,274,False,3131
2024-08-12,2024-08-g011-2024-08-09-8374,2024-08-12,527485.0,羅昇,122.5,4306,False,8374
2024-08-12,2024-08-g010-2024-08-09-6215,2024-08-12,541169.1,和椿,63.9,8469,False,6215
2024-08-13,2024-08-g004-2024-08-06-3131,2024-08-13,452100.0,弘塑,1650.0,274,False,3131
2024-08-13,2024-08-g011-2024-08-09-8374,2024-08-13,579157.0,羅昇,134.5,4306,False,8374
2024-08-13,2024-08-g010-2024-08-09-6215,2024-08-13,578432.7,和椿,68.3,8469,False,6215
2024-08-14,2024-08-g004-2024-08-06-3131,2024-08-14,493200.0,弘塑,1800.0,274,False,3131
2024-08-14,2024-08-g011-2024-08-09-8374,2024-08-14,635135.0,羅昇,147.5,4306,False,8374
2024-08-14,2024-08-g010-2024-08-09-6215,2024-08-14,570810.6000000001,和椿,67.4,8469,False,6215
2024-08-15,2024-08-g004-2024-08-06-3131,2024-08-15,542520.0,弘塑,1980.0,274,False,3131
2024-08-15,2024-08-g011-2024-08-09-8374,2024-08-15,632982.0,羅昇,147.0,4306,False,8374
2024-08-15,2024-08-g010-2024-08-09-6215,2024-08-15,558954.0,和椿,66.0,8469,False,6215
2024-08-16,2024-08-g004-2024-08-06-3131,2024-08-16,539780.0,弘塑,1970.0,274,False,3131
2024-08-16,2024-08-g011-2024-08-09-8374,2024-08-16,658818.0,羅昇,153.0,4306,False,8374
2024-08-16,2024-08-g010-2024-08-09-6215,2024-08-16,574198.2,和椿,67.8,8469,False,6215
2024-08-19,2024-08-g004-2024-08-06-3131,2024-08-19,537040.0,弘塑,1960.0,274,False,3131
2024-08-19,2024-08-g011-2024-08-09-8374,2024-08-19,667430.0,羅昇,155.0,4306,False,8374
2024-08-19,2024-08-g010-2024-08-09-6215,2024-08-19,581820.3,和椿,68.7,8469,False,6215
2024-08-20,2024-08-g004-2024-08-06-3131,2024-08-20,537040.0,弘塑,1960.0,274,False,3131
2024-08-20,2024-08-g011-2024-08-09-8374,2024-08-20,645900.0,羅昇,150.0,4306,False,8374
2024-08-20,2024-08-g010-2024-08-09-6215,2024-08-20,566576.1000000001,和椿,66.9,8469,False,6215
2024-08-21,2024-08-g004-2024-08-06-3131,2024-08-21,526080.0,弘塑,1920.0,274,False,3131
2024-08-21,2024-08-g011-2024-08-09-8374,2024-08-21,600687.0,羅昇,139.5,4306,False,8374
2024-08-21,2024-08-g010-2024-08-09-6215,2024-08-21,549638.1000000001,和椿,64.9,8469,False,6215
2024-08-22,2024-08-g004-2024-08-06-3131,2024-08-22,526080.0,弘塑,1920.0,274,False,3131
2024-08-22,2024-08-g011-2024-08-09-8374,2024-08-22,589922.0,羅昇,137.0,4306,False,8374
2024-08-22,2024-08-g010-2024-08-09-6215,2024-08-22,533547.0,和椿,63.0,8469,False,6215
2024-08-23,2024-08-g004-2024-08-06-3131,2024-08-23,554850.0,弘塑,2025.0,274,False,3131
2024-08-23,2024-08-g011-2024-08-09-8374,2024-08-23,585616.0,羅昇,136.0,4306,False,8374
2024-08-23,2024-08-g010-2024-08-09-6215,2024-08-23,525924.9,和椿,62.1,8469,False,6215
2024-08-26,2024-08-g004-2024-08-06-3131,2024-08-26,523340.0,弘塑,1910.0,274,False,3131
2024-08-26,2024-08-g011-2024-08-09-8374,2024-08-26,581310.0,羅昇,135.0,4306,False,8374
2024-08-26,2024-08-g010-2024-08-09-6215,2024-08-26,520843.5,和椿,61.5,8469,False,6215
2024-08-27,2024-08-g004-2024-08-06-3131,2024-08-27,561700.0,弘塑,2050.0,274,False,3131
2024-08-27,2024-08-g011-2024-08-09-8374,2024-08-27,639441.0,羅昇,148.5,4306,False,8374
2024-08-27,2024-08-g010-2024-08-09-6215,2024-08-27,546250.5,和椿,64.5,8469,False,6215
2024-08-28,2024-08-g004-2024-08-06-3131,2024-08-28,574030.0,弘塑,2095.0,274,False,3131
2024-08-28,2024-08-g011-2024-08-09-8374,2024-08-28,622217.0,羅昇,144.5,4306,False,8374
2024-08-28,2024-08-g010-2024-08-09-6215,2024-08-28,536934.6,和椿,63.4,8469,False,6215
2024-08-29,2024-08-g004-2024-08-06-3131,2024-08-29,579510.0,弘塑,2115.0,274,False,3131
2024-08-29,2024-08-g011-2024-08-09-8374,2024-08-29,594228.0,羅昇,138.0,4306,False,8374
2024-08-29,2024-08-g010-2024-08-09-6215,2024-08-29,590289.3,和椿,69.7,8469,False,6215
2024-08-30,2024-08-g004-2024-08-06-3131,2024-08-30,539780.0,弘塑,1970.0,274,False,3131
2024-08-30,2024-08-g011-2024-08-09-8374,2024-08-30,594228.0,羅昇,138.0,4306,False,8374
2024-08-30,2024-08-g010-2024-08-09-6215,2024-08-30,570810.6000000001,和椿,67.4,8469,False,6215
2024-09-02,2024-08-g004-2024-08-06-3131,2024-09-02,512380.0,弘塑,1870.0,274,False,3131
2024-09-02,2024-08-g011-2024-08-09-8374,2024-09-02,581310.0,羅昇,135.0,4306,False,8374
2024-09-02,2024-08-g010-2024-08-09-6215,2024-09-02,580126.5,和椿,68.5,8469,False,6215
2024-09-03,2024-08-g004-2024-08-06-3131,2024-09-03,482240.0,弘塑,1760.0,274,False,3131
2024-09-03,2024-08-g011-2024-08-09-8374,2024-09-03,615758.0,羅昇,143.0,4306,False,8374
2024-09-03,2024-08-g010-2024-08-09-6215,2024-09-03,579279.6000000001,和椿,68.4,8469,False,6215
2024-09-04,2024-08-g004-2024-08-06-3131,2024-09-04,460320.0,弘塑,1680.0,274,False,3131
2024-09-04,2024-08-g011-2024-08-09-8374,2024-09-04,673889.0,羅昇,156.5,4306,False,8374
2024-09-04,2024-08-g010-2024-08-09-6215,2024-09-04,556413.3,和椿,65.7,8469,False,6215
2024-09-05,2024-08-g004-2024-08-06-3131,2024-09-05,438400.0,弘塑,1600.0,274,False,3131
2024-09-05,2024-08-g011-2024-08-09-8374,2024-09-05,622217.0,羅昇,144.5,4306,False,8374
2024-09-05,2024-08-g010-2024-08-09-6215,2024-09-05,569963.7,和椿,67.3,8469,False,6215
2024-09-06,2024-08-g004-2024-08-06-3131,2024-09-06,457580.0,弘塑,1670.0,274,False,3131
2024-09-06,2024-08-g011-2024-08-09-8374,2024-09-06,598534.0,羅昇,139.0,4306,False,8374
2024-09-06,2024-08-g010-2024-08-09-6215,2024-09-06,591983.1000000001,和椿,69.9,8469,False,6215
2024-09-09,2024-08-g004-2024-08-06-3131,2024-09-09,102300.0,弘塑,1650.0,62,False,3131
2024-09-09,2024-08-g011-2024-08-09-8374,2024-09-09,630829.0,羅昇,146.5,4306,False,8374
2024-09-09,2024-08-g010-2024-08-09-6215,2024-09-09,575045.1000000001,和椿,67.9,8469,False,6215
2024-09-10,2024-08-g011-2024-08-09-8374,2024-09-10,615758.0,羅昇,143.0,4306,False,8374
2024-09-10,2024-08-g010-2024-08-09-6215,2024-09-10,543709.8,和椿,64.2,8469,False,6215
2024-09-11,2024-08-g011-2024-08-09-8374,2024-09-11,617911.0,羅昇,143.5,4306,False,8374
2024-09-11,2024-08-g010-2024-08-09-6215,2024-09-11,531006.3,和椿,62.7,8469,False,6215
2024-09-12,2024-08-g011-2024-08-09-8374,2024-09-12,624370.0,羅昇,145.0,4306,False,8374
2024-09-12,2024-08-g010-2024-08-09-6215,2024-09-12,21539.1,和椿,67.1,321,False,6215
2024-09-13,2024-08-g011-2024-08-09-8374,2024-09-13,637288.0,羅昇,148.0,4306,False,8374
2024-09-13,2024-08-g010-2024-08-09-6215,2024-09-13,13100.5,和椿,66.5,197,False,6215
2024-09-16,2024-08-g011-2024-08-09-8374,2024-09-16,632982.0,羅昇,147.0,4306,False,8374
2024-09-16,2024-08-g010-2024-08-09-6215,2024-09-16,4012.0,和椿,68.0,59,False,6215
2024-09-16,2024-09-g010-2024-09-13-6274,2024-09-16,583038.0,台燿,183.0,3186,False,6274
2024-09-18,2024-08-g011-2024-08-09-8374,2024-09-18,611452.0,羅昇,142.0,4306,False,8374
2024-09-18,2024-09-g010-2024-09-13-6274,2024-09-18,555957.0,台燿,174.5,3186,False,6274
2024-09-19,2024-08-g011-2024-08-09-8374,2024-09-19,630829.0,羅昇,146.5,4306,False,8374
2024-09-19,2024-09-g010-2024-09-13-6274,2024-09-19,586224.0,台燿,184.0,3186,False,6274
2024-09-19,2024-09-g012-2024-09-18-3167,2024-09-19,594978.0,大量,106.0,5613,False,3167
2024-09-20,2024-08-g011-2024-08-09-8374,2024-09-20,613605.0,羅昇,142.5,4306,False,8374
2024-09-20,2024-09-g010-2024-09-13-6274,2024-09-20,581445.0,台燿,182.5,3186,False,6274
2024-09-20,2024-09-g012-2024-09-18-3167,2024-09-20,653914.5,大量,116.5,5613,False,3167
2024-09-23,2024-08-g011-2024-08-09-8374,2024-09-23,596381.0,羅昇,138.5,4306,False,8374
2024-09-23,2024-09-g010-2024-09-13-6274,2024-09-23,576666.0,台燿,181.0,3186,False,6274
2024-09-23,2024-09-g012-2024-09-18-3167,2024-09-23,718464.0,大量,128.0,5613,False,3167
2024-09-24,2024-08-g011-2024-08-09-8374,2024-09-24,589922.0,羅昇,137.0,4306,False,8374
2024-09-24,2024-09-g010-2024-09-13-6274,2024-09-24,567108.0,台燿,178.0,3186,False,6274
2024-09-24,2024-09-g012-2024-09-18-3167,2024-09-24,712851.0,大量,127.0,5613,False,3167
2024-09-25,2024-08-g011-2024-08-09-8374,2024-09-25,13728.0,羅昇,143.0,96,False,8374
2024-09-25,2024-09-g010-2024-09-13-6274,2024-09-25,578259.0,台燿,181.5,3186,False,6274
2024-09-25,2024-09-g012-2024-09-18-3167,2024-09-25,696012.0,大量,124.0,5613,False,3167
2024-09-26,2024-09-g010-2024-09-13-6274,2024-09-26,567108.0,台燿,178.0,3186,False,6274
2024-09-26,2024-09-g012-2024-09-18-3167,2024-09-26,718464.0,大量,128.0,5613,False,3167
2024-09-26,2024-09-g004-2024-09-25-5871,2024-09-26,596144.0,中租-KY,152.0,3922,False,5871
2024-09-27,2024-09-g010-2024-09-13-6274,2024-09-27,557550.0,台燿,175.0,3186,False,6274
2024-09-27,2024-09-g012-2024-09-18-3167,2024-09-27,788626.5,大量,140.5,5613,False,3167
2024-09-27,2024-09-g004-2024-09-25-5871,2024-09-27,641247.0,中租-KY,163.5,3922,False,5871
2024-09-30,2024-09-g010-2024-09-13-6274,2024-09-30,543213.0,台燿,170.5,3186,False,6274
2024-09-30,2024-09-g012-2024-09-18-3167,2024-09-30,808272.0,大量,144.0,5613,False,3167
2024-09-30,2024-09-g004-2024-09-25-5871,2024-09-30,641247.0,中租-KY,163.5,3922,False,5871
2024-10-01,2024-09-g010-2024-09-13-6274,2024-10-01,557550.0,台燿,175.0,3186,False,6274
2024-10-01,2024-09-g012-2024-09-18-3167,2024-10-01,841950.0,大量,150.0,5613,False,3167
2024-10-01,2024-09-g004-2024-09-25-5871,2024-10-01,621637.0,中租-KY,158.5,3922,False,5871
2024-10-04,2024-09-g010-2024-09-13-6274,2024-10-04,544806.0,台燿,171.0,3186,False,6274
2024-10-04,2024-09-g012-2024-09-18-3167,2024-10-04,802659.0,大量,143.0,5613,False,3167
2024-10-04,2024-09-g004-2024-09-25-5871,2024-10-04,633403.0,中租-KY,161.5,3922,False,5871
2024-10-07,2024-09-g010-2024-09-13-6274,2024-10-07,549585.0,台燿,172.5,3186,False,6274
2024-10-07,2024-09-g012-2024-09-18-3167,2024-10-07,830724.0,大量,148.0,5613,False,3167
2024-10-07,2024-09-g004-2024-09-25-5871,2024-10-07,647130.0,中租-KY,165.0,3922,False,5871
2024-10-08,2024-09-g010-2024-09-13-6274,2024-10-08,567108.0,台燿,178.0,3186,False,6274
2024-10-08,2024-09-g012-2024-09-18-3167,2024-10-08,833530.5,大量,148.5,5613,False,3167
2024-10-08,2024-09-g004-2024-09-25-5871,2024-10-08,639286.0,中租-KY,163.0,3922,False,5871
2024-10-09,2024-09-g010-2024-09-13-6274,2024-10-09,555957.0,台燿,174.5,3186,False,6274
2024-10-09,2024-09-g012-2024-09-18-3167,2024-10-09,861595.5,大量,153.5,5613,False,3167
2024-10-09,2024-09-g004-2024-09-25-5871,2024-10-09,617715.0,中租-KY,157.5,3922,False,5871
2024-10-11,2024-09-g010-2024-09-13-6274,2024-10-11,565515.0,台燿,177.5,3186,False,6274
2024-10-11,2024-09-g012-2024-09-18-3167,2024-10-11,889660.5,大量,158.5,5613,False,3167
2024-10-11,2024-09-g004-2024-09-25-5871,2024-10-11,596144.0,中租-KY,152.0,3922,False,5871
2024-10-14,2024-09-g010-2024-09-13-6274,2024-10-14,562329.0,台燿,176.5,3186,False,6274
2024-10-14,2024-09-g012-2024-09-18-3167,2024-10-14,942984.0,大量,168.0,5613,False,3167
2024-10-14,2024-09-g004-2024-09-25-5871,2024-10-14,613793.0,中租-KY,156.5,3922,False,5871
2024-10-15,2024-09-g010-2024-09-13-6274,2024-10-15,567108.0,台燿,178.0,3186,False,6274
2024-10-15,2024-09-g012-2024-09-18-3167,2024-10-15,861595.5,大量,153.5,5613,False,3167
2024-10-15,2024-09-g004-2024-09-25-5871,2024-10-15,605949.0,中租-KY,154.5,3922,False,5871
2024-10-16,2024-09-g010-2024-09-13-6274,2024-10-16,546399.0,台燿,171.5,3186,False,6274
2024-10-16,2024-09-g012-2024-09-18-3167,2024-10-16,827917.5,大量,147.5,5613,False,3167
2024-10-16,2024-09-g004-2024-09-25-5871,2024-10-16,607910.0,中租-KY,155.0,3922,False,5871
2024-10-17,2024-09-g010-2024-09-13-6274,2024-10-17,536841.0,台燿,168.5,3186,False,6274
2024-10-17,2024-09-g012-2024-09-18-3167,2024-10-17,825111.0,大量,147.0,5613,False,3167
2024-10-17,2024-09-g004-2024-09-25-5871,2024-10-17,607910.0,中租-KY,155.0,3922,False,5871
2024-10-18,2024-09-g012-2024-09-18-3167,2024-10-18,794239.5,大量,141.5,5613,False,3167
2024-10-18,2024-09-g004-2024-09-25-5871,2024-10-18,613793.0,中租-KY,156.5,3922,False,5871
2024-10-21,2024-09-g012-2024-09-18-3167,2024-10-21,833530.5,大量,148.5,5613,False,3167
2024-10-21,2024-09-g004-2024-09-25-5871,2024-10-21,611832.0,中租-KY,156.0,3922,False,5871
2024-10-21,2024-10-g014-2024-10-18-3013,2024-10-21,620466.0,晟銘電,158.0,3927,False,3013
2024-10-22,2024-09-g012-2024-09-18-3167,2024-10-22,825111.0,大量,147.0,5613,False,3167
2024-10-22,2024-09-g004-2024-09-25-5871,2024-10-22,613793.0,中租-KY,156.5,3922,False,5871
2024-10-22,2024-10-g014-2024-10-18-3013,2024-10-22,640101.0,晟銘電,163.0,3927,False,3013
2024-10-23,2024-09-g012-2024-09-18-3167,2024-10-23,906499.5,大量,161.5,5613,False,3167
2024-10-23,2024-09-g004-2024-09-25-5871,2024-10-23,605949.0,中租-KY,154.5,3922,False,5871
2024-10-23,2024-10-g014-2024-10-18-3013,2024-10-23,640101.0,晟銘電,163.0,3927,False,3013
2024-10-24,2024-09-g012-2024-09-18-3167,2024-10-24,816691.5,大量,145.5,5613,False,3167
2024-10-24,2024-09-g004-2024-09-25-5871,2024-10-24,605949.0,中租-KY,154.5,3922,False,5871
2024-10-24,2024-10-g014-2024-10-18-3013,2024-10-24,618502.5,晟銘電,157.5,3927,False,3013
2024-10-25,2024-09-g012-2024-09-18-3167,2024-10-25,825111.0,大量,147.0,5613,False,3167
2024-10-25,2024-09-g004-2024-09-25-5871,2024-10-25,602027.0,中租-KY,153.5,3922,False,5871
2024-10-25,2024-10-g014-2024-10-18-3013,2024-10-25,638137.5,晟銘電,162.5,3927,False,3013
2024-10-28,2024-09-g012-2024-09-18-3167,2024-10-28,819498.0,大量,146.0,5613,False,3167
2024-10-28,2024-09-g004-2024-09-25-5871,2024-10-28,602027.0,中租-KY,153.5,3922,False,5871
2024-10-28,2024-10-g014-2024-10-18-3013,2024-10-28,616539.0,晟銘電,157.0,3927,False,3013
2024-10-29,2024-09-g012-2024-09-18-3167,2024-10-29,836337.0,大量,149.0,5613,False,3167
2024-10-29,2024-10-g014-2024-10-18-3013,2024-10-29,598867.5,晟銘電,152.5,3927,False,3013
2024-10-30,2024-09-g012-2024-09-18-3167,2024-10-30,839143.5,大量,149.5,5613,False,3167
2024-10-30,2024-10-g014-2024-10-18-3013,2024-10-30,638137.5,晟銘電,162.5,3927,False,3013
2024-11-01,2024-09-g012-2024-09-18-3167,2024-11-01,816691.5,大量,145.5,5613,False,3167
2024-11-01,2024-10-g014-2024-10-18-3013,2024-11-01,620466.0,晟銘電,158.0,3927,False,3013
2024-11-04,2024-09-g012-2024-09-18-3167,2024-11-04,61950.0,大量,150.0,413,False,3167
2024-11-04,2024-10-g014-2024-10-18-3013,2024-11-04,636174.0,晟銘電,162.0,3927,False,3013
2024-11-05,2024-09-g012-2024-09-18-3167,2024-11-05,21807.5,大量,152.5,143,False,3167
2024-11-05,2024-10-g014-2024-10-18-3013,2024-11-05,630283.5,晟銘電,160.5,3927,False,3013
2024-11-05,2024-11-g008-2024-11-04-3231,2024-11-05,624732.0,緯創,118.5,5272,False,3231
2024-11-06,2024-10-g014-2024-10-18-3013,2024-11-06,640101.0,晟銘電,163.0,3927,False,3013
2024-11-06,2024-11-g008-2024-11-04-3231,2024-11-06,630004.0,緯創,119.5,5272,False,3231
2024-11-07,2024-10-g014-2024-10-18-3013,2024-11-07,640101.0,晟銘電,163.0,3927,False,3013
2024-11-07,2024-11-g008-2024-11-04-3231,2024-11-07,632640.0,緯創,120.0,5272,False,3231
2024-11-08,2024-10-g014-2024-10-18-3013,2024-11-08,618502.5,晟銘電,157.5,3927,False,3013
2024-11-08,2024-11-g008-2024-11-04-3231,2024-11-08,651092.0,緯創,123.5,5272,False,3231
2024-11-08,2024-11-g019-2024-11-07-3037,2024-11-08,625356.0,欣興,174.0,3594,False,3037
2024-11-11,2024-10-g014-2024-10-18-3013,2024-11-11,663663.0,晟銘電,169.0,3927,False,3013
2024-11-11,2024-11-g008-2024-11-04-3231,2024-11-11,643184.0,緯創,122.0,5272,False,3231
2024-11-11,2024-11-g019-2024-11-07-3037,2024-11-11,612777.0,欣興,170.5,3594,False,3037
2024-11-12,2024-10-g014-2024-10-18-3013,2024-11-12,663663.0,晟銘電,169.0,3927,False,3013
2024-11-12,2024-11-g008-2024-11-04-3231,2024-11-12,616824.0,緯創,117.0,5272,False,3231
2024-11-12,2024-11-g019-2024-11-07-3037,2024-11-12,601995.0,欣興,167.5,3594,False,3037
2024-11-13,2024-10-g014-2024-10-18-3013,2024-11-13,645991.5,晟銘電,164.5,3927,False,3013
2024-11-13,2024-11-g008-2024-11-04-3231,2024-11-13,637912.0,緯創,121.0,5272,False,3231
2024-11-13,2024-11-g019-2024-11-07-3037,2024-11-13,609183.0,欣興,169.5,3594,False,3037
2024-11-14,2024-10-g014-2024-10-18-3013,2024-11-14,636174.0,晟銘電,162.0,3927,False,3013
2024-11-14,2024-11-g008-2024-11-04-3231,2024-11-14,624732.0,緯創,118.5,5272,False,3231
2024-11-14,2024-11-g019-2024-11-07-3037,2024-11-14,596604.0,欣興,166.0,3594,False,3037
2024-11-15,2024-10-g014-2024-10-18-3013,2024-11-15,604758.0,晟銘電,154.0,3927,False,3013
2024-11-15,2024-11-g008-2024-11-04-3231,2024-11-15,619460.0,緯創,117.5,5272,False,3231
2024-11-15,2024-11-g019-2024-11-07-3037,2024-11-15,587619.0,欣興,163.5,3594,False,3037
2024-11-18,2024-10-g014-2024-10-18-3013,2024-11-18,577269.0,晟銘電,147.0,3927,False,3013
2024-11-18,2024-11-g008-2024-11-04-3231,2024-11-18,598372.0,緯創,113.5,5272,False,3231
2024-11-18,2024-11-g019-2024-11-07-3037,2024-11-18,571446.0,欣興,159.0,3594,False,3037
2024-11-19,2024-10-g014-2024-10-18-3013,2024-11-19,60368.0,晟銘電,154.0,392,False,3013
2024-11-19,2024-11-g008-2024-11-04-3231,2024-11-19,601008.0,緯創,114.0,5272,False,3231
2024-11-19,2024-11-g019-2024-11-07-3037,2024-11-19,573243.0,欣興,159.5,3594,False,3037
2024-11-20,2024-10-g014-2024-10-18-3013,2024-11-20,12090.0,晟銘電,155.0,78,False,3013
2024-11-20,2024-11-g008-2024-11-04-3231,2024-11-20,601008.0,緯創,114.0,5272,False,3231
2024-11-20,2024-11-g019-2024-11-07-3037,2024-11-20,566055.0,欣興,157.5,3594,False,3037
2024-11-21,2024-11-g008-2024-11-04-3231,2024-11-21,601008.0,緯創,114.0,5272,False,3231
2024-11-21,2024-11-g019-2024-11-07-3037,2024-11-21,576837.0,欣興,160.5,3594,False,3037
2024-11-22,2024-11-g008-2024-11-04-3231,2024-11-22,624732.0,緯創,118.5,5272,False,3231
2024-11-22,2024-11-g019-2024-11-07-3037,2024-11-22,578634.0,欣興,161.0,3594,False,3037
2024-11-25,2024-11-g008-2024-11-04-3231,2024-11-25,656364.0,緯創,124.5,5272,False,3231
2024-11-25,2024-11-g019-2024-11-07-3037,2024-11-25,571446.0,欣興,159.0,3594,False,3037
2024-11-25,2024-11-g014-2024-11-22-4971,2024-11-25,560962.4,IET-KY,90.8,6178,False,4971
2024-11-26,2024-11-g008-2024-11-04-3231,2024-11-26,632640.0,緯創,120.0,5272,False,3231
2024-11-26,2024-11-g019-2024-11-07-3037,2024-11-26,569649.0,欣興,158.5,3594,False,3037
2024-11-26,2024-11-g014-2024-11-22-4971,2024-11-26,564669.2000000001,IET-KY,91.4,6178,False,4971
2024-11-27,2024-11-g008-2024-11-04-3231,2024-11-27,593100.0,緯創,112.5,5272,False,3231
2024-11-27,2024-11-g019-2024-11-07-3037,2024-11-27,539100.0,欣興,150.0,3594,False,3037
2024-11-27,2024-11-g014-2024-11-22-4971,2024-11-27,620889.0,IET-KY,100.5,6178,False,4971
2024-11-28,2024-11-g008-2024-11-04-3231,2024-11-28,598372.0,緯創,113.5,5272,False,3231
2024-11-28,2024-11-g014-2024-11-22-4971,2024-11-28,559109.0,IET-KY,90.5,6178,False,4971
2024-11-29,2024-11-g008-2024-11-04-3231,2024-11-29,598372.0,緯創,113.5,5272,False,3231
2024-11-29,2024-11-g014-2024-11-22-4971,2024-11-29,543664.0,IET-KY,88.0,6178,False,4971
2024-11-29,2024-11-g020-2024-11-28-4979,2024-11-29,609205.0,華星光,185.0,3293,False,4979
2024-12-02,2024-11-g008-2024-11-04-3231,2024-12-02,601008.0,緯創,114.0,5272,False,3231
2024-12-02,2024-11-g014-2024-11-22-4971,2024-12-02,564051.4,IET-KY,91.3,6178,False,4971
2024-12-02,2024-11-g020-2024-11-28-4979,2024-12-02,638842.0,華星光,194.0,3293,False,4979
2024-12-03,2024-11-g014-2024-11-22-4971,2024-12-03,599883.7999999999,IET-KY,97.1,6178,False,4971
2024-12-03,2024-11-g020-2024-11-28-4979,2024-12-03,683297.5,華星光,207.5,3293,False,4979
2024-12-04,2024-11-g014-2024-11-22-4971,2024-12-04,596177.0,IET-KY,96.5,6178,False,4971
2024-12-04,2024-11-g020-2024-11-28-4979,2024-12-04,698116.0,華星光,212.0,3293,False,4979
2024-12-04,2024-12-g022-2024-12-03-3338,2024-12-04,598149.2000000001,泰碩,73.7,8116,False,3338
2024-12-05,2024-11-g014-2024-11-22-4971,2024-12-05,586910.0,IET-KY,95.0,6178,False,4971
2024-12-05,2024-11-g020-2024-11-28-4979,2024-12-05,703055.5,華星光,213.5,3293,False,4979
2024-12-05,2024-12-g022-2024-12-03-3338,2024-12-05,581917.2000000001,泰碩,71.7,8116,False,3338
2024-12-06,2024-11-g014-2024-11-22-4971,2024-12-06,586910.0,IET-KY,95.0,6178,False,4971
2024-12-06,2024-11-g020-2024-11-28-4979,2024-12-06,691530.0,華星光,210.0,3293,False,4979
2024-12-06,2024-12-g022-2024-12-03-3338,2024-12-06,576236.0,泰碩,71.0,8116,False,3338
2024-12-09,2024-11-g014-2024-11-22-4971,2024-12-09,573318.4,IET-KY,92.8,6178,False,4971
2024-12-09,2024-11-g020-2024-11-28-4979,2024-12-09,670125.5,華星光,203.5,3293,False,4979
2024-12-09,2024-12-g022-2024-12-03-3338,2024-12-09,560004.0,泰碩,69.0,8116,False,3338
2024-12-10,2024-11-g014-2024-11-22-4971,2024-12-10,562198.0,IET-KY,91.0,6178,False,4971
2024-12-10,2024-11-g020-2024-11-28-4979,2024-12-10,620730.5,華星光,188.5,3293,False,4979
2024-12-10,2024-12-g022-2024-12-03-3338,2024-12-10,550264.7999999999,泰碩,67.8,8116,False,3338
2024-12-11,2024-11-g014-2024-11-22-4971,2024-12-11,589999.0,IET-KY,95.5,6178,False,4971
2024-12-11,2024-11-g020-2024-11-28-4979,2024-12-11,610851.5,華星光,185.5,3293,False,4979
2024-12-11,2024-12-g022-2024-12-03-3338,2024-12-11,547018.4,泰碩,67.4,8116,False,3338
2024-12-12,2024-11-g014-2024-11-22-4971,2024-12-12,581349.7999999999,IET-KY,94.1,6178,False,4971
2024-12-12,2024-11-g020-2024-11-28-4979,2024-12-12,597679.5,華星光,181.5,3293,False,4979
2024-12-12,2024-12-g022-2024-12-03-3338,2024-12-12,539714.0,泰碩,66.5,8116,False,3338
2024-12-13,2024-11-g014-2024-11-22-4971,2024-12-13,570847.2000000001,IET-KY,92.4,6178,False,4971
2024-12-13,2024-11-g020-2024-11-28-4979,2024-12-13,561456.5,華星光,170.5,3293,False,4979
2024-12-13,2024-12-g022-2024-12-03-3338,2024-12-13,529163.2000000001,泰碩,65.2,8116,False,3338
2024-12-16,2024-11-g014-2024-11-22-4971,2024-12-16,553548.7999999999,IET-KY,89.6,6178,False,4971
2024-12-16,2024-11-g020-2024-11-28-4979,2024-12-16,549931.0,華星光,167.0,3293,False,4979
2024-12-16,2024-12-g022-2024-12-03-3338,2024-12-16,511308.0,泰碩,63.0,8116,False,3338
2024-12-17,2024-11-g014-2024-11-22-4971,2024-12-17,555402.2000000001,IET-KY,89.9,6178,False,4971
2024-12-17,2024-11-g020-2024-11-28-4979,2024-12-17,574628.5,華星光,174.5,3293,False,4979
2024-12-17,2024-12-g022-2024-12-03-3338,2024-12-17,260648.1,泰碩,63.9,4079,False,3338
2024-12-18,2024-11-g014-2024-11-22-4971,2024-12-18,559726.7999999999,IET-KY,90.6,6178,False,4971
2024-12-18,2024-11-g020-2024-11-28-4979,2024-12-18,548284.5,華星光,166.5,3293,False,4979
2024-12-18,2024-12-g022-2024-12-03-3338,2024-12-18,2802.8,泰碩,63.7,44,False,3338
2024-12-19,2024-11-g014-2024-11-22-4971,2024-12-19,560962.4,IET-KY,90.8,6178,False,4971
2024-12-19,2024-11-g020-2024-11-28-4979,2024-12-19,576275.0,華星光,175.0,3293,False,4979
2024-12-19,2024-12-g021-2024-12-18-4958,2024-12-19,533233.5,臻鼎-KY,124.5,4283,False,4958
2024-12-20,2024-11-g014-2024-11-22-4971,2024-12-20,552313.2000000001,IET-KY,89.4,6178,False,4971
2024-12-20,2024-11-g020-2024-11-28-4979,2024-12-20,564749.5,華星光,171.5,3293,False,4979
2024-12-20,2024-12-g021-2024-12-18-4958,2024-12-20,526809.0,臻鼎-KY,123.0,4283,False,4958
2024-12-23,2024-11-g014-2024-11-22-4971,2024-12-23,6048.0,IET-KY,94.5,64,False,4971
2024-12-23,2024-11-g020-2024-11-28-4979,2024-12-23,569689.0,華星光,173.0,3293,False,4979
2024-12-23,2024-12-g021-2024-12-18-4958,2024-12-23,528950.5,臻鼎-KY,123.5,4283,False,4958
2024-12-24,2024-11-g020-2024-11-28-4979,2024-12-24,548284.5,華星光,166.5,3293,False,4979
2024-12-24,2024-12-g021-2024-12-18-4958,2024-12-24,520384.5,臻鼎-KY,121.5,4283,False,4958
2024-12-25,2024-11-g020-2024-11-28-4979,2024-12-25,596033.0,華星光,181.0,3293,False,4979
2024-12-25,2024-12-g021-2024-12-18-4958,2024-12-25,531092.0,臻鼎-KY,124.0,4283,False,4958
2024-12-26,2024-11-g020-2024-11-28-4979,2024-12-26,609205.0,華星光,185.0,3293,False,4979
2024-12-26,2024-12-g021-2024-12-18-4958,2024-12-26,531092.0,臻鼎-KY,124.0,4283,False,4958
2024-12-27,2024-11-g020-2024-11-28-4979,2024-12-27,594386.5,華星光,180.5,3293,False,4979
2024-12-27,2024-12-g021-2024-12-18-4958,2024-12-27,526809.0,臻鼎-KY,123.0,4283,False,4958
2024-12-30,2024-12-g021-2024-12-18-4958,2024-12-30,522526.0,臻鼎-KY,122.0,4283,False,4958
2024-12-31,2024-12-g021-2024-12-18-4958,2024-12-31,513960.0,臻鼎-KY,120.0,4283,False,4958
2025-01-02,2024-12-g021-2024-12-18-4958,2025-01-02,518243.0,臻鼎-KY,121.0,4283,False,4958
2025-01-02,2024-12-g015-2024-12-31-2404,2025-01-02,510720.0,漢唐,456.0,1120,False,2404
2025-01-03,2024-12-g021-2024-12-18-4958,2025-01-03,516101.5,臻鼎-KY,120.5,4283,False,4958
2025-01-03,2024-12-g015-2024-12-31-2404,2025-01-03,529760.0,漢唐,473.0,1120,False,2404
2025-01-03,2025-01-g015-2025-01-02-6689,2025-01-03,512677.0,伊雲谷,121.0,4237,False,6689
2025-01-06,2024-12-g021-2024-12-18-4958,2025-01-06,526809.0,臻鼎-KY,123.0,4283,False,4958
2025-01-06,2024-12-g015-2024-12-31-2404,2025-01-06,546000.0,漢唐,487.5,1120,False,2404
2025-01-06,2025-01-g015-2025-01-02-6689,2025-01-06,487255.0,伊雲谷,115.0,4237,False,6689
2025-01-07,2024-12-g021-2024-12-18-4958,2025-01-07,522526.0,臻鼎-KY,122.0,4283,False,4958
2025-01-07,2024-12-g015-2024-12-31-2404,2025-01-07,572320.0,漢唐,511.0,1120,False,2404
2025-01-07,2025-01-g015-2025-01-02-6689,2025-01-07,487255.0,伊雲谷,115.0,4237,False,6689
2025-01-08,2024-12-g021-2024-12-18-4958,2025-01-08,513960.0,臻鼎-KY,120.0,4283,False,4958
2025-01-08,2024-12-g015-2024-12-31-2404,2025-01-08,565600.0,漢唐,505.0,1120,False,2404
2025-01-08,2025-01-g015-2025-01-02-6689,2025-01-08,506321.5,伊雲谷,119.5,4237,False,6689
2025-01-09,2024-12-g021-2024-12-18-4958,2025-01-09,503252.5,臻鼎-KY,117.5,4283,False,4958
2025-01-09,2024-12-g015-2024-12-31-2404,2025-01-09,555520.0,漢唐,496.0,1120,False,2404
2025-01-09,2025-01-g015-2025-01-02-6689,2025-01-09,480899.5,伊雲谷,113.5,4237,False,6689
2025-01-10,2024-12-g021-2024-12-18-4958,2025-01-10,505394.0,臻鼎-KY,118.0,4283,False,4958
2025-01-10,2024-12-g015-2024-12-31-2404,2025-01-10,552160.0,漢唐,493.0,1120,False,2404
2025-01-10,2025-01-g015-2025-01-02-6689,2025-01-10,478781.0,伊雲谷,113.0,4237,False,6689
2025-01-13,2024-12-g021-2024-12-18-4958,2025-01-13,483979.0,臻鼎-KY,113.0,4283,False,4958
2025-01-13,2024-12-g015-2024-12-31-2404,2025-01-13,547680.0,漢唐,489.0,1120,False,2404
2025-01-13,2025-01-g015-2025-01-02-6689,2025-01-13,457596.0,伊雲谷,108.0,4237,False,6689
2025-01-14,2024-12-g021-2024-12-18-4958,2025-01-14,498969.5,臻鼎-KY,116.5,4283,False,4958
2025-01-14,2024-12-g015-2024-12-31-2404,2025-01-14,546560.0,漢唐,488.0,1120,False,2404
2025-01-14,2025-01-g015-2025-01-02-6689,2025-01-14,478781.0,伊雲谷,113.0,4237,False,6689
2025-01-15,2024-12-g021-2024-12-18-4958,2025-01-15,494686.5,臻鼎-KY,115.5,4283,False,4958
2025-01-15,2024-12-g015-2024-12-31-2404,2025-01-15,538720.0,漢唐,481.0,1120,False,2404
2025-01-15,2025-01-g015-2025-01-02-6689,2025-01-15,474544.0,伊雲谷,112.0,4237,False,6689
2025-01-16,2024-12-g021-2024-12-18-4958,2025-01-16,494686.5,臻鼎-KY,115.5,4283,False,4958
2025-01-16,2024-12-g015-2024-12-31-2404,2025-01-16,544320.0,漢唐,486.0,1120,False,2404
2025-01-16,2025-01-g015-2025-01-02-6689,2025-01-16,474544.0,伊雲谷,112.0,4237,False,6689
2025-01-17,2024-12-g021-2024-12-18-4958,2025-01-17,11682.0,臻鼎-KY,118.0,99,False,4958
2025-01-17,2024-12-g015-2024-12-31-2404,2025-01-17,571200.0,漢唐,510.0,1120,False,2404
2025-01-17,2025-01-g015-2025-01-02-6689,2025-01-17,461833.0,伊雲谷,109.0,4237,False,6689
2025-01-20,2024-12-g015-2024-12-31-2404,2025-01-20,576800.0,漢唐,515.0,1120,False,2404
2025-01-20,2025-01-g015-2025-01-02-6689,2025-01-20,472425.5,伊雲谷,111.5,4237,False,6689
2025-01-21,2024-12-g015-2024-12-31-2404,2025-01-21,576800.0,漢唐,515.0,1120,False,2404
2025-01-21,2025-01-g015-2025-01-02-6689,2025-01-21,463951.5,伊雲谷,109.5,4237,False,6689
2025-01-22,2024-12-g015-2024-12-31-2404,2025-01-22,573440.0,漢唐,512.0,1120,False,2404
2025-01-22,2025-01-g015-2025-01-02-6689,2025-01-22,489373.5,伊雲谷,115.5,4237,False,6689
2025-02-03,2024-12-g015-2024-12-31-2404,2025-02-03,554400.0,漢唐,495.0,1120,False,2404
2025-02-03,2025-01-g015-2025-01-02-6689,2025-02-03,485136.5,伊雲谷,114.5,4237,False,6689
2025-02-03,2025-01-g021-2025-01-22-6139,2025-02-03,536000.0,亞翔,250.0,2144,False,6139
2025-02-04,2024-12-g015-2024-12-31-2404,2025-02-04,548800.0,漢唐,490.0,1120,False,2404
2025-02-04,2025-01-g015-2025-01-02-6689,2025-02-04,504203.0,伊雲谷,119.0,4237,False,6689
2025-02-04,2025-01-g021-2025-01-22-6139,2025-02-04,510272.0,亞翔,238.0,2144,False,6139
2025-02-05,2024-12-g015-2024-12-31-2404,2025-02-05,552160.0,漢唐,493.0,1120,False,2404
2025-02-05,2025-01-g015-2025-01-02-6689,2025-02-05,512677.0,伊雲谷,121.0,4237,False,6689
2025-02-05,2025-01-g021-2025-01-22-6139,2025-02-05,522064.0,亞翔,243.5,2144,False,6139
2025-02-06,2024-12-g015-2024-12-31-2404,2025-02-06,547680.0,漢唐,489.0,1120,False,2404
2025-02-06,2025-01-g015-2025-01-02-6689,2025-02-06,508440.0,伊雲谷,120.0,4237,False,6689
2025-02-06,2025-01-g021-2025-01-22-6139,2025-02-06,523136.0,亞翔,244.0,2144,False,6139
2025-02-07,2024-12-g015-2024-12-31-2404,2025-02-07,547680.0,漢唐,489.0,1120,False,2404
2025-02-07,2025-01-g015-2025-01-02-6689,2025-02-07,531743.5,伊雲谷,125.5,4237,False,6689
2025-02-07,2025-01-g021-2025-01-22-6139,2025-02-07,531712.0,亞翔,248.0,2144,False,6139
2025-02-10,2025-01-g015-2025-01-02-6689,2025-02-10,521151.0,伊雲谷,123.0,4237,False,6689
2025-02-10,2025-01-g021-2025-01-22-6139,2025-02-10,530640.0,亞翔,247.5,2144,False,6139
2025-02-11,2025-01-g015-2025-01-02-6689,2025-02-11,506321.5,伊雲谷,119.5,4237,False,6689
2025-02-11,2025-01-g021-2025-01-22-6139,2025-02-11,528496.0,亞翔,246.5,2144,False,6139
2025-02-12,2025-01-g015-2025-01-02-6689,2025-02-12,506321.5,伊雲谷,119.5,4237,False,6689
2025-02-12,2025-01-g021-2025-01-22-6139,2025-02-12,562800.0,亞翔,262.5,2144,False,6139
2025-02-13,2025-01-g015-2025-01-02-6689,2025-02-13,519032.5,伊雲谷,122.5,4237,False,6689
2025-02-13,2025-01-g021-2025-01-22-6139,2025-02-13,554224.0,亞翔,258.5,2144,False,6139
2025-02-14,2025-01-g015-2025-01-02-6689,2025-02-14,502084.5,伊雲谷,118.5,4237,False,6689
2025-02-14,2025-01-g021-2025-01-22-6139,2025-02-14,539216.0,亞翔,251.5,2144,False,6139
2025-02-17,2025-01-g015-2025-01-02-6689,2025-02-17,497847.5,伊雲谷,117.5,4237,False,6689
2025-02-17,2025-01-g021-2025-01-22-6139,2025-02-17,549936.0,亞翔,256.5,2144,False,6139
2025-02-17,2025-02-g007-2025-02-14-8234,2025-02-17,575792.4,新漢,87.8,6558,False,8234
2025-02-18,2025-01-g015-2025-01-02-6689,2025-02-18,491492.0,伊雲谷,116.0,4237,False,6689
2025-02-18,2025-01-g021-2025-01-22-6139,2025-02-18,553152.0,亞翔,258.0,2144,False,6139
2025-02-18,2025-02-g007-2025-02-14-8234,2025-02-18,590220.0,新漢,90.0,6558,False,8234
2025-02-19,2025-01-g015-2025-01-02-6689,2025-02-19,506321.5,伊雲谷,119.5,4237,False,6689
2025-02-19,2025-01-g021-2025-01-22-6139,2025-02-19,559584.0,亞翔,261.0,2144,False,6139
2025-02-19,2025-02-g007-2025-02-14-8234,2025-02-19,618419.4,新漢,94.3,6558,False,8234
2025-02-20,2025-01-g015-2025-01-02-6689,2025-02-20,495729.0,伊雲谷,117.0,4237,False,6689
2025-02-20,2025-01-g021-2025-01-22-6139,2025-02-20,560656.0,亞翔,261.5,2144,False,6139
2025-02-20,2025-02-g007-2025-02-14-8234,2025-02-20,594810.6,新漢,90.7,6558,False,8234
2025-02-21,2025-01-g015-2025-01-02-6689,2025-02-21,497847.5,伊雲谷,117.5,4237,False,6689
2025-02-21,2025-01-g021-2025-01-22-6139,2025-02-21,572448.0,亞翔,267.0,2144,False,6139
2025-02-21,2025-02-g007-2025-02-14-8234,2025-02-21,629568.0,新漢,96.0,6558,False,8234
2025-02-24,2025-01-g015-2025-01-02-6689,2025-02-24,485136.5,伊雲谷,114.5,4237,False,6689
2025-02-24,2025-01-g021-2025-01-22-6139,2025-02-24,570304.0,亞翔,266.0,2144,False,6139
2025-02-24,2025-02-g007-2025-02-14-8234,2025-02-24,688590.0,新漢,105.0,6558,False,8234
2025-02-25,2025-01-g015-2025-01-02-6689,2025-02-25,472425.5,伊雲谷,111.5,4237,False,6689
2025-02-25,2025-01-g021-2025-01-22-6139,2025-02-25,578880.0,亞翔,270.0,2144,False,6139
2025-02-25,2025-02-g007-2025-02-14-8234,2025-02-25,688590.0,新漢,105.0,6558,False,8234
2025-02-26,2025-01-g015-2025-01-02-6689,2025-02-26,472425.5,伊雲谷,111.5,4237,False,6689
2025-02-26,2025-01-g021-2025-01-22-6139,2025-02-26,594960.0,亞翔,277.5,2144,False,6139
2025-02-26,2025-02-g007-2025-02-14-8234,2025-02-26,647274.6,新漢,98.7,6558,False,8234
2025-02-27,2025-01-g015-2025-01-02-6689,2025-02-27,453359.0,伊雲谷,107.0,4237,False,6689
2025-02-27,2025-01-g021-2025-01-22-6139,2025-02-27,587456.0,亞翔,274.0,2144,False,6139
2025-02-27,2025-02-g007-2025-02-14-8234,2025-02-27,600057.0,新漢,91.5,6558,False,8234
2025-03-03,2025-01-g015-2025-01-02-6689,2025-03-03,436411.0,伊雲谷,103.0,4237,False,6689
2025-03-03,2025-01-g021-2025-01-22-6139,2025-03-03,563872.0,亞翔,263.0,2144,False,6139
2025-03-03,2025-02-g007-2025-02-14-8234,2025-03-03,607270.7999999999,新漢,92.6,6558,False,8234
2025-03-04,2025-01-g015-2025-01-02-6689,2025-03-04,17556.0,伊雲谷,104.5,168,False,6689
2025-03-04,2025-01-g021-2025-01-22-6139,2025-03-04,586384.0,亞翔,273.5,2144,False,6139
2025-03-04,2025-02-g007-2025-02-14-8234,2025-03-04,621042.6,新漢,94.7,6558,False,8234
2025-03-05,2025-01-g015-2025-01-02-6689,2025-03-05,10816.0,伊雲谷,104.0,104,False,6689
2025-03-05,2025-01-g021-2025-01-22-6139,2025-03-05,577808.0,亞翔,269.5,2144,False,6139
2025-03-05,2025-02-g007-2025-02-14-8234,2025-03-05,622354.2000000001,新漢,94.9,6558,False,8234
2025-03-06,2025-01-g015-2025-01-02-6689,2025-03-06,5150.0,伊雲谷,103.0,50,False,6689
2025-03-06,2025-01-g021-2025-01-22-6139,2025-03-06,589600.0,亞翔,275.0,2144,False,6139
2025-03-06,2025-02-g007-2025-02-14-8234,2025-03-06,591531.6,新漢,90.2,6558,False,8234
2025-03-07,2025-01-g021-2025-01-22-6139,2025-03-07,578880.0,亞翔,270.0,2144,False,6139
2025-03-07,2025-02-g007-2025-02-14-8234,2025-03-07,594154.7999999999,新漢,90.6,6558,False,8234
2025-03-10,2025-01-g021-2025-01-22-6139,2025-03-10,571376.0,亞翔,266.5,2144,False,6139
2025-03-10,2025-02-g007-2025-02-14-8234,2025-03-10,535132.7999999999,新漢,81.6,6558,False,8234
2025-03-11,2025-01-g021-2025-01-22-6139,2025-03-11,552080.0,亞翔,257.5,2144,False,6139
2025-03-11,2025-02-g007-2025-02-14-8234,2025-03-11,550872.0,新漢,84.0,6558,False,8234
2025-03-12,2025-01-g021-2025-01-22-6139,2025-03-12,552080.0,亞翔,257.5,2144,False,6139
2025-03-12,2025-02-g007-2025-02-14-8234,2025-03-12,570546.0,新漢,87.0,6558,False,8234
2025-03-13,2025-01-g021-2025-01-22-6139,2025-03-13,548864.0,亞翔,256.0,2144,False,6139
2025-03-13,2025-02-g007-2025-02-14-8234,2025-03-13,627600.6,新漢,95.7,6558,False,8234
2025-03-14,2025-01-g021-2025-01-22-6139,2025-03-14,551008.0,亞翔,257.0,2144,False,6139
2025-03-14,2025-02-g007-2025-02-14-8234,2025-03-14,602024.4,新漢,91.8,6558,False,8234
2025-03-17,2025-01-g021-2025-01-22-6139,2025-03-17,563872.0,亞翔,263.0,2144,False,6139
2025-03-17,2025-02-g007-2025-02-14-8234,2025-03-17,593499.0,新漢,90.5,6558,False,8234
2025-03-18,2025-01-g021-2025-01-22-6139,2025-03-18,560656.0,亞翔,261.5,2144,False,6139
2025-03-18,2025-02-g007-2025-02-14-8234,2025-03-18,606615.0,新漢,92.5,6558,False,8234
2025-03-19,2025-01-g021-2025-01-22-6139,2025-03-19,553152.0,亞翔,258.0,2144,False,6139
2025-03-19,2025-02-g007-2025-02-14-8234,2025-03-19,584317.7999999999,新漢,89.1,6558,False,8234
2025-03-20,2025-01-g021-2025-01-22-6139,2025-03-20,561728.0,亞翔,262.0,2144,False,6139
2025-03-20,2025-02-g007-2025-02-14-8234,2025-03-20,609238.2000000001,新漢,92.9,6558,False,8234
2025-03-21,2025-01-g021-2025-01-22-6139,2025-03-21,559584.0,亞翔,261.0,2144,False,6139
2025-03-21,2025-02-g007-2025-02-14-8234,2025-03-21,590875.7999999999,新漢,90.1,6558,False,8234
2025-03-24,2025-01-g021-2025-01-22-6139,2025-03-24,546720.0,亞翔,255.0,2144,False,6139
2025-03-24,2025-02-g007-2025-02-14-8234,2025-03-24,567267.0,新漢,86.5,6558,False,8234
2025-03-25,2025-01-g021-2025-01-22-6139,2025-03-25,554224.0,亞翔,258.5,2144,False,6139
2025-03-25,2025-02-g007-2025-02-14-8234,2025-03-25,20039.600000000002,新漢,84.2,238,False,8234
2025-03-26,2025-01-g021-2025-01-22-6139,2025-03-26,557440.0,亞翔,260.0,2144,False,6139
2025-03-26,2025-02-g007-2025-02-14-8234,2025-03-26,10722.599999999999,新漢,85.1,126,False,8234
2025-03-27,2025-01-g021-2025-01-22-6139,2025-03-27,551008.0,亞翔,257.0,2144,False,6139
2025-06-11,2025-06-g007-2025-06-10-6223,2025-06-11,512140.0,旺矽,883.0,580,False,6223
2025-06-11,2025-06-g006-2025-06-10-3044,2025-06-11,498520.0,健鼎,220.0,2266,False,3044
2025-06-12,2025-06-g007-2025-06-10-6223,2025-06-12,508080.0,旺矽,876.0,580,False,6223
2025-06-12,2025-06-g006-2025-06-10-3044,2025-06-12,503052.0,健鼎,222.0,2266,False,3044
2025-06-13,2025-06-g007-2025-06-10-6223,2025-06-13,514460.0,旺矽,887.0,580,False,6223
2025-06-13,2025-06-g006-2025-06-10-3044,2025-06-13,496254.0,健鼎,219.0,2266,False,3044
2025-06-16,2025-06-g007-2025-06-10-6223,2025-06-16,518520.0,旺矽,894.0,580,False,6223
2025-06-16,2025-06-g006-2025-06-10-3044,2025-06-16,503052.0,健鼎,222.0,2266,False,3044
2025-06-17,2025-06-g007-2025-06-10-6223,2025-06-17,528380.0,旺矽,911.0,580,False,6223
2025-06-17,2025-06-g006-2025-06-10-3044,2025-06-17,514382.0,健鼎,227.0,2266,False,3044
2025-06-18,2025-06-g007-2025-06-10-6223,2025-06-18,517940.0,旺矽,893.0,580,False,6223
2025-06-18,2025-06-g006-2025-06-10-3044,2025-06-18,550638.0,健鼎,243.0,2266,False,3044
2025-06-19,2025-06-g007-2025-06-10-6223,2025-06-19,510980.0,旺矽,881.0,580,False,6223
2025-06-19,2025-06-g006-2025-06-10-3044,2025-06-19,541574.0,健鼎,239.0,2266,False,3044
2025-06-20,2025-06-g007-2025-06-10-6223,2025-06-20,502860.0,旺矽,867.0,580,False,6223
2025-06-20,2025-06-g006-2025-06-10-3044,2025-06-20,532510.0,健鼎,235.0,2266,False,3044
2025-06-23,2025-06-g007-2025-06-10-6223,2025-06-23,520260.0,旺矽,897.0,580,False,6223
2025-06-23,2025-06-g006-2025-06-10-3044,2025-06-23,548372.0,健鼎,242.0,2266,False,3044
2025-06-24,2025-06-g007-2025-06-10-6223,2025-06-24,536500.0,旺矽,925.0,580,False,6223
2025-06-24,2025-06-g006-2025-06-10-3044,2025-06-24,549505.0,健鼎,242.5,2266,False,3044
2025-06-25,2025-06-g007-2025-06-10-6223,2025-06-25,536500.0,旺矽,925.0,580,False,6223
2025-06-25,2025-06-g006-2025-06-10-3044,2025-06-25,549505.0,健鼎,242.5,2266,False,3044
2025-06-26,2025-06-g007-2025-06-10-6223,2025-06-26,528380.0,旺矽,911.0,580,False,6223
2025-06-26,2025-06-g006-2025-06-10-3044,2025-06-26,550638.0,健鼎,243.0,2266,False,3044
2025-06-26,2025-06-g020-2025-06-25-6739,2025-06-26,490858.5,竹陞科技,390.5,1257,False,6739
2025-06-27,2025-06-g007-2025-06-10-6223,2025-06-27,531860.0,旺矽,917.0,580,False,6223
2025-06-27,2025-06-g006-2025-06-10-3044,2025-06-27,556303.0,健鼎,245.5,2266,False,3044
2025-06-27,2025-06-g020-2025-06-25-6739,2025-06-27,463833.0,竹陞科技,369.0,1257,False,6739
2025-06-30,2025-06-g007-2025-06-10-6223,2025-06-30,548100.0,旺矽,945.0,580,False,6223
2025-06-30,2025-06-g006-2025-06-10-3044,2025-06-30,560835.0,健鼎,247.5,2266,False,3044
2025-06-30,2025-06-g020-2025-06-25-6739,2025-06-30,466347.0,竹陞科技,371.0,1257,False,6739
2025-07-01,2025-06-g007-2025-06-10-6223,2025-07-01,545200.0,旺矽,940.0,580,False,6223
2025-07-01,2025-06-g006-2025-06-10-3044,2025-07-01,557436.0,健鼎,246.0,2266,False,3044
2025-07-01,2025-06-g020-2025-06-25-6739,2025-07-01,458176.5,竹陞科技,364.5,1257,False,6739
2025-07-02,2025-06-g007-2025-06-10-6223,2025-07-02,541720.0,旺矽,934.0,580,False,6223
2025-07-02,2025-06-g006-2025-06-10-3044,2025-07-02,557436.0,健鼎,246.0,2266,False,3044
2025-07-02,2025-06-g020-2025-06-25-6739,2025-07-02,457548.0,竹陞科技,364.0,1257,False,6739
2025-07-03,2025-06-g007-2025-06-10-6223,2025-07-03,591600.0,旺矽,1020.0,580,False,6223
2025-07-03,2025-06-g006-2025-06-10-3044,2025-07-03,551771.0,健鼎,243.5,2266,False,3044
2025-07-03,2025-06-g020-2025-06-25-6739,2025-07-03,473889.0,竹陞科技,377.0,1257,False,6739
2025-07-04,2025-06-g007-2025-06-10-6223,2025-07-04,606100.0,旺矽,1045.0,580,False,6223
2025-07-04,2025-06-g006-2025-06-10-3044,2025-07-04,556303.0,健鼎,245.5,2266,False,3044
2025-07-04,2025-06-g020-2025-06-25-6739,2025-07-04,462576.0,竹陞科技,368.0,1257,False,6739
2025-07-07,2025-06-g007-2025-06-10-6223,2025-07-07,588700.0,旺矽,1015.0,580,False,6223
2025-07-07,2025-06-g006-2025-06-10-3044,2025-07-07,552904.0,健鼎,244.0,2266,False,3044
2025-07-07,2025-06-g020-2025-06-25-6739,2025-07-07,507199.5,竹陞科技,403.5,1257,False,6739
2025-07-08,2025-06-g007-2025-06-10-6223,2025-07-08,594500.0,旺矽,1025.0,580,False,6223
2025-07-08,2025-06-g006-2025-06-10-3044,2025-07-08,556303.0,健鼎,245.5,2266,False,3044
2025-07-08,2025-06-g020-2025-06-25-6739,2025-07-08,487716.0,竹陞科技,388.0,1257,False,6739
2025-07-09,2025-06-g007-2025-06-10-6223,2025-07-09,617700.0,旺矽,1065.0,580,False,6223
2025-07-09,2025-06-g006-2025-06-10-3044,2025-07-09,572165.0,健鼎,252.5,2266,False,3044
2025-07-09,2025-06-g020-2025-06-25-6739,2025-07-09,478917.0,竹陞科技,381.0,1257,False,6739
2025-07-10,2025-06-g007-2025-06-10-6223,2025-07-10,620600.0,旺矽,1070.0,580,False,6223
2025-07-10,2025-06-g006-2025-06-10-3044,2025-07-10,547239.0,健鼎,241.5,2266,False,3044
2025-07-10,2025-06-g020-2025-06-25-6739,2025-07-10,514741.5,竹陞科技,409.5,1257,False,6739
2025-07-11,2025-06-g007-2025-06-10-6223,2025-07-11,594500.0,旺矽,1025.0,580,False,6223
2025-07-11,2025-06-g006-2025-06-10-3044,2025-07-11,543840.0,健鼎,240.0,2266,False,3044
2025-07-11,2025-06-g020-2025-06-25-6739,2025-07-11,504057.0,竹陞科技,401.0,1257,False,6739
2025-07-14,2025-06-g007-2025-06-10-6223,2025-07-14,614800.0,旺矽,1060.0,580,False,6223
2025-07-14,2025-06-g006-2025-06-10-3044,2025-07-14,535909.0,健鼎,236.5,2266,False,3044
2025-07-14,2025-06-g020-2025-06-25-6739,2025-07-14,461947.5,竹陞科技,367.5,1257,False,6739
2025-07-15,2025-06-g007-2025-06-10-6223,2025-07-15,623500.0,旺矽,1075.0,580,False,6223
2025-07-15,2025-06-g006-2025-06-10-3044,2025-07-15,543840.0,健鼎,240.0,2266,False,3044
2025-07-15,2025-06-g020-2025-06-25-6739,2025-07-15,482688.0,竹陞科技,384.0,1257,False,6739
2025-07-16,2025-06-g007-2025-06-10-6223,2025-07-16,649600.0,旺矽,1120.0,580,False,6223
2025-07-16,2025-06-g006-2025-06-10-3044,2025-07-16,543840.0,健鼎,240.0,2266,False,3044
2025-07-16,2025-06-g020-2025-06-25-6739,2025-07-16,530454.0,竹陞科技,422.0,1257,False,6739
2025-07-17,2025-06-g007-2025-06-10-6223,2025-07-17,646700.0,旺矽,1115.0,580,False,6223
2025-07-17,2025-06-g006-2025-06-10-3044,2025-07-17,560835.0,健鼎,247.5,2266,False,3044
2025-07-17,2025-06-g020-2025-06-25-6739,2025-07-17,544281.0,竹陞科技,433.0,1257,False,6739
2025-07-18,2025-06-g007-2025-06-10-6223,2025-07-18,652500.0,旺矽,1125.0,580,False,6223
2025-07-18,2025-06-g006-2025-06-10-3044,2025-07-18,561968.0,健鼎,248.0,2266,False,3044
2025-07-18,2025-06-g020-2025-06-25-6739,2025-07-18,598332.0,竹陞科技,476.0,1257,False,6739
2025-07-21,2025-06-g007-2025-06-10-6223,2025-07-21,635100.0,旺矽,1095.0,580,False,6223
2025-07-21,2025-06-g006-2025-06-10-3044,2025-07-21,617485.0,健鼎,272.5,2266,False,3044
2025-07-21,2025-06-g020-2025-06-25-6739,2025-07-21,605874.0,竹陞科技,482.0,1257,False,6739
2025-07-22,2025-06-g007-2025-06-10-6223,2025-07-22,606100.0,旺矽,1045.0,580,False,6223
2025-07-22,2025-06-g006-2025-06-10-3044,2025-07-22,603889.0,健鼎,266.5,2266,False,3044
2025-07-22,2025-06-g020-2025-06-25-6739,2025-07-22,580734.0,竹陞科技,462.0,1257,False,6739
2025-07-23,2025-06-g007-2025-06-10-6223,2025-07-23,611900.0,旺矽,1055.0,580,False,6223
2025-07-23,2025-06-g006-2025-06-10-3044,2025-07-23,616352.0,健鼎,272.0,2266,False,3044
2025-07-23,2025-06-g020-2025-06-25-6739,2025-07-23,569421.0,竹陞科技,453.0,1257,False,6739
2025-07-24,2025-06-g007-2025-06-10-6223,2025-07-24,609000.0,旺矽,1050.0,580,False,6223
2025-07-24,2025-06-g006-2025-06-10-3044,2025-07-24,623150.0,健鼎,275.0,2266,False,3044
2025-07-24,2025-06-g020-2025-06-25-6739,2025-07-24,593304.0,竹陞科技,472.0,1257,False,6739
2025-07-25,2025-06-g007-2025-06-10-6223,2025-07-25,585800.0,旺矽,1010.0,580,False,6223
2025-07-25,2025-06-g006-2025-06-10-3044,2025-07-25,612953.0,健鼎,270.5,2266,False,3044
2025-07-25,2025-06-g020-2025-06-25-6739,2025-07-25,597075.0,竹陞科技,475.0,1257,False,6739
2025-07-28,2025-06-g007-2025-06-10-6223,2025-07-28,582900.0,旺矽,1005.0,580,False,6223
2025-07-28,2025-06-g006-2025-06-10-3044,2025-07-28,617485.0,健鼎,272.5,2266,False,3044
2025-07-28,2025-06-g020-2025-06-25-6739,2025-07-28,585762.0,竹陞科技,466.0,1257,False,6739
2025-07-29,2025-06-g007-2025-06-10-6223,2025-07-29,585800.0,旺矽,1010.0,580,False,6223
2025-07-29,2025-06-g006-2025-06-10-3044,2025-07-29,608421.0,健鼎,268.5,2266,False,3044
2025-07-29,2025-06-g020-2025-06-25-6739,2025-07-29,530454.0,竹陞科技,422.0,1257,False,6739
2025-07-30,2025-06-g007-2025-06-10-6223,2025-07-30,585800.0,旺矽,1010.0,580,False,6223
2025-07-30,2025-06-g006-2025-06-10-3044,2025-07-30,616352.0,健鼎,272.0,2266,False,3044
2025-07-30,2025-06-g020-2025-06-25-6739,2025-07-30,521655.0,竹陞科技,415.0,1257,False,6739
2025-07-31,2025-06-g007-2025-06-10-6223,2025-07-31,609000.0,旺矽,1050.0,580,False,6223
2025-07-31,2025-06-g006-2025-06-10-3044,2025-07-31,634480.0,健鼎,280.0,2266,False,3044
2025-07-31,2025-06-g020-2025-06-25-6739,2025-07-31,527940.0,竹陞科技,420.0,1257,False,6739
2025-08-01,2025-06-g007-2025-06-10-6223,2025-08-01,597400.0,旺矽,1030.0,580,False,6223
2025-08-01,2025-06-g006-2025-06-10-3044,2025-08-01,636746.0,健鼎,281.0,2266,False,3044
2025-08-01,2025-06-g020-2025-06-25-6739,2025-08-01,527940.0,竹陞科技,420.0,1257,False,6739
2025-08-04,2025-06-g006-2025-06-10-3044,2025-08-04,631081.0,健鼎,278.5,2266,False,3044
2025-08-04,2025-06-g020-2025-06-25-6739,2025-08-04,535482.0,竹陞科技,426.0,1257,False,6739
2025-08-05,2025-06-g006-2025-06-10-3044,2025-08-05,631081.0,健鼎,278.5,2266,False,3044
2025-08-05,2025-06-g020-2025-06-25-6739,2025-08-05,558108.0,竹陞科技,444.0,1257,False,6739
2025-08-05,2025-08-g004-2025-08-04-8028,2025-08-05,630908.0,昇陽半導體,164.0,3847,False,8028
2025-08-06,2025-06-g006-2025-06-10-3044,2025-08-06,639012.0,健鼎,282.0,2266,False,3044
2025-08-06,2025-06-g020-2025-06-25-6739,2025-08-06,603360.0,竹陞科技,480.0,1257,False,6739
2025-08-06,2025-08-g004-2025-08-04-8028,2025-08-06,632831.5,昇陽半導體,164.5,3847,False,8028
2025-08-07,2025-06-g006-2025-06-10-3044,2025-08-07,645810.0,健鼎,285.0,2266,False,3044
2025-08-07,2025-06-g020-2025-06-25-6739,2025-08-07,619701.0,竹陞科技,493.0,1257,False,6739
2025-08-07,2025-08-g004-2025-08-04-8028,2025-08-07,632831.5,昇陽半導體,164.5,3847,False,8028
2025-08-08,2025-06-g006-2025-06-10-3044,2025-08-08,706992.0,健鼎,312.0,2266,False,3044
2025-08-08,2025-06-g020-2025-06-25-6739,2025-08-08,614044.5,竹陞科技,488.5,1257,False,6739
2025-08-08,2025-08-g004-2025-08-04-8028,2025-08-08,573203.0,昇陽半導體,149.0,3847,False,8028
2025-08-11,2025-06-g006-2025-06-10-3044,2025-08-11,744381.0,健鼎,328.5,2266,False,3044
2025-08-11,2025-06-g020-2025-06-25-6739,2025-08-11,614044.5,竹陞科技,488.5,1257,False,6739
2025-08-11,2025-08-g004-2025-08-04-8028,2025-08-11,575126.5,昇陽半導體,149.5,3847,False,8028
2025-08-12,2025-06-g006-2025-06-10-3044,2025-08-12,740982.0,健鼎,327.0,2266,False,3044
2025-08-12,2025-06-g020-2025-06-25-6739,2025-08-12,625986.0,竹陞科技,498.0,1257,False,6739
2025-08-12,2025-08-g004-2025-08-04-8028,2025-08-12,575126.5,昇陽半導體,149.5,3847,False,8028
2025-08-13,2025-06-g006-2025-06-10-3044,2025-08-13,746647.0,健鼎,329.5,2266,False,3044
2025-08-13,2025-06-g020-2025-06-25-6739,2025-08-13,602731.5,竹陞科技,479.5,1257,False,6739
2025-08-13,2025-08-g004-2025-08-04-8028,2025-08-13,557815.0,昇陽半導體,145.0,3847,False,8028
2025-08-14,2025-06-g006-2025-06-10-3044,2025-08-14,734184.0,健鼎,324.0,2266,False,3044
2025-08-14,2025-06-g020-2025-06-25-6739,2025-08-14,604617.0,竹陞科技,481.0,1257,False,6739
2025-08-14,2025-08-g004-2025-08-04-8028,2025-08-14,555891.5,昇陽半導體,144.5,3847,False,8028
2025-08-15,2025-06-g006-2025-06-10-3044,2025-08-15,729652.0,健鼎,322.0,2266,False,3044
2025-08-15,2025-06-g020-2025-06-25-6739,2025-08-15,597703.5,竹陞科技,475.5,1257,False,6739
2025-08-15,2025-08-g004-2025-08-04-8028,2025-08-15,557815.0,昇陽半導體,145.0,3847,False,8028
2025-08-18,2025-06-g006-2025-06-10-3044,2025-08-18,752312.0,健鼎,332.0,2266,False,3044
2025-08-18,2025-06-g020-2025-06-25-6739,2025-08-18,617187.0,竹陞科技,491.0,1257,False,6739
2025-08-18,2025-08-g004-2025-08-04-8028,2025-08-18,544350.5,昇陽半導體,141.5,3847,False,8028
2025-08-19,2025-06-g006-2025-06-10-3044,2025-08-19,729652.0,健鼎,322.0,2266,False,3044
2025-08-19,2025-06-g020-2025-06-25-6739,2025-08-19,638556.0,竹陞科技,508.0,1257,False,6739
2025-08-20,2025-06-g006-2025-06-10-3044,2025-08-20,704726.0,健鼎,311.0,2266,False,3044
2025-08-20,2025-06-g020-2025-06-25-6739,2025-08-20,600846.0,竹陞科技,478.0,1257,False,6739
2025-08-21,2025-06-g006-2025-06-10-3044,2025-08-21,705859.0,健鼎,311.5,2266,False,3044
2025-08-21,2025-06-g020-2025-06-25-6739,2025-08-21,659925.0,竹陞科技,525.0,1257,False,6739
2025-08-22,2025-06-g006-2025-06-10-3044,2025-08-22,705859.0,健鼎,311.5,2266,False,3044
2025-08-22,2025-06-g020-2025-06-25-6739,2025-08-22,725289.0,竹陞科技,577.0,1257,False,6739
2025-08-25,2025-06-g006-2025-06-10-3044,2025-08-25,704726.0,健鼎,311.0,2266,False,3044
2025-08-25,2025-06-g020-2025-06-25-6739,2025-08-25,765513.0,竹陞科技,609.0,1257,False,6739
2025-08-25,2025-08-g001-2025-08-22-1326,2025-08-25,643233.85,台化,30.95,20783,False,1326
2025-08-26,2025-06-g006-2025-06-10-3044,2025-08-26,712657.0,健鼎,314.5,2266,False,3044
2025-08-26,2025-06-g020-2025-06-25-6739,2025-08-26,773055.0,竹陞科技,615.0,1257,False,6739
2025-08-26,2025-08-g001-2025-08-22-1326,2025-08-26,632842.35,台化,30.45,20783,False,1326
2025-08-27,2025-06-g006-2025-06-10-3044,2025-08-27,737583.0,健鼎,325.5,2266,False,3044
2025-08-27,2025-06-g020-2025-06-25-6739,2025-08-27,746658.0,竹陞科技,594.0,1257,False,6739
2025-08-27,2025-08-g001-2025-08-22-1326,2025-08-27,633881.5,台化,30.5,20783,False,1326
2025-08-28,2025-06-g006-2025-06-10-3044,2025-08-28,720588.0,健鼎,318.0,2266,False,3044
2025-08-28,2025-06-g020-2025-06-25-6739,2025-08-28,754200.0,竹陞科技,600.0,1257,False,6739
2025-08-28,2025-08-g001-2025-08-22-1326,2025-08-28,621411.7,台化,29.9,20783,False,1326
2025-08-29,2025-06-g006-2025-06-10-3044,2025-08-29,728519.0,健鼎,321.5,2266,False,3044
2025-08-29,2025-06-g020-2025-06-25-6739,2025-08-29,765513.0,竹陞科技,609.0,1257,False,6739
2025-08-29,2025-08-g001-2025-08-22-1326,2025-08-29,625568.3,台化,30.1,20783,False,1326
2025-09-01,2025-06-g006-2025-06-10-3044,2025-09-01,694529.0,健鼎,306.5,2266,False,3044
2025-09-01,2025-06-g020-2025-06-25-6739,2025-09-01,741630.0,竹陞科技,590.0,1257,False,6739
2025-09-01,2025-08-g001-2025-08-22-1326,2025-09-01,629724.9,台化,30.3,20783,False,1326
2025-09-02,2025-06-g006-2025-06-10-3044,2025-09-02,677534.0,健鼎,299.0,2266,False,3044
2025-09-02,2025-06-g020-2025-06-25-6739,2025-09-02,744144.0,竹陞科技,592.0,1257,False,6739
2025-09-02,2025-08-g001-2025-08-22-1326,2025-09-02,606863.6,台化,29.2,20783,False,1326
2025-09-03,2025-06-g006-2025-06-10-3044,2025-09-03,679800.0,健鼎,300.0,2266,False,3044
2025-09-03,2025-06-g020-2025-06-25-6739,2025-09-03,741630.0,竹陞科技,590.0,1257,False,6739
2025-09-03,2025-08-g001-2025-08-22-1326,2025-09-03,596472.1,台化,28.7,20783,False,1326
2025-09-04,2025-06-g006-2025-06-10-3044,2025-09-04,671869.0,健鼎,296.5,2266,False,3044
2025-09-04,2025-06-g020-2025-06-25-6739,2025-09-04,759228.0,竹陞科技,604.0,1257,False,6739
2025-09-04,2025-08-g001-2025-08-22-1326,2025-09-04,602707.0,台化,29.0,20783,False,1326
2025-09-05,2025-06-g006-2025-06-10-3044,2025-09-05,676401.0,健鼎,298.5,2266,False,3044
2025-09-05,2025-06-g020-2025-06-25-6739,2025-09-05,751686.0,竹陞科技,598.0,1257,False,6739
2025-09-05,2025-08-g001-2025-08-22-1326,2025-09-05,593354.65,台化,28.55,20783,False,1326
2025-09-08,2025-06-g020-2025-06-25-6739,2025-09-08,825849.0,竹陞科技,657.0,1257,False,6739
2025-09-08,2025-08-g001-2025-08-22-1326,2025-09-08,597511.25,台化,28.75,20783,False,1326
2025-09-09,2025-06-g020-2025-06-25-6739,2025-09-09,850989.0,竹陞科技,677.0,1257,False,6739
2025-09-09,2025-08-g001-2025-08-22-1326,2025-09-09,602707.0,台化,29.0,20783,False,1326
2025-09-09,2025-09-g005-2025-09-08-5309,2025-09-09,716200.8,系統電,71.2,10059,False,5309
2025-09-10,2025-06-g020-2025-06-25-6739,2025-09-10,853503.0,竹陞科技,679.0,1257,False,6739
2025-09-10,2025-08-g001-2025-08-22-1326,2025-09-10,596472.1,台化,28.7,20783,False,1326
2025-09-10,2025-09-g005-2025-09-08-5309,2025-09-10,751407.3,系統電,74.7,10059,False,5309
2025-09-11,2025-06-g020-2025-06-25-6739,2025-09-11,856017.0,竹陞科技,681.0,1257,False,6739
2025-09-11,2025-08-g001-2025-08-22-1326,2025-09-11,589198.05,台化,28.35,20783,False,1326
2025-09-11,2025-09-g005-2025-09-08-5309,2025-09-11,752413.2,系統電,74.8,10059,False,5309
2025-09-12,2025-06-g020-2025-06-25-6739,2025-09-12,872358.0,竹陞科技,694.0,1257,False,6739
2025-09-12,2025-08-g001-2025-08-22-1326,2025-09-12,600628.7,台化,28.9,20783,False,1326
2025-09-12,2025-09-g005-2025-09-08-5309,2025-09-12,722236.2,系統電,71.8,10059,False,5309
2025-09-15,2025-06-g020-2025-06-25-6739,2025-09-15,833391.0,竹陞科技,663.0,1257,False,6739
2025-09-15,2025-08-g001-2025-08-22-1326,2025-09-15,599589.55,台化,28.85,20783,False,1326
2025-09-15,2025-09-g005-2025-09-08-5309,2025-09-15,692059.2,系統電,68.8,10059,False,5309
2025-09-16,2025-06-g020-2025-06-25-6739,2025-09-16,916353.0,竹陞科技,729.0,1257,False,6739
2025-09-16,2025-08-g001-2025-08-22-1326,2025-09-16,592315.5,台化,28.5,20783,False,1326
2025-09-16,2025-09-g005-2025-09-08-5309,2025-09-16,685017.8999999999,系統電,68.1,10059,False,5309
2025-09-17,2025-06-g020-2025-06-25-6739,2025-09-17,879900.0,竹陞科技,700.0,1257,False,6739
2025-09-17,2025-08-g001-2025-08-22-1326,2025-09-17,597511.25,台化,28.75,20783,False,1326
2025-09-17,2025-09-g005-2025-09-08-5309,2025-09-17,659870.3999999999,系統電,65.6,10059,False,5309
2025-09-18,2025-06-g020-2025-06-25-6739,2025-09-18,912582.0,竹陞科技,726.0,1257,False,6739
2025-09-18,2025-08-g001-2025-08-22-1326,2025-09-18,593354.65,台化,28.55,20783,False,1326
2025-09-18,2025-09-g005-2025-09-08-5309,2025-09-18,651823.2,系統電,64.8,10059,False,5309
2025-09-19,2025-06-g020-2025-06-25-6739,2025-09-19,981717.0,竹陞科技,781.0,1257,False,6739
2025-09-19,2025-08-g001-2025-08-22-1326,2025-09-19,602707.0,台化,29.0,20783,False,1326
2025-09-19,2025-09-g005-2025-09-08-5309,2025-09-19,661882.2,系統電,65.8,10059,False,5309
2025-09-22,2025-06-g020-2025-06-25-6739,2025-09-22,981717.0,竹陞科技,781.0,1257,False,6739
2025-09-22,2025-08-g001-2025-08-22-1326,2025-09-22,15364.800000000001,台化,29.1,528,False,1326
2025-09-22,2025-09-g005-2025-09-08-5309,2025-09-22,676970.7,系統電,67.3,10059,False,5309
2025-09-23,2025-08-g001-2025-08-22-1326,2025-09-23,6948.0,台化,28.95,240,False,1326
2025-09-23,2025-09-g005-2025-09-08-5309,2025-09-23,651823.2,系統電,64.8,10059,False,5309
2025-09-24,2025-08-g001-2025-08-22-1326,2025-09-24,143.0,台化,28.6,5,False,1326
2025-09-24,2025-09-g005-2025-09-08-5309,2025-09-24,666911.7,系統電,66.3,10059,False,5309
2025-09-25,2025-09-g005-2025-09-08-5309,2025-09-25,670935.3,系統電,66.7,10059,False,5309
2025-09-26,2025-09-g005-2025-09-08-5309,2025-09-26,622652.1,系統電,61.9,10059,False,5309
2025-10-02,2025-10-g010-2025-10-01-6290,2025-10-02,711084.0,良維,132.0,5387,False,6290
2025-10-03,2025-10-g010-2025-10-01-6290,2025-10-03,727245.0,良維,135.0,5387,False,6290
2025-10-03,2025-10-g022-2025-10-02-3450,2025-10-03,674531.0,聯鈞,291.5,2314,False,3450
2025-10-03,2025-10-g017-2025-10-02-6138,2025-10-03,597180.0,茂達,222.0,2690,False,6138
2025-10-07,2025-10-g010-2025-10-01-6290,2025-10-07,735325.5,良維,136.5,5387,False,6290
2025-10-07,2025-10-g022-2025-10-02-3450,2025-10-07,662961.0,聯鈞,286.5,2314,False,3450
2025-10-07,2025-10-g017-2025-10-02-6138,2025-10-07,589110.0,茂達,219.0,2690,False,6138
2025-10-08,2025-10-g010-2025-10-01-6290,2025-10-08,738019.0,良維,137.0,5387,False,6290
2025-10-08,2025-10-g022-2025-10-02-3450,2025-10-08,654862.0,聯鈞,283.0,2314,False,3450
2025-10-08,2025-10-g017-2025-10-02-6138,2025-10-08,590455.0,茂達,219.5,2690,False,6138
2025-10-09,2025-10-g010-2025-10-01-6290,2025-10-09,732632.0,良維,136.0,5387,False,6290
2025-10-09,2025-10-g022-2025-10-02-3450,2025-10-09,625937.0,聯鈞,270.5,2314,False,3450
2025-10-09,2025-10-g017-2025-10-02-6138,2025-10-09,581040.0,茂達,216.0,2690,False,6138
2025-10-13,2025-10-g010-2025-10-01-6290,2025-10-13,754180.0,良維,140.0,5387,False,6290
2025-10-13,2025-10-g022-2025-10-02-3450,2025-10-13,607425.0,聯鈞,262.5,2314,False,3450
2025-10-13,2025-10-g017-2025-10-02-6138,2025-10-13,581040.0,茂達,216.0,2690,False,6138
2025-10-14,2025-10-g010-2025-10-01-6290,2025-10-14,773034.5,良維,143.5,5387,False,6290
2025-10-14,2025-10-g022-2025-10-02-3450,2025-10-14,557674.0,聯鈞,241.0,2314,False,3450
2025-10-14,2025-10-g017-2025-10-02-6138,2025-10-14,577005.0,茂達,214.5,2690,False,6138
2025-10-15,2025-10-g010-2025-10-01-6290,2025-10-15,808050.0,良維,150.0,5387,False,6290
2025-10-15,2025-10-g017-2025-10-02-6138,2025-10-15,579695.0,茂達,215.5,2690,False,6138
2025-10-16,2025-10-g010-2025-10-01-6290,2025-10-16,791889.0,良維,147.0,5387,False,6290
2025-10-16,2025-10-g017-2025-10-02-6138,2025-10-16,578350.0,茂達,215.0,2690,False,6138
2025-10-16,2025-10-g014-2025-10-15-4967,2025-10-16,689780.0,十銓,130.0,5306,False,4967
2025-10-17,2025-10-g010-2025-10-01-6290,2025-10-17,797276.0,良維,148.0,5387,False,6290
2025-10-17,2025-10-g017-2025-10-02-6138,2025-10-17,587765.0,茂達,218.5,2690,False,6138
2025-10-17,2025-10-g014-2025-10-15-4967,2025-10-17,679168.0,十銓,128.0,5306,False,4967
2025-10-20,2025-10-g010-2025-10-01-6290,2025-10-20,791889.0,良維,147.0,5387,False,6290
2025-10-20,2025-10-g017-2025-10-02-6138,2025-10-20,602560.0,茂達,224.0,2690,False,6138
2025-10-20,2025-10-g014-2025-10-15-4967,2025-10-20,679168.0,十銓,128.0,5306,False,4967
2025-10-21,2025-10-g010-2025-10-01-6290,2025-10-21,808050.0,良維,150.0,5387,False,6290
2025-10-21,2025-10-g017-2025-10-02-6138,2025-10-21,613320.0,茂達,228.0,2690,False,6138
2025-10-21,2025-10-g014-2025-10-15-4967,2025-10-21,681821.0,十銓,128.5,5306,False,4967
2025-10-22,2025-10-g010-2025-10-01-6290,2025-10-22,834985.0,良維,155.0,5387,False,6290
2025-10-22,2025-10-g017-2025-10-02-6138,2025-10-22,617355.0,茂達,229.5,2690,False,6138
2025-10-22,2025-10-g014-2025-10-15-4967,2025-10-22,681821.0,十銓,128.5,5306,False,4967
2025-10-23,2025-10-g010-2025-10-01-6290,2025-10-23,799969.5,良維,148.5,5387,False,6290
2025-10-23,2025-10-g017-2025-10-02-6138,2025-10-23,621390.0,茂達,231.0,2690,False,6138
2025-10-23,2025-10-g014-2025-10-15-4967,2025-10-23,679168.0,十銓,128.0,5306,False,4967
2025-10-27,2025-10-g010-2025-10-01-6290,2025-10-27,878081.0,良維,163.0,5387,False,6290
2025-10-27,2025-10-g017-2025-10-02-6138,2025-10-27,645600.0,茂達,240.0,2690,False,6138
2025-10-27,2025-10-g014-2025-10-15-4967,2025-10-27,726922.0,十銓,137.0,5306,False,4967
2025-10-28,2025-10-g010-2025-10-01-6290,2025-10-28,964273.0,良維,179.0,5387,False,6290
2025-10-28,2025-10-g017-2025-10-02-6138,2025-10-28,634840.0,茂達,236.0,2690,False,6138
2025-10-28,2025-10-g014-2025-10-15-4967,2025-10-28,689780.0,十銓,130.0,5306,False,4967
2025-10-29,2025-10-g010-2025-10-01-6290,2025-10-29,969660.0,良維,180.0,5387,False,6290
2025-10-29,2025-10-g017-2025-10-02-6138,2025-10-29,640220.0,茂達,238.0,2690,False,6138
2025-10-29,2025-10-g014-2025-10-15-4967,2025-10-29,668556.0,十銓,126.0,5306,False,4967
2025-10-30,2025-10-g010-2025-10-01-6290,2025-10-30,983127.5,良維,182.5,5387,False,6290
2025-10-30,2025-10-g017-2025-10-02-6138,2025-10-30,640220.0,茂達,238.0,2690,False,6138
2025-10-30,2025-10-g014-2025-10-15-4967,2025-10-30,679168.0,十銓,128.0,5306,False,4967
2025-10-31,2025-10-g010-2025-10-01-6290,2025-10-31,1012756.0,良維,188.0,5387,False,6290
2025-10-31,2025-10-g017-2025-10-02-6138,2025-10-31,644255.0,茂達,239.5,2690,False,6138
2025-10-31,2025-10-g014-2025-10-15-4967,2025-10-31,716310.0,十銓,135.0,5306,False,4967
2025-11-03,2025-10-g010-2025-10-01-6290,2025-11-03,1034304.0,良維,192.0,5387,False,6290
2025-11-03,2025-10-g017-2025-10-02-6138,2025-11-03,657705.0,茂達,244.5,2690,False,6138
2025-11-03,2025-10-g014-2025-10-15-4967,2025-11-03,745493.0,十銓,140.5,5306,False,4967
2025-11-04,2025-10-g010-2025-10-01-6290,2025-11-04,975047.0,良維,181.0,5387,False,6290
2025-11-04,2025-10-g017-2025-10-02-6138,2025-11-04,633495.0,茂達,235.5,2690,False,6138
2025-11-04,2025-10-g014-2025-10-15-4967,2025-11-04,671209.0,十銓,126.5,5306,False,4967
2025-11-05,2025-10-g010-2025-10-01-6290,2025-11-05,1023530.0,良維,190.0,5387,False,6290
2025-11-05,2025-10-g017-2025-10-02-6138,2025-11-05,621390.0,茂達,231.0,2690,False,6138
2025-11-05,2025-10-g014-2025-10-15-4967,2025-11-05,711004.0,十銓,134.0,5306,False,4967
2025-11-06,2025-10-g010-2025-10-01-6290,2025-11-06,1069319.5,良維,198.5,5387,False,6290
2025-11-06,2025-10-g017-2025-10-02-6138,2025-11-06,634840.0,茂達,236.0,2690,False,6138
2025-11-06,2025-10-g014-2025-10-15-4967,2025-11-06,732228.0,十銓,138.0,5306,False,4967
2025-11-07,2025-10-g010-2025-10-01-6290,2025-11-07,1028917.0,良維,191.0,5387,False,6290
2025-11-07,2025-10-g017-2025-10-02-6138,2025-11-07,617355.0,茂達,229.5,2690,False,6138
2025-11-07,2025-10-g014-2025-10-15-4967,2025-11-07,726922.0,十銓,137.0,5306,False,4967
2025-11-10,2025-10-g010-2025-10-01-6290,2025-11-10,1026223.5,良維,190.5,5387,False,6290
2025-11-10,2025-10-g017-2025-10-02-6138,2025-11-10,632150.0,茂達,235.0,2690,False,6138
2025-11-10,2025-10-g014-2025-10-15-4967,2025-11-10,790594.0,十銓,149.0,5306,False,4967
2025-11-11,2025-10-g010-2025-10-01-6290,2025-11-11,980434.0,良維,182.0,5387,False,6290
2025-11-11,2025-10-g017-2025-10-02-6138,2025-11-11,649635.0,茂達,241.5,2690,False,6138
2025-11-11,2025-10-g014-2025-10-15-4967,2025-11-11,745493.0,十銓,140.5,5306,False,4967
2025-11-12,2025-10-g010-2025-10-01-6290,2025-11-12,1001982.0,良維,186.0,5387,False,6290
2025-11-12,2025-10-g017-2025-10-02-6138,2025-11-12,640220.0,茂達,238.0,2690,False,6138
2025-11-12,2025-10-g014-2025-10-15-4967,2025-11-12,787941.0,十銓,148.5,5306,False,4967
2025-11-13,2025-10-g010-2025-10-01-6290,2025-11-13,1018143.0,良維,189.0,5387,False,6290
2025-11-13,2025-10-g017-2025-10-02-6138,2025-11-13,649635.0,茂達,241.5,2690,False,6138
2025-11-13,2025-10-g014-2025-10-15-4967,2025-11-13,790594.0,十銓,149.0,5306,False,4967
2025-11-14,2025-10-g010-2025-10-01-6290,2025-11-14,1004675.5,良維,186.5,5387,False,6290
2025-11-14,2025-10-g017-2025-10-02-6138,2025-11-14,641565.0,茂達,238.5,2690,False,6138
2025-11-14,2025-10-g014-2025-10-15-4967,2025-11-14,756105.0,十銓,142.5,5306,False,4967
2025-11-17,2025-10-g010-2025-10-01-6290,2025-11-17,985821.0,良維,183.0,5387,False,6290
2025-11-17,2025-10-g017-2025-10-02-6138,2025-11-17,644255.0,茂達,239.5,2690,False,6138
2025-11-17,2025-10-g014-2025-10-15-4967,2025-11-17,777329.0,十銓,146.5,5306,False,4967
2025-11-18,2025-10-g010-2025-10-01-6290,2025-11-18,926564.0,良維,172.0,5387,False,6290
2025-11-18,2025-10-g017-2025-10-02-6138,2025-11-18,633495.0,茂達,235.5,2690,False,6138
2025-11-18,2025-10-g014-2025-10-15-4967,2025-11-18,756105.0,十銓,142.5,5306,False,4967
2025-11-19,2025-10-g010-2025-10-01-6290,2025-11-19,931951.0,良維,173.0,5387,False,6290
2025-11-19,2025-10-g017-2025-10-02-6138,2025-11-19,629460.0,茂達,234.0,2690,False,6138
2025-11-19,2025-10-g014-2025-10-15-4967,2025-11-19,732228.0,十銓,138.0,5306,False,4967
2025-11-20,2025-10-g010-2025-10-01-6290,2025-11-20,964273.0,良維,179.0,5387,False,6290
2025-11-20,2025-10-g017-2025-10-02-6138,2025-11-20,634840.0,茂達,236.0,2690,False,6138
2025-11-20,2025-10-g014-2025-10-15-4967,2025-11-20,718963.0,十銓,135.5,5306,False,4967
2025-11-21,2025-10-g010-2025-10-01-6290,2025-11-21,942725.0,良維,175.0,5387,False,6290
2025-11-21,2025-10-g017-2025-10-02-6138,2025-11-21,606595.0,茂達,225.5,2690,False,6138
2025-11-21,2025-10-g014-2025-10-15-4967,2025-11-21,668556.0,十銓,126.0,5306,False,4967
2025-11-24,2025-10-g010-2025-10-01-6290,2025-11-24,983127.5,良維,182.5,5387,False,6290
2025-11-24,2025-10-g017-2025-10-02-6138,2025-11-24,622735.0,茂達,231.5,2690,False,6138
2025-11-24,2025-10-g014-2025-10-15-4967,2025-11-24,665903.0,十銓,125.5,5306,False,4967
2025-11-25,2025-10-g010-2025-10-01-6290,2025-11-25,983127.5,良維,182.5,5387,False,6290
2025-11-25,2025-10-g017-2025-10-02-6138,2025-11-25,617355.0,茂達,229.5,2690,False,6138
2025-11-26,2025-10-g010-2025-10-01-6290,2025-11-26,993901.5,良維,184.5,5387,False,6290
2025-11-26,2025-10-g017-2025-10-02-6138,2025-11-26,632150.0,茂達,235.0,2690,False,6138
2025-11-27,2025-10-g010-2025-10-01-6290,2025-11-27,991208.0,良維,184.0,5387,False,6290
2025-11-27,2025-10-g017-2025-10-02-6138,2025-11-27,645600.0,茂達,240.0,2690,False,6138
2025-11-27,2025-11-g012-2025-11-26-2606,2025-11-27,713444.7999999999,裕民,60.4,11812,False,2606
2025-11-28,2025-10-g010-2025-10-01-6290,2025-11-28,980434.0,良維,182.0,5387,False,6290
2025-11-28,2025-10-g017-2025-10-02-6138,2025-11-28,648290.0,茂達,241.0,2690,False,6138
2025-11-28,2025-11-g012-2025-11-26-2606,2025-11-28,725256.7999999999,裕民,61.4,11812,False,2606
2025-12-01,2025-10-g010-2025-10-01-6290,2025-12-01,937338.0,良維,174.0,5387,False,6290
2025-12-01,2025-10-g017-2025-10-02-6138,2025-12-01,618700.0,茂達,230.0,2690,False,6138
2025-12-01,2025-11-g012-2025-11-26-2606,2025-12-01,731162.7999999999,裕民,61.9,11812,False,2606
2025-12-02,2025-10-g017-2025-10-02-6138,2025-12-02,624080.0,茂達,232.0,2690,False,6138
2025-12-02,2025-11-g012-2025-11-26-2606,2025-12-02,750062.0,裕民,63.5,11812,False,2606
2025-12-03,2025-10-g017-2025-10-02-6138,2025-12-03,622735.0,茂達,231.5,2690,False,6138
2025-12-03,2025-11-g012-2025-11-26-2606,2025-12-03,747699.6,裕民,63.3,11812,False,2606
2025-12-03,2025-12-g003-2025-12-02-1802,2025-12-03,707409.5,台玻,35.9,19705,False,1802
2025-12-04,2025-10-g017-2025-10-02-6138,2025-12-04,622735.0,茂達,231.5,2690,False,6138
2025-12-04,2025-11-g012-2025-11-26-2606,2025-12-04,822115.2,裕民,69.6,11812,False,2606
2025-12-04,2025-12-g003-2025-12-02-1802,2025-12-04,682778.25,台玻,34.65,19705,False,1802
2025-12-05,2025-10-g017-2025-10-02-6138,2025-12-05,147839.5,茂達,228.5,647,False,6138
2025-12-05,2025-11-g012-2025-11-26-2606,2025-12-05,746518.4,裕民,63.2,11812,False,2606
2025-12-05,2025-12-g003-2025-12-02-1802,2025-12-05,718247.25,台玻,36.45,19705,False,1802
2025-12-08,2025-10-g017-2025-10-02-6138,2025-12-08,138242.5,茂達,228.5,605,False,6138
2025-12-08,2025-11-g012-2025-11-26-2606,2025-12-08,729981.6,裕民,61.8,11812,False,2606
2025-12-08,2025-12-g003-2025-12-02-1802,2025-12-08,752731.0,台玻,38.2,19705,False,1802
2025-12-09,2025-10-g017-2025-10-02-6138,2025-12-09,122430.0,茂達,231.0,530,False,6138
2025-12-09,2025-11-g012-2025-11-26-2606,2025-12-09,744156.0,裕民,63.0,11812,False,2606
2025-12-09,2025-12-g003-2025-12-02-1802,2025-12-09,786229.5,台玻,39.9,19705,False,1802
2025-12-10,2025-10-g017-2025-10-02-6138,2025-12-10,107152.5,茂達,227.5,471,False,6138
2025-12-10,2025-11-g012-2025-11-26-2606,2025-12-10,718169.6,裕民,60.8,11812,False,2606
2025-12-10,2025-12-g003-2025-12-02-1802,2025-12-10,753716.25,台玻,38.25,19705,False,1802
2025-12-11,2025-10-g017-2025-10-02-6138,2025-12-11,64680.0,茂達,220.0,294,False,6138
2025-12-11,2025-11-g012-2025-11-26-2606,2025-12-11,722894.4,裕民,61.2,11812,False,2606
2025-12-11,2025-12-g003-2025-12-02-1802,2025-12-11,736967.0,台玻,37.4,19705,False,1802
2025-12-11,2025-12-g010-2025-12-10-3105,2025-12-11,695735.0,穩懋,173.5,4010,False,3105
2025-12-12,2025-10-g017-2025-10-02-6138,2025-12-12,42924.0,茂達,219.0,196,False,6138
2025-12-12,2025-11-g012-2025-11-26-2606,2025-12-12,698089.2000000001,裕民,59.1,11812,False,2606
2025-12-12,2025-12-g003-2025-12-02-1802,2025-12-12,734996.5,台玻,37.3,19705,False,1802
2025-12-12,2025-12-g010-2025-12-10-3105,2025-12-12,729820.0,穩懋,182.0,4010,False,3105
2025-12-15,2025-10-g017-2025-10-02-6138,2025-12-15,19135.0,茂達,215.0,89,False,6138
2025-12-15,2025-11-g012-2025-11-26-2606,2025-12-15,722894.4,裕民,61.2,11812,False,2606
2025-12-15,2025-12-g003-2025-12-02-1802,2025-12-15,706424.25,台玻,35.85,19705,False,1802
2025-12-15,2025-12-g010-2025-12-10-3105,2025-12-15,733830.0,穩懋,183.0,4010,False,3105
2025-12-16,2025-11-g012-2025-11-26-2606,2025-12-16,728800.4,裕民,61.7,11812,False,2606
2025-12-16,2025-12-g003-2025-12-02-1802,2025-12-16,680807.75,台玻,34.55,19705,False,1802
2025-12-16,2025-12-g010-2025-12-10-3105,2025-12-16,671675.0,穩懋,167.5,4010,False,3105
2025-12-17,2025-11-g012-2025-11-26-2606,2025-12-17,744156.0,裕民,63.0,11812,False,2606
2025-12-17,2025-12-g003-2025-12-02-1802,2025-12-17,668984.75,台玻,33.95,19705,False,1802
2025-12-17,2025-12-g010-2025-12-10-3105,2025-12-17,675685.0,穩懋,168.5,4010,False,3105
2025-12-18,2025-11-g012-2025-11-26-2606,2025-12-18,719350.7999999999,裕民,60.9,11812,False,2606
2025-12-18,2025-12-g003-2025-12-02-1802,2025-12-18,648294.5,台玻,32.9,19705,False,1802
2025-12-18,2025-12-g010-2025-12-10-3105,2025-12-18,675685.0,穩懋,168.5,4010,False,3105
2025-12-19,2025-11-g012-2025-11-26-2606,2025-12-19,725256.7999999999,裕民,61.4,11812,False,2606
2025-12-19,2025-12-g003-2025-12-02-1802,2025-12-19,663073.25,台玻,33.65,19705,False,1802
2025-12-19,2025-12-g010-2025-12-10-3105,2025-12-19,697740.0,穩懋,174.0,4010,False,3105
2025-12-22,2025-11-g012-2025-11-26-2606,2025-12-22,727619.2000000001,裕民,61.6,11812,False,2606
2025-12-22,2025-12-g003-2025-12-02-1802,2025-12-22,704453.75,台玻,35.75,19705,False,1802
2025-12-22,2025-12-g010-2025-12-10-3105,2025-12-22,765910.0,穩懋,191.0,4010,False,3105
2025-12-23,2025-11-g012-2025-11-26-2606,2025-12-23,722894.4,裕民,61.2,11812,False,2606
2025-12-23,2025-12-g003-2025-12-02-1802,2025-12-23,699527.5,台玻,35.5,19705,False,1802
2025-12-23,2025-12-g010-2025-12-10-3105,2025-12-23,755885.0,穩懋,188.5,4010,False,3105
2025-12-24,2025-11-g012-2025-11-26-2606,2025-12-24,720532.0,裕民,61.0,11812,False,2606
2025-12-24,2025-12-g003-2025-12-02-1802,2025-12-24,687704.5,台玻,34.9,19705,False,1802
2025-12-24,2025-12-g010-2025-12-10-3105,2025-12-24,753880.0,穩懋,188.0,4010,False,3105
2025-12-26,2025-11-g012-2025-11-26-2606,2025-12-26,28334.0,裕民,62.0,457,False,2606
2025-12-26,2025-12-g003-2025-12-02-1802,2025-12-26,691645.5,台玻,35.1,19705,False,1802
2025-12-26,2025-12-g010-2025-12-10-3105,2025-12-26,759895.0,穩懋,189.5,4010,False,3105
2025-12-29,2025-11-g012-2025-11-26-2606,2025-12-29,11236.199999999999,裕民,61.4,183,False,2606
2025-12-29,2025-12-g003-2025-12-02-1802,2025-12-29,711350.5,台玻,36.1,19705,False,1802
2025-12-29,2025-12-g010-2025-12-10-3105,2025-12-29,733830.0,穩懋,183.0,4010,False,3105
2025-12-30,2025-11-g012-2025-11-26-2606,2025-12-30,488.8,裕民,61.1,8,False,2606
2025-12-30,2025-12-g003-2025-12-02-1802,2025-12-30,690660.25,台玻,35.05,19705,False,1802
2025-12-30,2025-12-g010-2025-12-10-3105,2025-12-30,741850.0,穩懋,185.0,4010,False,3105
2025-12-31,2025-12-g003-2025-12-02-1802,2025-12-31,680807.75,台玻,34.55,19705,False,1802
2025-12-31,2025-12-g010-2025-12-10-3105,2025-12-31,733830.0,穩懋,183.0,4010,False,3105
2025-12-31,2025-12-g001-2025-12-30-3481,2025-12-31,744675.8,群創,17.05,43676,False,3481
2026-01-02,2025-12-g010-2025-12-10-3105,2026-01-02,717790.0,穩懋,179.0,4010,False,3105
2026-01-02,2025-12-g001-2025-12-30-3481,2026-01-02,790535.6000000001,群創,18.1,43676,False,3481
2026-01-05,2025-12-g010-2025-12-10-3105,2026-01-05,733830.0,穩懋,183.0,4010,False,3105
2026-01-05,2025-12-g001-2025-12-30-3481,2026-01-05,869152.3999999999,群創,19.9,43676,False,3481
2026-01-06,2025-12-g010-2025-12-10-3105,2026-01-06,737840.0,穩懋,184.0,4010,False,3105
2026-01-06,2025-12-g001-2025-12-30-3481,2026-01-06,954320.6000000001,群創,21.85,43676,False,3481
2026-01-06,2026-01-g006-2026-01-05-6127,2026-01-06,748495.9,九豪,38.65,19366,False,6127
2026-01-07,2025-12-g010-2025-12-10-3105,2026-01-07,745860.0,穩懋,186.0,4010,False,3105
2026-01-07,2025-12-g001-2025-12-30-3481,2026-01-07,967423.3999999999,群創,22.15,43676,False,3481
2026-01-07,2026-01-g006-2026-01-05-6127,2026-01-07,739781.2000000001,九豪,38.2,19366,False,6127
2026-01-08,2025-12-g010-2025-12-10-3105,2026-01-08,791975.0,穩懋,197.5,4010,False,3105
2026-01-08,2025-12-g001-2025-12-30-3481,2026-01-08,906277.0,群創,20.75,43676,False,3481
2026-01-08,2026-01-g006-2026-01-05-6127,2026-01-08,709763.9,九豪,36.65,19366,False,6127
2026-01-09,2025-12-g010-2025-12-10-3105,2026-01-09,868165.0,穩懋,216.5,4010,False,3105
2026-01-09,2025-12-g001-2025-12-30-3481,2026-01-09,873520.0,群創,20.0,43676,False,3481
2026-01-09,2026-01-g006-2026-01-05-6127,2026-01-09,733971.4,九豪,37.9,19366,False,6127
2026-01-12,2025-12-g010-2025-12-10-3105,2026-01-12,934330.0,穩懋,233.0,4010,False,3105
2026-01-12,2025-12-g001-2025-12-30-3481,2026-01-12,960872.0,群創,22.0,43676,False,3481
2026-01-12,2026-01-g006-2026-01-05-6127,2026-01-12,735908.0,九豪,38.0,19366,False,6127
2026-01-13,2025-12-g010-2025-12-10-3105,2026-01-13,842100.0,穩懋,210.0,4010,False,3105
2026-01-13,2025-12-g001-2025-12-30-3481,2026-01-13,989261.3999999999,群創,22.65,43676,False,3481
2026-01-13,2026-01-g006-2026-01-05-6127,2026-01-13,749464.2000000001,九豪,38.7,19366,False,6127
2026-01-14,2025-12-g010-2025-12-10-3105,2026-01-14,864155.0,穩懋,215.5,4010,False,3105
2026-01-14,2025-12-g001-2025-12-30-3481,2026-01-14,1065694.4,群創,24.4,43676,False,3481
2026-01-14,2026-01-g006-2026-01-05-6127,2026-01-14,813372.0,九豪,42.0,19366,False,6127
2026-01-15,2025-12-g010-2025-12-10-3105,2026-01-15,890220.0,穩懋,222.0,4010,False,3105
2026-01-15,2025-12-g001-2025-12-30-3481,2026-01-15,1089716.2,群創,24.95,43676,False,3481
2026-01-15,2026-01-g006-2026-01-05-6127,2026-01-15,786259.6,九豪,40.6,19366,False,6127
2026-01-16,2025-12-g010-2025-12-10-3105,2026-01-16,876185.0,穩懋,218.5,4010,False,3105
2026-01-16,2025-12-g001-2025-12-30-3481,2026-01-16,1161781.6,群創,26.6,43676,False,3481
2026-01-16,2026-01-g006-2026-01-05-6127,2026-01-16,774640.0,九豪,40.0,19366,False,6127
2026-01-19,2025-12-g010-2025-12-10-3105,2026-01-19,854130.0,穩懋,213.0,4010,False,3105
2026-01-19,2025-12-g001-2025-12-30-3481,2026-01-19,1257868.8,群創,28.8,43676,False,3481
2026-01-19,2026-01-g006-2026-01-05-6127,2026-01-19,800784.1,九豪,41.35,19366,False,6127
2026-01-20,2025-12-g010-2025-12-10-3105,2026-01-20,910270.0,穩懋,227.0,4010,False,3105
2026-01-20,2025-12-g001-2025-12-30-3481,2026-01-20,1185803.4,群創,27.15,43676,False,3481
2026-01-20,2026-01-g006-2026-01-05-6127,2026-01-20,800784.1,九豪,41.35,19366,False,6127
2026-01-21,2025-12-g010-2025-12-10-3105,2026-01-21,890220.0,穩懋,222.0,4010,False,3105
2026-01-21,2025-12-g001-2025-12-30-3481,2026-01-21,1185803.4,群創,27.15,43676,False,3481
2026-01-21,2026-01-g006-2026-01-05-6127,2026-01-21,763988.7000000001,九豪,39.45,19366,False,6127
2026-01-22,2025-12-g010-2025-12-10-3105,2026-01-22,940345.0,穩懋,234.5,4010,False,3105
2026-01-22,2025-12-g001-2025-12-30-3481,2026-01-22,1109370.4,群創,25.4,43676,False,3481
2026-01-22,2026-01-g006-2026-01-05-6127,2026-01-22,756242.2999999999,九豪,39.05,19366,False,6127
2026-01-23,2025-12-g010-2025-12-10-3105,2026-01-23,924305.0,穩懋,230.5,4010,False,3105
2026-01-23,2025-12-g001-2025-12-30-3481,2026-01-23,1048224.0,群創,24.0,43676,False,3481
2026-01-23,2026-01-g006-2026-01-05-6127,2026-01-23,701049.2000000001,九豪,36.2,19366,False,6127
2026-01-26,2025-12-g010-2025-12-10-3105,2026-01-26,938340.0,穩懋,234.0,4010,False,3105
2026-01-26,2025-12-g001-2025-12-30-3481,2026-01-26,1072245.8,群創,24.55,43676,False,3481
2026-01-26,2026-01-g006-2026-01-05-6127,2026-01-26,722351.7999999999,九豪,37.3,19366,False,6127
2026-01-27,2025-12-g010-2025-12-10-3105,2026-01-27,966410.0,穩懋,241.0,4010,False,3105
2026-01-27,2025-12-g001-2025-12-30-3481,2026-01-27,1006731.8,群創,23.05,43676,False,3481
2026-01-27,2026-01-g006-2026-01-05-6127,2026-01-27,712668.7999999999,九豪,36.8,19366,False,6127
2026-01-28,2025-12-g010-2025-12-10-3105,2026-01-28,1034580.0,穩懋,258.0,4010,False,3105
2026-01-28,2025-12-g001-2025-12-30-3481,2026-01-28,973974.8,群創,22.3,43676,False,3481
2026-01-28,2026-01-g006-2026-01-05-6127,2026-01-28,704922.4,九豪,36.4,19366,False,6127
2026-01-29,2025-12-g010-2025-12-10-3105,2026-01-29,982450.0,穩懋,245.0,4010,False,3105
2026-01-29,2025-12-g001-2025-12-30-3481,2026-01-29,930298.8,群創,21.3,43676,False,3481
2026-01-29,2026-01-g006-2026-01-05-6127,2026-01-29,688461.2999999999,九豪,35.55,19366,False,6127
2026-01-30,2025-12-g010-2025-12-10-3105,2026-01-30,940345.0,穩懋,234.5,4010,False,3105
2026-01-30,2025-12-g001-2025-12-30-3481,2026-01-30,952136.8,群創,21.8,43676,False,3481
2026-01-30,2026-01-g006-2026-01-05-6127,2026-01-30,706859.0,九豪,36.5,19366,False,6127
2026-02-02,2025-12-g010-2025-12-10-3105,2026-02-02,888215.0,穩懋,221.5,4010,False,3105
2026-02-02,2025-12-g001-2025-12-30-3481,2026-02-02,923747.3999999999,群創,21.15,43676,False,3481
2026-02-02,2026-01-g006-2026-01-05-6127,2026-02-02,654570.7999999999,九豪,33.8,19366,False,6127
2026-02-03,2025-12-g010-2025-12-10-3105,2026-02-03,948365.0,穩懋,236.5,4010,False,3105
2026-02-03,2025-12-g001-2025-12-30-3481,2026-02-03,915012.2,群創,20.95,43676,False,3481
2026-02-03,2026-01-g006-2026-01-05-6127,2026-02-03,7900.2,九豪,34.65,228,False,6127
2026-02-04,2025-12-g010-2025-12-10-3105,2026-02-04,1008515.0,穩懋,251.5,4010,False,3105
2026-02-04,2026-02-g010-2026-02-03-3017,2026-02-04,711875.0,奇鋐,1675.0,425,False,3017
2026-02-05,2025-12-g010-2025-12-10-3105,2026-02-05,962400.0,穩懋,240.0,4010,False,3105
2026-02-05,2026-02-g010-2026-02-03-3017,2026-02-05,692750.0,奇鋐,1630.0,425,False,3017
2026-02-06,2025-12-g010-2025-12-10-3105,2026-02-06,880195.0,穩懋,219.5,4010,False,3105
2026-02-06,2026-02-g010-2026-02-03-3017,2026-02-06,677875.0,奇鋐,1595.0,425,False,3017
2026-02-09,2025-12-g010-2025-12-10-3105,2026-02-09,948365.0,穩懋,236.5,4010,False,3105
2026-02-09,2026-02-g010-2026-02-03-3017,2026-02-09,680000.0,奇鋐,1600.0,425,False,3017
2026-02-09,2026-02-g003-2026-02-06-5475,2026-02-09,802995.0,德宏,141.0,5695,False,5475
2026-02-10,2025-12-g010-2025-12-10-3105,2026-02-10,1024555.0,穩懋,255.5,4010,False,3105
2026-02-10,2026-02-g010-2026-02-03-3017,2026-02-10,688500.0,奇鋐,1620.0,425,False,3017
2026-02-10,2026-02-g003-2026-02-06-5475,2026-02-10,845707.5,德宏,148.5,5695,False,5475
2026-02-11,2025-12-g010-2025-12-10-3105,2026-02-11,986460.0,穩懋,246.0,4010,False,3105
2026-02-11,2026-02-g010-2026-02-03-3017,2026-02-11,682125.0,奇鋐,1605.0,425,False,3017
2026-02-11,2026-02-g003-2026-02-06-5475,2026-02-11,928285.0,德宏,163.0,5695,False,5475
2026-02-23,2025-12-g010-2025-12-10-3105,2026-02-23,1084705.0,穩懋,270.5,4010,False,3105
2026-02-23,2026-02-g010-2026-02-03-3017,2026-02-23,646000.0,奇鋐,1520.0,425,False,3017
2026-02-23,2026-02-g003-2026-02-06-5475,2026-02-23,1019405.0,德宏,179.0,5695,False,5475
2026-02-24,2025-12-g010-2025-12-10-3105,2026-02-24,1192975.0,穩懋,297.5,4010,False,3105
2026-02-24,2026-02-g010-2026-02-03-3017,2026-02-24,658750.0,奇鋐,1550.0,425,False,3017
2026-02-24,2026-02-g003-2026-02-06-5475,2026-02-24,1119067.5,德宏,196.5,5695,False,5475
2026-02-25,2025-12-g010-2025-12-10-3105,2026-02-25,1291220.0,穩懋,322.0,4010,False,3105
2026-02-25,2026-02-g010-2026-02-03-3017,2026-02-25,711875.0,奇鋐,1675.0,425,False,3017
2026-02-25,2026-02-g003-2026-02-06-5475,2026-02-25,1230120.0,德宏,216.0,5695,False,5475
2026-02-26,2025-12-g010-2025-12-10-3105,2026-02-26,1355380.0,穩懋,338.0,4010,False,3105
2026-02-26,2026-02-g010-2026-02-03-3017,2026-02-26,750125.0,奇鋐,1765.0,425,False,3017
2026-02-26,2026-02-g003-2026-02-06-5475,2026-02-26,1210187.5,德宏,212.5,5695,False,5475
2026-03-02,2025-12-g010-2025-12-10-3105,2026-03-02,1329315.0,穩懋,331.5,4010,False,3105
2026-03-02,2026-02-g010-2026-02-03-3017,2026-03-02,750125.0,奇鋐,1765.0,425,False,3017
2026-03-02,2026-02-g003-2026-02-06-5475,2026-03-02,1207340.0,德宏,212.0,5695,False,5475
2026-03-03,2025-12-g010-2025-12-10-3105,2026-03-03,1307260.0,穩懋,326.0,4010,False,3105
2026-03-03,2026-02-g010-2026-02-03-3017,2026-03-03,762875.0,奇鋐,1795.0,425,False,3017
2026-03-03,2026-02-g003-2026-02-06-5475,2026-03-03,1093440.0,德宏,192.0,5695,False,5475
2026-03-04,2025-12-g010-2025-12-10-3105,2026-03-04,1176935.0,穩懋,293.5,4010,False,3105
2026-03-04,2026-02-g010-2026-02-03-3017,2026-03-04,743750.0,奇鋐,1750.0,425,False,3017
2026-03-04,2026-02-g003-2026-02-06-5475,2026-03-04,985235.0,德宏,173.0,5695,False,5475
2026-03-05,2025-12-g010-2025-12-10-3105,2026-03-05,1203000.0,穩懋,300.0,4010,False,3105
2026-03-05,2026-02-g010-2026-02-03-3017,2026-03-05,773500.0,奇鋐,1820.0,425,False,3017
2026-03-05,2026-02-g003-2026-02-06-5475,2026-03-05,1082050.0,德宏,190.0,5695,False,5475
2026-03-06,2025-12-g010-2025-12-10-3105,2026-03-06,1196985.0,穩懋,298.5,4010,False,3105
2026-03-06,2026-02-g010-2026-02-03-3017,2026-03-06,784125.0,奇鋐,1845.0,425,False,3017
2026-03-06,2026-02-g003-2026-02-06-5475,2026-03-06,1164627.5,德宏,204.5,5695,False,5475
2026-03-09,2025-12-g010-2025-12-10-3105,2026-03-09,1078690.0,穩懋,269.0,4010,False,3105
2026-03-09,2026-02-g010-2026-02-03-3017,2026-03-09,707625.0,奇鋐,1665.0,425,False,3017
2026-03-09,2026-02-g003-2026-02-06-5475,2026-03-09,1050727.5,德宏,184.5,5695,False,5475
2026-03-10,2025-12-g010-2025-12-10-3105,2026-03-10,1090720.0,穩懋,272.0,4010,False,3105
2026-03-10,2026-02-g010-2026-02-03-3017,2026-03-10,720375.0,奇鋐,1695.0,425,False,3017
2026-03-10,2026-02-g003-2026-02-06-5475,2026-03-10,1042185.0,德宏,183.0,5695,False,5475
2026-03-11,2025-12-g010-2025-12-10-3105,2026-03-11,1198990.0,穩懋,299.0,4010,False,3105
2026-03-11,2026-02-g010-2026-02-03-3017,2026-03-11,790500.0,奇鋐,1860.0,425,False,3017
2026-03-11,2026-02-g003-2026-02-06-5475,2026-03-11,1144695.0,德宏,201.0,5695,False,5475
2026-03-12,2025-12-g010-2025-12-10-3105,2026-03-12,1229065.0,穩懋,306.5,4010,False,3105
2026-03-12,2026-02-g010-2026-02-03-3017,2026-03-12,796875.0,奇鋐,1875.0,425,False,3017
2026-03-12,2026-02-g003-2026-02-06-5475,2026-03-12,1258595.0,德宏,221.0,5695,False,5475
2026-03-13,2025-12-g010-2025-12-10-3105,2026-03-13,1255130.0,穩懋,313.0,4010,False,3105
2026-03-13,2026-02-g010-2026-02-03-3017,2026-03-13,792625.0,奇鋐,1865.0,425,False,3017
2026-03-13,2026-02-g003-2026-02-06-5475,2026-03-13,1275680.0,德宏,224.0,5695,False,5475
2026-03-16,2025-12-g010-2025-12-10-3105,2026-03-16,1217035.0,穩懋,303.5,4010,False,3105
2026-03-16,2026-02-g010-2026-02-03-3017,2026-03-16,777750.0,奇鋐,1830.0,425,False,3017
2026-03-16,2026-02-g003-2026-02-06-5475,2026-03-16,1150390.0,德宏,202.0,5695,False,5475
2026-03-17,2025-12-g010-2025-12-10-3105,2026-03-17,1176935.0,穩懋,293.5,4010,False,3105
2026-03-17,2026-02-g010-2026-02-03-3017,2026-03-17,809625.0,奇鋐,1905.0,425,False,3017
2026-03-17,2026-02-g003-2026-02-06-5475,2026-03-17,1099135.0,德宏,193.0,5695,False,5475
2026-03-18,2025-12-g010-2025-12-10-3105,2026-03-18,1293225.0,穩懋,322.5,4010,False,3105
2026-03-18,2026-02-g010-2026-02-03-3017,2026-03-18,786250.0,奇鋐,1850.0,425,False,3017
2026-03-18,2026-02-g003-2026-02-06-5475,2026-03-18,1207340.0,德宏,212.0,5695,False,5475
2026-03-19,2025-12-g010-2025-12-10-3105,2026-03-19,1421545.0,穩懋,354.5,4010,False,3105
2026-03-19,2026-02-g010-2026-02-03-3017,2026-03-19,856375.0,奇鋐,2015.0,425,False,3017
2026-03-19,2026-02-g003-2026-02-06-5475,2026-03-19,1207340.0,德宏,212.0,5695,False,5475
2026-03-20,2025-12-g010-2025-12-10-3105,2026-03-20,1379440.0,穩懋,344.0,4010,False,3105
2026-03-20,2026-02-g010-2026-02-03-3017,2026-03-20,871250.0,奇鋐,2050.0,425,False,3017
2026-03-20,2026-02-g003-2026-02-06-5475,2026-03-20,1176017.5,德宏,206.5,5695,False,5475
2026-03-23,2025-12-g010-2025-12-10-3105,2026-03-23,1263150.0,穩懋,315.0,4010,False,3105
2026-03-23,2026-02-g010-2026-02-03-3017,2026-03-23,847875.0,奇鋐,1995.0,425,False,3017
2026-03-23,2026-02-g003-2026-02-06-5475,2026-03-23,1124762.5,德宏,197.5,5695,False,5475
2026-03-24,2026-02-g010-2026-02-03-3017,2026-03-24,826625.0,奇鋐,1945.0,425,False,3017
2026-03-24,2026-02-g003-2026-02-06-5475,2026-03-24,1096287.5,德宏,192.5,5695,False,5475
2026-03-25,2026-02-g010-2026-02-03-3017,2026-03-25,892500.0,奇鋐,2100.0,425,False,3017
2026-03-25,2026-02-g003-2026-02-06-5475,2026-03-25,1204492.5,德宏,211.5,5695,False,5475
2026-03-26,2026-02-g010-2026-02-03-3017,2026-03-26,966875.0,奇鋐,2275.0,425,False,3017
2026-03-26,2026-02-g003-2026-02-06-5475,2026-03-26,1218730.0,德宏,214.0,5695,False,5475
2026-03-27,2026-02-g010-2026-02-03-3017,2026-03-27,932875.0,奇鋐,2195.0,425,False,3017
2026-03-27,2026-02-g003-2026-02-06-5475,2026-03-27,1215882.5,德宏,213.5,5695,False,5475
2026-03-27,2026-03-g017-2026-03-26-2455,2026-03-27,1107968.0,全新,270.5,4096,False,2455
2026-03-30,2026-02-g010-2026-02-03-3017,2026-03-30,907375.0,奇鋐,2135.0,425,False,3017
2026-03-30,2026-02-g003-2026-02-06-5475,2026-03-30,1241510.0,德宏,218.0,5695,False,5475
2026-03-30,2026-03-g017-2026-03-26-2455,2026-03-30,1120256.0,全新,273.5,4096,False,2455
2026-03-31,2026-02-g010-2026-02-03-3017,2026-03-31,845750.0,奇鋐,1990.0,425,False,3017
2026-03-31,2026-02-g003-2026-02-06-5475,2026-03-31,1164627.5,德宏,204.5,5695,False,5475
2026-03-31,2026-03-g017-2026-03-26-2455,2026-03-31,1009664.0,全新,246.5,4096,False,2455
2026-04-01,2026-02-g010-2026-02-03-3017,2026-04-01,896750.0,奇鋐,2110.0,425,False,3017
2026-04-01,2026-02-g003-2026-02-06-5475,2026-04-01,1278527.5,德宏,224.5,5695,False,5475
2026-04-01,2026-03-g017-2026-03-26-2455,2026-04-01,1079296.0,全新,263.5,4096,False,2455
2026-04-02,2026-02-g010-2026-02-03-3017,2026-04-02,879750.0,奇鋐,2070.0,425,False,3017
2026-04-02,2026-02-g003-2026-02-06-5475,2026-04-02,1403817.5,德宏,246.5,5695,False,5475
2026-04-02,2026-03-g017-2026-03-26-2455,2026-04-02,1060864.0,全新,259.0,4096,False,2455
2026-04-07,2026-02-g010-2026-02-03-3017,2026-04-07,862750.0,奇鋐,2030.0,425,False,3017
2026-04-07,2026-02-g003-2026-02-06-5475,2026-04-07,1543345.0,德宏,271.0,5695,False,5475
2026-04-07,2026-03-g017-2026-03-26-2455,2026-04-07,1165312.0,全新,284.5,4096,False,2455
2026-04-08,2026-02-g010-2026-02-03-3017,2026-04-08,947750.0,奇鋐,2230.0,425,False,3017
2026-04-08,2026-02-g003-2026-02-06-5475,2026-04-08,1620227.5,德宏,284.5,5695,False,5475
2026-04-08,2026-03-g017-2026-03-26-2455,2026-04-08,1189888.0,全新,290.5,4096,False,2455
2026-04-09,2026-02-g010-2026-02-03-3017,2026-04-09,949875.0,奇鋐,2235.0,425,False,3017
2026-04-09,2026-02-g003-2026-02-06-5475,2026-04-09,1580362.5,德宏,277.5,5695,False,5475
2026-04-09,2026-03-g017-2026-03-26-2455,2026-04-09,1179648.0,全新,288.0,4096,False,2455
2026-04-10,2026-02-g010-2026-02-03-3017,2026-04-10,962625.0,奇鋐,2265.0,425,False,3017
2026-04-10,2026-02-g003-2026-02-06-5475,2026-04-10,1662940.0,德宏,292.0,5695,False,5475
2026-04-10,2026-03-g017-2026-03-26-2455,2026-04-10,1224704.0,全新,299.0,4096,False,2455
2026-04-13,2026-02-g010-2026-02-03-3017,2026-04-13,935000.0,奇鋐,2200.0,425,False,3017
2026-04-13,2026-02-g003-2026-02-06-5475,2026-04-13,1637312.5,德宏,287.5,5695,False,5475
2026-04-13,2026-03-g017-2026-03-26-2455,2026-04-13,1200128.0,全新,293.0,4096,False,2455
2026-04-14,2026-02-g010-2026-02-03-3017,2026-04-14,981750.0,奇鋐,2310.0,425,False,3017
2026-04-14,2026-02-g003-2026-02-06-5475,2026-04-14,1799620.0,德宏,316.0,5695,False,5475
2026-04-14,2026-03-g017-2026-03-26-2455,2026-04-14,1148928.0,全新,280.5,4096,False,2455
2026-04-15,2026-02-g010-2026-02-03-3017,2026-04-15,988125.0,奇鋐,2325.0,425,False,3017
2026-04-15,2026-02-g003-2026-02-06-5475,2026-04-15,1839485.0,德宏,323.0,5695,False,5475
2026-04-15,2026-03-g017-2026-03-26-2455,2026-04-15,1126400.0,全新,275.0,4096,False,2455
2026-04-16,2026-02-g010-2026-02-03-3017,2026-04-16,1037000.0,奇鋐,2440.0,425,False,3017
2026-04-16,2026-02-g003-2026-02-06-5475,2026-04-16,1907825.0,德宏,335.0,5695,False,5475
2026-04-16,2026-03-g017-2026-03-26-2455,2026-04-16,1187840.0,全新,290.0,4096,False,2455
2026-04-17,2026-02-g010-2026-02-03-3017,2026-04-17,1020000.0,奇鋐,2400.0,425,False,3017
2026-04-17,2026-02-g003-2026-02-06-5475,2026-04-17,2098607.5,德宏,368.5,5695,False,5475
2026-04-17,2026-03-g017-2026-03-26-2455,2026-04-17,1271808.0,全新,310.5,4096,False,2455
2026-04-20,2026-02-g010-2026-02-03-3017,2026-04-20,1058250.0,奇鋐,2490.0,425,False,3017
2026-04-20,2026-02-g003-2026-02-06-5475,2026-04-20,2278000.0,德宏,400.0,5695,False,5475
2026-04-20,2026-03-g017-2026-03-26-2455,2026-04-20,1363968.0,全新,333.0,4096,False,2455
2026-04-21,2026-02-g010-2026-02-03-3017,2026-04-21,1090125.0,奇鋐,2565.0,425,False,3017
2026-04-21,2026-02-g003-2026-02-06-5475,2026-04-21,2192575.0,德宏,385.0,5695,False,5475
2026-04-21,2026-03-g017-2026-03-26-2455,2026-04-21,1392640.0,全新,340.0,4096,False,2455
2026-04-22,2026-02-g010-2026-02-03-3017,2026-04-22,1145375.0,奇鋐,2695.0,425,False,3017
2026-04-22,2026-02-g003-2026-02-06-5475,2026-04-22,2198270.0,德宏,386.0,5695,False,5475
2026-04-22,2026-03-g017-2026-03-26-2455,2026-04-22,1492992.0,全新,364.5,4096,False,2455
2026-04-23,2026-02-g010-2026-02-03-3017,2026-04-23,1139000.0,奇鋐,2680.0,425,False,3017
2026-04-23,2026-02-g003-2026-02-06-5475,2026-04-23,2067285.0,德宏,363.0,5695,False,5475
2026-04-23,2026-03-g017-2026-03-26-2455,2026-04-23,1417216.0,全新,346.0,4096,False,2455
2026-04-24,2026-02-g010-2026-02-03-3017,2026-04-24,1251625.0,奇鋐,2945.0,425,False,3017
2026-04-24,2026-02-g003-2026-02-06-5475,2026-04-24,1910672.5,德宏,335.5,5695,False,5475
2026-04-24,2026-03-g017-2026-03-26-2455,2026-04-24,1417216.0,全新,346.0,4096,False,2455
2026-04-27,2026-02-g010-2026-02-03-3017,2026-04-27,1204875.0,奇鋐,2835.0,425,False,3017
2026-04-27,2026-02-g003-2026-02-06-5475,2026-04-27,1756907.5,德宏,308.5,5695,False,5475
2026-04-27,2026-03-g017-2026-03-26-2455,2026-04-27,1275904.0,全新,311.5,4096,False,2455
2026-04-28,2026-02-g010-2026-02-03-3017,2026-04-28,1181500.0,奇鋐,2780.0,425,False,3017
2026-04-28,2026-02-g003-2026-02-06-5475,2026-04-28,1930605.0,德宏,339.0,5695,False,5475
2026-04-28,2026-03-g017-2026-03-26-2455,2026-04-28,1302528.0,全新,318.0,4096,False,2455
2026-04-29,2026-02-g010-2026-02-03-3017,2026-04-29,1204875.0,奇鋐,2835.0,425,False,3017
2026-04-29,2026-02-g003-2026-02-06-5475,2026-04-29,2027420.0,德宏,356.0,5695,False,5475
2026-04-29,2026-03-g017-2026-03-26-2455,2026-04-29,1294336.0,全新,316.0,4096,False,2455
2026-04-30,2026-02-g010-2026-02-03-3017,2026-04-30,1204875.0,奇鋐,2835.0,425,False,3017
2026-04-30,2026-02-g003-2026-02-06-5475,2026-04-30,2038810.0,德宏,358.0,5695,False,5475
2026-04-30,2026-03-g017-2026-03-26-2455,2026-04-30,1423360.0,全新,347.5,4096,False,2455
2026-05-04,2026-02-g010-2026-02-03-3017,2026-05-04,1226125.0,奇鋐,2885.0,425,False,3017
2026-05-04,2026-02-g003-2026-02-06-5475,2026-05-04,2027420.0,德宏,356.0,5695,False,5475
2026-05-04,2026-03-g017-2026-03-26-2455,2026-05-04,1454080.0,全新,355.0,4096,False,2455
2026-05-05,2026-02-g010-2026-02-03-3017,2026-05-05,1149625.0,奇鋐,2705.0,425,False,3017
2026-05-05,2026-02-g003-2026-02-06-5475,2026-05-05,2209660.0,德宏,388.0,5695,False,5475
2026-05-05,2026-03-g017-2026-03-26-2455,2026-05-05,1583104.0,全新,386.5,4096,False,2455
2026-05-06,2026-02-g010-2026-02-03-3017,2026-05-06,1034875.0,奇鋐,2435.0,425,False,3017
2026-05-06,2026-02-g003-2026-02-06-5475,2026-05-06,2155557.5,德宏,378.5,5695,False,5475
2026-05-06,2026-03-g017-2026-03-26-2455,2026-05-06,1425408.0,全新,348.0,4096,False,2455
2026-05-07,2026-02-g010-2026-02-03-3017,2026-05-07,1026375.0,奇鋐,2415.0,425,False,3017
2026-05-07,2026-02-g003-2026-02-06-5475,2026-05-07,1981860.0,德宏,348.0,5695,False,5475
2026-05-07,2026-03-g017-2026-03-26-2455,2026-05-07,1400832.0,全新,342.0,4096,False,2455
2026-05-08,2026-02-g010-2026-02-03-3017,2026-05-08,1039125.0,奇鋐,2445.0,425,False,3017
2026-05-08,2026-02-g003-2026-02-06-5475,2026-05-08,1850875.0,德宏,325.0,5695,False,5475
2026-05-08,2026-03-g017-2026-03-26-2455,2026-05-08,1380352.0,全新,337.0,4096,False,2455
2026-05-11,2026-02-g010-2026-02-03-3017,2026-05-11,1085875.0,奇鋐,2555.0,425,False,3017
2026-05-11,2026-02-g003-2026-02-06-5475,2026-05-11,1887892.5,德宏,331.5,5695,False,5475
2026-05-11,2026-03-g017-2026-03-26-2455,2026-05-11,1474560.0,全新,360.0,4096,False,2455
2026-05-12,2026-02-g010-2026-02-03-3017,2026-05-12,1071000.0,奇鋐,2520.0,425,False,3017
2026-05-12,2026-02-g003-2026-02-06-5475,2026-05-12,1822400.0,德宏,320.0,5695,False,5475
2026-05-12,2026-03-g017-2026-03-26-2455,2026-05-12,1536000.0,全新,375.0,4096,False,2455
2026-05-13,2026-02-g010-2026-02-03-3017,2026-05-13,1098625.0,奇鋐,2585.0,425,False,3017
2026-05-13,2026-02-g003-2026-02-06-5475,2026-05-13,1771145.0,德宏,311.0,5695,False,5475
2026-05-13,2026-03-g017-2026-03-26-2455,2026-05-13,1531904.0,全新,374.0,4096,False,2455
2026-05-14,2026-02-g010-2026-02-03-3017,2026-05-14,1085875.0,奇鋐,2555.0,425,False,3017
2026-05-14,2026-03-g017-2026-03-26-2455,2026-05-14,1468416.0,全新,358.5,4096,False,2455
2026-05-15,2026-02-g010-2026-02-03-3017,2026-05-15,1043375.0,奇鋐,2455.0,425,False,3017
2026-05-15,2026-03-g017-2026-03-26-2455,2026-05-15,1468416.0,全新,358.5,4096,False,2455
2026-05-15,2026-05-g003-2026-05-14-3707,2026-05-15,1454838.0,漢磊,80.4,18095,False,3707
2026-05-18,2026-03-g017-2026-03-26-2455,2026-05-18,1585152.0,全新,387.0,4096,False,2455
2026-05-18,2026-05-g003-2026-05-14-3707,2026-05-18,1389696.0,漢磊,76.8,18095,False,3707
2026-05-19,2026-03-g017-2026-03-26-2455,2026-05-19,1568768.0,全新,383.0,4096,False,2455
2026-05-19,2026-05-g003-2026-05-14-3707,2026-05-19,1315506.5,漢磊,72.7,18095,False,3707
2026-05-20,2026-03-g017-2026-03-26-2455,2026-05-20,1640448.0,全新,400.5,4096,False,2455
2026-05-20,2026-05-g003-2026-05-14-3707,2026-05-20,1317316.0,漢磊,72.8,18095,False,3707
2026-05-20,2026-05-g007-2026-05-19-2355,2026-05-20,1297422.3,敬鵬,59.1,21953,False,2355
2026-05-21,2026-03-g017-2026-03-26-2455,2026-05-21,1583104.0,全新,386.5,4096,False,2455
2026-05-21,2026-05-g003-2026-05-14-3707,2026-05-21,1447600.0,漢磊,80.0,18095,False,3707
2026-05-21,2026-05-g007-2026-05-19-2355,2026-05-21,1426945.0,敬鵬,65.0,21953,False,2355
2026-05-22,2026-03-g017-2026-03-26-2455,2026-05-22,1740800.0,全新,425.0,4096,False,2455
2026-05-22,2026-05-g003-2026-05-14-3707,2026-05-22,1510932.5,漢磊,83.5,18095,False,3707
2026-05-22,2026-05-g007-2026-05-19-2355,2026-05-22,1431335.6,敬鵬,65.2,21953,False,2355
2026-05-25,2026-03-g017-2026-03-26-2455,2026-05-25,1818624.0,全新,444.0,4096,False,2455
2026-05-25,2026-05-g003-2026-05-14-3707,2026-05-25,1550741.5,漢磊,85.7,18095,False,3707
2026-05-25,2026-05-g007-2026-05-19-2355,2026-05-25,1470851.0,敬鵬,67.0,21953,False,2355
2026-05-26,2026-03-g017-2026-03-26-2455,2026-05-26,1734656.0,全新,423.5,4096,False,2455
2026-05-26,2026-05-g003-2026-05-14-3707,2026-05-26,1500075.5,漢磊,82.9,18095,False,3707
2026-05-26,2026-05-g007-2026-05-19-2355,2026-05-26,1429140.2999999998,敬鵬,65.1,21953,False,2355
2026-05-27,2026-03-g017-2026-03-26-2455,2026-05-27,1714176.0,全新,418.5,4096,False,2455
2026-05-27,2026-05-g003-2026-05-14-3707,2026-05-27,1615883.5,漢磊,89.3,18095,False,3707
2026-05-27,2026-05-g007-2026-05-19-2355,2026-05-27,1374257.8,敬鵬,62.6,21953,False,2355
2026-05-28,2026-03-g017-2026-03-26-2455,2026-05-28,1603584.0,全新,391.5,4096,False,2455
2026-05-28,2026-05-g003-2026-05-14-3707,2026-05-28,1576074.5,漢磊,87.1,18095,False,3707
2026-05-28,2026-05-g007-2026-05-19-2355,2026-05-28,1354500.1,敬鵬,61.7,21953,False,2355
2026-05-29,2026-03-g017-2026-03-26-2455,2026-05-29,1728512.0,全新,422.0,4096,False,2455
2026-05-29,2026-05-g003-2026-05-14-3707,2026-05-29,1615883.5,漢磊,89.3,18095,False,3707
2026-05-29,2026-05-g007-2026-05-19-2355,2026-05-29,1433530.9,敬鵬,65.3,21953,False,2355
2026-06-01,2026-03-g017-2026-03-26-2455,2026-06-01,1701888.0,全新,415.5,4096,False,2455
2026-06-01,2026-05-g003-2026-05-14-3707,2026-06-01,1507313.5,漢磊,83.3,18095,False,3707
2026-06-01,2026-05-g007-2026-05-19-2355,2026-06-01,1321570.6,敬鵬,60.2,21953,False,2355
2026-06-02,2026-03-g017-2026-03-26-2455,2026-06-02,1634304.0,全新,399.0,4096,False,2455
2026-06-02,2026-05-g003-2026-05-14-3707,2026-06-02,1481980.5,漢磊,81.9,18095,False,3707
2026-06-02,2026-05-g007-2026-05-19-2355,2026-06-02,1319375.3,敬鵬,60.1,21953,False,2355
2026-06-03,2026-03-g017-2026-03-26-2455,2026-06-03,1695744.0,全新,414.0,4096,False,2455
2026-06-03,2026-05-g003-2026-05-14-3707,2026-06-03,1525408.5,漢磊,84.3,18095,False,3707
2026-06-03,2026-05-g007-2026-05-19-2355,2026-06-03,1301812.9,敬鵬,59.3,21953,False,2355
2026-06-04,2026-03-g017-2026-03-26-2455,2026-06-04,1646592.0,全新,402.0,4096,False,2455
2026-06-04,2026-05-g003-2026-05-14-3707,2026-06-04,1402362.5,漢磊,77.5,18095,False,3707
2026-06-04,2026-05-g007-2026-05-19-2355,2026-06-04,1238149.2,敬鵬,56.4,21953,False,2355
2026-06-05,2026-03-g017-2026-03-26-2455,2026-06-05,1634304.0,全新,399.0,4096,False,2455
2026-06-05,2026-05-g003-2026-05-14-3707,2026-06-05,1384267.5,漢磊,76.5,18095,False,3707
2026-06-05,2026-05-g007-2026-05-19-2355,2026-06-05,1216196.2,敬鵬,55.4,21953,False,2355
2026-06-08,2026-03-g017-2026-03-26-2455,2026-06-08,1472512.0,全新,359.5,4096,False,2455
2026-06-08,2026-05-g003-2026-05-14-3707,2026-06-08,1277507.0,漢磊,70.6,18095,False,3707
2026-06-08,2026-05-g007-2026-05-19-2355,2026-06-08,1156923.1,敬鵬,52.7,21953,False,2355
2026-06-09,2026-03-g017-2026-03-26-2455,2026-06-09,1617920.0,全新,395.0,4096,False,2455
2026-06-09,2026-05-g007-2026-05-19-2355,2026-06-09,1203024.4,敬鵬,54.8,21953,False,2355
2026-06-10,2026-03-g017-2026-03-26-2455,2026-06-10,1456128.0,全新,355.5,4096,False,2455
2026-06-10,2026-05-g007-2026-05-19-2355,2026-06-10,1172290.2,敬鵬,53.4,21953,False,2355
2026-06-10,2026-06-g011-2026-06-09-6197,2026-06-10,1285399.5,佳必琪,325.5,3949,False,6197
2026-06-11,2026-05-g007-2026-05-19-2355,2026-06-11,1288641.1,敬鵬,58.7,21953,False,2355
2026-06-11,2026-06-g011-2026-06-09-6197,2026-06-11,1253807.5,佳必琪,317.5,3949,False,6197
2026-06-12,2026-05-g007-2026-05-19-2355,2026-06-12,1352304.8,敬鵬,61.6,21953,False,2355
2026-06-12,2026-06-g011-2026-06-09-6197,2026-06-12,1293297.5,佳必琪,327.5,3949,False,6197
2026-06-15,2026-05-g007-2026-05-19-2355,2026-06-15,1323765.9,敬鵬,60.3,21953,False,2355
2026-06-15,2026-06-g011-2026-06-09-6197,2026-06-15,1309093.5,佳必琪,331.5,3949,False,6197
2026-06-15,2026-06-g015-2026-06-12-4958,2026-06-15,1395940.0,臻鼎-KY,590.0,2366,False,4958
2026-06-16,2026-05-g007-2026-05-19-2355,2026-06-16,1253516.3,敬鵬,57.1,21953,False,2355
2026-06-16,2026-06-g011-2026-06-09-6197,2026-06-16,1265654.5,佳必琪,320.5,3949,False,6197
2026-06-16,2026-06-g015-2026-06-12-4958,2026-06-16,1476384.0,臻鼎-KY,624.0,2366,False,4958
2026-06-17,2026-05-g007-2026-05-19-2355,2026-06-17,7424.0,敬鵬,58.0,128,False,2355
2026-06-17,2026-06-g011-2026-06-09-6197,2026-06-17,1315017.0,佳必琪,333.0,3949,False,6197
2026-06-17,2026-06-g015-2026-06-12-4958,2026-06-17,1511874.0,臻鼎-KY,639.0,2366,False,4958
2026-06-18,2026-06-g011-2026-06-09-6197,2026-06-18,1372277.5,佳必琪,347.5,3949,False,6197
2026-06-18,2026-06-g015-2026-06-12-4958,2026-06-18,1518972.0,臻鼎-KY,642.0,2366,False,4958
2026-06-22,2026-06-g011-2026-06-09-6197,2026-06-22,1393997.0,佳必琪,353.0,3949,False,6197
2026-06-22,2026-06-g015-2026-06-12-4958,2026-06-22,1471652.0,臻鼎-KY,622.0,2366,False,4958
2026-06-23,2026-06-g011-2026-06-09-6197,2026-06-23,1382150.0,佳必琪,350.0,3949,False,6197
2026-06-23,2026-06-g015-2026-06-12-4958,2026-06-23,1388842.0,臻鼎-KY,587.0,2366,False,4958
2026-06-23,2026-06-g014-2026-06-22-2884,2026-06-23,1326354.2,玉山金,35.8,37049,False,2884
2026-06-24,2026-06-g011-2026-06-09-6197,2026-06-24,1419665.5,佳必琪,359.5,3949,False,6197
2026-06-24,2026-06-g015-2026-06-12-4958,2026-06-24,1388842.0,臻鼎-KY,587.0,2366,False,4958
2026-06-24,2026-06-g014-2026-06-22-2884,2026-06-24,1296715.0,玉山金,35.0,37049,False,2884
2026-06-25,2026-06-g011-2026-06-09-6197,2026-06-25,1474951.5,佳必琪,373.5,3949,False,6197
2026-06-25,2026-06-g015-2026-06-12-4958,2026-06-25,1424332.0,臻鼎-KY,602.0,2366,False,4958
2026-06-25,2026-06-g014-2026-06-22-2884,2026-06-25,1313387.05,玉山金,35.45,37049,False,2884
2026-06-26,2026-06-g011-2026-06-09-6197,2026-06-26,1437436.0,佳必琪,364.0,3949,False,6197
2026-06-26,2026-06-g015-2026-06-12-4958,2026-06-26,1372280.0,臻鼎-KY,580.0,2366,False,4958
2026-06-26,2026-06-g014-2026-06-22-2884,2026-06-26,1280042.95,玉山金,34.55,37049,False,2884
2026-06-29,2026-06-g011-2026-06-09-6197,2026-06-29,1360430.5,佳必琪,344.5,3949,False,6197
2026-06-29,2026-06-g015-2026-06-12-4958,2026-06-29,1355718.0,臻鼎-KY,573.0,2366,False,4958
2026-06-29,2026-06-g014-2026-06-22-2884,2026-06-29,1278190.5,玉山金,34.5,37049,False,2884
2026-06-30,2026-06-g011-2026-06-09-6197,2026-06-30,1382150.0,佳必琪,350.0,3949,False,6197
2026-06-30,2026-06-g015-2026-06-12-4958,2026-06-30,1490580.0,臻鼎-KY,630.0,2366,False,4958
2026-06-30,2026-06-g014-2026-06-22-2884,2026-06-30,1276338.05,玉山金,34.45,37049,False,2884
2026-07-01,2026-06-g011-2026-06-09-6197,2026-07-01,1374252.0,佳必琪,348.0,3949,False,6197
2026-07-01,2026-06-g015-2026-06-12-4958,2026-07-01,1426698.0,臻鼎-KY,603.0,2366,False,4958
2026-07-01,2026-06-g014-2026-06-22-2884,2026-07-01,1218912.0999999999,玉山金,32.9,37049,False,2884
2026-07-02,2026-06-g011-2026-06-09-6197,2026-07-02,1435461.5,佳必琪,363.5,3949,False,6197
2026-07-02,2026-06-g015-2026-06-12-4958,2026-07-02,1414868.0,臻鼎-KY,598.0,2366,False,4958
2026-07-02,2026-06-g014-2026-06-22-2884,2026-07-02,1248551.3,玉山金,33.7,37049,False,2884
2026-07-03,2026-06-g011-2026-06-09-6197,2026-07-03,1471002.5,佳必琪,372.5,3949,False,6197
2026-07-03,2026-06-g015-2026-06-12-4958,2026-07-03,1450358.0,臻鼎-KY,613.0,2366,False,4958
2026-07-03,2026-06-g014-2026-06-22-2884,2026-07-03,1248551.3,玉山金,33.7,37049,False,2884
2026-07-06,2026-06-g011-2026-06-09-6197,2026-07-06,1471002.5,佳必琪,372.5,3949,False,6197
2026-07-06,2026-06-g015-2026-06-12-4958,2026-07-06,1369914.0,臻鼎-KY,579.0,2366,False,4958
2026-07-06,2026-06-g014-2026-06-22-2884,2026-07-06,1276338.05,玉山金,34.45,37049,False,2884
2026-07-07,2026-06-g011-2026-06-09-6197,2026-07-07,1421640.0,佳必琪,360.0,3949,False,6197
2026-07-07,2026-06-g015-2026-06-12-4958,2026-07-07,1296568.0,臻鼎-KY,548.0,2366,False,4958
2026-07-07,2026-06-g014-2026-06-22-2884,2026-07-07,1278190.5,玉山金,34.5,37049,False,2884
2026-07-08,2026-06-g011-2026-06-09-6197,2026-07-08,1457181.0,佳必琪,369.0,3949,False,6197
2026-07-08,2026-06-g015-2026-06-12-4958,2026-07-08,1336790.0,臻鼎-KY,565.0,2366,False,4958
2026-07-08,2026-06-g014-2026-06-22-2884,2026-07-08,1287452.75,玉山金,34.75,37049,False,2884
2026-07-09,2026-06-g011-2026-06-09-6197,2026-07-09,1415716.5,佳必琪,358.5,3949,False,6197
2026-07-09,2026-06-g015-2026-06-12-4958,2026-07-09,1391208.0,臻鼎-KY,588.0,2366,False,4958
2026-07-09,2026-06-g014-2026-06-22-2884,2026-07-09,1287452.75,玉山金,34.75,37049,False,2884
2026-07-13,2026-06-g011-2026-06-09-6197,2026-07-13,1297246.5,佳必琪,328.5,3949,False,6197
2026-07-13,2026-06-g015-2026-06-12-4958,2026-07-13,1528436.0,臻鼎-KY,646.0,2366,False,4958
2026-07-13,2026-06-g014-2026-06-22-2884,2026-07-13,1281895.4000000001,玉山金,34.6,37049,False,2884
2026-07-14,2026-06-g011-2026-06-09-6197,2026-07-14,1271578.0,佳必琪,322.0,3949,False,6197
2026-07-14,2026-06-g015-2026-06-12-4958,2026-07-14,1488214.0,臻鼎-KY,629.0,2366,False,4958
2026-07-14,2026-06-g014-2026-06-22-2884,2026-07-14,1278190.5,玉山金,34.5,37049,False,2884
2026-07-15,2026-06-g011-2026-06-09-6197,2026-07-15,54189.0,佳必琪,334.5,162,False,6197
2026-07-15,2026-06-g015-2026-06-12-4958,2026-07-15,1462188.0,臻鼎-KY,618.0,2366,False,4958
2026-07-15,2026-06-g014-2026-06-22-2884,2026-07-15,1276338.05,玉山金,34.45,37049,False,2884
2026-07-16,2026-06-g015-2026-06-12-4958,2026-07-16,1367548.0,臻鼎-KY,578.0,2366,False,4958
2026-07-16,2026-06-g014-2026-06-22-2884,2026-07-16,1293010.0999999999,玉山金,34.9,37049,False,2884
2026-07-17,2026-06-g015-2026-06-12-4958,2026-07-17,1232686.0,臻鼎-KY,521.0,2366,False,4958
2026-07-17,2026-06-g014-2026-06-22-2884,2026-07-17,1300419.9000000001,玉山金,35.1,37049,False,2884
2026-07-20,2026-06-g014-2026-06-22-2884,2026-07-20,1328206.6500000001,玉山金,35.85,37049,False,2884
2026-07-21,2026-06-g014-2026-06-22-2884,2026-07-21,1368960.55,玉山金,36.95,37049,False,2884
2026-07-22,2026-06-g014-2026-06-22-2884,2026-07-22,1335616.45,玉山金,36.05,37049,False,2884
2026-07-23,2026-06-g014-2026-06-22-2884,2026-07-23,1320796.8499999999,玉山金,35.65,37049,False,2884
2026-07-24,2026-06-g014-2026-06-22-2884,2026-07-24,1331911.55,玉山金,35.95,37049,False,2884
2026-07-27,2026-06-g014-2026-06-22-2884,2026-07-27,1348583.5999999999,玉山金,36.4,37049,False,2884
2026-07-28,2026-06-g014-2026-06-22-2884,2026-07-28,1343026.25,玉山金,36.25,37049,False,2884
2026-07-29,2026-06-g014-2026-06-22-2884,2026-07-29,1352288.5,玉山金,36.5,37049,False,2884
2026-07-30,2026-06-g014-2026-06-22-2884,2026-07-30,1396747.3,玉山金,37.7,37049,False,2884
2026-07-31,2026-06-g014-2026-06-22-2884,2026-07-31,1431943.8499999999,玉山金,38.65,37049,False,2884
2026-08-03,2026-06-g014-2026-06-22-2884,2026-08-03,1424534.05,玉山金,38.45,37049,False,2884
2026-08-04,2026-06-g014-2026-06-22-2884,2026-08-04,1407862.0,玉山金,38.0,37049,False,2884
2026-08-05,2026-06-g014-2026-06-22-2884,2026-08-05,1411566.9000000001,玉山金,38.1,37049,False,2884
2026-08-05,2026-08-g018-2026-08-04-2834,2026-08-05,1230304.25,臺企銀,16.75,73451,False,2834
2026-08-06,2026-06-g014-2026-06-22-2884,2026-08-06,1406009.55,玉山金,37.95,37049,False,2884
2026-08-06,2026-08-g018-2026-08-04-2834,2026-08-06,1215614.05,臺企銀,16.55,73451,False,2834
2026-08-07,2026-06-g014-2026-06-22-2884,2026-08-07,1413419.3499999999,玉山金,38.15,37049,False,2884
2026-08-07,2026-08-g018-2026-08-04-2834,2026-08-07,1211941.5,臺企銀,16.5,73451,False,2834
2026-08-10,2026-06-g014-2026-06-22-2884,2026-08-10,1400452.2,玉山金,37.8,37049,False,2884
2026-08-10,2026-08-g018-2026-08-04-2834,2026-08-10,1211941.5,臺企銀,16.5,73451,False,2834
2026-08-11,2026-06-g014-2026-06-22-2884,2026-08-11,1367108.0999999999,玉山金,36.9,37049,False,2884
2026-08-11,2026-08-g018-2026-08-04-2834,2026-08-11,1204596.4,臺企銀,16.4,73451,False,2834
2026-08-11,2026-08-g013-2026-08-10-2615,2026-08-11,1220358.0999999999,萬海,87.1,14011,False,2615
2026-08-12,2026-06-g014-2026-06-22-2884,2026-08-12,1361550.75,玉山金,36.75,37049,False,2884
2026-08-12,2026-08-g018-2026-08-04-2834,2026-08-12,1211941.5,臺企銀,16.5,73451,False,2834
2026-08-12,2026-08-g013-2026-08-10-2615,2026-08-12,1220358.0999999999,萬海,87.1,14011,False,2615
2026-08-13,2026-06-g014-2026-06-22-2884,2026-08-13,1381927.7,玉山金,37.3,37049,False,2884
2026-08-13,2026-08-g018-2026-08-04-2834,2026-08-13,1208268.95,臺企銀,16.45,73451,False,2834
2026-08-13,2026-08-g013-2026-08-10-2615,2026-08-13,1225962.5,萬海,87.5,14011,False,2615
2026-08-14,2026-06-g014-2026-06-22-2884,2026-08-14,1394894.8499999999,玉山金,37.65,37049,False,2884
2026-08-14,2026-08-g018-2026-08-04-2834,2026-08-14,1197251.3,臺企銀,16.3,73451,False,2834
2026-08-14,2026-08-g013-2026-08-10-2615,2026-08-14,1269396.5999999999,萬海,90.6,14011,False,2615
2026-08-17,2026-06-g014-2026-06-22-2884,2026-08-17,1398599.75,玉山金,37.75,37049,False,2884
2026-08-17,2026-08-g018-2026-08-04-2834,2026-08-17,1197251.3,臺企銀,16.3,73451,False,2834
2026-08-17,2026-08-g013-2026-08-10-2615,2026-08-17,1395495.5999999999,萬海,99.6,14011,False,2615
2026-08-18,2026-06-g014-2026-06-22-2884,2026-08-18,1411566.9000000001,玉山金,38.1,37049,False,2884
2026-08-18,2026-08-g018-2026-08-04-2834,2026-08-18,1211941.5,臺企銀,16.5,73451,False,2834
2026-08-18,2026-08-g013-2026-08-10-2615,2026-08-18,1471155.0,萬海,105.0,14011,False,2615
2026-08-19,2026-06-g014-2026-06-22-2884,2026-08-19,1400452.2,玉山金,37.8,37049,False,2884
2026-08-19,2026-08-g018-2026-08-04-2834,2026-08-19,1204596.4,臺企銀,16.4,73451,False,2834
2026-08-19,2026-08-g013-2026-08-10-2615,2026-08-19,1492171.5,萬海,106.5,14011,False,2615
2026-08-20,2026-06-g014-2026-06-22-2884,2026-08-20,1383780.1500000001,玉山金,37.35,37049,False,2884
2026-08-20,2026-08-g018-2026-08-04-2834,2026-08-20,1215614.05,臺企銀,16.55,73451,False,2834
2026-08-20,2026-08-g013-2026-08-10-2615,2026-08-20,1590248.5,萬海,113.5,14011,False,2615
2026-08-21,2026-06-g014-2026-06-22-2884,2026-08-21,1407862.0,玉山金,38.0,37049,False,2884
2026-08-21,2026-08-g018-2026-08-04-2834,2026-08-21,1215614.05,臺企銀,16.55,73451,False,2834
2026-08-21,2026-08-g013-2026-08-10-2615,2026-08-21,1744369.5,萬海,124.5,14011,False,2615
2026-08-24,2026-06-g014-2026-06-22-2884,2026-08-24,1413419.3499999999,玉山金,38.15,37049,False,2884
2026-08-24,2026-08-g018-2026-08-04-2834,2026-08-24,1200923.85,臺企銀,16.35,73451,False,2834
2026-08-24,2026-08-g013-2026-08-10-2615,2026-08-24,1744369.5,萬海,124.5,14011,False,2615
2026-08-25,2026-06-g014-2026-06-22-2884,2026-08-25,1444911.0,玉山金,39.0,37049,False,2884
2026-08-25,2026-08-g018-2026-08-04-2834,2026-08-25,1200923.85,臺企銀,16.35,73451,False,2834
2026-08-25,2026-08-g013-2026-08-10-2615,2026-08-25,1772391.5,萬海,126.5,14011,False,2615
2026-08-26,2026-06-g014-2026-06-22-2884,2026-08-26,1433796.3,玉山金,38.7,37049,False,2884
2026-08-26,2026-08-g018-2026-08-04-2834,2026-08-26,1208268.95,臺企銀,16.45,73451,False,2834
2026-08-26,2026-08-g013-2026-08-10-2615,2026-08-26,1611265.0,萬海,115.0,14011,False,2615
2026-08-27,2026-06-g014-2026-06-22-2884,2026-08-27,1428238.95,玉山金,38.55,37049,False,2884
2026-08-27,2026-08-g018-2026-08-04-2834,2026-08-27,1200923.85,臺企銀,16.35,73451,False,2834
2026-08-27,2026-08-g013-2026-08-10-2615,2026-08-27,1590248.5,萬海,113.5,14011,False,2615
2026-08-28,2026-06-g014-2026-06-22-2884,2026-08-28,1435648.75,玉山金,38.75,37049,False,2884
2026-08-28,2026-08-g018-2026-08-04-2834,2026-08-28,1208268.95,臺企銀,16.45,73451,False,2834
2026-08-28,2026-08-g013-2026-08-10-2615,2026-08-28,1562226.5,萬海,111.5,14011,False,2615
2026-08-31,2026-06-g014-2026-06-22-2884,2026-08-31,1472697.75,玉山金,39.75,37049,False,2884
2026-08-31,2026-08-g018-2026-08-04-2834,2026-08-31,1244994.45,臺企銀,16.95,73451,False,2834
2026-08-31,2026-08-g013-2026-08-10-2615,2026-08-31,1597254.0,萬海,114.0,14011,False,2615
2026-09-01,2026-06-g014-2026-06-22-2884,2026-09-01,1478255.0999999999,玉山金,39.9,37049,False,2884
2026-09-01,2026-08-g018-2026-08-04-2834,2026-09-01,1256012.1,臺企銀,17.1,73451,False,2834
2026-09-01,2026-08-g013-2026-08-10-2615,2026-09-01,1604259.5,萬海,114.5,14011,False,2615
2026-09-02,2026-06-g014-2026-06-22-2884,2026-09-02,1500484.5,玉山金,40.5,37049,False,2884
2026-09-02,2026-08-g018-2026-08-04-2834,2026-09-02,1267029.75,臺企銀,17.25,73451,False,2834
2026-09-02,2026-08-g013-2026-08-10-2615,2026-09-02,1569232.0,萬海,112.0,14011,False,2615
2026-09-03,2026-06-g014-2026-06-22-2884,2026-09-03,1600516.8,玉山金,43.2,37049,False,2884
2026-09-03,2026-08-g018-2026-08-04-2834,2026-09-03,1256012.1,臺企銀,17.1,73451,False,2834
2026-09-03,2026-08-g013-2026-08-10-2615,2026-09-03,1618270.5,萬海,115.5,14011,False,2615
2026-09-04,2026-06-g014-2026-06-22-2884,2026-09-04,1613483.95,玉山金,43.55,37049,False,2884
2026-09-04,2026-08-g018-2026-08-04-2834,2026-09-04,1248667.0,臺企銀,17.0,73451,False,2834
2026-09-04,2026-08-g013-2026-08-10-2615,2026-09-04,1611265.0,萬海,115.0,14011,False,2615
2026-09-07,2026-06-g014-2026-06-22-2884,2026-09-07,1613483.95,玉山金,43.55,37049,False,2884
2026-09-07,2026-08-g018-2026-08-04-2834,2026-09-07,1263357.2,臺企銀,17.2,73451,False,2834
2026-09-07,2026-08-g013-2026-08-10-2615,2026-09-07,1604259.5,萬海,114.5,14011,False,2615
2026-09-08,2026-06-g014-2026-06-22-2884,2026-09-08,1687581.95,玉山金,45.55,37049,False,2884
2026-09-08,2026-08-g018-2026-08-04-2834,2026-09-08,1300082.7,臺企銀,17.7,73451,False,2834
2026-09-08,2026-08-g013-2026-08-10-2615,2026-09-08,1569232.0,萬海,112.0,14011,False,2615
2026-09-09,2026-06-g014-2026-06-22-2884,2026-09-09,1639418.25,玉山金,44.25,37049,False,2884
2026-09-09,2026-08-g018-2026-08-04-2834,2026-09-09,1318445.45,臺企銀,17.95,73451,False,2834
2026-09-09,2026-08-g013-2026-08-10-2615,2026-09-09,1625276.0,萬海,116.0,14011,False,2615
