cash,cost,daily_return,date,dividend_entitlement,drawdown,execution_basis_pnl,holdings,market_pnl,market_value,nav,opening_nav,receivable,stale_holdings,total_return
1000000.0,0.0,0.0,2019-01-02,0.0,0.0,0.0,0,0.0,0.0,1000000.0,1000000.0,0.0,0,0.0
1000000.0,0.0,0.0,2019-01-03,0.0,0.0,0.0,0,0.0,0.0,1000000.0,1000000.0,0.0,0,0.0
1000000.0,0.0,0.0,2019-01-04,0.0,0.0,0.0,0,0.0,0.0,1000000.0,1000000.0,0.0,0,0.0
1000000.0,0.0,0.0,2019-01-07,0.0,0.0,0.0,0,0.0,0.0,1000000.0,1000000.0,0.0,0,0.0
1000000.0,0.0,0.0,2019-01-08,0.0,0.0,0.0,0,0.0,0.0,1000000.0,1000000.0,0.0,0,0.0
1000000.0,0.0,0.0,2019-01-09,0.0,0.0,0.0,0,0.0,0.0,1000000.0,1000000.0,0.0,0,0.0
1000000.0,0.0,0.0,2019-01-10,0.0,0.0,0.0,0,0.0,0.0,1000000.0,1000000.0,0.0,0,0.0
1000000.0,0.0,0.0,2019-01-11,0.0,0.0,0.0,0,0.0,0.0,1000000.0,1000000.0,0.0,0,0.0
1000000.0,0.0,0.0,2019-01-14,0.0,0.0,0.0,0,0.0,0.0,1000000.0,1000000.0,0.0,0,0.0
1000000.0,0.0,0.0,2019-01-15,0.0,0.0,0.0,0,0.0,0.0,1000000.0,1000000.0,0.0,0,0.0
1000000.0,0.0,0.0,2019-01-16,0.0,0.0,0.0,0,0.0,0.0,1000000.0,1000000.0,0.0,0,0.0
1000000.0,0.0,0.0,2019-01-17,0.0,0.0,0.0,0,0.0,0.0,1000000.0,1000000.0,0.0,0,0.0
1000000.0,0.0,0.0,2019-01-18,0.0,0.0,0.0,0,0.0,0.0,1000000.0,1000000.0,0.0,0,0.0
1000000.0,0.0,0.0,2019-01-21,0.0,0.0,0.0,0,0.0,0.0,1000000.0,1000000.0,0.0,0,0.0
1000000.0,0.0,0.0,2019-01-22,0.0,0.0,0.0,0,0.0,0.0,1000000.0,1000000.0,0.0,0,0.0
1000000.0,0.0,0.0,2019-01-23,0.0,0.0,0.0,0,0.0,0.0,1000000.0,1000000.0,0.0,0,0.0
1000000.0,0.0,0.0,2019-01-24,0.0,0.0,0.0,0,0.0,0.0,1000000.0,1000000.0,0.0,0,0.0
1000000.0,0.0,0.0,2019-01-25,0.0,0.0,0.0,0,0.0,0.0,1000000.0,1000000.0,0.0,0,0.0
1000000.0,0.0,0.0,2019-01-28,0.0,0.0,0.0,0,0.0,0.0,1000000.0,1000000.0,0.0,0,0.0
1000000.0,0.0,0.0,2019-01-29,0.0,0.0,0.0,0,0.0,0.0,1000000.0,1000000.0,0.0,0,0.0
1000000.0,0.0,0.0,2019-01-30,0.0,0.0,0.0,0,0.0,0.0,1000000.0,1000000.0,0.0,0,0.0
1000000.0,0.0,0.0,2019-02-11,0.0,0.0,0.0,0,0.0,0.0,1000000.0,1000000.0,0.0,0,0.0
1000000.0,0.0,0.0,2019-02-12,0.0,0.0,0.0,0,0.0,0.0,1000000.0,1000000.0,0.0,0,0.0
1000000.0,0.0,0.0,2019-02-13,0.0,0.0,0.0,0,0.0,0.0,1000000.0,1000000.0,0.0,0,0.0
1000000.0,0.0,0.0,2019-02-14,0.0,0.0,0.0,0,0.0,0.0,1000000.0,1000000.0,0.0,0,0.0
1000000.0,0.0,0.0,2019-02-15,0.0,0.0,0.0,0,0.0,0.0,1000000.0,1000000.0,0.0,0,0.0
1000000.0,0.0,0.0,2019-02-18,0.0,0.0,0.0,0,0.0,0.0,1000000.0,1000000.0,0.0,0,0.0
1000000.0,0.0,0.0,2019-02-19,0.0,0.0,0.0,0,0.0,0.0,1000000.0,1000000.0,0.0,0,0.0
1000000.0,0.0,0.0,2019-02-20,0.0,0.0,0.0,0,0.0,0.0,1000000.0,1000000.0,0.0,0,0.0
1000000.0,0.0,0.0,2019-02-21,0.0,0.0,0.0,0,0.0,0.0,1000000.0,1000000.0,0.0,0,0.0
1000000.0,0.0,0.0,2019-02-22,0.0,0.0,0.0,0,0.0,0.0,1000000.0,1000000.0,0.0,0,0.0
1000000.0,0.0,0.0,2019-02-25,0.0,0.0,0.0,0,0.0,0.0,1000000.0,1000000.0,0.0,0,0.0
1000000.0,0.0,0.0,2019-02-26,0.0,0.0,0.0,0,0.0,0.0,1000000.0,1000000.0,0.0,0,0.0
1000000.0,0.0,0.0,2019-02-27,0.0,0.0,0.0,0,0.0,0.0,1000000.0,1000000.0,0.0,0,0.0
1000000.0,0.0,0.0,2019-03-04,0.0,0.0,0.0,0,0.0,0.0,1000000.0,1000000.0,0.0,0,0.0
750854.0,1486.0,-0.007286000000000015,2019-03-05,0.0,-0.007286000000000015,-5800.000000000011,1,0.0,241860.0,992714.0,1000000.0,0.0,0,-0.007286000000000015
750854.0,0.0,0.002436351255245661,2019-03-06,0.0,-0.004867400000000077,0.0,1,2418.600000000006,244278.6,995132.6,992714.0,0.0,0,-0.004867400000000077
190006.0,3321.0,-0.014466815779123343,2019-03-07,0.0,-0.019263800000000053,211.40000000000987,3,-11286.800000000017,790730.2,980736.2,995132.6,0.0,0,-0.019263800000000053
190006.0,0.0,-0.008649216782249836,2019-03-08,0.0,-0.02774640000000006,0.0,3,-8482.599999999977,782247.6,972253.6,980736.2,0.0,0,-0.02774640000000006
190006.0,0.0,0.002174124117411358,2019-03-11,0.0,-0.025632600000000005,0.0,3,2113.8000000000466,784361.4,974367.4,972253.6,0.0,0,-0.025632600000000005
190006.0,0.0,-0.004147819395435404,2019-03-12,0.0,-0.029674099999999926,0.0,3,-4041.5,780319.9,970325.9,974367.4,0.0,0,-0.029674099999999926
190006.0,0.0,0.025912324920936314,2019-03-13,0.0,-0.004530699999999999,0.0,3,25143.400000000023,805463.3,995469.3,970325.9,0.0,0,-0.004530699999999999
190006.0,0.0,0.02454932562963008,2019-03-14,0.0,0.0,0.0,3,24438.099999999977,829901.4,1019907.4,995469.3,0.0,0,0.01990740000000013
190006.0,0.0,-0.002964484814994006,2019-03-15,0.0,-0.002964484814994006,0.0,3,-3023.5,826877.9,1016883.9,1019907.4,0.0,0,0.016883900000000063
190006.0,0.0,0.04036704681822578,2019-03-18,0.0,0.0,0.0,3,41048.59999999998,867926.5,1057932.5,1016883.9,0.0,0,0.05793249999999994
190006.0,0.0,-0.010101589657185217,2019-03-19,0.0,-0.010101589657185217,0.0,3,-10686.800000000047,857239.7,1047245.7,1057932.5,0.0,0,0.047245699999999946
190006.0,0.0,0.004462563083333926,2019-03-20,0.0,-0.005684105554938479,0.0,3,4673.400000000023,861913.1,1051919.1,1047245.7,0.0,0,0.05191910000000011
190006.0,0.0,0.006133266331983078,2019-03-21,0.0,0.0,0.0,3,6451.70000000007,868364.8,1058370.8,1051919.1,0.0,0,0.058370800000000056
190006.0,0.0,-0.0007192186330159389,2019-03-22,0.0,-0.0007192186330159389,0.0,3,-761.2000000000698,867603.6,1057609.6,1058370.8,0.0,0,0.05760960000000015
190006.0,0.0,-0.025372216742359455,2019-03-25,0.0,-0.02607318720433338,0.0,3,-26833.900000000023,840769.7,1030775.7,1057609.6,0.0,0,0.03077569999999996
190006.0,0.0,0.02900825077657543,2019-03-26,0.0,0.0,0.0,3,29901.0,870670.7,1060676.7,1030775.7,0.0,0,0.06067669999999992
190006.0,0.0,-0.0036581363576666526,2019-03-27,0.0,-0.0036581363576666526,0.0,3,-3880.0999999999767,866790.6,1056796.6,1060676.7,0.0,0,0.0567966000000002
419354.2,2085.0,-0.01598765552425152,2019-03-28,0.0,-0.019587306857971054,-2800.8000000000116,3,-12009.900000000023,620546.7,1039900.8999999999,1056796.6,0.0,0,0.039900899999999906
419691.2,23.0,0.011790738905986364,2019-03-29,0.0,-0.008027516773018495,-1.799999999999983,3,12286.0,632470.9,1052162.1,1039900.8999999999,0.0,0,0.0521621000000001
420145.6,24.0,-0.005530231510905037,2019-04-01,0.0,-0.013513354257711052,-4.0,3,-5790.70000000007,626197.8,1046343.4,1052162.1,0.0,0,0.046343400000000035
408107.1,98.0,-0.0031397913916215714,2019-04-02,0.0,-0.016610716535962355,30.0,4,-3217.3000000000466,634951.0,1043058.1,1046343.4,0.0,0,0.04305809999999988
408380.6,22.0,0.004842395644116149,2019-04-03,0.0,-0.011848756553245687,-1.4999999999999858,4,5074.400000000023,639728.4,1048109.0,1043058.1,0.0,0,0.04810899999999996
408766.4,23.0,0.0030346080417209542,2019-04-08,0.0,-0.008850104843445616,0.0,4,3203.5999999999767,642523.2,1051289.6,1048109.0,0.0,0,0.051289600000000046
408920.0,21.0,-0.005029822420006824,2019-04-09,0.0,-0.013835412807691405,-1.1999999999999957,3,-5265.599999999977,637081.8,1046001.8,1051289.6,0.0,0,0.04600179999999998
408920.0,0.0,-0.0029204538653757606,2019-04-10,0.0,-0.01671546098825394,0.0,3,-3054.8000000000466,634027.0,1042947.0,1046001.8,0.0,0,0.04294700000000007
408920.0,0.0,-0.0019044112500442578,2019-04-11,0.0,-0.018588039126342548,0.0,3,-1986.1999999999534,632040.8,1040960.8,1042947.0,0.0,0,0.04096080000000013
408920.0,0.0,-0.00876257780312184,2019-04-12,0.0,-0.027187737790412392,0.0,3,-9121.5,622919.3,1031839.3,1040960.8,0.0,0,0.031839300000000126
408920.0,0.0,0.0033569180782317964,2019-04-15,0.0,-0.02392208672067553,0.0,3,3463.79999999993,626383.1,1035303.1,1031839.3,0.0,0,0.03530309999999992
408920.0,0.0,0.015800493594581022,2019-04-16,0.0,-0.008499573904093505,0.0,3,16358.300000000047,642741.4,1051661.4,1035303.1,0.0,0,0.05166139999999997
408920.0,0.0,-0.007856045681623347,2019-04-17,0.0,-0.016288846544851965,0.0,3,-8261.900000000023,634479.5,1043399.5,1051661.4,0.0,0,0.043399500000000035
408920.0,0.0,-0.021287819286859855,2019-04-18,0.0,-0.037229911810073624,0.0,3,-22211.699999999953,612267.8,1021187.8,1043399.5,0.0,0,0.02118780000000009
408920.0,0.0,0.008819337637993696,2019-04-19,0.0,-0.028738917334565683,0.0,3,9006.199999999953,621274.0,1030194.0,1021187.8,0.0,0,0.030194000000000054
408920.0,0.0,0.0014493386682508103,2019-04-22,0.0,-0.027331231090491515,0.0,3,1493.0999999999767,622767.1,1031687.1,1030194.0,0.0,0,0.03168710000000008
408920.0,0.0,-0.004921259556313062,2019-04-23,0.0,-0.03211798656461473,0.0,3,-5077.199999999953,617689.9,1026609.9,1031687.1,0.0,0,0.026609899999999964
408920.0,0.0,-0.010163646386032288,2019-04-24,0.0,-0.041955197092573004,0.0,3,-10434.099999999977,607255.8,1016175.8,1026609.9,0.0,0,0.016175800000000073
615201.1,1877.0,0.002771075634747433,2019-04-25,0.0,-0.03930038248223988,-2800.0000000000114,3,7492.899999999907,403790.6,1018991.7,1016175.8,0.0,0,0.018991699999999945
615284.1,21.0,-0.000687542400983232,2019-04-26,0.0,-0.039960904203891756,0.0,3,-679.5999999999767,403007.0,1018291.1,1018991.7,0.0,0,0.018291099999999894
615414.3,21.0,-0.009515844732414847,2019-04-29,0.0,-0.049096487176535364,0.30000000000000426,3,-9669.200000000012,393186.9,1008601.2000000001,1018291.1,0.0,0,0.008601199999999976
615857.4,24.0,0.005803483081320948,2019-04-30,0.0,-0.04357793472789573,-3.599999999999987,3,5881.0,398597.2,1014454.6000000001,1008601.2000000001,0.0,0,0.014454600000000095
616506.1,26.0,0.00933388246255662,2019-05-02,0.0,-0.03465080358605033,-5.1999999999999815,3,9500.0,407417.3,1023923.3999999999,1014454.6000000001,0.0,0,0.023923399999999928
616539.1,21.0,-0.0028413258257403706,2019-05-03,0.0,-0.03739367518867909,0.0,2,-2888.2999999999884,404475.0,1021014.1,1023923.3999999999,0.0,0,0.021014099999999925
397171.6,1308.0,-0.016466961621783627,2019-05-06,0.0,-0.05324487659623334,-4000.0,3,-11505.0,607029.5,1004201.1,1021014.1,0.0,0,0.004201099999999958
397171.6,0.0,-0.0028450476702326366,2019-05-07,0.0,-0.055938440054354,0.0,3,-2857.0,604172.5,1001344.1,1004201.1,0.0,0,0.0013441000000000702
397171.6,0.0,-0.020988289639894964,2019-05-08,0.0,-0.07575267751238435,0.0,3,-21016.5,583156.0,980327.6,1001344.1,0.0,0,-0.019672400000000034
397171.6,0.0,-0.02987776739122716,2019-05-09,0.0,-0.10336712402563386,0.0,3,-29290.0,553866.0,951037.6,980327.6,0.0,0,-0.04896240000000007
397171.6,0.0,-0.002105594983836556,2019-05-10,0.0,-0.10525506971162846,0.0,3,-2002.5,551863.5,949035.1,951037.6,0.0,0,-0.05096489999999998
397171.6,0.0,-0.028606950364638783,2019-05-13,0.0,-0.13085099352140006,0.0,3,-27149.0,524714.5,921886.1,949035.1,0.0,0,-0.07811390000000007
397171.6,0.0,0.014487689965170247,2019-05-14,0.0,-0.11825903218200229,0.0,3,13356.0,538070.5,935242.1,921886.1,0.0,0,-0.06475790000000003
397171.6,0.0,0.04258362620758849,2019-05-15,0.0,-0.08071130439652341,0.0,3,39826.0,577896.5,975068.1,935242.1,0.0,0,-0.024931900000000007
397171.6,0.0,-0.030042517030348992,2019-05-16,0.0,-0.10832905068999821,0.0,3,-29293.5,548603.0,945774.6,975068.1,0.0,0,-0.05422539999999998
397171.6,0.0,-0.030171882391428206,2019-05-17,0.0,-0.13523244170443272,0.0,3,-28535.800000000047,520067.19999999995,917238.7999999999,945774.6,0.0,0,-0.08276120000000009
580196.2,1677.0,-0.0006133626270498072,2019-05-20,0.0,-0.13576285780577624,-1891.799999999977,2,3006.20000000007,336480.0,916676.2,917238.7999999999,0.0,0,-0.08332380000000006
313261.6,1670.0,0.011481044233503601,2019-05-21,0.0,-0.12584051294800758,738.3999999999605,3,11456.0,613939.0,927200.6,916676.2,0.0,0,-0.07279940000000007
314292.6,28.0,-0.004402499308132413,2019-05-22,0.0,-0.12968899948495138,4.5,2,-4058.5,608826.0,923118.6,927200.6,0.0,0,-0.07688139999999999
314292.6,0.0,-0.014082697499541275,2019-05-23,0.0,-0.14194532603572796,0.0,2,-13000.0,595826.0,910118.6,923118.6,0.0,0,-0.0898814
314292.6,0.0,-0.0007133136274766194,2019-05-24,0.0,-0.14255738812778662,0.0,2,-649.1999999999534,595176.8,909469.4,910118.6,0.0,0,-0.09053060000000002
314292.6,0.0,-0.007462922886685375,2019-05-27,0.0,-0.14895641621994715,0.0,2,-6787.300000000047,588389.5,902682.1,909469.4,0.0,0,-0.09731790000000007
314292.6,0.0,0.018514491425054347,2019-05-28,0.0,-0.13319977708570385,0.0,2,16712.699999999953,605102.2,919394.7999999999,902682.1,0.0,0,-0.08060520000000004
314292.6,0.0,-0.014914920119191377,2019-05-29,0.0,-0.14612803316976797,0.0,2,-13712.699999999953,591389.5,905682.1,919394.7999999999,0.0,0,-0.09431790000000007
314292.6,0.0,0.012767725010795816,2019-05-30,0.0,-0.13522603070285222,0.0,2,11563.5,602953.0,917245.6,905682.1,0.0,0,-0.0827544
314292.6,0.0,0.010263663298030634,2019-05-31,0.0,-0.12635028185308483,0.0,2,9414.300000000047,612367.3,926659.9,917245.6,0.0,0,-0.07334010000000002
76313.9,1420.0,-0.00869207785941739,2019-06-03,0.0,-0.13394411322507593,152.6999999999917,3,-6787.300000000047,842291.4,918605.3,926659.9,0.0,0,-0.08139469999999993
76313.9,0.0,-0.0009571031214385961,2019-06-04,0.0,-0.13477301801764852,0.0,3,-879.2000000000698,841412.2,917726.1,918605.3,0.0,0,-0.08227390000000001
76313.9,0.0,0.004724067453241387,2019-06-05,0.0,-0.13068562739239942,0.0,3,4335.40000000014,845747.6000000001,922061.5000000001,917726.1,0.0,0,-0.07793849999999991
76313.9,0.0,0.0020928105120969764,2019-06-06,0.0,-0.12886631713508923,0.0,3,1929.6999999999534,847677.3,923991.2000000001,922061.5000000001,0.0,0,-0.07600879999999988
396430.9,2883.0,0.01776304795976391,2019-06-10,0.0,-0.11339232774699393,-2000.0000000000284,2,21295.900000000023,543973.2,940404.1,923991.2000000001,0.0,0,-0.059595900000000035
396430.9,0.0,-0.01362116562443727,2019-06-11,0.0,-0.12546895769464894,0.0,2,-12809.399999999907,531163.8,927594.7000000001,940404.1,0.0,0,-0.0724052999999999
396430.9,0.0,-0.004399335183782327,2019-06-12,0.0,-0.12931631287837275,0.0,2,-4080.8000000000466,527083.0,923513.9,927594.7000000001,0.0,0,-0.0764861
396430.9,0.0,0.002431365678415842,2019-06-13,0.0,-0.1271993624447486,0.0,2,2245.4000000000233,529328.4,925759.3,923513.9,0.0,0,-0.07424069999999994
132511.9,1571.0,-0.0039143004018431515,2019-06-14,0.0,-0.1306157663310601,-1750.0,3,-302.70000000006985,789623.7,922135.6,925759.3,0.0,0,-0.07786440000000006
132511.9,0.0,0.004960984046164185,2019-06-17,0.0,-0.12630276501784188,0.0,3,4574.70000000007,794198.4,926710.3,922135.6,0.0,0,-0.0732896999999999
132511.9,0.0,0.005358200939387325,2019-06-18,0.0,-0.12162131967262024,0.0,3,4965.5,799163.9,931675.8,926710.3,0.0,0,-0.06832419999999995
132511.9,0.0,0.003166981475745123,2019-06-19,0.0,-0.11883951066333398,0.0,3,2950.5999999999767,802114.5,934626.4,931675.8,0.0,0,-0.06537360000000003
132511.9,0.0,-0.002701293265415905,2019-06-20,0.0,-0.12121978355892982,0.0,3,-2524.6999999999534,799589.8,932101.7000000001,934626.4,0.0,0,-0.06789829999999997
132511.9,0.0,-0.004587696814628783,2019-06-21,0.0,-0.12525136075865528,0.0,3,-4276.20000000007,795313.6,927825.5,932101.7000000001,0.0,0,-0.07217450000000003
132511.9,0.0,0.010494430256551501,2019-06-24,0.0,-0.11607137217212371,0.0,3,9737.0,805050.6,937562.5,927825.5,0.0,0,-0.062437500000000035
132511.9,0.0,-0.0037868408772748774,2019-06-25,0.0,-0.11941866923257571,0.0,3,-3550.4000000000233,801500.2,934012.1,937562.5,0.0,0,-0.06598789999999999
132511.9,0.0,-0.008793462097546612,2019-06-26,0.0,-0.1271620277884863,0.0,3,-8213.199999999953,793287.0,925798.9,934012.1,0.0,0,-0.07420110000000002
132511.9,0.0,-0.00031939981782214133,2019-06-27,0.0,-0.1274408120777989,0.0,3,-295.69999999995343,792991.3,925503.2000000001,925798.9,0.0,0,-0.07449679999999992
132511.9,0.0,0.008433358199085639,2019-06-28,0.0,-0.12008220789614776,0.0,3,7805.099999999977,800796.4,933308.3,925503.2000000001,0.0,0,-0.06669169999999991
132511.9,0.0,0.000864558902990531,2019-07-01,0.0,-0.11932146713508451,0.0,3,806.9000000000233,801603.3,934115.2000000001,933308.3,0.0,0,-0.06588479999999997
132511.9,0.0,0.00792568197155985,2019-07-02,0.0,-0.11234148916441733,0.0,3,7403.5,809006.8,941518.7000000001,934115.2000000001,0.0,0,-0.05848129999999996
132511.9,0.0,0.002380409438495379,2019-07-03,0.0,-0.11022849846706351,0.0,3,2241.1999999999534,811248.0,943759.9,941518.7000000001,0.0,0,-0.056240100000000015
132511.9,0.0,0.01944392848223364,2019-07-04,0.0,-0.09292784502572737,0.0,3,18350.400000000023,829598.4,962110.3,943759.9,0.0,0,-0.037889699999999915
132511.9,0.0,0.012231757626958162,2019-07-05,0.0,-0.08183275827591951,0.0,3,11768.29999999993,841366.7,973878.6,962110.3,0.0,0,-0.026121400000000072
132511.9,0.0,0.010115418903341888,2019-07-08,5362.49,-0.07254511200255453,0.0,3,4488.700000000061,818153.4,983729.79,973878.6,33064.49,0,-0.01627020999999995
132511.9,0.0,-0.003812225712916617,2019-07-09,0.0,-0.07608077937414859,0.0,3,-3750.20000000007,814503.2,979979.59,983729.79,32964.49,0,-0.02002040999999999
132511.9,0.0,0.0038887544586516665,2019-07-10,0.0,-0.07248788438550591,0.0,3,3810.9000000000233,817964.1,983790.49,979979.59,33314.49,0,-0.016209510000000038
132511.9,0.0,-0.01529695616390847,2019-07-11,0.0,-0.08667599655955482,0.0,3,-15049.0,804215.1,968741.49,983790.49,32014.489999999998,0,-0.03125851000000002
132511.9,0.0,-0.0026142165130141892,2019-07-12,0.0,-0.08906362325108108,0.0,3,-2532.5,802082.6,966208.99,968741.49,31614.489999999998,0,-0.033791009999999955
132511.9,0.0,-0.007859479759135812,2019-07-15,0.0,-0.09622310926599975,0.0,3,-7593.900000000023,795288.7,958615.09,966208.99,30814.489999999998,0,-0.04138491
132511.9,0.0,-0.0019405598966732995,2019-07-16,11351.25,-0.09797694245569821,0.0,3,-13211.499999999884,782077.2000000001,956754.8400000001,958615.09,42165.74,0,-0.043245159999999894
132511.9,0.0,0.0029090001781437724,2019-07-17,0.0,-0.09535295722061199,0.0,3,2783.1999999999534,784810.4,959538.04,956754.8400000001,42215.74,0,-0.04046195999999991
132511.9,0.0,-0.008799130048038561,2019-07-18,0.0,-0.10331306419760133,0.0,3,-8443.099999999977,777117.3,951094.9400000001,959538.04,41465.74,0,-0.048905059999999945
132511.9,0.0,0.003408282247826966,2019-07-19,0.0,-0.10025690203244775,0.0,3,3241.5999999999767,780358.9,954336.54,951094.9400000001,41465.74,0,-0.04566345999999999
132511.9,0.0,-0.012256682532558183,2019-07-22,0.0,-0.11128476754509642,0.0,3,-11697.0,769711.9,942639.54,954336.54,40415.74,0,-0.057360459999999946
132511.9,0.0,-0.0031381030335306814,2019-07-23,0.0,-0.11407364751200799,0.0,3,-2958.0999999999767,766753.8,939681.4400000001,942639.54,40415.74,0,-0.06031855999999991
132511.9,0.0,0.02066189580162403,2019-07-24,0.0,-0.0957687295289884,0.0,3,19415.599999999977,784519.4,959097.04,939681.4400000001,42065.74,0,-0.04090295999999993
132511.9,0.0,-0.0013671192228891238,2019-07-25,0.0,-0.09700492148078677,0.0,3,-1311.2000000000698,783508.2,957785.84,959097.04,41765.74,0,-0.04221416
132511.9,0.0,-0.00830425724397843,2019-07-26,0.0,-0.1045036249028568,0.0,3,-7953.699999999953,776204.5,949832.14,957785.84,41115.74,0,-0.05016785999999995
132511.9,0.0,-0.005328731032411715,2019-07-29,0.0,-0.10927548422624911,0.0,3,-5061.400000000023,771543.1,944770.74,949832.14,40715.74,0,-0.05522926000000006
132511.9,0.0,-0.005306049169134908,2019-07-30,0.0,-0.11400171230309852,0.0,3,-5013.0,766980.1,939757.74,944770.74,40265.74,0,-0.06024225999999999
137874.39,0.0,-0.007600256636353997,2019-07-31,0.0,-0.12073552666896514,0.0,3,-7142.400000000014,760387.7,932615.34,939757.74,34353.25,0,-0.06738465999999999
137874.39,0.0,0.00036906963164473616,2019-08-01,0.0,-0.12041101685367461,0.0,3,344.20000000006985,760481.9,932959.54,932615.34,34603.25,0,-0.06704045999999997
137874.39,0.0,-0.016364482429752525,2019-08-02,0.0,-0.13480503531377652,0.0,3,-15267.400000000023,745964.5,917692.14,932959.54,33853.25,0,-0.08230786000000001
137874.39,0.0,-0.007847185004766444,2019-08-05,0.0,-0.14159438026686166,0.0,3,-7201.300000000047,739363.2,910490.84,917692.14,33253.25,0,-0.08950916000000009
137874.39,0.0,-0.0017244544711728649,2019-08-06,9122.0,-0.14307466167589045,0.0,3,-10692.099999999977,722971.1,908920.74,910490.84,48075.25,0,-0.09107926
149225.64,0.0,0.01273675414206088,2019-08-07,0.0,-0.13216021432355396,0.0,3,11576.70000000007,733719.3,920497.4400000001,908920.74,37552.49999999999,0,-0.07950255999999989
149225.64,0.0,0.009444512958123985,2019-08-08,0.0,-0.12396389022215726,0.0,3,8693.649999999907,741527.2,929191.09,920497.4400000001,38438.24999999999,0,-0.07080891
149225.64,0.0,0.002449872824329402,2019-08-12,0.0,-0.12181771316368128,0.0,3,2276.4000000000233,743653.6,931467.49,929191.09,38588.24999999999,0,-0.06853251000000005
149225.64,0.0,-0.007175773788948847,2019-08-13,0.0,-0.12811935059948043,0.0,3,-6684.0,737569.6,924783.49,931467.49,37988.24999999999,0,-0.07521650999999996
149225.64,0.0,-0.002881431198560769,2019-08-14,0.0,-0.13063161470408458,0.0,3,-2664.6999999999534,734933.4,922118.79,924783.49,37959.74999999999,0,-0.07788120999999992
149225.64,0.0,-0.010544519974481914,2019-08-15,0.0,-0.13979868700802045,0.0,3,-9723.300000000047,726110.1,912395.49,922118.79,37059.74999999999,0,-0.08760451000000002
149225.64,0.0,-0.0002379450604255151,2019-08-16,0.0,-0.1400033676614184,0.0,3,-217.09999999997672,726014.5,912178.39,912395.49,36938.24999999999,0,-0.08782161
149225.64,0.0,0.004595318246905622,2019-08-19,0.0,-0.13605140944455552,0.0,3,4191.75,730085.0,916370.14,912178.39,37059.49999999999,0,-0.08362985999999994
433322.84,2576.0,0.009792931489452483,2019-08-20,0.0,-0.12759082008683686,1391.2000000000198,3,10158.75,454026.0,925344.0900000001,916370.14,37995.24999999999,0,-0.07465590999999994
435603.09,37.0,0.004177148848489409,2019-08-21,0.0,-0.12394663708555109,0.0,3,3902.2999999999884,455339.55,929209.39,925344.0900000001,38266.74999999999,0,-0.07079060999999998
436597.64,28.0,-0.0023138487655619544,2019-08-22,0.0,-0.1259736920778971,-7.6499999999999275,2,-2114.399999999965,452480.69999999995,927059.34,929209.39,37980.99999999999,0,-0.07294065999999999
176995.64,1544.0,-0.005054369011588733,2019-08-23,0.0,-0.13039134356397186,1617.0000000000343,3,-4758.699999999953,707797.0,922373.64,927059.34,37580.99999999999,0,-0.07762636
176995.64,0.0,-0.0004209248651121378,2019-08-26,0.0,-0.13075738347038257,0.0,3,-388.25,707401.5,921985.39,922373.64,37588.24999999999,0,-0.07801460999999998
176995.64,0.0,-0.0015472045603672768,2019-08-27,0.0,-0.13210227961074283,0.0,3,-1426.5,706296.5,920558.89,921985.39,37266.74999999999,0,-0.07944110999999998
176995.64,0.0,0.0006421642400302741,2019-08-28,0.0,-0.13154494673070494,0.0,3,591.1500000000233,706901.9,921150.04,920558.89,37252.49999999999,0,-0.07884996
176995.64,0.0,0.0004862400049399085,2019-08-29,0.0,-0.1311226691413132,0.0,3,447.9000000000233,707499.8,921597.9400000001,921150.04,37102.49999999999,0,-0.07840205999999994
176997.64,0.0,0.007475168618541028,2019-08-30,0.0,-0.12462766458431673,0.0,3,6889.099999999977,736610.4,928487.04,921597.9400000001,14879.0,0,-0.07151295999999996
394821.84,1981.0,0.009562599818302209,2019-09-02,0.0,-0.11625682924872383,-600.0000000000085,3,11459.75,527650.7,937365.79,928487.04,14893.25,0,-0.06263420999999991
395957.64,29.0,0.0019326500063545637,2019-09-03,0.0,-0.11454886300415568,3.2000000000000455,2,1837.4000000000233,528383.5,939177.39,937365.79,14836.25,0,-0.06082261
144442.24,1494.0,0.00026363496676595766,2019-09-04,0.0,-0.11431542712308096,1964.6000000000172,3,-223.0,780118.0,939424.99,939177.39,14864.75,0,-0.060575009999999985
144442.24,0.0,-0.0001969821986532727,2019-09-05,0.0,-0.11448989121755948,0.0,3,-185.05000000004657,779918.7,939239.94,939424.99,14879.0,0,-0.060760060000000005
159285.74,64.0,0.005743580282584704,2019-09-06,0.0,-0.10940389281672724,0.0,3,5458.600000000093,785348.8,944634.54,939239.94,0.0,0,-0.05536545999999998
159285.74,0.0,-0.008171731683662586,2019-09-09,0.0,-0.1166816052431433,0.0,3,-7719.300000000047,777629.5,936915.24,944634.54,0.0,0,-0.06308475999999996
159285.74,0.0,0.0009167318059635221,2019-09-10,0.0,-0.11587183917587696,0.0,3,858.9000000000233,778488.4,937774.14,936915.24,0.0,0,-0.062225859999999966
159285.74,0.0,-0.005552403055174904,2019-09-11,0.0,-0.12078087507720303,0.0,3,-5206.900000000023,773281.5,932567.24,937774.14,0.0,0,-0.06743275999999998
393618.74,2121.0,0.0024999805912118145,2019-09-12,0.0,-0.11858284432947375,1500.0,3,2952.4000000000233,541279.9,934898.64,932567.24,0.0,0,-0.06510136
399668.24,66.0,0.0002823835533658503,2019-09-16,0.0,-0.118333946621058,27.0,3,303.0,535494.4,935162.64,934898.64,0.0,0,-0.06483735999999996
405915.24,67.0,-0.0010632375134234096,2019-09-17,0.0,-0.11927136704332242,0.0,3,-927.3000000000466,528253.1,934168.34,935162.64,0.0,0,-0.06583166000000007
413411.74,77.0,0.0036696812054237693,2019-09-18,0.0,-0.11603937373188267,0.0,2,3505.0999999999767,524184.7,937596.44,934168.34,0.0,0,-0.062403560000000025
127453.94,1699.0,-0.00018675412206115016,2019-09-19,0.0,-0.11620445702257798,-630.7999999999628,3,2154.7000000000116,809967.4,937421.3400000001,937596.44,0.0,0,-0.0625786599999999
127453.94,0.0,0.0028183698058332762,2019-09-20,0.0,-0.11371359434972039,0.0,3,2641.9999999998836,812609.3999999999,940063.3399999999,937421.3400000001,0.0,0,-0.0599366600000002
127453.94,0.0,0.0018426417947541296,2019-09-23,0.0,-0.11208048597654674,0.0,3,1732.2000000001863,814341.6000000001,941795.54,940063.3399999999,0.0,0,-0.05820446000000001
127453.94,0.0,-0.0023184437675294323,2019-09-24,0.0,-0.11413907743990226,0.0,3,-2183.5,812158.1000000001,939612.04,941795.54,0.0,0,-0.06038795999999991
127453.94,0.0,0.006296322043723324,2019-09-25,0.0,-0.10856141178551393,0.0,3,5916.09999999986,818074.2,945528.1399999999,939612.04,0.0,0,-0.05447186000000015
127453.94,0.0,0.0004163810502775256,2019-09-26,0.0,-0.10819023364989533,0.0,3,393.70000000006985,818467.9,945921.8400000001,945528.1399999999,0.0,0,-0.054078159999999875
127453.94,0.0,-0.0023958639119697756,2019-09-27,0.0,-0.1103268884854357,0.0,3,-2266.29999999993,816201.6000000001,943655.54,945921.8400000001,0.0,0,-0.05634445999999993
127453.94,0.0,0.00454572650524554,2019-10-01,0.0,-0.10628267784141965,0.0,3,4289.59999999986,820491.2,947945.1399999999,943655.54,0.0,0,-0.05205486000000015
127453.94,0.0,0.0004305101453445648,2019-10-02,0.0,-0.1058979234671601,0.0,3,408.10000000009313,820899.3,948353.24,947945.1399999999,0.0,0,-0.051646760000000014
127453.94,0.0,-0.009507111506256938,2019-10-03,0.0,-0.11439825160673378,0.0,3,-9016.100000000093,811883.2,939337.1399999999,948353.24,0.0,0,-0.060662860000000096
127453.94,0.0,0.002599918491458686,2019-10-04,0.0,-0.11209575924501791,0.0,3,2442.1999999999534,814325.3999999999,941779.3399999999,939337.1399999999,0.0,0,-0.058220660000000146
127453.94,0.0,-0.0013491483047396446,2019-10-07,0.0,-0.1132936737462037,0.0,3,-1270.5999999998603,813054.8,940508.74,941779.3399999999,0.0,0,-0.059491260000000046
127453.94,0.0,-0.003442923879686699,2019-10-08,0.0,-0.11634653613113222,0.0,3,-3238.100000000093,809816.7,937270.6399999999,940508.74,0.0,0,-0.06272936000000007
127453.94,0.0,-0.0017257555405768565,2019-10-09,0.0,-0.11787150599235385,0.0,3,-1617.5,808199.2,935653.1399999999,937270.6399999999,0.0,0,-0.06434686000000012
127453.94,0.0,0.011034537863037652,2019-10-14,0.0,-0.10813762572516217,0.0,3,10324.5,818523.7,945977.6399999999,935653.1399999999,0.0,0,-0.05402236000000005
127453.94,0.0,0.0022530130839033546,2019-10-15,0.0,-0.10612824812687982,0.0,3,2131.3000000000466,820655.0,948108.94,945977.6399999999,0.0,0,-0.0518910600000001
127453.94,0.0,0.008699949607056778,2019-10-16,0.0,-0.09835160893041206,0.0,3,8248.5,828903.5,956357.44,948108.94,0.0,0,-0.04364256000000011
127453.94,0.0,0.0032057051806906323,2019-10-17,0.0,-0.09546119001199893,0.0,3,3065.8000000000466,831969.3,959423.24,956357.44,0.0,0,-0.04057675999999999
127453.94,0.0,0.0021745356095397295,2019-10-18,0.0,-0.09349423815946922,0.0,3,2086.3000000000466,834055.6000000001,961509.54,959423.24,0.0,0,-0.038490460000000004
127453.94,0.0,-0.0015923918966005424,2019-10-21,0.0,-0.09493775058884579,0.0,3,-1531.1000000000931,832524.5,959978.44,961509.54,0.0,0,-0.04002156000000001
127453.94,0.0,-0.0040395698886736,2019-10-22,0.0,-0.0985938127989423,0.0,3,-3877.899999999907,828646.6000000001,956100.54,959978.44,0.0,0,-0.04389946
127453.94,0.0,-0.0003251750072227333,2019-10-23,0.0,-0.09888692756237605,0.0,3,-310.9000000001397,828335.7,955789.6399999999,956100.54,0.0,0,-0.044210360000000115
127453.94,0.0,0.004591596117321517,2019-10-24,0.0,-0.09474938027770385,0.0,3,4388.600000000093,832724.3,960178.24,955789.6399999999,0.0,0,-0.03982176000000004
127453.94,0.0,-0.003048600643147159,2019-10-25,0.0,-0.09750912789919863,0.0,3,-2927.1999999999534,829797.1000000001,957251.04,960178.24,0.0,0,-0.04274895999999995
127453.94,0.0,-0.0009493852312765227,2019-10-28,0.0,-0.09836593940453298,0.0,3,-908.8000000000466,828888.3,956342.24,957251.04,0.0,0,-0.04365775999999999
127453.94,0.0,-0.00136196012841594,2019-10-29,0.0,-0.0995939290454857,0.0,3,-1302.5,827585.8,955039.74,956342.24,0.0,0,-0.044960259999999974
127453.94,0.0,0.01092174447107297,2019-10-30,0.0,-0.08975992401831778,0.0,3,10430.699999999953,838016.5,965470.44,955039.74,0.0,0,-0.03452956000000007
127453.94,0.0,0.0012480962130752005,2019-10-31,0.0,-0.08862385682649576,0.0,3,1205.0,839221.5,966675.44,965470.44,0.0,0,-0.03332456000000006
127453.94,0.0,-0.00469630220459516,2019-11-01,0.0,-0.09290395461689693,0.0,3,-4539.800000000047,834681.7,962135.6399999999,966675.44,0.0,0,-0.03786436000000015
127453.94,0.0,-0.0005938871571163906,2019-11-04,0.0,-0.09344266730852102,0.0,3,-571.3999999999069,834110.3,961564.24,962135.6399999999,0.0,0,-0.03843576000000004
127453.94,0.0,-0.0027419904883319024,2019-11-05,0.0,-0.09592843889188862,0.0,3,-2636.600000000093,831473.7,958927.6399999999,961564.24,0.0,0,-0.04107236000000014
127453.94,0.0,0.006866732926793295,2019-11-06,0.0,-0.08972042093505017,0.0,3,6584.70000000007,838058.4,965512.3400000001,958927.6399999999,0.0,0,-0.03448765999999992
127453.94,0.0,-0.008186223699637174,2019-11-07,0.0,-0.09717217319848737,0.0,3,-7903.900000000023,830154.5,957608.44,965512.3400000001,0.0,0,-0.042391560000000106
127453.94,0.0,0.0018727905113282706,2019-11-08,0.0,-0.09548136581109035,0.0,3,1793.3999999999069,831947.8999999999,959401.8399999999,957608.44,0.0,0,-0.04059816000000016
127453.94,0.0,-0.017525294719050954,2019-11-11,0.0,-0.11133332145412445,0.0,3,-16813.79999999993,815134.1,942588.04,959401.8399999999,0.0,0,-0.05741195999999993
127453.94,0.0,-0.018565798904047304,2019-11-12,0.0,-0.12783212830073487,0.0,3,-17499.900000000023,797634.2,925088.1399999999,942588.04,0.0,0,-0.07491186000000005
127453.94,0.0,-0.0020164565075927454,2019-11-13,0.0,-0.12959081688133622,0.0,3,-1865.3999999999069,795768.8,923222.74,925088.1399999999,0.0,0,-0.07677725999999996
127453.94,0.0,-0.007835053976248507,2019-11-14,0.0,-0.1364105198124933,0.0,3,-7233.5,788535.3,915989.24,923222.74,0.0,0,-0.08401075999999996
127453.94,0.0,-0.0002863570755482492,2019-11-15,0.0,-0.13665781477051397,0.0,3,-262.30000000004657,788273.0,915726.94,915989.24,0.0,0,-0.08427306000000001
127453.94,0.0,0.0025515248027976334,2019-11-18,0.0,-0.13445497577159937,0.0,3,2336.5,790609.5,918063.44,915726.94,0.0,0,-0.08193656000000005
127453.94,0.0,0.0021201149236484973,2019-11-19,0.0,-0.13261992084864305,0.0,3,1946.4000000000233,792555.9,920009.8400000001,918063.44,0.0,0,-0.07999015999999992
127453.94,0.0,-0.0005604287884574122,2019-11-20,0.0,-0.13310602561553386,0.0,3,-515.5999999999767,792040.3,919494.24,920009.8400000001,0.0,0,-0.08050575999999998
127453.94,0.0,-0.0016083841917268193,2019-11-21,0.0,-0.13450032417983715,0.0,3,-1478.9000000000233,790561.4,918015.3400000001,919494.24,0.0,0,-0.08198465999999993
127453.94,0.0,0.0008924687467639636,2019-11-22,0.0,-0.13372789276883335,0.0,3,819.2999999999302,791380.7,918834.6399999999,918015.3400000001,0.0,0,-0.08116536000000008
127453.94,0.0,-0.0006159976728783434,2019-11-25,0.0,-0.13426151437096723,0.0,3,-566.0,790814.7,918268.6399999999,918834.6399999999,0.0,0,-0.08173136000000014
380399.94,2294.0,-0.0032760565579151857,2019-11-26,0.0,-0.13709772261425168,1210.4999999999745,3,-1924.8000000000466,534860.4,915260.3400000001,918268.6399999999,0.0,0,-0.08473965999999988
382046.94,33.0,-0.0010367541982646555,2019-11-27,0.0,-0.13799234017302353,0.0,2,-915.9000000000233,532264.5,914311.44,915260.3400000001,0.0,0,-0.08568856000000002
382046.94,0.0,0.0021150342382241227,2019-11-28,0.0,-0.13616916445887794,0.0,2,1933.8000000000466,534198.3,916245.24,914311.44,0.0,0,-0.08375476000000004
382046.94,0.0,-0.0010552851548785158,2019-11-29,0.0,-0.13708075231595085,0.0,2,-966.9000000001397,533231.3999999999,915278.3399999999,916245.24,0.0,0,-0.08472166000000014
382046.94,0.0,-0.0023993794062687757,2019-12-02,0.0,-0.13915122298811688,0.0,2,-2196.0999999998603,531035.3,913082.24,915278.3399999999,0.0,0,-0.08691775999999996
382046.94,0.0,-0.0010096571366888796,2019-12-03,0.0,-0.14002038509943693,0.0,2,-921.9000000000233,530113.4,912160.3400000001,913082.24,0.0,0,-0.08783965999999988
382046.94,0.0,-0.0013969035312367817,2019-12-04,0.0,-0.14122169366028314,0.0,2,-1274.2000000000698,528839.2,910886.1399999999,912160.3400000001,0.0,0,-0.0891138600000001
382046.94,0.0,0.005348418189786042,2019-12-05,0.0,-0.13662858814566214,0.0,2,4871.800000000047,533711.0,915757.94,910886.1399999999,0.0,0,-0.08424206000000001
608603.14,2057.0,-0.003479412911232771,2019-12-06,0.0,-0.13963261378325742,452.2000000000169,2,-1581.5,303968.5,912571.64,915757.94,0.0,0,-0.08742835999999998
609696.14,29.0,0.0006479491297801676,2019-12-09,0.0,-0.13907513948406702,1.4999999999999147,2,618.8000000000466,303466.80000000005,913162.9400000001,912571.64,0.0,0,-0.08683705999999991
610720.94,28.0,-0.0021803337748246276,2019-12-10,0.0,-0.14095224303503606,1.4000000000001194,2,-1964.4000000000815,300451.0,911171.94,913162.9400000001,0.0,0,-0.0888280600000001
611816.94,29.0,-0.002207486766987121,2019-12-11,0.0,-0.14284857959074626,3.0000000000000426,2,-1985.4000000000233,297343.6,909160.5399999999,911171.94,0.0,0,-0.0908394600000001
612317.24,24.0,0.0014253808243811505,2019-12-12,0.0,-0.14162681239250374,0.7000000000000597,1,1319.2000000000116,298139.2,910456.44,909160.5399999999,0.0,0,-0.08954356000000008
400446.74,1261.0,-0.009523355120646837,2019-12-13,0.0,-0.14980140508413153,-6750.0,2,-659.5999999999767,501339.10000000003,901785.8400000001,910456.44,0.0,0,-0.09821415999999994
400446.74,0.0,0.0034165539791575217,2019-12-16,0.0,-0.1468966556915975,0.0,2,3081.0,504420.10000000003,904866.8400000001,901785.8400000001,0.0,0,-0.09513315999999994
400446.74,0.0,0.0027543279185695546,2019-12-17,0.0,-0.14454692933294377,0.0,2,2492.29999999993,506912.39999999997,907359.1399999999,904866.8400000001,0.0,0,-0.09264086000000005
400446.74,0.0,0.0012099949750878913,2019-12-18,0.0,-0.1435118354160131,0.0,2,1097.9000000000233,508010.3,908457.04,907359.1399999999,0.0,0,-0.09154295999999995
400446.74,0.0,-0.0016957323595621077,2019-12-19,0.0,-0.1449642101122801,0.0,2,-1540.5,506469.8,906916.54,908457.04,0.0,0,-0.09308346
427185.64,4307.0,0.0034916112567535684,2019-12-20,0.0,-0.14197875752338096,3290.4000000000183,2,4183.200000000012,482897.5,910083.14,906916.54,0.0,0,-0.08991685999999999
427185.64,0.0,0.011889573077905835,2019-12-23,0.0,-0.13177725125855966,0.0,2,10820.5,493718.0,920903.64,910083.14,0.0,0,-0.07909635999999998
427185.64,0.0,0.010117236587315448,2019-12-24,0.0,-0.12299323629905323,0.0,2,9317.0,503035.0,930220.64,920903.64,0.0,0,-0.06977935999999996
427185.64,0.0,0.02452751424651245,2019-12-25,0.0,-0.1014824404080904,0.0,2,22816.0,525851.0,953036.64,930220.64,0.0,0,-0.04696336000000001
427185.64,0.0,0.01308501633263548,2019-12-26,0.0,-0.08972532346567053,0.0,2,12470.5,538321.5,965507.14,953036.64,0.0,0,-0.03449285999999996
145184.64,1671.0,-0.004281687652770705,2019-12-27,0.0,-0.09362283530881743,-2500.0,3,37.0,816188.5,961373.14,965507.14,0.0,0,-0.03862686000000004
145184.64,0.0,0.01522977852283236,2019-12-30,0.0,-0.07981891183241785,0.0,3,14641.5,830830.0,976014.64,961373.14,0.0,0,-0.023985359999999956
145184.64,0.0,0.0018806070367960448,2019-12-31,0.0,-0.07808841280288326,0.0,3,1835.5,832665.5,977850.14,976014.64,0.0,0,-0.022149859999999966
145184.64,0.0,0.007054250664626283,2020-01-02,0.0,-0.07158501737617118,0.0,3,6898.0,839563.5,984748.14,977850.14,0.0,0,-0.015251860000000006
145184.64,0.0,0.0027392791013547413,2020-01-03,0.0,-0.0690418296168851,0.0,3,2697.5,842261.0,987445.64,984748.14,0.0,0,-0.012554359999999987
145184.64,0.0,-0.010182839026966595,2020-01-06,0.0,-0.07852162680673569,0.0,3,-10055.0,832206.0,977390.64,987445.64,0.0,0,-0.022609360000000023
145184.64,0.0,-0.037876871830898606,2020-01-07,0.0,-0.11342434504312193,0.0,3,-37020.5,795185.5,940370.14,977390.64,0.0,0,-0.059629860000000035
145184.64,0.0,0.002563884046764775,2020-01-08,0.0,-0.11115126786512797,0.0,3,2411.0,797596.5,942781.14,940370.14,0.0,0,-0.05721885999999998
145184.64,0.0,0.0014170839268168312,2020-01-09,0.0,-0.10989169461344817,0.0,3,1336.0,798932.5,944117.14,942781.14,0.0,0,-0.05588285999999998
145184.64,0.0,-0.009099506444719352,2020-01-10,0.0,-0.11799124087481128,0.0,3,-8591.0,790341.5,935526.14,944117.14,0.0,0,-0.06447386
145184.64,0.0,0.02476307075716777,2020-01-13,0.0,-0.09614999556415249,0.0,3,23166.5,813508.0,958692.64,935526.14,0.0,0,-0.041307360000000015
145184.64,0.0,0.02904737017695269,2020-01-14,0.0,-0.06989552990086423,0.0,3,27847.5,841355.5,986540.14,958692.64,0.0,0,-0.01345985999999999
145184.64,0.0,-0.02477851534758635,2020-01-15,0.0,-0.09294213778807425,0.0,3,-24445.0,816910.5,962095.14,986540.14,0.0,0,-0.03790486000000004
145184.64,0.0,0.00794100259149011,2020-01-16,0.0,-0.08573918895361798,0.0,3,7640.0,824550.5,969735.14,962095.14,0.0,0,-0.03026485999999995
145184.64,0.0,0.004959086044876049,2020-01-17,0.0,-0.08120529092418072,0.0,3,4809.0,829359.5,974544.14,969735.14,0.0,0,-0.025455859999999997
145184.64,0.0,0.004744269459154404,2020-01-20,0.0,-0.07684628124667958,0.0,3,4623.5,833983.0,979167.64,974544.14,0.0,0,-0.020832359999999994
145184.64,0.0,-0.08411583127890132,2020-01-30,0.0,-0.15449812369782423,0.0,3,-82363.5,751619.5,896804.14,979167.64,0.0,0,-0.10319586000000003
145184.64,0.0,-0.015164403679046368,2020-01-31,0.0,-0.16731965546146144,0.0,3,-13599.5,738020.0,883204.64,896804.14,0.0,0,-0.11679536000000001
364865.14,1995.0,-0.0083949966567205,2020-02-03,0.0,-0.17431000416997933,-4452.5,3,-967.0,510925.0,875790.14,883204.64,0.0,0,-0.12420986
366751.14,34.0,0.013330248271578027,2020-02-04,0.0,-0.16330335153020703,8.0,3,11700.5,520713.5,887464.64,875790.14,0.0,0,-0.11253535999999997
367565.14,26.0,-0.012856286871328226,2020-02-05,0.0,-0.17406016366721355,10.5,3,-11394.0,508490.0,876055.14,887464.64,0.0,0,-0.12394485999999993
369483.14,34.0,0.027868108849860684,2020-02-06,0.0,-0.15104278240485525,16.0,2,24432.0,530986.0,900469.14,876055.14,0.0,0,-0.09953086
369483.14,0.0,-0.011446255670682914,2020-02-07,0.0,-0.16076016377092095,0.0,2,-10307.0,520679.0,890162.14,900469.14,0.0,0,-0.10983785999999995
369483.14,0.0,-0.0023490102600858265,2020-02-10,0.0,-0.16273154675689583,0.0,2,-2091.0,518588.0,888071.14,890162.14,0.0,0,-0.11192886000000002
369483.14,0.0,0.03296019731031907,2020-02-11,0.0,-0.1351350133362974,0.0,2,29271.0,547859.0,917342.14,888071.14,0.0,0,-0.08265785999999997
369483.14,0.0,0.014234601715778616,2020-02-12,0.0,-0.12282400471321742,0.0,2,13058.0,560917.0,930400.14,917342.14,0.0,0,-0.06959985999999996
369483.14,0.0,-0.012773536341041392,2020-02-13,0.0,-0.1340286441665023,0.0,2,-11884.5,549032.5,918515.64,930400.14,0.0,0,-0.08148436000000003
369483.14,0.0,0.014416194372041335,2020-02-14,0.0,-0.12154463278018646,0.0,2,13241.5,562274.0,931757.14,918515.64,0.0,0,-0.06824286000000002
369483.14,0.0,-0.015353249667611868,2020-02-17,0.0,-0.13503177735496585,0.0,2,-14305.5,547968.5,917451.64,931757.14,0.0,0,-0.08254835999999999
369483.14,0.0,-0.00659707796696507,2020-02-18,0.0,-0.1407380401587024,0.0,2,-6052.5,541916.0,911399.14,917451.64,0.0,0,-0.08860086
369483.14,0.0,0.002575161525827152,2020-02-19,0.0,-0.13852530181911227,0.0,2,2347.0,544263.0,913746.14,911399.14,0.0,0,-0.08625386000000002
369483.14,0.0,-0.004294956583893228,2020-02-20,0.0,-0.14222529824592167,0.0,2,-3924.5,540338.5,909821.64,913746.14,0.0,0,-0.09017836000000001
109779.59,1551.0,-0.0031835360609800967,2020-02-21,0.0,-0.14495605494115216,-4500.4500000000635,3,3155.0,797145.6,906925.19,909821.64,0.0,0,-0.09307481000000006
109779.59,0.0,-0.011641312995176567,2020-02-24,0.0,-0.15490988913021275,0.0,3,-10557.79999999993,786587.8,896367.39,906925.19,0.0,0,-0.10363261000000001
109779.59,0.0,0.0022472928204135822,2020-02-25,0.0,-0.15301072419145256,0.0,3,2014.3999999999069,788602.2,898381.7899999999,896367.39,0.0,0,-0.10161821000000004
109779.59,0.0,-0.024227839702761544,2020-02-26,0.0,-0.17353144459570014,0.0,3,-21765.849999999977,766836.35,876615.94,898381.7899999999,0.0,0,-0.12338406000000002
109779.59,0.0,-0.0647428336746877,2020-02-27,0.0,-0.22703936081560006,0.0,3,-56754.59999999998,710081.75,819861.34,876615.94,0.0,0,-0.18013866
109779.59,0.0,0.013214856551230891,2020-03-02,0.0,-0.21682479684903044,0.0,3,10834.349999999977,720916.1,830695.69,819861.34,0.0,0,-0.16930431
109779.59,0.0,0.006793462477215906,2020-03-03,0.0,-0.2115043254933383,0.0,3,5643.300000000047,726559.4,836338.99,830695.69,0.0,0,-0.16366101
109779.59,0.0,0.00917821612023606,2020-03-04,0.0,-0.2042673417828449,0.0,3,7676.099999999977,734235.5,844015.09,836338.99,0.0,0,-0.15598491000000003
109779.59,0.0,0.012930515258915642,2020-03-05,0.0,-0.1939781085037504,0.0,3,10913.550000000047,745149.05,854928.64,844015.09,0.0,0,-0.14507135999999998
109779.59,0.0,-0.022432047661896104,2020-03-06,0.0,-0.212058829990326,0.0,3,-19177.800000000047,725971.25,835750.84,854928.64,0.0,0,-0.16424916
109779.59,0.0,-0.04487007156343381,2020-03-09,0.0,-0.24741380667643587,0.0,3,-37500.19999999995,688471.05,798250.64,835750.84,0.0,0,-0.20174936
109779.59,0.0,0.012347813463700952,2020-03-10,0.0,-0.23812101274591968,0.0,3,9856.649999999907,698327.7,808107.2899999999,798250.64,0.0,0,-0.19189271000000008
109779.59,0.0,-0.028991385537432635,2020-03-11,0.0,-0.26020894019827145,0.0,3,-23428.149999999907,674899.55,784679.14,808107.2899999999,0.0,0,-0.21532085999999995
109779.59,0.0,-0.06543196751732194,2020-03-12,0.0,-0.3086149247928234,0.0,3,-51343.10000000009,623556.45,733336.0399999999,784679.14,0.0,0,-0.26666396000000003
458515.59,3159.0,-0.05545895439695003,2020-03-13,0.0,-0.34695841814947004,-10726.0,3,-26785.04999999993,234150.4,692665.99,733336.0399999999,0.0,0,-0.30733401000000005
682447.74,2065.0,0.0033591226270544006,2020-03-16,0.0,-0.34476477139546857,2667.499999999984,2,1724.25,12545.0,694992.74,692665.99,0.0,0,-0.30500726
691760.24,112.0,-0.0009047576525763601,2020-03-17,0.0,-0.3453576004827862,32.99999999999969,1,-549.7999999999993,2603.7000000000003,694363.94,694992.74,0.0,0,-0.3056360600000001
694183.04,39.0,-0.00026052620186456377,2020-03-18,0.0,-0.34552815198071185,3.2999999999998124,0,-145.20000000000027,0.0,694183.04,694363.94,0.0,0,-0.3058169599999999
694183.04,0.0,0.0,2020-03-19,0.0,-0.34552815198071185,0.0,0,0.0,0.0,694183.04,694183.04,0.0,0,-0.3058169599999999
694183.04,0.0,0.0,2020-03-20,0.0,-0.34552815198071185,0.0,0,0.0,0.0,694183.04,694183.04,0.0,0,-0.3058169599999999
694183.04,0.0,0.0,2020-03-23,0.0,-0.34552815198071185,0.0,0,0.0,0.0,694183.04,694183.04,0.0,0,-0.3058169599999999
694183.04,0.0,0.0,2020-03-24,0.0,-0.34552815198071185,0.0,0,0.0,0.0,694183.04,694183.04,0.0,0,-0.3058169599999999
694183.04,0.0,0.0,2020-03-25,0.0,-0.34552815198071185,0.0,0,0.0,0.0,694183.04,694183.04,0.0,0,-0.3058169599999999
694183.04,0.0,0.0,2020-03-26,0.0,-0.34552815198071185,0.0,0,0.0,0.0,694183.04,694183.04,0.0,0,-0.3058169599999999
694183.04,0.0,0.0,2020-03-27,0.0,-0.34552815198071185,0.0,0,0.0,0.0,694183.04,694183.04,0.0,0,-0.3058169599999999
694183.04,0.0,0.0,2020-03-30,0.0,-0.34552815198071185,0.0,0,0.0,0.0,694183.04,694183.04,0.0,0,-0.3058169599999999
694183.04,0.0,0.0,2020-03-31,0.0,-0.34552815198071185,0.0,0,0.0,0.0,694183.04,694183.04,0.0,0,-0.3058169599999999
694183.04,0.0,0.0,2020-04-01,0.0,-0.34552815198071185,0.0,0,0.0,0.0,694183.04,694183.04,0.0,0,-0.3058169599999999
694183.04,0.0,0.0,2020-04-06,0.0,-0.34552815198071185,0.0,0,0.0,0.0,694183.04,694183.04,0.0,0,-0.3058169599999999
694183.04,0.0,0.0,2020-04-07,0.0,-0.34552815198071185,0.0,0,0.0,0.0,694183.04,694183.04,0.0,0,-0.3058169599999999
694183.04,0.0,0.0,2020-04-08,0.0,-0.34552815198071185,0.0,0,0.0,0.0,694183.04,694183.04,0.0,0,-0.3058169599999999
694183.04,0.0,0.0,2020-04-09,0.0,-0.34552815198071185,0.0,0,0.0,0.0,694183.04,694183.04,0.0,0,-0.3058169599999999
694183.04,0.0,0.0,2020-04-10,0.0,-0.34552815198071185,0.0,0,0.0,0.0,694183.04,694183.04,0.0,0,-0.3058169599999999
694183.04,0.0,0.0,2020-04-13,0.0,-0.34552815198071185,0.0,0,0.0,0.0,694183.04,694183.04,0.0,0,-0.3058169599999999
694183.04,0.0,0.0,2020-04-14,0.0,-0.34552815198071185,0.0,0,0.0,0.0,694183.04,694183.04,0.0,0,-0.3058169599999999
694183.04,0.0,0.0,2020-04-15,0.0,-0.34552815198071185,0.0,0,0.0,0.0,694183.04,694183.04,0.0,0,-0.3058169599999999
694183.04,0.0,0.0,2020-04-16,0.0,-0.34552815198071185,0.0,0,0.0,0.0,694183.04,694183.04,0.0,0,-0.3058169599999999
694183.04,0.0,0.0,2020-04-17,0.0,-0.34552815198071185,0.0,0,0.0,0.0,694183.04,694183.04,0.0,0,-0.3058169599999999
694183.04,0.0,0.0,2020-04-20,0.0,-0.34552815198071185,0.0,0,0.0,0.0,694183.04,694183.04,0.0,0,-0.3058169599999999
694183.04,0.0,0.0,2020-04-21,0.0,-0.34552815198071185,0.0,0,0.0,0.0,694183.04,694183.04,0.0,0,-0.3058169599999999
694183.04,0.0,0.0,2020-04-22,0.0,-0.34552815198071185,0.0,0,0.0,0.0,694183.04,694183.04,0.0,0,-0.3058169599999999
694183.04,0.0,0.0,2020-04-23,0.0,-0.34552815198071185,0.0,0,0.0,0.0,694183.04,694183.04,0.0,0,-0.3058169599999999
694183.04,0.0,0.0,2020-04-24,0.0,-0.34552815198071185,0.0,0,0.0,0.0,694183.04,694183.04,0.0,0,-0.3058169599999999
694183.04,0.0,0.0,2020-04-27,0.0,-0.34552815198071185,0.0,0,0.0,0.0,694183.04,694183.04,0.0,0,-0.3058169599999999
694183.04,0.0,0.0,2020-04-28,0.0,-0.34552815198071185,0.0,0,0.0,0.0,694183.04,694183.04,0.0,0,-0.3058169599999999
694183.04,0.0,0.0,2020-04-29,0.0,-0.34552815198071185,0.0,0,0.0,0.0,694183.04,694183.04,0.0,0,-0.3058169599999999
694183.04,0.0,0.0,2020-04-30,0.0,-0.34552815198071185,0.0,0,0.0,0.0,694183.04,694183.04,0.0,0,-0.3058169599999999
694183.04,0.0,0.0,2020-05-04,0.0,-0.34552815198071185,0.0,0,0.0,0.0,694183.04,694183.04,0.0,0,-0.3058169599999999
694183.04,0.0,0.0,2020-05-05,0.0,-0.34552815198071185,0.0,0,0.0,0.0,694183.04,694183.04,0.0,0,-0.3058169599999999
694183.04,0.0,0.0,2020-05-06,0.0,-0.34552815198071185,0.0,0,0.0,0.0,694183.04,694183.04,0.0,0,-0.3058169599999999
694183.04,0.0,0.0,2020-05-07,0.0,-0.34552815198071185,0.0,0,0.0,0.0,694183.04,694183.04,0.0,0,-0.3058169599999999
694183.04,0.0,0.0,2020-05-08,0.0,-0.34552815198071185,0.0,0,0.0,0.0,694183.04,694183.04,0.0,0,-0.3058169599999999
694183.04,0.0,0.0,2020-05-11,0.0,-0.34552815198071185,0.0,0,0.0,0.0,694183.04,694183.04,0.0,0,-0.3058169599999999
694183.04,0.0,0.0,2020-05-12,0.0,-0.34552815198071185,0.0,0,0.0,0.0,694183.04,694183.04,0.0,0,-0.3058169599999999
694183.04,0.0,0.0,2020-05-13,0.0,-0.34552815198071185,0.0,0,0.0,0.0,694183.04,694183.04,0.0,0,-0.3058169599999999
694183.04,0.0,0.0,2020-05-14,0.0,-0.34552815198071185,0.0,0,0.0,0.0,694183.04,694183.04,0.0,0,-0.3058169599999999
694183.04,0.0,0.0,2020-05-15,0.0,-0.34552815198071185,0.0,0,0.0,0.0,694183.04,694183.04,0.0,0,-0.3058169599999999
694183.04,0.0,0.0,2020-05-18,0.0,-0.34552815198071185,0.0,0,0.0,0.0,694183.04,694183.04,0.0,0,-0.3058169599999999
694183.04,0.0,0.0,2020-05-19,0.0,-0.34552815198071185,0.0,0,0.0,0.0,694183.04,694183.04,0.0,0,-0.3058169599999999
694183.04,0.0,0.0,2020-05-20,0.0,-0.34552815198071185,0.0,0,0.0,0.0,694183.04,694183.04,0.0,0,-0.3058169599999999
694183.04,0.0,0.0,2020-05-21,0.0,-0.34552815198071185,0.0,0,0.0,0.0,694183.04,694183.04,0.0,0,-0.3058169599999999
694183.04,0.0,0.0,2020-05-22,0.0,-0.34552815198071185,0.0,0,0.0,0.0,694183.04,694183.04,0.0,0,-0.3058169599999999
694183.04,0.0,0.0,2020-05-25,0.0,-0.34552815198071185,0.0,0,0.0,0.0,694183.04,694183.04,0.0,0,-0.3058169599999999
694183.04,0.0,0.0,2020-05-26,0.0,-0.34552815198071185,0.0,0,0.0,0.0,694183.04,694183.04,0.0,0,-0.3058169599999999
694183.04,0.0,0.0,2020-05-27,0.0,-0.34552815198071185,0.0,0,0.0,0.0,694183.04,694183.04,0.0,0,-0.3058169599999999
694183.04,0.0,0.0,2020-05-28,0.0,-0.34552815198071185,0.0,0,0.0,0.0,694183.04,694183.04,0.0,0,-0.3058169599999999
694183.04,0.0,0.0,2020-05-29,0.0,-0.34552815198071185,0.0,0,0.0,0.0,694183.04,694183.04,0.0,0,-0.3058169599999999
694183.04,0.0,0.0,2020-06-01,0.0,-0.34552815198071185,0.0,0,0.0,0.0,694183.04,694183.04,0.0,0,-0.3058169599999999
694183.04,0.0,0.0,2020-06-02,0.0,-0.34552815198071185,0.0,0,0.0,0.0,694183.04,694183.04,0.0,0,-0.3058169599999999
694183.04,0.0,0.0,2020-06-03,0.0,-0.34552815198071185,0.0,0,0.0,0.0,694183.04,694183.04,0.0,0,-0.3058169599999999
688182.54,47.0,-0.00014333395411103567,2020-06-04,0.0,-0.34562196001854284,-52.5,1,0.0,5901.0,694083.54,694183.04,0.0,0,-0.30591645999999995
485935.54,1199.0,-0.006891101321895632,2020-06-05,0.0,-0.35013134539487856,-3500.0,2,-84.0,203365.0,689300.54,694083.54,0.0,0,-0.3106994599999999
294377.14,1144.0,-0.016825607013161492,2020-06-08,0.0,-0.3610657799874363,-508.4000000000001,3,-9945.5,383325.5,677702.64,689300.54,0.0,0,-0.32229736
294377.14,0.0,0.001406959252807427,2020-06-09,0.0,-0.3601668255746543,0.0,3,953.5,384279.0,678656.14,677702.64,0.0,0,-0.32134386000000004
294377.14,0.0,0.002172528786080097,2020-06-10,0.0,-0.3587767695849262,0.0,3,1474.4000000000233,385753.4,680130.54,678656.14,0.0,0,-0.31986945999999994
294377.14,0.0,0.005836820678571497,2020-06-11,0.0,-0.35503406457405917,0.0,3,3969.79999999993,389723.19999999995,684100.34,680130.54,0.0,0,-0.31589966
294377.14,0.0,-0.009828675132656617,2020-06-12,0.0,-0.3613732252249907,0.0,3,-6723.79999999993,382999.4,677376.54,684100.34,0.0,0,-0.32262346
294377.14,0.0,-0.00040317310073945123,2020-06-15,0.0,-0.361630702361992,0.0,3,-273.0999999999767,382726.30000000005,677103.4400000001,677376.54,0.0,0,-0.3228965599999999
294377.14,0.0,0.00547700658558159,2020-06-16,0.0,-0.3581343495147955,0.0,3,3708.5,386434.80000000005,680811.9400000001,677103.4400000001,0.0,0,-0.3191880599999999
294377.14,0.0,0.006457289806051314,2020-06-17,0.0,-0.35398963699306296,0.0,3,4396.199999999953,390831.0,685208.14,680811.9400000001,0.0,0,-0.31479186000000003
294377.14,0.0,-0.0011613989290903959,2020-06-18,0.0,-0.3547399127368406,0.0,3,-795.8000000000466,390035.19999999995,684412.34,685208.14,0.0,0,-0.31558766000000005
294377.14,0.0,-0.003312622913841601,2020-06-19,0.0,-0.35687741608729595,0.0,3,-2267.1999999999534,387768.0,682145.14,684412.34,0.0,0,-0.31785485999999996
294377.14,0.0,-0.003849327431989069,2020-06-22,0.0,-0.3593530054916828,0.0,3,-2625.8000000000466,385142.19999999995,679519.34,682145.14,0.0,0,-0.3204806600000001
294377.14,0.0,0.0038003333356193547,2020-06-23,0.0,-0.35691833336208856,0.0,3,2582.4000000000233,387724.6,682101.74,679519.34,0.0,0,-0.31789826
294377.14,0.0,-0.0011068730010863614,2020-06-24,0.0,-0.35763014309638363,0.0,3,-755.0,386969.6,681346.74,682101.74,0.0,0,-0.31865326000000005
294377.14,0.0,0.018844736822253072,2020-06-29,0.0,-0.3455248522004867,0.0,3,12839.800000000047,399809.4,694186.54,681346.74,0.0,0,-0.30581346
294377.14,0.0,-0.008326580345392576,2020-06-30,0.0,-0.350974392102702,0.0,3,-5780.20000000007,394029.19999999995,688406.34,694186.54,0.0,0,-0.31159366
294377.14,0.0,0.01671338471403394,2020-07-01,0.0,-0.3401269774286546,0.0,3,11505.600000000093,405534.80000000005,699911.9400000001,688406.34,0.0,0,-0.30008806
294377.14,0.0,0.00592074482969962,2020-07-02,0.0,-0.33622003764200714,0.0,3,4144.0,409678.80000000005,704055.9400000001,699911.9400000001,0.0,0,-0.29594405999999995
294377.14,0.0,-0.006525617836560027,2020-07-03,0.0,-0.3405516120039216,0.0,3,-4594.400000000023,405084.4,699461.54,704055.9400000001,0.0,0,-0.30053845999999995
294377.14,0.0,0.0002017266024376685,2020-07-06,0.0,-0.3404185837211282,0.0,3,141.09999999997672,405225.5,699602.64,699461.54,0.0,0,-0.30039735999999995
294377.14,0.0,0.010275690211803745,2020-07-07,0.0,-0.33364092941798373,0.0,3,7188.900000000023,412414.4,706791.54,699602.64,0.0,0,-0.29320846
294377.14,0.0,0.01149023373992275,2020-07-08,0.0,-0.32598430794227873,0.0,3,8121.199999999953,420535.6,714912.74,706791.54,0.0,0,-0.28508726000000006
294377.14,0.0,0.0241162299052049,2020-07-09,0.0,-0.30972959055289895,0.0,3,17241.0,437776.6,732153.74,714912.74,0.0,0,-0.26784626
294377.14,0.0,-0.00487056174841094,2020-07-10,0.0,-0.3130915952052119,0.0,3,-3566.0,434210.6,728587.74,732153.74,0.0,0,-0.27141225999999996
294377.14,0.0,0.01821894505114785,2020-07-13,0.0,-0.3005768487230841,0.0,3,13274.099999999977,447484.69999999995,741861.84,728587.74,0.0,0,-0.25813816
294377.14,0.0,-0.008136016269552182,2020-07-14,0.0,-0.3062673668611745,0.0,3,-6035.79999999993,441448.9,735826.04,741861.84,0.0,0,-0.26417395999999993
294377.14,0.0,0.01564051742447159,2020-07-15,0.0,-0.2954170295246421,0.0,3,11508.699999999953,452957.6,747334.74,735826.04,0.0,0,-0.25266526
294377.14,0.0,-0.009113185344495012,2020-07-16,0.0,-0.30183802472515886,0.0,3,-6810.599999999977,446147.0,740524.14,747334.74,0.0,0,-0.25947586
294377.14,0.0,-0.005129339875402317,2020-07-17,0.0,-0.30541913478442584,0.0,3,-3798.4000000000233,442348.6,736725.74,740524.14,0.0,0,-0.26327426
297086.14,41.0,-0.0012989908564888797,2020-07-20,0.0,-0.306321388977433,0.0,3,-916.0,438682.6,735768.74,736725.74,0.0,0,-0.26423125999999997
297316.64,22.0,0.014390663022731953,2020-07-21,0.0,-0.29633889384013046,2.0,3,10608.20000000007,449040.30000000005,746356.9400000001,735768.74,0.0,0,-0.2536430599999999
298827.64,31.0,0.0034124423094397116,2020-07-22,0.0,-0.29393769090996347,24.0,3,2553.899999999907,450076.19999999995,748903.84,746356.9400000001,0.0,0,-0.25109616
299551.64,26.0,-0.009279028399694078,2020-07-23,13.5,-0.3004892631279634,4.5,2,-6941.099999999977,442389.6,741954.74,748903.84,13.5,0,-0.25804526000000005
299551.64,0.0,-0.007540082566222295,2020-07-24,0.0,-0.3057636318399376,0.0,2,-5594.400000000023,436795.19999999995,736360.34,741954.74,13.5,0,-0.26363966000000005
299551.64,0.0,-0.009889180071811055,2020-07-27,0.0,-0.3126290602970726,0.0,2,-7282.0,429513.19999999995,729078.34,736360.34,13.5,0,-0.27092166000000006
299551.64,0.0,-0.0010462524507310889,2020-07-28,0.0,-0.3133482238272981,0.0,2,-762.7999999999302,428750.4,728315.54,729078.34,13.5,0,-0.27168446
299551.64,0.0,0.008157453292840566,2020-07-29,0.0,-0.30774689403472333,0.0,2,5941.199999999953,434691.6,734256.74,728315.54,13.5,0,-0.26574326000000004
299551.64,0.0,0.012929537425832693,2020-07-30,0.0,-0.29879638159299626,0.0,2,9493.599999999977,444185.19999999995,743750.34,734256.74,13.5,0,-0.25624966000000005
299551.64,0.0,0.01894990730357171,2020-07-31,0.0,-0.28550863802325444,0.0,2,14094.0,458279.19999999995,757844.34,743750.34,13.5,0,-0.24215566
299551.64,0.0,-0.017753513868032478,2020-08-03,0.0,-0.2981933703266979,0.0,2,-13454.399999999907,444824.80000000005,744389.9400000001,757844.34,13.5,0,-0.25561006
299551.64,0.0,0.03292951540962519,2020-08-04,0.0,-0.2750832181002939,0.0,2,24512.399999999907,469337.19999999995,768902.34,744389.9400000001,13.5,0,-0.23109765999999998
299551.64,0.0,-0.006283762902841494,2020-08-05,0.0,-0.27963842328204247,0.0,2,-4831.599999999977,464505.6,764070.74,768902.34,13.5,0,-0.23592926000000003
162221.64,817.0,0.0008889229287853961,2020-08-06,0.0,-0.2789980773594818,-750.0,3,2246.20000000007,602514.8,764749.9400000001,764070.74,13.5,0,-0.23525005999999993
162221.64,0.0,-0.014279046559977582,2020-08-07,0.0,-0.28929329738269915,0.0,3,-10919.900000000023,591594.9,753830.04,764749.9400000001,13.5,0,-0.2461699599999999
162221.64,0.0,0.0023144474316783015,2020-08-10,0.0,-0.2876484040801499,0.0,3,1744.6999999999534,593339.6,755574.74,753830.04,13.5,0,-0.24442525999999998
162221.64,0.0,-0.024022507687326722,2020-08-11,0.0,-0.30476087576921407,0.0,3,-18150.79999999993,575188.8,737423.9400000001,755574.74,13.5,0,-0.2625760599999999
162221.64,0.0,-0.011546411145805902,2020-08-12,0.0,-0.3127883925422327,0.0,3,-8514.600000000093,566674.2,728909.34,737423.9400000001,13.5,0,-0.27109066000000004
162221.64,0.0,0.0005410823793259301,2020-08-13,4401.6,-0.31241655445056915,0.0,3,-4007.199999999977,562667.0,729303.74,728909.34,4415.1,0,-0.27069626
162221.64,0.0,0.0057868892870343025,2020-08-14,0.0,-0.30843758517557707,0.0,3,4220.400000000023,566887.4,733524.14,729303.74,4415.1,0,-0.26647586
162221.64,0.0,0.01268874395871955,2020-08-17,0.0,-0.29966252676239613,0.0,3,9307.5,576194.9,742831.64,733524.14,4415.1,0,-0.25716836
162235.14,0.0,0.010983377067783406,2020-08-18,0.0,-0.29197045621912876,0.0,3,8158.79999999993,584353.7,750990.44,742831.64,4401.6,0,-0.24900956000000007
162235.14,0.0,-0.01101798313171587,2020-08-19,0.0,-0.2997715137892629,0.0,3,-8274.399999999907,576079.3,742716.04,750990.44,4401.6,0,-0.25728396
162235.14,0.0,-0.02365210801156259,2020-08-20,0.0,-0.31633339357789225,0.0,3,-17566.800000000047,558512.5,725149.24,742716.04,4401.6,0,-0.27485075999999997
162235.14,0.0,0.030092977826192024,2020-08-21,0.0,-0.29575982955032387,0.0,3,21821.900000000023,580334.4,746971.14,725149.24,4401.6,0,-0.25302886
162235.14,0.0,-0.0018532175152041752,2020-08-24,0.0,-0.2970649397691115,0.0,3,-1384.3000000000466,578950.1,745586.84,746971.14,4401.6,0,-0.25441316
162235.14,0.0,0.0002658308722296443,2020-08-25,0.0,-0.2968780779289296,0.0,3,198.20000000006985,579148.3,745785.04,745586.84,4401.6,0,-0.25421496
162235.14,0.0,0.0009180929668419768,2020-08-26,0.0,-0.2962325466374438,0.0,3,684.6999999999534,579833.0,746469.74,745785.04,4401.6,0,-0.25353026
162235.14,0.0,-0.001446140335172874,2020-08-27,0.0,-0.2972502931383333,0.0,3,-1079.5,578753.5,745390.24,746469.74,4401.6,0,-0.25460976
162235.14,0.0,-0.0029952095965195547,2020-08-28,0.0,-0.2993551758042766,0.0,3,-2232.5999999999767,576520.9,743157.64,745390.24,4401.6,0,-0.25684235999999994
162235.14,0.0,-0.0026687473737067036,2020-08-31,0.0,-0.30122501983875016,0.0,3,-1983.3000000000466,574537.6,741174.34,743157.64,4401.6,0,-0.25882566000000007
162235.14,0.0,-0.0053864519918483955,2020-09-01,0.0,-0.30498893772249347,0.0,3,-3992.29999999993,570545.3,737182.04,741174.34,4401.6,0,-0.26281796
162235.14,0.0,-0.0023077067911204674,2020-09-02,0.0,-0.3065928194708152,0.0,3,-1701.2000000000698,568844.1,735480.84,737182.04,4401.6,0,-0.2645191600000001
162235.14,0.0,0.0011330002831888564,2020-09-03,0.0,-0.30580718893891035,0.0,3,833.3000000000466,569677.4,736314.14,735480.84,4401.6,0,-0.26368585999999994
404705.74,2163.0,-0.009713517113768999,2020-09-04,0.0,-0.3125502426894077,1016.5,3,-6005.700000000046,324456.19999999995,729161.94,736314.14,0.0,0,-0.2708380600000001
596536.49,1754.0,-0.004280187745399844,2020-09-07,0.0,-0.3154926567162265,471.74999999997726,3,-1838.6999999999534,129504.5,726040.99,729161.94,0.0,0,-0.27395901
600756.99,103.0,-0.0022953249512813745,2020-09-08,0.0,-0.317063823500601,20.34999999999996,2,-1583.8500000000058,123617.5,724374.49,726040.99,0.0,0,-0.27562551
389756.39,1255.0,0.0018034870333438757,2020-09-09,0.0,-0.315832156961683,2022.4000000000003,3,539.0,335924.5,725680.89,724374.49,0.0,0,-0.27431911
389756.39,0.0,-0.0029989765887316056,2020-09-10,0.0,-0.31788396030571797,0.0,3,-2176.2999999999884,333748.2,723504.5900000001,725680.89,0.0,0,-0.2764954099999999
389756.39,0.0,-0.018333954177125578,2020-09-11,0.0,-0.3303898445209553,0.0,3,-13264.700000000012,320483.5,710239.89,723504.5900000001,0.0,0,-0.28976011
389756.39,0.0,0.002632772428481811,2020-09-14,0.0,-0.32862691336577854,0.0,3,1869.9000000000233,322353.4,712109.79,710239.89,0.0,0,-0.2878902099999999
389756.39,0.0,0.008640521569012627,2020-09-15,0.0,-0.3228258997298611,0.0,3,6153.0,328506.4,718262.79,712109.79,0.0,0,-0.28173720999999996
389756.39,0.0,-0.006311060607775643,2020-09-16,0.0,-0.3270995865186819,0.0,3,-4533.0,323973.4,713729.79,718262.79,0.0,0,-0.28627020999999997
389756.39,0.0,0.001297689984328665,2020-09-17,0.0,-0.3262263703916566,0.0,3,926.1999999999534,324899.6,714655.99,713729.79,0.0,0,-0.28534401
389756.39,0.0,0.004603053841331528,2020-09-18,0.0,-0.3231249540976999,0.0,3,3289.600000000035,328189.2,717945.5900000001,714655.99,0.0,0,-0.28205440999999987
389756.39,0.0,-0.007044266404645172,2020-09-21,0.0,-0.3278930422436922,0.0,3,-5057.400000000023,323131.8,712888.19,717945.5900000001,0.0,0,-0.2871118100000001
389756.39,0.0,0.0021812677244659184,2020-09-22,0.0,-0.3264269970293493,0.0,3,1555.0,324686.8,714443.19,712888.19,0.0,0,-0.2855568100000001
389756.39,0.0,-0.002899460767482487,2020-09-23,0.0,-0.328379995525498,0.0,3,-2071.5,322615.3,712371.69,714443.19,0.0,0,-0.2876283100000001
389756.39,0.0,-0.008809305715110627,2020-09-24,0.0,-0.3342965014692979,0.0,3,-6275.5,316339.8,706096.19,712371.69,0.0,0,-0.2939038100000001
389756.39,0.0,-0.0032327040314434896,2020-09-25,0.0,-0.33644852385274404,0.0,3,-2282.5999999999767,314057.2,703813.5900000001,706096.19,0.0,0,-0.2961864099999999
389756.39,0.0,0.016103695866401146,2020-09-28,0.0,-0.32576289268916714,0.0,3,11334.0,325391.2,715147.5900000001,703813.5900000001,0.0,0,-0.28485240999999994
389756.39,0.0,0.00823480367178453,2020-09-29,0.0,-0.3202106824822305,0.0,3,5889.099999999977,331280.3,721036.69,715147.5900000001,0.0,0,-0.2789633100000001
389756.39,0.0,-0.004936641989743973,2020-09-30,0.0,-0.32356655897126807,0.0,3,-3559.5,327720.8,717477.19,721036.69,0.0,0,-0.28252281
389756.39,0.0,0.00951779386881979,2020-10-05,0.0,-0.3171284049135802,0.0,3,6828.799999999988,334549.6,724305.99,717477.19,0.0,0,-0.27569401000000004
389756.39,0.0,-0.0009279227416025826,2020-10-06,0.0,-0.31776205699625526,0.0,3,-672.0999999999767,333877.5,723633.89,724305.99,0.0,0,-0.27636611
389756.39,0.0,0.014757738889205507,2020-10-07,0.0,-0.3076937675730973,0.0,3,10679.200000000012,344556.7,734313.0900000001,723633.89,0.0,0,-0.2656869099999999
389756.39,0.0,0.0003879816441783035,2020-10-08,0.0,-0.30742516546276544,0.0,3,284.8999999999651,344841.6,734597.99,734313.0900000001,0.0,0,-0.26540200999999997
389756.39,0.0,-0.005678616136698067,2020-10-12,0.0,-0.31135803209403956,0.0,3,-4171.5,340670.1,730426.49,734597.99,0.0,0,-0.26957350999999996
389756.39,0.0,0.014736869688283027,2020-10-13,0.0,-0.3012096051511266,0.0,3,10764.200000000012,351434.3,741190.69,730426.49,0.0,0,-0.25880931000000007
389756.39,0.0,0.022909354136652738,2020-10-14,0.0,-0.2852007685282424,0.0,3,16980.20000000001,368414.5,758170.89,741190.69,0.0,0,-0.24182910999999996
389756.39,0.0,-0.001323580228726584,2020-10-15,0.0,-0.2861468626585273,0.0,3,-1003.5,367411.0,757167.39,758170.89,0.0,0,-0.24283261
389756.39,0.0,-0.005403956977069635,2020-10-16,0.0,-0.29000449430066677,0.0,3,-4091.7000000000116,363319.3,753075.69,757167.39,0.0,0,-0.24692431000000004
389756.39,0.0,0.007110307862945531,2020-10-19,0.0,-0.2849562076738368,0.0,3,5354.600000000035,368673.9,758430.29,753075.69,0.0,0,-0.24156970999999994
389756.39,0.0,0.014855683045043033,2020-10-20,0.0,-0.2743337437317138,0.0,3,11267.0,379940.9,769697.29,758430.29,0.0,0,-0.2303027099999999
389756.39,0.0,0.005861005435006783,2020-10-21,0.0,-0.2700806098597245,0.0,3,4511.199999999953,384452.1,774208.49,769697.29,0.0,0,-0.22579150999999997
389756.39,0.0,-0.00960581044519404,2020-10-22,0.0,-0.2770920771616836,0.0,3,-7436.899999999965,377015.2,766771.5900000001,774208.49,0.0,0,-0.23322840999999994
389756.39,0.0,0.007247921118204159,2020-10-23,0.0,-0.27185249756122665,0.0,3,5557.5,382572.7,772329.0900000001,766771.5900000001,0.0,0,-0.22767090999999995
389756.39,0.0,0.01774787480813389,2020-10-26,0.0,-0.2589294268460879,0.0,3,13707.200000000012,396279.9,786036.29,772329.0900000001,0.0,0,-0.21396370999999992
389756.39,0.0,0.015327663815623449,2020-10-27,0.0,-0.24757054623713326,0.0,3,12048.099999999977,408328.0,798084.39,786036.29,0.0,0,-0.20191561000000002
389756.39,0.0,0.02194128869003431,2020-10-28,0.0,-0.2310612743732373,0.0,3,17511.0,425839.0,815595.39,798084.39,0.0,0,-0.18440460999999997
389756.39,0.0,-5.517441681424096e-06,2020-10-29,0.0,-0.23106551694781263,0.0,3,-4.5,425834.5,815590.89,815595.39,0.0,0,-0.18440910999999993
389756.39,0.0,0.01798806261801178,2020-10-30,0.0,-0.21723387531752125,0.0,3,14670.900000000023,440505.4,830261.79,815590.89,0.0,0,-0.16973821
389756.39,0.0,-0.040081213420648965,2020-11-02,0.0,-0.248608091419374,0.0,3,-33277.90000000002,407227.5,796983.89,830261.79,0.0,0,-0.20301610999999997
389756.39,0.0,0.019813574901746067,2020-11-03,0.0,-0.23372033155814587,0.0,3,15791.099999999977,423018.6,812774.99,796983.89,0.0,0,-0.18722501000000003
389756.39,0.0,-0.0035525207290151295,2020-11-04,0.0,-0.23644255596450836,0.0,3,-2887.4000000000233,420131.19999999995,809887.59,812774.99,0.0,0,-0.19011241
389756.39,0.0,0.00404414148388188,2020-11-05,0.0,-0.23335462162975762,0.0,3,3275.3000000000466,423406.5,813162.89,809887.59,0.0,0,-0.18683711000000003
511104.64,1108.0,0.0009218940131416886,2020-11-06,0.0,-0.23264785584523529,481.25,3,1376.4000000000233,302807.9,813912.54,813162.89,0.0,0,-0.18608745999999998
499952.64,156.0,0.00807543768769059,2020-11-09,0.0,-0.2264511514205978,-6.0,3,6734.699999999953,320532.6,820485.24,813912.54,0.0,0,-0.17951476
499952.64,0.0,-0.0363194833340329,2020-11-10,0.0,-0.2545460459346377,0.0,3,-29799.599999999977,290733.0,790685.64,820485.24,0.0,0,-0.20931436000000003
499952.64,0.0,-0.021344386626270473,2020-11-11,0.0,-0.2704573033422908,0.0,3,-16876.70000000001,273856.3,773808.94,790685.64,0.0,0,-0.2261910600000001
499952.64,0.0,-0.003638365821930001,2020-11-12,0.0,-0.27311164655544895,0.0,3,-2815.399999999965,271040.9,770993.54,773808.94,0.0,0,-0.2290064599999999
499952.64,0.0,0.00431209838671287,2020-11-13,0.0,-0.2699772324592403,0.0,3,3324.5999999999767,274365.5,774318.14,770993.54,0.0,0,-0.22568186
499952.64,0.0,-0.0064494162567340085,2020-11-16,0.0,-0.2746854531640037,0.0,3,-4993.900000000023,269371.6,769324.24,774318.14,0.0,0,-0.23067576
499952.64,0.0,0.002026193793139841,2020-11-17,0.0,-0.27321582533113054,0.0,3,1558.8000000000466,270930.4,770883.04,769324.24,0.0,0,-0.22911695999999993
500538.39,24.0,-0.0058341535182820925,2020-11-18,0.0,-0.2774559957808066,0.75,2,-4474.200000000012,265847.2,766385.5900000001,770883.04,0.0,0,-0.23361440999999994
288208.84,1267.0,-0.0007008873953385786,2020-11-19,0.0,-0.2779624177659413,1532.249999999986,3,-802.4000000000233,477639.6,765848.44,766385.5900000001,0.0,0,-0.23415156000000004
288208.84,0.0,0.01100518008497886,2020-11-20,0.0,-0.27001626414533286,0.0,3,8428.300000000047,486067.9,774276.74,765848.44,0.0,0,-0.22572325999999998
288208.84,0.0,0.005768350990370763,2020-11-23,0.0,-0.265805461739661,0.0,3,4466.299999999988,490534.2,778743.04,774276.74,0.0,0,-0.22125695999999995
288208.84,0.0,-0.007647837212130915,2020-11-24,0.0,-0.2714204620503118,0.0,3,-5955.700000000012,484578.5,772787.3400000001,778743.04,0.0,0,-0.22721265999999996
288208.84,0.0,0.001593582006661709,2020-11-25,0.0,-0.27025941080821314,0.0,3,1231.5,485810.0,774018.8400000001,772787.3400000001,0.0,0,-0.2259811599999999
288208.84,0.0,-0.003920834795184125,2020-11-26,0.0,-0.27312060310177444,0.0,3,-3034.7999999999884,482775.2,770984.04,774018.8400000001,0.0,0,-0.2290159599999999
288208.84,0.0,0.0015481513728869967,2020-11-27,0.0,-0.27199528376554316,0.0,3,1193.5999999999767,483968.8,772177.64,770984.04,0.0,0,-0.22782236
288208.84,0.0,0.00085861072071447,2020-11-30,0.0,-0.27137021111145365,0.0,3,663.0,484631.8,772840.64,772177.64,0.0,0,-0.22715936000000003
288208.84,0.0,0.0022985333690526133,2020-12-01,0.0,-0.26969543122800743,0.0,3,1776.4000000000233,486408.2,774617.04,772840.64,0.0,0,-0.2253829599999999
288208.84,0.0,0.002472189354367993,2020-12-02,0.0,-0.2678899800476431,0.0,3,1915.0,488323.2,776532.04,774617.04,0.0,0,-0.2234679599999999
288208.84,0.0,-0.006578221807821305,2020-12-03,0.0,-0.27270596214661813,0.0,3,-5108.200000000012,483215.0,771423.8400000001,776532.04,0.0,0,-0.22857615999999992
288208.84,0.0,0.005679886688490177,2020-12-04,0.0,-0.2685750144223965,0.0,3,4381.600000000035,487596.60000000003,775805.4400000001,771423.8400000001,0.0,0,-0.22419455999999993
288208.84,0.0,-0.00018380897148639885,2020-12-07,0.0,-0.268709456896715,0.0,3,-142.60000000003492,487454.0,775662.8400000001,775805.4400000001,0.0,0,-0.22433715999999992
288208.84,0.0,0.014011113385294927,2020-12-08,0.0,-0.25846326217970095,0.0,3,10867.900000000023,498321.9,786530.74,775662.8400000001,0.0,0,-0.21346926
288208.84,0.0,-0.002589218572690455,2020-12-09,0.0,-0.2603832628735976,0.0,3,-2036.5000000000582,496285.39999999997,784494.24,786530.74,0.0,0,-0.21550576
537541.04,2260.0,-0.0007632943232316336,2020-12-10,0.0,-0.2609478081304133,1817.0000000000114,3,-155.79999999998836,246354.4,783895.4400000001,784494.24,0.0,0,-0.2161045599999999
485288.04,353.0,-0.004374435447666358,2020-12-11,0.0,-0.2641807442362031,-758.9999999999999,4,-2317.0999999999767,295178.30000000005,780466.3400000001,783895.4400000001,0.0,0,-0.21953365999999996
486088.04,26.0,0.0018637575068258805,2020-12-14,0.0,-0.2628093555746063,21.0,3,1459.5999999999767,295832.9,781920.94,780466.3400000001,0.0,0,-0.2180790600000001
486088.04,0.0,-0.0068998024275958025,2020-12-15,0.0,-0.2678958253726136,0.0,3,-5395.100000000035,290437.8,776525.84,781920.94,0.0,0,-0.22347415999999998
486088.04,0.0,0.0065643662289460725,2020-12-16,0.0,-0.26309002545261906,0.0,3,5097.400000000023,295535.2,781623.24,776525.84,0.0,0,-0.21837676000000006
486088.04,0.0,-0.001761974221749063,2020-12-17,0.0,-0.2643884418315212,0.0,3,-1377.2000000000116,294158.0,780246.04,781623.24,0.0,0,-0.21975395999999991
486088.04,0.0,-0.004062052016310269,2020-12-18,0.0,-0.2673765342446007,0.0,3,-3169.4000000000233,290988.6,777076.6399999999,780246.04,0.0,0,-0.22292336000000013
490983.04,57.0,-0.0020277279214054866,2020-12-21,0.0,-0.2688620953019898,-40.0,3,-1478.6999999999534,284517.9,775500.94,777076.6399999999,0.0,0,-0.22449906000000008
520311.04,264.0,-0.011772519579408836,2020-12-22,0.0,-0.27746943060029505,1176.0,3,-10041.600000000035,246060.3,766371.34,775500.94,0.0,0,-0.23362866000000004
525668.04,61.0,0.002394139634710246,2020-12-23,0.0,-0.2757395915268054,-36.0,3,1931.8000000000175,242538.1,768206.14,766371.34,0.0,0,-0.23179386000000002
531652.04,66.0,0.0007900223239558635,2020-12-24,0.0,-0.27516740963575415,70.0,2,602.8999999999942,237161.0,768813.04,768206.14,0.0,0,-0.23118695999999994
531652.04,0.0,0.00020069898918473328,2020-12-25,0.0,-0.2750219364675399,0.0,2,154.29999999998836,237315.3,768967.3400000001,768813.04,0.0,0,-0.2310326599999999
531652.04,0.0,0.001084961553763586,2020-12-28,0.0,-0.27423536314128516,0.0,2,834.3000000000175,238149.6,769801.64,768967.3400000001,0.0,0,-0.23019835999999994
531652.04,0.0,-0.0011321098250712813,2020-12-29,0.0,-0.27505700841736214,0.0,2,-871.5,237278.1,768930.14,769801.64,0.0,0,-0.23106985999999996
531652.04,0.0,0.005116849756988229,2020-12-30,0.0,-0.27134758404705217,0.0,2,3934.5,241212.6,772864.64,768930.14,0.0,0,-0.22713536
531652.04,0.0,-0.00035491337784576693,2020-12-31,0.0,-0.27160619253727347,0.0,2,-274.30000000001746,240938.3,772590.3400000001,772864.64,0.0,0,-0.22740965999999996
531652.04,0.0,0.0020969715981693504,2021-01-04,0.0,-0.27007877141074177,0.0,2,1620.1000000000058,242558.4,774210.4400000001,772590.3400000001,0.0,0,-0.22578955999999994
295632.54,1391.0,-0.024772980328190974,2021-01-05,0.0,-0.2881610956477124,-9750.90000000001,3,-8037.600000000006,459398.39999999997,755030.94,774210.4400000001,0.0,0,-0.24496906000000007
295632.54,0.0,-0.009661458376791776,2021-01-06,0.0,-0.2950384975930932,0.0,3,-7294.700000000012,452103.69999999995,747736.24,755030.94,0.0,0,-0.25226376000000006
295632.54,0.0,0.012466160527407233,2021-01-07,0.0,-0.2862503343384465,0.0,3,9321.400000000023,461425.1,757057.6399999999,747736.24,0.0,0,-0.24294236000000013
295632.54,0.0,-0.005340412389207239,2021-01-08,0.0,-0.29006205189573797,0.0,3,-4043.0,457382.1,753014.6399999999,757057.6399999999,0.0,0,-0.24698536000000015
295632.54,0.0,0.01260002063173693,2021-01-11,0.0,-0.2811168191023712,0.0,3,9488.0,466870.1,762502.6399999999,753014.6399999999,0.0,0,-0.2374973600000001
295632.54,0.0,-0.0189386885270324,2021-01-12,0.0,-0.2947315237527137,0.0,3,-14440.799999999988,452429.3,748061.84,762502.6399999999,0.0,0,-0.25193816
295632.54,0.0,-0.0065601528344234605,2021-01-13,0.0,-0.2993581927461969,0.0,3,-4907.400000000023,447521.89999999997,743154.44,748061.84,0.0,0,-0.25684556000000003
295632.54,0.0,0.026675881799212542,2021-01-14,0.0,-0.28066795471230765,0.0,3,19824.29999999999,467346.19999999995,762978.74,743154.44,0.0,0,-0.23702126
295632.54,0.0,-0.01591499128796181,2021-01-15,0.0,-0.29211611794621306,0.0,3,-12142.799999999988,455203.39999999997,750835.94,762978.74,0.0,0,-0.24916406000000002
295632.54,0.0,-0.007026435095794592,2021-01-18,0.0,-0.29709001809882307,0.0,3,-5275.700000000012,449927.69999999995,745560.24,750835.94,0.0,0,-0.25443976
295632.54,0.0,0.006178172805996196,2021-01-19,0.0,-0.29274731876357807,0.0,3,4606.20000000007,454533.9,750166.44,745560.24,0.0,0,-0.24983356
295632.54,0.0,-0.02174864020843148,2021-01-20,0.0,-0.30812910286423745,0.0,3,-16315.099999999977,438218.80000000005,733851.3400000001,750166.44,0.0,0,-0.2661486599999999
295632.54,0.0,-0.0016488353077069862,2021-01-21,0.0,-0.30926988402780975,0.0,3,-1210.0000000000582,437008.8,732641.34,733851.3400000001,0.0,0,-0.2673586600000001
295632.54,0.0,0.010957339644525055,2021-01-22,0.0,-0.3017013195444004,0.0,3,8027.799999999988,445036.6,740669.1399999999,732641.34,0.0,0,-0.25933086000000005
295632.54,0.0,-0.009624000265489596,2021-01-25,0.0,-0.3084217462304961,0.0,3,-7128.199999999953,437908.4,733540.94,740669.1399999999,0.0,0,-0.2664590600000001
295632.54,0.0,-0.005755098004482151,2021-01-26,0.0,-0.3124018468587082,0.0,3,-4221.600000000035,433686.8,729319.34,733540.94,0.0,0,-0.27068066
295632.54,0.0,0.02707551948368736,2021-01-27,0.0,-0.29378476966638367,0.0,3,19746.70000000001,453433.5,749066.04,729319.34,0.0,0,-0.25093396
295632.54,0.0,-0.014003972199834513,2021-01-28,0.0,-0.30367458811907533,0.0,3,-10489.900000000023,442943.6,738576.1399999999,749066.04,0.0,0,-0.26142386000000006
295632.54,0.0,-0.023121515948240634,2021-01-29,0.0,-0.31977468723504543,0.0,3,-17077.0,425866.6,721499.1399999999,738576.1399999999,0.0,0,-0.2785008600000001
295632.54,0.0,-0.0029922419588745974,2021-02-01,0.0,-0.32181008595738925,0.0,3,-2158.9000000000233,423707.69999999995,719340.24,721499.1399999999,0.0,0,-0.28065976000000004
295632.54,0.0,0.02627852433224076,2021-02-02,0.0,-0.3039882557993402,0.0,3,18903.20000000007,442610.9,738243.44,719340.24,0.0,0,-0.26175656
295632.54,0.0,-0.003603147492919123,2021-02-03,0.0,-0.30649608877049905,0.0,3,-2660.0,439950.9,735583.44,738243.44,0.0,0,-0.26441656
295632.54,0.0,-0.008578904386428277,2021-02-04,0.0,-0.312445592516551,0.0,3,-6310.5,433640.4,729272.94,735583.44,0.0,0,-0.27072706
304662.54,89.0,-0.0018411488022577194,2021-02-05,0.0,-0.31371148249037617,22.0,3,-1275.7000000000698,423267.69999999995,727930.24,729272.94,0.0,0,-0.27206976000000005
82879.64,1427.0,0.012828839203053555,2021-02-17,0.0,-0.3049071974523433,5379.900000000004,3,5385.600000000093,654389.1000000001,737268.7400000001,727930.24,0.0,0,-0.2627312599999999
82879.64,0.0,0.038726177377329085,2021-02-18,0.0,-0.277988910287178,0.0,3,28551.59999999986,682940.7,765820.34,737268.7400000001,0.0,0,-0.23417966
82879.64,0.0,0.001505313896468241,2021-02-19,0.0,-0.27690205696042913,0.0,3,1152.8000000000466,684093.5,766973.14,765820.34,0.0,0,-0.23302685999999995
82879.64,0.0,0.044565576312098676,2021-02-22,0.0,-0.2446767803987775,0.0,3,34180.59999999998,718274.1,801153.74,766973.14,0.0,0,-0.19884626000000005
82879.64,0.0,0.0035148060346070764,2021-02-23,0.0,-0.24202196578844426,0.0,3,2815.9000000000233,721090.0,803969.64,801153.74,0.0,0,-0.19603035999999996
82879.64,0.0,-0.028988159304124905,2021-02-24,0.0,-0.26399435379319625,0.0,3,-23305.599999999977,697784.4,780664.04,803969.64,0.0,0,-0.21933596
82879.64,0.0,0.015925416521042735,2021-02-25,0.0,-0.2522731573155137,0.0,3,12432.400000000023,710216.8,793096.4400000001,780664.04,0.0,0,-0.20690356
301271.09,1981.0,-0.00492216306001847,2021-02-26,0.0,-0.2559535907595595,911.5500000000218,2,-2834.3000000000466,487921.6,789192.69,793096.4400000001,0.0,0,-0.21080731000000008
301271.09,0.0,-0.02896821053930443,2021-03-02,0.0,-0.27750728379345,0.0,2,-22861.5,465060.1,766331.19,789192.69,0.0,0,-0.23366881000000006
78263.34,1314.0,0.02579648363261855,2021-03-03,0.0,-0.25886951226514165,4402.25,3,16680.400000000023,707836.5,786099.84,766331.19,0.0,0,-0.21390016
78263.34,0.0,-0.0006640377893983862,2021-03-04,0.0,-0.2593616509158728,0.0,3,-522.0,707314.5,785577.84,786099.84,0.0,0,-0.21442216000000003
78263.34,0.0,0.0074610047554293235,2021-03-05,0.0,-0.25383574467130277,0.0,3,5861.199999999953,713175.7,791439.0399999999,785577.84,0.0,0,-0.20856096000000013
78263.34,0.0,0.0009350056828130171,2021-03-08,0.0,-0.25313807685225864,0.0,3,740.0,713915.7,792179.0399999999,791439.0399999999,0.0,0,-0.20782096000000005
78263.34,0.0,-0.02852309750583648,2021-03-09,0.0,-0.2744408923095981,0.0,3,-22595.399999999907,691320.3,769583.64,792179.0399999999,0.0,0,-0.23041636
78263.34,0.0,-0.014643242676000812,2021-03-10,0.0,-0.28506543039929133,0.0,3,-11269.20000000007,680051.1,758314.44,769583.64,0.0,0,-0.24168556000000008
78263.34,0.0,0.04725005632228241,2021-03-11,0.0,-0.2512847317189112,0.0,3,35830.40000000002,715881.5,794144.84,758314.44,0.0,0,-0.20585516000000004
78263.34,0.0,-0.013057819528236259,2021-03-12,0.0,-0.2610613205701606,0.0,3,-10369.800000000047,705511.7,783775.0399999999,794144.84,0.0,0,-0.21622496000000013
78263.34,0.0,-0.009674587238705623,2021-03-15,0.0,-0.2682102472883584,0.0,3,-7582.699999999953,697929.0,776192.34,783775.0399999999,0.0,0,-0.22380766000000007
78263.34,0.0,0.023577790010141042,2021-03-16,0.0,-0.25095626216735034,0.0,3,18300.900000000023,716229.9,794493.24,776192.34,0.0,0,-0.20550676
78263.34,0.0,0.01684495138058062,2021-03-17,0.0,-0.2383386568216309,0.0,3,13383.199999999953,729613.1,807876.44,794493.24,0.0,0,-0.19212356000000008
78263.34,0.0,0.018470893890655038,2021-03-18,0.0,-0.22427009097116957,0.0,3,14922.20000000007,744535.3,822798.64,807876.44,0.0,0,-0.17720135999999997
78263.34,0.0,0.013365238425770753,2021-03-19,0.0,-0.2139022757829978,0.0,3,10996.899999999907,755532.2,833795.5399999999,822798.64,0.0,0,-0.1662044600000001
78263.34,0.0,0.0010107993621555345,2021-03-22,0.0,-0.21310768870476748,0.0,3,842.8000000000466,756375.0,834638.34,833795.5399999999,0.0,0,-0.16536166000000008
78263.34,0.0,-1.3778422879529018e-05,2021-03-23,0.0,-0.21311853083979315,0.0,3,-11.5,756363.5,834626.84,834638.34,0.0,0,-0.16537316000000002
78263.34,0.0,3.59442071140581e-05,2021-03-24,0.0,-0.21309024700929136,0.0,3,30.0,756393.5,834656.84,834626.84,0.0,0,-0.16534316000000004
78263.34,0.0,0.016808105232804404,2021-03-25,0.0,-0.1998637850723034,0.0,3,14029.0,770422.5,848685.84,834656.84,0.0,0,-0.1513141600000001
78263.34,0.0,0.0036397449496741174,2021-03-26,0.0,-0.19695149332496886,0.0,3,3089.0,773511.5,851774.84,848685.84,0.0,0,-0.14822516000000008
78263.34,0.0,0.017377597112401277,2021-03-29,0.0,-0.18299643991425474,0.0,3,14801.800000000047,788313.3,866576.64,851774.84,0.0,0,-0.13342336
78263.34,0.0,0.006397818431846947,2021-03-30,0.0,-0.17776939947865356,0.0,3,5544.199999999953,793857.5,872120.84,866576.64,0.0,0,-0.12787916
78263.34,0.0,0.021816357467160152,2021-03-31,0.0,-0.1598313227772421,0.0,3,19026.5,812884.0,891147.34,872120.84,0.0,0,-0.10885266000000005
78263.34,0.0,-0.023071605644920612,2021-04-01,0.0,-0.1792153631733402,0.0,3,-20560.199999999953,792323.8,870587.14,891147.34,0.0,0,-0.12941285999999996
78263.34,0.0,0.012232664038662522,2021-04-06,0.0,-0.1691749804629441,0.0,3,10649.599999999977,802973.4,881236.74,870587.14,0.0,0,-0.11876326000000004
78263.34,0.0,0.041532653302675415,2021-04-07,0.0,-0.13466861297132293,0.0,3,36600.09999999998,839573.5,917836.84,881236.74,0.0,0,-0.08216316000000001
78263.34,0.0,0.02654611248770533,2021-04-08,0.0,-0.11169742863211762,0.0,3,24365.0,863938.5,942201.84,917836.84,0.0,0,-0.05779816000000004
78263.34,0.0,-0.028840211137774907,2021-04-09,0.0,-0.1373162623445957,0.0,3,-27173.300000000047,836765.2,915028.5399999999,942201.84,0.0,0,-0.08497146000000011
78263.34,0.0,-0.03462591450972663,2021-04-12,0.0,-0.16718747569358317,0.0,3,-31683.699999999953,805081.5,883344.84,915028.5399999999,0.0,0,-0.11665515999999998
78263.34,0.0,-0.02380882193187428,2021-04-13,0.0,-0.18701576078742943,0.0,3,-21031.400000000023,784050.1,862313.44,883344.84,0.0,0,-0.13768656
78263.34,0.0,-0.022978187606585432,2021-04-14,0.0,-0.20569666515725293,0.0,3,-19814.400000000023,764235.7,842499.0399999999,862313.44,0.0,0,-0.15750096000000013
78263.34,0.0,0.04535981429723668,2021-04-15,0.0,-0.1696672133931102,0.0,3,38215.60000000009,802451.3,880714.64,842499.0399999999,0.0,0,-0.11928536000000001
300278.34,2015.0,-0.001204930577740848,2021-04-16,0.0,-0.17066770675739362,2600.0000000000255,3,-1646.2000000000698,579375.1,879653.44,880714.64,0.0,0,-0.1203465600000001
304543.34,52.0,-0.005417701771279315,2021-04-19,0.0,-0.17516078179147332,32.99999999999983,3,-4746.699999999953,570344.4,874887.74,879653.44,0.0,0,-0.12511225999999998
307314.24,41.0,0.04989794462087205,2021-04-20,0.0,-0.13400300016018074,-27.30000000000011,3,43723.40000000002,611228.6,918542.84,874887.74,0.0,0,-0.08145716000000003
311358.69,51.0,0.026232146123962963,2021-04-21,0.0,-0.11128604031746903,37.049999999999514,3,24109.300000000047,631279.5,942638.19,918542.84,0.0,0,-0.05736181000000007
313074.44,33.0,-0.031550546450913486,2021-04-22,0.0,-0.13932545138400798,71.25000000000021,2,-29779.0,599823.0,912897.44,942638.19,0.0,0,-0.08710256000000005
313074.44,0.0,0.034848383406574035,2021-04-23,0.0,-0.10933233472555781,0.0,2,31813.0,631636.0,944710.44,912897.44,0.0,0,-0.05528956000000007
9423.44,1789.0,0.02553639610460956,2021-04-26,0.0,-0.08658789242754183,9355.0,3,16558.5,959411.5,968834.94,944710.44,0.0,0,-0.031165060000000078
9423.44,0.0,-0.03174121693009957,2021-04-27,0.0,-0.11558070428057865,0.0,3,-30752.0,928659.5,938082.94,968834.94,0.0,0,-0.06191706000000008
9423.44,0.0,0.02116017587954433,2021-04-28,0.0,-0.09686623643189296,0.0,3,19850.0,948509.5,957932.94,938082.94,0.0,0,-0.042067060000000045
9423.44,0.0,0.023014137085629383,2021-04-29,0.0,-0.07608139219047616,0.0,3,22046.0,970555.5,979978.94,957932.94,0.0,0,-0.020021060000000035
9423.44,0.0,-0.025956680252740894,2021-05-03,0.0,-0.10006325207294553,0.0,3,-25437.0,945118.5,954541.94,979978.94,0.0,0,-0.04545806000000008
9423.44,0.0,-0.05790421319779826,2021-05-04,0.0,-0.15217338138944692,0.0,3,-55272.0,889846.5,899269.94,954541.94,0.0,0,-0.10073006000000007
9423.44,0.0,-0.07084958271817698,2021-05-05,0.0,-0.21224154353536762,0.0,3,-63712.90000000002,826133.6,835557.0399999999,899269.94,0.0,0,-0.16444296000000003
9423.44,0.0,-0.025548824290918537,2021-05-06,0.0,-0.23236784592326776,0.0,3,-21347.5,804786.1,814209.5399999999,835557.0399999999,0.0,0,-0.1857904600000001
9423.44,0.0,0.06889061997480406,2021-05-07,0.0,-0.1794851909163273,0.0,3,56091.40000000002,860877.5,870300.94,814209.5399999999,0.0,0,-0.1296990600000001
9423.44,0.0,-0.049218492168927264,2021-05-10,0.0,-0.21986969262170086,0.0,3,-42834.90000000002,818042.6,827466.0399999999,870300.94,0.0,0,-0.1725339600000001
9423.44,0.0,-0.09816475368584299,2021-05-11,0.0,-0.29645099208835257,0.0,3,-81227.99999999988,736814.6000000001,746238.04,827466.0399999999,0.0,0,-0.25376195999999995
249723.84,2164.0,-0.07338623477302242,2021-05-12,0.0,-0.3480818047572838,11163.400000000001,3,-63763.00000000012,441750.6,691474.44,746238.04,0.0,0,-0.3085255600000001
413815.64,1503.0,0.004881163792547438,2021-05-13,0.0,-0.34489968526696213,-8829.0,2,13707.200000000012,281034.0,694849.64,691474.44,0.0,0,-0.30515035999999995
416863.99,43.0,0.007201198233332873,2021-05-14,0.0,-0.34018217803785067,123.94999999999979,2,4922.799999999988,282989.4,699853.39,694849.64,0.0,0,-0.30014661
419000.79,36.0,-0.016860674204921877,2021-05-17,0.0,-0.3513071513685556,89.59999999999968,2,-11853.600000000035,269052.6,688053.3899999999,699853.39,0.0,0,-0.3119466100000001
421963.59,43.0,0.023864427148596823,2021-05-18,0.0,-0.3358264681405747,-102.60000000000011,2,16565.600000000035,282509.8,704473.39,688053.3899999999,0.0,0,-0.29552661
422957.39,28.0,0.03475532269572312,2021-05-19,0.0,-0.3127429027148422,16.200000000000102,2,24496.0,306000.2,728957.5900000001,704473.39,0.0,0,-0.27104240999999996
423913.19,27.0,-0.03926524724161262,2021-05-20,0.0,-0.33972822255829693,15.600000000000136,2,-28611.29999999999,276421.7,700334.89,728957.5900000001,0.0,0,-0.29966510999999996
425399.59,31.0,0.010436292842699979,2021-05-21,0.0,-0.3328374329331454,-27.0,2,7366.899999999965,282244.2,707643.79,700334.89,0.0,0,-0.29235621
427508.59,36.0,0.03258673406856305,2021-05-24,0.0,-0.3110967837796379,-30.00000000000007,2,23125.79999999999,303195.0,730703.5900000001,707643.79,0.0,0,-0.26929640999999993
430709.09,44.0,0.015282530635986058,2021-05-25,0.0,-0.3005685992725209,-27.9999999999999,2,11239.0,311161.5,741870.5900000001,730703.5900000001,0.0,0,-0.2581294099999999
431980.69,29.0,-0.014773331289490987,2021-05-26,0.0,-0.3109015310697407,-4.19999999999996,2,-10926.700000000012,298930.0,730910.69,741870.5900000001,0.0,0,-0.26908931
435144.44,44.0,-0.006182355877159207,2021-05-27,0.0,-0.31516178303907305,99.7500000000003,2,-4574.5,291247.5,726391.94,730910.69,0.0,0,-0.27360806000000004
437106.94,34.0,0.01427714079536746,2021-05-28,0.0,-0.3053842513934736,36.300000000000125,2,10368.5,299655.8,736762.74,726391.94,0.0,0,-0.26323726000000003
439903.99,41.0,0.03366843714165024,2021-05-31,0.0,-0.28199762472391443,-35.649999999999736,2,24882.29999999999,321664.4,761568.39,736762.74,0.0,0,-0.23843161000000002
442745.99,41.0,-0.002204660831576777,2021-06-01,0.0,-0.28358057643766466,18.599999999999824,2,-1656.600000000035,317143.4,759889.39,761568.39,0.0,0,-0.24011061
448041.39,61.0,-0.01843689382213909,2021-06-02,0.0,-0.2967891252820015,182.0,1,-14131.0,297838.0,745879.39,759889.39,0.0,0,-0.25412060999999997
748381.14,2705.0,0.0033540945540806444,2021-06-03,0.0,-0.29443048951673956,1945.75,0,3261.0,0.0,748381.14,745879.39,0.0,0,-0.25161886
748381.14,0.0,0.0,2021-06-04,0.0,-0.29443048951673956,0.0,0,0.0,0.0,748381.14,748381.14,0.0,0,-0.25161886
748381.14,0.0,0.0,2021-06-07,0.0,-0.29443048951673956,0.0,0,0.0,0.0,748381.14,748381.14,0.0,0,-0.25161886
318934.49,2548.0,-0.0363542699646332,2021-06-08,0.0,-0.3200809539796622,-24658.850000000006,2,0.0,402239.8,721174.29,748381.14,0.0,0,-0.27882571
318934.49,0.0,-0.019979913593425547,2021-06-09,0.0,-0.3336656777696728,0.0,2,-14408.999999999942,387830.80000000005,706765.29,721174.29,0.0,0,-0.29323471
318934.49,0.0,-0.00316936899943121,2021-06-10,0.0,-0.33577753711380665,0.0,2,-2240.000000000058,385590.8,704525.29,706765.29,0.0,0,-0.2954747099999999
318934.49,0.0,0.006402183234614611,2021-06-11,0.0,-0.33152506319786224,0.0,2,4510.500000000058,390101.30000000005,709035.79,704525.29,0.0,0,-0.29096420999999995
318934.49,0.0,0.009776798432135525,2021-06-15,0.0,-0.3249895184838132,0.0,2,6932.099999999977,397033.4,715967.89,709035.79,0.0,0,-0.28403210999999995
318934.49,0.0,0.006257543197921933,2021-06-16,0.0,-0.3207656112366756,0.0,2,4480.199999999953,401513.6,720448.09,715967.89,0.0,0,-0.27955191
97231.49,1314.0,0.03574803009055105,2021-06-17,0.0,-0.2964843198686272,2609.400000000026,3,24459.20000000007,648971.2000000001,746202.6900000001,720448.09,0.0,0,-0.25379730999999994
97231.49,0.0,-0.0018691972284369252,2021-06-18,0.0,-0.2977993294280906,0.0,3,-1394.800000000163,647576.3999999999,744807.8899999999,746202.6900000001,0.0,0,-0.2551921100000001
97231.49,0.0,-0.008847516370966257,2021-06-21,0.0,-0.30401206135667913,0.0,3,-6589.699999999837,640986.7000000001,738218.1900000001,744807.8899999999,0.0,0,-0.2617818099999999
97231.49,0.0,0.04395516182011172,2021-06-22,0.0,-0.2734197988887659,0.0,3,32448.5,673435.2000000001,770666.6900000001,738218.1900000001,0.0,0,-0.2293333099999999
97231.49,0.0,0.028568641003544393,2021-06-23,0.0,-0.2526623899629359,0.0,3,22016.899999999907,695452.1,792683.59,770666.6900000001,0.0,0,-0.20731641
97231.49,0.0,0.016974616568005363,2021-06-24,0.0,-0.23997662058570723,0.0,3,13455.5,708907.6,806139.09,792683.59,0.0,0,-0.19386091000000005
97231.49,0.0,-0.0059461202904822485,2021-06-25,0.0,-0.24449581102328344,0.0,3,-4793.399999999907,704114.2000000001,801345.6900000001,806139.09,0.0,0,-0.1986543099999999
97231.49,0.0,0.011469207502694534,2021-06-28,0.0,-0.23583077671075459,0.0,3,9190.79999999993,713305.0,810536.49,801345.6900000001,0.0,0,-0.18946351000000006
97231.49,0.0,-0.02069752590657592,2021-06-29,0.0,-0.2516471890067916,0.0,3,-16776.100000000093,696528.8999999999,793760.3899999999,810536.49,0.0,0,-0.20623961000000013
97231.49,0.0,0.004146465408786604,2021-06-30,0.0,-0.24854416996244,0.0,3,3291.3000000000466,699820.2,797051.69,793760.3899999999,0.0,0,-0.20294831000000002
97231.49,0.0,-0.010459045636048936,2021-07-01,0.0,-0.25640368078227793,0.0,3,-8336.399999999907,691483.8,788715.29,797051.69,0.0,0,-0.21128470999999993
97231.49,0.0,0.025408154569946273,2021-07-02,0.0,-0.23751027056595098,0.0,3,20039.79999999993,711523.6,808755.09,788715.29,0.0,0,-0.19124491
97231.49,0.0,0.05290402561794072,2021-07-05,0.0,-0.19717149438655523,0.0,3,42786.40000000002,754310.0,851541.49,808755.09,0.0,0,-0.14845851
97231.49,0.0,0.004976974169514703,2021-07-06,0.0,-0.1931758376515672,0.0,3,4238.099999999977,758548.1,855779.59,851541.49,0.0,0,-0.14422041000000008
97231.49,0.0,0.005383746064801409,2021-07-07,0.0,-0.18883210124253702,0.0,3,4607.29999999993,763155.3999999999,860386.8899999999,855779.59,0.0,0,-0.1396131100000001
97231.49,0.0,0.01026398716977206,2021-07-08,0.0,-0.18050628433715954,0.0,3,8831.0,771986.3999999999,869217.8899999999,860386.8899999999,0.0,0,-0.13078211000000006
97231.49,0.0,0.005531064253636142,2021-07-09,0.0,-0.1759736119403773,0.0,3,4807.70000000007,776794.1,874025.59,869217.8899999999,0.0,0,-0.12597440999999998
97231.49,0.0,0.004033863585161335,2021-07-12,0.0,-0.1726496019003716,0.0,3,3525.70000000007,780319.8,877551.29,874025.59,0.0,0,-0.12244871000000002
97231.49,0.0,-0.022817013920633733,2021-07-13,0.0,-0.19152726745105275,0.0,3,-20023.100000000093,760296.7,857528.19,877551.29,0.0,0,-0.1424718100000001
97231.49,0.0,0.0005850536528717587,2021-07-14,0.0,-0.19105426752562782,0.0,3,501.69999999995343,760798.3999999999,858029.8899999999,857528.19,0.0,0,-0.14197011000000015
97231.49,0.0,-0.010531334753384858,2021-07-15,0.0,-0.19957354583163744,0.0,3,-9036.199999999953,751762.2,848993.69,858029.8899999999,0.0,0,-0.1510063100000001
97231.49,0.0,0.014520013688205324,2021-07-16,0.0,-0.18795134276071113,0.0,3,12327.400000000023,764089.6,861321.09,848993.69,0.0,0,-0.13867891
97231.49,0.0,0.010749649703805542,2021-07-19,0.0,-0.17922210415294304,0.0,3,9258.900000000023,773348.5,870579.99,861321.09,0.0,0,-0.12942001000000003
97231.49,0.0,-0.005484045182338693,2021-07-20,0.0,-0.18372328721843323,0.0,3,-4774.29999999993,768574.2000000001,865805.6900000001,870579.99,0.0,0,-0.13419430999999993
97231.49,0.0,-0.010917230169739445,2021-07-21,0.0,-0.19263476797406787,0.0,3,-9452.20000000007,759122.0,856353.49,865805.6900000001,0.0,0,-0.14364651000000006
97231.49,0.0,0.03881095877824947,2021-07-22,0.0,-0.16130014923491764,0.0,3,33235.90000000002,792357.9,889589.39,856353.49,0.0,0,-0.11041060999999996
97231.49,0.0,-0.01719366279761958,2021-07-23,0.0,-0.17572047165738625,0.0,3,-15295.300000000047,777062.6,874294.09,889589.39,0.0,0,-0.1257059100000001
97231.49,0.0,0.019788650292717813,2021-07-26,8411.6,-0.15940909232756784,0.0,3,8889.499999999976,785952.1,891595.19,874294.09,8411.6,0,-0.10840481000000002
97231.49,0.0,-0.025767187012303183,2021-07-27,0.0,-0.1810687554464051,0.0,3,-22973.900000000023,762978.2,868621.2899999999,891595.19,8411.6,0,-0.13137871000000012
97231.49,0.0,-0.04311096266129966,2021-07-28,0.0,-0.21637366975252692,0.0,3,-37447.09999999998,725531.1,831174.19,868621.2899999999,8411.6,0,-0.16882581000000008
97231.49,0.0,0.028011216277059825,2021-07-29,0.0,-0.1944233431355663,0.0,3,23282.199999999953,748813.2999999999,854456.3899999999,831174.19,8411.6,0,-0.14554361000000016
97231.49,0.0,-0.009836780552369695,2021-07-30,0.0,-0.20234762392725325,0.0,3,-8405.099999999977,740408.2,846051.2899999999,854456.3899999999,8411.6,0,-0.1539487100000001
97231.49,0.0,0.03122340254336109,2021-08-02,0.0,-0.17744220269946542,0.0,3,26416.599999999977,766824.7999999999,872467.8899999999,846051.2899999999,8411.6,0,-0.1275321100000001
97231.49,0.0,0.01687213955805289,2021-08-03,0.0,-0.16356389274884608,0.0,3,14720.400000000023,781545.2,887188.2899999999,872467.8899999999,8411.6,0,-0.11281171000000012
97231.49,0.0,-0.007493448769482769,2021-08-04,0.0,-0.16983168386747816,0.0,3,-6648.099999999977,774897.1,880540.19,887188.2899999999,8411.6,0,-0.11945981000000006
97231.49,0.0,0.00840029800343367,2021-08-05,0.0,-0.16285802261895632,0.0,3,7396.800000000047,782293.9,887936.99,880540.19,8411.6,0,-0.11206300999999996
97231.49,0.0,-0.007652457411420621,2021-08-06,0.0,-0.1692642159481772,0.0,3,-6794.900000000023,775499.0,881142.09,887936.99,8411.6,0,-0.11885791000000001
97231.49,0.0,-0.03597524208609748,2021-08-09,0.0,-0.1991501368890256,0.0,3,-31699.29999999993,743799.7000000001,849442.79,881142.09,8411.6,0,-0.15055721
97231.49,0.0,-0.0005849717083361572,2021-08-10,0.0,-0.19961861140157044,0.0,3,-496.9000000001397,743302.7999999999,848945.8899999999,849442.79,8411.6,0,-0.15105411000000013
97231.49,0.0,-0.040057676703046385,2021-08-11,0.0,-0.23168003030518158,0.0,3,-34006.79999999993,709296.0,814939.09,848945.8899999999,8411.6,0,-0.18506091000000002
97231.49,0.0,0.031668010918460165,2021-08-12,0.0,-0.20734886511601514,0.0,3,25807.5,735103.5,840746.59,814939.09,8411.6,0,-0.15925341000000004
97231.49,0.0,-0.022744546605892313,2021-08-13,0.0,-0.22537735579559726,0.0,3,-19122.400000000023,715981.1,821624.19,840746.59,8411.6,0,-0.17837581000000002
97231.49,0.0,-0.021969776717503775,2021-08-16,0.0,-0.2423956423290904,0.0,3,-18050.899999999907,697930.2000000001,803573.29,821624.19,8411.6,0,-0.19642671
97231.49,0.0,-0.03509374981838931,2021-08-17,0.0,-0.2689828201185148,0.0,3,-28200.400000000023,669729.8,775372.89,803573.29,8411.6,0,-0.22462711000000002
97231.49,0.0,0.05304518707121675,2021-08-18,0.0,-0.2302058770594282,0.0,3,41129.79999999993,710859.6,816502.69,775372.89,8411.6,0,-0.18349731000000002
97231.49,0.0,-0.016839136194395143,2021-08-19,0.0,-0.24316854513726938,0.0,3,-13749.199999999953,697110.4,802753.49,816502.69,8411.6,0,-0.19724651000000004
97231.49,0.0,0.020647808083649632,2021-08-20,0.0,-0.2275416345055944,0.0,3,16575.099999999977,713685.5,819328.59,802753.49,8411.6,0,-0.1806714100000001
97231.49,0.0,0.030703920633356585,2021-08-23,0.0,-0.2038241341588818,0.0,3,25156.599999999977,738842.1,844485.19,819328.59,8411.6,0,-0.15551481
97231.49,0.0,0.006409348635231904,2021-08-24,0.0,-0.1987211654597485,0.0,3,5412.599999999977,744254.7,849897.7899999999,844485.19,8411.6,0,-0.15010221000000012
97231.49,0.0,-0.0065727903587088354,2021-08-25,0.0,-0.2039878032580521,0.0,3,-5586.199999999953,738668.5,844311.59,849897.7899999999,8411.6,0,-0.15568841
105643.09,0.0,0.0031705119670333293,2021-08-26,0.0,-0.20146403706237725,0.0,3,2676.900000000047,741345.4,846988.49,844311.59,0.0,0,-0.15301151000000002
105643.09,0.0,-2.5974378943471876e-05,2021-08-27,0.0,-0.20148477853807856,0.0,3,-22.0,741323.4,846966.49,846988.49,0.0,0,-0.15303350999999998
105643.09,0.0,0.0023024523673893516,2021-08-30,11442.2,-0.1996462352760271,0.0,3,-9492.100000000024,731831.3,848916.59,846966.49,11442.2,0,-0.15108341000000003
105643.09,0.0,-0.0056205757505575216,2021-08-31,0.0,-0.2041446842379021,0.0,3,-4771.400000000023,727059.9,844145.19,848916.59,11442.2,0,-0.15585481
105643.09,0.0,-0.012203469405541512,2021-09-01,0.0,-0.21385688023504246,0.0,3,-10301.5,716758.4,833843.69,844145.19,11442.2,0,-0.16615631000000008
105643.09,0.0,-0.024227082656223087,2021-09-02,0.0,-0.23290283457720917,0.0,3,-20201.600000000093,696556.7999999999,813642.0899999999,833843.69,11442.2,0,-0.18635791000000013
105643.09,0.0,-0.0026043392125891796,2021-09-03,0.0,-0.23490061580498578,0.0,3,-2119.0,694437.7999999999,811523.0899999999,813642.0899999999,11442.2,0,-0.1884769100000001
567184.34,4176.0,0.007091233842773326,2021-09-06,0.0,-0.22947511715869695,7904.799999999995,3,2025.9000000001397,238651.25000000003,817277.7899999999,811523.0899999999,11442.2,0,-0.1827222100000001
319484.31,1509.0,-0.0002404078544699928,2021-09-07,0.0,-0.2296603573925965,1227.4249999999731,3,85.10000000000582,486154.80000000005,817081.31,817277.7899999999,11442.2,0,-0.18291868999999994
74525.06,1469.0,-0.0024842692828209723,2021-09-08,0.0,-0.23157408850406536,-1709.5500000000368,4,1148.6999999999534,729084.2,815051.46,817081.31,11442.2,0,-0.18494854000000005
74656.69,21.0,0.017291889766076984,2021-09-09,0.0,-0.21828655234908056,0.37500000000000533,4,14114.400000000023,743046.35,829145.24,815051.46,11442.2,0,-0.17085476
74878.29,22.0,0.01728213503342313,2021-09-10,0.0,-0.2047768749893346,-4.263256414560601e-14,4,14351.400000000023,757154.15,843474.64,829145.24,11442.2,0,-0.15652535999999995
75118.89,22.0,0.010241979533611056,2021-09-13,0.0,-0.19663221601832115,-2.5999999999999446,4,8663.449999999953,765552.4,852113.49,843474.64,11442.2,0,-0.14788650999999997
316629.24,2204.0,0.006268824590489608,2021-09-14,0.0,-0.19159604429888955,1053.250000000026,4,6492.499999999884,529383.8,857455.24,852113.49,11442.2,0,-0.14254476000000005
319961.94,65.0,0.006238343123309731,2021-09-15,0.0,-0.18655294304098513,42.800000000000125,3,5371.29999999993,531400.2,862804.3399999999,857455.24,11442.2,0,-0.13719566000000016
319983.24,21.0,-0.005217173571472666,2021-09-16,0.0,-0.19079683752834398,0.29999999999999716,2,-4480.699999999953,526877.5,858302.94,862804.3399999999,11442.2,0,-0.14169706000000004
319983.24,0.0,-0.002900957090977707,2021-09-17,0.0,-0.1931443011805577,0.0,2,-2489.9000000000233,524387.6,855813.0399999999,858302.94,11442.2,0,-0.1441869600000001
63847.74,1510.0,-0.016122913948588558,2021-09-22,0.0,-0.20615316618155188,1817.5,3,-14105.699999999895,766724.9,842014.84,855813.0399999999,11442.2,0,-0.15798516000000007
63847.74,0.0,0.007544047560966938,2021-09-23,0.0,-0.2001643479111025,0.0,3,6352.199999999953,694313.2,848367.0399999999,842014.84,90206.1,0,-0.15163296000000004
75289.94,0.0,0.02302163931309731,2021-09-24,0.0,-0.18175082001895593,0.0,3,19530.799999999977,715519.7,867897.8399999999,848367.0399999999,77088.2,0,-0.1321021600000002
75289.94,0.0,-0.015617851981288289,2021-09-27,0.0,-0.19453011459571046,0.0,3,-13554.699999999837,706734.3,854343.14,867897.8399999999,72318.90000000001,0,-0.14565686
75289.94,0.0,-0.021325155136143525,2021-09-28,0.0,-0.21170688485944866,0.0,3,-18219.000000000116,686195.1,836124.14,854343.14,74639.09999999999,0,-0.16387585999999998
75289.94,0.0,-0.006488390587550907,2021-09-29,0.0,-0.21682163848795777,0.0,3,-5425.099999999977,681414.5,830699.0399999999,836124.14,73994.59999999999,0,-0.16930096000000006
75289.94,0.0,-0.0022643579797564373,2021-09-30,0.0,-0.21859503466042007,0.0,3,-1881.0,679533.5,828818.0399999999,830699.0399999999,73994.59999999999,0,-0.17118196000000008
75289.94,0.0,-0.015632261093158517,2021-10-01,0.0,-0.23081016109809893,0.0,3,-12956.29999999993,668381.8,815861.74,828818.0399999999,72190.0,0,-0.18413826
75289.94,0.0,-0.03543259670443677,2021-10-04,0.0,-0.25806455444906073,0.0,3,-28908.100000000093,640376.0,786953.6399999999,815861.74,71287.7,0,-0.2130463600000001
75289.94,0.0,0.030274845669435058,2021-10-05,0.0,-0.23560257333832257,0.0,3,23824.900000000023,663298.6,810778.54,786953.6399999999,72190.0,0,-0.18922145999999995
75289.94,0.0,-0.001143098829428868,2021-10-06,0.0,-0.23647635514195797,0.0,3,-926.8000000000466,663274.1,809851.74,810778.54,71287.7,0,-0.19014825999999996
75289.94,0.0,0.023978339541506744,2021-10-07,0.0,-0.21816832593758295,0.0,3,19418.900000000023,681275.1,829270.64,809851.74,72705.59999999999,0,-0.17072935999999994
75289.94,0.0,0.007459325944543238,2021-10-08,0.0,-0.21233638864698356,0.0,3,6185.79999999993,686945.2999999999,835456.44,829270.64,73221.2,0,-0.16454356000000003
75289.94,0.0,-0.009253624282314465,2021-10-12,0.0,-0.21962513176729537,0.0,3,-7731.0,681147.7999999999,827725.44,835456.44,71287.7,0,-0.17227456000000008
75289.94,0.0,-0.03569251175848853,2021-10-13,0.0,-0.24747867092772013,0.0,3,-29543.599999999977,652248.7,798181.8399999999,827725.44,70643.2,0,-0.2018181600000002
75289.94,0.0,0.0041900226645097405,2021-10-14,0.0,-0.24432558950338024,0.0,3,3344.4000000001397,655979.8,801526.24,798181.8399999999,70256.5,0,-0.19847376000000005
75289.94,0.0,0.012973998206222248,2021-10-15,0.0,-0.23452147105710908,0.0,3,10399.0,665476.5,811925.24,801526.24,71158.8,0,-0.18807476
75289.94,0.0,-0.0041412679817663944,2021-10-18,0.0,-0.23769152277974992,0.0,3,-3362.4000000000233,660567.3,808562.84,811925.24,72705.59999999999,0,-0.19143716
75289.94,0.0,0.019230045249173378,2021-10-19,0.0,-0.22303229626897614,0.0,3,15548.699999999953,675342.6,824111.54,808562.84,73479.0,0,-0.1758884599999999
75289.94,0.0,0.025583187440864963,2021-10-20,0.0,-0.20315498586892689,0.0,3,21083.399999999907,696039.2999999999,845194.94,824111.54,73865.7,0,-0.15480506000000005
75289.94,0.0,8.518744800012357e-06,2021-10-21,0.0,-0.20314819774960624,0.0,3,7.2000000001862645,694886.4,845202.1400000001,845194.94,75025.8,0,-0.15479785999999984
75289.94,0.0,0.026088315393995254,2021-10-22,0.0,-0.18235967661022456,0.0,3,22049.89999999979,713584.8999999999,867252.0399999998,845202.1400000001,78377.2,0,-0.13274796000000022
75289.94,0.0,0.011180371509993847,2021-10-25,0.0,-0.1732181540331753,0.0,3,9696.20000000007,721863.2,876948.2399999999,867252.0399999998,79795.09999999999,0,-0.12305176000000018
75289.94,0.0,0.009076704458635065,2021-10-26,0.0,-0.1657136995655697,0.0,3,7959.800000000163,722991.3,884908.04,876948.2399999999,86626.8,0,-0.11509196
75289.94,0.0,0.01764318922901853,2021-10-27,0.0,-0.15099422849582722,0.0,3,15612.59999999986,735123.6,900520.64,884908.04,90107.1,0,-0.09947936000000002
75289.94,0.0,-0.014992993386581333,2021-10-28,0.0,-0.16372336641315866,0.0,3,-13501.5,721622.1,887019.14,900520.64,90107.1,0,-0.11298085999999996
75289.94,0.0,-0.0023768370995918,2021-10-29,0.0,-0.16571105974138967,0.0,3,-2108.29999999993,718224.8,884910.84,887019.14,91396.1,0,-0.11508916000000002
75289.94,0.0,0.010958731164373514,2021-11-01,0.0,-0.15656831153168538,0.0,3,9697.5,727922.3,894608.34,884910.84,91396.1,0,-0.10539166
75289.94,0.0,-0.012592773279980762,2021-11-02,0.0,-0.16718945556171827,0.0,3,-11265.599999999977,720137.0,883342.74,894608.34,87915.8,0,-0.11665725999999998
75289.94,0.0,0.024547549912506295,2021-11-03,0.0,-0.14674599715445802,0.0,3,21683.900000000023,740016.3,905026.64,883342.74,89720.4,0,-0.09497336
75289.94,0.0,-0.02835684483276657,2021-11-04,0.0,-0.17094158851608598,0.0,3,-25663.70000000007,715770.5,879362.94,905026.64,88302.5,0,-0.12063706000000007
75289.94,0.0,-0.0027070733729124274,2021-11-05,0.0,-0.1731859104664032,0.0,3,-2380.5,715323.5,876982.44,879362.94,86369.0,0,-0.12301756000000008
75289.94,0.0,0.0072728936282919765,2021-11-08,0.0,-0.16717257954285225,0.0,3,6378.199999999953,721057.2,883360.6399999999,876982.44,87013.5,0,-0.11663936000000008
75295.94,0.0,-0.004637403812784768,2021-11-09,0.0,-0.17103473659787194,0.0,3,-4096.5,803968.2,879264.1399999999,883360.6399999999,0.0,0,-0.12073586000000014
75295.94,0.0,0.02599582873924544,2021-11-10,0.0,-0.14948509757968675,0.0,3,22857.199999999953,826825.3999999999,902121.3399999999,879264.1399999999,0.0,0,-0.09787866000000012
75295.94,0.0,0.031471043573805924,2021-11-11,0.0,-0.12271850602544576,0.0,3,28390.700000000186,855216.1000000001,930512.04,902121.3399999999,0.0,0,-0.06948796000000002
75295.94,0.0,0.019187822652998676,2021-11-12,0.0,-0.10588538430230432,0.0,3,17854.499999999884,873070.6,948366.54,930512.04,0.0,0,-0.05163345999999991
75295.94,0.0,0.03910344622660333,2021-11-15,0.0,-0.07092242150694927,0.0,3,37084.40000000002,910155.0,985450.94,948366.54,0.0,0,-0.014549060000000003
75295.94,0.0,-0.030285120028400447,2021-11-16,0.0,-0.09905964748730689,0.0,3,-29844.5,880310.5,955606.44,985450.94,0.0,0,-0.044393560000000054
75295.94,0.0,0.00755844634115288,2021-11-17,0.0,-0.09224993817626037,0.0,3,7222.900000000023,887533.4,962829.3400000001,955606.44,0.0,0,-0.03717065999999991
75295.94,0.0,-0.002552373403992836,2021-11-18,0.0,-0.09456685529153219,0.0,3,-2457.5,885075.9,960371.8400000001,962829.3400000001,0.0,0,-0.03962815999999991
75295.94,0.0,-0.012811704266547652,2021-11-19,0.0,-0.10616699697466736,0.0,3,-12304.000000000116,872771.8999999999,948067.8399999999,960371.8400000001,0.0,0,-0.051932160000000116
75295.94,0.0,0.007337027696246112,2021-11-22,0.0,-0.09960891947565165,0.0,3,6956.000000000116,879727.9,955023.8400000001,948067.8399999999,0.0,0,-0.04497615999999993
75295.94,0.0,-0.017034443873149896,2021-11-23,0.0,-0.11494658080072839,0.0,3,-16268.300000000047,863459.6,938755.54,955023.8400000001,0.0,0,-0.061244459999999945
75295.94,0.0,0.009608358742681622,2021-11-24,0.0,-0.10644267004262464,0.0,3,9019.900000000023,872479.5,947775.44,938755.54,0.0,0,-0.052224560000000086
75295.94,0.0,-0.009887679722952125,2021-11-25,0.0,-0.11527787873533946,0.0,3,-9371.300000000047,863108.2,938404.1399999999,947775.44,0.0,0,-0.06159586000000006
75295.94,0.0,-0.015008565499295301,2021-11-26,0.0,-0.12855628864101565,0.0,3,-14084.09999999986,849024.1000000001,924320.04,938404.1399999999,0.0,0,-0.07567995999999999
75295.94,0.0,0.013251687153726266,2021-11-29,0.0,-0.1170081892060042,0.0,3,12248.799999999814,861272.8999999999,936568.8399999999,924320.04,0.0,0,-0.06343116000000015
75295.94,0.0,0.010612567464875378,2021-11-30,0.0,-0.10763737904302029,0.0,3,9939.40000000014,871212.3,946508.24,936568.8399999999,0.0,0,-0.05349176
75295.94,0.0,0.00555494371607379,2021-12-01,0.0,-0.1026803549092763,0.0,3,5257.79999999993,876470.1,951766.04,946508.24,0.0,0,-0.04823395999999991
75295.94,0.0,-0.02170291766241217,2021-12-02,0.0,-0.12215480928354516,0.0,3,-20656.099999999977,855814.0,931109.94,951766.04,0.0,0,-0.06889006000000009
75295.94,0.0,0.014716307292348407,2021-12-03,0.0,-0.10923616970185168,0.0,3,13702.5,869516.5,944812.44,931109.94,0.0,0,-0.055187560000000024
75295.94,0.0,-0.00920161466121261,2021-12-06,0.0,-0.117432635222401,0.0,3,-8693.800000000047,860822.7,936118.6399999999,944812.44,0.0,0,-0.06388136000000011
75295.94,0.0,0.01283127959080077,2021-12-07,0.0,-0.10610816660722344,0.0,3,12011.600000000093,872834.3,948130.24,936118.6399999999,0.0,0,-0.05186975999999999
313007.59,2143.0,-0.0003821732339217565,2021-12-08,0.0,-0.10644978813996742,-1597.3499999999995,2,3378.0,634760.3,947767.8900000001,948130.24,0.0,0,-0.05223210999999983
594520.84,2536.0,-0.007939760440713095,2021-12-09,0.0,-0.11354436276388458,1105.25,2,-6094.300000000047,345722.0,940242.84,947767.8900000001,0.0,0,-0.05975716000000009
469807.49,833.0,-0.0027475348815205747,2021-12-10,0.0,-0.1159799305481114,831.25,2,-2581.5999999999767,467852.0,937659.49,940242.84,0.0,0,-0.06234050999999996
169117.59,1783.0,-0.01895080270557492,2021-12-13,0.0,-0.1327328204720628,11770.099999999991,3,-27756.5,750772.5,919890.09,937659.49,0.0,0,-0.08010991
169117.59,0.0,-0.03331680635889889,2021-12-14,0.0,-0.16162739315382346,0.0,3,-30647.800000000047,720124.7,889242.2899999999,919890.09,0.0,0,-0.11075771000000012
169117.59,0.0,-0.005076794087244818,2021-12-15,0.0,-0.16588363824716812,0.0,3,-4514.5,715610.2,884727.7899999999,889242.2899999999,0.0,0,-0.1152722100000001
169117.59,0.0,0.0025115069574110915,2021-12-16,0.0,-0.16378874920133535,0.0,3,2222.0,717832.2,886949.7899999999,884727.7899999999,0.0,0,-0.11305021000000004
169117.59,0.0,-0.012122219455060645,2021-12-17,0.0,-0.17392548549430753,0.0,3,-10751.79999999993,707080.4,876197.99,886949.7899999999,0.0,0,-0.12380201000000002
436156.04,2423.0,-0.012324554636332863,2021-12-20,0.0,-0.18410648598201507,2114.85000000003,3,-10490.599999999977,429243.2,865399.24,876197.99,0.0,0,-0.13460075999999999
688226.04,2292.0,0.009110708255301914,2021-12-21,0.0,-0.17667311820840403,-1301.6,3,11478.0,185057.6,873283.64,865399.24,0.0,0,-0.12671635999999997
705396.24,173.0,-0.0018847255629339532,2021-12-22,0.0,-0.17822486342916743,243.5,2,-1716.3999999999942,166241.5,871637.74,873283.64,0.0,0,-0.12836226000000006
734712.24,264.0,-0.0009872220539693943,2021-12-23,0.0,-0.17903613796739382,480.0,2,-1076.5,136065.0,870777.24,871637.74,0.0,0,-0.12922276
481499.94,1602.0,-0.009943415608795636,2021-12-24,0.0,-0.18719932284738594,-6096.500000000034,2,-960.0,380618.8,862118.74,870777.24,0.0,0,-0.13788126
481499.94,0.0,-0.0013958634050802443,2021-12-27,0.0,-0.18833388156824782,0.0,2,-1203.399999999965,379415.4,860915.3400000001,862118.74,0.0,0,-0.13908465999999997
481499.94,0.0,-0.005206899902608364,2021-12-28,0.0,-0.19256014580126057,0.0,2,-4482.700000000012,374932.7,856432.64,860915.3400000001,0.0,0,-0.14356736000000003
481499.94,0.0,0.0025152007284541256,2021-12-29,0.0,-0.19052927249179696,0.0,2,2154.0999999999767,377086.8,858586.74,856432.64,0.0,0,-0.14141325999999999
481499.94,0.0,0.005038861885987345,2021-12-30,0.0,-0.18645046129513354,0.0,2,4326.299999999988,381413.1,862913.04,858586.74,0.0,0,-0.13708695999999998
305159.44,1039.0,-0.012887277726154278,2022-01-03,0.0,-0.19693490014440784,-2999.5,3,-7082.099999999977,546633.0,851792.44,862913.04,0.0,0,-0.14820756000000002
305159.44,0.0,0.00039763208041621034,2022-01-04,0.0,-0.19661557569804267,0.0,3,338.69999999995343,546971.7,852131.1399999999,851792.44,0.0,0,-0.1478688600000001
305159.44,0.0,0.005713205129435961,2022-01-05,0.0,-0.1920256756842117,0.0,3,4868.400000000023,551840.1,856999.54,852131.1399999999,0.0,0,-0.14300046
305159.44,0.0,-0.009266632745217107,2022-01-06,0.0,-0.19951287701521103,0.0,3,-7941.5,543898.6,849058.04,856999.54,0.0,0,-0.15094195999999993
305159.44,0.0,-0.023839359674398652,2022-01-07,0.0,-0.2185959774547701,0.0,3,-20241.0,523657.6,828817.04,849058.04,0.0,0,-0.17118296
305159.44,0.0,0.005209231702089534,2022-01-10,0.0,-0.21452546284838714,0.0,3,4317.5,527975.1,833134.54,828817.04,0.0,0,-0.1668654599999999
305159.44,0.0,-0.00874228548968814,2022-01-11,0.0,-0.22139230549704725,0.0,3,-7283.5,520691.6,825851.04,833134.54,0.0,0,-0.1741489599999999
305159.44,0.0,0.001223949539374658,2022-01-12,0.0,-0.22043932896800678,0.0,3,1010.8000000000466,521702.4,826861.8400000001,825851.04,0.0,0,-0.17313815999999993
305159.44,0.0,-0.006194021482476608,2022-01-13,0.0,-0.22526794451127286,0.0,3,-5121.600000000035,516580.8,821740.24,826861.8400000001,0.0,0,-0.17825976
305159.44,0.0,-0.0038116668109133833,2022-01-14,0.0,-0.22822096497452982,0.0,3,-3132.2000000000116,513448.6,818608.04,821740.24,0.0,0,-0.1813919599999999
305159.44,0.0,0.01821225699175888,2022-01-17,0.0,-0.21416512684779443,0.0,3,14908.70000000007,528357.3,833516.74,818608.04,0.0,0,-0.16648326000000002
305159.44,0.0,-0.0013170701286695508,2022-01-18,0.0,-0.21520012648529008,0.0,3,-1097.8000000000466,527259.5,832418.94,833516.74,0.0,0,-0.16758106000000006
305159.44,0.0,-0.009682264077268576,2022-01-19,0.0,-0.22279876610846638,0.0,3,-8059.700000000012,519199.8,824359.24,832418.94,0.0,0,-0.17564076000000006
305159.44,0.0,0.0016815484472521014,2022-01-20,0.0,-0.2214918645804136,0.0,3,1386.2000000000116,520586.0,825745.44,824359.24,0.0,0,-0.17425456000000006
305159.44,0.0,-0.011313777282257798,2022-01-21,0.0,-0.23029973223697664,0.0,3,-9342.299999999988,511243.7,816403.14,825745.44,0.0,0,-0.18359685999999997
305159.44,0.0,0.0036952332152959677,2022-01-24,0.0,-0.2274555102417165,0.0,3,3016.7999999999884,514260.5,819419.94,816403.14,0.0,0,-0.18058006000000004
305159.44,0.0,-0.015447878898333767,2022-01-25,0.0,-0.23938968396307747,0.0,3,-12658.299999999988,501602.2,806761.64,819419.94,0.0,0,-0.19323835999999994
305159.44,0.0,-0.0034504615266537364,2022-01-26,0.0,-0.24201414059533888,0.0,3,-2783.7000000000116,498818.5,803977.94,806761.64,0.0,0,-0.1960220600000001
305159.44,0.0,0.01924704550973133,2022-02-07,0.0,-0.22742515226364446,0.0,3,15474.200000000012,514292.7,819452.14,803977.94,0.0,0,-0.18054786
305159.44,0.0,0.015245673774187729,2022-02-08,0.0,-0.21564672816891328,0.0,3,12493.100000000035,526785.8,831945.24,819452.14,0.0,0,-0.16805475999999997
305159.44,0.0,0.006493456227960381,2022-02-09,0.0,-0.2105535645310206,0.0,3,5402.199999999953,532188.0,837347.44,831945.24,0.0,0,-0.16265256000000006
305159.44,0.0,-0.005490671829127325,2022-02-10,0.0,-0.2148881558348551,0.0,3,-4597.599999999977,527590.4,832749.8400000001,837347.44,0.0,0,-0.16725015999999993
305159.44,0.0,-0.015464187900654625,2022-02-11,0.0,-0.22702927291605435,0.0,3,-12877.800000000047,514712.6,819872.04,832749.8400000001,0.0,0,-0.18012795999999998
413421.44,975.0,-0.014320771324266568,2022-02-14,0.0,-0.2380988099389756,174.5,2,-10940.699999999953,394709.4,808130.8400000001,819872.04,0.0,0,-0.19186915999999987
413421.44,0.0,0.004740816474718246,2022-02-15,0.0,-0.2344867762250269,0.0,2,3831.1999999999534,398540.6,811962.04,808130.8400000001,0.0,0,-0.18803795999999995
413421.44,0.0,0.00593919390615838,2022-02-16,0.0,-0.22994024475129893,0.0,2,4822.400000000023,403363.0,816784.44,811962.04,0.0,0,-0.18321556000000006
413421.44,0.0,0.00095031193297479,2022-02-17,0.0,-0.2292084477767825,0.0,2,776.2000000000116,404139.2,817560.64,816784.44,0.0,0,-0.18243935999999994
165644.81,1473.0,-0.005462139175388847,2022-02-18,0.0,-0.2334186185102397,2110.3749999999927,3,-5103.0,647450.2,813095.01,817560.64,0.0,0,-0.18690498999999994
165644.81,0.0,0.00707155981685359,2022-02-21,0.0,-0.22799769241654866,0.0,3,5749.850000000093,653200.05,818844.8600000001,813095.01,0.0,0,-0.18115513999999988
165644.81,0.0,-0.014683001124291217,2022-02-22,0.0,-0.23933300316675188,0.0,3,-12023.100000000093,641176.95,806821.76,818844.8600000001,0.0,0,-0.19317823999999995
165644.81,0.0,0.0034559677716179404,2022-02-23,0.0,-0.23670416254076276,0.0,3,2788.350000000093,643965.3,809610.1100000001,806821.76,0.0,0,-0.19038988999999995
165644.81,0.0,-0.021731200960422803,2022-02-24,0.0,-0.2532914977768437,0.0,3,-17593.800000000047,626371.5,792016.31,809610.1100000001,0.0,0,-0.20798368999999994
165644.81,0.0,0.006234467570497504,2022-02-25,0.0,-0.24863616783511866,0.0,3,4937.800000000047,631309.3,796954.1100000001,792016.31,0.0,0,-0.20304588999999995
165644.81,0.0,0.012931108417271409,2022-03-01,0.0,-0.23892020066057817,0.0,3,10305.5,641614.8,807259.6100000001,796954.1100000001,0.0,0,-0.19274038999999987
165644.81,0.0,0.0018786397600145666,2022-03-02,0.0,-0.23749040588899528,0.0,3,1516.5499999999302,643131.35,808776.1599999999,807259.6100000001,0.0,0,-0.19122384000000003
165644.81,0.0,-0.0057140037362127805,2022-03-03,0.0,-0.24184738855864363,0.0,3,-4621.349999999977,638510.0,804154.81,808776.1599999999,0.0,0,-0.1958451899999999
165644.81,0.0,-0.012681699932877377,2022-03-04,0.0,-0.2514620524802703,0.0,3,-10198.050000000047,628311.95,793956.76,804154.81,0.0,0,-0.20604323999999996
165644.81,0.0,-0.039187902373927774,2022-03-07,0.0,-0.2807956844908538,0.0,3,-31113.5,597198.45,762843.26,793956.76,0.0,0,-0.23715673999999998
509146.99,3111.0,-0.016358891340273463,2022-03-08,0.0,-0.29256106973972373,4674.925000000011,3,-14043.199999999953,241217.0,750363.99,762843.26,0.0,0,-0.24963601000000002
516452.49,95.0,0.005797386412426109,2022-03-09,0.0,-0.28845977289781144,8.149999999999963,2,4436.999999999971,238261.64999999997,754714.1399999999,750363.99,0.0,0,-0.24528586000000008
517689.52,29.0,0.007271799624689823,2022-03-10,0.0,-0.28328559494141803,-2.2249999999998735,2,5519.350000000006,242512.74999999997,760202.27,754714.1399999999,0.0,0,-0.23979772999999993
518409.5,26.0,-0.0014901560343933973,2022-03-11,0.0,-0.2843536112370527,1.3249999999999247,2,-1108.149999999965,240659.95,759069.45,760202.27,0.0,0,-0.24093055000000008
519096.0,26.0,0.002822271400858112,2022-03-14,0.0,-0.2823338629009198,0.0,2,2168.2999999999884,242115.75,761211.75,759069.45,0.0,0,-0.23878825000000004
519668.4,24.0,0.0013723513858003855,2022-03-15,0.0,-0.28134897278312976,-2.10000000000003,2,1070.750000000029,242588.00000000003,762256.4,761211.75,0.0,0,-0.23774359999999994
520245.0,24.0,-2.8730490160611133e-05,2022-03-16,0.0,-0.28136961997939614,0.0,1,2.1000000000058208,241989.50000000003,762234.5,762256.4,0.0,0,-0.23776549999999996
520245.0,0.0,0.004214254274767182,2022-03-17,0.0,-0.2783411288284168,0.0,1,3212.249999999942,245201.74999999997,765446.75,762234.5,0.0,0,-0.23455325000000005
520245.0,0.0,0.008393137732964462,2022-03-18,0.0,-0.27228414652645805,0.0,1,6424.500000000029,251626.25,771871.25,765446.75,0.0,0,-0.22812875
520245.0,0.0,0.009710492520611513,2022-03-21,0.0,-0.26521766717417283,0.0,1,7495.25,259121.5,779366.5,771871.25,0.0,0,-0.22063350000000004
520245.0,0.0,0.0027477444822172625,2022-03-22,0.0,-0.26319867307351996,0.0,1,2141.499999999971,261262.99999999997,781508.0,779366.5,0.0,0,-0.21849200000000002
520245.0,0.0,0.013701075356874037,2022-03-23,0.0,-0.2531037025702554,0.0,1,10707.50000000003,271970.5,792215.5,781508.0,0.0,0,-0.20778450000000004
520245.0,0.0,0.0013515893087170383,2022-03-24,0.0,-0.2520942055199289,0.0,1,1070.75,273041.25,793286.25,792215.5,0.0,0,-0.20671375000000003
520245.0,0.0,-0.004049294942399473,2022-03-25,0.0,-0.25512269667090826,0.0,1,-3212.25,269829.0,790074.0,793286.25,0.0,0,-0.20992599999999995
520245.0,0.0,0.009486769593734179,2022-03-28,0.0,-0.24805621731862304,0.0,1,7495.25,277324.25,797569.25,790074.0,0.0,0,-0.20243075
520245.0,0.0,-0.0013425166529427157,2022-03-29,0.0,-0.24906571436894953,0.0,1,-1070.75,276253.5,796498.5,797569.25,0.0,0,-0.2035015
520245.0,0.0,-0.001344321426845152,2022-03-30,0.0,-0.250075211419276,0.0,1,-1070.75,275182.75,795427.75,796498.5,0.0,0,-0.20457225
520245.0,0.0,0.0,2022-03-31,0.0,-0.250075211419276,0.0,1,0.0,275182.75,795427.75,795427.75,0.0,0,-0.20457225
520245.0,0.0,0.0026922621193439245,2022-04-01,0.0,-0.24805621731862304,0.0,1,2141.5,277324.25,797569.25,795427.75,0.0,0,-0.20243075
520245.0,0.0,0.012082649876484108,2022-04-06,0.0,-0.23897074386568495,0.0,1,9636.75,286961.0,807206.0,797569.25,0.0,0,-0.19279400000000002
520245.0,0.0,-0.0053059565959618915,2022-04-07,0.0,-0.2430087320669908,0.0,1,-4283.0,282678.0,802923.0,807206.0,0.0,0,-0.19707699999999995
520245.0,0.0,0.017336344830077177,2022-04-08,0.0,-0.22988527041274687,0.0,1,13919.75,296597.75,816842.75,802923.0,0.0,0,-0.18315725000000005
520245.0,0.0,0.010486718526913519,2022-04-11,0.0,-0.22180929401013516,0.0,1,8566.0,305163.75,825408.75,816842.75,0.0,0,-0.17459124999999998
520245.0,0.0,-0.014269596730104972,2022-04-12,0.0,-0.23291376156372623,0.0,1,-11778.25,293385.5,813630.5,825408.75,0.0,0,-0.18636949999999997
520245.0,0.0,-0.0026320301414463065,2022-04-13,0.0,-0.2349327556643791,0.0,1,-2141.5,291244.0,811489.0,813630.5,0.0,0,-0.18851099999999998
520245.0,0.0,-0.014514368032099045,2022-04-14,0.0,-0.24603722321797017,0.0,1,-11778.25,279465.75,799710.75,811489.0,0.0,0,-0.20028924999999997
520245.0,0.0,0.0013389216038424134,2022-04-15,0.0,-0.24502772616764368,0.0,1,1070.75,280536.5,800781.5,799710.75,0.0,0,-0.19921849999999997
520245.0,0.0,-0.014708444188583303,2022-04-18,0.0,-0.25613219372123475,0.0,1,-11778.25,268758.25,789003.25,800781.5,0.0,0,-0.21099674999999996
520245.0,0.0,0.0013570920018390886,2022-04-19,0.0,-0.25512269667090826,0.0,1,1070.75,269829.0,790074.0,789003.25,0.0,0,-0.20992599999999995
520245.0,0.0,0.0027105055982097337,2022-04-20,0.0,-0.2531037025702554,0.0,1,2141.5,271970.5,792215.5,790074.0,0.0,0,-0.20778450000000004
520245.0,0.0,-0.005406357234868597,2022-04-21,0.0,-0.2571416907715611,0.0,1,-4283.0,267687.5,787932.5,792215.5,0.0,0,-0.21206749999999996
520245.0,0.0,0.017666170642789858,2022-04-22,0.0,-0.2440182291173172,0.0,1,13919.75,281607.25,801852.25,787932.5,0.0,0,-0.19814774999999996
520245.0,0.0,-0.009347420300934495,2022-04-25,0.0,-0.2510847084696024,0.0,1,-7495.25,274112.0,794357.0,801852.25,0.0,0,-0.20564300000000002
520245.0,0.0,0.002695891142143969,2022-04-26,0.0,-0.24906571436894953,0.0,1,2141.5,276253.5,796498.5,794357.0,0.0,0,-0.2035015
520245.0,0.0,-0.00806592856107069,2022-04-27,0.0,-0.25512269667090826,0.0,1,-6424.5,269829.0,790074.0,796498.5,0.0,0,-0.20992599999999995
520245.0,0.0,0.0027105055982097337,2022-04-28,0.0,-0.2531037025702554,0.0,1,2141.5,271970.5,792215.5,790074.0,0.0,0,-0.20778450000000004
520245.0,0.0,0.0013515893087170383,2022-04-29,0.0,-0.2520942055199289,0.0,1,1070.75,273041.25,793286.25,792215.5,0.0,0,-0.20671375000000003
520245.0,0.0,-0.0026995299615996116,2022-05-03,0.0,-0.25411319962058176,0.0,1,-2141.5,270899.75,791144.75,793286.25,0.0,0,-0.20885525000000005
520245.0,0.0,0.0,2022-05-04,0.0,-0.25411319962058176,0.0,1,0.0,270899.75,791144.75,791144.75,0.0,0,-0.20885525000000005
520245.0,0.0,-0.0054136742991721665,2022-05-05,0.0,-0.2581511878218876,0.0,1,-4283.0,266616.75,786861.75,791144.75,0.0,0,-0.21313824999999997
520245.0,0.0,-0.008164712543213604,2022-05-06,0.0,-0.26420817012384634,0.0,1,-6424.5,260192.25,780437.25,786861.75,0.0,0,-0.21956275000000003
520245.0,0.0,-0.013719873058340104,2022-05-09,0.0,-0.2743031406271109,0.0,1,-10707.5,249484.75,769729.75,780437.25,0.0,0,-0.23027025
520245.0,0.0,0.006955363229756983,2022-05-10,0.0,-0.2692556553754787,0.0,1,5353.75,254838.5,775083.5,769729.75,0.0,0,-0.22491649999999996
520245.0,0.0,-0.0013814640616139906,2022-05-11,0.0,-0.27026515242580507,0.0,1,-1070.75,253767.75,774012.75,775083.5,0.0,0,-0.22598724999999997
520245.0,0.0,-0.012450376301940791,2022-05-12,0.0,-0.27935062587874326,0.0,1,-9636.75,244131.0,764376.0,774012.75,0.0,0,-0.23562399999999994
520245.0,0.0,0.0028016316577181843,2022-05-13,0.0,-0.2773316317780903,0.0,1,2141.5,246272.5,766517.5,764376.0,0.0,0,-0.23348250000000004
520245.0,0.0,0.00977831556357156,2022-05-16,0.0,-0.27026515242580507,0.0,1,7495.25,253767.75,774012.75,766517.5,0.0,0,-0.22598724999999997
520245.0,0.0,0.0,2022-05-17,0.0,-0.27026515242580507,0.0,1,0.0,253767.75,774012.75,774012.75,0.0,0,-0.22598724999999997
520245.0,0.0,0.006916875723300464,2022-05-18,0.0,-0.26521766717417283,0.0,1,5353.75,259121.5,779366.5,774012.75,0.0,0,-0.22063350000000004
520245.0,0.0,-0.004121616723325894,2022-05-19,0.0,-0.2682461583251522,0.0,1,-3212.250000000029,255909.24999999997,776154.25,779366.5,0.0,0,-0.22384574999999995
520245.0,0.0,0.0013795582514686267,2022-05-20,0.0,-0.2672366612748257,0.0,1,1070.750000000029,256980.0,777225.0,776154.25,0.0,0,-0.22277499999999995
520245.0,0.0,0.0013776576924313666,2022-05-23,0.0,-0.2662271642244993,0.0,1,1070.750000000029,258050.75000000003,778295.75,777225.0,0.0,0,-0.22170425000000005
778632.63,2340.0,0.00043284317047853627,2022-05-24,0.0,-0.2659095556638512,1606.1250000000227,0,1070.749999999971,0.0,778632.63,778295.75,0.0,0,-0.22136736999999995
778632.63,0.0,0.0,2022-05-25,0.0,-0.2659095556638512,0.0,0,0.0,0.0,778632.63,778632.63,0.0,0,-0.22136736999999995
778632.63,0.0,0.0,2022-05-26,0.0,-0.2659095556638512,0.0,0,0.0,0.0,778632.63,778632.63,0.0,0,-0.22136736999999995
778632.63,0.0,0.0,2022-05-27,0.0,-0.2659095556638512,0.0,0,0.0,0.0,778632.63,778632.63,0.0,0,-0.22136736999999995
778632.63,0.0,0.0,2022-05-30,0.0,-0.2659095556638512,0.0,0,0.0,0.0,778632.63,778632.63,0.0,0,-0.22136736999999995
778632.63,0.0,0.0,2022-05-31,0.0,-0.2659095556638512,0.0,0,0.0,0.0,778632.63,778632.63,0.0,0,-0.22136736999999995
778632.63,0.0,0.0,2022-06-01,0.0,-0.2659095556638512,0.0,0,0.0,0.0,778632.63,778632.63,0.0,0,-0.22136736999999995
778632.63,0.0,0.0,2022-06-02,0.0,-0.2659095556638512,0.0,0,0.0,0.0,778632.63,778632.63,0.0,0,-0.22136736999999995
778632.63,0.0,0.0,2022-06-06,0.0,-0.2659095556638512,0.0,0,0.0,0.0,778632.63,778632.63,0.0,0,-0.22136736999999995
778632.63,0.0,0.0,2022-06-07,0.0,-0.2659095556638512,0.0,0,0.0,0.0,778632.63,778632.63,0.0,0,-0.22136736999999995
778632.63,0.0,0.0,2022-06-08,0.0,-0.2659095556638512,0.0,0,0.0,0.0,778632.63,778632.63,0.0,0,-0.22136736999999995
778632.63,0.0,0.0,2022-06-09,0.0,-0.2659095556638512,0.0,0,0.0,0.0,778632.63,778632.63,0.0,0,-0.22136736999999995
778632.63,0.0,0.0,2022-06-10,0.0,-0.2659095556638512,0.0,0,0.0,0.0,778632.63,778632.63,0.0,0,-0.22136736999999995
778632.63,0.0,0.0,2022-06-13,0.0,-0.2659095556638512,0.0,0,0.0,0.0,778632.63,778632.63,0.0,0,-0.22136736999999995
778632.63,0.0,0.0,2022-06-14,0.0,-0.2659095556638512,0.0,0,0.0,0.0,778632.63,778632.63,0.0,0,-0.22136736999999995
778632.63,0.0,0.0,2022-06-15,0.0,-0.2659095556638512,0.0,0,0.0,0.0,778632.63,778632.63,0.0,0,-0.22136736999999995
778632.63,0.0,0.0,2022-06-16,0.0,-0.2659095556638512,0.0,0,0.0,0.0,778632.63,778632.63,0.0,0,-0.22136736999999995
778632.63,0.0,0.0,2022-06-17,0.0,-0.2659095556638512,0.0,0,0.0,0.0,778632.63,778632.63,0.0,0,-0.22136736999999995
778632.63,0.0,0.0,2022-06-20,0.0,-0.2659095556638512,0.0,0,0.0,0.0,778632.63,778632.63,0.0,0,-0.22136736999999995
778632.63,0.0,0.0,2022-06-21,0.0,-0.2659095556638512,0.0,0,0.0,0.0,778632.63,778632.63,0.0,0,-0.22136736999999995
778632.63,0.0,0.0,2022-06-22,0.0,-0.2659095556638512,0.0,0,0.0,0.0,778632.63,778632.63,0.0,0,-0.22136736999999995
778632.63,0.0,0.0,2022-06-23,0.0,-0.2659095556638512,0.0,0,0.0,0.0,778632.63,778632.63,0.0,0,-0.22136736999999995
778632.63,0.0,0.0,2022-06-24,0.0,-0.2659095556638512,0.0,0,0.0,0.0,778632.63,778632.63,0.0,0,-0.22136736999999995
778632.63,0.0,0.0,2022-06-27,0.0,-0.2659095556638512,0.0,0,0.0,0.0,778632.63,778632.63,0.0,0,-0.22136736999999995
778632.63,0.0,0.0,2022-06-28,0.0,-0.2659095556638512,0.0,0,0.0,0.0,778632.63,778632.63,0.0,0,-0.22136736999999995
778632.63,0.0,0.0,2022-06-29,0.0,-0.2659095556638512,0.0,0,0.0,0.0,778632.63,778632.63,0.0,0,-0.22136736999999995
778632.63,0.0,0.0,2022-06-30,0.0,-0.2659095556638512,0.0,0,0.0,0.0,778632.63,778632.63,0.0,0,-0.22136736999999995
778632.63,0.0,0.0,2022-07-01,0.0,-0.2659095556638512,0.0,0,0.0,0.0,778632.63,778632.63,0.0,0,-0.22136736999999995
778632.63,0.0,0.0,2022-07-04,0.0,-0.2659095556638512,0.0,0,0.0,0.0,778632.63,778632.63,0.0,0,-0.22136736999999995
778632.63,0.0,0.0,2022-07-05,0.0,-0.2659095556638512,0.0,0,0.0,0.0,778632.63,778632.63,0.0,0,-0.22136736999999995
778632.63,0.0,0.0,2022-07-06,0.0,-0.2659095556638512,0.0,0,0.0,0.0,778632.63,778632.63,0.0,0,-0.22136736999999995
778632.63,0.0,0.0,2022-07-07,0.0,-0.2659095556638512,0.0,0,0.0,0.0,778632.63,778632.63,0.0,0,-0.22136736999999995
778632.63,0.0,0.0,2022-07-08,0.0,-0.2659095556638512,0.0,0,0.0,0.0,778632.63,778632.63,0.0,0,-0.22136736999999995
778632.63,0.0,0.0,2022-07-11,0.0,-0.2659095556638512,0.0,0,0.0,0.0,778632.63,778632.63,0.0,0,-0.22136736999999995
778632.63,0.0,0.0,2022-07-12,0.0,-0.2659095556638512,0.0,0,0.0,0.0,778632.63,778632.63,0.0,0,-0.22136736999999995
778632.63,0.0,0.0,2022-07-13,0.0,-0.2659095556638512,0.0,0,0.0,0.0,778632.63,778632.63,0.0,0,-0.22136736999999995
778632.63,0.0,0.0,2022-07-14,0.0,-0.2659095556638512,0.0,0,0.0,0.0,778632.63,778632.63,0.0,0,-0.22136736999999995
778632.63,0.0,0.0,2022-07-15,0.0,-0.2659095556638512,0.0,0,0.0,0.0,778632.63,778632.63,0.0,0,-0.22136736999999995
778632.63,0.0,0.0,2022-07-18,0.0,-0.2659095556638512,0.0,0,0.0,0.0,778632.63,778632.63,0.0,0,-0.22136736999999995
778632.63,0.0,0.0,2022-07-19,0.0,-0.2659095556638512,0.0,0,0.0,0.0,778632.63,778632.63,0.0,0,-0.22136736999999995
778632.63,0.0,0.0,2022-07-20,0.0,-0.2659095556638512,0.0,0,0.0,0.0,778632.63,778632.63,0.0,0,-0.22136736999999995
778632.63,0.0,0.0,2022-07-21,0.0,-0.2659095556638512,0.0,0,0.0,0.0,778632.63,778632.63,0.0,0,-0.22136736999999995
778632.63,0.0,0.0,2022-07-22,0.0,-0.2659095556638512,0.0,0,0.0,0.0,778632.63,778632.63,0.0,0,-0.22136736999999995
778632.63,0.0,0.0,2022-07-25,0.0,-0.2659095556638512,0.0,0,0.0,0.0,778632.63,778632.63,0.0,0,-0.22136736999999995
778632.63,0.0,0.0,2022-07-26,0.0,-0.2659095556638512,0.0,0,0.0,0.0,778632.63,778632.63,0.0,0,-0.22136736999999995
778632.63,0.0,0.0,2022-07-27,0.0,-0.2659095556638512,0.0,0,0.0,0.0,778632.63,778632.63,0.0,0,-0.22136736999999995
778632.63,0.0,0.0,2022-07-28,0.0,-0.2659095556638512,0.0,0,0.0,0.0,778632.63,778632.63,0.0,0,-0.22136736999999995
778632.63,0.0,0.0,2022-07-29,0.0,-0.2659095556638512,0.0,0,0.0,0.0,778632.63,778632.63,0.0,0,-0.22136736999999995
778632.63,0.0,0.0,2022-08-01,0.0,-0.2659095556638512,0.0,0,0.0,0.0,778632.63,778632.63,0.0,0,-0.22136736999999995
778632.63,0.0,0.0,2022-08-02,0.0,-0.2659095556638512,0.0,0,0.0,0.0,778632.63,778632.63,0.0,0,-0.22136736999999995
778632.63,0.0,0.0,2022-08-03,0.0,-0.2659095556638512,0.0,0,0.0,0.0,778632.63,778632.63,0.0,0,-0.22136736999999995
778632.63,0.0,0.0,2022-08-04,0.0,-0.2659095556638512,0.0,0,0.0,0.0,778632.63,778632.63,0.0,0,-0.22136736999999995
778632.63,0.0,0.0,2022-08-05,0.0,-0.2659095556638512,0.0,0,0.0,0.0,778632.63,778632.63,0.0,0,-0.22136736999999995
778632.63,0.0,0.0,2022-08-08,0.0,-0.2659095556638512,0.0,0,0.0,0.0,778632.63,778632.63,0.0,0,-0.22136736999999995
778632.63,0.0,0.0,2022-08-09,0.0,-0.2659095556638512,0.0,0,0.0,0.0,778632.63,778632.63,0.0,0,-0.22136736999999995
778632.63,0.0,0.0,2022-08-10,0.0,-0.2659095556638512,0.0,0,0.0,0.0,778632.63,778632.63,0.0,0,-0.22136736999999995
778632.63,0.0,0.0,2022-08-11,0.0,-0.2659095556638512,0.0,0,0.0,0.0,778632.63,778632.63,0.0,0,-0.22136736999999995
778632.63,0.0,0.0,2022-08-12,0.0,-0.2659095556638512,0.0,0,0.0,0.0,778632.63,778632.63,0.0,0,-0.22136736999999995
778632.63,0.0,0.0,2022-08-15,0.0,-0.2659095556638512,0.0,0,0.0,0.0,778632.63,778632.63,0.0,0,-0.22136736999999995
778632.63,0.0,0.0,2022-08-16,0.0,-0.2659095556638512,0.0,0,0.0,0.0,778632.63,778632.63,0.0,0,-0.22136736999999995
778632.63,0.0,0.0,2022-08-17,0.0,-0.2659095556638512,0.0,0,0.0,0.0,778632.63,778632.63,0.0,0,-0.22136736999999995
778632.63,0.0,0.0,2022-08-18,0.0,-0.2659095556638512,0.0,0,0.0,0.0,778632.63,778632.63,0.0,0,-0.22136736999999995
778632.63,0.0,0.0,2022-08-19,0.0,-0.2659095556638512,0.0,0,0.0,0.0,778632.63,778632.63,0.0,0,-0.22136736999999995
778632.63,0.0,0.0,2022-08-22,0.0,-0.2659095556638512,0.0,0,0.0,0.0,778632.63,778632.63,0.0,0,-0.22136736999999995
778632.63,0.0,0.0,2022-08-23,0.0,-0.2659095556638512,0.0,0,0.0,0.0,778632.63,778632.63,0.0,0,-0.22136736999999995
778632.63,0.0,0.0,2022-08-24,0.0,-0.2659095556638512,0.0,0,0.0,0.0,778632.63,778632.63,0.0,0,-0.22136736999999995
778632.63,0.0,0.0,2022-08-25,0.0,-0.2659095556638512,0.0,0,0.0,0.0,778632.63,778632.63,0.0,0,-0.22136736999999995
778632.63,0.0,0.0,2022-08-26,0.0,-0.2659095556638512,0.0,0,0.0,0.0,778632.63,778632.63,0.0,0,-0.22136736999999995
778632.63,0.0,0.0,2022-08-29,0.0,-0.2659095556638512,0.0,0,0.0,0.0,778632.63,778632.63,0.0,0,-0.22136736999999995
778632.63,0.0,0.0,2022-08-30,0.0,-0.2659095556638512,0.0,0,0.0,0.0,778632.63,778632.63,0.0,0,-0.22136736999999995
778632.63,0.0,0.0,2022-08-31,0.0,-0.2659095556638512,0.0,0,0.0,0.0,778632.63,778632.63,0.0,0,-0.22136736999999995
778632.63,0.0,0.0,2022-09-01,0.0,-0.2659095556638512,0.0,0,0.0,0.0,778632.63,778632.63,0.0,0,-0.22136736999999995
778632.63,0.0,0.0,2022-09-02,0.0,-0.2659095556638512,0.0,0,0.0,0.0,778632.63,778632.63,0.0,0,-0.22136736999999995
778632.63,0.0,0.0,2022-09-05,0.0,-0.2659095556638512,0.0,0,0.0,0.0,778632.63,778632.63,0.0,0,-0.22136736999999995
778632.63,0.0,0.0,2022-09-06,0.0,-0.2659095556638512,0.0,0,0.0,0.0,778632.63,778632.63,0.0,0,-0.22136736999999995
778632.63,0.0,0.0,2022-09-07,0.0,-0.2659095556638512,0.0,0,0.0,0.0,778632.63,778632.63,0.0,0,-0.22136736999999995
778632.63,0.0,0.0,2022-09-08,0.0,-0.2659095556638512,0.0,0,0.0,0.0,778632.63,778632.63,0.0,0,-0.22136736999999995
778632.63,0.0,0.0,2022-09-12,0.0,-0.2659095556638512,0.0,0,0.0,0.0,778632.63,778632.63,0.0,0,-0.22136736999999995
778632.63,0.0,0.0,2022-09-13,0.0,-0.2659095556638512,0.0,0,0.0,0.0,778632.63,778632.63,0.0,0,-0.22136736999999995
778632.63,0.0,0.0,2022-09-14,0.0,-0.2659095556638512,0.0,0,0.0,0.0,778632.63,778632.63,0.0,0,-0.22136736999999995
778632.63,0.0,0.0,2022-09-15,0.0,-0.2659095556638512,0.0,0,0.0,0.0,778632.63,778632.63,0.0,0,-0.22136736999999995
778632.63,0.0,0.0,2022-09-16,0.0,-0.2659095556638512,0.0,0,0.0,0.0,778632.63,778632.63,0.0,0,-0.22136736999999995
778632.63,0.0,0.0,2022-09-19,0.0,-0.2659095556638512,0.0,0,0.0,0.0,778632.63,778632.63,0.0,0,-0.22136736999999995
778632.63,0.0,0.0,2022-09-20,0.0,-0.2659095556638512,0.0,0,0.0,0.0,778632.63,778632.63,0.0,0,-0.22136736999999995
778632.63,0.0,0.0,2022-09-21,0.0,-0.2659095556638512,0.0,0,0.0,0.0,778632.63,778632.63,0.0,0,-0.22136736999999995
778632.63,0.0,0.0,2022-09-22,0.0,-0.2659095556638512,0.0,0,0.0,0.0,778632.63,778632.63,0.0,0,-0.22136736999999995
778632.63,0.0,0.0,2022-09-23,0.0,-0.2659095556638512,0.0,0,0.0,0.0,778632.63,778632.63,0.0,0,-0.22136736999999995
778632.63,0.0,0.0,2022-09-26,0.0,-0.2659095556638512,0.0,0,0.0,0.0,778632.63,778632.63,0.0,0,-0.22136736999999995
778632.63,0.0,0.0,2022-09-27,0.0,-0.2659095556638512,0.0,0,0.0,0.0,778632.63,778632.63,0.0,0,-0.22136736999999995
778632.63,0.0,0.0,2022-09-28,0.0,-0.2659095556638512,0.0,0,0.0,0.0,778632.63,778632.63,0.0,0,-0.22136736999999995
778632.63,0.0,0.0,2022-09-29,0.0,-0.2659095556638512,0.0,0,0.0,0.0,778632.63,778632.63,0.0,0,-0.22136736999999995
778632.63,0.0,0.0,2022-09-30,0.0,-0.2659095556638512,0.0,0,0.0,0.0,778632.63,778632.63,0.0,0,-0.22136736999999995
778632.63,0.0,0.0,2022-10-03,0.0,-0.2659095556638512,0.0,0,0.0,0.0,778632.63,778632.63,0.0,0,-0.22136736999999995
778632.63,0.0,0.0,2022-10-04,0.0,-0.2659095556638512,0.0,0,0.0,0.0,778632.63,778632.63,0.0,0,-0.22136736999999995
778632.63,0.0,0.0,2022-10-05,0.0,-0.2659095556638512,0.0,0,0.0,0.0,778632.63,778632.63,0.0,0,-0.22136736999999995
778632.63,0.0,0.0,2022-10-06,0.0,-0.2659095556638512,0.0,0,0.0,0.0,778632.63,778632.63,0.0,0,-0.22136736999999995
778632.63,0.0,0.0,2022-10-07,0.0,-0.2659095556638512,0.0,0,0.0,0.0,778632.63,778632.63,0.0,0,-0.22136736999999995
778632.63,0.0,0.0,2022-10-11,0.0,-0.2659095556638512,0.0,0,0.0,0.0,778632.63,778632.63,0.0,0,-0.22136736999999995
778632.63,0.0,0.0,2022-10-12,0.0,-0.2659095556638512,0.0,0,0.0,0.0,778632.63,778632.63,0.0,0,-0.22136736999999995
778632.63,0.0,0.0,2022-10-13,0.0,-0.2659095556638512,0.0,0,0.0,0.0,778632.63,778632.63,0.0,0,-0.22136736999999995
778632.63,0.0,0.0,2022-10-14,0.0,-0.2659095556638512,0.0,0,0.0,0.0,778632.63,778632.63,0.0,0,-0.22136736999999995
778632.63,0.0,0.0,2022-10-17,0.0,-0.2659095556638512,0.0,0,0.0,0.0,778632.63,778632.63,0.0,0,-0.22136736999999995
778632.63,0.0,0.0,2022-10-18,0.0,-0.2659095556638512,0.0,0,0.0,0.0,778632.63,778632.63,0.0,0,-0.22136736999999995
778632.63,0.0,0.0,2022-10-19,0.0,-0.2659095556638512,0.0,0,0.0,0.0,778632.63,778632.63,0.0,0,-0.22136736999999995
778632.63,0.0,0.0,2022-10-20,0.0,-0.2659095556638512,0.0,0,0.0,0.0,778632.63,778632.63,0.0,0,-0.22136736999999995
778632.63,0.0,0.0,2022-10-21,0.0,-0.2659095556638512,0.0,0,0.0,0.0,778632.63,778632.63,0.0,0,-0.22136736999999995
778632.63,0.0,0.0,2022-10-24,0.0,-0.2659095556638512,0.0,0,0.0,0.0,778632.63,778632.63,0.0,0,-0.22136736999999995
778632.63,0.0,0.0,2022-10-25,0.0,-0.2659095556638512,0.0,0,0.0,0.0,778632.63,778632.63,0.0,0,-0.22136736999999995
778632.63,0.0,0.0,2022-10-26,0.0,-0.2659095556638512,0.0,0,0.0,0.0,778632.63,778632.63,0.0,0,-0.22136736999999995
778632.63,0.0,0.0,2022-10-27,0.0,-0.2659095556638512,0.0,0,0.0,0.0,778632.63,778632.63,0.0,0,-0.22136736999999995
778632.63,0.0,0.0,2022-10-28,0.0,-0.2659095556638512,0.0,0,0.0,0.0,778632.63,778632.63,0.0,0,-0.22136736999999995
778632.63,0.0,0.0,2022-10-31,0.0,-0.2659095556638512,0.0,0,0.0,0.0,778632.63,778632.63,0.0,0,-0.22136736999999995
778632.63,0.0,0.0,2022-11-01,0.0,-0.2659095556638512,0.0,0,0.0,0.0,778632.63,778632.63,0.0,0,-0.22136736999999995
778632.63,0.0,0.0,2022-11-02,0.0,-0.2659095556638512,0.0,0,0.0,0.0,778632.63,778632.63,0.0,0,-0.22136736999999995
778632.63,0.0,0.0,2022-11-03,0.0,-0.2659095556638512,0.0,0,0.0,0.0,778632.63,778632.63,0.0,0,-0.22136736999999995
778632.63,0.0,0.0,2022-11-04,0.0,-0.2659095556638512,0.0,0,0.0,0.0,778632.63,778632.63,0.0,0,-0.22136736999999995
778632.63,0.0,0.0,2022-11-07,0.0,-0.2659095556638512,0.0,0,0.0,0.0,778632.63,778632.63,0.0,0,-0.22136736999999995
778632.63,0.0,0.0,2022-11-08,0.0,-0.2659095556638512,0.0,0,0.0,0.0,778632.63,778632.63,0.0,0,-0.22136736999999995
778632.63,0.0,0.0,2022-11-09,0.0,-0.2659095556638512,0.0,0,0.0,0.0,778632.63,778632.63,0.0,0,-0.22136736999999995
778632.63,0.0,0.0,2022-11-10,0.0,-0.2659095556638512,0.0,0,0.0,0.0,778632.63,778632.63,0.0,0,-0.22136736999999995
778632.63,0.0,0.0,2022-11-11,0.0,-0.2659095556638512,0.0,0,0.0,0.0,778632.63,778632.63,0.0,0,-0.22136736999999995
778632.63,0.0,0.0,2022-11-14,0.0,-0.2659095556638512,0.0,0,0.0,0.0,778632.63,778632.63,0.0,0,-0.22136736999999995
778632.63,0.0,0.0,2022-11-15,0.0,-0.2659095556638512,0.0,0,0.0,0.0,778632.63,778632.63,0.0,0,-0.22136736999999995
542486.55,1392.0,-0.0030855757997194644,2022-11-16,0.0,-0.2681746473737001,-1010.5250000000226,1,0.0,233743.55,776230.1000000001,778632.63,0.0,0,-0.22376989999999986
542486.55,0.0,0.002093580241219639,2022-11-17,0.0,-0.266642512275418,0.0,1,1625.100000000035,235368.65000000002,777855.2000000001,776230.1000000001,0.0,0,-0.22214479999999992
542486.55,0.0,-0.00417841264029617,2022-11-18,0.0,-0.2697067824719822,0.0,1,-3250.2000000000116,232118.45,774605.0,777855.2000000001,0.0,0,-0.225395
336727.05,1212.0,-0.0024632554656890404,2022-11-21,0.0,-0.2715056812316138,5533.500000000002,2,-6229.549999999988,435969.9,772696.95,774605.0,0.0,0,-0.22730305000000006
110093.05,1353.0,-0.01055439651987733,2022-11-22,0.0,-0.2791944991343732,-9367.399999999994,3,2565.0499999999884,654448.55,764541.6000000001,772696.95,0.0,0,-0.23545839999999996
110093.05,0.0,-0.002170516293685143,2022-11-23,0.0,-0.28075901921857993,0.0,3,-1659.4500000000698,652789.1,762882.15,764541.6000000001,0.0,0,-0.23711784999999996
110093.05,0.0,0.005253760361282556,2022-11-24,0.0,-0.2769802994635405,0.0,3,4008.0,656797.1,766890.15,762882.15,0.0,0,-0.23310984999999995
110093.05,0.0,0.013043849891669623,2022-11-25,0.0,-0.26754933902102296,0.0,3,10003.20000000007,666800.3,776893.3500000001,766890.15,0.0,0,-0.22310664999999996
110093.05,0.0,0.004740740797948506,2022-11-28,0.0,-0.26407698029003557,0.0,3,3683.04999999993,670483.35,780576.4,776893.3500000001,0.0,0,-0.21942359999999994
110093.05,0.0,0.0012857165550994587,2022-11-29,0.0,-0.26313079188031563,0.0,3,1003.5999999999767,671486.95,781580.0,780576.4,0.0,0,-0.21841999999999995
110093.05,0.0,0.015627510939379308,2022-11-30,0.0,-0.2516153602695336,0.0,3,12214.150000000023,683701.1,793794.15,781580.0,0.0,0,-0.20620585000000002
110093.05,0.0,0.021889491123108007,2022-12-01,0.0,-0.2352336013414832,0.0,3,17375.75,701076.85,811169.9,793794.15,0.0,0,-0.1888301
110093.05,0.0,0.03878238085510821,2022-12-02,0.0,-0.2055741396035191,0.0,3,31459.099999999977,732535.95,842629.0,811169.9,0.0,0,-0.15737100000000004
110093.05,0.0,-0.00733359521212773,2022-12-05,0.0,-0.21140013728971319,0.0,3,-6179.5,726356.45,836449.5,842629.0,0.0,0,-0.16355050000000004
110093.05,0.0,-0.012340075521594551,2022-12-06,0.0,-0.22113151915187723,0.0,3,-10321.849999999977,716034.6,826127.65,836449.5,0.0,0,-0.17387235
110093.05,0.0,-0.016864827124476456,2022-12-07,0.0,-0.2342670014340844,0.0,3,-13932.5,702102.1,812195.15,826127.65,0.0,0,-0.18780485000000002
110093.05,0.0,0.02091757134969341,2022-12-08,0.0,-0.21824972680176713,0.0,3,16989.150000000023,719091.25,829184.3,812195.15,0.0,0,-0.1708156999999999
110093.05,0.0,0.008034402002063956,2022-12-09,0.0,-0.21196883084166918,0.0,3,6662.0,725753.25,835846.3,829184.3,0.0,0,-0.16415369999999996
110093.05,0.0,-0.03209836545307443,2022-12-12,0.0,-0.2372633432977268,0.0,3,-26829.300000000047,698923.95,809017.0,835846.3,0.0,0,-0.190983
110093.05,0.0,-0.011217564031410943,2022-12-13,0.0,-0.24581939058338886,0.0,3,-9075.199999999953,689848.75,799941.8,809017.0,0.0,0,-0.20005819999999996
110093.05,0.0,0.01751358661342617,2022-12-14,0.0,-0.2326109831582045,0.0,3,14009.849999999977,703858.6,813951.65,799941.8,0.0,0,-0.18604834999999997
110093.05,0.0,0.02187857227146095,2022-12-15,0.0,-0.21582160709290588,0.0,3,17808.099999999977,721666.7,831759.75,813951.65,0.0,0,-0.16824024999999998
110093.05,0.0,-0.024305876787137026,2022-12-16,0.0,-0.23488175049004079,0.0,3,-20216.649999999907,701450.05,811543.1000000001,831759.75,0.0,0,-0.18845689999999993
110093.05,0.0,-0.009829730546658588,2022-12-19,0.0,-0.2424026567190548,0.0,3,-7977.25,693472.8,803565.8500000001,811543.1000000001,0.0,0,-0.19643414999999986
295139.55,1685.0,-0.012467055437958341,2022-12-20,0.0,-0.2518476647973883,3860.500000000005,3,-12193.599999999977,498408.2,793547.75,803565.8500000001,0.0,0,-0.20645225
296097.15,27.0,0.01940028183559228,2022-12-21,0.0,-0.23733329863850117,1.8000000000000256,2,15420.25,512845.65,808942.8,793547.75,0.0,0,-0.19105719999999993
296097.15,0.0,0.005474614521570498,2022-12-22,0.0,-0.23315799244010926,0.0,2,4428.649999999965,517274.3,813371.45,808942.8,0.0,0,-0.18662855
296097.15,0.0,-0.03255658899756053,2022-12-23,0.0,-0.2581237525063008,0.0,2,-26480.599999999977,490793.7,786890.8500000001,813371.45,0.0,0,-0.21310914999999986
296097.15,0.0,-0.006357552638971531,2022-12-26,0.0,-0.2628402698013447,0.0,2,-5002.700000000012,485791.0,781888.15,786890.8500000001,0.0,0,-0.21811185
296097.15,0.0,0.007295352922281895,2022-12-27,0.0,-0.2574624294094514,0.0,2,5704.150000000023,491495.15,787592.3,781888.15,0.0,0,-0.21240769999999998
296097.15,0.0,-0.012259578972521723,2022-12-28,0.0,-0.26656562739617073,0.0,2,-9655.550000000047,481839.6,777936.75,787592.3,0.0,0,-0.22206325000000005
296097.15,0.0,0.0023759000972765065,2022-12-29,0.0,-0.26482306059895533,0.0,2,1848.3000000000466,483687.9,779785.05,777936.75,0.0,0,-0.2202149499999999
296097.15,0.0,-0.0006946786168828822,2022-12-30,0.0,-0.2653337722983826,0.0,2,-541.7000000000116,483146.2,779243.3500000001,779785.05,0.0,0,-0.2207566499999999
296097.15,0.0,-0.0021260367509072786,2023-01-03,0.0,-0.26689569969812665,0.0,2,-1656.7000000000116,481489.5,777586.65,779243.3500000001,0.0,0,-0.22241334999999995
296097.15,0.0,-0.016658465008369205,2023-01-04,0.0,-0.27910809203219034,0.0,2,-12953.400000000023,468536.1,764633.25,777586.65,0.0,0,-0.23536674999999996
296097.15,0.0,0.008230743300791543,2023-01-05,0.0,-0.2731746157900894,0.0,2,6293.5,474829.6,770926.75,764633.25,0.0,0,-0.22907325
296097.15,0.0,-0.015913963291583788,2023-01-06,0.0,-0.2847412882737973,0.0,2,-12268.5,462561.1,758658.25,770926.75,0.0,0,-0.24134175000000002
296097.15,0.0,0.01654882155436921,2023-01-09,0.0,-0.2729045994882323,0.0,2,12554.900000000023,475116.0,771213.15,758658.25,0.0,0,-0.22878684999999999
62578.52,1378.0,-0.004721561088526505,2023-01-10,0.0,-0.2763376248389353,1114.2749999999894,3,-3377.5999999999767,704993.3,767571.8200000001,771213.15,0.0,0,-0.23242817999999998
62578.52,0.0,0.029969377979509382,2023-01-11,0.0,-0.2546499135881838,0.0,3,23003.649999999907,727996.95,790575.47,767571.8200000001,0.0,0,-0.20942453000000005
62578.52,0.0,0.01582802714584597,2023-01-12,0.0,-0.24285249218729887,0.0,3,12513.25,740510.2,803088.72,790575.47,0.0,0,-0.19691128000000002
62578.52,0.0,-0.01418859425643526,2023-01-13,0.0,-0.2535953509679245,0.0,3,-11394.699999999953,729115.5,791694.02,803088.72,0.0,0,-0.20830598
62578.52,0.0,-0.0023896858536331944,2023-01-16,0.0,-0.2553790235988025,0.0,3,-1891.9000000000233,727223.6,789802.12,791694.02,0.0,0,-0.21019788000000006
62578.52,0.0,0.006999981210483508,2023-01-17,0.0,-0.25016669075506226,0.0,3,5528.599999999977,732752.2,795330.72,789802.12,0.0,0,-0.20466928000000006
62578.52,0.0,0.01911569566934368,2023-01-30,0.0,-0.23583310541279912,0.0,3,15203.300000000047,747955.5,810534.02,795330.72,0.0,0,-0.18946598000000003
62578.52,0.0,-0.01674050646264047,2023-01-31,0.0,-0.24862564625017214,0.0,3,-13568.75,734386.75,796965.27,810534.02,0.0,0,-0.20303472999999994
62578.52,0.0,0.006317464749750146,2023-02-01,0.0,-0.24387886525649138,0.0,3,5034.800000000047,739421.55,802000.0700000001,796965.27,0.0,0,-0.19799992999999994
62578.52,0.0,0.003278054576728362,2023-02-02,0.0,-0.24140025891018435,0.0,3,2629.0,742050.55,804629.0700000001,802000.0700000001,0.0,0,-0.19537092999999994
62578.52,0.0,0.017379001730573718,2023-02-03,0.0,-0.2282165526969716,0.0,3,13983.649999999907,756034.2,818612.72,804629.0700000001,0.0,0,-0.18138728000000004
62578.52,0.0,-0.018994146584968785,2023-02-06,0.0,-0.2428759206268979,0.0,3,-15548.849999999977,740485.35,803063.87,818612.72,0.0,0,-0.19693613
62578.52,0.0,0.017268551752926076,2023-02-07,0.0,-0.22980148427885694,0.0,3,13867.750000000116,754353.1000000001,816931.6200000001,803063.87,0.0,0,-0.18306837999999992
62578.52,0.0,0.009030009145685858,2023-02-08,0.0,-0.2228465846379014,0.0,3,7376.899999999907,761730.0,824308.52,816931.6200000001,0.0,0,-0.17569148
62578.52,0.0,0.01208564482628427,2023-02-09,0.0,-0.2134541844843013,0.0,3,9962.300000000047,771692.3,834270.8200000001,824308.52,0.0,0,-0.16572917999999992
62578.52,0.0,-0.007403051685302975,2023-02-10,0.0,-0.21927702380942282,0.0,3,-6176.15000000014,765516.1499999999,828094.6699999999,834270.8200000001,0.0,0,-0.17190533000000008
62578.52,0.0,0.0069053095100830575,2023-02-13,0.0,-0.2138858900171937,0.0,3,5718.250000000116,771234.4,833812.92,828094.6699999999,0.0,0,-0.16618707999999993
62578.52,0.0,-0.004459813359572351,2023-02-14,0.0,-0.2173918122270433,0.0,3,-3718.6500000000233,767515.75,830094.27,833812.92,0.0,0,-0.16990572999999998
62578.52,0.0,0.0057918722893968155,2023-02-15,0.0,-0.21285904555082613,0.0,3,4807.800000000047,772323.55,834902.0700000001,830094.27,0.0,0,-0.16509792999999995
62578.52,0.0,-0.0003814818664900077,2023-02-16,0.0,-0.2131593255513201,0.0,3,-318.5,772005.05,834583.5700000001,834902.0700000001,0.0,0,-0.16541642999999995
62578.52,0.0,0.018058527080756948,2023-02-17,0.0,-0.19895014192354754,0.0,3,15071.34999999986,787076.3999999999,849654.9199999999,834583.5700000001,0.0,0,-0.15034508000000002
62578.52,0.0,0.008804221365539933,2023-02-20,0.0,-0.19189752164820817,0.0,3,7480.550000000047,794556.95,857135.47,849654.9199999999,0.0,0,-0.14286453
62578.52,0.0,0.0064012051677200255,2023-02-21,0.0,-0.18672469188773533,0.0,3,5486.70000000007,800043.65,862622.17,857135.47,0.0,0,-0.13737782999999992
62578.52,0.0,-0.010085296092030682,2023-02-22,0.0,-0.19492681417438507,0.0,3,-8699.800000000047,791343.85,853922.37,862622.17,0.0,0,-0.14607762999999996
62578.52,0.0,0.04074925452532652,2023-02-23,0.0,-0.1621206820136617,0.0,3,34796.69999999995,826140.5499999999,888719.07,853922.37,0.0,0,-0.11128093000000006
389280.82,2943.0,0.007498882633406367,2023-02-24,0.0,-0.15583752334712353,-791.6999999999936,2,10399.100000000093,506102.65,895383.47,888719.07,0.0,0,-0.10461653000000004
144050.42,1445.0,0.0053480437828499205,2023-03-01,0.0,-0.151322905462145,-645.750000000007,3,6879.299999999988,756121.6,900172.02,895383.47,0.0,0,-0.09982797999999993
144050.42,0.0,0.010222990490195594,2023-03-02,0.0,-0.14264688759543775,0.0,3,9202.45000000007,765324.05,909374.4700000001,900172.02,0.0,0,-0.09062552999999995
429475.42,2570.0,0.0041069989572062315,2023-03-03,0.0,-0.1391257392568348,-5975.0,2,12279.79999999993,483633.85,913109.27,909374.4700000001,0.0,0,-0.08689073000000003
429475.42,0.0,0.004684214847583412,2023-03-06,0.0,-0.1350932192627593,0.0,2,4277.200000000012,487911.05,917386.47,913109.27,0.0,0,-0.08261353000000005
148328.3,1672.0,0.03046658187579343,2023-03-07,0.0,-0.10874246601249926,3849.875000000012,3,25771.75,797007.8,945336.1000000001,917386.47,0.0,0,-0.054663899999999876
148328.3,0.0,0.03528607444484555,2023-03-08,0.0,-0.07729348631868682,0.0,3,33357.19999999995,830365.0,978693.3,945336.1000000001,0.0,0,-0.0213066999999999
148328.3,0.0,0.0003818867463381004,2023-03-09,0.0,-0.076941116930352,0.0,3,373.75,830738.75,979067.05,978693.3,0.0,0,-0.02093294999999995
148328.3,0.0,-0.016940055331246207,2023-03-10,0.0,-0.09257778548355011,0.0,3,-16585.449999999953,814153.3,962481.6000000001,979067.05,0.0,0,-0.03751839999999995
148328.3,0.0,0.0025231651181696346,2023-03-13,0.0,-0.09028820940443005,0.0,3,2428.5,816581.8,964910.1000000001,962481.6000000001,0.0,0,-0.035089899999999896
148328.3,0.0,0.0015859508569759928,2023-03-14,0.0,-0.08884545121053389,0.0,3,1530.2999999999302,818112.1,966440.3999999999,964910.1000000001,0.0,0,-0.033559600000000134
148328.3,0.0,0.011149213133060387,2023-03-15,0.0,-0.07868679494892272,0.0,3,10775.050000000047,828887.15,977215.45,966440.3999999999,0.0,0,-0.022784550000000015
148328.3,0.0,-0.026595977376329905,2023-03-16,0.0,-0.10319002010697509,0.0,3,-25990.0,802897.15,951225.45,977215.45,0.0,0,-0.04877455000000008
148328.3,0.0,0.026994914822768834,2023-03-17,0.0,-0.07898071108755378,0.0,3,25678.249999999884,828575.3999999999,976903.7,951225.45,0.0,0,-0.02309630000000007
148328.3,0.0,0.0008396426382661915,2023-03-20,0.0,-0.07820738402191729,0.0,3,820.2500000001164,829395.65,977723.95,976903.7,0.0,0,-0.02227604999999999
148328.3,0.0,0.010984439933173329,2023-03-21,0.0,-0.06808200840086331,0.0,3,10739.75,840135.4,988463.7,977723.95,0.0,0,-0.011536300000000055
148328.3,0.0,-0.0032177711735897896,2023-03-22,0.0,-0.07108070725038074,0.0,3,-3180.6500000000233,836954.75,985283.05,988463.7,0.0,0,-0.014716949999999951
148328.3,0.0,0.008299391733167516,2023-03-23,0.0,-0.06337124215135481,0.0,3,8177.25,845132.0,993460.3,985283.05,0.0,0,-0.006539699999999926
148328.3,0.0,0.001053439176180504,2023-03-24,0.0,-0.062384560724299765,0.0,3,1046.5500000000466,846178.55,994506.8500000001,993460.3,0.0,0,-0.005493149999999947
148328.3,0.0,0.0243602143112438,2023-03-27,0.0,-0.039544047682012806,0.0,3,24226.399999999907,870404.95,1018733.25,994506.8500000001,0.0,0,0.018733249999999924
148328.3,0.0,-0.02030698418845156,2023-03-28,0.0,-0.05904801151943839,0.0,3,-20687.399999999907,849717.55,998045.8500000001,1018733.25,0.0,0,-0.001954149999999877
148328.3,0.0,-0.0035938729668583136,2023-03-29,0.0,-0.06242967343395023,0.0,3,-3586.850000000093,846130.7,994459.0,998045.8500000001,0.0,0,-0.005541000000000018
148328.3,0.0,0.0034104472884251003,2023-03-30,0.0,-0.05923213925600501,0.0,3,3391.5500000000466,849522.25,997850.55,994459.0,0.0,0,-0.002149449999999997
148328.3,0.0,-0.0030646873923154683,2023-03-31,0.0,-0.06211529865792287,0.0,3,-3058.0999999999767,846464.15,994792.45,997850.55,0.0,0,-0.005207550000000061
148328.3,0.0,0.018971897102757485,2023-04-06,0.0,-0.04432184660981042,0.0,3,18873.099999999977,865337.25,1013665.55,994792.45,0.0,0,0.013665550000000026
148328.3,0.0,-0.006994614742505512,2023-04-07,0.0,-0.05100644711060387,0.0,3,-7090.199999999953,858247.05,1006575.3500000001,1013665.55,0.0,0,0.006575350000000091
148328.3,0.0,0.01811220590688989,2023-04-10,0.0,-0.033818080476360035,0.0,3,18231.29999999993,876478.35,1024806.6499999999,1006575.3500000001,0.0,0,0.02480664999999993
148328.3,0.0,0.0070474269463416395,2023-04-11,0.0,-0.0270089839816412,0.0,3,7222.25,883700.6,1032028.8999999999,1024806.6499999999,0.0,0,0.032028899999999805
148328.3,0.0,0.04347562359930057,2023-04-12,0.0,0.0,0.0,3,44868.09999999998,928568.7,1076897.0,1032028.8999999999,0.0,0,0.076897
148328.3,0.0,0.034159116424319125,2023-04-13,0.0,0.0,0.0,3,36785.85000000009,965354.55,1113682.85,1076897.0,0.0,0,0.11368285
148328.3,0.0,0.0016442293243537076,2023-04-14,0.0,0.0,0.0,3,1831.1499999999069,967185.7,1115514.0,1113682.85,0.0,0,0.1155139999999999
148328.3,0.0,0.054429258619792975,2023-04-17,0.0,0.0,0.0,3,60716.59999999998,1027902.2999999999,1176230.5999999999,1115514.0,0.0,0,0.1762305999999998
148328.3,0.0,0.023128500482813674,2023-04-18,0.0,0.0,0.0,3,27204.45000000007,1055106.75,1203435.05,1176230.5999999999,0.0,0,0.20343504999999995
148328.3,0.0,0.004308998645170092,2023-04-19,0.0,0.0,0.0,3,5185.600000000093,1060292.35,1208620.6500000001,1203435.05,0.0,0,0.20862065000000007
148328.3,0.0,-0.0399378415386169,2023-04-20,0.0,-0.0399378415386169,0.0,3,-48269.70000000007,1012022.65,1160350.95,1208620.6500000001,0.0,0,0.16035095
148328.3,0.0,-0.025061986634302258,2023-04-21,0.0,-0.06399890652207552,0.0,3,-29080.70000000007,982941.95,1131270.25,1160350.95,0.0,0,0.13127025000000003
148328.3,0.0,0.019779933221084844,2023-04-24,0.0,-0.045484867398219775,0.0,3,22376.45000000007,1005318.4,1153646.7,1131270.25,0.0,0,0.15364669999999991
148328.3,0.0,0.02837627845682733,2023-04-25,0.0,-0.018399280204256185,0.0,3,32736.199999999953,1038054.6,1186382.9,1153646.7,0.0,0,0.1863828999999999
399114.8,2260.0,-0.017403192510613397,2023-04-26,0.0,-0.035482266499418214,-1494.50000000002,3,-16892.349999999977,766621.25,1165736.05,1186382.9,0.0,0,0.16573605000000002
400819.0,33.0,0.04986965102434615,2023-04-27,0.0,0.0,0.0,2,58167.84999999998,823051.8999999999,1223870.9,1165736.05,0.0,0,0.22387089999999987
400819.0,0.0,0.01970632686829954,2023-04-28,0.0,0.0,0.0,2,24118.0,847169.8999999999,1247988.9,1223870.9,0.0,0,0.24798889999999996
400819.0,0.0,-0.002326382870873167,2023-05-02,0.0,-0.002326382870873167,0.0,2,-2903.2999999998137,844266.6000000001,1245085.6,1247988.9,0.0,0,0.24508560000000013
31161.1,2196.0,0.004056307453881081,2023-05-03,0.0,0.0,-7743.45000000001,3,14989.899999999907,1218974.95,1250136.05,1245085.6,0.0,0,0.25013605000000005
31161.1,0.0,0.0012053488098353604,2023-05-04,0.0,0.0,0.0,3,1506.8499999998603,1220481.7999999998,1251642.9,1250136.05,0.0,0,0.2516429
31161.1,0.0,-0.027982781670394696,2023-05-05,0.0,-0.027982781670394696,0.0,3,-35024.44999999972,1185457.35,1216618.4500000002,1251642.9,0.0,0,0.21661845000000013
31161.1,0.0,-0.009695151343463548,2023-05-08,0.0,-0.037406635710552694,0.0,3,-11795.300000000047,1173662.05,1204823.1500000001,1216618.4500000002,0.0,0,0.20482315000000018
31161.1,0.0,-0.01959138152350426,2023-05-09,0.0,-0.05626516956234073,0.0,3,-23604.15000000014,1150057.9,1181219.0,1204823.1500000001,0.0,0,0.18121900000000002
31161.1,0.0,-0.006345605683619859,2023-05-10,0.0,-0.06225373866619599,0.0,3,-7495.549999999814,1142562.35,1173723.4500000002,1181219.0,0.0,0,0.17372345000000022
31161.1,0.0,-0.048518456370621244,2023-05-11,0.0,-0.10775173973343333,0.0,3,-56947.25,1085615.1,1116776.2000000002,1173723.4500000002,0.0,0,0.11677620000000011
31161.1,0.0,0.006498034252520712,2023-05-12,0.0,-0.10195387997646921,0.0,3,7256.84999999986,1092871.95,1124033.05,1116776.2000000002,0.0,0,0.12403304999999998
31161.1,0.0,-0.014472839566416651,2023-05-15,0.0,-0.11495115739481276,0.0,3,-16267.949999999953,1076604.0,1107765.1,1124033.05,0.0,0,0.10776510000000017
31161.1,0.0,-0.0007108456476918601,2023-05-16,0.0,-0.11558029051257335,0.0,3,-787.4499999999534,1075816.55,1106977.6500000001,1107765.1,0.0,0,0.10697765000000015
31161.1,0.0,0.045840130557288195,2023-05-17,0.0,-0.07503837556223092,0.0,3,50744.0,1126560.55,1157721.6500000001,1106977.6500000001,0.0,0,0.15772165000000005
31161.1,0.0,0.023466910202465163,2023-05-18,0.0,-0.05333238418082331,0.0,3,27168.149999999907,1153728.7,1184889.8,1157721.6500000001,0.0,0,0.1848898000000001
31161.1,0.0,-0.03237360132562528,2023-05-19,0.0,-0.08397942416323356,0.0,3,-38359.14999999991,1115369.55,1146530.6500000001,1184889.8,0.0,0,0.1465306500000001
31161.1,0.0,0.013284904332910852,2023-05-22,0.0,-0.07181017844626425,0.0,3,15231.550000000047,1130601.1,1161762.2000000002,1146530.6500000001,0.0,0,0.16176220000000008
31161.1,0.0,0.035801775957248205,2023-05-23,0.0,-0.03857933440919914,0.0,3,41593.14999999991,1172194.25,1203355.35,1161762.2000000002,0.0,0,0.20335535000000005
31161.1,0.0,0.011581491701516011,2023-05-24,0.0,-0.027444648948993233,0.0,3,13936.649999999907,1186130.9,1217292.0,1203355.35,0.0,0,0.21729200000000004
31161.1,0.0,-0.028390230117342208,2023-05-25,0.0,-0.05505571916718388,0.0,3,-34559.19999999972,1151571.7000000002,1182732.8000000003,1217292.0,0.0,0,0.18273280000000036
31161.1,0.0,-0.026748898821441602,2023-05-26,0.0,-0.08033193812708073,0.0,3,-31636.80000000028,1119934.9,1151096.0,1182732.8000000003,0.0,0,0.1510959999999999
31161.1,0.0,0.03745313162412156,2023-05-29,0.0,-0.045887489155253425,0.0,3,43112.14999999991,1163047.0499999998,1194208.15,1151096.0,0.0,0,0.1942081499999999
31161.1,0.0,-0.018358482983054203,2023-05-30,0.0,-0.06340354744951582,0.0,3,-21923.849999999627,1141123.2000000002,1172284.3000000003,1194208.15,0.0,0,0.17228430000000028
31161.1,0.0,0.01845866228866133,2023-05-31,0.0,-0.04611522983112826,0.0,3,21638.799999999814,1162762.0,1193923.1,1172284.3000000003,0.0,0,0.19392310000000013
31161.1,0.0,0.041152524815040614,2023-06-01,0.0,-0.006860463156064478,0.0,3,49132.950000000186,1211894.9500000002,1243056.0500000003,1193923.1,0.0,0,0.2430560500000003
341087.5,2791.0,-0.005521553110980237,2023-06-02,0.0,-0.012344135855362537,4134.200000000001,3,-8206.80000000028,895104.95,1236192.45,1243056.0500000003,0.0,0,0.2361924499999999
348835.75,79.0,0.012655270625540727,2023-06-05,0.0,0.0,111.3500000000002,2,15612.0,903001.05,1251836.8,1236192.45,0.0,0,0.25183679999999997
98210.75,1477.0,-0.004830661632570621,2023-06-06,0.0,-0.004830661632570621,1836.0,3,-6406.20000000007,1147578.85,1245789.6,1251836.8,0.0,0,0.24578960000000016
98210.75,0.0,0.006703017909283959,2023-06-07,0.0,0.0,0.0,3,8350.549999999814,1155929.4,1254140.15,1245789.6,0.0,0,0.25414015
596827.25,4502.0,-0.012091511463052984,2023-06-08,0.0,-0.012091511463052984,4466.499999999977,2,-15128.949999999953,642148.45,1238975.7,1254140.15,0.0,0,0.2389756999999999
215025.25,2250.0,0.004725354984767005,2023-06-09,0.0,-0.007423293162251321,-8487.0,3,16591.600000000093,1029805.05,1244830.3,1238975.7,0.0,0,0.24483030000000006
215025.25,0.0,-0.010252039976854754,2023-06-12,0.0,-0.01759922924084678,0.0,3,-12762.050000000047,1017043.0,1232068.25,1244830.3,0.0,0,0.23206824999999998
215025.25,0.0,0.01893726260700257,2023-06-13,0.0,0.0,0.0,3,23332.0,1040375.0,1255400.25,1232068.25,0.0,0,0.2554002500000001
215025.25,0.0,-0.009932808281661543,2023-06-14,0.0,-0.009932808281661543,0.0,3,-12469.650000000023,1027905.35,1242930.6,1255400.25,0.0,0,0.2429306
215025.25,0.0,0.01371299411246274,2023-06-15,0.0,0.0,0.0,3,17044.300000000047,1044949.65,1259974.9,1242930.6,0.0,0,0.2599749
215025.25,0.0,0.0010623624327754655,2023-06-16,0.0,0.0,0.0,3,1338.5499999999302,1046288.2,1261313.45,1259974.9,0.0,0,0.26131345000000006
215025.25,0.0,0.0027734184551826413,2023-06-19,0.0,0.0,0.0,3,3498.1500000001397,1049786.35,1264811.6,1261313.45,0.0,0,0.26481160000000004
215025.25,0.0,-0.005613563316465564,2023-06-20,18948.0,-0.005613563316465564,0.0,3,-26048.100000000093,1023738.25,1257711.5,1264811.6,18948.0,0,0.2577115000000001
215025.25,0.0,0.019846284302878603,2023-06-21,0.0,0.0,0.0,3,24960.899999999907,1048699.15,1282672.4,1257711.5,18948.0,0,0.2826723999999998
215025.25,0.0,-0.00597171187280543,2023-06-26,5041.6,-0.00597171187280543,0.0,3,-12701.349999999768,1035997.8,1275012.6500000001,1282672.4,23989.6,0,0.2750126500000001
215025.25,0.0,-0.0386240089461074,2023-06-27,0.0,-0.04436506936611395,0.0,3,-49246.10000000021,986751.7,1225766.55,1275012.6500000001,23989.6,0,0.22576655000000012
215025.25,0.0,0.004717986471404423,2023-06-28,0.0,-0.03985639669178176,0.0,3,5783.150000000023,992534.85,1231549.7000000002,1225766.55,23989.6,0,0.2315497000000002
215025.25,0.0,0.0233282099780463,2023-06-29,0.0,-0.017457965104729634,0.0,3,28729.849999999977,1021264.7,1260279.55,1231549.7000000002,23989.6,0,0.26027955000000014
215025.25,0.0,-0.011344982944458515,2023-06-30,0.0,-0.028604887732830098,0.0,3,-14297.849999999977,1006966.85,1245981.7000000002,1260279.55,23989.6,0,0.2459817000000002
215025.25,0.0,0.029943698210013636,2023-07-03,0.0,0.0,0.0,3,37309.30000000005,1044276.15,1283291.0,1245981.7000000002,23989.6,0,0.28329099999999996
215025.25,0.0,-0.0026162421461694008,2023-07-04,0.0,-0.0026162421461694008,0.0,3,-3357.399999999907,1040918.75,1279933.6,1283291.0,23989.6,0,0.2799336000000001
215025.25,0.0,-0.01201343569697666,2023-07-05,0.0,-0.014598247786355434,0.0,3,-15376.40000000014,1025542.35,1264557.2000000002,1279933.6,23989.6,0,0.26455720000000027
215025.25,0.0,0.006226211040512686,2023-07-06,0.0,-0.008462928517382173,0.0,3,7873.40000000014,1033415.75,1272430.6,1264557.2000000002,23989.6,0,0.2724306000000001
215025.25,0.0,-0.009175156586143096,2023-07-07,0.0,-0.017560436409200908,0.0,3,-11674.750000000116,1021741.0,1260755.85,1272430.6,23989.6,0,0.26075585
215025.25,0.0,0.006844505222799446,2023-07-10,0.0,-0.010836123685118881,0.0,3,8629.250000000116,1030370.25,1269385.1,1260755.85,23989.6,0,0.26938510000000004
215025.25,0.0,0.008379884087185152,2023-07-11,0.0,-0.002547045058369335,0.0,3,10637.300000000047,1041007.55,1280022.4000000001,1269385.1,23989.6,0,0.2800224000000002
215025.25,0.0,-0.007502993697610316,2023-07-12,0.0,-0.010030928292959151,0.0,3,-9604.0,1031403.55,1270418.4000000001,1280022.4000000001,23989.6,0,0.27041840000000006
215025.25,0.0,-0.017278047924998652,2023-07-13,0.0,-0.027135661358179797,0.0,3,-21950.35000000021,1009453.2,1248468.05,1270418.4000000001,23989.6,0,0.24846805000000005
220066.85,0.0,0.02308657398160907,2023-07-14,0.0,-0.004675556830056382,0.0,3,28822.850000000115,1038276.05,1277290.9000000001,1248468.05,18948.0,0,0.2772909000000001
220066.85,0.0,0.008599176585380786,2023-07-17,0.0,0.0,0.0,3,10983.649999999907,1049259.7,1288274.55,1277290.9000000001,18948.0,0,0.28827455000000013
220066.85,0.0,-4.870856138550206e-05,2023-07-18,0.0,-4.870856138550206e-05,0.0,3,-62.75,1049196.95,1288211.8,1288274.55,18948.0,0,0.2882118
220066.85,0.0,-0.00864912120817396,2023-07-19,0.0,-0.008697408483308133,0.0,3,-11141.899999999907,1038055.05,1277069.9000000001,1288211.8,18948.0,0,0.2770699000000001
220066.85,0.0,0.021482379312205202,2023-07-20,4223.7,0.0,0.0,3,23210.8,1061265.85,1304504.4000000001,1277069.9000000001,23171.7,0,0.3045044000000001
239014.85,0.0,0.01261900688108053,2023-07-21,0.0,0.0,0.0,3,16461.549999999814,1077727.4,1320965.95,1304504.4000000001,4223.7,0,0.32096594999999994
239014.85,0.0,0.026568247273898393,2023-07-24,0.0,0.0,0.0,3,35095.75,1112823.15,1356061.7,1320965.95,4223.7,0,0.3560616999999999
239014.85,0.0,-0.026124991215370152,2023-07-25,0.0,-0.026124991215370152,0.0,3,-35427.09999999986,1077396.05,1320634.6,1356061.7,4223.7,0,0.3206346
239014.85,0.0,0.0010217057769046356,2023-07-26,0.0,-0.025129977492911904,0.0,3,1349.3000000000466,1078745.35,1321983.9000000001,1320634.6,4223.7,0,0.3219839000000002
239014.85,0.0,0.0622361210299156,2023-07-27,0.0,0.0,0.0,3,82275.1499999999,1161020.5,1404259.05,1321983.9000000001,4223.7,0,0.40425905000000006
239014.85,0.0,0.03741813164743357,2023-07-28,0.0,0.0,0.0,3,52544.75,1213565.25,1456803.8,1404259.05,4223.7,0,0.4568038000000001
239014.85,0.0,0.010995097623990313,2023-07-31,0.0,0.0,0.0,3,16017.699999999953,1229582.95,1472821.5,1456803.8,4223.7,0,0.4728215
239014.85,0.0,-0.02551568536988358,2023-08-01,0.0,-0.02551568536988358,0.0,3,-37580.05000000005,1192002.9,1435241.45,1472821.5,4223.7,0,0.4352414499999999
684105.03,4024.0,-0.01781771283152389,2023-08-02,0.0,-0.04287876704678739,16888.87500000004,2,-38437.59999999986,721340.0,1409668.73,1435241.45,4223.7,0,0.4096687299999999
684105.03,0.0,0.010884826820270144,2023-08-04,0.0,-0.032460668180088414,0.0,2,15344.0,736684.0,1425012.73,1409668.73,4223.7,0,0.42501272999999995
684105.03,0.0,-0.0031676910002059744,2023-08-07,0.0,-0.035525533813839605,0.0,2,-4514.0,732170.0,1420498.73,1425012.73,4223.7,0,0.42049873000000004
298684.38,2279.0,-0.003325064570807612,2023-08-08,0.0,-0.03873247369080379,-6698.250000000008,3,4254.0,1112867.4,1415775.4799999997,1420498.73,4223.7,0,0.41577547999999975
298684.38,0.0,-0.00879193076574536,2023-08-09,0.0,-0.04718387122947365,0.0,3,-12447.399999999907,1100420.0,1403328.0799999998,1415775.4799999997,4223.7,0,0.40332807999999987
298684.38,0.0,-0.01000692582165108,2023-08-10,0.0,-0.05671863155175294,0.0,3,-14043.0,1086377.0,1389285.0799999998,1403328.0799999998,4223.7,0,0.38928507999999984
298684.38,0.0,0.002780998698985515,2023-08-11,0.0,-0.054095367293321095,0.0,3,3863.600000000093,1090240.6,1393148.68,1389285.0799999998,4223.7,0,0.3931486799999999
298684.38,0.0,-0.017214386622395716,2023-08-14,0.0,-0.07037853534864902,0.0,3,-23982.200000000186,1066258.4,1369166.4799999997,1393148.68,4223.7,0,0.36916647999999985
298684.38,0.0,0.012388194020058085,2023-08-15,0.0,-0.05886220427933753,0.0,3,16961.5,1083219.9,1386127.9799999997,1369166.4799999997,4223.7,0,0.3861279799999997
298684.38,0.0,0.029701514285859876,2023-08-16,0.0,-0.030908986594777588,0.0,3,41170.10000000009,1124390.0,1427298.0799999998,1386127.9799999997,4223.7,0,0.4272980799999999
298684.38,0.0,0.03490875570994967,2023-08-17,0.0,0.0,0.0,3,49825.19999999995,1174215.2,1477123.28,1427298.0799999998,4223.7,0,0.47712328000000004
298684.38,0.0,-0.050609993771136175,2023-08-18,0.0,-0.050609993771136175,0.0,3,-74757.19999999995,1099458.0,1402366.0799999998,1477123.28,4223.7,0,0.40236607999999974
298684.38,0.0,0.005300042625103973,2023-08-21,0.0,-0.04557818627027532,0.0,3,7432.600000000093,1106890.6,1409798.68,1402366.0799999998,4223.7,0,0.40979867999999997
298684.38,0.0,0.006443047598824414,2023-08-22,0.0,-0.03942880109505831,0.0,3,9083.399999999907,1115974.0,1418882.0799999998,1409798.68,4223.7,0,0.41888207999999993
298684.38,0.0,-0.025271797075624325,2023-08-23,0.0,-0.0637041615104732,0.0,3,-35857.69999999995,1080116.3,1383024.3800000001,1418882.0799999998,4223.7,0,0.38302438000000016
298684.38,0.0,0.0012085108723824955,2023-08-24,0.0,-0.0625726378098922,0.0,3,1671.3999999999069,1081787.7,1384695.78,1383024.3800000001,4223.7,0,0.38469577999999993
302908.08,0.0,-0.008573363313059246,2023-08-25,0.0,-0.07060954316555079,0.0,3,-11871.499999999953,1069916.2,1372824.28,1384695.78,0.0,0,0.3728242800000001
302908.08,0.0,-0.0002843772547495016,2023-08-28,0.0,-0.07087384067225577,0.0,3,-390.39999999990687,1069525.8,1372433.8800000001,1372824.28,0.0,0,0.3724338800000002
302908.08,0.0,0.023566089755813868,2023-08-29,0.0,-0.048977970207063515,0.0,3,32342.899999999907,1101868.7,1404776.78,1372433.8800000001,0.0,0,0.40477677999999995
302908.08,0.0,0.03026957777590833,2023-08-30,0.0,-0.020190934909644076,0.0,3,42522.0,1144390.7,1447298.78,1404776.78,0.0,0,0.4472987800000001
302908.08,0.0,0.0015146837890653853,2023-08-31,0.0,-0.018706834002372497,0.0,3,2192.1999999999534,1146582.9,1449490.98,1447298.78,0.0,0,0.44949098
302908.08,0.0,-0.014610508304094272,2023-09-01,0.0,-0.03304402595293188,0.0,3,-21177.799999999814,1125405.1,1428313.1800000002,1449490.98,0.0,0,0.4283131800000002
302908.08,0.0,0.03546680147556991,2023-09-04,0.0,0.0,0.0,3,50657.69999999995,1176062.8,1478970.8800000001,1428313.1800000002,0.0,0,0.4789708800000001
302908.08,0.0,0.0038188716737952433,2023-09-05,0.0,0.0,0.0,3,5648.0,1181710.8,1484618.8800000001,1478970.8800000001,0.0,0,0.4846188800000002
626695.08,2917.0,-0.009721013382235966,2023-09-06,0.0,-0.009721013382235966,-5384.0,2,-6131.0,843491.8,1470186.88,1484618.8800000001,0.0,0,0.47018688
167626.33,2705.0,0.003279072929830651,2023-09-07,0.0,-0.006473816364237606,-10271.249999999989,3,17797.09999999986,1307381.4,1475007.73,1470186.88,0.0,0,0.47500772999999996
167626.33,0.0,0.014299382688659046,2023-09-08,0.0,0.0,0.0,3,21091.700000000186,1328473.1,1496099.4300000002,1475007.73,0.0,0,0.4960994300000001
672074.83,4542.0,-0.023240768162046566,2023-09-11,0.0,-0.023240768162046566,10026.5,2,-40255.0,789254.1000000001,1461328.9300000002,1496099.4300000002,0.0,0,0.4613289300000001
672074.83,0.0,0.00015239553219537072,2023-09-12,0.0,-0.02309191441908398,0.0,2,222.69999999995343,789476.8,1461551.63,1461328.9300000002,0.0,0,0.46155163
562099.33,648.0,0.009234501007672424,2023-09-13,0.0,-0.014070655718383729,-537.5,3,14682.199999999953,912949.0,1475048.33,1461551.63,0.0,0,0.47504833000000013
562099.33,0.0,0.015724162746586057,2023-09-14,0.0,0.0,0.0,3,23193.899999999907,936142.8999999999,1498242.23,1475048.33,0.0,0,0.49824223
562099.33,0.0,0.0035607726795952033,2023-09-15,0.0,0.0,0.0,3,5334.90000000014,941477.8,1503577.13,1498242.23,0.0,0,0.5035771299999998
562099.33,0.0,-0.0016999460479955042,2023-09-18,0.0,-0.0016999460479955042,0.0,3,-2556.0,938921.8,1501021.13,1503577.13,0.0,0,0.5010211299999998
562099.33,0.0,0.005399923983748334,2023-09-19,0.0,0.0,0.0,3,8105.399999999907,947027.2,1509126.5299999998,1501021.13,0.0,0,0.5091265299999999
562099.33,0.0,-0.0019993022056273846,2023-09-20,0.0,-0.0019993022056273846,0.0,3,-3017.1999999999534,944010.0,1506109.33,1509126.5299999998,0.0,0,0.5061093300000001
562099.33,0.0,-0.013438400252125282,2023-09-21,0.0,-0.015410835034488368,0.0,3,-20239.699999999953,923770.3,1485869.63,1506109.33,0.0,0,0.48586962999999983
562099.33,0.0,-0.003279493639021247,2023-09-22,0.0,-0.01863978893804208,0.0,3,-4872.90000000014,918897.3999999999,1480996.73,1485869.63,0.0,0,0.48099673
562099.33,0.0,0.013273560705296061,2023-09-25,0.0,-0.005613644602748935,0.0,3,19658.100000000093,938555.5,1500654.83,1480996.73,0.0,0,0.50065483
562099.33,0.0,-0.008171099545922877,2023-09-26,0.0,-0.013738874499807374,0.0,3,-12262.0,926293.5,1488392.83,1500654.83,0.0,0,0.48839283
562099.33,0.0,-0.0025837265018269218,2023-09-27,0.0,-0.016287103507483747,0.0,3,-3845.600000000093,922447.8999999999,1484547.23,1488392.83,0.0,0,0.48454723
562099.33,0.0,0.0034218513883184087,2023-09-28,0.0,-0.012920984166914007,0.0,3,5079.90000000014,927527.8,1489627.13,1484547.23,0.0,0,0.4896271299999999
562099.33,0.0,0.015586048033375821,2023-10-02,0.0,0.0,0.0,3,23217.399999999907,950745.2,1512844.5299999998,1489627.13,0.0,0,0.5128445299999997
562099.33,0.0,-0.018836634852359868,2023-10-03,0.0,-0.018836634852359868,0.0,3,-28496.899999999907,922248.3,1484347.63,1512844.5299999998,0.0,0,0.4843476299999998
562099.33,0.0,-0.006785607223288914,2023-10-04,0.0,-0.025494424070132027,0.0,3,-10072.199999999953,912176.1000000001,1474275.4300000002,1484347.63,0.0,0,0.4742754300000003
562099.33,0.0,-0.0009988635569949667,2023-10-05,0.0,-0.026467822176016842,0.0,3,-1472.6000000000931,910703.5,1472802.83,1474275.4300000002,0.0,0,0.47280283
562099.33,0.0,-0.027365509611357863,2023-10-06,0.0,-0.053109026345225185,0.0,3,-40304.0,870399.5,1432498.83,1472802.83,0.0,0,0.4324988300000001
562099.33,0.0,-0.008593096023680635,2023-10-11,0.0,-0.06124575140579702,0.0,3,-12309.600000000093,858089.8999999999,1420189.23,1432498.83,0.0,0,0.4201892300000001
882254.53,2901.0,0.005854712755426261,2023-10-12,0.0,-0.05574961493234187,-297.7999999999831,3,11513.600000000093,546249.5,1428504.03,1420189.23,0.0,0,0.42850403000000004
455856.13,2574.0,-0.007745585428974855,2023-10-13,0.0,-0.06306338695622582,2066.4000000000146,4,-10557.0,961583.3,1417439.4300000002,1428504.03,0.0,0,0.41743943000000017
456717.53,26.0,-0.014312639800065474,2023-10-16,0.0,-0.07647342321421469,3.4000000000000483,4,-20264.699999999953,940434.6000000001,1397152.1300000001,1417439.4300000002,0.0,0,0.39715213000000005
457208.53,24.0,-0.003369282341501467,2023-10-17,0.0,-0.07958504500128627,7.000000000000028,3,-4690.40000000014,935236.2,1392444.73,1397152.1300000001,0.0,0,0.39244473
457208.53,0.0,-0.006908353195462236,2023-10-18,0.0,-0.08594359659680284,0.0,3,-9619.5,925616.7,1382825.23,1392444.73,0.0,0,0.3828252299999999
457208.53,0.0,0.0009988970189676039,2023-10-19,0.0,-0.08503054838027524,0.0,3,1381.3000000000466,926998.0,1384206.53,1382825.23,0.0,0,0.38420652999999994
457208.53,0.0,-0.0027133956664688874,2023-10-20,0.0,-0.08751322252525162,0.0,3,-3755.899999999907,923242.1000000001,1380450.6300000001,1384206.53,0.0,0,0.3804506300000001
457208.53,0.0,-0.00011575930100449217,2023-10-23,0.0,-0.08761885135678793,0.0,3,-159.80000000004657,923082.3,1380290.83,1380450.6300000001,0.0,0,0.3802908300000001
457208.53,0.0,0.005371621573404095,2023-10-24,0.0,-0.08271788509556888,0.0,3,7414.399999999907,930496.7,1387705.23,1380290.83,0.0,0,0.3877052299999999
457208.53,0.0,-0.006873001408231327,2023-10-25,0.0,-0.08902236636305239,0.0,3,-9537.699999999953,920959.0,1378167.53,1387705.23,0.0,0,0.37816753000000003
457208.53,0.0,-0.018888342261263458,2023-10-26,0.0,-0.10622922369954291,0.0,3,-26031.300000000047,894927.7,1352136.23,1378167.53,0.0,0,0.35213622999999994
457208.53,0.0,0.005857915662832225,2023-10-27,0.0,-0.10099358987007068,0.0,3,7920.699999999953,902848.3999999999,1360056.93,1352136.23,0.0,0,0.36005692999999983
457208.53,0.0,0.0030622247555476267,2023-10-30,0.0,-0.09824063018557483,0.0,3,4164.800000000047,907013.2,1364221.73,1360056.93,0.0,0,0.3642217299999999
457208.53,0.0,0.020254332116524942,2023-10-31,0.0,-0.07997609642016534,0.0,3,27631.40000000014,934644.6000000001,1391853.1300000001,1364221.73,0.0,0,0.3918531300000001
816424.83,3234.0,0.005933097265801157,2023-11-01,0.0,-0.07451750511336408,-1399.9999999999773,3,12892.0,583686.3,1400111.13,1391853.1300000001,0.0,0,0.40011113
836773.98,183.0,0.01595255513753413,2023-11-02,0.0,-0.05975369458486246,-215.65000000000387,2,22734.0,585672.5,1422446.48,1400111.13,0.0,0,0.42244648000000007
836773.98,0.0,-0.0074220718659305795,2023-11-03,0.0,-0.06673227023532935,0.0,2,-10557.5,575115.0,1411888.98,1422446.48,0.0,0,0.41188898000000007
403913.98,2550.0,0.011778546497331455,2023-11-06,0.0,-0.05573973288583711,7030.0,3,12150.0,1024605.0,1428518.98,1411888.98,0.0,0,0.42851898
403913.98,0.0,0.0024885913661434333,2023-11-07,0.0,-0.05338985493770454,0.0,3,3555.0,1028160.0,1432073.98,1428518.98,0.0,0,0.43207397999999997
403913.98,0.0,-0.0011539208330564321,2023-11-08,0.0,-0.054482168104874495,0.0,3,-1652.5,1026507.5,1430421.48,1432073.98,0.0,0,0.4304214799999999
403913.98,0.0,0.024183431585493187,2023-11-09,0.0,-0.031616302304374844,0.0,3,34592.5,1061100.0,1465013.98,1430421.48,0.0,0,0.46501397999999994
403913.98,0.0,-0.011040850272295732,2023-11-10,0.0,-0.042308081716764256,0.0,3,-16175.0,1044925.0,1448838.98,1465013.98,0.0,0,0.4488389799999999
403913.98,0.0,0.004850435484555993,2023-11-13,0.0,-0.03766285885305065,0.0,3,7027.5,1051952.5,1455866.48,1448838.98,0.0,0,0.4558664800000001
403913.98,0.0,0.00899292632934312,2023-11-14,0.0,-0.029008631838725596,0.0,3,13092.5,1065045.0,1468958.98,1455866.48,0.0,0,0.46895898
403913.98,0.0,-0.016346610304938558,2023-11-15,0.0,-0.044881049343517,0.0,3,-24012.5,1041032.5,1444946.48,1468958.98,0.0,0,0.44494648000000003
403913.98,0.0,-0.002996650782525867,2023-11-16,0.0,-0.047743207294407064,0.0,3,-4330.0,1036702.5,1440616.48,1444946.48,0.0,0,0.4406164800000001
403913.98,0.0,0.021799695086092585,2023-11-17,0.0,-0.02698429956976467,0.0,3,31405.0,1068107.5,1472021.48,1440616.48,0.0,0,0.47202148
403913.98,0.0,-0.004611006083960145,2023-11-20,0.0,-0.03147088088423722,0.0,3,-6787.5,1061320.0,1465233.98,1472021.48,0.0,0,0.46523398000000005
403913.98,0.0,-0.013021811028433805,2023-11-21,0.0,-0.04408288404889815,0.0,3,-19080.0,1042240.0,1446153.98,1465233.98,0.0,0,0.44615398000000006
403913.98,0.0,-0.001483244543572071,2023-11-22,0.0,-0.045500742895239754,0.0,3,-2145.0,1040095.0,1444008.98,1446153.98,0.0,0,0.44400898
403913.98,0.0,-0.006878419828109328,2023-11-23,0.0,-0.05206618951122477,0.0,3,-9932.5,1030162.5,1434076.48,1444008.98,0.0,0,0.4340764799999999
403913.98,0.0,-0.00324250489067357,2023-11-24,0.0,-0.0551398695277695,0.0,3,-4650.0,1025512.5,1429426.48,1434076.48,0.0,0,0.42942648000000005
403913.98,0.0,-0.008905669636118718,2023-11-27,0.0,-0.06355448170209521,0.0,3,-12730.0,1012782.5,1416696.48,1429426.48,0.0,0,0.4166964799999999
403913.98,0.0,0.029016448180911647,2023-11-28,0.0,-0.03638215884615703,0.0,3,41107.5,1053890.0,1457803.98,1416696.48,0.0,0,0.45780398
403913.98,0.0,-0.002359713683865783,2023-11-29,0.0,-0.03865602105194499,0.0,3,-3440.0,1050450.0,1454363.98,1457803.98,0.0,0,0.4543639799999999
403913.98,0.0,0.030576939893684596,2023-11-30,0.0,-0.009261063990494645,0.0,3,44470.0,1094920.0,1498833.98,1454363.98,0.0,0,0.4988339799999999
403913.98,0.0,0.0037946163990758564,2023-12-01,0.0,-0.005501589776710114,0.0,3,5687.5,1100607.5,1504521.48,1498833.98,0.0,0,0.50452148
403913.98,0.0,0.0012894465288724177,2023-12-04,0.0,-0.004219237253678565,0.0,3,1940.0,1102547.5,1506461.48,1504521.48,0.0,0,0.50646148
403913.98,0.0,0.01242813058850989,2023-12-05,0.0,0.0,0.0,3,18722.5,1121270.0,1525183.98,1506461.48,0.0,0,0.52518398
403913.98,0.0,0.008949739952028635,2023-12-06,0.0,0.0,0.0,3,13650.0,1134920.0,1538833.98,1525183.98,0.0,0,0.5388339799999999
403913.98,0.0,0.010074186170492494,2023-12-07,0.0,0.0,0.0,3,15502.5,1150422.5,1554336.48,1538833.98,0.0,0,0.5543364799999999
914003.38,4601.0,-0.0019467470775696993,2023-12-08,0.0,-0.0019467470775696993,337.59999999997905,3,1237.5,637307.2,1551310.58,1554336.48,0.0,0,0.55131058
566474.03,2261.0,0.015866229701082757,2023-12-11,0.0,0.0,-1519.0499999999995,3,28393.5,1009450.0,1575924.03,1551310.58,0.0,0,0.5759240299999999
566474.03,0.0,0.003791426417934618,2023-12-12,0.0,0.0,0.0,3,5975.0,1015425.0,1581899.03,1575924.03,0.0,0,0.58189903
566474.03,0.0,0.009539167616785305,2023-12-13,0.0,0.0,0.0,3,15090.0,1030515.0,1596989.03,1581899.03,0.0,0,0.59698903
699437.03,1197.0,-0.01326997218008441,2023-12-14,0.0,-0.01326997218008441,-2150.0,2,-17845.0,876360.0,1575797.03,1596989.03,0.0,0,0.5757970299999999
699437.03,0.0,-0.010229743864918928,2023-12-15,0.0,-0.023363967628506455,0.0,2,-16120.0,860240.0,1559677.03,1575797.03,0.0,0,0.55967703
223686.53,2803.0,-0.0061169715373701194,2023-12-18,0.0,-0.029338022440893008,-1737.5,3,-5000.0,1326450.0,1550136.53,1559677.03,0.0,0,0.5501365300000001
223686.53,0.0,-0.011247396382562558,2023-12-19,0.0,-0.04025544245598234,0.0,3,-17435.0,1309015.0,1532701.53,1550136.53,0.0,0,0.53270153
223686.53,0.0,0.008158796579266214,2023-12-20,0.0,-0.03242508184292292,0.0,3,12505.0,1321520.0,1545206.53,1532701.53,0.0,0,0.54520653
223686.53,0.0,-0.0047145801280039645,2023-12-21,0.0,-0.036986791324421286,0.0,3,-7285.0,1314235.0,1537921.53,1545206.53,0.0,0,0.53792153
223686.53,0.0,0.0022725476767335717,2023-12-22,0.0,-0.034798297894381935,0.0,3,3495.0,1317730.0,1541416.53,1537921.53,0.0,0,0.54141653
223686.53,0.0,-0.004155268790324906,2023-12-25,0.0,-0.038808970403509946,0.0,3,-6405.0,1311325.0,1535011.53,1541416.53,0.0,0,0.53501153
223686.53,0.0,0.008123717481131942,2023-12-26,0.0,-0.031000526033669762,0.0,3,12470.0,1323795.0,1547481.53,1535011.53,0.0,0,0.54748153
223686.53,0.0,-0.011195610198979189,2023-12-27,0.0,-0.041849066427212755,0.0,3,-17325.0,1306470.0,1530156.53,1547481.53,0.0,0,0.53015653
223686.53,0.0,-0.010476052407527248,2023-12-28,0.0,-0.05188670582164234,0.0,3,-16030.0,1290440.0,1514126.53,1530156.53,0.0,0,0.51412653
223686.53,0.0,0.005854860755923674,2023-12-29,0.0,-0.04633563450338796,0.0,3,8865.0,1299305.0,1522991.53,1514126.53,0.0,0,0.5229915300000001
223686.53,0.0,0.016136005694004085,2024-01-02,0.0,-0.03094730087156583,0.0,3,24575.0,1323880.0,1547566.53,1522991.53,0.0,0,0.5475665300000001
223686.53,0.0,-0.007149934936884428,2024-01-03,0.0,-0.03787596462074638,0.0,3,-11065.0,1312815.0,1536501.53,1547566.53,0.0,0,0.53650153
223686.53,0.0,-0.012193284311275643,2024-01-04,0.0,-0.04960741652683742,0.0,3,-18735.0,1294080.0,1517766.53,1536501.53,0.0,0,0.5177665300000001
223686.53,0.0,0.016046605007161485,2024-01-05,0.0,-0.03435684213810786,0.0,3,24355.0,1318435.0,1542121.53,1517766.53,0.0,0,0.54212153
223686.53,0.0,0.002830516217486423,2024-01-08,0.0,-0.03162357351947498,0.0,3,4365.0,1322800.0,1546486.53,1542121.53,0.0,0,0.5464865300000001
223686.53,0.0,0.01214688885780335,2024-01-09,0.0,-0.01986081269449924,0.0,3,18785.0,1341585.0,1565271.53,1546486.53,0.0,0,0.56527153
223686.53,0.0,0.004804278271131723,2024-01-10,0.0,-0.015151951294242738,0.0,3,7520.0,1349105.0,1572791.53,1565271.53,0.0,0,0.5727915299999999
223686.53,0.0,0.015682307241316362,2024-01-11,0.0,0.0,0.0,3,24665.0,1373770.0,1597456.53,1572791.53,0.0,0,0.5974565300000001
223686.53,0.0,-0.002519630377672888,2024-01-12,0.0,-0.002519630377672888,0.0,3,-4025.0,1369745.0,1593431.53,1597456.53,0.0,0,0.5934315299999999
223686.53,0.0,0.010671936433942708,2024-01-15,0.0,0.0,0.0,3,17005.0,1386750.0,1610436.53,1593431.53,0.0,0,0.6104365300000001
223686.53,0.0,-0.006296429453199304,2024-01-16,0.0,-0.006296429453199304,0.0,3,-10140.0,1376610.0,1600296.53,1610436.53,0.0,1,0.60029653
223686.53,0.0,-0.015947044514306397,2024-01-17,0.0,-0.022143064526734202,0.0,3,-25520.0,1351090.0,1574776.53,1600296.53,0.0,0,0.5747765300000001
223686.53,0.0,0.016072121674305162,2024-01-18,0.0,-0.006426828879744773,0.0,3,25310.0,1376400.0,1600086.53,1574776.53,0.0,0,0.60008653
223686.53,0.0,-0.004056030644792652,2024-01-19,0.0,-0.010456792109652446,0.0,3,-6490.0,1369910.0,1593596.53,1600086.53,0.0,0,0.5935965300000001
223686.53,0.0,0.0050922550640846165,2024-01-22,0.0,-0.00541778569814233,0.0,3,8115.0,1378025.0,1601711.53,1593596.53,0.0,0,0.60171153
223686.53,0.0,-0.010623011498206547,2024-01-23,0.0,-0.015983243996582686,0.0,3,-17015.0,1361010.0,1584696.53,1601711.53,0.0,0,0.58469653
223686.53,0.0,-0.004502439340862363,2024-01-24,0.0,-0.020413719750880244,0.0,3,-7135.0,1353875.0,1577561.53,1584696.53,0.0,0,0.5775615300000001
223686.53,0.0,0.001074443036145789,2024-01-25,0.0,-0.01936121009376257,0.0,3,1695.0,1355570.0,1579256.53,1577561.53,0.0,0,0.5792565300000001
223686.53,0.0,0.02127583414203138,2024-01-26,0.0,0.0,0.0,3,33600.0,1389170.0,1612856.53,1579256.53,0.0,0,0.61285653
223686.53,0.0,-0.01542294651589371,2024-01-29,0.0,-0.01542294651589371,0.0,3,-24875.0,1364295.0,1587981.53,1612856.53,0.0,0,0.58798153
223686.53,0.0,0.005607747843263677,2024-01-30,0.0,-0.009901686667691423,0.0,3,8905.0,1373200.0,1596886.53,1587981.53,0.0,0,0.5968865300000001
223686.53,0.0,0.008601112065238503,2024-01-31,0.0,-0.0013857401191165186,0.0,3,13735.0,1386935.0,1610621.53,1596886.53,0.0,0,0.61062153
223686.53,0.0,0.007239441285750159,2024-02-01,0.0,0.0,0.0,3,11660.0,1398595.0,1622281.53,1610621.53,0.0,0,0.62228153
803435.53,5221.0,-0.005770268493410002,2024-02-02,0.0,-0.005770268493410002,-4810.0,2,670.0,809485.0,1612920.53,1622281.53,0.0,0,0.61292053
803435.53,0.0,-0.009566497364876358,2024-02-05,0.0,-0.01528156459994956,0.0,2,-15430.0,794055.0,1597490.53,1612920.53,0.0,0,0.59749053
341305.03,2723.0,-0.0021192613892990764,2024-02-15,0.0,-0.017368440359423976,7927.5,3,-8590.0,1252800.0,1594105.03,1597490.53,0.0,0,0.5941050299999999
341305.03,0.0,0.012310983047334023,2024-02-16,0.0,-0.005271279886913338,0.0,3,19625.0,1272425.0,1613730.03,1594105.03,0.0,0,0.6137300299999999
341305.03,0.0,0.00601711551466888,2024-02-19,0.0,0.0,0.0,3,9710.0,1282135.0,1623440.03,1613730.03,0.0,0,0.62344003
341305.03,0.0,-0.007265436223104604,2024-02-20,0.0,-0.007265436223104604,0.0,3,-11795.0,1270340.0,1611645.03,1623440.03,0.0,0,0.61164503
341305.03,0.0,0.021630073217797863,2024-02-21,0.0,0.0,0.0,3,34860.0,1305200.0,1646505.03,1611645.03,0.0,0,0.6465050299999999
341305.03,0.0,0.010877585961580616,2024-02-22,0.0,0.0,0.0,3,17910.0,1323110.0,1664415.03,1646505.03,0.0,0,0.66441503
341305.03,0.0,-0.020715986925448515,2024-02-23,0.0,-0.020715986925448515,0.0,3,-34480.0,1288630.0,1629935.03,1664415.03,0.0,0,0.62993503
341305.03,0.0,0.01267841945822834,2024-02-26,0.0,-0.008300213438952153,0.0,3,20665.0,1309295.0,1650600.03,1629935.03,0.0,0,0.6506000300000001
341305.03,0.0,-0.010126620438750344,2024-02-27,0.0,-0.01834278076664564,0.0,3,-16715.0,1292580.0,1633885.03,1650600.03,0.0,0,0.6338850300000001
341305.03,0.0,0.004299568128119713,2024-02-29,0.0,-0.01412207867409132,0.0,3,7025.0,1299605.0,1640910.03,1633885.03,0.0,0,0.6409100300000001
341305.03,0.0,-0.0011182819084846196,2024-03-01,0.0,-0.015224568117484516,0.0,3,-1835.0,1297770.0,1639075.03,1640910.03,0.0,0,0.6390750300000001
341305.03,0.0,0.024663300495767926,2024-03-04,0.0,0.0,0.0,3,40425.0,1338195.0,1679500.03,1639075.03,0.0,0,0.67950003
341305.03,0.0,0.008913366914319099,2024-03-05,0.0,0.0,0.0,3,14970.0,1353165.0,1694470.03,1679500.03,0.0,0,0.69447003
341305.03,0.0,-0.019398395615176534,2024-03-06,0.0,-0.019398395615176534,0.0,3,-32870.0,1320295.0,1661600.03,1694470.03,0.0,0,0.66160003
341305.03,0.0,-0.032679344619414796,2024-03-07,0.0,-0.051443813379219216,0.0,3,-54300.0,1265995.0,1607300.03,1661600.03,0.0,0,0.60730003
341305.03,0.0,-0.04358862607624037,2024-03-08,0.0,-0.09279007431013697,0.0,3,-70060.0,1195935.0,1537240.03,1607300.03,0.0,0,0.53724003
724767.53,3457.0,-0.00037177017827205727,2024-03-11,0.0,-0.0931273479059408,-2294.5,3,5180.0,811901.0,1536668.53,1537240.03,0.0,0,0.53666853
271488.03,2840.0,0.022998779053541307,2024-03-12,0.0,-0.07227038415073062,21065.49999999997,4,17116.0,1300522.0,1572010.03,1536668.53,0.0,0,0.57201003
273302.78,34.0,-0.013675644295984557,2024-03-13,0.0,-0.08495768437993556,71.25,3,-21535.5,1277209.0,1550511.78,1572010.03,0.0,0,0.5505117800000001
273302.78,0.0,0.0030947846136324397,2024-03-14,0.0,-0.08212582550073189,0.0,3,4798.5,1282007.5,1555310.28,1550511.78,0.0,0,0.55531028
273302.78,0.0,-0.016992107838443626,2024-03-15,0.0,-0.09772244245594597,0.0,3,-26428.0,1255579.5,1528882.28,1555310.28,0.0,0,0.5288822799999999
273302.78,0.0,0.016287388719032014,2024-03-18,0.0,-0.08302669714376709,0.0,3,24901.5,1280481.0,1553783.78,1528882.28,0.0,0,0.5537837800000001
273302.78,0.0,0.008625395741999498,2024-03-19,0.0,-0.07511743952178374,0.0,3,13402.0,1293883.0,1567185.78,1553783.78,0.0,0,0.56718578
651932.78,3410.0,-0.003217550889212384,2024-03-20,0.0,-0.07809329622666739,140.0,2,-1772.5,910210.5,1562143.28,1567185.78,0.0,0,0.5621432800000001
651932.78,0.0,0.0008529947393813853,2024-03-21,0.0,-0.07730691465814832,0.0,2,1332.5,911543.0,1563475.78,1562143.28,0.0,0,0.5634757800000001
651932.78,0.0,-0.007565515341721452,2024-03-22,0.0,-0.0842875633510024,0.0,2,-11828.5,899714.5,1551647.28,1563475.78,0.0,0,0.5516472800000001
651932.78,0.0,0.01031065513806717,2024-03-25,0.0,-0.07484596821107536,0.0,2,15998.5,915713.0,1567645.78,1551647.28,0.0,0,0.5676457800000001
651932.78,0.0,-0.025140883548323,2024-03-26,0.0,-0.09810515798854225,0.0,2,-39412.0,876301.0,1528233.78,1567645.78,0.0,0,0.5282337800000001
1073074.78,3793.0,0.01340239972970636,2024-03-27,0.0,-0.08601760280174442,-3990.0,2,28265.0,475641.0,1548715.78,1528233.78,0.0,0,0.54871578
1092504.78,175.0,-0.009089466370646782,2024-03-28,0.0,-0.09432521506444114,225.0,1,-14127.0,442134.0,1534638.78,1548715.78,0.0,0,0.5346387800000001
1092504.78,0.0,0.0031932595890740156,2024-03-29,0.0,-0.09143316037286298,0.0,1,4900.499999999942,447034.49999999994,1539539.28,1534638.78,0.0,0,0.5395392800000001
1092504.78,0.0,0.007780899231099925,2024-04-01,0.0,-0.0843636933490054,0.0,1,11979.000000000058,459013.5,1551518.28,1539539.28,0.0,0,0.55151828
1092504.78,0.0,-0.0052641983696125605,2024-04-02,0.0,-0.08918378450163555,0.0,1,-8167.5,450846.0,1543350.78,1551518.28,0.0,0,0.5433507799999999
616166.98,2807.0,-0.019553623447807533,2024-04-03,0.0,-0.10699354180964771,-19203.599999999995,2,-8167.5,897005.7,1513172.68,1543350.78,0.0,0,0.5131726799999998
616166.98,0.0,0.00908640512859371,2024-04-08,0.0,-0.09887932334807958,0.0,2,13749.300000000047,910755.0,1526921.98,1513172.68,0.0,0,0.52692198
157601.28,2702.0,-0.02186071091857611,2024-04-09,0.0,-0.11857846196311883,-18824.599999999973,3,-11853.0,1335941.1,1493542.3800000001,1526921.98,0.0,0,0.49354238000000006
157601.28,0.0,-0.011686712231091856,2024-04-10,0.0,-0.1288793818324423,0.0,3,-17454.600000000093,1318486.5,1476087.78,1493542.3800000001,0.0,0,0.47608778000000007
157601.28,0.0,0.0024785111356995237,2024-04-11,0.0,-0.1267202996797766,0.0,3,3658.5,1322145.0,1479746.28,1476087.78,0.0,0,0.4797462800000001
157601.28,0.0,0.005548721501094089,2024-04-12,0.0,-0.12187471383014081,0.0,3,8210.699999999953,1330355.7,1487956.98,1479746.28,0.0,0,0.4879569799999999
157601.28,0.0,-0.032247908135086045,2024-04-15,0.0,-0.1501924173896425,0.0,3,-47983.5,1282372.2,1439973.48,1487956.98,0.0,0,0.4399734799999999
535626.53,3417.0,-0.03101345310887238,2024-04-16,0.0,-0.17654788500449303,1267.25,3,-42508.80000000005,859688.4,1395314.9300000002,1439973.48,0.0,0,0.39531493000000006
917091.23,3450.0,0.004154330950934426,2024-04-17,0.0,-0.17312699239655482,-1502.9000000000367,3,10749.5,484020.3,1401111.53,1395314.9300000002,0.0,0,0.4011115300000001
931275.13,147.0,-0.003515209099735239,2024-04-18,0.0,-0.1760336239172079,77.19999999999916,2,-4855.399999999965,464911.2,1396186.33,1401111.53,0.0,0,0.39618633000000014
538788.53,2384.0,-0.0170153506659817,2024-04-19,0.0,-0.1900537007432348,-10309.8,3,-11062.800000000047,833641.2,1372429.73,1396186.33,0.0,0,0.3724297299999999
542611.53,49.0,-0.04098235324587429,2024-04-22,0.0,-0.22324720608956417,77.00000000000031,3,-56273.39999999991,773572.8,1316184.33,1372429.73,0.0,0,0.31618433
168044.28,2264.0,0.010316602082627746,2024-04-23,0.0,-0.21523375659822075,3566.749999999959,4,12275.79999999993,1161718.6,1329762.8800000001,1316184.33,0.0,0,0.3297628800000001
170010.33,36.0,0.03572527908133516,2024-04-24,0.0,-0.18719776353908135,-9.449999999999847,4,47551.59999999986,1207258.7,1377269.03,1329762.8800000001,0.0,0,0.3772690300000001
172894.33,42.0,0.005563473680955333,2024-04-25,0.0,-0.1826757596887093,26.000000000000227,4,7678.399999999907,1212037.0999999999,1384931.43,1377269.03,0.0,0,0.38493142999999996
176204.03,46.0,0.017362448045532775,2024-04-26,0.0,-0.1684850100299501,43.70000000000013,4,24048.100000000326,1232773.2000000002,1408977.2300000002,1384931.43,0.0,0,0.4089772300000003
176842.88,24.0,-0.0056906171578088305,2024-04-29,0.0,-0.17321684349884892,-4.049999999999898,3,-7989.90000000014,1224116.4000000001,1400959.2800000003,1408977.2300000002,0.0,0,0.40095928000000036
176842.88,0.0,0.01270615088826843,2024-04-30,0.0,-0.16271161196046646,0.0,3,17800.799999999814,1241917.2,1418760.08,1400959.2800000003,0.0,0,0.41876008
176842.88,0.0,-0.009331810350908687,2024-05-02,0.0,-0.1705250284066695,0.0,3,-13239.59999999986,1228677.6,1405520.48,1418760.08,0.0,0,0.40552048000000007
176842.88,0.0,0.021405024279689044,2024-05-03,0.0,-0.1527700965003198,0.0,3,30085.199999999953,1258762.8,1435605.6800000002,1405520.48,0.0,0,0.4356056800000001
176842.88,0.0,0.03188730766236558,2024-05-06,0.0,-0.12575421590666924,0.0,3,45777.59999999986,1304540.4,1481383.2799999998,1435605.6800000002,0.0,0,0.48138327999999975
176842.88,0.0,0.018483805217512694,2024-05-07,0.0,-0.10959482712125634,0.0,3,27381.600000000093,1331922.0,1508764.88,1481383.2799999998,0.0,0,0.50876488
176842.88,0.0,-0.00332338064496851,2024-05-08,0.0,-0.1125539824389814,0.0,3,-5014.200000000186,1326907.7999999998,1503750.6799999997,1508764.88,0.0,0,0.5037506799999998
176842.88,0.0,0.001157505710986717,2024-05-09,0.0,-0.11152675860546213,0.0,3,1740.6000000000931,1328648.4,1505491.2799999998,1503750.6799999997,0.0,0,0.5054912799999998
176842.88,0.0,-0.0015798165234141015,2024-05-10,0.0,-0.11293038331282856,0.0,3,-2378.399999999907,1326270.0,1503112.88,1505491.2799999998,0.0,0,0.50311288
176842.88,0.0,-0.015591643390082566,2024-05-13,0.0,-0.1267612564383922,0.0,3,-23436.0,1302834.0,1479676.88,1503112.88,0.0,0,0.47967687999999997
176842.88,0.0,0.015551908873510545,2024-05-14,0.0,-0.1131807270737033,0.0,3,23011.800000000047,1325845.8,1502688.6800000002,1479676.88,0.0,0,0.5026886800000001
176842.88,0.0,-0.024434202831686958,2024-05-15,0.0,-0.13484944906343366,0.0,3,-36717.0,1289128.8,1465971.6800000002,1502688.6800000002,0.0,0,0.4659716800000002
176842.88,0.0,0.014160027975437917,2024-05-16,0.0,-0.12259889305920635,0.0,3,20758.199999999953,1309887.0,1486729.88,1465971.6800000002,0.0,0,0.48672987999999995
176842.88,0.0,-0.00013438890459360753,2024-05-17,0.0,-0.12271680603285728,0.0,3,-199.79999999981374,1309687.2000000002,1486530.08,1486729.88,0.0,0,0.4865300800000001
176842.88,0.0,-0.002115799769083826,2024-05-20,0.0,-0.1245729616120742,0.0,3,-3145.2000000001863,1306542.0,1483384.88,1486530.08,0.0,0,0.4833848799999998
176842.88,0.0,0.0161678875950253,2024-05-21,0.0,-0.11041915565777216,0.0,3,23983.199999999953,1330525.2,1507368.08,1483384.88,0.0,0,0.50736808
176842.88,0.0,0.003753562301783697,2024-05-22,0.0,-0.1070800585360604,0.0,3,5658.0,1336183.2,1513026.08,1507368.08,0.0,0,0.5130260800000002
176842.88,0.0,0.04868600810899415,2024-05-23,0.0,-0.06360735102526438,0.0,3,73663.19999999995,1409846.4,1586689.2799999998,1513026.08,0.0,0,0.5866892799999999
176842.88,0.0,-0.0031318041047077028,2024-05-24,0.0,-0.06653994936694152,0.0,3,-4969.199999999953,1404877.2,1581720.08,1586689.2799999998,0.0,0,0.58172008
176842.88,0.0,0.056047338034679095,2024-05-27,0.0,-0.014221998367241806,0.0,3,88651.19999999995,1493528.4,1670371.2799999998,1581720.08,0.0,0,0.6703712799999999
176842.88,0.0,0.018466912338195973,2024-05-28,0.0,0.0,0.0,3,30846.600000000093,1524375.0,1701217.88,1670371.2799999998,0.0,0,0.70121788
176842.88,0.0,0.007864953782404482,2024-05-29,0.0,0.0,0.0,3,13380.0,1537755.0,1714597.88,1701217.88,0.0,0,0.7145978799999999
176842.88,0.0,-0.01210429584807371,2024-05-30,0.0,-0.01210429584807371,0.0,3,-20754.000000000233,1517000.9999999998,1693843.88,1714597.88,0.0,0,0.69384388
176842.88,0.0,-0.0043548287342751735,2024-05-31,4165.2,-0.01640641244698149,0.0,3,-11541.599999999908,1505459.4,1686467.4799999997,1693843.88,4165.2,0,0.6864674799999997
176842.88,0.0,0.02125994151989241,2024-06-03,0.0,0.0,0.0,3,35854.200000000186,1541313.6,1722321.68,1686467.4799999997,4165.2,0,0.7223216799999999
176842.88,0.0,-0.015378660274426803,2024-06-04,0.0,-0.015378660274426803,0.0,3,-26487.0,1514826.6,1695834.68,1722321.68,4165.2,0,0.6958346799999999
176842.88,0.0,-0.01251206868820487,2024-06-05,0.0,-0.027698310108945412,0.0,3,-21218.40000000014,1493608.2,1674616.28,1695834.68,4165.2,0,0.67461628
176842.88,0.0,-0.003257223798158737,2024-06-06,0.0,-0.030865314312248593,0.0,3,-5454.59999999986,1488153.6,1669161.68,1674616.28,4165.2,0,0.66916168
176842.88,0.0,0.003289795150341668,2024-06-07,0.0,-0.02767705972324508,0.0,3,5491.199999999953,1493644.8,1674652.8800000001,1669161.68,4165.2,0,0.67465288
176842.88,0.0,0.020466211481390495,2024-06-11,0.0,-0.0077772927993334795,0.0,3,34273.80000000005,1527918.6,1708926.68,1674652.8800000001,4165.2,0,0.70892668
176842.88,0.0,-0.007354440741717649,2024-06-12,0.0,-0.015074535902027453,0.0,3,-12568.200000000186,1515350.4,1696358.4799999997,1708926.68,4165.2,0,0.6963584799999998
176842.88,0.0,0.049200921258105934,2024-06-13,0.0,0.0,0.0,3,83462.40000000014,1598812.8,1779820.8800000001,1696358.4799999997,4165.2,0,0.7798208800000002
176842.88,0.0,0.011172247850019357,2024-06-14,0.0,0.0,0.0,3,19884.59999999986,1618697.4,1799705.4799999997,1779820.8800000001,4165.2,0,0.7997054799999999
176842.88,0.0,0.00040273256266365465,2024-06-17,0.0,0.0,0.0,3,724.8000000000466,1619422.2,1800430.28,1799705.4799999997,4165.2,0,0.80043028
176842.88,0.0,-0.022349990692224986,2024-06-18,0.0,-0.022349990692224986,0.0,3,-40239.59999999986,1579182.6,1760190.68,1800430.28,4165.2,0,0.76019068
176842.88,0.0,-0.0070652572708771455,2024-06-19,0.0,-0.029257339528859894,0.0,3,-12436.200000000186,1566746.4,1747754.4799999997,1760190.68,4165.2,0,0.7477544799999998
176842.88,0.0,0.017508179981893024,2024-06-20,0.0,-0.012261402313229364,0.0,3,30600.0,1597346.4,1778354.4799999997,1747754.4799999997,4165.2,0,0.7783544799999997
176842.88,0.0,0.0017075335846428175,2024-06-21,0.0,-0.010574805484831251,0.0,3,3036.600000000093,1600383.0,1781391.0799999998,1778354.4799999997,4165.2,0,0.7813910799999999
176842.88,0.0,-0.018139194903793898,2024-06-24,0.0,-0.028522181930866086,0.0,3,-32313.0,1568070.0,1749078.0799999998,1781391.0799999998,4165.2,0,0.7490780799999999
181008.08,0.0,0.008386932617667986,2024-06-25,0.0,-0.020374462931161075,0.0,3,14669.399999999954,1582739.4,1763747.48,1749078.0799999998,0.0,0,0.7637474799999999
181008.08,0.0,0.05520280034645331,2024-06-26,0.0,0.0,0.0,3,97363.80000000005,1680103.2,1861111.28,1763747.48,0.0,0,0.86111128
181008.08,0.0,0.021995890541268492,2024-06-27,0.0,0.0,0.0,3,40936.80000000005,1721040.0,1902048.08,1861111.28,0.0,0,0.9020480800000001
181008.08,0.0,-0.0015409705100619675,2024-06-28,15048.0,-0.0015409705100619675,0.0,3,-17979.0,1703061.0,1899117.08,1902048.08,15048.0,0,0.8991170800000001
181008.08,0.0,-0.014955791983083055,2024-07-01,0.0,-0.01647371605874448,0.0,3,-28402.800000000047,1674658.2,1870714.28,1899117.08,15048.0,0,0.8707142800000001
181008.08,0.0,0.003434089357568837,2024-07-02,0.0,-0.013096198914172574,0.0,3,6424.199999999953,1681082.4,1877138.48,1870714.28,15048.0,0,0.8771384799999999
181008.08,0.0,0.024332887789930258,2024-07-03,0.0,0.0,0.0,3,45676.200000000186,1726758.6,1922814.6800000002,1877138.48,15048.0,0,0.9228146800000001
181008.08,0.0,0.006646818402696875,2024-07-04,0.0,0.0,0.0,3,12780.59999999986,1739539.2,1935595.28,1922814.6800000002,15048.0,0,0.93559528
1100287.08,8279.0,0.016190884697755648,2024-07-05,0.0,0.0,8010.0,2,31608.0,851599.2,1966934.28,1935595.28,15048.0,0,0.96693428
478939.88,3660.0,-0.022434506556060385,2024-07-08,0.0,-0.022434506556060385,-14121.799999999996,3,-26345.399999999907,1428819.2000000002,1922807.08,1966934.28,15048.0,0,0.9228070800000001
478939.88,0.0,-0.0338987726215364,2024-07-09,0.0,-0.05557277694097651,0.0,3,-65180.80000000028,1363638.4,1857626.2799999998,1922807.08,15048.0,0,0.8576262799999999
478939.88,0.0,0.027094039604133924,2024-07-10,0.0,-0.029984428356193082,0.0,3,50330.60000000009,1413969.0,1907956.88,1857626.2799999998,15048.0,0,0.90795688
478939.88,0.0,0.011382123059300975,2024-07-11,0.0,-0.018943591750305022,0.0,3,21716.600000000093,1435685.6,1929673.48,1907956.88,15048.0,0,0.9296734799999999
478939.88,0.0,-0.0012933794374371255,2024-07-12,0.0,-0.02021246993570114,0.0,3,-2495.8000000000466,1433189.8,1927177.6800000002,1929673.48,15048.0,0,0.9271776800000002
478939.88,0.0,0.005461561800570447,2024-07-15,0.0,-0.014861299788826665,0.0,3,10525.399999999907,1443715.2,1937703.08,1927177.6800000002,15048.0,0,0.9377030800000001
478939.88,0.0,0.0007777249339975256,2024-07-16,0.0,-0.014095132858226389,0.0,3,1507.0000000002328,1445222.2000000002,1939210.08,1937703.08,15048.0,0,0.9392100800000001
478939.88,0.0,0.03414194299155038,2024-07-17,0.0,0.0,0.0,3,66208.39999999967,1511430.5999999999,2005418.48,1939210.08,15048.0,0,1.00541848
478939.88,0.0,0.00473108236242048,2024-07-18,0.0,0.0,0.0,3,9487.80000000028,1520918.4000000001,2014906.2800000003,2005418.48,15048.0,0,1.0149062800000004
893588.88,3734.0,-0.020782405819887884,2024-07-19,0.0,-0.020782405819887884,0.0,2,-38140.600000000326,1064394.7999999998,1973031.6799999997,2014906.2800000003,15048.0,0,0.9730316799999996
893588.88,0.0,-0.006935012822500419,2024-07-22,0.0,-0.027573292391544935,0.0,2,-13682.999999999767,1050711.8,1959348.6800000002,1973031.6799999997,15048.0,0,0.9593486800000002
1246518.88,3178.0,0.010139083565258833,2024-07-23,0.0,-0.017713776742013354,-9795.99999999997,2,32839.99999999977,717647.7999999999,1979214.6799999997,1959348.6800000002,15048.0,0,0.9792146799999997
1255838.18,91.0,-0.0018347681212630418,2024-07-26,0.0,-0.01951604419040298,-139.000000000002,2,-3401.399999999907,704697.1,1975583.2799999998,1979214.6799999997,15048.0,0,0.9755832799999997
1274469.68,47.0,-0.02664367558324332,2024-07-29,0.0,-0.045639740623569014,10.60000000000015,1,-52600.39999999991,648476.8,1922946.48,1975583.2799999998,0.0,0,0.92294648
1274469.68,0.0,-0.007975052951031736,2024-07-30,0.0,-0.05325081422645639,0.0,1,-15335.600000000093,633141.2,1907610.88,1922946.48,0.0,0,0.9076108799999998
1274469.68,0.0,-0.00803916572335761,2024-07-31,0.0,-0.060861887829343875,0.0,1,-15335.599999999977,617805.6,1892275.2799999998,1907610.88,0.0,0,0.8922752799999998
1274469.68,0.0,0.03241727070492617,2024-08-01,0.0,-0.030417593417794264,0.0,1,61342.40000000002,679148.0,1953617.68,1892275.2799999998,0.0,0,0.95361768
1274469.68,0.0,0.012896177311417345,2024-08-02,0.0,-0.017913686784479355,0.0,1,25194.199999999953,704342.2,1978811.88,1953617.68,0.0,0,0.9788118799999999
1274469.68,0.0,-0.0354281277106544,2024-08-05,0.0,-0.052707166111964465,0.0,1,-70105.59999999998,634236.6,1908706.2799999998,1978811.88,0.0,0,0.9087062799999999
1274469.68,0.0,-0.029268725411224605,2024-08-06,0.0,-0.08043321995105412,0.0,1,-55865.40000000002,578371.2,1852840.88,1908706.2799999998,0.0,0,0.8528408799999998
835538.68,2586.0,0.037849877319200864,2024-08-07,0.0,-0.04562773013938892,15755.0,2,56960.80000000005,1087432.0,1922970.6800000002,1852840.88,0.0,0,0.9229706800000002
835538.68,0.0,0.003124436613874737,2024-08-08,0.0,-0.04264585447616964,0.0,2,6008.199999999953,1093440.2,1928978.88,1922970.6800000002,0.0,0,0.9289788799999998
835538.68,0.0,0.030392453026753863,2024-08-09,0.0,-0.013549513578368533,0.0,2,58626.40000000014,1152066.6,1987605.2800000003,1928978.88,0.0,0,0.9876052800000004
243107.68,3490.0,-0.023487309311233218,2024-08-12,0.0,-0.03671858127316985,-36343.5,3,-6850.0,1697814.1,1940921.78,1987605.2800000003,0.0,0,0.94092178
243107.68,0.0,0.0348022268058632,2024-08-13,0.0,-0.003194242860764862,0.0,3,67548.3999999999,1765362.5,2008470.18,1940921.78,0.0,0,1.0084701799999998
243107.68,0.0,0.048570399984728674,2024-08-14,0.0,0.0,0.0,3,97552.19999999995,1862914.7,2106022.38,2008470.18,0.0,0,1.1060223799999997
243107.68,0.0,0.020787196003111852,2024-08-15,0.0,0.0,0.0,3,43778.30000000005,1906693.0,2149800.68,2106022.38,0.0,0,1.1498006800000002
243107.68,0.0,0.013353610065841126,2024-08-16,0.0,0.0,0.0,3,28707.600000000093,1935400.6,2178508.2800000003,2149800.68,0.0,0,1.1785082800000004
243107.68,0.0,0.007911835891668106,2024-08-19,0.0,0.0,0.0,3,17236.0,1952636.6,2195744.2800000003,2178508.2800000003,0.0,0,1.1957442800000004
243107.68,0.0,-0.010771017470213029,2024-08-20,0.0,-0.010771017470213029,0.0,3,-23650.40000000014,1928986.2,2172093.88,2195744.2800000003,0.0,0,1.1720938799999998
243107.68,0.0,-0.039964156613709445,2024-08-21,0.0,-0.05030471945485393,0.0,3,-86805.8999999999,1842180.3,2085287.98,2172093.88,0.0,0,1.08528798
243107.68,0.0,-0.01276231400902239,2024-08-22,0.0,-0.06242502883805778,0.0,3,-26613.100000000093,1815567.2,2058674.88,2085287.98,0.0,0,1.0586748799999999
243107.68,0.0,0.014976332736911013,2024-08-23,0.0,-0.04838359410413684,0.0,3,30831.40000000014,1846398.6,2089506.28,2058674.88,0.0,0,1.0895062800000002
243107.68,0.0,-0.032441922117601885,2024-08-26,0.0,-0.07925585943004265,0.0,3,-67787.6000000001,1778611.0,2021718.68,2089506.28,0.0,0,1.0217186799999998
243107.68,0.0,0.06535058576992525,2024-08-27,0.0,-0.019084690499569512,0.0,3,132120.5,1910731.5,2153839.18,2021718.68,0.0,0,1.1538391800000003
243107.68,0.0,-0.009264479997062813,2024-08-28,0.0,-0.028172360763248916,0.0,3,-19954.199999999953,1890777.3,2133884.98,2153839.18,0.0,0,1.13388498
243107.68,0.0,-0.010146141991214441,2024-08-29,0.0,-0.03803266198193167,0.0,3,-21650.699999999953,1869126.6,2112234.2800000003,2133884.98,0.0,0,1.1122342800000005
243107.68,0.0,-0.02814422650123849,2024-08-30,0.0,-0.06510648862990565,0.0,3,-59447.200000000186,1809679.4,2052787.0799999998,2112234.2800000003,0.0,0,1.0527870799999999
243107.68,0.0,-0.02367551923602318,2024-09-02,0.0,-0.08724057794198159,0.0,3,-48600.799999999814,1761078.6,2004186.28,2052787.0799999998,0.0,0,1.0041862799999999
243107.68,0.0,0.008433347822339066,2024-09-03,0.0,-0.07954296025764906,0.0,3,16902.0,1777980.6,2021088.28,2004186.28,0.0,0,1.0210882799999998
243107.68,0.0,0.012782074022021472,2024-09-04,0.0,-0.06777761024157158,0.0,3,25833.699999999953,1803814.3,2046921.98,2021088.28,0.0,0,1.04692198
243107.68,0.0,-0.029662293235035775,2024-09-05,0.0,-0.09542946412685194,0.0,3,-60716.40000000014,1743097.9,1986205.5799999998,2046921.98,0.0,0,0.9862055799999998
243107.68,0.0,-0.010555855955253102,2024-09-06,0.0,-0.10497798040489503,0.0,3,-20966.09999999986,1722131.8,1965239.48,1986205.5799999998,0.0,0,0.9652394799999999
243107.68,0.0,0.018886095245755907,2024-09-09,0.0,-0.08807450929577298,0.0,3,37115.69999999995,1759247.5,2002355.18,1965239.48,0.0,0,1.00235518
243107.68,0.0,-0.02005733068795512,2024-09-10,0.0,-0.10636530042560344,0.0,3,-40161.89999999991,1719085.6,1962193.28,2002355.18,0.0,0,0.9621932799999999
243107.68,0.0,0.009530916342757045,2024-09-11,0.0,-0.09784814286297505,0.0,3,18701.5,1737787.1,1980894.78,1962193.28,0.0,0,0.9808947800000001
243107.68,0.0,0.030801383605039145,2024-09-12,0.0,-0.07006061744129899,0.0,3,61014.299999999814,1798801.4,2041909.0799999998,1980894.78,0.0,0,1.04190908
243107.68,0.0,0.004350242666044668,2024-09-13,0.0,-0.06601515546245684,0.0,3,8882.800000000047,1807684.2,2050791.88,2041909.0799999998,0.0,0,1.0507918799999998
243107.68,0.0,0.00287537709579766,2024-09-16,0.0,-0.06332959683265138,0.0,3,5896.800000000047,1813581.0,2056688.68,2050791.88,0.0,0,1.0566886799999997
243107.68,0.0,-0.029879193967265794,2024-09-18,0.0,-0.09131655349228562,0.0,3,-61452.19999999995,1752128.8,1995236.48,2056688.68,0.0,0,0.99523648
243107.68,0.0,0.018412103210943664,2024-09-19,0.0,-0.07458578008910954,0.0,3,36736.5,1788865.3,2031972.98,1995236.48,0.0,0,1.03197298
243107.68,0.0,-0.01400057986991543,2024-09-20,0.0,-0.08754211578772753,0.0,3,-28448.800000000047,1760416.5,2003524.18,2031972.98,0.0,0,1.0035241799999999
243107.68,0.0,-0.03744541780374222,2024-09-23,0.0,-0.12170948249037472,0.0,3,-75022.80000000005,1685393.7,1928501.38,2003524.18,0.0,0,0.9285013799999999
243107.68,0.0,-0.0040798000362333164,2024-09-24,0.0,-0.12529273217553383,0.0,3,-7867.899999999907,1677525.8,1920633.48,1928501.38,0.0,0,0.92063348
243107.68,0.0,0.03847824208500206,2024-09-25,0.0,-0.09163553417067327,0.0,3,73902.59999999986,1751428.4,1994536.0799999998,1920633.48,0.0,0,0.9945360799999998
243107.68,0.0,-0.0035286902405896603,2024-09-26,0.0,-0.09484087099614358,0.0,3,-7038.09999999986,1744390.3,1987497.98,1994536.0799999998,0.0,0,0.9874979799999999
243107.68,0.0,-0.016636545210476195,2024-09-27,0.0,-0.10989959176849151,0.0,3,-33065.10000000009,1711325.2,1954432.88,1987497.98,0.0,0,0.9544328799999999
243107.68,0.0,-0.00704281029082976,2024-09-30,0.0,-0.11616840008345608,0.0,3,-13764.699999999953,1697560.5,1940668.18,1954432.88,0.0,0,0.9406681799999999
243107.68,0.0,0.0038778396418084338,2024-10-01,0.0,-0.11274104286861686,0.0,3,7525.600000000093,1705086.1,1948193.78,1940668.18,0.0,0,0.94819378
243107.68,0.0,-0.03157329657422481,2024-10-04,0.0,-0.14075473306026343,0.0,3,-61510.90000000014,1643575.2,1886682.88,1948193.78,0.0,0,0.88668288
243107.68,0.0,0.0313648894720453,2024-10-07,0.0,-0.11380460023332051,0.0,3,59175.60000000009,1702750.8,1945858.48,1886682.88,0.0,0,0.9458584800000001
243107.68,0.0,-0.008940526856814346,2024-10-08,0.0,-0.12172765400531993,0.0,3,-17397.0,1685353.8,1928461.48,1945858.48,0.0,0,0.92846148
243107.68,0.0,-0.03196423710781093,2024-10-09,0.0,-0.14980095951792727,0.0,3,-61641.80000000005,1623712.0,1866819.68,1928461.48,0.0,0,0.8668196799999999
742784.16,4499.0,-0.023581720544107454,2024-10-11,0.0,-0.1698501156974438,10883.374999999985,3,-50407.19999999995,1080012.7,1822796.8599999999,1866819.68,0.0,0,0.82279686
760130.76,156.0,0.007105838442140078,2024-10-14,0.0,-0.16395120473682856,-130.20000000000053,3,13238.699999999953,1075618.6,1835749.36,1822796.8599999999,0.0,0,0.8357493600000001
761010.54,27.0,-0.009713101575042904,2024-10-15,0.0,-0.17207183160691197,10.925000000000054,2,-17814.75,1056908.0,1817918.54,1835749.36,0.0,0,0.81791854
217055.54,3205.0,0.016030696292915314,2024-10-16,0.0,-0.15879956658705274,-750.0,3,33097.5,1630005.5,1847061.04,1817918.54,0.0,0,0.84706104
217055.54,0.0,0.020893191488679852,2024-10-17,0.0,-0.14122420485139564,0.0,3,38591.0,1668596.5,1885652.04,1847061.04,0.0,0,0.8856520400000001
217055.54,0.0,-0.01652956077728951,2024-10-18,0.0,-0.15541939155136963,0.0,3,-31169.0,1637427.5,1854483.04,1885652.04,0.0,0,0.8544830400000001
217055.54,0.0,0.013746148899803412,2024-10-21,0.0,-0.1438096607497482,0.0,3,25492.0,1662919.5,1879975.04,1854483.04,0.0,0,0.8799750399999999
217055.54,0.0,-0.0179233762592933,2024-10-22,0.0,-0.15915548234970245,0.0,3,-33695.5,1629224.0,1846279.54,1879975.04,0.0,0,0.84627954
217055.54,0.0,-0.008429926055509407,2024-10-23,0.0,-0.166243739457675,0.0,3,-15564.0,1613660.0,1830715.54,1846279.54,0.0,0,0.8307155400000001
217055.54,0.0,-0.028155657650669186,2024-10-24,0.0,-0.18971869529360685,0.0,3,-51545.0,1562115.0,1779170.54,1830715.54,0.0,0,0.77917054
217055.54,0.0,-0.007340218212021465,2024-10-25,0.0,-0.19566633688327317,0.0,3,-13059.5,1549055.5,1766111.04,1779170.54,0.0,0,0.76611104
217055.54,0.0,-0.02996838749164943,2024-10-28,0.0,-0.21977091977213314,0.0,3,-52927.5,1496128.0,1713183.54,1766111.04,0.0,0,0.71318354
217055.54,0.0,-0.00483631777129967,2024-10-29,0.0,-0.22354435553852392,0.0,3,-8285.5,1487842.5,1704898.04,1713183.54,0.0,0,0.70489804
217055.54,0.0,-0.0007528309434856606,2024-10-30,0.0,-0.22412889537391856,0.0,3,-1283.5,1486559.0,1703614.54,1704898.04,0.0,0,0.70361454
670720.54,4085.0,0.009221863062990776,2024-11-01,0.0,-0.21697391829252544,-5750.0,2,25545.5,1048604.5,1719325.04,1703614.54,0.0,0,0.71932504
670720.54,0.0,-0.010494816035483301,2024-11-04,0.0,-0.22519163297103073,0.0,2,-18044.0,1030560.5,1701281.04,1719325.04,0.0,0,0.70128104
147962.54,3080.0,0.03300336551096805,2024-11-05,0.0,-0.1996203492330173,4210.5,3,55017.5,1609466.5,1757429.04,1701281.04,0.0,0,0.7574290400000001
147962.54,0.0,-0.002618028890657209,2024-11-06,0.0,-0.20171576628221943,0.0,3,-4601.0,1604865.5,1752828.04,1757429.04,0.0,0,0.75282804
147962.54,0.0,0.014500566752686073,2024-11-07,0.0,-0.19014019246357783,0.0,3,25417.0,1630282.5,1778245.04,1752828.04,0.0,0,0.77824504
147962.54,0.0,0.006709705204632543,2024-11-08,0.0,-0.184706271897928,0.0,3,11931.5,1642214.0,1790176.54,1778245.04,0.0,0,0.79017654
330072.54,1640.0,-0.004689760932740206,2024-11-11,0.0,-0.1885298045726892,-525.0,3,-6230.5,1451708.5,1781781.04,1790176.54,0.0,0,0.78178104
504705.54,1572.0,-0.02592967315445227,2024-11-12,0.0,-0.2095709615146989,-255.0,3,-44374.0,1230874.5,1735580.04,1781781.04,0.0,0,0.7355800400000001
626221.54,1094.0,0.00692131720989364,2024-11-13,0.0,-0.20410015140743087,0.0,2,13106.5,1121371.0,1747592.54,1735580.04,0.0,0,0.7475925400000001
1153597.54,4749.0,-0.011954445628384325,2024-11-14,0.0,-0.21361469287307,6187.5,2,-22330.0,573103.5,1726701.04,1747592.54,0.0,0,0.72670104
142257.24,6126.0,-0.02203421386715565,2024-11-15,0.0,-0.23094207491229357,-28078.499999999978,4,-3842.0,1546397.3,1688654.54,1726701.04,0.0,0,0.6886545400000001
150507.74,82.0,-0.016510837083350438,2024-11-18,0.0,-0.24363986502107626,82.5,4,-27881.600000000093,1510265.7,1660773.44,1688654.54,0.0,0,0.66077344
156137.24,63.0,0.035476964275151124,2024-11-19,0.0,-0.21680650353328046,-112.5,4,59094.69999999995,1563555.4,1719692.64,1660773.44,0.0,0,0.7196926399999999
163162.24,73.0,-0.0037945734302846645,2024-11-20,0.0,-0.21977838876574474,-14.0,4,-6438.5,1550004.9,1713167.14,1719692.64,0.0,0,0.7131671399999999
169306.99,66.0,0.02605066893823338,2024-11-21,0.0,-0.19945309387302612,85.75,4,44609.40000000014,1588489.3,1757796.29,1713167.14,0.0,0,0.7577962899999999
173681.49,53.0,0.02458857163704664,2024-11-22,0.0,-0.17976878892290693,17.5,4,43257.19999999995,1627336.5,1801017.99,1757796.29,0.0,0,0.8010179900000001
179251.49,62.0,0.020364760487484146,2024-11-25,0.0,-0.1630649767649629,-110.0,4,36849.30000000005,1658443.8,1837695.29,1801017.99,0.0,0,0.8376952900000001
180176.49,27.0,-0.012481231314468877,2024-11-26,0.0,-0.1735109563851398,10.5,3,-22920.199999999953,1634582.1,1814758.59,1837695.29,0.0,0,0.8147585900000001
180176.49,0.0,-0.026552843042335406,2024-11-27,0.0,-0.19545659023645512,0.0,3,-48187.0,1586395.1,1766571.59,1814758.59,0.0,0,0.7665715900000001
180176.49,0.0,-0.005926847266914392,2024-11-28,0.0,-0.2002249961457262,0.0,3,-10470.200000000186,1575924.9,1756101.39,1766571.59,0.0,0,0.75610139
180176.49,0.0,0.006534132975089868,2024-11-29,0.0,-0.1949991599203894,0.0,3,11474.600000000093,1587399.5,1767575.99,1756101.39,0.0,0,0.7675759900000001
180176.49,0.0,0.001524121177952864,2024-12-02,0.0,-0.19377224109175417,0.0,3,2694.0,1590093.5,1770269.99,1767575.99,0.0,0,0.7702699900000001
180176.49,0.0,0.019759132899270337,2024-12-03,0.0,-0.1778418796564053,0.0,3,34979.0,1625072.5,1805248.99,1770269.99,0.0,0,0.8052489899999999
180176.49,0.0,-7.428338181769689e-05,2024-12-04,0.0,-0.17790295234197318,0.0,3,-134.10000000009313,1624938.4,1805114.89,1805248.99,0.0,0,0.8051148899999998
180176.49,0.0,0.01083221910600951,2024-12-05,0.0,-0.168997816995338,0.0,3,19553.40000000014,1644491.8,1824668.29,1805114.89,0.0,0,0.82466829
180176.49,0.0,-0.001603469527055812,2024-12-06,0.0,-0.17033030367270285,0.0,3,-2925.8000000000466,1641566.0,1821742.49,1824668.29,0.0,0,0.8217424899999999
180176.49,0.0,-0.0007396764402195499,2024-12-09,0.0,-0.17094399080024025,0.0,3,-1347.5,1640218.5,1820394.99,1821742.49,0.0,0,0.82039499
180176.49,0.0,-0.02291392814698967,2024-12-10,0.0,-0.18994092062487355,0.0,3,-41712.39999999991,1598506.1,1778682.59,1820394.99,0.0,0,0.7786825900000001
180176.49,0.0,-0.007484696862074869,2024-12-11,0.0,-0.19600396727436775,0.0,3,-13312.90000000014,1585193.2,1765369.69,1778682.59,0.0,0,0.76536969
180176.49,0.0,0.008385099213978231,2024-12-12,0.0,-0.1892623807723185,0.0,3,14802.800000000047,1599996.0,1780172.49,1765369.69,0.0,0,0.78017249
180176.49,0.0,-0.025389449760567895,2024-12-13,0.0,-0.20984656282470215,0.0,3,-45197.60000000009,1554798.4,1734974.89,1780172.49,0.0,0,0.7349748899999999
180176.49,0.0,-0.02722131615403367,2024-12-16,0.0,-0.23135557934824724,0.0,3,-47228.299999999814,1507570.1,1687746.59,1734974.89,0.0,0,0.6877465900000002
180176.49,0.0,-0.0027968653753880357,2024-12-17,0.0,-0.23350537431435336,0.0,3,-4720.40000000014,1502849.7,1683026.19,1687746.59,0.0,0,0.6830261899999999
180176.49,0.0,-0.00016494098645003508,2024-12-18,0.0,-0.23363180069402256,0.0,3,-277.5999999998603,1502572.1,1682748.59,1683026.19,0.0,0,0.6827485900000001
180176.49,0.0,-0.005161198797973721,2024-12-19,0.0,-0.23758717932308593,0.0,3,-8685.0,1493887.1,1674063.59,1682748.59,0.0,0,0.67406359
180176.49,0.0,-0.008782820490110588,2024-12-20,0.0,-0.2442833142664501,0.0,3,-14703.0,1479184.1,1659360.59,1674063.59,0.0,0,0.6593605900000001
180176.49,0.0,0.012222961134686017,2024-12-23,0.0,-0.2350462185878951,0.0,3,20282.299999999814,1499466.4,1679642.89,1659360.59,0.0,0,0.67964289
180176.49,0.0,-0.009513808021418102,2024-12-24,0.0,-0.24232384200950763,0.0,3,-15979.799999999814,1483486.6,1663663.09,1679642.89,0.0,0,0.66366309
180176.49,0.0,0.007323417868217552,2024-12-25,0.0,-0.23677506289575767,0.0,3,12183.699999999953,1495670.3,1675846.79,1663663.09,0.0,0,0.67584679
180176.49,0.0,-0.011175782960445968,2024-12-26,0.0,-0.2453046991428347,0.0,3,-18728.90000000014,1476941.4,1657117.89,1675846.79,0.0,0,0.6571178899999999
180176.49,0.0,0.0043745228047715745,2024-12-27,0.0,-0.24200326733858102,0.0,3,7249.100000000093,1484190.5,1664366.99,1657117.89,0.0,0,0.66436699
180176.49,0.0,-0.0087453068268315,2024-12-30,0.0,-0.24863218133944087,0.0,3,-14555.399999999907,1469635.1,1649811.59,1664366.99,0.0,0,0.6498115900000001
636065.99,4105.0,-0.00021657018423537622,2024-12-31,0.0,-0.24879490520635683,210.5,2,3537.1999999999534,1013388.3,1649454.29,1649811.59,0.0,0,0.64945429
141905.74,2912.0,-0.02041278149029513,2025-01-02,0.0,-0.26412909066077594,-21112.25,3,-9645.70000000007,1473878.6,1615784.34,1649454.29,0.0,0,0.61578434
141905.74,0.0,0.0032870104434852276,2025-01-03,0.0,-0.26171027529672086,0.0,3,5311.09999999986,1479189.7,1621095.44,1615784.34,0.0,0,0.6210954399999999
141905.74,0.0,0.022058479172577306,2025-01-06,0.0,-0.24542472678102578,0.0,3,35758.90000000014,1514948.6,1656854.34,1621095.44,0.0,0,0.65685434
141905.74,0.0,0.029172087632036492,2025-01-07,0.0,-0.22341219078571395,0.0,3,48333.89999999991,1563282.5,1705188.24,1656854.34,0.0,0,0.70518824
141905.74,0.0,-0.0033039754015661282,2025-01-08,0.0,-0.2259780178045142,0.0,3,-5633.899999999907,1557648.6,1699554.34,1705188.24,0.0,0,0.6995543400000002
141905.74,0.0,-0.01976476962778373,2025-01-09,0.0,-0.2412763839694485,0.0,3,-33591.30000000005,1524057.3,1665963.04,1699554.34,0.0,0,0.6659630400000001
141905.74,0.0,-0.00047918229926635636,2025-01-10,0.0,-0.24163995089628565,0.0,3,-798.3000000000466,1523259.0,1665164.74,1665963.04,0.0,0,0.66516474
141905.74,0.0,-0.019895749173742372,2025-01-13,0.0,-0.25672809221664017,0.0,3,-33129.69999999995,1490129.3,1632035.04,1665164.74,0.0,0,0.6320350400000001
141905.74,0.0,-0.008233401655395767,2025-01-14,0.0,-0.26284774837259284,0.0,3,-13437.199999999953,1476692.1,1618597.84,1632035.04,0.0,0,0.6185978400000001
141905.74,0.0,-0.012976663801800181,2025-01-15,0.0,-0.2724135253127018,0.0,3,-21004.0,1455688.1,1597593.84,1618597.84,0.0,0,0.59759384
141905.74,0.0,0.005527374842657196,2025-01-16,0.0,-0.26839188213665766,0.0,3,8830.5,1464518.6,1606424.34,1597593.84,0.0,0,0.60642434
141905.74,0.0,0.016305405332690537,2025-01-17,0.0,-0.2564627152302089,0.0,3,26193.399999999907,1490712.0,1632617.74,1606424.34,0.0,0,0.6326177399999999
141905.74,0.0,0.015227201929093326,2025-01-20,0.0,-0.24514072285320965,0.0,3,24860.199999999953,1515572.2,1657477.94,1632617.74,0.0,0,0.6574779399999999
141905.74,0.0,-0.010629040408223989,2025-01-21,0.0,-0.25316415261252556,0.0,3,-17617.399999999907,1497954.8,1639860.54,1657477.94,0.0,0,0.6398605400000001
141905.74,0.0,0.031237534382039467,2025-01-22,0.0,-0.22983484215201977,0.0,3,51225.19999999995,1549180.0,1691085.74,1639860.54,0.0,0,0.6910857399999999
141905.74,0.0,0.0033496231835057344,2025-02-03,0.0,-0.22725507908416376,0.0,3,5664.5,1554844.5,1696750.24,1691085.74,0.0,0,0.6967502400000001
141905.74,0.0,-0.01723453417634402,2025-02-04,0.0,-0.24057297783328402,0.0,3,-29242.699999999953,1525601.8,1667507.54,1696750.24,0.0,0,0.6675075400000001
141905.74,0.0,0.009326014801708249,2025-02-05,0.0,-0.2334905501837401,0.0,3,15551.199999999953,1541153.0,1683058.74,1667507.54,0.0,0,0.6830587399999999
141905.74,0.0,-0.002706679150128788,2025-02-06,0.0,-0.2355652453299344,0.0,3,-4555.5,1536597.5,1678503.24,1683058.74,0.0,0,0.67850324
141905.74,0.0,0.03175466018165096,2025-02-07,0.0,-0.21129087946434277,0.0,3,53300.30000000005,1589897.8,1731803.54,1678503.24,0.0,0,0.73180354
141905.74,0.0,-0.012859253076708654,2025-02-10,0.0,-0.22143308964921915,0.0,3,-22269.699999999953,1567628.1,1709533.84,1731803.54,0.0,0,0.7095338400000002
141905.74,0.0,0.009565707105277266,2025-02-11,0.0,-0.2139855466229429,0.0,3,16352.899999999907,1583981.0,1725886.74,1709533.84,0.0,0,0.72588674
141905.74,0.0,-0.010473630500226205,2025-02-12,0.0,-0.22221797157545153,0.0,3,-18076.300000000047,1565904.7,1707810.44,1725886.74,0.0,0,0.70781044
141905.74,0.0,-0.0013158954573436743,2025-02-13,0.0,-0.22324145141345886,0.0,3,-2247.3000000000466,1563657.4,1705563.14,1707810.44,0.0,0,0.70556314
141905.74,0.0,-0.020213616952345692,2025-02-14,0.0,-0.23894255117904717,0.0,3,-34475.59999999986,1529181.8,1671087.54,1705563.14,0.0,0,0.67108754
141905.74,0.0,0.012011399474619822,2025-02-17,0.0,-0.22980118613812361,0.0,3,20072.09999999986,1549253.9,1691159.64,1671087.54,0.0,0,0.69115964
141905.74,0.0,0.005484165882766678,2025-02-18,0.0,-0.22557728808019495,0.0,3,9274.600000000093,1558528.5,1700434.24,1691159.64,0.0,0,0.7004342400000001
141905.74,0.0,-0.0033385589789112213,2025-02-19,0.0,-0.22816274397854752,0.0,3,-5677.0,1552851.5,1694757.24,1700434.24,0.0,0,0.6947572399999999
141905.74,0.0,-0.00714987357127328,2025-02-20,0.0,-0.23368128277669942,0.0,3,-12117.300000000047,1540734.2,1682639.94,1694757.24,0.0,0,0.6826399399999998
141905.74,0.0,0.007844934430832451,2025-02-21,0.0,-0.22766956268696292,0.0,3,13200.199999999953,1553934.4,1695840.14,1682639.94,0.0,0,0.6958401399999998
980344.44,7550.0,-0.003861036099782389,2025-02-24,0.0,-0.2306515583863893,1675.299999999998,2,-673.0,708948.0,1689292.44,1695840.14,0.0,0,0.68929244
1222285.94,2179.0,-0.005471225574181782,2025-02-25,0.0,-0.23486083725560258,1579.5,1,-8643.0,457764.0,1680049.94,1689292.44,0.0,0,0.68004994
1222285.94,0.0,-0.005523050106474803,2025-02-26,0.0,-0.23908673918986612,0.0,1,-9279.0,448485.0,1670770.94,1680049.94,0.0,0,0.6707709399999999
1222285.94,0.0,-0.00030854020001092053,2025-02-27,0.0,-0.2393215115195474,0.0,1,-515.5,447969.5,1670255.44,1670770.94,0.0,0,0.67025544
1222285.94,0.0,-0.0064813439553892405,2025-03-03,0.0,-0.24425173044285475,0.0,1,-10825.5,437144.0,1659429.94,1670255.44,0.0,0,0.6594299399999999
1222285.94,0.0,0.020813472848392855,2025-03-04,0.0,-0.22852198435420734,0.0,1,34538.5,471682.5,1693968.44,1659429.94,0.0,0,0.6939684399999999
1222285.94,0.0,-0.0030431499656510264,2025-03-05,0.0,-0.23086970765102044,0.0,1,-5155.0,466527.5,1688813.44,1693968.44,0.0,0,0.6888134399999999
1222285.94,0.0,-0.002747195095747279,2025-03-06,0.0,-0.23298265861815215,0.0,1,-4639.5,461888.0,1684173.94,1688813.44,0.0,0,0.68417394
1222285.94,0.0,-0.005203441160002709,2025-03-07,0.0,-0.2369737882227343,0.0,1,-8763.5,453124.5,1675410.44,1684173.94,0.0,0,0.6754104399999998
1222285.94,0.0,-0.006153715981380703,2025-03-10,0.0,-0.24166923481636038,0.0,1,-10310.0,442814.5,1665100.44,1675410.44,0.0,0,0.66510044
1222285.94,0.0,-0.005572636807422815,2025-03-11,0.0,-0.2458951367506239,0.0,1,-9279.0,433535.5,1655821.44,1665100.44,0.0,0,0.65582144
1222285.94,0.0,-0.0018679550374707254,2025-03-12,0.0,-0.2473037707287118,0.0,1,-3093.0,430442.5,1652728.44,1655821.44,0.0,0,0.65272844
1222285.94,0.0,0.004054810117504859,2025-03-13,0.0,-0.24425173044285475,0.0,1,6701.5,437144.0,1659429.94,1652728.44,0.0,0,0.6594299399999999
1222285.94,0.0,-0.006523625818152912,2025-03-14,0.0,-0.24918194936616223,0.0,1,-10825.5,426318.5,1648604.44,1659429.94,0.0,0,0.64860444
1222285.94,0.0,-0.002814198413780833,2025-03-17,0.0,-0.25129490033329394,0.0,1,-4639.5,421679.0,1643964.94,1648604.44,0.0,0,0.64396494
1222285.94,0.0,0.01254284656459892,2025-03-18,0.0,-0.24190400714604177,0.0,1,20620.0,442299.0,1664584.94,1643964.94,0.0,0,0.6645849399999999
1222285.94,0.0,-0.0012387472398975863,2025-03-19,0.0,-0.24284309646476698,0.0,1,-2062.0,440237.0,1662522.94,1664584.94,0.0,0,0.6625229399999999
1222285.94,0.0,0.005271205460779971,2025-03-20,0.0,-0.23885196686018473,0.0,1,8763.5,449000.5,1671286.44,1662522.94,0.0,0,0.67128644
1222285.94,0.0,0.0012337801292756634,2025-03-21,0.0,-0.2379128775414595,0.0,1,2062.0,451062.5,1673348.44,1671286.44,0.0,0,0.67334844
1222285.94,0.0,-0.0024645195832614375,2025-03-24,0.0,-0.23979105617890994,0.0,1,-4124.0,446938.5,1669224.44,1673348.44,0.0,0,0.66922444
1222285.94,0.0,0.012970694342337774,2025-03-25,0.0,-0.22993061833229522,0.0,1,21651.0,468589.5,1690875.44,1669224.44,0.0,0,0.6908754399999999
1222285.94,0.0,0.0012194866346866284,2025-03-26,0.0,-0.2289915290135699,0.0,1,2062.0,470651.5,1692937.44,1690875.44,0.0,0,0.6929374399999999
1222285.94,0.0,0.0003045003245956135,2025-03-27,0.0,-0.22875675668388862,0.0,1,515.5,471167.0,1693452.94,1692937.44,0.0,0,0.69345294
1222285.94,0.0,-0.0024352610589816193,2025-03-28,0.0,-0.23063493532133905,0.0,1,-4124.0,467043.0,1689328.94,1693452.94,0.0,0,0.68932894
1222285.94,0.0,0.0021360552788494136,2025-03-31,0.0,-0.2289915290135699,0.0,1,3608.5,470651.5,1692937.44,1689328.94,0.0,0,0.6929374399999999
1222285.94,0.0,0.000609000649191227,2025-04-01,0.0,-0.22852198435420734,0.0,1,1031.0,471682.5,1693968.44,1692937.44,0.0,0,0.6939684399999999
1222285.94,0.0,0.0,2025-04-02,0.0,-0.22852198435420734,0.0,1,0.0,471682.5,1693968.44,1693968.44,0.0,0,0.6939684399999999
1222285.94,0.0,-0.027692664687424706,2025-04-07,0.0,-0.24988626635520605,0.0,1,-46910.5,424772.0,1647057.94,1693968.44,0.0,0,0.64705794
1222285.94,0.0,0.007511575457995079,2025-04-08,0.0,-0.24425173044285475,0.0,1,12372.0,437144.0,1659429.94,1647057.94,0.0,0,0.6594299399999999
1222285.94,0.0,-0.0037277861818016955,2025-04-09,0.0,-0.2470689983990304,0.0,1,-6186.0,430958.0,1653243.94,1659429.94,0.0,0,0.6532439399999999
1222285.94,0.0,0.025880330763529136,2025-04-10,0.0,-0.22758289503548212,0.0,1,42786.5,473744.5,1696030.44,1653243.94,0.0,0,0.6960304399999999
1222285.94,0.0,-0.008510460460839364,2025-04-11,0.0,-0.23415652026655864,0.0,1,-14434.0,459310.5,1681596.44,1696030.44,0.0,0,0.6815964399999999
1222285.94,0.0,-0.007663848289307773,2025-04-14,0.0,-0.24002582850859133,0.0,1,-12887.5,446423.0,1668708.94,1681596.44,0.0,0,0.6687089399999999
1674949.69,4077.0,0.003739867301244315,2025-04-15,0.0,-0.23718362595484033,-7209.25,0,17527.0,0.0,1674949.69,1668708.94,0.0,0,0.67494969
1674949.69,0.0,0.0,2025-04-16,0.0,-0.23718362595484033,0.0,0,0.0,0.0,1674949.69,1674949.69,0.0,0,0.67494969
1674949.69,0.0,0.0,2025-04-17,0.0,-0.23718362595484033,0.0,0,0.0,0.0,1674949.69,1674949.69,0.0,0,0.67494969
1674949.69,0.0,0.0,2025-04-18,0.0,-0.23718362595484033,0.0,0,0.0,0.0,1674949.69,1674949.69,0.0,0,0.67494969
1674949.69,0.0,0.0,2025-04-21,0.0,-0.23718362595484033,0.0,0,0.0,0.0,1674949.69,1674949.69,0.0,0,0.67494969
1674949.69,0.0,0.0,2025-04-22,0.0,-0.23718362595484033,0.0,0,0.0,0.0,1674949.69,1674949.69,0.0,0,0.67494969
1674949.69,0.0,0.0,2025-04-23,0.0,-0.23718362595484033,0.0,0,0.0,0.0,1674949.69,1674949.69,0.0,0,0.67494969
1674949.69,0.0,0.0,2025-04-24,0.0,-0.23718362595484033,0.0,0,0.0,0.0,1674949.69,1674949.69,0.0,0,0.67494969
1674949.69,0.0,0.0,2025-04-25,0.0,-0.23718362595484033,0.0,0,0.0,0.0,1674949.69,1674949.69,0.0,0,0.67494969
1674949.69,0.0,0.0,2025-04-28,0.0,-0.23718362595484033,0.0,0,0.0,0.0,1674949.69,1674949.69,0.0,0,0.67494969
1674949.69,0.0,0.0,2025-04-29,0.0,-0.23718362595484033,0.0,0,0.0,0.0,1674949.69,1674949.69,0.0,0,0.67494969
1674949.69,0.0,0.0,2025-04-30,0.0,-0.23718362595484033,0.0,0,0.0,0.0,1674949.69,1674949.69,0.0,0,0.67494969
1674949.69,0.0,0.0,2025-05-02,0.0,-0.23718362595484033,0.0,0,0.0,0.0,1674949.69,1674949.69,0.0,0,0.67494969
1674949.69,0.0,0.0,2025-05-05,0.0,-0.23718362595484033,0.0,0,0.0,0.0,1674949.69,1674949.69,0.0,0,0.67494969
1674949.69,0.0,0.0,2025-05-06,0.0,-0.23718362595484033,0.0,0,0.0,0.0,1674949.69,1674949.69,0.0,0,0.67494969
1674949.69,0.0,0.0,2025-05-07,0.0,-0.23718362595484033,0.0,0,0.0,0.0,1674949.69,1674949.69,0.0,0,0.67494969
1674949.69,0.0,0.0,2025-05-08,0.0,-0.23718362595484033,0.0,0,0.0,0.0,1674949.69,1674949.69,0.0,0,0.67494969
1674949.69,0.0,0.0,2025-05-09,0.0,-0.23718362595484033,0.0,0,0.0,0.0,1674949.69,1674949.69,0.0,0,0.67494969
1674949.69,0.0,0.0,2025-05-12,0.0,-0.23718362595484033,0.0,0,0.0,0.0,1674949.69,1674949.69,0.0,0,0.67494969
1674949.69,0.0,0.0,2025-05-13,0.0,-0.23718362595484033,0.0,0,0.0,0.0,1674949.69,1674949.69,0.0,0,0.67494969
1674949.69,0.0,0.0,2025-05-14,0.0,-0.23718362595484033,0.0,0,0.0,0.0,1674949.69,1674949.69,0.0,0,0.67494969
1674949.69,0.0,0.0,2025-05-15,0.0,-0.23718362595484033,0.0,0,0.0,0.0,1674949.69,1674949.69,0.0,0,0.67494969
1674949.69,0.0,0.0,2025-05-16,0.0,-0.23718362595484033,0.0,0,0.0,0.0,1674949.69,1674949.69,0.0,0,0.67494969
1674949.69,0.0,0.0,2025-05-19,0.0,-0.23718362595484033,0.0,0,0.0,0.0,1674949.69,1674949.69,0.0,0,0.67494969
1674949.69,0.0,0.0,2025-05-20,0.0,-0.23718362595484033,0.0,0,0.0,0.0,1674949.69,1674949.69,0.0,0,0.67494969
1674949.69,0.0,0.0,2025-05-21,0.0,-0.23718362595484033,0.0,0,0.0,0.0,1674949.69,1674949.69,0.0,0,0.67494969
1674949.69,0.0,0.0,2025-05-22,0.0,-0.23718362595484033,0.0,0,0.0,0.0,1674949.69,1674949.69,0.0,0,0.67494969
1674949.69,0.0,0.0,2025-05-23,0.0,-0.23718362595484033,0.0,0,0.0,0.0,1674949.69,1674949.69,0.0,0,0.67494969
1674949.69,0.0,0.0,2025-05-26,0.0,-0.23718362595484033,0.0,0,0.0,0.0,1674949.69,1674949.69,0.0,0,0.67494969
1674949.69,0.0,0.0,2025-05-27,0.0,-0.23718362595484033,0.0,0,0.0,0.0,1674949.69,1674949.69,0.0,0,0.67494969
1674949.69,0.0,0.0,2025-05-28,0.0,-0.23718362595484033,0.0,0,0.0,0.0,1674949.69,1674949.69,0.0,0,0.67494969
1674949.69,0.0,0.0,2025-05-29,0.0,-0.23718362595484033,0.0,0,0.0,0.0,1674949.69,1674949.69,0.0,0,0.67494969
1674949.69,0.0,0.0,2025-06-02,0.0,-0.23718362595484033,0.0,0,0.0,0.0,1674949.69,1674949.69,0.0,0,0.67494969
1674949.69,0.0,0.0,2025-06-03,0.0,-0.23718362595484033,0.0,0,0.0,0.0,1674949.69,1674949.69,0.0,0,0.67494969
1674949.69,0.0,0.0,2025-06-04,0.0,-0.23718362595484033,0.0,0,0.0,0.0,1674949.69,1674949.69,0.0,0,0.67494969
1674949.69,0.0,0.0,2025-06-05,0.0,-0.23718362595484033,0.0,0,0.0,0.0,1674949.69,1674949.69,0.0,0,0.67494969
1674949.69,0.0,0.0,2025-06-06,0.0,-0.23718362595484033,0.0,0,0.0,0.0,1674949.69,1674949.69,0.0,0,0.67494969
1674949.69,0.0,0.0,2025-06-09,0.0,-0.23718362595484033,0.0,0,0.0,0.0,1674949.69,1674949.69,0.0,0,0.67494969
1674949.69,0.0,0.0,2025-06-10,0.0,-0.23718362595484033,0.0,0,0.0,0.0,1674949.69,1674949.69,0.0,0,0.67494969
660757.69,5975.0,-0.005271800133889393,2025-06-11,0.0,-0.24120504141766463,-2855.0,2,0.0,1005362.0,1666119.69,1674949.69,0.0,0,0.6661196899999999
660757.69,0.0,0.0003085012457899605,2025-06-12,0.0,-0.24097095222764298,0.0,2,514.0,1005876.0,1666633.69,1666119.69,0.0,0,0.6666336899999998
660757.69,0.0,-0.0002904057459680587,2025-06-13,0.0,-0.2411913786244727,0.0,2,-484.0,1005392.0,1666149.69,1666633.69,0.0,0,0.6661496899999999
660757.69,0.0,0.006491613607658486,2025-06-16,0.0,-0.23626548625234278,0.0,2,10816.0,1016208.0,1676965.69,1666149.69,0.0,0,0.6769656899999998
660757.69,0.0,0.012575093292457318,2025-06-17,0.0,-0.22666145349129652,0.0,2,21088.0,1037296.0,1698053.69,1676965.69,0.0,0,0.6980536899999998
660757.69,0.0,0.015266890648198528,2025-06-18,0.0,-0.2148549784677113,0.0,2,25924.0,1063220.0,1723977.69,1698053.69,0.0,0,0.7239776899999999
660757.69,0.0,-0.009253019973825771,2025-06-19,0.0,-0.22211994103429944,0.0,2,-15952.0,1047268.0,1708025.69,1723977.69,0.0,0,0.7080256899999999
660757.69,0.0,-0.010011559018178517,2025-06-20,0.0,-0.22990773315369872,0.0,2,-17100.0,1030168.0,1690925.69,1708025.69,0.0,0,0.69092569
660757.69,0.0,0.01956443159841048,2025-06-23,0.0,-0.21484131567451936,0.0,2,33082.0,1063250.0,1724007.69,1690925.69,0.0,0,0.7240076899999999
660757.69,0.0,0.009979653861056814,2025-06-24,0.0,-0.20700570377894834,0.0,2,17205.0,1080455.0,1741212.69,1724007.69,0.0,0,0.74121269
660757.69,0.0,0.0,2025-06-25,0.0,-0.20700570377894834,0.0,2,0.0,1080455.0,1741212.69,1741212.69,0.0,0,0.74121269
112955.41,3228.0,-0.00806560282994484,2025-06-26,0.0,-0.21340168081867905,-3912.924999999962,3,-6903.0,1614213.35,1727168.76,1741212.69,0.0,0,0.7271687600000001
112955.41,0.0,0.009778025396892875,2025-06-27,0.0,-0.20571030247657085,0.0,3,16888.299999999814,1631101.65,1744057.0599999998,1727168.76,0.0,0,0.7440570599999998
112955.41,0.0,-0.003054372544439521,2025-06-30,0.0,-0.2081363591210177,0.0,3,-5327.0,1625774.65,1738730.0599999998,1744057.0599999998,0.0,0,0.7387300599999997
112955.41,0.0,-0.008079632556648786,2025-07-01,0.0,-0.21453432637428993,0.0,3,-14048.299999999814,1611726.35,1724681.76,1738730.0599999998,0.0,0,0.72468176
112955.41,0.0,-0.006507461411315751,2025-07-02,0.0,-0.21964571393532228,0.0,3,-11223.300000000047,1600503.05,1713458.46,1724681.76,0.0,0,0.71345846
112955.41,0.0,0.028530134310930322,2025-07-03,0.0,-0.19738210134378686,0.0,3,48885.19999999995,1649388.25,1762343.66,1713458.46,0.0,0,0.76234366
112955.41,0.0,0.0018857842970307903,2025-07-04,0.0,-0.195868537113985,0.0,3,3323.399999999907,1652711.65,1765667.0599999998,1762343.66,0.0,0,0.7656670599999997
112955.41,0.0,-0.012412051227823073,2025-07-07,0.0,-0.20584945802523058,0.0,3,-21915.549999999814,1630796.1,1743751.51,1765667.0599999998,0.0,0,0.7437515100000001
112955.41,0.0,0.0022668367467104655,2025-07-08,0.0,-0.2040492483942622,0.0,3,3952.7999999998137,1634748.9,1747704.3099999998,1743751.51,0.0,0,0.7477043099999998
112955.41,0.0,0.02295499860614303,2025-07-09,0.0,-0.18577820000059408,0.0,3,40118.55000000005,1674867.45,1787822.8599999999,1747704.3099999998,0.0,0,0.7878228599999999
112955.41,0.0,-0.0006674878293031483,2025-07-10,32531.6,-0.1863216831424469,0.0,3,-33724.94999999986,1641142.5,1786629.51,1787822.8599999999,32531.6,0,0.78662951
112955.41,0.0,-0.017085551217610906,2025-07-11,0.0,-0.20022382569977604,0.0,3,-30525.550000000047,1610616.95,1756103.96,1786629.51,32531.6,0,0.7561039599999999
112955.41,0.0,0.0039706077537686735,2025-07-14,0.0,-0.19704822822082002,0.0,3,6972.800000000047,1617589.75,1763076.76,1756103.96,32531.6,0,0.7630767599999999
576925.06,4178.0,0.004123416611764519,2025-07-15,0.0,-0.19373732354662,3982.7499999999645,2,7465.149999999907,1160890.0,1770346.6600000001,1763076.76,32531.6,0,0.7703466600000002
576925.06,0.0,0.014590362771097043,2025-07-16,0.0,-0.18197365860836945,0.0,2,25830.0,1186720.0,1796176.6600000001,1770346.6600000001,32531.6,0,0.7961766600000002
576925.06,0.0,0.007863925812286121,2025-07-17,0.0,-0.1755407601471698,0.0,2,14125.0,1200845.0,1810301.6600000001,1796176.6600000001,32531.6,0,0.8103016600000001
576925.06,0.0,0.0037966048155753107,2025-07-18,0.0,-0.17241061422689896,0.0,2,6873.0,1207718.0,1817174.6600000001,1810301.6600000001,32531.6,0,0.81717466
576925.06,0.0,0.02107502423570007,2025-07-21,0.0,-0.15496914786452276,0.0,2,38297.0,1246015.0,1855471.6600000001,1817174.6600000001,32531.6,0,0.8554716600000001
33085.66,3204.0,-0.03421555897005735,2025-07-22,0.0,-0.183882350817282,-17985.999999999978,3,-42296.0,1726368.4,1791985.66,1855471.6600000001,32531.6,0,0.7919856599999999
33085.66,0.0,0.020352785635572523,2025-07-23,0.0,-0.16727208325005882,0.0,3,36471.89999999991,1762840.2999999998,1828457.5599999998,1791985.66,32531.6,0,0.8284575599999999
33085.66,0.0,0.003017078504135462,2025-07-24,0.0,-0.164759677752639,0.0,3,5516.600000000093,1768356.9,1833974.16,1828457.5599999998,32531.6,0,0.8339741599999999
33085.66,0.0,-0.013748285308447294,2025-07-25,0.0,-0.17624280000401515,0.0,3,-25214.0,1743142.9,1808760.16,1833974.16,32531.6,0,0.8087601599999998
33085.66,0.0,0.011458235568390762,2025-07-28,0.0,-0.16680399595530315,0.0,3,20725.200000000186,1763868.1,1829485.36,1808760.16,32531.6,0,0.8294853600000001
33085.66,0.0,-0.007727309717307618,2025-07-29,0.0,-0.17324235953377964,0.0,3,-14137.0,1749731.1,1815348.36,1829485.36,32531.6,0,0.81534836
33085.66,0.0,0.01180715529442522,2025-07-30,0.0,-0.16348070368194245,0.0,3,21434.100000000093,1771165.2000000002,1836782.4600000002,1815348.36,32531.6,0,0.8367824600000002
33085.66,0.0,0.025829079400072175,2025-07-31,0.0,-0.14187418035765076,0.0,3,47442.39999999991,1818607.6,1884224.86,1836782.4600000002,32531.6,0,0.88422486
33085.66,0.0,-0.006997837827062758,2025-08-01,0.0,-0.14787920567872326,0.0,3,-13185.5,1805422.1,1871039.36,1884224.86,32531.6,0,0.8710393600000002
33085.66,0.0,-0.02043970897544345,2025-08-04,0.0,-0.16529630672657392,0.0,3,-38243.5,1767178.6,1832795.86,1871039.36,32531.6,0,0.83279586
33085.66,0.0,0.005153165284866867,2025-08-05,0.0,-0.16099494063124709,0.0,3,9444.69999999972,1776623.2999999998,1842240.5599999998,1832795.86,32531.6,0,0.8422405599999998
33085.66,0.0,0.029354146887309973,2025-08-06,0.0,-0.1363666628793404,0.0,3,54077.40000000037,1830700.7000000002,1896317.9600000002,1842240.5599999998,32531.6,0,0.8963179600000002
33085.66,0.0,-0.002994381807152391,2025-08-07,0.0,-0.13895271083206484,0.0,3,-5678.300000000279,1825022.4,1890639.66,1896317.9600000002,32531.6,0,0.8906396599999999
42277.46,0.0,0.044571846123232284,2025-08-08,0.0,-0.10057424355444522,0.0,3,84269.30000000024,1909291.7000000002,1974908.9600000002,1890639.66,23339.8,0,0.9749089600000003
42277.46,0.0,0.02471830397690833,2025-08-11,0.0,-0.07834196430196327,0.0,3,48816.39999999991,1958108.1,2023725.36,1974908.9600000002,23339.8,0,1.0237253600000003
42277.46,0.0,-0.005756314680960606,2025-08-12,0.0,-0.0836473179836772,0.0,3,-11649.200000000186,1946458.9,2012076.16,2023725.36,23339.8,0,1.01207616
42277.46,0.0,0.026095731883230444,2025-08-13,0.0,-0.059734424083299986,0.0,3,52506.60000000009,1998965.5,2064582.76,2012076.16,23339.8,0,1.06458276
65617.26,0.0,0.017631504391715458,2025-08-14,0.0,-0.04315612745214592,0.0,3,36401.70000000014,2035367.2000000002,2100984.46,2064582.76,0.0,0,1.1009844599999998
65617.26,0.0,-0.007157501774192054,2025-08-15,0.0,-0.05000473916753201,0.0,3,-15037.80000000028,2020329.4,2085946.66,2100984.46,0.0,0,1.0859466599999998
65617.26,0.0,0.026414385878879454,2025-08-18,0.0,-0.024911197764796444,0.0,3,55099.0,2075428.4,2141045.6599999997,2085946.66,0.0,0,1.1410456599999996
65617.26,0.0,-0.01714246486457449,2025-08-19,0.0,-0.04162662329695355,0.0,3,-36702.799999999814,2038725.6,2104342.86,2141045.6599999997,0.0,0,1.10434286
65617.26,0.0,-0.054391231664596695,2025-08-20,0.0,-0.09375373165039069,0.0,3,-114457.80000000028,1924267.7999999998,1989885.0599999998,2104342.86,0.0,0,0.9898850599999998
65617.26,0.0,0.030032789934108184,2025-08-21,0.0,-0.06653662784447745,0.0,3,59761.80000000028,1984029.6,2049646.86,1989885.0599999998,0.0,0,1.0496468600000002
65617.26,0.0,-0.01296403810752067,2025-08-22,0.0,-0.07863808257307647,0.0,3,-26571.700000000186,1957457.9,2023075.16,2049646.86,0.0,0,1.0230751599999999
65617.26,0.0,0.04113569364372993,2025-08-25,0.0,-0.04073722100280297,0.0,3,83220.6000000001,2040678.5,2106295.76,2023075.16,0.0,0,1.1062957599999996
65617.26,0.0,0.004021609956618821,2025-08-26,0.0,-0.036879440259773966,0.0,3,8470.700000000186,2049149.2000000002,2114766.46,2106295.76,0.0,0,1.1147664599999998
65617.26,0.0,0.048099164576309805,2025-08-27,0.0,0.0,0.0,3,101718.5,2150867.7,2216484.96,2114766.46,0.0,0,1.2164849599999998
65617.26,0.0,-0.0197369261643896,2025-08-28,0.0,-0.0197369261643896,0.0,3,-43746.60000000009,2107121.1,2172738.36,2216484.96,0.0,0,1.1727383599999999
65617.26,0.0,0.061001040180465926,2025-08-29,0.0,0.0,0.0,3,132539.2999999998,2239660.4,2305277.6599999997,2172738.36,0.0,0,1.3052776599999998
65617.26,0.0,-0.033350516223715876,2025-09-01,0.0,-0.033350516223715876,0.0,3,-76882.19999999972,2162778.2,2228395.46,2305277.6599999997,0.0,0,1.2283954599999998
65617.26,0.0,-0.012754648135928415,2025-09-02,0.0,-0.045679790260059194,0.0,3,-28422.400000000373,2134355.8,2199973.0599999996,2228395.46,0.0,0,1.1999730599999996
65617.26,0.0,0.00802959832608141,2025-09-03,0.0,-0.038016982301385616,0.0,3,17664.900000000373,2152020.7,2217637.96,2199973.0599999996,0.0,0,1.2176379599999998
65617.26,0.0,-0.01704840947076869,2025-09-04,0.0,-0.054417262691037416,0.0,3,-37807.200000000186,2114213.5,2179830.76,2217637.96,0.0,0,1.1798307599999998
65617.26,0.0,0.03289067266855161,2025-09-05,0.0,-0.023316410397175247,0.0,3,71696.1000000001,2185909.6,2251526.86,2179830.76,0.0,0,1.2515268599999998
1437607.26,12356.0,-0.0032557906060245445,2025-09-08,0.0,-0.026496287653262507,11804.0,2,-6778.5,806589.1,2244196.36,2251526.86,0.0,0,1.2441963599999997
1618936.76,1633.0,0.0024127122280868107,2025-09-09,0.0,-0.02414750334239557,3272.5,1,3775.100000000093,630674.2000000001,2249610.96,2244196.36,0.0,0,1.24961096
938273.56,4010.0,-0.00019723410309124834,2025-09-10,0.0,-0.024339974734323033,-17085.49999999995,2,20651.79999999993,1310893.7000000002,2249167.2600000002,2249610.96,0.0,0,1.2491672600000001
247561.06,4069.0,-0.04252925147060893,2025-09-11,0.0,-0.06583406529866764,-14532.5,3,-77053.90000000014,1905950.8,2153511.86,2249167.2600000002,0.0,0,1.15351186
247561.06,0.0,-0.0021247154868234697,2025-09-12,0.0,-0.06781890212739061,0.0,3,-4575.600000000093,1901375.2,2148936.26,2153511.86,0.0,0,1.1489362599999997
247561.06,0.0,0.0010534979757848006,2025-09-15,0.0,-0.06683685122771699,0.0,3,2263.9000000001397,1903639.1,2151200.16,2148936.26,0.0,0,1.1512001600000001
247561.06,0.0,0.00793124708581261,2025-09-16,0.0,-0.0594357037234291,0.0,3,17061.69999999972,1920700.7999999998,2168261.86,2151200.16,0.0,0,1.1682618599999999
247561.06,0.0,0.0017407030348264296,2025-09-17,0.0,-0.05779846059845106,0.0,3,3774.3000000002794,1924475.1,2172036.16,2168261.86,0.0,0,1.1720361600000002
247561.06,0.0,0.048176592050843015,2025-09-18,0.0,-0.012406401405026246,0.0,3,104641.29999999981,2029116.4,2276677.46,2172036.16,0.0,0,1.2766774600000002
247561.06,0.0,0.03396748171785391,2025-09-19,0.0,0.0,0.0,3,77333.0,2106449.4,2354010.46,2276677.46,0.0,0,1.35401046
247561.06,0.0,0.03329658101859079,2025-09-22,0.0,0.0,0.0,3,78380.5,2184829.9,2432390.96,2354010.46,0.0,0,1.4323909599999998
247561.06,0.0,-0.010137679511849407,2025-09-23,0.0,-0.010137679511849407,0.0,3,-24658.799999999814,2160171.1,2407732.16,2432390.96,0.0,0,1.4077321600000001
247561.06,0.0,-0.015573991419377764,2025-09-24,0.0,-0.025553786797497313,0.0,3,-37498.0,2122673.1,2370234.16,2407732.16,0.0,0,1.3702341600000003
247561.06,0.0,-0.04334099209843478,2025-09-25,0.0,-0.06778725242425676,0.0,3,-102728.30000000005,2019944.8,2267505.86,2370234.16,0.0,0,1.26750586
247561.06,0.0,-0.032393609778807675,2025-09-26,0.0,-0.09798498840005543,0.0,3,-73452.69999999995,1946492.1,2194053.16,2267505.86,0.0,0,1.1940531600000002
247561.06,0.0,0.03802373685421556,2025-09-30,0.0,-0.06368700696042695,0.0,3,83426.1000000001,2029918.2000000002,2277479.2600000002,2194053.16,0.0,0,1.2774792600000002
247561.06,0.0,-0.004977388904959912,2025-10-01,0.0,-0.06834740086355195,0.0,3,-11335.90000000014,2018582.3,2266143.36,2277479.2600000002,0.0,0,1.26614336
247561.06,0.0,0.0008854250068275338,2025-10-02,0.0,-0.06752249235460084,0.0,3,2006.4999999997672,2020588.7999999998,2268149.86,2266143.36,0.0,0,1.2681498599999999
247561.06,0.0,0.0022540397749555297,2025-10-03,0.0,-0.06542065096311656,0.0,3,5112.500000000233,2025701.3,2273262.36,2268149.86,0.0,0,1.27326236
247561.06,0.0,-0.00791294498889239,2025-10-07,0.0,-0.07281592593980035,0.0,3,-17988.199999999953,2007713.1,2255274.16,2273262.36,0.0,0,1.2552741600000004
247561.06,0.0,0.03656176329355887,2025-10-08,0.0,-0.03891644129445371,0.0,3,82456.79999999981,2090169.9,2337730.96,2255274.16,0.0,0,1.33773096
247561.06,0.0,0.02544548582271422,2025-10-09,0.0,-0.014461203226967978,0.0,3,59484.700000000186,2149654.6,2397215.66,2337730.96,0.0,0,1.39721566
247561.06,0.0,-0.014344057805796395,2025-10-13,0.0,-0.028597828697735417,0.0,3,-34385.80000000028,2115268.8,2362829.86,2397215.66,0.0,0,1.3628298599999997
247561.06,0.0,-0.021320832639215137,2025-10-14,0.0,-0.049308931817441115,0.0,3,-50377.49999999977,2064891.3,2312452.36,2362829.86,0.0,0,1.31245236
247561.06,0.0,0.027323287213579794,2025-10-15,0.0,-0.023332926710104118,0.0,3,63183.80000000005,2128075.1,2375636.16,2312452.36,0.0,0,1.37563616
247561.06,0.0,0.058431674991847204,2025-10-16,0.0,0.0,0.0,3,138812.3999999999,2266887.5,2514448.56,2375636.16,0.0,0,1.51444856
247561.06,0.0,-0.04100958820171685,2025-10-17,0.0,-0.04100958820171685,0.0,3,-103116.5,2163771.0,2411332.06,2514448.56,0.0,0,1.4113320599999999
247561.06,0.0,0.00044672404015577705,2025-10-20,0.0,-0.040581184130487724,0.0,3,1077.2000000001863,2164848.2,2412409.2600000002,2411332.06,0.0,0,1.4124092600000004
247561.06,0.0,0.013993148078033979,2025-10-21,0.0,-0.027155894571173733,0.0,3,33757.200000000186,2198605.4000000004,2446166.4600000004,2412409.2600000002,0.0,0,1.4461664600000006
901593.66,5891.0,-0.009700034886424014,2025-10-22,0.0,-0.036592516332885294,5263.99999999992,3,-23100.900000000373,1520844.9,2422438.56,2446166.4600000004,0.0,0,1.4224385600000002
920251.26,168.0,-0.0008811781793962581,2025-10-23,0.0,-0.03744144998535981,-106.0,3,-1860.6000000000931,1500052.7,2420303.96,2422438.56,0.0,0,1.42030396
954113.96,305.0,0.023459532743978162,2025-10-27,0.0,-0.014860276163295216,0.0,2,57084.19999999995,1522969.2000000002,2477083.16,2420303.96,0.0,0,1.4770831600000003
954113.96,0.0,-0.023535826709992325,2025-10-28,0.0,-0.03804635398864553,0.0,2,-58300.200000000186,1464669.0,2418782.96,2477083.16,0.0,0,1.4187829600000001
954113.96,0.0,0.00647619081953521,2025-10-29,0.0,-0.03181655861752852,0.0,2,15664.5,1480333.5,2434447.46,2418782.96,0.0,0,1.43444746
954113.96,0.0,0.01412599802010095,2025-10-30,0.0,-0.018140001241465087,0.0,2,34389.0,1514722.5,2468836.46,2434447.46,0.0,0,1.46883646
954113.96,0.0,0.02342560997337184,2025-10-31,0.0,0.0,0.0,2,57834.0,1572556.5,2526670.46,2468836.46,0.0,0,1.52667046
954113.96,0.0,-0.01176979763320618,2025-11-03,0.0,-0.01176979763320618,0.0,2,-29738.399999999907,1542818.1,2496932.06,2526670.46,0.0,0,1.4969320600000002
220947.71,4320.0,-0.008352469950664299,2025-11-04,0.0,-0.020023960702813648,-17607.75,3,1072.1999999997206,2255128.8,2476076.51,2496932.06,0.0,0,1.47607651
220947.71,0.0,0.03268166378267545,2025-11-05,0.0,0.0,0.0,3,80922.30000000028,2336051.1,2556998.81,2476076.51,0.0,0,1.55699881
220947.71,0.0,0.0211586332337792,2025-11-06,0.0,0.0,0.0,3,54102.60000000009,2390153.7,2611101.41,2556998.81,0.0,0,1.6111014100000003
220947.71,0.0,-0.010664350259762645,2025-11-07,0.0,-0.010664350259762645,0.0,3,-27845.700000000186,2362308.0,2583255.71,2611101.41,0.0,0,1.58325571
220947.71,0.0,-0.00925378773284502,2025-11-10,0.0,-0.019819452358995182,0.0,3,-23904.899999999907,2338403.1,2559350.81,2583255.71,0.0,0,1.5593508100000002
220947.71,0.0,0.02793567795420726,2025-11-11,0.0,0.0,0.0,3,71497.19999999972,2409900.3,2630848.01,2559350.81,0.0,0,1.6308480099999998
220947.71,0.0,0.03860382645214089,2025-11-12,0.0,0.0,0.0,3,101560.80000000028,2511461.1,2732408.81,2630848.01,0.0,0,1.73240881
220947.71,0.0,0.05816000132132504,2025-11-13,0.0,0.0,0.0,3,158916.8999999999,2670378.0,2891325.71,2732408.81,0.0,0,1.8913257099999998
220947.71,0.0,-0.038826480050910606,2025-11-14,0.0,-0.038826480050910606,0.0,3,-112260.0,2558118.0,2779065.71,2891325.71,0.0,0,1.7790657099999998
220947.71,0.0,0.008532255971738234,2025-11-17,0.0,-0.030625501545448408,0.0,3,23711.700000000186,2581829.7,2802777.41,2779065.71,0.0,0,1.80277741
220947.71,0.0,-0.025080086541727997,2025-11-18,0.0,-0.05493749785803281,0.0,3,-70293.90000000037,2511535.8,2732483.51,2802777.41,0.0,0,1.7324835099999998
220947.71,0.0,-0.03411292315538983,2025-11-19,0.0,-0.0871763423706422,0.0,3,-93213.0,2418322.8,2639270.51,2732483.51,0.0,0,1.6392705099999998
220947.71,0.0,0.028624045816357135,2025-11-20,0.0,-0.06104763617240483,0.0,3,75546.6000000001,2493869.4,2714817.11,2639270.51,0.0,0,1.7148171099999998
220947.71,0.0,-0.05691333660409992,2025-11-21,0.0,-0.11448654811014003,0.0,3,-154509.2999999998,2339360.1,2560307.81,2714817.11,0.0,0,1.5603078099999999
220947.71,0.0,-0.0009482844174114602,2025-11-24,0.0,-0.11532626671797552,0.0,3,-2427.899999999907,2336932.2,2557879.91,2560307.81,0.0,0,1.55787991
220947.71,0.0,0.058384640895826845,2025-11-25,0.0,-0.06367490849033397,0.0,3,149340.8999999999,2486273.1,2707220.81,2557879.91,0.0,0,1.70722081
220947.71,0.0,0.007614968060178251,2025-11-26,0.0,-0.05654482282454443,0.0,3,20615.399999999907,2506888.5,2727836.21,2707220.81,0.0,0,1.72783621
220947.71,0.0,0.026177781399859157,2025-11-27,0.0,-0.03184725943587996,0.0,3,71408.70000000019,2578297.2,2799244.91,2727836.21,0.0,0,1.79924491
220947.71,0.0,-0.00255754684930376,2025-11-28,0.0,-0.03432335542715459,0.0,3,-7159.200000000186,2571138.0,2792085.71,2799244.91,0.0,0,1.7920857099999998
220947.71,0.0,0.0034084197221868617,2025-12-01,0.0,-0.031031924106537212,0.0,3,9516.600000000093,2580654.6,2801602.31,2792085.71,0.0,0,1.8016023100000003
220947.71,0.0,-0.018891118061649448,2025-12-02,0.0,-0.04933681442620996,0.0,3,-52925.39999999991,2527729.2,2748676.91,2801602.31,0.0,0,1.7486769100000004
220947.71,0.0,0.03057074467147891,2025-12-03,0.0,-0.02027433291145886,0.0,3,84029.09999999963,2611758.3,2832706.01,2748676.91,0.0,0,1.8327060099999999
220947.71,0.0,-0.01827859997374026,2025-12-04,0.0,-0.038182346464176176,0.0,3,-51777.89999999991,2559980.4,2780928.11,2832706.01,0.0,0,1.78092811
220947.71,0.0,0.0370931918840578,2025-12-05,0.0,-0.002505459684097655,0.0,3,103153.5,2663133.9,2884081.61,2780928.11,0.0,0,1.88408161
220947.71,0.0,0.022455051124576242,2025-12-08,0.0,0.0,0.0,3,64762.200000000186,2727896.1,2948843.81,2884081.61,0.0,0,1.94884381
220947.71,0.0,-0.0013324205190780036,2025-12-09,0.0,-0.0013324205190780036,0.0,3,-3929.100000000093,2723967.0,2944914.71,2948843.81,0.0,0,1.94491471
220947.71,0.0,-0.0016191300833973132,2025-12-10,0.0,-0.002949393240329057,0.0,3,-4768.200000000186,2719198.8,2940146.51,2944914.71,0.0,0,1.94014651
220947.71,0.0,-0.008428865675812691,2025-12-11,0.0,-0.011353398876693954,0.0,3,-24782.099999999627,2694416.7,2915364.41,2940146.51,0.0,0,1.91536441
979333.71,6836.0,0.01441641389866577,2025-12-12,0.0,0.0,-5527.600000000157,3,54392.69999999972,1978059.8,2957393.51,2915364.41,0.0,0,1.9573935099999997
1959911.11,8841.0,-0.008652281109523319,2025-12-15,0.0,-0.008652281109523319,7324.199999999999,2,-24071.40000000014,971894.2,2931805.31,2957393.51,0.0,0,1.93180531
1152921.28,4891.0,-0.01888598462221891,2025-12-16,0.0,-0.027374858883760678,-18347.225000000068,3,-32131.79999999993,1723514.0,2876435.2800000003,2931805.31,0.0,0,1.8764352800000004
1157874.48,58.0,0.0019523123078923899,2025-12-17,0.0,-0.025475990849793906,43.19999999999959,3,5630.5,1724176.5,2882050.98,2876435.2800000003,0.0,0,1.8820509799999998
1162187.38,53.0,-0.005716276399801989,2025-12-18,0.0,-0.031046639444339608,31.5,3,-16453.100000000093,1703389.0,2865576.38,2882050.98,0.0,0,1.8655763799999998
1169670.38,77.0,0.012976586581161076,2025-12-19,0.0,-0.01847293226798219,-21.600000000000307,3,37284.0,1733091.4,2902761.78,2865576.38,0.0,0,1.9027617799999996
1180915.48,106.0,0.016200674931030834,2025-12-22,0.0,-0.0025715313076479784,-188.40000000000043,2,47321.10000000009,1768873.0,2949788.48,2902761.78,0.0,0,1.94978848
284325.48,5282.0,-0.008978440379562413,2025-12-23,0.0,-0.011526883346680394,-11105.0,3,-10097.5,2638978.5,2923303.98,2949788.48,0.0,0,1.92330398
284325.48,0.0,0.012419508969436777,2025-12-24,0.0,0.0,0.0,3,36306.0,2675284.5,2959609.98,2923303.98,0.0,0,1.9596099800000002
284325.48,0.0,0.0045259341908288064,2025-12-26,0.0,0.0,0.0,3,13395.0,2688679.5,2973004.98,2959609.98,0.0,0,1.9730049799999998
284325.48,0.0,-0.010676403239660903,2025-12-29,0.0,-0.010676403239660903,0.0,3,-31741.0,2656938.5,2941263.98,2973004.98,0.0,0,1.94126398
284325.48,0.0,0.014135249431096675,2025-12-30,0.0,0.0,0.0,3,41575.5,2698514.0,2982839.48,2941263.98,0.0,0,1.98283948
284325.48,0.0,0.007082513203157781,2025-12-31,0.0,0.0,0.0,3,21126.0,2719640.0,3003965.48,2982839.48,0.0,0,2.00396548
284325.48,0.0,0.02637130836803081,2026-01-02,0.0,0.0,0.0,3,79218.5,2798858.5,3083183.98,3003965.48,0.0,0,2.08318398
284325.48,0.0,0.05036125025532856,2026-01-05,0.0,0.0,0.0,3,155273.0,2954131.5,3238456.98,3083183.98,0.0,0,2.23845698
284325.48,0.0,0.04096271799170226,2026-01-06,0.0,0.0,0.0,3,132656.0,3086787.5,3371112.98,3238456.98,0.0,0,2.37111298
284325.48,0.0,0.010469835988706544,2026-01-07,0.0,0.0,0.0,3,35295.0,3122082.5,3406407.98,3371112.98,0.0,0,2.40640798
284325.48,0.0,-0.026337420686761037,2026-01-08,0.0,-0.026337420686761037,0.0,3,-89716.0,3032366.5,3316691.98,3406407.98,0.0,0,2.31669198
284325.48,0.0,-0.018986990766625245,2026-01-09,0.0,-0.04482434308999006,0.0,3,-62974.0,2969392.5,3253717.98,3316691.98,0.0,0,2.25371798
284325.48,0.0,0.03629570870183407,2026-01-12,0.0,-0.010155565687701373,0.0,3,118096.0,3087488.5,3371813.98,3253717.98,0.0,0,2.3718139799999998
284325.48,0.0,0.04729813119761728,2026-01-13,0.0,0.0,0.0,3,159480.5,3246969.0,3531294.48,3371813.98,0.0,0,2.53129448
284325.48,0.0,0.012263916318867807,2026-01-14,0.0,0.0,0.0,3,43307.5,3290276.5,3574601.98,3531294.48,0.0,0,2.57460198
284325.48,0.0,0.0018397852507203716,2026-01-15,0.0,0.0,0.0,3,6576.5,3296853.0,3581178.48,3574601.98,0.0,0,2.58117848
284325.48,0.0,0.023404865316849488,2026-01-16,0.0,0.0,0.0,3,83817.0,3380670.0,3664995.48,3581178.48,0.0,0,2.66499548
284325.48,0.0,0.06055559992123105,2026-01-19,0.0,0.0,0.0,3,221936.0,3602606.0,3886931.48,3664995.48,0.0,0,2.88693148
284325.48,0.0,0.008392995906374878,2026-01-20,0.0,0.0,0.0,3,32623.0,3635229.0,3919554.48,3886931.48,0.0,0,2.91955448
284325.48,0.0,-0.020145912093560203,2026-01-21,0.0,-0.020145912093560203,0.0,3,-78963.0,3556266.0,3840591.48,3919554.48,0.0,0,2.84059148
284325.48,0.0,0.0018325302330775006,2026-01-22,0.0,-0.018350299853467034,0.0,3,7038.0,3563304.0,3847629.48,3840591.48,0.0,0,2.84762948
284325.48,0.0,0.0003941387828227949,2026-01-23,0.0,-0.01796339363549293,0.0,3,1516.5,3564820.5,3849145.98,3847629.48,0.0,0,2.84914598
284325.48,0.0,0.02153347792748561,2026-01-26,0.0,0.0,0.0,3,82885.5,3647706.0,3932031.48,3849145.98,0.0,0,2.93203148
284325.48,0.0,0.015443416541517596,2026-01-27,0.0,0.0,0.0,3,60724.0,3708430.0,3992755.48,3932031.48,0.0,0,2.99275548
284325.48,0.0,0.020240032329753355,2026-01-28,0.0,0.0,0.0,3,80813.5,3789243.5,4073568.98,3992755.48,0.0,0,3.07356898
284325.48,0.0,-0.036690307868556093,2026-01-29,0.0,-0.036690307868556093,0.0,3,-149460.5,3639783.0,3924108.48,4073568.98,0.0,0,2.92410848
284325.48,0.0,0.03200370240529127,2026-01-30,0.0,-0.0058608311574486205,0.0,3,125586.0,3765369.0,4049694.48,3924108.48,0.0,0,3.0496944800000003
284325.48,0.0,-0.04995043477946515,2026-02-02,0.0,-0.05551851487243009,0.0,3,-202284.0,3563085.0,3847410.48,4049694.48,0.0,0,2.84741048
1899970.98,14550.0,0.004045578209268763,2026-02-03,0.0,-0.051697541157140314,5110.5,2,25004.5,1963004.5,3862975.48,3847410.48,0.0,0,2.86297548
698618.98,7077.0,-0.008051047737947292,2026-02-04,0.0,-0.05933236952329701,0.0,3,-24024.0,3133255.5,3831874.48,3862975.48,0.0,0,2.83187448
698618.98,0.0,-0.03573629582981541,2026-02-05,0.0,-0.09294834624354387,0.0,3,-136937.0,2996318.5,3694937.48,3831874.48,0.0,0,2.69493748
698618.98,0.0,-0.026101930146866792,2026-02-06,0.0,-0.11662414514949493,0.0,3,-96445.0,2899873.5,3598492.48,3694937.48,0.0,0,2.59849248
698618.98,0.0,0.016406592574010226,2026-02-09,0.0,-0.1021309574092446,0.0,3,59039.0,2958912.5,3657531.48,3598492.48,0.0,0,2.65753148
698618.98,0.0,-0.0067832635578573,2026-02-10,0.0,-0.10822143976557874,0.0,3,-24810.0,2934102.5,3632721.48,3657531.48,0.0,0,2.63272148
698618.98,0.0,0.007391428202747852,2026-02-11,0.0,-0.10162992256485615,0.0,3,26851.0,2960953.5,3659572.48,3632721.48,0.0,0,2.65957248
698618.98,0.0,0.0014809106882343048,2026-02-23,0.0,-0.10029951671519255,0.0,3,5419.5,2966373.0,3664991.98,3659572.48,0.0,0,2.66499198
698618.98,0.0,0.024497597945630334,2026-02-24,0.0,-0.07825901600419194,0.0,3,89783.5,3056156.5,3754775.48,3664991.98,0.0,0,2.75477548
698618.98,0.0,0.022190408040056786,2026-02-25,0.0,-0.05780520746208162,0.0,3,83320.0,3139476.5,3838095.48,3754775.48,0.0,0,2.83809548
698618.98,0.0,0.0338458229288241,2026-02-26,0.0,-0.02591584934938307,0.0,3,129903.5,3269380.0,3967998.98,3838095.48,0.0,0,2.96799898
698618.98,0.0,-0.012852573868353145,2026-03-02,0.0,-0.03843533784961217,0.0,3,-50999.0,3218381.0,3916999.98,3967998.98,0.0,0,2.91699998
698618.98,0.0,-0.023252999863431212,2026-03-03,0.0,-0.06079460080727539,0.0,3,-91082.0,3127299.0,3825917.98,3916999.98,0.0,0,2.82591798
698618.98,0.0,-0.05262540939259763,2026-03-04,0.0,-0.1102206694435306,0.0,3,-201340.5,2925958.5,3624577.48,3825917.98,0.0,0,2.62457748
698618.98,0.0,0.04990705840836385,2026-03-05,0.0,-0.06581440042289399,0.0,3,180892.0,3106850.5,3805469.48,3624577.48,0.0,0,2.80546948
698618.98,0.0,-0.005735691775933027,2026-03-06,0.0,-0.07117260108358348,0.0,3,-21827.0,3085023.5,3783642.48,3805469.48,0.0,0,2.78364248
698618.98,0.0,-0.06379936827435129,2026-03-09,0.0,-0.13043120237035977,0.0,3,-241394.0,2843629.5,3542248.48,3783642.48,0.0,0,2.54224848
698618.98,0.0,0.024376466102682848,2026-03-10,0.0,-0.10923418805099017,0.0,3,86347.5,2929977.0,3628595.98,3542248.48,0.0,0,2.62859598
698618.98,0.0,0.055357499459060655,2026-03-11,0.0,-0.059923620097873,0.0,3,200870.0,3130847.0,3829465.98,3628595.98,0.0,0,2.82946598
698618.98,0.0,-0.007946930501260163,2026-03-12,0.0,-0.06739434175483139,0.0,3,-30432.5,3100414.5,3799033.48,3829465.98,0.0,0,2.79903348
698618.98,0.0,-0.010346710605982912,2026-03-13,0.0,-0.07704374261019631,0.0,3,-39307.5,3061107.0,3759725.98,3799033.48,0.0,0,2.75972598
698618.98,0.0,0.0060132041856943985,2026-03-16,0.0,-0.07149381818004708,0.0,3,22608.0,3083715.0,3782333.98,3759725.98,0.0,0,2.7823339799999998
698618.98,0.0,0.03828998199677747,2026-03-17,0.0,-0.0359413331942644,0.0,3,144825.5,3228540.5,3927159.48,3782333.98,0.0,0,2.92715948
698618.98,0.0,-0.005482206696632574,2026-03-18,0.0,-0.04122650207337353,0.0,3,-21529.5,3207011.0,3905629.98,3927159.48,0.0,0,2.90562998
698618.98,0.0,0.01791900419609127,2026-03-19,0.0,-0.024046235740925126,0.0,3,69985.0,3276996.0,3975614.98,3905629.98,0.0,0,2.97561498
698618.98,0.0,0.02821450280379012,2026-03-20,0.0,0.0,0.0,3,112170.0,3389166.0,4087784.98,3975614.98,0.0,0,3.0877849800000003
698618.98,0.0,-0.0426353149328319,2026-03-23,0.0,-0.0426353149328319,0.0,3,-174284.0,3214882.0,3913500.98,4087784.98,0.0,0,2.91350098
698618.98,0.0,-0.019784970131782154,2026-03-24,0.0,-0.06157674663210877,0.0,3,-77428.5,3137453.5,3836072.48,3913500.98,0.0,0,2.83607248
698618.98,0.0,0.05061856912568041,2026-03-25,0.0,-0.014075104312360365,0.0,3,194176.5,3331630.0,4030248.98,3836072.48,0.0,0,3.0302489799999996
698618.98,0.0,0.013941446366918964,2026-03-26,0.0,-0.00032988525732091656,0.0,3,56187.5,3387817.5,4086436.48,4030248.98,0.0,0,3.0864364799999997
1476363.98,7005.0,-0.02327981860616124,2026-03-27,0.0,-0.023602024194530946,-9362.500000000022,2,-78764.0,2514941.0,3991304.98,4086436.48,0.0,0,2.99130498
1476363.98,0.0,-0.020059354121317985,2026-03-30,0.0,-0.04318793695455092,0.0,2,-80063.0,2434878.0,3911241.98,3991304.98,0.0,0,2.91124198
1476363.98,0.0,-0.033478368423525695,2026-03-31,0.0,-0.07522044371326009,0.0,2,-130942.0,2303936.0,3780299.98,3911241.98,0.0,0,2.78029998
1476363.98,0.0,0.028636351763809076,2026-04-01,0.0,-0.04873813103545388,0.0,2,108254.0,2412190.0,3888553.98,3780299.98,0.0,0,2.88855398
278537.18,7060.0,-0.018334733262465708,2026-04-02,0.0,-0.0661792636656734,-42199.59999999981,3,-22036.0,3538721.2,3817258.3800000004,3888553.98,0.0,0,2.81725838
1197594.18,8276.0,-0.013776327082161033,2026-04-07,0.0,-0.07904388356551961,-19331.0,2,-24980.80000000028,2567076.4,3764670.58,3817258.3800000004,0.0,0,2.76467058
1197594.18,0.0,0.0473203687319701,2026-04-08,0.0,-0.0354639005498768,0.0,2,178145.6000000001,2745222.0,3942816.1799999997,3764670.58,0.0,0,2.94281618
118921.68,6354.0,0.011989628184999601,2026-04-09,0.0,-0.02389947134646009,30067.5,3,23559.399999999907,3871167.4,3990089.08,3942816.1799999997,0.0,0,2.99008908
118921.68,0.0,0.01843141807751314,2026-04-10,0.0,-0.0059085544171650906,0.0,3,73543.0,3944710.4,4063632.08,3990089.08,0.0,0,3.0636320799999996
118921.68,0.0,-0.020678742156204244,2026-04-13,0.0,-0.026465115100060776,0.0,3,-84030.79999999981,3860679.6,3979601.2800000003,4063632.08,0.0,0,2.9796012800000002
118921.68,0.0,0.01766558885014735,2026-04-14,0.0,-0.00926704809214296,0.0,3,70302.0,3930981.6,4049903.2800000003,3979601.2800000003,0.0,0,3.0499032800000005
118921.68,0.0,-0.010517683276623835,2026-04-15,0.0,-0.01968726349202443,0.0,3,-42595.60000000009,3888386.0,4007307.68,4049903.2800000003,0.0,0,3.0073076800000003
118921.68,0.0,0.030913473556889448,2026-04-16,0.0,0.0,0.0,3,123879.79999999981,4012265.8,4131187.48,4007307.68,0.0,0,3.1311874800000004
118921.68,0.0,-0.0014538676903619319,2026-04-17,0.0,-0.0014538676903619319,0.0,3,-6006.199999999721,4006259.6,4125181.2800000003,4131187.48,0.0,0,3.1251812800000005
118921.68,0.0,0.014754357655768269,2026-04-20,0.0,0.0,0.0,3,60864.39999999991,4067124.0,4186045.68,4125181.2800000003,0.0,0,3.1860456800000003
118921.68,0.0,0.033174649924030186,2026-04-21,0.0,0.0,0.0,3,138870.59999999963,4205994.6,4324916.279999999,4186045.68,0.0,0,3.324916279999999
118921.68,0.0,0.02711969259206115,2026-04-22,0.0,0.0,0.0,3,117290.40000000037,4323285.0,4442206.68,4324916.279999999,0.0,0,3.44220668
118921.68,0.0,-0.035719769796933365,2026-04-23,0.0,-0.035719769796933365,0.0,3,-158674.6000000001,4164610.4,4283532.08,4442206.68,0.0,0,3.2835320799999996
118921.68,0.0,0.05893505529670251,2026-04-24,0.0,0.0,0.0,3,252450.19999999972,4417060.6,4535982.279999999,4283532.08,0.0,0,3.535982279999999
118921.68,0.0,-0.011921078316028955,2026-04-27,0.0,-0.011921078316028955,0.0,3,-54073.799999999814,4362986.8,4481908.4799999995,4535982.279999999,0.0,0,3.4819084799999995
118921.68,0.0,-0.016746972932387805,2026-04-28,0.0,-0.028468409272533468,0.0,3,-75058.39999999944,4287928.4,4406850.08,4481908.4799999995,0.0,0,3.40685008
118921.68,0.0,-0.0008887527210820201,2026-04-29,0.0,-0.029331860617409555,0.0,3,-3916.600000000559,4284011.8,4402933.4799999995,4406850.08,0.0,0,3.4029334799999997
118921.68,0.0,-0.005580960991488748,2026-04-30,0.0,-0.0347491216389848,0.0,3,-24572.599999999627,4259439.2,4378360.88,4402933.4799999995,0.0,0,3.37836088
118921.68,0.0,0.013581383908217282,2026-05-04,0.0,-0.02163967889221985,0.0,3,59464.200000000186,4318903.4,4437825.08,4378360.88,0.0,0,3.4378250799999996
118921.68,0.0,-0.023535042079666724,2026-05-05,0.0,-0.044665430218567725,0.0,3,-104444.40000000037,4214459.0,4333380.68,4437825.08,0.0,0,3.3333806799999994
118921.68,0.0,-0.024724852929376206,2026-05-06,0.0,-0.06828593695476248,0.0,3,-107142.20000000019,4107316.8,4226238.4799999995,4333380.68,0.0,0,3.2262384799999992
118921.68,0.0,-0.0007265562543454784,2026-05-07,0.0,-0.06896287963452963,0.0,3,-3070.5999999996275,4104246.2,4223167.88,4226238.4799999995,0.0,0,3.22316788
118921.68,0.0,-0.002588436053363896,2026-05-08,0.0,-0.0713728096839038,0.0,3,-10931.400000000373,4093314.8,4212236.4799999995,4223167.88,0.0,0,3.2122364799999996
118921.68,0.0,0.025874710624034236,2026-05-11,0.0,-0.047344849856864824,0.0,3,108990.40000000037,4202305.2,4321226.88,4212236.4799999995,0.0,0,3.32122688
118921.68,0.0,-0.014282888104222735,2026-05-12,0.0,-0.06095151676827082,0.0,3,-61719.60000000009,4140585.6,4259507.28,4321226.88,0.0,0,3.2595072800000002
118921.68,0.0,0.009729106508300056,2026-05-13,0.0,-0.05181541405845169,0.0,3,41441.19999999972,4182026.8,4300948.4799999995,4259507.28,0.0,0,3.3009484799999997
118921.68,0.0,0.0035433114511524977,2026-05-14,0.0,-0.048455700757278786,0.0,3,15239.600000000559,4197266.4,4316188.08,4300948.4799999995,0.0,0,3.31618808
118921.68,0.0,-0.04698113155439698,2026-05-15,0.0,-0.09316032865983759,0.0,3,-202779.40000000037,3994487.0,4113408.68,4316188.08,0.0,0,3.11340868
118921.68,0.0,0.015147096932756066,2026-05-18,0.0,-0.07942434025557943,0.0,3,62306.200000000186,4056793.2,4175714.8800000004,4113408.68,0.0,0,3.17571488
1837815.18,15479.0,0.022026096762621794,2026-05-19,0.0,-0.059147651696734416,30302.5,2,77151.19999999972,2429874.4,4267689.58,4175714.8800000004,0.0,0,3.26768958
1837815.18,0.0,-0.022384195993936373,2026-05-20,0.0,-0.08020787506250993,0.0,2,-95528.79999999981,2334345.6,4172160.7800000003,4267689.58,0.0,0,3.1721607800000005
569862.18,7470.0,0.04276139137667645,2026-05-21,0.0,-0.04087628402287313,-8593.00000000012,3,194470.3999999999,3780706.0,4350568.18,4172160.7800000003,0.0,0,3.35056818
569862.18,0.0,0.007998127729606175,2026-05-22,0.0,-0.03320509003399352,0.0,3,34796.40000000037,3815502.4000000004,4385364.58,4350568.18,0.0,0,3.38536458
569862.18,0.0,0.008030848828536774,2026-05-25,0.0,-0.025440906263857754,0.0,3,35218.199999999255,3850720.5999999996,4420582.779999999,4385364.58,0.0,0,3.4205827799999993
569862.18,0.0,-0.00807106252176093,2026-05-26,0.0,-0.03330663364055286,0.0,3,-35678.799999999814,3815041.8,4384903.9799999995,4420582.779999999,0.0,0,3.38490398
569862.18,0.0,-0.00833628288480781,2026-05-27,0.0,-0.04136526300539245,0.0,3,-36553.799999999814,3778488.0,4348350.18,4384903.9799999995,0.0,0,3.3483501799999997
569862.18,0.0,-0.006932330367192319,2026-05-28,0.0,-0.04801083570370557,0.0,3,-30144.200000000186,3748343.8,4318205.9799999995,4348350.18,0.0,0,3.3182059799999992
569862.18,0.0,0.049447618059201615,2026-05-29,0.0,-0.0009372391110840095,0.0,3,213525.0,3961868.8,4531730.9799999995,4318205.9799999995,0.0,0,3.53173098
569862.18,0.0,0.008720861890173515,2026-06-01,0.0,0.0,0.0,3,39520.60000000056,4001389.4000000004,4571251.58,4531730.9799999995,0.0,0,3.57125158
569862.18,0.0,0.030612710228475226,2026-06-02,0.0,0.0,0.0,3,139938.39999999944,4141327.8,4711189.9799999995,4571251.58,0.0,0,3.7111899799999994
569862.18,0.0,0.038139196415933885,2026-06-03,0.0,0.0,0.0,3,179681.0,4321008.8,4890870.9799999995,4711189.9799999995,0.0,0,3.89087098
569862.18,0.0,-0.03366320654813093,2026-06-04,0.0,-0.03366320654813093,0.0,3,-164642.3999999999,4156366.4,4726228.58,4890870.9799999995,0.0,0,3.72622858
569862.18,0.0,-0.021210104061450408,2026-06-05,0.0,-0.05415931049565337,0.0,3,-100243.80000000028,4056122.5999999996,4625984.779999999,4726228.58,0.0,0,3.6259847799999996
569862.18,0.0,-0.029273248062869683,2026-06-08,0.0,-0.08184713962746981,0.0,3,-135417.59999999963,3920705.0,4490567.18,4625984.779999999,0.0,0,3.4905671799999993
569862.18,0.0,0.027636642549906165,2026-06-09,0.0,-0.05647247721918025,0.0,3,124104.20000000019,4044809.2,4614671.38,4490567.18,0.0,0,3.61467138
569862.18,0.0,-0.007260191948922801,2026-06-10,0.0,-0.06332266814366061,0.0,3,-33503.40000000037,4011305.8,4581167.9799999995,4614671.38,0.0,0,3.581167979999999
569862.18,0.0,0.014302771757345623,2026-06-11,0.0,-0.049925586055839855,0.0,3,65523.40000000037,4076829.2,4646691.38,4581167.9799999995,0.0,0,3.64669138
569862.18,0.0,0.01584947094119249,2026-06-12,0.0,-0.034867409240061376,0.0,3,73647.59999999963,4150476.8,4720338.9799999995,4646691.38,0.0,0,3.7203389799999993
569862.18,0.0,0.0039203116721926445,2026-06-15,0.0,-0.031083788679291624,0.0,3,18505.200000000186,4168982.0,4738844.18,4720338.9799999995,0.0,0,3.73884418
569862.18,0.0,-0.017359887110700467,2026-06-16,0.0,-0.047904064727546714,0.0,3,-82265.79999999981,4086716.2,4656578.38,4738844.18,0.0,0,3.65657838
569862.18,0.0,0.013926921165664963,2026-06-17,0.0,-0.03464429969485716,0.0,3,64851.799999999814,4151568.0,4721430.18,4656578.38,0.0,0,3.7214301799999996
569862.18,0.0,0.00517156858602541,2026-06-18,0.0,-0.029651896480818563,0.0,3,24417.200000000186,4175985.2,4745847.38,4721430.18,0.0,0,3.74584738
569862.18,0.0,0.0002907805265326413,2026-06-22,0.0,-0.029369738148357305,0.0,3,1380.0,4177365.2,4747227.38,4745847.38,0.0,0,3.74722738
569862.18,0.0,-0.009017853280076094,2026-06-23,0.0,-0.03812273943893718,0.0,3,-42809.799999999814,4134555.4000000004,4704417.58,4747227.38,0.0,0,3.7044175800000003
569862.18,0.0,-0.012888779316227339,2026-06-24,0.0,-0.05052016317960606,0.0,3,-60634.200000000186,4073921.2,4643783.38,4704417.58,0.0,0,3.6437833799999995
569862.18,0.0,-0.005195117434612095,2026-06-25,0.0,-0.05545282243368432,0.0,3,-24125.0,4049796.2,4619658.38,4643783.38,0.0,0,3.6196583799999997
569862.18,0.0,-0.0207143888418867,2026-06-26,0.0,-0.07501853994929963,0.0,3,-95693.40000000037,3954102.8,4523964.9799999995,4619658.38,0.0,0,3.5239649799999997
569862.18,0.0,0.009294413238362331,2026-06-29,0.0,-0.06642138002176468,0.0,3,42047.59999999963,3996150.3999999994,4566012.579999999,4523964.9799999995,0.0,0,3.566012579999999
569862.18,0.0,0.010920863472522635,2026-06-30,0.0,-0.0562258953721162,0.0,3,49864.800000000745,4046015.2,4615877.38,4566012.579999999,0.0,0,3.6158773799999997
569862.18,0.0,-0.008941831986013504,2026-07-01,0.0,-0.06466496484844919,0.0,3,-41274.40000000037,4004740.8,4574602.9799999995,4615877.38,0.0,0,3.57460298
569862.18,0.0,-0.0017561305396603943,2026-07-02,0.0,-0.0663075352684932,0.0,3,-8033.5999999996275,3996707.2,4566569.38,4574602.9799999995,0.0,0,3.56656938
569862.18,0.0,0.01048042765092072,2026-07-03,0.0,-0.05652203894366481,0.0,3,47859.59999999963,4044566.8,4614428.9799999995,4566569.38,0.0,0,3.6144289799999996
1741212.18,10552.0,0.0027348996061480335,2026-07-06,0.0,-0.05394172143956244,2232.400000000031,2,20939.60000000056,2885836.8,4627048.9799999995,4614428.9799999995,0.0,0,3.6270489799999996
330807.18,8309.0,-0.01198288590409502,2026-07-07,0.0,-0.06527822985017684,-3400.000000000048,3,-43736.39999999944,4240796.4,4571603.58,4627048.9799999995,0.0,0,3.5716035799999997
330807.18,0.0,0.010673803873431975,2026-07-08,0.0,-0.05530119299937042,0.0,3,48796.39999999944,4289592.8,4620399.9799999995,4571603.58,0.0,0,3.6203999799999993
1646621.68,11849.0,-0.009965955371681767,2026-07-09,0.0,-0.06471601914961966,12196.5,2,-46394.200000000186,2927731.6,4574353.28,4620399.9799999995,0.0,0,3.5743532800000004
1646621.68,0.0,-0.015790560015513377,2026-07-13,0.0,-0.07948467698078587,0.0,2,-72231.6000000001,2855500.0,4502121.68,4574353.28,0.0,0,3.50212168
341515.68,7688.0,-0.0036060775682988933,2026-07-14,0.0,-0.08280412663840087,24111.0,3,-32658.0,4144371.0,4485886.68,4502121.68,0.0,0,3.48588668
341515.68,0.0,-0.012032359230260359,2026-07-15,0.0,-0.09384015687119995,0.0,3,-53975.799999999814,4090395.2,4431910.88,4485886.68,0.0,0,3.43191088
341515.68,0.0,-0.019800307897888114,2026-07-16,0.0,-0.11178240076985224,0.0,3,-87753.20000000019,4002642.0,4344157.68,4431910.88,0.0,0,3.3441576799999995
341515.68,0.0,-0.027950136469263698,2026-07-17,0.0,-0.13660820388273653,0.0,3,-121419.79999999981,3881222.2,4222737.88,4344157.68,0.0,0,3.2227378799999995
1358889.18,9162.0,-0.020112804160129505,2026-07-20,0.0,-0.15397343399150554,21207.0,2,-96976.10000000056,2778917.5999999996,4137806.7799999993,4222737.88,0.0,0,3.137806779999999
1358889.18,0.0,0.0032804818401890312,2026-07-21,0.0,-0.1511980592053973,0.0,2,13574.000000000466,2792491.6,4151380.7800000003,4137806.7799999993,0.0,0,3.15138078
1358889.18,0.0,-0.005276798530632676,2026-07-22,0.0,-0.15567701603938044,0.0,2,-21906.000000000466,2770585.5999999996,4129474.7799999993,4151380.7800000003,0.0,0,3.129474779999999
1358889.18,0.0,-0.001767682426674022,2026-07-23,0.0,-0.15716951094056464,0.0,2,-7299.5999999996275,2763286.0,4122175.1799999997,4129474.7799999993,0.0,0,3.1221751799999993
1358889.18,0.0,0.002268219954689066,2026-07-24,0.0,-0.1552577860068597,0.0,2,9350.0,2772636.0,4131525.1799999997,4122175.1799999997,0.0,0,3.1315251799999997
1358889.18,0.0,-0.004463920512763231,2026-07-27,0.0,-0.1590286481039006,0.0,2,-18442.799999999814,2754193.2,4113082.38,4131525.1799999997,0.0,0,3.11308238
1358889.18,0.0,-0.001868088039607807,2026-07-28,0.0,-0.16059965662803055,0.0,2,-7683.600000000093,2746509.6,4105398.7800000003,4113082.38,0.0,0,3.1053987800000007
1358889.18,0.0,0.0013730213073235298,2026-07-29,0.0,-0.15944714207120625,0.0,2,5636.800000000279,2752146.4000000004,4111035.58,4105398.7800000003,0.0,0,3.1110355800000002
1358889.18,0.0,0.007570355302057408,2026-07-30,53796.0,-0.15308385828652538,0.0,2,-22674.000000000466,2729472.4,4142157.58,4111035.58,53796.0,0,3.14215758
1358889.18,0.0,0.0016686955690372596,2026-07-31,0.0,-0.15167061307350205,0.0,2,6912.0,2736384.4,4149069.58,4142157.58,53796.0,0,3.14906958
1358889.18,0.0,-0.003982290410275757,2026-08-03,0.0,-0.15504890705581442,0.0,2,-16522.80000000028,2719861.5999999996,4132546.7799999993,4149069.58,53796.0,0,3.1325467799999993
1358889.18,0.0,0.0039052915451813774,2026-08-04,0.0,-0.1517491266964477,0.0,2,16138.80000000028,2736000.4,4148685.58,4132546.7799999993,53796.0,0,3.1486855800000004
120825.75,7293.0,-0.0011338964858358391,2026-08-05,0.0,-0.15271095538079382,-10985.1749999999,3,13574.000000000466,3969359.6500000004,4143981.4000000004,4148685.58,53796.0,0,3.1439814000000004
120825.75,0.0,-0.011735525646905609,2026-08-06,0.0,-0.16265433769426463,0.0,3,-48631.799999999814,3920727.8500000006,4095349.6000000006,4143981.4000000004,53796.0,0,3.0953496000000005
120825.75,0.0,0.01624946744473288,2026-08-07,0.0,-0.14904791661463934,0.0,3,66547.24999999953,3987275.1,4161896.85,4095349.6000000006,53796.0,0,3.1618968499999998
120825.75,0.0,0.003846419211470886,2026-08-10,0.0,-0.14577479817306482,0.0,3,16008.399999999907,4003283.5,4177905.25,4161896.85,53796.0,0,3.1779052500000002
120825.75,0.0,0.0015371578855216672,2026-08-11,0.0,-0.14446171916806527,0.0,3,6422.0999999996275,4009705.5999999996,4184327.3499999996,4177905.25,53796.0,0,3.1843273499999993
120825.75,0.0,0.0024139363761777055,2026-08-12,0.0,-0.14239650419075245,0.0,3,10100.700000000186,4019806.3,4194428.05,4184327.3499999996,53796.0,0,3.19442805
120825.75,0.0,-0.001387161713264029,2026-08-13,0.0,-0.14358613892530048,0.0,3,-5818.350000000559,4013987.9499999993,4188609.6999999993,4194428.05,53796.0,0,3.188609699999999
120825.75,0.0,-0.008386995331648994,2026-08-14,0.0,-0.15076887798009342,0.0,3,-35129.84999999963,3978858.0999999996,4153479.8499999996,4188609.6999999993,53796.0,0,3.153479849999999
120825.75,0.0,-0.0036387801423906074,2026-08-17,0.0,-0.15385904332319955,0.0,3,-15113.599999999627,3963744.5,4138366.25,4153479.8499999996,53796.0,0,3.13836625
120825.75,0.0,0.012587431090711254,2026-08-18,0.0,-0.14320830233800186,0.0,3,52091.40000000037,4015835.9000000004,4190457.6500000004,4138366.25,53796.0,0,3.190457650000001
120825.75,0.0,-0.00448779144683642,2026-08-19,0.0,-0.14705340479048978,0.0,3,-18805.900000000373,3997030.0,4171651.75,4190457.6500000004,53796.0,0,3.1716517499999997
1494054.55,12366.0,-0.003906881728562128,2026-08-20,0.0,-0.15038576625875322,5250.000000000149,2,-9182.149999999441,2607503.0500000003,4155353.6000000006,4171651.75,53796.0,0,3.1553536000000006
1494054.55,0.0,-0.003020777822614229,2026-08-21,0.0,-0.15295226209381618,0.0,2,-12552.399999999907,2594950.6500000004,4142801.2,4155353.6000000006,53796.0,0,3.1428012
245147.55,7357.0,-0.015826199915168537,2026-08-24,0.0,-0.16635780893161067,-41850.0,3,-16357.80000000028,3778292.85,4077236.4,4142801.2,53796.0,0,3.0772364000000003
245147.55,0.0,0.006304760744312077,2026-08-25,0.0,-0.16110189437056044,0.0,3,25706.0,3803998.85,4102942.4,4077236.4,53796.0,0,3.1029424
245147.55,0.0,0.025380785262790972,2026-08-26,0.0,-0.13981000169421764,0.0,3,104135.8999999999,3908134.75,4207078.3,4102942.4,53796.0,0,3.2070783
245147.55,0.0,-0.008267376435565743,2026-08-27,0.0,-0.1469215162163202,0.0,3,-34781.5,3873353.25,4172296.8,4207078.3,53796.0,0,3.1722968
245147.55,0.0,0.019801443655686146,2026-08-28,0.0,-0.13002933068579936,0.0,3,82617.5,3955970.75,4254914.3,4172296.8,53796.0,0,3.2549142999999994
245147.55,0.0,0.013287576673400858,2026-08-31,0.0,-0.118469528713677,0.0,3,56537.5,4012508.25,4311451.8,4254914.3,53796.0,0,3.3114517999999995
245147.55,0.0,0.009004727827410797,2026-09-01,0.0,-0.11053158674817454,0.0,3,38823.450000000186,4051331.7,4350275.25,4311451.8,53796.0,0,3.35027525
245147.55,0.0,0.009290504089367602,2026-09-02,0.0,-0.10226797681749511,0.0,3,40416.25,4091747.95,4390691.5,4350275.25,53796.0,0,3.3906915
245147.55,0.0,-0.034531109735220555,2026-09-03,0.0,-0.13326765982283173,0.0,3,-151615.4500000002,3940132.5,4239076.05,4390691.5,53796.0,0,3.2390760499999995
298943.55,0.0,-0.005666871675963359,2026-09-04,0.0,-0.13817932077202322,0.0,3,-24022.299999999814,3916110.2,4215053.75,4239076.05,0.0,0,3.21505375
298943.55,0.0,0.03220167714350031,2026-09-07,0.0,-0.1104272495039319,0.0,3,135731.7999999998,4051842.0,4350785.55,4215053.75,0.0,0,3.3507855499999994
298943.55,0.0,0.027376550425474377,2026-09-08,0.0,-0.08607381624284838,0.0,3,119109.5,4170951.5,4469895.05,4350785.55,0.0,0,3.46989505
298943.55,0.0,-0.00422798517383538,2026-09-09,5580.0,-0.0899378825977536,0.0,3,-24478.650000000373,4076164.8499999996,4450996.399999999,4469895.05,75888.0,0,3.4509963999999993
