capacity_qty,cash_after,cash_change,channel,commission,date,day_participation,event_id,execution_evidence,expires_at,gross,limit_price,name,order_time,participation_limit,prior_avg_amount20,prior_avg_volume20,qty,reason,reference_price,remaining_shares,requested_qty,sequence,side,signal_date,slippage,source_high,source_low,source_volume,stock_id,tax,total_cost
23000,752743.0,-247257.0,board,350.0,2019-03-05,0.0006903474242447254,2019-03-g009-2019-03-04-3362,daily_high_low_midpoint_proxy,13:30:00,245800.0,67.2,先進光,08:59:00,0.01,131049257.51500002,2390676.35,4000,leader_entry,61.45,4000,4000,1,buy,2019-03-04,1107.0,62.9,60.0,5794184.0,3362,0.0,1457.0
31,750854.0,-1889.0,odd,20.0,2019-03-05,0.009736180904522614,2019-03-g009-2019-03-04-3362,after_hours_single_auction_proxy,14:30:00,1860.0,67.2,先進光,13:40:00,0.01,131049257.51500002,2390676.35,31,leader_entry,60.0,4031,931,2,buy,2019-03-04,9.0,60.0,60.0,3184.0,3362,0.0,29.0
40000,483278.0,-267576.0,board,379.0,2019-03-07,0.0003227158214497266,2019-03-g011-2019-03-06-5457,daily_high_low_midpoint_proxy,13:30:00,266000.0,71.1,宣德,08:59:00,0.01,247016092.17,4006330.1,4000,leader_entry,66.5,4000,4000,3,buy,2019-03-06,1197.0,67.9,65.1,12394806.0,5457,0.0,1576.0
38,480719.0,-2559.0,odd,20.0,2019-03-07,0.009984235417761429,2019-03-g011-2019-03-06-5457,after_hours_single_auction_proxy,14:30:00,2527.0,71.1,宣德,13:40:00,0.01,247016092.17,4006330.1,38,leader_entry,66.5,4038,637,4,buy,2019-03-06,12.0,66.5,66.5,3806.0,5457,0.0,32.0
25000,190006.0,-290713.0,board,412.0,2019-03-07,0.0032081142191321666,2019-03-g007-2019-03-06-2388,daily_high_low_midpoint_proxy,13:30:00,289000.0,32.15,威盛,08:59:00,0.01,71955897.065,2597027.75,10000,leader_entry,28.9,10000,10000,5,buy,2019-03-06,1301.0,29.65,28.15,3117096.0,2388,0.0,1713.0
18000,419143.0,229137.0,board,329.0,2019-03-28,0.002134004833520948,2019-03-g011-2019-03-06-5457,daily_high_low_midpoint_proxy,13:30:00,231200.0,52.0,宣德,08:59:00,0.01,248758978.45,3957563.0,4000,loss12,57.8,38,4000,6,sell,2019-03-27,1041.0,59.4,56.2,1874410.0,5457,693.0,2063.0
4,419354.2,211.2,odd,20.0,2019-03-28,0.00975609756097561,2019-03-g011-2019-03-06-5457,after_hours_single_auction_proxy,14:30:00,233.2,52.0,宣德,13:40:00,0.01,248758978.45,3957563.0,4,loss12,58.3,34,38,7,sell,2019-03-27,2.0,58.3,58.3,410.0,5457,0.0,22.0
6,419691.2,337.0,odd,20.0,2019-03-29,0.009036144578313253,2019-03-g011-2019-03-06-5457,after_hours_single_auction_proxy,14:30:00,360.0,52.7,宣德,13:40:00,0.01,251720230.3,4010615.8,6,loss12,60.0,28,34,8,sell,2019-03-27,2.0,60.0,60.0,664.0,5457,1.0,23.0
8,420145.6,454.4,odd,20.0,2019-04-01,0.009422850412249705,2019-03-g011-2019-03-06-5457,after_hours_single_auction_proxy,14:30:00,478.4,54.3,宣德,13:40:00,0.01,254719471.76,4061394.0,8,loss12,59.8,20,28,9,sell,2019-03-27,3.0,59.8,59.8,849.0,5457,1.0,24.0
5,420423.1,277.5,odd,20.0,2019-04-02,0.009689922480620155,2019-03-g011-2019-03-06-5457,after_hours_single_auction_proxy,14:30:00,299.5,54.3,宣德,13:40:00,0.01,245276025.875,3920821.55,5,loss12,59.9,15,20,10,sell,2019-03-27,2.0,59.9,59.9,516.0,5457,0.0,22.0
30,408107.1,-12316.0,odd,20.0,2019-04-02,0.00985545335085414,2019-04-g008-2019-04-01-3406,after_hours_single_auction_proxy,14:30:00,12240.0,436.0,玉晶光,13:40:00,0.01,3513161290.05,10319256.0,30,leader_entry,408.0,30,794,11,buy,2019-04-01,56.0,408.0,408.0,3044.0,3406,0.0,76.0
5,408380.6,273.5,odd,20.0,2019-04-03,0.008787346221441126,2019-03-g011-2019-03-06-5457,after_hours_single_auction_proxy,14:30:00,295.5,54.0,宣德,13:40:00,0.01,205642222.695,3293865.15,5,loss12,59.1,10,15,12,sell,2019-03-27,2.0,59.1,59.1,569.0,5457,0.0,22.0
7,408766.4,385.8,odd,20.0,2019-04-08,0.009102730819245773,2019-03-g011-2019-03-06-5457,after_hours_single_auction_proxy,14:30:00,408.8,53.5,宣德,13:40:00,0.01,188704640.985,3035472.4,7,loss12,58.4,3,10,13,sell,2019-03-27,2.0,58.4,58.4,769.0,5457,1.0,23.0
8,408920.0,153.6,odd,20.0,2019-04-09,0.0035335689045936395,2019-03-g011-2019-03-06-5457,after_hours_single_auction_proxy,14:30:00,174.6,52.6,宣德,13:40:00,0.01,152041554.425,2496820.55,3,loss12,58.2,0,3,14,sell,2019-03-27,1.0,58.2,58.2,849.0,5457,0.0,21.0
6000,615064.0,206144.0,board,296.0,2019-04-25,0.0062370970055697274,2019-03-g009-2019-03-04-3362,daily_high_low_midpoint_proxy,13:30:00,208000.0,46.65,先進光,08:59:00,0.01,45854769.435,811910.9,4000,loss12,52.0,31,4000,15,sell,2019-04-24,936.0,52.9,51.1,641324.0,3362,624.0,1856.0
3,615201.1,137.1,odd,20.0,2019-04-25,0.009259259259259259,2019-03-g009-2019-03-04-3362,after_hours_single_auction_proxy,14:30:00,158.1,46.65,先進光,13:40:00,0.01,45854769.435,811910.9,3,loss12,52.7,28,31,16,sell,2019-04-24,1.0,52.7,52.7,324.0,3362,0.0,21.0
2,615284.1,83.0,odd,20.0,2019-04-26,0.008264462809917356,2019-03-g009-2019-03-04-3362,after_hours_single_auction_proxy,14:30:00,104.0,47.45,先進光,13:40:00,0.01,43501822.625,774868.8,2,loss12,52.0,26,28,17,sell,2019-04-24,1.0,52.0,52.0,242.0,3362,0.0,21.0
3,615414.3,130.2,odd,20.0,2019-04-29,0.008108108108108109,2019-03-g009-2019-03-04-3362,after_hours_single_auction_proxy,14:30:00,151.2,46.8,先進光,13:40:00,0.01,41933861.825,750225.9,3,loss12,50.4,23,26,18,sell,2019-04-24,1.0,50.4,50.4,370.0,3362,0.0,21.0
9,615857.4,443.1,odd,20.0,2019-04-30,0.009719222462203024,2019-03-g009-2019-03-04-3362,after_hours_single_auction_proxy,14:30:00,467.1,45.3,先進光,13:40:00,0.01,39817568.58499999,715420.7,9,loss12,51.9,14,23,19,sell,2019-04-24,3.0,51.9,51.9,926.0,3362,1.0,24.0
13,616506.1,648.7,odd,20.0,2019-05-02,0.009826152683295541,2019-03-g009-2019-03-04-3362,after_hours_single_auction_proxy,14:30:00,674.7,47.1,先進光,13:40:00,0.01,39713265.699999996,716694.75,13,loss12,51.9,1,14,20,sell,2019-04-24,4.0,51.9,51.9,1323.0,3362,2.0,26.0
9,616539.1,33.0,odd,20.0,2019-05-03,0.0010869565217391304,2019-03-g009-2019-03-04-3362,after_hours_single_auction_proxy,14:30:00,54.0,47.1,先進光,13:40:00,0.01,34787059.085,632324.2,1,loss12,54.0,0,1,21,sell,2019-04-24,1.0,54.0,54.0,920.0,3362,0.0,21.0
54000,400265.1,-216274.0,board,306.0,2019-05-06,0.00025549336279342136,2019-05-g005-2019-05-03-6213,daily_high_low_midpoint_proxy,13:30:00,215000.0,123.0,聯茂,08:59:00,0.01,537681860.1949999,5437762.75,2000,leader_entry,107.5,2000,2000,22,buy,2019-05-03,968.0,110.0,105.0,7827992.0,6213,0.0,1274.0
29,397171.6,-3093.5,odd,20.0,2019-05-06,0.009692513368983958,2019-05-g005-2019-05-03-6213,after_hours_single_auction_proxy,14:30:00,3059.5,123.0,聯茂,13:40:00,0.01,537681860.1949999,5437762.75,29,leader_entry,105.5,2029,750,23,buy,2019-05-03,14.0,105.5,105.5,2992.0,6213,0.0,34.0
14,401924.6,4753.0,odd,20.0,2019-05-20,0.01,2019-04-g008-2019-04-01-3406,after_hours_single_auction_proxy,14:30:00,4809.0,309.5,玉晶光,13:40:00,0.01,4689381326.7,11879760.55,14,loss12,343.5,16,30,24,sell,2019-05-17,22.0,343.5,343.5,1400.0,3406,14.0,56.0
59000,577642.6,175718.0,board,253.0,2019-05-20,0.00015972846161525406,2019-05-g005-2019-05-03-6213,daily_high_low_midpoint_proxy,13:30:00,177300.0,82.7,聯茂,08:59:00,0.01,618428264.01,5992386.1,2000,loss12,88.65,29,2000,25,sell,2019-05-17,798.0,91.0,86.3,12521250.0,6213,531.0,1582.0
32,580196.2,2553.6,odd,20.0,2019-05-20,0.008923076923076922,2019-05-g005-2019-05-03-6213,after_hours_single_auction_proxy,14:30:00,2592.6,82.7,聯茂,13:40:00,0.01,618428264.01,5992386.1,29,loss12,89.4,0,29,26,sell,2019-05-17,12.0,89.4,89.4,3250.0,6213,7.0,39.0
13,584976.2,4780.0,odd,20.0,2019-05-21,0.01,2019-04-g008-2019-04-01-3406,after_hours_single_auction_proxy,14:30:00,4836.0,308.5,玉晶光,13:40:00,0.01,4707632321.2,12150864.9,13,loss12,372.0,3,16,27,sell,2019-05-17,22.0,372.0,372.0,1300.0,3406,14.0,56.0
71000,318104.2,-266872.0,board,378.0,2019-05-21,0.000954036107677149,2019-05-g006-2019-05-20-2801,daily_high_low_midpoint_proxy,13:30:00,265300.0,20.9,彰銀,08:59:00,0.01,132004886.2825,7168345.25,14000,leader_entry,18.950000000000003,14000,14000,28,buy,2019-05-20,1194.0,19.05,18.85,14674497.0,2801,0.0,1572.0
254,313261.6,-4842.6,odd,20.0,2019-05-21,0.009961956308585323,2019-05-g006-2019-05-20-2801,after_hours_single_auction_proxy,14:30:00,4800.6,20.9,彰銀,13:40:00,0.01,132004886.2825,7168345.25,254,leader_entry,18.9,14254,446,29,buy,2019-05-20,22.0,18.9,18.9,25497.0,2801,0.0,42.0
9,314292.6,1031.0,odd,20.0,2019-05-22,0.003115264797507788,2019-04-g008-2019-04-01-3406,after_hours_single_auction_proxy,14:30:00,1059.0,334.0,玉晶光,13:40:00,0.01,4904888652.65,12738441.05,3,loss12,353.0,0,3,30,sell,2019-05-17,5.0,353.0,353.0,963.0,3406,3.0,28.0
11000,78452.6,-235840.0,board,334.0,2019-06-03,0.0025237166270022536,2019-05-g001-2019-05-31-4904,daily_high_low_midpoint_proxy,13:30:00,234450.0,86.3,遠傳,08:59:00,0.01,215976938.85,2825715.85,3000,leader_entry,78.15,3000,3000,31,buy,2019-05-31,1056.0,78.6,77.7,1188723.0,4904,0.0,1390.0
27,76313.9,-2138.7,odd,20.0,2019-06-03,0.009915534337128168,2019-05-g001-2019-05-31-4904,after_hours_single_auction_proxy,14:30:00,2108.7,86.3,遠傳,13:40:00,0.01,215976938.85,2825715.85,27,leader_entry,78.1,3027,558,32,buy,2019-05-31,10.0,78.1,78.1,2723.0,4904,0.0,30.0
14000,396430.9,320117.0,board,460.0,2019-06-10,0.00705325560645655,2019-03-g007-2019-03-06-2388,daily_high_low_midpoint_proxy,13:30:00,323000.0,28.35,威盛,08:59:00,0.01,63685872.86,1942145.1,10000,time63,32.3,0,10000,33,sell,2019-06-06,1454.0,32.8,31.8,1417785.0,2388,969.0,2883.0
1000,136146.9,-260284.0,board,369.0,2019-06-14,0.0060077018738022145,2019-06-g004-2019-06-13-8462,daily_high_low_midpoint_proxy,13:30:00,258750.0,286.0,柏文,08:59:00,0.01,65652251.175,267745.1,1000,leader_entry,258.75,1000,1000,34,buy,2019-06-13,1165.0,261.5,256.0,166453.0,8462,0.0,1534.0
14,132511.9,-3635.0,odd,20.0,2019-06-14,0.009635237439779766,2019-06-g004-2019-06-13-8462,after_hours_single_auction_proxy,14:30:00,3598.0,286.0,柏文,13:40:00,0.01,65652251.175,267745.1,14,leader_entry,257.0,1014,72,35,buy,2019-06-13,17.0,257.0,257.0,1453.0,8462,0.0,37.0
58000,431582.64,282357.0,board,406.0,2019-08-20,0.00239119303110703,2019-05-g006-2019-05-20-2801,daily_high_low_midpoint_proxy,13:30:00,284900.0,18.3,彰銀,08:59:00,0.01,196153679.5675,9337178.75,14000,time63,20.35,254,14000,36,sell,2019-08-19,1283.0,20.45,20.25,5854818.0,2801,854.0,2543.0
88,433322.84,1740.2,odd,20.0,2019-08-20,0.00997958720798367,2019-05-g006-2019-05-20-2801,after_hours_single_auction_proxy,14:30:00,1773.2,18.3,彰銀,13:40:00,0.01,196153679.5675,9337178.75,88,time63,20.15,166,254,37,sell,2019-08-19,8.0,20.15,20.15,8818.0,2801,5.0,33.0
115,435603.09,2280.25,odd,20.0,2019-08-21,0.00998870841657257,2019-05-g006-2019-05-20-2801,after_hours_single_auction_proxy,14:30:00,2317.25,18.25,彰銀,13:40:00,0.01,192423269.39000002,9187887.0,115,time63,20.15,51,166,38,sell,2019-08-19,11.0,20.15,20.15,11513.0,2801,6.0,37.0
105,436597.64,994.55,odd,20.0,2019-08-22,0.004821327283040272,2019-05-g006-2019-05-20-2801,after_hours_single_auction_proxy,14:30:00,1022.55,18.15,彰銀,13:40:00,0.01,188998033.9575,9046605.6,51,time63,20.05,0,51,39,sell,2019-08-19,5.0,20.05,20.05,10578.0,2801,3.0,28.0
38000,181745.64,-254852.0,board,361.0,2019-08-23,0.0003871200513476036,2019-08-g002-2019-08-22-2105,daily_high_low_midpoint_proxy,13:30:00,253350.0,45.4,正新,08:59:00,0.01,152724118.7475,3825470.55,6000,leader_entry,42.224999999999994,6000,6000,40,buy,2019-08-22,1141.0,42.9,41.55,15499068.0,2105,0.0,1502.0
110,176995.64,-4750.0,odd,20.0,2019-08-23,0.009938561619082038,2019-08-g002-2019-08-22-2105,after_hours_single_auction_proxy,14:30:00,4708.0,45.4,正新,13:40:00,0.01,152724118.7475,3825470.55,110,leader_entry,42.8,6110,724,41,buy,2019-08-22,22.0,42.8,42.8,11068.0,2105,0.0,42.0
8000,394042.64,217045.0,board,312.0,2019-09-02,0.003549674139913956,2019-05-g001-2019-05-31-4904,daily_high_low_midpoint_proxy,13:30:00,219000.0,65.9,遠傳,08:59:00,0.01,142951663.76999998,1996151.9,3000,time63,73.0,27,3000,42,sell,2019-08-30,986.0,73.2,72.8,845148.0,4904,657.0,1955.0
11,394821.84,779.2,odd,20.0,2019-09-02,0.009581881533101045,2019-05-g001-2019-05-31-4904,after_hours_single_auction_proxy,14:30:00,805.2,65.9,遠傳,13:40:00,0.01,142951663.76999998,1996151.9,11,time63,73.2,16,27,43,sell,2019-08-30,4.0,73.2,73.2,1148.0,4904,2.0,26.0
30,395957.64,1135.8,odd,20.0,2019-09-03,0.00519311911716975,2019-05-g001-2019-05-31-4904,after_hours_single_auction_proxy,14:30:00,1164.8,65.9,遠傳,13:40:00,0.01,130574903.6,1820521.95,16,time63,72.8,0,16,44,sell,2019-08-30,6.0,72.8,72.8,3081.0,4904,3.0,29.0
36000,150460.64,-245497.0,board,348.0,2019-09-04,0.00039030462495368386,2019-09-g008-2019-09-03-6285,daily_high_low_midpoint_proxy,13:30:00,244050.0,88.7,啟碁,08:59:00,0.01,282472339.445,3607661.6,3000,leader_entry,81.35,3000,3000,45,buy,2019-09-03,1099.0,82.0,80.7,7686304.0,6285,0.0,1447.0
73,144442.24,-6018.4,odd,20.0,2019-09-04,0.009994523548740416,2019-09-g008-2019-09-03-6285,after_hours_single_auction_proxy,14:30:00,5971.4,88.7,啟碁,13:40:00,0.01,282472339.445,3607661.6,73,leader_entry,81.8,3073,487,46,buy,2019-09-03,27.0,81.8,81.8,7304.0,6285,0.0,47.0
496,159285.74,5721.5,odd,20.0,2019-09-06,0.005734983398732267,2019-05-g006-2019-05-20-2801,after_hours_single_auction_proxy,14:30:00,5785.5,18.2,彰銀,13:40:00,0.01,113447453.1625,5638491.25,285,time63,20.3,0,285,47,sell,2019-08-19,27.0,20.3,20.3,49695.0,2801,17.0,64.0
1000,387728.74,228443.0,board,328.0,2019-09-12,0.00937690468376389,2019-06-g004-2019-06-13-8462,daily_high_low_midpoint_proxy,13:30:00,230500.0,205.5,柏文,08:59:00,0.01,71688125.575,311853.9,1000,time63,230.5,114,1000,48,sell,2019-09-11,1038.0,232.0,229.0,106645.0,8462,691.0,2057.0
26,393618.74,5890.0,odd,20.0,2019-09-12,0.009829867674858222,2019-06-g004-2019-06-13-8462,after_hours_single_auction_proxy,14:30:00,5954.0,205.5,柏文,13:40:00,0.01,71688125.575,311853.9,26,time63,229.0,88,114,49,sell,2019-09-11,27.0,229.0,229.0,2645.0,8462,17.0,64.0
27,399668.24,6049.5,odd,20.0,2019-09-16,0.00999259807549963,2019-06-g004-2019-06-13-8462,after_hours_single_auction_proxy,14:30:00,6115.5,206.5,柏文,13:40:00,0.01,67679003.45,293679.6,27,time63,226.5,61,88,50,sell,2019-09-11,28.0,226.5,226.5,2702.0,8462,18.0,66.0
28,405915.24,6247.0,odd,20.0,2019-09-17,0.009790209790209791,2019-06-g004-2019-06-13-8462,after_hours_single_auction_proxy,14:30:00,6314.0,203.0,柏文,13:40:00,0.01,66560565.0,288456.2,28,time63,225.5,33,61,51,sell,2019-09-11,29.0,225.5,225.5,2860.0,8462,18.0,67.0
41,413411.74,7496.5,odd,20.0,2019-09-18,0.008,2019-06-g004-2019-06-13-8462,after_hours_single_auction_proxy,14:30:00,7573.5,203.0,柏文,13:40:00,0.01,66726041.625,289095.95,33,time63,229.5,0,33,52,sell,2019-09-11,35.0,229.5,229.5,4125.0,8462,22.0,77.0
66000,131601.74,-281810.0,board,399.0,2019-09-19,0.001602744687949308,2019-09-g005-2019-09-18-2801,daily_high_low_midpoint_proxy,13:30:00,280150.0,23.55,彰銀,08:59:00,0.01,137472293.06,6674424.5,13000,leader_entry,21.549999999999997,13000,13000,53,buy,2019-09-18,1261.0,21.65,21.45,8111086.0,2801,0.0,1660.0
250,127453.94,-4147.8,odd,20.0,2019-09-19,0.00765367137048553,2019-09-g005-2019-09-18-2801,after_hours_single_auction_proxy,14:30:00,4108.8,23.55,彰銀,13:40:00,0.01,137472293.06,6674424.5,192,leader_entry,21.4,13192,192,54,buy,2019-09-18,19.0,21.4,21.4,25086.0,2801,0.0,39.0
44000,377501.94,250048.0,board,360.0,2019-11-26,0.0006419148576971048,2019-08-g002-2019-08-22-2105,daily_high_low_midpoint_proxy,13:30:00,252300.0,37.9,正新,08:59:00,0.01,199857626.395,4464021.45,6000,time63,42.05,110,6000,55,sell,2019-11-25,1136.0,42.25,41.85,9347034.0,2105,756.0,2252.0
70,380399.94,2898.0,odd,20.0,2019-11-26,0.00995166334944555,2019-08-g002-2019-08-22-2105,after_hours_single_auction_proxy,14:30:00,2940.0,37.9,正新,13:40:00,0.01,199857626.395,4464021.45,70,time63,42.0,40,110,56,sell,2019-11-25,14.0,42.0,42.0,7034.0,2105,8.0,42.0
61,382046.94,1647.0,odd,20.0,2019-11-27,0.00648508430609598,2019-08-g002-2019-08-22-2105,after_hours_single_auction_proxy,14:30:00,1680.0,37.7,正新,13:40:00,0.01,210194020.10999998,4736399.05,40,time63,42.0,0,40,57,sell,2019-11-25,8.0,42.0,42.0,6168.0,2105,5.0,33.0
16000,606971.94,224925.0,board,323.0,2019-12-06,0.0018168571641403268,2019-09-g008-2019-09-03-6285,daily_high_low_midpoint_proxy,13:30:00,226950.0,68.3,啟碁,08:59:00,0.01,143911820.425,1923709.7,3000,time63,75.65,73,3000,58,sell,2019-12-05,1022.0,76.1,75.2,1651203.0,6285,680.0,2025.0
22,608603.14,1631.2,odd,20.0,2019-12-06,0.009986382206082615,2019-09-g008-2019-09-03-6285,after_hours_single_auction_proxy,14:30:00,1663.2,68.3,啟碁,13:40:00,0.01,143911820.425,1923709.7,22,time63,75.6,51,73,59,sell,2019-12-05,8.0,75.6,75.6,2203.0,6285,4.0,32.0
15,609696.14,1093.0,odd,20.0,2019-12-09,0.009380863039399626,2019-09-g008-2019-09-03-6285,after_hours_single_auction_proxy,14:30:00,1122.0,68.0,啟碁,13:40:00,0.01,137695708.0,1840277.8,15,time63,74.8,36,51,60,sell,2019-12-05,6.0,74.8,74.8,1599.0,6285,3.0,29.0
14,610720.94,1024.8,odd,20.0,2019-12-10,0.009549795361527967,2019-09-g008-2019-09-03-6285,after_hours_single_auction_proxy,14:30:00,1052.8,67.3,啟碁,13:40:00,0.01,133262172.625,1778664.1,14,time63,75.2,22,36,61,sell,2019-12-05,5.0,75.2,75.2,1466.0,6285,3.0,28.0
15,611816.94,1096.0,odd,20.0,2019-12-11,0.009771986970684038,2019-09-g008-2019-09-03-6285,after_hours_single_auction_proxy,14:30:00,1125.0,67.6,啟碁,13:40:00,0.01,133807087.415,1785156.2,15,time63,75.0,7,22,62,sell,2019-12-05,6.0,75.0,75.0,1535.0,6285,3.0,29.0
38,612317.24,500.3,odd,20.0,2019-12-12,0.001819599688068625,2019-09-g008-2019-09-03-6285,after_hours_single_auction_proxy,14:30:00,524.3,67.4,啟碁,13:40:00,0.01,131764019.01500002,1758189.95,7,time63,74.9,0,7,63,sell,2019-12-05,3.0,74.9,74.9,3847.0,6285,1.0,24.0
54000,405851.24,-206466.0,board,292.0,2019-12-13,0.00010149437269525309,2019-12-g005-2019-12-12-3653,daily_high_low_midpoint_proxy,13:30:00,205250.0,222.0,健策,08:59:00,0.01,1057017012.025,5486505.65,1000,leader_entry,205.25,1000,1000,64,buy,2019-12-12,924.0,213.0,197.5,9852763.0,3653,0.0,1216.0
27,400446.74,-5404.5,odd,20.0,2019-12-13,0.009771986970684038,2019-12-g005-2019-12-12-3653,after_hours_single_auction_proxy,14:30:00,5359.5,222.0,健策,13:40:00,0.01,1057017012.025,5486505.65,27,leader_entry,198.5,1027,358,65,buy,2019-12-12,25.0,198.5,198.5,2763.0,3653,0.0,45.0
81000,694845.74,294399.0,board,423.0,2019-12-20,0.0011834701986272655,2019-09-g005-2019-09-18-2801,daily_high_low_midpoint_proxy,13:30:00,297050.0,20.65,彰銀,08:59:00,0.01,187219466.97749993,8195773.15,13000,time63,22.85,192,13000,66,sell,2019-12-19,1337.0,22.95,22.75,10984645.0,2801,891.0,2651.0
196,699151.14,4305.4,odd,20.0,2019-12-20,0.009773479256808349,2019-09-g005-2019-09-18-2801,after_hours_single_auction_proxy,14:30:00,4358.4,20.65,彰銀,13:40:00,0.01,187219466.97749993,8195773.15,192,time63,22.7,0,192,67,sell,2019-12-19,20.0,22.7,22.7,19645.0,2801,13.0,53.0
124000,474829.14,-224322.0,board,318.0,2019-12-20,8.611347827494724e-05,2019-12-g003-2019-12-19-2456,daily_high_low_midpoint_proxy,13:30:00,223000.0,119.0,奇力新,08:59:00,0.01,1272374169.625,12491570.7,2000,leader_entry,111.5,2000,2000,68,buy,2019-12-19,1004.0,114.5,108.5,23225168.0,2456,0.0,1322.0
421,427185.64,-47643.5,odd,67.0,2019-12-20,0.009983874027698729,2019-12-g003-2019-12-19-2456,after_hours_single_auction_proxy,14:30:00,47362.5,119.0,奇力新,13:40:00,0.01,1272374169.625,12491570.7,421,leader_entry,112.5,2421,525,69,buy,2019-12-19,214.0,112.5,112.5,42168.0,2456,0.0,281.0
49000,153070.64,-274115.0,board,388.0,2019-12-27,0.0002142045460630811,2019-12-g002-2019-12-26-2383,daily_high_low_midpoint_proxy,13:30:00,272500.0,149.0,台光電,08:59:00,0.01,629778163.875,4957133.8,2000,leader_entry,136.25,2000,2000,70,buy,2019-12-26,1227.0,138.0,134.5,9336870.0,2383,0.0,1615.0
58,145184.64,-7886.0,odd,20.0,2019-12-27,0.009880749574105622,2019-12-g002-2019-12-26-2383,after_hours_single_auction_proxy,14:30:00,7830.0,149.0,台光電,13:40:00,0.01,629778163.875,4957133.8,58,leader_entry,135.0,2058,147,71,buy,2019-12-26,36.0,135.0,135.0,5870.0,2383,0.0,56.0
75000,362725.64,217541.0,board,313.0,2020-02-03,0.00017304103702801328,2019-12-g002-2019-12-26-2383,daily_high_low_midpoint_proxy,13:30:00,219500.0,104.0,台光電,08:59:00,0.01,998825575.85,7579482.1,2000,loss12,109.75,58,2000,72,sell,2020-01-31,988.0,114.0,105.5,11557952.0,2383,658.0,1959.0
19,364865.14,2139.5,odd,20.0,2020-02-03,0.00973360655737705,2019-12-g002-2019-12-26-2383,after_hours_single_auction_proxy,14:30:00,2175.5,104.0,台光電,13:40:00,0.01,998825575.85,7579482.1,19,loss12,114.5,39,58,73,sell,2020-01-31,10.0,114.5,114.5,1952.0,2383,6.0,36.0
16,366751.14,1886.0,odd,20.0,2020-02-04,0.009518143961927425,2019-12-g002-2019-12-26-2383,after_hours_single_auction_proxy,14:30:00,1920.0,101.0,台光電,13:40:00,0.01,950790849.275,7299894.85,16,loss12,120.0,23,39,74,sell,2020-01-31,9.0,120.0,120.0,1681.0,2383,5.0,34.0
7,367565.14,814.0,odd,20.0,2020-02-05,0.009210526315789473,2019-12-g002-2019-12-26-2383,after_hours_single_auction_proxy,14:30:00,840.0,108.0,台光電,13:40:00,0.01,867256646.225,6736883.35,7,loss12,120.0,16,23,75,sell,2020-01-31,4.0,120.0,120.0,760.0,2383,2.0,26.0
23,369483.14,1918.0,odd,20.0,2020-02-06,0.006756756756756757,2019-12-g002-2019-12-26-2383,after_hours_single_auction_proxy,14:30:00,1952.0,107.0,台光電,13:40:00,0.01,842933451.725,6596627.85,16,loss12,122.0,0,16,76,sell,2020-01-31,9.0,122.0,122.0,2368.0,2383,5.0,34.0
43000,109953.14,-259530.0,board,368.0,2020-02-21,0.003454653867865017,2020-02-g004-2020-02-20-6125,daily_high_low_midpoint_proxy,13:30:00,258000.0,19.25,廣運,08:59:00,0.01,74951708.20750001,4508992.6,15000,leader_entry,17.200000000000003,15000,15000,77,buy,2020-02-20,1162.0,17.55,16.85,4341969.0,6125,0.0,1530.0
9,109779.59,-173.55,odd,20.0,2020-02-21,0.009287925696594427,2020-02-g004-2020-02-20-6125,after_hours_single_auction_proxy,14:30:00,152.55,19.25,廣運,13:40:00,0.01,74951708.20750001,4508992.6,9,leader_entry,16.95,15009,661,78,buy,2020-02-20,1.0,16.95,16.95,969.0,6125,0.0,21.0
40000,267112.59,157333.0,board,226.0,2020-03-13,0.0001299731631412746,2019-12-g005-2019-12-12-3653,daily_high_low_midpoint_proxy,13:30:00,158750.0,154.0,健策,08:59:00,0.01,876945856.225,4090458.9,1000,loss12,158.75,27,1000,79,sell,2020-03-12,715.0,163.5,154.0,7693896.0,3653,476.0,1417.0
8,268391.59,1279.0,odd,20.0,2020-03-13,0.008928571428571428,2019-12-g005-2019-12-12-3653,after_hours_single_auction_proxy,14:30:00,1308.0,154.0,健策,13:40:00,0.01,876945856.225,4090458.9,8,loss12,163.5,19,27,80,sell,2020-03-12,6.0,163.5,163.5,896.0,3653,3.0,29.0
105000,439846.59,171455.0,board,247.0,2020-03-13,0.0001630822014205438,2019-12-g003-2019-12-19-2456,daily_high_low_midpoint_proxy,13:30:00,173000.0,82.0,奇力新,08:59:00,0.01,1214400312.49,10551310.3,2000,loss12,86.5,421,2000,81,sell,2020-03-12,779.0,91.0,82.0,12263754.0,2456,519.0,1545.0
207,458515.59,18669.0,odd,27.0,2020-03-13,0.00997398091934085,2019-12-g003-2019-12-19-2456,after_hours_single_auction_proxy,14:30:00,18837.0,82.0,奇力新,13:40:00,0.01,1214400312.49,10551310.3,207,loss12,91.0,214,421,82,sell,2020-03-12,85.0,91.0,91.0,20754.0,2456,56.0,168.0
14,460579.59,2064.0,odd,20.0,2020-03-16,0.00979706088173548,2019-12-g005-2019-12-12-3653,after_hours_single_auction_proxy,14:30:00,2100.0,144.5,健策,13:40:00,0.01,840093642.025,4047406.5,14,loss12,150.0,5,19,83,sell,2020-03-12,10.0,150.0,150.0,1429.0,3653,6.0,36.0
71,466408.59,5829.0,odd,20.0,2020-03-16,0.009937018894331701,2019-12-g003-2019-12-19-2456,after_hours_single_auction_proxy,14:30:00,5893.0,81.9,奇力新,13:40:00,0.01,1175947039.8400002,10433851.85,71,loss12,83.0,143,214,84,sell,2020-03-12,27.0,83.0,83.0,7145.0,2456,17.0,64.0
38000,682339.59,215931.0,board,310.0,2020-03-16,0.003945277424017902,2020-02-g004-2020-02-20-6125,daily_high_low_midpoint_proxy,13:30:00,217875.0,12.7,廣運,08:59:00,0.01,96409125.5975,5819731.4,15000,loss12,14.524999999999999,9,15000,85,sell,2020-03-13,981.0,14.95,14.1,3802014.0,6125,653.0,1944.0
20,682447.74,108.15,odd,20.0,2020-03-16,0.004468718967229395,2020-02-g004-2020-02-20-6125,after_hours_single_auction_proxy,14:30:00,129.15,12.7,廣運,13:40:00,0.01,96409125.5975,5819731.4,9,loss12,14.35,0,9,86,sell,2020-03-13,1.0,14.35,14.35,2014.0,6125,0.0,21.0
13,683134.24,686.5,odd,20.0,2020-03-17,0.0038314176245210726,2019-12-g005-2019-12-12-3653,after_hours_single_auction_proxy,14:30:00,712.5,135.0,健策,13:40:00,0.01,840748408.8,4144711.15,5,loss12,142.5,0,5,87,sell,2020-03-12,4.0,142.5,142.5,1305.0,3653,2.0,26.0
110,691760.24,8626.0,odd,20.0,2020-03-17,0.009924215084806929,2019-12-g003-2019-12-19-2456,after_hours_single_auction_proxy,14:30:00,8712.0,74.3,奇力新,13:40:00,0.01,1148722644.315,10436612.0,110,loss12,79.2,33,143,88,sell,2020-03-12,40.0,79.2,79.2,11084.0,2456,26.0,86.0
120,694183.04,2422.8,odd,20.0,2020-03-18,0.0027470240572712895,2019-12-g003-2019-12-19-2456,after_hours_single_auction_proxy,14:30:00,2461.8,71.1,奇力新,13:40:00,0.01,1112625656.8200002,10342773.15,33,loss12,74.6,0,33,89,sell,2020-03-12,12.0,74.6,74.6,12013.0,2456,7.0,39.0
21,688182.54,-6000.5,odd,20.0,2020-06-04,0.009602194787379973,2020-06-g003-2020-06-03-6504,after_hours_single_auction_proxy,14:30:00,5953.5,309.0,南六,13:40:00,0.01,1275638815.225,5258021.5,21,leader_entry,283.5,21,744,90,buy,2020-06-03,27.0,283.5,283.5,2187.0,6504,0.0,47.0
20000,495044.54,-193138.0,board,274.0,2020-06-05,0.000232131934506296,2020-06-g004-2020-06-04-9914,daily_high_low_midpoint_proxy,13:30:00,192000.0,207.5,美利達,08:59:00,0.01,350697370.925,2045883.2,1000,leader_entry,192.0,1000,1000,91,buy,2020-06-04,864.0,200.0,184.0,4307895.0,9914,0.0,1138.0
48,485935.54,-9109.0,odd,20.0,2020-06-05,0.009805924412665985,2020-06-g004-2020-06-04-9914,after_hours_single_auction_proxy,14:30:00,9048.0,207.5,美利達,13:40:00,0.01,350697370.925,2045883.2,48,leader_entry,188.5,1048,108,92,buy,2020-06-04,41.0,188.5,188.5,4895.0,9914,0.0,61.0
65000,260079.54,-225856.0,board,320.0,2020-06-08,0.000494758248397478,2020-06-g006-2020-06-05-4167,daily_high_low_midpoint_proxy,13:30:00,224525.0,32.15,松瑞藥,08:59:00,0.01,179605349.6,6562551.75,7000,leader_entry,32.075,7000,7000,93,buy,2020-06-05,1011.0,32.15,32.0,14148324.0,4167,0.0,1331.0
11,262788.54,2709.0,odd,20.0,2020-07-20,0.00944206008583691,2020-06-g003-2020-06-03-6504,after_hours_single_auction_proxy,14:30:00,2750.0,220.5,南六,13:40:00,0.01,589893175.275,2247761.65,11,loss12,250.0,10,21,94,sell,2020-07-17,13.0,250.0,250.0,1165.0,6504,8.0,41.0
1,263019.04,230.5,odd,20.0,2020-07-21,0.007042253521126761,2020-06-g003-2020-06-03-6504,after_hours_single_auction_proxy,14:30:00,252.5,225.0,南六,13:40:00,0.01,586820700.275,2248903.4,1,loss12,252.5,9,10,95,sell,2020-07-17,2.0,252.5,252.5,142.0,6504,0.0,22.0
6,264530.04,1511.0,odd,20.0,2020-07-22,0.00909090909090909,2020-06-g003-2020-06-03-6504,after_hours_single_auction_proxy,14:30:00,1542.0,225.5,南六,13:40:00,0.01,576079856.125,2214806.95,6,loss12,257.0,3,9,96,sell,2020-07-17,7.0,257.0,257.0,660.0,6504,4.0,31.0
10,265254.04,724.0,odd,20.0,2020-07-23,0.003,2020-06-g003-2020-06-03-6504,after_hours_single_auction_proxy,14:30:00,750.0,224.0,南六,13:40:00,0.01,580222792.725,2236259.6,3,loss12,250.0,0,3,97,sell,2020-07-17,4.0,250.0,250.0,1000.0,6504,2.0,26.0
15000,136747.04,-128507.0,board,182.0,2020-08-06,0.0002980697894643656,2020-08-g015-2020-08-05-5434,daily_high_low_midpoint_proxy,13:30:00,127750.0,136.0,崇越,08:59:00,0.01,185055762.3,1585761.65,1000,leader_entry,127.75,1000,1000,98,buy,2020-08-05,575.0,130.0,125.5,3354919.0,5434,0.0,757.0
69,127924.04,-8823.0,odd,20.0,2020-08-06,0.009972539384304091,2020-08-g015-2020-08-05-5434,after_hours_single_auction_proxy,14:30:00,8763.0,136.0,崇越,13:40:00,0.01,185055762.3,1585761.65,69,leader_entry,127.0,1069,938,99,buy,2020-08-05,40.0,127.0,127.0,6919.0,5434,0.0,60.0
18000,369702.14,237363.0,board,341.0,2020-09-04,0.0005493548651141532,2020-06-g004-2020-06-04-9914,daily_high_low_midpoint_proxy,13:30:00,239500.0,220.5,美利達,08:59:00,0.01,591809010.25,2344920.9,1000,time63,239.5,48,1000,100,sell,2020-09-03,1078.0,242.0,237.0,1820317.0,9914,718.0,2137.0
3,370408.14,706.0,odd,20.0,2020-09-04,0.00946372239747634,2020-06-g004-2020-06-04-9914,after_hours_single_auction_proxy,14:30:00,732.0,220.5,美利達,13:40:00,0.01,591809010.25,2344920.9,3,time63,244.0,45,48,101,sell,2020-09-03,4.0,244.0,244.0,317.0,9914,2.0,26.0
29,376980.14,6572.0,odd,20.0,2020-09-07,0.009958791208791208,2020-06-g004-2020-06-04-9914,after_hours_single_auction_proxy,14:30:00,6641.0,215.0,美利達,13:40:00,0.01,592819687.625,2359140.45,29,time63,229.0,16,45,102,sell,2020-09-03,30.0,229.0,229.0,2912.0,9914,19.0,69.0
38000,616498.14,239518.0,board,344.0,2020-09-07,0.001388817243554896,2020-06-g006-2020-06-05-4167,daily_high_low_midpoint_proxy,13:30:00,241675.0,30.5,松瑞藥,08:59:00,0.01,129179009.15,3861243.75,7000,time63,34.525000000000006,0,7000,103,sell,2020-09-04,1088.0,35.2,33.85,5040260.0,4167,725.0,2157.0
16,620122.14,3624.0,odd,20.0,2020-09-08,0.009968847352024923,2020-06-g004-2020-06-04-9914,after_hours_single_auction_proxy,14:30:00,3672.0,204.5,美利達,13:40:00,0.01,592085019.2,2376672.4,16,time63,229.5,0,16,104,sell,2020-09-03,17.0,229.5,229.5,1605.0,9914,11.0,48.0
3,619415.64,-706.5,odd,20.0,2020-09-08,0.0079155672823219,2020-09-g005-2020-09-07-6679,after_hours_single_auction_proxy,14:30:00,682.5,260.5,鈺太,13:40:00,0.01,464233578.575,2171798.95,3,leader_entry,227.5,3,942,105,buy,2020-09-07,4.0,227.5,227.5,379.0,6679,0.0,24.0
168000,410106.64,-209309.0,board,297.0,2020-09-09,0.00011890970603363307,2020-09-g001-2020-09-08-1309,daily_high_low_midpoint_proxy,13:30:00,208075.0,31.45,台達化,08:59:00,0.01,376668776.3875,16834579.35,7000,leader_entry,29.725,7000,7000,106,buy,2020-09-08,937.0,31.45,28.0,58868197.0,1309,0.0,1234.0
421,397356.54,-12750.1,odd,20.0,2020-09-09,0.009977012583832974,2020-09-g001-2020-09-08-1309,after_hours_single_auction_proxy,14:30:00,12672.1,31.45,台達化,13:40:00,0.01,376668776.3875,16834579.35,421,leader_entry,30.1,7421,828,107,buy,2020-09-08,58.0,30.1,30.1,42197.0,1309,0.0,78.0
91000,586057.54,188701.0,board,271.0,2020-09-28,0.0007664009809932557,2020-09-g001-2020-09-08-1309,daily_high_low_midpoint_proxy,13:30:00,190400.0,23.8,台達化,08:59:00,0.01,669789254.0575,23217130.1,7000,loss12,27.2,421,7000,108,sell,2020-09-25,857.0,27.9,26.5,9133600.0,1309,571.0,1699.0
96,588658.54,2601.0,odd,20.0,2020-09-28,0.01,2020-09-g001-2020-09-08-1309,after_hours_single_auction_proxy,14:30:00,2640.0,23.8,台達化,13:40:00,0.01,669789254.0575,23217130.1,96,loss12,27.5,325,421,109,sell,2020-09-25,12.0,27.5,27.5,9600.0,1309,7.0,39.0
80,590738.54,2080.0,odd,20.0,2020-09-29,0.009897315353210442,2020-09-g001-2020-09-08-1309,after_hours_single_auction_proxy,14:30:00,2116.0,24.75,台達化,13:40:00,0.01,670136228.9375,23128643.8,80,loss12,26.45,245,325,110,sell,2020-09-25,10.0,26.45,26.45,8083.0,1309,6.0,36.0
58,592238.74,1500.2,odd,20.0,2020-09-30,0.009977636332358507,2020-09-g001-2020-09-08-1309,after_hours_single_auction_proxy,14:30:00,1531.2,23.85,台達化,13:40:00,0.01,670426847.1850001,23058135.55,58,loss12,26.4,187,245,111,sell,2020-09-25,7.0,26.4,26.4,5813.0,1309,4.0,31.0
46,593447.14,1208.4,odd,20.0,2020-10-05,0.009956709956709957,2020-09-g001-2020-09-08-1309,after_hours_single_auction_proxy,14:30:00,1237.4,23.9,台達化,13:40:00,0.01,642183825.8824999,21821831.4,46,loss12,26.9,141,187,112,sell,2020-09-25,6.0,26.9,26.9,4620.0,1309,3.0,29.0
479000,379939.14,-213508.0,board,302.0,2020-10-05,0.00012614323508841266,2020-09-g010-2020-09-30-2344,daily_high_low_midpoint_proxy,13:30:00,212250.0,15.3,華邦電,08:59:00,0.01,641164105.6650001,47925810.25,15000,leader_entry,14.149999999999999,15000,15000,113,buy,2020-09-30,956.0,14.45,13.85,118912441.0,2344,0.0,1258.0
84,378741.34,-1197.8,odd,20.0,2020-10-05,0.00995142755597678,2020-09-g010-2020-09-30-2344,after_hours_single_auction_proxy,14:30:00,1171.8,15.3,華邦電,13:40:00,0.01,641164105.6650001,47925810.25,84,leader_entry,13.95,15084,479,114,buy,2020-09-30,6.0,13.95,13.95,8441.0,2344,0.0,26.0
56,380291.34,1550.0,odd,20.0,2020-10-06,0.009952017060600676,2020-09-g001-2020-09-08-1309,after_hours_single_auction_proxy,14:30:00,1582.0,24.35,台達化,13:40:00,0.01,635544846.1850001,21496384.25,56,loss12,28.25,85,141,115,sell,2020-09-25,8.0,28.25,28.25,5627.0,1309,4.0,32.0
79,382439.69,2148.35,odd,20.0,2020-10-07,0.00997978777160182,2020-09-g001-2020-09-08-1309,after_hours_single_auction_proxy,14:30:00,2184.35,25.6,台達化,13:40:00,0.01,647613878.39,21856895.7,79,loss12,27.65,6,85,116,sell,2020-09-25,10.0,27.65,27.65,7916.0,1309,6.0,36.0
76,382581.89,142.2,odd,20.0,2020-10-08,0.0007878151260504202,2020-09-g001-2020-09-08-1309,after_hours_single_auction_proxy,14:30:00,163.2,24.9,台達化,13:40:00,0.01,655918774.36,22147881.1,6,loss12,27.2,0,6,117,sell,2020-09-25,1.0,27.2,27.2,7616.0,1309,0.0,21.0
5000,501015.89,118434.0,board,170.0,2020-11-06,0.0018772397817145583,2020-08-g015-2020-08-05-5434,daily_high_low_midpoint_proxy,13:30:00,119500.0,107.0,崇越,08:59:00,0.01,77985024.325,674522.2,1000,time63,119.5,69,1000,118,sell,2020-11-05,538.0,120.0,119.0,532697.0,5434,358.0,1066.0
25,503930.14,2914.25,odd,20.0,2020-11-06,0.009932459276916964,2020-08-g015-2020-08-05-5434,daily_high_low_midpoint_proxy,13:30:00,2956.25,107.0,崇越,09:00:00,0.01,77985024.325,674522.2,25,time63,118.25,44,69,119,sell,2020-11-05,14.0,119.5,117.0,2517.0,5434,8.0,42.0
53,509195.14,5265.0,odd,20.0,2020-11-09,0.008222762100541955,2020-08-g015-2020-08-05-5434,daily_high_low_midpoint_proxy,13:30:00,5324.0,107.5,崇越,09:00:00,0.01,79138310.975,683624.35,44,time63,121.0,0,44,120,sell,2020-11-05,24.0,122.0,120.0,5351.0,5434,15.0,59.0
40,492778.14,-16417.0,odd,23.0,2020-11-09,0.0098015192354815,2020-11-g003-2020-11-06-1476,daily_high_low_midpoint_proxy,13:30:00,16320.0,451.0,儒鴻,09:00:00,0.01,536987386.1,1392767.35,40,leader_entry,408.0,40,563,121,buy,2020-11-06,74.0,410.0,406.0,4081.0,1476,0.0,97.0
10,493363.89,585.75,odd,20.0,2020-11-18,0.0028544243577545195,2020-09-g005-2020-09-07-6679,daily_high_low_midpoint_proxy,13:30:00,609.75,180.0,鈺太,09:00:00,0.01,245118753.525,1136881.3,3,loss12,203.25,0,3,122,sell,2020-11-17,3.0,205.0,201.5,1051.0,6679,1.0,24.0
59000,284633.89,-208730.0,board,296.0,2020-11-19,0.0005507198073097481,2020-11-g005-2020-11-18-2105,daily_high_low_midpoint_proxy,13:30:00,207500.0,45.15,正新,08:59:00,0.01,229727311.34499997,5917203.6,5000,leader_entry,41.5,5000,5000,123,buy,2020-11-18,934.0,41.95,41.05,9079027.0,2105,0.0,1230.0
86,281034.34,-3599.55,odd,20.0,2020-11-19,0.009935304990757857,2020-11-g005-2020-11-18-2105,daily_high_low_midpoint_proxy,13:30:00,3562.55,45.15,正新,09:00:00,0.01,229727311.34499997,5917203.6,86,leader_entry,41.425,5086,669,124,buy,2020-11-18,17.0,41.75,41.1,8656.0,2105,0.0,37.0
2366000,707692.34,426658.0,board,613.0,2021-01-04,6.337519614306331e-05,2020-09-g010-2020-09-30-2344,daily_high_low_midpoint_proxy,13:30:00,430500.0,26.15,華邦電,08:59:00,0.01,6457974085.995,244377017.45,15000,time63,28.7,84,15000,125,sell,2020-12-31,1938.0,29.65,27.75,236685658.0,2344,1291.0,3842.0
1479,710046.24,2353.9,odd,20.0,2021-01-04,0.0005676135902911046,2020-09-g010-2020-09-30-2344,daily_high_low_midpoint_proxy,13:30:00,2391.9,26.15,華邦電,09:00:00,0.01,6457974085.995,244377017.45,84,time63,28.475,0,84,126,sell,2020-12-31,11.0,29.05,27.9,147988.0,2344,7.0,38.0
130000,418126.24,-291920.0,board,414.0,2021-01-05,8.508337607177668e-05,2021-01-g009-2021-01-04-5243,daily_high_low_midpoint_proxy,13:30:00,290200.0,76.5,乙盛-KY,08:59:00,0.01,748454238.0525,13091265.7,4000,leader_entry,72.55,4000,4000,127,buy,2021-01-04,1306.0,75.5,69.6,47012709.0,5243,0.0,1720.0
231,408803.24,-9323.0,odd,20.0,2021-01-05,0.005442764578833693,2021-01-g009-2021-01-04-5243,daily_high_low_midpoint_proxy,13:30:00,9261.0,76.5,乙盛-KY,09:00:00,0.01,748454238.0525,13091265.7,126,leader_entry,73.5,4126,126,128,buy,2021-01-04,42.0,76.5,70.5,23150.0,5243,0.0,62.0
22,417833.24,9030.0,odd,20.0,2021-02-05,0.009725906277630416,2020-11-g003-2020-11-06-1476,daily_high_low_midpoint_proxy,13:30:00,9119.0,374.5,儒鴻,09:00:00,0.01,474186118.3,1146097.8,22,time63,414.5,18,40,129,sell,2021-02-04,42.0,416.0,413.0,2262.0,1476,27.0,89.0
79,425267.74,7434.5,odd,20.0,2021-02-17,0.0022508440665249467,2020-11-g003-2020-11-06-1476,daily_high_low_midpoint_proxy,13:30:00,7510.5,372.5,儒鴻,09:00:00,0.01,438699039.225,1066089.35,18,time63,417.25,0,18,130,sell,2021-02-04,34.0,421.0,413.5,7997.0,1476,22.0,76.0
41000,146273.74,-278994.0,board,395.0,2021-02-17,0.0006348523798922782,2021-02-g004-2021-02-05-3483,daily_high_low_midpoint_proxy,13:30:00,277350.0,94.7,力致,08:59:00,0.01,330772525.9,4122118.75,3000,leader_entry,92.45,3000,3000,131,buy,2021-02-05,1249.0,94.7,90.2,4725508.0,3483,0.0,1644.0
464,135649.34,-10624.4,odd,20.0,2021-02-17,0.0024551504318049665,2021-02-g004-2021-02-05-3483,daily_high_low_midpoint_proxy,13:30:00,10556.4,94.7,力致,09:00:00,0.01,330772525.9,4122118.75,114,leader_entry,92.6,3114,114,132,buy,2021-02-05,48.0,94.7,90.5,46433.0,3483,0.0,68.0
49000,350341.34,214692.0,board,309.0,2021-02-26,0.0004167054549994362,2020-11-g005-2020-11-18-2105,daily_high_low_midpoint_proxy,13:30:00,216625.0,40.05,正新,08:59:00,0.01,210496954.2575,4958367.7,5000,time63,43.325,86,5000,133,sell,2021-02-25,975.0,44.05,42.6,11998883.0,2105,649.0,1933.0
108,354040.79,3699.45,odd,20.0,2021-02-26,0.007957805126307024,2020-11-g005-2020-11-18-2105,daily_high_low_midpoint_proxy,13:30:00,3747.45,40.05,正新,09:00:00,0.01,210496954.2575,4958367.7,86,time63,43.575,0,86,134,sell,2021-02-25,17.0,44.3,42.85,10807.0,2105,11.0,48.0
23000,149083.79,-204957.0,board,290.0,2021-03-03,0.00010802296265721797,2021-03-g010-2021-03-02-8016,daily_high_low_midpoint_proxy,13:30:00,203750.0,233.5,矽創,08:59:00,0.01,435202213.85,2382379.6,1000,leader_entry,203.75,1000,1000,135,buy,2021-03-02,917.0,211.5,196.0,9257291.0,8016,0.0,1207.0
105,127298.54,-21785.25,odd,31.0,2021-03-03,0.009948834565093803,2021-03-g010-2021-03-02-8016,daily_high_low_midpoint_proxy,13:30:00,21656.25,233.5,矽創,09:00:00,0.01,435202213.85,2382379.6,105,leader_entry,206.25,1105,340,136,buy,2021-03-02,98.0,215.0,197.5,10554.0,8016,0.0,129.0
31000,418475.54,291177.0,board,419.0,2021-04-16,0.0012796961489463942,2021-01-g009-2021-01-04-5243,daily_high_low_midpoint_proxy,13:30:00,293800.0,66.0,乙盛-KY,08:59:00,0.01,1408356338.0749998,18547157.8,4000,time63,73.45,126,4000,137,sell,2021-04-15,1323.0,74.7,72.2,3125742.0,5243,881.0,2623.0
50,422107.54,3632.0,odd,20.0,2021-04-16,0.009916699722332408,2021-01-g009-2021-01-04-5243,daily_high_low_midpoint_proxy,13:30:00,3680.0,66.0,乙盛-KY,09:00:00,0.01,1408356338.0749998,18547157.8,50,time63,73.6,76,126,138,sell,2021-04-15,17.0,74.4,72.8,5042.0,5243,11.0,48.0
60,426372.54,4265.0,odd,20.0,2021-04-19,0.009933774834437087,2021-01-g009-2021-01-04-5243,daily_high_low_midpoint_proxy,13:30:00,4317.0,65.4,乙盛-KY,09:00:00,0.01,1241954384.84,16203467.45,60,time63,71.95,16,76,139,sell,2021-04-15,20.0,72.2,71.7,6040.0,5243,12.0,52.0
39,427497.14,1124.6,odd,20.0,2021-04-20,0.00407955124936257,2021-01-g009-2021-01-04-5243,daily_high_low_midpoint_proxy,13:30:00,1153.6,64.3,乙盛-KY,09:00:00,0.01,1175419172.9599998,15270133.85,16,time63,72.1,0,16,140,sell,2021-04-15,6.0,73.4,70.8,3922.0,5243,3.0,29.0
192000,96296.14,-331201.0,board,469.0,2021-04-26,4.7734155884064494e-05,2021-04-g007-2021-04-23-3260,daily_high_low_midpoint_proxy,13:30:00,329250.0,113.5,威剛,08:59:00,0.01,1771948177.08,19280203.2,3000,leader_entry,109.75,3000,3000,141,buy,2021-04-23,1482.0,113.5,106.0,62848079.0,3260,0.0,1951.0
1223,57997.14,-38299.0,odd,54.0,2021-04-26,0.002803639008999436,2021-04-g007-2021-04-23-3260,daily_high_low_midpoint_proxy,13:30:00,38073.0,113.5,威剛,09:00:00,0.01,1771948177.08,19280203.2,343,leader_entry,111.0,3343,343,142,buy,2021-04-23,172.0,113.5,108.5,122341.0,3260,0.0,226.0
369000,327668.14,269671.0,board,388.0,2021-05-12,8.116253536285483e-05,2021-04-g007-2021-04-23-3260,daily_high_low_midpoint_proxy,13:30:00,272100.0,86.4,威剛,08:59:00,0.01,4373148298.615,41254419.05,3000,loss12,90.7,343,3000,143,sell,2021-05-11,1225.0,95.0,86.4,36962867.0,3260,816.0,2429.0
674,358466.94,30798.8,odd,44.0,2021-05-12,0.00508464526075484,2021-04-g007-2021-04-23-3260,daily_high_low_midpoint_proxy,13:30:00,31075.8,86.4,威剛,09:00:00,0.01,4373148298.615,41254419.05,343,loss12,90.6,0,343,144,sell,2021-05-11,140.0,94.8,86.4,67458.0,3260,93.0,277.0
45000,588148.94,229682.0,board,330.0,2021-05-13,0.0006359088844314031,2021-02-g004-2021-02-05-3483,daily_high_low_midpoint_proxy,13:30:00,231750.0,71.5,力致,08:59:00,0.01,528973433.39000005,4582174.3,3000,loss12,77.25,114,3000,145,sell,2021-05-12,1043.0,83.0,71.5,4717657.0,3483,695.0,2068.0
70,593463.94,5315.0,odd,20.0,2021-05-13,0.00992063492063492,2021-02-g004-2021-02-05-3483,daily_high_low_midpoint_proxy,13:30:00,5376.0,71.5,力致,09:00:00,0.01,528973433.39000005,4582174.3,70,loss12,76.8,44,114,146,sell,2021-05-12,25.0,82.0,71.6,7056.0,3483,16.0,61.0
37,596512.29,3048.35,odd,20.0,2021-05-14,0.009816927566993898,2021-02-g004-2021-02-05-3483,daily_high_low_midpoint_proxy,13:30:00,3091.35,73.4,力致,09:00:00,0.01,514215639.26500005,4525106.75,37,loss12,83.55,7,44,147,sell,2021-05-12,14.0,86.1,81.0,3769.0,3483,9.0,43.0
28,597031.49,519.2,odd,20.0,2021-05-17,0.0024831500532103584,2021-02-g004-2021-02-05-3483,daily_high_low_midpoint_proxy,13:30:00,543.2,72.2,力致,09:00:00,0.01,493025245.555,4399839.8,7,loss12,77.6,0,7,148,sell,2021-05-12,3.0,81.1,74.1,2819.0,3483,1.0,24.0
59000,873293.49,276262.0,board,397.0,2021-06-03,0.00016896187290856883,2021-03-g010-2021-03-02-8016,daily_high_low_midpoint_proxy,13:30:00,278750.0,247.0,矽創,08:59:00,0.01,2424912278.1,9519298.7,1000,time63,278.75,105,1000,149,sell,2021-06-02,1255.0,283.5,274.0,5918495.0,8016,836.0,2488.0
191,902353.74,29060.25,odd,42.0,2021-06-03,0.005482456140350877,2021-03-g010-2021-03-02-8016,daily_high_low_midpoint_proxy,13:30:00,29321.25,247.0,矽創,09:00:00,0.01,2424912278.1,9519298.7,105,time63,279.25,0,105,150,sell,2021-06-02,132.0,281.0,277.5,19152.0,8016,87.0,261.0
72000,692617.74,-209736.0,board,297.0,2021-06-08,6.854386140540894e-05,2021-06-g010-2021-06-07-2351,daily_high_low_midpoint_proxy,13:30:00,208500.0,117.0,順德,08:59:00,0.01,671577730.22,7205382.05,2000,leader_entry,104.25,2000,2000,151,buy,2021-06-07,939.0,112.5,96.0,29178397.0,2351,0.0,1236.0
396,652085.74,-40532.0,odd,57.0,2021-06-08,0.009977827050997782,2021-06-g010-2021-06-07-2351,daily_high_low_midpoint_proxy,13:30:00,40293.0,117.0,順德,09:00:00,0.01,671577730.22,7205382.05,396,leader_entry,101.75,2396,555,152,buy,2021-06-07,182.0,106.5,97.0,39688.0,2351,0.0,239.0
349000,398088.74,-253997.0,board,360.0,2021-06-08,0.00023533134983520686,2021-06-g002-2021-06-07-1714,daily_high_low_midpoint_proxy,13:30:00,252500.0,14.85,和桐,08:59:00,0.01,410131383.97249997,34959346.9,20000,leader_entry,12.625,20000,20000,153,buy,2021-06-07,1137.0,13.1,12.15,84986552.0,1714,0.0,1497.0
346,396399.14,-1689.6,odd,20.0,2021-06-08,0.003872496604340664,2021-06-g002-2021-06-07-1714,daily_high_low_midpoint_proxy,13:30:00,1661.6,14.85,和桐,09:00:00,0.01,410131383.97249997,34959346.9,134,leader_entry,12.399999999999999,20134,134,154,buy,2021-06-07,8.0,12.6,12.2,34603.0,1714,0.0,28.0
104000,184098.14,-212301.0,board,301.0,2021-06-17,0.0001615495575076845,2021-06-g013-2021-06-16-8069,daily_high_low_midpoint_proxy,13:30:00,211050.0,76.2,元太,08:59:00,0.01,658431655.65,10409109.5,3000,leader_entry,70.35,3000,3000,155,buy,2021-06-16,950.0,72.0,68.7,18570153.0,8069,0.0,1251.0
342,159758.64,-24339.5,odd,34.0,2021-06-17,0.009989484752891693,2021-06-g013-2021-06-16-8069,daily_high_low_midpoint_proxy,13:30:00,24196.5,76.2,元太,09:00:00,0.01,658431655.65,10409109.5,342,leader_entry,70.75,3342,781,156,buy,2021-06-16,109.0,71.8,69.7,34236.0,8069,0.0,143.0
52000,452181.23,283447.0,board,408.0,2021-09-06,0.00029757631530591216,2021-06-g010-2021-06-07-2351,daily_high_low_midpoint_proxy,13:30:00,286000.0,123.5,順德,08:59:00,0.01,751042525.775,5296403.45,2000,time63,143.0,396,2000,157,sell,2021-09-03,1287.0,148.0,138.0,6720965.0,2351,858.0,2553.0
118,468846.23,16665.0,odd,24.0,2021-09-06,0.009929316728374285,2021-06-g010-2021-06-07-2351,daily_high_low_midpoint_proxy,13:30:00,16815.0,123.5,順德,09:00:00,0.01,751042525.775,5296403.45,118,time63,142.5,278,396,158,sell,2021-09-03,76.0,146.0,139.0,11884.0,2351,50.0,150.0
35000,670034.23,201188.0,board,289.0,2021-09-06,0.005607611323000935,2021-06-g002-2021-06-07-1714,daily_high_low_midpoint_proxy,13:30:00,203000.0,9.18,和桐,08:59:00,0.01,58972881.265,5359082.35,20000,time63,10.15,134,20000,159,sell,2021-09-03,914.0,10.25,10.05,3566581.0,1714,609.0,1812.0
49,670512.48,478.25,odd,20.0,2021-09-06,0.00986113906218555,2021-06-g002-2021-06-07-1714,daily_high_low_midpoint_proxy,13:30:00,502.25,9.18,和桐,09:00:00,0.01,58972881.265,5359082.35,49,time63,10.25,85,134,160,sell,2021-09-03,3.0,10.4,10.1,4969.0,1714,1.0,24.0
192,697342.48,26830.0,odd,39.0,2021-09-07,0.00998543790305804,2021-06-g010-2021-06-07-2351,daily_high_low_midpoint_proxy,13:30:00,27072.0,126.0,順德,09:00:00,0.01,720369637.725,5090851.4,192,time63,141.0,86,278,161,sell,2021-09-03,122.0,147.0,135.0,19228.0,2351,81.0,242.0
55,697883.6,541.12,odd,20.0,2021-09-07,0.00990455609580407,2021-06-g002-2021-06-07-1714,daily_high_low_midpoint_proxy,13:30:00,565.12,9.05,和桐,09:00:00,0.01,59029091.65749999,5385131.0,55,time63,10.274999999999999,30,85,162,sell,2021-09-03,3.0,10.45,10.1,5553.0,1714,1.0,24.0
198000,463402.6,-234481.0,board,332.0,2021-09-07,0.0001509070266838835,2021-09-g004-2021-09-06-2881,daily_high_low_midpoint_proxy,13:30:00,233100.0,84.9,富邦金,08:59:00,0.01,2118123530.6650002,26354364.45,3000,leader_entry,77.7,3000,3000,163,buy,2021-09-06,1049.0,78.4,77.0,19879790.0,2881,0.0,1381.0
1454,412278.2,-51124.4,odd,72.0,2021-09-07,0.004481469262069724,2021-09-g004-2021-09-06-2881,daily_high_low_midpoint_proxy,13:30:00,50823.4,84.9,富邦金,09:00:00,0.01,2118123530.6650002,26354364.45,652,leader_entry,77.95,3652,652,164,buy,2021-09-06,229.0,78.5,77.4,145488.0,2881,0.0,301.0
119,423504.7,11226.5,odd,20.0,2021-09-08,0.007190034278070395,2021-06-g010-2021-06-07-2351,daily_high_low_midpoint_proxy,13:30:00,11330.5,122.5,順德,09:00:00,0.01,759769220.725,5389705.05,86,time63,131.75,0,86,165,sell,2021-09-03,51.0,134.0,129.5,11961.0,2351,33.0,104.0
34,423790.95,286.25,odd,20.0,2021-09-08,0.008581235697940504,2021-06-g002-2021-06-07-1714,daily_high_low_midpoint_proxy,13:30:00,308.25,9.32,和桐,09:00:00,0.01,58461075.9,5350963.65,30,time63,10.274999999999999,0,30,166,sell,2021-09-03,2.0,10.45,10.1,3496.0,1714,0.0,22.0
78000,195495.95,-228295.0,board,323.0,2021-09-08,0.00023596997266366523,2021-09-g001-2021-09-07-9945,daily_high_low_midpoint_proxy,13:30:00,226950.0,83.7,潤泰新,08:59:00,0.01,537516811.6,7807066.15,3000,leader_entry,75.65,3000,3000,167,buy,2021-09-07,1022.0,76.7,74.6,12713482.0,9945,0.0,1345.0
847,133908.15,-61587.8,odd,87.0,2021-09-08,0.009585192530160304,2021-09-g001-2021-09-07-9945,daily_high_low_midpoint_proxy,13:30:00,61224.8,83.7,潤泰新,09:00:00,0.01,537516811.6,7807066.15,812,leader_entry,75.4,3812,812,168,buy,2021-09-07,276.0,75.8,75.0,84714.0,9945,0.0,363.0
65000,367157.15,233249.0,board,335.0,2021-09-14,0.0004550631923502057,2021-06-g013-2021-06-16-8069,daily_high_low_midpoint_proxy,13:30:00,235350.0,69.8,元太,08:59:00,0.01,971630941.1600001,12520682.0,3000,time63,78.45,342,3000,169,sell,2021-09-13,1060.0,79.4,77.5,6592491.0,8069,706.0,2101.0
95,374514.9,7357.75,odd,20.0,2021-09-14,0.009928929765886288,2021-06-g013-2021-06-16-8069,daily_high_low_midpoint_proxy,13:30:00,7433.75,69.8,元太,09:00:00,0.01,971630941.1600001,12520682.0,95,time63,78.25,247,342,170,sell,2021-09-13,34.0,78.9,77.6,9568.0,8069,22.0,76.0
220,391336.9,16822.0,odd,24.0,2021-09-15,0.009989102796948783,2021-06-g013-2021-06-16-8069,daily_high_low_midpoint_proxy,13:30:00,16973.0,70.3,元太,09:00:00,0.01,960972607.385,12342607.65,220,time63,77.15,27,247,171,sell,2021-09-13,77.0,77.8,76.5,22024.0,8069,50.0,151.0
88,393366.4,2029.5,odd,20.0,2021-09-16,0.003044998308334273,2021-06-g013-2021-06-16-8069,daily_high_low_midpoint_proxy,13:30:00,2065.5,68.6,元太,09:00:00,0.01,929554431.9800001,11938418.65,27,time63,76.5,0,27,172,sell,2021-09-13,10.0,77.0,76.0,8867.0,8069,6.0,36.0
162000,189163.4,-204203.0,board,289.0,2021-09-22,2.483593320435371e-05,2021-09-g013-2021-09-17-6411,daily_high_low_midpoint_proxy,13:30:00,203000.0,226.0,晶焱,08:59:00,0.01,2860131700.475,16296158.0,1000,leader_entry,203.0,1000,1000,173,buy,2021-09-17,914.0,209.0,197.0,40264241.0,6411,0.0,1203.0
271,133756.65,-55406.75,odd,78.0,2021-09-22,0.009997786467940677,2021-09-g013-2021-09-17-6411,daily_high_low_midpoint_proxy,13:30:00,55080.75,226.0,晶焱,09:00:00,0.01,2860131700.475,16296158.0,271,leader_entry,203.25,1271,494,174,buy,2021-09-17,248.0,207.5,199.0,27106.0,6411,0.0,326.0
231000,372336.45,224478.0,board,323.0,2021-12-08,0.00012001650947104284,2021-09-g004-2021-09-06-2881,daily_high_low_midpoint_proxy,13:30:00,226500.0,67.8,富邦金,08:59:00,0.01,1720695125.53,23146247.4,3000,time63,75.5,652,3000,175,sell,2021-12-07,1020.0,76.0,75.0,24996561.0,2881,679.0,2022.0
1621,421090.85,48754.4,odd,70.0,2021-12-08,0.004020373179424569,2021-09-g004-2021-09-06-2881,daily_high_low_midpoint_proxy,13:30:00,49193.4,67.8,富邦金,09:00:00,0.01,1720695125.53,23146247.4,652,time63,75.45,0,652,176,sell,2021-12-07,222.0,75.7,75.2,162174.0,2881,147.0,439.0
24000,739473.85,318383.0,board,458.0,2021-12-09,0.0020124789796570576,2021-09-g001-2021-09-07-9945,daily_high_low_midpoint_proxy,13:30:00,321250.0,57.7,潤泰新,08:59:00,0.01,495235221.05,7490362.8,5000,time63,64.25,336,5000,177,sell,2021-12-08,1446.0,64.5,64.0,2484498.0,9945,963.0,2867.0
421,760868.85,21395.0,odd,31.0,2021-12-09,0.007965860597439544,2021-09-g001-2021-09-07-9945,daily_high_low_midpoint_proxy,13:30:00,21588.0,57.7,潤泰新,09:00:00,0.01,495235221.05,7490362.8,336,time63,64.25,0,336,178,sell,2021-12-08,98.0,64.4,64.1,42180.0,9945,64.0,193.0
349,630359.1,-130509.75,odd,185.0,2021-12-10,0.009997708261716512,2021-12-g015-2021-12-09-3105,daily_high_low_midpoint_proxy,13:30:00,129740.75,414.5,穩懋,09:00:00,0.01,1227857059.925,3411461.05,349,leader_entry,371.75,349,883,179,buy,2021-12-09,584.0,374.5,369.0,34908.0,3105,0.0,769.0
138000,293575.1,-336784.0,board,477.0,2021-12-13,0.00011795462898786908,2021-12-g014-2021-12-10-8215,daily_high_low_midpoint_proxy,13:30:00,334800.0,43.5,明基材,08:59:00,0.01,531254454.0825,13890509.85,8000,leader_entry,41.85,8000,8000,180,buy,2021-12-10,1507.0,43.5,40.2,67822688.0,8215,0.0,1984.0
801,276695.1,-16880.0,odd,24.0,2021-12-13,0.0049907048122871155,2021-12-g014-2021-12-10-8215,daily_high_low_midpoint_proxy,13:30:00,16780.0,43.5,明基材,09:00:00,0.01,531254454.0825,13890509.85,400,leader_entry,41.95,8400,400,181,buy,2021-12-10,76.0,43.5,40.4,80149.0,8215,0.0,100.0
46000,579568.1,302873.0,board,435.0,2021-12-20,0.0017307689395340727,2021-12-g014-2021-12-10-8215,daily_high_low_midpoint_proxy,13:30:00,305600.0,33.95,明基材,08:59:00,0.01,756176538.76,19185736.95,8000,loss12,38.2,400,8000,182,sell,2021-12-17,1376.0,38.7,37.7,4622223.0,8215,916.0,2727.0
54,581593.55,2025.45,odd,20.0,2021-12-20,0.009946583164487014,2021-12-g014-2021-12-10-8215,daily_high_low_midpoint_proxy,13:30:00,2061.45,33.95,明基材,09:00:00,0.01,756176538.76,19185736.95,54,loss12,38.175,346,400,183,sell,2021-12-17,10.0,38.5,37.85,5429.0,8215,6.0,36.0
29000,821186.55,239593.0,board,344.0,2021-12-21,0.0003392909430014966,2021-09-g013-2021-09-17-6411,daily_high_low_midpoint_proxy,13:30:00,241750.0,214.0,晶焱,08:59:00,0.01,2417936433.55,9164623.55,1000,time63,241.75,271,1000,184,sell,2021-12-20,1088.0,245.0,238.5,2947323.0,6411,725.0,2157.0
42,831254.55,10068.0,odd,20.0,2021-12-21,0.009966777408637873,2021-09-g013-2021-09-17-6411,daily_high_low_midpoint_proxy,13:30:00,10164.0,214.0,晶焱,09:00:00,0.01,2417936433.55,9164623.55,42,time63,242.0,229,271,185,sell,2021-12-20,46.0,245.0,239.0,4214.0,6411,30.0,96.0
64,833663.55,2409.0,odd,20.0,2021-12-21,0.009962640099626401,2021-12-g014-2021-12-10-8215,daily_high_low_midpoint_proxy,13:30:00,2448.0,34.15,明基材,09:00:00,0.01,743560012.1425,18853590.15,64,loss12,38.25,282,346,186,sell,2021-12-17,12.0,38.6,37.9,6424.0,8215,7.0,39.0
67,849932.55,16269.0,odd,23.0,2021-12-22,0.009982121573301549,2021-09-g013-2021-09-17-6411,daily_high_low_midpoint_proxy,13:30:00,16415.0,219.0,晶焱,09:00:00,0.01,2354759652.4,8932730.1,67,time63,245.0,162,229,187,sell,2021-12-20,74.0,247.5,242.5,6712.0,6411,49.0,146.0
55,852023.68,2091.13,odd,20.0,2021-12-22,0.009942154736080983,2021-12-g014-2021-12-10-8215,daily_high_low_midpoint_proxy,13:30:00,2127.13,34.6,明基材,09:00:00,0.01,724200130.5625001,18347631.7,55,loss12,38.675,227,282,188,sell,2021-12-17,10.0,38.95,38.4,5532.0,8215,6.0,36.0
120,881339.68,29316.0,odd,42.0,2021-12-23,0.009927200529450696,2021-09-g013-2021-09-17-6411,daily_high_low_midpoint_proxy,13:30:00,29580.0,217.5,晶焱,09:00:00,0.01,2260230629.575,8589702.05,120,time63,246.5,42,162,189,sell,2021-12-20,134.0,250.0,243.0,12088.0,6411,88.0,264.0
100,885190.68,3851.0,odd,20.0,2021-12-23,0.009936406995230525,2021-12-g014-2021-12-10-8215,daily_high_low_midpoint_proxy,13:30:00,3900.0,34.5,明基材,09:00:00,0.01,701644916.2725,17756710.25,100,loss12,39.0,127,227,190,sell,2021-12-17,18.0,39.3,38.7,10064.0,8215,11.0,49.0
120,895300.68,10110.0,odd,20.0,2021-12-24,0.003474520185307743,2021-09-g013-2021-09-17-6411,daily_high_low_midpoint_proxy,13:30:00,10206.0,218.5,晶焱,09:00:00,0.01,2242544117.075,8539860.0,42,time63,243.0,0,42,191,sell,2021-12-20,46.0,246.0,240.0,12088.0,6411,30.0,96.0
62,897655.88,2355.2,odd,20.0,2021-12-24,0.009958239640218438,2021-12-g014-2021-12-10-8215,daily_high_low_midpoint_proxy,13:30:00,2393.2,34.7,明基材,09:00:00,0.01,702391348.7475001,17778309.75,62,loss12,38.6,65,127,192,sell,2021-12-17,11.0,38.7,38.5,6226.0,8215,7.0,38.0
459000,597084.88,-300571.0,board,426.0,2021-12-24,0.00012181787763032799,2021-12-g004-2021-12-23-2312,daily_high_low_midpoint_proxy,13:30:00,298800.0,18.4,金寶,08:59:00,0.01,707502559.0325,45980972.4,18000,leader_entry,16.6,18000,18000,193,buy,2021-12-23,1345.0,17.0,16.2,147761563.0,2312,0.0,1771.0
524,592368.73,-4716.15,odd,20.0,2021-12-24,0.005373680399405465,2021-12-g004-2021-12-23-2312,daily_high_low_midpoint_proxy,13:30:00,4674.15,18.4,金寶,09:00:00,0.01,707502559.0325,45980972.4,282,leader_entry,16.575000000000003,18282,282,194,buy,2021-12-23,22.0,16.85,16.3,52478.0,2312,0.0,42.0
73,594854.98,2486.25,odd,20.0,2021-12-27,0.00885196786054746,2021-12-g014-2021-12-10-8215,daily_high_low_midpoint_proxy,13:30:00,2525.25,34.5,明基材,09:00:00,0.01,691928601.1675,17487501.65,65,loss12,38.85,0,65,195,sell,2021-12-17,12.0,39.2,38.5,7343.0,8215,7.0,39.0
69000,321895.98,-272959.0,board,387.0,2022-01-03,0.00028976083720019173,2021-12-g012-2021-12-30-5371,daily_high_low_midpoint_proxy,13:30:00,271350.0,101.5,中強光電股份有限公司,08:59:00,0.01,596902395.8349999,6950059.85,3000,leader_entry,90.45,3000,3000,196,buy,2021-12-30,1222.0,93.0,87.9,10353366.0,5371,0.0,1609.0
342,292105.58,-29790.4,odd,42.0,2022-01-03,0.009689187217277104,2021-12-g012-2021-12-30-5371,daily_high_low_midpoint_proxy,13:30:00,29614.4,101.5,中強光電股份有限公司,09:00:00,0.01,596902395.8349999,6950059.85,332,leader_entry,89.2,3332,332,197,buy,2021-12-30,134.0,90.2,88.2,34265.0,5371,0.0,176.0
33000,520003.58,227898.0,board,328.0,2022-01-24,0.0008977074347531275,2021-12-g012-2021-12-30-5371,daily_high_low_midpoint_proxy,13:30:00,229950.0,69.2,中強光電股份有限公司,08:59:00,0.01,535588893.39000005,6225901.65,3000,loss12,76.65,332,3000,198,sell,2022-01-21,1035.0,78.2,75.1,3341846.0,5371,689.0,2052.0
81,526177.63,6174.05,odd,20.0,2022-01-24,0.009902200488997554,2021-12-g012-2021-12-30-5371,daily_high_low_midpoint_proxy,13:30:00,6241.05,69.2,中強光電股份有限公司,09:00:00,0.01,535588893.39000005,6225901.65,81,loss12,77.05,251,332,199,sell,2022-01-21,29.0,78.3,75.8,8180.0,5371,18.0,67.0
126,535612.23,9434.6,odd,20.0,2022-01-25,0.009936908517350157,2021-12-g012-2021-12-30-5371,daily_high_low_midpoint_proxy,13:30:00,9525.6,69.3,中強光電股份有限公司,09:00:00,0.01,537241848.19,6259185.45,126,loss12,75.6,125,251,200,sell,2022-01-21,43.0,77.0,74.2,12680.0,5371,28.0,91.0
64,540340.23,4728.0,odd,20.0,2022-01-26,0.009910188912976153,2021-12-g012-2021-12-30-5371,daily_high_low_midpoint_proxy,13:30:00,4784.0,66.0,中強光電股份有限公司,09:00:00,0.01,526802938.475,6159718.65,64,loss12,74.75,61,125,201,sell,2022-01-21,22.0,75.4,74.1,6458.0,5371,14.0,56.0
78,544830.73,4490.5,odd,20.0,2022-02-07,0.007733265720081136,2021-12-g012-2021-12-30-5371,daily_high_low_midpoint_proxy,13:30:00,4544.5,67.3,中強光電股份有限公司,09:00:00,0.01,511556871.7799999,5995099.4,61,loss12,74.5,0,61,202,sell,2022-01-21,21.0,75.8,73.2,7888.0,5371,13.0,54.0
65000,306425.73,-238405.0,board,338.0,2022-02-08,0.00028345896470865025,2022-02-g001-2022-02-07-2412,daily_high_low_midpoint_proxy,13:30:00,237000.0,130.0,中華電,08:59:00,0.01,761110621.45,6518887.2,2000,leader_entry,118.5,2000,2000,203,buy,2022-02-07,1067.0,119.0,118.0,7055695.0,2412,0.0,1405.0
223,279898.98,-26526.75,odd,38.0,2022-02-08,0.009982094897045659,2022-02-g001-2022-02-07-2412,daily_high_low_midpoint_proxy,13:30:00,26369.75,130.0,中華電,09:00:00,0.01,761110621.45,6518887.2,223,leader_entry,118.25,2223,411,204,buy,2022-02-07,119.0,118.5,118.0,22340.0,2412,0.0,157.0
619,388160.98,108262.0,odd,156.0,2022-02-14,0.00563257532964284,2021-12-g015-2021-12-09-3105,daily_high_low_midpoint_proxy,13:30:00,109237.0,288.0,穩懋,09:00:00,0.01,1145204869.55,3357036.1,349,loss12,313.0,0,349,205,sell,2022-02-11,492.0,316.0,310.0,61961.0,3105,327.0,975.0
556000,110525.98,-277635.0,board,393.0,2022-02-18,0.0004009511697775438,2022-02-g018-2022-02-17-2834,daily_high_low_midpoint_proxy,13:30:00,276000.0,12.65,臺企銀,08:59:00,0.01,606351157.23,55664966.2,24000,leader_entry,11.5,24000,24000,206,buy,2022-02-17,1242.0,11.65,11.35,59857663.0,2834,0.0,1635.0
1412,101098.8,-9427.18,odd,20.0,2022-02-18,0.0057277174798043085,2022-02-g018-2022-02-17-2834,daily_high_low_midpoint_proxy,13:30:00,9364.18,12.65,臺企銀,09:00:00,0.01,606351157.23,55664966.2,809,leader_entry,11.575,24809,809,207,buy,2022-02-17,43.0,11.65,11.5,141243.0,2834,0.0,63.0
129000,342821.8,241723.0,board,348.0,2022-03-08,0.0012849612066642372,2021-12-g004-2021-12-23-2312,daily_high_low_midpoint_proxy,13:30:00,243900.0,12.45,金寶,08:59:00,0.01,198441657.7225,12931217.35,18000,loss12,13.55,282,18000,208,sell,2022-03-07,1098.0,13.9,13.2,14008205.0,2312,731.0,2177.0
139,344674.73,1852.93,odd,20.0,2022-03-08,0.009945621064682313,2021-12-g004-2021-12-23-2312,daily_high_low_midpoint_proxy,13:30:00,1886.93,12.45,金寶,09:00:00,0.01,198441657.7225,12931217.35,139,loss12,13.575,143,282,209,sell,2022-03-07,9.0,13.85,13.3,13976.0,2312,5.0,34.0
109,346115.23,1440.5,odd,20.0,2022-03-09,0.009958885335769758,2021-12-g004-2021-12-23-2312,daily_high_low_midpoint_proxy,13:30:00,1471.5,11.95,金寶,09:00:00,0.01,198463412.8325,13036214.05,109,loss12,13.5,34,143,210,sell,2022-03-07,7.0,13.65,13.35,10945.0,2312,4.0,31.0
89,346574.88,459.65,odd,20.0,2022-03-10,0.003798882681564246,2021-12-g004-2021-12-23-2312,daily_high_low_midpoint_proxy,13:30:00,483.65,12.3,金寶,09:00:00,0.01,190469994.82750002,12580552.35,34,loss12,14.225000000000001,0,34,211,sell,2022-03-07,3.0,14.4,14.05,8950.0,2312,1.0,24.0
84000,593847.88,247273.0,board,356.0,2022-05-12,0.00023793652876539614,2022-02-g001-2022-02-07-2412,daily_high_low_midpoint_proxy,13:30:00,249500.0,112.5,中華電,08:59:00,0.01,1217460892.525,9505615.45,2000,time63,124.75,223,2000,212,sell,2022-05-11,1123.0,125.5,124.0,8405603.0,2412,748.0,2227.0
445,621418.13,27570.25,odd,40.0,2022-05-12,0.0050041514260709555,2022-02-g001-2022-02-07-2412,daily_high_low_midpoint_proxy,13:30:00,27819.25,112.5,中華電,09:00:00,0.01,1217460892.525,9505615.45,223,time63,124.75,0,223,213,sell,2022-05-11,126.0,125.5,124.0,44563.0,2412,83.0,249.0
307000,911011.13,289593.0,board,416.0,2022-05-24,0.0007810410867639993,2022-02-g018-2022-02-17-2834,daily_high_low_midpoint_proxy,13:30:00,292200.0,10.85,臺企銀,08:59:00,0.01,568717613.5775,46766279.2,24000,time63,12.175,809,24000,214,sell,2022-05-23,1315.0,12.3,12.05,30728217.0,2834,876.0,2607.0
609,918349.71,7338.58,odd,20.0,2022-05-24,0.009988518943742824,2022-02-g018-2022-02-17-2834,daily_high_low_midpoint_proxy,13:30:00,7414.58,10.85,臺企銀,09:00:00,0.01,568717613.5775,46766279.2,609,time63,12.175,200,809,215,sell,2022-05-23,34.0,12.25,12.1,60970.0,2834,22.0,76.0
648,920716.71,2367.0,odd,20.0,2022-05-25,0.003082756600952572,2022-02-g018-2022-02-17-2834,daily_high_low_midpoint_proxy,13:30:00,2405.0,10.9,臺企銀,09:00:00,0.01,530009571.1025001,43826235.85,200,time63,12.024999999999999,0,200,216,sell,2022-05-23,11.0,12.1,11.95,64877.0,2834,7.0,38.0
54000,659226.71,-261490.0,board,370.0,2022-11-16,0.00030703170143254853,2022-11-g005-2022-11-15-2606,daily_high_low_midpoint_proxy,13:30:00,259950.0,46.5,裕民,08:59:00,0.01,204982293.29250002,5416402.85,6000,leader_entry,43.325,6000,6000,217,buy,2022-11-15,1170.0,44.35,42.3,19541956.0,2606,0.0,1540.0
417,640989.63,-18237.08,odd,26.0,2022-11-16,0.009983241560928896,2022-11-g005-2022-11-15-2606,daily_high_low_midpoint_proxy,13:30:00,18129.08,46.5,裕民,09:00:00,0.01,204982293.29250002,5416402.85,417,leader_entry,43.475,6417,561,218,buy,2022-11-15,82.0,44.1,42.85,41770.0,2606,0.0,108.0
48000,382516.63,-258473.0,board,366.0,2022-11-21,0.00016615240650714853,2022-11-g014-2022-11-18-6245,daily_high_low_midpoint_proxy,13:30:00,256950.0,91.0,立端,08:59:00,0.01,346056791.38,4833679.0,3000,leader_entry,85.65,3000,3000,219,buy,2022-11-18,1157.0,89.8,81.5,18055712.0,6245,0.0,1523.0
390,353787.88,-28728.75,odd,41.0,2022-11-21,0.00857918459332104,2022-11-g014-2022-11-18-6245,daily_high_low_midpoint_proxy,13:30:00,28558.75,91.0,立端,09:00:00,0.01,346056791.38,4833679.0,335,leader_entry,85.25,3335,335,220,buy,2022-11-18,129.0,88.8,81.7,39048.0,6245,0.0,170.0
118000,96873.88,-256914.0,board,364.0,2022-11-22,0.00044726962301823913,2022-11-g011-2022-11-21-2468,daily_high_low_midpoint_proxy,13:30:00,255400.0,35.0,華經,08:59:00,0.01,316713939.5,11816192.45,8000,leader_entry,31.925,8000,8000,221,buy,2022-11-21,1150.0,33.25,30.6,17886303.0,2468,0.0,1514.0
56,95038.88,-1835.0,odd,20.0,2022-11-22,0.009874801622288838,2022-11-g011-2022-11-21-2468,daily_high_low_midpoint_proxy,13:30:00,1806.0,35.0,華經,09:00:00,0.01,316713939.5,11816192.45,56,leader_entry,32.25,8056,658,222,buy,2022-11-21,9.0,33.5,31.0,5671.0,2468,0.0,29.0
17000,305939.88,210901.0,board,303.0,2022-12-20,0.004640005196805821,2022-11-g011-2022-11-21-2468,daily_high_low_midpoint_proxy,13:30:00,212800.0,24.2,華經,08:59:00,0.01,167100368.19750002,5524316.4,8000,loss12,26.6,56,8000,223,sell,2022-12-19,958.0,27.4,25.8,1724136.0,2468,638.0,1899.0
20,306447.38,507.5,odd,20.0,2022-12-20,0.009587727708533078,2022-11-g011-2022-11-21-2468,daily_high_low_midpoint_proxy,13:30:00,531.5,24.2,華經,09:00:00,0.01,167100368.19750002,5524316.4,20,loss12,26.575,36,56,224,sell,2022-12-19,3.0,27.25,25.9,2086.0,2468,1.0,24.0
60,307404.98,957.6,odd,20.0,2022-12-21,0.005948446794448116,2022-11-g011-2022-11-21-2468,daily_high_low_midpoint_proxy,13:30:00,984.6,23.45,華經,09:00:00,0.01,141980011.7475,4716208.05,36,loss12,27.35,0,36,225,sell,2022-12-19,5.0,28.65,26.05,6052.0,2468,2.0,27.0
121000,40204.98,-267200.0,board,379.0,2023-01-10,0.001341175687230256,2023-01-g017-2023-01-09-2887,daily_high_low_midpoint_proxy,13:30:00,265625.0,17.2,台新新光金,08:59:00,0.01,184953647.185,12199851.65,17000,leader_entry,15.625,17000,17000,226,buy,2023-01-09,1196.0,15.7,15.55,12675446.0,2887,0.0,1575.0
1098,30171.23,-10033.75,odd,20.0,2023-01-10,0.005808237136302392,2023-01-g017-2023-01-09-2887,daily_high_low_midpoint_proxy,13:30:00,9968.75,17.2,台新新光金,09:00:00,0.01,184953647.185,12199851.65,638,leader_entry,15.625,17638,638,227,buy,2023-01-09,45.0,15.7,15.55,109844.0,2887,0.0,65.0
44000,392013.23,361842.0,board,520.0,2023-02-24,0.00013005722084192975,2022-11-g005-2022-11-15-2606,daily_high_low_midpoint_proxy,13:30:00,365100.0,51.0,裕民,08:59:00,0.01,229921285.65749997,4418243.6,6000,time63,60.85,417,6000,228,sell,2023-02-23,1643.0,62.0,59.7,46133540.0,2606,1095.0,3258.0
792,417181.53,25168.3,odd,36.0,2023-02-24,0.005260303003544712,2022-11-g005-2022-11-15-2606,daily_high_low_midpoint_proxy,13:30:00,25395.3,51.0,裕民,09:00:00,0.01,229921285.65749997,4418243.6,417,time63,60.9,0,417,229,sell,2023-02-23,115.0,61.8,60.0,79273.0,2606,76.0,227.0
144000,109821.53,-307360.0,board,435.0,2023-03-01,0.0003223555607623654,2023-02-g007-2023-02-24-5009,daily_high_low_midpoint_proxy,13:30:00,305550.0,49.55,榮剛,08:59:00,0.01,594130168.2,14483830.55,7000,leader_entry,43.65,7000,7000,230,buy,2023-02-24,1375.0,44.8,42.5,21715152.0,5009,0.0,1810.0
583,102233.93,-7587.6,odd,20.0,2023-03-01,0.002949043275495508,2023-02-g007-2023-02-24-5009,daily_high_low_midpoint_proxy,13:30:00,7533.6,49.55,榮剛,09:00:00,0.01,594130168.2,14483830.55,172,leader_entry,43.8,7172,172,231,buy,2023-02-24,34.0,44.9,42.7,58324.0,5009,0.0,54.0
88000,460507.93,358274.0,board,515.0,2023-03-03,0.00018245310757477795,2022-11-g014-2022-11-18-6245,daily_high_low_midpoint_proxy,13:30:00,361500.0,105.0,立端,08:59:00,0.01,957965230.95,8879119.1,3000,time63,120.5,335,3000,232,sell,2023-03-02,1627.0,125.5,115.5,16442581.0,6245,1084.0,3226.0
400,500514.43,40006.5,odd,58.0,2023-03-03,0.008374581270936453,2022-11-g014-2022-11-18-6245,daily_high_low_midpoint_proxy,13:30:00,40367.5,105.0,立端,09:00:00,0.01,957965230.95,8879119.1,335,time63,120.5,0,335,233,sell,2023-03-02,182.0,125.5,115.5,40002.0,6245,121.0,361.0
110000,187947.43,-312567.0,board,443.0,2023-03-07,0.0008130964909736804,2023-03-g003-2023-03-06-8222,daily_high_low_midpoint_proxy,13:30:00,310725.0,37.55,寶一,08:59:00,0.01,537598368.7375,16410698.3,9000,leader_entry,34.525,9000,9000,234,buy,2023-03-06,1399.0,35.0,34.05,11068797.0,8222,0.0,1842.0
141,183044.46,-4902.97,odd,20.0,2023-03-07,0.009956220872758085,2023-03-g003-2023-03-06-8222,daily_high_low_midpoint_proxy,13:30:00,4860.97,37.55,寶一,09:00:00,0.01,537598368.7375,16410698.3,141,leader_entry,34.474999999999994,9141,738,235,buy,2023-03-06,22.0,34.9,34.05,14162.0,8222,0.0,42.0
113000,471993.46,288949.0,board,415.0,2023-04-26,0.0011342737218670092,2023-01-g017-2023-01-09-2887,daily_high_low_midpoint_proxy,13:30:00,291550.0,15.4,台新新光金,08:59:00,0.01,191442550.75500003,11369796.3,17000,time63,17.15,638,17000,236,sell,2023-04-25,1312.0,17.25,17.05,14987564.0,2887,874.0,2601.0
756,482817.21,10823.75,odd,20.0,2023-04-26,0.008436363636363636,2023-01-g017-2023-01-09-2887,daily_high_low_midpoint_proxy,13:30:00,10925.75,15.4,台新新光金,09:00:00,0.01,191442550.75500003,11369796.3,638,time63,17.125,0,638,237,sell,2023-04-25,50.0,17.2,17.05,75625.0,2887,32.0,102.0
190000,62742.21,-420075.0,board,595.0,2023-05-03,0.00022947927480877493,2023-05-g006-2023-05-02-1905,daily_high_low_midpoint_proxy,13:30:00,417600.0,28.3,華紙,08:59:00,0.01,446326626.23999995,19001569.8,16000,leader_entry,26.1,16000,16000,238,buy,2023-05-02,1880.0,27.0,25.2,69723072.0,1905,0.0,2475.0
1002,37537.21,-25205.0,odd,36.0,2023-05-03,0.009571381569108367,2023-05-g006-2023-05-02-1905,daily_high_low_midpoint_proxy,13:30:00,25056.0,28.3,華紙,09:00:00,0.01,446326626.23999995,19001569.8,960,leader_entry,26.1,16960,960,239,buy,2023-05-02,113.0,26.85,25.35,100299.0,1905,0.0,149.0
146000,435404.21,397867.0,board,572.0,2023-06-02,0.000477584242449052,2023-02-g007-2023-02-24-5009,daily_high_low_midpoint_proxy,13:30:00,401450.0,51.5,榮剛,08:59:00,0.01,1022263990.475,18557141.05,7000,time63,57.35,172,7000,240,sell,2023-06-01,1807.0,58.1,56.6,14657100.0,5009,1204.0,3583.0
452,445191.61,9787.4,odd,20.0,2023-06-02,0.003802785761662613,2023-02-g007-2023-02-24-5009,daily_high_low_midpoint_proxy,13:30:00,9881.4,51.5,榮剛,09:00:00,0.01,1022263990.475,18557141.05,172,time63,57.45,0,172,241,sell,2023-06-01,45.0,57.9,57.0,45230.0,5009,29.0,94.0
40000,101919.61,-343272.0,board,486.0,2023-06-06,0.0003728632604779237,2023-06-g013-2023-06-05-2455,daily_high_low_midpoint_proxy,13:30:00,341250.0,127.0,全新,08:59:00,0.01,414828081.055,4011679.05,3000,leader_entry,113.75,3000,3000,242,buy,2023-06-05,1536.0,117.5,110.0,8045845.0,2455,0.0,2022.0
192,80142.61,-21777.0,odd,31.0,2023-06-06,0.00994973311913769,2023-06-g013-2023-06-05-2455,daily_high_low_midpoint_proxy,13:30:00,21648.0,127.0,全新,09:00:00,0.01,414828081.055,4011679.05,192,leader_entry,112.75,3192,484,243,buy,2023-06-05,98.0,115.0,110.5,19297.0,2455,0.0,129.0
104000,634499.61,554357.0,board,797.0,2023-06-08,0.0008622952767297164,2023-03-g003-2023-03-06-8222,daily_high_low_midpoint_proxy,13:30:00,559350.0,55.6,寶一,08:59:00,0.01,841328122.54,14029505.1,9000,time63,62.15,141,9000,244,sell,2023-06-07,2518.0,63.5,60.8,10437260.0,8222,1678.0,4993.0
182,643197.91,8698.3,odd,20.0,2023-06-08,0.007734927862197597,2023-03-g003-2023-03-06-8222,daily_high_low_midpoint_proxy,13:30:00,8784.3,55.6,寶一,09:00:00,0.01,841328122.54,14029505.1,141,time63,62.3,0,141,245,sell,2023-06-07,40.0,63.5,61.1,18229.0,8222,26.0,86.0
23000,280309.91,-362888.0,board,514.0,2023-06-09,0.00044331710546440054,2023-06-g020-2023-06-08-3014,daily_high_low_midpoint_proxy,13:30:00,360750.0,130.0,聯陽,08:59:00,0.01,260889215.15,2383872.7,3000,leader_entry,120.25,3000,3000,246,buy,2023-06-08,1624.0,123.5,117.0,6767165.0,3014,0.0,2138.0
242,251340.91,-28969.0,odd,41.0,2023-06-09,0.009971979561562552,2023-06-g020-2023-06-08-3014,daily_high_low_midpoint_proxy,13:30:00,28798.0,130.0,聯陽,09:00:00,0.01,260889215.15,2383872.7,242,leader_entry,119.0,3242,774,247,buy,2023-06-08,130.0,120.5,117.5,24268.0,3014,0.0,171.0
351000,783979.51,505845.0,board,727.0,2023-08-02,0.00018144677264594642,2023-05-g006-2023-05-02-1905,daily_high_low_midpoint_proxy,13:30:00,510400.0,28.0,華紙,08:59:00,0.01,1052849963.8675001,35177767.4,16000,time63,31.900000000000002,960,16000,248,sell,2023-08-01,2297.0,33.2,30.6,88180130.0,1905,1531.0,4555.0
1337,814258.51,30279.0,odd,44.0,2023-08-02,0.0071791803769069695,2023-05-g006-2023-05-02-1905,daily_high_low_midpoint_proxy,13:30:00,30552.0,28.0,華紙,09:00:00,0.01,1052849963.8675001,35177767.4,960,time63,31.825000000000003,0,960,249,sell,2023-08-01,138.0,32.95,30.7,133720.0,1905,91.0,273.0
66000,374166.51,-440092.0,board,623.0,2023-08-08,0.0010516326070408005,2023-08-g013-2023-08-07-3689,daily_high_low_midpoint_proxy,13:30:00,437500.0,71.0,湧德,08:59:00,0.01,423485239.66999996,7210564.2,7000,leader_entry,62.5,7000,7000,250,buy,2023-08-07,1969.0,64.8,60.2,6656317.0,3689,0.0,2592.0
131,365967.86,-8198.65,odd,20.0,2023-08-08,0.009987039719448044,2023-08-g013-2023-08-07-3689,daily_high_low_midpoint_proxy,13:30:00,8141.65,71.0,湧德,09:00:00,0.01,423485239.66999996,7210564.2,131,leader_entry,62.15,7131,894,251,buy,2023-08-07,37.0,63.5,60.8,13117.0,3689,0.0,57.0
51000,814065.86,443010.0,board,637.0,2023-09-06,0.0004392203896646172,2023-06-g013-2023-06-05-2455,daily_high_low_midpoint_proxy,13:30:00,447000.0,136.5,全新,08:59:00,0.01,720463891.475,5172493.4,3000,time63,149.0,192,3000,252,sell,2023-09-05,2012.0,152.0,146.0,6830284.0,2455,1341.0,3990.0
206,842512.86,28447.0,odd,41.0,2023-09-06,0.009319483545286866,2023-06-g013-2023-06-05-2455,daily_high_low_midpoint_proxy,13:30:00,28704.0,136.5,全新,09:00:00,0.01,720463891.475,5172493.4,192,time63,149.5,0,192,253,sell,2023-09-05,130.0,152.0,147.0,20602.0,2455,86.0,257.0
73000,341159.86,-501353.0,board,710.0,2023-09-07,0.0003213969712192226,2023-09-g012-2023-09-06-6191,daily_high_low_midpoint_proxy,13:30:00,498400.0,66.5,精成科,08:59:00,0.01,409680961.14,7329939.25,8000,leader_entry,62.3,8000,8000,254,buy,2023-09-06,2243.0,64.6,60.0,24891336.0,6191,0.0,2953.0
877,293367.16,-47792.7,odd,68.0,2023-09-07,0.008687126635961512,2023-09-g012-2023-09-06-6191,daily_high_low_midpoint_proxy,13:30:00,47510.7,66.5,精成科,09:00:00,0.01,409680961.14,7329939.25,762,leader_entry,62.349999999999994,8762,762,255,buy,2023-09-06,214.0,64.3,60.4,87716.0,6191,0.0,282.0
49000,772800.16,479433.0,board,689.0,2023-09-11,0.00025326825802429823,2023-06-g020-2023-06-08-3014,daily_high_low_midpoint_proxy,13:30:00,483750.0,146.5,聯陽,08:59:00,0.01,726473850.85,4928137.3,3000,time63,161.25,242,3000,256,sell,2023-09-08,2177.0,166.5,156.0,11845148.0,3014,1451.0,4317.0
482,811115.66,38315.5,odd,55.0,2023-09-11,0.005011181976310776,2023-06-g020-2023-06-08-3014,daily_high_low_midpoint_proxy,13:30:00,38659.5,146.5,聯陽,09:00:00,0.01,726473850.85,4928137.3,242,time63,159.75,0,242,257,sell,2023-09-08,174.0,163.5,156.0,48292.0,3014,115.0,344.0
18000,299099.66,-512016.0,board,725.0,2023-09-13,0.0005329163795579672,2023-09-g005-2023-09-12-2327,daily_high_low_midpoint_proxy,13:30:00,509000.0,565.0,國巨*,08:59:00,0.01,948442918.325,1940328.65,1000,leader_entry,509.0,1000,1000,258,buy,2023-09-12,2291.0,514.0,504.0,1876467.0,2327,0.0,3016.0
215,287841.66,-11258.0,odd,20.0,2023-09-13,0.0010232558139534884,2023-09-g005-2023-09-12-2327,daily_high_low_midpoint_proxy,13:30:00,11187.0,565.0,國巨*,09:00:00,0.01,948442918.325,1940328.65,22,leader_entry,508.5,1022,22,259,buy,2023-09-12,51.0,512.0,505.0,21500.0,2327,0.0,71.0
6000,605678.66,317837.0,board,457.0,2023-10-12,0.008599450495113362,2023-08-g013-2023-08-07-3689,daily_high_low_midpoint_proxy,13:30:00,320700.0,47.65,湧德,08:59:00,0.01,96272852.915,1623752.7,6000,loss12,53.45,1131,7000,260,sell,2023-10-11,1444.0,53.9,53.0,697719.0,3689,962.0,2863.0
44,607996.86,2318.2,odd,20.0,2023-10-12,0.00987211128561813,2023-08-g013-2023-08-07-3689,daily_high_low_midpoint_proxy,13:30:00,2356.2,47.65,湧德,09:00:00,0.01,96272852.915,1623752.7,44,loss12,53.55,1087,131,261,sell,2023-10-11,11.0,53.8,53.3,4457.0,3689,7.0,38.0
8000,660275.86,52279.0,board,75.0,2023-10-13,0.001145312693271517,2023-08-g013-2023-08-07-3689,daily_high_low_midpoint_proxy,13:30:00,52750.0,48.15,湧德,08:59:00,0.01,92853466.78,1568437.55,1000,loss12,52.75,87,1000,262,sell,2023-10-11,238.0,53.4,52.1,873124.0,3689,158.0,471.0
60,663399.86,3124.0,odd,20.0,2023-10-13,0.009878169245966415,2023-08-g013-2023-08-07-3689,daily_high_low_midpoint_proxy,13:30:00,3168.0,48.15,湧德,09:00:00,0.01,92853466.78,1568437.55,60,loss12,52.8,27,87,263,sell,2023-10-11,15.0,53.3,52.3,6074.0,3689,9.0,44.0
17,664261.26,861.4,odd,20.0,2023-10-16,0.009523809523809525,2023-08-g013-2023-08-07-3689,daily_high_low_midpoint_proxy,13:30:00,887.4,47.25,湧德,09:00:00,0.01,90687387.09,1534965.2,17,loss12,52.2,10,27,264,sell,2023-10-11,4.0,52.5,51.9,1785.0,3689,2.0,26.0
204,664752.26,491.0,odd,20.0,2023-10-17,0.000489452302873085,2023-08-g013-2023-08-07-3689,daily_high_low_midpoint_proxy,13:30:00,515.0,46.8,湧德,09:00:00,0.01,89453884.39000002,1518340.15,10,loss12,51.5,0,10,265,sell,2023-10-11,3.0,52.1,50.9,20431.0,3689,1.0,24.0
22000,148712.26,-516040.0,board,731.0,2023-10-18,0.0008477464356501113,2023-10-g011-2023-10-17-3491,daily_high_low_midpoint_proxy,13:30:00,513000.0,187.5,昇達科,08:59:00,0.01,373014950.825,2290461.75,3000,leader_entry,171.0,3000,3000,266,buy,2023-10-17,2309.0,175.0,167.0,3538794.0,3491,0.0,3040.0
222,145276.26,-3436.0,odd,20.0,2023-10-18,0.0009004141905276427,2023-10-g011-2023-10-17-3491,daily_high_low_midpoint_proxy,13:30:00,3400.0,187.5,昇達科,09:00:00,0.01,373014950.825,2290461.75,20,leader_entry,170.0,3020,20,267,buy,2023-10-17,16.0,173.0,167.0,22212.0,3491,0.0,36.0
37000,718117.26,572841.0,board,824.0,2023-12-08,0.0021376256857102397,2023-09-g012-2023-09-06-6191,daily_high_low_midpoint_proxy,13:30:00,578000.0,64.4,精成科,08:59:00,0.01,393535593.645,5872786.7,8000,time63,72.25,762,8000,268,sell,2023-12-07,2601.0,72.9,71.6,3742470.0,6191,1734.0,5159.0
124,726970.66,8853.4,odd,20.0,2023-12-08,0.009935101354058168,2023-09-g012-2023-09-06-6191,daily_high_low_midpoint_proxy,13:30:00,8940.4,64.4,精成科,09:00:00,0.01,393535593.645,5872786.7,124,time63,72.1,638,762,269,sell,2023-12-07,41.0,72.5,71.7,12481.0,6191,26.0,87.0
205,741526.91,14556.25,odd,21.0,2023-12-11,0.009990253411306042,2023-09-g012-2023-09-06-6191,daily_high_low_midpoint_proxy,13:30:00,14688.25,65.0,精成科,09:00:00,0.01,393104822.84499997,5835053.95,205,time63,71.65,433,638,270,sell,2023-12-07,67.0,72.4,70.9,20520.0,6191,44.0,132.0
25000,265472.91,-476054.0,board,674.0,2023-12-11,0.001177848439959372,2023-12-g007-2023-12-08-2458,daily_high_low_midpoint_proxy,13:30:00,473250.0,173.0,義隆,08:59:00,0.01,447084747.425,2994305.4,3000,leader_entry,157.75,3000,3000,271,buy,2023-12-08,2130.0,159.5,156.0,2547017.0,2458,0.0,2804.0
280,221040.91,-44432.0,odd,63.0,2023-12-11,0.009970444753053448,2023-12-g007-2023-12-08-2458,daily_high_low_midpoint_proxy,13:30:00,44170.0,173.0,義隆,09:00:00,0.01,447084747.425,2994305.4,280,leader_entry,157.75,3280,534,272,buy,2023-12-08,199.0,159.0,156.5,28083.0,2458,0.0,262.0
172,233073.11,12032.2,odd,20.0,2023-12-12,0.009942771258454245,2023-09-g012-2023-09-06-6191,daily_high_low_midpoint_proxy,13:30:00,12143.2,63.7,精成科,09:00:00,0.01,395037566.96,5846632.2,172,time63,70.6,261,433,273,sell,2023-12-07,55.0,71.1,70.1,17299.0,6191,36.0,111.0
135,242545.86,9472.75,odd,20.0,2023-12-13,0.00997340425531915,2023-09-g012-2023-09-06-6191,daily_high_low_midpoint_proxy,13:30:00,9564.75,63.3,精成科,09:00:00,0.01,401269140.71500003,5920500.25,135,time63,70.85,126,261,274,sell,2023-12-07,44.0,71.4,70.3,13536.0,6191,28.0,92.0
438,251635.96,9090.1,odd,20.0,2023-12-14,0.002876252653685484,2023-09-g012-2023-09-06-6191,daily_high_low_midpoint_proxy,13:30:00,9179.1,64.0,精成科,09:00:00,0.01,397924422.025,5855824.05,126,time63,72.85,0,126,275,sell,2023-12-07,42.0,73.5,72.2,43807.0,6191,27.0,89.0
27000,868084.96,616449.0,board,886.0,2023-12-14,0.00014190131586509216,2023-09-g005-2023-09-12-2327,daily_high_low_midpoint_proxy,13:30:00,622000.0,545.0,國巨*,08:59:00,0.01,1606799588.5,2715976.7,1000,time63,622.0,22,1000,276,sell,2023-12-13,2799.0,634.0,610.0,7047151.0,2327,1866.0,5551.0
3651,881689.96,13605.0,odd,20.0,2023-12-14,6.025383296541978e-05,2023-09-g005-2023-09-12-2327,daily_high_low_midpoint_proxy,13:30:00,13728.0,545.0,國巨*,09:00:00,0.01,1606799588.5,2715976.7,22,time63,624.0,0,22,277,sell,2023-12-13,62.0,631.0,617.0,365122.0,2327,41.0,123.0
910,308050.96,-573639.0,odd,813.0,2023-12-18,0.009201510892480674,2023-12-g003-2023-12-15-6472,daily_high_low_midpoint_proxy,13:30:00,570259.0,743.0,保瑞,09:00:00,0.01,1215367535.85,1892488.05,838,leader_entry,680.5,838,838,278,buy,2023-12-15,2567.0,688.0,673.0,91072.0,6472,0.0,3380.0
4000,788970.96,480920.0,board,691.0,2024-01-16,0.005632078819065713,2023-10-g011-2023-10-17-3491,daily_high_low_midpoint_proxy,13:30:00,485250.0,146.0,昇達科,08:59:00,0.01,72827049.925,451634.9,3000,time63,161.75,20,3000,279,sell,2024-01-15,2184.0,163.0,160.5,532663.0,3491,1455.0,4330.0
52,792156.96,3186.0,odd,20.0,2024-01-16,0.00384172109104879,2023-10-g011-2023-10-17-3491,daily_high_low_midpoint_proxy,13:30:00,3230.0,146.0,昇達科,09:00:00,0.01,72827049.925,451634.9,20,time63,161.5,0,20,280,sell,2024-01-15,15.0,162.5,160.5,5206.0,3491,9.0,44.0
37000,310317.96,-481839.0,board,683.0,2024-01-24,0.0005195147939630303,2024-01-g009-2024-01-23-3265,daily_high_low_midpoint_proxy,13:30:00,479000.0,131.0,台星科,08:59:00,0.01,400911464.085,3747003.2,4000,leader_entry,119.75,4000,4000,281,buy,2024-01-23,2156.0,122.5,117.0,7699492.0,3265,0.0,2839.0
205,285674.46,-24643.5,odd,35.0,2024-01-24,0.00996257957914176,2024-01-g009-2024-01-23-3265,daily_high_low_midpoint_proxy,13:30:00,24497.5,131.0,台星科,09:00:00,0.01,400911464.085,3747003.2,205,leader_entry,119.5,4205,664,282,buy,2024-01-23,111.0,121.5,117.5,20577.0,3265,0.0,146.0
31000,783689.46,498015.0,board,716.0,2024-03-20,0.0009613283250263885,2023-12-g007-2023-12-08-2458,daily_high_low_midpoint_proxy,13:30:00,502500.0,148.5,義隆,08:59:00,0.01,537577578.375,3243523.9,3000,time63,167.5,280,3000,283,sell,2024-03-19,2262.0,170.0,165.0,3120682.0,2458,1507.0,4485.0
376,830309.46,46620.0,odd,67.0,2024-03-20,0.007435931483202762,2023-12-g007-2023-12-08-2458,daily_high_low_midpoint_proxy,13:30:00,47040.0,148.5,義隆,09:00:00,0.01,537577578.375,3243523.9,280,time63,168.0,0,280,284,sell,2024-03-19,212.0,169.0,167.0,37655.0,2458,141.0,420.0
665,1251451.46,421142.0,odd,606.0,2024-03-27,0.009992336704181756,2023-12-g003-2023-12-15-6472,daily_high_low_midpoint_proxy,13:30:00,424935.0,558.0,保瑞,09:00:00,0.01,776563075.65,1196166.8,665,time63,639.0,173,838,285,sell,2024-03-26,1913.0,652.0,626.0,66551.0,6472,1274.0,3793.0
623,1363497.96,112046.5,odd,161.0,2024-03-28,0.002776796892555616,2023-12-g003-2023-12-15-6472,daily_high_low_midpoint_proxy,13:30:00,113055.5,581.0,保瑞,09:00:00,0.01,812065410.15,1254262.9,173,time63,653.5,0,173,286,sell,2024-03-26,509.0,659.0,648.0,62302.0,6472,339.0,1009.0
397000,843132.96,-520365.0,board,737.0,2024-04-03,5.474754265654786e-05,2024-04-g005-2024-04-02-2486,daily_high_low_midpoint_proxy,13:30:00,517300.0,79.8,一詮,08:59:00,0.01,2309800174.245,39735501.0,7000,leader_entry,73.9,7000,7000,287,buy,2024-04-02,2328.0,77.8,70.0,127859620.0,2486,0.0,3065.0
1568,770032.56,-73100.4,odd,104.0,2024-04-03,0.006272909826921238,2024-04-g005-2024-04-02-2486,daily_high_low_midpoint_proxy,13:30:00,72668.4,79.8,一詮,09:00:00,0.01,2309800174.245,39735501.0,984,leader_entry,73.85,7984,984,288,buy,2024-04-02,328.0,77.2,70.5,156865.0,2486,0.0,432.0
137000,250722.56,-519310.0,board,736.0,2024-04-09,0.00014785473426127754,2024-04-g008-2024-04-08-6188,daily_high_low_midpoint_proxy,13:30:00,516250.0,114.5,廣明,08:59:00,0.01,1362574437.6,13769135.65,5000,leader_entry,103.25,5000,5000,289,buy,2024-04-08,2324.0,108.5,98.0,33816976.0,6188,0.0,3060.0
1474,189801.96,-60920.6,odd,86.0,2024-04-09,0.004014648040146481,2024-04-g008-2024-04-08-6188,daily_high_low_midpoint_proxy,13:30:00,60561.6,114.5,廣明,09:00:00,0.01,1362574437.6,13769135.65,592,leader_entry,102.3,5592,592,290,buy,2024-04-08,273.0,106.0,98.6,147460.0,6188,0.0,359.0
49000,628599.96,438798.0,board,631.0,2024-04-17,0.001014076188760953,2024-04-g008-2024-04-08-6188,daily_high_low_midpoint_proxy,13:30:00,442750.0,78.2,廣明,08:59:00,0.01,1700190127.7150002,17159630.45,5000,loss12,88.55,592,5000,291,sell,2024-04-16,1993.0,89.6,87.5,4930596.0,6188,1328.0,3952.0
294,654400.66,25800.7,odd,37.0,2024-04-17,0.00997184818369908,2024-04-g008-2024-04-08-6188,daily_high_low_midpoint_proxy,13:30:00,26033.7,78.2,廣明,09:00:00,0.01,1700190127.7150002,17159630.45,294,loss12,88.55,298,592,292,sell,2024-04-16,118.0,89.5,87.6,29483.0,6188,78.0,233.0
273,678291.56,23890.9,odd,34.0,2024-04-18,0.009984639016897081,2024-04-g008-2024-04-08-6188,daily_high_low_midpoint_proxy,13:30:00,24105.9,80.1,廣明,09:00:00,0.01,1714147498.7350001,17306919.25,273,loss12,88.3,25,298,293,sell,2024-04-16,109.0,89.1,87.5,27342.0,6188,72.0,215.0
514,680403.06,2111.5,odd,20.0,2024-04-19,0.0004855783237836263,2024-04-g008-2024-04-08-6188,daily_high_low_midpoint_proxy,13:30:00,2147.5,79.0,廣明,09:00:00,0.01,1656870700.59,16658317.65,25,loss12,85.9,0,25,294,sell,2024-04-16,10.0,88.3,83.5,51485.0,6188,6.0,36.0
2697,172102.06,-508301.0,odd,720.0,2024-04-19,0.0028955417554917045,2024-04-g009-2024-04-18-3017,daily_high_low_midpoint_proxy,13:30:00,505307.0,748.0,奇鋐,09:00:00,0.01,8712303667.0,14926037.3,781,leader_entry,647.0,781,781,295,buy,2024-04-18,2274.0,679.0,615.0,269725.0,3017,0.0,2994.0
16000,704309.06,532207.0,board,765.0,2024-05-07,0.002395958497206911,2024-01-g009-2024-01-23-3265,daily_high_low_midpoint_proxy,13:30:00,537000.0,119.0,台星科,08:59:00,0.01,244899425.225,1921964.4,4000,time63,134.25,205,4000,296,sell,2024-05-06,2417.0,136.0,132.5,1669478.0,3265,1611.0,4793.0
92,716456.06,12147.0,odd,20.0,2024-05-07,0.009956709956709957,2024-01-g009-2024-01-23-3265,daily_high_low_midpoint_proxy,13:30:00,12259.0,119.0,台星科,09:00:00,0.01,244899425.225,1921964.4,92,time63,133.25,113,205,297,sell,2024-05-06,56.0,134.5,132.0,9240.0,3265,36.0,112.0
49,722879.56,6423.5,odd,20.0,2024-05-08,0.00984726688102894,2024-01-g009-2024-01-23-3265,daily_high_low_midpoint_proxy,13:30:00,6492.5,119.5,台星科,09:00:00,0.01,234277625.875,1843631.65,49,time63,132.5,64,113,298,sell,2024-05-06,30.0,134.0,131.0,4976.0,3265,19.0,69.0
89000,200049.56,-522830.0,board,741.0,2024-05-08,0.00020622115002936293,2024-05-g013-2024-05-07-2637,daily_high_low_midpoint_proxy,13:30:00,519750.0,79.0,慧洋-KY,08:59:00,0.01,598827637.32,8910472.1,7000,leader_entry,74.25,7000,7000,299,buy,2024-05-07,2339.0,78.4,70.1,33944142.0,2637,0.0,3080.0
895,133651.31,-66398.25,odd,94.0,2024-05-08,0.009989619724755282,2024-05-g013-2024-05-07-2637,daily_high_low_midpoint_proxy,13:30:00,66006.25,79.0,慧洋-KY,09:00:00,0.01,598827637.32,8910472.1,895,leader_entry,73.75,7895,972,300,buy,2024-05-07,298.0,77.2,70.3,89593.0,2637,0.0,392.0
147,141968.31,8317.0,odd,20.0,2024-05-09,0.004344579458285249,2024-01-g009-2024-01-23-3265,daily_high_low_midpoint_proxy,13:30:00,8400.0,120.0,台星科,09:00:00,0.01,223727152.475,1759880.45,64,time63,131.25,0,64,301,sell,2024-05-06,38.0,134.0,128.5,14731.0,3265,25.0,83.0
243000,1151364.91,1004207.0,board,1444.0,2024-07-05,0.00013999399145788661,2024-04-g005-2024-04-02-2486,daily_high_low_midpoint_proxy,13:30:00,1013250.0,124.5,一詮,08:59:00,0.01,2885008128.25,24354093.95,7000,time63,144.75,984,7000,302,sell,2024-07-04,4560.0,151.5,138.0,50002146.0,2486,3039.0,9043.0
2082,1292527.91,141163.0,odd,203.0,2024-07-05,0.00472549848246187,2024-04-g005-2024-04-02-2486,daily_high_low_midpoint_proxy,13:30:00,142434.0,124.5,一詮,09:00:00,0.01,2885008128.25,24354093.95,984,time63,144.75,0,984,303,sell,2024-07-04,641.0,151.0,138.5,208232.0,2486,427.0,1271.0
381000,555636.91,-736891.0,board,1044.0,2024-07-08,9.228604254818176e-05,2024-07-g009-2024-07-05-2365,daily_high_low_midpoint_proxy,13:30:00,732550.0,59.5,昆盈,08:59:00,0.01,1535695206.0,38102366.05,13000,leader_entry,56.35,13000,13000,304,buy,2024-07-05,3297.0,59.5,53.2,140866372.0,2365,0.0,4341.0
2639,513013.11,-42623.8,odd,60.0,2024-07-08,0.00282582179898028,2024-07-g009-2024-07-05-2365,daily_high_low_midpoint_proxy,13:30:00,42372.8,59.5,昆盈,09:00:00,0.01,1535695206.0,38102366.05,746,leader_entry,56.8,13746,746,305,buy,2024-07-05,191.0,59.5,54.1,263994.0,2365,0.0,251.0
918,1044771.11,531758.0,odd,765.0,2024-07-19,0.0085023460378632,2024-04-g009-2024-04-18-3017,daily_high_low_midpoint_proxy,13:30:00,536547.0,608.0,奇鋐,09:00:00,0.01,7637677154.1,10456204.9,781,time63,687.0,0,781,306,sell,2024-07-18,2415.0,697.0,677.0,91857.0,3017,1609.0,4789.0
274,627551.36,-438931.0,odd,622.0,2024-08-07,0.009968711343956924,2024-08-g004-2024-08-06-3131,daily_high_low_midpoint_proxy,13:30:00,436345.0,1725.0,弘塑,09:00:00,0.01,1477661649.75,1010905.15,274,leader_entry,1592.5,274,440,307,buy,2024-08-06,1964.0,1650.0,1535.0,27486.0,3131,0.0,2586.0
28000,1095487.36,467936.0,board,673.0,2024-08-08,0.0024657811224728828,2024-05-g013-2024-05-07-2637,daily_high_low_midpoint_proxy,13:30:00,472150.0,61.2,慧洋-KY,08:59:00,0.01,283356453.68,4187242.5,7000,time63,67.45,895,7000,308,sell,2024-08-07,2125.0,68.4,66.5,2838857.0,2637,1416.0,4214.0
155,1105843.11,10355.75,odd,20.0,2024-08-08,0.009963360545092241,2024-05-g013-2024-05-07-2637,daily_high_low_midpoint_proxy,13:30:00,10454.75,61.2,慧洋-KY,09:00:00,0.01,283356453.68,4187242.5,155,time63,67.44999999999999,740,895,309,sell,2024-08-07,48.0,68.3,66.6,15557.0,2637,31.0,99.0
123,1114051.31,8208.2,odd,20.0,2024-08-09,0.00999187652315191,2024-05-g013-2024-05-07-2637,daily_high_low_midpoint_proxy,13:30:00,8290.2,59.9,慧洋-KY,09:00:00,0.01,274916965.525,4063133.45,123,time63,67.4,617,740,310,sell,2024-08-07,38.0,68.3,66.5,12310.0,2637,24.0,82.0
87,1119851.11,5799.8,odd,20.0,2024-08-12,0.009933774834437087,2024-05-g013-2024-05-07-2637,daily_high_low_midpoint_proxy,13:30:00,5863.8,60.0,慧洋-KY,09:00:00,0.01,265693863.15,3924158.8,87,time63,67.4,530,617,311,sell,2024-08-07,27.0,68.0,66.8,8758.0,2637,17.0,64.0
72000,463484.11,-656367.0,board,930.0,2024-08-12,0.00013060229310983833,2024-08-g011-2024-08-09-8374,daily_high_low_midpoint_proxy,13:30:00,652500.0,146.0,羅昇,08:59:00,0.01,852585187.775,7289561.9,5000,leader_entry,130.5,5000,5000,312,buy,2024-08-09,2937.0,140.5,120.5,38284167.0,8374,0.0,3867.0
698,392193.11,-71291.0,odd,101.0,2024-08-12,0.007744502977553825,2024-08-g011-2024-08-09-8374,daily_high_low_midpoint_proxy,13:30:00,70871.0,146.0,羅昇,09:00:00,0.01,852585187.775,7289561.9,541,leader_entry,131.0,5541,541,313,buy,2024-08-09,319.0,140.0,122.0,69856.0,8374,0.0,420.0
110,399503.61,7310.5,odd,20.0,2024-08-13,0.00993676603432701,2024-05-g013-2024-05-07-2637,daily_high_low_midpoint_proxy,13:30:00,7386.5,60.8,慧洋-KY,09:00:00,0.01,256946362.59,3793641.15,110,time63,67.15,420,530,314,sell,2024-08-07,34.0,67.8,66.5,11070.0,2637,22.0,76.0
60,403487.61,3984.0,odd,20.0,2024-08-14,0.009976720984369804,2024-05-g013-2024-05-07-2637,daily_high_low_midpoint_proxy,13:30:00,4035.0,59.6,慧洋-KY,09:00:00,0.01,251131059.66500002,3707883.7,60,time63,67.25,360,420,315,sell,2024-08-07,19.0,67.5,67.0,6014.0,2637,12.0,51.0
76,408551.01,5063.4,odd,20.0,2024-08-15,0.009997369113391212,2024-05-g013-2024-05-07-2637,daily_high_low_midpoint_proxy,13:30:00,5122.4,60.7,慧洋-KY,09:00:00,0.01,247098204.24500003,3646609.3,76,time63,67.4,284,360,316,sell,2024-08-07,24.0,67.7,67.1,7602.0,2637,15.0,59.0
88,414418.21,5867.2,odd,20.0,2024-08-16,0.009984116178806445,2024-05-g013-2024-05-07-2637,daily_high_low_midpoint_proxy,13:30:00,5931.2,60.4,慧洋-KY,09:00:00,0.01,230662573.9,3409921.55,88,time63,67.4,196,284,317,sell,2024-08-07,27.0,67.9,66.9,8814.0,2637,17.0,64.0
46,417457.21,3039.0,odd,20.0,2024-08-19,0.009956709956709957,2024-05-g013-2024-05-07-2637,daily_high_low_midpoint_proxy,13:30:00,3082.0,60.3,慧洋-KY,09:00:00,0.01,223285635.75500003,3306760.0,46,time63,67.0,150,196,318,sell,2024-08-07,14.0,67.2,66.8,4620.0,2637,9.0,43.0
73,422284.91,4827.7,odd,20.0,2024-08-20,0.009880887926367082,2024-05-g013-2024-05-07-2637,daily_high_low_midpoint_proxy,13:30:00,4883.7,60.1,慧洋-KY,09:00:00,0.01,209096046.865,3102082.9,73,time63,66.9,77,150,319,sell,2024-08-07,22.0,67.3,66.5,7388.0,2637,14.0,56.0
126,427328.16,5043.25,odd,20.0,2024-08-21,0.006093700538144982,2024-05-g013-2024-05-07-2637,daily_high_low_midpoint_proxy,13:30:00,5101.25,59.6,慧洋-KY,09:00:00,0.01,197383628.105,2927374.5,77,time63,66.25,0,77,320,sell,2024-08-07,23.0,66.7,65.8,12636.0,2637,15.0,58.0
86000,1042216.16,614888.0,board,884.0,2024-10-11,0.0015082457535630855,2024-07-g009-2024-07-05-2365,daily_high_low_midpoint_proxy,13:30:00,620425.0,43.9,昆盈,08:59:00,0.01,562516866.6225001,10355113.45,13000,time63,47.725,746,13000,321,sell,2024-10-09,2792.0,48.95,46.5,8619285.0,2365,1861.0,5537.0
563,1068901.64,26685.48,odd,38.0,2024-10-11,0.00998492506872395,2024-07-g009-2024-07-05-2365,daily_high_low_midpoint_proxy,13:30:00,26925.48,43.9,昆盈,09:00:00,0.01,562516866.6225001,10355113.45,563,time63,47.825,183,746,322,sell,2024-10-09,122.0,48.75,46.9,56385.0,2365,80.0,240.0
372,1077427.79,8526.15,odd,20.0,2024-10-14,0.004906429299158132,2024-07-g009-2024-07-05-2365,daily_high_low_midpoint_proxy,13:30:00,8610.15,42.05,昆盈,09:00:00,0.01,549878845.9975001,10230754.8,183,time63,47.05,0,183,323,sell,2024-10-09,39.0,47.8,46.3,37298.0,2365,25.0,84.0
28000,715042.79,-362385.0,board,513.0,2024-10-16,0.00012897817044465223,2024-10-g003-2024-10-15-1560,daily_high_low_midpoint_proxy,13:30:00,360250.0,401.5,中砂,08:59:00,0.01,949788419.875,2835886.05,1000,leader_entry,360.25,1000,1000,324,buy,2024-10-15,1622.0,367.5,353.0,7753250.0,1560,0.0,2135.0
687,465565.79,-249477.0,odd,353.0,2024-10-16,0.009993599441405796,2024-10-g003-2024-10-15-1560,daily_high_low_midpoint_proxy,13:30:00,248007.0,401.5,中砂,09:00:00,0.01,949788419.875,2835886.05,687,leader_entry,361.0,1687,870,325,buy,2024-10-15,1117.0,367.0,355.0,68744.0,1560,0.0,1470.0
38000,767347.79,301782.0,board,434.0,2024-11-01,0.0002602281368029724,2024-10-g003-2024-10-15-1560,daily_high_low_midpoint_proxy,13:30:00,304500.0,278.5,中砂,08:59:00,0.01,1708792769.675,4898456.45,1000,loss12,304.5,687,1000,326,sell,2024-10-30,1371.0,310.0,299.0,3842782.0,1560,913.0,2718.0
529,928039.29,160691.5,odd,231.0,2024-11-01,0.009984899962249905,2024-10-g003-2024-10-15-1560,daily_high_low_midpoint_proxy,13:30:00,162138.5,278.5,中砂,09:00:00,0.01,1708792769.675,4898456.45,529,loss12,306.5,158,687,327,sell,2024-10-30,730.0,312.0,301.0,52980.0,1560,486.0,1447.0
883,975525.79,47486.5,odd,68.0,2024-11-04,0.001787734781624802,2024-10-g003-2024-10-15-1560,daily_high_low_midpoint_proxy,13:30:00,47913.5,278.5,中砂,09:00:00,0.01,1749685039.075,5030986.8,158,loss12,303.25,0,158,328,sell,2024-10-30,216.0,307.0,299.5,88380.0,1560,143.0,427.0
358000,384544.79,-590981.0,board,837.0,2024-11-05,6.570431052340737e-05,2024-11-g008-2024-11-04-3231,daily_high_low_midpoint_proxy,13:30:00,587500.0,127.5,緯創,08:59:00,0.01,3977086149.925,35860419.35,5000,leader_entry,117.5,5000,5000,329,buy,2024-11-04,2644.0,120.0,115.0,76098508.0,3231,0.0,3481.0
9790,319378.79,-65166.0,odd,92.0,2024-11-05,0.0005607253273195797,2024-11-g008-2024-11-04-3231,daily_high_low_midpoint_proxy,13:30:00,64782.0,127.5,緯創,09:00:00,0.01,3977086149.925,35860419.35,549,leader_entry,118.0,5549,549,330,buy,2024-11-04,292.0,120.0,116.0,979089.0,3231,0.0,384.0
105,501488.79,182110.0,odd,262.0,2024-11-11,0.009967723561799886,2024-08-g004-2024-08-06-3131,daily_high_low_midpoint_proxy,13:30:00,183750.0,1595.0,弘塑,09:00:00,0.01,1542981010.5,921569.65,105,time63,1750.0,169,274,331,sell,2024-11-08,827.0,1775.0,1725.0,10534.0,3131,551.0,1640.0
102,676121.79,174633.0,odd,251.0,2024-11-12,0.009936678032148077,2024-08-g004-2024-08-06-3131,daily_high_low_midpoint_proxy,13:30:00,176205.0,1580.0,弘塑,09:00:00,0.01,1538580459.75,920451.0,102,time63,1727.5,67,169,332,sell,2024-11-08,793.0,1740.0,1715.0,10265.0,3131,528.0,1572.0
830,797637.79,121516.0,odd,175.0,2024-11-13,0.0008068012138143635,2024-08-g004-2024-08-06-3131,daily_high_low_midpoint_proxy,13:30:00,122610.0,1560.0,弘塑,09:00:00,0.01,1490798231.5,894762.55,67,time63,1830.0,0,67,333,sell,2024-11-08,552.0,1890.0,1770.0,83044.0,3131,367.0,1094.0
10000,1436880.79,639243.0,board,919.0,2024-11-14,0.004869696656855851,2024-08-g011-2024-08-09-8374,daily_high_low_midpoint_proxy,13:30:00,645000.0,117.0,羅昇,08:59:00,0.01,787259150.6,5677511.1,5000,time63,129.0,541,5000,334,sell,2024-11-13,2903.0,131.0,127.0,1026758.0,8374,1935.0,5757.0
125,1452861.79,15981.0,odd,23.0,2024-11-14,0.009986418470879603,2024-08-g011-2024-08-09-8374,daily_high_low_midpoint_proxy,13:30:00,16125.0,117.0,羅昇,09:00:00,0.01,787259150.6,5677511.1,125,time63,129.0,416,541,335,sell,2024-11-13,73.0,130.5,127.5,12517.0,8374,48.0,144.0
84,1463742.79,10881.0,odd,20.0,2024-11-15,0.009885842061904201,2024-08-g011-2024-08-09-8374,daily_high_low_midpoint_proxy,13:30:00,10983.0,115.0,羅昇,09:00:00,0.01,747327740.3,5398051.9,84,time63,130.75,332,416,336,sell,2024-11-13,50.0,134.0,127.5,8497.0,8374,32.0,102.0
503000,825934.79,-637808.0,board,904.0,2024-11-15,4.29617489876947e-05,2024-11-g009-2024-11-14-3706,daily_high_low_midpoint_proxy,13:30:00,634050.0,76.7,神達,08:59:00,0.01,3147733543.245,50359248.8,9000,leader_entry,70.45,9000,9000,337,buy,2024-11-14,2854.0,72.7,68.2,209488678.0,3706,0.0,3758.0
3007,817639.99,-8294.8,odd,20.0,2024-11-15,0.0003890494225775023,2024-11-g009-2024-11-14-3706,daily_high_low_midpoint_proxy,13:30:00,8236.8,76.7,神達,09:00:00,0.01,3147733543.245,50359248.8,117,leader_entry,70.4,9117,117,338,buy,2024-11-14,38.0,72.4,68.4,300733.0,3706,0.0,58.0
34000,188935.99,-628704.0,board,891.0,2024-11-15,0.00011456728794597464,2024-11-g006-2024-11-14-2357,daily_high_low_midpoint_proxy,13:30:00,625000.0,685.0,華碩,08:59:00,0.01,2096765276.0,3482755.55,1000,leader_entry,625.0,1000,1000,339,buy,2024-11-14,2813.0,646.0,604.0,8728495.0,2357,0.0,3704.0
1153,176388.99,-12547.0,odd,20.0,2024-11-15,0.0001733402669440111,2024-11-g006-2024-11-14-2357,daily_high_low_midpoint_proxy,13:30:00,12470.0,685.0,華碩,09:00:00,0.01,2096765276.0,3482755.55,20,leader_entry,623.5,1020,20,340,buy,2024-11-14,57.0,641.0,606.0,115380.0,2357,0.0,77.0
66,184639.49,8250.5,odd,20.0,2024-11-18,0.009974308599063019,2024-08-g011-2024-08-09-8374,daily_high_low_midpoint_proxy,13:30:00,8332.5,116.5,羅昇,09:00:00,0.01,542021251.775,3956091.8,66,time63,126.25,266,332,341,sell,2024-11-13,38.0,127.0,125.5,6617.0,8374,24.0,82.0
45,190268.99,5629.5,odd,20.0,2024-11-19,0.009922822491730982,2024-08-g011-2024-08-09-8374,daily_high_low_midpoint_proxy,13:30:00,5692.5,112.5,羅昇,09:00:00,0.01,456647714.025,3364112.85,45,time63,126.5,221,266,342,sell,2024-11-13,26.0,129.0,124.0,4535.0,8374,17.0,63.0
56,197293.99,7025.0,odd,20.0,2024-11-20,0.009939652112176074,2024-08-g011-2024-08-09-8374,daily_high_low_midpoint_proxy,13:30:00,7098.0,116.5,羅昇,09:00:00,0.01,429135664.65,3179546.05,56,time63,126.75,165,221,343,sell,2024-11-13,32.0,128.0,125.5,5634.0,8374,21.0,73.0
49,203438.74,6144.75,odd,20.0,2024-11-21,0.009947218838814454,2024-08-g011-2024-08-09-8374,daily_high_low_midpoint_proxy,13:30:00,6210.75,114.5,羅昇,09:00:00,0.01,396010749.75,2955342.6,49,time63,126.75,116,165,344,sell,2024-11-13,28.0,127.5,126.0,4926.0,8374,18.0,66.0
35,207813.24,4374.5,odd,20.0,2024-11-22,0.009798432250839866,2024-08-g011-2024-08-09-8374,daily_high_low_midpoint_proxy,13:30:00,4427.5,112.5,羅昇,09:00:00,0.01,381475679.25,2855752.95,35,time63,126.5,81,116,345,sell,2024-11-13,20.0,127.0,126.0,3572.0,8374,13.0,53.0
44,213383.24,5570.0,odd,20.0,2024-11-25,0.009885419006964727,2024-08-g011-2024-08-09-8374,daily_high_low_midpoint_proxy,13:30:00,5632.0,113.5,羅昇,09:00:00,0.01,326552506.05,2451989.9,44,time63,128.0,37,81,346,sell,2024-11-13,26.0,129.5,126.5,4451.0,8374,16.0,62.0
483,218357.24,4974.0,odd,20.0,2024-11-26,0.0007653800008274378,2024-08-g011-2024-08-09-8374,daily_high_low_midpoint_proxy,13:30:00,5032.0,117.5,羅昇,09:00:00,0.01,322716132.3,2422592.4,37,time63,136.0,0,37,347,sell,2024-11-13,23.0,140.5,131.5,48342.0,8374,15.0,58.0
214000,733716.24,515359.0,board,741.0,2024-12-31,0.00023353104071240045,2024-11-g008-2024-11-04-3231,daily_high_low_midpoint_proxy,13:30:00,520000.0,93.6,緯創,08:59:00,0.01,2739300080.8,24604692.85,5000,loss12,104.0,549,5000,348,sell,2024-12-30,2340.0,105.0,103.0,21410430.0,3231,1560.0,4641.0
1603,790573.74,56857.5,odd,82.0,2024-12-31,0.0034229066650040526,2024-11-g008-2024-11-04-3231,daily_high_low_midpoint_proxy,13:30:00,57370.5,93.6,緯創,09:00:00,0.01,2739300080.8,24604692.85,549,loss12,104.5,0,549,349,sell,2024-12-30,259.0,105.5,103.5,160390.0,3231,172.0,513.0
18000,311249.74,-479324.0,board,679.0,2025-01-02,0.0002356179953715201,2024-12-g015-2024-12-31-2404,daily_high_low_midpoint_proxy,13:30:00,476500.0,530.0,漢唐,08:59:00,0.01,841327240.275,1824628.85,1000,leader_entry,476.5,1000,1000,350,buy,2024-12-31,2145.0,497.0,456.0,4244158.0,2404,0.0,2824.0
772,171986.49,-139263.25,odd,197.0,2025-01-02,0.0037686489846663904,2024-12-g015-2024-12-31-2404,daily_high_low_midpoint_proxy,13:30:00,138443.25,530.0,漢唐,09:00:00,0.01,841327240.275,1824628.85,291,leader_entry,475.75,1291,291,351,buy,2024-12-31,623.0,495.0,456.5,77216.0,2404,0.0,820.0
150000,813757.49,641771.0,board,923.0,2025-02-24,0.0005997524621671149,2024-11-g009-2024-11-14-3706,daily_high_low_midpoint_proxy,13:30:00,647550.0,65.0,神達,08:59:00,0.01,3732735460.745,51402344.25,9000,time63,71.95,117,9000,352,sell,2025-02-21,2914.0,72.9,71.0,15006191.0,3706,1942.0,5779.0
699,822110.19,8352.7,odd,20.0,2025-02-24,0.0016735803175511371,2024-11-g009-2024-11-14-3706,daily_high_low_midpoint_proxy,13:30:00,8435.7,65.0,神達,09:00:00,0.01,3732735460.745,51402344.25,117,time63,72.1,0,117,353,sell,2025-02-21,38.0,72.8,71.4,69910.0,3706,25.0,83.0
19000,1521314.19,699204.0,board,1005.0,2025-02-24,0.0005113363263552969,2024-11-g006-2024-11-14-2357,daily_high_low_midpoint_proxy,13:30:00,705500.0,639.0,華碩,08:59:00,0.01,2286793792.35,3474517.5,1000,time63,705.5,20,1000,354,sell,2025-02-21,3175.0,715.0,696.0,1955660.0,2357,2116.0,6296.0
460,1535298.19,13984.0,odd,20.0,2025-02-24,0.0004342539517109606,2024-11-g006-2024-11-14-2357,daily_high_low_midpoint_proxy,13:30:00,14110.0,639.0,華碩,09:00:00,0.01,2286793792.35,3474517.5,20,time63,705.5,0,20,355,sell,2025-02-21,64.0,713.0,698.0,46056.0,2357,42.0,126.0
26000,1974344.19,439046.0,board,631.0,2025-04-15,0.0003781547560523669,2024-12-g015-2024-12-31-2404,daily_high_low_midpoint_proxy,13:30:00,443000.0,390.0,漢唐,08:59:00,0.01,1342478378.275,3088429.45,1000,time63,443.0,291,1000,356,sell,2025-04-14,1994.0,458.0,428.0,2644420.0,2404,1329.0,3954.0
384,2102178.94,127834.75,odd,184.0,2025-04-15,0.007565319121279085,2024-12-g015-2024-12-31-2404,daily_high_low_midpoint_proxy,13:30:00,128985.75,390.0,漢唐,09:00:00,0.01,1342478378.275,3088429.45,291,time63,443.25,0,291,357,sell,2025-04-14,581.0,456.0,430.5,38465.0,2404,386.0,1151.0
693,1484542.94,-617636.0,odd,875.0,2025-06-11,0.00999120543244763,2025-06-g007-2025-06-10-6223,daily_high_low_midpoint_proxy,13:30:00,613998.0,966.0,旺矽,09:00:00,0.01,2398920183.0,3180802.8,693,leader_entry,886.0,693,721,358,buy,2025-06-10,2763.0,895.0,877.0,69361.0,6223,0.0,3638.0
23000,1040929.94,-443613.0,board,628.0,2025-06-11,0.0007464079119238664,2025-06-g006-2025-06-10-3044,daily_high_low_midpoint_proxy,13:30:00,441000.0,244.0,健鼎,08:59:00,0.01,489876422.875,2343997.8,2000,leader_entry,220.5,2000,2000,359,buy,2025-06-10,1985.0,222.5,218.5,2679500.0,3044,0.0,2613.0
266,981928.94,-59001.0,odd,84.0,2025-06-11,0.009979365972613018,2025-06-g006-2025-06-10-3044,daily_high_low_midpoint_proxy,13:30:00,58653.0,244.0,健鼎,09:00:00,0.01,489876422.875,2343997.8,266,leader_entry,220.5,2266,854,360,buy,2025-06-10,264.0,222.0,219.0,26655.0,3044,0.0,348.0
845000,305946.94,-675982.0,board,958.0,2025-06-26,0.00014812193605146467,2025-06-g009-2025-06-25-2344,daily_high_low_midpoint_proxy,13:30:00,672000.0,22.25,華邦電,08:59:00,0.01,1609265520.0949998,84546179.8,32000,leader_entry,21.0,32000,32000,361,buy,2025-06-25,3024.0,21.5,20.5,216038224.0,2344,0.0,3982.0
2432,298450.09,-7496.85,odd,20.0,2025-06-26,0.0014554484754793935,2025-06-g009-2025-06-25-2344,daily_high_low_midpoint_proxy,13:30:00,7442.85,22.25,華邦電,09:00:00,0.01,1609265520.0949998,84546179.8,354,leader_entry,21.025,32354,354,362,buy,2025-06-25,34.0,21.5,20.55,243224.0,2344,0.0,54.0
434000,870895.09,572445.0,board,823.0,2025-07-15,0.0007364050876018288,2025-06-g009-2025-06-25-2344,daily_high_low_midpoint_proxy,13:30:00,577600.0,16.45,華邦電,08:59:00,0.01,1857613465.2175002,93423775.75,32000,loss12,18.049999999999997,354,32000,363,sell,2025-07-14,2600.0,18.4,17.7,43454344.0,2344,1732.0,5155.0
1286,877252.19,6357.1,odd,20.0,2025-07-15,0.002751566216363269,2025-06-g009-2025-06-25-2344,daily_high_low_midpoint_proxy,13:30:00,6425.1,16.45,華邦電,09:00:00,0.01,1857613465.2175002,93423775.75,354,loss12,18.15,0,354,364,sell,2025-07-14,29.0,18.5,17.8,128654.0,2344,19.0,68.0
47000,192217.19,-685035.0,board,970.0,2025-07-22,0.00033109493292976836,2025-07-g020-2025-07-21-5469,daily_high_low_midpoint_proxy,13:30:00,681000.0,72.2,瀚宇博,08:59:00,0.01,294449209.635,4743674.15,10000,leader_entry,68.1,10000,10000,365,buy,2025-07-21,3065.0,70.7,65.5,30202818.0,5469,0.0,4035.0
4329,158048.39,-34168.8,odd,48.0,2025-07-22,0.0011571427581571635,2025-07-g020-2025-07-21-5469,daily_high_low_midpoint_proxy,13:30:00,33967.8,72.2,瀚宇博,09:00:00,0.01,294449209.635,4743674.15,501,leader_entry,67.8,10501,501,366,buy,2025-07-21,153.0,70.1,65.5,432963.0,5469,0.0,201.0
455,890314.11,697828.5,odd,1003.0,2025-09-08,0.009979383252182304,2025-06-g007-2025-06-10-6223,daily_high_low_midpoint_proxy,13:30:00,704112.5,1370.0,旺矽,09:00:00,0.01,2865184991.25,2218940.5,455,time63,1547.5,238,693,367,sell,2025-09-05,3169.0,1570.0,1525.0,45594.0,6223,2112.0,6284.0
26000,1485454.11,595140.0,board,856.0,2025-09-08,0.0007602137569041663,2025-06-g006-2025-06-10-3044,daily_high_low_midpoint_proxy,13:30:00,600500.0,269.0,健鼎,08:59:00,0.01,1733013801.15,5457000.3,2000,time63,300.25,266,2000,368,sell,2025-09-05,2703.0,303.0,297.5,2630839.0,3044,1801.0,5360.0
275,1564475.61,79021.5,odd,114.0,2025-09-08,0.0096422227860949,2025-06-g006-2025-06-10-3044,daily_high_low_midpoint_proxy,13:30:00,79733.5,269.0,健鼎,09:00:00,0.01,1733013801.15,5457000.3,266,time63,299.75,0,266,369,sell,2025-09-05,359.0,301.5,298.0,27587.0,3044,239.0,712.0
520,1927135.61,362660.0,odd,521.0,2025-09-09,0.004571296865396435,2025-06-g007-2025-06-10-6223,daily_high_low_midpoint_proxy,13:30:00,365925.0,1375.0,旺矽,09:00:00,0.01,2992366650.0,2285198.35,238,time63,1537.5,0,238,370,sell,2025-09-05,1647.0,1575.0,1500.0,52064.0,6223,1097.0,3265.0
84000,1116661.61,-810474.0,board,1148.0,2025-09-10,0.0007114147203291533,2025-09-g024-2025-09-09-8111,daily_high_low_midpoint_proxy,13:30:00,805700.0,63.4,立碁,08:59:00,0.01,454808276.2025,8472548.65,14000,leader_entry,57.55,14000,14000,371,buy,2025-09-09,3626.0,59.0,56.1,19679098.0,8111,0.0,4774.0
864,1091746.61,-24915.0,odd,35.0,2025-09-10,0.004974376178522263,2025-09-g024-2025-09-09-8111,daily_high_low_midpoint_proxy,13:30:00,24768.0,63.4,立碁,09:00:00,0.01,454808276.2025,8472548.65,430,leader_entry,57.599999999999994,14430,430,372,buy,2025-09-09,112.0,58.9,56.3,86443.0,8111,0.0,147.0
26000,391118.61,-700628.0,board,993.0,2025-09-11,0.0003712243238056136,2025-09-g021-2025-09-10-5289,daily_high_low_midpoint_proxy,13:30:00,696500.0,378.0,宜鼎,08:59:00,0.01,791955215.6,2617310.7,2000,leader_entry,348.25,2000,2000,373,buy,2025-09-10,3135.0,359.5,337.0,5387578.0,5289,0.0,4128.0
1564,243530.11,-147588.5,odd,209.0,2025-09-11,0.0026912996228344948,2025-09-g021-2025-09-10-5289,daily_high_low_midpoint_proxy,13:30:00,146718.5,378.0,宜鼎,09:00:00,0.01,791955215.6,2617310.7,421,leader_entry,348.5,2421,421,374,buy,2025-09-10,661.0,357.5,339.5,156430.0,5289,0.0,870.0
45000,1131533.11,888003.0,board,1277.0,2025-10-22,0.002192885796042762,2025-07-g020-2025-07-21-5469,daily_high_low_midpoint_proxy,13:30:00,896000.0,81.4,瀚宇博,08:59:00,0.01,1416222564.13,14758591.5,10000,time63,89.6,501,10000,375,sell,2025-10-21,4032.0,90.9,88.3,4560201.0,5469,2688.0,7997.0
364,1163963.71,32430.6,odd,47.0,2025-10-22,0.009993685308733492,2025-07-g020-2025-07-21-5469,daily_high_low_midpoint_proxy,13:30:00,32723.6,81.4,瀚宇博,09:00:00,0.01,1416222564.13,14758591.5,364,time63,89.9,137,501,376,sell,2025-10-21,148.0,91.2,88.6,36423.0,5469,98.0,293.0
212,1176018.31,12054.6,odd,20.0,2025-10-23,0.00643313298271976,2025-07-g020-2025-07-21-5469,daily_high_low_midpoint_proxy,13:30:00,12165.6,80.1,瀚宇博,09:00:00,0.01,1268519082.3250003,13263795.65,137,time63,88.8,0,137,377,sell,2025-10-21,55.0,89.5,88.1,21296.0,5469,36.0,111.0
287000,307150.31,-868868.0,board,1231.0,2025-11-04,9.43633024891152e-05,2025-11-g005-2025-11-03-3037,daily_high_low_midpoint_proxy,13:30:00,863750.0,196.0,欣興,08:59:00,0.01,4668578133.55,28704267.35,5000,leader_entry,172.75,5000,5000,378,buy,2025-11-03,3887.0,177.5,168.0,52986700.0,3037,0.0,5118.0
6187,274246.56,-32903.75,odd,47.0,2025-11-04,0.0003086629239267095,2025-11-g005-2025-11-03-3037,daily_high_low_midpoint_proxy,13:30:00,32708.75,196.0,欣興,09:00:00,0.01,4668578133.55,28704267.35,191,leader_entry,171.25,5191,191,379,buy,2025-11-03,148.0,174.0,168.5,618798.0,3037,0.0,195.0
13000,1159375.56,885129.0,board,1273.0,2025-12-12,0.009602309281518288,2025-09-g024-2025-09-09-8111,daily_high_low_midpoint_proxy,13:30:00,893100.0,62.2,立碁,08:59:00,0.01,1202637749.8200002,17477102.35,13000,time63,68.69999999999999,1430,14000,380,sell,2025-12-11,4019.0,69.3,68.1,1353841.0,8111,2679.0,7971.0
138,1168806.56,9431.0,odd,20.0,2025-12-12,0.009960303139660773,2025-09-g024-2025-09-09-8111,daily_high_low_midpoint_proxy,13:30:00,9522.0,62.2,立碁,09:00:00,0.01,1202637749.8200002,17477102.35,138,time63,69.0,1292,430,381,sell,2025-12-11,43.0,69.5,68.5,13855.0,8111,28.0,91.0
10000,1237636.56,68830.0,board,99.0,2025-12-15,0.000927361619099198,2025-09-g024-2025-09-09-8111,daily_high_low_midpoint_proxy,13:30:00,69450.0,62.3,立碁,08:59:00,0.01,1127724960.905,16382793.25,1000,time63,69.44999999999999,292,1000,382,sell,2025-12-11,313.0,70.8,68.1,1078328.0,8111,208.0,620.0
92,1243957.96,6321.4,odd,20.0,2025-12-15,0.009905254091300603,2025-09-g024-2025-09-09-8111,daily_high_low_midpoint_proxy,13:30:00,6389.4,62.3,立碁,09:00:00,0.01,1127724960.905,16382793.25,92,time63,69.44999999999999,200,292,383,sell,2025-12-11,29.0,70.3,68.6,9288.0,8111,19.0,68.0
37000,2232058.96,988101.0,board,1421.0,2025-12-15,0.000532919219571778,2025-09-g021-2025-09-10-5289,daily_high_low_midpoint_proxy,13:30:00,997000.0,450.0,宜鼎,08:59:00,0.01,2225830436.35,4517587.2,2000,time63,498.5,421,2000,384,sell,2025-12-12,4487.0,507.0,490.0,3752914.0,5289,2991.0,8899.0
1001,2440262.96,208204.0,odd,299.0,2025-12-15,0.004204114240063911,2025-09-g021-2025-09-10-5289,daily_high_low_midpoint_proxy,13:30:00,210079.0,450.0,宜鼎,09:00:00,0.01,2225830436.35,4517587.2,421,time63,499.0,0,421,385,sell,2025-12-12,946.0,508.0,490.0,100140.0,5289,630.0,1875.0
127,2449022.51,8759.55,odd,20.0,2025-12-16,0.009931185486393494,2025-09-g024-2025-09-09-8111,daily_high_low_midpoint_proxy,13:30:00,8845.55,63.1,立碁,09:00:00,0.01,1015799391.3050001,14750046.25,127,time63,69.65,73,200,386,sell,2025-12-11,40.0,70.5,68.8,12788.0,8111,26.0,86.0
154000,1463291.51,-985731.0,board,1396.0,2025-12-16,0.0012276629948774146,2025-12-g005-2025-12-15-8110,daily_high_low_midpoint_proxy,13:30:00,979925.0,61.0,華東,08:59:00,0.01,4252241149.9300003,91603725.65,19000,leader_entry,51.575,19000,19000,387,buy,2025-12-15,4410.0,53.2,49.95,15476560.0,8110,0.0,5806.0
1482,1437297.06,-25994.45,odd,37.0,2025-12-16,0.003385395592241914,2025-12-g005-2025-12-15-8110,daily_high_low_midpoint_proxy,13:30:00,25840.45,61.0,華東,09:00:00,0.01,4252241149.9300003,91603725.65,502,leader_entry,51.475,19502,502,388,buy,2025-12-15,117.0,53.0,49.95,148284.0,8110,0.0,154.0
72,1442250.26,4953.2,odd,20.0,2025-12-17,0.009931034482758621,2025-09-g024-2025-09-09-8111,daily_high_low_midpoint_proxy,13:30:00,5011.2,62.3,立碁,09:00:00,0.01,954054689.175,13771704.4,72,time63,69.6,1,73,389,sell,2025-12-11,23.0,70.0,69.2,7250.0,8111,15.0,58.0
63,1442298.56,48.3,odd,20.0,2025-12-18,0.00015644555694618273,2025-09-g024-2025-09-09-8111,daily_high_low_midpoint_proxy,13:30:00,69.3,62.1,立碁,09:00:00,0.01,932832062.8399999,13425534.85,1,time63,69.3,0,1,390,sell,2025-12-11,1.0,69.8,68.8,6392.0,8111,0.0,21.0
26000,612409.56,-829889.0,board,1176.0,2025-12-23,0.0010144415904821031,2025-12-g008-2025-12-22-6196,daily_high_low_midpoint_proxy,13:30:00,825000.0,301.5,帆宣,08:59:00,0.01,669421439.575,2652690.4,3000,leader_entry,275.0,3000,3000,391,buy,2025-12-22,3713.0,279.0,271.0,2957292.0,6196,0.0,4889.0
516,470187.56,-142222.0,odd,201.0,2025-12-23,0.009996125532739248,2025-12-g008-2025-12-22-6196,daily_high_low_midpoint_proxy,13:30:00,141384.0,301.5,帆宣,09:00:00,0.01,669421439.575,2652690.4,516,leader_entry,274.0,3516,985,392,buy,2025-12-22,637.0,278.0,270.0,51620.0,6196,0.0,838.0
562000,2384201.56,1914014.0,board,2752.0,2026-02-03,7.270166165027624e-05,2025-11-g005-2025-11-03-3037,daily_high_low_midpoint_proxy,13:30:00,1931250.0,328.5,欣興,08:59:00,0.01,17346849451.75,56242283.55,5000,time63,386.25,191,5000,393,sell,2026-02-02,8691.0,397.5,375.0,68774219.0,3037,5793.0,17236.0
7970,2457175.06,72973.5,odd,105.0,2026-02-03,0.00023961981994640545,2025-11-g005-2025-11-03-3037,daily_high_low_midpoint_proxy,13:30:00,73630.5,328.5,欣興,09:00:00,0.01,17346849451.75,56242283.55,191,time63,385.5,0,191,394,sell,2026-02-02,332.0,394.5,376.5,797096.0,3037,220.0,657.0
3790,981181.06,-1475994.0,odd,2091.0,2026-02-04,0.0023112724663071353,2026-02-g010-2026-02-03-3017,daily_high_low_midpoint_proxy,13:30:00,1467300.0,1795.0,奇鋐,09:00:00,0.01,9546679458.25,6752648.45,876,leader_entry,1675.0,876,876,395,buy,2026-02-03,6603.0,1710.0,1640.0,379012.0,3017,0.0,8694.0
130000,1920819.06,939638.0,board,1351.0,2026-03-27,0.0014545169487970226,2025-12-g005-2025-12-15-8110,daily_high_low_midpoint_proxy,13:30:00,948100.0,47.25,華東,08:59:00,0.01,1293419753.2,22076301.2,19000,time63,49.9,502,19000,396,sell,2026-03-26,4267.0,51.0,48.8,13062756.0,8110,2844.0,8462.0
1152,1945695.06,24876.0,odd,36.0,2026-03-27,0.004354463759064571,2025-12-g005-2025-12-15-8110,daily_high_low_midpoint_proxy,13:30:00,25100.0,47.25,華東,09:00:00,0.01,1293419753.2,22076301.2,502,time63,50.0,0,502,397,sell,2026-03-26,113.0,51.0,49.0,115284.0,8110,75.0,224.0
266000,489920.06,-1455775.0,board,2062.0,2026-04-02,0.0005917153927856087,2026-04-g006-2026-04-01-2355,daily_high_low_midpoint_proxy,13:30:00,1447200.0,58.0,敬鵬,08:59:00,0.01,1288711166.2875,26666725.1,27000,leader_entry,53.599999999999994,27000,27000,398,buy,2026-04-01,6513.0,55.8,51.4,45630045.0,2355,0.0,8575.0
1762,473705.51,-16214.55,odd,23.0,2026-04-02,0.0017080146174274235,2026-04-g006-2026-04-01-2355,daily_high_low_midpoint_proxy,13:30:00,16118.55,58.0,敬鵬,09:00:00,0.01,1288711166.2875,26666725.1,301,leader_entry,53.55,27301,301,399,buy,2026-04-01,73.0,55.6,51.5,176228.0,2355,0.0,96.0
18000,1324047.51,850342.0,board,1223.0,2026-04-07,0.0014731395107310849,2025-12-g008-2025-12-22-6196,daily_high_low_midpoint_proxy,13:30:00,858000.0,254.0,帆宣,08:59:00,0.01,521357494.0,1841807.55,3000,time63,286.0,516,3000,400,sell,2026-04-02,3861.0,294.0,278.0,2036467.0,6196,2574.0,7658.0
524,1470561.51,146514.0,odd,211.0,2026-04-07,0.009828758643021771,2025-12-g008-2025-12-22-6196,daily_high_low_midpoint_proxy,13:30:00,147834.0,254.0,帆宣,09:00:00,0.01,521357494.0,1841807.55,516,time63,286.5,0,516,401,sell,2026-04-02,666.0,294.0,279.0,52499.0,6196,443.0,1320.0
160000,245344.51,-1225217.0,board,1736.0,2026-04-09,8.545665891425221e-05,2026-04-g007-2026-04-08-2382,daily_high_low_midpoint_proxy,13:30:00,1218000.0,338.0,廣達,08:59:00,0.01,4642722061.275,16024616.85,4000,leader_entry,304.5,4000,4000,402,buy,2026-04-08,5481.0,314.0,295.0,46807353.0,2382,0.0,7217.0
9286,145877.26,-99467.25,odd,141.0,2026-04-09,0.00034997566323080305,2026-04-g007-2026-04-08-2382,daily_high_low_midpoint_proxy,13:30:00,98881.25,338.0,廣達,09:00:00,0.01,4642722061.275,16024616.85,325,leader_entry,304.25,4325,325,403,buy,2026-04-08,445.0,312.5,296.0,928636.0,2382,0.0,586.0
1942,2257730.26,2111853.0,odd,3036.0,2026-05-19,0.0045089793544335725,2026-02-g010-2026-02-03-3017,daily_high_low_midpoint_proxy,13:30:00,2130870.0,2170.0,奇鋐,09:00:00,0.01,15878709338.0,6092126.2,876,time63,2432.5,0,876,404,sell,2026-05-18,9589.0,2475.0,2390.0,194279.0,3017,6392.0,19017.0
102000,1041566.26,-1216164.0,board,1723.0,2026-05-21,0.00013700379281300024,2026-05-g014-2026-05-20-2455,daily_high_low_midpoint_proxy,13:30:00,1209000.0,440.5,全新,08:59:00,0.01,3641761671.05,10226284.05,3000,leader_entry,403.0,3000,3000,405,buy,2026-05-20,5441.0,419.5,386.5,21897204.0,2455,0.0,7164.0
4822,697968.76,-343597.5,odd,487.0,2026-05-21,0.0017729319940611961,2026-05-g014-2026-05-20-2455,daily_high_low_midpoint_proxy,13:30:00,341572.5,440.5,全新,09:00:00,0.01,3641761671.05,10226284.05,855,leader_entry,399.5,3855,855,406,buy,2026-05-20,1538.0,409.0,390.0,482252.0,2455,0.0,2025.0
77000,1706635.76,1008667.0,board,1450.0,2026-06-12,0.00024156509055912897,2026-05-g014-2026-05-20-2455,daily_high_low_midpoint_proxy,13:30:00,1017750.0,288.0,全新,08:59:00,0.01,3082025727.55,7768792.85,3000,loss12,339.25,855,3000,407,sell,2026-06-11,4580.0,352.0,326.5,12419013.0,2455,3053.0,9083.0
2578,1994529.01,287893.25,odd,414.0,2026-06-12,0.0033163829316825116,2026-05-g014-2026-05-20-2455,daily_high_low_midpoint_proxy,13:30:00,290486.25,288.0,全新,09:00:00,0.01,3082025727.55,7768792.85,855,loss12,339.75,0,855,408,sell,2026-06-11,1308.0,352.0,327.5,257811.0,2455,871.0,2593.0
293000,808543.01,-1185986.0,board,1680.0,2026-06-15,3.92940833641268e-05,2026-06-g015-2026-06-12-4958,daily_high_low_midpoint_proxy,13:30:00,1179000.0,607.0,臻鼎-KY,08:59:00,0.01,14571662107.8,29319693.8,2000,leader_entry,589.5,2000,2000,409,buy,2026-06-12,5306.0,607.0,572.0,50898248.0,4958,0.0,6986.0
13045,284634.51,-523908.5,odd,742.0,2026-06-15,0.0006783990090008601,2026-06-g015-2026-06-12-4958,daily_high_low_midpoint_proxy,13:30:00,520822.5,607.0,臻鼎-KY,09:00:00,0.01,14571662107.8,29319693.8,885,leader_entry,588.5,2885,885,410,buy,2026-06-12,2344.0,605.0,572.0,1304542.0,4958,0.0,3086.0
43000,1708214.51,1423580.0,board,2047.0,2026-07-06,0.006157294238619781,2026-04-g006-2026-04-01-2355,daily_high_low_midpoint_proxy,13:30:00,1436400.0,47.8,敬鵬,08:59:00,0.01,719512231.845,12549627.4,27000,time63,53.2,301,27000,411,sell,2026-07-03,6464.0,54.2,52.2,4385043.0,2355,4309.0,12820.0
365,1724098.76,15884.25,odd,23.0,2026-07-06,0.008241833465677282,2026-04-g006-2026-04-01-2355,daily_high_low_midpoint_proxy,13:30:00,16028.25,47.8,敬鵬,09:00:00,0.01,719512231.845,12549627.4,301,time63,53.25,0,301,412,sell,2026-07-03,73.0,54.2,52.3,36521.0,2355,48.0,144.0
147000,229494.76,-1494604.0,board,2117.0,2026-07-07,0.0009415420337565614,2026-07-g001-2026-07-06-1216,daily_high_low_midpoint_proxy,13:30:00,1485800.0,85.5,統一,08:59:00,0.01,1107185624.675,14708515.2,19000,leader_entry,78.2,19000,19000,413,buy,2026-07-06,6687.0,78.7,77.7,20179662.0,1216,0.0,8804.0
1161,190890.76,-38604.0,odd,55.0,2026-07-07,0.004237105677893848,2026-07-g001-2026-07-06-1216,daily_high_low_midpoint_proxy,13:30:00,38376.0,85.5,統一,09:00:00,0.01,1107185624.675,14708515.2,492,leader_entry,78.0,19492,492,414,buy,2026-07-06,173.0,78.4,77.6,116117.0,1216,0.0,228.0
139000,1685431.76,1494541.0,board,2149.0,2026-07-09,0.00028584405891703406,2026-04-g007-2026-04-08-2382,daily_high_low_midpoint_proxy,13:30:00,1508000.0,339.5,廣達,08:59:00,0.01,7503671952.975,20136249.8,4000,time63,377.0,325,4000,415,sell,2026-07-08,6786.0,380.5,373.5,13993644.0,2382,4524.0,13459.0
2239,1806783.51,121351.75,odd,174.0,2026-07-09,0.0014511066362455183,2026-04-g007-2026-04-08-2382,daily_high_low_midpoint_proxy,13:30:00,122443.75,339.5,廣達,09:00:00,0.01,7503671952.975,20136249.8,325,time63,376.75,0,325,416,sell,2026-07-08,551.0,379.5,374.0,223967.0,2382,367.0,1092.0
294000,346934.51,-1459849.0,board,2068.0,2026-07-14,0.0002923090165424883,2026-07-g008-2026-07-13-5351,daily_high_low_midpoint_proxy,13:30:00,1451250.0,110.0,鈺創,08:59:00,0.01,2728682611.645,29459228.45,15000,leader_entry,96.75,15000,15000,417,buy,2026-07-13,6531.0,103.5,90.0,51315557.0,5351,0.0,8599.0
3356,281982.81,-64951.7,odd,92.0,2026-07-14,0.0019843516294923516,2026-07-g008-2026-07-13-5351,daily_high_low_midpoint_proxy,13:30:00,64568.7,110.0,鈺創,09:00:00,0.01,2728682611.645,29459228.45,666,leader_entry,96.95,15666,666,418,buy,2026-07-13,291.0,103.5,90.4,335626.0,5351,0.0,383.0
387000,1274048.81,992066.0,board,1426.0,2026-07-21,4.539600215113496e-05,2026-06-g015-2026-06-12-4958,daily_high_low_midpoint_proxy,13:30:00,1001000.0,431.0,臻鼎-KY,08:59:00,0.01,22966473585.0,38767756.0,2000,loss12,500.5,885,2000,419,sell,2026-07-20,4505.0,514.0,487.0,44056743.0,4958,3003.0,8934.0
5622,1714353.81,440305.0,odd,633.0,2026-07-21,0.0015740217054925354,2026-06-g015-2026-06-12-4958,daily_high_low_midpoint_proxy,13:30:00,444270.0,431.0,臻鼎-KY,09:00:00,0.01,22966473585.0,38767756.0,885,loss12,502.0,0,885,420,sell,2026-07-20,2000.0,515.0,489.0,562254.0,4958,1332.0,3965.0
212000,2994327.81,1279974.0,board,1840.0,2026-07-21,0.0007069166468455094,2026-07-g008-2026-07-13-5351,daily_high_low_midpoint_proxy,13:30:00,1291500.0,74.6,鈺創,08:59:00,0.01,2887484100.71,30800221.8,15000,loss12,86.1,666,15000,421,sell,2026-07-20,5812.0,89.0,83.2,21218909.0,5351,3874.0,11526.0
1233,3051323.91,56996.1,odd,82.0,2026-07-21,0.005398788920323279,2026-07-g008-2026-07-13-5351,daily_high_low_midpoint_proxy,13:30:00,57509.1,74.6,鈺創,09:00:00,0.01,2887484100.71,30800221.8,666,loss12,86.35,0,666,422,sell,2026-07-20,259.0,89.2,83.5,123361.0,5351,172.0,513.0
444000,1674311.91,-1377012.0,board,1951.0,2026-08-05,0.0018213589959967654,2026-08-g018-2026-08-04-2834,daily_high_low_midpoint_proxy,13:30:00,1368900.0,18.55,臺企銀,08:59:00,0.01,818685223.865,45609885.6,81000,leader_entry,16.9,81000,81000,423,buy,2026-08-04,6161.0,17.05,16.75,44472287.0,2834,0.0,8112.0
3540,1669465.98,-4845.93,odd,20.0,2026-08-05,0.0007993108415359195,2026-08-g018-2026-08-04-2834,daily_high_low_midpoint_proxy,13:30:00,4803.93,18.55,臺企銀,09:00:00,0.01,818685223.865,45609885.6,283,leader_entry,16.975,81283,283,424,buy,2026-08-04,22.0,17.1,16.85,354055.0,2834,0.0,42.0
106000,347680.98,-1321785.0,board,1872.0,2026-08-11,0.0011095214545204938,2026-08-g013-2026-08-10-2615,daily_high_low_midpoint_proxy,13:30:00,1314000.0,96.2,萬海,08:59:00,0.01,900244333.8100001,10664764.25,15000,leader_entry,87.6,15000,15000,425,buy,2026-08-10,5913.0,88.8,86.4,13519342.0,2615,0.0,7785.0
1301,291164.33,-56516.65,odd,80.0,2026-08-11,0.0049264869767048644,2026-08-g013-2026-08-10-2615,daily_high_low_midpoint_proxy,13:30:00,56183.65,96.2,萬海,09:00:00,0.01,900244333.8100001,10664764.25,641,leader_entry,87.65,15641,641,426,buy,2026-08-10,253.0,88.8,86.5,130113.0,2615,0.0,333.0
