{
  "source": "artifacts/stage10_10y/topn30.json",
  "n_periods": 119,
  "full_sharpe": 1.3269053900057308,
  "full_mdd": -0.32997148002005616,
  "bootstrap": {
    "n_boot": 10000,
    "block_size_months": 3,
    "sharpe_mean": 1.3387213337314596,
    "sharpe_std": 0.3073689792193408,
    "sharpe_ci_95": [
      0.7524038327170125,
      1.9548044753583211
    ],
    "sharpe_ci_99": [
      0.5650410708575899,
      2.171855104123035
    ],
    "mdd_mean": -0.34455464590796764,
    "mdd_ci_95": [
      -0.5606422272426295,
      -0.16178952893131135
    ]
  },
  "purged_cv": {
    "test_sharpes": [
      2.2909906863665066,
      1.190608266168659,
      0.7133241820926388,
      0.3550889107051077,
      1.6182511721761639,
      1.5860436523242534,
      1.1281190781315702,
      5.545117417593774,
      2.866024749899825,
      0.6022156091196024
    ],
    "test_mean": 1.7895783724578103,
    "test_std": 1.5277874721178824,
    "test_median": 1.388325959246456
  }
}